Steppingstone sampler:						-128.31154
        No Stones:                  100						-125.973171
        Start It:                   1010001						-126.105479
        It Per Stone:               1000						-119.99089
        Sample Freq:                1						-132.505979
"        Dist:                       Beta(0.400000,1.000000)"						-121.714041
Stone No	Power	N	Stone MLh	Running MLh		-114.811462
0	0.975187	750	-2.879934	-2.879934		-116.278158
1	0.950747	750	-2.816201	-5.696135		-123.730886
2	0.926679	750	-2.775503	-8.471638		-126.27607
3	0.90298	750	-2.751332	-11.22297		-126.070967
4	0.879648	750	-2.69671	-13.91968		-126.547739
5	0.856682	750	-2.77205	-16.691729		-122.344891
6	0.834079	750	-2.710198	-19.401928		-130.848242
7	0.811838	750	-2.669182	-22.07111		-122.818035
8	0.789957	750	-2.638306	-24.709416		-130.497612
9	0.768433	750	-2.58958	-27.298996		-132.827834
10	0.747266	750	-2.574198	-29.873194		-127.330263
11	0.726452	750	-2.482241	-32.355434		-133.210476
12	0.705989	750	-2.426887	-34.782321		-130.279428
13	0.685877	750	-2.332336	-37.114658		-131.030674
14	0.666112	750	-2.311625	-39.426283		-126.878948
15	0.646693	750	-2.310903	-41.737186		-124.307569
16	0.627618	750	-2.2504	-43.987586		-131.981199
17	0.608884	750	-2.265668	-46.253254		-131.707217
18	0.59049	750	-2.132011	-48.385266		-137.88033
19	0.572433	750	-2.093057	-50.478322		-121.333164
20	0.554712	750	-2.101123	-52.579445		-128.458196
21	0.537324	750	-2.03445	-54.613895		-129.249041
22	0.520268	750	-2.039568	-56.653463		-132.358892
23	0.50354	750	-2.032624	-58.686087		-123.167115
24	0.487139	750	-1.93816	-60.624247		-134.681153
25	0.471063	750	-1.944275	-62.568522		-120.56044
26	0.45531	750	-1.94041	-64.508932		-135.47222
27	0.439877	750	-1.87281	-66.381742		-115.890128
28	0.424762	750	-1.837672	-68.219413		-124.09918
29	0.409963	750	-1.82569	-70.045103		-129.291816
30	0.395478	750	-1.773667	-71.81877		-130.010353
31	0.381305	750	-1.790905	-73.609675		-126.782381
32	0.36744	750	-1.901663	-75.511339		-122.208817
33	0.353883	750	-1.745727	-77.257066		-127.445096
34	0.34063	750	-1.667783	-78.924849		-125.62119
35	0.32768	750	-1.787881	-80.712729		-127.046232
36	0.31503	750	-1.768787	-82.481516		-134.593008
37	0.302677	750	-1.489956	-83.971472		-116.476368
38	0.290619	750	-1.558842	-85.530314		-122.0114
39	0.278855	750	-1.570776	-87.10109		-129.060428
40	0.267381	750	-1.518783	-88.619873		-131.845869
41	0.256195	750	-1.535865	-90.155738		-116.283092
42	0.245294	750	-1.507027	-91.662765		-129.34412
43	0.234677	750	-1.486316	-93.149081		-130.572896
44	0.22434	750	-1.389139	-94.53822		-127.624619
45	0.214281	750	-1.407256	-95.945476		-122.603651
46	0.204498	750	-1.390456	-97.335932		-134.909201
47	0.194988	750	-1.310081	-98.646013		-129.433336
48	0.185749	750	-1.309948	-99.95596		-142.537534
49	0.176777	750	-1.278242	-101.234203		-121.209561
50	0.16807	750	-1.181761	-102.415964		-129.990069
51	0.159626	750	-1.221417	-103.637381		-123.557626
52	0.151441	750	-1.168802	-104.806183		-127.830206
53	0.143514	750	-1.101432	-105.907615		-120.095461
54	0.135841	750	-1.134946	-107.042561		-124.014906
55	0.12842	750	-1.09484	-108.1374		-121.67959
56	0.121247	750	-1.035847	-109.173248		-131.501644
57	0.11432	750	-0.995656	-110.168904		-120.622339
58	0.107637	750	-0.9603	-111.129204		-128.540986
59	0.101193	750	-0.948491	-112.077695		-134.367141
60	0.094986	750	-0.92308	-113.000775		-125.150858
61	0.089014	750	-0.888529	-113.889304		-124.364432
62	0.083273	750	-0.883442	-114.772745		-125.195749
63	0.07776	750	-0.826944	-115.599689		-126.052834
64	0.072472	750	-0.804064	-116.403753		-126.017884
65	0.067406	750	-0.765242	-117.168995		-121.660213
66	0.062558	750	-0.736189	-117.905184		-125.678118
67	0.057926	750	-0.716106	-118.621291		-137.417375
68	0.053506	750	-0.671302	-119.292592		-132.774216
69	0.049295	750	-0.658618	-119.95121		-126.901132
70	0.045289	750	-0.651199	-120.60241		-135.602384
71	0.041485	750	-0.592918	-121.195328		-129.575125
72	0.03788	750	-0.590441	-121.785769		-121.777707
73	0.034469	750	-0.55803	-122.343799		-127.39697
74	0.03125	750	-0.523605	-122.867404		-113.510789
75	0.028218	750	-0.499227	-123.366631		-125.777716
76	0.02537	750	-0.471893	-123.838524		-121.444234
77	0.022702	750	-0.445582	-124.284106		-122.841745
78	0.020209	750	-0.426726	-124.710832		-127.322659
79	0.017889	750	-0.408611	-125.119444		-119.984194
80	0.015736	750	-0.362133	-125.481577		-123.585001
81	0.013746	750	-0.357918	-125.839495		-113.912909
82	0.011916	750	-0.314326	-126.153821		-130.240848
83	0.01024	750	-0.292339	-126.44616		-131.683672
84	0.008714	750	-0.270883	-126.717043		-133.508459
85	0.007334	750	-0.24521	-126.962254		-132.59637
86	0.006093	750	-0.234212	-127.196466		-125.520694
87	0.004988	750	-0.194081	-127.390546		-123.128057
88	0.004013	750	-0.182503	-127.573049		-124.683275
89	0.003162	750	-0.158516	-127.731565		-129.946074
90	0.00243	750	-0.131151	-127.862717		-129.413454
91	0.00181	750	-0.114261	-127.976978		-122.342822
92	0.001296	750	-0.095623	-128.0726		-128.34203
93	0.000882	750	-0.07621	-128.148811		-126.8306645
94	0.000559	750	-0.057513	-128.206324		
95	0.00032	750	-0.04637	-128.252694		
96	0.000156	750	-0.029463	-128.282157		
97	0.000057	750	-0.018692	-128.30085		
98	0.00001	750	-0.008717	-128.309567		
99	0	750	-0.001974	-128.31154		
Log marginal likelihood:	-128.31154					
0	0.975187	750	-2.800604	-2.800604		
1	0.950747	750	-2.837338	-5.637942		
2	0.926679	750	-2.703176	-8.341118		
3	0.90298	750	-2.689752	-11.030869		
4	0.879648	750	-2.67263	-13.703499		
5	0.856682	750	-2.601683	-16.305182		
6	0.834079	750	-2.606925	-18.912107		
7	0.811838	750	-2.543114	-21.455221		
8	0.789957	750	-2.480418	-23.93564		
9	0.768433	750	-2.451549	-26.387188		
10	0.747266	750	-2.407824	-28.795012		
11	0.726452	750	-2.380816	-31.175828		
12	0.705989	750	-2.351657	-33.527486		
13	0.685877	750	-2.349731	-35.877217		
14	0.666112	750	-2.297435	-38.174652		
15	0.646693	750	-2.264806	-40.439458		
16	0.627618	750	-2.216093	-42.655551		
17	0.608884	750	-2.182703	-44.838254		
18	0.59049	750	-2.133687	-46.971941		
19	0.572433	750	-2.091292	-49.063233		
20	0.554712	750	-2.049288	-51.112521		
21	0.537324	750	-2.038694	-53.151214		
22	0.520268	750	-1.970373	-55.121587		
23	0.50354	750	-1.942773	-57.06436		
24	0.487139	750	-1.918153	-58.982513		
25	0.471063	750	-1.911915	-60.894428		
26	0.45531	750	-1.881683	-62.776112		
27	0.439877	750	-1.898122	-64.674233		
28	0.424762	750	-1.83653	-66.510764		
29	0.409963	750	-1.798061	-68.308825		
30	0.395478	750	-1.776704	-70.085529		
31	0.381305	750	-1.748392	-71.833921		
32	0.36744	750	-1.720637	-73.554558		
33	0.353883	750	-1.695736	-75.250294		
34	0.34063	750	-1.60744	-76.857734		
35	0.32768	750	-1.646973	-78.504707		
36	0.31503	750	-1.629344	-80.134051		
37	0.302677	750	-1.544755	-81.678806		
38	0.290619	750	-1.519223	-83.198029		
39	0.278855	750	-1.477262	-84.675291		
40	0.267381	750	-1.54116	-86.216451		
41	0.256195	750	-1.557277	-87.773728		
42	0.245294	750	-1.525211	-89.298939		
43	0.234677	750	-1.470657	-90.769597		
44	0.22434	750	-1.40946	-92.179057		
45	0.214281	750	-1.300625	-93.479682		
46	0.204498	750	-1.387538	-94.867219		
47	0.194988	750	-1.23466	-96.101879		
48	0.185749	750	-1.373989	-97.475868		
49	0.176777	750	-1.257811	-98.733679		
50	0.16807	750	-1.27801	-100.011689		
51	0.159626	750	-1.203502	-101.215191		
52	0.151441	750	-1.160115	-102.375306		
53	0.143514	750	-1.091519	-103.466825		
54	0.135841	750	-1.117192	-104.584017		
55	0.12842	750	-1.091505	-105.675522		
56	0.121247	750	-1.039925	-106.715447		
57	0.11432	750	-0.962135	-107.677581		
58	0.107637	750	-0.968638	-108.64622		
59	0.101193	750	-0.944143	-109.590362		
60	0.094986	750	-0.930548	-110.52091		
61	0.089014	750	-0.904374	-111.425284		
62	0.083273	750	-0.901288	-112.326571		
63	0.07776	750	-0.807434	-113.134005		
64	0.072472	750	-0.827676	-113.961681		
65	0.067406	750	-0.768023	-114.729704		
66	0.062558	750	-0.746851	-115.476555		
67	0.057926	750	-0.708774	-116.185329		
68	0.053506	750	-0.691595	-116.876924		
69	0.049295	750	-0.651086	-117.528009		
70	0.045289	750	-0.630173	-118.158182		
71	0.041485	750	-0.620272	-118.778454		
72	0.03788	750	-0.604236	-119.38269		
73	0.034469	750	-0.557932	-119.940621		
74	0.03125	750	-0.537898	-120.47852		
75	0.028218	750	-0.504791	-120.98331		
76	0.02537	750	-0.485563	-121.468873		
77	0.022702	750	-0.439109	-121.907982		
78	0.020209	750	-0.426414	-122.334396		
79	0.017889	750	-0.409864	-122.74426		
80	0.015736	750	-0.377304	-123.121563		
81	0.013746	750	-0.348466	-123.470029		
82	0.011916	750	-0.318194	-123.788223		
83	0.01024	750	-0.29464	-124.082863		
84	0.008714	750	-0.279883	-124.362746		
85	0.007334	750	-0.253837	-124.616583		
86	0.006093	750	-0.231089	-124.847672		
87	0.004988	750	-0.189564	-125.037236		
88	0.004013	750	-0.184747	-125.221983		
89	0.003162	750	-0.154264	-125.376247		
90	0.00243	750	-0.135958	-125.512206		
91	0.00181	750	-0.116875	-125.62908		
92	0.001296	750	-0.094773	-125.723854		
93	0.000882	750	-0.077819	-125.801672		
94	0.000559	750	-0.066905	-125.868578		
95	0.00032	750	-0.043379	-125.911956		
96	0.000156	750	-0.031608	-125.943564		
97	0.000057	750	-0.018863	-125.962427		
98	0.00001	750	-0.008821	-125.971247		
99	0	750	-0.001924	-125.973171		
Log marginal likelihood:	-125.973171					
0	0.975187	750	-2.853935	-2.853935		
1	0.950747	750	-2.770242	-5.624177		
2	0.926679	750	-2.688712	-8.312889		
3	0.90298	750	-2.642491	-10.95538		
4	0.879648	750	-2.723034	-13.678415		
5	0.856682	750	-2.665849	-16.344264		
6	0.834079	750	-2.632894	-18.977157		
7	0.811838	750	-2.45935	-21.436507		
8	0.789957	750	-2.474148	-23.910655		
9	0.768433	750	-2.457522	-26.368177		
10	0.747266	750	-2.392852	-28.76103		
11	0.726452	750	-2.372206	-31.133236		
12	0.705989	750	-2.392228	-33.525463		
13	0.685877	750	-2.350198	-35.875662		
14	0.666112	750	-2.259891	-38.135553		
15	0.646693	750	-2.228759	-40.364313		
16	0.627618	750	-2.248165	-42.612478		
17	0.608884	750	-2.199172	-44.81165		
18	0.59049	750	-2.096901	-46.908551		
19	0.572433	750	-2.107724	-49.016275		
20	0.554712	750	-2.101541	-51.117816		
21	0.537324	750	-2.030182	-53.147998		
22	0.520268	750	-2.027998	-55.175995		
23	0.50354	750	-1.999228	-57.175223		
24	0.487139	750	-1.924503	-59.099726		
25	0.471063	750	-1.914279	-61.014006		
26	0.45531	750	-1.901283	-62.915289		
27	0.439877	750	-1.801768	-64.717057		
28	0.424762	750	-1.785552	-66.502609		
29	0.409963	750	-1.775708	-68.278317		
30	0.395478	750	-1.732057	-70.010374		
31	0.381305	750	-1.747058	-71.757433		
32	0.36744	750	-1.767374	-73.524807		
33	0.353883	750	-1.656485	-75.181292		
34	0.34063	750	-1.7114	-76.892693		
35	0.32768	750	-1.604773	-78.497466		
36	0.31503	750	-1.580008	-80.077474		
37	0.302677	750	-1.64372	-81.721194		
38	0.290619	750	-1.666074	-83.387268		
39	0.278855	750	-1.484323	-84.87159		
40	0.267381	750	-1.592395	-86.463986		
41	0.256195	750	-1.482266	-87.946251		
42	0.245294	750	-1.339301	-89.285552		
43	0.234677	750	-1.467882	-90.753434		
44	0.22434	750	-1.382339	-92.135774		
45	0.214281	750	-1.431138	-93.566912		
46	0.204498	750	-1.346378	-94.91329		
47	0.194988	750	-1.308403	-96.221693		
48	0.185749	750	-1.255075	-97.476768		
49	0.176777	750	-1.235452	-98.71222		
50	0.16807	750	-1.202474	-99.914694		
51	0.159626	750	-1.242648	-101.157342		
52	0.151441	750	-1.193263	-102.350605		
53	0.143514	750	-1.094065	-103.44467		
54	0.135841	750	-1.14059	-104.58526		
55	0.12842	750	-1.070909	-105.656169		
56	0.121247	750	-1.050961	-106.70713		
57	0.11432	750	-1.01679	-107.723919		
58	0.107637	750	-1.025581	-108.7495		
59	0.101193	750	-0.974247	-109.723747		
60	0.094986	750	-0.922556	-110.646302		
61	0.089014	750	-0.915674	-111.561977		
62	0.083273	750	-0.854097	-112.416074		
63	0.07776	750	-0.845597	-113.261671		
64	0.072472	750	-0.796989	-114.05866		
65	0.067406	750	-0.772785	-114.831445		
66	0.062558	750	-0.759969	-115.591414		
67	0.057926	750	-0.721761	-116.313175		
68	0.053506	750	-0.693925	-117.0071		
69	0.049295	750	-0.665854	-117.672953		
70	0.045289	750	-0.64976	-118.322713		
71	0.041485	750	-0.609254	-118.931967		
72	0.03788	750	-0.590255	-119.522221		
73	0.034469	750	-0.563079	-120.085301		
74	0.03125	750	-0.504462	-120.589762		
75	0.028218	750	-0.499601	-121.089363		
76	0.02537	750	-0.483915	-121.573279		
77	0.022702	750	-0.44887	-122.022149		
78	0.020209	750	-0.427211	-122.44936		
79	0.017889	750	-0.40135	-122.85071		
80	0.015736	750	-0.385642	-123.236352		
81	0.013746	750	-0.349457	-123.585809		
82	0.011916	750	-0.308034	-123.893843		
83	0.01024	750	-0.318341	-124.212184		
84	0.008714	750	-0.276815	-124.488999		
85	0.007334	750	-0.252385	-124.741383		
86	0.006093	750	-0.224336	-124.965719		
87	0.004988	750	-0.206069	-125.171788		
88	0.004013	750	-0.187142	-125.358931		
89	0.003162	750	-0.154338	-125.513269		
90	0.00243	750	-0.129145	-125.642414		
91	0.00181	750	-0.110442	-125.752856		
92	0.001296	750	-0.103211	-125.856067		
93	0.000882	750	-0.075464	-125.931531		
94	0.000559	750	-0.065732	-125.997263		
95	0.00032	750	-0.047089	-126.044352		
96	0.000156	750	-0.030856	-126.075209		
97	0.000057	750	-0.019274	-126.094483		
98	0.00001	750	-0.008818	-126.103301		
99	0	750	-0.002178	-126.105479		
Log marginal likelihood:	-126.105479					
0	0.975187	750	-2.57431	-2.57431		
1	0.950747	750	-2.58431	-5.15862		
2	0.926679	750	-2.57475	-7.73337		
3	0.90298	750	-2.444881	-10.178251		
4	0.879648	750	-2.496205	-12.674456		
5	0.856682	750	-2.430594	-15.10505		
6	0.834079	750	-2.397752	-17.502802		
7	0.811838	750	-2.358385	-19.861187		
8	0.789957	750	-2.330464	-22.191651		
9	0.768433	750	-2.317064	-24.508715		
10	0.747266	750	-2.300275	-26.80899		
11	0.726452	750	-2.17881	-28.9878		
12	0.705989	750	-2.185223	-31.173023		
13	0.685877	750	-2.244314	-33.417337		
14	0.666112	750	-2.111783	-35.52912		
15	0.646693	750	-2.164742	-37.693861		
16	0.627618	750	-2.085162	-39.779023		
17	0.608884	750	-2.017246	-41.796269		
18	0.59049	750	-2.061242	-43.857511		
19	0.572433	750	-2.010138	-45.86765		
20	0.554712	750	-1.956022	-47.823672		
21	0.537324	750	-1.980578	-49.804249		
22	0.520268	750	-1.940303	-51.744552		
23	0.50354	750	-1.908037	-53.652589		
24	0.487139	750	-1.845127	-55.497716		
25	0.471063	750	-1.852745	-57.350461		
26	0.45531	750	-1.827531	-59.177993		
27	0.439877	750	-1.748953	-60.926946		
28	0.424762	750	-1.741984	-62.66893		
29	0.409963	750	-1.724184	-64.393114		
30	0.395478	750	-1.736226	-66.12934		
31	0.381305	750	-1.650803	-67.780143		
32	0.36744	750	-1.654581	-69.434724		
33	0.353883	750	-1.621106	-71.05583		
34	0.34063	750	-1.489231	-72.54506		
35	0.32768	750	-1.548331	-74.093391		
36	0.31503	750	-1.512122	-75.605514		
37	0.302677	750	-1.522844	-77.128358		
38	0.290619	750	-1.512909	-78.641267		
39	0.278855	750	-1.44255	-80.083817		
40	0.267381	750	-1.383229	-81.467045		
41	0.256195	750	-1.453123	-82.920169		
42	0.245294	750	-1.39559	-84.315759		
43	0.234677	750	-1.343314	-85.659073		
44	0.22434	750	-1.319274	-86.978347		
45	0.214281	750	-1.308846	-88.287192		
46	0.204498	750	-1.298717	-89.58591		
47	0.194988	750	-1.315727	-90.901637		
48	0.185749	750	-1.259097	-92.160734		
49	0.176777	750	-1.232798	-93.393531		
50	0.16807	750	-1.178451	-94.571982		
51	0.159626	750	-1.189268	-95.76125		
52	0.151441	750	-1.145076	-96.906325		
53	0.143514	750	-1.13727	-98.043595		
54	0.135841	750	-1.065441	-99.109036		
55	0.12842	750	-1.030058	-100.139094		
56	0.121247	750	-1.035231	-101.174325		
57	0.11432	750	-0.991064	-102.16539		
58	0.107637	750	-0.967396	-103.132786		
59	0.101193	750	-0.92391	-104.056696		
60	0.094986	750	-0.902953	-104.959649		
61	0.089014	750	-0.873187	-105.832837		
62	0.083273	750	-0.849409	-106.682246		
63	0.07776	750	-0.830048	-107.512294		
64	0.072472	750	-0.793877	-108.306171		
65	0.067406	750	-0.761476	-109.067647		
66	0.062558	750	-0.743507	-109.811154		
67	0.057926	750	-0.69616	-110.507314		
68	0.053506	750	-0.676904	-111.184218		
69	0.049295	750	-0.633098	-111.817316		
70	0.045289	750	-0.658421	-112.475737		
71	0.041485	750	-0.588522	-113.064259		
72	0.03788	750	-0.566028	-113.630287		
73	0.034469	750	-0.545639	-114.175926		
74	0.03125	750	-0.507849	-114.683775		
75	0.028218	750	-0.477531	-115.161306		
76	0.02537	750	-0.470338	-115.631644		
77	0.022702	750	-0.460918	-116.092563		
78	0.020209	750	-0.401626	-116.494189		
79	0.017889	750	-0.379741	-116.873929		
80	0.015736	750	-0.36036	-117.23429		
81	0.013746	750	-0.331783	-117.566072		
82	0.011916	750	-0.30395	-117.870022		
83	0.01024	750	-0.288968	-118.15899		
84	0.008714	750	-0.258527	-118.417517		
85	0.007334	750	-0.244032	-118.661549		
86	0.006093	750	-0.214769	-118.876318		
87	0.004988	750	-0.196338	-119.072656		
88	0.004013	750	-0.176828	-119.249484		
89	0.003162	750	-0.157932	-119.407417		
90	0.00243	750	-0.128112	-119.535528		
91	0.00181	750	-0.118038	-119.653566		
92	0.001296	750	-0.097121	-119.750688		
93	0.000882	750	-0.071121	-119.821809		
94	0.000559	750	-0.062497	-119.884306		
95	0.00032	750	-0.047299	-119.931605		
96	0.000156	750	-0.030567	-119.962172		
97	0.000057	750	-0.018115	-119.980286		
98	0.00001	750	-0.008754	-119.989041		
99	0	750	-0.001849	-119.99089		
Log marginal likelihood:	-119.99089					
0	0.975187	750	-3.056382	-3.056382		
1	0.950747	750	-2.975432	-6.031814		
2	0.926679	750	-2.956465	-8.988279		
3	0.90298	750	-2.900814	-11.889093		
4	0.879648	750	-2.865705	-14.754798		
5	0.856682	750	-2.809275	-17.564073		
6	0.834079	750	-2.761514	-20.325588		
7	0.811838	750	-2.717764	-23.043351		
8	0.789957	750	-2.683691	-25.727042		
9	0.768433	750	-2.709221	-28.436263		
10	0.747266	750	-2.638511	-31.074775		
11	0.726452	750	-2.608924	-33.683699		
12	0.705989	750	-2.512365	-36.196064		
13	0.685877	750	-2.459783	-38.655847		
14	0.666112	750	-2.503614	-41.159462		
15	0.646693	750	-2.409877	-43.569339		
16	0.627618	750	-2.376793	-45.946132		
17	0.608884	750	-2.313891	-48.260023		
18	0.59049	750	-2.279123	-50.539145		
19	0.572433	750	-2.249522	-52.788667		
20	0.554712	750	-2.206705	-54.995373		
21	0.537324	750	-2.166809	-57.162182		
22	0.520268	750	-2.14564	-59.307821		
23	0.50354	750	-2.097958	-61.405779		
24	0.487139	750	-2.061297	-63.467076		
25	0.471063	750	-2.017471	-65.484547		
26	0.45531	750	-2.01853	-67.503077		
27	0.439877	750	-1.984563	-69.487639		
28	0.424762	750	-1.944806	-71.432445		
29	0.409963	750	-1.898124	-73.330569		
30	0.395478	750	-1.82734	-75.157909		
31	0.381305	750	-1.807949	-76.965858		
32	0.36744	750	-1.822146	-78.788003		
33	0.353883	750	-1.723083	-80.511086		
34	0.34063	750	-1.720353	-82.23144		
35	0.32768	750	-1.784996	-84.016435		
36	0.31503	750	-1.685343	-85.701778		
37	0.302677	750	-1.667047	-87.368825		
38	0.290619	750	-1.681688	-89.050513		
39	0.278855	750	-1.589281	-90.639794		
40	0.267381	750	-1.594885	-92.23468		
41	0.256195	750	-1.496943	-93.731623		
42	0.245294	750	-1.489274	-95.220897		
43	0.234677	750	-1.45185	-96.672747		
44	0.22434	750	-1.459109	-98.131855		
45	0.214281	750	-1.430331	-99.562186		
46	0.204498	750	-1.384896	-100.947082		
47	0.194988	750	-1.414064	-102.361147		
48	0.185749	750	-1.321866	-103.683013		
49	0.176777	750	-1.309683	-104.992696		
50	0.16807	750	-1.212062	-106.204758		
51	0.159626	750	-1.233772	-107.438531		
52	0.151441	750	-1.166076	-108.604607		
53	0.143514	750	-1.145562	-109.750169		
54	0.135841	750	-1.115814	-110.865983		
55	0.12842	750	-1.095047	-111.96103		
56	0.121247	750	-1.07313	-113.03416		
57	0.11432	750	-1.001204	-114.035364		
58	0.107637	750	-1.016374	-115.051738		
59	0.101193	750	-0.936654	-115.988393		
60	0.094986	750	-0.958115	-116.946508		
61	0.089014	750	-0.914078	-117.860586		
62	0.083273	750	-0.863151	-118.723737		
63	0.07776	750	-0.847647	-119.571384		
64	0.072472	750	-0.801534	-120.372918		
65	0.067406	750	-0.787918	-121.160836		
66	0.062558	750	-0.761201	-121.922037		
67	0.057926	750	-0.714827	-122.636864		
68	0.053506	750	-0.699761	-123.336625		
69	0.049295	750	-0.681427	-124.018052		
70	0.045289	750	-0.648111	-124.666164		
71	0.041485	750	-0.603694	-125.269858		
72	0.03788	750	-0.586085	-125.855943		
73	0.034469	750	-0.566249	-126.422192		
74	0.03125	750	-0.530699	-126.952891		
75	0.028218	750	-0.518514	-127.471405		
76	0.02537	750	-0.476992	-127.948397		
77	0.022702	750	-0.477274	-128.425672		
78	0.020209	750	-0.432091	-128.857763		
79	0.017889	750	-0.404984	-129.262747		
80	0.015736	750	-0.373312	-129.636058		
81	0.013746	750	-0.348557	-129.984615		
82	0.011916	750	-0.331122	-130.315737		
83	0.01024	750	-0.297449	-130.613186		
84	0.008714	750	-0.280155	-130.893341		
85	0.007334	750	-0.249618	-131.14296		
86	0.006093	750	-0.225091	-131.36805		
87	0.004988	750	-0.204783	-131.572834		
88	0.004013	750	-0.1805	-131.753334		
89	0.003162	750	-0.151568	-131.904902		
90	0.00243	750	-0.134323	-132.039225		
91	0.00181	750	-0.122412	-132.161637		
92	0.001296	750	-0.10143	-132.263068		
93	0.000882	750	-0.07453	-132.337598		
94	0.000559	750	-0.059117	-132.396715		
95	0.00032	750	-0.046026	-132.442741		
96	0.000156	750	-0.031364	-132.474106		
97	0.000057	750	-0.02049	-132.494596		
98	0.00001	750	-0.009478	-132.504074		
99	0	750	-0.001904	-132.505979		
Log marginal likelihood:	-132.505979					
0	0.975187	750	-2.657236	-2.657236		
1	0.950747	750	-2.615429	-5.272666		
2	0.926679	750	-2.575606	-7.848272		
3	0.90298	750	-2.525428	-10.3737		
4	0.879648	750	-2.49286	-12.86656		
5	0.856682	750	-2.46953	-15.33609		
6	0.834079	750	-2.500295	-17.836385		
7	0.811838	750	-2.367798	-20.204183		
8	0.789957	750	-2.318145	-22.522328		
9	0.768433	750	-2.365582	-24.88791		
10	0.747266	750	-2.324048	-27.211958		
11	0.726452	750	-2.348263	-29.560221		
12	0.705989	750	-2.177637	-31.737858		
13	0.685877	750	-2.19515	-33.933008		
14	0.666112	750	-2.133329	-36.066337		
15	0.646693	750	-2.173789	-38.240126		
16	0.627618	750	-2.198765	-40.438891		
17	0.608884	750	-2.128609	-42.5675		
18	0.59049	750	-2.060662	-44.628162		
19	0.572433	750	-2.031459	-46.659621		
20	0.554712	750	-2.034988	-48.694609		
21	0.537324	750	-1.950824	-50.645433		
22	0.520268	750	-1.99103	-52.636463		
23	0.50354	750	-1.885487	-54.521951		
24	0.487139	750	-1.889704	-56.411654		
25	0.471063	750	-1.850734	-58.262388		
26	0.45531	750	-1.820166	-60.082554		
27	0.439877	750	-1.848934	-61.931488		
28	0.424762	750	-1.77641	-63.707898		
29	0.409963	750	-1.710227	-65.418125		
30	0.395478	750	-1.713824	-67.131949		
31	0.381305	750	-1.700357	-68.832306		
32	0.36744	750	-1.660941	-70.493248		
33	0.353883	750	-1.591018	-72.084265		
34	0.34063	750	-1.651822	-73.736087		
35	0.32768	750	-1.579297	-75.315385		
36	0.31503	750	-1.572944	-76.888329		
37	0.302677	750	-1.501144	-78.389473		
38	0.290619	750	-1.495815	-79.885288		
39	0.278855	750	-1.587621	-81.472908		
40	0.267381	750	-1.421704	-82.894613		
41	0.256195	750	-1.430414	-84.325026		
42	0.245294	750	-1.404661	-85.729687		
43	0.234677	750	-1.38707	-87.116757		
44	0.22434	750	-1.423218	-88.539976		
45	0.214281	750	-1.382594	-89.922569		
46	0.204498	750	-1.285228	-91.207797		
47	0.194988	750	-1.282769	-92.490566		
48	0.185749	750	-1.139945	-93.630511		
49	0.176777	750	-1.153296	-94.783807		
50	0.16807	750	-1.238757	-96.022564		
51	0.159626	750	-1.099125	-97.121689		
52	0.151441	750	-1.104557	-98.226246		
53	0.143514	750	-1.148025	-99.374272		
54	0.135841	750	-1.120102	-100.494373		
55	0.12842	750	-1.076527	-101.5709		
56	0.121247	750	-1.006574	-102.577474		
57	0.11432	750	-1.011113	-103.588587		
58	0.107637	750	-0.982346	-104.570933		
59	0.101193	750	-0.932245	-105.503179		
60	0.094986	750	-0.906051	-106.40923		
61	0.089014	750	-0.888618	-107.297847		
62	0.083273	750	-0.838657	-108.136505		
63	0.07776	750	-0.836057	-108.972562		
64	0.072472	750	-0.796229	-109.768791		
65	0.067406	750	-0.768851	-110.537642		
66	0.062558	750	-0.772116	-111.309758		
67	0.057926	750	-0.699049	-112.008807		
68	0.053506	750	-0.69019	-112.698996		
69	0.049295	750	-0.631095	-113.330091		
70	0.045289	750	-0.626369	-113.95646		
71	0.041485	750	-0.593745	-114.550205		
72	0.03788	750	-0.579564	-115.129769		
73	0.034469	750	-0.557549	-115.687318		
74	0.03125	750	-0.535996	-116.223314		
75	0.028218	750	-0.498752	-116.722065		
76	0.02537	750	-0.51272	-117.234785		
77	0.022702	750	-0.4508	-117.685584		
78	0.020209	750	-0.423188	-118.108773		
79	0.017889	750	-0.396279	-118.505052		
80	0.015736	750	-0.37345	-118.878502		
81	0.013746	750	-0.341684	-119.220186		
82	0.011916	750	-0.337489	-119.557676		
83	0.01024	750	-0.282636	-119.840312		
84	0.008714	750	-0.279244	-120.119556		
85	0.007334	750	-0.246499	-120.366055		
86	0.006093	750	-0.225333	-120.591388		
87	0.004988	750	-0.198718	-120.790106		
88	0.004013	750	-0.168804	-120.95891		
89	0.003162	750	-0.16006	-121.118969		
90	0.00243	750	-0.135975	-121.254944		
91	0.00181	750	-0.115736	-121.370681		
92	0.001296	750	-0.096581	-121.467262		
93	0.000882	750	-0.078773	-121.546035		
94	0.000559	750	-0.063176	-121.609211		
95	0.00032	750	-0.043935	-121.653145		
96	0.000156	750	-0.031984	-121.68513		
97	0.000057	750	-0.018429	-121.703559		
98	0.00001	750	-0.008626	-121.712185		
99	0	750	-0.001856	-121.714041		
Log marginal likelihood:	-121.714041					
0	0.975187	750	-2.475415	-2.475415		
1	0.950747	750	-2.451679	-4.927095		
2	0.926679	750	-2.415066	-7.342161		
3	0.90298	750	-2.375265	-9.717425		
4	0.879648	750	-2.427247	-12.144673		
5	0.856682	750	-2.347752	-14.492424		
6	0.834079	750	-2.243654	-16.736079		
7	0.811838	750	-2.283319	-19.019397		
8	0.789957	750	-2.184758	-21.204156		
9	0.768433	750	-2.22493	-23.429086		
10	0.747266	750	-2.153054	-25.58214		
11	0.726452	750	-2.138611	-27.720751		
12	0.705989	750	-2.049698	-29.770449		
13	0.685877	750	-2.078941	-31.84939		
14	0.666112	750	-2.051609	-33.900999		
15	0.646693	750	-2.015927	-35.916926		
16	0.627618	750	-1.979289	-37.896214		
17	0.608884	750	-2.015493	-39.911708		
18	0.59049	750	-1.91209	-41.823798		
19	0.572433	750	-1.9158	-43.739598		
20	0.554712	750	-1.857236	-45.596834		
21	0.537324	750	-1.810218	-47.407051		
22	0.520268	750	-1.793105	-49.200157		
23	0.50354	750	-1.769542	-50.969699		
24	0.487139	750	-1.759088	-52.728787		
25	0.471063	750	-1.684985	-54.413772		
26	0.45531	750	-1.714611	-56.128383		
27	0.439877	750	-1.654199	-57.782582		
28	0.424762	750	-1.564109	-59.346691		
29	0.409963	750	-1.564535	-60.911226		
30	0.395478	750	-1.594655	-62.505881		
31	0.381305	750	-1.530665	-64.036547		
32	0.36744	750	-1.548954	-65.5855		
33	0.353883	750	-1.4939	-67.0794		
34	0.34063	750	-1.495492	-68.574892		
35	0.32768	750	-1.40214	-69.977032		
36	0.31503	750	-1.472099	-71.449132		
37	0.302677	750	-1.396656	-72.845787		
38	0.290619	750	-1.436778	-74.282566		
39	0.278855	750	-1.35468	-75.637246		
40	0.267381	750	-1.435995	-77.073241		
41	0.256195	750	-1.345436	-78.418677		
42	0.245294	750	-1.321598	-79.740275		
43	0.234677	750	-1.35082	-81.091095		
44	0.22434	750	-1.339078	-82.430174		
45	0.214281	750	-1.215119	-83.645293		
46	0.204498	750	-1.231498	-84.876791		
47	0.194988	750	-1.237308	-86.114098		
48	0.185749	750	-1.17734	-87.291438		
49	0.176777	750	-1.204837	-88.496275		
50	0.16807	750	-1.128489	-89.624764		
51	0.159626	750	-1.079754	-90.704519		
52	0.151441	750	-1.100005	-91.804523		
53	0.143514	750	-1.115851	-92.920374		
54	0.135841	750	-1.049954	-93.970329		
55	0.12842	750	-1.020982	-94.99131		
56	0.121247	750	-0.991472	-95.982783		
57	0.11432	750	-0.964976	-96.947758		
58	0.107637	750	-0.940705	-97.888464		
59	0.101193	750	-0.894318	-98.782782		
60	0.094986	750	-0.855187	-99.637969		
61	0.089014	750	-0.897953	-100.535922		
62	0.083273	750	-0.853519	-101.389441		
63	0.07776	750	-0.837779	-102.227221		
64	0.072472	750	-0.790669	-103.017889		
65	0.067406	750	-0.780509	-103.798398		
66	0.062558	750	-0.726242	-104.524641		
67	0.057926	750	-0.69448	-105.219121		
68	0.053506	750	-0.693063	-105.912184		
69	0.049295	750	-0.632599	-106.544783		
70	0.045289	750	-0.639851	-107.184634		
71	0.041485	750	-0.585009	-107.769643		
72	0.03788	750	-0.562483	-108.332127		
73	0.034469	750	-0.554989	-108.887116		
74	0.03125	750	-0.534455	-109.421571		
75	0.028218	750	-0.491039	-109.912611		
76	0.02537	750	-0.492259	-110.40487		
77	0.022702	750	-0.443874	-110.848745		
78	0.020209	750	-0.416268	-111.265012		
79	0.017889	750	-0.385166	-111.650178		
80	0.015736	750	-0.361685	-112.011863		
81	0.013746	750	-0.334791	-112.346654		
82	0.011916	750	-0.312303	-112.658956		
83	0.01024	750	-0.296538	-112.955494		
84	0.008714	750	-0.265419	-113.220914		
85	0.007334	750	-0.247608	-113.468522		
86	0.006093	750	-0.217095	-113.685617		
87	0.004988	750	-0.195949	-113.881565		
88	0.004013	750	-0.178876	-114.060441		
89	0.003162	750	-0.168529	-114.22897		
90	0.00243	750	-0.136454	-114.365424		
91	0.00181	750	-0.107491	-114.472915		
92	0.001296	750	-0.096387	-114.569302		
93	0.000882	750	-0.077978	-114.64728		
94	0.000559	750	-0.062593	-114.709873		
95	0.00032	750	-0.044393	-114.754266		
96	0.000156	750	-0.028536	-114.782802		
97	0.000057	750	-0.018338	-114.80114		
98	0.00001	750	-0.008472	-114.809612		
99	0	750	-0.00185	-114.811462		
Log marginal likelihood:	-114.811462					
0	0.975187	750	-2.531371	-2.531371		
1	0.950747	750	-2.594848	-5.126219		
2	0.926679	750	-2.476032	-7.602251		
3	0.90298	750	-2.427667	-10.029918		
4	0.879648	750	-2.464718	-12.494636		
5	0.856682	750	-2.38675	-14.881386		
6	0.834079	750	-2.330229	-17.211616		
7	0.811838	750	-2.33163	-19.543246		
8	0.789957	750	-2.266352	-21.809598		
9	0.768433	750	-2.231471	-24.041069		
10	0.747266	750	-2.185394	-26.226463		
11	0.726452	750	-2.244315	-28.470778		
12	0.705989	750	-2.178671	-30.649449		
13	0.685877	750	-2.106949	-32.756398		
14	0.666112	750	-2.072302	-34.8287		
15	0.646693	750	-2.041641	-36.870341		
16	0.627618	750	-2.035427	-38.905768		
17	0.608884	750	-1.97562	-40.881389		
18	0.59049	750	-1.934442	-42.81583		
19	0.572433	750	-1.943562	-44.759393		
20	0.554712	750	-1.891129	-46.650522		
21	0.537324	750	-1.863795	-48.514317		
22	0.520268	750	-1.840542	-50.354859		
23	0.50354	750	-1.814166	-52.169026		
24	0.487139	750	-1.761218	-53.930244		
25	0.471063	750	-1.798578	-55.728822		
26	0.45531	750	-1.719568	-57.44839		
27	0.439877	750	-1.649941	-59.098331		
28	0.424762	750	-1.678398	-60.776729		
29	0.409963	750	-1.643141	-62.419869		
30	0.395478	750	-1.584623	-64.004493		
31	0.381305	750	-1.615155	-65.619648		
32	0.36744	750	-1.549054	-67.168701		
33	0.353883	750	-1.526454	-68.695155		
34	0.34063	750	-1.519823	-70.214978		
35	0.32768	750	-1.486295	-71.701273		
36	0.31503	750	-1.478961	-73.180234		
37	0.302677	750	-1.388676	-74.56891		
38	0.290619	750	-1.393705	-75.962615		
39	0.278855	750	-1.402838	-77.365453		
40	0.267381	750	-1.502747	-78.8682		
41	0.256195	750	-1.355889	-80.22409		
42	0.245294	750	-1.436092	-81.660182		
43	0.234677	750	-1.245812	-82.905994		
44	0.22434	750	-1.309491	-84.215485		
45	0.214281	750	-1.229437	-85.444922		
46	0.204498	750	-1.196469	-86.641392		
47	0.194988	750	-1.1895	-87.830891		
48	0.185749	750	-1.172909	-89.003801		
49	0.176777	750	-1.140392	-90.144193		
50	0.16807	750	-1.170435	-91.314628		
51	0.159626	750	-1.147127	-92.461755		
52	0.151441	750	-1.07477	-93.536525		
53	0.143514	750	-1.061029	-94.597554		
54	0.135841	750	-1.064502	-95.662056		
55	0.12842	750	-1.022705	-96.684761		
56	0.121247	750	-1.024636	-97.709397		
57	0.11432	750	-0.968447	-98.677845		
58	0.107637	750	-0.936138	-99.613982		
59	0.101193	750	-0.902514	-100.516496		
60	0.094986	750	-0.871663	-101.388159		
61	0.089014	750	-0.865306	-102.253465		
62	0.083273	750	-0.849742	-103.103208		
63	0.07776	750	-0.803081	-103.906289		
64	0.072472	750	-0.766252	-104.67254		
65	0.067406	750	-0.780279	-105.452819		
66	0.062558	750	-0.717429	-106.170248		
67	0.057926	750	-0.698192	-106.86844		
68	0.053506	750	-0.654616	-107.523056		
69	0.049295	750	-0.637354	-108.16041		
70	0.045289	750	-0.584996	-108.745406		
71	0.041485	750	-0.590649	-109.336055		
72	0.03788	750	-0.558557	-109.894612		
73	0.034469	750	-0.532255	-110.426867		
74	0.03125	750	-0.499376	-110.926243		
75	0.028218	750	-0.481383	-111.407626		
76	0.02537	750	-0.465006	-111.872633		
77	0.022702	750	-0.44634	-112.318973		
78	0.020209	750	-0.409194	-112.728167		
79	0.017889	750	-0.391222	-113.119389		
80	0.015736	750	-0.36513	-113.484519		
81	0.013746	750	-0.345407	-113.829926		
82	0.011916	750	-0.298899	-114.128825		
83	0.01024	750	-0.303122	-114.431947		
84	0.008714	750	-0.269459	-114.701406		
85	0.007334	750	-0.241907	-114.943313		
86	0.006093	750	-0.216239	-115.159552		
87	0.004988	750	-0.200576	-115.360128		
88	0.004013	750	-0.182691	-115.542819		
89	0.003162	750	-0.156975	-115.699794		
90	0.00243	750	-0.131683	-115.831478		
91	0.00181	750	-0.120812	-115.95229		
92	0.001296	750	-0.091104	-116.043394		
93	0.000882	750	-0.075623	-116.119017		
94	0.000559	750	-0.056405	-116.175422		
95	0.00032	750	-0.044247	-116.219668		
96	0.000156	750	-0.031314	-116.250982		
97	0.000057	750	-0.01713	-116.268112		
98	0.00001	750	-0.008176	-116.276288		
99	0	750	-0.001871	-116.278158		
Log marginal likelihood:	-116.278158					
0	0.975187	750	-2.771746	-2.771746		
1	0.950747	750	-2.728822	-5.500568		
2	0.926679	750	-2.702137	-8.202705		
3	0.90298	750	-2.709492	-10.912197		
4	0.879648	750	-2.600731	-13.512928		
5	0.856682	750	-2.642082	-16.15501		
6	0.834079	750	-2.560018	-18.715029		
7	0.811838	750	-2.558908	-21.273936		
8	0.789957	750	-2.448914	-23.722851		
9	0.768433	750	-2.46309	-26.185941		
10	0.747266	750	-2.43893	-28.624871		
11	0.726452	750	-2.364244	-30.989115		
12	0.705989	750	-2.369582	-33.358697		
13	0.685877	750	-2.319177	-35.677874		
14	0.666112	750	-2.283179	-37.961053		
15	0.646693	750	-2.231377	-40.19243		
16	0.627618	750	-2.211029	-42.403459		
17	0.608884	750	-2.21182	-44.615279		
18	0.59049	750	-2.098147	-46.713426		
19	0.572433	750	-2.094069	-48.807494		
20	0.554712	750	-2.060078	-50.867572		
21	0.537324	750	-2.036456	-52.904028		
22	0.520268	750	-2.052141	-54.95617		
23	0.50354	750	-1.959691	-56.915861		
24	0.487139	750	-1.928106	-58.843967		
25	0.471063	750	-1.875505	-60.719472		
26	0.45531	750	-1.825498	-62.54497		
27	0.439877	750	-1.839073	-64.384043		
28	0.424762	750	-1.838324	-66.222367		
29	0.409963	750	-1.946875	-68.169243		
30	0.395478	750	-1.736104	-69.905347		
31	0.381305	750	-1.690933	-71.59628		
32	0.36744	750	-1.629437	-73.225717		
33	0.353883	750	-1.639148	-74.864865		
34	0.34063	750	-1.631593	-76.496458		
35	0.32768	750	-1.569384	-78.065841		
36	0.31503	750	-1.533763	-79.599604		
37	0.302677	750	-1.557286	-81.156891		
38	0.290619	750	-1.518475	-82.675365		
39	0.278855	750	-1.471518	-84.146883		
40	0.267381	750	-1.41215	-85.559033		
41	0.256195	750	-1.360999	-86.920032		
42	0.245294	750	-1.382631	-88.302663		
43	0.234677	750	-1.318519	-89.621181		
44	0.22434	750	-1.292455	-90.913637		
45	0.214281	750	-1.260448	-92.174085		
46	0.204498	750	-1.303803	-93.477888		
47	0.194988	750	-1.278265	-94.756153		
48	0.185749	750	-1.238369	-95.994522		
49	0.176777	750	-1.182893	-97.177414		
50	0.16807	750	-1.238216	-98.41563		
51	0.159626	750	-1.168121	-99.583751		
52	0.151441	750	-1.088403	-100.672154		
53	0.143514	750	-1.123148	-101.795302		
54	0.135841	750	-1.031301	-102.826602		
55	0.12842	750	-1.050168	-103.876771		
56	0.121247	750	-1.003007	-104.879778		
57	0.11432	750	-1.024076	-105.903854		
58	0.107637	750	-0.978607	-106.882461		
59	0.101193	750	-0.958442	-107.840903		
60	0.094986	750	-0.916607	-108.75751		
61	0.089014	750	-0.883879	-109.641389		
62	0.083273	750	-0.811756	-110.453144		
63	0.07776	750	-0.810453	-111.263597		
64	0.072472	750	-0.784732	-112.048329		
65	0.067406	750	-0.761345	-112.809674		
66	0.062558	750	-0.693062	-113.502736		
67	0.057926	750	-0.706064	-114.208801		
68	0.053506	750	-0.671437	-114.880237		
69	0.049295	750	-0.660051	-115.540288		
70	0.045289	750	-0.623971	-116.164259		
71	0.041485	750	-0.610238	-116.774497		
72	0.03788	750	-0.566838	-117.341335		
73	0.034469	750	-0.523084	-117.864419		
74	0.03125	750	-0.50567	-118.370089		
75	0.028218	750	-0.506913	-118.877001		
76	0.02537	750	-0.462015	-119.339016		
77	0.022702	750	-0.425209	-119.764224		
78	0.020209	750	-0.407857	-120.172082		
79	0.017889	750	-0.38599	-120.558072		
80	0.015736	750	-0.361911	-120.919983		
81	0.013746	750	-0.334375	-121.254358		
82	0.011916	750	-0.330808	-121.585167		
83	0.01024	750	-0.287416	-121.872582		
84	0.008714	750	-0.2677	-122.140282		
85	0.007334	750	-0.256699	-122.396981		
86	0.006093	750	-0.218112	-122.615093		
87	0.004988	750	-0.192545	-122.807638		
88	0.004013	750	-0.181623	-122.989261		
89	0.003162	750	-0.15308	-123.142341		
90	0.00243	750	-0.133176	-123.275517		
91	0.00181	750	-0.121473	-123.396991		
92	0.001296	750	-0.091598	-123.488589		
93	0.000882	750	-0.074851	-123.56344		
94	0.000559	750	-0.059369	-123.622809		
95	0.00032	750	-0.045906	-123.668715		
96	0.000156	750	-0.032115	-123.70083		
97	0.000057	750	-0.0189	-123.71973		
98	0.00001	750	-0.009328	-123.729059		
99	0	750	-0.001827	-123.730886		
Log marginal likelihood:	-123.730886					
0	0.975187	750	-2.87556	-2.87556		
1	0.950747	750	-2.745604	-5.621164		
2	0.926679	750	-2.78029	-8.401454		
3	0.90298	750	-2.729469	-11.130923		
4	0.879648	750	-2.660075	-13.790998		
5	0.856682	750	-2.595286	-16.386284		
6	0.834079	750	-2.540296	-18.926581		
7	0.811838	750	-2.53116	-21.457741		
8	0.789957	750	-2.525279	-23.98302		
9	0.768433	750	-2.468678	-26.451698		
10	0.747266	750	-2.399879	-28.851577		
11	0.726452	750	-2.425802	-31.277379		
12	0.705989	750	-2.409764	-33.687143		
13	0.685877	750	-2.355278	-36.042421		
14	0.666112	750	-2.305325	-38.347746		
15	0.646693	750	-2.202234	-40.54998		
16	0.627618	750	-2.213964	-42.763944		
17	0.608884	750	-2.164761	-44.928706		
18	0.59049	750	-2.165557	-47.094263		
19	0.572433	750	-2.184826	-49.279089		
20	0.554712	750	-2.061172	-51.340261		
21	0.537324	750	-2.050887	-53.391149		
22	0.520268	750	-2.011587	-55.402736		
23	0.50354	750	-1.971591	-57.374327		
24	0.487139	750	-1.929898	-59.304225		
25	0.471063	750	-1.958805	-61.26303		
26	0.45531	750	-1.895022	-63.158052		
27	0.439877	750	-1.825348	-64.9834		
28	0.424762	750	-1.886084	-66.869483		
29	0.409963	750	-1.78332	-68.652803		
30	0.395478	750	-1.777942	-70.430745		
31	0.381305	750	-1.730933	-72.161679		
32	0.36744	750	-1.729798	-73.891477		
33	0.353883	750	-1.690136	-75.581613		
34	0.34063	750	-1.654563	-77.236177		
35	0.32768	750	-1.618965	-78.855142		
36	0.31503	750	-1.53808	-80.393222		
37	0.302677	750	-1.677735	-82.070957		
38	0.290619	750	-1.610984	-83.681941		
39	0.278855	750	-1.523372	-85.205313		
40	0.267381	750	-1.45857	-86.663883		
41	0.256195	750	-1.485702	-88.149585		
42	0.245294	750	-1.465219	-89.614804		
43	0.234677	750	-1.400217	-91.015021		
44	0.22434	750	-1.391552	-92.406573		
45	0.214281	750	-1.349239	-93.755812		
46	0.204498	750	-1.388939	-95.144752		
47	0.194988	750	-1.316397	-96.461148		
48	0.185749	750	-1.309486	-97.770634		
49	0.176777	750	-1.275824	-99.046458		
50	0.16807	750	-1.262225	-100.308683		
51	0.159626	750	-1.224473	-101.533156		
52	0.151441	750	-1.168244	-102.7014		
53	0.143514	750	-1.166408	-103.867808		
54	0.135841	750	-1.129766	-104.997575		
55	0.12842	750	-1.08211	-106.079685		
56	0.121247	750	-1.041555	-107.12124		
57	0.11432	750	-1.013724	-108.134964		
58	0.107637	750	-0.986768	-109.121732		
59	0.101193	750	-0.958859	-110.080592		
60	0.094986	750	-0.918446	-110.999038		
61	0.089014	750	-0.874701	-111.873739		
62	0.083273	750	-0.874985	-112.748724		
63	0.07776	750	-0.832042	-113.580766		
64	0.072472	750	-0.815053	-114.395819		
65	0.067406	750	-0.780165	-115.175984		
66	0.062558	750	-0.731594	-115.907578		
67	0.057926	750	-0.70716	-116.614738		
68	0.053506	750	-0.687403	-117.302141		
69	0.049295	750	-0.643903	-117.946044		
70	0.045289	750	-0.632251	-118.578295		
71	0.041485	750	-0.600543	-119.178838		
72	0.03788	750	-0.583653	-119.762491		
73	0.034469	750	-0.570376	-120.332867		
74	0.03125	750	-0.53336	-120.866228		
75	0.028218	750	-0.487986	-121.354214		
76	0.02537	750	-0.462612	-121.816826		
77	0.022702	750	-0.444584	-122.26141		
78	0.020209	750	-0.421206	-122.682617		
79	0.017889	750	-0.407039	-123.089655		
80	0.015736	750	-0.370058	-123.459713		
81	0.013746	750	-0.329739	-123.789452		
82	0.011916	750	-0.316024	-124.105477		
83	0.01024	750	-0.281646	-124.387122		
84	0.008714	750	-0.273678	-124.6608		
85	0.007334	750	-0.262839	-124.923639		
86	0.006093	750	-0.2267	-125.15034		
87	0.004988	750	-0.192754	-125.343094		
88	0.004013	750	-0.179872	-125.522966		
89	0.003162	750	-0.156302	-125.679268		
90	0.00243	750	-0.142829	-125.822097		
91	0.00181	750	-0.109879	-125.931976		
92	0.001296	750	-0.100516	-126.032492		
93	0.000882	750	-0.079963	-126.112455		
94	0.000559	750	-0.058842	-126.171297		
95	0.00032	750	-0.044663	-126.215959		
96	0.000156	750	-0.031398	-126.247357		
97	0.000057	750	-0.018599	-126.265956		
98	0.00001	750	-0.008159	-126.274115		
99	0	750	-0.001955	-126.27607		
Log marginal likelihood:	-126.27607					
0	0.975187	750	-2.800633	-2.800633		
1	0.950747	750	-2.726828	-5.52746		
2	0.926679	750	-2.691597	-8.219058		
3	0.90298	750	-2.718293	-10.93735		
4	0.879648	750	-2.649985	-13.587335		
5	0.856682	750	-2.587131	-16.174466		
6	0.834079	750	-2.593445	-18.767911		
7	0.811838	750	-2.554138	-21.322049		
8	0.789957	750	-2.489497	-23.811546		
9	0.768433	750	-2.523915	-26.335461		
10	0.747266	750	-2.423756	-28.759216		
11	0.726452	750	-2.382446	-31.141662		
12	0.705989	750	-2.361478	-33.50314		
13	0.685877	750	-2.276889	-35.780029		
14	0.666112	750	-2.265544	-38.045573		
15	0.646693	750	-2.270141	-40.315714		
16	0.627618	750	-2.236747	-42.552461		
17	0.608884	750	-2.152979	-44.70544		
18	0.59049	750	-2.153267	-46.858707		
19	0.572433	750	-2.137584	-48.996291		
20	0.554712	750	-2.093025	-51.089316		
21	0.537324	750	-2.000268	-53.089584		
22	0.520268	750	-1.978391	-55.067975		
23	0.50354	750	-1.976333	-57.044308		
24	0.487139	750	-1.937844	-58.982152		
25	0.471063	750	-1.865186	-60.847338		
26	0.45531	750	-1.831661	-62.678999		
27	0.439877	750	-1.88133	-64.56033		
28	0.424762	750	-1.788476	-66.348806		
29	0.409963	750	-1.802005	-68.150811		
30	0.395478	750	-1.79411	-69.944922		
31	0.381305	750	-1.701827	-71.646749		
32	0.36744	750	-1.764473	-73.411221		
33	0.353883	750	-1.70991	-75.121131		
34	0.34063	750	-1.667871	-76.789003		
35	0.32768	750	-1.617408	-78.40641		
36	0.31503	750	-1.65517	-80.06158		
37	0.302677	750	-1.599073	-81.660653		
38	0.290619	750	-1.517823	-83.178476		
39	0.278855	750	-1.610305	-84.788781		
40	0.267381	750	-1.634333	-86.423114		
41	0.256195	750	-1.469115	-87.892229		
42	0.245294	750	-1.553069	-89.445298		
43	0.234677	750	-1.428523	-90.873821		
44	0.22434	750	-1.442599	-92.31642		
45	0.214281	750	-1.411904	-93.728324		
46	0.204498	750	-1.406592	-95.134915		
47	0.194988	750	-1.340769	-96.475685		
48	0.185749	750	-1.256984	-97.732668		
49	0.176777	750	-1.263881	-98.99655		
50	0.16807	750	-1.189692	-100.186242		
51	0.159626	750	-1.217097	-101.403339		
52	0.151441	750	-1.136929	-102.540268		
53	0.143514	750	-1.150946	-103.691215		
54	0.135841	750	-1.128516	-104.819731		
55	0.12842	750	-1.09039	-105.910121		
56	0.121247	750	-1.019425	-106.929546		
57	0.11432	750	-1.012496	-107.942042		
58	0.107637	750	-0.985168	-108.92721		
59	0.101193	750	-0.931982	-109.859192		
60	0.094986	750	-0.918164	-110.777356		
61	0.089014	750	-0.89272	-111.670076		
62	0.083273	750	-0.914131	-112.584207		
63	0.07776	750	-0.80067	-113.384877		
64	0.072472	750	-0.791837	-114.176714		
65	0.067406	750	-0.770082	-114.946796		
66	0.062558	750	-0.732992	-115.679788		
67	0.057926	750	-0.735102	-116.41489		
68	0.053506	750	-0.687971	-117.102861		
69	0.049295	750	-0.672443	-117.775304		
70	0.045289	750	-0.623921	-118.399225		
71	0.041485	750	-0.595689	-118.994914		
72	0.03788	750	-0.564363	-119.559277		
73	0.034469	750	-0.561397	-120.120674		
74	0.03125	750	-0.529691	-120.650366		
75	0.028218	750	-0.517911	-121.168277		
76	0.02537	750	-0.467958	-121.636235		
77	0.022702	750	-0.439049	-122.075284		
78	0.020209	750	-0.416317	-122.491601		
79	0.017889	750	-0.391024	-122.882625		
80	0.015736	750	-0.373753	-123.256378		
81	0.013746	750	-0.338895	-123.595273		
82	0.011916	750	-0.329833	-123.925106		
83	0.01024	750	-0.298908	-124.224014		
84	0.008714	750	-0.261613	-124.485627		
85	0.007334	750	-0.236116	-124.721743		
86	0.006093	750	-0.212791	-124.934534		
87	0.004988	750	-0.198813	-125.133348		
88	0.004013	750	-0.18981	-125.323158		
89	0.003162	750	-0.164224	-125.487382		
90	0.00243	750	-0.134472	-125.621855		
91	0.00181	750	-0.118636	-125.74049		
92	0.001296	750	-0.096319	-125.836809		
93	0.000882	750	-0.070755	-125.907564		
94	0.000559	750	-0.060742	-125.968306		
95	0.00032	750	-0.043497	-126.011802		
96	0.000156	750	-0.030837	-126.042639		
97	0.000057	750	-0.017595	-126.060234		
98	0.00001	750	-0.008856	-126.069089		
99	0	750	-0.001878	-126.070967		
Log marginal likelihood:	-126.070967					
0	0.975187	750	-2.738137	-2.738137		
1	0.950747	750	-2.683598	-5.421735		
2	0.926679	750	-2.687283	-8.109018		
3	0.90298	750	-2.656766	-10.765785		
4	0.879648	750	-2.584145	-13.34993		
5	0.856682	750	-2.538794	-15.888724		
6	0.834079	750	-2.498032	-18.386756		
7	0.811838	750	-2.472315	-20.859071		
8	0.789957	750	-2.445089	-23.30416		
9	0.768433	750	-2.38087	-25.68503		
10	0.747266	750	-2.363886	-28.048916		
11	0.726452	750	-2.320177	-30.369093		
12	0.705989	750	-2.299261	-32.668354		
13	0.685877	750	-2.237519	-34.905873		
14	0.666112	750	-2.261236	-37.167109		
15	0.646693	750	-2.195696	-39.362805		
16	0.627618	750	-2.173865	-41.53667		
17	0.608884	750	-2.11649	-43.65316		
18	0.59049	750	-2.079871	-45.733031		
19	0.572433	750	-2.076232	-47.809262		
20	0.554712	750	-1.989924	-49.799187		
21	0.537324	750	-2.001788	-51.800974		
22	0.520268	750	-1.942396	-53.74337		
23	0.50354	750	-2.154539	-55.897909		
24	0.487139	750	-1.90914	-57.807049		
25	0.471063	750	-1.923516	-59.730565		
26	0.45531	750	-1.904983	-61.635548		
27	0.439877	750	-1.796688	-63.432236		
28	0.424762	750	-1.850757	-65.282993		
29	0.409963	750	-2.011012	-67.294005		
30	0.395478	750	-1.975094	-69.2691		
31	0.381305	750	-1.980876	-71.249975		
32	0.36744	750	-1.878052	-73.128027		
33	0.353883	750	-1.871697	-74.999724		
34	0.34063	750	-1.847622	-76.847346		
35	0.32768	750	-1.709806	-78.557152		
36	0.31503	750	-1.472694	-80.029846		
37	0.302677	750	-1.591816	-81.621662		
38	0.290619	750	-1.678753	-83.300416		
39	0.278855	750	-1.65974	-84.960156		
40	0.267381	750	-1.586908	-86.547064		
41	0.256195	750	-1.578657	-88.12572		
42	0.245294	750	-1.536721	-89.662441		
43	0.234677	750	-1.501857	-91.164298		
44	0.22434	750	-1.409723	-92.574021		
45	0.214281	750	-1.404299	-93.97832		
46	0.204498	750	-1.384528	-95.362848		
47	0.194988	750	-1.333784	-96.696632		
48	0.185749	750	-1.305644	-98.002276		
49	0.176777	750	-1.280034	-99.282309		
50	0.16807	750	-1.253545	-100.535854		
51	0.159626	750	-1.211369	-101.747224		
52	0.151441	750	-1.171063	-102.918287		
53	0.143514	750	-1.151653	-104.06994		
54	0.135841	750	-1.109336	-105.179276		
55	0.12842	750	-1.071953	-106.251229		
56	0.121247	750	-1.085738	-107.336967		
57	0.11432	750	-1.032223	-108.36919		
58	0.107637	750	-0.989785	-109.358975		
59	0.101193	750	-0.936295	-110.29527		
60	0.094986	750	-0.912697	-111.207967		
61	0.089014	750	-0.908038	-112.116005		
62	0.083273	750	-0.851446	-112.967451		
63	0.07776	750	-0.834886	-113.802337		
64	0.072472	750	-0.823376	-114.625713		
65	0.067406	750	-0.758987	-115.3847		
66	0.062558	750	-0.751749	-116.136449		
67	0.057926	750	-0.731411	-116.86786		
68	0.053506	750	-0.660306	-117.528166		
69	0.049295	750	-0.662779	-118.190945		
70	0.045289	750	-0.618407	-118.809353		
71	0.041485	750	-0.613074	-119.422426		
72	0.03788	750	-0.565082	-119.987509		
73	0.034469	750	-0.572267	-120.559776		
74	0.03125	750	-0.550748	-121.110524		
75	0.028218	750	-0.475693	-121.586217		
76	0.02537	750	-0.47879	-122.065007		
77	0.022702	750	-0.442499	-122.507506		
78	0.020209	750	-0.433998	-122.941504		
79	0.017889	750	-0.394101	-123.335605		
80	0.015736	750	-0.356204	-123.69181		
81	0.013746	750	-0.337001	-124.02881		
82	0.011916	750	-0.307613	-124.336424		
83	0.01024	750	-0.304316	-124.640739		
84	0.008714	750	-0.277434	-124.918173		
85	0.007334	750	-0.251139	-125.169312		
86	0.006093	750	-0.255096	-125.424409		
87	0.004988	750	-0.207069	-125.631478		
88	0.004013	750	-0.162018	-125.793496		
89	0.003162	750	-0.163008	-125.956504		
90	0.00243	750	-0.135409	-126.091913		
91	0.00181	750	-0.113426	-126.205339		
92	0.001296	750	-0.095017	-126.300356		
93	0.000882	750	-0.085425	-126.385781		
94	0.000559	750	-0.060417	-126.446197		
95	0.00032	750	-0.041232	-126.48743		
96	0.000156	750	-0.031429	-126.518859		
97	0.000057	750	-0.018411	-126.53727		
98	0.00001	750	-0.00865	-126.54592		
99	0	750	-0.001819	-126.547739		
Log marginal likelihood:	-126.547739					
0	0.975187	750	-2.728665	-2.728665		
1	0.950747	750	-2.641322	-5.369988		
2	0.926679	750	-2.59398	-7.963968		
3	0.90298	750	-2.582347	-10.546315		
4	0.879648	750	-2.55477	-13.101085		
5	0.856682	750	-2.536644	-15.637729		
6	0.834079	750	-2.475062	-18.112791		
7	0.811838	750	-2.437265	-20.550057		
8	0.789957	750	-2.369616	-22.919672		
9	0.768433	750	-2.392935	-25.312607		
10	0.747266	750	-2.301372	-27.613979		
11	0.726452	750	-2.322735	-29.936715		
12	0.705989	750	-2.288479	-32.225194		
13	0.685877	750	-2.248879	-34.474073		
14	0.666112	750	-2.21706	-36.691133		
15	0.646693	750	-2.200178	-38.891312		
16	0.627618	750	-2.182602	-41.073914		
17	0.608884	750	-2.118345	-43.192259		
18	0.59049	750	-2.061652	-45.25391		
19	0.572433	750	-2.037332	-47.291243		
20	0.554712	750	-2.037459	-49.328701		
21	0.537324	750	-2.007439	-51.33614		
22	0.520268	750	-1.990882	-53.327023		
23	0.50354	750	-1.942597	-55.26962		
24	0.487139	750	-1.871404	-57.141024		
25	0.471063	750	-1.908853	-59.049877		
26	0.45531	750	-1.864838	-60.914716		
27	0.439877	750	-1.773912	-62.688627		
28	0.424762	750	-1.784586	-64.473213		
29	0.409963	750	-1.7656	-66.238813		
30	0.395478	750	-1.718093	-67.956906		
31	0.381305	750	-1.678506	-69.635412		
32	0.36744	750	-1.695745	-71.331157		
33	0.353883	750	-1.696433	-73.027589		
34	0.34063	750	-1.582471	-74.61006		
35	0.32768	750	-1.673752	-76.283812		
36	0.31503	750	-1.609004	-77.892816		
37	0.302677	750	-1.548305	-79.44112		
38	0.290619	750	-1.538188	-80.979309		
39	0.278855	750	-1.464698	-82.444006		
40	0.267381	750	-1.448103	-83.89211		
41	0.256195	750	-1.451705	-85.343815		
42	0.245294	750	-1.406216	-86.750031		
43	0.234677	750	-1.392551	-88.142582		
44	0.22434	750	-1.434225	-89.576807		
45	0.214281	750	-1.303515	-90.880322		
46	0.204498	750	-1.29228	-92.172603		
47	0.194988	750	-1.298352	-93.470955		
48	0.185749	750	-1.226082	-94.697036		
49	0.176777	750	-1.219774	-95.916811		
50	0.16807	750	-1.170215	-97.087025		
51	0.159626	750	-1.126136	-98.213162		
52	0.151441	750	-1.123534	-99.336696		
53	0.143514	750	-1.135693	-100.472389		
54	0.135841	750	-1.089667	-101.562056		
55	0.12842	750	-1.063109	-102.625165		
56	0.121247	750	-1.011651	-103.636816		
57	0.11432	750	-1.003383	-104.640199		
58	0.107637	750	-0.949844	-105.590043		
59	0.101193	750	-0.919121	-106.509164		
60	0.094986	750	-0.898333	-107.407497		
61	0.089014	750	-0.861382	-108.268878		
62	0.083273	750	-0.845603	-109.114482		
63	0.07776	750	-0.835037	-109.949518		
64	0.072472	750	-0.780151	-110.729669		
65	0.067406	750	-0.779998	-111.509667		
66	0.062558	750	-0.716001	-112.225668		
67	0.057926	750	-0.713043	-112.938711		
68	0.053506	750	-0.677856	-113.616567		
69	0.049295	750	-0.645823	-114.26239		
70	0.045289	750	-0.605575	-114.867965		
71	0.041485	750	-0.591851	-115.459816		
72	0.03788	750	-0.566087	-116.025904		
73	0.034469	750	-0.561478	-116.587382		
74	0.03125	750	-0.501955	-117.089337		
75	0.028218	750	-0.493314	-117.582651		
76	0.02537	750	-0.45996	-118.042611		
77	0.022702	750	-0.42842	-118.471031		
78	0.020209	750	-0.411964	-118.882994		
79	0.017889	750	-0.383278	-119.266273		
80	0.015736	750	-0.363188	-119.62946		
81	0.013746	750	-0.335875	-119.965335		
82	0.011916	750	-0.314197	-120.279532		
83	0.01024	750	-0.289179	-120.568711		
84	0.008714	750	-0.251733	-120.820444		
85	0.007334	750	-0.227474	-121.047917		
86	0.006093	750	-0.215148	-121.263065		
87	0.004988	750	-0.190972	-121.454038		
88	0.004013	750	-0.171	-121.625038		
89	0.003162	750	-0.149321	-121.774359		
90	0.00243	750	-0.127957	-121.902316		
91	0.00181	750	-0.110683	-122.012999		
92	0.001296	750	-0.092764	-122.105764		
93	0.000882	750	-0.077455	-122.183219		
94	0.000559	750	-0.060866	-122.244084		
95	0.00032	750	-0.042281	-122.286365		
96	0.000156	750	-0.029927	-122.316292		
97	0.000057	750	-0.017941	-122.334234		
98	0.00001	750	-0.008694	-122.342928		
99	0	750	-0.001963	-122.344891		
Log marginal likelihood:	-122.344891					
0	0.975187	750	-2.948501	-2.948501		
1	0.950747	750	-2.908201	-5.856703		
2	0.926679	750	-2.860424	-8.717127		
3	0.90298	750	-2.833168	-11.550294		
4	0.879648	750	-2.785582	-14.335876		
5	0.856682	750	-2.749667	-17.085542		
6	0.834079	750	-2.725929	-19.811471		
7	0.811838	750	-2.661185	-22.472656		
8	0.789957	750	-2.622307	-25.094963		
9	0.768433	750	-2.616488	-27.711451		
10	0.747266	750	-2.525904	-30.237355		
11	0.726452	750	-2.499387	-32.736742		
12	0.705989	750	-2.537094	-35.273836		
13	0.685877	750	-2.472097	-37.745933		
14	0.666112	750	-2.385424	-40.131357		
15	0.646693	750	-2.332628	-42.463985		
16	0.627618	750	-2.296343	-44.760328		
17	0.608884	750	-2.301619	-47.061948		
18	0.59049	750	-2.216413	-49.278361		
19	0.572433	750	-2.187708	-51.466069		
20	0.554712	750	-2.143304	-53.609374		
21	0.537324	750	-2.157276	-55.76665		
22	0.520268	750	-2.071769	-57.838418		
23	0.50354	750	-2.081331	-59.91975		
24	0.487139	750	-2.20613	-62.12588		
25	0.471063	750	-2.059804	-64.185684		
26	0.45531	750	-2.090826	-66.27651		
27	0.439877	750	-1.899511	-68.176021		
28	0.424762	750	-1.965098	-70.141119		
29	0.409963	750	-2.007816	-72.148935		
30	0.395478	750	-1.808508	-73.957444		
31	0.381305	750	-1.809515	-75.766959		
32	0.36744	750	-1.79379	-77.560748		
33	0.353883	750	-1.751086	-79.311835		
34	0.34063	750	-1.785724	-81.097559		
35	0.32768	750	-1.7285	-82.826059		
36	0.31503	750	-1.730407	-84.556466		
37	0.302677	750	-1.656739	-86.213205		
38	0.290619	750	-1.643215	-87.85642		
39	0.278855	750	-1.638452	-89.494873		
40	0.267381	750	-1.601166	-91.096039		
41	0.256195	750	-1.550953	-92.646992		
42	0.245294	750	-1.491893	-94.138885		
43	0.234677	750	-1.455741	-95.594626		
44	0.22434	750	-1.393862	-96.988488		
45	0.214281	750	-1.406805	-98.395292		
46	0.204498	750	-1.366116	-99.761408		
47	0.194988	750	-1.316227	-101.077635		
48	0.185749	750	-1.277296	-102.354931		
49	0.176777	750	-1.285703	-103.640633		
50	0.16807	750	-1.239665	-104.880298		
51	0.159626	750	-1.199392	-106.07969		
52	0.151441	750	-1.167166	-107.246856		
53	0.143514	750	-1.133971	-108.380827		
54	0.135841	750	-1.079448	-109.460276		
55	0.12842	750	-1.086378	-110.546653		
56	0.121247	750	-1.084329	-111.630982		
57	0.11432	750	-1.015194	-112.646176		
58	0.107637	750	-0.992517	-113.638693		
59	0.101193	750	-0.964057	-114.60275		
60	0.094986	750	-0.917279	-115.520029		
61	0.089014	750	-0.900198	-116.420226		
62	0.083273	750	-0.861649	-117.281875		
63	0.07776	750	-0.817988	-118.099863		
64	0.072472	750	-0.80439	-118.904253		
65	0.067406	750	-0.769018	-119.673271		
66	0.062558	750	-0.743232	-120.416502		
67	0.057926	750	-0.711609	-121.128112		
68	0.053506	750	-0.696002	-121.824113		
69	0.049295	750	-0.637993	-122.462106		
70	0.045289	750	-0.62419	-123.086297		
71	0.041485	750	-0.614368	-123.700665		
72	0.03788	750	-0.573622	-124.274286		
73	0.034469	750	-0.535694	-124.80998		
74	0.03125	750	-0.521045	-125.331026		
75	0.028218	750	-0.498228	-125.829254		
76	0.02537	750	-0.458679	-126.287933		
77	0.022702	750	-0.459527	-126.74746		
78	0.020209	750	-0.408591	-127.156051		
79	0.017889	750	-0.417433	-127.573485		
80	0.015736	750	-0.364538	-127.938023		
81	0.013746	750	-0.344099	-128.282122		
82	0.011916	750	-0.343602	-128.625724		
83	0.01024	750	-0.274629	-128.900353		
84	0.008714	750	-0.306122	-129.206475		
85	0.007334	750	-0.2494	-129.455875		
86	0.006093	750	-0.228916	-129.684791		
87	0.004988	750	-0.204011	-129.888802		
88	0.004013	750	-0.179103	-130.067905		
89	0.003162	750	-0.161805	-130.22971		
90	0.00243	750	-0.139425	-130.369135		
91	0.00181	750	-0.112895	-130.48203		
92	0.001296	750	-0.099647	-130.581676		
93	0.000882	750	-0.087194	-130.668871		
94	0.000559	750	-0.066013	-130.734884		
95	0.00032	750	-0.049873	-130.784756		
96	0.000156	750	-0.033196	-130.817952		
97	0.000057	750	-0.020005	-130.837957		
98	0.00001	750	-0.008462	-130.846419		
99	0	750	-0.001823	-130.848242		
Log marginal likelihood:	-130.848242					
0	0.975187	750	-2.711173	-2.711173		
1	0.950747	750	-2.648695	-5.359868		
2	0.926679	750	-2.567947	-7.927815		
3	0.90298	750	-2.606018	-10.533833		
4	0.879648	750	-2.547142	-13.080975		
5	0.856682	750	-2.509768	-15.590743		
6	0.834079	750	-2.466884	-18.057627		
7	0.811838	750	-2.444653	-20.50228		
8	0.789957	750	-2.392219	-22.894498		
9	0.768433	750	-2.381085	-25.275583		
10	0.747266	750	-2.349357	-27.62494		
11	0.726452	750	-2.378613	-30.003554		
12	0.705989	750	-2.224676	-32.22823		
13	0.685877	750	-2.234856	-34.463086		
14	0.666112	750	-2.2502	-36.713286		
15	0.646693	750	-2.209878	-38.923164		
16	0.627618	750	-2.193127	-41.116291		
17	0.608884	750	-2.089825	-43.206117		
18	0.59049	750	-2.091443	-45.297559		
19	0.572433	750	-2.075869	-47.373428		
20	0.554712	750	-2.01234	-49.385768		
21	0.537324	750	-1.985724	-51.371492		
22	0.520268	750	-1.999743	-53.371234		
23	0.50354	750	-1.917661	-55.288895		
24	0.487139	750	-1.890949	-57.179844		
25	0.471063	750	-1.888359	-59.068203		
26	0.45531	750	-1.870693	-60.938896		
27	0.439877	750	-1.814041	-62.752937		
28	0.424762	750	-1.727417	-64.480354		
29	0.409963	750	-1.85327	-66.333624		
30	0.395478	750	-1.752179	-68.085803		
31	0.381305	750	-1.654821	-69.740623		
32	0.36744	750	-1.73049	-71.471113		
33	0.353883	750	-1.65384	-73.124953		
34	0.34063	750	-1.633362	-74.758315		
35	0.32768	750	-1.732124	-76.490439		
36	0.31503	750	-1.586041	-78.07648		
37	0.302677	750	-1.622884	-79.699364		
38	0.290619	750	-1.509222	-81.208587		
39	0.278855	750	-1.543773	-82.75236		
40	0.267381	750	-1.478126	-84.230486		
41	0.256195	750	-1.470881	-85.701367		
42	0.245294	750	-1.372735	-87.074102		
43	0.234677	750	-1.450408	-88.52451		
44	0.22434	750	-1.36618	-89.890691		
45	0.214281	750	-1.29588	-91.186571		
46	0.204498	750	-1.343568	-92.530139		
47	0.194988	750	-1.281506	-93.811644		
48	0.185749	750	-1.238876	-95.050521		
49	0.176777	750	-1.248463	-96.298984		
50	0.16807	750	-1.18451	-97.483494		
51	0.159626	750	-1.175978	-98.659472		
52	0.151441	750	-1.150862	-99.810333		
53	0.143514	750	-1.129836	-100.940169		
54	0.135841	750	-1.072991	-102.01316		
55	0.12842	750	-1.029117	-103.042277		
56	0.121247	750	-1.016361	-104.058638		
57	0.11432	750	-0.983641	-105.042279		
58	0.107637	750	-0.954212	-105.996491		
59	0.101193	750	-0.956411	-106.952902		
60	0.094986	750	-0.913968	-107.86687		
61	0.089014	750	-0.864799	-108.73167		
62	0.083273	750	-0.834953	-109.566623		
63	0.07776	750	-0.832599	-110.399222		
64	0.072472	750	-0.784336	-111.183558		
65	0.067406	750	-0.748779	-111.932337		
66	0.062558	750	-0.742358	-112.674696		
67	0.057926	750	-0.704001	-113.378697		
68	0.053506	750	-0.661565	-114.040262		
69	0.049295	750	-0.639629	-114.679891		
70	0.045289	750	-0.612872	-115.292763		
71	0.041485	750	-0.593506	-115.886269		
72	0.03788	750	-0.566128	-116.452397		
73	0.034469	750	-0.54427	-116.996667		
74	0.03125	750	-0.51231	-117.508977		
75	0.028218	750	-0.485582	-117.994559		
76	0.02537	750	-0.462123	-118.456682		
77	0.022702	750	-0.439362	-118.896044		
78	0.020209	750	-0.410876	-119.306921		
79	0.017889	750	-0.379145	-119.686065		
80	0.015736	750	-0.372469	-120.058534		
81	0.013746	750	-0.326681	-120.385215		
82	0.011916	750	-0.310362	-120.695577		
83	0.01024	750	-0.286521	-120.982098		
84	0.008714	750	-0.256752	-121.238851		
85	0.007334	750	-0.238824	-121.477674		
86	0.006093	750	-0.213232	-121.690906		
87	0.004988	750	-0.195809	-121.886714		
88	0.004013	750	-0.174552	-122.061267		
89	0.003162	750	-0.158557	-122.219824		
90	0.00243	750	-0.138437	-122.358261		
91	0.00181	750	-0.11732	-122.475581		
92	0.001296	750	-0.097426	-122.573007		
93	0.000882	750	-0.075738	-122.648745		
94	0.000559	750	-0.05896	-122.707705		
95	0.00032	750	-0.04526	-122.752964		
96	0.000156	750	-0.035776	-122.78874		
97	0.000057	750	-0.018696	-122.807437		
98	0.00001	750	-0.008819	-122.816256		
99	0	750	-0.001779	-122.818035		
Log marginal likelihood:	-122.818035					
0	0.975187	750	-2.965309	-2.965309		
1	0.950747	750	-2.844361	-5.80967		
2	0.926679	750	-2.812236	-8.621906		
3	0.90298	750	-2.831904	-11.45381		
4	0.879648	750	-2.755702	-14.209512		
5	0.856682	750	-2.720464	-16.929976		
6	0.834079	750	-2.673823	-19.603799		
7	0.811838	750	-2.617564	-22.221363		
8	0.789957	750	-2.567581	-24.788944		
9	0.768433	750	-2.599937	-27.388881		
10	0.747266	750	-2.494227	-29.883108		
11	0.726452	750	-2.441579	-32.324688		
12	0.705989	750	-2.442111	-34.766799		
13	0.685877	750	-2.381758	-37.148556		
14	0.666112	750	-2.364036	-39.512593		
15	0.646693	750	-2.374229	-41.886821		
16	0.627618	750	-2.32228	-44.209102		
17	0.608884	750	-2.327312	-46.536414		
18	0.59049	750	-2.273069	-48.809482		
19	0.572433	750	-2.139582	-50.949064		
20	0.554712	750	-2.146171	-53.095235		
21	0.537324	750	-2.123604	-55.218839		
22	0.520268	750	-2.093387	-57.312227		
23	0.50354	750	-2.036315	-59.348541		
24	0.487139	750	-2.002395	-61.350936		
25	0.471063	750	-1.996469	-63.347405		
26	0.45531	750	-1.965492	-65.312896		
27	0.439877	750	-1.89611	-67.209006		
28	0.424762	750	-1.892033	-69.101039		
29	0.409963	750	-1.997687	-71.098726		
30	0.395478	750	-1.868031	-72.966757		
31	0.381305	750	-1.995162	-74.961919		
32	0.36744	750	-1.83813	-76.800049		
33	0.353883	750	-1.75982	-78.559869		
34	0.34063	750	-1.848819	-80.408688		
35	0.32768	750	-1.663821	-82.072509		
36	0.31503	750	-1.607731	-83.68024		
37	0.302677	750	-1.679546	-85.359785		
38	0.290619	750	-1.64954	-87.009325		
39	0.278855	750	-1.603122	-88.612447		
40	0.267381	750	-1.570039	-90.182486		
41	0.256195	750	-1.507406	-91.689892		
42	0.245294	750	-1.520836	-93.210728		
43	0.234677	750	-1.546112	-94.75684		
44	0.22434	750	-1.417206	-96.174045		
45	0.214281	750	-1.437032	-97.611077		
46	0.204498	750	-1.395419	-99.006496		
47	0.194988	750	-1.324984	-100.33148		
48	0.185749	750	-1.314726	-101.646205		
49	0.176777	750	-1.300892	-102.947097		
50	0.16807	750	-1.26918	-104.216277		
51	0.159626	750	-1.217216	-105.433494		
52	0.151441	750	-1.214833	-106.648327		
53	0.143514	750	-1.157217	-107.805544		
54	0.135841	750	-1.087727	-108.893271		
55	0.12842	750	-1.105655	-109.998926		
56	0.121247	750	-1.059969	-111.058895		
57	0.11432	750	-1.025342	-112.084237		
58	0.107637	750	-0.984223	-113.06846		
59	0.101193	750	-0.974066	-114.042526		
60	0.094986	750	-0.931106	-114.973632		
61	0.089014	750	-0.921841	-115.895474		
62	0.083273	750	-0.902567	-116.798041		
63	0.07776	750	-0.850387	-117.648428		
64	0.072472	750	-0.806668	-118.455095		
65	0.067406	750	-0.77442	-119.229515		
66	0.062558	750	-0.7506	-119.980115		
67	0.057926	750	-0.727082	-120.707198		
68	0.053506	750	-0.68011	-121.387307		
69	0.049295	750	-0.666077	-122.053385		
70	0.045289	750	-0.630285	-122.68367		
71	0.041485	750	-0.620953	-123.304623		
72	0.03788	750	-0.598496	-123.903119		
73	0.034469	750	-0.547852	-124.450971		
74	0.03125	750	-0.532868	-124.983839		
75	0.028218	750	-0.497323	-125.481162		
76	0.02537	750	-0.479081	-125.960243		
77	0.022702	750	-0.452828	-126.413071		
78	0.020209	750	-0.430527	-126.843599		
79	0.017889	750	-0.420817	-127.264416		
80	0.015736	750	-0.363599	-127.628015		
81	0.013746	750	-0.334014	-127.962029		
82	0.011916	750	-0.320457	-128.282486		
83	0.01024	750	-0.310612	-128.593098		
84	0.008714	750	-0.28479	-128.877887		
85	0.007334	750	-0.248186	-129.126073		
86	0.006093	750	-0.238448	-129.364522		
87	0.004988	750	-0.200681	-129.565202		
88	0.004013	750	-0.184123	-129.749326		
89	0.003162	750	-0.158256	-129.907582		
90	0.00243	750	-0.128873	-130.036454		
91	0.00181	750	-0.117966	-130.154421		
92	0.001296	750	-0.095247	-130.249668		
93	0.000882	750	-0.077571	-130.327238		
94	0.000559	750	-0.063242	-130.39048		
95	0.00032	750	-0.045246	-130.435727		
96	0.000156	750	-0.032422	-130.468148		
97	0.000057	750	-0.018095	-130.486244		
98	0.00001	750	-0.009326	-130.49557		
99	0	750	-0.002042	-130.497612		
Log marginal likelihood:	-130.497612					
0	0.975187	750	-3.053299	-3.053299		
1	0.950747	750	-2.997967	-6.051266		
2	0.926679	750	-2.932316	-8.983583		
3	0.90298	750	-2.979571	-11.963154		
4	0.879648	750	-2.8444	-14.807553		
5	0.856682	750	-2.796633	-17.604186		
6	0.834079	750	-2.773807	-20.377993		
7	0.811838	750	-2.871613	-23.249605		
8	0.789957	750	-2.74087	-25.990475		
9	0.768433	750	-2.663309	-28.653784		
10	0.747266	750	-2.63052	-31.284304		
11	0.726452	750	-2.595981	-33.880285		
12	0.705989	750	-2.605796	-36.486081		
13	0.685877	750	-2.547486	-39.033567		
14	0.666112	750	-2.504863	-41.53843		
15	0.646693	750	-2.424239	-43.962669		
16	0.627618	750	-2.452653	-46.415322		
17	0.608884	750	-2.348433	-48.763755		
18	0.59049	750	-2.291629	-51.055384		
19	0.572433	750	-2.306834	-53.362218		
20	0.554712	750	-2.236449	-55.598667		
21	0.537324	750	-2.222211	-57.820878		
22	0.520268	750	-2.16555	-59.986427		
23	0.50354	750	-2.127105	-62.113532		
24	0.487139	750	-2.145147	-64.258679		
25	0.471063	750	-2.003138	-66.261818		
26	0.45531	750	-2.025264	-68.287082		
27	0.439877	750	-2.008436	-70.295518		
28	0.424762	750	-1.972335	-72.267853		
29	0.409963	750	-1.907263	-74.175116		
30	0.395478	750	-1.845149	-76.020265		
31	0.381305	750	-1.848288	-77.868553		
32	0.36744	750	-1.852759	-79.721311		
33	0.353883	750	-1.773249	-81.49456		
34	0.34063	750	-1.71637	-83.21093		
35	0.32768	750	-1.736573	-84.947503		
36	0.31503	750	-1.719808	-86.667311		
37	0.302677	750	-1.646034	-88.313345		
38	0.290619	750	-1.64681	-89.960155		
39	0.278855	750	-1.632264	-91.592419		
40	0.267381	750	-1.547903	-93.140322		
41	0.256195	750	-1.532547	-94.672869		
42	0.245294	750	-1.482051	-96.154919		
43	0.234677	750	-1.442128	-97.597047		
44	0.22434	750	-1.419099	-99.016147		
45	0.214281	750	-1.417185	-100.433331		
46	0.204498	750	-1.38588	-101.819211		
47	0.194988	750	-1.299799	-103.11901		
48	0.185749	750	-1.309574	-104.428584		
49	0.176777	750	-1.273784	-105.702368		
50	0.16807	750	-1.233874	-106.936242		
51	0.159626	750	-1.199464	-108.135706		
52	0.151441	750	-1.175702	-109.311408		
53	0.143514	750	-1.143662	-110.45507		
54	0.135841	750	-1.095869	-111.550939		
55	0.12842	750	-1.085295	-112.636235		
56	0.121247	750	-1.063374	-113.699608		
57	0.11432	750	-0.998431	-114.69804		
58	0.107637	750	-0.955057	-115.653097		
59	0.101193	750	-0.94118	-116.594276		
60	0.094986	750	-0.90415	-117.498427		
61	0.089014	750	-0.91051	-118.408937		
62	0.083273	750	-0.854607	-119.263543		
63	0.07776	750	-0.829225	-120.092768		
64	0.072472	750	-0.818995	-120.911762		
65	0.067406	750	-0.759073	-121.670835		
66	0.062558	750	-0.736204	-122.407039		
67	0.057926	750	-0.716575	-123.123613		
68	0.053506	750	-0.70015	-123.823763		
69	0.049295	750	-0.663221	-124.486985		
70	0.045289	750	-0.631322	-125.118307		
71	0.041485	750	-0.5985	-125.716806		
72	0.03788	750	-0.577238	-126.294044		
73	0.034469	750	-0.555409	-126.849453		
74	0.03125	750	-0.531029	-127.380482		
75	0.028218	750	-0.503154	-127.883635		
76	0.02537	750	-0.470505	-128.35414		
77	0.022702	750	-0.440765	-128.794905		
78	0.020209	750	-0.410468	-129.205373		
79	0.017889	750	-0.396161	-129.601534		
80	0.015736	750	-0.360647	-129.962181		
81	0.013746	750	-0.35778	-130.319962		
82	0.011916	750	-0.322599	-130.642561		
83	0.01024	750	-0.299471	-130.942032		
84	0.008714	750	-0.26141	-131.203442		
85	0.007334	750	-0.243193	-131.446635		
86	0.006093	750	-0.225548	-131.672182		
87	0.004988	750	-0.208021	-131.880203		
88	0.004013	750	-0.186694	-132.066897		
89	0.003162	750	-0.159207	-132.226104		
90	0.00243	750	-0.133121	-132.359225		
91	0.00181	750	-0.12508	-132.484306		
92	0.001296	750	-0.097987	-132.582292		
93	0.000882	750	-0.080463	-132.662756		
94	0.000559	750	-0.06245	-132.725205		
95	0.00032	750	-0.044291	-132.769496		
96	0.000156	750	-0.02969	-132.799186		
97	0.000057	750	-0.017651	-132.816838		
98	0.00001	750	-0.008867	-132.825705		
99	0	750	-0.002129	-132.827834		
Log marginal likelihood:	-132.827834					
0	0.975187	750	-2.837195	-2.837195		
1	0.950747	750	-2.763387	-5.600582		
2	0.926679	750	-2.748964	-8.349546		
3	0.90298	750	-2.678903	-11.028448		
4	0.879648	750	-2.665552	-13.694		
5	0.856682	750	-2.634965	-16.328966		
6	0.834079	750	-2.557801	-18.886767		
7	0.811838	750	-2.531845	-21.418612		
8	0.789957	750	-2.54025	-23.958862		
9	0.768433	750	-2.53459	-26.493452		
10	0.747266	750	-2.453597	-28.947049		
11	0.726452	750	-2.365024	-31.312073		
12	0.705989	750	-2.363226	-33.675299		
13	0.685877	750	-2.326823	-36.002122		
14	0.666112	750	-2.304504	-38.306625		
15	0.646693	750	-2.264042	-40.570667		
16	0.627618	750	-2.201938	-42.772605		
17	0.608884	750	-2.258535	-45.03114		
18	0.59049	750	-2.13709	-47.16823		
19	0.572433	750	-2.151182	-49.319413		
20	0.554712	750	-2.097298	-51.416711		
21	0.537324	750	-2.046879	-53.46359		
22	0.520268	750	-2.084457	-55.548047		
23	0.50354	750	-1.993474	-57.54152		
24	0.487139	750	-1.970357	-59.511877		
25	0.471063	750	-1.887143	-61.39902		
26	0.45531	750	-1.905091	-63.30411		
27	0.439877	750	-1.850616	-65.154726		
28	0.424762	750	-1.951333	-67.10606		
29	0.409963	750	-1.835494	-68.941554		
30	0.395478	750	-1.943994	-70.885548		
31	0.381305	750	-1.804625	-72.690173		
32	0.36744	750	-1.803245	-74.493418		
33	0.353883	750	-1.777174	-76.270592		
34	0.34063	750	-1.659799	-77.930391		
35	0.32768	750	-1.675585	-79.605976		
36	0.31503	750	-1.681856	-81.287831		
37	0.302677	750	-1.576659	-82.864491		
38	0.290619	750	-1.662515	-84.527006		
39	0.278855	750	-1.622868	-86.149874		
40	0.267381	750	-1.588779	-87.738653		
41	0.256195	750	-1.528046	-89.266699		
42	0.245294	750	-1.544231	-90.81093		
43	0.234677	750	-1.436871	-92.247801		
44	0.22434	750	-1.366481	-93.614282		
45	0.214281	750	-1.345537	-94.959819		
46	0.204498	750	-1.413249	-96.373068		
47	0.194988	750	-1.340397	-97.713465		
48	0.185749	750	-1.315363	-99.028828		
49	0.176777	750	-1.27803	-100.306858		
50	0.16807	750	-1.224598	-101.531457		
51	0.159626	750	-1.180072	-102.711529		
52	0.151441	750	-1.208279	-103.919808		
53	0.143514	750	-1.147957	-105.067765		
54	0.135841	750	-1.125523	-106.193288		
55	0.12842	750	-1.083873	-107.277161		
56	0.121247	750	-1.049787	-108.326949		
57	0.11432	750	-0.996776	-109.323725		
58	0.107637	750	-0.982912	-110.306637		
59	0.101193	750	-0.948508	-111.255145		
60	0.094986	750	-0.896126	-112.15127		
61	0.089014	750	-0.90437	-113.05564		
62	0.083273	750	-0.84028	-113.89592		
63	0.07776	750	-0.823735	-114.719655		
64	0.072472	750	-0.785183	-115.504838		
65	0.067406	750	-0.776214	-116.281052		
66	0.062558	750	-0.733549	-117.014601		
67	0.057926	750	-0.693363	-117.707965		
68	0.053506	750	-0.685804	-118.393769		
69	0.049295	750	-0.639636	-119.033405		
70	0.045289	750	-0.630213	-119.663618		
71	0.041485	750	-0.593438	-120.257056		
72	0.03788	750	-0.600081	-120.857137		
73	0.034469	750	-0.558549	-121.415685		
74	0.03125	750	-0.52635	-121.942035		
75	0.028218	750	-0.487769	-122.429804		
76	0.02537	750	-0.460024	-122.889829		
77	0.022702	750	-0.457669	-123.347498		
78	0.020209	750	-0.415176	-123.762673		
79	0.017889	750	-0.392951	-124.155624		
80	0.015736	750	-0.35864	-124.514263		
81	0.013746	750	-0.345598	-124.859861		
82	0.011916	750	-0.320044	-125.179905		
83	0.01024	750	-0.289906	-125.469811		
84	0.008714	750	-0.277389	-125.7472		
85	0.007334	750	-0.259218	-126.006418		
86	0.006093	750	-0.216941	-126.223358		
87	0.004988	750	-0.19152	-126.414878		
88	0.004013	750	-0.168116	-126.582995		
89	0.003162	750	-0.155605	-126.7386		
90	0.00243	750	-0.130234	-126.868834		
91	0.00181	750	-0.115978	-126.984813		
92	0.001296	750	-0.104796	-127.089608		
93	0.000882	750	-0.078057	-127.167665		
94	0.000559	750	-0.058058	-127.225724		
95	0.00032	750	-0.042653	-127.268377		
96	0.000156	750	-0.032593	-127.30097		
97	0.000057	750	-0.019321	-127.320291		
98	0.00001	750	-0.008247	-127.328538		
99	0	750	-0.001725	-127.330263		
Log marginal likelihood:	-127.330263					
0	0.975187	750	-2.982875	-2.982875		
1	0.950747	750	-2.967852	-5.950727		
2	0.926679	750	-2.905111	-8.855838		
3	0.90298	750	-2.856187	-11.712026		
4	0.879648	750	-2.840137	-14.552163		
5	0.856682	750	-2.810418	-17.362581		
6	0.834079	750	-2.727728	-20.090308		
7	0.811838	750	-2.740475	-22.830784		
8	0.789957	750	-2.69301	-25.523794		
9	0.768433	750	-2.614867	-28.138661		
10	0.747266	750	-2.650383	-30.789044		
11	0.726452	750	-2.556187	-33.34523		
12	0.705989	750	-2.494768	-35.839999		
13	0.685877	750	-2.474201	-38.314199		
14	0.666112	750	-2.41374	-40.727939		
15	0.646693	750	-2.403751	-43.13169		
16	0.627618	750	-2.342151	-45.473841		
17	0.608884	750	-2.325006	-47.798848		
18	0.59049	750	-2.275251	-50.074099		
19	0.572433	750	-2.253878	-52.327977		
20	0.554712	750	-2.205375	-54.533352		
21	0.537324	750	-2.138195	-56.671548		
22	0.520268	750	-2.188676	-58.860224		
23	0.50354	750	-2.143175	-61.003398		
24	0.487139	750	-2.140897	-63.144295		
25	0.471063	750	-2.143037	-65.287332		
26	0.45531	750	-2.141353	-67.428685		
27	0.439877	750	-2.034261	-69.462946		
28	0.424762	750	-1.959697	-71.422643		
29	0.409963	750	-1.968088	-73.390731		
30	0.395478	750	-1.85268	-75.24341		
31	0.381305	750	-1.909363	-77.152773		
32	0.36744	750	-1.831519	-78.984292		
33	0.353883	750	-1.887294	-80.871586		
34	0.34063	750	-1.86628	-82.737866		
35	0.32768	750	-1.746503	-84.48437		
36	0.31503	750	-1.796599	-86.280968		
37	0.302677	750	-1.641971	-87.922939		
38	0.290619	750	-1.697495	-89.620434		
39	0.278855	750	-1.621242	-91.241676		
40	0.267381	750	-1.601592	-92.843269		
41	0.256195	750	-1.572512	-94.41578		
42	0.245294	750	-1.544839	-95.960619		
43	0.234677	750	-1.518145	-97.478764		
44	0.22434	750	-1.49848	-98.977244		
45	0.214281	750	-1.432032	-100.409276		
46	0.204498	750	-1.412627	-101.821903		
47	0.194988	750	-1.364512	-103.186415		
48	0.185749	750	-1.268538	-104.454953		
49	0.176777	750	-1.284201	-105.739154		
50	0.16807	750	-1.25692	-106.996074		
51	0.159626	750	-1.218185	-108.214259		
52	0.151441	750	-1.210915	-109.425173		
53	0.143514	750	-1.148528	-110.573702		
54	0.135841	750	-1.140829	-111.714531		
55	0.12842	750	-1.109099	-112.82363		
56	0.121247	750	-1.057654	-113.881284		
57	0.11432	750	-1.021105	-114.902389		
58	0.107637	750	-0.999454	-115.901843		
59	0.101193	750	-0.987458	-116.889301		
60	0.094986	750	-0.917002	-117.806303		
61	0.089014	750	-0.902603	-118.708906		
62	0.083273	750	-0.857676	-119.566582		
63	0.07776	750	-0.855419	-120.422001		
64	0.072472	750	-0.824416	-121.246417		
65	0.067406	750	-0.774327	-122.020744		
66	0.062558	750	-0.764504	-122.785248		
67	0.057926	750	-0.726029	-123.511277		
68	0.053506	750	-0.706422	-124.217699		
69	0.049295	750	-0.673713	-124.891412		
70	0.045289	750	-0.646199	-125.537611		
71	0.041485	750	-0.602784	-126.140395		
72	0.03788	750	-0.587812	-126.728207		
73	0.034469	750	-0.550488	-127.278695		
74	0.03125	750	-0.52066	-127.799355		
75	0.028218	750	-0.48467	-128.284025		
76	0.02537	750	-0.46389	-128.747915		
77	0.022702	750	-0.43216	-129.180075		
78	0.020209	750	-0.419463	-129.599538		
79	0.017889	750	-0.409513	-130.009051		
80	0.015736	750	-0.362492	-130.371544		
81	0.013746	750	-0.353329	-130.724872		
82	0.011916	750	-0.319691	-131.044564		
83	0.01024	750	-0.292301	-131.336865		
84	0.008714	750	-0.265582	-131.602447		
85	0.007334	750	-0.235314	-131.837761		
86	0.006093	750	-0.225752	-132.063513		
87	0.004988	750	-0.214838	-132.278351		
88	0.004013	750	-0.187078	-132.465428		
89	0.003162	750	-0.14996	-132.615388		
90	0.00243	750	-0.13123	-132.746618		
91	0.00181	750	-0.109419	-132.856036		
92	0.001296	750	-0.102754	-132.95879		
93	0.000882	750	-0.07907	-133.037861		
94	0.000559	750	-0.061746	-133.099606		
95	0.00032	750	-0.045512	-133.145118		
96	0.000156	750	-0.035158	-133.180276		
97	0.000057	750	-0.019417	-133.199692		
98	0.00001	750	-0.008951	-133.208644		
99	0	750	-0.001832	-133.210476		
Log marginal likelihood:	-133.210476					
0	0.975187	750	-2.977384	-2.977384		
1	0.950747	750	-2.916479	-5.893864		
2	0.926679	750	-2.886871	-8.780734		
3	0.90298	750	-2.803215	-11.583949		
4	0.879648	750	-2.775237	-14.359186		
5	0.856682	750	-2.760766	-17.119952		
6	0.834079	750	-2.720292	-19.840244		
7	0.811838	750	-2.632675	-22.472919		
8	0.789957	750	-2.618342	-25.091262		
9	0.768433	750	-2.571627	-27.662888		
10	0.747266	750	-2.540651	-30.203539		
11	0.726452	750	-2.462081	-32.665621		
12	0.705989	750	-2.425476	-35.091096		
13	0.685877	750	-2.406826	-37.497922		
14	0.666112	750	-2.364612	-39.862534		
15	0.646693	750	-2.376318	-42.238852		
16	0.627618	750	-2.311203	-44.550055		
17	0.608884	750	-2.360751	-46.910806		
18	0.59049	750	-2.28872	-49.199526		
19	0.572433	750	-2.222835	-51.42236		
20	0.554712	750	-2.166312	-53.588672		
21	0.537324	750	-2.201821	-55.790493		
22	0.520268	750	-2.091267	-57.88176		
23	0.50354	750	-2.053182	-59.934943		
24	0.487139	750	-2.064365	-61.999308		
25	0.471063	750	-1.959672	-63.95898		
26	0.45531	750	-2.056277	-66.015257		
27	0.439877	750	-1.955497	-67.970754		
28	0.424762	750	-1.921462	-69.892216		
29	0.409963	750	-1.837452	-71.729668		
30	0.395478	750	-1.840979	-73.570647		
31	0.381305	750	-1.902785	-75.473432		
32	0.36744	750	-1.700292	-77.173724		
33	0.353883	750	-1.726501	-78.900226		
34	0.34063	750	-1.805662	-80.705888		
35	0.32768	750	-1.614545	-82.320433		
36	0.31503	750	-1.66931	-83.989743		
37	0.302677	750	-1.693407	-85.68315		
38	0.290619	750	-1.58448	-87.26763		
39	0.278855	750	-1.661038	-88.928668		
40	0.267381	750	-1.574223	-90.50289		
41	0.256195	750	-1.564768	-92.067658		
42	0.245294	750	-1.500247	-93.567905		
43	0.234677	750	-1.471504	-95.039409		
44	0.22434	750	-1.447942	-96.487351		
45	0.214281	750	-1.376006	-97.863357		
46	0.204498	750	-1.359172	-99.222529		
47	0.194988	750	-1.33898	-100.56151		
48	0.185749	750	-1.324531	-101.88604		
49	0.176777	750	-1.283646	-103.169687		
50	0.16807	750	-1.260823	-104.43051		
51	0.159626	750	-1.185084	-105.615594		
52	0.151441	750	-1.175205	-106.790799		
53	0.143514	750	-1.125104	-107.915904		
54	0.135841	750	-1.086494	-109.002398		
55	0.12842	750	-1.077989	-110.080387		
56	0.121247	750	-1.031637	-111.112024		
57	0.11432	750	-1.014024	-112.126048		
58	0.107637	750	-0.969925	-113.095973		
59	0.101193	750	-0.95689	-114.052862		
60	0.094986	750	-0.922043	-114.974905		
61	0.089014	750	-0.87495	-115.849855		
62	0.083273	750	-0.883083	-116.732939		
63	0.07776	750	-0.847781	-117.58072		
64	0.072472	750	-0.779499	-118.360219		
65	0.067406	750	-0.795194	-119.155413		
66	0.062558	750	-0.759868	-119.915281		
67	0.057926	750	-0.735419	-120.6507		
68	0.053506	750	-0.666037	-121.316738		
69	0.049295	750	-0.664524	-121.981262		
70	0.045289	750	-0.627428	-122.60869		
71	0.041485	750	-0.580524	-123.189214		
72	0.03788	750	-0.576653	-123.765867		
73	0.034469	750	-0.547891	-124.313758		
74	0.03125	750	-0.527301	-124.841058		
75	0.028218	750	-0.514421	-125.35548		
76	0.02537	750	-0.492939	-125.848419		
77	0.022702	750	-0.451346	-126.299765		
78	0.020209	750	-0.426072	-126.725837		
79	0.017889	750	-0.388236	-127.114073		
80	0.015736	750	-0.354072	-127.468145		
81	0.013746	750	-0.340316	-127.808461		
82	0.011916	750	-0.322436	-128.130897		
83	0.01024	750	-0.302616	-128.433513		
84	0.008714	750	-0.260334	-128.693847		
85	0.007334	750	-0.239961	-128.933808		
86	0.006093	750	-0.224562	-129.15837		
87	0.004988	750	-0.194546	-129.352916		
88	0.004013	750	-0.173421	-129.526337		
89	0.003162	750	-0.155188	-129.681525		
90	0.00243	750	-0.149098	-129.830623		
91	0.00181	750	-0.113603	-129.944226		
92	0.001296	750	-0.09599	-130.040216		
93	0.000882	750	-0.078305	-130.11852		
94	0.000559	750	-0.056957	-130.175478		
95	0.00032	750	-0.043155	-130.218633		
96	0.000156	750	-0.030866	-130.249498		
97	0.000057	750	-0.018585	-130.268084		
98	0.00001	750	-0.009374	-130.277458		
99	0	750	-0.00197	-130.279428		
Log marginal likelihood:	-130.279428					
0	0.975187	750	-2.960657	-2.960657		
1	0.950747	750	-2.91841	-5.879067		
2	0.926679	750	-2.873061	-8.752128		
3	0.90298	750	-2.825338	-11.577466		
4	0.879648	750	-2.781207	-14.358673		
5	0.856682	750	-2.741252	-17.099925		
6	0.834079	750	-2.68059	-19.780515		
7	0.811838	750	-2.664632	-22.445147		
8	0.789957	750	-2.660617	-25.105764		
9	0.768433	750	-2.624351	-27.730115		
10	0.747266	750	-2.580278	-30.310393		
11	0.726452	750	-2.550222	-32.860615		
12	0.705989	750	-2.472275	-35.33289		
13	0.685877	750	-2.41932	-37.75221		
14	0.666112	750	-2.370655	-40.122865		
15	0.646693	750	-2.339261	-42.462126		
16	0.627618	750	-2.346438	-44.808564		
17	0.608884	750	-2.339993	-47.148557		
18	0.59049	750	-2.377741	-49.526299		
19	0.572433	750	-2.247171	-51.773469		
20	0.554712	750	-2.261358	-54.034827		
21	0.537324	750	-2.139238	-56.174065		
22	0.520268	750	-2.13273	-58.306795		
23	0.50354	750	-2.098889	-60.405684		
24	0.487139	750	-2.02062	-62.426304		
25	0.471063	750	-2.054185	-64.480489		
26	0.45531	750	-2.013126	-66.493616		
27	0.439877	750	-1.898372	-68.391987		
28	0.424762	750	-1.908487	-70.300474		
29	0.409963	750	-1.983162	-72.283636		
30	0.395478	750	-1.928893	-74.212529		
31	0.381305	750	-1.847476	-76.060006		
32	0.36744	750	-1.843432	-77.903438		
33	0.353883	750	-1.772739	-79.676177		
34	0.34063	750	-1.775953	-81.45213		
35	0.32768	750	-1.744309	-83.196439		
36	0.31503	750	-1.745156	-84.941594		
37	0.302677	750	-1.684051	-86.625646		
38	0.290619	750	-1.615333	-88.240979		
39	0.278855	750	-1.54182	-89.782799		
40	0.267381	750	-1.574488	-91.357287		
41	0.256195	750	-1.523035	-92.880322		
42	0.245294	750	-1.477842	-94.358164		
43	0.234677	750	-1.446383	-95.804547		
44	0.22434	750	-1.404393	-97.20894		
45	0.214281	750	-1.36513	-98.57407		
46	0.204498	750	-1.379411	-99.953481		
47	0.194988	750	-1.339833	-101.293314		
48	0.185749	750	-1.284073	-102.577387		
49	0.176777	750	-1.265093	-103.84248		
50	0.16807	750	-1.231203	-105.073683		
51	0.159626	750	-1.250756	-106.324439		
52	0.151441	750	-1.183264	-107.507703		
53	0.143514	750	-1.152062	-108.659765		
54	0.135841	750	-1.116834	-109.776599		
55	0.12842	750	-1.085934	-110.862533		
56	0.121247	750	-1.029556	-111.892089		
57	0.11432	750	-1.001013	-112.893102		
58	0.107637	750	-0.981391	-113.874494		
59	0.101193	750	-0.970441	-114.844935		
60	0.094986	750	-0.928534	-115.773469		
61	0.089014	750	-0.897889	-116.671358		
62	0.083273	750	-0.858938	-117.530296		
63	0.07776	750	-0.822399	-118.352695		
64	0.072472	750	-0.792204	-119.144899		
65	0.067406	750	-0.777577	-119.922476		
66	0.062558	750	-0.732459	-120.654935		
67	0.057926	750	-0.745273	-121.400209		
68	0.053506	750	-0.674489	-122.074698		
69	0.049295	750	-0.651842	-122.72654		
70	0.045289	750	-0.629107	-123.355647		
71	0.041485	750	-0.623689	-123.979336		
72	0.03788	750	-0.562176	-124.541511		
73	0.034469	750	-0.561796	-125.103307		
74	0.03125	750	-0.508711	-125.612019		
75	0.028218	750	-0.497035	-126.109053		
76	0.02537	750	-0.468816	-126.577869		
77	0.022702	750	-0.432448	-127.010317		
78	0.020209	750	-0.412117	-127.422435		
79	0.017889	750	-0.405912	-127.828346		
80	0.015736	750	-0.375952	-128.204298		
81	0.013746	750	-0.355884	-128.560183		
82	0.011916	750	-0.310632	-128.870815		
83	0.01024	750	-0.292071	-129.162886		
84	0.008714	750	-0.264475	-129.427361		
85	0.007334	750	-0.254574	-129.681935		
86	0.006093	750	-0.227967	-129.909902		
87	0.004988	750	-0.188245	-130.098147		
88	0.004013	750	-0.17968	-130.277828		
89	0.003162	750	-0.158728	-130.436556		
90	0.00243	750	-0.138686	-130.575242		
91	0.00181	750	-0.111692	-130.686934		
92	0.001296	750	-0.104976	-130.79191		
93	0.000882	750	-0.076475	-130.868385		
94	0.000559	750	-0.058378	-130.926762		
95	0.00032	750	-0.043222	-130.969984		
96	0.000156	750	-0.030572	-131.000556		
97	0.000057	750	-0.019491	-131.020047		
98	0.00001	750	-0.008579	-131.028626		
99	0	750	-0.002048	-131.030674		
Log marginal likelihood:	-131.030674					
0	0.975187	750	-2.863812	-2.863812		
1	0.950747	750	-2.810334	-5.674146		
2	0.926679	750	-2.775957	-8.450103		
3	0.90298	750	-2.786173	-11.236276		
4	0.879648	750	-2.691573	-13.92785		
5	0.856682	750	-2.661348	-16.589197		
6	0.834079	750	-2.60168	-19.190877		
7	0.811838	750	-2.596563	-21.787441		
8	0.789957	750	-2.536008	-24.323449		
9	0.768433	750	-2.502901	-26.82635		
10	0.747266	750	-2.503929	-29.330279		
11	0.726452	750	-2.442202	-31.772481		
12	0.705989	750	-2.389619	-34.162099		
13	0.685877	750	-2.352809	-36.514908		
14	0.666112	750	-2.327118	-38.842026		
15	0.646693	750	-2.301387	-41.143413		
16	0.627618	750	-2.219991	-43.363404		
17	0.608884	750	-2.203205	-45.566608		
18	0.59049	750	-2.159256	-47.725864		
19	0.572433	750	-2.107115	-49.832979		
20	0.554712	750	-2.08205	-51.915029		
21	0.537324	750	-2.063708	-53.978736		
22	0.520268	750	-2.001303	-55.980039		
23	0.50354	750	-1.990697	-57.970736		
24	0.487139	750	-1.97806	-59.948796		
25	0.471063	750	-1.903504	-61.8523		
26	0.45531	750	-1.989545	-63.841844		
27	0.439877	750	-1.96923	-65.811074		
28	0.424762	750	-1.862164	-67.673239		
29	0.409963	750	-1.762031	-69.435269		
30	0.395478	750	-1.738716	-71.173985		
31	0.381305	750	-1.695705	-72.86969		
32	0.36744	750	-1.735899	-74.605588		
33	0.353883	750	-1.723222	-76.328811		
34	0.34063	750	-1.636478	-77.965288		
35	0.32768	750	-1.64968	-79.614969		
36	0.31503	750	-1.73759	-81.352559		
37	0.302677	750	-1.531699	-82.884257		
38	0.290619	750	-1.553854	-84.438111		
39	0.278855	750	-1.506986	-85.945097		
40	0.267381	750	-1.509526	-87.454624		
41	0.256195	750	-1.460568	-88.915192		
42	0.245294	750	-1.44361	-90.358802		
43	0.234677	750	-1.421261	-91.780063		
44	0.22434	750	-1.401761	-93.181824		
45	0.214281	750	-1.374874	-94.556698		
46	0.204498	750	-1.342597	-95.899294		
47	0.194988	750	-1.351577	-97.250871		
48	0.185749	750	-1.239305	-98.490176		
49	0.176777	750	-1.28402	-99.774195		
50	0.16807	750	-1.234208	-101.008403		
51	0.159626	750	-1.194912	-102.203315		
52	0.151441	750	-1.15822	-103.361536		
53	0.143514	750	-1.108736	-104.470271		
54	0.135841	750	-1.12085	-105.591121		
55	0.12842	750	-1.067509	-106.658631		
56	0.121247	750	-1.044359	-107.702989		
57	0.11432	750	-1.000625	-108.703614		
58	0.107637	750	-0.996652	-109.700266		
59	0.101193	750	-0.946667	-110.646933		
60	0.094986	750	-0.892575	-111.539508		
61	0.089014	750	-0.902259	-112.441767		
62	0.083273	750	-0.877343	-113.31911		
63	0.07776	750	-0.829989	-114.1491		
64	0.072472	750	-0.80719	-114.956289		
65	0.067406	750	-0.783875	-115.740164		
66	0.062558	750	-0.736004	-116.476168		
67	0.057926	750	-0.705841	-117.18201		
68	0.053506	750	-0.679929	-117.861939		
69	0.049295	750	-0.646959	-118.508898		
70	0.045289	750	-0.628592	-119.137489		
71	0.041485	750	-0.607512	-119.745002		
72	0.03788	750	-0.581634	-120.326636		
73	0.034469	750	-0.557875	-120.884511		
74	0.03125	750	-0.525718	-121.410228		
75	0.028218	750	-0.507495	-121.917724		
76	0.02537	750	-0.484238	-122.401962		
77	0.022702	750	-0.456502	-122.858465		
78	0.020209	750	-0.423092	-123.281556		
79	0.017889	750	-0.402173	-123.683729		
80	0.015736	750	-0.358147	-124.041876		
81	0.013746	750	-0.354275	-124.396151		
82	0.011916	750	-0.321035	-124.717186		
83	0.01024	750	-0.290909	-125.008096		
84	0.008714	750	-0.269926	-125.278022		
85	0.007334	750	-0.251258	-125.52928		
86	0.006093	750	-0.216152	-125.745432		
87	0.004988	750	-0.200491	-125.945923		
88	0.004013	750	-0.180408	-126.12633		
89	0.003162	750	-0.154724	-126.281055		
90	0.00243	750	-0.149059	-126.430114		
91	0.00181	750	-0.11154	-126.541655		
92	0.001296	750	-0.097308	-126.638962		
93	0.000882	750	-0.077319	-126.716281		
94	0.000559	750	-0.059324	-126.775606		
95	0.00032	750	-0.042488	-126.818093		
96	0.000156	750	-0.031902	-126.849995		
97	0.000057	750	-0.018325	-126.86832		
98	0.00001	750	-0.008653	-126.876973		
99	0	750	-0.001974	-126.878948		
Log marginal likelihood:	-126.878948					
0	0.975187	750	-2.728568	-2.728568		
1	0.950747	750	-2.660277	-5.388845		
2	0.926679	750	-2.616374	-8.00522		
3	0.90298	750	-2.677892	-10.683112		
4	0.879648	750	-2.54453	-13.227642		
5	0.856682	750	-2.53493	-15.762572		
6	0.834079	750	-2.475292	-18.237864		
7	0.811838	750	-2.525457	-20.763321		
8	0.789957	750	-2.398941	-23.162262		
9	0.768433	750	-2.430268	-25.59253		
10	0.747266	750	-2.42376	-28.01629		
11	0.726452	750	-2.394266	-30.410556		
12	0.705989	750	-2.363632	-32.774187		
13	0.685877	750	-2.318129	-35.092317		
14	0.666112	750	-2.270168	-37.362484		
15	0.646693	750	-2.234822	-39.597306		
16	0.627618	750	-2.201388	-41.798694		
17	0.608884	750	-2.182086	-43.98078		
18	0.59049	750	-2.180377	-46.161157		
19	0.572433	750	-2.075254	-48.236411		
20	0.554712	750	-2.138218	-50.374629		
21	0.537324	750	-1.972692	-52.347322		
22	0.520268	750	-1.973732	-54.321054		
23	0.50354	750	-2.013546	-56.3346		
24	0.487139	750	-1.982634	-58.317233		
25	0.471063	750	-1.924865	-60.242098		
26	0.45531	750	-1.887024	-62.129122		
27	0.439877	750	-1.870919	-64.00004		
28	0.424762	750	-1.82652	-65.82656		
29	0.409963	750	-1.765753	-67.592313		
30	0.395478	750	-1.723599	-69.315912		
31	0.381305	750	-1.715588	-71.031501		
32	0.36744	750	-1.709598	-72.741099		
33	0.353883	750	-1.670283	-74.411382		
34	0.34063	750	-1.639213	-76.050595		
35	0.32768	750	-1.670719	-77.721314		
36	0.31503	750	-1.552001	-79.273314		
37	0.302677	750	-1.622078	-80.895393		
38	0.290619	750	-1.614492	-82.509884		
39	0.278855	750	-1.487677	-83.997561		
40	0.267381	750	-1.480081	-85.477643		
41	0.256195	750	-1.517683	-86.995326		
42	0.245294	750	-1.408581	-88.403906		
43	0.234677	750	-1.383589	-89.787496		
44	0.22434	750	-1.351838	-91.139334		
45	0.214281	750	-1.40642	-92.545753		
46	0.204498	750	-1.295569	-93.841322		
47	0.194988	750	-1.29753	-95.138852		
48	0.185749	750	-1.254912	-96.393764		
49	0.176777	750	-1.239485	-97.633249		
50	0.16807	750	-1.234247	-98.867496		
51	0.159626	750	-1.145904	-100.013399		
52	0.151441	750	-1.121071	-101.13447		
53	0.143514	750	-1.115214	-102.249684		
54	0.135841	750	-1.09501	-103.344694		
55	0.12842	750	-1.042028	-104.386723		
56	0.121247	750	-1.02402	-105.410743		
57	0.11432	750	-0.992302	-106.403045		
58	0.107637	750	-0.989423	-107.392468		
59	0.101193	750	-0.914365	-108.306833		
60	0.094986	750	-0.913234	-109.220067		
61	0.089014	750	-0.883661	-110.103729		
62	0.083273	750	-0.857242	-110.96097		
63	0.07776	750	-0.805919	-111.766889		
64	0.072472	750	-0.809713	-112.576602		
65	0.067406	750	-0.778274	-113.354876		
66	0.062558	750	-0.729742	-114.084617		
67	0.057926	750	-0.696421	-114.781038		
68	0.053506	750	-0.670411	-115.451449		
69	0.049295	750	-0.639996	-116.091444		
70	0.045289	750	-0.644093	-116.735537		
71	0.041485	750	-0.601652	-117.337189		
72	0.03788	750	-0.563015	-117.900205		
73	0.034469	750	-0.540273	-118.440478		
74	0.03125	750	-0.505428	-118.945906		
75	0.028218	750	-0.488817	-119.434723		
76	0.02537	750	-0.470992	-119.905716		
77	0.022702	750	-0.451912	-120.357627		
78	0.020209	750	-0.413703	-120.771331		
79	0.017889	750	-0.385805	-121.157136		
80	0.015736	750	-0.360591	-121.517727		
81	0.013746	750	-0.350213	-121.86794		
82	0.011916	750	-0.306014	-122.173954		
83	0.01024	750	-0.285841	-122.459795		
84	0.008714	750	-0.284053	-122.743847		
85	0.007334	750	-0.240976	-122.984823		
86	0.006093	750	-0.214784	-123.199607		
87	0.004988	750	-0.197157	-123.396764		
88	0.004013	750	-0.175613	-123.572377		
89	0.003162	750	-0.150043	-123.72242		
90	0.00243	750	-0.135093	-123.857513		
91	0.00181	750	-0.11359	-123.971104		
92	0.001296	750	-0.096412	-124.067516		
93	0.000882	750	-0.078985	-124.146501		
94	0.000559	750	-0.05801	-124.204511		
95	0.00032	750	-0.042621	-124.247132		
96	0.000156	750	-0.030469	-124.277601		
97	0.000057	750	-0.019092	-124.296694		
98	0.00001	750	-0.008928	-124.305622		
99	0	750	-0.001947	-124.307569		
Log marginal likelihood:	-124.307569					
0	0.975187	750	-2.970309	-2.970309		
1	0.950747	750	-2.953651	-5.92396		
2	0.926679	750	-2.893511	-8.817471		
3	0.90298	750	-2.832348	-11.649819		
4	0.879648	750	-2.795204	-14.445022		
5	0.856682	750	-2.748752	-17.193775		
6	0.834079	750	-2.703606	-19.897381		
7	0.811838	750	-2.674894	-22.572274		
8	0.789957	750	-2.69504	-25.267315		
9	0.768433	750	-2.652841	-27.920156		
10	0.747266	750	-2.636627	-30.556783		
11	0.726452	750	-2.564221	-33.121005		
12	0.705989	750	-2.572938	-35.693942		
13	0.685877	750	-2.484473	-38.178415		
14	0.666112	750	-2.43763	-40.616045		
15	0.646693	750	-2.428694	-43.044739		
16	0.627618	750	-2.36669	-45.41143		
17	0.608884	750	-2.273357	-47.684787		
18	0.59049	750	-2.243948	-49.928734		
19	0.572433	750	-2.185053	-52.113787		
20	0.554712	750	-2.212705	-54.326492		
21	0.537324	750	-2.163636	-56.490128		
22	0.520268	750	-2.06453	-58.554658		
23	0.50354	750	-2.109637	-60.664295		
24	0.487139	750	-2.057669	-62.721964		
25	0.471063	750	-1.972155	-64.69412		
26	0.45531	750	-1.945285	-66.639405		
27	0.439877	750	-1.956817	-68.596222		
28	0.424762	750	-1.917151	-70.513373		
29	0.409963	750	-1.887649	-72.401022		
30	0.395478	750	-1.830573	-74.231595		
31	0.381305	750	-1.824923	-76.056518		
32	0.36744	750	-1.844541	-77.901059		
33	0.353883	750	-1.78494	-79.685999		
34	0.34063	750	-1.842107	-81.528106		
35	0.32768	750	-1.672636	-83.200742		
36	0.31503	750	-1.725557	-84.926299		
37	0.302677	750	-1.757184	-86.683482		
38	0.290619	750	-1.651775	-88.335257		
39	0.278855	750	-1.654078	-89.989335		
40	0.267381	750	-1.535915	-91.52525		
41	0.256195	750	-1.571649	-93.0969		
42	0.245294	750	-1.573193	-94.670092		
43	0.234677	750	-1.506878	-96.17697		
44	0.22434	750	-1.451485	-97.628455		
45	0.214281	750	-1.392106	-99.020562		
46	0.204498	750	-1.401886	-100.422448		
47	0.194988	750	-1.342177	-101.764625		
48	0.185749	750	-1.338437	-103.103062		
49	0.176777	750	-1.298126	-104.401188		
50	0.16807	750	-1.240403	-105.641591		
51	0.159626	750	-1.208454	-106.850045		
52	0.151441	750	-1.196344	-108.046389		
53	0.143514	750	-1.141257	-109.187646		
54	0.135841	750	-1.096275	-110.28392		
55	0.12842	750	-1.10209	-111.38601		
56	0.121247	750	-1.077797	-112.463807		
57	0.11432	750	-1.025079	-113.488886		
58	0.107637	750	-0.998566	-114.487452		
59	0.101193	750	-0.981555	-115.469007		
60	0.094986	750	-0.934168	-116.403174		
61	0.089014	750	-0.908535	-117.311709		
62	0.083273	750	-0.889298	-118.201008		
63	0.07776	750	-0.830426	-119.031433		
64	0.072472	750	-0.80975	-119.841183		
65	0.067406	750	-0.775087	-120.61627		
66	0.062558	750	-0.749737	-121.366007		
67	0.057926	750	-0.7393	-122.105307		
68	0.053506	750	-0.727238	-122.832545		
69	0.049295	750	-0.678405	-123.51095		
70	0.045289	750	-0.637067	-124.148017		
71	0.041485	750	-0.613968	-124.761985		
72	0.03788	750	-0.587807	-125.349793		
73	0.034469	750	-0.552215	-125.902008		
74	0.03125	750	-0.536665	-126.438673		
75	0.028218	750	-0.505333	-126.944006		
76	0.02537	750	-0.504228	-127.448234		
77	0.022702	750	-0.475154	-127.923388		
78	0.020209	750	-0.410683	-128.33407		
79	0.017889	750	-0.389575	-128.723645		
80	0.015736	750	-0.379565	-129.10321		
81	0.013746	750	-0.358018	-129.461228		
82	0.011916	750	-0.318014	-129.779242		
83	0.01024	750	-0.297849	-130.077091		
84	0.008714	750	-0.277196	-130.354287		
85	0.007334	750	-0.252325	-130.606612		
86	0.006093	750	-0.22835	-130.834961		
87	0.004988	750	-0.20381	-131.038771		
88	0.004013	750	-0.17822	-131.216991		
89	0.003162	750	-0.154489	-131.37148		
90	0.00243	750	-0.144869	-131.516349		
91	0.00181	750	-0.117018	-131.633367		
92	0.001296	750	-0.103034	-131.736401		
93	0.000882	750	-0.07713	-131.81353		
94	0.000559	750	-0.062089	-131.87562		
95	0.00032	750	-0.043613	-131.919233		
96	0.000156	750	-0.032746	-131.951978		
97	0.000057	750	-0.018365	-131.970343		
98	0.00001	750	-0.009032	-131.979375		
99	0	750	-0.001825	-131.981199		
Log marginal likelihood:	-131.981199					
0	0.975187	750	-2.943102	-2.943102		
1	0.950747	750	-2.91946	-5.862562		
2	0.926679	750	-2.899975	-8.762537		
3	0.90298	750	-2.867253	-11.62979		
4	0.879648	750	-2.754809	-14.384598		
5	0.856682	750	-2.794519	-17.179118		
6	0.834079	750	-2.716558	-19.895676		
7	0.811838	750	-2.665069	-22.560745		
8	0.789957	750	-2.569222	-25.129967		
9	0.768433	750	-2.578039	-27.708006		
10	0.747266	750	-2.536614	-30.24462		
11	0.726452	750	-2.648099	-32.892719		
12	0.705989	750	-2.555446	-35.448164		
13	0.685877	750	-2.504636	-37.9528		
14	0.666112	750	-2.400964	-40.353764		
15	0.646693	750	-2.42741	-42.781174		
16	0.627618	750	-2.311424	-45.092598		
17	0.608884	750	-2.324448	-47.417047		
18	0.59049	750	-2.366901	-49.783948		
19	0.572433	750	-2.270722	-52.05467		
20	0.554712	750	-2.232784	-54.287453		
21	0.537324	750	-2.106531	-56.393985		
22	0.520268	750	-2.114267	-58.508251		
23	0.50354	750	-2.155752	-60.664003		
24	0.487139	750	-2.073686	-62.737689		
25	0.471063	750	-2.030509	-64.768198		
26	0.45531	750	-1.973459	-66.741657		
27	0.439877	750	-1.949372	-68.691029		
28	0.424762	750	-1.912371	-70.6034		
29	0.409963	750	-2.076876	-72.680276		
30	0.395478	750	-1.862169	-74.542445		
31	0.381305	750	-1.780733	-76.323177		
32	0.36744	750	-1.782204	-78.105381		
33	0.353883	750	-1.714947	-79.820328		
34	0.34063	750	-1.755134	-81.575462		
35	0.32768	750	-1.657602	-83.233064		
36	0.31503	750	-1.680497	-84.913562		
37	0.302677	750	-1.669541	-86.583103		
38	0.290619	750	-1.605372	-88.188475		
39	0.278855	750	-1.56018	-89.748654		
40	0.267381	750	-1.605912	-91.354567		
41	0.256195	750	-1.549244	-92.90381		
42	0.245294	750	-1.552783	-94.456594		
43	0.234677	750	-1.52284	-95.979434		
44	0.22434	750	-1.430646	-97.410079		
45	0.214281	750	-1.439992	-98.850072		
46	0.204498	750	-1.420461	-100.270533		
47	0.194988	750	-1.340718	-101.611251		
48	0.185749	750	-1.299151	-102.910402		
49	0.176777	750	-1.278602	-104.189004		
50	0.16807	750	-1.262431	-105.451435		
51	0.159626	750	-1.247917	-106.699352		
52	0.151441	750	-1.178352	-107.877704		
53	0.143514	750	-1.154043	-109.031747		
54	0.135841	750	-1.137469	-110.169216		
55	0.12842	750	-1.10318	-111.272397		
56	0.121247	750	-1.073469	-112.345866		
57	0.11432	750	-1.016958	-113.362824		
58	0.107637	750	-1.011147	-114.373971		
59	0.101193	750	-0.949815	-115.323786		
60	0.094986	750	-0.918292	-116.242078		
61	0.089014	750	-0.905896	-117.147973		
62	0.083273	750	-0.870595	-118.018569		
63	0.07776	750	-0.840295	-118.858864		
64	0.072472	750	-0.795206	-119.654069		
65	0.067406	750	-0.799623	-120.453692		
66	0.062558	750	-0.772974	-121.226667		
67	0.057926	750	-0.719397	-121.946063		
68	0.053506	750	-0.696977	-122.64304		
69	0.049295	750	-0.669201	-123.312242		
70	0.045289	750	-0.634422	-123.946664		
71	0.041485	750	-0.59946	-124.546124		
72	0.03788	750	-0.58028	-125.126404		
73	0.034469	750	-0.534142	-125.660546		
74	0.03125	750	-0.521644	-126.18219		
75	0.028218	750	-0.486393	-126.668583		
76	0.02537	750	-0.488087	-127.15667		
77	0.022702	750	-0.453481	-127.610151		
78	0.020209	750	-0.429004	-128.039155		
79	0.017889	750	-0.414309	-128.453464		
80	0.015736	750	-0.381144	-128.834608		
81	0.013746	750	-0.362992	-129.1976		
82	0.011916	750	-0.324141	-129.521741		
83	0.01024	750	-0.28503	-129.806771		
84	0.008714	750	-0.281681	-130.088452		
85	0.007334	750	-0.250485	-130.338938		
86	0.006093	750	-0.218554	-130.557491		
87	0.004988	750	-0.219219	-130.77671		
88	0.004013	750	-0.181381	-130.95809		
89	0.003162	750	-0.147598	-131.105688		
90	0.00243	750	-0.129702	-131.235391		
91	0.00181	750	-0.126463	-131.361854		
92	0.001296	750	-0.098218	-131.460072		
93	0.000882	750	-0.077304	-131.537376		
94	0.000559	750	-0.063166	-131.600541		
95	0.00032	750	-0.045015	-131.645557		
96	0.000156	750	-0.031205	-131.676762		
97	0.000057	750	-0.019106	-131.695868		
98	0.00001	750	-0.009359	-131.705227		
99	0	750	-0.001989	-131.707217		
Log marginal likelihood:	-131.707217					
0	0.975187	750	-3.082261	-3.082261		
1	0.950747	750	-3.059298	-6.14156		
2	0.926679	750	-3.000389	-9.141949		
3	0.90298	750	-2.986893	-12.128842		
4	0.879648	750	-2.930179	-15.059021		
5	0.856682	750	-2.877561	-17.936581		
6	0.834079	750	-2.827637	-20.764218		
7	0.811838	750	-2.799216	-23.563434		
8	0.789957	750	-2.756522	-26.319956		
9	0.768433	750	-2.735715	-29.055671		
10	0.747266	750	-2.692624	-31.748295		
11	0.726452	750	-2.607712	-34.356007		
12	0.705989	750	-2.629503	-36.985511		
13	0.685877	750	-2.55962	-39.54513		
14	0.666112	750	-2.49544	-42.04057		
15	0.646693	750	-2.459212	-44.499781		
16	0.627618	750	-2.457047	-46.956828		
17	0.608884	750	-2.389166	-49.345994		
18	0.59049	750	-2.370647	-51.716641		
19	0.572433	750	-2.324502	-54.041143		
20	0.554712	750	-2.286293	-56.327436		
21	0.537324	750	-2.250137	-58.577573		
22	0.520268	750	-2.217815	-60.795388		
23	0.50354	750	-2.164535	-62.959923		
24	0.487139	750	-2.106238	-65.066161		
25	0.471063	750	-2.134289	-67.200451		
26	0.45531	750	-2.07849	-69.278941		
27	0.439877	750	-2.049657	-71.328598		
28	0.424762	750	-1.992882	-73.321479		
29	0.409963	750	-1.962338	-75.283817		
30	0.395478	750	-1.924251	-77.208069		
31	0.381305	750	-1.97819	-79.186259		
32	0.36744	750	-1.903409	-81.089667		
33	0.353883	750	-1.834634	-82.924302		
34	0.34063	750	-1.874719	-84.799021		
35	0.32768	750	-1.844832	-86.643853		
36	0.31503	750	-1.848708	-88.492561		
37	0.302677	750	-1.781104	-90.273665		
38	0.290619	750	-1.723286	-91.996951		
39	0.278855	750	-1.790791	-93.787742		
40	0.267381	750	-1.643423	-95.431165		
41	0.256195	750	-1.611793	-97.042958		
42	0.245294	750	-1.629755	-98.672713		
43	0.234677	750	-1.59565	-100.268363		
44	0.22434	750	-1.588005	-101.856368		
45	0.214281	750	-1.437741	-103.29411		
46	0.204498	750	-1.471755	-104.765865		
47	0.194988	750	-1.376263	-106.142128		
48	0.185749	750	-1.432366	-107.574494		
49	0.176777	750	-1.368246	-108.94274		
50	0.16807	750	-1.349556	-110.292296		
51	0.159626	750	-1.289124	-111.58142		
52	0.151441	750	-1.261076	-112.842496		
53	0.143514	750	-1.197312	-114.039807		
54	0.135841	750	-1.181494	-115.221302		
55	0.12842	750	-1.135269	-116.356571		
56	0.121247	750	-1.078078	-117.434649		
57	0.11432	750	-1.087839	-118.522488		
58	0.107637	750	-1.055041	-119.577529		
59	0.101193	750	-1.019916	-120.597445		
60	0.094986	750	-0.970992	-121.568437		
61	0.089014	750	-0.967977	-122.536414		
62	0.083273	750	-0.889117	-123.425531		
63	0.07776	750	-0.879111	-124.304642		
64	0.072472	750	-0.861845	-125.166487		
65	0.067406	750	-0.82195	-125.988437		
66	0.062558	750	-0.828496	-126.816933		
67	0.057926	750	-0.745999	-127.562932		
68	0.053506	750	-0.738366	-128.301297		
69	0.049295	750	-0.696479	-128.997776		
70	0.045289	750	-0.690085	-129.687861		
71	0.041485	750	-0.64394	-130.331801		
72	0.03788	750	-0.6191	-130.950901		
73	0.034469	750	-0.584546	-131.535447		
74	0.03125	750	-0.563138	-132.098585		
75	0.028218	750	-0.517058	-132.615643		
76	0.02537	750	-0.491689	-133.107332		
77	0.022702	750	-0.474762	-133.582094		
78	0.020209	750	-0.450395	-134.03249		
79	0.017889	750	-0.42546	-134.457949		
80	0.015736	750	-0.389387	-134.847336		
81	0.013746	750	-0.36649	-135.213825		
82	0.011916	750	-0.342782	-135.556607		
83	0.01024	750	-0.317149	-135.873756		
84	0.008714	750	-0.292549	-136.166306		
85	0.007334	750	-0.261673	-136.427979		
86	0.006093	750	-0.231148	-136.659126		
87	0.004988	750	-0.222262	-136.881388		
88	0.004013	750	-0.195832	-137.07722		
89	0.003162	750	-0.16075	-137.23797		
90	0.00243	750	-0.149762	-137.387732		
91	0.00181	750	-0.125748	-137.51348		
92	0.001296	750	-0.100145	-137.613625		
93	0.000882	750	-0.095985	-137.709611		
94	0.000559	750	-0.061797	-137.771407		
95	0.00032	750	-0.046906	-137.818313		
96	0.000156	750	-0.031621	-137.849934		
97	0.000057	750	-0.01941	-137.869344		
98	0.00001	750	-0.009047	-137.878391		
99	0	750	-0.001939	-137.88033		
Log marginal likelihood:	-137.88033					
0	0.975187	750	-2.680685	-2.680685		
1	0.950747	750	-2.661983	-5.342669		
2	0.926679	750	-2.621478	-7.964147		
3	0.90298	750	-2.572438	-10.536585		
4	0.879648	750	-2.539772	-13.076357		
5	0.856682	750	-2.542947	-15.619304		
6	0.834079	750	-2.492335	-18.111639		
7	0.811838	750	-2.428629	-20.540267		
8	0.789957	750	-2.40456	-22.944827		
9	0.768433	750	-2.383521	-25.328348		
10	0.747266	750	-2.277809	-27.606157		
11	0.726452	750	-2.265577	-29.871734		
12	0.705989	750	-2.3139	-32.185634		
13	0.685877	750	-2.22741	-34.413043		
14	0.666112	750	-2.179788	-36.592831		
15	0.646693	750	-2.159011	-38.751842		
16	0.627618	750	-2.09959	-40.851432		
17	0.608884	750	-2.120482	-42.971914		
18	0.59049	750	-2.085852	-45.057766		
19	0.572433	750	-1.99405	-47.051816		
20	0.554712	750	-2.015677	-49.067493		
21	0.537324	750	-1.992768	-51.060261		
22	0.520268	750	-1.912434	-52.972695		
23	0.50354	750	-1.930668	-54.903364		
24	0.487139	750	-1.851073	-56.754437		
25	0.471063	750	-1.849543	-58.60398		
26	0.45531	750	-1.788669	-60.392648		
27	0.439877	750	-1.788582	-62.18123		
28	0.424762	750	-1.741703	-63.922933		
29	0.409963	750	-1.707415	-65.630348		
30	0.395478	750	-1.647495	-67.277843		
31	0.381305	750	-1.640673	-68.918516		
32	0.36744	750	-1.628915	-70.547432		
33	0.353883	750	-1.617142	-72.164574		
34	0.34063	750	-1.548077	-73.712651		
35	0.32768	750	-1.504835	-75.217486		
36	0.31503	750	-1.552556	-76.770042		
37	0.302677	750	-1.554019	-78.324061		
38	0.290619	750	-1.489768	-79.813829		
39	0.278855	750	-1.40722	-81.221049		
40	0.267381	750	-1.464701	-82.685751		
41	0.256195	750	-1.4479	-84.133651		
42	0.245294	750	-1.448251	-85.581902		
43	0.234677	750	-1.320899	-86.902801		
44	0.22434	750	-1.290107	-88.192908		
45	0.214281	750	-1.371495	-89.564402		
46	0.204498	750	-1.305763	-90.870165		
47	0.194988	750	-1.301357	-92.171522		
48	0.185749	750	-1.274317	-93.445839		
49	0.176777	750	-1.253424	-94.699263		
50	0.16807	750	-1.240381	-95.939644		
51	0.159626	750	-1.124902	-97.064546		
52	0.151441	750	-1.138778	-98.203324		
53	0.143514	750	-1.098202	-99.301525		
54	0.135841	750	-1.099928	-100.401454		
55	0.12842	750	-1.068764	-101.470218		
56	0.121247	750	-1.01842	-102.488638		
57	0.11432	750	-1.022516	-103.511154		
58	0.107637	750	-0.968652	-104.479805		
59	0.101193	750	-0.948902	-105.428707		
60	0.094986	750	-0.88349	-106.312198		
61	0.089014	750	-0.865073	-107.17727		
62	0.083273	750	-0.82844	-108.00571		
63	0.07776	750	-0.813549	-108.819259		
64	0.072472	750	-0.770257	-109.589516		
65	0.067406	750	-0.748207	-110.337723		
66	0.062558	750	-0.729694	-111.067417		
67	0.057926	750	-0.711758	-111.779175		
68	0.053506	750	-0.678357	-112.457532		
69	0.049295	750	-0.648798	-113.106329		
70	0.045289	750	-0.60168	-113.70801		
71	0.041485	750	-0.584659	-114.292668		
72	0.03788	750	-0.569398	-114.862066		
73	0.034469	750	-0.545512	-115.407578		
74	0.03125	750	-0.526925	-115.934503		
75	0.028218	750	-0.494377	-116.42888		
76	0.02537	750	-0.463803	-116.892683		
77	0.022702	750	-0.428007	-117.320691		
78	0.020209	750	-0.415103	-117.735794		
79	0.017889	750	-0.388066	-118.12386		
80	0.015736	750	-0.349479	-118.473339		
81	0.013746	750	-0.360333	-118.833672		
82	0.011916	750	-0.329353	-119.163025		
83	0.01024	750	-0.291287	-119.454311		
84	0.008714	750	-0.281198	-119.735509		
85	0.007334	750	-0.25693	-119.992439		
86	0.006093	750	-0.221337	-120.213776		
87	0.004988	750	-0.206432	-120.420208		
88	0.004013	750	-0.176212	-120.59642		
89	0.003162	750	-0.151162	-120.747582		
90	0.00243	750	-0.130317	-120.877899		
91	0.00181	750	-0.114963	-120.992862		
92	0.001296	750	-0.096968	-121.08983		
93	0.000882	750	-0.0772	-121.16703		
94	0.000559	750	-0.060185	-121.227216		
95	0.00032	750	-0.043886	-121.271102		
96	0.000156	750	-0.032786	-121.303888		
97	0.000057	750	-0.018528	-121.322416		
98	0.00001	750	-0.008989	-121.331405		
99	0	750	-0.001759	-121.333164		
Log marginal likelihood:	-121.333164					
0	0.975187	750	-2.850722	-2.850722		
1	0.950747	750	-2.79596	-5.646682		
2	0.926679	750	-2.839726	-8.486409		
3	0.90298	750	-2.75441	-11.240819		
4	0.879648	750	-2.676355	-13.917174		
5	0.856682	750	-2.645036	-16.56221		
6	0.834079	750	-2.629112	-19.191322		
7	0.811838	750	-2.592686	-21.784009		
8	0.789957	750	-2.522303	-24.306312		
9	0.768433	750	-2.500967	-26.807279		
10	0.747266	750	-2.492521	-29.2998		
11	0.726452	750	-2.428345	-31.728145		
12	0.705989	750	-2.391282	-34.119427		
13	0.685877	750	-2.375738	-36.495165		
14	0.666112	750	-2.291063	-38.786229		
15	0.646693	750	-2.258875	-41.045103		
16	0.627618	750	-2.250666	-43.295769		
17	0.608884	750	-2.191994	-45.487764		
18	0.59049	750	-2.144323	-47.632087		
19	0.572433	750	-2.2598	-49.891887		
20	0.554712	750	-2.150387	-52.042274		
21	0.537324	750	-2.076823	-54.119098		
22	0.520268	750	-2.08437	-56.203467		
23	0.50354	750	-2.021582	-58.225049		
24	0.487139	750	-1.953047	-60.178096		
25	0.471063	750	-1.986123	-62.164219		
26	0.45531	750	-1.880453	-64.044672		
27	0.439877	750	-1.890502	-65.935174		
28	0.424762	750	-1.816365	-67.751539		
29	0.409963	750	-1.793901	-69.54544		
30	0.395478	750	-1.757422	-71.302861		
31	0.381305	750	-1.721183	-73.024044		
32	0.36744	750	-1.687994	-74.712039		
33	0.353883	750	-1.826827	-76.538865		
34	0.34063	750	-1.635579	-78.174444		
35	0.32768	750	-1.800721	-79.975165		
36	0.31503	750	-1.747817	-81.722982		
37	0.302677	750	-1.564559	-83.287541		
38	0.290619	750	-1.601781	-84.889322		
39	0.278855	750	-1.58107	-86.470392		
40	0.267381	750	-1.557151	-88.027543		
41	0.256195	750	-1.605824	-89.633367		
42	0.245294	750	-1.470799	-91.104166		
43	0.234677	750	-1.480219	-92.584385		
44	0.22434	750	-1.410762	-93.995148		
45	0.214281	750	-1.463374	-95.458522		
46	0.204498	750	-1.409688	-96.86821		
47	0.194988	750	-1.305734	-98.173944		
48	0.185749	750	-1.337775	-99.511719		
49	0.176777	750	-1.278767	-100.790486		
50	0.16807	750	-1.253542	-102.044028		
51	0.159626	750	-1.239548	-103.283576		
52	0.151441	750	-1.190116	-104.473692		
53	0.143514	750	-1.20095	-105.674642		
54	0.135841	750	-1.139879	-106.814521		
55	0.12842	750	-1.065096	-107.879617		
56	0.121247	750	-1.048854	-108.928472		
57	0.11432	750	-1.042122	-109.970594		
58	0.107637	750	-1.010347	-110.980941		
59	0.101193	750	-0.970736	-111.951677		
60	0.094986	750	-0.918936	-112.870613		
61	0.089014	750	-0.923251	-113.793864		
62	0.083273	750	-0.884151	-114.678015		
63	0.07776	750	-0.837824	-115.515839		
64	0.072472	750	-0.818987	-116.334825		
65	0.067406	750	-0.798554	-117.133379		
66	0.062558	750	-0.761118	-117.894497		
67	0.057926	750	-0.7125	-118.606997		
68	0.053506	750	-0.716697	-119.323695		
69	0.049295	750	-0.697794	-120.021489		
70	0.045289	750	-0.640377	-120.661865		
71	0.041485	750	-0.620114	-121.28198		
72	0.03788	750	-0.594199	-121.876179		
73	0.034469	750	-0.557845	-122.434023		
74	0.03125	750	-0.530178	-122.964202		
75	0.028218	750	-0.486811	-123.451012		
76	0.02537	750	-0.472499	-123.923512		
77	0.022702	750	-0.47206	-124.395571		
78	0.020209	750	-0.418014	-124.813585		
79	0.017889	750	-0.406374	-125.21996		
80	0.015736	750	-0.376482	-125.596442		
81	0.013746	750	-0.338022	-125.934464		
82	0.011916	750	-0.330816	-126.26528		
83	0.01024	750	-0.326246	-126.591526		
84	0.008714	750	-0.270448	-126.861975		
85	0.007334	750	-0.246443	-127.108418		
86	0.006093	750	-0.21367	-127.322087		
87	0.004988	750	-0.198202	-127.52029		
88	0.004013	750	-0.17712	-127.697409		
89	0.003162	750	-0.162626	-127.860035		
90	0.00243	750	-0.132761	-127.992796		
91	0.00181	750	-0.118691	-128.111487		
92	0.001296	750	-0.098204	-128.209692		
93	0.000882	750	-0.079763	-128.289455		
94	0.000559	750	-0.059972	-128.349427		
95	0.00032	750	-0.045303	-128.39473		
96	0.000156	750	-0.031149	-128.425879		
97	0.000057	750	-0.020491	-128.44637		
98	0.00001	750	-0.009902	-128.456273		
99	0	750	-0.001924	-128.458196		
Log marginal likelihood:	-128.458196					
0	0.975187	750	-2.941348	-2.941348		
1	0.950747	750	-2.905097	-5.846445		
2	0.926679	750	-2.835337	-8.681782		
3	0.90298	750	-2.78427	-11.466052		
4	0.879648	750	-2.764724	-14.230776		
5	0.856682	750	-2.724249	-16.955025		
6	0.834079	750	-2.651097	-19.606122		
7	0.811838	750	-2.655836	-22.261958		
8	0.789957	750	-2.582294	-24.844252		
9	0.768433	750	-2.552913	-27.397165		
10	0.747266	750	-2.495861	-29.893026		
11	0.726452	750	-2.495868	-32.388893		
12	0.705989	750	-2.427796	-34.816689		
13	0.685877	750	-2.409528	-37.226217		
14	0.666112	750	-2.353976	-39.580194		
15	0.646693	750	-2.324083	-41.904277		
16	0.627618	750	-2.309872	-44.214149		
17	0.608884	750	-2.272103	-46.486252		
18	0.59049	750	-2.205968	-48.692219		
19	0.572433	750	-2.182943	-50.875162		
20	0.554712	750	-2.138281	-53.013443		
21	0.537324	750	-2.104139	-55.117582		
22	0.520268	750	-2.072113	-57.189695		
23	0.50354	750	-2.025651	-59.215345		
24	0.487139	750	-2.025419	-61.240765		
25	0.471063	750	-1.963244	-63.204008		
26	0.45531	750	-1.901879	-65.105887		
27	0.439877	750	-1.878	-66.983888		
28	0.424762	750	-1.817436	-68.801323		
29	0.409963	750	-1.794139	-70.595463		
30	0.395478	750	-1.809195	-72.404658		
31	0.381305	750	-1.727928	-74.132586		
32	0.36744	750	-1.757958	-75.890545		
33	0.353883	750	-1.75455	-77.645095		
34	0.34063	750	-1.689308	-79.334403		
35	0.32768	750	-1.656383	-80.990786		
36	0.31503	750	-1.743606	-82.734392		
37	0.302677	750	-1.657579	-84.391972		
38	0.290619	750	-1.537525	-85.929497		
39	0.278855	750	-1.579181	-87.508678		
40	0.267381	750	-1.541122	-89.0498		
41	0.256195	750	-1.452391	-90.502191		
42	0.245294	750	-1.532704	-92.034895		
43	0.234677	750	-1.526233	-93.561127		
44	0.22434	750	-1.444015	-95.005142		
45	0.214281	750	-1.402594	-96.407736		
46	0.204498	750	-1.377099	-97.784836		
47	0.194988	750	-1.33197	-99.116806		
48	0.185749	750	-1.309818	-100.426623		
49	0.176777	750	-1.277976	-101.7046		
50	0.16807	750	-1.231014	-102.935614		
51	0.159626	750	-1.176534	-104.112148		
52	0.151441	750	-1.166338	-105.278486		
53	0.143514	750	-1.15995	-106.438437		
54	0.135841	750	-1.143323	-107.58176		
55	0.12842	750	-1.091095	-108.672855		
56	0.121247	750	-1.071168	-109.744023		
57	0.11432	750	-1.024853	-110.768876		
58	0.107637	750	-0.988545	-111.757421		
59	0.101193	750	-0.97924	-112.736661		
60	0.094986	750	-0.926223	-113.662884		
61	0.089014	750	-0.930479	-114.593363		
62	0.083273	750	-0.849129	-115.442492		
63	0.07776	750	-0.842964	-116.285457		
64	0.072472	750	-0.817637	-117.103094		
65	0.067406	750	-0.798353	-117.901446		
66	0.062558	750	-0.77769	-118.679136		
67	0.057926	750	-0.739926	-119.419062		
68	0.053506	750	-0.694083	-120.113144		
69	0.049295	750	-0.663988	-120.777132		
70	0.045289	750	-0.652908	-121.430041		
71	0.041485	750	-0.618645	-122.048685		
72	0.03788	750	-0.579395	-122.62808		
73	0.034469	750	-0.561364	-123.189445		
74	0.03125	750	-0.5482	-123.737644		
75	0.028218	750	-0.485357	-124.223002		
76	0.02537	750	-0.503927	-124.726929		
77	0.022702	750	-0.444435	-125.171364		
78	0.020209	750	-0.424656	-125.59602		
79	0.017889	750	-0.397113	-125.993132		
80	0.015736	750	-0.373535	-126.366668		
81	0.013746	750	-0.334331	-126.700999		
82	0.011916	750	-0.340764	-127.041763		
83	0.01024	750	-0.298244	-127.340007		
84	0.008714	750	-0.270905	-127.610912		
85	0.007334	750	-0.263333	-127.874245		
86	0.006093	750	-0.217846	-128.092091		
87	0.004988	750	-0.202257	-128.294347		
88	0.004013	750	-0.171123	-128.46547		
89	0.003162	750	-0.162806	-128.628276		
90	0.00243	750	-0.156792	-128.785068		
91	0.00181	750	-0.11288	-128.897948		
92	0.001296	750	-0.100927	-128.998875		
93	0.000882	750	-0.081645	-129.08052		
94	0.000559	750	-0.061512	-129.142032		
95	0.00032	750	-0.042634	-129.184665		
96	0.000156	750	-0.033977	-129.218642		
97	0.000057	750	-0.019459	-129.238102		
98	0.00001	750	-0.009137	-129.247238		
99	0	750	-0.001802	-129.249041		
Log marginal likelihood:	-129.249041					
0	0.975187	750	-2.927207	-2.927207		
1	0.950747	750	-2.911921	-5.839127		
2	0.926679	750	-2.861755	-8.700882		
3	0.90298	750	-2.836512	-11.537394		
4	0.879648	750	-2.823631	-14.361026		
5	0.856682	750	-2.737633	-17.098659		
6	0.834079	750	-2.721728	-19.820387		
7	0.811838	750	-2.650312	-22.470699		
8	0.789957	750	-2.646218	-25.116917		
9	0.768433	750	-2.556041	-27.672958		
10	0.747266	750	-2.556314	-30.229272		
11	0.726452	750	-2.504471	-32.733743		
12	0.705989	750	-2.483152	-35.216895		
13	0.685877	750	-2.399589	-37.616484		
14	0.666112	750	-2.415642	-40.032126		
15	0.646693	750	-2.368355	-42.400481		
16	0.627618	750	-2.28942	-44.689901		
17	0.608884	750	-2.335927	-47.025828		
18	0.59049	750	-2.37638	-49.402208		
19	0.572433	750	-2.283555	-51.685762		
20	0.554712	750	-2.209137	-53.894899		
21	0.537324	750	-2.135328	-56.030227		
22	0.520268	750	-2.090769	-58.120996		
23	0.50354	750	-2.054841	-60.175837		
24	0.487139	750	-1.984453	-62.16029		
25	0.471063	750	-2.025572	-64.185862		
26	0.45531	750	-2.060819	-66.246681		
27	0.439877	750	-2.040112	-68.286793		
28	0.424762	750	-2.148483	-70.435275		
29	0.409963	750	-1.885491	-72.320766		
30	0.395478	750	-1.845064	-74.16583		
31	0.381305	750	-1.780187	-75.946017		
32	0.36744	750	-1.869838	-77.815855		
33	0.353883	750	-1.751541	-79.567396		
34	0.34063	750	-1.839988	-81.407384		
35	0.32768	750	-1.791631	-83.199015		
36	0.31503	750	-1.721345	-84.92036		
37	0.302677	750	-1.74739	-86.667749		
38	0.290619	750	-1.648561	-88.316311		
39	0.278855	750	-1.595984	-89.912294		
40	0.267381	750	-1.59782	-91.510115		
41	0.256195	750	-1.627267	-93.137382		
42	0.245294	750	-1.519519	-94.6569		
43	0.234677	750	-1.515799	-96.172699		
44	0.22434	750	-1.518898	-97.691597		
45	0.214281	750	-1.430046	-99.121643		
46	0.204498	750	-1.414111	-100.535754		
47	0.194988	750	-1.34195	-101.877704		
48	0.185749	750	-1.353595	-103.231299		
49	0.176777	750	-1.309343	-104.540642		
50	0.16807	750	-1.307455	-105.848096		
51	0.159626	750	-1.221173	-107.069269		
52	0.151441	750	-1.198487	-108.267756		
53	0.143514	750	-1.166797	-109.434553		
54	0.135841	750	-1.128974	-110.563527		
55	0.12842	750	-1.11848	-111.682007		
56	0.121247	750	-1.07856	-112.760567		
57	0.11432	750	-1.042967	-113.803534		
58	0.107637	750	-1.021135	-114.82467		
59	0.101193	750	-0.965732	-115.790402		
60	0.094986	750	-0.949028	-116.739429		
61	0.089014	750	-0.925852	-117.665281		
62	0.083273	750	-0.87582	-118.541101		
63	0.07776	750	-0.851705	-119.392807		
64	0.072472	750	-0.821493	-120.214299		
65	0.067406	750	-0.805717	-121.020016		
66	0.062558	750	-0.765708	-121.785725		
67	0.057926	750	-0.722569	-122.508294		
68	0.053506	750	-0.68644	-123.194734		
69	0.049295	750	-0.684795	-123.879529		
70	0.045289	750	-0.673495	-124.553024		
71	0.041485	750	-0.629637	-125.182661		
72	0.03788	750	-0.58069	-125.76335		
73	0.034469	750	-0.558635	-126.321985		
74	0.03125	750	-0.530988	-126.852973		
75	0.028218	750	-0.492284	-127.345257		
76	0.02537	750	-0.506418	-127.851675		
77	0.022702	750	-0.454464	-128.306139		
78	0.020209	750	-0.418915	-128.725054		
79	0.017889	750	-0.389444	-129.114499		
80	0.015736	750	-0.369419	-129.483917		
81	0.013746	750	-0.346918	-129.830835		
82	0.011916	750	-0.323718	-130.154553		
83	0.01024	750	-0.28996	-130.444513		
84	0.008714	750	-0.295207	-130.73972		
85	0.007334	750	-0.249517	-130.989237		
86	0.006093	750	-0.217529	-131.206766		
87	0.004988	750	-0.198871	-131.405636		
88	0.004013	750	-0.193719	-131.599355		
89	0.003162	750	-0.154887	-131.754242		
90	0.00243	750	-0.135753	-131.889995		
91	0.00181	750	-0.122185	-132.012181		
92	0.001296	750	-0.094939	-132.10712		
93	0.000882	750	-0.076411	-132.183531		
94	0.000559	750	-0.064435	-132.247966		
95	0.00032	750	-0.046878	-132.294843		
96	0.000156	750	-0.032109	-132.326952		
97	0.000057	750	-0.021255	-132.348207		
98	0.00001	750	-0.008758	-132.356965		
99	0	750	-0.001927	-132.358892		
Log marginal likelihood:	-132.358892					
0	0.975187	750	-2.717268	-2.717268		
1	0.950747	750	-2.671809	-5.389077		
2	0.926679	750	-2.633776	-8.022853		
3	0.90298	750	-2.595935	-10.618788		
4	0.879648	750	-2.552308	-13.171096		
5	0.856682	750	-2.548571	-15.719667		
6	0.834079	750	-2.505122	-18.224789		
7	0.811838	750	-2.478148	-20.702937		
8	0.789957	750	-2.417057	-23.119994		
9	0.768433	750	-2.42223	-25.542225		
10	0.747266	750	-2.327938	-27.870162		
11	0.726452	750	-2.337542	-30.207705		
12	0.705989	750	-2.276768	-32.484473		
13	0.685877	750	-2.267589	-34.752061		
14	0.666112	750	-2.24535	-36.997411		
15	0.646693	750	-2.15845	-39.155861		
16	0.627618	750	-2.170796	-41.326658		
17	0.608884	750	-2.122676	-43.449333		
18	0.59049	750	-2.087799	-45.537132		
19	0.572433	750	-2.017224	-47.554357		
20	0.554712	750	-2.029364	-49.583721		
21	0.537324	750	-2.017827	-51.601548		
22	0.520268	750	-1.984829	-53.586377		
23	0.50354	750	-1.958357	-55.544734		
24	0.487139	750	-1.91381	-57.458544		
25	0.471063	750	-1.871321	-59.329865		
26	0.45531	750	-1.819929	-61.149794		
27	0.439877	750	-1.81416	-62.963954		
28	0.424762	750	-1.742064	-64.706018		
29	0.409963	750	-1.798001	-66.504019		
30	0.395478	750	-1.86216	-68.366179		
31	0.381305	750	-1.649282	-70.015461		
32	0.36744	750	-1.629527	-71.644988		
33	0.353883	750	-1.60314	-73.248128		
34	0.34063	750	-1.567206	-74.815334		
35	0.32768	750	-1.574484	-76.389818		
36	0.31503	750	-1.649711	-78.039528		
37	0.302677	750	-1.659628	-79.699156		
38	0.290619	750	-1.532156	-81.231312		
39	0.278855	750	-1.472819	-82.704131		
40	0.267381	750	-1.519901	-84.224032		
41	0.256195	750	-1.478754	-85.702785		
42	0.245294	750	-1.433163	-87.135948		
43	0.234677	750	-1.405884	-88.541832		
44	0.22434	750	-1.331531	-89.873363		
45	0.214281	750	-1.326892	-91.200255		
46	0.204498	750	-1.283487	-92.483742		
47	0.194988	750	-1.26716	-93.750902		
48	0.185749	750	-1.247498	-94.998401		
49	0.176777	750	-1.230383	-96.228784		
50	0.16807	750	-1.229082	-97.457866		
51	0.159626	750	-1.165357	-98.623223		
52	0.151441	750	-1.176027	-99.79925		
53	0.143514	750	-1.117416	-100.916666		
54	0.135841	750	-1.096177	-102.012843		
55	0.12842	750	-1.101053	-103.113897		
56	0.121247	750	-1.03204	-104.145937		
57	0.11432	750	-1.024303	-105.170239		
58	0.107637	750	-0.970651	-106.140891		
59	0.101193	750	-0.913173	-107.054063		
60	0.094986	750	-0.889322	-107.943386		
61	0.089014	750	-0.878304	-108.821689		
62	0.083273	750	-0.866084	-109.687773		
63	0.07776	750	-0.817143	-110.504917		
64	0.072472	750	-0.821342	-111.326258		
65	0.067406	750	-0.752341	-112.078599		
66	0.062558	750	-0.720274	-112.798872		
67	0.057926	750	-0.716881	-113.515754		
68	0.053506	750	-0.683456	-114.199209		
69	0.049295	750	-0.664206	-114.863415		
70	0.045289	750	-0.602722	-115.466137		
71	0.041485	750	-0.601672	-116.067809		
72	0.03788	750	-0.606055	-116.673864		
73	0.034469	750	-0.532787	-117.206651		
74	0.03125	750	-0.517387	-117.724038		
75	0.028218	750	-0.500262	-118.2243		
76	0.02537	750	-0.477106	-118.701406		
77	0.022702	750	-0.434464	-119.13587		
78	0.020209	750	-0.430481	-119.566351		
79	0.017889	750	-0.408105	-119.974456		
80	0.015736	750	-0.398082	-120.372538		
81	0.013746	750	-0.340911	-120.713449		
82	0.011916	750	-0.301834	-121.015283		
83	0.01024	750	-0.288357	-121.30364		
84	0.008714	750	-0.258211	-121.561851		
85	0.007334	750	-0.278868	-121.840719		
86	0.006093	750	-0.210108	-122.050827		
87	0.004988	750	-0.193454	-122.24428		
88	0.004013	750	-0.17607	-122.42035		
89	0.003162	750	-0.150764	-122.571114		
90	0.00243	750	-0.141436	-122.71255		
91	0.00181	750	-0.112942	-122.825492		
92	0.001296	750	-0.096901	-122.922394		
93	0.000882	750	-0.076443	-122.998837		
94	0.000559	750	-0.062559	-123.061396		
95	0.00032	750	-0.044676	-123.106072		
96	0.000156	750	-0.031025	-123.137097		
97	0.000057	750	-0.018943	-123.15604		
98	0.00001	750	-0.009194	-123.165234		
99	0	750	-0.001881	-123.167115		
Log marginal likelihood:	-123.167115					
0	0.975187	750	-3.01704	-3.01704		
1	0.950747	750	-2.966753	-5.983793		
2	0.926679	750	-2.940924	-8.924716		
3	0.90298	750	-2.919538	-11.844255		
4	0.879648	750	-2.854986	-14.699241		
5	0.856682	750	-2.849063	-17.548305		
6	0.834079	750	-2.810046	-20.358351		
7	0.811838	750	-2.798503	-23.156855		
8	0.789957	750	-2.734746	-25.8916		
9	0.768433	750	-2.753269	-28.64487		
10	0.747266	750	-2.638647	-31.283516		
11	0.726452	750	-2.614217	-33.897733		
12	0.705989	750	-2.560488	-36.458221		
13	0.685877	750	-2.620793	-39.079014		
14	0.666112	750	-2.585563	-41.664578		
15	0.646693	750	-2.508822	-44.173399		
16	0.627618	750	-2.41607	-46.589469		
17	0.608884	750	-2.444502	-49.033971		
18	0.59049	750	-2.309086	-51.343057		
19	0.572433	750	-2.430433	-53.77349		
20	0.554712	750	-2.210565	-55.984055		
21	0.537324	750	-2.168008	-58.152063		
22	0.520268	750	-2.168683	-60.320746		
23	0.50354	750	-2.191611	-62.512357		
24	0.487139	750	-2.147375	-64.659731		
25	0.471063	750	-2.127024	-66.786755		
26	0.45531	750	-2.14623	-68.932985		
27	0.439877	750	-2.052546	-70.985531		
28	0.424762	750	-2.075431	-73.060962		
29	0.409963	750	-1.962	-75.022962		
30	0.395478	750	-1.856806	-76.879768		
31	0.381305	750	-1.937112	-78.81688		
32	0.36744	750	-1.869432	-80.686312		
33	0.353883	750	-1.822636	-82.508948		
34	0.34063	750	-1.821931	-84.330879		
35	0.32768	750	-1.787074	-86.117953		
36	0.31503	750	-1.711415	-87.829368		
37	0.302677	750	-1.690934	-89.520303		
38	0.290619	750	-1.663012	-91.183314		
39	0.278855	750	-1.637441	-92.820755		
40	0.267381	750	-1.600617	-94.421372		
41	0.256195	750	-1.589813	-96.011184		
42	0.245294	750	-1.554464	-97.565648		
43	0.234677	750	-1.465671	-99.031319		
44	0.22434	750	-1.458232	-100.489551		
45	0.214281	750	-1.423418	-101.912969		
46	0.204498	750	-1.384579	-103.297548		
47	0.194988	750	-1.352988	-104.650536		
48	0.185749	750	-1.311165	-105.961701		
49	0.176777	750	-1.282645	-107.244346		
50	0.16807	750	-1.255531	-108.499876		
51	0.159626	750	-1.206009	-109.705886		
52	0.151441	750	-1.185191	-110.891077		
53	0.143514	750	-1.154316	-112.045393		
54	0.135841	750	-1.120546	-113.165939		
55	0.12842	750	-1.074253	-114.240192		
56	0.121247	750	-1.059079	-115.299271		
57	0.11432	750	-1.010385	-116.309657		
58	0.107637	750	-0.984023	-117.29368		
59	0.101193	750	-0.945709	-118.239389		
60	0.094986	750	-0.940725	-119.180113		
61	0.089014	750	-0.911441	-120.091555		
62	0.083273	750	-0.856418	-120.947972		
63	0.07776	750	-0.840813	-121.788785		
64	0.072472	750	-0.815679	-122.604464		
65	0.067406	750	-0.797297	-123.401761		
66	0.062558	750	-0.770524	-124.172285		
67	0.057926	750	-0.705531	-124.877816		
68	0.053506	750	-0.669815	-125.547631		
69	0.049295	750	-0.67824	-126.225871		
70	0.045289	750	-0.646181	-126.872052		
71	0.041485	750	-0.610433	-127.482485		
72	0.03788	750	-0.584578	-128.067063		
73	0.034469	750	-0.560599	-128.627661		
74	0.03125	750	-0.536217	-129.163879		
75	0.028218	750	-0.521127	-129.685006		
76	0.02537	750	-0.468541	-130.153547		
77	0.022702	750	-0.447223	-130.60077		
78	0.020209	750	-0.441857	-131.042627		
79	0.017889	750	-0.397025	-131.439652		
80	0.015736	750	-0.370988	-131.81064		
81	0.013746	750	-0.33847	-132.149111		
82	0.011916	750	-0.317831	-132.466941		
83	0.01024	750	-0.294031	-132.760972		
84	0.008714	750	-0.273036	-133.034008		
85	0.007334	750	-0.257917	-133.291926		
86	0.006093	750	-0.220695	-133.512621		
87	0.004988	750	-0.201615	-133.714235		
88	0.004013	750	-0.183642	-133.897877		
89	0.003162	750	-0.154535	-134.052412		
90	0.00243	750	-0.153331	-134.205743		
91	0.00181	750	-0.117078	-134.322821		
92	0.001296	750	-0.102768	-134.425589		
93	0.000882	750	-0.080535	-134.506125		
94	0.000559	750	-0.061177	-134.567301		
95	0.00032	750	-0.048659	-134.61596		
96	0.000156	750	-0.032953	-134.648913		
97	0.000057	750	-0.020819	-134.669732		
98	0.00001	750	-0.009442	-134.679174		
99	0	750	-0.001978	-134.681153		
Log marginal likelihood:	-134.681153					
0	0.975187	750	-2.598412	-2.598412		
1	0.950747	750	-2.571079	-5.169491		
2	0.926679	750	-2.534813	-7.704303		
3	0.90298	750	-2.579849	-10.284152		
4	0.879648	750	-2.485888	-12.77004		
5	0.856682	750	-2.455897	-15.225936		
6	0.834079	750	-2.403112	-17.629048		
7	0.811838	750	-2.370958	-20.000006		
8	0.789957	750	-2.345381	-22.345388		
9	0.768433	750	-2.329288	-24.674675		
10	0.747266	750	-2.288412	-26.963087		
11	0.726452	750	-2.313313	-29.2764		
12	0.705989	750	-2.200252	-31.476653		
13	0.685877	750	-2.190609	-33.667262		
14	0.666112	750	-2.27745	-35.944712		
15	0.646693	750	-2.16796	-38.112671		
16	0.627618	750	-2.07927	-40.191942		
17	0.608884	750	-2.097611	-42.289553		
18	0.59049	750	-1.992754	-44.282306		
19	0.572433	750	-2.01536	-46.297666		
20	0.554712	750	-1.999335	-48.297002		
21	0.537324	750	-1.9511	-50.248101		
22	0.520268	750	-1.844584	-52.092685		
23	0.50354	750	-1.928702	-54.021388		
24	0.487139	750	-1.907999	-55.929386		
25	0.471063	750	-1.832206	-57.761592		
26	0.45531	750	-1.769695	-59.531287		
27	0.439877	750	-1.814997	-61.346284		
28	0.424762	750	-1.7106	-63.056884		
29	0.409963	750	-1.732015	-64.7889		
30	0.395478	750	-1.64064	-66.429539		
31	0.381305	750	-1.676384	-68.105923		
32	0.36744	750	-1.646176	-69.752099		
33	0.353883	750	-1.594653	-71.346752		
34	0.34063	750	-1.570229	-72.916981		
35	0.32768	750	-1.560515	-74.477496		
36	0.31503	750	-1.518996	-75.996492		
37	0.302677	750	-1.454777	-77.451269		
38	0.290619	750	-1.481111	-78.932379		
39	0.278855	750	-1.397417	-80.329797		
40	0.267381	750	-1.441486	-81.771283		
41	0.256195	750	-1.353415	-83.124698		
42	0.245294	750	-1.500597	-84.625295		
43	0.234677	750	-1.35946	-85.984755		
44	0.22434	750	-1.3932	-87.377955		
45	0.214281	750	-1.358916	-88.736871		
46	0.204498	750	-1.263656	-90.000527		
47	0.194988	750	-1.266214	-91.266741		
48	0.185749	750	-1.233617	-92.500358		
49	0.176777	750	-1.243887	-93.744245		
50	0.16807	750	-1.226469	-94.970715		
51	0.159626	750	-1.151597	-96.122311		
52	0.151441	750	-1.168111	-97.290422		
53	0.143514	750	-1.109036	-98.399459		
54	0.135841	750	-1.11559	-99.515049		
55	0.12842	750	-1.06617	-100.58122		
56	0.121247	750	-1.030501	-101.61172		
57	0.11432	750	-0.982855	-102.594575		
58	0.107637	750	-0.975375	-103.56995		
59	0.101193	750	-0.948239	-104.518189		
60	0.094986	750	-0.869267	-105.387456		
61	0.089014	750	-0.894019	-106.281475		
62	0.083273	750	-0.871565	-107.15304		
63	0.07776	750	-0.833552	-107.986591		
64	0.072472	750	-0.811467	-108.798058		
65	0.067406	750	-0.748523	-109.546581		
66	0.062558	750	-0.74364	-110.290221		
67	0.057926	750	-0.693157	-110.983378		
68	0.053506	750	-0.665084	-111.648463		
69	0.049295	750	-0.645501	-112.293963		
70	0.045289	750	-0.625139	-112.919102		
71	0.041485	750	-0.606997	-113.5261		
72	0.03788	750	-0.561252	-114.087352		
73	0.034469	750	-0.543476	-114.630828		
74	0.03125	750	-0.51594	-115.146768		
75	0.028218	750	-0.494544	-115.641312		
76	0.02537	750	-0.478781	-116.120094		
77	0.022702	750	-0.452939	-116.573033		
78	0.020209	750	-0.41247	-116.985503		
79	0.017889	750	-0.417036	-117.402538		
80	0.015736	750	-0.366709	-117.769247		
81	0.013746	750	-0.329843	-118.09909		
82	0.011916	750	-0.315258	-118.414348		
83	0.01024	750	-0.297181	-118.711529		
84	0.008714	750	-0.258283	-118.969813		
85	0.007334	750	-0.230488	-119.200301		
86	0.006093	750	-0.222754	-119.423055		
87	0.004988	750	-0.215859	-119.638914		
88	0.004013	750	-0.172555	-119.811469		
89	0.003162	750	-0.162111	-119.973579		
90	0.00243	750	-0.131557	-120.105136		
91	0.00181	750	-0.113954	-120.21909		
92	0.001296	750	-0.098101	-120.317192		
93	0.000882	750	-0.080538	-120.39773		
94	0.000559	750	-0.058736	-120.456465		
95	0.00032	750	-0.042283	-120.498749		
96	0.000156	750	-0.032859	-120.531608		
97	0.000057	750	-0.018225	-120.549832		
98	0.00001	750	-0.008704	-120.558536		
99	0	750	-0.001904	-120.56044		
Log marginal likelihood:	-120.56044					
0	0.975187	750	-3.02446	-3.02446		
1	0.950747	750	-2.974089	-5.998549		
2	0.926679	750	-2.944298	-8.942847		
3	0.90298	750	-2.882246	-11.825093		
4	0.879648	750	-2.879549	-14.704642		
5	0.856682	750	-2.828766	-17.533408		
6	0.834079	750	-2.763942	-20.297349		
7	0.811838	750	-2.737167	-23.034516		
8	0.789957	750	-2.703908	-25.738424		
9	0.768433	750	-2.662929	-28.401354		
10	0.747266	750	-2.605026	-31.00638		
11	0.726452	750	-2.633653	-33.640033		
12	0.705989	750	-2.509672	-36.149705		
13	0.685877	750	-2.561382	-38.711088		
14	0.666112	750	-2.497845	-41.208932		
15	0.646693	750	-2.494539	-43.703472		
16	0.627618	750	-2.46105	-46.164522		
17	0.608884	750	-2.430927	-48.595449		
18	0.59049	750	-2.33448	-50.929929		
19	0.572433	750	-2.255439	-53.185368		
20	0.554712	750	-2.257438	-55.442806		
21	0.537324	750	-2.261541	-57.704348		
22	0.520268	750	-2.324343	-60.028691		
23	0.50354	750	-2.267174	-62.295865		
24	0.487139	750	-2.09358	-64.389445		
25	0.471063	750	-2.089007	-66.478452		
26	0.45531	750	-2.114296	-68.592748		
27	0.439877	750	-2.062686	-70.655434		
28	0.424762	750	-2.035984	-72.691419		
29	0.409963	750	-2.073457	-74.764876		
30	0.395478	750	-2.01038	-76.775255		
31	0.381305	750	-1.869644	-78.644899		
32	0.36744	750	-1.874158	-80.519057		
33	0.353883	750	-1.870142	-82.389199		
34	0.34063	750	-1.822187	-84.211386		
35	0.32768	750	-1.82208	-86.033467		
36	0.31503	750	-1.752245	-87.785711		
37	0.302677	750	-1.733043	-89.518754		
38	0.290619	750	-1.696063	-91.214818		
39	0.278855	750	-1.681158	-92.895976		
40	0.267381	750	-1.663707	-94.559683		
41	0.256195	750	-1.597188	-96.156871		
42	0.245294	750	-1.582725	-97.739595		
43	0.234677	750	-1.560323	-99.299918		
44	0.22434	750	-1.480456	-100.780374		
45	0.214281	750	-1.446582	-102.226957		
46	0.204498	750	-1.417696	-103.644653		
47	0.194988	750	-1.382032	-105.026684		
48	0.185749	750	-1.365453	-106.392137		
49	0.176777	750	-1.31296	-107.705098		
50	0.16807	750	-1.267919	-108.973017		
51	0.159626	750	-1.242525	-110.215542		
52	0.151441	750	-1.161044	-111.376585		
53	0.143514	750	-1.175481	-112.552067		
54	0.135841	750	-1.145864	-113.697931		
55	0.12842	750	-1.110105	-114.808036		
56	0.121247	750	-1.061437	-115.869473		
57	0.11432	750	-1.028399	-116.897872		
58	0.107637	750	-1.017177	-117.91505		
59	0.101193	750	-0.984085	-118.899135		
60	0.094986	750	-0.952479	-119.851614		
61	0.089014	750	-0.924876	-120.77649		
62	0.083273	750	-0.867919	-121.644409		
63	0.07776	750	-0.833252	-122.477661		
64	0.072472	750	-0.854546	-123.332206		
65	0.067406	750	-0.790961	-124.123168		
66	0.062558	750	-0.747654	-124.870821		
67	0.057926	750	-0.733932	-125.604753		
68	0.053506	750	-0.702402	-126.307156		
69	0.049295	750	-0.678961	-126.986117		
70	0.045289	750	-0.642476	-127.628593		
71	0.041485	750	-0.627847	-128.25644		
72	0.03788	750	-0.623594	-128.880034		
73	0.034469	750	-0.546974	-129.427008		
74	0.03125	750	-0.541841	-129.968849		
75	0.028218	750	-0.506036	-130.474884		
76	0.02537	750	-0.476832	-130.951716		
77	0.022702	750	-0.457585	-131.409301		
78	0.020209	750	-0.42181	-131.831111		
79	0.017889	750	-0.391055	-132.222166		
80	0.015736	750	-0.372328	-132.594494		
81	0.013746	750	-0.356581	-132.951075		
82	0.011916	750	-0.327041	-133.278116		
83	0.01024	750	-0.297154	-133.575271		
84	0.008714	750	-0.261681	-133.836952		
85	0.007334	750	-0.249465	-134.086416		
86	0.006093	750	-0.222742	-134.309158		
87	0.004988	750	-0.205584	-134.514742		
88	0.004013	750	-0.177907	-134.692649		
89	0.003162	750	-0.160091	-134.85274		
90	0.00243	750	-0.138998	-134.991738		
91	0.00181	750	-0.119871	-135.111609		
92	0.001296	750	-0.112486	-135.224095		
93	0.000882	750	-0.078894	-135.302989		
94	0.000559	750	-0.064774	-135.367762		
95	0.00032	750	-0.044589	-135.412351		
96	0.000156	750	-0.029728	-135.442079		
97	0.000057	750	-0.018689	-135.460768		
98	0.00001	750	-0.009497	-135.470266		
99	0	750	-0.001955	-135.47222		
Log marginal likelihood:	-135.47222					
0	0.975187	750	-2.435255	-2.435255		
1	0.950747	750	-2.425976	-4.861232		
2	0.926679	750	-2.401574	-7.262805		
3	0.90298	750	-2.381502	-9.644308		
4	0.879648	750	-2.338653	-11.98296		
5	0.856682	750	-2.352564	-14.335524		
6	0.834079	750	-2.403607	-16.739131		
7	0.811838	750	-2.31506	-19.054191		
8	0.789957	750	-2.216001	-21.270192		
9	0.768433	750	-2.237418	-23.50761		
10	0.747266	750	-2.192875	-25.700485		
11	0.726452	750	-2.187462	-27.887947		
12	0.705989	750	-2.108871	-29.996818		
13	0.685877	750	-2.152386	-32.149204		
14	0.666112	750	-2.036518	-34.185722		
15	0.646693	750	-2.05285	-36.238572		
16	0.627618	750	-1.939401	-38.177973		
17	0.608884	750	-1.935593	-40.113567		
18	0.59049	750	-1.96566	-42.079227		
19	0.572433	750	-1.921822	-44.001049		
20	0.554712	750	-1.973358	-45.974407		
21	0.537324	750	-1.902477	-47.876884		
22	0.520268	750	-1.887848	-49.764732		
23	0.50354	750	-1.80855	-51.573282		
24	0.487139	750	-1.776476	-53.349759		
25	0.471063	750	-1.766565	-55.116324		
26	0.45531	750	-1.775847	-56.892171		
27	0.439877	750	-1.806445	-58.698616		
28	0.424762	750	-1.70051	-60.399126		
29	0.409963	750	-1.738709	-62.137835		
30	0.395478	750	-1.70038	-63.838214		
31	0.381305	750	-1.631503	-65.469717		
32	0.36744	750	-1.598649	-67.068366		
33	0.353883	750	-1.518945	-68.587311		
34	0.34063	750	-1.560044	-70.147356		
35	0.32768	750	-1.506893	-71.654249		
36	0.31503	750	-1.478386	-73.132635		
37	0.302677	750	-1.473082	-74.605717		
38	0.290619	750	-1.424639	-76.030356		
39	0.278855	750	-1.351558	-77.381914		
40	0.267381	750	-1.316804	-78.698718		
41	0.256195	750	-1.345087	-80.043805		
42	0.245294	750	-1.330561	-81.374365		
43	0.234677	750	-1.26388	-82.638246		
44	0.22434	750	-1.323037	-83.961283		
45	0.214281	750	-1.226731	-85.188014		
46	0.204498	750	-1.243517	-86.43153		
47	0.194988	750	-1.300819	-87.73235		
48	0.185749	750	-1.203856	-88.936205		
49	0.176777	750	-1.180053	-90.116258		
50	0.16807	750	-1.074974	-91.191232		
51	0.159626	750	-1.090262	-92.281494		
52	0.151441	750	-1.105067	-93.386561		
53	0.143514	750	-1.03498	-94.421541		
54	0.135841	750	-1.057491	-95.479031		
55	0.12842	750	-0.982457	-96.461488		
56	0.121247	750	-0.976882	-97.43837		
57	0.11432	750	-0.968336	-98.406706		
58	0.107637	750	-0.911344	-99.318051		
59	0.101193	750	-0.867083	-100.185134		
60	0.094986	750	-0.896851	-101.081985		
61	0.089014	750	-0.822628	-101.904614		
62	0.083273	750	-0.838026	-102.74264		
63	0.07776	750	-0.801813	-103.544453		
64	0.072472	750	-0.753399	-104.297852		
65	0.067406	750	-0.75197	-105.049822		
66	0.062558	750	-0.701458	-105.751281		
67	0.057926	750	-0.711213	-106.462494		
68	0.053506	750	-0.657034	-107.119528		
69	0.049295	750	-0.681013	-107.800541		
70	0.045289	750	-0.595348	-108.395889		
71	0.041485	750	-0.584241	-108.98013		
72	0.03788	750	-0.555016	-109.535146		
73	0.034469	750	-0.550256	-110.085402		
74	0.03125	750	-0.520376	-110.605778		
75	0.028218	750	-0.483183	-111.088961		
76	0.02537	750	-0.457529	-111.54649		
77	0.022702	750	-0.42836	-111.97485		
78	0.020209	750	-0.407326	-112.382176		
79	0.017889	750	-0.386028	-112.768204		
80	0.015736	750	-0.350386	-113.11859		
81	0.013746	750	-0.335609	-113.454199		
82	0.011916	750	-0.301747	-113.755946		
83	0.01024	750	-0.298879	-114.054825		
84	0.008714	750	-0.260811	-114.315636		
85	0.007334	750	-0.239434	-114.55507		
86	0.006093	750	-0.223206	-114.778277		
87	0.004988	750	-0.200988	-114.979264		
88	0.004013	750	-0.177707	-115.156971		
89	0.003162	750	-0.154361	-115.311332		
90	0.00243	750	-0.128665	-115.439998		
91	0.00181	750	-0.111775	-115.551773		
92	0.001296	750	-0.106252	-115.658024		
93	0.000882	750	-0.073712	-115.731737		
94	0.000559	750	-0.059055	-115.790792		
95	0.00032	750	-0.042063	-115.832854		
96	0.000156	750	-0.029268	-115.862122		
97	0.000057	750	-0.017956	-115.880079		
98	0.00001	750	-0.00824	-115.888319		
99	0	750	-0.001809	-115.890128		
Log marginal likelihood:	-115.890128					
0	0.975187	750	-2.785356	-2.785356		
1	0.950747	750	-2.764116	-5.549471		
2	0.926679	750	-2.710563	-8.260034		
3	0.90298	750	-2.656635	-10.916669		
4	0.879648	750	-2.628592	-13.545261		
5	0.856682	750	-2.583895	-16.129156		
6	0.834079	750	-2.525799	-18.654955		
7	0.811838	750	-2.474883	-21.129838		
8	0.789957	750	-2.450102	-23.579939		
9	0.768433	750	-2.385955	-25.965894		
10	0.747266	750	-2.347947	-28.313841		
11	0.726452	750	-2.31676	-30.630601		
12	0.705989	750	-2.279398	-32.909999		
13	0.685877	750	-2.270065	-35.180063		
14	0.666112	750	-2.261047	-37.44111		
15	0.646693	750	-2.174226	-39.615336		
16	0.627618	750	-2.167136	-41.782472		
17	0.608884	750	-2.150067	-43.932539		
18	0.59049	750	-2.102694	-46.035233		
19	0.572433	750	-2.051351	-48.086584		
20	0.554712	750	-2.002653	-50.089237		
21	0.537324	750	-1.994389	-52.083626		
22	0.520268	750	-1.928627	-54.012253		
23	0.50354	750	-1.916134	-55.928387		
24	0.487139	750	-1.868323	-57.79671		
25	0.471063	750	-2.032405	-59.829115		
26	0.45531	750	-1.895854	-61.724969		
27	0.439877	750	-1.79537	-63.520339		
28	0.424762	750	-1.74663	-65.26697		
29	0.409963	750	-1.732594	-66.999564		
30	0.395478	750	-1.712819	-68.712383		
31	0.381305	750	-1.669525	-70.381908		
32	0.36744	750	-1.744733	-72.126641		
33	0.353883	750	-1.70263	-73.82927		
34	0.34063	750	-1.596442	-75.425712		
35	0.32768	750	-1.555611	-76.981323		
36	0.31503	750	-1.584777	-78.5661		
37	0.302677	750	-1.568995	-80.135096		
38	0.290619	750	-1.542262	-81.677358		
39	0.278855	750	-1.505408	-83.182766		
40	0.267381	750	-1.532303	-84.715068		
41	0.256195	750	-1.556186	-86.271255		
42	0.245294	750	-1.470288	-87.741543		
43	0.234677	750	-1.476959	-89.218501		
44	0.22434	750	-1.396719	-90.61522		
45	0.214281	750	-1.324364	-91.939585		
46	0.204498	750	-1.360251	-93.299835		
47	0.194988	750	-1.300478	-94.600313		
48	0.185749	750	-1.275563	-95.875876		
49	0.176777	750	-1.290136	-97.166013		
50	0.16807	750	-1.227596	-98.393609		
51	0.159626	750	-1.170549	-99.564159		
52	0.151441	750	-1.137341	-100.7015		
53	0.143514	750	-1.100045	-101.801545		
54	0.135841	750	-1.099102	-102.900647		
55	0.12842	750	-1.092395	-103.993042		
56	0.121247	750	-1.046761	-105.039803		
57	0.11432	750	-1.016944	-106.056747		
58	0.107637	750	-0.952111	-107.008858		
59	0.101193	750	-0.94929	-107.958147		
60	0.094986	750	-0.916322	-108.874469		
61	0.089014	750	-0.898361	-109.77283		
62	0.083273	750	-0.84863	-110.62146		
63	0.07776	750	-0.836884	-111.458344		
64	0.072472	750	-0.811895	-112.270239		
65	0.067406	750	-0.769464	-113.039703		
66	0.062558	750	-0.741169	-113.780872		
67	0.057926	750	-0.722398	-114.50327		
68	0.053506	750	-0.665912	-115.169182		
69	0.049295	750	-0.648383	-115.817565		
70	0.045289	750	-0.629668	-116.447233		
71	0.041485	750	-0.587961	-117.035194		
72	0.03788	750	-0.555948	-117.591142		
73	0.034469	750	-0.569245	-118.160387		
74	0.03125	750	-0.515584	-118.675972		
75	0.028218	750	-0.503844	-119.179816		
76	0.02537	750	-0.462178	-119.641994		
77	0.022702	750	-0.438938	-120.080932		
78	0.020209	750	-0.44157	-120.522502		
79	0.017889	750	-0.385167	-120.907669		
80	0.015736	750	-0.376143	-121.283812		
81	0.013746	750	-0.33885	-121.622662		
82	0.011916	750	-0.31905	-121.941712		
83	0.01024	750	-0.308931	-122.250643		
84	0.008714	750	-0.257934	-122.508577		
85	0.007334	750	-0.246293	-122.75487		
86	0.006093	750	-0.232918	-122.987788		
87	0.004988	750	-0.195311	-123.183099		
88	0.004013	750	-0.176951	-123.36005		
89	0.003162	750	-0.152123	-123.512173		
90	0.00243	750	-0.130902	-123.643076		
91	0.00181	750	-0.117723	-123.760799		
92	0.001296	750	-0.092233	-123.853032		
93	0.000882	750	-0.077907	-123.93094		
94	0.000559	750	-0.06067	-123.991609		
95	0.00032	750	-0.045705	-124.037315		
96	0.000156	750	-0.030966	-124.06828		
97	0.000057	750	-0.020458	-124.088738		
98	0.00001	750	-0.008642	-124.09738		
99	0	750	-0.0018	-124.09918		
Log marginal likelihood:	-124.09918					
0	0.975187	750	-2.872707	-2.872707		
1	0.950747	750	-2.827641	-5.700348		
2	0.926679	750	-2.792654	-8.493002		
3	0.90298	750	-2.74495	-11.237952		
4	0.879648	750	-2.710064	-13.948016		
5	0.856682	750	-2.742314	-16.69033		
6	0.834079	750	-2.679473	-19.369804		
7	0.811838	750	-2.659447	-22.029251		
8	0.789957	750	-2.551994	-24.581244		
9	0.768433	750	-2.501129	-27.082373		
10	0.747266	750	-2.532322	-29.614695		
11	0.726452	750	-2.451335	-32.06603		
12	0.705989	750	-2.503446	-34.569475		
13	0.685877	750	-2.415304	-36.984779		
14	0.666112	750	-2.418281	-39.40306		
15	0.646693	750	-2.350868	-41.753929		
16	0.627618	750	-2.272797	-44.026726		
17	0.608884	750	-2.300415	-46.327141		
18	0.59049	750	-2.256423	-48.583564		
19	0.572433	750	-2.20825	-50.791814		
20	0.554712	750	-2.10233	-52.894144		
21	0.537324	750	-2.12065	-55.014794		
22	0.520268	750	-2.153624	-57.168418		
23	0.50354	750	-2.14593	-59.314348		
24	0.487139	750	-2.099359	-61.413707		
25	0.471063	750	-1.937924	-63.35163		
26	0.45531	750	-1.94617	-65.297801		
27	0.439877	750	-1.956181	-67.253982		
28	0.424762	750	-1.898472	-69.152453		
29	0.409963	750	-1.857935	-71.010388		
30	0.395478	750	-1.796167	-72.806555		
31	0.381305	750	-1.814661	-74.621216		
32	0.36744	750	-1.803068	-76.424284		
33	0.353883	750	-1.709956	-78.134241		
34	0.34063	750	-1.720041	-79.854281		
35	0.32768	750	-1.66021	-81.514492		
36	0.31503	750	-1.653101	-83.167593		
37	0.302677	750	-1.59015	-84.757743		
38	0.290619	750	-1.643455	-86.401197		
39	0.278855	750	-1.562966	-87.964163		
40	0.267381	750	-1.616264	-89.580427		
41	0.256195	750	-1.513625	-91.094052		
42	0.245294	750	-1.479597	-92.57365		
43	0.234677	750	-1.466137	-94.039787		
44	0.22434	750	-1.441223	-95.48101		
45	0.214281	750	-1.404555	-96.885565		
46	0.204498	750	-1.352023	-98.237588		
47	0.194988	750	-1.351543	-99.589131		
48	0.185749	750	-1.257402	-100.846534		
49	0.176777	750	-1.27083	-102.117364		
50	0.16807	750	-1.219595	-103.336959		
51	0.159626	750	-1.130061	-104.46702		
52	0.151441	750	-1.178391	-105.64541		
53	0.143514	750	-1.13891	-106.78432		
54	0.135841	750	-1.123887	-107.908207		
55	0.12842	750	-1.066087	-108.974295		
56	0.121247	750	-1.097357	-110.071652		
57	0.11432	750	-1.032687	-111.104339		
58	0.107637	750	-1.019871	-112.12421		
59	0.101193	750	-0.944577	-113.068787		
60	0.094986	750	-0.906232	-113.975019		
61	0.089014	750	-0.880839	-114.855858		
62	0.083273	750	-0.860241	-115.716099		
63	0.07776	750	-0.816798	-116.532897		
64	0.072472	750	-0.781832	-117.314729		
65	0.067406	750	-0.783432	-118.098161		
66	0.062558	750	-0.739371	-118.837532		
67	0.057926	750	-0.723382	-119.560914		
68	0.053506	750	-0.69852	-120.259434		
69	0.049295	750	-0.661135	-120.920569		
70	0.045289	750	-0.66087	-121.581439		
71	0.041485	750	-0.594438	-122.175877		
72	0.03788	750	-0.571419	-122.747296		
73	0.034469	750	-0.536696	-123.283992		
74	0.03125	750	-0.523309	-123.8073		
75	0.028218	750	-0.511074	-124.318374		
76	0.02537	750	-0.484352	-124.802726		
77	0.022702	750	-0.45879	-125.261517		
78	0.020209	750	-0.433691	-125.695208		
79	0.017889	750	-0.400106	-126.095314		
80	0.015736	750	-0.370198	-126.465512		
81	0.013746	750	-0.345014	-126.810526		
82	0.011916	750	-0.317538	-127.128064		
83	0.01024	750	-0.291524	-127.419588		
84	0.008714	750	-0.282145	-127.701733		
85	0.007334	750	-0.243887	-127.94562		
86	0.006093	750	-0.231498	-128.177118		
87	0.004988	750	-0.19769	-128.374808		
88	0.004013	750	-0.175434	-128.550242		
89	0.003162	750	-0.155475	-128.705717		
90	0.00243	750	-0.131784	-128.837501		
91	0.00181	750	-0.118366	-128.955867		
92	0.001296	750	-0.090039	-129.045906		
93	0.000882	750	-0.075655	-129.12156		
94	0.000559	750	-0.059814	-129.181375		
95	0.00032	750	-0.049336	-129.230711		
96	0.000156	750	-0.031013	-129.261724		
97	0.000057	750	-0.01928	-129.281004		
98	0.00001	750	-0.009025	-129.290029		
99	0	750	-0.001787	-129.291816		
Log marginal likelihood:	-129.291816					
0	0.975187	750	-2.949392	-2.949392		
1	0.950747	750	-2.914233	-5.863625		
2	0.926679	750	-2.814265	-8.67789		
3	0.90298	750	-2.819704	-11.497594		
4	0.879648	750	-2.763176	-14.260771		
5	0.856682	750	-2.715649	-16.976419		
6	0.834079	750	-2.67876	-19.655179		
7	0.811838	750	-2.602269	-22.257449		
8	0.789957	750	-2.59609	-24.853539		
9	0.768433	750	-2.578951	-27.43249		
10	0.747266	750	-2.504535	-29.937025		
11	0.726452	750	-2.476323	-32.413348		
12	0.705989	750	-2.450005	-34.863353		
13	0.685877	750	-2.433614	-37.296967		
14	0.666112	750	-2.442614	-39.739581		
15	0.646693	750	-2.315167	-42.054748		
16	0.627618	750	-2.44857	-44.503319		
17	0.608884	750	-2.286062	-46.78938		
18	0.59049	750	-2.195941	-48.985321		
19	0.572433	750	-2.154737	-51.140058		
20	0.554712	750	-2.132339	-53.272397		
21	0.537324	750	-2.098958	-55.371355		
22	0.520268	750	-2.140999	-57.512354		
23	0.50354	750	-2.110094	-59.622448		
24	0.487139	750	-2.154213	-61.776661		
25	0.471063	750	-2.191743	-63.968405		
26	0.45531	750	-1.948527	-65.916932		
27	0.439877	750	-1.898223	-67.815156		
28	0.424762	750	-1.975935	-69.791091		
29	0.409963	750	-1.852644	-71.643735		
30	0.395478	750	-1.882155	-73.52589		
31	0.381305	750	-1.808027	-75.333917		
32	0.36744	750	-1.816464	-77.150381		
33	0.353883	750	-1.822574	-78.972955		
34	0.34063	750	-1.796297	-80.769253		
35	0.32768	750	-1.7538	-82.523053		
36	0.31503	750	-1.681068	-84.204121		
37	0.302677	750	-1.611869	-85.81599		
38	0.290619	750	-1.653196	-87.469186		
39	0.278855	750	-1.587809	-89.056996		
40	0.267381	750	-1.511062	-90.568057		
41	0.256195	750	-1.480909	-92.048967		
42	0.245294	750	-1.506008	-93.554975		
43	0.234677	750	-1.457245	-95.012219		
44	0.22434	750	-1.429346	-96.441566		
45	0.214281	750	-1.401136	-97.842702		
46	0.204498	750	-1.350842	-99.193544		
47	0.194988	750	-1.34771	-100.541254		
48	0.185749	750	-1.292009	-101.833263		
49	0.176777	750	-1.27071	-103.103973		
50	0.16807	750	-1.220206	-104.324179		
51	0.159626	750	-1.163552	-105.487731		
52	0.151441	750	-1.167427	-106.655158		
53	0.143514	750	-1.159328	-107.814486		
54	0.135841	750	-1.087843	-108.902329		
55	0.12842	750	-1.092311	-109.99464		
56	0.121247	750	-1.059357	-111.053998		
57	0.11432	750	-1.030948	-112.084946		
58	0.107637	750	-0.975562	-113.060508		
59	0.101193	750	-0.941083	-114.001591		
60	0.094986	750	-0.929785	-114.931375		
61	0.089014	750	-0.882501	-115.813877		
62	0.083273	750	-0.848226	-116.662103		
63	0.07776	750	-0.839443	-117.501546		
64	0.072472	750	-0.80463	-118.306176		
65	0.067406	750	-0.770126	-119.076303		
66	0.062558	750	-0.73197	-119.808272		
67	0.057926	750	-0.699789	-120.508061		
68	0.053506	750	-0.680066	-121.188127		
69	0.049295	750	-0.647962	-121.836089		
70	0.045289	750	-0.618252	-122.454341		
71	0.041485	750	-0.596311	-123.050653		
72	0.03788	750	-0.566731	-123.617384		
73	0.034469	750	-0.546084	-124.163467		
74	0.03125	750	-0.495546	-124.659013		
75	0.028218	750	-0.503412	-125.162425		
76	0.02537	750	-0.46679	-125.629215		
77	0.022702	750	-0.442571	-126.071786		
78	0.020209	750	-0.415114	-126.4869		
79	0.017889	750	-0.39574	-126.88264		
80	0.015736	750	-0.352049	-127.234688		
81	0.013746	750	-0.33067	-127.565358		
82	0.011916	750	-0.325735	-127.891093		
83	0.01024	750	-0.303756	-128.194849		
84	0.008714	750	-0.263096	-128.457946		
85	0.007334	750	-0.234644	-128.69259		
86	0.006093	750	-0.228826	-128.921416		
87	0.004988	750	-0.183627	-129.105043		
88	0.004013	750	-0.174793	-129.279835		
89	0.003162	750	-0.147587	-129.427422		
90	0.00243	750	-0.133771	-129.561193		
91	0.00181	750	-0.115208	-129.676401		
92	0.001296	750	-0.094975	-129.771376		
93	0.000882	750	-0.077328	-129.848704		
94	0.000559	750	-0.059238	-129.907942		
95	0.00032	750	-0.042786	-129.950728		
96	0.000156	750	-0.031249	-129.981977		
97	0.000057	750	-0.017897	-129.999874		
98	0.00001	750	-0.008763	-130.008637		
99	0	750	-0.001717	-130.010353		
Log marginal likelihood:	-130.010353					
0	0.975187	750	-2.784088	-2.784088		
1	0.950747	750	-2.769706	-5.553794		
2	0.926679	750	-2.754768	-8.308562		
3	0.90298	750	-2.698323	-11.006884		
4	0.879648	750	-2.649857	-13.656742		
5	0.856682	750	-2.621237	-16.277979		
6	0.834079	750	-2.563094	-18.841073		
7	0.811838	750	-2.535192	-21.376265		
8	0.789957	750	-2.544108	-23.920373		
9	0.768433	750	-2.536437	-26.45681		
10	0.747266	750	-2.438804	-28.895614		
11	0.726452	750	-2.393481	-31.289095		
12	0.705989	750	-2.34391	-33.633005		
13	0.685877	750	-2.361335	-35.994341		
14	0.666112	750	-2.266899	-38.261239		
15	0.646693	750	-2.239584	-40.500823		
16	0.627618	750	-2.209624	-42.710447		
17	0.608884	750	-2.190843	-44.90129		
18	0.59049	750	-2.12427	-47.025559		
19	0.572433	750	-2.10237	-49.12793		
20	0.554712	750	-2.049793	-51.177723		
21	0.537324	750	-2.070403	-53.248125		
22	0.520268	750	-2.057251	-55.305376		
23	0.50354	750	-2.057127	-57.362504		
24	0.487139	750	-1.879615	-59.242119		
25	0.471063	750	-1.915269	-61.157388		
26	0.45531	750	-1.902828	-63.060216		
27	0.439877	750	-1.843396	-64.903612		
28	0.424762	750	-1.853753	-66.757365		
29	0.409963	750	-1.782079	-68.539444		
30	0.395478	750	-1.79205	-70.331494		
31	0.381305	750	-1.737262	-72.068756		
32	0.36744	750	-1.767095	-73.835851		
33	0.353883	750	-1.684167	-75.520017		
34	0.34063	750	-1.652692	-77.172709		
35	0.32768	750	-1.675599	-78.848308		
36	0.31503	750	-1.544328	-80.392636		
37	0.302677	750	-1.543859	-81.936495		
38	0.290619	750	-1.620765	-83.557259		
39	0.278855	750	-1.684932	-85.242191		
40	0.267381	750	-1.536628	-86.778819		
41	0.256195	750	-1.493448	-88.272267		
42	0.245294	750	-1.485437	-89.757704		
43	0.234677	750	-1.501789	-91.259493		
44	0.22434	750	-1.429899	-92.689392		
45	0.214281	750	-1.423942	-94.113334		
46	0.204498	750	-1.313501	-95.426835		
47	0.194988	750	-1.342931	-96.769766		
48	0.185749	750	-1.337399	-98.107165		
49	0.176777	750	-1.284448	-99.391613		
50	0.16807	750	-1.271416	-100.663029		
51	0.159626	750	-1.225858	-101.888887		
52	0.151441	750	-1.194154	-103.08304		
53	0.143514	750	-1.112004	-104.195045		
54	0.135841	750	-1.105804	-105.300848		
55	0.12842	750	-1.035652	-106.336501		
56	0.121247	750	-1.05109	-107.387591		
57	0.11432	750	-1.033854	-108.421445		
58	0.107637	750	-0.994808	-109.416253		
59	0.101193	750	-0.959948	-110.376201		
60	0.094986	750	-0.93861	-111.314812		
61	0.089014	750	-0.882931	-112.197743		
62	0.083273	750	-0.905575	-113.103317		
63	0.07776	750	-0.820516	-113.923833		
64	0.072472	750	-0.815059	-114.738892		
65	0.067406	750	-0.784053	-115.522945		
66	0.062558	750	-0.742319	-116.265264		
67	0.057926	750	-0.727674	-116.992939		
68	0.053506	750	-0.706086	-117.699025		
69	0.049295	750	-0.710638	-118.409663		
70	0.045289	750	-0.636074	-119.045738		
71	0.041485	750	-0.600138	-119.645876		
72	0.03788	750	-0.579279	-120.225155		
73	0.034469	750	-0.551639	-120.776793		
74	0.03125	750	-0.531827	-121.30862		
75	0.028218	750	-0.49997	-121.808591		
76	0.02537	750	-0.467261	-122.275852		
77	0.022702	750	-0.461175	-122.737027		
78	0.020209	750	-0.437718	-123.174746		
79	0.017889	750	-0.404553	-123.579299		
80	0.015736	750	-0.372626	-123.951925		
81	0.013746	750	-0.345389	-124.297314		
82	0.011916	750	-0.311406	-124.60872		
83	0.01024	750	-0.309976	-124.918696		
84	0.008714	750	-0.259369	-125.178065		
85	0.007334	750	-0.243754	-125.421818		
86	0.006093	750	-0.220795	-125.642613		
87	0.004988	750	-0.193797	-125.83641		
88	0.004013	750	-0.179601	-126.016011		
89	0.003162	750	-0.159449	-126.175459		
90	0.00243	750	-0.137035	-126.312495		
91	0.00181	750	-0.127059	-126.439554		
92	0.001296	750	-0.094679	-126.534233		
93	0.000882	750	-0.078628	-126.612861		
94	0.000559	750	-0.058536	-126.671396		
95	0.00032	750	-0.048762	-126.720159		
96	0.000156	750	-0.033184	-126.753343		
97	0.000057	750	-0.018635	-126.771978		
98	0.00001	750	-0.008565	-126.780543		
99	0	750	-0.001838	-126.782381		
Log marginal likelihood:	-126.782381					
0	0.975187	750	-2.693885	-2.693885		
1	0.950747	750	-2.686874	-5.38076		
2	0.926679	750	-2.636823	-8.017582		
3	0.90298	750	-2.585514	-10.603097		
4	0.879648	750	-2.638162	-13.241259		
5	0.856682	750	-2.569562	-15.810821		
6	0.834079	750	-2.532483	-18.343303		
7	0.811838	750	-2.429166	-20.772469		
8	0.789957	750	-2.423114	-23.195584		
9	0.768433	750	-2.337386	-25.53297		
10	0.747266	750	-2.333483	-27.866453		
11	0.726452	750	-2.282088	-30.148541		
12	0.705989	750	-2.319348	-32.467889		
13	0.685877	750	-2.221747	-34.689637		
14	0.666112	750	-2.19164	-36.881276		
15	0.646693	750	-2.149719	-39.030995		
16	0.627618	750	-2.122842	-41.153838		
17	0.608884	750	-2.109323	-43.263161		
18	0.59049	750	-2.081772	-45.344932		
19	0.572433	750	-2.012685	-47.357617		
20	0.554712	750	-2.043476	-49.401093		
21	0.537324	750	-1.997062	-51.398154		
22	0.520268	750	-1.977874	-53.376028		
23	0.50354	750	-1.907386	-55.283415		
24	0.487139	750	-1.897561	-57.180976		
25	0.471063	750	-1.819111	-59.000087		
26	0.45531	750	-1.857613	-60.8577		
27	0.439877	750	-1.775071	-62.632772		
28	0.424762	750	-1.848388	-64.48116		
29	0.409963	750	-1.757263	-66.238423		
30	0.395478	750	-1.725807	-67.964229		
31	0.381305	750	-1.626076	-69.590305		
32	0.36744	750	-1.656599	-71.246904		
33	0.353883	750	-1.628004	-72.874908		
34	0.34063	750	-1.599508	-74.474416		
35	0.32768	750	-1.603174	-76.07759		
36	0.31503	750	-1.520251	-77.597841		
37	0.302677	750	-1.544754	-79.142595		
38	0.290619	750	-1.646843	-80.789438		
39	0.278855	750	-1.580967	-82.370405		
40	0.267381	750	-1.473592	-83.843997		
41	0.256195	750	-1.509681	-85.353678		
42	0.245294	750	-1.372515	-86.726193		
43	0.234677	750	-1.397374	-88.123567		
44	0.22434	750	-1.339339	-89.462907		
45	0.214281	750	-1.27675	-90.739657		
46	0.204498	750	-1.266574	-92.006231		
47	0.194988	750	-1.308106	-93.314336		
48	0.185749	750	-1.261941	-94.576277		
49	0.176777	750	-1.241659	-95.817936		
50	0.16807	750	-1.154166	-96.972102		
51	0.159626	750	-1.194651	-98.166753		
52	0.151441	750	-1.142048	-99.308801		
53	0.143514	750	-1.068358	-100.377159		
54	0.135841	750	-1.070566	-101.447725		
55	0.12842	750	-1.038732	-102.486457		
56	0.121247	750	-1.020537	-103.506994		
57	0.11432	750	-1.004408	-104.511403		
58	0.107637	750	-0.989598	-105.501001		
59	0.101193	750	-0.906058	-106.407058		
60	0.094986	750	-0.905834	-107.312892		
61	0.089014	750	-0.869394	-108.182286		
62	0.083273	750	-0.79948	-108.981766		
63	0.07776	750	-0.797348	-109.779114		
64	0.072472	750	-0.769051	-110.548165		
65	0.067406	750	-0.733915	-111.28208		
66	0.062558	750	-0.721765	-112.003845		
67	0.057926	750	-0.724188	-112.728034		
68	0.053506	750	-0.655991	-113.384024		
69	0.049295	750	-0.641605	-114.02563		
70	0.045289	750	-0.642205	-114.667835		
71	0.041485	750	-0.594726	-115.26256		
72	0.03788	750	-0.556694	-115.819254		
73	0.034469	750	-0.546298	-116.365552		
74	0.03125	750	-0.526412	-116.891964		
75	0.028218	750	-0.468056	-117.36002		
76	0.02537	750	-0.460238	-117.820258		
77	0.022702	750	-0.449687	-118.269946		
78	0.020209	750	-0.413121	-118.683067		
79	0.017889	750	-0.361543	-119.04461		
80	0.015736	750	-0.378867	-119.423477		
81	0.013746	750	-0.351675	-119.775153		
82	0.011916	750	-0.30043	-120.075583		
83	0.01024	750	-0.284856	-120.360439		
84	0.008714	750	-0.283103	-120.643542		
85	0.007334	750	-0.22488	-120.868422		
86	0.006093	750	-0.210383	-121.078805		
87	0.004988	750	-0.21637	-121.295175		
88	0.004013	750	-0.182557	-121.477732		
89	0.003162	750	-0.151843	-121.629575		
90	0.00243	750	-0.131508	-121.761083		
91	0.00181	750	-0.11194	-121.873023		
92	0.001296	750	-0.095431	-121.968454		
93	0.000882	750	-0.074608	-122.043062		
94	0.000559	750	-0.065016	-122.108077		
95	0.00032	750	-0.043218	-122.151295		
96	0.000156	750	-0.028792	-122.180087		
97	0.000057	750	-0.017842	-122.197929		
98	0.00001	750	-0.008956	-122.206885		
99	0	750	-0.001933	-122.208817		
Log marginal likelihood:	-122.208817					
0	0.975187	750	-2.744914	-2.744914		
1	0.950747	750	-2.691443	-5.436356		
2	0.926679	750	-2.743162	-8.179519		
3	0.90298	750	-2.722119	-10.901638		
4	0.879648	750	-2.676351	-13.577989		
5	0.856682	750	-2.613966	-16.191955		
6	0.834079	750	-2.55948	-18.751435		
7	0.811838	750	-2.579899	-21.331334		
8	0.789957	750	-2.499076	-23.83041		
9	0.768433	750	-2.493519	-26.323929		
10	0.747266	750	-2.465942	-28.78987		
11	0.726452	750	-2.419945	-31.209815		
12	0.705989	750	-2.387455	-33.59727		
13	0.685877	750	-2.334283	-35.931553		
14	0.666112	750	-2.288124	-38.219677		
15	0.646693	750	-2.246952	-40.466629		
16	0.627618	750	-2.223602	-42.690231		
17	0.608884	750	-2.175352	-44.865584		
18	0.59049	750	-2.130651	-46.996235		
19	0.572433	750	-2.113195	-49.109429		
20	0.554712	750	-2.085103	-51.194532		
21	0.537324	750	-2.104999	-53.299531		
22	0.520268	750	-2.003182	-55.302713		
23	0.50354	750	-2.047492	-57.350205		
24	0.487139	750	-2.013284	-59.363489		
25	0.471063	750	-1.934042	-61.297531		
26	0.45531	750	-1.943356	-63.240887		
27	0.439877	750	-1.890525	-65.131412		
28	0.424762	750	-1.883738	-67.01515		
29	0.409963	750	-1.891912	-68.907062		
30	0.395478	750	-1.748872	-70.655935		
31	0.381305	750	-1.771376	-72.427311		
32	0.36744	750	-1.638546	-74.065857		
33	0.353883	750	-1.796918	-75.862775		
34	0.34063	750	-1.681453	-77.544228		
35	0.32768	750	-1.710871	-79.255099		
36	0.31503	750	-1.732124	-80.987222		
37	0.302677	750	-1.605191	-82.592413		
38	0.290619	750	-1.558163	-84.150576		
39	0.278855	750	-1.595473	-85.746048		
40	0.267381	750	-1.451294	-87.197342		
41	0.256195	750	-1.511964	-88.709306		
42	0.245294	750	-1.548824	-90.25813		
43	0.234677	750	-1.473987	-91.732117		
44	0.22434	750	-1.350772	-93.08289		
45	0.214281	750	-1.409389	-94.492279		
46	0.204498	750	-1.412276	-95.904555		
47	0.194988	750	-1.341128	-97.245683		
48	0.185749	750	-1.297807	-98.543491		
49	0.176777	750	-1.285556	-99.829047		
50	0.16807	750	-1.272475	-101.101522		
51	0.159626	750	-1.225963	-102.327485		
52	0.151441	750	-1.200954	-103.528438		
53	0.143514	750	-1.163667	-104.692105		
54	0.135841	750	-1.123931	-105.816036		
55	0.12842	750	-1.078636	-106.894673		
56	0.121247	750	-1.060567	-107.95524		
57	0.11432	750	-1.036027	-108.991267		
58	0.107637	750	-0.989074	-109.980342		
59	0.101193	750	-0.953967	-110.934309		
60	0.094986	750	-0.934292	-111.868602		
61	0.089014	750	-0.884412	-112.753014		
62	0.083273	750	-0.850452	-113.603466		
63	0.07776	750	-0.841877	-114.445343		
64	0.072472	750	-0.817287	-115.26263		
65	0.067406	750	-0.80505	-116.067681		
66	0.062558	750	-0.76381	-116.831491		
67	0.057926	750	-0.752735	-117.584226		
68	0.053506	750	-0.705992	-118.290218		
69	0.049295	750	-0.67361	-118.963828		
70	0.045289	750	-0.633706	-119.597534		
71	0.041485	750	-0.624951	-120.222485		
72	0.03788	750	-0.598449	-120.820933		
73	0.034469	750	-0.561621	-121.382555		
74	0.03125	750	-0.513987	-121.896541		
75	0.028218	750	-0.506229	-122.40277		
76	0.02537	750	-0.467417	-122.870187		
77	0.022702	750	-0.469912	-123.340099		
78	0.020209	750	-0.42353	-123.763629		
79	0.017889	750	-0.412273	-124.175902		
80	0.015736	750	-0.365219	-124.541121		
81	0.013746	750	-0.342806	-124.883926		
82	0.011916	750	-0.335521	-125.219448		
83	0.01024	750	-0.2991	-125.518548		
84	0.008714	750	-0.280691	-125.799239		
85	0.007334	750	-0.252411	-126.05165		
86	0.006093	750	-0.230719	-126.282369		
87	0.004988	750	-0.208515	-126.490884		
88	0.004013	750	-0.194605	-126.685489		
89	0.003162	750	-0.162839	-126.848328		
90	0.00243	750	-0.13724	-126.985568		
91	0.00181	750	-0.118648	-127.104216		
92	0.001296	750	-0.090267	-127.194483		
93	0.000882	750	-0.075478	-127.269962		
94	0.000559	750	-0.063014	-127.332976		
95	0.00032	750	-0.04485	-127.377826		
96	0.000156	750	-0.034598	-127.412424		
97	0.000057	750	-0.02169	-127.434114		
98	0.00001	750	-0.008922	-127.443037		
99	0	750	-0.00206	-127.445096		
Log marginal likelihood:	-127.445096					
0	0.975187	750	-2.803693	-2.803693		
1	0.950747	750	-2.798915	-5.602608		
2	0.926679	750	-2.78574	-8.388348		
3	0.90298	750	-2.687917	-11.076265		
4	0.879648	750	-2.643505	-13.719769		
5	0.856682	750	-2.604905	-16.324674		
6	0.834079	750	-2.559912	-18.884587		
7	0.811838	750	-2.556986	-21.441573		
8	0.789957	750	-2.478908	-23.92048		
9	0.768433	750	-2.427876	-26.348356		
10	0.747266	750	-2.4495	-28.797856		
11	0.726452	750	-2.426093	-31.223949		
12	0.705989	750	-2.347724	-33.571673		
13	0.685877	750	-2.401625	-35.973298		
14	0.666112	750	-2.3227	-38.295998		
15	0.646693	750	-2.269747	-40.565745		
16	0.627618	750	-2.176316	-42.742061		
17	0.608884	750	-2.169903	-44.911964		
18	0.59049	750	-2.215419	-47.127383		
19	0.572433	750	-2.121487	-49.24887		
20	0.554712	750	-2.063834	-51.312704		
21	0.537324	750	-2.009671	-53.322376		
22	0.520268	750	-2.061496	-55.383872		
23	0.50354	750	-1.964451	-57.348323		
24	0.487139	750	-1.945501	-59.293825		
25	0.471063	750	-1.891396	-61.185221		
26	0.45531	750	-1.902435	-63.087656		
27	0.439877	750	-1.857258	-64.944913		
28	0.424762	750	-1.869052	-66.813965		
29	0.409963	750	-1.884933	-68.698897		
30	0.395478	750	-1.811817	-70.510714		
31	0.381305	750	-1.86479	-72.375505		
32	0.36744	750	-1.688022	-74.063527		
33	0.353883	750	-1.711618	-75.775145		
34	0.34063	750	-1.645455	-77.420601		
35	0.32768	750	-1.629259	-79.049859		
36	0.31503	750	-1.55349	-80.60335		
37	0.302677	750	-1.541849	-82.145199		
38	0.290619	750	-1.543924	-83.689123		
39	0.278855	750	-1.516038	-85.205162		
40	0.267381	750	-1.52608	-86.731242		
41	0.256195	750	-1.485224	-88.216466		
42	0.245294	750	-1.427184	-89.64365		
43	0.234677	750	-1.395036	-91.038686		
44	0.22434	750	-1.389573	-92.42826		
45	0.214281	750	-1.371547	-93.799806		
46	0.204498	750	-1.316449	-95.116255		
47	0.194988	750	-1.30889	-96.425145		
48	0.185749	750	-1.209544	-97.634689		
49	0.176777	750	-1.26356	-98.89825		
50	0.16807	750	-1.237207	-100.135456		
51	0.159626	750	-1.170114	-101.30557		
52	0.151441	750	-1.135024	-102.440594		
53	0.143514	750	-1.126524	-103.567118		
54	0.135841	750	-1.098796	-104.665914		
55	0.12842	750	-1.065104	-105.731017		
56	0.121247	750	-1.030676	-106.761694		
57	0.11432	750	-0.981078	-107.742772		
58	0.107637	750	-0.942441	-108.685213		
59	0.101193	750	-0.941555	-109.626767		
60	0.094986	750	-0.931462	-110.558229		
61	0.089014	750	-0.874096	-111.432326		
62	0.083273	750	-0.835234	-112.267559		
63	0.07776	750	-0.819134	-113.086693		
64	0.072472	750	-0.785569	-113.872262		
65	0.067406	750	-0.756383	-114.628644		
66	0.062558	750	-0.754821	-115.383466		
67	0.057926	750	-0.718122	-116.101588		
68	0.053506	750	-0.666481	-116.768069		
69	0.049295	750	-0.634234	-117.402303		
70	0.045289	750	-0.622561	-118.024864		
71	0.041485	750	-0.593675	-118.61854		
72	0.03788	750	-0.565532	-119.184072		
73	0.034469	750	-0.583129	-119.767201		
74	0.03125	750	-0.498224	-120.265425		
75	0.028218	750	-0.497715	-120.76314		
76	0.02537	750	-0.460925	-121.224065		
77	0.022702	750	-0.438824	-121.662889		
78	0.020209	750	-0.415697	-122.078586		
79	0.017889	750	-0.403542	-122.482128		
80	0.015736	750	-0.354829	-122.836957		
81	0.013746	750	-0.340814	-123.17777		
82	0.011916	750	-0.303275	-123.481045		
83	0.01024	750	-0.277142	-123.758188		
84	0.008714	750	-0.275074	-124.033262		
85	0.007334	750	-0.246609	-124.279871		
86	0.006093	750	-0.207759	-124.48763		
87	0.004988	750	-0.205996	-124.693627		
88	0.004013	750	-0.182582	-124.876208		
89	0.003162	750	-0.158289	-125.034498		
90	0.00243	750	-0.131954	-125.166452		
91	0.00181	750	-0.113918	-125.28037		
92	0.001296	750	-0.093566	-125.373936		
93	0.000882	750	-0.078328	-125.452263		
94	0.000559	750	-0.068101	-125.520365		
95	0.00032	750	-0.041525	-125.56189		
96	0.000156	750	-0.03103	-125.59292		
97	0.000057	750	-0.017923	-125.610843		
98	0.00001	750	-0.008528	-125.61937		
99	0	750	-0.001819	-125.62119		
Log marginal likelihood:	-125.62119					
0	0.975187	750	-2.914875	-2.914875		
1	0.950747	750	-2.811085	-5.72596		
2	0.926679	750	-2.809048	-8.535008		
3	0.90298	750	-2.744945	-11.279953		
4	0.879648	750	-2.716446	-13.996399		
5	0.856682	750	-2.65741	-16.653809		
6	0.834079	750	-2.654831	-19.308641		
7	0.811838	750	-2.682125	-21.990766		
8	0.789957	750	-2.56661	-24.557376		
9	0.768433	750	-2.53224	-27.089616		
10	0.747266	750	-2.485855	-29.575471		
11	0.726452	750	-2.455912	-32.031383		
12	0.705989	750	-2.390812	-34.422195		
13	0.685877	750	-2.412727	-36.834922		
14	0.666112	750	-2.330569	-39.165491		
15	0.646693	750	-2.279439	-41.44493		
16	0.627618	750	-2.278649	-43.72358		
17	0.608884	750	-2.21974	-45.943319		
18	0.59049	750	-2.221035	-48.164354		
19	0.572433	750	-2.218427	-50.382781		
20	0.554712	750	-2.142324	-52.525105		
21	0.537324	750	-2.10221	-54.627315		
22	0.520268	750	-2.037716	-56.665031		
23	0.50354	750	-2.046185	-58.711216		
24	0.487139	750	-2.003367	-60.714583		
25	0.471063	750	-1.956495	-62.671078		
26	0.45531	750	-1.887921	-64.558998		
27	0.439877	750	-1.892772	-66.451771		
28	0.424762	750	-1.8777	-68.329471		
29	0.409963	750	-1.845254	-70.174724		
30	0.395478	750	-1.740851	-71.915576		
31	0.381305	750	-1.764101	-73.679677		
32	0.36744	750	-1.769051	-75.448728		
33	0.353883	750	-1.711066	-77.159794		
34	0.34063	750	-1.674441	-78.834235		
35	0.32768	750	-1.689434	-80.523669		
36	0.31503	750	-1.594237	-82.117906		
37	0.302677	750	-1.591333	-83.70924		
38	0.290619	750	-1.534762	-85.244001		
39	0.278855	750	-1.535259	-86.77926		
40	0.267381	750	-1.514966	-88.294226		
41	0.256195	750	-1.497099	-89.791326		
42	0.245294	750	-1.399661	-91.190986		
43	0.234677	750	-1.375001	-92.565987		
44	0.22434	750	-1.374027	-93.940014		
45	0.214281	750	-1.305389	-95.245403		
46	0.204498	750	-1.316871	-96.562274		
47	0.194988	750	-1.326834	-97.889108		
48	0.185749	750	-1.269627	-99.158735		
49	0.176777	750	-1.243935	-100.40267		
50	0.16807	750	-1.240807	-101.643477		
51	0.159626	750	-1.175975	-102.819452		
52	0.151441	750	-1.168554	-103.988006		
53	0.143514	750	-1.1012	-105.089206		
54	0.135841	750	-1.035989	-106.125195		
55	0.12842	750	-1.054221	-107.179416		
56	0.121247	750	-1.011017	-108.190433		
57	0.11432	750	-0.99061	-109.181042		
58	0.107637	750	-0.981902	-110.162944		
59	0.101193	750	-0.92418	-111.087124		
60	0.094986	750	-0.895845	-111.982969		
61	0.089014	750	-0.888174	-112.871142		
62	0.083273	750	-0.83631	-113.707452		
63	0.07776	750	-0.82085	-114.528302		
64	0.072472	750	-0.796263	-115.324565		
65	0.067406	750	-0.751095	-116.07566		
66	0.062558	750	-0.734463	-116.810123		
67	0.057926	750	-0.729385	-117.539508		
68	0.053506	750	-0.678043	-118.217552		
69	0.049295	750	-0.639586	-118.857138		
70	0.045289	750	-0.637148	-119.494286		
71	0.041485	750	-0.596591	-120.090877		
72	0.03788	750	-0.559469	-120.650345		
73	0.034469	750	-0.542065	-121.192411		
74	0.03125	750	-0.506247	-121.698658		
75	0.028218	750	-0.510082	-122.208739		
76	0.02537	750	-0.451723	-122.660462		
77	0.022702	750	-0.436515	-123.096977		
78	0.020209	750	-0.409608	-123.506585		
79	0.017889	750	-0.378708	-123.885293		
80	0.015736	750	-0.37207	-124.257363		
81	0.013746	750	-0.334038	-124.5914		
82	0.011916	750	-0.324337	-124.915737		
83	0.01024	750	-0.27978	-125.195517		
84	0.008714	750	-0.260617	-125.456134		
85	0.007334	750	-0.241842	-125.697976		
86	0.006093	750	-0.22395	-125.921926		
87	0.004988	750	-0.191563	-126.113489		
88	0.004013	750	-0.18277	-126.296259		
89	0.003162	750	-0.17538	-126.47164		
90	0.00243	750	-0.133307	-126.604946		
91	0.00181	750	-0.11412	-126.719067		
92	0.001296	750	-0.092322	-126.811389		
93	0.000882	750	-0.074552	-126.885941		
94	0.000559	750	-0.057835	-126.943776		
95	0.00032	750	-0.04281	-126.986585		
96	0.000156	750	-0.031378	-127.017963		
97	0.000057	750	-0.017134	-127.035098		
98	0.00001	750	-0.009283	-127.044381		
99	0	750	-0.001851	-127.046232		
Log marginal likelihood:	-127.046232					
0	0.975187	750	-3.089818	-3.089818		
1	0.950747	750	-3.034828	-6.124646		
2	0.926679	750	-3.044841	-9.169488		
3	0.90298	750	-2.988179	-12.157667		
4	0.879648	750	-2.92713	-15.084797		
5	0.856682	750	-2.902115	-17.986911		
6	0.834079	750	-2.838631	-20.825543		
7	0.811838	750	-2.79234	-23.617883		
8	0.789957	750	-2.748584	-26.366467		
9	0.768433	750	-2.719017	-29.085484		
10	0.747266	750	-2.749313	-31.834797		
11	0.726452	750	-2.722822	-34.557619		
12	0.705989	750	-2.623906	-37.181524		
13	0.685877	750	-2.573992	-39.755517		
14	0.666112	750	-2.539764	-42.29528		
15	0.646693	750	-2.483831	-44.779111		
16	0.627618	750	-2.450902	-47.230014		
17	0.608884	750	-2.392136	-49.622149		
18	0.59049	750	-2.425275	-52.047424		
19	0.572433	750	-2.353625	-54.401049		
20	0.554712	750	-2.300867	-56.701916		
21	0.537324	750	-2.244231	-58.946146		
22	0.520268	750	-2.187412	-61.133558		
23	0.50354	750	-2.209241	-63.3428		
24	0.487139	750	-2.140609	-65.483409		
25	0.471063	750	-2.072431	-67.55584		
26	0.45531	750	-2.142613	-69.698453		
27	0.439877	750	-2.031512	-71.729965		
28	0.424762	750	-1.942646	-73.672611		
29	0.409963	750	-1.97839	-75.651001		
30	0.395478	750	-1.949238	-77.600239		
31	0.381305	750	-1.898259	-79.498497		
32	0.36744	750	-1.804293	-81.30279		
33	0.353883	750	-1.774811	-83.077601		
34	0.34063	750	-1.802572	-84.880172		
35	0.32768	750	-1.696674	-86.576846		
36	0.31503	750	-1.682995	-88.259841		
37	0.302677	750	-1.676881	-89.936722		
38	0.290619	750	-1.640055	-91.576777		
39	0.278855	750	-1.628773	-93.205549		
40	0.267381	750	-1.563566	-94.769115		
41	0.256195	750	-1.577636	-96.346751		
42	0.245294	750	-1.506255	-97.853007		
43	0.234677	750	-1.465462	-99.318468		
44	0.22434	750	-1.423455	-100.741923		
45	0.214281	750	-1.418258	-102.160181		
46	0.204498	750	-1.352963	-103.513144		
47	0.194988	750	-1.362527	-104.875671		
48	0.185749	750	-1.309224	-106.184895		
49	0.176777	750	-1.260951	-107.445845		
50	0.16807	750	-1.260304	-108.706149		
51	0.159626	750	-1.181542	-109.887691		
52	0.151441	750	-1.174916	-111.062607		
53	0.143514	750	-1.132139	-112.194746		
54	0.135841	750	-1.120372	-113.315118		
55	0.12842	750	-1.094747	-114.409864		
56	0.121247	750	-1.049041	-115.458906		
57	0.11432	750	-0.987942	-116.446848		
58	0.107637	750	-0.990038	-117.436885		
59	0.101193	750	-0.939878	-118.376764		
60	0.094986	750	-0.916083	-119.292846		
61	0.089014	750	-0.891902	-120.184749		
62	0.083273	750	-0.841707	-121.026456		
63	0.07776	750	-0.830118	-121.856574		
64	0.072472	750	-0.816543	-122.673116		
65	0.067406	750	-0.786833	-123.45995		
66	0.062558	750	-0.729519	-124.189469		
67	0.057926	750	-0.707105	-124.896573		
68	0.053506	750	-0.692728	-125.589301		
69	0.049295	750	-0.661958	-126.251259		
70	0.045289	750	-0.636808	-126.888068		
71	0.041485	750	-0.610757	-127.498825		
72	0.03788	750	-0.561567	-128.060392		
73	0.034469	750	-0.552302	-128.612694		
74	0.03125	750	-0.527208	-129.139902		
75	0.028218	750	-0.504685	-129.644587		
76	0.02537	750	-0.471532	-130.116119		
77	0.022702	750	-0.469543	-130.585663		
78	0.020209	750	-0.429294	-131.014957		
79	0.017889	750	-0.410288	-131.425245		
80	0.015736	750	-0.361777	-131.787022		
81	0.013746	750	-0.353328	-132.14035		
82	0.011916	750	-0.31371	-132.45406		
83	0.01024	750	-0.28528	-132.73934		
84	0.008714	750	-0.263275	-133.002615		
85	0.007334	750	-0.238887	-133.241502		
86	0.006093	750	-0.235332	-133.476834		
87	0.004988	750	-0.195033	-133.671867		
88	0.004013	750	-0.186594	-133.858461		
89	0.003162	750	-0.157843	-134.016304		
90	0.00243	750	-0.129539	-134.145842		
91	0.00181	750	-0.111257	-134.257099		
92	0.001296	750	-0.09297	-134.35007		
93	0.000882	750	-0.074071	-134.424141		
94	0.000559	750	-0.060566	-134.484707		
95	0.00032	750	-0.0467	-134.531407		
96	0.000156	750	-0.031603	-134.56301		
97	0.000057	750	-0.019333	-134.582343		
98	0.00001	750	-0.008709	-134.591052		
99	0	750	-0.001956	-134.593008		
Log marginal likelihood:	-134.593008					
0	0.975187	750	-2.528667	-2.528667		
1	0.950747	750	-2.546826	-5.075493		
2	0.926679	750	-2.493717	-7.569209		
3	0.90298	750	-2.43562	-10.004829		
4	0.879648	750	-2.374535	-12.379364		
5	0.856682	750	-2.381701	-14.761065		
6	0.834079	750	-2.324064	-17.08513		
7	0.811838	750	-2.299831	-19.38496		
8	0.789957	750	-2.267295	-21.652255		
9	0.768433	750	-2.242086	-23.894341		
10	0.747266	750	-2.209549	-26.103889		
11	0.726452	750	-2.158291	-28.26218		
12	0.705989	750	-2.124436	-30.386616		
13	0.685877	750	-2.107561	-32.494177		
14	0.666112	750	-2.017223	-34.511401		
15	0.646693	750	-2.036256	-36.547656		
16	0.627618	750	-2.01489	-38.562546		
17	0.608884	750	-2.025409	-40.587955		
18	0.59049	750	-1.986802	-42.574757		
19	0.572433	750	-1.959947	-44.534704		
20	0.554712	750	-1.928461	-46.463165		
21	0.537324	750	-1.885686	-48.348851		
22	0.520268	750	-1.863965	-50.212817		
23	0.50354	750	-1.79562	-52.008436		
24	0.487139	750	-1.797486	-53.805923		
25	0.471063	750	-1.722633	-55.528555		
26	0.45531	750	-1.744406	-57.272961		
27	0.439877	750	-1.683042	-58.956003		
28	0.424762	750	-1.695874	-60.651877		
29	0.409963	750	-1.717385	-62.369262		
30	0.395478	750	-1.600202	-63.969464		
31	0.381305	750	-1.536185	-65.505648		
32	0.36744	750	-1.613374	-67.119022		
33	0.353883	750	-1.572567	-68.691589		
34	0.34063	750	-1.573854	-70.265443		
35	0.32768	750	-1.516293	-71.781736		
36	0.31503	750	-1.468217	-73.249953		
37	0.302677	750	-1.409158	-74.659111		
38	0.290619	750	-1.351231	-76.010343		
39	0.278855	750	-1.408434	-77.418777		
40	0.267381	750	-1.42328	-78.842057		
41	0.256195	750	-1.335948	-80.178005		
42	0.245294	750	-1.427386	-81.605392		
43	0.234677	750	-1.286498	-82.89189		
44	0.22434	750	-1.218835	-84.110724		
45	0.214281	750	-1.262482	-85.373206		
46	0.204498	750	-1.258983	-86.632189		
47	0.194988	750	-1.21665	-87.848839		
48	0.185749	750	-1.21565	-89.064489		
49	0.176777	750	-1.197591	-90.26208		
50	0.16807	750	-1.14706	-91.409141		
51	0.159626	750	-1.143767	-92.552908		
52	0.151441	750	-1.131357	-93.684265		
53	0.143514	750	-1.096022	-94.780288		
54	0.135841	750	-1.064902	-95.845189		
55	0.12842	750	-1.02953	-96.87472		
56	0.121247	750	-1.014379	-97.889099		
57	0.11432	750	-0.924494	-98.813592		
58	0.107637	750	-0.948811	-99.762403		
59	0.101193	750	-0.888345	-100.650748		
60	0.094986	750	-0.859682	-101.510431		
61	0.089014	750	-0.858324	-102.368755		
62	0.083273	750	-0.837767	-103.206522		
63	0.07776	750	-0.801005	-104.007526		
64	0.072472	750	-0.778852	-104.786378		
65	0.067406	750	-0.777996	-105.564374		
66	0.062558	750	-0.719731	-106.284105		
67	0.057926	750	-0.690692	-106.974797		
68	0.053506	750	-0.686267	-107.661064		
69	0.049295	750	-0.66683	-108.327894		
70	0.045289	750	-0.621163	-108.949058		
71	0.041485	750	-0.62109	-109.570148		
72	0.03788	750	-0.550703	-110.120851		
73	0.034469	750	-0.54666	-110.667511		
74	0.03125	750	-0.502062	-111.169574		
75	0.028218	750	-0.476338	-111.645912		
76	0.02537	750	-0.464416	-112.110328		
77	0.022702	750	-0.422124	-112.532451		
78	0.020209	750	-0.402096	-112.934547		
79	0.017889	750	-0.402441	-113.336989		
80	0.015736	750	-0.344809	-113.681797		
81	0.013746	750	-0.327403	-114.0092		
82	0.011916	750	-0.297902	-114.307103		
83	0.01024	750	-0.2975	-114.604602		
84	0.008714	750	-0.275576	-114.880178		
85	0.007334	750	-0.245182	-115.12536		
86	0.006093	750	-0.220429	-115.345789		
87	0.004988	750	-0.202133	-115.547923		
88	0.004013	750	-0.180332	-115.728254		
89	0.003162	750	-0.157113	-115.885367		
90	0.00243	750	-0.133138	-116.018505		
91	0.00181	750	-0.11052	-116.129025		
92	0.001296	750	-0.094449	-116.223474		
93	0.000882	750	-0.085815	-116.309289		
94	0.000559	750	-0.065092	-116.374381		
95	0.00032	750	-0.04423	-116.41861		
96	0.000156	750	-0.028911	-116.447521		
97	0.000057	750	-0.017533	-116.465055		
98	0.00001	750	-0.009428	-116.474483		
99	0	750	-0.001885	-116.476368		
Log marginal likelihood:	-116.476368					
0	0.975187	750	-2.722167	-2.722167		
1	0.950747	750	-2.679151	-5.401319		
2	0.926679	750	-2.705104	-8.106423		
3	0.90298	750	-2.603327	-10.709749		
4	0.879648	750	-2.582472	-13.292221		
5	0.856682	750	-2.516236	-15.808457		
6	0.834079	750	-2.488026	-18.296482		
7	0.811838	750	-2.45398	-20.750463		
8	0.789957	750	-2.473859	-23.224322		
9	0.768433	750	-2.398744	-25.623066		
10	0.747266	750	-2.356836	-27.979902		
11	0.726452	750	-2.330851	-30.310754		
12	0.705989	750	-2.351136	-32.661889		
13	0.685877	750	-2.224605	-34.886494		
14	0.666112	750	-2.192425	-37.07892		
15	0.646693	750	-2.195648	-39.274568		
16	0.627618	750	-2.162919	-41.437487		
17	0.608884	750	-2.116475	-43.553962		
18	0.59049	750	-2.073124	-45.627086		
19	0.572433	750	-2.02638	-47.653466		
20	0.554712	750	-2.032537	-49.686003		
21	0.537324	750	-1.953799	-51.639802		
22	0.520268	750	-1.970108	-53.609911		
23	0.50354	750	-1.896395	-55.506306		
24	0.487139	750	-1.882587	-57.388893		
25	0.471063	750	-1.925141	-59.314034		
26	0.45531	750	-1.798345	-61.112379		
27	0.439877	750	-1.936919	-63.049298		
28	0.424762	750	-1.760737	-64.810036		
29	0.409963	750	-1.685323	-66.495359		
30	0.395478	750	-1.712465	-68.207824		
31	0.381305	750	-1.64965	-69.857474		
32	0.36744	750	-1.626802	-71.484276		
33	0.353883	750	-1.601239	-73.085515		
34	0.34063	750	-1.601807	-74.687322		
35	0.32768	750	-1.550033	-76.237355		
36	0.31503	750	-1.538311	-77.775665		
37	0.302677	750	-1.60632	-79.381986		
38	0.290619	750	-1.482026	-80.864012		
39	0.278855	750	-1.46008	-82.324092		
40	0.267381	750	-1.45648	-83.780573		
41	0.256195	750	-1.36881	-85.149382		
42	0.245294	750	-1.334636	-86.484018		
43	0.234677	750	-1.333751	-87.817769		
44	0.22434	750	-1.465045	-89.282814		
45	0.214281	750	-1.359649	-90.642463		
46	0.204498	750	-1.276999	-91.919462		
47	0.194988	750	-1.266935	-93.186397		
48	0.185749	750	-1.202252	-94.388649		
49	0.176777	750	-1.159341	-95.54799		
50	0.16807	750	-1.133774	-96.681764		
51	0.159626	750	-1.078527	-97.760291		
52	0.151441	750	-1.138824	-98.899116		
53	0.143514	750	-1.090289	-99.989405		
54	0.135841	750	-1.057973	-101.047377		
55	0.12842	750	-0.985415	-102.032793		
56	0.121247	750	-1.041995	-103.074788		
57	0.11432	750	-1.030979	-104.105766		
58	0.107637	750	-0.967655	-105.073422		
59	0.101193	750	-0.903262	-105.976683		
60	0.094986	750	-0.895018	-106.871701		
61	0.089014	750	-0.848811	-107.720512		
62	0.083273	750	-0.845611	-108.566123		
63	0.07776	750	-0.817032	-109.383154		
64	0.072472	750	-0.795424	-110.178578		
65	0.067406	750	-0.763118	-110.941696		
66	0.062558	750	-0.738295	-111.679991		
67	0.057926	750	-0.701179	-112.38117		
68	0.053506	750	-0.695129	-113.076299		
69	0.049295	750	-0.661298	-113.737597		
70	0.045289	750	-0.619328	-114.356925		
71	0.041485	750	-0.592602	-114.949527		
72	0.03788	750	-0.561599	-115.511126		
73	0.034469	750	-0.571494	-116.082619		
74	0.03125	750	-0.497209	-116.579828		
75	0.028218	750	-0.490648	-117.070477		
76	0.02537	750	-0.461827	-117.532304		
77	0.022702	750	-0.479709	-118.012012		
78	0.020209	750	-0.39917	-118.411182		
79	0.017889	750	-0.410666	-118.821849		
80	0.015736	750	-0.359183	-119.181031		
81	0.013746	750	-0.32433	-119.505361		
82	0.011916	750	-0.323334	-119.828695		
83	0.01024	750	-0.286115	-120.11481		
84	0.008714	750	-0.282205	-120.397014		
85	0.007334	750	-0.253479	-120.650493		
86	0.006093	750	-0.224447	-120.87494		
87	0.004988	750	-0.209784	-121.084724		
88	0.004013	750	-0.180252	-121.264976		
89	0.003162	750	-0.150054	-121.41503		
90	0.00243	750	-0.133793	-121.548822		
91	0.00181	750	-0.114528	-121.66335		
92	0.001296	750	-0.098573	-121.761924		
93	0.000882	750	-0.085451	-121.847375		
94	0.000559	750	-0.058847	-121.906222		
95	0.00032	750	-0.045961	-121.952183		
96	0.000156	750	-0.030419	-121.982602		
97	0.000057	750	-0.018476	-122.001078		
98	0.00001	750	-0.008346	-122.009423		
99	0	750	-0.001976	-122.0114		
Log marginal likelihood:	-122.0114					
0	0.975187	750	-2.917135	-2.917135		
1	0.950747	750	-2.869757	-5.786892		
2	0.926679	750	-2.87358	-8.660473		
3	0.90298	750	-2.790839	-11.451312		
4	0.879648	750	-2.79693	-14.248242		
5	0.856682	750	-2.730435	-16.978677		
6	0.834079	750	-2.679343	-19.65802		
7	0.811838	750	-2.661133	-22.319153		
8	0.789957	750	-2.637846	-24.956999		
9	0.768433	750	-2.562716	-27.519715		
10	0.747266	750	-2.536721	-30.056437		
11	0.726452	750	-2.475435	-32.531871		
12	0.705989	750	-2.471999	-35.00387		
13	0.685877	750	-2.442897	-37.446767		
14	0.666112	750	-2.377079	-39.823846		
15	0.646693	750	-2.311067	-42.134913		
16	0.627618	750	-2.255524	-44.390437		
17	0.608884	750	-2.288268	-46.678704		
18	0.59049	750	-2.232008	-48.910713		
19	0.572433	750	-2.208562	-51.119275		
20	0.554712	750	-2.163958	-53.283234		
21	0.537324	750	-2.099474	-55.382708		
22	0.520268	750	-2.051283	-57.433991		
23	0.50354	750	-2.014537	-59.448528		
24	0.487139	750	-2.001981	-61.450509		
25	0.471063	750	-1.969487	-63.419995		
26	0.45531	750	-1.959704	-65.3797		
27	0.439877	750	-1.851313	-67.231012		
28	0.424762	750	-1.839765	-69.070777		
29	0.409963	750	-1.905958	-70.976735		
30	0.395478	750	-1.763266	-72.740001		
31	0.381305	750	-1.81298	-74.552981		
32	0.36744	750	-1.726974	-76.279955		
33	0.353883	750	-1.716128	-77.996083		
34	0.34063	750	-1.65692	-79.653003		
35	0.32768	750	-1.639321	-81.292324		
36	0.31503	750	-1.591216	-82.88354		
37	0.302677	750	-1.635866	-84.519405		
38	0.290619	750	-1.599662	-86.119068		
39	0.278855	750	-1.54655	-87.665617		
40	0.267381	750	-1.477326	-89.142943		
41	0.256195	750	-1.482778	-90.625721		
42	0.245294	750	-1.46477	-92.090491		
43	0.234677	750	-1.519063	-93.609554		
44	0.22434	750	-1.431263	-95.040817		
45	0.214281	750	-1.360165	-96.400983		
46	0.204498	750	-1.311841	-97.712824		
47	0.194988	750	-1.309743	-99.022567		
48	0.185749	750	-1.309322	-100.331889		
49	0.176777	750	-1.287986	-101.619875		
50	0.16807	750	-1.188414	-102.808289		
51	0.159626	750	-1.237236	-104.045525		
52	0.151441	750	-1.178719	-105.224244		
53	0.143514	750	-1.184498	-106.408742		
54	0.135841	750	-1.100289	-107.509031		
55	0.12842	750	-1.068856	-108.577888		
56	0.121247	750	-1.040924	-109.618812		
57	0.11432	750	-1.040993	-110.659805		
58	0.107637	750	-1.002057	-111.661862		
59	0.101193	750	-0.955439	-112.617301		
60	0.094986	750	-0.985308	-113.602609		
61	0.089014	750	-0.913522	-114.516132		
62	0.083273	750	-0.892548	-115.40868		
63	0.07776	750	-0.84913	-116.25781		
64	0.072472	750	-0.794005	-117.051816		
65	0.067406	750	-0.795978	-117.847794		
66	0.062558	750	-0.746032	-118.593826		
67	0.057926	750	-0.716666	-119.310492		
68	0.053506	750	-0.691153	-120.001646		
69	0.049295	750	-0.670969	-120.672614		
70	0.045289	750	-0.629291	-121.301905		
71	0.041485	750	-0.616057	-121.917962		
72	0.03788	750	-0.597079	-122.515041		
73	0.034469	750	-0.553701	-123.068742		
74	0.03125	750	-0.530249	-123.59899		
75	0.028218	750	-0.496746	-124.095736		
76	0.02537	750	-0.480059	-124.575795		
77	0.022702	750	-0.473507	-125.049302		
78	0.020209	750	-0.439241	-125.488543		
79	0.017889	750	-0.406922	-125.895464		
80	0.015736	750	-0.360279	-126.255743		
81	0.013746	750	-0.341523	-126.597266		
82	0.011916	750	-0.321043	-126.918309		
83	0.01024	750	-0.287963	-127.206272		
84	0.008714	750	-0.26154	-127.467813		
85	0.007334	750	-0.238329	-127.706142		
86	0.006093	750	-0.220063	-127.926204		
87	0.004988	750	-0.204013	-128.130218		
88	0.004013	750	-0.177359	-128.307576		
89	0.003162	750	-0.154068	-128.461645		
90	0.00243	750	-0.135969	-128.597614		
91	0.00181	750	-0.117166	-128.71478		
92	0.001296	750	-0.094422	-128.809202		
93	0.000882	750	-0.080173	-128.889375		
94	0.000559	750	-0.063541	-128.952916		
95	0.00032	750	-0.04561	-128.998526		
96	0.000156	750	-0.031098	-129.029623		
97	0.000057	750	-0.020073	-129.049696		
98	0.00001	750	-0.008946	-129.058642		
99	0	750	-0.001786	-129.060428		
Log marginal likelihood:	-129.060428					
0	0.975187	750	-2.964182	-2.964182		
1	0.950747	750	-2.909214	-5.873395		
2	0.926679	750	-2.915166	-8.788562		
3	0.90298	750	-2.812195	-11.600757		
4	0.879648	750	-2.810383	-14.41114		
5	0.856682	750	-2.766355	-17.177495		
6	0.834079	750	-2.673471	-19.850965		
7	0.811838	750	-2.684424	-22.53539		
8	0.789957	750	-2.605033	-25.140422		
9	0.768433	750	-2.602312	-27.742735		
10	0.747266	750	-2.586327	-30.329061		
11	0.726452	750	-2.566083	-32.895144		
12	0.705989	750	-2.51133	-35.406474		
13	0.685877	750	-2.432035	-37.838509		
14	0.666112	750	-2.381215	-40.219725		
15	0.646693	750	-2.359922	-42.579646		
16	0.627618	750	-2.339059	-44.918705		
17	0.608884	750	-2.30685	-47.225555		
18	0.59049	750	-2.307875	-49.53343		
19	0.572433	750	-2.257208	-51.790637		
20	0.554712	750	-2.221488	-54.012125		
21	0.537324	750	-2.129635	-56.141761		
22	0.520268	750	-2.183495	-58.325256		
23	0.50354	750	-2.053473	-60.378728		
24	0.487139	750	-2.103878	-62.482606		
25	0.471063	750	-2.100968	-64.583575		
26	0.45531	750	-2.022323	-66.605898		
27	0.439877	750	-2.088801	-68.694698		
28	0.424762	750	-1.973927	-70.668625		
29	0.409963	750	-2.01239	-72.681015		
30	0.395478	750	-1.953675	-74.63469		
31	0.381305	750	-1.840029	-76.474719		
32	0.36744	750	-1.834488	-78.309207		
33	0.353883	750	-1.863747	-80.172955		
34	0.34063	750	-1.818813	-81.991768		
35	0.32768	750	-1.813165	-83.804933		
36	0.31503	750	-1.758565	-85.563498		
37	0.302677	750	-1.664983	-87.228481		
38	0.290619	750	-1.676935	-88.905415		
39	0.278855	750	-1.53809	-90.443506		
40	0.267381	750	-1.542204	-91.985709		
41	0.256195	750	-1.552938	-93.538647		
42	0.245294	750	-1.429326	-94.967973		
43	0.234677	750	-1.459924	-96.427897		
44	0.22434	750	-1.461178	-97.889075		
45	0.214281	750	-1.427038	-99.316113		
46	0.204498	750	-1.366134	-100.682246		
47	0.194988	750	-1.326256	-102.008502		
48	0.185749	750	-1.303881	-103.312384		
49	0.176777	750	-1.283399	-104.595783		
50	0.16807	750	-1.227082	-105.822865		
51	0.159626	750	-1.195218	-107.018083		
52	0.151441	750	-1.15878	-108.176863		
53	0.143514	750	-1.13163	-109.308494		
54	0.135841	750	-1.101851	-110.410345		
55	0.12842	750	-1.099156	-111.509501		
56	0.121247	750	-1.083685	-112.593187		
57	0.11432	750	-0.992844	-113.586031		
58	0.107637	750	-0.973325	-114.559356		
59	0.101193	750	-0.93779	-115.497147		
60	0.094986	750	-0.92144	-116.418587		
61	0.089014	750	-0.902207	-117.320794		
62	0.083273	750	-0.854938	-118.175732		
63	0.07776	750	-0.82569	-119.001422		
64	0.072472	750	-0.816884	-119.818306		
65	0.067406	750	-0.777208	-120.595514		
66	0.062558	750	-0.757207	-121.352721		
67	0.057926	750	-0.727498	-122.080218		
68	0.053506	750	-0.713391	-122.79361		
69	0.049295	750	-0.658545	-123.452154		
70	0.045289	750	-0.649467	-124.101621		
71	0.041485	750	-0.610883	-124.712504		
72	0.03788	750	-0.585413	-125.297917		
73	0.034469	750	-0.575866	-125.873783		
74	0.03125	750	-0.540347	-126.414131		
75	0.028218	750	-0.495386	-126.909517		
76	0.02537	750	-0.463636	-127.373153		
77	0.022702	750	-0.459677	-127.83283		
78	0.020209	750	-0.419456	-128.252286		
79	0.017889	750	-0.392295	-128.644581		
80	0.015736	750	-0.378326	-129.022907		
81	0.013746	750	-0.341517	-129.364425		
82	0.011916	750	-0.306322	-129.670747		
83	0.01024	750	-0.290727	-129.961474		
84	0.008714	750	-0.264582	-130.226056		
85	0.007334	750	-0.249544	-130.475599		
86	0.006093	750	-0.22969	-130.705289		
87	0.004988	750	-0.206172	-130.911461		
88	0.004013	750	-0.193528	-131.104989		
89	0.003162	750	-0.162068	-131.267057		
90	0.00243	750	-0.134289	-131.401346		
91	0.00181	750	-0.112065	-131.513411		
92	0.001296	750	-0.096548	-131.609959		
93	0.000882	750	-0.072213	-131.682172		
94	0.000559	750	-0.059562	-131.741734		
95	0.00032	750	-0.043139	-131.784873		
96	0.000156	750	-0.032196	-131.817069		
97	0.000057	750	-0.018023	-131.835091		
98	0.00001	750	-0.008892	-131.843983		
99	0	750	-0.001886	-131.845869		
Log marginal likelihood:	-131.845869					
0	0.975187	750	-2.543108	-2.543108		
1	0.950747	750	-2.47258	-5.015689		
2	0.926679	750	-2.435546	-7.451235		
3	0.90298	750	-2.432164	-9.8834		
4	0.879648	750	-2.360026	-12.243425		
5	0.856682	750	-2.32549	-14.568915		
6	0.834079	750	-2.316115	-16.88503		
7	0.811838	750	-2.272585	-19.157615		
8	0.789957	750	-2.303937	-21.461551		
9	0.768433	750	-2.296495	-23.758046		
10	0.747266	750	-2.153955	-25.912001		
11	0.726452	750	-2.14212	-28.054121		
12	0.705989	750	-2.130837	-30.184958		
13	0.685877	750	-2.157158	-32.342116		
14	0.666112	750	-2.086578	-34.428694		
15	0.646693	750	-2.086567	-36.515261		
16	0.627618	750	-1.966702	-38.481963		
17	0.608884	750	-1.960239	-40.442202		
18	0.59049	750	-1.940807	-42.383009		
19	0.572433	750	-1.947258	-44.330267		
20	0.554712	750	-1.941634	-46.271901		
21	0.537324	750	-1.881682	-48.153582		
22	0.520268	750	-1.795135	-49.948718		
23	0.50354	750	-1.831416	-51.780134		
24	0.487139	750	-1.773942	-53.554076		
25	0.471063	750	-1.780495	-55.334571		
26	0.45531	750	-1.75583	-57.090401		
27	0.439877	750	-1.670149	-58.76055		
28	0.424762	750	-1.645544	-60.406095		
29	0.409963	750	-1.602668	-62.008762		
30	0.395478	750	-1.552729	-63.561492		
31	0.381305	750	-1.573501	-65.134993		
32	0.36744	750	-1.538117	-66.67311		
33	0.353883	750	-1.531163	-68.204273		
34	0.34063	750	-1.436108	-69.640381		
35	0.32768	750	-1.519785	-71.160166		
36	0.31503	750	-1.438527	-72.598692		
37	0.302677	750	-1.50494	-74.103632		
38	0.290619	750	-1.410538	-75.51417		
39	0.278855	750	-1.414274	-76.928444		
40	0.267381	750	-1.337215	-78.26566		
41	0.256195	750	-1.40437	-79.67003		
42	0.245294	750	-1.417793	-81.087823		
43	0.234677	750	-1.253168	-82.340991		
44	0.22434	750	-1.295891	-83.636882		
45	0.214281	750	-1.305868	-84.942751		
46	0.204498	750	-1.198498	-86.141249		
47	0.194988	750	-1.199543	-87.340791		
48	0.185749	750	-1.189936	-88.530728		
49	0.176777	750	-1.219046	-89.749774		
50	0.16807	750	-1.212535	-90.962308		
51	0.159626	750	-1.108858	-92.071166		
52	0.151441	750	-1.141451	-93.212617		
53	0.143514	750	-1.056564	-94.269181		
54	0.135841	750	-1.073534	-95.342715		
55	0.12842	750	-1.061909	-96.404624		
56	0.121247	750	-0.979395	-97.384018		
57	0.11432	750	-0.972509	-98.356528		
58	0.107637	750	-0.959506	-99.316034		
59	0.101193	750	-0.935963	-100.251996		
60	0.094986	750	-0.880533	-101.132529		
61	0.089014	750	-0.851195	-101.983724		
62	0.083273	750	-0.841815	-102.825539		
63	0.07776	750	-0.825335	-103.650873		
64	0.072472	750	-0.790863	-104.441736		
65	0.067406	750	-0.744496	-105.186232		
66	0.062558	750	-0.729407	-105.915639		
67	0.057926	750	-0.729611	-106.64525		
68	0.053506	750	-0.682656	-107.327906		
69	0.049295	750	-0.664738	-107.992644		
70	0.045289	750	-0.604211	-108.596856		
71	0.041485	750	-0.594147	-109.191002		
72	0.03788	750	-0.587287	-109.77829		
73	0.034469	750	-0.58102	-110.35931		
74	0.03125	750	-0.531833	-110.891142		
75	0.028218	750	-0.491796	-111.382938		
76	0.02537	750	-0.474695	-111.857633		
77	0.022702	750	-0.436039	-112.293672		
78	0.020209	750	-0.390304	-112.683975		
79	0.017889	750	-0.426506	-113.110481		
80	0.015736	750	-0.368604	-113.479085		
81	0.013746	750	-0.357327	-113.836412		
82	0.011916	750	-0.313117	-114.149529		
83	0.01024	750	-0.287508	-114.437037		
84	0.008714	750	-0.268475	-114.705512		
85	0.007334	750	-0.236484	-114.941996		
86	0.006093	750	-0.218858	-115.160853		
87	0.004988	750	-0.200447	-115.3613		
88	0.004013	750	-0.175217	-115.536517		
89	0.003162	750	-0.155747	-115.692265		
90	0.00243	750	-0.142135	-115.8344		
91	0.00181	750	-0.118784	-115.953184		
92	0.001296	750	-0.092048	-116.045232		
93	0.000882	750	-0.073985	-116.119217		
94	0.000559	750	-0.062461	-116.181678		
95	0.00032	750	-0.042416	-116.224094		
96	0.000156	750	-0.0311	-116.255194		
97	0.000057	750	-0.017436	-116.27263		
98	0.00001	750	-0.008418	-116.281048		
99	0	750	-0.002044	-116.283092		
Log marginal likelihood:	-116.283092					
0	0.975187	750	-2.904406	-2.904406		
1	0.950747	750	-2.876729	-5.781135		
2	0.926679	750	-2.83728	-8.618415		
3	0.90298	750	-2.786835	-11.40525		
4	0.879648	750	-2.787242	-14.192492		
5	0.856682	750	-2.75034	-16.942832		
6	0.834079	750	-2.69474	-19.637572		
7	0.811838	750	-2.635308	-22.272879		
8	0.789957	750	-2.560986	-24.833866		
9	0.768433	750	-2.576129	-27.409995		
10	0.747266	750	-2.623513	-30.033508		
11	0.726452	750	-2.448963	-32.482471		
12	0.705989	750	-2.420881	-34.903352		
13	0.685877	750	-2.395905	-37.299257		
14	0.666112	750	-2.352304	-39.651561		
15	0.646693	750	-2.296994	-41.948555		
16	0.627618	750	-2.301421	-44.249976		
17	0.608884	750	-2.224632	-46.474609		
18	0.59049	750	-2.247314	-48.721923		
19	0.572433	750	-2.188524	-50.910447		
20	0.554712	750	-2.17288	-53.083326		
21	0.537324	750	-2.181148	-55.264474		
22	0.520268	750	-2.03367	-57.298144		
23	0.50354	750	-2.051858	-59.350001		
24	0.487139	750	-1.987824	-61.337826		
25	0.471063	750	-2.039303	-63.377129		
26	0.45531	750	-1.937756	-65.314884		
27	0.439877	750	-1.888776	-67.20366		
28	0.424762	750	-1.959438	-69.163098		
29	0.409963	750	-1.869723	-71.03282		
30	0.395478	750	-1.808448	-72.841268		
31	0.381305	750	-1.763249	-74.604517		
32	0.36744	750	-1.686798	-76.291315		
33	0.353883	750	-1.674522	-77.965837		
34	0.34063	750	-1.624774	-79.590611		
35	0.32768	750	-1.61304	-81.203651		
36	0.31503	750	-1.746427	-82.950078		
37	0.302677	750	-1.719892	-84.66997		
38	0.290619	750	-1.570316	-86.240286		
39	0.278855	750	-1.538563	-87.778849		
40	0.267381	750	-1.543589	-89.322438		
41	0.256195	750	-1.514875	-90.837313		
42	0.245294	750	-1.490383	-92.327696		
43	0.234677	750	-1.528775	-93.856472		
44	0.22434	750	-1.473609	-95.330081		
45	0.214281	750	-1.446921	-96.777002		
46	0.204498	750	-1.341265	-98.118266		
47	0.194988	750	-1.335543	-99.453809		
48	0.185749	750	-1.310925	-100.764734		
49	0.176777	750	-1.314534	-102.079267		
50	0.16807	750	-1.242934	-103.322201		
51	0.159626	750	-1.181465	-104.503666		
52	0.151441	750	-1.183349	-105.687015		
53	0.143514	750	-1.161612	-106.848628		
54	0.135841	750	-1.099523	-107.948151		
55	0.12842	750	-1.092336	-109.040486		
56	0.121247	750	-1.03498	-110.075466		
57	0.11432	750	-1.010837	-111.086303		
58	0.107637	750	-0.97438	-112.060684		
59	0.101193	750	-0.955498	-113.016182		
60	0.094986	750	-0.944768	-113.960949		
61	0.089014	750	-0.883019	-114.843968		
62	0.083273	750	-0.853976	-115.697945		
63	0.07776	750	-0.83957	-116.537515		
64	0.072472	750	-0.834242	-117.371757		
65	0.067406	750	-0.781682	-118.153439		
66	0.062558	750	-0.756086	-118.909525		
67	0.057926	750	-0.718516	-119.62804		
68	0.053506	750	-0.687058	-120.315098		
69	0.049295	750	-0.652719	-120.967817		
70	0.045289	750	-0.637762	-121.605579		
71	0.041485	750	-0.605682	-122.211261		
72	0.03788	750	-0.568378	-122.779639		
73	0.034469	750	-0.542228	-123.321867		
74	0.03125	750	-0.528893	-123.85076		
75	0.028218	750	-0.484452	-124.335212		
76	0.02537	750	-0.467725	-124.802937		
77	0.022702	750	-0.455495	-125.258432		
78	0.020209	750	-0.436524	-125.694956		
79	0.017889	750	-0.383814	-126.07877		
80	0.015736	750	-0.376035	-126.454805		
81	0.013746	750	-0.352422	-126.807228		
82	0.011916	750	-0.3127	-127.119928		
83	0.01024	750	-0.31761	-127.437537		
84	0.008714	750	-0.276589	-127.714126		
85	0.007334	750	-0.252407	-127.966533		
86	0.006093	750	-0.230645	-128.197177		
87	0.004988	750	-0.20428	-128.401458		
88	0.004013	750	-0.193444	-128.594902		
89	0.003162	750	-0.159255	-128.754157		
90	0.00243	750	-0.130515	-128.884672		
91	0.00181	750	-0.11587	-129.000543		
92	0.001296	750	-0.094678	-129.09522		
93	0.000882	750	-0.076808	-129.172028		
94	0.000559	750	-0.058876	-129.230904		
95	0.00032	750	-0.04766	-129.278564		
96	0.000156	750	-0.034255	-129.312819		
97	0.000057	750	-0.020762	-129.333581		
98	0.00001	750	-0.008589	-129.34217		
99	0	750	-0.00195	-129.34412		
Log marginal likelihood:	-129.34412					
0	0.975187	750	-2.903788	-2.903788		
1	0.950747	750	-2.838062	-5.74185		
2	0.926679	750	-2.822928	-8.564779		
3	0.90298	750	-2.771897	-11.336676		
4	0.879648	750	-2.714139	-14.050815		
5	0.856682	750	-2.667292	-16.718107		
6	0.834079	750	-2.65555	-19.373657		
7	0.811838	750	-2.662451	-22.036108		
8	0.789957	750	-2.555316	-24.591424		
9	0.768433	750	-2.553361	-27.144785		
10	0.747266	750	-2.483126	-29.627911		
11	0.726452	750	-2.437285	-32.065196		
12	0.705989	750	-2.413339	-34.478535		
13	0.685877	750	-2.405523	-36.884058		
14	0.666112	750	-2.376488	-39.260546		
15	0.646693	750	-2.315382	-41.575928		
16	0.627618	750	-2.355071	-43.930999		
17	0.608884	750	-2.317364	-46.248363		
18	0.59049	750	-2.175464	-48.423827		
19	0.572433	750	-2.15211	-50.575938		
20	0.554712	750	-2.285082	-52.86102		
21	0.537324	750	-2.186736	-55.047756		
22	0.520268	750	-2.26283	-57.310586		
23	0.50354	750	-2.128514	-59.4391		
24	0.487139	750	-2.117903	-61.557003		
25	0.471063	750	-2.02236	-63.579363		
26	0.45531	750	-1.989178	-65.568541		
27	0.439877	750	-1.930473	-67.499014		
28	0.424762	750	-1.987103	-69.486116		
29	0.409963	750	-1.820952	-71.307069		
30	0.395478	750	-1.830048	-73.137116		
31	0.381305	750	-1.892956	-75.030073		
32	0.36744	750	-1.761435	-76.791507		
33	0.353883	750	-1.716816	-78.508323		
34	0.34063	750	-1.754996	-80.263319		
35	0.32768	750	-1.713137	-81.976456		
36	0.31503	750	-1.762392	-83.738848		
37	0.302677	750	-1.727442	-85.46629		
38	0.290619	750	-1.642043	-87.108332		
39	0.278855	750	-1.638565	-88.746898		
40	0.267381	750	-1.537906	-90.284804		
41	0.256195	750	-1.595782	-91.880586		
42	0.245294	750	-1.542433	-93.423019		
43	0.234677	750	-1.489306	-94.912325		
44	0.22434	750	-1.478672	-96.390998		
45	0.214281	750	-1.435418	-97.826416		
46	0.204498	750	-1.392074	-99.21849		
47	0.194988	750	-1.328104	-100.546594		
48	0.185749	750	-1.316035	-101.862629		
49	0.176777	750	-1.304867	-103.167496		
50	0.16807	750	-1.219734	-104.38723		
51	0.159626	750	-1.229783	-105.617013		
52	0.151441	750	-1.164937	-106.78195		
53	0.143514	750	-1.175759	-107.957709		
54	0.135841	750	-1.149402	-109.107111		
55	0.12842	750	-1.109592	-110.216704		
56	0.121247	750	-1.034857	-111.25156		
57	0.11432	750	-1.024489	-112.276049		
58	0.107637	750	-0.986189	-113.262238		
59	0.101193	750	-0.940701	-114.202939		
60	0.094986	750	-0.945914	-115.148853		
61	0.089014	750	-0.907306	-116.056159		
62	0.083273	750	-0.857644	-116.913803		
63	0.07776	750	-0.854197	-117.768		
64	0.072472	750	-0.805938	-118.573938		
65	0.067406	750	-0.778931	-119.352869		
66	0.062558	750	-0.775538	-120.128407		
67	0.057926	750	-0.702155	-120.830562		
68	0.053506	750	-0.69235	-121.522911		
69	0.049295	750	-0.652605	-122.175517		
70	0.045289	750	-0.648066	-122.823583		
71	0.041485	750	-0.602894	-123.426476		
72	0.03788	750	-0.587259	-124.013735		
73	0.034469	750	-0.544906	-124.558641		
74	0.03125	750	-0.511445	-125.070086		
75	0.028218	750	-0.50654	-125.576626		
76	0.02537	750	-0.472347	-126.048974		
77	0.022702	750	-0.437849	-126.486823		
78	0.020209	750	-0.413584	-126.900407		
79	0.017889	750	-0.399442	-127.299848		
80	0.015736	750	-0.366937	-127.666785		
81	0.013746	750	-0.346388	-128.013174		
82	0.011916	750	-0.353193	-128.366367		
83	0.01024	750	-0.290187	-128.656554		
84	0.008714	750	-0.295509	-128.952063		
85	0.007334	750	-0.25111	-129.203173		
86	0.006093	750	-0.222711	-129.425885		
87	0.004988	750	-0.224018	-129.649903		
88	0.004013	750	-0.175781	-129.825684		
89	0.003162	750	-0.161675	-129.987359		
90	0.00243	750	-0.136473	-130.123831		
91	0.00181	750	-0.107656	-130.231488		
92	0.001296	750	-0.099529	-130.331017		
93	0.000882	750	-0.079346	-130.410363		
94	0.000559	750	-0.058267	-130.46863		
95	0.00032	750	-0.044001	-130.51263		
96	0.000156	750	-0.031178	-130.543808		
97	0.000057	750	-0.017833	-130.561641		
98	0.00001	750	-0.009276	-130.570917		
99	0	750	-0.001979	-130.572896		
Log marginal likelihood:	-130.572896					
0	0.975187	750	-2.850052	-2.850052		
1	0.950747	750	-2.857316	-5.707368		
2	0.926679	750	-2.819762	-8.52713		
3	0.90298	750	-2.724616	-11.251746		
4	0.879648	750	-2.725621	-13.977366		
5	0.856682	750	-2.670837	-16.648203		
6	0.834079	750	-2.657298	-19.305501		
7	0.811838	750	-2.630183	-21.935685		
8	0.789957	750	-2.572873	-24.508558		
9	0.768433	750	-2.523097	-27.031655		
10	0.747266	750	-2.465222	-29.496877		
11	0.726452	750	-2.479374	-31.976252		
12	0.705989	750	-2.392191	-34.368442		
13	0.685877	750	-2.374265	-36.742707		
14	0.666112	750	-2.342016	-39.084724		
15	0.646693	750	-2.307319	-41.392043		
16	0.627618	750	-2.248846	-43.640889		
17	0.608884	750	-2.235024	-45.875912		
18	0.59049	750	-2.164222	-48.040134		
19	0.572433	750	-2.164416	-50.20455		
20	0.554712	750	-2.139824	-52.344374		
21	0.537324	750	-2.08007	-54.424445		
22	0.520268	750	-2.065602	-56.490047		
23	0.50354	750	-2.067497	-58.557544		
24	0.487139	750	-2.034367	-60.591911		
25	0.471063	750	-1.942802	-62.534714		
26	0.45531	750	-1.912461	-64.447174		
27	0.439877	750	-1.915956	-66.363131		
28	0.424762	750	-1.852722	-68.215852		
29	0.409963	750	-1.938664	-70.154517		
30	0.395478	750	-1.841343	-71.99586		
31	0.381305	750	-1.728371	-73.724231		
32	0.36744	750	-1.79652	-75.520751		
33	0.353883	750	-1.682603	-77.203354		
34	0.34063	750	-1.753209	-78.956564		
35	0.32768	750	-1.656466	-80.61303		
36	0.31503	750	-1.624719	-82.237749		
37	0.302677	750	-1.610935	-83.848684		
38	0.290619	750	-1.576823	-85.425507		
39	0.278855	750	-1.542305	-86.967812		
40	0.267381	750	-1.522953	-88.490765		
41	0.256195	750	-1.505447	-89.996212		
42	0.245294	750	-1.456124	-91.452336		
43	0.234677	750	-1.452971	-92.905307		
44	0.22434	750	-1.381992	-94.287299		
45	0.214281	750	-1.378784	-95.666083		
46	0.204498	750	-1.313553	-96.979636		
47	0.194988	750	-1.30475	-98.284386		
48	0.185749	750	-1.268021	-99.552407		
49	0.176777	750	-1.179612	-100.732019		
50	0.16807	750	-1.192922	-101.924941		
51	0.159626	750	-1.19382	-103.118761		
52	0.151441	750	-1.163155	-104.281916		
53	0.143514	750	-1.113549	-105.395465		
54	0.135841	750	-1.073494	-106.468959		
55	0.12842	750	-1.088487	-107.557446		
56	0.121247	750	-1.057664	-108.61511		
57	0.11432	750	-1.011184	-109.626293		
58	0.107637	750	-0.96427	-110.590564		
59	0.101193	750	-0.947752	-111.538315		
60	0.094986	750	-0.913957	-112.452272		
61	0.089014	750	-0.88528	-113.337552		
62	0.083273	750	-0.861191	-114.198742		
63	0.07776	750	-0.822211	-115.020953		
64	0.072472	750	-0.804864	-115.825817		
65	0.067406	750	-0.759136	-116.584954		
66	0.062558	750	-0.719045	-117.303999		
67	0.057926	750	-0.706447	-118.010445		
68	0.053506	750	-0.678485	-118.68893		
69	0.049295	750	-0.657362	-119.346292		
70	0.045289	750	-0.625347	-119.971639		
71	0.041485	750	-0.602393	-120.574032		
72	0.03788	750	-0.570322	-121.144354		
73	0.034469	750	-0.531452	-121.675806		
74	0.03125	750	-0.524192	-122.199997		
75	0.028218	750	-0.502769	-122.702767		
76	0.02537	750	-0.464111	-123.166877		
77	0.022702	750	-0.449337	-123.616215		
78	0.020209	750	-0.435936	-124.052151		
79	0.017889	750	-0.387521	-124.439672		
80	0.015736	750	-0.389813	-124.829486		
81	0.013746	750	-0.355355	-125.18484		
82	0.011916	750	-0.309181	-125.494021		
83	0.01024	750	-0.288186	-125.782207		
84	0.008714	750	-0.265951	-126.048158		
85	0.007334	750	-0.236829	-126.284987		
86	0.006093	750	-0.22904	-126.514027		
87	0.004988	750	-0.199804	-126.713831		
88	0.004013	750	-0.167423	-126.881254		
89	0.003162	750	-0.152898	-127.034152		
90	0.00243	750	-0.137586	-127.171738		
91	0.00181	750	-0.116128	-127.287866		
92	0.001296	750	-0.09055	-127.378416		
93	0.000882	750	-0.074974	-127.45339		
94	0.000559	750	-0.060041	-127.513431		
95	0.00032	750	-0.04543	-127.558861		
96	0.000156	750	-0.035573	-127.594434		
97	0.000057	750	-0.019627	-127.614061		
98	0.00001	750	-0.008727	-127.622788		
99	0	750	-0.001831	-127.624619		
Log marginal likelihood:	-127.624619					
0	0.975187	750	-2.676284	-2.676284		
1	0.950747	750	-2.674238	-5.350522		
2	0.926679	750	-2.699085	-8.049606		
3	0.90298	750	-2.58489	-10.634497		
4	0.879648	750	-2.530777	-13.165273		
5	0.856682	750	-2.516696	-15.681969		
6	0.834079	750	-2.471363	-18.153333		
7	0.811838	750	-2.362717	-20.51605		
8	0.789957	750	-2.39305	-22.9091		
9	0.768433	750	-2.44287	-25.35197		
10	0.747266	750	-2.422371	-27.774341		
11	0.726452	750	-2.29316	-30.0675		
12	0.705989	750	-2.27083	-32.33833		
13	0.685877	750	-2.279933	-34.618263		
14	0.666112	750	-2.227287	-36.84555		
15	0.646693	750	-2.257871	-39.103421		
16	0.627618	750	-2.147177	-41.250598		
17	0.608884	750	-2.143815	-43.394413		
18	0.59049	750	-2.086115	-45.480528		
19	0.572433	750	-2.041036	-47.521564		
20	0.554712	750	-2.053917	-49.575481		
21	0.537324	750	-2.001593	-51.577073		
22	0.520268	750	-2.004595	-53.581669		
23	0.50354	750	-1.945936	-55.527605		
24	0.487139	750	-1.927879	-57.455483		
25	0.471063	750	-1.839705	-59.295188		
26	0.45531	750	-1.833291	-61.128479		
27	0.439877	750	-1.831416	-62.959895		
28	0.424762	750	-1.73048	-64.690375		
29	0.409963	750	-1.727369	-66.417745		
30	0.395478	750	-1.71491	-68.132655		
31	0.381305	750	-1.736641	-69.869297		
32	0.36744	750	-1.666669	-71.535966		
33	0.353883	750	-1.614679	-73.150645		
34	0.34063	750	-1.632681	-74.783326		
35	0.32768	750	-1.543987	-76.327313		
36	0.31503	750	-1.570659	-77.897972		
37	0.302677	750	-1.533249	-79.431221		
38	0.290619	750	-1.526208	-80.957429		
39	0.278855	750	-1.517881	-82.47531		
40	0.267381	750	-1.418333	-83.893643		
41	0.256195	750	-1.449765	-85.343408		
42	0.245294	750	-1.352003	-86.695411		
43	0.234677	750	-1.418183	-88.113594		
44	0.22434	750	-1.365619	-89.479213		
45	0.214281	750	-1.380117	-90.85933		
46	0.204498	750	-1.233861	-92.093192		
47	0.194988	750	-1.268293	-93.361484		
48	0.185749	750	-1.293452	-94.654936		
49	0.176777	750	-1.228411	-95.883347		
50	0.16807	750	-1.160206	-97.043553		
51	0.159626	750	-1.177443	-98.220996		
52	0.151441	750	-1.158269	-99.379265		
53	0.143514	750	-1.135327	-100.514592		
54	0.135841	750	-1.080504	-101.595096		
55	0.12842	750	-1.077103	-102.672199		
56	0.121247	750	-0.973415	-103.645613		
57	0.11432	750	-1.000712	-104.646325		
58	0.107637	750	-0.970769	-105.617094		
59	0.101193	750	-0.951771	-106.568865		
60	0.094986	750	-0.911577	-107.480442		
61	0.089014	750	-0.873343	-108.353786		
62	0.083273	750	-0.865208	-109.218994		
63	0.07776	750	-0.801287	-110.020281		
64	0.072472	750	-0.80198	-110.822261		
65	0.067406	750	-0.761339	-111.583599		
66	0.062558	750	-0.744965	-112.328565		
67	0.057926	750	-0.713273	-113.041838		
68	0.053506	750	-0.667486	-113.709324		
69	0.049295	750	-0.647687	-114.357011		
70	0.045289	750	-0.606465	-114.963476		
71	0.041485	750	-0.59162	-115.555096		
72	0.03788	750	-0.600979	-116.156076		
73	0.034469	750	-0.542728	-116.698804		
74	0.03125	750	-0.529293	-117.228097		
75	0.028218	750	-0.488335	-117.716431		
76	0.02537	750	-0.46169	-118.178121		
77	0.022702	750	-0.432239	-118.61036		
78	0.020209	750	-0.405535	-119.015895		
79	0.017889	750	-0.395798	-119.411693		
80	0.015736	750	-0.366048	-119.777741		
81	0.013746	750	-0.329835	-120.107576		
82	0.011916	750	-0.315816	-120.423392		
83	0.01024	750	-0.320318	-120.74371		
84	0.008714	750	-0.270268	-121.013978		
85	0.007334	750	-0.236178	-121.250157		
86	0.006093	750	-0.232695	-121.482852		
87	0.004988	750	-0.203181	-121.686033		
88	0.004013	750	-0.175206	-121.861239		
89	0.003162	750	-0.153396	-122.014635		
90	0.00243	750	-0.133062	-122.147697		
91	0.00181	750	-0.115262	-122.26296		
92	0.001296	750	-0.092445	-122.355405		
93	0.000882	750	-0.073679	-122.429084		
94	0.000559	750	-0.065077	-122.494161		
95	0.00032	750	-0.048361	-122.542522		
96	0.000156	750	-0.031282	-122.573804		
97	0.000057	750	-0.018633	-122.592437		
98	0.00001	750	-0.009279	-122.601716		
99	0	750	-0.001935	-122.603651		
Log marginal likelihood:	-122.603651					
0	0.975187	750	-3.040664	-3.040664		
1	0.950747	750	-3.024281	-6.064945		
2	0.926679	750	-2.960798	-9.025744		
3	0.90298	750	-2.93332	-11.959064		
4	0.879648	750	-2.938276	-14.89734		
5	0.856682	750	-2.825643	-17.722983		
6	0.834079	750	-2.822175	-20.545159		
7	0.811838	750	-2.864314	-23.409473		
8	0.789957	750	-2.729164	-26.138637		
9	0.768433	750	-2.717597	-28.856234		
10	0.747266	750	-2.732546	-31.588779		
11	0.726452	750	-2.681624	-34.270403		
12	0.705989	750	-2.59926	-36.869663		
13	0.685877	750	-2.626648	-39.496311		
14	0.666112	750	-2.591072	-42.087384		
15	0.646693	750	-2.481547	-44.56893		
16	0.627618	750	-2.409707	-46.978638		
17	0.608884	750	-2.424418	-49.403055		
18	0.59049	750	-2.383419	-51.786474		
19	0.572433	750	-2.381693	-54.168167		
20	0.554712	750	-2.33704	-56.505206		
21	0.537324	750	-2.249205	-58.754411		
22	0.520268	750	-2.227641	-60.982052		
23	0.50354	750	-2.215784	-63.197836		
24	0.487139	750	-2.124631	-65.322468		
25	0.471063	750	-2.121581	-67.444049		
26	0.45531	750	-2.047875	-69.491924		
27	0.439877	750	-2.058609	-71.550533		
28	0.424762	750	-2.025199	-73.575732		
29	0.409963	750	-1.946415	-75.522147		
30	0.395478	750	-1.934649	-77.456796		
31	0.381305	750	-1.86507	-79.321866		
32	0.36744	750	-1.878157	-81.200023		
33	0.353883	750	-1.864847	-83.06487		
34	0.34063	750	-1.810834	-84.875704		
35	0.32768	750	-1.764664	-86.640369		
36	0.31503	750	-1.743105	-88.383473		
37	0.302677	750	-1.609702	-89.993175		
38	0.290619	750	-1.679244	-91.672419		
39	0.278855	750	-1.634674	-93.307093		
40	0.267381	750	-1.628205	-94.935298		
41	0.256195	750	-1.539093	-96.474392		
42	0.245294	750	-1.493533	-97.967924		
43	0.234677	750	-1.468903	-99.436827		
44	0.22434	750	-1.455097	-100.891924		
45	0.214281	750	-1.434728	-102.326652		
46	0.204498	750	-1.38126	-103.707912		
47	0.194988	750	-1.339491	-105.047403		
48	0.185749	750	-1.336891	-106.384294		
49	0.176777	750	-1.280238	-107.664531		
50	0.16807	750	-1.265968	-108.9305		
51	0.159626	750	-1.220029	-110.150529		
52	0.151441	750	-1.198999	-111.349528		
53	0.143514	750	-1.135645	-112.485173		
54	0.135841	750	-1.110852	-113.596025		
55	0.12842	750	-1.093528	-114.689553		
56	0.121247	750	-1.069511	-115.759064		
57	0.11432	750	-1.019637	-116.778701		
58	0.107637	750	-0.9803	-117.759001		
59	0.101193	750	-0.969193	-118.728194		
60	0.094986	750	-0.919829	-119.648023		
61	0.089014	750	-0.882566	-120.530589		
62	0.083273	750	-0.882836	-121.413425		
63	0.07776	750	-0.856259	-122.269684		
64	0.072472	750	-0.788331	-123.058015		
65	0.067406	750	-0.789215	-123.84723		
66	0.062558	750	-0.735196	-124.582426		
67	0.057926	750	-0.706466	-125.288892		
68	0.053506	750	-0.69148	-125.980371		
69	0.049295	750	-0.66824	-126.648612		
70	0.045289	750	-0.621028	-127.26964		
71	0.041485	750	-0.598244	-127.867883		
72	0.03788	750	-0.58358	-128.451463		
73	0.034469	750	-0.543274	-128.994738		
74	0.03125	750	-0.519391	-129.514129		
75	0.028218	750	-0.496783	-130.010912		
76	0.02537	750	-0.459311	-130.470223		
77	0.022702	750	-0.436927	-130.90715		
78	0.020209	750	-0.415125	-131.322275		
79	0.017889	750	-0.382435	-131.704711		
80	0.015736	750	-0.365515	-132.070226		
81	0.013746	750	-0.357298	-132.427524		
82	0.011916	750	-0.320705	-132.748229		
83	0.01024	750	-0.298704	-133.046932		
84	0.008714	750	-0.258948	-133.30588		
85	0.007334	750	-0.251829	-133.557709		
86	0.006093	750	-0.228994	-133.786704		
87	0.004988	750	-0.198955	-133.985659		
88	0.004013	750	-0.173319	-134.158978		
89	0.003162	750	-0.149789	-134.308767		
90	0.00243	750	-0.143528	-134.452295		
91	0.00181	750	-0.112055	-134.56435		
92	0.001296	750	-0.0994	-134.66375		
93	0.000882	750	-0.073719	-134.737469		
94	0.000559	750	-0.059553	-134.797022		
95	0.00032	750	-0.046769	-134.843791		
96	0.000156	750	-0.033619	-134.877411		
97	0.000057	750	-0.021013	-134.898424		
98	0.00001	750	-0.008598	-134.907023		
99	0	750	-0.002179	-134.909201		
Log marginal likelihood:	-134.909201					
0	0.975187	750	-2.889154	-2.889154		
1	0.950747	750	-2.843009	-5.732163		
2	0.926679	750	-2.807318	-8.53948		
3	0.90298	750	-2.768778	-11.308258		
4	0.879648	750	-2.709724	-14.017982		
5	0.856682	750	-2.676433	-16.694416		
6	0.834079	750	-2.646451	-19.340866		
7	0.811838	750	-2.608842	-21.949708		
8	0.789957	750	-2.594847	-24.544556		
9	0.768433	750	-2.53826	-27.082815		
10	0.747266	750	-2.529118	-29.611934		
11	0.726452	750	-2.445569	-32.057503		
12	0.705989	750	-2.428388	-34.48589		
13	0.685877	750	-2.36473	-36.850621		
14	0.666112	750	-2.341792	-39.192412		
15	0.646693	750	-2.36316	-41.555572		
16	0.627618	750	-2.271878	-43.827451		
17	0.608884	750	-2.240289	-46.06774		
18	0.59049	750	-2.259816	-48.327556		
19	0.572433	750	-2.32093	-50.648487		
20	0.554712	750	-2.267761	-52.916247		
21	0.537324	750	-2.099568	-55.015815		
22	0.520268	750	-2.076827	-57.092642		
23	0.50354	750	-2.017217	-59.109859		
24	0.487139	750	-1.996123	-61.105982		
25	0.471063	750	-2.104779	-63.210762		
26	0.45531	750	-2.025668	-65.23643		
27	0.439877	750	-2.084215	-67.320645		
28	0.424762	750	-1.930751	-69.251396		
29	0.409963	750	-1.90229	-71.153686		
30	0.395478	750	-1.892284	-73.04597		
31	0.381305	750	-1.901042	-74.947012		
32	0.36744	750	-1.763106	-76.710118		
33	0.353883	750	-1.700598	-78.410715		
34	0.34063	750	-1.657307	-80.068023		
35	0.32768	750	-1.77992	-81.847943		
36	0.31503	750	-1.722997	-83.57094		
37	0.302677	750	-1.608961	-85.179901		
38	0.290619	750	-1.604431	-86.784332		
39	0.278855	750	-1.596525	-88.380857		
40	0.267381	750	-1.56153	-89.942387		
41	0.256195	750	-1.551554	-91.493941		
42	0.245294	750	-1.490256	-92.984197		
43	0.234677	750	-1.427583	-94.41178		
44	0.22434	750	-1.413184	-95.824964		
45	0.214281	750	-1.377034	-97.201998		
46	0.204498	750	-1.381358	-98.583356		
47	0.194988	750	-1.33957	-99.922926		
48	0.185749	750	-1.270342	-101.193268		
49	0.176777	750	-1.274224	-102.467492		
50	0.16807	750	-1.211812	-103.679304		
51	0.159626	750	-1.173597	-104.852902		
52	0.151441	750	-1.183431	-106.036333		
53	0.143514	750	-1.162944	-107.199277		
54	0.135841	750	-1.097626	-108.296903		
55	0.12842	750	-1.055078	-109.351981		
56	0.121247	750	-1.030994	-110.382975		
57	0.11432	750	-1.024889	-111.407864		
58	0.107637	750	-0.984218	-112.392082		
59	0.101193	750	-0.94583	-113.337912		
60	0.094986	750	-0.912608	-114.250521		
61	0.089014	750	-0.854782	-115.105302		
62	0.083273	750	-0.853616	-115.958918		
63	0.07776	750	-0.833172	-116.79209		
64	0.072472	750	-0.806409	-117.598499		
65	0.067406	750	-0.762405	-118.360905		
66	0.062558	750	-0.757604	-119.118509		
67	0.057926	750	-0.709226	-119.827735		
68	0.053506	750	-0.681326	-120.509062		
69	0.049295	750	-0.658188	-121.167249		
70	0.045289	750	-0.625114	-121.792363		
71	0.041485	750	-0.609047	-122.40141		
72	0.03788	750	-0.560517	-122.961927		
73	0.034469	750	-0.53128	-123.493207		
74	0.03125	750	-0.509845	-124.003052		
75	0.028218	750	-0.500183	-124.503234		
76	0.02537	750	-0.465504	-124.968738		
77	0.022702	750	-0.43686	-125.405598		
78	0.020209	750	-0.42301	-125.828608		
79	0.017889	750	-0.411221	-126.239829		
80	0.015736	750	-0.383069	-126.622899		
81	0.013746	750	-0.34103	-126.963929		
82	0.011916	750	-0.32782	-127.291749		
83	0.01024	750	-0.306754	-127.598503		
84	0.008714	750	-0.257241	-127.855743		
85	0.007334	750	-0.242935	-128.098679		
86	0.006093	750	-0.222785	-128.321464		
87	0.004988	750	-0.205777	-128.527241		
88	0.004013	750	-0.176941	-128.704182		
89	0.003162	750	-0.154591	-128.858773		
90	0.00243	750	-0.132074	-128.990847		
91	0.00181	750	-0.115423	-129.10627		
92	0.001296	750	-0.095194	-129.201464		
93	0.000882	750	-0.074388	-129.275852		
94	0.000559	750	-0.056416	-129.332268		
95	0.00032	750	-0.041216	-129.373484		
96	0.000156	750	-0.028959	-129.402443		
97	0.000057	750	-0.020206	-129.422649		
98	0.00001	750	-0.008833	-129.431482		
99	0	750	-0.001854	-129.433336		
Log marginal likelihood:	-129.433336					
0	0.975187	750	-3.287316	-3.287316		
1	0.950747	750	-3.239947	-6.527263		
2	0.926679	750	-3.178881	-9.706144		
3	0.90298	750	-3.10536	-12.811504		
4	0.879648	750	-3.078579	-15.890083		
5	0.856682	750	-3.027124	-18.917206		
6	0.834079	750	-2.971238	-21.888445		
7	0.811838	750	-2.924197	-24.812641		
8	0.789957	750	-2.889299	-27.701941		
9	0.768433	750	-2.847073	-30.549014		
10	0.747266	750	-2.771644	-33.320657		
11	0.726452	750	-2.742557	-36.063214		
12	0.705989	750	-2.745237	-38.808451		
13	0.685877	750	-2.661168	-41.469619		
14	0.666112	750	-2.723468	-44.193087		
15	0.646693	750	-2.671541	-46.864628		
16	0.627618	750	-2.55747	-49.422098		
17	0.608884	750	-2.594178	-52.016276		
18	0.59049	750	-2.495157	-54.511433		
19	0.572433	750	-2.514078	-57.025511		
20	0.554712	750	-2.549976	-59.575486		
21	0.537324	750	-2.40119	-61.976676		
22	0.520268	750	-2.454487	-64.431163		
23	0.50354	750	-2.41899	-66.850153		
24	0.487139	750	-2.357477	-69.20763		
25	0.471063	750	-2.208215	-71.415845		
26	0.45531	750	-2.24106	-73.656905		
27	0.439877	750	-2.245632	-75.902537		
28	0.424762	750	-2.106452	-78.008988		
29	0.409963	750	-2.120499	-80.129488		
30	0.395478	750	-2.030702	-82.16019		
31	0.381305	750	-2.006167	-84.166357		
32	0.36744	750	-2.004416	-86.170773		
33	0.353883	750	-1.912552	-88.083325		
34	0.34063	750	-1.961701	-90.045025		
35	0.32768	750	-1.851237	-91.896263		
36	0.31503	750	-1.817284	-93.713547		
37	0.302677	750	-1.807342	-95.520889		
38	0.290619	750	-1.766162	-97.287051		
39	0.278855	750	-1.723682	-99.010733		
40	0.267381	750	-1.666443	-100.677176		
41	0.256195	750	-1.653783	-102.330958		
42	0.245294	750	-1.610086	-103.941045		
43	0.234677	750	-1.565116	-105.506161		
44	0.22434	750	-1.484228	-106.990389		
45	0.214281	750	-1.494439	-108.484828		
46	0.204498	750	-1.461824	-109.946651		
47	0.194988	750	-1.434254	-111.380905		
48	0.185749	750	-1.394185	-112.77509		
49	0.176777	750	-1.34338	-114.11847		
50	0.16807	750	-1.291639	-115.410109		
51	0.159626	750	-1.261186	-116.671295		
52	0.151441	750	-1.225013	-117.896308		
53	0.143514	750	-1.211479	-119.107787		
54	0.135841	750	-1.153473	-120.26126		
55	0.12842	750	-1.126144	-121.387405		
56	0.121247	750	-1.119932	-122.507336		
57	0.11432	750	-1.065608	-123.572944		
58	0.107637	750	-1.034149	-124.607094		
59	0.101193	750	-0.972935	-125.580029		
60	0.094986	750	-0.973269	-126.553298		
61	0.089014	750	-0.930582	-127.48388		
62	0.083273	750	-0.917217	-128.401097		
63	0.07776	750	-0.886574	-129.287671		
64	0.072472	750	-0.827963	-130.115635		
65	0.067406	750	-0.795667	-130.911301		
66	0.062558	750	-0.779686	-131.690987		
67	0.057926	750	-0.750755	-132.441742		
68	0.053506	750	-0.721201	-133.162943		
69	0.049295	750	-0.676975	-133.839918		
70	0.045289	750	-0.66507	-134.504988		
71	0.041485	750	-0.627795	-135.132783		
72	0.03788	750	-0.602587	-135.73537		
73	0.034469	750	-0.584269	-136.319639		
74	0.03125	750	-0.552286	-136.871925		
75	0.028218	750	-0.505049	-137.376974		
76	0.02537	750	-0.488137	-137.865111		
77	0.022702	750	-0.471143	-138.336254		
78	0.020209	750	-0.451723	-138.787977		
79	0.017889	750	-0.412811	-139.200788		
80	0.015736	750	-0.391816	-139.592604		
81	0.013746	750	-0.360395	-139.952999		
82	0.011916	750	-0.337677	-140.290677		
83	0.01024	750	-0.303947	-140.594624		
84	0.008714	750	-0.285985	-140.880609		
85	0.007334	750	-0.264793	-141.145401		
86	0.006093	750	-0.227053	-141.372454		
87	0.004988	750	-0.204271	-141.576725		
88	0.004013	750	-0.177604	-141.754329		
89	0.003162	750	-0.159983	-141.914311		
90	0.00243	750	-0.129983	-142.044295		
91	0.00181	750	-0.119497	-142.163792		
92	0.001296	750	-0.099352	-142.263144		
93	0.000882	750	-0.096131	-142.359275		
94	0.000559	750	-0.066098	-142.425372		
95	0.00032	750	-0.049862	-142.475234		
96	0.000156	750	-0.03223	-142.507464		
97	0.000057	750	-0.019406	-142.526871		
98	0.00001	750	-0.0087	-142.53557		
99	0	750	-0.001964	-142.537534		
Log marginal likelihood:	-142.537534					
0	0.975187	750	-2.621066	-2.621066		
1	0.950747	750	-2.554965	-5.176031		
2	0.926679	750	-2.613092	-7.789123		
3	0.90298	750	-2.542478	-10.331601		
4	0.879648	750	-2.57557	-12.907171		
5	0.856682	750	-2.457428	-15.364598		
6	0.834079	750	-2.480828	-17.845426		
7	0.811838	750	-2.39933	-20.244756		
8	0.789957	750	-2.38175	-22.626506		
9	0.768433	750	-2.311549	-24.938054		
10	0.747266	750	-2.287346	-27.225401		
11	0.726452	750	-2.364361	-29.589762		
12	0.705989	750	-2.249361	-31.839123		
13	0.685877	750	-2.174934	-34.014057		
14	0.666112	750	-2.21799	-36.232047		
15	0.646693	750	-2.192217	-38.424264		
16	0.627618	750	-2.163172	-40.587436		
17	0.608884	750	-2.078291	-42.665727		
18	0.59049	750	-2.067944	-44.73367		
19	0.572433	750	-1.992348	-46.726019		
20	0.554712	750	-1.989096	-48.715114		
21	0.537324	750	-1.923966	-50.639081		
22	0.520268	750	-1.927989	-52.567069		
23	0.50354	750	-1.881059	-54.448129		
24	0.487139	750	-1.880993	-56.329122		
25	0.471063	750	-1.887071	-58.216193		
26	0.45531	750	-1.76481	-59.981003		
27	0.439877	750	-1.786448	-61.767451		
28	0.424762	750	-1.719717	-63.487168		
29	0.409963	750	-1.733734	-65.220902		
30	0.395478	750	-1.719015	-66.939917		
31	0.381305	750	-1.631363	-68.571281		
32	0.36744	750	-1.631587	-70.202868		
33	0.353883	750	-1.616282	-71.81915		
34	0.34063	750	-1.570585	-73.389734		
35	0.32768	750	-1.580392	-74.970126		
36	0.31503	750	-1.54806	-76.518186		
37	0.302677	750	-1.553683	-78.071869		
38	0.290619	750	-1.489992	-79.561861		
39	0.278855	750	-1.569527	-81.131388		
40	0.267381	750	-1.442936	-82.574324		
41	0.256195	750	-1.366989	-83.941313		
42	0.245294	750	-1.374084	-85.315397		
43	0.234677	750	-1.364377	-86.679774		
44	0.22434	750	-1.353862	-88.033636		
45	0.214281	750	-1.310206	-89.343842		
46	0.204498	750	-1.353437	-90.697279		
47	0.194988	750	-1.225984	-91.923262		
48	0.185749	750	-1.22635	-93.149613		
49	0.176777	750	-1.230707	-94.38032		
50	0.16807	750	-1.21813	-95.59845		
51	0.159626	750	-1.18014	-96.77859		
52	0.151441	750	-1.139201	-97.917792		
53	0.143514	750	-1.103135	-99.020927		
54	0.135841	750	-1.065465	-100.086392		
55	0.12842	750	-1.07717	-101.163562		
56	0.121247	750	-1.020606	-102.184168		
57	0.11432	750	-0.994322	-103.17849		
58	0.107637	750	-0.946303	-104.124792		
59	0.101193	750	-0.916326	-105.041118		
60	0.094986	750	-0.944603	-105.985721		
61	0.089014	750	-0.880176	-106.865897		
62	0.083273	750	-0.871561	-107.737458		
63	0.07776	750	-0.821455	-108.558913		
64	0.072472	750	-0.794833	-109.353747		
65	0.067406	750	-0.792598	-110.146344		
66	0.062558	750	-0.739939	-110.886283		
67	0.057926	750	-0.694848	-111.581132		
68	0.053506	750	-0.684219	-112.26535		
69	0.049295	750	-0.655013	-112.920363		
70	0.045289	750	-0.637655	-113.558018		
71	0.041485	750	-0.606424	-114.164442		
72	0.03788	750	-0.571381	-114.735823		
73	0.034469	750	-0.534869	-115.270692		
74	0.03125	750	-0.513599	-115.784291		
75	0.028218	750	-0.51974	-116.304031		
76	0.02537	750	-0.459953	-116.763984		
77	0.022702	750	-0.445564	-117.209548		
78	0.020209	750	-0.421663	-117.631211		
79	0.017889	750	-0.398195	-118.029407		
80	0.015736	750	-0.360853	-118.39026		
81	0.013746	750	-0.341264	-118.731524		
82	0.011916	750	-0.326946	-119.058471		
83	0.01024	750	-0.284864	-119.343335		
84	0.008714	750	-0.296055	-119.63939		
85	0.007334	750	-0.251953	-119.891343		
86	0.006093	750	-0.220546	-120.111889		
87	0.004988	750	-0.192114	-120.304002		
88	0.004013	750	-0.170576	-120.474579		
89	0.003162	750	-0.146265	-120.620844		
90	0.00243	750	-0.131897	-120.752741		
91	0.00181	750	-0.125703	-120.878444		
92	0.001296	750	-0.094839	-120.973283		
93	0.000882	750	-0.075368	-121.048651		
94	0.000559	750	-0.055454	-121.104105		
95	0.00032	750	-0.044175	-121.14828		
96	0.000156	750	-0.031031	-121.179311		
97	0.000057	750	-0.019293	-121.198603		
98	0.00001	750	-0.009068	-121.207672		
99	0	750	-0.001889	-121.209561		
Log marginal likelihood:	-121.209561					
0	0.975187	750	-2.940181	-2.940181		
1	0.950747	750	-2.887607	-5.827788		
2	0.926679	750	-2.831859	-8.659646		
3	0.90298	750	-2.796098	-11.455744		
4	0.879648	750	-2.750283	-14.206028		
5	0.856682	750	-2.752914	-16.958942		
6	0.834079	750	-2.682447	-19.641389		
7	0.811838	750	-2.608125	-22.249515		
8	0.789957	750	-2.605199	-24.854714		
9	0.768433	750	-2.549393	-27.404106		
10	0.747266	750	-2.513124	-29.917231		
11	0.726452	750	-2.468131	-32.385362		
12	0.705989	750	-2.420739	-34.806101		
13	0.685877	750	-2.363944	-37.170045		
14	0.666112	750	-2.380627	-39.550672		
15	0.646693	750	-2.33423	-41.884902		
16	0.627618	750	-2.288863	-44.173765		
17	0.608884	750	-2.242083	-46.415849		
18	0.59049	750	-2.195605	-48.611453		
19	0.572433	750	-2.151522	-50.762975		
20	0.554712	750	-2.151837	-52.914812		
21	0.537324	750	-2.109991	-55.024803		
22	0.520268	750	-2.115719	-57.140522		
23	0.50354	750	-2.028969	-59.169491		
24	0.487139	750	-2.024884	-61.194374		
25	0.471063	750	-2.019326	-63.2137		
26	0.45531	750	-1.934723	-65.148422		
27	0.439877	750	-1.918634	-67.067057		
28	0.424762	750	-1.93114	-68.998197		
29	0.409963	750	-1.826985	-70.825182		
30	0.395478	750	-1.770705	-72.595887		
31	0.381305	750	-1.764306	-74.360193		
32	0.36744	750	-1.897934	-76.258128		
33	0.353883	750	-1.838953	-78.09708		
34	0.34063	750	-1.722414	-79.819495		
35	0.32768	750	-1.698126	-81.517621		
36	0.31503	750	-1.647279	-83.1649		
37	0.302677	750	-1.769387	-84.934286		
38	0.290619	750	-1.650026	-86.584312		
39	0.278855	750	-1.650827	-88.235139		
40	0.267381	750	-1.595242	-89.830381		
41	0.256195	750	-1.519578	-91.349959		
42	0.245294	750	-1.557331	-92.90729		
43	0.234677	750	-1.374801	-94.282092		
44	0.22434	750	-1.419635	-95.701727		
45	0.214281	750	-1.428885	-97.130612		
46	0.204498	750	-1.359028	-98.48964		
47	0.194988	750	-1.330415	-99.820055		
48	0.185749	750	-1.329229	-101.149285		
49	0.176777	750	-1.29944	-102.448724		
50	0.16807	750	-1.272141	-103.720865		
51	0.159626	750	-1.235194	-104.956059		
52	0.151441	750	-1.190164	-106.146223		
53	0.143514	750	-1.123988	-107.270211		
54	0.135841	750	-1.126639	-108.39685		
55	0.12842	750	-1.105069	-109.501919		
56	0.121247	750	-1.054646	-110.556565		
57	0.11432	750	-1.024078	-111.580643		
58	0.107637	750	-1.015776	-112.59642		
59	0.101193	750	-0.963522	-113.559942		
60	0.094986	750	-0.933373	-114.493315		
61	0.089014	750	-0.89684	-115.390155		
62	0.083273	750	-0.887652	-116.277806		
63	0.07776	750	-0.826327	-117.104133		
64	0.072472	750	-0.809677	-117.91381		
65	0.067406	750	-0.801589	-118.715399		
66	0.062558	750	-0.759956	-119.475355		
67	0.057926	750	-0.718696	-120.194052		
68	0.053506	750	-0.686399	-120.880451		
69	0.049295	750	-0.673142	-121.553593		
70	0.045289	750	-0.647982	-122.201575		
71	0.041485	750	-0.622144	-122.823718		
72	0.03788	750	-0.584708	-123.408427		
73	0.034469	750	-0.542173	-123.9506		
74	0.03125	750	-0.527167	-124.477767		
75	0.028218	750	-0.50776	-124.985527		
76	0.02537	750	-0.508811	-125.494338		
77	0.022702	750	-0.465896	-125.960235		
78	0.020209	750	-0.433215	-126.39345		
79	0.017889	750	-0.399504	-126.792954		
80	0.015736	750	-0.355199	-127.148153		
81	0.013746	750	-0.338205	-127.486358		
82	0.011916	750	-0.317068	-127.803426		
83	0.01024	750	-0.294598	-128.098024		
84	0.008714	750	-0.260714	-128.358738		
85	0.007334	750	-0.253352	-128.61209		
86	0.006093	750	-0.227991	-128.840081		
87	0.004988	750	-0.202492	-129.042572		
88	0.004013	750	-0.178349	-129.220922		
89	0.003162	750	-0.172371	-129.393293		
90	0.00243	750	-0.13726	-129.530553		
91	0.00181	750	-0.117075	-129.647627		
92	0.001296	750	-0.099288	-129.746916		
93	0.000882	750	-0.07801	-129.824926		
94	0.000559	750	-0.059877	-129.884803		
95	0.00032	750	-0.04342	-129.928223		
96	0.000156	750	-0.031328	-129.959551		
97	0.000057	750	-0.019359	-129.97891		
98	0.00001	750	-0.009324	-129.988234		
99	0	750	-0.001835	-129.990069		
Log marginal likelihood:	-129.990069					
0	0.975187	750	-2.749892	-2.749892		
1	0.950747	750	-2.705092	-5.454983		
2	0.926679	750	-2.654282	-8.109265		
3	0.90298	750	-2.63864	-10.747905		
4	0.879648	750	-2.602775	-13.35068		
5	0.856682	750	-2.612382	-15.963062		
6	0.834079	750	-2.602986	-18.566048		
7	0.811838	750	-2.468349	-21.034397		
8	0.789957	750	-2.439931	-23.474329		
9	0.768433	750	-2.411634	-25.885963		
10	0.747266	750	-2.386004	-28.271967		
11	0.726452	750	-2.330665	-30.602632		
12	0.705989	750	-2.357553	-32.960185		
13	0.685877	750	-2.265737	-35.225922		
14	0.666112	750	-2.24151	-37.467432		
15	0.646693	750	-2.257009	-39.724441		
16	0.627618	750	-2.17651	-41.900951		
17	0.608884	750	-2.132394	-44.033345		
18	0.59049	750	-2.086821	-46.120166		
19	0.572433	750	-2.061532	-48.181698		
20	0.554712	750	-2.006953	-50.188651		
21	0.537324	750	-2.00567	-52.194321		
22	0.520268	750	-1.951435	-54.145756		
23	0.50354	750	-1.915001	-56.060757		
24	0.487139	750	-1.959108	-58.019865		
25	0.471063	750	-1.857761	-59.877626		
26	0.45531	750	-1.856422	-61.734048		
27	0.439877	750	-1.846906	-63.580955		
28	0.424762	750	-1.761514	-65.342469		
29	0.409963	750	-1.719674	-67.062143		
30	0.395478	750	-1.680007	-68.74215		
31	0.381305	750	-1.759433	-70.501582		
32	0.36744	750	-1.687511	-72.189094		
33	0.353883	750	-1.73431	-73.923404		
34	0.34063	750	-1.590043	-75.513447		
35	0.32768	750	-1.551749	-77.065196		
36	0.31503	750	-1.597459	-78.662655		
37	0.302677	750	-1.548554	-80.211209		
38	0.290619	750	-1.550513	-81.761722		
39	0.278855	750	-1.570366	-83.332088		
40	0.267381	750	-1.477606	-84.809694		
41	0.256195	750	-1.477679	-86.287373		
42	0.245294	750	-1.380358	-87.66773		
43	0.234677	750	-1.395002	-89.062732		
44	0.22434	750	-1.309902	-90.372634		
45	0.214281	750	-1.316642	-91.689276		
46	0.204498	750	-1.359241	-93.048517		
47	0.194988	750	-1.305087	-94.353604		
48	0.185749	750	-1.28685	-95.640454		
49	0.176777	750	-1.220533	-96.860987		
50	0.16807	750	-1.158931	-98.019917		
51	0.159626	750	-1.186326	-99.206243		
52	0.151441	750	-1.151841	-100.358084		
53	0.143514	750	-1.114047	-101.472131		
54	0.135841	750	-1.092617	-102.564748		
55	0.12842	750	-1.053055	-103.617803		
56	0.121247	750	-1.027174	-104.644977		
57	0.11432	750	-0.99032	-105.635297		
58	0.107637	750	-0.956205	-106.591503		
59	0.101193	750	-0.957046	-107.548549		
60	0.094986	750	-0.896035	-108.444584		
61	0.089014	750	-0.866318	-109.310902		
62	0.083273	750	-0.831268	-110.14217		
63	0.07776	750	-0.829052	-110.971222		
64	0.072472	750	-0.785696	-111.756919		
65	0.067406	750	-0.744778	-112.501697		
66	0.062558	750	-0.727618	-113.229314		
67	0.057926	750	-0.699294	-113.928608		
68	0.053506	750	-0.672305	-114.600914		
69	0.049295	750	-0.647323	-115.248237		
70	0.045289	750	-0.653748	-115.901985		
71	0.041485	750	-0.591444	-116.493429		
72	0.03788	750	-0.570346	-117.063775		
73	0.034469	750	-0.55847	-117.622245		
74	0.03125	750	-0.516269	-118.138514		
75	0.028218	750	-0.48354	-118.622053		
76	0.02537	750	-0.455054	-119.077107		
77	0.022702	750	-0.441039	-119.518146		
78	0.020209	750	-0.416847	-119.934993		
79	0.017889	750	-0.406158	-120.341151		
80	0.015736	750	-0.386245	-120.727396		
81	0.013746	750	-0.33523	-121.062626		
82	0.011916	750	-0.321222	-121.383848		
83	0.01024	750	-0.286431	-121.670279		
84	0.008714	750	-0.2798	-121.95008		
85	0.007334	750	-0.239801	-122.189881		
86	0.006093	750	-0.23489	-122.424771		
87	0.004988	750	-0.194823	-122.619594		
88	0.004013	750	-0.17981	-122.799404		
89	0.003162	750	-0.153985	-122.953389		
90	0.00243	750	-0.131411	-123.0848		
91	0.00181	750	-0.117517	-123.202317		
92	0.001296	750	-0.099391	-123.301708		
93	0.000882	750	-0.082592	-123.384299		
94	0.000559	750	-0.061847	-123.446147		
95	0.00032	750	-0.047906	-123.494053		
96	0.000156	750	-0.033544	-123.527598		
97	0.000057	750	-0.019546	-123.547144		
98	0.00001	750	-0.008516	-123.55566		
99	0	750	-0.001966	-123.557626		
Log marginal likelihood:	-123.557626					
0	0.975187	750	-2.849984	-2.849984		
1	0.950747	750	-2.841136	-5.691119		
2	0.926679	750	-2.758793	-8.449912		
3	0.90298	750	-2.706356	-11.156268		
4	0.879648	750	-2.685338	-13.841606		
5	0.856682	750	-2.645302	-16.486908		
6	0.834079	750	-2.583145	-19.070053		
7	0.811838	750	-2.544062	-21.614115		
8	0.789957	750	-2.514226	-24.128342		
9	0.768433	750	-2.495062	-26.623404		
10	0.747266	750	-2.518027	-29.141431		
11	0.726452	750	-2.446949	-31.58838		
12	0.705989	750	-2.390613	-33.978993		
13	0.685877	750	-2.327732	-36.306725		
14	0.666112	750	-2.294726	-38.601451		
15	0.646693	750	-2.309714	-40.911165		
16	0.627618	750	-2.28108	-43.192245		
17	0.608884	750	-2.190771	-45.383016		
18	0.59049	750	-2.134745	-47.517761		
19	0.572433	750	-2.111566	-49.629327		
20	0.554712	750	-2.215409	-51.844736		
21	0.537324	750	-2.058123	-53.902859		
22	0.520268	750	-2.070976	-55.973835		
23	0.50354	750	-1.923731	-57.897566		
24	0.487139	750	-1.972295	-59.869861		
25	0.471063	750	-1.934055	-61.803916		
26	0.45531	750	-1.867481	-63.671396		
27	0.439877	750	-1.818754	-65.49015		
28	0.424762	750	-1.834252	-67.324402		
29	0.409963	750	-1.799008	-69.123411		
30	0.395478	750	-1.813702	-70.937112		
31	0.381305	750	-1.772049	-72.709161		
32	0.36744	750	-1.722862	-74.432023		
33	0.353883	750	-1.741582	-76.173606		
34	0.34063	750	-1.714042	-77.887647		
35	0.32768	750	-1.676485	-79.564133		
36	0.31503	750	-1.596792	-81.160924		
37	0.302677	750	-1.684654	-82.845578		
38	0.290619	750	-1.578958	-84.424536		
39	0.278855	750	-1.486806	-85.911342		
40	0.267381	750	-1.488854	-87.400196		
41	0.256195	750	-1.472615	-88.872812		
42	0.245294	750	-1.561364	-90.434176		
43	0.234677	750	-1.408985	-91.843161		
44	0.22434	750	-1.479364	-93.322525		
45	0.214281	750	-1.329438	-94.651963		
46	0.204498	750	-1.415852	-96.067815		
47	0.194988	750	-1.369139	-97.436954		
48	0.185749	750	-1.294709	-98.731663		
49	0.176777	750	-1.286836	-100.018499		
50	0.16807	750	-1.267585	-101.286083		
51	0.159626	750	-1.240932	-102.527015		
52	0.151441	750	-1.216233	-103.743248		
53	0.143514	750	-1.152454	-104.895701		
54	0.135841	750	-1.136974	-106.032675		
55	0.12842	750	-1.102683	-107.135357		
56	0.121247	750	-1.099855	-108.235213		
57	0.11432	750	-1.03234	-109.267553		
58	0.107637	750	-1.027565	-110.295118		
59	0.101193	750	-0.938526	-111.233644		
60	0.094986	750	-0.952377	-112.186021		
61	0.089014	750	-0.908812	-113.094833		
62	0.083273	750	-0.869294	-113.964127		
63	0.07776	750	-0.858494	-114.822621		
64	0.072472	750	-0.832729	-115.65535		
65	0.067406	750	-0.800604	-116.455954		
66	0.062558	750	-0.760613	-117.216566		
67	0.057926	750	-0.712714	-117.929281		
68	0.053506	750	-0.70343	-118.632711		
69	0.049295	750	-0.657361	-119.290072		
70	0.045289	750	-0.632008	-119.92208		
71	0.041485	750	-0.627662	-120.549742		
72	0.03788	750	-0.606933	-121.156676		
73	0.034469	750	-0.557984	-121.71466		
74	0.03125	750	-0.537919	-122.252578		
75	0.028218	750	-0.520233	-122.772811		
76	0.02537	750	-0.478867	-123.251678		
77	0.022702	750	-0.452194	-123.703873		
78	0.020209	750	-0.408315	-124.112188		
79	0.017889	750	-0.42713	-124.539318		
80	0.015736	750	-0.371325	-124.910643		
81	0.013746	750	-0.342283	-125.252926		
82	0.011916	750	-0.315943	-125.568868		
83	0.01024	750	-0.31163	-125.880498		
84	0.008714	750	-0.266554	-126.147052		
85	0.007334	750	-0.242953	-126.390004		
86	0.006093	750	-0.246262	-126.636266		
87	0.004988	750	-0.205518	-126.841784		
88	0.004013	750	-0.177287	-127.019071		
89	0.003162	750	-0.168892	-127.187963		
90	0.00243	750	-0.15143	-127.339393		
91	0.00181	750	-0.130952	-127.470345		
92	0.001296	750	-0.099274	-127.569619		
93	0.000882	750	-0.093261	-127.66288		
94	0.000559	750	-0.060667	-127.723548		
95	0.00032	750	-0.046771	-127.770318		
96	0.000156	750	-0.029851	-127.80017		
97	0.000057	750	-0.019271	-127.819441		
98	0.00001	750	-0.008606	-127.828047		
99	0	750	-0.002159	-127.830206		
Log marginal likelihood:	-127.830206					
0	0.975187	750	-2.667325	-2.667325		
1	0.950747	750	-2.615526	-5.282852		
2	0.926679	750	-2.604762	-7.887614		
3	0.90298	750	-2.602698	-10.490313		
4	0.879648	750	-2.542157	-13.032469		
5	0.856682	750	-2.478173	-15.510642		
6	0.834079	750	-2.436084	-17.946727		
7	0.811838	750	-2.412606	-20.359332		
8	0.789957	750	-2.363794	-22.723126		
9	0.768433	750	-2.360797	-25.083923		
10	0.747266	750	-2.317144	-27.401067		
11	0.726452	750	-2.249997	-29.651064		
12	0.705989	750	-2.21724	-31.868304		
13	0.685877	750	-2.195642	-34.063946		
14	0.666112	750	-2.136353	-36.200299		
15	0.646693	750	-2.122585	-38.322883		
16	0.627618	750	-2.086515	-40.409399		
17	0.608884	750	-2.07689	-42.486289		
18	0.59049	750	-2.020915	-44.507204		
19	0.572433	750	-1.958779	-46.465982		
20	0.554712	750	-2.020665	-48.486647		
21	0.537324	750	-1.9661	-50.452747		
22	0.520268	750	-1.925167	-52.377914		
23	0.50354	750	-1.94422	-54.322134		
24	0.487139	750	-1.80672	-56.128854		
25	0.471063	750	-1.78742	-57.916274		
26	0.45531	750	-1.781278	-59.697552		
27	0.439877	750	-1.723959	-61.421511		
28	0.424762	750	-1.715682	-63.137193		
29	0.409963	750	-1.683756	-64.82095		
30	0.395478	750	-1.674911	-66.495861		
31	0.381305	750	-1.742855	-68.238715		
32	0.36744	750	-1.600841	-69.839556		
33	0.353883	750	-1.571253	-71.410809		
34	0.34063	750	-1.556	-72.966809		
35	0.32768	750	-1.511431	-74.47824		
36	0.31503	750	-1.536435	-76.014675		
37	0.302677	750	-1.465257	-77.479932		
38	0.290619	750	-1.407981	-78.887913		
39	0.278855	750	-1.438486	-80.3264		
40	0.267381	750	-1.443967	-81.770366		
41	0.256195	750	-1.40482	-83.175187		
42	0.245294	750	-1.417221	-84.592408		
43	0.234677	750	-1.263111	-85.855519		
44	0.22434	750	-1.276508	-87.132028		
45	0.214281	750	-1.321488	-88.453515		
46	0.204498	750	-1.232825	-89.68634		
47	0.194988	750	-1.279361	-90.965701		
48	0.185749	750	-1.203583	-92.169284		
49	0.176777	750	-1.234053	-93.403337		
50	0.16807	750	-1.209261	-94.612598		
51	0.159626	750	-1.17989	-95.792488		
52	0.151441	750	-1.030642	-96.823129		
53	0.143514	750	-1.112043	-97.935173		
54	0.135841	750	-1.125361	-99.060533		
55	0.12842	750	-1.047775	-100.108308		
56	0.121247	750	-0.979698	-101.088006		
57	0.11432	750	-1.037246	-102.125252		
58	0.107637	750	-0.924359	-103.04961		
59	0.101193	750	-0.94766	-103.997271		
60	0.094986	750	-0.909357	-104.906628		
61	0.089014	750	-0.85824	-105.764868		
62	0.083273	750	-0.862899	-106.627767		
63	0.07776	750	-0.818816	-107.446583		
64	0.072472	750	-0.795967	-108.24255		
65	0.067406	750	-0.759463	-109.002013		
66	0.062558	750	-0.728122	-109.730135		
67	0.057926	750	-0.721033	-110.451168		
68	0.053506	750	-0.679556	-111.130724		
69	0.049295	750	-0.647732	-111.778456		
70	0.045289	750	-0.620462	-112.398918		
71	0.041485	750	-0.612822	-113.011741		
72	0.03788	750	-0.586578	-113.598319		
73	0.034469	750	-0.538143	-114.136462		
74	0.03125	750	-0.523953	-114.660415		
75	0.028218	750	-0.506688	-115.167103		
76	0.02537	750	-0.469711	-115.636814		
77	0.022702	750	-0.442516	-116.07933		
78	0.020209	750	-0.411892	-116.491221		
79	0.017889	750	-0.405168	-116.896389		
80	0.015736	750	-0.376937	-117.273326		
81	0.013746	750	-0.333511	-117.606837		
82	0.011916	750	-0.31206	-117.918897		
83	0.01024	750	-0.313517	-118.232414		
84	0.008714	750	-0.265447	-118.497861		
85	0.007334	750	-0.23921	-118.737072		
86	0.006093	750	-0.230999	-118.968071		
87	0.004988	750	-0.204531	-119.172602		
88	0.004013	750	-0.171563	-119.344164		
89	0.003162	750	-0.153541	-119.497705		
90	0.00243	750	-0.144055	-119.641759		
91	0.00181	750	-0.11808	-119.759839		
92	0.001296	750	-0.092359	-119.852198		
93	0.000882	750	-0.076776	-119.928974		
94	0.000559	750	-0.059208	-119.988181		
95	0.00032	750	-0.046265	-120.034446		
96	0.000156	750	-0.029537	-120.063983		
97	0.000057	750	-0.020926	-120.084909		
98	0.00001	750	-0.008491	-120.0934		
99	0	750	-0.002061	-120.095461		
Log marginal likelihood:	-120.095461					
0	0.975187	750	-2.736594	-2.736594		
1	0.950747	750	-2.731207	-5.467801		
2	0.926679	750	-2.683222	-8.151022		
3	0.90298	750	-2.5666	-10.717622		
4	0.879648	750	-2.548685	-13.266308		
5	0.856682	750	-2.610751	-15.877059		
6	0.834079	750	-2.575085	-18.452144		
7	0.811838	750	-2.512355	-20.964499		
8	0.789957	750	-2.421351	-23.38585		
9	0.768433	750	-2.451351	-25.837201		
10	0.747266	750	-2.442502	-28.279703		
11	0.726452	750	-2.40456	-30.684264		
12	0.705989	750	-2.324396	-33.00866		
13	0.685877	750	-2.321403	-35.330063		
14	0.666112	750	-2.287219	-37.617282		
15	0.646693	750	-2.241677	-39.858959		
16	0.627618	750	-2.151007	-42.009966		
17	0.608884	750	-2.198452	-44.208418		
18	0.59049	750	-2.184027	-46.392445		
19	0.572433	750	-2.113025	-48.50547		
20	0.554712	750	-2.068999	-50.57447		
21	0.537324	750	-2.021638	-52.596108		
22	0.520268	750	-1.968136	-54.564245		
23	0.50354	750	-1.941962	-56.506206		
24	0.487139	750	-1.890666	-58.396873		
25	0.471063	750	-1.892867	-60.28974		
26	0.45531	750	-1.857959	-62.1477		
27	0.439877	750	-1.779323	-63.927022		
28	0.424762	750	-1.846258	-65.77328		
29	0.409963	750	-1.776646	-67.549926		
30	0.395478	750	-1.711851	-69.261777		
31	0.381305	750	-1.734604	-70.996382		
32	0.36744	750	-1.671887	-72.668269		
33	0.353883	750	-1.618938	-74.287207		
34	0.34063	750	-1.608975	-75.896181		
35	0.32768	750	-1.638297	-77.534479		
36	0.31503	750	-1.542523	-79.077002		
37	0.302677	750	-1.521449	-80.598451		
38	0.290619	750	-1.55666	-82.155111		
39	0.278855	750	-1.517425	-83.672536		
40	0.267381	750	-1.538695	-85.211231		
41	0.256195	750	-1.438984	-86.650215		
42	0.245294	750	-1.430634	-88.080849		
43	0.234677	750	-1.45553	-89.536378		
44	0.22434	750	-1.318452	-90.85483		
45	0.214281	750	-1.333553	-92.188383		
46	0.204498	750	-1.307504	-93.495886		
47	0.194988	750	-1.303957	-94.799844		
48	0.185749	750	-1.283566	-96.08341		
49	0.176777	750	-1.226102	-97.309511		
50	0.16807	750	-1.215261	-98.524773		
51	0.159626	750	-1.149622	-99.674395		
52	0.151441	750	-1.156091	-100.830486		
53	0.143514	750	-1.122855	-101.953341		
54	0.135841	750	-1.084094	-103.037434		
55	0.12842	750	-1.036724	-104.074158		
56	0.121247	750	-0.990952	-105.065109		
57	0.11432	750	-1.02628	-106.091389		
58	0.107637	750	-0.959245	-107.050634		
59	0.101193	750	-0.925581	-107.976215		
60	0.094986	750	-0.900084	-108.8763		
61	0.089014	750	-0.859425	-109.735725		
62	0.083273	750	-0.822674	-110.558399		
63	0.07776	750	-0.801251	-111.359651		
64	0.072472	750	-0.817861	-112.177512		
65	0.067406	750	-0.769061	-112.946573		
66	0.062558	750	-0.738146	-113.684719		
67	0.057926	750	-0.707746	-114.392465		
68	0.053506	750	-0.659132	-115.051598		
69	0.049295	750	-0.651386	-115.702984		
70	0.045289	750	-0.636475	-116.339459		
71	0.041485	750	-0.603047	-116.942506		
72	0.03788	750	-0.588878	-117.531384		
73	0.034469	750	-0.562559	-118.093943		
74	0.03125	750	-0.525229	-118.619172		
75	0.028218	750	-0.507408	-119.12658		
76	0.02537	750	-0.459155	-119.585736		
77	0.022702	750	-0.455608	-120.041343		
78	0.020209	750	-0.405726	-120.447069		
79	0.017889	750	-0.379591	-120.82666		
80	0.015736	750	-0.355381	-121.182041		
81	0.013746	750	-0.342817	-121.524857		
82	0.011916	750	-0.325863	-121.85072		
83	0.01024	750	-0.295261	-122.145982		
84	0.008714	750	-0.263192	-122.409173		
85	0.007334	750	-0.24097	-122.650144		
86	0.006093	750	-0.227696	-122.877839		
87	0.004988	750	-0.197419	-123.075258		
88	0.004013	750	-0.190225	-123.265483		
89	0.003162	750	-0.156008	-123.421491		
90	0.00243	750	-0.131788	-123.553279		
91	0.00181	750	-0.106327	-123.659605		
92	0.001296	750	-0.095475	-123.75508		
93	0.000882	750	-0.08217	-123.83725		
94	0.000559	750	-0.060947	-123.898197		
95	0.00032	750	-0.052718	-123.950915		
96	0.000156	750	-0.033339	-123.984254		
97	0.000057	750	-0.019603	-124.003857		
98	0.00001	750	-0.009133	-124.01299		
99	0	750	-0.001916	-124.014906		
Log marginal likelihood:	-124.014906					
0	0.975187	750	-2.688873	-2.688873		
1	0.950747	750	-2.642407	-5.33128		
2	0.926679	750	-2.700537	-8.031817		
3	0.90298	750	-2.601287	-10.633103		
4	0.879648	750	-2.538937	-13.172041		
5	0.856682	750	-2.570345	-15.742386		
6	0.834079	750	-2.553905	-18.296291		
7	0.811838	750	-2.440173	-20.736464		
8	0.789957	750	-2.331539	-23.068003		
9	0.768433	750	-2.338099	-25.406102		
10	0.747266	750	-2.334772	-27.740874		
11	0.726452	750	-2.275741	-30.016615		
12	0.705989	750	-2.261824	-32.278439		
13	0.685877	750	-2.214816	-34.493255		
14	0.666112	750	-2.179569	-36.672824		
15	0.646693	750	-2.178054	-38.850878		
16	0.627618	750	-2.11133	-40.962208		
17	0.608884	750	-2.110262	-43.07247		
18	0.59049	750	-2.030685	-45.103155		
19	0.572433	750	-2.037167	-47.140322		
20	0.554712	750	-1.997479	-49.137801		
21	0.537324	750	-1.938101	-51.075902		
22	0.520268	750	-1.983123	-53.059025		
23	0.50354	750	-1.879451	-54.938476		
24	0.487139	750	-1.830784	-56.76926		
25	0.471063	750	-1.900679	-58.669938		
26	0.45531	750	-1.836166	-60.506105		
27	0.439877	750	-1.788751	-62.294856		
28	0.424762	750	-1.733152	-64.028008		
29	0.409963	750	-1.717691	-65.745699		
30	0.395478	750	-1.653847	-67.399546		
31	0.381305	750	-1.667014	-69.06656		
32	0.36744	750	-1.705171	-70.771731		
33	0.353883	750	-1.647302	-72.419033		
34	0.34063	750	-1.607867	-74.0269		
35	0.32768	750	-1.496972	-75.523873		
36	0.31503	750	-1.555731	-77.079604		
37	0.302677	750	-1.51717	-78.596774		
38	0.290619	750	-1.513244	-80.110017		
39	0.278855	750	-1.397362	-81.507379		
40	0.267381	750	-1.406534	-82.913913		
41	0.256195	750	-1.430347	-84.34426		
42	0.245294	750	-1.42457	-85.768831		
43	0.234677	750	-1.360829	-87.12966		
44	0.22434	750	-1.366099	-88.495759		
45	0.214281	750	-1.31448	-89.810239		
46	0.204498	750	-1.374299	-91.184538		
47	0.194988	750	-1.282271	-92.466809		
48	0.185749	750	-1.281609	-93.748418		
49	0.176777	750	-1.252135	-95.000553		
50	0.16807	750	-1.216492	-96.217045		
51	0.159626	750	-1.194429	-97.411473		
52	0.151441	750	-1.160713	-98.572186		
53	0.143514	750	-1.129565	-99.701751		
54	0.135841	750	-1.062076	-100.763827		
55	0.12842	750	-1.065483	-101.82931		
56	0.121247	750	-0.959464	-102.788774		
57	0.11432	750	-1.002652	-103.791426		
58	0.107637	750	-0.958704	-104.75013		
59	0.101193	750	-0.93567	-105.6858		
60	0.094986	750	-0.901632	-106.587432		
61	0.089014	750	-0.870102	-107.457534		
62	0.083273	750	-0.848852	-108.306386		
63	0.07776	750	-0.815451	-109.121837		
64	0.072472	750	-0.776461	-109.898298		
65	0.067406	750	-0.756546	-110.654845		
66	0.062558	750	-0.7213	-111.376144		
67	0.057926	750	-0.718108	-112.094253		
68	0.053506	750	-0.647967	-112.74222		
69	0.049295	750	-0.65392	-113.39614		
70	0.045289	750	-0.627511	-114.023651		
71	0.041485	750	-0.611407	-114.635058		
72	0.03788	750	-0.569767	-115.204825		
73	0.034469	750	-0.532871	-115.737696		
74	0.03125	750	-0.51315	-116.250845		
75	0.028218	750	-0.504882	-116.755727		
76	0.02537	750	-0.470974	-117.226701		
77	0.022702	750	-0.45628	-117.682982		
78	0.020209	750	-0.418947	-118.101929		
79	0.017889	750	-0.402145	-118.504074		
80	0.015736	750	-0.357558	-118.861632		
81	0.013746	750	-0.341932	-119.203564		
82	0.011916	750	-0.312006	-119.51557		
83	0.01024	750	-0.309327	-119.824897		
84	0.008714	750	-0.287022	-120.111919		
85	0.007334	750	-0.242877	-120.354796		
86	0.006093	750	-0.213875	-120.56867		
87	0.004988	750	-0.194008	-120.762678		
88	0.004013	750	-0.180463	-120.943141		
89	0.003162	750	-0.153673	-121.096813		
90	0.00243	750	-0.133138	-121.229951		
91	0.00181	750	-0.113712	-121.343664		
92	0.001296	750	-0.094658	-121.438322		
93	0.000882	750	-0.082012	-121.520334		
94	0.000559	750	-0.057209	-121.577543		
95	0.00032	750	-0.043016	-121.620559		
96	0.000156	750	-0.030143	-121.650702		
97	0.000057	750	-0.018214	-121.668917		
98	0.00001	750	-0.008628	-121.677544		
99	0	750	-0.002046	-121.67959		
Log marginal likelihood:	-121.67959					
0	0.975187	750	-2.978875	-2.978875		
1	0.950747	750	-2.97102	-5.949895		
2	0.926679	750	-2.966443	-8.916338		
3	0.90298	750	-2.874074	-11.790412		
4	0.879648	750	-2.890164	-14.680576		
5	0.856682	750	-2.805843	-17.486419		
6	0.834079	750	-2.74565	-20.232069		
7	0.811838	750	-2.687885	-22.919954		
8	0.789957	750	-2.692044	-25.611998		
9	0.768433	750	-2.619008	-28.231006		
10	0.747266	750	-2.586055	-30.81706		
11	0.726452	750	-2.518335	-33.335395		
12	0.705989	750	-2.572218	-35.907614		
13	0.685877	750	-2.513647	-38.42126		
14	0.666112	750	-2.45382	-40.87508		
15	0.646693	750	-2.387444	-43.262524		
16	0.627618	750	-2.423927	-45.686451		
17	0.608884	750	-2.340364	-48.026815		
18	0.59049	750	-2.325857	-50.352672		
19	0.572433	750	-2.286671	-52.639344		
20	0.554712	750	-2.19921	-54.838554		
21	0.537324	750	-2.17602	-57.014573		
22	0.520268	750	-2.138598	-59.153171		
23	0.50354	750	-2.144351	-61.297522		
24	0.487139	750	-2.02474	-63.322262		
25	0.471063	750	-2.014716	-65.336978		
26	0.45531	750	-1.969831	-67.306808		
27	0.439877	750	-1.925538	-69.232346		
28	0.424762	750	-1.937912	-71.170258		
29	0.409963	750	-1.885667	-73.055924		
30	0.395478	750	-1.91213	-74.968054		
31	0.381305	750	-1.837666	-76.80572		
32	0.36744	750	-1.830281	-78.636001		
33	0.353883	750	-1.826911	-80.462912		
34	0.34063	750	-1.718617	-82.181529		
35	0.32768	750	-1.63834	-83.819869		
36	0.31503	750	-1.665371	-85.48524		
37	0.302677	750	-1.736613	-87.221853		
38	0.290619	750	-1.610751	-88.832604		
39	0.278855	750	-1.645295	-90.477899		
40	0.267381	750	-1.518221	-91.99612		
41	0.256195	750	-1.492854	-93.488974		
42	0.245294	750	-1.486639	-94.975613		
43	0.234677	750	-1.453094	-96.428708		
44	0.22434	750	-1.428503	-97.857211		
45	0.214281	750	-1.410496	-99.267707		
46	0.204498	750	-1.339645	-100.607352		
47	0.194988	750	-1.339145	-101.946497		
48	0.185749	750	-1.297751	-103.244249		
49	0.176777	750	-1.289045	-104.533293		
50	0.16807	750	-1.213101	-105.746395		
51	0.159626	750	-1.210769	-106.957164		
52	0.151441	750	-1.165637	-108.1228		
53	0.143514	750	-1.132425	-109.255225		
54	0.135841	750	-1.110585	-110.365809		
55	0.12842	750	-1.075182	-111.440992		
56	0.121247	750	-1.000537	-112.441528		
57	0.11432	750	-1.005746	-113.447274		
58	0.107637	750	-0.994516	-114.441789		
59	0.101193	750	-0.953098	-115.394887		
60	0.094986	750	-0.93797	-116.332858		
61	0.089014	750	-0.916351	-117.249209		
62	0.083273	750	-0.882031	-118.13124		
63	0.07776	750	-0.798391	-118.929631		
64	0.072472	750	-0.778745	-119.708377		
65	0.067406	750	-0.763448	-120.471825		
66	0.062558	750	-0.744682	-121.216507		
67	0.057926	750	-0.705319	-121.921825		
68	0.053506	750	-0.700015	-122.621841		
69	0.049295	750	-0.654985	-123.276826		
70	0.045289	750	-0.621232	-123.898058		
71	0.041485	750	-0.598113	-124.496171		
72	0.03788	750	-0.586716	-125.082887		
73	0.034469	750	-0.557313	-125.640201		
74	0.03125	750	-0.52021	-126.160411		
75	0.028218	750	-0.508243	-126.668653		
76	0.02537	750	-0.480165	-127.148818		
77	0.022702	750	-0.423207	-127.572025		
78	0.020209	750	-0.399875	-127.9719		
79	0.017889	750	-0.393032	-128.364932		
80	0.015736	750	-0.364674	-128.729606		
81	0.013746	750	-0.338115	-129.067721		
82	0.011916	750	-0.321739	-129.38946		
83	0.01024	750	-0.2983	-129.68776		
84	0.008714	750	-0.2617	-129.94946		
85	0.007334	750	-0.241765	-130.191225		
86	0.006093	750	-0.213427	-130.404652		
87	0.004988	750	-0.194912	-130.599564		
88	0.004013	750	-0.17228	-130.771845		
89	0.003162	750	-0.152655	-130.9245		
90	0.00243	750	-0.133878	-131.058377		
91	0.00181	750	-0.110113	-131.168491		
92	0.001296	750	-0.095806	-131.264296		
93	0.000882	750	-0.075003	-131.339299		
94	0.000559	750	-0.058277	-131.397576		
95	0.00032	750	-0.044268	-131.441844		
96	0.000156	750	-0.030623	-131.472467		
97	0.000057	750	-0.018946	-131.491413		
98	0.00001	750	-0.008325	-131.499738		
99	0	750	-0.001906	-131.501644		
Log marginal likelihood:	-131.501644					
0	0.975187	750	-2.582417	-2.582417		
1	0.950747	750	-2.639676	-5.222092		
2	0.926679	750	-2.504374	-7.726466		
3	0.90298	750	-2.490868	-10.217334		
4	0.879648	750	-2.468679	-12.686014		
5	0.856682	750	-2.433814	-15.119828		
6	0.834079	750	-2.393237	-17.513065		
7	0.811838	750	-2.35869	-19.871755		
8	0.789957	750	-2.409437	-22.281192		
9	0.768433	750	-2.299095	-24.580288		
10	0.747266	750	-2.22684	-26.807128		
11	0.726452	750	-2.257649	-29.064777		
12	0.705989	750	-2.188726	-31.253503		
13	0.685877	750	-2.205914	-33.459418		
14	0.666112	750	-2.129258	-35.588676		
15	0.646693	750	-2.082399	-37.671075		
16	0.627618	750	-2.01529	-39.686365		
17	0.608884	750	-2.010656	-41.697021		
18	0.59049	750	-2.012236	-43.709257		
19	0.572433	750	-1.948083	-45.657341		
20	0.554712	750	-1.955874	-47.613215		
21	0.537324	750	-1.894388	-49.507603		
22	0.520268	750	-1.939159	-51.446761		
23	0.50354	750	-1.944324	-53.391085		
24	0.487139	750	-1.892287	-55.283372		
25	0.471063	750	-1.765662	-57.049034		
26	0.45531	750	-1.80919	-58.858224		
27	0.439877	750	-1.759645	-60.617869		
28	0.424762	750	-1.756321	-62.37419		
29	0.409963	750	-1.71031	-64.0845		
30	0.395478	750	-1.59981	-65.684311		
31	0.381305	750	-1.571948	-67.256258		
32	0.36744	750	-1.618123	-68.874381		
33	0.353883	750	-1.570043	-70.444425		
34	0.34063	750	-1.596378	-72.040803		
35	0.32768	750	-1.578376	-73.619179		
36	0.31503	750	-1.483811	-75.10299		
37	0.302677	750	-1.461215	-76.564205		
38	0.290619	750	-1.436736	-78.000941		
39	0.278855	750	-1.62509	-79.626031		
40	0.267381	750	-1.528844	-81.154875		
41	0.256195	750	-1.594618	-82.749493		
42	0.245294	750	-1.454249	-84.203742		
43	0.234677	750	-1.404972	-85.608714		
44	0.22434	750	-1.400706	-87.009421		
45	0.214281	750	-1.359443	-88.368863		
46	0.204498	750	-1.331243	-89.700106		
47	0.194988	750	-1.239063	-90.939168		
48	0.185749	750	-1.263724	-92.202893		
49	0.176777	750	-1.284016	-93.486909		
50	0.16807	750	-1.22387	-94.710779		
51	0.159626	750	-1.180665	-95.891444		
52	0.151441	750	-1.150248	-97.041692		
53	0.143514	750	-1.162246	-98.203938		
54	0.135841	750	-1.094007	-99.297944		
55	0.12842	750	-1.056356	-100.3543		
56	0.121247	750	-1.054656	-101.408956		
57	0.11432	750	-0.994528	-102.403484		
58	0.107637	750	-1.009032	-103.412516		
59	0.101193	750	-0.970786	-104.383302		
60	0.094986	750	-0.913987	-105.297288		
61	0.089014	750	-0.890589	-106.187878		
62	0.083273	750	-0.869352	-107.05723		
63	0.07776	750	-0.803488	-107.860718		
64	0.072472	750	-0.801523	-108.662242		
65	0.067406	750	-0.774473	-109.436715		
66	0.062558	750	-0.742473	-110.179188		
67	0.057926	750	-0.712057	-110.891245		
68	0.053506	750	-0.706405	-111.59765		
69	0.049295	750	-0.658551	-112.256201		
70	0.045289	750	-0.643159	-112.89936		
71	0.041485	750	-0.583947	-113.483306		
72	0.03788	750	-0.577471	-114.060778		
73	0.034469	750	-0.562917	-114.623694		
74	0.03125	750	-0.527497	-115.151191		
75	0.028218	750	-0.486726	-115.637917		
76	0.02537	750	-0.477974	-116.115891		
77	0.022702	750	-0.451901	-116.567792		
78	0.020209	750	-0.434176	-117.001968		
79	0.017889	750	-0.412799	-117.414767		
80	0.015736	750	-0.37783	-117.792597		
81	0.013746	750	-0.34818	-118.140777		
82	0.011916	750	-0.319865	-118.460642		
83	0.01024	750	-0.307105	-118.767747		
84	0.008714	750	-0.264788	-119.032535		
85	0.007334	750	-0.244937	-119.277472		
86	0.006093	750	-0.220521	-119.497993		
87	0.004988	750	-0.194935	-119.692928		
88	0.004013	750	-0.176177	-119.869105		
89	0.003162	750	-0.157234	-120.026339		
90	0.00243	750	-0.137372	-120.163712		
91	0.00181	750	-0.120663	-120.284374		
92	0.001296	750	-0.093561	-120.377935		
93	0.000882	750	-0.0807	-120.458634		
94	0.000559	750	-0.060843	-120.519478		
95	0.00032	750	-0.044296	-120.563774		
96	0.000156	750	-0.02993	-120.593704		
97	0.000057	750	-0.018115	-120.611819		
98	0.00001	750	-0.008629	-120.620447		
99	0	750	-0.001892	-120.622339		
Log marginal likelihood:	-120.622339					
0	0.975187	750	-2.897697	-2.897697		
1	0.950747	750	-2.884805	-5.782503		
2	0.926679	750	-2.849377	-8.631879		
3	0.90298	750	-2.819809	-11.451688		
4	0.879648	750	-2.778383	-14.230071		
5	0.856682	750	-2.685669	-16.91574		
6	0.834079	750	-2.685475	-19.601215		
7	0.811838	750	-2.61462	-22.215835		
8	0.789957	750	-2.588324	-24.804159		
9	0.768433	750	-2.548166	-27.352325		
10	0.747266	750	-2.513108	-29.865433		
11	0.726452	750	-2.458766	-32.324199		
12	0.705989	750	-2.428991	-34.75319		
13	0.685877	750	-2.372491	-37.12568		
14	0.666112	750	-2.377825	-39.503505		
15	0.646693	750	-2.311551	-41.815056		
16	0.627618	750	-2.273997	-44.089054		
17	0.608884	750	-2.253464	-46.342518		
18	0.59049	750	-2.211115	-48.553633		
19	0.572433	750	-2.148037	-50.70167		
20	0.554712	750	-2.134031	-52.8357		
21	0.537324	750	-2.180101	-55.015802		
22	0.520268	750	-2.133601	-57.149402		
23	0.50354	750	-2.037921	-59.187323		
24	0.487139	750	-2.039768	-61.227091		
25	0.471063	750	-1.962962	-63.190052		
26	0.45531	750	-1.951066	-65.141119		
27	0.439877	750	-1.910248	-67.051367		
28	0.424762	750	-1.974563	-69.02593		
29	0.409963	750	-1.86542	-70.89135		
30	0.395478	750	-1.735515	-72.626866		
31	0.381305	750	-1.752933	-74.379798		
32	0.36744	750	-1.770925	-76.150723		
33	0.353883	750	-1.652187	-77.80291		
34	0.34063	750	-1.685049	-79.48796		
35	0.32768	750	-1.623387	-81.111346		
36	0.31503	750	-1.589672	-82.701018		
37	0.302677	750	-1.632983	-84.334002		
38	0.290619	750	-1.484175	-85.818177		
39	0.278855	750	-1.473997	-87.292173		
40	0.267381	750	-1.444149	-88.736322		
41	0.256195	750	-1.471099	-90.207421		
42	0.245294	750	-1.46126	-91.668681		
43	0.234677	750	-1.452036	-93.120717		
44	0.22434	750	-1.464847	-94.585563		
45	0.214281	750	-1.437032	-96.022596		
46	0.204498	750	-1.352245	-97.37484		
47	0.194988	750	-1.313717	-98.688557		
48	0.185749	750	-1.264388	-99.952945		
49	0.176777	750	-1.321257	-101.274203		
50	0.16807	750	-1.177214	-102.451417		
51	0.159626	750	-1.238842	-103.690258		
52	0.151441	750	-1.130909	-104.821167		
53	0.143514	750	-1.157023	-105.97819		
54	0.135841	750	-1.135233	-107.113423		
55	0.12842	750	-1.085877	-108.1993		
56	0.121247	750	-1.056348	-109.255648		
57	0.11432	750	-1.015929	-110.271577		
58	0.107637	750	-0.987657	-111.259234		
59	0.101193	750	-0.965001	-112.224235		
60	0.094986	750	-0.941279	-113.165514		
61	0.089014	750	-0.888536	-114.05405		
62	0.083273	750	-0.833368	-114.887418		
63	0.07776	750	-0.831466	-115.718884		
64	0.072472	750	-0.792113	-116.510997		
65	0.067406	750	-0.78741	-117.298407		
66	0.062558	750	-0.775851	-118.074258		
67	0.057926	750	-0.708938	-118.783196		
68	0.053506	750	-0.693862	-119.477058		
69	0.049295	750	-0.657903	-120.134961		
70	0.045289	750	-0.633948	-120.768908		
71	0.041485	750	-0.631991	-121.4009		
72	0.03788	750	-0.572293	-121.973192		
73	0.034469	750	-0.558733	-122.531925		
74	0.03125	750	-0.5409	-123.072825		
75	0.028218	750	-0.497405	-123.57023		
76	0.02537	750	-0.486445	-124.056675		
77	0.022702	750	-0.465328	-124.522004		
78	0.020209	750	-0.403242	-124.925245		
79	0.017889	750	-0.407301	-125.332546		
80	0.015736	750	-0.377787	-125.710333		
81	0.013746	750	-0.354058	-126.064391		
82	0.011916	750	-0.309549	-126.373939		
83	0.01024	750	-0.300953	-126.674892		
84	0.008714	750	-0.267841	-126.942733		
85	0.007334	750	-0.245367	-127.1881		
86	0.006093	750	-0.221974	-127.410074		
87	0.004988	750	-0.20039	-127.610464		
88	0.004013	750	-0.16844	-127.778905		
89	0.003162	750	-0.157569	-127.936474		
90	0.00243	750	-0.142134	-128.078608		
91	0.00181	750	-0.114941	-128.193549		
92	0.001296	750	-0.097731	-128.29128		
93	0.000882	750	-0.078472	-128.369752		
94	0.000559	750	-0.064861	-128.434612		
95	0.00032	750	-0.043608	-128.47822		
96	0.000156	750	-0.031902	-128.510122		
97	0.000057	750	-0.019969	-128.530091		
98	0.00001	750	-0.009026	-128.539117		
99	0	750	-0.001869	-128.540986		
Log marginal likelihood:	-128.540986					
0	0.975187	750	-3.058406	-3.058406		
1	0.950747	750	-3.060158	-6.118564		
2	0.926679	750	-2.933461	-9.052025		
3	0.90298	750	-2.875301	-11.927325		
4	0.879648	750	-2.853819	-14.781144		
5	0.856682	750	-2.853004	-17.634148		
6	0.834079	750	-2.769075	-20.403224		
7	0.811838	750	-2.707862	-23.111086		
8	0.789957	750	-2.683459	-25.794545		
9	0.768433	750	-2.647891	-28.442436		
10	0.747266	750	-2.636538	-31.078974		
11	0.726452	750	-2.612472	-33.691446		
12	0.705989	750	-2.590206	-36.281653		
13	0.685877	750	-2.497077	-38.77873		
14	0.666112	750	-2.475079	-41.253809		
15	0.646693	750	-2.478973	-43.732782		
16	0.627618	750	-2.443644	-46.176426		
17	0.608884	750	-2.403159	-48.579585		
18	0.59049	750	-2.277507	-50.857092		
19	0.572433	750	-2.264138	-53.12123		
20	0.554712	750	-2.19864	-55.31987		
21	0.537324	750	-2.159916	-57.479786		
22	0.520268	750	-2.135871	-59.615657		
23	0.50354	750	-2.148063	-61.76372		
24	0.487139	750	-2.108625	-63.872346		
25	0.471063	750	-2.069304	-65.94165		
26	0.45531	750	-2.090529	-68.032179		
27	0.439877	750	-2.005981	-70.038159		
28	0.424762	750	-1.976445	-72.014604		
29	0.409963	750	-1.984215	-73.998819		
30	0.395478	750	-1.826777	-75.825595		
31	0.381305	750	-1.836682	-77.662277		
32	0.36744	750	-1.862281	-79.524559		
33	0.353883	750	-1.747621	-81.27218		
34	0.34063	750	-1.762635	-83.034815		
35	0.32768	750	-1.726661	-84.761476		
36	0.31503	750	-1.672431	-86.433907		
37	0.302677	750	-1.672572	-88.106479		
38	0.290619	750	-1.681898	-89.788377		
39	0.278855	750	-1.674754	-91.463131		
40	0.267381	750	-1.589031	-93.052162		
41	0.256195	750	-1.557549	-94.609711		
42	0.245294	750	-1.533396	-96.143107		
43	0.234677	750	-1.528353	-97.67146		
44	0.22434	750	-1.461332	-99.132792		
45	0.214281	750	-1.484666	-100.617458		
46	0.204498	750	-1.422517	-102.039975		
47	0.194988	750	-1.346724	-103.386699		
48	0.185749	750	-1.355091	-104.741789		
49	0.176777	750	-1.352246	-106.094035		
50	0.16807	750	-1.286557	-107.380593		
51	0.159626	750	-1.250982	-108.631575		
52	0.151441	750	-1.238243	-109.869818		
53	0.143514	750	-1.179079	-111.048897		
54	0.135841	750	-1.154692	-112.20359		
55	0.12842	750	-1.126519	-113.330109		
56	0.121247	750	-1.071221	-114.40133		
57	0.11432	750	-1.048383	-115.449713		
58	0.107637	750	-1.027825	-116.477538		
59	0.101193	750	-1.006634	-117.484172		
60	0.094986	750	-0.941763	-118.425935		
61	0.089014	750	-0.920579	-119.346514		
62	0.083273	750	-0.892773	-120.239287		
63	0.07776	750	-0.864859	-121.104146		
64	0.072472	750	-0.831611	-121.935756		
65	0.067406	750	-0.798924	-122.73468		
66	0.062558	750	-0.784281	-123.518961		
67	0.057926	750	-0.761233	-124.280193		
68	0.053506	750	-0.740477	-125.020671		
69	0.049295	750	-0.6843	-125.704971		
70	0.045289	750	-0.646301	-126.351272		
71	0.041485	750	-0.623704	-126.974977		
72	0.03788	750	-0.618398	-127.593375		
73	0.034469	750	-0.565339	-128.158715		
74	0.03125	750	-0.544716	-128.70343		
75	0.028218	750	-0.536024	-129.239454		
76	0.02537	750	-0.488004	-129.727458		
77	0.022702	750	-0.478825	-130.206284		
78	0.020209	750	-0.420474	-130.626758		
79	0.017889	750	-0.425787	-131.052544		
80	0.015736	750	-0.382338	-131.434883		
81	0.013746	750	-0.365805	-131.800688		
82	0.011916	750	-0.321624	-132.122312		
83	0.01024	750	-0.307936	-132.430248		
84	0.008714	750	-0.284409	-132.714657		
85	0.007334	750	-0.256066	-132.970723		
86	0.006093	750	-0.225308	-133.196031		
87	0.004988	750	-0.209984	-133.406016		
88	0.004013	750	-0.18085	-133.586866		
89	0.003162	750	-0.169978	-133.756844		
90	0.00243	750	-0.141036	-133.89788		
91	0.00181	750	-0.113655	-134.011536		
92	0.001296	750	-0.100927	-134.112462		
93	0.000882	750	-0.080535	-134.192997		
94	0.000559	750	-0.066178	-134.259175		
95	0.00032	750	-0.045473	-134.304648		
96	0.000156	750	-0.033195	-134.337843		
97	0.000057	750	-0.019305	-134.357148		
98	0.00001	750	-0.008097	-134.365245		
99	0	750	-0.001896	-134.367141		
Log marginal likelihood:	-134.367141					
0	0.975187	750	-2.788699	-2.788699		
1	0.950747	750	-2.761617	-5.550317		
2	0.926679	750	-2.711328	-8.261645		
3	0.90298	750	-2.674047	-10.935692		
4	0.879648	750	-2.667703	-13.603394		
5	0.856682	750	-2.614723	-16.218117		
6	0.834079	750	-2.559422	-18.777539		
7	0.811838	750	-2.571272	-21.348811		
8	0.789957	750	-2.496827	-23.845638		
9	0.768433	750	-2.4867	-26.332338		
10	0.747266	750	-2.447864	-28.780202		
11	0.726452	750	-2.416845	-31.197047		
12	0.705989	750	-2.350723	-33.54777		
13	0.685877	750	-2.304622	-35.852392		
14	0.666112	750	-2.251591	-38.103983		
15	0.646693	750	-2.265913	-40.369896		
16	0.627618	750	-2.16204	-42.531936		
17	0.608884	750	-2.178035	-44.709971		
18	0.59049	750	-2.120823	-46.830794		
19	0.572433	750	-2.131073	-48.961867		
20	0.554712	750	-2.041864	-51.003731		
21	0.537324	750	-2.046765	-53.050496		
22	0.520268	750	-2.020173	-55.070669		
23	0.50354	750	-1.974057	-57.044726		
24	0.487139	750	-1.963964	-59.00869		
25	0.471063	750	-1.948483	-60.957174		
26	0.45531	750	-1.879119	-62.836293		
27	0.439877	750	-1.843631	-64.679924		
28	0.424762	750	-1.867019	-66.546943		
29	0.409963	750	-1.829096	-68.376039		
30	0.395478	750	-1.812224	-70.188263		
31	0.381305	750	-1.795141	-71.983404		
32	0.36744	750	-1.697468	-73.680872		
33	0.353883	750	-1.661391	-75.342262		
34	0.34063	750	-1.71811	-77.060372		
35	0.32768	750	-1.762599	-78.822971		
36	0.31503	750	-1.614462	-80.437433		
37	0.302677	750	-1.522219	-81.959652		
38	0.290619	750	-1.488419	-83.448071		
39	0.278855	750	-1.458493	-84.906564		
40	0.267381	750	-1.5165	-86.423064		
41	0.256195	750	-1.441213	-87.864278		
42	0.245294	750	-1.388264	-89.252541		
43	0.234677	750	-1.370745	-90.623286		
44	0.22434	750	-1.369839	-91.993125		
45	0.214281	750	-1.355313	-93.348438		
46	0.204498	750	-1.286301	-94.63474		
47	0.194988	750	-1.301878	-95.936617		
48	0.185749	750	-1.198662	-97.13528		
49	0.176777	750	-1.17984	-98.31512		
50	0.16807	750	-1.158968	-99.474088		
51	0.159626	750	-1.149569	-100.623656		
52	0.151441	750	-1.150826	-101.774482		
53	0.143514	750	-1.093655	-102.868137		
54	0.135841	750	-1.123923	-103.992061		
55	0.12842	750	-1.071946	-105.064007		
56	0.121247	750	-1.018553	-106.08256		
57	0.11432	750	-0.995504	-107.078064		
58	0.107637	750	-0.990011	-108.068075		
59	0.101193	750	-0.913124	-108.981199		
60	0.094986	750	-0.889245	-109.870443		
61	0.089014	750	-0.88819	-110.758633		
62	0.083273	750	-0.832572	-111.591205		
63	0.07776	750	-0.827344	-112.418549		
64	0.072472	750	-0.794849	-113.213398		
65	0.067406	750	-0.737278	-113.950677		
66	0.062558	750	-0.776276	-114.726953		
67	0.057926	750	-0.713961	-115.440914		
68	0.053506	750	-0.695649	-116.136563		
69	0.049295	750	-0.694849	-116.831411		
70	0.045289	750	-0.63176	-117.463172		
71	0.041485	750	-0.602595	-118.065766		
72	0.03788	750	-0.568626	-118.634392		
73	0.034469	750	-0.542873	-119.177265		
74	0.03125	750	-0.545826	-119.723091		
75	0.028218	750	-0.495491	-120.218581		
76	0.02537	750	-0.444981	-120.663562		
77	0.022702	750	-0.457946	-121.121508		
78	0.020209	750	-0.433724	-121.555231		
79	0.017889	750	-0.378886	-121.934118		
80	0.015736	750	-0.370578	-122.304696		
81	0.013746	750	-0.352913	-122.657609		
82	0.011916	750	-0.320431	-122.97804		
83	0.01024	750	-0.299685	-123.277725		
84	0.008714	750	-0.277157	-123.554881		
85	0.007334	750	-0.240284	-123.795165		
86	0.006093	750	-0.222038	-124.017203		
87	0.004988	750	-0.198571	-124.215774		
88	0.004013	750	-0.189177	-124.404951		
89	0.003162	750	-0.156597	-124.561548		
90	0.00243	750	-0.132707	-124.694255		
91	0.00181	750	-0.112094	-124.806349		
92	0.001296	750	-0.097093	-124.903442		
93	0.000882	750	-0.077562	-124.981004		
94	0.000559	750	-0.059469	-125.040473		
95	0.00032	750	-0.046768	-125.087241		
96	0.000156	750	-0.033635	-125.120876		
97	0.000057	750	-0.018526	-125.139402		
98	0.00001	750	-0.009478	-125.14888		
99	0	750	-0.001978	-125.150858		
Log marginal likelihood:	-125.150858					
0	0.975187	750	-2.632177	-2.632177		
1	0.950747	750	-2.688032	-5.320209		
2	0.926679	750	-2.680336	-8.000545		
3	0.90298	750	-2.676775	-10.67732		
4	0.879648	750	-2.647248	-13.324567		
5	0.856682	750	-2.617426	-15.941993		
6	0.834079	750	-2.486349	-18.428343		
7	0.811838	750	-2.509901	-20.938244		
8	0.789957	750	-2.55651	-23.494754		
9	0.768433	750	-2.447078	-25.941832		
10	0.747266	750	-2.378631	-28.320463		
11	0.726452	750	-2.371427	-30.691889		
12	0.705989	750	-2.366245	-33.058135		
13	0.685877	750	-2.251327	-35.309462		
14	0.666112	750	-2.294717	-37.604179		
15	0.646693	750	-2.272977	-39.877156		
16	0.627618	750	-2.206659	-42.083815		
17	0.608884	750	-2.184349	-44.268164		
18	0.59049	750	-2.14762	-46.415784		
19	0.572433	750	-2.091771	-48.507555		
20	0.554712	750	-2.079633	-50.587188		
21	0.537324	750	-2.01209	-52.599278		
22	0.520268	750	-1.995975	-54.595253		
23	0.50354	750	-1.953782	-56.549035		
24	0.487139	750	-1.948182	-58.497217		
25	0.471063	750	-1.896059	-60.393277		
26	0.45531	750	-1.889081	-62.282358		
27	0.439877	750	-1.842963	-64.125321		
28	0.424762	750	-1.767439	-65.892759		
29	0.409963	750	-1.767799	-67.660559		
30	0.395478	750	-1.730501	-69.39106		
31	0.381305	750	-1.663128	-71.054188		
32	0.36744	750	-1.680085	-72.734272		
33	0.353883	750	-1.633457	-74.367729		
34	0.34063	750	-1.597271	-75.965		
35	0.32768	750	-1.560128	-77.525129		
36	0.31503	750	-1.555766	-79.080895		
37	0.302677	750	-1.553406	-80.634301		
38	0.290619	750	-1.593219	-82.22752		
39	0.278855	750	-1.512546	-83.740066		
40	0.267381	750	-1.45265	-85.192716		
41	0.256195	750	-1.522917	-86.715633		
42	0.245294	750	-1.393702	-88.109335		
43	0.234677	750	-1.332088	-89.441424		
44	0.22434	750	-1.367313	-90.808737		
45	0.214281	750	-1.337204	-92.145941		
46	0.204498	750	-1.377537	-93.523477		
47	0.194988	750	-1.295901	-94.819378		
48	0.185749	750	-1.276071	-96.095449		
49	0.176777	750	-1.243364	-97.338813		
50	0.16807	750	-1.232132	-98.570945		
51	0.159626	750	-1.148301	-99.719247		
52	0.151441	750	-1.096843	-100.81609		
53	0.143514	750	-1.150019	-101.966108		
54	0.135841	750	-1.096321	-103.06243		
55	0.12842	750	-1.079441	-104.141871		
56	0.121247	750	-1.031525	-105.173396		
57	0.11432	750	-1.034474	-106.20787		
58	0.107637	750	-0.978531	-107.186401		
59	0.101193	750	-0.969227	-108.155628		
60	0.094986	750	-0.914466	-109.070094		
61	0.089014	750	-0.90249	-109.972584		
62	0.083273	750	-0.870367	-110.842951		
63	0.07776	750	-0.864325	-111.707275		
64	0.072472	750	-0.814133	-112.521408		
65	0.067406	750	-0.757816	-113.279224		
66	0.062558	750	-0.738051	-114.017275		
67	0.057926	750	-0.723205	-114.740479		
68	0.053506	750	-0.676756	-115.417236		
69	0.049295	750	-0.657239	-116.074475		
70	0.045289	750	-0.610503	-116.684978		
71	0.041485	750	-0.59811	-117.283088		
72	0.03788	750	-0.584911	-117.867999		
73	0.034469	750	-0.564983	-118.432982		
74	0.03125	750	-0.536398	-118.96938		
75	0.028218	750	-0.4825	-119.451881		
76	0.02537	750	-0.466545	-119.918425		
77	0.022702	750	-0.448567	-120.366992		
78	0.020209	750	-0.428295	-120.795287		
79	0.017889	750	-0.395566	-121.190853		
80	0.015736	750	-0.362597	-121.55345		
81	0.013746	750	-0.339315	-121.892766		
82	0.011916	750	-0.332203	-122.224969		
83	0.01024	750	-0.293127	-122.518096		
84	0.008714	750	-0.27518	-122.793276		
85	0.007334	750	-0.252729	-123.046006		
86	0.006093	750	-0.219055	-123.26506		
87	0.004988	750	-0.191294	-123.456355		
88	0.004013	750	-0.17871	-123.635064		
89	0.003162	750	-0.152382	-123.787446		
90	0.00243	750	-0.131932	-123.919378		
91	0.00181	750	-0.109589	-124.028968		
92	0.001296	750	-0.097909	-124.126877		
93	0.000882	750	-0.072594	-124.19947		
94	0.000559	750	-0.057305	-124.256775		
95	0.00032	750	-0.046452	-124.303228		
96	0.000156	750	-0.031999	-124.335227		
97	0.000057	750	-0.018872	-124.354099		
98	0.00001	750	-0.008423	-124.362523		
99	0	750	-0.001909	-124.364432		
Log marginal likelihood:	-124.364432					
0	0.975187	750	-2.75155	-2.75155		
1	0.950747	750	-2.751528	-5.503079		
2	0.926679	750	-2.655735	-8.158813		
3	0.90298	750	-2.60525	-10.764063		
4	0.879648	750	-2.621356	-13.38542		
5	0.856682	750	-2.514319	-15.899739		
6	0.834079	750	-2.519973	-18.419711		
7	0.811838	750	-2.481914	-20.901626		
8	0.789957	750	-2.546702	-23.448328		
9	0.768433	750	-2.390515	-25.838843		
10	0.747266	750	-2.369532	-28.208375		
11	0.726452	750	-2.34797	-30.556346		
12	0.705989	750	-2.298082	-32.854428		
13	0.685877	750	-2.2948	-35.149228		
14	0.666112	750	-2.180955	-37.330183		
15	0.646693	750	-2.201999	-39.532182		
16	0.627618	750	-2.166695	-41.698877		
17	0.608884	750	-2.113205	-43.812082		
18	0.59049	750	-2.098124	-45.910206		
19	0.572433	750	-2.035278	-47.945484		
20	0.554712	750	-2.011099	-49.956583		
21	0.537324	750	-1.978833	-51.935416		
22	0.520268	750	-1.95824	-53.893656		
23	0.50354	750	-1.920327	-55.813983		
24	0.487139	750	-1.91057	-57.724553		
25	0.471063	750	-1.901436	-59.625989		
26	0.45531	750	-2.030509	-61.656497		
27	0.439877	750	-1.961758	-63.618256		
28	0.424762	750	-1.791569	-65.409825		
29	0.409963	750	-1.803795	-67.21362		
30	0.395478	750	-1.784944	-68.998564		
31	0.381305	750	-1.695271	-70.693835		
32	0.36744	750	-1.709053	-72.402888		
33	0.353883	750	-1.691538	-74.094426		
34	0.34063	750	-1.604823	-75.699249		
35	0.32768	750	-1.627429	-77.326678		
36	0.31503	750	-1.732441	-79.059119		
37	0.302677	750	-1.632865	-80.691985		
38	0.290619	750	-1.638589	-82.330574		
39	0.278855	750	-1.49201	-83.822584		
40	0.267381	750	-1.417098	-85.239682		
41	0.256195	750	-1.563178	-86.80286		
42	0.245294	750	-1.488866	-88.291726		
43	0.234677	750	-1.358838	-89.650564		
44	0.22434	750	-1.422166	-91.07273		
45	0.214281	750	-1.286652	-92.359382		
46	0.204498	750	-1.33279	-93.692172		
47	0.194988	750	-1.348831	-95.041003		
48	0.185749	750	-1.275696	-96.316698		
49	0.176777	750	-1.272696	-97.589394		
50	0.16807	750	-1.251436	-98.84083		
51	0.159626	750	-1.23383	-100.07466		
52	0.151441	750	-1.187102	-101.261762		
53	0.143514	750	-1.153716	-102.415478		
54	0.135841	750	-1.131921	-103.547398		
55	0.12842	750	-1.109245	-104.656643		
56	0.121247	750	-1.076863	-105.733506		
57	0.11432	750	-0.991879	-106.725385		
58	0.107637	750	-1.002203	-107.727588		
59	0.101193	750	-0.956833	-108.684422		
60	0.094986	750	-0.953678	-109.6381		
61	0.089014	750	-0.931322	-110.569422		
62	0.083273	750	-0.880059	-111.449481		
63	0.07776	750	-0.826458	-112.27594		
64	0.072472	750	-0.811781	-113.087721		
65	0.067406	750	-0.790158	-113.877878		
66	0.062558	750	-0.741905	-114.619783		
67	0.057926	750	-0.729486	-115.349269		
68	0.053506	750	-0.681356	-116.030625		
69	0.049295	750	-0.680442	-116.711067		
70	0.045289	750	-0.632746	-117.343813		
71	0.041485	750	-0.63929	-117.983103		
72	0.03788	750	-0.589472	-118.572575		
73	0.034469	750	-0.573581	-119.146156		
74	0.03125	750	-0.541534	-119.68769		
75	0.028218	750	-0.502484	-120.190174		
76	0.02537	750	-0.464975	-120.655149		
77	0.022702	750	-0.440427	-121.095576		
78	0.020209	750	-0.423136	-121.518712		
79	0.017889	750	-0.412638	-121.93135		
80	0.015736	750	-0.368217	-122.299567		
81	0.013746	750	-0.35181	-122.651377		
82	0.011916	750	-0.325415	-122.976792		
83	0.01024	750	-0.308937	-123.285729		
84	0.008714	750	-0.265905	-123.551635		
85	0.007334	750	-0.250454	-123.802089		
86	0.006093	750	-0.228468	-124.030557		
87	0.004988	750	-0.205381	-124.235938		
88	0.004013	750	-0.16938	-124.405318		
89	0.003162	750	-0.165294	-124.570613		
90	0.00243	750	-0.138643	-124.709255		
91	0.00181	750	-0.121218	-124.830474		
92	0.001296	750	-0.106134	-124.936608		
93	0.000882	750	-0.087506	-125.024114		
94	0.000559	750	-0.060997	-125.085111		
95	0.00032	750	-0.046413	-125.131524		
96	0.000156	750	-0.034657	-125.16618		
97	0.000057	750	-0.019151	-125.185332		
98	0.00001	750	-0.008454	-125.193785		
99	0	750	-0.001964	-125.195749		
Log marginal likelihood:	-125.195749					
0	0.975187	750	-2.814564	-2.814564		
1	0.950747	750	-2.749681	-5.564245		
2	0.926679	750	-2.77235	-8.336595		
3	0.90298	750	-2.714523	-11.051119		
4	0.879648	750	-2.667668	-13.718786		
5	0.856682	750	-2.633132	-16.351918		
6	0.834079	750	-2.60592	-18.957838		
7	0.811838	750	-2.534246	-21.492084		
8	0.789957	750	-2.501456	-23.993539		
9	0.768433	750	-2.462292	-26.455831		
10	0.747266	750	-2.441305	-28.897136		
11	0.726452	750	-2.369058	-31.266194		
12	0.705989	750	-2.392445	-33.658639		
13	0.685877	750	-2.332874	-35.991513		
14	0.666112	750	-2.298409	-38.289922		
15	0.646693	750	-2.252043	-40.541964		
16	0.627618	750	-2.194364	-42.736329		
17	0.608884	750	-2.193236	-44.929565		
18	0.59049	750	-2.13558	-47.065145		
19	0.572433	750	-2.104941	-49.170086		
20	0.554712	750	-2.062437	-51.232522		
21	0.537324	750	-2.074787	-53.30731		
22	0.520268	750	-2.02486	-55.33217		
23	0.50354	750	-1.997306	-57.329476		
24	0.487139	750	-1.955258	-59.284734		
25	0.471063	750	-1.895339	-61.180073		
26	0.45531	750	-1.876612	-63.056685		
27	0.439877	750	-1.865955	-64.92264		
28	0.424762	750	-1.830202	-66.752841		
29	0.409963	750	-1.759606	-68.512447		
30	0.395478	750	-1.739562	-70.252009		
31	0.381305	750	-1.694523	-71.946532		
32	0.36744	750	-1.725643	-73.672174		
33	0.353883	750	-1.736177	-75.408351		
34	0.34063	750	-1.610211	-77.018562		
35	0.32768	750	-1.604427	-78.622989		
36	0.31503	750	-1.573872	-80.196861		
37	0.302677	750	-1.584188	-81.781049		
38	0.290619	750	-1.575543	-83.356592		
39	0.278855	750	-1.547512	-84.904104		
40	0.267381	750	-1.468221	-86.372325		
41	0.256195	750	-1.535602	-87.907927		
42	0.245294	750	-1.508283	-89.41621		
43	0.234677	750	-1.482795	-90.899005		
44	0.22434	750	-1.462785	-92.36179		
45	0.214281	750	-1.441835	-93.803625		
46	0.204498	750	-1.34638	-95.150005		
47	0.194988	750	-1.323048	-96.473053		
48	0.185749	750	-1.334987	-97.80804		
49	0.176777	750	-1.214694	-99.022733		
50	0.16807	750	-1.202679	-100.225412		
51	0.159626	750	-1.202174	-101.427586		
52	0.151441	750	-1.183253	-102.610839		
53	0.143514	750	-1.140604	-103.751443		
54	0.135841	750	-1.119502	-104.870945		
55	0.12842	750	-1.091651	-105.962596		
56	0.121247	750	-1.037035	-106.999631		
57	0.11432	750	-1.020717	-108.020348		
58	0.107637	750	-0.971417	-108.991765		
59	0.101193	750	-0.954905	-109.94667		
60	0.094986	750	-0.908845	-110.855515		
61	0.089014	750	-0.895675	-111.75119		
62	0.083273	750	-0.838165	-112.589355		
63	0.07776	750	-0.825786	-113.415142		
64	0.072472	750	-0.802668	-114.21781		
65	0.067406	750	-0.757419	-114.975229		
66	0.062558	750	-0.737589	-115.712818		
67	0.057926	750	-0.703375	-116.416193		
68	0.053506	750	-0.692409	-117.108602		
69	0.049295	750	-0.65699	-117.765592		
70	0.045289	750	-0.626552	-118.392144		
71	0.041485	750	-0.596649	-118.988793		
72	0.03788	750	-0.575271	-119.564064		
73	0.034469	750	-0.551784	-120.115847		
74	0.03125	750	-0.521586	-120.637434		
75	0.028218	750	-0.525224	-121.162658		
76	0.02537	750	-0.466772	-121.62943		
77	0.022702	750	-0.450772	-122.080202		
78	0.020209	750	-0.420673	-122.500875		
79	0.017889	750	-0.382325	-122.883201		
80	0.015736	750	-0.369639	-123.25284		
81	0.013746	750	-0.346928	-123.599768		
82	0.011916	750	-0.3133	-123.913068		
83	0.01024	750	-0.281538	-124.194605		
84	0.008714	750	-0.266903	-124.461508		
85	0.007334	750	-0.244117	-124.705624		
86	0.006093	750	-0.215843	-124.921468		
87	0.004988	750	-0.203934	-125.125402		
88	0.004013	750	-0.173183	-125.298585		
89	0.003162	750	-0.155841	-125.454426		
90	0.00243	750	-0.140613	-125.59504		
91	0.00181	750	-0.116626	-125.711665		
92	0.001296	750	-0.096844	-125.80851		
93	0.000882	750	-0.078371	-125.88688		
94	0.000559	750	-0.061499	-125.94838		
95	0.00032	750	-0.04467	-125.99305		
96	0.000156	750	-0.029656	-126.022706		
97	0.000057	750	-0.019399	-126.042105		
98	0.00001	750	-0.008845	-126.05095		
99	0	750	-0.001884	-126.052834		
Log marginal likelihood:	-126.052834					
0	0.975187	750	-2.815202	-2.815202		
1	0.950747	750	-2.777019	-5.592221		
2	0.926679	750	-2.728834	-8.321055		
3	0.90298	750	-2.666225	-10.98728		
4	0.879648	750	-2.651806	-13.639087		
5	0.856682	750	-2.617586	-16.256673		
6	0.834079	750	-2.601936	-18.858608		
7	0.811838	750	-2.551208	-21.409816		
8	0.789957	750	-2.51956	-23.929376		
9	0.768433	750	-2.461322	-26.390697		
10	0.747266	750	-2.428561	-28.819258		
11	0.726452	750	-2.384859	-31.204118		
12	0.705989	750	-2.336043	-33.540161		
13	0.685877	750	-2.294979	-35.83514		
14	0.666112	750	-2.265804	-38.100944		
15	0.646693	750	-2.257321	-40.358265		
16	0.627618	750	-2.200333	-42.558597		
17	0.608884	750	-2.155662	-44.714259		
18	0.59049	750	-2.116862	-46.831121		
19	0.572433	750	-2.071044	-48.902165		
20	0.554712	750	-2.050522	-50.952687		
21	0.537324	750	-2.077269	-53.029957		
22	0.520268	750	-1.974196	-55.004152		
23	0.50354	750	-1.941059	-56.945211		
24	0.487139	750	-2.000007	-58.945217		
25	0.471063	750	-1.989723	-60.93494		
26	0.45531	750	-1.838515	-62.773455		
27	0.439877	750	-1.838114	-64.611569		
28	0.424762	750	-1.777574	-66.389142		
29	0.409963	750	-1.735822	-68.124964		
30	0.395478	750	-1.713277	-69.838241		
31	0.381305	750	-1.743845	-71.582086		
32	0.36744	750	-1.738801	-73.320887		
33	0.353883	750	-1.755821	-75.076708		
34	0.34063	750	-1.700251	-76.776959		
35	0.32768	750	-1.604836	-78.381795		
36	0.31503	750	-1.604162	-79.985956		
37	0.302677	750	-1.510857	-81.496814		
38	0.290619	750	-1.548728	-83.045542		
39	0.278855	750	-1.509057	-84.554599		
40	0.267381	750	-1.614502	-86.169102		
41	0.256195	750	-1.559493	-87.728594		
42	0.245294	750	-1.412211	-89.140805		
43	0.234677	750	-1.498869	-90.639674		
44	0.22434	750	-1.425496	-92.06517		
45	0.214281	750	-1.292715	-93.357885		
46	0.204498	750	-1.268196	-94.626081		
47	0.194988	750	-1.351966	-95.978047		
48	0.185749	750	-1.301452	-97.2795		
49	0.176777	750	-1.2858	-98.565299		
50	0.16807	750	-1.279213	-99.844512		
51	0.159626	750	-1.186211	-101.030723		
52	0.151441	750	-1.153463	-102.184185		
53	0.143514	750	-1.151248	-103.335433		
54	0.135841	750	-1.087177	-104.42261		
55	0.12842	750	-1.080396	-105.503006		
56	0.121247	750	-1.049701	-106.552707		
57	0.11432	750	-1.019015	-107.571721		
58	0.107637	750	-0.993689	-108.56541		
59	0.101193	750	-0.975826	-109.541237		
60	0.094986	750	-0.940992	-110.482229		
61	0.089014	750	-0.902788	-111.385017		
62	0.083273	750	-0.856168	-112.241185		
63	0.07776	750	-0.876835	-113.118021		
64	0.072472	750	-0.796141	-113.914162		
65	0.067406	750	-0.789724	-114.703886		
66	0.062558	750	-0.765931	-115.469817		
67	0.057926	750	-0.737887	-116.207704		
68	0.053506	750	-0.701502	-116.909206		
69	0.049295	750	-0.663368	-117.572574		
70	0.045289	750	-0.640118	-118.212692		
71	0.041485	750	-0.61777	-118.830461		
72	0.03788	750	-0.595051	-119.425512		
73	0.034469	750	-0.554627	-119.980139		
74	0.03125	750	-0.529189	-120.509327		
75	0.028218	750	-0.516763	-121.02609		
76	0.02537	750	-0.4739	-121.49999		
77	0.022702	750	-0.438982	-121.938972		
78	0.020209	750	-0.411362	-122.350334		
79	0.017889	750	-0.395004	-122.745339		
80	0.015736	750	-0.385606	-123.130945		
81	0.013746	750	-0.337947	-123.468892		
82	0.011916	750	-0.321491	-123.790383		
83	0.01024	750	-0.306867	-124.097249		
84	0.008714	750	-0.27418	-124.37143		
85	0.007334	750	-0.254334	-124.625763		
86	0.006093	750	-0.232796	-124.858559		
87	0.004988	750	-0.194667	-125.053226		
88	0.004013	750	-0.186103	-125.239328		
89	0.003162	750	-0.167029	-125.406357		
90	0.00243	750	-0.136755	-125.543112		
91	0.00181	750	-0.127171	-125.670283		
92	0.001296	750	-0.094928	-125.765211		
93	0.000882	750	-0.07975	-125.844961		
94	0.000559	750	-0.065325	-125.910286		
95	0.00032	750	-0.044679	-125.954965		
96	0.000156	750	-0.033114	-125.988079		
97	0.000057	750	-0.018615	-126.006693		
98	0.00001	750	-0.009135	-126.015829		
99	0	750	-0.002055	-126.017884		
Log marginal likelihood:	-126.017884					
0	0.975187	750	-2.651926	-2.651926		
1	0.950747	750	-2.597279	-5.249205		
2	0.926679	750	-2.58651	-7.835716		
3	0.90298	750	-2.589691	-10.425407		
4	0.879648	750	-2.523948	-12.949355		
5	0.856682	750	-2.5169	-15.466255		
6	0.834079	750	-2.464999	-17.931255		
7	0.811838	750	-2.397031	-20.328286		
8	0.789957	750	-2.380204	-22.70849		
9	0.768433	750	-2.351743	-25.060233		
10	0.747266	750	-2.333425	-27.393658		
11	0.726452	750	-2.283078	-29.676736		
12	0.705989	750	-2.250958	-31.927694		
13	0.685877	750	-2.241172	-34.168866		
14	0.666112	750	-2.262523	-36.431389		
15	0.646693	750	-2.164905	-38.596295		
16	0.627618	750	-2.150932	-40.747227		
17	0.608884	750	-2.085244	-42.832471		
18	0.59049	750	-2.041296	-44.873767		
19	0.572433	750	-1.990265	-46.864031		
20	0.554712	750	-2.03452	-48.898552		
21	0.537324	750	-2.001276	-50.899828		
22	0.520268	750	-1.91187	-52.811698		
23	0.50354	750	-1.873097	-54.684795		
24	0.487139	750	-1.911104	-56.595899		
25	0.471063	750	-1.84862	-58.444519		
26	0.45531	750	-1.787807	-60.232327		
27	0.439877	750	-1.806161	-62.038488		
28	0.424762	750	-1.722869	-63.761357		
29	0.409963	750	-1.727727	-65.489084		
30	0.395478	750	-1.685116	-67.1742		
31	0.381305	750	-1.626703	-68.800903		
32	0.36744	750	-1.644542	-70.445446		
33	0.353883	750	-1.673436	-72.118882		
34	0.34063	750	-1.609481	-73.728363		
35	0.32768	750	-1.545339	-75.273701		
36	0.31503	750	-1.538558	-76.81226		
37	0.302677	750	-1.580507	-78.392767		
38	0.290619	750	-1.436437	-79.829203		
39	0.278855	750	-1.46276	-81.291963		
40	0.267381	750	-1.433788	-82.725751		
41	0.256195	750	-1.436197	-84.161949		
42	0.245294	750	-1.412547	-85.574495		
43	0.234677	750	-1.328215	-86.902711		
44	0.22434	750	-1.457198	-88.359909		
45	0.214281	750	-1.294883	-89.654792		
46	0.204498	750	-1.312853	-90.967645		
47	0.194988	750	-1.247601	-92.215246		
48	0.185749	750	-1.277772	-93.493018		
49	0.176777	750	-1.213865	-94.706883		
50	0.16807	750	-1.236275	-95.943159		
51	0.159626	750	-1.179857	-97.123016		
52	0.151441	750	-1.111281	-98.234297		
53	0.143514	750	-1.099786	-99.334082		
54	0.135841	750	-1.115227	-100.449309		
55	0.12842	750	-1.047671	-101.49698		
56	0.121247	750	-0.995803	-102.492783		
57	0.11432	750	-0.988727	-103.48151		
58	0.107637	750	-0.980084	-104.461595		
59	0.101193	750	-0.948864	-105.410459		
60	0.094986	750	-0.927941	-106.3384		
61	0.089014	750	-0.888757	-107.227156		
62	0.083273	750	-0.874853	-108.102009		
63	0.07776	750	-0.833542	-108.935551		
64	0.072472	750	-0.792773	-109.728324		
65	0.067406	750	-0.780683	-110.509008		
66	0.062558	750	-0.725117	-111.234125		
67	0.057926	750	-0.725305	-111.95943		
68	0.053506	750	-0.678686	-112.638116		
69	0.049295	750	-0.660636	-113.298752		
70	0.045289	750	-0.620048	-113.9188		
71	0.041485	750	-0.60353	-114.52233		
72	0.03788	750	-0.568006	-115.090335		
73	0.034469	750	-0.569706	-115.660042		
74	0.03125	750	-0.538804	-116.198846		
75	0.028218	750	-0.492795	-116.691641		
76	0.02537	750	-0.456631	-117.148272		
77	0.022702	750	-0.443947	-117.592219		
78	0.020209	750	-0.409453	-118.001672		
79	0.017889	750	-0.38844	-118.390111		
80	0.015736	750	-0.373473	-118.763584		
81	0.013746	750	-0.346184	-119.109767		
82	0.011916	750	-0.353594	-119.463361		
83	0.01024	750	-0.307814	-119.771175		
84	0.008714	750	-0.275014	-120.046189		
85	0.007334	750	-0.248753	-120.294942		
86	0.006093	750	-0.228977	-120.523919		
87	0.004988	750	-0.211328	-120.735247		
88	0.004013	750	-0.183461	-120.918708		
89	0.003162	750	-0.155582	-121.07429		
90	0.00243	750	-0.129736	-121.204026		
91	0.00181	750	-0.118648	-121.322674		
92	0.001296	750	-0.091779	-121.414453		
93	0.000882	750	-0.076473	-121.490926		
94	0.000559	750	-0.058753	-121.54968		
95	0.00032	750	-0.044519	-121.594199		
96	0.000156	750	-0.035905	-121.630104		
97	0.000057	750	-0.019648	-121.649752		
98	0.00001	750	-0.008355	-121.658107		
99	0	750	-0.002106	-121.660213		
Log marginal likelihood:	-121.660213					
0	0.975187	750	-2.785945	-2.785945		
1	0.950747	750	-2.770502	-5.556447		
2	0.926679	750	-2.699165	-8.255613		
3	0.90298	750	-2.680672	-10.936284		
4	0.879648	750	-2.656738	-13.593023		
5	0.856682	750	-2.584009	-16.177032		
6	0.834079	750	-2.551095	-18.728127		
7	0.811838	750	-2.517453	-21.245581		
8	0.789957	750	-2.498245	-23.743826		
9	0.768433	750	-2.464768	-26.208594		
10	0.747266	750	-2.391057	-28.599651		
11	0.726452	750	-2.368101	-30.967752		
12	0.705989	750	-2.354029	-33.321781		
13	0.685877	750	-2.39698	-35.718762		
14	0.666112	750	-2.237199	-37.95596		
15	0.646693	750	-2.206895	-40.162855		
16	0.627618	750	-2.196602	-42.359457		
17	0.608884	750	-2.20143	-44.560887		
18	0.59049	750	-2.167179	-46.728066		
19	0.572433	750	-2.117402	-48.845468		
20	0.554712	750	-2.113633	-50.959101		
21	0.537324	750	-2.08282	-53.041921		
22	0.520268	750	-2.014177	-55.056098		
23	0.50354	750	-1.999075	-57.055173		
24	0.487139	750	-1.955943	-59.011115		
25	0.471063	750	-1.909005	-60.92012		
26	0.45531	750	-1.928489	-62.848609		
27	0.439877	750	-1.808016	-64.656625		
28	0.424762	750	-1.856694	-66.513319		
29	0.409963	750	-1.835737	-68.349056		
30	0.395478	750	-1.768334	-70.11739		
31	0.381305	750	-1.7049	-71.82229		
32	0.36744	750	-1.681139	-73.503429		
33	0.353883	750	-1.684492	-75.187922		
34	0.34063	750	-1.71351	-76.901431		
35	0.32768	750	-1.554795	-78.456227		
36	0.31503	750	-1.491396	-79.947622		
37	0.302677	750	-1.644228	-81.59185		
38	0.290619	750	-1.553876	-83.145726		
39	0.278855	750	-1.611082	-84.756809		
40	0.267381	750	-1.542055	-86.298864		
41	0.256195	750	-1.465594	-87.764458		
42	0.245294	750	-1.467744	-89.232202		
43	0.234677	750	-1.423279	-90.655481		
44	0.22434	750	-1.376787	-92.032269		
45	0.214281	750	-1.34594	-93.378209		
46	0.204498	750	-1.361986	-94.740195		
47	0.194988	750	-1.334781	-96.074976		
48	0.185749	750	-1.252049	-97.327025		
49	0.176777	750	-1.251303	-98.578328		
50	0.16807	750	-1.251834	-99.830163		
51	0.159626	750	-1.211076	-101.041239		
52	0.151441	750	-1.20531	-102.246549		
53	0.143514	750	-1.107186	-103.353735		
54	0.135841	750	-1.110709	-104.464443		
55	0.12842	750	-1.072749	-105.537193		
56	0.121247	750	-1.049019	-106.586212		
57	0.11432	750	-0.993667	-107.579879		
58	0.107637	750	-0.979227	-108.559106		
59	0.101193	750	-0.92017	-109.479277		
60	0.094986	750	-0.912046	-110.391322		
61	0.089014	750	-0.902737	-111.294059		
62	0.083273	750	-0.849357	-112.143416		
63	0.07776	750	-0.821103	-112.96452		
64	0.072472	750	-0.796858	-113.761378		
65	0.067406	750	-0.777002	-114.53838		
66	0.062558	750	-0.737605	-115.275985		
67	0.057926	750	-0.716822	-115.992807		
68	0.053506	750	-0.698962	-116.691769		
69	0.049295	750	-0.665205	-117.356974		
70	0.045289	750	-0.628206	-117.98518		
71	0.041485	750	-0.58695	-118.57213		
72	0.03788	750	-0.598023	-119.170153		
73	0.034469	750	-0.547997	-119.718151		
74	0.03125	750	-0.522026	-120.240177		
75	0.028218	750	-0.483694	-120.72387		
76	0.02537	750	-0.479565	-121.203435		
77	0.022702	750	-0.447069	-121.650504		
78	0.020209	750	-0.431119	-122.081623		
79	0.017889	750	-0.384493	-122.466116		
80	0.015736	750	-0.365363	-122.831479		
81	0.013746	750	-0.361778	-123.193257		
82	0.011916	750	-0.312378	-123.505635		
83	0.01024	750	-0.283068	-123.788703		
84	0.008714	750	-0.267521	-124.056224		
85	0.007334	750	-0.240217	-124.296441		
86	0.006093	750	-0.226433	-124.522874		
87	0.004988	750	-0.195722	-124.718596		
88	0.004013	750	-0.180757	-124.899353		
89	0.003162	750	-0.177716	-125.077069		
90	0.00243	750	-0.141758	-125.218827		
91	0.00181	750	-0.114861	-125.333688		
92	0.001296	750	-0.095588	-125.429276		
93	0.000882	750	-0.07831	-125.507586		
94	0.000559	750	-0.062404	-125.56999		
95	0.00032	750	-0.049441	-125.619431		
96	0.000156	750	-0.029837	-125.649268		
97	0.000057	750	-0.018674	-125.667942		
98	0.00001	750	-0.008371	-125.676313		
99	0	750	-0.001805	-125.678118		
Log marginal likelihood:	-125.678118					
0	0.975187	750	-3.106397	-3.106397		
1	0.950747	750	-3.081746	-6.188143		
2	0.926679	750	-3.071306	-9.25945		
3	0.90298	750	-2.968146	-12.227596		
4	0.879648	750	-2.869355	-15.09695		
5	0.856682	750	-2.885597	-17.982547		
6	0.834079	750	-2.8383	-20.820847		
7	0.811838	750	-2.750231	-23.571078		
8	0.789957	750	-2.720029	-26.291107		
9	0.768433	750	-2.695594	-28.986701		
10	0.747266	750	-2.688861	-31.675562		
11	0.726452	750	-2.638488	-34.314049		
12	0.705989	750	-2.606314	-36.920363		
13	0.685877	750	-2.540251	-39.460614		
14	0.666112	750	-2.497625	-41.958239		
15	0.646693	750	-2.462484	-44.420723		
16	0.627618	750	-2.629203	-47.049926		
17	0.608884	750	-2.414158	-49.464083		
18	0.59049	750	-2.306967	-51.77105		
19	0.572433	750	-2.251354	-54.022405		
20	0.554712	750	-2.260892	-56.283297		
21	0.537324	750	-2.316963	-58.600259		
22	0.520268	750	-2.249244	-60.849504		
23	0.50354	750	-2.231634	-63.081137		
24	0.487139	750	-2.250244	-65.331381		
25	0.471063	750	-2.288224	-67.619605		
26	0.45531	750	-2.019377	-69.638982		
27	0.439877	750	-2.017252	-71.656234		
28	0.424762	750	-2.086308	-73.742542		
29	0.409963	750	-2.060705	-75.803247		
30	0.395478	750	-1.949118	-77.752365		
31	0.381305	750	-1.872882	-79.625247		
32	0.36744	750	-1.965871	-81.591118		
33	0.353883	750	-1.882517	-83.473635		
34	0.34063	750	-1.882083	-85.355718		
35	0.32768	750	-1.761641	-87.117359		
36	0.31503	750	-1.808831	-88.92619		
37	0.302677	750	-1.750665	-90.676855		
38	0.290619	750	-1.749164	-92.426019		
39	0.278855	750	-1.656451	-94.082469		
40	0.267381	750	-1.698354	-95.780823		
41	0.256195	750	-1.665775	-97.446598		
42	0.245294	750	-1.61581	-99.062407		
43	0.234677	750	-1.58258	-100.644987		
44	0.22434	750	-1.544573	-102.18956		
45	0.214281	750	-1.485667	-103.675227		
46	0.204498	750	-1.430696	-105.105923		
47	0.194988	750	-1.422497	-106.52842		
48	0.185749	750	-1.37655	-107.904969		
49	0.176777	750	-1.31692	-109.221889		
50	0.16807	750	-1.282207	-110.504096		
51	0.159626	750	-1.275623	-111.779719		
52	0.151441	750	-1.237129	-113.016848		
53	0.143514	750	-1.180157	-114.197005		
54	0.135841	750	-1.154215	-115.351221		
55	0.12842	750	-1.147438	-116.498659		
56	0.121247	750	-1.101903	-117.600562		
57	0.11432	750	-1.055243	-118.655805		
58	0.107637	750	-1.036068	-119.691873		
59	0.101193	750	-0.997754	-120.689628		
60	0.094986	750	-0.970247	-121.659875		
61	0.089014	750	-0.910965	-122.570839		
62	0.083273	750	-0.889302	-123.460142		
63	0.07776	750	-0.849562	-124.309704		
64	0.072472	750	-0.841739	-125.151443		
65	0.067406	750	-0.847859	-125.999301		
66	0.062558	750	-0.789976	-126.789277		
67	0.057926	750	-0.733001	-127.522278		
68	0.053506	750	-0.705668	-128.227947		
69	0.049295	750	-0.677263	-128.90521		
70	0.045289	750	-0.664529	-129.569739		
71	0.041485	750	-0.620758	-130.190497		
72	0.03788	750	-0.595595	-130.786092		
73	0.034469	750	-0.554055	-131.340147		
74	0.03125	750	-0.533843	-131.87399		
75	0.028218	750	-0.521497	-132.395487		
76	0.02537	750	-0.463478	-132.858965		
77	0.022702	750	-0.451474	-133.310438		
78	0.020209	750	-0.43168	-133.742119		
79	0.017889	750	-0.392931	-134.13505		
80	0.015736	750	-0.403412	-134.538462		
81	0.013746	750	-0.349518	-134.88798		
82	0.011916	750	-0.323908	-135.211889		
83	0.01024	750	-0.295945	-135.507833		
84	0.008714	750	-0.276489	-135.784322		
85	0.007334	750	-0.251439	-136.035761		
86	0.006093	750	-0.220151	-136.255911		
87	0.004988	750	-0.20871	-136.464622		
88	0.004013	750	-0.185753	-136.650375		
89	0.003162	750	-0.164125	-136.8145		
90	0.00243	750	-0.135281	-136.949781		
91	0.00181	750	-0.124195	-137.073977		
92	0.001296	750	-0.095487	-137.169464		
93	0.000882	750	-0.078397	-137.247861		
94	0.000559	750	-0.06138	-137.309241		
95	0.00032	750	-0.045281	-137.354522		
96	0.000156	750	-0.032082	-137.386604		
97	0.000057	750	-0.019586	-137.406189		
98	0.00001	750	-0.009248	-137.415437		
99	0	750	-0.001938	-137.417375		
Log marginal likelihood:	-137.417375					
0	0.975187	750	-2.985897	-2.985897		
1	0.950747	750	-2.951317	-5.937214		
2	0.926679	750	-2.897539	-8.834753		
3	0.90298	750	-2.847404	-11.682157		
4	0.879648	750	-2.829881	-14.512038		
5	0.856682	750	-2.770772	-17.282809		
6	0.834079	750	-2.717183	-19.999992		
7	0.811838	750	-2.753451	-22.753444		
8	0.789957	750	-2.661831	-25.415274		
9	0.768433	750	-2.611289	-28.026563		
10	0.747266	750	-2.539486	-30.56605		
11	0.726452	750	-2.621353	-33.187403		
12	0.705989	750	-2.564973	-35.752376		
13	0.685877	750	-2.503879	-38.256254		
14	0.666112	750	-2.571249	-40.827504		
15	0.646693	750	-2.375878	-43.203381		
16	0.627618	750	-2.30898	-45.512361		
17	0.608884	750	-2.270939	-47.7833		
18	0.59049	750	-2.282015	-50.065315		
19	0.572433	750	-2.264041	-52.329356		
20	0.554712	750	-2.212199	-54.541555		
21	0.537324	750	-2.228468	-56.770023		
22	0.520268	750	-2.286395	-59.056418		
23	0.50354	750	-2.175856	-61.232274		
24	0.487139	750	-2.17431	-63.406584		
25	0.471063	750	-2.039572	-65.446156		
26	0.45531	750	-2.039747	-67.485903		
27	0.439877	750	-2.025568	-69.511471		
28	0.424762	750	-1.942764	-71.454235		
29	0.409963	750	-1.921677	-73.375912		
30	0.395478	750	-1.91869	-75.294603		
31	0.381305	750	-1.916541	-77.211144		
32	0.36744	750	-1.837508	-79.048652		
33	0.353883	750	-1.722644	-80.771296		
34	0.34063	750	-1.760213	-82.531508		
35	0.32768	750	-1.76435	-84.295858		
36	0.31503	750	-1.690714	-85.986572		
37	0.302677	750	-1.689223	-87.675795		
38	0.290619	750	-1.583643	-89.259438		
39	0.278855	750	-1.661744	-90.921182		
40	0.267381	750	-1.633967	-92.555149		
41	0.256195	750	-1.564132	-94.119281		
42	0.245294	750	-1.539825	-95.659107		
43	0.234677	750	-1.506518	-97.165624		
44	0.22434	750	-1.406661	-98.572286		
45	0.214281	750	-1.379007	-99.951293		
46	0.204498	750	-1.376117	-101.327411		
47	0.194988	750	-1.362288	-102.689699		
48	0.185749	750	-1.355673	-104.045372		
49	0.176777	750	-1.29817	-105.343542		
50	0.16807	750	-1.244787	-106.588328		
51	0.159626	750	-1.232187	-107.820516		
52	0.151441	750	-1.181357	-109.001873		
53	0.143514	750	-1.166719	-110.168593		
54	0.135841	750	-1.127342	-111.295935		
55	0.12842	750	-1.084171	-112.380106		
56	0.121247	750	-1.027653	-113.407759		
57	0.11432	750	-1.013376	-114.421135		
58	0.107637	750	-1.004677	-115.425812		
59	0.101193	750	-0.948484	-116.374296		
60	0.094986	750	-0.911947	-117.286242		
61	0.089014	750	-0.928377	-118.21462		
62	0.083273	750	-0.87276	-119.08738		
63	0.07776	750	-0.844807	-119.932187		
64	0.072472	750	-0.801647	-120.733834		
65	0.067406	750	-0.762927	-121.496761		
66	0.062558	750	-0.74288	-122.23964		
67	0.057926	750	-0.724008	-122.963648		
68	0.053506	750	-0.692996	-123.656643		
69	0.049295	750	-0.702538	-124.359181		
70	0.045289	750	-0.639507	-124.998689		
71	0.041485	750	-0.606055	-125.604744		
72	0.03788	750	-0.576693	-126.181436		
73	0.034469	750	-0.553455	-126.734891		
74	0.03125	750	-0.536292	-127.271184		
75	0.028218	750	-0.511688	-127.782872		
76	0.02537	750	-0.485303	-128.268175		
77	0.022702	750	-0.457715	-128.72589		
78	0.020209	750	-0.424565	-129.150455		
79	0.017889	750	-0.398417	-129.548872		
80	0.015736	750	-0.35529	-129.904162		
81	0.013746	750	-0.339714	-130.243876		
82	0.011916	750	-0.322718	-130.566594		
83	0.01024	750	-0.309794	-130.876388		
84	0.008714	750	-0.273557	-131.149945		
85	0.007334	750	-0.253737	-131.403681		
86	0.006093	750	-0.220413	-131.624094		
87	0.004988	750	-0.210556	-131.83465		
88	0.004013	750	-0.177111	-132.011761		
89	0.003162	750	-0.15335	-132.165111		
90	0.00243	750	-0.137624	-132.302735		
91	0.00181	750	-0.116683	-132.419418		
92	0.001296	750	-0.101159	-132.520577		
93	0.000882	750	-0.086748	-132.607324		
94	0.000559	750	-0.059693	-132.667018		
95	0.00032	750	-0.047163	-132.714181		
96	0.000156	750	-0.029704	-132.743885		
97	0.000057	750	-0.019521	-132.763406		
98	0.00001	750	-0.008859	-132.772265		
99	0	750	-0.001951	-132.774216		
Log marginal likelihood:	-132.774216					
0	0.975187	750	-2.705262	-2.705262		
1	0.950747	750	-2.750162	-5.455424		
2	0.926679	750	-2.73605	-8.191474		
3	0.90298	750	-2.71947	-10.910944		
4	0.879648	750	-2.697009	-13.607954		
5	0.856682	750	-2.678106	-16.286059		
6	0.834079	750	-2.605143	-18.891202		
7	0.811838	750	-2.547448	-21.43865		
8	0.789957	750	-2.531407	-23.970057		
9	0.768433	750	-2.495683	-26.46574		
10	0.747266	750	-2.52458	-28.99032		
11	0.726452	750	-2.469334	-31.459654		
12	0.705989	750	-2.362268	-33.821923		
13	0.685877	750	-2.314824	-36.136747		
14	0.666112	750	-2.30306	-38.439807		
15	0.646693	750	-2.320534	-40.76034		
16	0.627618	750	-2.298484	-43.058824		
17	0.608884	750	-2.163523	-45.222348		
18	0.59049	750	-2.157419	-47.379767		
19	0.572433	750	-2.10634	-49.486107		
20	0.554712	750	-2.080235	-51.566342		
21	0.537324	750	-2.113218	-53.67956		
22	0.520268	750	-2.006565	-55.686125		
23	0.50354	750	-1.984559	-57.670684		
24	0.487139	750	-1.97115	-59.641833		
25	0.471063	750	-1.923277	-61.565111		
26	0.45531	750	-1.843677	-63.408788		
27	0.439877	750	-1.932991	-65.341779		
28	0.424762	750	-1.84883	-67.190609		
29	0.409963	750	-1.801995	-68.992604		
30	0.395478	750	-1.760381	-70.752986		
31	0.381305	750	-1.717693	-72.470679		
32	0.36744	750	-1.867481	-74.33816		
33	0.353883	750	-1.753374	-76.091534		
34	0.34063	750	-1.714036	-77.80557		
35	0.32768	750	-1.662324	-79.467893		
36	0.31503	750	-1.598742	-81.066636		
37	0.302677	750	-1.562549	-82.629185		
38	0.290619	750	-1.59464	-84.223825		
39	0.278855	750	-1.505662	-85.729487		
40	0.267381	750	-1.54756	-87.277047		
41	0.256195	750	-1.487276	-88.764323		
42	0.245294	750	-1.427815	-90.192138		
43	0.234677	750	-1.386506	-91.578644		
44	0.22434	750	-1.429449	-93.008093		
45	0.214281	750	-1.444588	-94.452681		
46	0.204498	750	-1.352795	-95.805476		
47	0.194988	750	-1.346314	-97.15179		
48	0.185749	750	-1.279558	-98.431349		
49	0.176777	750	-1.287646	-99.718995		
50	0.16807	750	-1.226535	-100.94553		
51	0.159626	750	-1.20801	-102.15354		
52	0.151441	750	-1.164435	-103.317975		
53	0.143514	750	-1.14036	-104.458335		
54	0.135841	750	-1.12166	-105.579995		
55	0.12842	750	-1.096061	-106.676056		
56	0.121247	750	-1.056276	-107.732332		
57	0.11432	750	-0.995449	-108.72778		
58	0.107637	750	-0.99544	-109.723221		
59	0.101193	750	-0.971172	-110.694393		
60	0.094986	750	-0.914429	-111.608822		
61	0.089014	750	-0.896799	-112.505622		
62	0.083273	750	-0.855539	-113.361161		
63	0.07776	750	-0.831989	-114.19315		
64	0.072472	750	-0.798462	-114.991612		
65	0.067406	750	-0.76839	-115.760001		
66	0.062558	750	-0.747271	-116.507273		
67	0.057926	750	-0.702007	-117.20928		
68	0.053506	750	-0.68387	-117.89315		
69	0.049295	750	-0.64234	-118.535491		
70	0.045289	750	-0.632636	-119.168127		
71	0.041485	750	-0.611418	-119.779545		
72	0.03788	750	-0.560232	-120.339777		
73	0.034469	750	-0.57432	-120.914097		
74	0.03125	750	-0.529887	-121.443984		
75	0.028218	750	-0.493201	-121.937185		
76	0.02537	750	-0.487709	-122.424894		
77	0.022702	750	-0.456672	-122.881566		
78	0.020209	750	-0.409477	-123.291043		
79	0.017889	750	-0.416801	-123.707844		
80	0.015736	750	-0.370014	-124.077858		
81	0.013746	750	-0.360307	-124.438165		
82	0.011916	750	-0.312882	-124.751047		
83	0.01024	750	-0.286883	-125.037929		
84	0.008714	750	-0.255194	-125.293123		
85	0.007334	750	-0.248548	-125.541672		
86	0.006093	750	-0.215357	-125.757029		
87	0.004988	750	-0.211377	-125.968406		
88	0.004013	750	-0.173292	-126.141697		
89	0.003162	750	-0.15103	-126.292728		
90	0.00243	750	-0.143257	-126.435984		
91	0.00181	750	-0.115202	-126.551187		
92	0.001296	750	-0.098929	-126.650115		
93	0.000882	750	-0.076066	-126.726181		
94	0.000559	750	-0.065205	-126.791386		
95	0.00032	750	-0.045816	-126.837202		
96	0.000156	750	-0.033226	-126.870428		
97	0.000057	750	-0.019815	-126.890243		
98	0.00001	750	-0.008789	-126.899033		
99	0	750	-0.002099	-126.901132		
Log marginal likelihood:	-126.901132					
0	0.975187	750	-3.119461	-3.119461		
1	0.950747	750	-3.020148	-6.13961		
2	0.926679	750	-3.012819	-9.152429		
3	0.90298	750	-2.931959	-12.084388		
4	0.879648	750	-2.913998	-14.998385		
5	0.856682	750	-2.828391	-17.826776		
6	0.834079	750	-2.798519	-20.625295		
7	0.811838	750	-2.766618	-23.391913		
8	0.789957	750	-2.727386	-26.119299		
9	0.768433	750	-2.68477	-28.804069		
10	0.747266	750	-2.740627	-31.544696		
11	0.726452	750	-2.581135	-34.125831		
12	0.705989	750	-2.635217	-36.761048		
13	0.685877	750	-2.532755	-39.293802		
14	0.666112	750	-2.603825	-41.897627		
15	0.646693	750	-2.485917	-44.383545		
16	0.627618	750	-2.44876	-46.832305		
17	0.608884	750	-2.506879	-49.339183		
18	0.59049	750	-2.365124	-51.704307		
19	0.572433	750	-2.401427	-54.105734		
20	0.554712	750	-2.34538	-56.451114		
21	0.537324	750	-2.226141	-58.677255		
22	0.520268	750	-2.281411	-60.958666		
23	0.50354	750	-2.265719	-63.224385		
24	0.487139	750	-2.095798	-65.320183		
25	0.471063	750	-2.035965	-67.356148		
26	0.45531	750	-2.171873	-69.528021		
27	0.439877	750	-2.160672	-71.688693		
28	0.424762	750	-2.055204	-73.743897		
29	0.409963	750	-1.952344	-75.696242		
30	0.395478	750	-2.007726	-77.703968		
31	0.381305	750	-1.937036	-79.641004		
32	0.36744	750	-1.906323	-81.547327		
33	0.353883	750	-1.900512	-83.447839		
34	0.34063	750	-1.868177	-85.316016		
35	0.32768	750	-1.80615	-87.122166		
36	0.31503	750	-1.786374	-88.90854		
37	0.302677	750	-1.716253	-90.624793		
38	0.290619	750	-1.682742	-92.307535		
39	0.278855	750	-1.647328	-93.954863		
40	0.267381	750	-1.578206	-95.533069		
41	0.256195	750	-1.584046	-97.117115		
42	0.245294	750	-1.525351	-98.642466		
43	0.234677	750	-1.501636	-100.144102		
44	0.22434	750	-1.466777	-101.610879		
45	0.214281	750	-1.398844	-103.009723		
46	0.204498	750	-1.411244	-104.420967		
47	0.194988	750	-1.362956	-105.783924		
48	0.185749	750	-1.332072	-107.115996		
49	0.176777	750	-1.288899	-108.404894		
50	0.16807	750	-1.265631	-109.670525		
51	0.159626	750	-1.209762	-110.880287		
52	0.151441	750	-1.178479	-112.058766		
53	0.143514	750	-1.141286	-113.200052		
54	0.135841	750	-1.097744	-114.297796		
55	0.12842	750	-1.063872	-115.361667		
56	0.121247	750	-1.047819	-116.409486		
57	0.11432	750	-1.011681	-117.421167		
58	0.107637	750	-1.013467	-118.434634		
59	0.101193	750	-0.960853	-119.395487		
60	0.094986	750	-0.907915	-120.303402		
61	0.089014	750	-0.888893	-121.192295		
62	0.083273	750	-0.870631	-122.062927		
63	0.07776	750	-0.820051	-122.882978		
64	0.072472	750	-0.803495	-123.686473		
65	0.067406	750	-0.745934	-124.432408		
66	0.062558	750	-0.760267	-125.192675		
67	0.057926	750	-0.723307	-125.915982		
68	0.053506	750	-0.689882	-126.605865		
69	0.049295	750	-0.663708	-127.269572		
70	0.045289	750	-0.631378	-127.90095		
71	0.041485	750	-0.609947	-128.510897		
72	0.03788	750	-0.561542	-129.072439		
73	0.034469	750	-0.526711	-129.59915		
74	0.03125	750	-0.519016	-130.118167		
75	0.028218	750	-0.514388	-130.632555		
76	0.02537	750	-0.481638	-131.114193		
77	0.022702	750	-0.470272	-131.584465		
78	0.020209	750	-0.414999	-131.999464		
79	0.017889	750	-0.404245	-132.403709		
80	0.015736	750	-0.365957	-132.769667		
81	0.013746	750	-0.341931	-133.111597		
82	0.011916	750	-0.336917	-133.448515		
83	0.01024	750	-0.297992	-133.746506		
84	0.008714	750	-0.283297	-134.029803		
85	0.007334	750	-0.245117	-134.27492		
86	0.006093	750	-0.222063	-134.496983		
87	0.004988	750	-0.198522	-134.695504		
88	0.004013	750	-0.180558	-134.876062		
89	0.003162	750	-0.150858	-135.02692		
90	0.00243	750	-0.129811	-135.156731		
91	0.00181	750	-0.110886	-135.267617		
92	0.001296	750	-0.092316	-135.359933		
93	0.000882	750	-0.080378	-135.440311		
94	0.000559	750	-0.057847	-135.498158		
95	0.00032	750	-0.043585	-135.541743		
96	0.000156	750	-0.030051	-135.571794		
97	0.000057	750	-0.019042	-135.590836		
98	0.00001	750	-0.009721	-135.600556		
99	0	750	-0.001828	-135.602384		
Log marginal likelihood:	-135.602384					
0	0.975187	750	-2.891708	-2.891708		
1	0.950747	750	-2.934041	-5.825749		
2	0.926679	750	-2.81528	-8.641029		
3	0.90298	750	-2.790998	-11.432027		
4	0.879648	750	-2.759637	-14.191664		
5	0.856682	750	-2.69858	-16.890244		
6	0.834079	750	-2.694234	-19.584478		
7	0.811838	750	-2.678744	-22.263221		
8	0.789957	750	-2.625813	-24.889034		
9	0.768433	750	-2.559327	-27.448361		
10	0.747266	750	-2.533358	-29.981719		
11	0.726452	750	-2.491844	-32.473563		
12	0.705989	750	-2.468078	-34.941641		
13	0.685877	750	-2.372693	-37.314334		
14	0.666112	750	-2.355526	-39.669861		
15	0.646693	750	-2.339549	-42.009409		
16	0.627618	750	-2.287495	-44.296905		
17	0.608884	750	-2.266677	-46.563582		
18	0.59049	750	-2.242352	-48.805934		
19	0.572433	750	-2.170154	-50.976088		
20	0.554712	750	-2.215975	-53.192063		
21	0.537324	750	-2.133232	-55.325296		
22	0.520268	750	-2.09002	-57.415315		
23	0.50354	750	-2.05318	-59.468495		
24	0.487139	750	-1.978221	-61.446716		
25	0.471063	750	-2.09567	-63.542386		
26	0.45531	750	-1.94394	-65.486326		
27	0.439877	750	-1.914314	-67.400641		
28	0.424762	750	-1.931574	-69.332214		
29	0.409963	750	-1.965445	-71.29766		
30	0.395478	750	-1.853389	-73.151049		
31	0.381305	750	-1.77825	-74.929298		
32	0.36744	750	-1.776807	-76.706105		
33	0.353883	750	-1.704287	-78.410392		
34	0.34063	750	-1.688892	-80.099284		
35	0.32768	750	-1.738209	-81.837493		
36	0.31503	750	-1.656673	-83.494166		
37	0.302677	750	-1.587558	-85.081724		
38	0.290619	750	-1.695957	-86.777681		
39	0.278855	750	-1.469565	-88.247247		
40	0.267381	750	-1.534654	-89.7819		
41	0.256195	750	-1.498795	-91.280696		
42	0.245294	750	-1.54935	-92.830045		
43	0.234677	750	-1.494697	-94.324742		
44	0.22434	750	-1.465361	-95.790103		
45	0.214281	750	-1.386157	-97.17626		
46	0.204498	750	-1.407989	-98.584249		
47	0.194988	750	-1.336415	-99.920664		
48	0.185749	750	-1.265895	-101.18656		
49	0.176777	750	-1.297818	-102.484377		
50	0.16807	750	-1.162548	-103.646925		
51	0.159626	750	-1.234347	-104.881272		
52	0.151441	750	-1.142063	-106.023336		
53	0.143514	750	-1.116704	-107.14004		
54	0.135841	750	-1.074888	-108.214927		
55	0.12842	750	-1.0745	-109.289427		
56	0.121247	750	-1.027571	-110.316998		
57	0.11432	750	-1.026875	-111.343873		
58	0.107637	750	-0.981434	-112.325307		
59	0.101193	750	-0.945745	-113.271052		
60	0.094986	750	-0.914061	-114.185113		
61	0.089014	750	-0.887351	-115.072464		
62	0.083273	750	-0.866677	-115.939141		
63	0.07776	750	-0.84486	-116.784001		
64	0.072472	750	-0.796169	-117.58017		
65	0.067406	750	-0.778072	-118.358242		
66	0.062558	750	-0.750982	-119.109224		
67	0.057926	750	-0.748399	-119.857624		
68	0.053506	750	-0.680445	-120.538069		
69	0.049295	750	-0.674641	-121.21271		
70	0.045289	750	-0.621035	-121.833745		
71	0.041485	750	-0.625257	-122.459002		
72	0.03788	750	-0.576639	-123.035641		
73	0.034469	750	-0.546517	-123.582158		
74	0.03125	750	-0.518902	-124.10106		
75	0.028218	750	-0.501614	-124.602674		
76	0.02537	750	-0.470886	-125.07356		
77	0.022702	750	-0.464784	-125.538344		
78	0.020209	750	-0.421006	-125.95935		
79	0.017889	750	-0.392864	-126.352214		
80	0.015736	750	-0.363975	-126.716189		
81	0.013746	750	-0.334716	-127.050905		
82	0.011916	750	-0.309593	-127.360499		
83	0.01024	750	-0.306051	-127.66655		
84	0.008714	750	-0.266404	-127.932954		
85	0.007334	750	-0.254708	-128.187662		
86	0.006093	750	-0.223009	-128.41067		
87	0.004988	750	-0.197048	-128.607718		
88	0.004013	750	-0.186118	-128.793835		
89	0.003162	750	-0.158274	-128.952109		
90	0.00243	750	-0.13955	-129.091659		
91	0.00181	750	-0.137761	-129.22942		
92	0.001296	750	-0.089422	-129.318842		
93	0.000882	750	-0.085934	-129.404777		
94	0.000559	750	-0.062357	-129.467134		
95	0.00032	750	-0.04365	-129.510784		
96	0.000156	750	-0.034071	-129.544855		
97	0.000057	750	-0.019288	-129.564143		
98	0.00001	750	-0.009124	-129.573267		
99	0	750	-0.001858	-129.575125		
Log marginal likelihood:	-129.575125					
0	0.975187	750	-2.673552	-2.673552		
1	0.950747	750	-2.667482	-5.341034		
2	0.926679	750	-2.604842	-7.945876		
3	0.90298	750	-2.627799	-10.573675		
4	0.879648	750	-2.492272	-13.065947		
5	0.856682	750	-2.487993	-15.553939		
6	0.834079	750	-2.46786	-18.021799		
7	0.811838	750	-2.42909	-20.450889		
8	0.789957	750	-2.342954	-22.793843		
9	0.768433	750	-2.388079	-25.181922		
10	0.747266	750	-2.325815	-27.507737		
11	0.726452	750	-2.280325	-29.788062		
12	0.705989	750	-2.271605	-32.059667		
13	0.685877	750	-2.251973	-34.31164		
14	0.666112	750	-2.188175	-36.499815		
15	0.646693	750	-2.16372	-38.663535		
16	0.627618	750	-2.12021	-40.783745		
17	0.608884	750	-2.082363	-42.866109		
18	0.59049	750	-2.144961	-45.01107		
19	0.572433	750	-2.009238	-47.020308		
20	0.554712	750	-1.970122	-48.99043		
21	0.537324	750	-1.958911	-50.949341		
22	0.520268	750	-1.922625	-52.871966		
23	0.50354	750	-1.888654	-54.76062		
24	0.487139	750	-1.915509	-56.676128		
25	0.471063	750	-1.871429	-58.547557		
26	0.45531	750	-1.781122	-60.328679		
27	0.439877	750	-1.8027	-62.131379		
28	0.424762	750	-1.759313	-63.890693		
29	0.409963	750	-1.712082	-65.602774		
30	0.395478	750	-1.682024	-67.284799		
31	0.381305	750	-1.666766	-68.951565		
32	0.36744	750	-1.649723	-70.601288		
33	0.353883	750	-1.588027	-72.189315		
34	0.34063	750	-1.620081	-73.809396		
35	0.32768	750	-1.618718	-75.428114		
36	0.31503	750	-1.589089	-77.017203		
37	0.302677	750	-1.602673	-78.619877		
38	0.290619	750	-1.531788	-80.151665		
39	0.278855	750	-1.567565	-81.71923		
40	0.267381	750	-1.365647	-83.084877		
41	0.256195	750	-1.349026	-84.433902		
42	0.245294	750	-1.411056	-85.844959		
43	0.234677	750	-1.419787	-87.264746		
44	0.22434	750	-1.377842	-88.642588		
45	0.214281	750	-1.360101	-90.00269		
46	0.204498	750	-1.359522	-91.362212		
47	0.194988	750	-1.297961	-92.660173		
48	0.185749	750	-1.228505	-93.888678		
49	0.176777	750	-1.234253	-95.122931		
50	0.16807	750	-1.198642	-96.321573		
51	0.159626	750	-1.161411	-97.482985		
52	0.151441	750	-1.125432	-98.608416		
53	0.143514	750	-1.143117	-99.751534		
54	0.135841	750	-1.108027	-100.85956		
55	0.12842	750	-1.01918	-101.87874		
56	0.121247	750	-1.026918	-102.905658		
57	0.11432	750	-1.000678	-103.906337		
58	0.107637	750	-0.944821	-104.851158		
59	0.101193	750	-0.949957	-105.801115		
60	0.094986	750	-0.912855	-106.713969		
61	0.089014	750	-0.887928	-107.601897		
62	0.083273	750	-0.845822	-108.447719		
63	0.07776	750	-0.82621	-109.273929		
64	0.072472	750	-0.774951	-110.04888		
65	0.067406	750	-0.762237	-110.811118		
66	0.062558	750	-0.758574	-111.569692		
67	0.057926	750	-0.721856	-112.291548		
68	0.053506	750	-0.673548	-112.965096		
69	0.049295	750	-0.637439	-113.602535		
70	0.045289	750	-0.608167	-114.210703		
71	0.041485	750	-0.604155	-114.814857		
72	0.03788	750	-0.553863	-115.36872		
73	0.034469	750	-0.577876	-115.946597		
74	0.03125	750	-0.514812	-116.461409		
75	0.028218	750	-0.487732	-116.949141		
76	0.02537	750	-0.4563	-117.405441		
77	0.022702	750	-0.432227	-117.837668		
78	0.020209	750	-0.427713	-118.265381		
79	0.017889	750	-0.398997	-118.664379		
80	0.015736	750	-0.352576	-119.016955		
81	0.013746	750	-0.334002	-119.350957		
82	0.011916	750	-0.3116	-119.662557		
83	0.01024	750	-0.276758	-119.939315		
84	0.008714	750	-0.265496	-120.204811		
85	0.007334	750	-0.232969	-120.43778		
86	0.006093	750	-0.230857	-120.668637		
87	0.004988	750	-0.192682	-120.861318		
88	0.004013	750	-0.17729	-121.038608		
89	0.003162	750	-0.152963	-121.191571		
90	0.00243	750	-0.132051	-121.323622		
91	0.00181	750	-0.118299	-121.441921		
92	0.001296	750	-0.096221	-121.538142		
93	0.000882	750	-0.071941	-121.610083		
94	0.000559	750	-0.059746	-121.66983		
95	0.00032	750	-0.046512	-121.716341		
96	0.000156	750	-0.031967	-121.748308		
97	0.000057	750	-0.019286	-121.767595		
98	0.00001	750	-0.008307	-121.775902		
99	0	750	-0.001806	-121.777707		
Log marginal likelihood:	-121.777707					
0	0.975187	750	-2.847607	-2.847607		
1	0.950747	750	-2.788588	-5.636195		
2	0.926679	750	-2.771393	-8.407588		
3	0.90298	750	-2.725818	-11.133406		
4	0.879648	750	-2.650272	-13.783679		
5	0.856682	750	-2.65227	-16.435948		
6	0.834079	750	-2.60917	-19.045119		
7	0.811838	750	-2.582863	-21.627981		
8	0.789957	750	-2.543409	-24.17139		
9	0.768433	750	-2.515701	-26.687091		
10	0.747266	750	-2.494552	-29.181643		
11	0.726452	750	-2.481089	-31.662732		
12	0.705989	750	-2.408353	-34.071085		
13	0.685877	750	-2.342863	-36.413948		
14	0.666112	750	-2.305913	-38.719861		
15	0.646693	750	-2.29121	-41.011071		
16	0.627618	750	-2.269389	-43.28046		
17	0.608884	750	-2.254798	-45.535258		
18	0.59049	750	-2.158687	-47.693945		
19	0.572433	750	-2.12162	-49.815565		
20	0.554712	750	-2.161078	-51.976643		
21	0.537324	750	-2.04615	-54.022793		
22	0.520268	750	-2.100259	-56.123052		
23	0.50354	750	-2.008074	-58.131126		
24	0.487139	750	-1.939385	-60.070511		
25	0.471063	750	-1.976197	-62.046707		
26	0.45531	750	-1.87523	-63.921937		
27	0.439877	750	-1.919114	-65.841051		
28	0.424762	750	-1.826708	-67.667759		
29	0.409963	750	-1.855302	-69.523062		
30	0.395478	750	-1.774482	-71.297544		
31	0.381305	750	-1.741361	-73.038906		
32	0.36744	750	-1.757881	-74.796786		
33	0.353883	750	-1.724165	-76.520951		
34	0.34063	750	-1.733887	-78.254838		
35	0.32768	750	-1.706649	-79.961488		
36	0.31503	750	-1.708206	-81.669694		
37	0.302677	750	-1.630861	-83.300555		
38	0.290619	750	-1.648766	-84.949321		
39	0.278855	750	-1.639028	-86.588349		
40	0.267381	750	-1.495512	-88.083862		
41	0.256195	750	-1.547884	-89.631746		
42	0.245294	750	-1.422693	-91.054439		
43	0.234677	750	-1.414435	-92.468873		
44	0.22434	750	-1.411663	-93.880536		
45	0.214281	750	-1.343492	-95.224028		
46	0.204498	750	-1.31768	-96.541708		
47	0.194988	750	-1.331935	-97.873644		
48	0.185749	750	-1.319125	-99.192768		
49	0.176777	750	-1.225375	-100.418143		
50	0.16807	750	-1.230751	-101.648895		
51	0.159626	750	-1.19316	-102.842054		
52	0.151441	750	-1.162223	-104.004278		
53	0.143514	750	-1.128318	-105.132596		
54	0.135841	750	-1.09984	-106.232436		
55	0.12842	750	-1.075361	-107.307797		
56	0.121247	750	-1.02921	-108.337007		
57	0.11432	750	-1.0028	-109.339807		
58	0.107637	750	-0.960817	-110.300623		
59	0.101193	750	-0.942778	-111.243401		
60	0.094986	750	-0.919311	-112.162712		
61	0.089014	750	-0.87607	-113.038782		
62	0.083273	750	-0.853328	-113.89211		
63	0.07776	750	-0.843371	-114.73548		
64	0.072472	750	-0.773564	-115.509045		
65	0.067406	750	-0.767625	-116.27667		
66	0.062558	750	-0.733577	-117.010247		
67	0.057926	750	-0.742288	-117.752534		
68	0.053506	750	-0.66355	-118.416084		
69	0.049295	750	-0.656867	-119.072951		
70	0.045289	750	-0.607838	-119.680789		
71	0.041485	750	-0.591626	-120.272415		
72	0.03788	750	-0.606596	-120.879011		
73	0.034469	750	-0.534394	-121.413404		
74	0.03125	750	-0.519203	-121.932607		
75	0.028218	750	-0.480994	-122.413602		
76	0.02537	750	-0.492006	-122.905607		
77	0.022702	750	-0.455776	-123.361384		
78	0.020209	750	-0.428915	-123.790298		
79	0.017889	750	-0.383363	-124.173662		
80	0.015736	750	-0.370088	-124.543749		
81	0.013746	750	-0.360558	-124.904307		
82	0.011916	750	-0.321059	-125.225366		
83	0.01024	750	-0.300075	-125.525442		
84	0.008714	750	-0.256527	-125.781969		
85	0.007334	750	-0.24773	-126.029698		
86	0.006093	750	-0.224673	-126.254371		
87	0.004988	750	-0.204346	-126.458717		
88	0.004013	750	-0.181111	-126.639827		
89	0.003162	750	-0.15965	-126.799477		
90	0.00243	750	-0.13582	-126.935297		
91	0.00181	750	-0.11938	-127.054678		
92	0.001296	750	-0.095898	-127.150575		
93	0.000882	750	-0.083701	-127.234276		
94	0.000559	750	-0.057629	-127.291905		
95	0.00032	750	-0.043155	-127.33506		
96	0.000156	750	-0.03287	-127.36793		
97	0.000057	750	-0.018787	-127.386717		
98	0.00001	750	-0.008342	-127.395059		
99	0	750	-0.001911	-127.39697		
Log marginal likelihood:	-127.39697					
0	0.975187	750	-2.482022	-2.482022		
1	0.950747	750	-2.436597	-4.918619		
2	0.926679	750	-2.403237	-7.321857		
3	0.90298	750	-2.352837	-9.674694		
4	0.879648	750	-2.323514	-11.998208		
5	0.856682	750	-2.277358	-14.275565		
6	0.834079	750	-2.272351	-16.547916		
7	0.811838	750	-2.207189	-18.755105		
8	0.789957	750	-2.204723	-20.959828		
9	0.768433	750	-2.163557	-23.123385		
10	0.747266	750	-2.110778	-25.234163		
11	0.726452	750	-2.108126	-27.342289		
12	0.705989	750	-2.047914	-29.390203		
13	0.685877	750	-2.024314	-31.414517		
14	0.666112	750	-2.005667	-33.420184		
15	0.646693	750	-1.968133	-35.388317		
16	0.627618	750	-1.965928	-37.354245		
17	0.608884	750	-1.912288	-39.266532		
18	0.59049	750	-1.904071	-41.170603		
19	0.572433	750	-1.838244	-43.008847		
20	0.554712	750	-1.806229	-44.815076		
21	0.537324	750	-1.760204	-46.57528		
22	0.520268	750	-1.808928	-48.384208		
23	0.50354	750	-1.691036	-50.075244		
24	0.487139	750	-1.66163	-51.736874		
25	0.471063	750	-1.776984	-53.513858		
26	0.45531	750	-1.661686	-55.175544		
27	0.439877	750	-1.596924	-56.772468		
28	0.424762	750	-1.579573	-58.352041		
29	0.409963	750	-1.541903	-59.893944		
30	0.395478	750	-1.548739	-61.442683		
31	0.381305	750	-1.49447	-62.937153		
32	0.36744	750	-1.561921	-64.499074		
33	0.353883	750	-1.613197	-66.112271		
34	0.34063	750	-1.470357	-67.582629		
35	0.32768	750	-1.377644	-68.960273		
36	0.31503	750	-1.411271	-70.371544		
37	0.302677	750	-1.320337	-71.691881		
38	0.290619	750	-1.431761	-73.123642		
39	0.278855	750	-1.384058	-74.5077		
40	0.267381	750	-1.359277	-75.866977		
41	0.256195	750	-1.324357	-77.191334		
42	0.245294	750	-1.261267	-78.452601		
43	0.234677	750	-1.421396	-79.873997		
44	0.22434	750	-1.305148	-81.179146		
45	0.214281	750	-1.235245	-82.41439		
46	0.204498	750	-1.154717	-83.569107		
47	0.194988	750	-1.275973	-84.84508		
48	0.185749	750	-1.22112	-86.0662		
49	0.176777	750	-1.201266	-87.267467		
50	0.16807	750	-1.205443	-88.472909		
51	0.159626	750	-1.192772	-89.665682		
52	0.151441	750	-1.115764	-90.781446		
53	0.143514	750	-1.074039	-91.855485		
54	0.135841	750	-1.080648	-92.936133		
55	0.12842	750	-1.042829	-93.978962		
56	0.121247	750	-0.995804	-94.974766		
57	0.11432	750	-0.966863	-95.941629		
58	0.107637	750	-0.923438	-96.865067		
59	0.101193	750	-0.939088	-97.804155		
60	0.094986	750	-0.889609	-98.693765		
61	0.089014	750	-0.838797	-99.532561		
62	0.083273	750	-0.831928	-100.364489		
63	0.07776	750	-0.798843	-101.163332		
64	0.072472	750	-0.772705	-101.936037		
65	0.067406	750	-0.736049	-102.672086		
66	0.062558	750	-0.746676	-103.418762		
67	0.057926	750	-0.695981	-104.114743		
68	0.053506	750	-0.657241	-104.771983		
69	0.049295	750	-0.652669	-105.424653		
70	0.045289	750	-0.636677	-106.06133		
71	0.041485	750	-0.589202	-106.650532		
72	0.03788	750	-0.559624	-107.210156		
73	0.034469	750	-0.556739	-107.766895		
74	0.03125	750	-0.496828	-108.263723		
75	0.028218	750	-0.4747	-108.738423		
76	0.02537	750	-0.450736	-109.189158		
77	0.022702	750	-0.434697	-109.623856		
78	0.020209	750	-0.419215	-110.04307		
79	0.017889	750	-0.372408	-110.415478		
80	0.015736	750	-0.355046	-110.770525		
81	0.013746	750	-0.338061	-111.108586		
82	0.011916	750	-0.312267	-111.420852		
83	0.01024	750	-0.28397	-111.704822		
84	0.008714	750	-0.253234	-111.958056		
85	0.007334	750	-0.239399	-112.197455		
86	0.006093	750	-0.212997	-112.410452		
87	0.004988	750	-0.189957	-112.600409		
88	0.004013	750	-0.166181	-112.76659		
89	0.003162	750	-0.160287	-112.926877		
90	0.00243	750	-0.126708	-113.053585		
91	0.00181	750	-0.11069	-113.164276		
92	0.001296	750	-0.095208	-113.259483		
93	0.000882	750	-0.082036	-113.341519		
94	0.000559	750	-0.066511	-113.40803		
95	0.00032	750	-0.041954	-113.449984		
96	0.000156	750	-0.031152	-113.481136		
97	0.000057	750	-0.019651	-113.500787		
98	0.00001	750	-0.008263	-113.50905		
99	0	750	-0.001739	-113.510789		
Log marginal likelihood:	-113.510789					
0	0.975187	750	-2.766372	-2.766372		
1	0.950747	750	-2.728451	-5.494823		
2	0.926679	750	-2.641398	-8.136221		
3	0.90298	750	-2.652364	-10.788585		
4	0.879648	750	-2.561849	-13.350434		
5	0.856682	750	-2.617629	-15.968063		
6	0.834079	750	-2.531442	-18.499505		
7	0.811838	750	-2.503311	-21.002817		
8	0.789957	750	-2.451205	-23.454022		
9	0.768433	750	-2.42445	-25.878472		
10	0.747266	750	-2.397027	-28.275498		
11	0.726452	750	-2.325958	-30.601457		
12	0.705989	750	-2.4117	-33.013157		
13	0.685877	750	-2.291622	-35.304778		
14	0.666112	750	-2.214363	-37.519142		
15	0.646693	750	-2.191476	-39.710618		
16	0.627618	750	-2.242743	-41.95336		
17	0.608884	750	-2.112216	-44.065576		
18	0.59049	750	-2.126443	-46.192018		
19	0.572433	750	-2.134429	-48.326448		
20	0.554712	750	-2.019126	-50.345573		
21	0.537324	750	-2.003819	-52.349392		
22	0.520268	750	-2.010928	-54.360321		
23	0.50354	750	-1.926501	-56.286822		
24	0.487139	750	-1.850593	-58.137415		
25	0.471063	750	-1.917818	-60.055233		
26	0.45531	750	-1.86861	-61.923843		
27	0.439877	750	-1.910534	-63.834378		
28	0.424762	750	-1.814345	-65.648723		
29	0.409963	750	-1.954523	-67.603246		
30	0.395478	750	-1.686954	-69.2902		
31	0.381305	750	-1.68683	-70.97703		
32	0.36744	750	-1.667125	-72.644155		
33	0.353883	750	-1.676986	-74.321141		
34	0.34063	750	-1.617787	-75.938929		
35	0.32768	750	-1.617089	-77.556017		
36	0.31503	750	-1.587493	-79.143511		
37	0.302677	750	-1.569966	-80.713476		
38	0.290619	750	-1.671907	-82.385383		
39	0.278855	750	-1.51121	-83.896594		
40	0.267381	750	-1.612925	-85.509519		
41	0.256195	750	-1.611414	-87.120933		
42	0.245294	750	-1.475211	-88.596145		
43	0.234677	750	-1.426844	-90.022989		
44	0.22434	750	-1.500003	-91.522991		
45	0.214281	750	-1.437012	-92.960004		
46	0.204498	750	-1.301202	-94.261206		
47	0.194988	750	-1.397784	-95.65899		
48	0.185749	750	-1.341529	-97.000519		
49	0.176777	750	-1.292233	-98.292752		
50	0.16807	750	-1.224085	-99.516837		
51	0.159626	750	-1.229806	-100.746643		
52	0.151441	750	-1.233839	-101.980482		
53	0.143514	750	-1.115217	-103.095698		
54	0.135841	750	-1.109849	-104.205547		
55	0.12842	750	-1.086427	-105.291974		
56	0.121247	750	-1.063067	-106.355042		
57	0.11432	750	-1.025281	-107.380323		
58	0.107637	750	-1.006669	-108.386992		
59	0.101193	750	-0.976214	-109.363206		
60	0.094986	750	-0.941162	-110.304368		
61	0.089014	750	-0.913207	-111.217575		
62	0.083273	750	-0.869961	-112.087536		
63	0.07776	750	-0.860515	-112.948051		
64	0.072472	750	-0.809547	-113.757597		
65	0.067406	750	-0.774711	-114.532308		
66	0.062558	750	-0.761699	-115.294007		
67	0.057926	750	-0.744273	-116.038279		
68	0.053506	750	-0.712749	-116.751029		
69	0.049295	750	-0.677149	-117.428178		
70	0.045289	750	-0.63351	-118.061688		
71	0.041485	750	-0.604518	-118.666206		
72	0.03788	750	-0.591621	-119.257827		
73	0.034469	750	-0.552125	-119.809951		
74	0.03125	750	-0.525535	-120.335486		
75	0.028218	750	-0.495925	-120.831411		
76	0.02537	750	-0.474995	-121.306406		
77	0.022702	750	-0.461647	-121.768053		
78	0.020209	750	-0.410475	-122.178528		
79	0.017889	750	-0.379204	-122.557732		
80	0.015736	750	-0.3747	-122.932432		
81	0.013746	750	-0.35741	-123.289842		
82	0.011916	750	-0.31609	-123.605932		
83	0.01024	750	-0.293486	-123.899418		
84	0.008714	750	-0.274143	-124.173561		
85	0.007334	750	-0.245242	-124.418803		
86	0.006093	750	-0.228552	-124.647355		
87	0.004988	750	-0.194888	-124.842243		
88	0.004013	750	-0.196144	-125.038388		
89	0.003162	750	-0.158168	-125.196556		
90	0.00243	750	-0.128236	-125.324792		
91	0.00181	750	-0.118761	-125.443553		
92	0.001296	750	-0.092741	-125.536294		
93	0.000882	750	-0.077173	-125.613468		
94	0.000559	750	-0.059773	-125.673241		
95	0.00032	750	-0.044439	-125.71768		
96	0.000156	750	-0.029927	-125.747607		
97	0.000057	750	-0.01902	-125.766627		
98	0.00001	750	-0.009151	-125.775777		
99	0	750	-0.001939	-125.777716		
Log marginal likelihood:	-125.777716					
0	0.975187	750	-2.655443	-2.655443		
1	0.950747	750	-2.574431	-5.229874		
2	0.926679	750	-2.563294	-7.793169		
3	0.90298	750	-2.530033	-10.323202		
4	0.879648	750	-2.60609	-12.929292		
5	0.856682	750	-2.511373	-15.440666		
6	0.834079	750	-2.502087	-17.942752		
7	0.811838	750	-2.360688	-20.30344		
8	0.789957	750	-2.343546	-22.646986		
9	0.768433	750	-2.349143	-24.996129		
10	0.747266	750	-2.2881	-27.284229		
11	0.726452	750	-2.314633	-29.598863		
12	0.705989	750	-2.222902	-31.821764		
13	0.685877	750	-2.219924	-34.041688		
14	0.666112	750	-2.114478	-36.156166		
15	0.646693	750	-2.117552	-38.273719		
16	0.627618	750	-2.086506	-40.360225		
17	0.608884	750	-2.139066	-42.499291		
18	0.59049	750	-2.048791	-44.548082		
19	0.572433	750	-2.038268	-46.586349		
20	0.554712	750	-1.997624	-48.583973		
21	0.537324	750	-1.967946	-50.55192		
22	0.520268	750	-1.90197	-52.453889		
23	0.50354	750	-1.885875	-54.339765		
24	0.487139	750	-1.887241	-56.227006		
25	0.471063	750	-1.862623	-58.089629		
26	0.45531	750	-1.822147	-59.911776		
27	0.439877	750	-1.744128	-61.655904		
28	0.424762	750	-1.74513	-63.401034		
29	0.409963	750	-1.738384	-65.139418		
30	0.395478	750	-1.677558	-66.816976		
31	0.381305	750	-1.633224	-68.450201		
32	0.36744	750	-1.61158	-70.061781		
33	0.353883	750	-1.560021	-71.621802		
34	0.34063	750	-1.556951	-73.178753		
35	0.32768	750	-1.617115	-74.795868		
36	0.31503	750	-1.666492	-76.46236		
37	0.302677	750	-1.51209	-77.97445		
38	0.290619	750	-1.519462	-79.493912		
39	0.278855	750	-1.519922	-81.013834		
40	0.267381	750	-1.533084	-82.546918		
41	0.256195	750	-1.54855	-84.095467		
42	0.245294	750	-1.373091	-85.468559		
43	0.234677	750	-1.491293	-86.959852		
44	0.22434	750	-1.376396	-88.336248		
45	0.214281	750	-1.288178	-89.624426		
46	0.204498	750	-1.294786	-90.919212		
47	0.194988	750	-1.338445	-92.257656		
48	0.185749	750	-1.192852	-93.450508		
49	0.176777	750	-1.257717	-94.708225		
50	0.16807	750	-1.192031	-95.900256		
51	0.159626	750	-1.165462	-97.065718		
52	0.151441	750	-1.192607	-98.258325		
53	0.143514	750	-1.142314	-99.400639		
54	0.135841	750	-1.092229	-100.492869		
55	0.12842	750	-1.03491	-101.527779		
56	0.121247	750	-1.037124	-102.564903		
57	0.11432	750	-0.994996	-103.559899		
58	0.107637	750	-0.971984	-104.531884		
59	0.101193	750	-0.943494	-105.475378		
60	0.094986	750	-0.903337	-106.378715		
61	0.089014	750	-0.870666	-107.249381		
62	0.083273	750	-0.842186	-108.091567		
63	0.07776	750	-0.798903	-108.890469		
64	0.072472	750	-0.811267	-109.701737		
65	0.067406	750	-0.76937	-110.471106		
66	0.062558	750	-0.73787	-111.208977		
67	0.057926	750	-0.702189	-111.911165		
68	0.053506	750	-0.681618	-112.592783		
69	0.049295	750	-0.655025	-113.247808		
70	0.045289	750	-0.631919	-113.879727		
71	0.041485	750	-0.58673	-114.466458		
72	0.03788	750	-0.546954	-115.013412		
73	0.034469	750	-0.538679	-115.552091		
74	0.03125	750	-0.518818	-116.070909		
75	0.028218	750	-0.49359	-116.564499		
76	0.02537	750	-0.451851	-117.01635		
77	0.022702	750	-0.445512	-117.461862		
78	0.020209	750	-0.407218	-117.86908		
79	0.017889	750	-0.398922	-118.268002		
80	0.015736	750	-0.367702	-118.635704		
81	0.013746	750	-0.351079	-118.986783		
82	0.011916	750	-0.315508	-119.30229		
83	0.01024	750	-0.298906	-119.601196		
84	0.008714	750	-0.266902	-119.868098		
85	0.007334	750	-0.232005	-120.100103		
86	0.006093	750	-0.218361	-120.318464		
87	0.004988	750	-0.191403	-120.509867		
88	0.004013	750	-0.180205	-120.690072		
89	0.003162	750	-0.166891	-120.856963		
90	0.00243	750	-0.132919	-120.989882		
91	0.00181	750	-0.113546	-121.103428		
92	0.001296	750	-0.095432	-121.19886		
93	0.000882	750	-0.074793	-121.273653		
94	0.000559	750	-0.060106	-121.33376		
95	0.00032	750	-0.048007	-121.381766		
96	0.000156	750	-0.03146	-121.413226		
97	0.000057	750	-0.019747	-121.432973		
98	0.00001	750	-0.009506	-121.442479		
99	0	750	-0.001755	-121.444234		
Log marginal likelihood:	-121.444234					
0	0.975187	750	-2.708338	-2.708338		
1	0.950747	750	-2.62143	-5.329769		
2	0.926679	750	-2.607927	-7.937695		
3	0.90298	750	-2.586155	-10.52385		
4	0.879648	750	-2.555716	-13.079566		
5	0.856682	750	-2.524243	-15.603809		
6	0.834079	750	-2.519741	-18.12355		
7	0.811838	750	-2.425088	-20.548638		
8	0.789957	750	-2.471446	-23.020084		
9	0.768433	750	-2.364689	-25.384773		
10	0.747266	750	-2.349762	-27.734536		
11	0.726452	750	-2.319094	-30.05363		
12	0.705989	750	-2.29263	-32.34626		
13	0.685877	750	-2.191323	-34.537583		
14	0.666112	750	-2.205899	-36.743483		
15	0.646693	750	-2.164183	-38.907666		
16	0.627618	750	-2.155617	-41.063283		
17	0.608884	750	-2.109783	-43.173066		
18	0.59049	750	-2.057134	-45.2302		
19	0.572433	750	-2.073228	-47.303429		
20	0.554712	750	-2.033644	-49.337073		
21	0.537324	750	-1.993412	-51.330485		
22	0.520268	750	-1.937802	-53.268288		
23	0.50354	750	-1.917215	-55.185503		
24	0.487139	750	-1.845575	-57.031077		
25	0.471063	750	-1.859523	-58.890601		
26	0.45531	750	-1.895968	-60.786569		
27	0.439877	750	-1.869708	-62.656277		
28	0.424762	750	-1.842383	-64.49866		
29	0.409963	750	-1.785095	-66.283755		
30	0.395478	750	-1.765387	-68.049141		
31	0.381305	750	-1.79255	-69.841691		
32	0.36744	750	-1.704351	-71.546043		
33	0.353883	750	-1.688335	-73.234378		
34	0.34063	750	-1.768816	-75.003194		
35	0.32768	750	-1.590519	-76.593713		
36	0.31503	750	-1.58477	-78.178483		
37	0.302677	750	-1.546754	-79.725237		
38	0.290619	750	-1.491674	-81.21691		
39	0.278855	750	-1.561727	-82.778638		
40	0.267381	750	-1.524285	-84.302922		
41	0.256195	750	-1.427728	-85.73065		
42	0.245294	750	-1.472126	-87.202775		
43	0.234677	750	-1.4086	-88.611375		
44	0.22434	750	-1.422901	-90.034276		
45	0.214281	750	-1.356881	-91.391157		
46	0.204498	750	-1.332815	-92.723972		
47	0.194988	750	-1.289476	-94.013448		
48	0.185749	750	-1.261287	-95.274736		
49	0.176777	750	-1.233054	-96.50779		
50	0.16807	750	-1.154626	-97.662416		
51	0.159626	750	-1.126076	-98.788492		
52	0.151441	750	-1.143877	-99.932368		
53	0.143514	750	-1.120341	-101.05271		
54	0.135841	750	-1.064348	-102.117058		
55	0.12842	750	-1.051517	-103.168574		
56	0.121247	750	-1.010768	-104.179343		
57	0.11432	750	-0.990538	-105.169881		
58	0.107637	750	-0.922284	-106.092165		
59	0.101193	750	-0.929512	-107.021677		
60	0.094986	750	-0.894942	-107.916619		
61	0.089014	750	-0.865313	-108.781932		
62	0.083273	750	-0.836877	-109.618809		
63	0.07776	750	-0.8039	-110.42271		
64	0.072472	750	-0.789119	-111.211829		
65	0.067406	750	-0.754296	-111.966125		
66	0.062558	750	-0.728046	-112.694171		
67	0.057926	750	-0.707764	-113.401935		
68	0.053506	750	-0.654963	-114.056898		
69	0.049295	750	-0.631447	-114.688345		
70	0.045289	750	-0.616101	-115.304446		
71	0.041485	750	-0.607525	-115.911971		
72	0.03788	750	-0.552774	-116.464745		
73	0.034469	750	-0.551179	-117.015924		
74	0.03125	750	-0.506789	-117.522713		
75	0.028218	750	-0.497584	-118.020297		
76	0.02537	750	-0.481532	-118.50183		
77	0.022702	750	-0.42407	-118.925899		
78	0.020209	750	-0.406333	-119.332232		
79	0.017889	750	-0.380876	-119.713108		
80	0.015736	750	-0.36294	-120.076048		
81	0.013746	750	-0.331555	-120.407603		
82	0.011916	750	-0.318791	-120.726394		
83	0.01024	750	-0.286862	-121.013256		
84	0.008714	750	-0.277764	-121.291021		
85	0.007334	750	-0.234902	-121.525923		
86	0.006093	750	-0.20299	-121.728914		
87	0.004988	750	-0.194093	-121.923007		
88	0.004013	750	-0.171483	-122.09449		
89	0.003162	750	-0.164796	-122.259286		
90	0.00243	750	-0.129586	-122.388872		
91	0.00181	750	-0.113905	-122.502777		
92	0.001296	750	-0.094868	-122.597645		
93	0.000882	750	-0.076156	-122.673801		
94	0.000559	750	-0.061354	-122.735155		
95	0.00032	750	-0.043062	-122.778217		
96	0.000156	750	-0.034059	-122.812276		
97	0.000057	750	-0.019365	-122.831642		
98	0.00001	750	-0.008278	-122.839919		
99	0	750	-0.001826	-122.841745		
Log marginal likelihood:	-122.841745					
0	0.975187	750	-2.814887	-2.814887		
1	0.950747	750	-2.776442	-5.591329		
2	0.926679	750	-2.751576	-8.342906		
3	0.90298	750	-2.728755	-11.071661		
4	0.879648	750	-2.696959	-13.76862		
5	0.856682	750	-2.647036	-16.415656		
6	0.834079	750	-2.596763	-19.012419		
7	0.811838	750	-2.570995	-21.583415		
8	0.789957	750	-2.532404	-24.115818		
9	0.768433	750	-2.467818	-26.583637		
10	0.747266	750	-2.423422	-29.007059		
11	0.726452	750	-2.411451	-31.41851		
12	0.705989	750	-2.357393	-33.775902		
13	0.685877	750	-2.317157	-36.093059		
14	0.666112	750	-2.276344	-38.369403		
15	0.646693	750	-2.268796	-40.638199		
16	0.627618	750	-2.242798	-42.880997		
17	0.608884	750	-2.222208	-45.103206		
18	0.59049	750	-2.144039	-47.247244		
19	0.572433	750	-2.177458	-49.424702		
20	0.554712	750	-2.071609	-51.496311		
21	0.537324	750	-2.046384	-53.542695		
22	0.520268	750	-1.978752	-55.521447		
23	0.50354	750	-1.932532	-57.453979		
24	0.487139	750	-1.957804	-59.411783		
25	0.471063	750	-1.883827	-61.29561		
26	0.45531	750	-1.867903	-63.163513		
27	0.439877	750	-1.849554	-65.013067		
28	0.424762	750	-1.839877	-66.852943		
29	0.409963	750	-1.792784	-68.645727		
30	0.395478	750	-1.930121	-70.575847		
31	0.381305	750	-1.728424	-72.304271		
32	0.36744	750	-1.754483	-74.058754		
33	0.353883	750	-1.731991	-75.790745		
34	0.34063	750	-1.717193	-77.507938		
35	0.32768	750	-1.808773	-79.316712		
36	0.31503	750	-1.727887	-81.044598		
37	0.302677	750	-1.621044	-82.665643		
38	0.290619	750	-1.524771	-84.190414		
39	0.278855	750	-1.600426	-85.790839		
40	0.267381	750	-1.478947	-87.269786		
41	0.256195	750	-1.506035	-88.775821		
42	0.245294	750	-1.553554	-90.329375		
43	0.234677	750	-1.51773	-91.847106		
44	0.22434	750	-1.42115	-93.268256		
45	0.214281	750	-1.370345	-94.638601		
46	0.204498	750	-1.392298	-96.030899		
47	0.194988	750	-1.386221	-97.417121		
48	0.185749	750	-1.314088	-98.731208		
49	0.176777	750	-1.271392	-100.0026		
50	0.16807	750	-1.270261	-101.272861		
51	0.159626	750	-1.201287	-102.474148		
52	0.151441	750	-1.202858	-103.677005		
53	0.143514	750	-1.100898	-104.777904		
54	0.135841	750	-1.109659	-105.887563		
55	0.12842	750	-1.03755	-106.925113		
56	0.121247	750	-1.021574	-107.946687		
57	0.11432	750	-1.013972	-108.960659		
58	0.107637	750	-1.052011	-110.01267		
59	0.101193	750	-0.958822	-110.971492		
60	0.094986	750	-0.940404	-111.911896		
61	0.089014	750	-0.902013	-112.813908		
62	0.083273	750	-0.866785	-113.680694		
63	0.07776	750	-0.839141	-114.519834		
64	0.072472	750	-0.799574	-115.319408		
65	0.067406	750	-0.790149	-116.109557		
66	0.062558	750	-0.748802	-116.858359		
67	0.057926	750	-0.729696	-117.588055		
68	0.053506	750	-0.678529	-118.266584		
69	0.049295	750	-0.658807	-118.925392		
70	0.045289	750	-0.635122	-119.560514		
71	0.041485	750	-0.626718	-120.187232		
72	0.03788	750	-0.601615	-120.788847		
73	0.034469	750	-0.546582	-121.335429		
74	0.03125	750	-0.538783	-121.874212		
75	0.028218	750	-0.521319	-122.395531		
76	0.02537	750	-0.461527	-122.857058		
77	0.022702	750	-0.444482	-123.30154		
78	0.020209	750	-0.426218	-123.727758		
79	0.017889	750	-0.385442	-124.1132		
80	0.015736	750	-0.365719	-124.478919		
81	0.013746	750	-0.344188	-124.823108		
82	0.011916	750	-0.316898	-125.140006		
83	0.01024	750	-0.294956	-125.434962		
84	0.008714	750	-0.266639	-125.701601		
85	0.007334	750	-0.252806	-125.954407		
86	0.006093	750	-0.223984	-126.178391		
87	0.004988	750	-0.209666	-126.388057		
88	0.004013	750	-0.178943	-126.567		
89	0.003162	750	-0.160181	-126.727181		
90	0.00243	750	-0.131852	-126.859033		
91	0.00181	750	-0.108508	-126.967541		
92	0.001296	750	-0.109603	-127.077144		
93	0.000882	750	-0.074629	-127.151773		
94	0.000559	750	-0.061339	-127.213112		
95	0.00032	750	-0.046635	-127.259747		
96	0.000156	750	-0.032182	-127.291929		
97	0.000057	750	-0.020025	-127.311954		
98	0.00001	750	-0.008676	-127.32063		
99	0	750	-0.00203	-127.322659		
Log marginal likelihood:	-127.322659					
0	0.975187	750	-2.686936	-2.686936		
1	0.950747	750	-2.576218	-5.263153		
2	0.926679	750	-2.584091	-7.847245		
3	0.90298	750	-2.542814	-10.390058		
4	0.879648	750	-2.508006	-12.898064		
5	0.856682	750	-2.477118	-15.375182		
6	0.834079	750	-2.497464	-17.872646		
7	0.811838	750	-2.404795	-20.277442		
8	0.789957	750	-2.392803	-22.670245		
9	0.768433	750	-2.324198	-24.994443		
10	0.747266	750	-2.343227	-27.337671		
11	0.726452	750	-2.259996	-29.597667		
12	0.705989	750	-2.204631	-31.802298		
13	0.685877	750	-2.200352	-34.00265		
14	0.666112	750	-2.171197	-36.173847		
15	0.646693	750	-2.117409	-38.291256		
16	0.627618	750	-2.078865	-40.370121		
17	0.608884	750	-2.041211	-42.411331		
18	0.59049	750	-2.011241	-44.422573		
19	0.572433	750	-2.022953	-46.445526		
20	0.554712	750	-2.004456	-48.449981		
21	0.537324	750	-1.93385	-50.383831		
22	0.520268	750	-1.939041	-52.322872		
23	0.50354	750	-1.943248	-54.26612		
24	0.487139	750	-1.797193	-56.063314		
25	0.471063	750	-1.852277	-57.915591		
26	0.45531	750	-1.758791	-59.674382		
27	0.439877	750	-1.759624	-61.434006		
28	0.424762	750	-1.74435	-63.178355		
29	0.409963	750	-1.663446	-64.841802		
30	0.395478	750	-1.778552	-66.620354		
31	0.381305	750	-1.62215	-68.242504		
32	0.36744	750	-1.625232	-69.867735		
33	0.353883	750	-1.539424	-71.40716		
34	0.34063	750	-1.626084	-73.033244		
35	0.32768	750	-1.475006	-74.508249		
36	0.31503	750	-1.473624	-75.981873		
37	0.302677	750	-1.455322	-77.437196		
38	0.290619	750	-1.505275	-78.94247		
39	0.278855	750	-1.431245	-80.373716		
40	0.267381	750	-1.453302	-81.827018		
41	0.256195	750	-1.392684	-83.219702		
42	0.245294	750	-1.435935	-84.655637		
43	0.234677	750	-1.461046	-86.116683		
44	0.22434	750	-1.273784	-87.390466		
45	0.214281	750	-1.32237	-88.712837		
46	0.204498	750	-1.2245	-89.937337		
47	0.194988	750	-1.257876	-91.195213		
48	0.185749	750	-1.251347	-92.446559		
49	0.176777	750	-1.141089	-93.587648		
50	0.16807	750	-1.129812	-94.717461		
51	0.159626	750	-1.105003	-95.822464		
52	0.151441	750	-1.133234	-96.955698		
53	0.143514	750	-1.093605	-98.049303		
54	0.135841	750	-1.077369	-99.126672		
55	0.12842	750	-0.998714	-100.125385		
56	0.121247	750	-1.023847	-101.149232		
57	0.11432	750	-1.009566	-102.158798		
58	0.107637	750	-0.918797	-103.077595		
59	0.101193	750	-0.924605	-104.0022		
60	0.094986	750	-0.896615	-104.898816		
61	0.089014	750	-0.899364	-105.798179		
62	0.083273	750	-0.817175	-106.615354		
63	0.07776	750	-0.841832	-107.457186		
64	0.072472	750	-0.769145	-108.226331		
65	0.067406	750	-0.771864	-108.998195		
66	0.062558	750	-0.727814	-109.726009		
67	0.057926	750	-0.70296	-110.42897		
68	0.053506	750	-0.649407	-111.078377		
69	0.049295	750	-0.62896	-111.707337		
70	0.045289	750	-0.610436	-112.317773		
71	0.041485	750	-0.610569	-112.928342		
72	0.03788	750	-0.55806	-113.486402		
73	0.034469	750	-0.563813	-114.050215		
74	0.03125	750	-0.512428	-114.562643		
75	0.028218	750	-0.49305	-115.055693		
76	0.02537	750	-0.479152	-115.534844		
77	0.022702	750	-0.418869	-115.953714		
78	0.020209	750	-0.406028	-116.359742		
79	0.017889	750	-0.400846	-116.760589		
80	0.015736	750	-0.35885	-117.119438		
81	0.013746	750	-0.33577	-117.455208		
82	0.011916	750	-0.326467	-117.781675		
83	0.01024	750	-0.300953	-118.082628		
84	0.008714	750	-0.267119	-118.349746		
85	0.007334	750	-0.245627	-118.595374		
86	0.006093	750	-0.246607	-118.841981		
87	0.004988	750	-0.209542	-119.051523		
88	0.004013	750	-0.179457	-119.23098		
89	0.003162	750	-0.163443	-119.394423		
90	0.00243	750	-0.135627	-119.53005		
91	0.00181	750	-0.117428	-119.647478		
92	0.001296	750	-0.091937	-119.739414		
93	0.000882	750	-0.079504	-119.818919		
94	0.000559	750	-0.05766	-119.876578		
95	0.00032	750	-0.044672	-119.92125		
96	0.000156	750	-0.031281	-119.952531		
97	0.000057	750	-0.020153	-119.972684		
98	0.00001	750	-0.009773	-119.982457		
99	0	750	-0.001737	-119.984194		
Log marginal likelihood:	-119.984194					
0	0.975187	750	-2.701903	-2.701903		
1	0.950747	750	-2.611304	-5.313208		
2	0.926679	750	-2.579445	-7.892652		
3	0.90298	750	-2.570798	-10.463451		
4	0.879648	750	-2.581329	-13.04478		
5	0.856682	750	-2.554617	-15.599397		
6	0.834079	750	-2.433037	-18.032434		
7	0.811838	750	-2.384547	-20.416981		
8	0.789957	750	-2.382848	-22.799829		
9	0.768433	750	-2.350872	-25.150701		
10	0.747266	750	-2.409127	-27.559827		
11	0.726452	750	-2.313412	-29.87324		
12	0.705989	750	-2.273363	-32.146603		
13	0.685877	750	-2.25701	-34.403613		
14	0.666112	750	-2.266966	-36.670579		
15	0.646693	750	-2.152393	-38.822972		
16	0.627618	750	-2.100692	-40.923664		
17	0.608884	750	-2.197874	-43.121538		
18	0.59049	750	-2.11733	-45.238868		
19	0.572433	750	-2.028614	-47.267483		
20	0.554712	750	-2.037761	-49.305244		
21	0.537324	750	-2.078167	-51.383411		
22	0.520268	750	-1.894295	-53.277706		
23	0.50354	750	-1.877473	-55.155179		
24	0.487139	750	-1.950265	-57.105443		
25	0.471063	750	-1.846843	-58.952286		
26	0.45531	750	-1.847047	-60.799334		
27	0.439877	750	-1.729758	-62.529092		
28	0.424762	750	-1.739547	-64.268639		
29	0.409963	750	-1.776911	-66.04555		
30	0.395478	750	-1.964202	-68.009752		
31	0.381305	750	-1.667319	-69.677071		
32	0.36744	750	-1.656209	-71.33328		
33	0.353883	750	-1.723472	-73.056752		
34	0.34063	750	-1.570872	-74.627624		
35	0.32768	750	-1.646101	-76.273725		
36	0.31503	750	-1.625322	-77.899046		
37	0.302677	750	-1.714256	-79.613303		
38	0.290619	750	-1.64424	-81.257543		
39	0.278855	750	-1.469207	-82.72675		
40	0.267381	750	-1.414949	-84.1417		
41	0.256195	750	-1.556273	-85.697973		
42	0.245294	750	-1.39914	-87.097113		
43	0.234677	750	-1.446546	-88.543659		
44	0.22434	750	-1.392318	-89.935977		
45	0.214281	750	-1.373987	-91.309963		
46	0.204498	750	-1.234936	-92.5449		
47	0.194988	750	-1.356738	-93.901638		
48	0.185749	750	-1.222632	-95.12427		
49	0.176777	750	-1.276406	-96.400676		
50	0.16807	750	-1.257518	-97.658194		
51	0.159626	750	-1.211014	-98.869209		
52	0.151441	750	-1.166463	-100.035672		
53	0.143514	750	-1.112484	-101.148156		
54	0.135841	750	-1.103595	-102.25175		
55	0.12842	750	-1.10041	-103.35216		
56	0.121247	750	-1.03148	-104.38364		
57	0.11432	750	-1.003481	-105.387121		
58	0.107637	750	-1.009883	-106.397004		
59	0.101193	750	-0.943415	-107.340419		
60	0.094986	750	-0.920365	-108.260784		
61	0.089014	750	-0.900353	-109.161137		
62	0.083273	750	-0.855684	-110.016821		
63	0.07776	750	-0.853219	-110.87004		
64	0.072472	750	-0.811783	-111.681824		
65	0.067406	750	-0.76946	-112.451284		
66	0.062558	750	-0.747139	-113.198422		
67	0.057926	750	-0.717322	-113.915744		
68	0.053506	750	-0.671787	-114.587531		
69	0.049295	750	-0.666842	-115.254373		
70	0.045289	750	-0.631604	-115.885977		
71	0.041485	750	-0.604143	-116.49012		
72	0.03788	750	-0.583814	-117.073934		
73	0.034469	750	-0.532489	-117.606423		
74	0.03125	750	-0.534655	-118.141079		
75	0.028218	750	-0.482425	-118.623504		
76	0.02537	750	-0.466772	-119.090276		
77	0.022702	750	-0.437952	-119.528228		
78	0.020209	750	-0.407171	-119.935399		
79	0.017889	750	-0.385833	-120.321231		
80	0.015736	750	-0.371474	-120.692705		
81	0.013746	750	-0.344496	-121.037201		
82	0.011916	750	-0.315084	-121.352285		
83	0.01024	750	-0.295494	-121.647778		
84	0.008714	750	-0.275315	-121.923094		
85	0.007334	750	-0.260263	-122.183356		
86	0.006093	750	-0.229747	-122.413103		
87	0.004988	750	-0.204604	-122.617707		
88	0.004013	750	-0.189016	-122.806723		
89	0.003162	750	-0.159199	-122.965922		
90	0.00243	750	-0.146611	-123.112533		
91	0.00181	750	-0.116726	-123.229259		
92	0.001296	750	-0.095062	-123.324321		
93	0.000882	750	-0.082415	-123.406736		
94	0.000559	750	-0.066017	-123.472754		
95	0.00032	750	-0.048378	-123.521132		
96	0.000156	750	-0.033013	-123.554144		
97	0.000057	750	-0.019641	-123.573785		
98	0.00001	750	-0.009387	-123.583172		
99	0	750	-0.001829	-123.585001		
Log marginal likelihood:	-123.585001					
0	0.975187	750	-2.501131	-2.501131		
1	0.950747	750	-2.486988	-4.988119		
2	0.926679	750	-2.438514	-7.426633		
3	0.90298	750	-2.39428	-9.820913		
4	0.879648	750	-2.37615	-12.197063		
5	0.856682	750	-2.340639	-14.537702		
6	0.834079	750	-2.278531	-16.816233		
7	0.811838	750	-2.24657	-19.062804		
8	0.789957	750	-2.213791	-21.276594		
9	0.768433	750	-2.185608	-23.462202		
10	0.747266	750	-2.169563	-25.631764		
11	0.726452	750	-2.15965	-27.791414		
12	0.705989	750	-2.106369	-29.897783		
13	0.685877	750	-2.066027	-31.96381		
14	0.666112	750	-2.045584	-34.009394		
15	0.646693	750	-2.010702	-36.020096		
16	0.627618	750	-1.975791	-37.995886		
17	0.608884	750	-1.935982	-39.931869		
18	0.59049	750	-1.911831	-41.8437		
19	0.572433	750	-1.88832	-43.73202		
20	0.554712	750	-1.818542	-45.550562		
21	0.537324	750	-1.865417	-47.415979		
22	0.520268	750	-1.821515	-49.237493		
23	0.50354	750	-1.76527	-51.002763		
24	0.487139	750	-1.720077	-52.722841		
25	0.471063	750	-1.690935	-54.413775		
26	0.45531	750	-1.666101	-56.079876		
27	0.439877	750	-1.633026	-57.712902		
28	0.424762	750	-1.585276	-59.298178		
29	0.409963	750	-1.609078	-60.907256		
30	0.395478	750	-1.571616	-62.478872		
31	0.381305	750	-1.522329	-64.001201		
32	0.36744	750	-1.508303	-65.509504		
33	0.353883	750	-1.466386	-66.97589		
34	0.34063	750	-1.454467	-68.430356		
35	0.32768	750	-1.411371	-69.841727		
36	0.31503	750	-1.442144	-71.283872		
37	0.302677	750	-1.490779	-72.774651		
38	0.290619	750	-1.347121	-74.121771		
39	0.278855	750	-1.35349	-75.475261		
40	0.267381	750	-1.294541	-76.769803		
41	0.256195	750	-1.28847	-78.058272		
42	0.245294	750	-1.247254	-79.305526		
43	0.234677	750	-1.351275	-80.656801		
44	0.22434	750	-1.249203	-81.906004		
45	0.214281	750	-1.183083	-83.089087		
46	0.204498	750	-1.261497	-84.350583		
47	0.194988	750	-1.296871	-85.647454		
48	0.185749	750	-1.167496	-86.81495		
49	0.176777	750	-1.184328	-87.999278		
50	0.16807	750	-1.145966	-89.145243		
51	0.159626	750	-1.09495	-90.240193		
52	0.151441	750	-1.115952	-91.356145		
53	0.143514	750	-1.050657	-92.406802		
54	0.135841	750	-0.999106	-93.405908		
55	0.12842	750	-1.023299	-94.429206		
56	0.121247	750	-0.982747	-95.411953		
57	0.11432	750	-0.926601	-96.338555		
58	0.107637	750	-0.936894	-97.275448		
59	0.101193	750	-0.917917	-98.193365		
60	0.094986	750	-0.897408	-99.090773		
61	0.089014	750	-0.88741	-99.978183		
62	0.083273	750	-0.858616	-100.836799		
63	0.07776	750	-0.776432	-101.613231		
64	0.072472	750	-0.780126	-102.393357		
65	0.067406	750	-0.741821	-103.135178		
66	0.062558	750	-0.712774	-103.847951		
67	0.057926	750	-0.697938	-104.545889		
68	0.053506	750	-0.686654	-105.232543		
69	0.049295	750	-0.625074	-105.857617		
70	0.045289	750	-0.621845	-106.479462		
71	0.041485	750	-0.575515	-107.054977		
72	0.03788	750	-0.558608	-107.613586		
73	0.034469	750	-0.539674	-108.15326		
74	0.03125	750	-0.490722	-108.643982		
75	0.028218	750	-0.469702	-109.113684		
76	0.02537	750	-0.47283	-109.586515		
77	0.022702	750	-0.428524	-110.015039		
78	0.020209	750	-0.43165	-110.446689		
79	0.017889	750	-0.377979	-110.824667		
80	0.015736	750	-0.361535	-111.186203		
81	0.013746	750	-0.332716	-111.518919		
82	0.011916	750	-0.316324	-111.835244		
83	0.01024	750	-0.283934	-112.119177		
84	0.008714	750	-0.256287	-112.375465		
85	0.007334	750	-0.228648	-112.604113		
86	0.006093	750	-0.214589	-112.818701		
87	0.004988	750	-0.199751	-113.018452		
88	0.004013	750	-0.166787	-113.185239		
89	0.003162	750	-0.16079	-113.346029		
90	0.00243	750	-0.130348	-113.476377		
91	0.00181	750	-0.110806	-113.587183		
92	0.001296	750	-0.087446	-113.674629		
93	0.000882	750	-0.074496	-113.749124		
94	0.000559	750	-0.060762	-113.809887		
95	0.00032	750	-0.044195	-113.854082		
96	0.000156	750	-0.030498	-113.884581		
97	0.000057	750	-0.018219	-113.902799		
98	0.00001	750	-0.008311	-113.91111		
99	0	750	-0.001799	-113.912909		
Log marginal likelihood:	-113.912909					
0	0.975187	750	-2.931737	-2.931737		
1	0.950747	750	-2.877983	-5.80972		
2	0.926679	750	-2.848886	-8.658606		
3	0.90298	750	-2.781773	-11.440378		
4	0.879648	750	-2.759577	-14.199956		
5	0.856682	750	-2.730296	-16.930251		
6	0.834079	750	-2.691672	-19.621923		
7	0.811838	750	-2.679862	-22.301785		
8	0.789957	750	-2.575158	-24.876943		
9	0.768433	750	-2.524343	-27.401286		
10	0.747266	750	-2.507328	-29.908614		
11	0.726452	750	-2.46516	-32.373773		
12	0.705989	750	-2.472232	-34.846006		
13	0.685877	750	-2.388649	-37.234655		
14	0.666112	750	-2.353143	-39.587798		
15	0.646693	750	-2.320212	-41.90801		
16	0.627618	750	-2.289451	-44.197461		
17	0.608884	750	-2.277023	-46.474484		
18	0.59049	750	-2.257147	-48.731631		
19	0.572433	750	-2.158806	-50.890437		
20	0.554712	750	-2.161213	-53.051649		
21	0.537324	750	-2.117245	-55.168895		
22	0.520268	750	-2.053623	-57.222518		
23	0.50354	750	-2.116472	-59.33899		
24	0.487139	750	-2.078514	-61.417504		
25	0.471063	750	-2.039213	-63.456717		
26	0.45531	750	-1.899756	-65.356473		
27	0.439877	750	-1.903872	-67.260345		
28	0.424762	750	-1.950018	-69.210364		
29	0.409963	750	-1.851632	-71.061996		
30	0.395478	750	-1.824296	-72.886292		
31	0.381305	750	-1.787361	-74.673653		
32	0.36744	750	-1.821087	-76.49474		
33	0.353883	750	-1.754476	-78.249216		
34	0.34063	750	-1.713354	-79.96257		
35	0.32768	750	-1.686488	-81.649059		
36	0.31503	750	-1.739792	-83.388851		
37	0.302677	750	-1.735217	-85.124067		
38	0.290619	750	-1.640934	-86.765001		
39	0.278855	750	-1.593665	-88.358666		
40	0.267381	750	-1.541577	-89.900242		
41	0.256195	750	-1.579433	-91.479676		
42	0.245294	750	-1.556705	-93.03638		
43	0.234677	750	-1.504815	-94.541195		
44	0.22434	750	-1.426346	-95.967541		
45	0.214281	750	-1.45095	-97.418491		
46	0.204498	750	-1.393153	-98.811644		
47	0.194988	750	-1.357208	-100.168852		
48	0.185749	750	-1.321831	-101.490682		
49	0.176777	750	-1.276201	-102.766884		
50	0.16807	750	-1.216838	-103.983722		
51	0.159626	750	-1.247838	-105.231559		
52	0.151441	750	-1.19389	-106.425449		
53	0.143514	750	-1.172816	-107.598265		
54	0.135841	750	-1.126478	-108.724743		
55	0.12842	750	-1.110234	-109.834976		
56	0.121247	750	-1.043846	-110.878822		
57	0.11432	750	-1.033862	-111.912684		
58	0.107637	750	-0.998904	-112.911588		
59	0.101193	750	-0.949647	-113.861236		
60	0.094986	750	-0.94351	-114.804746		
61	0.089014	750	-0.907504	-115.712249		
62	0.083273	750	-0.888277	-116.600527		
63	0.07776	750	-0.838905	-117.439432		
64	0.072472	750	-0.810825	-118.250257		
65	0.067406	750	-0.777268	-119.027525		
66	0.062558	750	-0.7369	-119.764426		
67	0.057926	750	-0.716738	-120.481164		
68	0.053506	750	-0.69803	-121.179194		
69	0.049295	750	-0.665868	-121.845062		
70	0.045289	750	-0.650035	-122.495096		
71	0.041485	750	-0.645605	-123.140701		
72	0.03788	750	-0.583448	-123.724149		
73	0.034469	750	-0.546366	-124.270515		
74	0.03125	750	-0.512298	-124.782813		
75	0.028218	750	-0.516674	-125.299488		
76	0.02537	750	-0.478132	-125.777619		
77	0.022702	750	-0.458076	-126.235695		
78	0.020209	750	-0.420909	-126.656604		
79	0.017889	750	-0.390496	-127.0471		
80	0.015736	750	-0.379524	-127.426624		
81	0.013746	750	-0.334923	-127.761547		
82	0.011916	750	-0.310348	-128.071895		
83	0.01024	750	-0.308973	-128.380868		
84	0.008714	750	-0.260239	-128.641107		
85	0.007334	750	-0.250586	-128.891693		
86	0.006093	750	-0.229256	-129.120949		
87	0.004988	750	-0.204174	-129.325123		
88	0.004013	750	-0.172764	-129.497887		
89	0.003162	750	-0.147889	-129.645777		
90	0.00243	750	-0.136073	-129.781849		
91	0.00181	750	-0.116649	-129.898498		
92	0.001296	750	-0.095134	-129.993633		
93	0.000882	750	-0.077163	-130.070796		
94	0.000559	750	-0.062965	-130.133761		
95	0.00032	750	-0.045921	-130.179682		
96	0.000156	750	-0.032306	-130.211988		
97	0.000057	750	-0.018638	-130.230626		
98	0.00001	750	-0.00829	-130.238916		
99	0	750	-0.001932	-130.240848		
Log marginal likelihood:	-130.240848					
0	0.975187	750	-2.980987	-2.980987		
1	0.950747	750	-2.895491	-5.876477		
2	0.926679	750	-2.865056	-8.741533		
3	0.90298	750	-2.8886	-11.630134		
4	0.879648	750	-2.831411	-14.461544		
5	0.856682	750	-2.746581	-17.208125		
6	0.834079	750	-2.690799	-19.898924		
7	0.811838	750	-2.663934	-22.562858		
8	0.789957	750	-2.605692	-25.168549		
9	0.768433	750	-2.611756	-27.780305		
10	0.747266	750	-2.554144	-30.334449		
11	0.726452	750	-2.51994	-32.854389		
12	0.705989	750	-2.483685	-35.338074		
13	0.685877	750	-2.437509	-37.775583		
14	0.666112	750	-2.415037	-40.190621		
15	0.646693	750	-2.460592	-42.651213		
16	0.627618	750	-2.309314	-44.960527		
17	0.608884	750	-2.310612	-47.271139		
18	0.59049	750	-2.404704	-49.675843		
19	0.572433	750	-2.208439	-51.884283		
20	0.554712	750	-2.219041	-54.103324		
21	0.537324	750	-2.171928	-56.275252		
22	0.520268	750	-2.183171	-58.458423		
23	0.50354	750	-2.209295	-60.667718		
24	0.487139	750	-2.194242	-62.86196		
25	0.471063	750	-2.005282	-64.867242		
26	0.45531	750	-2.00909	-66.876332		
27	0.439877	750	-2.053795	-68.930127		
28	0.424762	750	-1.90324	-70.833367		
29	0.409963	750	-1.90893	-72.742297		
30	0.395478	750	-1.965286	-74.707583		
31	0.381305	750	-1.873591	-76.581174		
32	0.36744	750	-1.752316	-78.33349		
33	0.353883	750	-1.880853	-80.214343		
34	0.34063	750	-1.798832	-82.013175		
35	0.32768	750	-1.756448	-83.769623		
36	0.31503	750	-1.732253	-85.501876		
37	0.302677	750	-1.700176	-87.202052		
38	0.290619	750	-1.590494	-88.792546		
39	0.278855	750	-1.572653	-90.365199		
40	0.267381	750	-1.603011	-91.96821		
41	0.256195	750	-1.519452	-93.487662		
42	0.245294	750	-1.540168	-95.027831		
43	0.234677	750	-1.429133	-96.456963		
44	0.22434	750	-1.453414	-97.910377		
45	0.214281	750	-1.446959	-99.357336		
46	0.204498	750	-1.367138	-100.724474		
47	0.194988	750	-1.338326	-102.062801		
48	0.185749	750	-1.268444	-103.331245		
49	0.176777	750	-1.277786	-104.609031		
50	0.16807	750	-1.219406	-105.828437		
51	0.159626	750	-1.191411	-107.019847		
52	0.151441	750	-1.180649	-108.200496		
53	0.143514	750	-1.13773	-109.338226		
54	0.135841	750	-1.111266	-110.449492		
55	0.12842	750	-1.068256	-111.517748		
56	0.121247	750	-1.06811	-112.585858		
57	0.11432	750	-1.005039	-113.590897		
58	0.107637	750	-0.99066	-114.581557		
59	0.101193	750	-0.945713	-115.527269		
60	0.094986	750	-0.929229	-116.456498		
61	0.089014	750	-0.885437	-117.341935		
62	0.083273	750	-0.848386	-118.190321		
63	0.07776	750	-0.841001	-119.031322		
64	0.072472	750	-0.795423	-119.826745		
65	0.067406	750	-0.775982	-120.602727		
66	0.062558	750	-0.746434	-121.349161		
67	0.057926	750	-0.721937	-122.071098		
68	0.053506	750	-0.68066	-122.751757		
69	0.049295	750	-0.665296	-123.417054		
70	0.045289	750	-0.647746	-124.0648		
71	0.041485	750	-0.597854	-124.662654		
72	0.03788	750	-0.596615	-125.259269		
73	0.034469	750	-0.545012	-125.804281		
74	0.03125	750	-0.503747	-126.308028		
75	0.028218	750	-0.489223	-126.797251		
76	0.02537	750	-0.466215	-127.263466		
77	0.022702	750	-0.441681	-127.705147		
78	0.020209	750	-0.432488	-128.137635		
79	0.017889	750	-0.389239	-128.526874		
80	0.015736	750	-0.367454	-128.894328		
81	0.013746	750	-0.34321	-129.237538		
82	0.011916	750	-0.333575	-129.571113		
83	0.01024	750	-0.290353	-129.861465		
84	0.008714	750	-0.26111	-130.122575		
85	0.007334	750	-0.239259	-130.361834		
86	0.006093	750	-0.214539	-130.576374		
87	0.004988	750	-0.194452	-130.770826		
88	0.004013	750	-0.168743	-130.939569		
89	0.003162	750	-0.155425	-131.094995		
90	0.00243	750	-0.136555	-131.23155		
91	0.00181	750	-0.112036	-131.343586		
92	0.001296	750	-0.097251	-131.440837		
93	0.000882	750	-0.076756	-131.517593		
94	0.000559	750	-0.061512	-131.579105		
95	0.00032	750	-0.043712	-131.622816		
96	0.000156	750	-0.03113	-131.653947		
97	0.000057	750	-0.019055	-131.673002		
98	0.00001	750	-0.008844	-131.681846		
99	0	750	-0.001826	-131.683672		
Log marginal likelihood:	-131.683672					
0	0.975187	750	-3.035954	-3.035954		
1	0.950747	750	-2.921445	-5.9574		
2	0.926679	750	-2.983433	-8.940832		
3	0.90298	750	-2.907436	-11.848268		
4	0.879648	750	-2.852957	-14.701225		
5	0.856682	750	-2.802071	-17.503297		
6	0.834079	750	-2.822965	-20.326261		
7	0.811838	750	-2.697374	-23.023635		
8	0.789957	750	-2.732312	-25.755947		
9	0.768433	750	-2.658824	-28.414771		
10	0.747266	750	-2.656532	-31.071303		
11	0.726452	750	-2.646773	-33.718076		
12	0.705989	750	-2.523908	-36.241984		
13	0.685877	750	-2.49252	-38.734504		
14	0.666112	750	-2.533363	-41.267867		
15	0.646693	750	-2.490147	-43.758014		
16	0.627618	750	-2.36068	-46.118694		
17	0.608884	750	-2.368388	-48.487082		
18	0.59049	750	-2.321918	-50.809001		
19	0.572433	750	-2.313439	-53.122439		
20	0.554712	750	-2.235864	-55.358303		
21	0.537324	750	-2.267497	-57.6258		
22	0.520268	750	-2.169951	-59.795751		
23	0.50354	750	-2.095893	-61.891644		
24	0.487139	750	-2.125302	-64.016946		
25	0.471063	750	-2.056377	-66.073323		
26	0.45531	750	-2.033363	-68.106686		
27	0.439877	750	-2.05253	-70.159216		
28	0.424762	750	-1.993591	-72.152807		
29	0.409963	750	-2.028325	-74.181132		
30	0.395478	750	-1.87116	-76.052292		
31	0.381305	750	-1.885526	-77.937818		
32	0.36744	750	-1.829356	-79.767174		
33	0.353883	750	-1.767682	-81.534856		
34	0.34063	750	-1.767854	-83.302711		
35	0.32768	750	-1.73021	-85.03292		
36	0.31503	750	-1.758526	-86.791447		
37	0.302677	750	-1.729783	-88.52123		
38	0.290619	750	-1.678909	-90.200138		
39	0.278855	750	-1.594883	-91.795022		
40	0.267381	750	-1.592471	-93.387493		
41	0.256195	750	-1.562053	-94.949545		
42	0.245294	750	-1.487895	-96.43744		
43	0.234677	750	-1.453925	-97.891365		
44	0.22434	750	-1.468032	-99.359398		
45	0.214281	750	-1.416721	-100.776119		
46	0.204498	750	-1.370031	-102.14615		
47	0.194988	750	-1.348792	-103.494942		
48	0.185749	750	-1.342337	-104.837279		
49	0.176777	750	-1.299192	-106.136471		
50	0.16807	750	-1.228672	-107.365143		
51	0.159626	750	-1.214526	-108.579669		
52	0.151441	750	-1.201686	-109.781355		
53	0.143514	750	-1.146918	-110.928272		
54	0.135841	750	-1.101874	-112.030146		
55	0.12842	750	-1.117533	-113.14768		
56	0.121247	750	-1.044814	-114.192494		
57	0.11432	750	-1.026519	-115.219012		
58	0.107637	750	-0.970942	-116.189954		
59	0.101193	750	-0.964437	-117.154392		
60	0.094986	750	-0.947054	-118.101446		
61	0.089014	750	-0.888265	-118.989711		
62	0.083273	750	-0.862397	-119.852108		
63	0.07776	750	-0.816693	-120.668801		
64	0.072472	750	-0.840209	-121.50901		
65	0.067406	750	-0.78333	-122.292341		
66	0.062558	750	-0.738918	-123.031258		
67	0.057926	750	-0.721761	-123.753019		
68	0.053506	750	-0.704991	-124.458011		
69	0.049295	750	-0.65234	-125.110351		
70	0.045289	750	-0.615039	-125.72539		
71	0.041485	750	-0.618287	-126.343677		
72	0.03788	750	-0.578478	-126.922155		
73	0.034469	750	-0.558992	-127.481147		
74	0.03125	750	-0.525209	-128.006355		
75	0.028218	750	-0.496571	-128.502927		
76	0.02537	750	-0.486584	-128.989511		
77	0.022702	750	-0.441254	-129.430766		
78	0.020209	750	-0.420498	-129.851264		
79	0.017889	750	-0.39948	-130.250744		
80	0.015736	750	-0.358517	-130.609261		
81	0.013746	750	-0.366336	-130.975597		
82	0.011916	750	-0.340678	-131.316275		
83	0.01024	750	-0.308825	-131.6251		
84	0.008714	750	-0.270676	-131.895776		
85	0.007334	750	-0.244698	-132.140474		
86	0.006093	750	-0.220477	-132.360951		
87	0.004988	750	-0.198849	-132.5598		
88	0.004013	750	-0.171756	-132.731556		
89	0.003162	750	-0.160407	-132.891963		
90	0.00243	750	-0.138742	-133.030705		
91	0.00181	750	-0.131208	-133.161912		
92	0.001296	750	-0.096123	-133.258035		
93	0.000882	750	-0.080558	-133.338593		
94	0.000559	750	-0.062194	-133.400787		
95	0.00032	750	-0.044191	-133.444978		
96	0.000156	750	-0.032919	-133.477897		
97	0.000057	750	-0.019373	-133.49727		
98	0.00001	750	-0.00924	-133.50651		
99	0	750	-0.001949	-133.508459		
Log marginal likelihood:	-133.508459					
0	0.975187	750	-2.992873	-2.992873		
1	0.950747	750	-2.943929	-5.936802		
2	0.926679	750	-2.907045	-8.843847		
3	0.90298	750	-2.854197	-11.698045		
4	0.879648	750	-2.886131	-14.584176		
5	0.856682	750	-2.793845	-17.378022		
6	0.834079	750	-2.737158	-20.115179		
7	0.811838	750	-2.686899	-22.802078		
8	0.789957	750	-2.695055	-25.497134		
9	0.768433	750	-2.588462	-28.085596		
10	0.747266	750	-2.597077	-30.682673		
11	0.726452	750	-2.520045	-33.202717		
12	0.705989	750	-2.590442	-35.79316		
13	0.685877	750	-2.438463	-38.231623		
14	0.666112	750	-2.438283	-40.669906		
15	0.646693	750	-2.384776	-43.054681		
16	0.627618	750	-2.343695	-45.398376		
17	0.608884	750	-2.295435	-47.693812		
18	0.59049	750	-2.285699	-49.979511		
19	0.572433	750	-2.275924	-52.255435		
20	0.554712	750	-2.224237	-54.479672		
21	0.537324	750	-2.147031	-56.626703		
22	0.520268	750	-2.261694	-58.888397		
23	0.50354	750	-2.08712	-60.975518		
24	0.487139	750	-2.143074	-63.118591		
25	0.471063	750	-2.103746	-65.222337		
26	0.45531	750	-2.101523	-67.32386		
27	0.439877	750	-2.084883	-69.408743		
28	0.424762	750	-2.017188	-71.425931		
29	0.409963	750	-1.913454	-73.339385		
30	0.395478	750	-1.945736	-75.285121		
31	0.381305	750	-1.896959	-77.182079		
32	0.36744	750	-1.811488	-78.993567		
33	0.353883	750	-1.823692	-80.817259		
34	0.34063	750	-1.875478	-82.692737		
35	0.32768	750	-1.75118	-84.443917		
36	0.31503	750	-1.755095	-86.199012		
37	0.302677	750	-1.645008	-87.844021		
38	0.290619	750	-1.59452	-89.43854		
39	0.278855	750	-1.587927	-91.026468		
40	0.267381	750	-1.58126	-92.607728		
41	0.256195	750	-1.551579	-94.159307		
42	0.245294	750	-1.538123	-95.697431		
43	0.234677	750	-1.490445	-97.187875		
44	0.22434	750	-1.455067	-98.642942		
45	0.214281	750	-1.447595	-100.090537		
46	0.204498	750	-1.370061	-101.460598		
47	0.194988	750	-1.309675	-102.770273		
48	0.185749	750	-1.313812	-104.084086		
49	0.176777	750	-1.246105	-105.330191		
50	0.16807	750	-1.251994	-106.582185		
51	0.159626	750	-1.204498	-107.786683		
52	0.151441	750	-1.164617	-108.9513		
53	0.143514	750	-1.139764	-110.091064		
54	0.135841	750	-1.102158	-111.193222		
55	0.12842	750	-1.079519	-112.272741		
56	0.121247	750	-1.043971	-113.316712		
57	0.11432	750	-1.009334	-114.326046		
58	0.107637	750	-1.0052	-115.331246		
59	0.101193	750	-0.95097	-116.282216		
60	0.094986	750	-0.9312	-117.213416		
61	0.089014	750	-0.89343	-118.106846		
62	0.083273	750	-0.914145	-119.020991		
63	0.07776	750	-0.863111	-119.884102		
64	0.072472	750	-0.797234	-120.681336		
65	0.067406	750	-0.764071	-121.445407		
66	0.062558	750	-0.762244	-122.207651		
67	0.057926	750	-0.73299	-122.940641		
68	0.053506	750	-0.694111	-123.634752		
69	0.049295	750	-0.649461	-124.284214		
70	0.045289	750	-0.6409	-124.925114		
71	0.041485	750	-0.603797	-125.52891		
72	0.03788	750	-0.562821	-126.091731		
73	0.034469	750	-0.58515	-126.676881		
74	0.03125	750	-0.536731	-127.213612		
75	0.028218	750	-0.49502	-127.708632		
76	0.02537	750	-0.461164	-128.169796		
77	0.022702	750	-0.435703	-128.605499		
78	0.020209	750	-0.416995	-129.022494		
79	0.017889	750	-0.389844	-129.412338		
80	0.015736	750	-0.365307	-129.777645		
81	0.013746	750	-0.345009	-130.122654		
82	0.011916	750	-0.333352	-130.456007		
83	0.01024	750	-0.267759	-130.723765		
84	0.008714	750	-0.274854	-130.99862		
85	0.007334	750	-0.240159	-131.238778		
86	0.006093	750	-0.228928	-131.467706		
87	0.004988	750	-0.19911	-131.666816		
88	0.004013	750	-0.179621	-131.846437		
89	0.003162	750	-0.15383	-132.000267		
90	0.00243	750	-0.131737	-132.132004		
91	0.00181	750	-0.118506	-132.25051		
92	0.001296	750	-0.097061	-132.347571		
93	0.000882	750	-0.079492	-132.427063		
94	0.000559	750	-0.061865	-132.488928		
95	0.00032	750	-0.044896	-132.533824		
96	0.000156	750	-0.03264	-132.566464		
97	0.000057	750	-0.019396	-132.58586		
98	0.00001	750	-0.008725	-132.594585		
99	0	750	-0.001785	-132.59637		
Log marginal likelihood:	-132.59637					
0	0.975187	750	-2.863184	-2.863184		
1	0.950747	750	-2.775587	-5.638771		
2	0.926679	750	-2.791236	-8.430008		
3	0.90298	750	-2.799687	-11.229695		
4	0.879648	750	-2.726995	-13.95669		
5	0.856682	750	-2.672589	-16.62928		
6	0.834079	750	-2.543341	-19.172621		
7	0.811838	750	-2.499769	-21.672389		
8	0.789957	750	-2.49393	-24.166319		
9	0.768433	750	-2.441696	-26.608015		
10	0.747266	750	-2.409896	-29.017911		
11	0.726452	750	-2.358988	-31.376899		
12	0.705989	750	-2.319723	-33.696622		
13	0.685877	750	-2.287552	-35.984174		
14	0.666112	750	-2.2383	-38.222475		
15	0.646693	750	-2.295526	-40.518001		
16	0.627618	750	-2.197513	-42.715514		
17	0.608884	750	-2.14252	-44.858034		
18	0.59049	750	-2.123009	-46.981043		
19	0.572433	750	-2.157141	-49.138185		
20	0.554712	750	-2.063055	-51.20124		
21	0.537324	750	-2.016272	-53.217512		
22	0.520268	750	-1.960511	-55.178023		
23	0.50354	750	-1.953657	-57.13168		
24	0.487139	750	-1.975688	-59.107368		
25	0.471063	750	-1.905075	-61.012443		
26	0.45531	750	-1.855375	-62.867817		
27	0.439877	750	-1.834791	-64.702608		
28	0.424762	750	-1.812101	-66.514709		
29	0.409963	750	-1.818975	-68.333684		
30	0.395478	750	-1.757862	-70.091546		
31	0.381305	750	-1.67401	-71.765556		
32	0.36744	750	-1.635114	-73.40067		
33	0.353883	750	-1.636795	-75.037465		
34	0.34063	750	-1.587689	-76.625154		
35	0.32768	750	-1.586737	-78.211891		
36	0.31503	750	-1.679934	-79.891825		
37	0.302677	750	-1.610965	-81.50279		
38	0.290619	750	-1.648422	-83.151213		
39	0.278855	750	-1.49074	-84.641953		
40	0.267381	750	-1.535148	-86.177101		
41	0.256195	750	-1.519593	-87.696694		
42	0.245294	750	-1.393307	-89.090001		
43	0.234677	750	-1.384798	-90.474799		
44	0.22434	750	-1.307476	-91.782275		
45	0.214281	750	-1.317769	-93.100044		
46	0.204498	750	-1.2978	-94.397844		
47	0.194988	750	-1.317899	-95.715743		
48	0.185749	750	-1.267385	-96.983129		
49	0.176777	750	-1.280578	-98.263707		
50	0.16807	750	-1.257443	-99.52115		
51	0.159626	750	-1.219529	-100.740679		
52	0.151441	750	-1.097574	-101.838253		
53	0.143514	750	-1.109416	-102.947669		
54	0.135841	750	-1.121179	-104.068848		
55	0.12842	750	-1.084105	-105.152953		
56	0.121247	750	-1.044442	-106.197395		
57	0.11432	750	-1.03468	-107.232076		
58	0.107637	750	-0.974233	-108.206309		
59	0.101193	750	-0.937942	-109.14425		
60	0.094986	750	-0.903168	-110.047419		
61	0.089014	750	-0.897665	-110.945083		
62	0.083273	750	-0.867357	-111.812441		
63	0.07776	750	-0.831882	-112.644323		
64	0.072472	750	-0.826238	-113.470561		
65	0.067406	750	-0.7781	-114.248661		
66	0.062558	750	-0.757625	-115.006286		
67	0.057926	750	-0.711647	-115.717933		
68	0.053506	750	-0.697409	-116.415342		
69	0.049295	750	-0.683167	-117.098508		
70	0.045289	750	-0.629853	-117.728362		
71	0.041485	750	-0.598239	-118.326601		
72	0.03788	750	-0.591064	-118.917665		
73	0.034469	750	-0.567562	-119.485227		
74	0.03125	750	-0.536012	-120.021238		
75	0.028218	750	-0.493768	-120.515007		
76	0.02537	750	-0.477904	-120.992911		
77	0.022702	750	-0.444454	-121.437365		
78	0.020209	750	-0.426711	-121.864076		
79	0.017889	750	-0.393439	-122.257515		
80	0.015736	750	-0.364022	-122.621538		
81	0.013746	750	-0.358861	-122.980398		
82	0.011916	750	-0.327832	-123.30823		
83	0.01024	750	-0.289031	-123.597261		
84	0.008714	750	-0.27153	-123.868791		
85	0.007334	750	-0.267651	-124.136442		
86	0.006093	750	-0.218891	-124.355333		
87	0.004988	750	-0.214904	-124.570237		
88	0.004013	750	-0.180073	-124.75031		
89	0.003162	750	-0.159889	-124.910199		
90	0.00243	750	-0.138716	-125.048915		
91	0.00181	750	-0.118056	-125.166971		
92	0.001296	750	-0.099624	-125.266595		
93	0.000882	750	-0.08229	-125.348885		
94	0.000559	750	-0.061703	-125.410589		
95	0.00032	750	-0.049405	-125.459994		
96	0.000156	750	-0.030866	-125.49086		
97	0.000057	750	-0.018936	-125.509796		
98	0.00001	750	-0.008665	-125.518461		
99	0	750	-0.002233	-125.520694		
Log marginal likelihood:	-125.520694					
0	0.975187	750	-2.726624	-2.726624		
1	0.950747	750	-2.694084	-5.420708		
2	0.926679	750	-2.681244	-8.101952		
3	0.90298	750	-2.684483	-10.786436		
4	0.879648	750	-2.590102	-13.376537		
5	0.856682	750	-2.564695	-15.941233		
6	0.834079	750	-2.499823	-18.441056		
7	0.811838	750	-2.483289	-20.924345		
8	0.789957	750	-2.426529	-23.350874		
9	0.768433	750	-2.375864	-25.726738		
10	0.747266	750	-2.343399	-28.070137		
11	0.726452	750	-2.310392	-30.38053		
12	0.705989	750	-2.277178	-32.657707		
13	0.685877	750	-2.299117	-34.956824		
14	0.666112	750	-2.238868	-37.195692		
15	0.646693	750	-2.18651	-39.382202		
16	0.627618	750	-2.154044	-41.536245		
17	0.608884	750	-2.155854	-43.692099		
18	0.59049	750	-2.04411	-45.736209		
19	0.572433	750	-2.012281	-47.74849		
20	0.554712	750	-2.103149	-49.851639		
21	0.537324	750	-1.982285	-51.833924		
22	0.520268	750	-1.930583	-53.764508		
23	0.50354	750	-1.878992	-55.6435		
24	0.487139	750	-1.907804	-57.551304		
25	0.471063	750	-1.864256	-59.41556		
26	0.45531	750	-1.898706	-61.314266		
27	0.439877	750	-1.85129	-63.165556		
28	0.424762	750	-1.766607	-64.932163		
29	0.409963	750	-1.728967	-66.66113		
30	0.395478	750	-1.79162	-68.45275		
31	0.381305	750	-1.678455	-70.131205		
32	0.36744	750	-1.62896	-71.760165		
33	0.353883	750	-1.637008	-73.397173		
34	0.34063	750	-1.655569	-75.052742		
35	0.32768	750	-1.563679	-76.616422		
36	0.31503	750	-1.586726	-78.203147		
37	0.302677	750	-1.519904	-79.723051		
38	0.290619	750	-1.474291	-81.197343		
39	0.278855	750	-1.46698	-82.664323		
40	0.267381	750	-1.435678	-84.100001		
41	0.256195	750	-1.370991	-85.470991		
42	0.245294	750	-1.444967	-86.915958		
43	0.234677	750	-1.453377	-88.369335		
44	0.22434	750	-1.38866	-89.757995		
45	0.214281	750	-1.350278	-91.108273		
46	0.204498	750	-1.323095	-92.431368		
47	0.194988	750	-1.268356	-93.699725		
48	0.185749	750	-1.212478	-94.912203		
49	0.176777	750	-1.25405	-96.166253		
50	0.16807	750	-1.218288	-97.384542		
51	0.159626	750	-1.215287	-98.599829		
52	0.151441	750	-1.11348	-99.713309		
53	0.143514	750	-1.139671	-100.85298		
54	0.135841	750	-1.118767	-101.971748		
55	0.12842	750	-1.051488	-103.023235		
56	0.121247	750	-1.029775	-104.053011		
57	0.11432	750	-1.006396	-105.059406		
58	0.107637	750	-0.986115	-106.045522		
59	0.101193	750	-0.928317	-106.973839		
60	0.094986	750	-0.91585	-107.889689		
61	0.089014	750	-0.871514	-108.761204		
62	0.083273	750	-0.826955	-109.588158		
63	0.07776	750	-0.837494	-110.425652		
64	0.072472	750	-0.788363	-111.214014		
65	0.067406	750	-0.778989	-111.993003		
66	0.062558	750	-0.729234	-112.722237		
67	0.057926	750	-0.702522	-113.424759		
68	0.053506	750	-0.67154	-114.096298		
69	0.049295	750	-0.654241	-114.750539		
70	0.045289	750	-0.642852	-115.393391		
71	0.041485	750	-0.612171	-116.005562		
72	0.03788	750	-0.574822	-116.580384		
73	0.034469	750	-0.556415	-117.136799		
74	0.03125	750	-0.51853	-117.655329		
75	0.028218	750	-0.509761	-118.16509		
76	0.02537	750	-0.490041	-118.655131		
77	0.022702	750	-0.440322	-119.095453		
78	0.020209	750	-0.415952	-119.511405		
79	0.017889	750	-0.423447	-119.934852		
80	0.015736	750	-0.363721	-120.298573		
81	0.013746	750	-0.340304	-120.638877		
82	0.011916	750	-0.327861	-120.966738		
83	0.01024	750	-0.295835	-121.262573		
84	0.008714	750	-0.27385	-121.536423		
85	0.007334	750	-0.236338	-121.772761		
86	0.006093	750	-0.229698	-122.002459		
87	0.004988	750	-0.194229	-122.196688		
88	0.004013	750	-0.186185	-122.382874		
89	0.003162	750	-0.160585	-122.543459		
90	0.00243	750	-0.135817	-122.679276		
91	0.00181	750	-0.113812	-122.793088		
92	0.001296	750	-0.090103	-122.883191		
93	0.000882	750	-0.076303	-122.959493		
94	0.000559	750	-0.064452	-123.023945		
95	0.00032	750	-0.043839	-123.067784		
96	0.000156	750	-0.030121	-123.097905		
97	0.000057	750	-0.019662	-123.117567		
98	0.00001	750	-0.008588	-123.126155		
99	0	750	-0.001902	-123.128057		
Log marginal likelihood:	-123.128057					
0	0.975187	750	-2.812357	-2.812357		
1	0.950747	750	-2.75417	-5.566527		
2	0.926679	750	-2.723791	-8.290318		
3	0.90298	750	-2.669817	-10.960135		
4	0.879648	750	-2.685301	-13.645436		
5	0.856682	750	-2.621256	-16.266692		
6	0.834079	750	-2.62777	-18.894463		
7	0.811838	750	-2.579208	-21.47367		
8	0.789957	750	-2.521122	-23.994792		
9	0.768433	750	-2.435515	-26.430307		
10	0.747266	750	-2.411728	-28.842035		
11	0.726452	750	-2.380924	-31.22296		
12	0.705989	750	-2.322719	-33.545679		
13	0.685877	750	-2.309495	-35.855173		
14	0.666112	750	-2.283315	-38.138489		
15	0.646693	750	-2.224394	-40.362883		
16	0.627618	750	-2.241742	-42.604625		
17	0.608884	750	-2.132799	-44.737425		
18	0.59049	750	-2.183348	-46.920773		
19	0.572433	750	-2.122858	-49.043631		
20	0.554712	750	-2.088386	-51.132017		
21	0.537324	750	-2.016461	-53.148478		
22	0.520268	750	-2.006066	-55.154544		
23	0.50354	750	-1.998863	-57.153407		
24	0.487139	750	-1.91311	-59.066517		
25	0.471063	750	-1.903701	-60.970218		
26	0.45531	750	-1.919496	-62.889715		
27	0.439877	750	-1.825959	-64.715674		
28	0.424762	750	-1.794797	-66.510471		
29	0.409963	750	-1.802259	-68.312729		
30	0.395478	750	-1.750974	-70.063703		
31	0.381305	750	-1.707757	-71.77146		
32	0.36744	750	-1.708406	-73.479866		
33	0.353883	750	-1.637184	-75.11705		
34	0.34063	750	-1.649474	-76.766524		
35	0.32768	750	-1.5604	-78.326924		
36	0.31503	750	-1.651789	-79.978713		
37	0.302677	750	-1.545423	-81.524136		
38	0.290619	750	-1.489826	-83.013962		
39	0.278855	750	-1.462449	-84.476411		
40	0.267381	750	-1.455293	-85.931704		
41	0.256195	750	-1.486771	-87.418475		
42	0.245294	750	-1.357407	-88.775883		
43	0.234677	750	-1.340738	-90.11662		
44	0.22434	750	-1.312946	-91.429566		
45	0.214281	750	-1.364406	-92.793972		
46	0.204498	750	-1.332673	-94.126646		
47	0.194988	750	-1.294942	-95.421587		
48	0.185749	750	-1.213351	-96.634938		
49	0.176777	750	-1.173884	-97.808822		
50	0.16807	750	-1.197884	-99.006706		
51	0.159626	750	-1.17078	-100.177486		
52	0.151441	750	-1.155101	-101.332588		
53	0.143514	750	-1.148441	-102.481028		
54	0.135841	750	-1.103514	-103.584543		
55	0.12842	750	-1.037398	-104.62194		
56	0.121247	750	-1.015026	-105.636966		
57	0.11432	750	-0.973386	-106.610352		
58	0.107637	750	-0.968402	-107.578755		
59	0.101193	750	-0.944986	-108.523741		
60	0.094986	750	-0.942925	-109.466666		
61	0.089014	750	-0.857414	-110.32408		
62	0.083273	750	-0.854942	-111.179022		
63	0.07776	750	-0.838752	-112.017774		
64	0.072472	750	-0.812863	-112.830636		
65	0.067406	750	-0.764037	-113.594673		
66	0.062558	750	-0.71386	-114.308533		
67	0.057926	750	-0.719726	-115.028259		
68	0.053506	750	-0.713127	-115.741385		
69	0.049295	750	-0.656102	-116.397488		
70	0.045289	750	-0.62127	-117.018757		
71	0.041485	750	-0.607649	-117.626407		
72	0.03788	750	-0.581667	-118.208073		
73	0.034469	750	-0.563526	-118.771599		
74	0.03125	750	-0.527849	-119.299448		
75	0.028218	750	-0.513317	-119.812764		
76	0.02537	750	-0.474602	-120.287367		
77	0.022702	750	-0.43909	-120.726457		
78	0.020209	750	-0.42113	-121.147586		
79	0.017889	750	-0.371145	-121.518732		
80	0.015736	750	-0.363612	-121.882344		
81	0.013746	750	-0.330885	-122.213229		
82	0.011916	750	-0.325661	-122.53889		
83	0.01024	750	-0.275028	-122.813918		
84	0.008714	750	-0.281406	-123.095324		
85	0.007334	750	-0.243868	-123.339191		
86	0.006093	750	-0.218148	-123.55734		
87	0.004988	750	-0.200056	-123.757395		
88	0.004013	750	-0.177366	-123.934761		
89	0.003162	750	-0.159116	-124.093877		
90	0.00243	750	-0.141761	-124.235638		
91	0.00181	750	-0.113968	-124.349606		
92	0.001296	750	-0.100054	-124.449659		
93	0.000882	750	-0.070377	-124.520036		
94	0.000559	750	-0.058606	-124.578642		
95	0.00032	750	-0.045529	-124.624171		
96	0.000156	750	-0.02898	-124.653151		
97	0.000057	750	-0.019519	-124.67267		
98	0.00001	750	-0.008702	-124.681372		
99	0	750	-0.001903	-124.683275		
Log marginal likelihood:	-124.683275					
0	0.975187	750	-2.966666	-2.966666		
1	0.950747	750	-2.894073	-5.860739		
2	0.926679	750	-2.902841	-8.76358		
3	0.90298	750	-2.871098	-11.634678		
4	0.879648	750	-2.800522	-14.4352		
5	0.856682	750	-2.743438	-17.178637		
6	0.834079	750	-2.697922	-19.876559		
7	0.811838	750	-2.706134	-22.582693		
8	0.789957	750	-2.641846	-25.224539		
9	0.768433	750	-2.616353	-27.840892		
10	0.747266	750	-2.551301	-30.392193		
11	0.726452	750	-2.509499	-32.901692		
12	0.705989	750	-2.519277	-35.42097		
13	0.685877	750	-2.473997	-37.894966		
14	0.666112	750	-2.411983	-40.306949		
15	0.646693	750	-2.382787	-42.689736		
16	0.627618	750	-2.329978	-45.019714		
17	0.608884	750	-2.333771	-47.353485		
18	0.59049	750	-2.274757	-49.628242		
19	0.572433	750	-2.260048	-51.88829		
20	0.554712	750	-2.228543	-54.116832		
21	0.537324	750	-2.134866	-56.251698		
22	0.520268	750	-2.134548	-58.386247		
23	0.50354	750	-2.079305	-60.465552		
24	0.487139	750	-2.038466	-62.504017		
25	0.471063	750	-2.047567	-64.551584		
26	0.45531	750	-2.009369	-66.560953		
27	0.439877	750	-1.936152	-68.497105		
28	0.424762	750	-1.891643	-70.388748		
29	0.409963	750	-1.926638	-72.315386		
30	0.395478	750	-1.83528	-74.150666		
31	0.381305	750	-1.797452	-75.948118		
32	0.36744	750	-1.801455	-77.749573		
33	0.353883	750	-1.741678	-79.491251		
34	0.34063	750	-1.760656	-81.251907		
35	0.32768	750	-1.660729	-82.912636		
36	0.31503	750	-1.654068	-84.566704		
37	0.302677	750	-1.604096	-86.1708		
38	0.290619	750	-1.610506	-87.781306		
39	0.278855	750	-1.566701	-89.348007		
40	0.267381	750	-1.543069	-90.891076		
41	0.256195	750	-1.501444	-92.392521		
42	0.245294	750	-1.48244	-93.87496		
43	0.234677	750	-1.385481	-95.260441		
44	0.22434	750	-1.415377	-96.675818		
45	0.214281	750	-1.386852	-98.062669		
46	0.204498	750	-1.313661	-99.376331		
47	0.194988	750	-1.331798	-100.708129		
48	0.185749	750	-1.301873	-102.010002		
49	0.176777	750	-1.228647	-103.238649		
50	0.16807	750	-1.22286	-104.46151		
51	0.159626	750	-1.170324	-105.631833		
52	0.151441	750	-1.147015	-106.778849		
53	0.143514	750	-1.090201	-107.86905		
54	0.135841	750	-1.110971	-108.980022		
55	0.12842	750	-1.062026	-110.042047		
56	0.121247	750	-0.995873	-111.03792		
57	0.11432	750	-1.011276	-112.049196		
58	0.107637	750	-0.975771	-113.024967		
59	0.101193	750	-0.920017	-113.944984		
60	0.094986	750	-0.91286	-114.857844		
61	0.089014	750	-0.888109	-115.745953		
62	0.083273	750	-0.861971	-116.607924		
63	0.07776	750	-0.837543	-117.445468		
64	0.072472	750	-0.78508	-118.230548		
65	0.067406	750	-0.745725	-118.976272		
66	0.062558	750	-0.74606	-119.722332		
67	0.057926	750	-0.698158	-120.42049		
68	0.053506	750	-0.684539	-121.105029		
69	0.049295	750	-0.658411	-121.76344		
70	0.045289	750	-0.606871	-122.370311		
71	0.041485	750	-0.594485	-122.964796		
72	0.03788	750	-0.566193	-123.530989		
73	0.034469	750	-0.539485	-124.070475		
74	0.03125	750	-0.521082	-124.591556		
75	0.028218	750	-0.46993	-125.061486		
76	0.02537	750	-0.457952	-125.519437		
77	0.022702	750	-0.454356	-125.973793		
78	0.020209	750	-0.432611	-126.406404		
79	0.017889	750	-0.397265	-126.803669		
80	0.015736	750	-0.363075	-127.166744		
81	0.013746	750	-0.321215	-127.487959		
82	0.011916	750	-0.306183	-127.794142		
83	0.01024	750	-0.286736	-128.080878		
84	0.008714	750	-0.27273	-128.353608		
85	0.007334	750	-0.253786	-128.607394		
86	0.006093	750	-0.233384	-128.840778		
87	0.004988	750	-0.203646	-129.044424		
88	0.004013	750	-0.182902	-129.227326		
89	0.003162	750	-0.149202	-129.376528		
90	0.00243	750	-0.132463	-129.508991		
91	0.00181	750	-0.110499	-129.61949		
92	0.001296	750	-0.090257	-129.709747		
93	0.000882	750	-0.075452	-129.785198		
94	0.000559	750	-0.05857	-129.843768		
95	0.00032	750	-0.042954	-129.886723		
96	0.000156	750	-0.031096	-129.917819		
97	0.000057	750	-0.017946	-129.935765		
98	0.00001	750	-0.008367	-129.944131		
99	0	750	-0.001943	-129.946074		
Log marginal likelihood:	-129.946074					
0	0.975187	750	-2.89748	-2.89748		
1	0.950747	750	-2.871387	-5.768867		
2	0.926679	750	-2.832804	-8.601671		
3	0.90298	750	-2.768473	-11.370144		
4	0.879648	750	-2.748272	-14.118415		
5	0.856682	750	-2.707345	-16.82576		
6	0.834079	750	-2.651221	-19.476981		
7	0.811838	750	-2.658396	-22.135377		
8	0.789957	750	-2.602267	-24.737644		
9	0.768433	750	-2.600498	-27.338142		
10	0.747266	750	-2.547223	-29.885364		
11	0.726452	750	-2.449417	-32.334782		
12	0.705989	750	-2.465616	-34.800398		
13	0.685877	750	-2.402572	-37.20297		
14	0.666112	750	-2.408564	-39.611533		
15	0.646693	750	-2.307336	-41.918869		
16	0.627618	750	-2.306142	-44.225011		
17	0.608884	750	-2.305336	-46.530347		
18	0.59049	750	-2.250575	-48.780922		
19	0.572433	750	-2.169602	-50.950524		
20	0.554712	750	-2.125855	-53.076379		
21	0.537324	750	-2.125615	-55.201995		
22	0.520268	750	-2.090631	-57.292626		
23	0.50354	750	-2.027727	-59.320353		
24	0.487139	750	-2.018909	-61.339262		
25	0.471063	750	-2.008923	-63.348185		
26	0.45531	750	-2.034714	-65.382899		
27	0.439877	750	-1.943342	-67.326241		
28	0.424762	750	-1.951707	-69.277948		
29	0.409963	750	-1.854135	-71.132084		
30	0.395478	750	-1.796833	-72.928917		
31	0.381305	750	-1.855322	-74.784239		
32	0.36744	750	-1.789937	-76.574176		
33	0.353883	750	-1.722232	-78.296408		
34	0.34063	750	-1.764925	-80.061332		
35	0.32768	750	-1.697547	-81.758879		
36	0.31503	750	-1.688112	-83.446991		
37	0.302677	750	-1.744445	-85.191436		
38	0.290619	750	-1.631928	-86.823364		
39	0.278855	750	-1.579554	-88.402918		
40	0.267381	750	-1.494677	-89.897595		
41	0.256195	750	-1.491194	-91.38879		
42	0.245294	750	-1.520958	-92.909747		
43	0.234677	750	-1.465904	-94.375652		
44	0.22434	750	-1.389706	-95.765358		
45	0.214281	750	-1.365686	-97.131043		
46	0.204498	750	-1.386601	-98.517645		
47	0.194988	750	-1.36147	-99.879115		
48	0.185749	750	-1.299834	-101.178949		
49	0.176777	750	-1.255824	-102.434773		
50	0.16807	750	-1.196884	-103.631656		
51	0.159626	750	-1.205285	-104.836942		
52	0.151441	750	-1.157922	-105.994863		
53	0.143514	750	-1.13849	-107.133353		
54	0.135841	750	-1.100016	-108.233369		
55	0.12842	750	-1.094055	-109.327424		
56	0.121247	750	-1.055361	-110.382785		
57	0.11432	750	-1.007723	-111.390508		
58	0.107637	750	-0.932648	-112.323156		
59	0.101193	750	-0.945034	-113.26819		
60	0.094986	750	-0.921495	-114.189685		
61	0.089014	750	-0.884162	-115.073847		
62	0.083273	750	-0.856071	-115.929919		
63	0.07776	750	-0.833001	-116.762919		
64	0.072472	750	-0.796499	-117.559418		
65	0.067406	750	-0.767025	-118.326443		
66	0.062558	750	-0.758507	-119.08495		
67	0.057926	750	-0.691619	-119.776569		
68	0.053506	750	-0.66738	-120.44395		
69	0.049295	750	-0.641366	-121.085316		
70	0.045289	750	-0.630328	-121.715644		
71	0.041485	750	-0.619187	-122.334831		
72	0.03788	750	-0.601035	-122.935865		
73	0.034469	750	-0.544921	-123.480786		
74	0.03125	750	-0.509173	-123.989959		
75	0.028218	750	-0.494444	-124.484402		
76	0.02537	750	-0.477041	-124.961443		
77	0.022702	750	-0.442876	-125.404319		
78	0.020209	750	-0.400703	-125.805022		
79	0.017889	750	-0.393514	-126.198537		
80	0.015736	750	-0.383903	-126.58244		
81	0.013746	750	-0.357528	-126.939968		
82	0.011916	750	-0.314245	-127.254213		
83	0.01024	750	-0.302497	-127.55671		
84	0.008714	750	-0.263004	-127.819714		
85	0.007334	750	-0.237486	-128.0572		
86	0.006093	750	-0.242939	-128.300139		
87	0.004988	750	-0.200208	-128.500347		
88	0.004013	750	-0.165746	-128.666093		
89	0.003162	750	-0.160382	-128.826475		
90	0.00243	750	-0.1275	-128.953976		
91	0.00181	750	-0.113541	-129.067517		
92	0.001296	750	-0.098772	-129.166289		
93	0.000882	750	-0.084644	-129.250932		
94	0.000559	750	-0.060366	-129.311298		
95	0.00032	750	-0.044853	-129.356151		
96	0.000156	750	-0.028923	-129.385075		
97	0.000057	750	-0.018154	-129.403229		
98	0.00001	750	-0.008419	-129.411649		
99	0	750	-0.001805	-129.413454		
Log marginal likelihood:	-129.413454					
0	0.975187	750	-2.817324	-2.817324		
1	0.950747	750	-2.752497	-5.569821		
2	0.926679	750	-2.705725	-8.275545		
3	0.90298	750	-2.669518	-10.945063		
4	0.879648	750	-2.638057	-13.58312		
5	0.856682	750	-2.572452	-16.155571		
6	0.834079	750	-2.578737	-18.734309		
7	0.811838	750	-2.510723	-21.245032		
8	0.789957	750	-2.492387	-23.737419		
9	0.768433	750	-2.43518	-26.172599		
10	0.747266	750	-2.362534	-28.535133		
11	0.726452	750	-2.361004	-30.896138		
12	0.705989	750	-2.316049	-33.212187		
13	0.685877	750	-2.284494	-35.49668		
14	0.666112	750	-2.258494	-37.755174		
15	0.646693	750	-2.239102	-39.994276		
16	0.627618	750	-2.203634	-42.19791		
17	0.608884	750	-2.141384	-44.339294		
18	0.59049	750	-2.128775	-46.468069		
19	0.572433	750	-2.05107	-48.519139		
20	0.554712	750	-2.033183	-50.552322		
21	0.537324	750	-2.000274	-52.552596		
22	0.520268	750	-1.973973	-54.526569		
23	0.50354	750	-1.934034	-56.460602		
24	0.487139	750	-1.904179	-58.364781		
25	0.471063	750	-1.89714	-60.261921		
26	0.45531	750	-1.827847	-62.089768		
27	0.439877	750	-1.806436	-63.896204		
28	0.424762	750	-1.77349	-65.669694		
29	0.409963	750	-1.74814	-67.417834		
30	0.395478	750	-1.709472	-69.127307		
31	0.381305	750	-1.667348	-70.794655		
32	0.36744	750	-1.626513	-72.421168		
33	0.353883	750	-1.660213	-74.08138		
34	0.34063	750	-1.614358	-75.695738		
35	0.32768	750	-1.596641	-77.292379		
36	0.31503	750	-1.534984	-78.827363		
37	0.302677	750	-1.546947	-80.37431		
38	0.290619	750	-1.525422	-81.899733		
39	0.278855	750	-1.456577	-83.356309		
40	0.267381	750	-1.493065	-84.849374		
41	0.256195	750	-1.373537	-86.222911		
42	0.245294	750	-1.385836	-87.608747		
43	0.234677	750	-1.366138	-88.974885		
44	0.22434	750	-1.303925	-90.27881		
45	0.214281	750	-1.249167	-91.527978		
46	0.204498	750	-1.250811	-92.778788		
47	0.194988	750	-1.23496	-94.013748		
48	0.185749	750	-1.255393	-95.269142		
49	0.176777	750	-1.184801	-96.453943		
50	0.16807	750	-1.157903	-97.611846		
51	0.159626	750	-1.119948	-98.731793		
52	0.151441	750	-1.121216	-99.85301		
53	0.143514	750	-1.054296	-100.907306		
54	0.135841	750	-1.036257	-101.943562		
55	0.12842	750	-1.014512	-102.958074		
56	0.121247	750	-0.995581	-103.953655		
57	0.11432	750	-0.963297	-104.916952		
58	0.107637	750	-0.930241	-105.847193		
59	0.101193	750	-0.940486	-106.787679		
60	0.094986	750	-0.873881	-107.66156		
61	0.089014	750	-0.85317	-108.51473		
62	0.083273	750	-0.816794	-109.331523		
63	0.07776	750	-0.786474	-110.117997		
64	0.072472	750	-0.770171	-110.888168		
65	0.067406	750	-0.75102	-111.639188		
66	0.062558	750	-0.723113	-112.362301		
67	0.057926	750	-0.658463	-113.020764		
68	0.053506	750	-0.660116	-113.68088		
69	0.049295	750	-0.643144	-114.324024		
70	0.045289	750	-0.615228	-114.939252		
71	0.041485	750	-0.564398	-115.50365		
72	0.03788	750	-0.55779	-116.06144		
73	0.034469	750	-0.548699	-116.610139		
74	0.03125	750	-0.501917	-117.112056		
75	0.028218	750	-0.480749	-117.592806		
76	0.02537	750	-0.453854	-118.04666		
77	0.022702	750	-0.430825	-118.477485		
78	0.020209	750	-0.398239	-118.875724		
79	0.017889	750	-0.378027	-119.253751		
80	0.015736	750	-0.350587	-119.604339		
81	0.013746	750	-0.331147	-119.935486		
82	0.011916	750	-0.314649	-120.250135		
83	0.01024	750	-0.287528	-120.537662		
84	0.008714	750	-0.263986	-120.801648		
85	0.007334	750	-0.234945	-121.036592		
86	0.006093	750	-0.213834	-121.250426		
87	0.004988	750	-0.203654	-121.45408		
88	0.004013	750	-0.170914	-121.624994		
89	0.003162	750	-0.148935	-121.773929		
90	0.00243	750	-0.128493	-121.902422		
91	0.00181	750	-0.112449	-122.014871		
92	0.001296	750	-0.092934	-122.107805		
93	0.000882	750	-0.072341	-122.180146		
94	0.000559	750	-0.058761	-122.238907		
95	0.00032	750	-0.042352	-122.28126		
96	0.000156	750	-0.031111	-122.312371		
97	0.000057	750	-0.019942	-122.332314		
98	0.00001	750	-0.008666	-122.340979		
99	0	750	-0.001842	-122.342822		
Log marginal likelihood:	-122.342822					
0	0.975187	750	-2.840426	-2.840426		
1	0.950747	750	-2.798994	-5.63942		
2	0.926679	750	-2.728612	-8.368031		
3	0.90298	750	-2.744465	-11.112497		
4	0.879648	750	-2.721029	-13.833526		
5	0.856682	750	-2.617538	-16.451065		
6	0.834079	750	-2.557968	-19.009033		
7	0.811838	750	-2.606567	-21.615599		
8	0.789957	750	-2.518025	-24.133624		
9	0.768433	750	-2.499435	-26.63306		
10	0.747266	750	-2.490124	-29.123184		
11	0.726452	750	-2.425837	-31.54902		
12	0.705989	750	-2.388083	-33.937104		
13	0.685877	750	-2.34801	-36.285114		
14	0.666112	750	-2.316196	-38.60131		
15	0.646693	750	-2.267918	-40.869228		
16	0.627618	750	-2.232152	-43.10138		
17	0.608884	750	-2.152224	-45.253604		
18	0.59049	750	-2.168861	-47.422464		
19	0.572433	750	-2.118379	-49.540844		
20	0.554712	750	-2.126419	-51.667263		
21	0.537324	750	-2.114955	-53.782218		
22	0.520268	750	-2.025633	-55.807852		
23	0.50354	750	-2.097404	-57.905255		
24	0.487139	750	-2.015682	-59.920938		
25	0.471063	750	-1.916781	-61.837718		
26	0.45531	750	-1.92463	-63.762348		
27	0.439877	750	-1.978614	-65.740963		
28	0.424762	750	-1.960564	-67.701526		
29	0.409963	750	-1.820198	-69.521725		
30	0.395478	750	-1.749513	-71.271237		
31	0.381305	750	-1.798604	-73.069841		
32	0.36744	750	-1.806386	-74.876228		
33	0.353883	750	-1.720599	-76.596827		
34	0.34063	750	-1.693384	-78.290211		
35	0.32768	750	-1.742394	-80.032605		
36	0.31503	750	-1.711648	-81.744253		
37	0.302677	750	-1.704161	-83.448414		
38	0.290619	750	-1.683782	-85.132196		
39	0.278855	750	-1.600096	-86.732292		
40	0.267381	750	-1.550824	-88.283116		
41	0.256195	750	-1.576441	-89.859557		
42	0.245294	750	-1.532293	-91.39185		
43	0.234677	750	-1.517542	-92.909392		
44	0.22434	750	-1.41957	-94.328961		
45	0.214281	750	-1.436833	-95.765795		
46	0.204498	750	-1.416522	-97.182317		
47	0.194988	750	-1.292911	-98.475228		
48	0.185749	750	-1.320415	-99.795643		
49	0.176777	750	-1.29548	-101.091123		
50	0.16807	750	-1.245041	-102.336164		
51	0.159626	750	-1.223303	-103.559468		
52	0.151441	750	-1.18745	-104.746917		
53	0.143514	750	-1.139366	-105.886284		
54	0.135841	750	-1.134043	-107.020327		
55	0.12842	750	-1.079259	-108.099585		
56	0.121247	750	-1.035034	-109.13462		
57	0.11432	750	-1.014735	-110.149354		
58	0.107637	750	-0.970769	-111.120123		
59	0.101193	750	-0.957162	-112.077285		
60	0.094986	750	-0.935345	-113.01263		
61	0.089014	750	-0.903577	-113.916207		
62	0.083273	750	-0.863469	-114.779676		
63	0.07776	750	-0.842194	-115.62187		
64	0.072472	750	-0.806511	-116.428381		
65	0.067406	750	-0.772652	-117.201034		
66	0.062558	750	-0.73945	-117.940483		
67	0.057926	750	-0.706137	-118.64662		
68	0.053506	750	-0.698252	-119.344872		
69	0.049295	750	-0.667533	-120.012406		
70	0.045289	750	-0.633865	-120.646271		
71	0.041485	750	-0.60075	-121.247021		
72	0.03788	750	-0.595844	-121.842865		
73	0.034469	750	-0.565257	-122.408122		
74	0.03125	750	-0.524804	-122.932925		
75	0.028218	750	-0.495749	-123.428674		
76	0.02537	750	-0.458821	-123.887495		
77	0.022702	750	-0.446311	-124.333806		
78	0.020209	750	-0.4148	-124.748606		
79	0.017889	750	-0.398991	-125.147597		
80	0.015736	750	-0.380354	-125.527951		
81	0.013746	750	-0.336732	-125.864682		
82	0.011916	750	-0.323297	-126.187979		
83	0.01024	750	-0.292385	-126.480364		
84	0.008714	750	-0.275294	-126.755659		
85	0.007334	750	-0.249143	-127.004802		
86	0.006093	750	-0.219384	-127.224185		
87	0.004988	750	-0.193764	-127.417949		
88	0.004013	750	-0.186746	-127.604695		
89	0.003162	750	-0.158473	-127.763168		
90	0.00243	750	-0.132066	-127.895234		
91	0.00181	750	-0.111605	-128.006839		
92	0.001296	750	-0.09515	-128.101988		
93	0.000882	750	-0.076338	-128.178327		
94	0.000559	750	-0.057499	-128.235826		
95	0.00032	750	-0.045693	-128.281519		
96	0.000156	750	-0.030456	-128.311975		
97	0.000057	750	-0.018575	-128.330551		
98	0.00001	750	-0.009537	-128.340088		
99	0	750	-0.001943	-128.34203		
Log marginal likelihood:	-128.34203					
