Steppingstone sampler:						-202.657998
        No Stones:                  100						-191.021775
        Start It:                   1010001						-200.494173
        It Per Stone:               1000						-185.228009
        Sample Freq:                1						-216.578613
"        Dist:                       Beta(0.400000,1.000000)"						-197.636556
Stone No	Power	N	Stone MLh	Running MLh		-176.483879
0	0.975187	750	-4.726373	-4.726373		-181.410338
1	0.950747	750	-4.645006	-9.37138		-193.285822
2	0.926679	750	-4.577687	-13.949067		-200.822556
3	0.90298	750	-4.496749	-18.445816		-196.189131
4	0.879648	750	-4.452072	-22.897888		-214.714804
5	0.856682	750	-4.374273	-27.272161		-199.359577
6	0.834079	750	-4.307197	-31.579358		-208.73349
7	0.811838	750	-4.260521	-35.839878		-186.289635
8	0.789957	750	-4.162496	-40.002375		-210.281124
9	0.768433	750	-4.106678	-44.109053		-209.976271
10	0.747266	750	-4.09113	-48.200183		-208.723804
11	0.726452	750	-3.981004	-52.181186		-217.701162
12	0.705989	750	-3.914082	-56.095269		-210.597773
13	0.685877	750	-3.847105	-59.942374		-209.51845
14	0.666112	750	-3.826381	-63.768755		-211.037644
15	0.646693	750	-3.718114	-67.486868		-201.895689
16	0.627618	750	-3.659465	-71.146333		-213.724312
17	0.608884	750	-3.584624	-74.730957		-206.511224
18	0.59049	750	-3.557566	-78.288524		-227.52146
19	0.572433	750	-3.511188	-81.799712		-186.362125
20	0.554712	750	-3.404619	-85.204331		-224.106118
21	0.537324	750	-3.341207	-88.545538		-205.367099
22	0.520268	750	-3.373804	-91.919342		-210.759875
23	0.50354	750	-3.229572	-95.148914		-195.342756
24	0.487139	750	-3.168326	-98.31724		-216.300687
25	0.471063	750	-3.228664	-101.545904		-195.757232
26	0.45531	750	-3.060742	-104.606646		-214.733962
27	0.439877	750	-2.982712	-107.589358		-188.757689
28	0.424762	750	-3.003131	-110.592489		-208.066461
29	0.409963	750	-2.935491	-113.52798		-207.28544
30	0.395478	750	-2.880273	-116.408253		-206.334976
31	0.381305	750	-2.816846	-119.225099		-202.621224
32	0.36744	750	-2.701165	-121.926263		-200.081263
33	0.353883	750	-2.707516	-124.63378		-199.252392
34	0.34063	750	-2.679518	-127.313297		-195.468816
35	0.32768	750	-2.721672	-130.034969		-205.953583
36	0.31503	750	-2.599097	-132.634066		-199.972547
37	0.302677	750	-2.492545	-135.12661		-190.254248
38	0.290619	750	-2.556399	-137.68301		-190.909891
39	0.278855	750	-2.437325	-140.120335		-210.27596
40	0.267381	750	-2.327526	-142.447861		-203.849326
41	0.256195	750	-2.310477	-144.758338		-193.029487
42	0.245294	750	-2.351883	-147.110221		-209.115735
43	0.234677	750	-2.303175	-149.413396		-206.376089
44	0.22434	750	-2.259335	-151.67273		-209.540313
45	0.214281	750	-2.166359	-153.839089		-188.051268
46	0.204498	750	-2.042024	-155.881113		-202.371958
47	0.194988	750	-2.036969	-157.918082		-213.360178
48	0.185749	750	-1.988113	-159.906194		-223.576992
49	0.176777	750	-1.907881	-161.814075		-202.672166
50	0.16807	750	-1.889005	-163.703081		-213.906888
51	0.159626	750	-1.811773	-165.514854		-207.057837
52	0.151441	750	-1.756128	-167.270982		-216.492518
53	0.143514	750	-1.710399	-168.981381		-184.229885
54	0.135841	750	-1.686901	-170.668282		-199.342869
55	0.12842	750	-1.616925	-172.285208		-200.882465
56	0.121247	750	-1.601617	-173.886825		-203.245628
57	0.11432	750	-1.534179	-175.421004		-205.491571
58	0.107637	750	-1.501126	-176.92213		-203.480276
59	0.101193	750	-1.458476	-178.380606		-205.405677
60	0.094986	750	-1.402271	-179.782877		-198.159398
61	0.089014	750	-1.351026	-181.133903		-190.019004
62	0.083273	750	-1.305861	-182.439765		-203.700977
63	0.07776	750	-1.25792	-183.697685		-188.149775
64	0.072472	750	-1.196318	-184.894003		-201.136046
65	0.067406	750	-1.151201	-186.045205		-197.247353
66	0.062558	750	-1.129157	-187.174362		-200.916235
67	0.057926	750	-1.084981	-188.259342		-223.686666
68	0.053506	750	-1.031181	-189.290523		-211.89747
69	0.049295	750	-0.971572	-190.262095		-198.697683
70	0.045289	750	-0.939008	-191.201103		-222.665105
71	0.041485	750	-0.890013	-192.091116		-208.79667
72	0.03788	750	-0.84717	-192.938286		-198.65142
73	0.034469	750	-0.801718	-193.740004		-199.7927
74	0.03125	750	-0.775367	-194.515371		-193.525034
75	0.028218	750	-0.73516	-195.250532		-194.948832
76	0.02537	750	-0.687875	-195.938407		-196.753454
77	0.022702	750	-0.667501	-196.605908		-204.383978
78	0.020209	750	-0.637562	-197.243469		-201.591792
79	0.017889	750	-0.572172	-197.815641		-197.648378
80	0.015736	750	-0.539428	-198.355068		-206.107039
81	0.013746	750	-0.519254	-198.874322		-194.872068
82	0.011916	750	-0.463966	-199.338289		-211.13657
83	0.01024	750	-0.43332	-199.771609		-208.028497
84	0.008714	750	-0.390221	-200.16183		-202.800544
85	0.007334	750	-0.381967	-200.543797		-210.289521
86	0.006093	750	-0.345691	-200.889488		-208.004802
87	0.004988	750	-0.317692	-201.207179		-197.33949
88	0.004013	750	-0.268575	-201.475755		-198.367898
89	0.003162	750	-0.246521	-201.722276		-202.089684
90	0.00243	750	-0.210567	-201.932843		-204.112122
91	0.00181	750	-0.184789	-202.117632		-195.31379
92	0.001296	750	-0.152279	-202.269911		-217.02304
93	0.000882	750	-0.122586	-202.392497		-203.1169177
94	0.000559	750	-0.098325	-202.490822		
95	0.00032	750	-0.071177	-202.561998		
96	0.000156	750	-0.049908	-202.611907		
97	0.000057	750	-0.029653	-202.64156		
98	0.00001	750	-0.013421	-202.654981		
99	0	750	-0.003017	-202.657998		
Log marginal likelihood:	-202.657998					
0	0.975187	750	-4.432932	-4.432932		
1	0.950747	750	-4.379476	-8.812408		
2	0.926679	750	-4.305356	-13.117764		
3	0.90298	750	-4.237006	-17.35477		
4	0.879648	750	-4.173622	-21.528392		
5	0.856682	750	-4.106549	-25.634942		
6	0.834079	750	-4.05891	-29.693852		
7	0.811838	750	-3.986337	-33.680188		
8	0.789957	750	-3.923741	-37.603929		
9	0.768433	750	-3.861444	-41.465374		
10	0.747266	750	-3.806713	-45.272087		
11	0.726452	750	-3.741516	-49.013603		
12	0.705989	750	-3.673465	-52.687068		
13	0.685877	750	-3.608905	-56.295973		
14	0.666112	750	-3.54005	-59.836023		
15	0.646693	750	-3.490998	-63.327021		
16	0.627618	750	-3.437268	-66.764289		
17	0.608884	750	-3.37542	-70.139709		
18	0.59049	750	-3.32087	-73.460578		
19	0.572433	750	-3.269541	-76.73012		
20	0.554712	750	-3.208521	-79.938641		
21	0.537324	750	-3.129002	-83.067643		
22	0.520268	750	-3.098735	-86.166378		
23	0.50354	750	-3.042289	-89.208666		
24	0.487139	750	-2.966961	-92.175628		
25	0.471063	750	-2.909379	-95.085007		
26	0.45531	750	-2.902178	-97.987185		
27	0.439877	750	-2.811303	-100.798488		
28	0.424762	750	-2.78658	-103.585068		
29	0.409963	750	-2.687155	-106.272223		
30	0.395478	750	-2.636237	-108.90846		
31	0.381305	750	-2.585516	-111.493976		
32	0.36744	750	-2.55553	-114.049507		
33	0.353883	750	-2.569372	-116.618879		
34	0.34063	750	-2.451624	-119.070503		
35	0.32768	750	-2.402359	-121.472862		
36	0.31503	750	-2.392908	-123.86577		
37	0.302677	750	-2.364318	-126.230088		
38	0.290619	750	-2.341227	-128.571315		
39	0.278855	750	-2.27704	-130.848355		
40	0.267381	750	-2.268395	-133.116751		
41	0.256195	750	-2.193616	-135.310367		
42	0.245294	750	-2.076679	-137.387045		
43	0.234677	750	-2.205923	-139.592969		
44	0.22434	750	-2.031052	-141.624021		
45	0.214281	750	-1.940156	-143.564177		
46	0.204498	750	-1.89606	-145.460237		
47	0.194988	750	-1.880398	-147.340635		
48	0.185749	750	-1.848394	-149.189028		
49	0.176777	750	-1.903542	-151.092571		
50	0.16807	750	-1.804084	-152.896655		
51	0.159626	750	-1.772038	-154.668693		
52	0.151441	750	-1.634021	-156.302714		
53	0.143514	750	-1.675426	-157.97814		
54	0.135841	750	-1.595641	-159.573781		
55	0.12842	750	-1.60623	-161.18001		
56	0.121247	750	-1.54542	-162.72543		
57	0.11432	750	-1.487543	-164.212973		
58	0.107637	750	-1.470196	-165.683169		
59	0.101193	750	-1.395636	-167.078805		
60	0.094986	750	-1.367273	-168.446079		
61	0.089014	750	-1.310324	-169.756402		
62	0.083273	750	-1.248366	-171.004769		
63	0.07776	750	-1.213909	-172.218678		
64	0.072472	750	-1.209737	-173.428414		
65	0.067406	750	-1.120837	-174.549252		
66	0.062558	750	-1.097488	-175.646739		
67	0.057926	750	-1.06266	-176.7094		
68	0.053506	750	-1.018411	-177.727811		
69	0.049295	750	-0.979079	-178.70689		
70	0.045289	750	-0.936468	-179.643358		
71	0.041485	750	-0.881318	-180.524676		
72	0.03788	750	-0.864029	-181.388705		
73	0.034469	750	-0.803087	-182.191793		
74	0.03125	750	-0.768132	-182.959925		
75	0.028218	750	-0.725816	-183.685741		
76	0.02537	750	-0.68554	-184.371281		
77	0.022702	750	-0.649457	-185.020738		
78	0.020209	750	-0.620228	-185.640966		
79	0.017889	750	-0.56369	-186.204656		
80	0.015736	750	-0.553496	-186.758152		
81	0.013746	750	-0.503055	-187.261206		
82	0.011916	750	-0.473788	-187.734994		
83	0.01024	750	-0.422932	-188.157926		
84	0.008714	750	-0.403059	-188.560985		
85	0.007334	750	-0.373459	-188.934445		
86	0.006093	750	-0.332467	-189.266911		
87	0.004988	750	-0.318758	-189.585669		
88	0.004013	750	-0.273047	-189.858717		
89	0.003162	750	-0.237863	-190.09658		
90	0.00243	750	-0.202453	-190.299032		
91	0.00181	750	-0.195715	-190.494747		
92	0.001296	750	-0.141159	-190.635906		
93	0.000882	750	-0.126208	-190.762114		
94	0.000559	750	-0.09534	-190.857454		
95	0.00032	750	-0.072379	-190.929833		
96	0.000156	750	-0.046521	-190.976355		
97	0.000057	750	-0.028181	-191.004535		
98	0.00001	750	-0.01422	-191.018756		
99	0	750	-0.003019	-191.021775		
Log marginal likelihood:	-191.021775					
0	0.975187	750	-4.654247	-4.654247		
1	0.950747	750	-4.58747	-9.241717		
2	0.926679	750	-4.525839	-13.767556		
3	0.90298	750	-4.447992	-18.215548		
4	0.879648	750	-4.393219	-22.608767		
5	0.856682	750	-4.305585	-26.914352		
6	0.834079	750	-4.248274	-31.162627		
7	0.811838	750	-4.18217	-35.344796		
8	0.789957	750	-4.121491	-39.466287		
9	0.768433	750	-4.04833	-43.514617		
10	0.747266	750	-3.983777	-47.498394		
11	0.726452	750	-3.940838	-51.439232		
12	0.705989	750	-3.859128	-55.29836		
13	0.685877	750	-3.802536	-59.100896		
14	0.666112	750	-3.868492	-62.969388		
15	0.646693	750	-3.656106	-66.625494		
16	0.627618	750	-3.631329	-70.256823		
17	0.608884	750	-3.537107	-73.79393		
18	0.59049	750	-3.50121	-77.29514		
19	0.572433	750	-3.421998	-80.717138		
20	0.554712	750	-3.406756	-84.123893		
21	0.537324	750	-3.371524	-87.495418		
22	0.520268	750	-3.255335	-90.750752		
23	0.50354	750	-3.241766	-93.992518		
24	0.487139	750	-3.120853	-97.113371		
25	0.471063	750	-3.129687	-100.243058		
26	0.45531	750	-3.036276	-103.279334		
27	0.439877	750	-3.027009	-106.306343		
28	0.424762	750	-2.904715	-109.211057		
29	0.409963	750	-2.95669	-112.167747		
30	0.395478	750	-2.795153	-114.9629		
31	0.381305	750	-2.828698	-117.791599		
32	0.36744	750	-2.714244	-120.505842		
33	0.353883	750	-2.669713	-123.175555		
34	0.34063	750	-2.647805	-125.823361		
35	0.32768	750	-2.647104	-128.470465		
36	0.31503	750	-2.555608	-131.026072		
37	0.302677	750	-2.477412	-133.503484		
38	0.290619	750	-2.480105	-135.983589		
39	0.278855	750	-2.455986	-138.439575		
40	0.267381	750	-2.328112	-140.767686		
41	0.256195	750	-2.274144	-143.04183		
42	0.245294	750	-2.204134	-145.245964		
43	0.234677	750	-2.153843	-147.399807		
44	0.22434	750	-2.136308	-149.536115		
45	0.214281	750	-2.029143	-151.565258		
46	0.204498	750	-2.079154	-153.644412		
47	0.194988	750	-1.968406	-155.612818		
48	0.185749	750	-2.037903	-157.650721		
49	0.176777	750	-1.947493	-159.598214		
50	0.16807	750	-1.856833	-161.455048		
51	0.159626	750	-1.72834	-163.183388		
52	0.151441	750	-1.748653	-164.932041		
53	0.143514	750	-1.771557	-166.703598		
54	0.135841	750	-1.692549	-168.396147		
55	0.12842	750	-1.675963	-170.07211		
56	0.121247	750	-1.604787	-171.676896		
57	0.11432	750	-1.535854	-173.21275		
58	0.107637	750	-1.504963	-174.717714		
59	0.101193	750	-1.45601	-176.173724		
60	0.094986	750	-1.378367	-177.552091		
61	0.089014	750	-1.332035	-178.884125		
62	0.083273	750	-1.285162	-180.169288		
63	0.07776	750	-1.253759	-181.423047		
64	0.072472	750	-1.186198	-182.609245		
65	0.067406	750	-1.174197	-183.783442		
66	0.062558	750	-1.129806	-184.913247		
67	0.057926	750	-1.080073	-185.99332		
68	0.053506	750	-1.035566	-187.028886		
69	0.049295	750	-0.972552	-188.001438		
70	0.045289	750	-0.944024	-188.945462		
71	0.041485	750	-0.90167	-189.847132		
72	0.03788	750	-0.856445	-190.703577		
73	0.034469	750	-0.812565	-191.516142		
74	0.03125	750	-0.77441	-192.290552		
75	0.028218	750	-0.735763	-193.026315		
76	0.02537	750	-0.696269	-193.722585		
77	0.022702	750	-0.655478	-194.378063		
78	0.020209	750	-0.634585	-195.012648		
79	0.017889	750	-0.583466	-195.596114		
80	0.015736	750	-0.558431	-196.154545		
81	0.013746	750	-0.495389	-196.649934		
82	0.011916	750	-0.479311	-197.129245		
83	0.01024	750	-0.455368	-197.584613		
84	0.008714	750	-0.417821	-198.002434		
85	0.007334	750	-0.375098	-198.377532		
86	0.006093	750	-0.335215	-198.712747		
87	0.004988	750	-0.30596	-199.018707		
88	0.004013	750	-0.272116	-199.290823		
89	0.003162	750	-0.246746	-199.537568		
90	0.00243	750	-0.230988	-199.768556		
91	0.00181	750	-0.19041	-199.958966		
92	0.001296	750	-0.143643	-200.102609		
93	0.000882	750	-0.122916	-200.225524		
94	0.000559	750	-0.096943	-200.322468		
95	0.00032	750	-0.073993	-200.396461		
96	0.000156	750	-0.049669	-200.44613		
97	0.000057	750	-0.030906	-200.477036		
98	0.00001	750	-0.014264	-200.491301		
99	0	750	-0.002873	-200.494173		
Log marginal likelihood:	-200.494173					
0	0.975187	750	-4.266457	-4.266457		
1	0.950747	750	-4.210294	-8.476751		
2	0.926679	750	-4.143805	-12.620556		
3	0.90298	750	-4.081407	-16.701963		
4	0.879648	750	-4.026846	-20.72881		
5	0.856682	750	-3.964304	-24.693113		
6	0.834079	750	-3.898257	-28.59137		
7	0.811838	750	-3.84931	-32.440681		
8	0.789957	750	-3.783806	-36.224487		
9	0.768433	750	-3.714034	-39.938521		
10	0.747266	750	-3.654296	-43.592817		
11	0.726452	750	-3.613685	-47.206502		
12	0.705989	750	-3.547303	-50.753806		
13	0.685877	750	-3.482476	-54.236281		
14	0.666112	750	-3.417655	-57.653937		
15	0.646693	750	-3.366907	-61.020844		
16	0.627618	750	-3.302804	-64.323648		
17	0.608884	750	-3.272313	-67.59596		
18	0.59049	750	-3.193147	-70.789108		
19	0.572433	750	-3.165008	-73.954115		
20	0.554712	750	-3.086807	-77.040923		
21	0.537324	750	-3.036956	-80.077879		
22	0.520268	750	-2.978128	-83.056006		
23	0.50354	750	-2.913221	-85.969228		
24	0.487139	750	-2.867285	-88.836512		
25	0.471063	750	-2.853267	-91.68978		
26	0.45531	750	-2.800152	-94.489932		
27	0.439877	750	-2.755572	-97.245504		
28	0.424762	750	-2.678796	-99.9243		
29	0.409963	750	-2.605304	-102.529605		
30	0.395478	750	-2.584426	-105.11403		
31	0.381305	750	-2.541087	-107.655117		
32	0.36744	750	-2.475178	-110.130295		
33	0.353883	750	-2.509902	-112.640197		
34	0.34063	750	-2.427871	-115.068069		
35	0.32768	750	-2.324109	-117.392178		
36	0.31503	750	-2.282091	-119.674269		
37	0.302677	750	-2.28455	-121.958819		
38	0.290619	750	-2.229369	-124.188188		
39	0.278855	750	-2.172507	-126.360695		
40	0.267381	750	-2.151428	-128.512123		
41	0.256195	750	-2.088813	-130.600936		
42	0.245294	750	-2.033815	-132.634751		
43	0.234677	750	-1.966163	-134.600914		
44	0.22434	750	-1.960618	-136.561532		
45	0.214281	750	-1.991151	-138.552683		
46	0.204498	750	-1.970439	-140.523122		
47	0.194988	750	-1.825219	-142.348341		
48	0.185749	750	-1.822923	-144.171264		
49	0.176777	750	-1.838713	-146.009977		
50	0.16807	750	-1.765506	-147.775483		
51	0.159626	750	-1.76024	-149.535723		
52	0.151441	750	-1.699932	-151.235655		
53	0.143514	750	-1.684746	-152.9204		
54	0.135841	750	-1.568848	-154.489248		
55	0.12842	750	-1.591291	-156.080539		
56	0.121247	750	-1.515587	-157.596125		
57	0.11432	750	-1.441525	-159.037651		
58	0.107637	750	-1.384735	-160.422386		
59	0.101193	750	-1.383888	-161.806273		
60	0.094986	750	-1.352668	-163.158941		
61	0.089014	750	-1.288369	-164.44731		
62	0.083273	750	-1.241582	-165.688893		
63	0.07776	750	-1.178903	-166.867795		
64	0.072472	750	-1.168253	-168.036048		
65	0.067406	750	-1.106185	-169.142233		
66	0.062558	750	-1.086517	-170.22875		
67	0.057926	750	-1.040661	-171.269411		
68	0.053506	750	-0.995407	-172.264819		
69	0.049295	750	-0.939376	-173.204194		
70	0.045289	750	-0.917952	-174.122146		
71	0.041485	750	-0.861656	-174.983802		
72	0.03788	750	-0.832613	-175.816415		
73	0.034469	750	-0.772127	-176.588541		
74	0.03125	750	-0.746797	-177.335338		
75	0.028218	750	-0.707552	-178.04289		
76	0.02537	750	-0.660388	-178.703278		
77	0.022702	750	-0.628836	-179.332114		
78	0.020209	750	-0.603215	-179.935329		
79	0.017889	750	-0.568826	-180.504155		
80	0.015736	750	-0.519695	-181.02385		
81	0.013746	750	-0.489501	-181.51335		
82	0.011916	750	-0.458977	-181.972327		
83	0.01024	750	-0.4313	-182.403627		
84	0.008714	750	-0.405243	-182.80887		
85	0.007334	750	-0.366775	-183.175645		
86	0.006093	750	-0.322602	-183.498247		
87	0.004988	750	-0.294859	-183.793106		
88	0.004013	750	-0.277444	-184.07055		
89	0.003162	750	-0.245582	-184.316132		
90	0.00243	750	-0.221472	-184.537604		
91	0.00181	750	-0.174932	-184.712536		
92	0.001296	750	-0.143233	-184.855769		
93	0.000882	750	-0.122359	-184.978128		
94	0.000559	750	-0.090549	-185.068677		
95	0.00032	750	-0.065314	-185.133991		
96	0.000156	750	-0.048419	-185.18241		
97	0.000057	750	-0.028832	-185.211242		
98	0.00001	750	-0.013774	-185.225015		
99	0	750	-0.002994	-185.228009		
Log marginal likelihood:	-185.228009					
0	0.975187	750	-5.111804	-5.111804		
1	0.950747	750	-5.01803	-10.129834		
2	0.926679	750	-4.945553	-15.075387		
3	0.90298	750	-4.867662	-19.943049		
4	0.879648	750	-4.860684	-24.803733		
5	0.856682	750	-4.773377	-29.577111		
6	0.834079	750	-4.649707	-34.226818		
7	0.811838	750	-4.584475	-38.811293		
8	0.789957	750	-4.542482	-43.353775		
9	0.768433	750	-4.439321	-47.793096		
10	0.747266	750	-4.401165	-52.19426		
11	0.726452	750	-4.39819	-56.59245		
12	0.705989	750	-4.310081	-60.902532		
13	0.685877	750	-4.150751	-65.053282		
14	0.666112	750	-4.077411	-69.130693		
15	0.646693	750	-4.069943	-73.200636		
16	0.627618	750	-3.991276	-77.191912		
17	0.608884	750	-3.974147	-81.166059		
18	0.59049	750	-3.833479	-84.999538		
19	0.572433	750	-3.900406	-88.899945		
20	0.554712	750	-3.711067	-92.611012		
21	0.537324	750	-3.672177	-96.283188		
22	0.520268	750	-3.614876	-99.898064		
23	0.50354	750	-3.562388	-103.460452		
24	0.487139	750	-3.451694	-106.912147		
25	0.471063	750	-3.367113	-110.27926		
26	0.45531	750	-3.375759	-113.655019		
27	0.439877	750	-3.286018	-116.941037		
28	0.424762	750	-3.239503	-120.180541		
29	0.409963	750	-3.246146	-123.426687		
30	0.395478	750	-3.072414	-126.499102		
31	0.381305	750	-3.013348	-129.51245		
32	0.36744	750	-2.963161	-132.475611		
33	0.353883	750	-2.95393	-135.429541		
34	0.34063	750	-2.881324	-138.310865		
35	0.32768	750	-2.743357	-141.054221		
36	0.31503	750	-2.780614	-143.834835		
37	0.302677	750	-2.769239	-146.604074		
38	0.290619	750	-2.643699	-149.247773		
39	0.278855	750	-2.637989	-151.885762		
40	0.267381	750	-2.573361	-154.459122		
41	0.256195	750	-2.456337	-156.915459		
42	0.245294	750	-2.440244	-159.355704		
43	0.234677	750	-2.372482	-161.728186		
44	0.22434	750	-2.305844	-164.03403		
45	0.214281	750	-2.258133	-166.292163		
46	0.204498	750	-2.177563	-168.469726		
47	0.194988	750	-2.109898	-170.579624		
48	0.185749	750	-2.101967	-172.681591		
49	0.176777	750	-2.044186	-174.725777		
50	0.16807	750	-1.912441	-176.638217		
51	0.159626	750	-1.931467	-178.569684		
52	0.151441	750	-1.853282	-180.422967		
53	0.143514	750	-1.762549	-182.185515		
54	0.135841	750	-1.744607	-183.930122		
55	0.12842	750	-1.678769	-185.608891		
56	0.121247	750	-1.622496	-187.231387		
57	0.11432	750	-1.584531	-188.815919		
58	0.107637	750	-1.511847	-190.327766		
59	0.101193	750	-1.488652	-191.816418		
60	0.094986	750	-1.416869	-193.233287		
61	0.089014	750	-1.377581	-194.610868		
62	0.083273	750	-1.303498	-195.914366		
63	0.07776	750	-1.302615	-197.216982		
64	0.072472	750	-1.236813	-198.453795		
65	0.067406	750	-1.17895	-199.632745		
66	0.062558	750	-1.139798	-200.772543		
67	0.057926	750	-1.089238	-201.861781		
68	0.053506	750	-1.050673	-202.912454		
69	0.049295	750	-0.993806	-203.90626		
70	0.045289	750	-0.976164	-204.882424		
71	0.041485	750	-0.913804	-205.796228		
72	0.03788	750	-0.86796	-206.664188		
73	0.034469	750	-0.823393	-207.487581		
74	0.03125	750	-0.790592	-208.278173		
75	0.028218	750	-0.749343	-209.027516		
76	0.02537	750	-0.708681	-209.736198		
77	0.022702	750	-0.658153	-210.394351		
78	0.020209	750	-0.619935	-211.014285		
79	0.017889	750	-0.589847	-211.604132		
80	0.015736	750	-0.555336	-212.159468		
81	0.013746	750	-0.531992	-212.69146		
82	0.011916	750	-0.479025	-213.170485		
83	0.01024	750	-0.452629	-213.623114		
84	0.008714	750	-0.42797	-214.051084		
85	0.007334	750	-0.369371	-214.420455		
86	0.006093	750	-0.341911	-214.762366		
87	0.004988	750	-0.310903	-215.073269		
88	0.004013	750	-0.292122	-215.365391		
89	0.003162	750	-0.249484	-215.614875		
90	0.00243	750	-0.212765	-215.82764		
91	0.00181	750	-0.189889	-216.017529		
92	0.001296	750	-0.158437	-216.175966		
93	0.000882	750	-0.129861	-216.305828		
94	0.000559	750	-0.094726	-216.400553		
95	0.00032	750	-0.08205	-216.482604		
96	0.000156	750	-0.049165	-216.531769		
97	0.000057	750	-0.030552	-216.56232		
98	0.00001	750	-0.013239	-216.575559		
99	0	750	-0.003053	-216.578613		
Log marginal likelihood:	-216.578613					
0	0.975187	750	-4.590566	-4.590566		
1	0.950747	750	-4.509678	-9.100244		
2	0.926679	750	-4.461447	-13.561692		
3	0.90298	750	-4.383516	-17.945207		
4	0.879648	750	-4.306797	-22.252005		
5	0.856682	750	-4.254405	-26.506409		
6	0.834079	750	-4.181113	-30.687523		
7	0.811838	750	-4.122105	-34.809628		
8	0.789957	750	-4.054579	-38.864207		
9	0.768433	750	-3.989094	-42.853301		
10	0.747266	750	-3.943173	-46.796474		
11	0.726452	750	-3.857982	-50.654456		
12	0.705989	750	-3.791639	-54.446095		
13	0.685877	750	-3.829678	-58.275773		
14	0.666112	750	-3.668176	-61.943949		
15	0.646693	750	-3.612673	-65.556622		
16	0.627618	750	-3.5425	-69.099123		
17	0.608884	750	-3.510105	-72.609228		
18	0.59049	750	-3.44043	-76.049658		
19	0.572433	750	-3.366793	-79.416452		
20	0.554712	750	-3.320274	-82.736725		
21	0.537324	750	-3.252343	-85.989068		
22	0.520268	750	-3.196684	-89.185752		
23	0.50354	750	-3.166672	-92.352424		
24	0.487139	750	-3.066367	-95.418791		
25	0.471063	750	-3.032787	-98.451579		
26	0.45531	750	-2.958412	-101.409991		
27	0.439877	750	-2.950571	-104.360561		
28	0.424762	750	-2.882489	-107.24305		
29	0.409963	750	-2.908066	-110.151116		
30	0.395478	750	-2.793913	-112.945029		
31	0.381305	750	-2.697204	-115.642233		
32	0.36744	750	-2.750182	-118.392415		
33	0.353883	750	-2.674393	-121.066808		
34	0.34063	750	-2.567658	-123.634466		
35	0.32768	750	-2.517246	-126.151712		
36	0.31503	750	-2.50838	-128.660092		
37	0.302677	750	-2.518443	-131.178535		
38	0.290619	750	-2.545942	-133.724477		
39	0.278855	750	-2.352827	-136.077304		
40	0.267381	750	-2.262445	-138.339749		
41	0.256195	750	-2.217856	-140.557605		
42	0.245294	750	-2.167204	-142.724808		
43	0.234677	750	-2.121409	-144.846218		
44	0.22434	750	-2.111948	-146.958166		
45	0.214281	750	-2.136834	-149.094999		
46	0.204498	750	-1.989078	-151.084078		
47	0.194988	750	-2.058915	-153.142993		
48	0.185749	750	-1.883614	-155.026607		
49	0.176777	750	-1.856178	-156.882785		
50	0.16807	750	-1.879379	-158.762165		
51	0.159626	750	-1.769001	-160.531166		
52	0.151441	750	-1.667857	-162.199023		
53	0.143514	750	-1.782231	-163.981254		
54	0.135841	750	-1.748057	-165.729311		
55	0.12842	750	-1.604223	-167.333535		
56	0.121247	750	-1.558431	-168.891965		
57	0.11432	750	-1.491184	-170.383149		
58	0.107637	750	-1.467937	-171.851086		
59	0.101193	750	-1.393612	-173.244697		
60	0.094986	750	-1.395944	-174.640641		
61	0.089014	750	-1.363648	-176.004289		
62	0.083273	750	-1.293649	-177.297938		
63	0.07776	750	-1.247332	-178.54527		
64	0.072472	750	-1.219587	-179.764858		
65	0.067406	750	-1.165639	-180.930497		
66	0.062558	750	-1.114017	-182.044514		
67	0.057926	750	-1.082809	-183.127323		
68	0.053506	750	-1.052319	-184.179641		
69	0.049295	750	-0.980093	-185.159734		
70	0.045289	750	-0.936169	-186.095903		
71	0.041485	750	-0.897398	-186.993301		
72	0.03788	750	-0.840383	-187.833684		
73	0.034469	750	-0.810062	-188.643746		
74	0.03125	750	-0.778392	-189.422138		
75	0.028218	750	-0.736305	-190.158443		
76	0.02537	750	-0.703758	-190.8622		
77	0.022702	750	-0.674437	-191.536637		
78	0.020209	750	-0.618355	-192.154992		
79	0.017889	750	-0.575813	-192.730805		
80	0.015736	750	-0.553859	-193.284664		
81	0.013746	750	-0.523568	-193.808232		
82	0.011916	750	-0.481661	-194.289893		
83	0.01024	750	-0.430789	-194.720682		
84	0.008714	750	-0.403377	-195.124059		
85	0.007334	750	-0.372168	-195.496227		
86	0.006093	750	-0.35488	-195.851107		
87	0.004988	750	-0.312532	-196.163638		
88	0.004013	750	-0.29067	-196.454308		
89	0.003162	750	-0.23379	-196.688098		
90	0.00243	750	-0.214302	-196.9024		
91	0.00181	750	-0.178767	-197.081167		
92	0.001296	750	-0.146834	-197.228002		
93	0.000882	750	-0.129636	-197.357637		
94	0.000559	750	-0.101755	-197.459392		
95	0.00032	750	-0.077765	-197.537157		
96	0.000156	750	-0.050641	-197.587798		
97	0.000057	750	-0.030079	-197.617877		
98	0.00001	750	-0.015334	-197.633211		
99	0	750	-0.003345	-197.636556		
Log marginal likelihood:	-197.636556					
0	0.975187	750	-4.019347	-4.019347		
1	0.950747	750	-3.979624	-7.998971		
2	0.926679	750	-3.925761	-11.924731		
3	0.90298	750	-3.860851	-15.785582		
4	0.879648	750	-3.815401	-19.600983		
5	0.856682	750	-3.73767	-23.338653		
6	0.834079	750	-3.684236	-27.022889		
7	0.811838	750	-3.630079	-30.652968		
8	0.789957	750	-3.563716	-34.216684		
9	0.768433	750	-3.498459	-37.715143		
10	0.747266	750	-3.455405	-41.170548		
11	0.726452	750	-3.399805	-44.570353		
12	0.705989	750	-3.344873	-47.915226		
13	0.685877	750	-3.285581	-51.200807		
14	0.666112	750	-3.233727	-54.434533		
15	0.646693	750	-3.164977	-57.59951		
16	0.627618	750	-3.125829	-60.725339		
17	0.608884	750	-3.067267	-63.792606		
18	0.59049	750	-3.021998	-66.814605		
19	0.572433	750	-2.976007	-69.790612		
20	0.554712	750	-2.904307	-72.694919		
21	0.537324	750	-2.860165	-75.555084		
22	0.520268	750	-2.816432	-78.371516		
23	0.50354	750	-2.762839	-81.134355		
24	0.487139	750	-2.719147	-83.853502		
25	0.471063	750	-2.653263	-86.506765		
26	0.45531	750	-2.619103	-89.125869		
27	0.439877	750	-2.568621	-91.69449		
28	0.424762	750	-2.526039	-94.220528		
29	0.409963	750	-2.458779	-96.679307		
30	0.395478	750	-2.421424	-99.100732		
31	0.381305	750	-2.35627	-101.457001		
32	0.36744	750	-2.321674	-103.778676		
33	0.353883	750	-2.305324	-106.084		
34	0.34063	750	-2.217582	-108.301582		
35	0.32768	750	-2.189039	-110.490621		
36	0.31503	750	-2.160997	-112.651618		
37	0.302677	750	-2.110041	-114.761659		
38	0.290619	750	-2.077207	-116.838866		
39	0.278855	750	-2.045368	-118.884234		
40	0.267381	750	-1.980764	-120.864997		
41	0.256195	750	-1.917004	-122.782001		
42	0.245294	750	-1.94975	-124.731751		
43	0.234677	750	-1.816076	-126.547827		
44	0.22434	750	-1.854005	-128.401832		
45	0.214281	750	-1.795357	-130.197189		
46	0.204498	750	-1.916087	-132.113276		
47	0.194988	750	-1.735304	-133.848581		
48	0.185749	750	-1.728284	-135.576864		
49	0.176777	750	-1.707629	-137.284494		
50	0.16807	750	-1.719291	-139.003785		
51	0.159626	750	-1.592438	-140.596222		
52	0.151441	750	-1.579457	-142.175679		
53	0.143514	750	-1.570947	-143.746627		
54	0.135841	750	-1.568626	-145.315253		
55	0.12842	750	-1.62084	-146.936092		
56	0.121247	750	-1.501002	-148.437094		
57	0.11432	750	-1.441901	-149.878996		
58	0.107637	750	-1.379026	-151.258021		
59	0.101193	750	-1.347141	-152.605162		
60	0.094986	750	-1.336059	-153.941221		
61	0.089014	750	-1.294046	-155.235267		
62	0.083273	750	-1.283806	-156.519073		
63	0.07776	750	-1.226051	-157.745124		
64	0.072472	750	-1.182088	-158.927212		
65	0.067406	750	-1.141893	-160.069105		
66	0.062558	750	-1.118659	-161.187764		
67	0.057926	750	-1.044135	-162.2319		
68	0.053506	750	-1.013359	-163.245259		
69	0.049295	750	-0.960675	-164.205934		
70	0.045289	750	-0.925217	-165.131151		
71	0.041485	750	-0.866113	-165.997264		
72	0.03788	750	-0.859546	-166.85681		
73	0.034469	750	-0.815046	-167.671857		
74	0.03125	750	-0.7628	-168.434657		
75	0.028218	750	-0.731162	-169.165819		
76	0.02537	750	-0.699581	-169.8654		
77	0.022702	750	-0.65017	-170.515571		
78	0.020209	750	-0.620726	-171.136297		
79	0.017889	750	-0.583057	-171.719354		
80	0.015736	750	-0.532927	-172.252281		
81	0.013746	750	-0.505847	-172.758127		
82	0.011916	750	-0.470785	-173.228913		
83	0.01024	750	-0.426008	-173.654921		
84	0.008714	750	-0.392493	-174.047414		
85	0.007334	750	-0.373944	-174.421358		
86	0.006093	750	-0.336098	-174.757456		
87	0.004988	750	-0.293186	-175.050642		
88	0.004013	750	-0.272175	-175.322817		
89	0.003162	750	-0.230278	-175.553095		
90	0.00243	750	-0.212659	-175.765754		
91	0.00181	750	-0.173151	-175.938906		
92	0.001296	750	-0.152882	-176.091788		
93	0.000882	750	-0.125428	-176.217215		
94	0.000559	750	-0.094776	-176.311991		
95	0.00032	750	-0.075106	-176.387098		
96	0.000156	750	-0.050548	-176.437646		
97	0.000057	750	-0.029283	-176.466929		
98	0.00001	750	-0.013957	-176.480886		
99	0	750	-0.002994	-176.483879		
Log marginal likelihood:	-176.483879					
0	0.975187	750	-4.174224	-4.174224		
1	0.950747	750	-4.122604	-8.296828		
2	0.926679	750	-4.061827	-12.358655		
3	0.90298	750	-4.005583	-16.364238		
4	0.879648	750	-3.932184	-20.296422		
5	0.856682	750	-3.877507	-24.173929		
6	0.834079	750	-3.810877	-27.984805		
7	0.811838	750	-3.747794	-31.732599		
8	0.789957	750	-3.685693	-35.418292		
9	0.768433	750	-3.636314	-39.054605		
10	0.747266	750	-3.588945	-42.64355		
11	0.726452	750	-3.524412	-46.167962		
12	0.705989	750	-3.474635	-49.642598		
13	0.685877	750	-3.400603	-53.043201		
14	0.666112	750	-3.343735	-56.386936		
15	0.646693	750	-3.291313	-59.678249		
16	0.627618	750	-3.254998	-62.933247		
17	0.608884	750	-3.172885	-66.106132		
18	0.59049	750	-3.122805	-69.228937		
19	0.572433	750	-3.082941	-72.311878		
20	0.554712	750	-3.026426	-75.338304		
21	0.537324	750	-2.969001	-78.307305		
22	0.520268	750	-2.923835	-81.231139		
23	0.50354	750	-3.013574	-84.244713		
24	0.487139	750	-2.823422	-87.068135		
25	0.471063	750	-2.738866	-89.807001		
26	0.45531	750	-2.704157	-92.511158		
27	0.439877	750	-2.672795	-95.183954		
28	0.424762	750	-2.601686	-97.78564		
29	0.409963	750	-2.563384	-100.349024		
30	0.395478	750	-2.513949	-102.862973		
31	0.381305	750	-2.491549	-105.354522		
32	0.36744	750	-2.461711	-107.816233		
33	0.353883	750	-2.38355	-110.199782		
34	0.34063	750	-2.368038	-112.56782		
35	0.32768	750	-2.313918	-114.881738		
36	0.31503	750	-2.231459	-117.113197		
37	0.302677	750	-2.17901	-119.292206		
38	0.290619	750	-2.135951	-121.428158		
39	0.278855	750	-2.128331	-123.556489		
40	0.267381	750	-2.155037	-125.711525		
41	0.256195	750	-2.010816	-127.722341		
42	0.245294	750	-1.962329	-129.68467		
43	0.234677	750	-1.981903	-131.666573		
44	0.22434	750	-1.867157	-133.53373		
45	0.214281	750	-1.889659	-135.423389		
46	0.204498	750	-1.881759	-137.305148		
47	0.194988	750	-1.898894	-139.204042		
48	0.185749	750	-1.733965	-140.938008		
49	0.176777	750	-1.633903	-142.571911		
50	0.16807	750	-1.762348	-144.334259		
51	0.159626	750	-1.714	-146.048259		
52	0.151441	750	-1.635416	-147.683674		
53	0.143514	750	-1.594753	-149.278427		
54	0.135841	750	-1.619662	-150.898089		
55	0.12842	750	-1.485504	-152.383592		
56	0.121247	750	-1.493929	-153.877521		
57	0.11432	750	-1.466175	-155.343696		
58	0.107637	750	-1.3902	-156.733896		
59	0.101193	750	-1.318064	-158.05196		
60	0.094986	750	-1.343889	-159.395849		
61	0.089014	750	-1.240688	-160.636537		
62	0.083273	750	-1.155161	-161.791699		
63	0.07776	750	-1.216495	-163.008194		
64	0.072472	750	-1.155677	-164.163871		
65	0.067406	750	-1.102478	-165.266349		
66	0.062558	750	-1.072312	-166.338661		
67	0.057926	750	-1.033542	-167.372202		
68	0.053506	750	-0.985397	-168.3576		
69	0.049295	750	-0.959972	-169.317572		
70	0.045289	750	-0.889071	-170.206643		
71	0.041485	750	-0.865258	-171.071901		
72	0.03788	750	-0.817075	-171.888976		
73	0.034469	750	-0.795467	-172.684443		
74	0.03125	750	-0.755396	-173.439839		
75	0.028218	750	-0.715823	-174.155663		
76	0.02537	750	-0.684807	-174.84047		
77	0.022702	750	-0.644595	-175.485065		
78	0.020209	750	-0.602711	-176.087777		
79	0.017889	750	-0.563212	-176.650989		
80	0.015736	750	-0.53409	-177.185079		
81	0.013746	750	-0.495009	-177.680088		
82	0.011916	750	-0.471971	-178.152059		
83	0.01024	750	-0.436489	-178.588549		
84	0.008714	750	-0.393452	-178.982001		
85	0.007334	750	-0.362713	-179.344714		
86	0.006093	750	-0.338136	-179.68285		
87	0.004988	750	-0.295876	-179.978726		
88	0.004013	750	-0.278357	-180.257083		
89	0.003162	750	-0.235136	-180.492219		
90	0.00243	750	-0.22123	-180.71345		
91	0.00181	750	-0.17042	-180.88387		
92	0.001296	750	-0.147505	-181.031374		
93	0.000882	750	-0.1139	-181.145274		
94	0.000559	750	-0.09802	-181.243294		
95	0.00032	750	-0.069389	-181.312684		
96	0.000156	750	-0.051766	-181.36445		
97	0.000057	750	-0.02963	-181.394079		
98	0.00001	750	-0.013257	-181.407337		
99	0	750	-0.003001	-181.410338		
Log marginal likelihood:	-181.410338					
0	0.975187	750	-4.498671	-4.498671		
1	0.950747	750	-4.435583	-8.934254		
2	0.926679	750	-4.372982	-13.307236		
3	0.90298	750	-4.310158	-17.617395		
4	0.879648	750	-4.247131	-21.864526		
5	0.856682	750	-4.193943	-26.058469		
6	0.834079	750	-4.108428	-30.166897		
7	0.811838	750	-4.112841	-34.279738		
8	0.789957	750	-3.985769	-38.265507		
9	0.768433	750	-3.924923	-42.190431		
10	0.747266	750	-3.858202	-46.048632		
11	0.726452	750	-3.790965	-49.839598		
12	0.705989	750	-3.731018	-53.570616		
13	0.685877	750	-3.667922	-57.238537		
14	0.666112	750	-3.632128	-60.870665		
15	0.646693	750	-3.550241	-64.420906		
16	0.627618	750	-3.506476	-67.927381		
17	0.608884	750	-3.44728	-71.374662		
18	0.59049	750	-3.380534	-74.755196		
19	0.572433	750	-3.387921	-78.143117		
20	0.554712	750	-3.250742	-81.39386		
21	0.537324	750	-3.201428	-84.595287		
22	0.520268	750	-3.143714	-87.739001		
23	0.50354	750	-3.081875	-90.820876		
24	0.487139	750	-3.025708	-93.846583		
25	0.471063	750	-2.978583	-96.825167		
26	0.45531	750	-3.028372	-99.853538		
27	0.439877	750	-2.903374	-102.756913		
28	0.424762	750	-2.86892	-105.625833		
29	0.409963	750	-2.752469	-108.378302		
30	0.395478	750	-2.734419	-111.112721		
31	0.381305	750	-2.736007	-113.848729		
32	0.36744	750	-2.613663	-116.462392		
33	0.353883	750	-2.645917	-119.108308		
34	0.34063	750	-2.518554	-121.626863		
35	0.32768	750	-2.435324	-124.062187		
36	0.31503	750	-2.403721	-126.465908		
37	0.302677	750	-2.36949	-128.835398		
38	0.290619	750	-2.363214	-131.198612		
39	0.278855	750	-2.27315	-133.471762		
40	0.267381	750	-2.223113	-135.694875		
41	0.256195	750	-2.228303	-137.923178		
42	0.245294	750	-2.121153	-140.044331		
43	0.234677	750	-2.082479	-142.126811		
44	0.22434	750	-2.008179	-144.13499		
45	0.214281	750	-1.948558	-146.083548		
46	0.204498	750	-1.96415	-148.047698		
47	0.194988	750	-1.994386	-150.042084		
48	0.185749	750	-1.887341	-151.929426		
49	0.176777	750	-1.826727	-153.756153		
50	0.16807	750	-1.72199	-155.478143		
51	0.159626	750	-1.801527	-157.27967		
52	0.151441	750	-1.68859	-158.96826		
53	0.143514	750	-1.637727	-160.605987		
54	0.135841	750	-1.585552	-162.191538		
55	0.12842	750	-1.559397	-163.750935		
56	0.121247	750	-1.467714	-165.21865		
57	0.11432	750	-1.510558	-166.729208		
58	0.107637	750	-1.432534	-168.161742		
59	0.101193	750	-1.390333	-169.552075		
60	0.094986	750	-1.370858	-170.922933		
61	0.089014	750	-1.312437	-172.23537		
62	0.083273	750	-1.294876	-173.530246		
63	0.07776	750	-1.18928	-174.719525		
64	0.072472	750	-1.144013	-175.863538		
65	0.067406	750	-1.147061	-177.010598		
66	0.062558	750	-1.086288	-178.096886		
67	0.057926	750	-1.039913	-179.136799		
68	0.053506	750	-1.000142	-180.136942		
69	0.049295	750	-0.962528	-181.099469		
70	0.045289	750	-0.923291	-182.022761		
71	0.041485	750	-0.86291	-182.885671		
72	0.03788	750	-0.833367	-183.719038		
73	0.034469	750	-0.798546	-184.517584		
74	0.03125	750	-0.763424	-185.281008		
75	0.028218	750	-0.71034	-185.991348		
76	0.02537	750	-0.680237	-186.671585		
77	0.022702	750	-0.652515	-187.3241		
78	0.020209	750	-0.624518	-187.948617		
79	0.017889	750	-0.551831	-188.500448		
80	0.015736	750	-0.53421	-189.034658		
81	0.013746	750	-0.50152	-189.536178		
82	0.011916	750	-0.468686	-190.004864		
83	0.01024	750	-0.452328	-190.457193		
84	0.008714	750	-0.398915	-190.856108		
85	0.007334	750	-0.365541	-191.221649		
86	0.006093	750	-0.335672	-191.557321		
87	0.004988	750	-0.305069	-191.86239		
88	0.004013	750	-0.269583	-192.131973		
89	0.003162	750	-0.242707	-192.37468		
90	0.00243	750	-0.206026	-192.580706		
91	0.00181	750	-0.173512	-192.754218		
92	0.001296	750	-0.15163	-192.905848		
93	0.000882	750	-0.118882	-193.024729		
94	0.000559	750	-0.095966	-193.120696		
95	0.00032	750	-0.070756	-193.191452		
96	0.000156	750	-0.048409	-193.23986		
97	0.000057	750	-0.02931	-193.26917		
98	0.00001	750	-0.01368	-193.28285		
99	0	750	-0.002972	-193.285822		
Log marginal likelihood:	-193.285822					
0	0.975187	750	-4.663426	-4.663426		
1	0.950747	750	-4.607652	-9.271078		
2	0.926679	750	-4.530768	-13.801846		
3	0.90298	750	-4.496665	-18.298511		
4	0.879648	750	-4.404518	-22.703028		
5	0.856682	750	-4.328552	-27.03158		
6	0.834079	750	-4.261001	-31.292581		
7	0.811838	750	-4.209885	-35.502466		
8	0.789957	750	-4.130635	-39.633101		
9	0.768433	750	-4.064581	-43.697682		
10	0.747266	750	-4.00648	-47.704162		
11	0.726452	750	-3.933802	-51.637964		
12	0.705989	750	-3.883625	-55.521588		
13	0.685877	750	-3.842395	-59.363983		
14	0.666112	750	-3.808098	-63.172081		
15	0.646693	750	-3.673001	-66.845082		
16	0.627618	750	-3.610471	-70.455553		
17	0.608884	750	-3.560662	-74.016215		
18	0.59049	750	-3.495681	-77.511896		
19	0.572433	750	-3.431199	-80.943095		
20	0.554712	750	-3.375664	-84.318759		
21	0.537324	750	-3.305577	-87.624336		
22	0.520268	750	-3.263539	-90.887875		
23	0.50354	750	-3.207521	-94.095395		
24	0.487139	750	-3.135656	-97.231051		
25	0.471063	750	-3.117774	-100.348825		
26	0.45531	750	-3.030926	-103.379751		
27	0.439877	750	-2.961349	-106.3411		
28	0.424762	750	-2.932497	-109.273598		
29	0.409963	750	-2.838849	-112.112447		
30	0.395478	750	-2.810333	-114.922779		
31	0.381305	750	-2.724156	-117.646935		
32	0.36744	750	-2.732135	-120.37907		
33	0.353883	750	-2.827626	-123.206696		
34	0.34063	750	-2.708355	-125.915051		
35	0.32768	750	-2.667197	-128.582249		
36	0.31503	750	-2.462	-131.044249		
37	0.302677	750	-2.419635	-133.463884		
38	0.290619	750	-2.467101	-135.930986		
39	0.278855	750	-2.384684	-138.31567		
40	0.267381	750	-2.468495	-140.784165		
41	0.256195	750	-2.464527	-143.248692		
42	0.245294	750	-2.230978	-145.47967		
43	0.234677	750	-2.212281	-147.691951		
44	0.22434	750	-2.152804	-149.844755		
45	0.214281	750	-2.079133	-151.923888		
46	0.204498	750	-2.122391	-154.046279		
47	0.194988	750	-2.058831	-156.10511		
48	0.185749	750	-1.969935	-158.075045		
49	0.176777	750	-1.929564	-160.00461		
50	0.16807	750	-1.89534	-161.899949		
51	0.159626	750	-1.827849	-163.727798		
52	0.151441	750	-1.715191	-165.44299		
53	0.143514	750	-1.774508	-167.217497		
54	0.135841	750	-1.668678	-168.886176		
55	0.12842	750	-1.625276	-170.511452		
56	0.121247	750	-1.589788	-172.101239		
57	0.11432	750	-1.538062	-173.639302		
58	0.107637	750	-1.488317	-175.127619		
59	0.101193	750	-1.43958	-176.567199		
60	0.094986	750	-1.399402	-177.966601		
61	0.089014	750	-1.345215	-179.311816		
62	0.083273	750	-1.291946	-180.603762		
63	0.07776	750	-1.248586	-181.852348		
64	0.072472	750	-1.19343	-183.045778		
65	0.067406	750	-1.158358	-184.204136		
66	0.062558	750	-1.091365	-185.295501		
67	0.057926	750	-1.08743	-186.38293		
68	0.053506	750	-1.032552	-187.415483		
69	0.049295	750	-0.981653	-188.397135		
70	0.045289	750	-0.937706	-189.334841		
71	0.041485	750	-0.909522	-190.244363		
72	0.03788	750	-0.860696	-191.10506		
73	0.034469	750	-0.814711	-191.91977		
74	0.03125	750	-0.757568	-192.677338		
75	0.028218	750	-0.743017	-193.420355		
76	0.02537	750	-0.697178	-194.117533		
77	0.022702	750	-0.658484	-194.776017		
78	0.020209	750	-0.621287	-195.397303		
79	0.017889	750	-0.577666	-195.974969		
80	0.015736	750	-0.534049	-196.509018		
81	0.013746	750	-0.518767	-197.027785		
82	0.011916	750	-0.46642	-197.494206		
83	0.01024	750	-0.41592	-197.910126		
84	0.008714	750	-0.398164	-198.308289		
85	0.007334	750	-0.378373	-198.686662		
86	0.006093	750	-0.334925	-199.021587		
87	0.004988	750	-0.317876	-199.339463		
88	0.004013	750	-0.291248	-199.630711		
89	0.003162	750	-0.256726	-199.887437		
90	0.00243	750	-0.209148	-200.096586		
91	0.00181	750	-0.182587	-200.279173		
92	0.001296	750	-0.163834	-200.443007		
93	0.000882	750	-0.122049	-200.565056		
94	0.000559	750	-0.095867	-200.660923		
95	0.00032	750	-0.067682	-200.728604		
96	0.000156	750	-0.047044	-200.775648		
97	0.000057	750	-0.029262	-200.80491		
98	0.00001	750	-0.01443	-200.81934		
99	0	750	-0.003216	-200.822556		
Log marginal likelihood:	-200.822556					
0	0.975187	750	-4.53129	-4.53129		
1	0.950747	750	-4.478402	-9.009691		
2	0.926679	750	-4.408418	-13.418109		
3	0.90298	750	-4.341093	-17.759202		
4	0.879648	750	-4.269096	-22.028298		
5	0.856682	750	-4.208432	-26.23673		
6	0.834079	750	-4.14538	-30.38211		
7	0.811838	750	-4.074104	-34.456213		
8	0.789957	750	-4.008377	-38.46459		
9	0.768433	750	-3.955298	-42.419888		
10	0.747266	750	-3.887411	-46.307299		
11	0.726452	750	-3.830134	-50.137433		
12	0.705989	750	-3.753944	-53.891378		
13	0.685877	750	-3.697105	-57.588483		
14	0.666112	750	-3.625301	-61.213784		
15	0.646693	750	-3.584291	-64.798075		
16	0.627618	750	-3.54486	-68.342935		
17	0.608884	750	-3.471598	-71.814532		
18	0.59049	750	-3.388745	-75.203277		
19	0.572433	750	-3.343685	-78.546962		
20	0.554712	750	-3.296675	-81.843638		
21	0.537324	750	-3.240813	-85.084451		
22	0.520268	750	-3.151739	-88.23619		
23	0.50354	750	-3.146784	-91.382974		
24	0.487139	750	-3.076549	-94.459524		
25	0.471063	750	-2.984923	-97.444446		
26	0.45531	750	-2.985661	-100.430108		
27	0.439877	750	-2.928912	-103.35902		
28	0.424762	750	-2.890748	-106.249768		
29	0.409963	750	-2.819205	-109.068973		
30	0.395478	750	-2.716323	-111.785297		
31	0.381305	750	-2.688486	-114.473782		
32	0.36744	750	-2.676841	-117.150623		
33	0.353883	750	-2.653225	-119.803848		
34	0.34063	750	-2.579725	-122.383573		
35	0.32768	750	-2.502205	-124.885778		
36	0.31503	750	-2.518598	-127.404377		
37	0.302677	750	-2.450057	-129.854434		
38	0.290619	750	-2.323228	-132.177662		
39	0.278855	750	-2.288553	-134.466215		
40	0.267381	750	-2.24738	-136.713595		
41	0.256195	750	-2.263451	-138.977045		
42	0.245294	750	-2.237321	-141.214367		
43	0.234677	750	-2.205423	-143.41979		
44	0.22434	750	-2.10851	-145.5283		
45	0.214281	750	-1.99647	-147.524769		
46	0.204498	750	-2.010437	-149.535206		
47	0.194988	750	-2.062016	-151.597222		
48	0.185749	750	-1.93952	-153.536742		
49	0.176777	750	-1.931061	-155.467803		
50	0.16807	750	-1.863924	-157.331726		
51	0.159626	750	-1.867759	-159.199485		
52	0.151441	750	-1.785724	-160.985209		
53	0.143514	750	-1.721001	-162.70621		
54	0.135841	750	-1.703831	-164.410041		
55	0.12842	750	-1.615405	-166.025446		
56	0.121247	750	-1.6245	-167.649946		
57	0.11432	750	-1.520016	-169.169962		
58	0.107637	750	-1.45934	-170.629302		
59	0.101193	750	-1.395109	-172.024411		
60	0.094986	750	-1.388452	-173.412863		
61	0.089014	750	-1.346324	-174.759187		
62	0.083273	750	-1.292671	-176.051858		
63	0.07776	750	-1.218728	-177.270586		
64	0.072472	750	-1.202958	-178.473543		
65	0.067406	750	-1.165459	-179.639002		
66	0.062558	750	-1.115011	-180.754013		
67	0.057926	750	-1.071363	-181.825377		
68	0.053506	750	-1.014463	-182.83984		
69	0.049295	750	-0.978771	-183.818611		
70	0.045289	750	-0.922077	-184.740688		
71	0.041485	750	-0.886444	-185.627132		
72	0.03788	750	-0.846586	-186.473718		
73	0.034469	750	-0.804787	-187.278506		
74	0.03125	750	-0.777564	-188.05607		
75	0.028218	750	-0.749672	-188.805742		
76	0.02537	750	-0.702374	-189.508116		
77	0.022702	750	-0.65307	-190.161185		
78	0.020209	750	-0.614339	-190.775524		
79	0.017889	750	-0.588314	-191.363838		
80	0.015736	750	-0.534592	-191.898429		
81	0.013746	750	-0.523946	-192.422376		
82	0.011916	750	-0.471197	-192.893573		
83	0.01024	750	-0.44704	-193.340613		
84	0.008714	750	-0.404011	-193.744624		
85	0.007334	750	-0.357913	-194.102537		
86	0.006093	750	-0.342432	-194.444969		
87	0.004988	750	-0.304644	-194.749613		
88	0.004013	750	-0.262848	-195.012461		
89	0.003162	750	-0.235154	-195.247616		
90	0.00243	750	-0.21861	-195.466226		
91	0.00181	750	-0.178557	-195.644783		
92	0.001296	750	-0.147555	-195.792338		
93	0.000882	750	-0.124557	-195.916895		
94	0.000559	750	-0.10109	-196.017985		
95	0.00032	750	-0.073839	-196.091823		
96	0.000156	750	-0.050845	-196.142669		
97	0.000057	750	-0.028594	-196.171263		
98	0.00001	750	-0.014481	-196.185745		
99	0	750	-0.003387	-196.189131		
Log marginal likelihood:	-196.189131					
0	0.975187	750	-5.060101	-5.060101		
1	0.950747	750	-4.959491	-10.019592		
2	0.926679	750	-4.912614	-14.932206		
3	0.90298	750	-4.833081	-19.765287		
4	0.879648	750	-4.761443	-24.52673		
5	0.856682	750	-4.679143	-29.205873		
6	0.834079	750	-4.66023	-33.866103		
7	0.811838	750	-4.58153	-38.447632		
8	0.789957	750	-4.441529	-42.889162		
9	0.768433	750	-4.438894	-47.328056		
10	0.747266	750	-4.336838	-51.664894		
11	0.726452	750	-4.25725	-55.922144		
12	0.705989	750	-4.188269	-60.110412		
13	0.685877	750	-4.239508	-64.34992		
14	0.666112	750	-4.109025	-68.458945		
15	0.646693	750	-4.07768	-72.536624		
16	0.627618	750	-4.035138	-76.571763		
17	0.608884	750	-3.936041	-80.507803		
18	0.59049	750	-3.874235	-84.382039		
19	0.572433	750	-3.795491	-88.17753		
20	0.554712	750	-3.685701	-91.863231		
21	0.537324	750	-3.695464	-95.558695		
22	0.520268	750	-3.638354	-99.197049		
23	0.50354	750	-3.624212	-102.821262		
24	0.487139	750	-3.477207	-106.298468		
25	0.471063	750	-3.424786	-109.723255		
26	0.45531	750	-3.408735	-113.131989		
27	0.439877	750	-3.375005	-116.506994		
28	0.424762	750	-3.251373	-119.758368		
29	0.409963	750	-3.234775	-122.993142		
30	0.395478	750	-3.096302	-126.089445		
31	0.381305	750	-3.049746	-129.139191		
32	0.36744	750	-2.94778	-132.086971		
33	0.353883	750	-2.90687	-134.993841		
34	0.34063	750	-2.869551	-137.863392		
35	0.32768	750	-2.826691	-140.690083		
36	0.31503	750	-2.752815	-143.442897		
37	0.302677	750	-2.685603	-146.128501		
38	0.290619	750	-2.625101	-148.753601		
39	0.278855	750	-2.570481	-151.324082		
40	0.267381	750	-2.516084	-153.840166		
41	0.256195	750	-2.430431	-156.270597		
42	0.245294	750	-2.386896	-158.657493		
43	0.234677	750	-2.330918	-160.988411		
44	0.22434	750	-2.263376	-163.251787		
45	0.214281	750	-2.222557	-165.474344		
46	0.204498	750	-2.142336	-167.61668		
47	0.194988	750	-2.094583	-169.711263		
48	0.185749	750	-2.044202	-171.755465		
49	0.176777	750	-1.972523	-173.727988		
50	0.16807	750	-1.93481	-175.662798		
51	0.159626	750	-1.866856	-177.529654		
52	0.151441	750	-1.808651	-179.338305		
53	0.143514	750	-1.75947	-181.097775		
54	0.135841	750	-1.713477	-182.811252		
55	0.12842	750	-1.659883	-184.471135		
56	0.121247	750	-1.593427	-186.064561		
57	0.11432	750	-1.533016	-187.597577		
58	0.107637	750	-1.499125	-189.096702		
59	0.101193	750	-1.440244	-190.536946		
60	0.094986	750	-1.400745	-191.937692		
61	0.089014	750	-1.34578	-193.283472		
62	0.083273	750	-1.299894	-194.583366		
63	0.07776	750	-1.269674	-195.85304		
64	0.072472	750	-1.198118	-197.051158		
65	0.067406	750	-1.158493	-198.209651		
66	0.062558	750	-1.114635	-199.324287		
67	0.057926	750	-1.071173	-200.39546		
68	0.053506	750	-1.030097	-201.425557		
69	0.049295	750	-0.959595	-202.385152		
70	0.045289	750	-0.931871	-203.317023		
71	0.041485	750	-0.876164	-204.193187		
72	0.03788	750	-0.851124	-205.04431		
73	0.034469	750	-0.805654	-205.849964		
74	0.03125	750	-0.760175	-206.610139		
75	0.028218	750	-0.73358	-207.343719		
76	0.02537	750	-0.691089	-208.034808		
77	0.022702	750	-0.648456	-208.683263		
78	0.020209	750	-0.613396	-209.296659		
79	0.017889	750	-0.575284	-209.871943		
80	0.015736	750	-0.535265	-210.407208		
81	0.013746	750	-0.512364	-210.919572		
82	0.011916	750	-0.470886	-211.390458		
83	0.01024	750	-0.436229	-211.826686		
84	0.008714	750	-0.39261	-212.219296		
85	0.007334	750	-0.391764	-212.61106		
86	0.006093	750	-0.332779	-212.943839		
87	0.004988	750	-0.311384	-213.255223		
88	0.004013	750	-0.296855	-213.552078		
89	0.003162	750	-0.245456	-213.797534		
90	0.00243	750	-0.206893	-214.004427		
91	0.00181	750	-0.169898	-214.174325		
92	0.001296	750	-0.156136	-214.330461		
93	0.000882	750	-0.131814	-214.462274		
94	0.000559	750	-0.092036	-214.55431		
95	0.00032	750	-0.068782	-214.623093		
96	0.000156	750	-0.046573	-214.669666		
97	0.000057	750	-0.028497	-214.698163		
98	0.00001	750	-0.013635	-214.711798		
99	0	750	-0.003006	-214.714804		
Log marginal likelihood:	-214.714804					
0	0.975187	750	-4.67128	-4.67128		
1	0.950747	750	-4.638183	-9.309462		
2	0.926679	750	-4.568409	-13.877871		
3	0.90298	750	-4.493088	-18.370959		
4	0.879648	750	-4.37438	-22.745339		
5	0.856682	750	-4.342716	-27.088055		
6	0.834079	750	-4.31456	-31.402615		
7	0.811838	750	-4.209184	-35.611799		
8	0.789957	750	-4.183961	-39.79576		
9	0.768433	750	-4.071273	-43.867033		
10	0.747266	750	-4.003653	-47.870686		
11	0.726452	750	-3.978425	-51.84911		
12	0.705989	750	-3.951317	-55.800427		
13	0.685877	750	-3.788204	-59.588631		
14	0.666112	750	-3.809333	-63.397964		
15	0.646693	750	-3.678384	-67.076348		
16	0.627618	750	-3.671594	-70.747942		
17	0.608884	750	-3.623755	-74.371697		
18	0.59049	750	-3.508234	-77.879931		
19	0.572433	750	-3.440796	-81.320727		
20	0.554712	750	-3.407633	-84.728359		
21	0.537324	750	-3.38625	-88.11461		
22	0.520268	750	-3.280555	-91.395165		
23	0.50354	750	-3.255791	-94.650956		
24	0.487139	750	-3.147643	-97.798599		
25	0.471063	750	-3.107484	-100.906083		
26	0.45531	750	-3.035269	-103.941352		
27	0.439877	750	-2.980581	-106.921933		
28	0.424762	750	-2.944506	-109.866439		
29	0.409963	750	-2.875441	-112.74188		
30	0.395478	750	-2.814902	-115.556782		
31	0.381305	750	-2.827399	-118.38418		
32	0.36744	750	-2.671284	-121.055465		
33	0.353883	750	-2.694428	-123.749892		
34	0.34063	750	-2.57571	-126.325602		
35	0.32768	750	-2.518826	-128.844428		
36	0.31503	750	-2.482437	-131.326865		
37	0.302677	750	-2.427697	-133.754561		
38	0.290619	750	-2.476357	-136.230918		
39	0.278855	750	-2.323108	-138.554026		
40	0.267381	750	-2.237267	-140.791293		
41	0.256195	750	-2.231313	-143.022606		
42	0.245294	750	-2.235458	-145.258063		
43	0.234677	750	-2.104784	-147.362848		
44	0.22434	750	-2.162761	-149.525609		
45	0.214281	750	-2.128655	-151.654264		
46	0.204498	750	-1.990889	-153.645153		
47	0.194988	750	-1.956733	-155.601886		
48	0.185749	750	-1.988487	-157.590373		
49	0.176777	750	-1.955451	-159.545823		
50	0.16807	750	-1.785991	-161.331814		
51	0.159626	750	-1.813534	-163.145348		
52	0.151441	750	-1.71224	-164.857588		
53	0.143514	750	-1.709534	-166.567122		
54	0.135841	750	-1.637597	-168.204719		
55	0.12842	750	-1.508128	-169.712847		
56	0.121247	750	-1.56297	-171.275817		
57	0.11432	750	-1.510849	-172.786666		
58	0.107637	750	-1.461793	-174.248459		
59	0.101193	750	-1.399289	-175.647748		
60	0.094986	750	-1.337132	-176.98488		
61	0.089014	750	-1.324899	-178.309779		
62	0.083273	750	-1.279996	-179.589775		
63	0.07776	750	-1.174663	-180.764437		
64	0.072472	750	-1.180346	-181.944784		
65	0.067406	750	-1.137967	-183.08275		
66	0.062558	750	-1.072681	-184.155432		
67	0.057926	750	-1.044948	-185.200379		
68	0.053506	750	-0.991187	-186.191566		
69	0.049295	750	-0.970286	-187.161852		
70	0.045289	750	-0.925442	-188.087294		
71	0.041485	750	-0.865018	-188.952312		
72	0.03788	750	-0.845762	-189.798074		
73	0.034469	750	-0.805813	-190.603887		
74	0.03125	750	-0.754784	-191.358671		
75	0.028218	750	-0.726815	-192.085486		
76	0.02537	750	-0.689064	-192.77455		
77	0.022702	750	-0.627215	-193.401765		
78	0.020209	750	-0.612484	-194.014249		
79	0.017889	750	-0.564429	-194.578678		
80	0.015736	750	-0.540422	-195.1191		
81	0.013746	750	-0.509348	-195.628447		
82	0.011916	750	-0.453267	-196.081714		
83	0.01024	750	-0.427337	-196.509052		
84	0.008714	750	-0.392902	-196.901954		
85	0.007334	750	-0.360594	-197.262548		
86	0.006093	750	-0.336141	-197.598689		
87	0.004988	750	-0.30289	-197.901579		
88	0.004013	750	-0.275097	-198.176677		
89	0.003162	750	-0.264681	-198.441357		
90	0.00243	750	-0.203252	-198.644609		
91	0.00181	750	-0.173107	-198.817716		
92	0.001296	750	-0.148447	-198.966163		
93	0.000882	750	-0.117999	-199.084162		
94	0.000559	750	-0.096007	-199.180169		
95	0.00032	750	-0.070838	-199.251007		
96	0.000156	750	-0.055578	-199.306586		
97	0.000057	750	-0.035908	-199.342493		
98	0.00001	750	-0.01418	-199.356673		
99	0	750	-0.002904	-199.359577		
Log marginal likelihood:	-199.359577					
0	0.975187	750	-4.912026	-4.912026		
1	0.950747	750	-4.834289	-9.746315		
2	0.926679	750	-4.793689	-14.540004		
3	0.90298	750	-4.725953	-19.265957		
4	0.879648	750	-4.616097	-23.882053		
5	0.856682	750	-4.548868	-28.430921		
6	0.834079	750	-4.479758	-32.910679		
7	0.811838	750	-4.424453	-37.335132		
8	0.789957	750	-4.347006	-41.682138		
9	0.768433	750	-4.278874	-45.961012		
10	0.747266	750	-4.223166	-50.184178		
11	0.726452	750	-4.143076	-54.327254		
12	0.705989	750	-4.067161	-58.394415		
13	0.685877	750	-4.033453	-62.427868		
14	0.666112	750	-3.95911	-66.386978		
15	0.646693	750	-3.931572	-70.31855		
16	0.627618	750	-3.81076	-74.129309		
17	0.608884	750	-3.732224	-77.861534		
18	0.59049	750	-3.712007	-81.57354		
19	0.572433	750	-3.676341	-85.249882		
20	0.554712	750	-3.591708	-88.841589		
21	0.537324	750	-3.59976	-92.441349		
22	0.520268	750	-3.42346	-95.864809		
23	0.50354	750	-3.356728	-99.221537		
24	0.487139	750	-3.325129	-102.546666		
25	0.471063	750	-3.234619	-105.781284		
26	0.45531	750	-3.211311	-108.992595		
27	0.439877	750	-3.126971	-112.119566		
28	0.424762	750	-3.091369	-115.210936		
29	0.409963	750	-3.125864	-118.3368		
30	0.395478	750	-2.999385	-121.336185		
31	0.381305	750	-2.905947	-124.242132		
32	0.36744	750	-2.832725	-127.074857		
33	0.353883	750	-2.783246	-129.858103		
34	0.34063	750	-2.799217	-132.65732		
35	0.32768	750	-2.718072	-135.375391		
36	0.31503	750	-2.603733	-137.979124		
37	0.302677	750	-2.619805	-140.598929		
38	0.290619	750	-2.583656	-143.182585		
39	0.278855	750	-2.503832	-145.686417		
40	0.267381	750	-2.445894	-148.132312		
41	0.256195	750	-2.375829	-150.50814		
42	0.245294	750	-2.384734	-152.892874		
43	0.234677	750	-2.300746	-155.19362		
44	0.22434	750	-2.211473	-157.405093		
45	0.214281	750	-2.19323	-159.598323		
46	0.204498	750	-2.105178	-161.703501		
47	0.194988	750	-2.079098	-163.782599		
48	0.185749	750	-2.01133	-165.793929		
49	0.176777	750	-1.955215	-167.749145		
50	0.16807	750	-1.897207	-169.646351		
51	0.159626	750	-1.837775	-171.484126		
52	0.151441	750	-1.814452	-173.298578		
53	0.143514	750	-1.754053	-175.052632		
54	0.135841	750	-1.701675	-176.754306		
55	0.12842	750	-1.637393	-178.3917		
56	0.121247	750	-1.598776	-179.990476		
57	0.11432	750	-1.549988	-181.540464		
58	0.107637	750	-1.515153	-183.055617		
59	0.101193	750	-1.442949	-184.498566		
60	0.094986	750	-1.381324	-185.87989		
61	0.089014	750	-1.351614	-187.231504		
62	0.083273	750	-1.305276	-188.53678		
63	0.07776	750	-1.260215	-189.796994		
64	0.072472	750	-1.208007	-191.005001		
65	0.067406	750	-1.152837	-192.157838		
66	0.062558	750	-1.108608	-193.266445		
67	0.057926	750	-1.072381	-194.338826		
68	0.053506	750	-1.027152	-195.365978		
69	0.049295	750	-0.973739	-196.339717		
70	0.045289	750	-0.937561	-197.277278		
71	0.041485	750	-0.902263	-198.17954		
72	0.03788	750	-0.851209	-199.030749		
73	0.034469	750	-0.810112	-199.840861		
74	0.03125	750	-0.765531	-200.606392		
75	0.028218	750	-0.749241	-201.355634		
76	0.02537	750	-0.69486	-202.050494		
77	0.022702	750	-0.66358	-202.714074		
78	0.020209	750	-0.616729	-203.330802		
79	0.017889	750	-0.574919	-203.905721		
80	0.015736	750	-0.540318	-204.446039		
81	0.013746	750	-0.51926	-204.965299		
82	0.011916	750	-0.478981	-205.44428		
83	0.01024	750	-0.432331	-205.876611		
84	0.008714	750	-0.408541	-206.285152		
85	0.007334	750	-0.377205	-206.662357		
86	0.006093	750	-0.34489	-207.007246		
87	0.004988	750	-0.298846	-207.306093		
88	0.004013	750	-0.27299	-207.579083		
89	0.003162	750	-0.244706	-207.823789		
90	0.00243	750	-0.202214	-208.026003		
91	0.00181	750	-0.182376	-208.208379		
92	0.001296	750	-0.142858	-208.351237		
93	0.000882	750	-0.121175	-208.472412		
94	0.000559	750	-0.093941	-208.566354		
95	0.00032	750	-0.068548	-208.634902		
96	0.000156	750	-0.052505	-208.687407		
97	0.000057	750	-0.029362	-208.716769		
98	0.00001	750	-0.013462	-208.730231		
99	0	750	-0.00326	-208.73349		
Log marginal likelihood:	-208.73349					
0	0.975187	750	-4.303841	-4.303841		
1	0.950747	750	-4.240311	-8.544152		
2	0.926679	750	-4.181871	-12.726023		
3	0.90298	750	-4.120568	-16.846592		
4	0.879648	750	-4.047627	-20.894219		
5	0.856682	750	-3.984139	-24.878358		
6	0.834079	750	-3.928673	-28.807031		
7	0.811838	750	-3.867406	-32.674436		
8	0.789957	750	-3.81418	-36.488616		
9	0.768433	750	-3.746052	-40.234668		
10	0.747266	750	-3.697473	-43.932141		
11	0.726452	750	-3.619497	-47.551637		
12	0.705989	750	-3.564924	-51.116562		
13	0.685877	750	-3.50913	-54.625692		
14	0.666112	750	-3.443966	-58.069658		
15	0.646693	750	-3.390843	-61.460501		
16	0.627618	750	-3.327172	-64.787673		
17	0.608884	750	-3.274629	-68.062302		
18	0.59049	750	-3.30756	-71.369862		
19	0.572433	750	-3.151564	-74.521426		
20	0.554712	750	-3.098422	-77.619848		
21	0.537324	750	-3.068925	-80.688773		
22	0.520268	750	-3.013294	-83.702067		
23	0.50354	750	-2.959791	-86.661858		
24	0.487139	750	-2.882846	-89.544704		
25	0.471063	750	-2.832817	-92.377522		
26	0.45531	750	-2.78396	-95.161482		
27	0.439877	750	-2.71971	-97.881192		
28	0.424762	750	-2.76299	-100.644182		
29	0.409963	750	-2.61617	-103.260352		
30	0.395478	750	-2.656677	-105.91703		
31	0.381305	750	-2.541238	-108.458268		
32	0.36744	750	-2.54558	-111.003848		
33	0.353883	750	-2.445722	-113.449569		
34	0.34063	750	-2.466626	-115.916195		
35	0.32768	750	-2.299216	-118.215411		
36	0.31503	750	-2.308304	-120.523715		
37	0.302677	750	-2.293979	-122.817694		
38	0.290619	750	-2.205687	-125.023381		
39	0.278855	750	-2.169511	-127.192892		
40	0.267381	750	-2.083812	-129.276704		
41	0.256195	750	-2.199023	-131.475726		
42	0.245294	750	-2.143455	-133.619182		
43	0.234677	750	-1.942835	-135.562017		
44	0.22434	750	-2.033554	-137.59557		
45	0.214281	750	-1.99596	-139.59153		
46	0.204498	750	-1.93868	-141.53021		
47	0.194988	750	-1.842979	-143.373189		
48	0.185749	750	-1.909814	-145.283004		
49	0.176777	750	-1.812128	-147.095132		
50	0.16807	750	-1.84328	-148.938412		
51	0.159626	750	-1.715163	-150.653575		
52	0.151441	750	-1.695025	-152.3486		
53	0.143514	750	-1.665882	-154.014482		
54	0.135841	750	-1.602839	-155.61732		
55	0.12842	750	-1.507402	-157.124722		
56	0.121247	750	-1.522365	-158.647087		
57	0.11432	750	-1.420318	-160.067405		
58	0.107637	750	-1.378195	-161.4456		
59	0.101193	750	-1.374465	-162.820065		
60	0.094986	750	-1.367265	-164.18733		
61	0.089014	750	-1.317363	-165.504692		
62	0.083273	750	-1.240305	-166.744998		
63	0.07776	750	-1.154314	-167.899312		
64	0.072472	750	-1.140249	-169.039562		
65	0.067406	750	-1.100081	-170.139643		
66	0.062558	750	-1.067834	-171.207477		
67	0.057926	750	-1.023847	-172.231324		
68	0.053506	750	-0.998604	-173.229928		
69	0.049295	750	-0.959443	-174.189371		
70	0.045289	750	-0.91065	-175.100021		
71	0.041485	750	-0.8611	-175.961121		
72	0.03788	750	-0.843947	-176.805068		
73	0.034469	750	-0.783878	-177.588946		
74	0.03125	750	-0.748313	-178.337259		
75	0.028218	750	-0.700532	-179.03779		
76	0.02537	750	-0.671944	-179.709734		
77	0.022702	750	-0.641891	-180.351625		
78	0.020209	750	-0.596536	-180.94816		
79	0.017889	750	-0.560864	-181.509024		
80	0.015736	750	-0.534729	-182.043753		
81	0.013746	750	-0.494399	-182.538151		
82	0.011916	750	-0.473596	-183.011747		
83	0.01024	750	-0.436174	-183.447921		
84	0.008714	750	-0.406648	-183.854569		
85	0.007334	750	-0.35507	-184.209639		
86	0.006093	750	-0.325464	-184.535103		
87	0.004988	750	-0.30398	-184.839083		
88	0.004013	750	-0.258417	-185.0975		
89	0.003162	750	-0.25898	-185.35648		
90	0.00243	750	-0.226653	-185.583132		
91	0.00181	750	-0.178473	-185.761605		
92	0.001296	750	-0.139693	-185.901298		
93	0.000882	750	-0.120935	-186.022233		
94	0.000559	750	-0.09039	-186.112622		
95	0.00032	750	-0.070105	-186.182728		
96	0.000156	750	-0.056735	-186.239463		
97	0.000057	750	-0.032921	-186.272384		
98	0.00001	750	-0.01432	-186.286704		
99	0	750	-0.002931	-186.289635		
Log marginal likelihood:	-186.289635					
0	0.975187	750	-4.923496	-4.923496		
1	0.950747	750	-4.871653	-9.79515		
2	0.926679	750	-4.779714	-14.574863		
3	0.90298	750	-4.713844	-19.288707		
4	0.879648	750	-4.636465	-23.925173		
5	0.856682	750	-4.569467	-28.49464		
6	0.834079	750	-4.50776	-33.0024		
7	0.811838	750	-4.420954	-37.423354		
8	0.789957	750	-4.356411	-41.779765		
9	0.768433	750	-4.284101	-46.063866		
10	0.747266	750	-4.2641	-50.327965		
11	0.726452	750	-4.154399	-54.482364		
12	0.705989	750	-4.085157	-58.567521		
13	0.685877	750	-4.017492	-62.585012		
14	0.666112	750	-3.941822	-66.526835		
15	0.646693	750	-3.89175	-70.418585		
16	0.627618	750	-3.867579	-74.286164		
17	0.608884	750	-3.770435	-78.056599		
18	0.59049	750	-3.692325	-81.748923		
19	0.572433	750	-3.62554	-85.374464		
20	0.554712	750	-3.549019	-88.923483		
21	0.537324	750	-3.51735	-92.440833		
22	0.520268	750	-3.506577	-95.94741		
23	0.50354	750	-3.406176	-99.353586		
24	0.487139	750	-3.343034	-102.69662		
25	0.471063	750	-3.246182	-105.942802		
26	0.45531	750	-3.22278	-109.165582		
27	0.439877	750	-3.112617	-112.278199		
28	0.424762	750	-3.112766	-115.390965		
29	0.409963	750	-3.068636	-118.459601		
30	0.395478	750	-2.979751	-121.439351		
31	0.381305	750	-2.934202	-124.373553		
32	0.36744	750	-2.844346	-127.2179		
33	0.353883	750	-2.875684	-130.093584		
34	0.34063	750	-2.805206	-132.898791		
35	0.32768	750	-2.884668	-135.783458		
36	0.31503	750	-2.777167	-138.560626		
37	0.302677	750	-2.727848	-141.288473		
38	0.290619	750	-2.648225	-143.936698		
39	0.278855	750	-2.516583	-146.453281		
40	0.267381	750	-2.518717	-148.971999		
41	0.256195	750	-2.35257	-151.324569		
42	0.245294	750	-2.339262	-153.663831		
43	0.234677	750	-2.334538	-155.998369		
44	0.22434	750	-2.210074	-158.208443		
45	0.214281	750	-2.143846	-160.352289		
46	0.204498	750	-2.126424	-162.478713		
47	0.194988	750	-2.135914	-164.614627		
48	0.185749	750	-2.103041	-166.717668		
49	0.176777	750	-2.04146	-168.759128		
50	0.16807	750	-1.935872	-170.695		
51	0.159626	750	-1.872707	-172.567707		
52	0.151441	750	-1.807731	-174.375438		
53	0.143514	750	-1.791545	-176.166983		
54	0.135841	750	-1.75217	-177.919153		
55	0.12842	750	-1.639205	-179.558358		
56	0.121247	750	-1.592381	-181.150739		
57	0.11432	750	-1.589822	-182.740561		
58	0.107637	750	-1.494202	-184.234762		
59	0.101193	750	-1.467343	-185.702105		
60	0.094986	750	-1.429501	-187.131606		
61	0.089014	750	-1.38035	-188.511955		
62	0.083273	750	-1.319903	-189.831858		
63	0.07776	750	-1.268918	-191.100777		
64	0.072472	750	-1.216861	-192.317638		
65	0.067406	750	-1.187241	-193.504879		
66	0.062558	750	-1.138875	-194.643754		
67	0.057926	750	-1.078389	-195.722142		
68	0.053506	750	-1.019995	-196.742138		
69	0.049295	750	-0.994569	-197.736707		
70	0.045289	750	-0.954264	-198.690971		
71	0.041485	750	-0.911728	-199.602698		
72	0.03788	750	-0.867417	-200.470115		
73	0.034469	750	-0.822679	-201.292795		
74	0.03125	750	-0.784394	-202.077189		
75	0.028218	750	-0.756939	-202.834127		
76	0.02537	750	-0.702272	-203.536399		
77	0.022702	750	-0.65644	-204.192839		
78	0.020209	750	-0.633976	-204.826815		
79	0.017889	750	-0.587862	-205.414677		
80	0.015736	750	-0.548558	-205.963235		
81	0.013746	750	-0.520625	-206.48386		
82	0.011916	750	-0.471169	-206.955029		
83	0.01024	750	-0.435528	-207.390556		
84	0.008714	750	-0.400655	-207.791212		
85	0.007334	750	-0.372119	-208.16333		
86	0.006093	750	-0.34843	-208.511761		
87	0.004988	750	-0.311755	-208.823516		
88	0.004013	750	-0.281279	-209.104795		
89	0.003162	750	-0.238422	-209.343217		
90	0.00243	750	-0.209425	-209.552642		
91	0.00181	750	-0.192415	-209.745057		
92	0.001296	750	-0.146803	-209.89186		
93	0.000882	750	-0.122935	-210.014795		
94	0.000559	750	-0.098507	-210.113301		
95	0.00032	750	-0.071073	-210.184374		
96	0.000156	750	-0.048785	-210.233159		
97	0.000057	750	-0.031207	-210.264367		
98	0.00001	750	-0.013582	-210.277949		
99	0	750	-0.003175	-210.281124		
Log marginal likelihood:	-210.281124					
0	0.975187	750	-4.957458	-4.957458		
1	0.950747	750	-4.867256	-9.824714		
2	0.926679	750	-4.871259	-14.695973		
3	0.90298	750	-4.728958	-19.424931		
4	0.879648	750	-4.663816	-24.088747		
5	0.856682	750	-4.590921	-28.679668		
6	0.834079	750	-4.535174	-33.214842		
7	0.811838	750	-4.461751	-37.676593		
8	0.789957	750	-4.367991	-42.044584		
9	0.768433	750	-4.36579	-46.410373		
10	0.747266	750	-4.305061	-50.715434		
11	0.726452	750	-4.214455	-54.92989		
12	0.705989	750	-4.092492	-59.022382		
13	0.685877	750	-4.066559	-63.088941		
14	0.666112	750	-4.029703	-67.118644		
15	0.646693	750	-3.970334	-71.088977		
16	0.627618	750	-3.904303	-74.99328		
17	0.608884	750	-3.799788	-78.793068		
18	0.59049	750	-3.710596	-82.503664		
19	0.572433	750	-3.683076	-86.18674		
20	0.554712	750	-3.593067	-89.779808		
21	0.537324	750	-3.562312	-93.342119		
22	0.520268	750	-3.493093	-96.835212		
23	0.50354	750	-3.469272	-100.304484		
24	0.487139	750	-3.375087	-103.67957		
25	0.471063	750	-3.312944	-106.992514		
26	0.45531	750	-3.259907	-110.252421		
27	0.439877	750	-3.125836	-113.378257		
28	0.424762	750	-3.097043	-116.4753		
29	0.409963	750	-3.095089	-119.570389		
30	0.395478	750	-2.992764	-122.563153		
31	0.381305	750	-2.931109	-125.494262		
32	0.36744	750	-2.941686	-128.435948		
33	0.353883	750	-2.869509	-131.305456		
34	0.34063	750	-2.740288	-134.045744		
35	0.32768	750	-2.734223	-136.779968		
36	0.31503	750	-2.650525	-139.430492		
37	0.302677	750	-2.66604	-142.096532		
38	0.290619	750	-2.52063	-144.617162		
39	0.278855	750	-2.463353	-147.080516		
40	0.267381	750	-2.41129	-149.491806		
41	0.256195	750	-2.396551	-151.888357		
42	0.245294	750	-2.368304	-154.256661		
43	0.234677	750	-2.31704	-156.573701		
44	0.22434	750	-2.185451	-158.759152		
45	0.214281	750	-2.195193	-160.954345		
46	0.204498	750	-2.149203	-163.103548		
47	0.194988	750	-2.076658	-165.180206		
48	0.185749	750	-1.999796	-167.180002		
49	0.176777	750	-1.933536	-169.113537		
50	0.16807	750	-1.914427	-171.027964		
51	0.159626	750	-1.848859	-172.876824		
52	0.151441	750	-1.816839	-174.693663		
53	0.143514	750	-1.788596	-176.482259		
54	0.135841	750	-1.682694	-178.164953		
55	0.12842	750	-1.651564	-179.816517		
56	0.121247	750	-1.588653	-181.405171		
57	0.11432	750	-1.518948	-182.924119		
58	0.107637	750	-1.470707	-184.394826		
59	0.101193	750	-1.42976	-185.824586		
60	0.094986	750	-1.403934	-187.22852		
61	0.089014	750	-1.346343	-188.574863		
62	0.083273	750	-1.284332	-189.859195		
63	0.07776	750	-1.246663	-191.105858		
64	0.072472	750	-1.206081	-192.311939		
65	0.067406	750	-1.153734	-193.465673		
66	0.062558	750	-1.120208	-194.585882		
67	0.057926	750	-1.059282	-195.645164		
68	0.053506	750	-1.020137	-196.665301		
69	0.049295	750	-0.973279	-197.63858		
70	0.045289	750	-0.929907	-198.568487		
71	0.041485	750	-0.890107	-199.458594		
72	0.03788	750	-0.845947	-200.304541		
73	0.034469	750	-0.803804	-201.108345		
74	0.03125	750	-0.768465	-201.87681		
75	0.028218	750	-0.725699	-202.60251		
76	0.02537	750	-0.680323	-203.282833		
77	0.022702	750	-0.664865	-203.947698		
78	0.020209	750	-0.608362	-204.55606		
79	0.017889	750	-0.578484	-205.134544		
80	0.015736	750	-0.559996	-205.69454		
81	0.013746	750	-0.501899	-206.19644		
82	0.011916	750	-0.471674	-206.668114		
83	0.01024	750	-0.421413	-207.089527		
84	0.008714	750	-0.415803	-207.50533		
85	0.007334	750	-0.378994	-207.884324		
86	0.006093	750	-0.326515	-208.210839		
87	0.004988	750	-0.294233	-208.505072		
88	0.004013	750	-0.268041	-208.773113		
89	0.003162	750	-0.243587	-209.016701		
90	0.00243	750	-0.251233	-209.267934		
91	0.00181	750	-0.17374	-209.441673		
92	0.001296	750	-0.156258	-209.597932		
93	0.000882	750	-0.120811	-209.718743		
94	0.000559	750	-0.095861	-209.814604		
95	0.00032	750	-0.068125	-209.882729		
96	0.000156	750	-0.047449	-209.930177		
97	0.000057	750	-0.028616	-209.958794		
98	0.00001	750	-0.014458	-209.973252		
99	0	750	-0.00302	-209.976271		
Log marginal likelihood:	-209.976271					
0	0.975187	750	-4.892423	-4.892423		
1	0.950747	750	-4.798502	-9.690925		
2	0.926679	750	-4.731867	-14.422792		
3	0.90298	750	-4.656223	-19.079015		
4	0.879648	750	-4.598918	-23.677933		
5	0.856682	750	-4.523145	-28.201078		
6	0.834079	750	-4.439881	-32.640958		
7	0.811838	750	-4.396613	-37.037571		
8	0.789957	750	-4.305473	-41.343045		
9	0.768433	750	-4.238033	-45.581078		
10	0.747266	750	-4.216463	-49.797541		
11	0.726452	750	-4.199684	-53.997225		
12	0.705989	750	-4.097173	-58.094398		
13	0.685877	750	-3.977753	-62.072151		
14	0.666112	750	-3.985784	-66.057935		
15	0.646693	750	-3.830951	-69.888886		
16	0.627618	750	-3.859999	-73.748885		
17	0.608884	750	-3.698373	-77.447258		
18	0.59049	750	-3.701813	-81.149071		
19	0.572433	750	-3.57552	-84.724591		
20	0.554712	750	-3.5077	-88.232291		
21	0.537324	750	-3.480205	-91.712496		
22	0.520268	750	-3.394197	-95.106692		
23	0.50354	750	-3.324885	-98.431577		
24	0.487139	750	-3.327758	-101.759335		
25	0.471063	750	-3.289363	-105.048698		
26	0.45531	750	-3.210573	-108.259271		
27	0.439877	750	-3.14867	-111.407941		
28	0.424762	750	-3.096713	-114.504655		
29	0.409963	750	-2.991941	-117.496596		
30	0.395478	750	-3.035029	-120.531625		
31	0.381305	750	-2.989707	-123.521332		
32	0.36744	750	-2.909592	-126.430923		
33	0.353883	750	-2.860492	-129.291416		
34	0.34063	750	-2.755413	-132.046829		
35	0.32768	750	-2.730129	-134.776958		
36	0.31503	750	-2.730425	-137.507383		
37	0.302677	750	-2.630293	-140.137676		
38	0.290619	750	-2.54547	-142.683146		
39	0.278855	750	-2.546502	-145.229649		
40	0.267381	750	-2.408707	-147.638356		
41	0.256195	750	-2.408115	-150.046471		
42	0.245294	750	-2.312675	-152.359146		
43	0.234677	750	-2.374473	-154.73362		
44	0.22434	750	-2.27397	-157.00759		
45	0.214281	750	-2.182539	-159.190129		
46	0.204498	750	-2.171333	-161.361462		
47	0.194988	750	-2.077335	-163.438797		
48	0.185749	750	-2.02979	-165.468587		
49	0.176777	750	-1.986799	-167.455386		
50	0.16807	750	-1.948198	-169.403583		
51	0.159626	750	-1.867263	-171.270846		
52	0.151441	750	-1.794873	-173.06572		
53	0.143514	750	-1.771541	-174.83726		
54	0.135841	750	-1.726862	-176.564122		
55	0.12842	750	-1.632548	-178.19667		
56	0.121247	750	-1.6167	-179.813371		
57	0.11432	750	-1.556636	-181.370007		
58	0.107637	750	-1.507802	-182.877809		
59	0.101193	750	-1.405334	-184.283143		
60	0.094986	750	-1.419039	-185.702182		
61	0.089014	750	-1.366184	-187.068366		
62	0.083273	750	-1.307277	-188.375643		
63	0.07776	750	-1.257058	-189.632702		
64	0.072472	750	-1.215849	-190.84855		
65	0.067406	750	-1.165499	-192.01405		
66	0.062558	750	-1.123641	-193.137691		
67	0.057926	750	-1.072522	-194.210213		
68	0.053506	750	-1.029241	-195.239453		
69	0.049295	750	-0.995647	-196.2351		
70	0.045289	750	-0.941469	-197.176569		
71	0.041485	750	-0.900395	-198.076964		
72	0.03788	750	-0.862344	-198.939308		
73	0.034469	750	-0.8202	-199.759508		
74	0.03125	750	-0.775923	-200.535431		
75	0.028218	750	-0.72976	-201.265191		
76	0.02537	750	-0.686019	-201.95121		
77	0.022702	750	-0.651295	-202.602505		
78	0.020209	750	-0.633823	-203.236327		
79	0.017889	750	-0.593538	-203.829865		
80	0.015736	750	-0.54709	-204.376955		
81	0.013746	750	-0.523666	-204.90062		
82	0.011916	750	-0.470838	-205.371458		
83	0.01024	750	-0.439647	-205.811104		
84	0.008714	750	-0.430079	-206.241184		
85	0.007334	750	-0.367177	-206.608361		
86	0.006093	750	-0.341386	-206.949746		
87	0.004988	750	-0.311471	-207.261217		
88	0.004013	750	-0.283826	-207.545043		
89	0.003162	750	-0.245331	-207.790373		
90	0.00243	750	-0.20532	-207.995694		
91	0.00181	750	-0.172013	-208.167707		
92	0.001296	750	-0.161368	-208.329075		
93	0.000882	750	-0.123193	-208.452267		
94	0.000559	750	-0.088616	-208.540883		
95	0.00032	750	-0.074712	-208.615595		
96	0.000156	750	-0.052569	-208.668164		
97	0.000057	750	-0.03669	-208.704854		
98	0.00001	750	-0.015772	-208.720625		
99	0	750	-0.003178	-208.723804		
Log marginal likelihood:	-208.723804					
0	0.975187	750	-5.117926	-5.117926		
1	0.950747	750	-5.086007	-10.203932		
2	0.926679	750	-5.028068	-15.232		
3	0.90298	750	-4.938402	-20.170402		
4	0.879648	750	-5.007501	-25.177903		
5	0.856682	750	-4.850032	-30.027935		
6	0.834079	750	-4.72622	-34.754155		
7	0.811838	750	-4.651537	-39.405692		
8	0.789957	750	-4.572574	-43.978266		
9	0.768433	750	-4.516917	-48.495183		
10	0.747266	750	-4.450383	-52.945566		
11	0.726452	750	-4.367962	-57.313529		
12	0.705989	750	-4.268024	-61.581553		
13	0.685877	750	-4.229345	-65.810898		
14	0.666112	750	-4.18237	-69.993268		
15	0.646693	750	-4.122847	-74.116115		
16	0.627618	750	-4.029714	-78.14583		
17	0.608884	750	-3.928466	-82.074296		
18	0.59049	750	-3.891784	-85.96608		
19	0.572433	750	-3.807877	-89.773957		
20	0.554712	750	-3.762132	-93.536089		
21	0.537324	750	-3.732033	-97.268122		
22	0.520268	750	-3.602753	-100.870875		
23	0.50354	750	-3.560102	-104.430976		
24	0.487139	750	-3.512788	-107.943764		
25	0.471063	750	-3.433218	-111.376982		
26	0.45531	750	-3.411491	-114.788473		
27	0.439877	750	-3.275952	-118.064425		
28	0.424762	750	-3.271086	-121.335511		
29	0.409963	750	-3.191875	-124.527386		
30	0.395478	750	-3.072888	-127.600274		
31	0.381305	750	-3.099543	-130.699817		
32	0.36744	750	-3.040086	-133.739904		
33	0.353883	750	-3.015214	-136.755117		
34	0.34063	750	-2.916907	-139.672025		
35	0.32768	750	-2.868026	-142.540051		
36	0.31503	750	-2.745255	-145.285306		
37	0.302677	750	-2.703546	-147.988852		
38	0.290619	750	-2.675751	-150.664604		
39	0.278855	750	-2.53215	-153.196753		
40	0.267381	750	-2.553343	-155.750096		
41	0.256195	750	-2.488369	-158.238465		
42	0.245294	750	-2.395841	-160.634306		
43	0.234677	750	-2.379633	-163.013939		
44	0.22434	750	-2.321746	-165.335685		
45	0.214281	750	-2.269629	-167.605314		
46	0.204498	750	-2.198816	-169.80413		
47	0.194988	750	-2.128217	-171.932347		
48	0.185749	750	-2.043519	-173.975866		
49	0.176777	750	-1.98778	-175.963647		
50	0.16807	750	-1.930249	-177.893896		
51	0.159626	750	-1.884692	-179.778587		
52	0.151441	750	-1.837052	-181.61564		
53	0.143514	750	-1.805722	-183.421362		
54	0.135841	750	-1.739874	-185.161236		
55	0.12842	750	-1.68875	-186.849986		
56	0.121247	750	-1.633918	-188.483904		
57	0.11432	750	-1.5714	-190.055304		
58	0.107637	750	-1.514915	-191.570219		
59	0.101193	750	-1.476293	-193.046513		
60	0.094986	750	-1.418673	-194.465186		
61	0.089014	750	-1.355315	-195.820501		
62	0.083273	750	-1.313776	-197.134277		
63	0.07776	750	-1.27518	-198.409457		
64	0.072472	750	-1.224852	-199.634308		
65	0.067406	750	-1.177507	-200.811816		
66	0.062558	750	-1.132709	-201.944525		
67	0.057926	750	-1.089488	-203.034013		
68	0.053506	750	-1.038762	-204.072775		
69	0.049295	750	-0.99063	-205.063405		
70	0.045289	750	-0.946807	-206.010212		
71	0.041485	750	-0.913835	-206.924047		
72	0.03788	750	-0.853164	-207.77721		
73	0.034469	750	-0.833266	-208.610477		
74	0.03125	750	-0.770639	-209.381116		
75	0.028218	750	-0.738004	-210.11912		
76	0.02537	750	-0.709189	-210.828309		
77	0.022702	750	-0.664837	-211.493146		
78	0.020209	750	-0.627526	-212.120672		
79	0.017889	750	-0.588692	-212.709364		
80	0.015736	750	-0.551338	-213.260702		
81	0.013746	750	-0.518085	-213.778786		
82	0.011916	750	-0.50317	-214.281957		
83	0.01024	750	-0.446521	-214.728478		
84	0.008714	750	-0.435238	-215.163716		
85	0.007334	750	-0.37478	-215.538496		
86	0.006093	750	-0.32775	-215.866246		
87	0.004988	750	-0.310551	-216.176797		
88	0.004013	750	-0.301696	-216.478493		
89	0.003162	750	-0.239045	-216.717538		
90	0.00243	750	-0.21641	-216.933948		
91	0.00181	750	-0.183373	-217.117321		
92	0.001296	750	-0.183359	-217.300679		
93	0.000882	750	-0.125515	-217.426194		
94	0.000559	750	-0.102887	-217.529081		
95	0.00032	750	-0.071454	-217.600535		
96	0.000156	750	-0.051445	-217.65198		
97	0.000057	750	-0.031902	-217.683882		
98	0.00001	750	-0.014145	-217.698027		
99	0	750	-0.003135	-217.701162		
Log marginal likelihood:	-217.701162					
0	0.975187	750	-4.992619	-4.992619		
1	0.950747	750	-4.887553	-9.880173		
2	0.926679	750	-4.81836	-14.698532		
3	0.90298	750	-4.736053	-19.434585		
4	0.879648	750	-4.689463	-24.124048		
5	0.856682	750	-4.625217	-28.749265		
6	0.834079	750	-4.558113	-33.307378		
7	0.811838	750	-4.472497	-37.779875		
8	0.789957	750	-4.455809	-42.235684		
9	0.768433	750	-4.342144	-46.577828		
10	0.747266	750	-4.301739	-50.879568		
11	0.726452	750	-4.165434	-55.045001		
12	0.705989	750	-4.166661	-59.211663		
13	0.685877	750	-4.069486	-63.281148		
14	0.666112	750	-3.977628	-67.258776		
15	0.646693	750	-3.903807	-71.162584		
16	0.627618	750	-3.848477	-75.011061		
17	0.608884	750	-3.81453	-78.825591		
18	0.59049	750	-3.742701	-82.568292		
19	0.572433	750	-3.707938	-86.276229		
20	0.554712	750	-3.613442	-89.889671		
21	0.537324	750	-3.544162	-93.433834		
22	0.520268	750	-3.503033	-96.936867		
23	0.50354	750	-3.631485	-100.568352		
24	0.487139	750	-3.332239	-103.900592		
25	0.471063	750	-3.308513	-107.209104		
26	0.45531	750	-3.216024	-110.425129		
27	0.439877	750	-3.179151	-113.60428		
28	0.424762	750	-3.10475	-116.70903		
29	0.409963	750	-3.023143	-119.732173		
30	0.395478	750	-3.025657	-122.75783		
31	0.381305	750	-2.946057	-125.703887		
32	0.36744	750	-2.889219	-128.593106		
33	0.353883	750	-2.825655	-131.418761		
34	0.34063	750	-2.78374	-134.202501		
35	0.32768	750	-2.688803	-136.891304		
36	0.31503	750	-2.648658	-139.539962		
37	0.302677	750	-2.563514	-142.103476		
38	0.290619	750	-2.579107	-144.682583		
39	0.278855	750	-2.552446	-147.235029		
40	0.267381	750	-2.467419	-149.702448		
41	0.256195	750	-2.448501	-152.15095		
42	0.245294	750	-2.330001	-154.48095		
43	0.234677	750	-2.332731	-156.813681		
44	0.22434	750	-2.218723	-159.032404		
45	0.214281	750	-2.202791	-161.235195		
46	0.204498	750	-2.093692	-163.328887		
47	0.194988	750	-2.100773	-165.42966		
48	0.185749	750	-2.047262	-167.476922		
49	0.176777	750	-1.951388	-169.42831		
50	0.16807	750	-1.956733	-171.385043		
51	0.159626	750	-1.885039	-173.270083		
52	0.151441	750	-1.816722	-175.086804		
53	0.143514	750	-1.779965	-176.866769		
54	0.135841	750	-1.71165	-178.578419		
55	0.12842	750	-1.654967	-180.233386		
56	0.121247	750	-1.611609	-181.844995		
57	0.11432	750	-1.554272	-183.399266		
58	0.107637	750	-1.502545	-184.901812		
59	0.101193	750	-1.457947	-186.359758		
60	0.094986	750	-1.409657	-187.769416		
61	0.089014	750	-1.363956	-189.133372		
62	0.083273	750	-1.301656	-190.435027		
63	0.07776	750	-1.26552	-191.700548		
64	0.072472	750	-1.208383	-192.908931		
65	0.067406	750	-1.168961	-194.077892		
66	0.062558	750	-1.119126	-195.197017		
67	0.057926	750	-1.062136	-196.259154		
68	0.053506	750	-1.027833	-197.286986		
69	0.049295	750	-0.983129	-198.270115		
70	0.045289	750	-0.937287	-199.207403		
71	0.041485	750	-0.889349	-200.096752		
72	0.03788	750	-0.843124	-200.939876		
73	0.034469	750	-0.803879	-201.743755		
74	0.03125	750	-0.772502	-202.516257		
75	0.028218	750	-0.7372	-203.253457		
76	0.02537	750	-0.689776	-203.943233		
77	0.022702	750	-0.650519	-204.593752		
78	0.020209	750	-0.625748	-205.219499		
79	0.017889	750	-0.569211	-205.78871		
80	0.015736	750	-0.532853	-206.321563		
81	0.013746	750	-0.505143	-206.826706		
82	0.011916	750	-0.471932	-207.298638		
83	0.01024	750	-0.430802	-207.72944		
84	0.008714	750	-0.423019	-208.152459		
85	0.007334	750	-0.372112	-208.524571		
86	0.006093	750	-0.330091	-208.854663		
87	0.004988	750	-0.313033	-209.167696		
88	0.004013	750	-0.261634	-209.42933		
89	0.003162	750	-0.238329	-209.667659		
90	0.00243	750	-0.206141	-209.8738		
91	0.00181	750	-0.169809	-210.043609		
92	0.001296	750	-0.155011	-210.19862		
93	0.000882	750	-0.124322	-210.322942		
94	0.000559	750	-0.098616	-210.421559		
95	0.00032	750	-0.078401	-210.499959		
96	0.000156	750	-0.049405	-210.549365		
97	0.000057	750	-0.03133	-210.580694		
98	0.00001	750	-0.013395	-210.594089		
99	0	750	-0.003684	-210.597773		
Log marginal likelihood:	-210.597773					
0	0.975187	750	-4.927259	-4.927259		
1	0.950747	750	-4.867848	-9.795107		
2	0.926679	750	-4.784804	-14.579912		
3	0.90298	750	-4.72467	-19.304581		
4	0.879648	750	-4.65548	-23.960061		
5	0.856682	750	-4.583812	-28.543873		
6	0.834079	750	-4.520474	-33.064347		
7	0.811838	750	-4.432199	-37.496546		
8	0.789957	750	-4.379025	-41.875571		
9	0.768433	750	-4.321745	-46.197316		
10	0.747266	750	-4.257276	-50.454593		
11	0.726452	750	-4.181169	-54.635761		
12	0.705989	750	-4.106243	-58.742005		
13	0.685877	750	-4.031145	-62.77315		
14	0.666112	750	-4.045337	-66.818486		
15	0.646693	750	-3.910024	-70.72851		
16	0.627618	750	-3.885022	-74.613532		
17	0.608884	750	-3.846577	-78.460109		
18	0.59049	750	-3.723982	-82.184091		
19	0.572433	750	-3.669987	-85.854078		
20	0.554712	750	-3.601989	-89.456067		
21	0.537324	750	-3.613283	-93.06935		
22	0.520268	750	-3.459655	-96.529005		
23	0.50354	750	-3.386728	-99.915734		
24	0.487139	750	-3.352494	-103.268228		
25	0.471063	750	-3.259905	-106.528133		
26	0.45531	750	-3.208586	-109.736719		
27	0.439877	750	-3.179864	-112.916583		
28	0.424762	750	-3.084408	-116.000991		
29	0.409963	750	-3.076415	-119.077407		
30	0.395478	750	-3.033702	-122.111109		
31	0.381305	750	-2.95469	-125.065798		
32	0.36744	750	-2.902039	-127.967838		
33	0.353883	750	-2.805605	-130.773443		
34	0.34063	750	-2.777001	-133.550444		
35	0.32768	750	-2.713714	-136.264157		
36	0.31503	750	-2.648913	-138.91307		
37	0.302677	750	-2.626735	-141.539805		
38	0.290619	750	-2.567241	-144.107046		
39	0.278855	750	-2.473193	-146.58024		
40	0.267381	750	-2.430618	-149.010858		
41	0.256195	750	-2.345688	-151.356546		
42	0.245294	750	-2.32347	-153.680015		
43	0.234677	750	-2.271516	-155.951531		
44	0.22434	750	-2.227939	-158.17947		
45	0.214281	750	-2.175479	-160.354949		
46	0.204498	750	-2.166091	-162.52104		
47	0.194988	750	-2.062155	-164.583195		
48	0.185749	750	-2.016249	-166.599443		
49	0.176777	750	-1.932095	-168.531539		
50	0.16807	750	-1.873107	-170.404646		
51	0.159626	750	-1.844545	-172.249191		
52	0.151441	750	-1.80523	-174.054421		
53	0.143514	750	-1.7641	-175.818521		
54	0.135841	750	-1.6932	-177.511721		
55	0.12842	750	-1.652727	-179.164448		
56	0.121247	750	-1.582242	-180.746691		
57	0.11432	750	-1.550002	-182.296693		
58	0.107637	750	-1.503648	-183.800341		
59	0.101193	750	-1.419053	-185.219394		
60	0.094986	750	-1.417182	-186.636576		
61	0.089014	750	-1.349787	-187.986364		
62	0.083273	750	-1.29569	-189.282053		
63	0.07776	750	-1.261888	-190.543941		
64	0.072472	750	-1.199419	-191.743361		
65	0.067406	750	-1.150604	-192.893965		
66	0.062558	750	-1.110379	-194.004344		
67	0.057926	750	-1.059409	-195.063752		
68	0.053506	750	-1.016668	-196.080421		
69	0.049295	750	-0.980489	-197.06091		
70	0.045289	750	-0.933078	-197.993989		
71	0.041485	750	-0.8884	-198.882388		
72	0.03788	750	-0.840733	-199.723121		
73	0.034469	750	-0.818283	-200.541405		
74	0.03125	750	-0.773071	-201.314475		
75	0.028218	750	-0.735085	-202.049561		
76	0.02537	750	-0.699418	-202.748978		
77	0.022702	750	-0.664408	-203.413387		
78	0.020209	750	-0.627877	-204.041264		
79	0.017889	750	-0.587396	-204.62866		
80	0.015736	750	-0.551759	-205.18042		
81	0.013746	750	-0.50985	-205.69027		
82	0.011916	750	-0.46273	-206.153001		
83	0.01024	750	-0.455615	-206.608616		
84	0.008714	750	-0.396048	-207.004664		
85	0.007334	750	-0.370662	-207.375326		
86	0.006093	750	-0.352821	-207.728147		
87	0.004988	750	-0.305656	-208.033802		
88	0.004013	750	-0.271803	-208.305606		
89	0.003162	750	-0.239209	-208.544815		
90	0.00243	750	-0.211245	-208.756059		
91	0.00181	750	-0.208958	-208.965017		
92	0.001296	750	-0.152032	-209.117049		
93	0.000882	750	-0.124079	-209.241127		
94	0.000559	750	-0.09827	-209.339397		
95	0.00032	750	-0.078636	-209.418033		
96	0.000156	750	-0.050469	-209.468502		
97	0.000057	750	-0.032151	-209.500653		
98	0.00001	750	-0.014798	-209.515451		
99	0	750	-0.003	-209.51845		
Log marginal likelihood:	-209.51845					
0	0.975187	750	-5.019961	-5.019961		
1	0.950747	750	-4.957774	-9.977735		
2	0.926679	750	-4.882571	-14.860306		
3	0.90298	750	-4.80217	-19.662476		
4	0.879648	750	-4.746864	-24.40934		
5	0.856682	750	-4.66547	-29.074811		
6	0.834079	750	-4.594531	-33.669342		
7	0.811838	750	-4.522024	-38.191366		
8	0.789957	750	-4.461975	-42.653341		
9	0.768433	750	-4.367548	-47.020889		
10	0.747266	750	-4.310561	-51.331449		
11	0.726452	750	-4.222897	-55.554346		
12	0.705989	750	-4.160966	-59.715312		
13	0.685877	750	-4.10831	-63.823622		
14	0.666112	750	-4.022909	-67.846531		
15	0.646693	750	-3.960252	-71.806783		
16	0.627618	750	-3.877555	-75.684339		
17	0.608884	750	-3.84476	-79.529099		
18	0.59049	750	-3.763692	-83.292791		
19	0.572433	750	-3.692742	-86.985533		
20	0.554712	750	-3.649039	-90.634572		
21	0.537324	750	-3.550288	-94.18486		
22	0.520268	750	-3.496966	-97.681826		
23	0.50354	750	-3.423649	-101.105476		
24	0.487139	750	-3.361763	-104.467238		
25	0.471063	750	-3.31207	-107.779308		
26	0.45531	750	-3.236518	-111.015826		
27	0.439877	750	-3.221324	-114.23715		
28	0.424762	750	-3.205687	-117.442837		
29	0.409963	750	-3.031648	-120.474485		
30	0.395478	750	-2.977039	-123.451524		
31	0.381305	750	-2.934089	-126.385613		
32	0.36744	750	-2.853911	-129.239524		
33	0.353883	750	-2.780847	-132.020371		
34	0.34063	750	-2.765941	-134.786311		
35	0.32768	750	-2.672933	-137.459244		
36	0.31503	750	-2.610091	-140.069336		
37	0.302677	750	-2.57301	-142.642345		
38	0.290619	750	-2.527252	-145.169597		
39	0.278855	750	-2.450778	-147.620375		
40	0.267381	750	-2.384676	-150.005051		
41	0.256195	750	-2.34014	-152.345192		
42	0.245294	750	-2.4025	-154.747692		
43	0.234677	750	-2.353926	-157.101618		
44	0.22434	750	-2.244362	-159.345979		
45	0.214281	750	-2.148831	-161.49481		
46	0.204498	750	-2.185334	-163.680145		
47	0.194988	750	-2.060138	-165.740283		
48	0.185749	750	-1.991933	-167.732216		
49	0.176777	750	-2.008548	-169.740764		
50	0.16807	750	-1.923612	-171.664376		
51	0.159626	750	-1.872573	-173.536949		
52	0.151441	750	-1.787739	-175.324688		
53	0.143514	750	-1.741779	-177.066467		
54	0.135841	750	-1.723993	-178.79046		
55	0.12842	750	-1.640337	-180.430797		
56	0.121247	750	-1.578762	-182.009558		
57	0.11432	750	-1.565249	-183.574807		
58	0.107637	750	-1.534941	-185.109748		
59	0.101193	750	-1.411311	-186.52106		
60	0.094986	750	-1.424635	-187.945695		
61	0.089014	750	-1.358619	-189.304314		
62	0.083273	750	-1.324165	-190.628479		
63	0.07776	750	-1.255697	-191.884176		
64	0.072472	750	-1.203321	-193.087497		
65	0.067406	750	-1.183857	-194.271354		
66	0.062558	750	-1.124189	-195.395544		
67	0.057926	750	-1.074913	-196.470457		
68	0.053506	750	-1.031615	-197.502072		
69	0.049295	750	-0.993343	-198.495415		
70	0.045289	750	-0.944223	-199.439639		
71	0.041485	750	-0.899958	-200.339597		
72	0.03788	750	-0.871941	-201.211538		
73	0.034469	750	-0.809654	-202.021192		
74	0.03125	750	-0.77381	-202.795002		
75	0.028218	750	-0.755429	-203.550431		
76	0.02537	750	-0.694065	-204.244496		
77	0.022702	750	-0.664858	-204.909354		
78	0.020209	750	-0.640194	-205.549548		
79	0.017889	750	-0.586679	-206.136227		
80	0.015736	750	-0.543147	-206.679374		
81	0.013746	750	-0.526937	-207.206311		
82	0.011916	750	-0.471534	-207.677845		
83	0.01024	750	-0.448031	-208.125876		
84	0.008714	750	-0.405921	-208.531797		
85	0.007334	750	-0.379485	-208.911282		
86	0.006093	750	-0.344685	-209.255967		
87	0.004988	750	-0.308296	-209.564263		
88	0.004013	750	-0.283005	-209.847269		
89	0.003162	750	-0.237892	-210.085161		
90	0.00243	750	-0.210329	-210.29549		
91	0.00181	750	-0.181814	-210.477304		
92	0.001296	750	-0.149825	-210.627129		
93	0.000882	750	-0.148203	-210.775332		
94	0.000559	750	-0.095844	-210.871176		
95	0.00032	750	-0.067461	-210.938637		
96	0.000156	750	-0.049703	-210.988341		
97	0.000057	750	-0.032202	-211.020542		
98	0.00001	750	-0.01383	-211.034372		
99	0	750	-0.003271	-211.037644		
Log marginal likelihood:	-211.037644					
0	0.975187	750	-4.727522	-4.727522		
1	0.950747	750	-4.668625	-9.396147		
2	0.926679	750	-4.59791	-13.994056		
3	0.90298	750	-4.518108	-18.512164		
4	0.879648	750	-4.469245	-22.981409		
5	0.856682	750	-4.399406	-27.380815		
6	0.834079	750	-4.395265	-31.77608		
7	0.811838	750	-4.263761	-36.039841		
8	0.789957	750	-4.222113	-40.261954		
9	0.768433	750	-4.181854	-44.443808		
10	0.747266	750	-4.075964	-48.519772		
11	0.726452	750	-4.005123	-52.524895		
12	0.705989	750	-3.951352	-56.476247		
13	0.685877	750	-3.917222	-60.393469		
14	0.666112	750	-3.798038	-64.191507		
15	0.646693	750	-3.774439	-67.965946		
16	0.627618	750	-3.771892	-71.737837		
17	0.608884	750	-3.620704	-75.358541		
18	0.59049	750	-3.570183	-78.928724		
19	0.572433	750	-3.482327	-82.41105		
20	0.554712	750	-3.487738	-85.898788		
21	0.537324	750	-3.397089	-89.295877		
22	0.520268	750	-3.307774	-92.603651		
23	0.50354	750	-3.288982	-95.892633		
24	0.487139	750	-3.193249	-99.085882		
25	0.471063	750	-3.12894	-102.214823		
26	0.45531	750	-3.104395	-105.319218		
27	0.439877	750	-3.016069	-108.335288		
28	0.424762	750	-2.964175	-111.299462		
29	0.409963	750	-2.882861	-114.182323		
30	0.395478	750	-2.839049	-117.021372		
31	0.381305	750	-2.829526	-119.850898		
32	0.36744	750	-2.771234	-122.622132		
33	0.353883	750	-2.722898	-125.34503		
34	0.34063	750	-2.679068	-128.024098		
35	0.32768	750	-2.559035	-130.583133		
36	0.31503	750	-2.529254	-133.112387		
37	0.302677	750	-2.511882	-135.624269		
38	0.290619	750	-2.431559	-138.055828		
39	0.278855	750	-2.334789	-140.390617		
40	0.267381	750	-2.305344	-142.695962		
41	0.256195	750	-2.25951	-144.955471		
42	0.245294	750	-2.217564	-147.173035		
43	0.234677	750	-2.191051	-149.364086		
44	0.22434	750	-2.18509	-151.549176		
45	0.214281	750	-2.053284	-153.60246		
46	0.204498	750	-2.129388	-155.731848		
47	0.194988	750	-2.006776	-157.738624		
48	0.185749	750	-1.997837	-159.736461		
49	0.176777	750	-1.85487	-161.591331		
50	0.16807	750	-1.819492	-163.410823		
51	0.159626	750	-1.807935	-165.218759		
52	0.151441	750	-1.716134	-166.934893		
53	0.143514	750	-1.722802	-168.657695		
54	0.135841	750	-1.635727	-170.293423		
55	0.12842	750	-1.618807	-171.912229		
56	0.121247	750	-1.574392	-173.486621		
57	0.11432	750	-1.520426	-175.007047		
58	0.107637	750	-1.469153	-176.4762		
59	0.101193	750	-1.426491	-177.902691		
60	0.094986	750	-1.347858	-179.250549		
61	0.089014	750	-1.29706	-180.547609		
62	0.083273	750	-1.291818	-181.839427		
63	0.07776	750	-1.259532	-183.098959		
64	0.072472	750	-1.1991	-184.29806		
65	0.067406	750	-1.117324	-185.415384		
66	0.062558	750	-1.101146	-186.51653		
67	0.057926	750	-1.042934	-187.559464		
68	0.053506	750	-1.038592	-188.598057		
69	0.049295	750	-0.967941	-189.565998		
70	0.045289	750	-0.935878	-190.501876		
71	0.041485	750	-0.897135	-191.399011		
72	0.03788	750	-0.867183	-192.266194		
73	0.034469	750	-0.811949	-193.078143		
74	0.03125	750	-0.7543	-193.832443		
75	0.028218	750	-0.718153	-194.550595		
76	0.02537	750	-0.694175	-195.24477		
77	0.022702	750	-0.650651	-195.895421		
78	0.020209	750	-0.615572	-196.510993		
79	0.017889	750	-0.58318	-197.094172		
80	0.015736	750	-0.540149	-197.634322		
81	0.013746	750	-0.506063	-198.140384		
82	0.011916	750	-0.469648	-198.610032		
83	0.01024	750	-0.427956	-199.037988		
84	0.008714	750	-0.40028	-199.438268		
85	0.007334	750	-0.372528	-199.810796		
86	0.006093	750	-0.330922	-200.141717		
87	0.004988	750	-0.29953	-200.441248		
88	0.004013	750	-0.29477	-200.736017		
89	0.003162	750	-0.240078	-200.976095		
90	0.00243	750	-0.198143	-201.174238		
91	0.00181	750	-0.194659	-201.368897		
92	0.001296	750	-0.146035	-201.514932		
93	0.000882	750	-0.126272	-201.641204		
94	0.000559	750	-0.091564	-201.732768		
95	0.00032	750	-0.06973	-201.802498		
96	0.000156	750	-0.0468	-201.849299		
97	0.000057	750	-0.029552	-201.87885		
98	0.00001	750	-0.013838	-201.892689		
99	0	750	-0.003	-201.895689		
Log marginal likelihood:	-201.895689					
0	0.975187	750	-5.048864	-5.048864		
1	0.950747	750	-4.977271	-10.026135		
2	0.926679	750	-4.907232	-14.933367		
3	0.90298	750	-4.881939	-19.815305		
4	0.879648	750	-4.83271	-24.648016		
5	0.856682	750	-4.723633	-29.371648		
6	0.834079	750	-4.639554	-34.011203		
7	0.811838	750	-4.538607	-38.54981		
8	0.789957	750	-4.494876	-43.044686		
9	0.768433	750	-4.427923	-47.472609		
10	0.747266	750	-4.31981	-51.792419		
11	0.726452	750	-4.278417	-56.070836		
12	0.705989	750	-4.21483	-60.285666		
13	0.685877	750	-4.149649	-64.435315		
14	0.666112	750	-4.089352	-68.524667		
15	0.646693	750	-3.973415	-72.498082		
16	0.627618	750	-3.93167	-76.429752		
17	0.608884	750	-3.876658	-80.30641		
18	0.59049	750	-3.974956	-84.281366		
19	0.572433	750	-3.73642	-88.017785		
20	0.554712	750	-3.675627	-91.693412		
21	0.537324	750	-3.602986	-95.296398		
22	0.520268	750	-3.522869	-98.819267		
23	0.50354	750	-3.474741	-102.294008		
24	0.487139	750	-3.389302	-105.683311		
25	0.471063	750	-3.344521	-109.027832		
26	0.45531	750	-3.281809	-112.309641		
27	0.439877	750	-3.199947	-115.509588		
28	0.424762	750	-3.124653	-118.634242		
29	0.409963	750	-3.091648	-121.725889		
30	0.395478	750	-3.029842	-124.755731		
31	0.381305	750	-2.947339	-127.70307		
32	0.36744	750	-2.899824	-130.602894		
33	0.353883	750	-2.922688	-133.525582		
34	0.34063	750	-2.774873	-136.300455		
35	0.32768	750	-2.737072	-139.037527		
36	0.31503	750	-2.646773	-141.6843		
37	0.302677	750	-2.660468	-144.344768		
38	0.290619	750	-2.611108	-146.955876		
39	0.278855	750	-2.638125	-149.594001		
40	0.267381	750	-2.565527	-152.159528		
41	0.256195	750	-2.4922	-154.651728		
42	0.245294	750	-2.423524	-157.075251		
43	0.234677	750	-2.340649	-159.415901		
44	0.22434	750	-2.300625	-161.716526		
45	0.214281	750	-2.235481	-163.952008		
46	0.204498	750	-2.152728	-166.104735		
47	0.194988	750	-2.105649	-168.210384		
48	0.185749	750	-2.07874	-170.289124		
49	0.176777	750	-2.02484	-172.313964		
50	0.16807	750	-1.953873	-174.267837		
51	0.159626	750	-1.8807	-176.148538		
52	0.151441	750	-1.780994	-177.929532		
53	0.143514	750	-1.778518	-179.708049		
54	0.135841	750	-1.737128	-181.445177		
55	0.12842	750	-1.679512	-183.124689		
56	0.121247	750	-1.62311	-184.747799		
57	0.11432	750	-1.566409	-186.314208		
58	0.107637	750	-1.512065	-187.826273		
59	0.101193	750	-1.425699	-189.251972		
60	0.094986	750	-1.426059	-190.67803		
61	0.089014	750	-1.373735	-192.051765		
62	0.083273	750	-1.296393	-193.348158		
63	0.07776	750	-1.280645	-194.628803		
64	0.072472	750	-1.201988	-195.830791		
65	0.067406	750	-1.173333	-197.004124		
66	0.062558	750	-1.127412	-198.131536		
67	0.057926	750	-1.043664	-199.1752		
68	0.053506	750	-1.028765	-200.203965		
69	0.049295	750	-0.99073	-201.194695		
70	0.045289	750	-0.950167	-202.144861		
71	0.041485	750	-0.902388	-203.047249		
72	0.03788	750	-0.856584	-203.903833		
73	0.034469	750	-0.810969	-204.714802		
74	0.03125	750	-0.763309	-205.478111		
75	0.028218	750	-0.735387	-206.213498		
76	0.02537	750	-0.704657	-206.918155		
77	0.022702	750	-0.663865	-207.58202		
78	0.020209	750	-0.625498	-208.207518		
79	0.017889	750	-0.575917	-208.783435		
80	0.015736	750	-0.540655	-209.32409		
81	0.013746	750	-0.503639	-209.82773		
82	0.011916	750	-0.476971	-210.304701		
83	0.01024	750	-0.446438	-210.751139		
84	0.008714	750	-0.426289	-211.177428		
85	0.007334	750	-0.364576	-211.542005		
86	0.006093	750	-0.348082	-211.890087		
87	0.004988	750	-0.332281	-212.222368		
88	0.004013	750	-0.313423	-212.535791		
89	0.003162	750	-0.248162	-212.783953		
90	0.00243	750	-0.206987	-212.990939		
91	0.00181	750	-0.178308	-213.169247		
92	0.001296	750	-0.158873	-213.328121		
93	0.000882	750	-0.128653	-213.456773		
94	0.000559	750	-0.09979	-213.556563		
95	0.00032	750	-0.069342	-213.625905		
96	0.000156	750	-0.052483	-213.678388		
97	0.000057	750	-0.028264	-213.706652		
98	0.00001	750	-0.014514	-213.721166		
99	0	750	-0.003146	-213.724312		
Log marginal likelihood:	-213.724312					
0	0.975187	750	-4.809468	-4.809468		
1	0.950747	750	-4.747673	-9.557141		
2	0.926679	750	-4.675366	-14.232507		
3	0.90298	750	-4.600856	-18.833363		
4	0.879648	750	-4.531606	-23.364969		
5	0.856682	750	-4.461098	-27.826067		
6	0.834079	750	-4.393373	-32.21944		
7	0.811838	750	-4.332043	-36.551483		
8	0.789957	750	-4.260164	-40.811647		
9	0.768433	750	-4.187259	-44.998906		
10	0.747266	750	-4.148914	-49.14782		
11	0.726452	750	-4.052334	-53.200154		
12	0.705989	750	-3.979882	-57.180036		
13	0.685877	750	-3.923519	-61.103555		
14	0.666112	750	-3.908567	-65.012122		
15	0.646693	750	-3.790489	-68.802611		
16	0.627618	750	-3.713481	-72.516092		
17	0.608884	750	-3.657659	-76.173751		
18	0.59049	750	-3.593005	-79.766756		
19	0.572433	750	-3.552518	-83.319274		
20	0.554712	750	-3.48976	-86.809034		
21	0.537324	750	-3.420148	-90.229182		
22	0.520268	750	-3.353685	-93.582867		
23	0.50354	750	-3.301959	-96.884826		
24	0.487139	750	-3.44266	-100.327486		
25	0.471063	750	-3.289708	-103.617194		
26	0.45531	750	-3.09854	-106.715734		
27	0.439877	750	-3.099382	-109.815116		
28	0.424762	750	-3.237235	-113.052351		
29	0.409963	750	-2.966583	-116.018933		
30	0.395478	750	-2.930414	-118.949348		
31	0.381305	750	-2.920954	-121.870301		
32	0.36744	750	-2.936849	-124.80715		
33	0.353883	750	-2.834192	-127.641342		
34	0.34063	750	-2.78765	-130.428992		
35	0.32768	750	-2.676633	-133.105625		
36	0.31503	750	-2.618732	-135.724357		
37	0.302677	750	-2.486528	-138.210885		
38	0.290619	750	-2.447793	-140.658678		
39	0.278855	750	-2.532739	-143.191417		
40	0.267381	750	-2.469013	-145.660429		
41	0.256195	750	-2.419248	-148.079677		
42	0.245294	750	-2.36307	-150.442747		
43	0.234677	750	-2.316007	-152.758754		
44	0.22434	750	-2.256215	-155.014969		
45	0.214281	750	-2.170769	-157.185739		
46	0.204498	750	-2.112859	-159.298598		
47	0.194988	750	-2.078975	-161.377573		
48	0.185749	750	-1.960159	-163.337732		
49	0.176777	750	-1.958479	-165.296211		
50	0.16807	750	-1.920369	-167.216579		
51	0.159626	750	-1.85258	-169.069159		
52	0.151441	750	-1.803133	-170.872293		
53	0.143514	750	-1.796559	-172.668852		
54	0.135841	750	-1.656178	-174.32503		
55	0.12842	750	-1.602889	-175.927919		
56	0.121247	750	-1.601658	-177.529577		
57	0.11432	750	-1.55074	-179.080317		
58	0.107637	750	-1.505531	-180.585848		
59	0.101193	750	-1.486231	-182.072078		
60	0.094986	750	-1.408035	-183.480114		
61	0.089014	750	-1.358426	-184.838539		
62	0.083273	750	-1.317544	-186.156084		
63	0.07776	750	-1.263503	-187.419587		
64	0.072472	750	-1.21014	-188.629727		
65	0.067406	750	-1.163136	-189.792863		
66	0.062558	750	-1.097853	-190.890715		
67	0.057926	750	-1.055061	-191.945776		
68	0.053506	750	-1.026694	-192.97247		
69	0.049295	750	-0.990859	-193.96333		
70	0.045289	750	-0.947691	-194.911021		
71	0.041485	750	-0.893405	-195.804427		
72	0.03788	750	-0.861736	-196.666163		
73	0.034469	750	-0.821494	-197.487656		
74	0.03125	750	-0.777511	-198.265168		
75	0.028218	750	-0.756824	-199.021992		
76	0.02537	750	-0.707584	-199.729576		
77	0.022702	750	-0.659663	-200.389239		
78	0.020209	750	-0.612338	-201.001577		
79	0.017889	750	-0.585639	-201.587217		
80	0.015736	750	-0.553371	-202.140587		
81	0.013746	750	-0.520735	-202.661322		
82	0.011916	750	-0.473035	-203.134357		
83	0.01024	750	-0.43896	-203.573317		
84	0.008714	750	-0.405523	-203.978839		
85	0.007334	750	-0.38023	-204.359069		
86	0.006093	750	-0.331119	-204.690188		
87	0.004988	750	-0.346138	-205.036326		
88	0.004013	750	-0.282379	-205.318705		
89	0.003162	750	-0.246137	-205.564842		
90	0.00243	750	-0.196322	-205.761164		
91	0.00181	750	-0.206973	-205.968136		
92	0.001296	750	-0.149091	-206.117227		
93	0.000882	750	-0.122802	-206.240029		
94	0.000559	750	-0.093746	-206.333775		
95	0.00032	750	-0.081328	-206.415103		
96	0.000156	750	-0.047467	-206.46257		
97	0.000057	750	-0.029867	-206.492437		
98	0.00001	750	-0.015847	-206.508284		
99	0	750	-0.00294	-206.511224		
Log marginal likelihood:	-206.511224					
0	0.975187	750	-5.478183	-5.478183		
1	0.950747	750	-5.302392	-10.780574		
2	0.926679	750	-5.200613	-15.981188		
3	0.90298	750	-5.179229	-21.160417		
4	0.879648	750	-5.046756	-26.207173		
5	0.856682	750	-5.044449	-31.251622		
6	0.834079	750	-4.892737	-36.144358		
7	0.811838	750	-4.822848	-40.967206		
8	0.789957	750	-4.734262	-45.701467		
9	0.768433	750	-4.647922	-50.34939		
10	0.747266	750	-4.622303	-54.971693		
11	0.726452	750	-4.555018	-59.526711		
12	0.705989	750	-4.463119	-63.989829		
13	0.685877	750	-4.508827	-68.498656		
14	0.666112	750	-4.391526	-72.890182		
15	0.646693	750	-4.491921	-77.382104		
16	0.627618	750	-4.200532	-81.582636		
17	0.608884	750	-4.145801	-85.728437		
18	0.59049	750	-4.082904	-89.811341		
19	0.572433	750	-3.972574	-93.783915		
20	0.554712	750	-4.064233	-97.848148		
21	0.537324	750	-3.932665	-101.780813		
22	0.520268	750	-3.772458	-105.553271		
23	0.50354	750	-3.806536	-109.359807		
24	0.487139	750	-3.661104	-113.020911		
25	0.471063	750	-3.57573	-116.596642		
26	0.45531	750	-3.500372	-120.097014		
27	0.439877	750	-3.454231	-123.551245		
28	0.424762	750	-3.439881	-126.991126		
29	0.409963	750	-3.335246	-130.326372		
30	0.395478	750	-3.353624	-133.679996		
31	0.381305	750	-3.230666	-136.910662		
32	0.36744	750	-3.194355	-140.105016		
33	0.353883	750	-3.073433	-143.17845		
34	0.34063	750	-2.982753	-146.161203		
35	0.32768	750	-3.007756	-149.168959		
36	0.31503	750	-2.893544	-152.062503		
37	0.302677	750	-2.787134	-154.849637		
38	0.290619	750	-2.786385	-157.636022		
39	0.278855	750	-2.655701	-160.291722		
40	0.267381	750	-2.631321	-162.923044		
41	0.256195	750	-2.612164	-165.535208		
42	0.245294	750	-2.539772	-168.07498		
43	0.234677	750	-2.438372	-170.513352		
44	0.22434	750	-2.400841	-172.914193		
45	0.214281	750	-2.34694	-175.261134		
46	0.204498	750	-2.298456	-177.559589		
47	0.194988	750	-2.22859	-179.788179		
48	0.185749	750	-2.159228	-181.947407		
49	0.176777	750	-2.095344	-184.042751		
50	0.16807	750	-2.049696	-186.092447		
51	0.159626	750	-1.995725	-188.088172		
52	0.151441	750	-1.928684	-190.016855		
53	0.143514	750	-1.876871	-191.893726		
54	0.135841	750	-1.814187	-193.707913		
55	0.12842	750	-1.765204	-195.473117		
56	0.121247	750	-1.70283	-197.175947		
57	0.11432	750	-1.647466	-198.823414		
58	0.107637	750	-1.555799	-200.379213		
59	0.101193	750	-1.52084	-201.900053		
60	0.094986	750	-1.472842	-203.372895		
61	0.089014	750	-1.423123	-204.796018		
62	0.083273	750	-1.370428	-206.166446		
63	0.07776	750	-1.322215	-207.488661		
64	0.072472	750	-1.27604	-208.7647		
65	0.067406	750	-1.220002	-209.984703		
66	0.062558	750	-1.185753	-211.170456		
67	0.057926	750	-1.137623	-212.30808		
68	0.053506	750	-1.081892	-213.389972		
69	0.049295	750	-1.036681	-214.426653		
70	0.045289	750	-0.986497	-215.41315		
71	0.041485	750	-0.93575	-216.3489		
72	0.03788	750	-0.892968	-217.241868		
73	0.034469	750	-0.860468	-218.102336		
74	0.03125	750	-0.812976	-218.915312		
75	0.028218	750	-0.769529	-219.684841		
76	0.02537	750	-0.732406	-220.417247		
77	0.022702	750	-0.694181	-221.111428		
78	0.020209	750	-0.652904	-221.764332		
79	0.017889	750	-0.624922	-222.389254		
80	0.015736	750	-0.58681	-222.976064		
81	0.013746	750	-0.526398	-223.502463		
82	0.011916	750	-0.487356	-223.989819		
83	0.01024	750	-0.454923	-224.444742		
84	0.008714	750	-0.422238	-224.86698		
85	0.007334	750	-0.38335	-225.25033		
86	0.006093	750	-0.36339	-225.61372		
87	0.004988	750	-0.312586	-225.926306		
88	0.004013	750	-0.326215	-226.252522		
89	0.003162	750	-0.256841	-226.509363		
90	0.00243	750	-0.231937	-226.7413		
91	0.00181	750	-0.196577	-226.937877		
92	0.001296	750	-0.159851	-227.097728		
93	0.000882	750	-0.132757	-227.230485		
94	0.000559	750	-0.101175	-227.331659		
95	0.00032	750	-0.09096	-227.422619		
96	0.000156	750	-0.048799	-227.471418		
97	0.000057	750	-0.03122	-227.502638		
98	0.00001	750	-0.015773	-227.51841		
99	0	750	-0.00305	-227.52146		
Log marginal likelihood:	-227.52146					
0	0.975187	750	-4.344327	-4.344327		
1	0.950747	750	-4.277649	-8.621976		
2	0.926679	750	-4.208674	-12.830651		
3	0.90298	750	-4.140848	-16.971498		
4	0.879648	750	-4.078223	-21.049722		
5	0.856682	750	-4.015863	-25.065585		
6	0.834079	750	-3.96152	-29.027105		
7	0.811838	750	-3.904678	-32.931782		
8	0.789957	750	-3.837889	-36.769671		
9	0.768433	750	-3.770577	-40.540248		
10	0.747266	750	-3.713395	-44.253643		
11	0.726452	750	-3.656102	-47.909745		
12	0.705989	750	-3.585068	-51.494812		
13	0.685877	750	-3.53136	-55.026172		
14	0.666112	750	-3.478517	-58.50469		
15	0.646693	750	-3.404831	-61.909521		
16	0.627618	750	-3.359619	-65.26914		
17	0.608884	750	-3.296725	-68.565865		
18	0.59049	750	-3.246233	-71.812098		
19	0.572433	750	-3.175842	-74.987939		
20	0.554712	750	-3.121708	-78.109648		
21	0.537324	750	-3.072811	-81.182459		
22	0.520268	750	-3.003853	-84.186312		
23	0.50354	750	-2.944684	-87.130996		
24	0.487139	750	-2.921295	-90.052291		
25	0.471063	750	-2.8366	-92.888891		
26	0.45531	750	-2.786725	-95.675616		
27	0.439877	750	-2.737712	-98.413327		
28	0.424762	750	-2.683027	-101.096354		
29	0.409963	750	-2.651639	-103.747994		
30	0.395478	750	-2.581175	-106.329169		
31	0.381305	750	-2.599838	-108.929007		
32	0.36744	750	-2.526429	-111.455436		
33	0.353883	750	-2.421113	-113.876549		
34	0.34063	750	-2.387914	-116.264463		
35	0.32768	750	-2.344183	-118.608646		
36	0.31503	750	-2.298407	-120.907053		
37	0.302677	750	-2.245705	-123.152758		
38	0.290619	750	-2.272513	-125.425271		
39	0.278855	750	-2.206703	-127.631973		
40	0.267381	750	-2.083148	-129.715121		
41	0.256195	750	-2.038783	-131.753904		
42	0.245294	750	-1.991533	-133.745438		
43	0.234677	750	-1.943096	-135.688533		
44	0.22434	750	-1.949682	-137.638215		
45	0.214281	750	-1.95707	-139.595286		
46	0.204498	750	-1.899019	-141.494305		
47	0.194988	750	-1.878062	-143.372367		
48	0.185749	750	-1.926509	-145.298877		
49	0.176777	750	-1.75053	-147.049406		
50	0.16807	750	-1.708799	-148.758206		
51	0.159626	750	-1.773161	-150.531366		
52	0.151441	750	-1.696657	-152.228023		
53	0.143514	750	-1.628506	-153.856529		
54	0.135841	750	-1.579583	-155.436112		
55	0.12842	750	-1.52546	-156.961571		
56	0.121247	750	-1.468421	-158.429992		
57	0.11432	750	-1.480776	-159.910768		
58	0.107637	750	-1.444755	-161.355522		
59	0.101193	750	-1.388876	-162.744398		
60	0.094986	750	-1.330722	-164.07512		
61	0.089014	750	-1.261353	-165.336473		
62	0.083273	750	-1.262579	-166.599052		
63	0.07776	750	-1.214359	-167.813412		
64	0.072472	750	-1.182156	-168.995567		
65	0.067406	750	-1.09828	-170.093847		
66	0.062558	750	-1.076225	-171.170072		
67	0.057926	750	-1.045588	-172.21566		
68	0.053506	750	-1.027012	-173.242672		
69	0.049295	750	-0.960876	-174.203548		
70	0.045289	750	-0.915589	-175.119137		
71	0.041485	750	-0.854986	-175.974123		
72	0.03788	750	-0.825923	-176.800046		
73	0.034469	750	-0.810212	-177.610258		
74	0.03125	750	-0.750102	-178.360359		
75	0.028218	750	-0.720468	-179.080827		
76	0.02537	750	-0.685041	-179.765868		
77	0.022702	750	-0.643212	-180.40908		
78	0.020209	750	-0.606463	-181.015544		
79	0.017889	750	-0.578089	-181.593633		
80	0.015736	750	-0.539279	-182.132911		
81	0.013746	750	-0.505523	-182.638434		
82	0.011916	750	-0.458515	-183.09695		
83	0.01024	750	-0.415956	-183.512905		
84	0.008714	750	-0.389016	-183.901922		
85	0.007334	750	-0.370065	-184.271987		
86	0.006093	750	-0.348338	-184.620325		
87	0.004988	750	-0.297567	-184.917892		
88	0.004013	750	-0.286266	-185.204158		
89	0.003162	750	-0.229013	-185.433172		
90	0.00243	750	-0.204468	-185.637639		
91	0.00181	750	-0.175942	-185.813581		
92	0.001296	750	-0.147876	-185.961457		
93	0.000882	750	-0.136779	-186.098236		
94	0.000559	750	-0.096005	-186.194241		
95	0.00032	750	-0.072164	-186.266405		
96	0.000156	750	-0.048672	-186.315077		
97	0.000057	750	-0.029071	-186.344149		
98	0.00001	750	-0.015079	-186.359228		
99	0	750	-0.002897	-186.362125		
Log marginal likelihood:	-186.362125					
0	0.975187	750	-5.33806	-5.33806		
1	0.950747	750	-5.27333	-10.61139		
2	0.926679	750	-5.178628	-15.790017		
3	0.90298	750	-5.099274	-20.889291		
4	0.879648	750	-5.041274	-25.930565		
5	0.856682	750	-4.954063	-30.884628		
6	0.834079	750	-4.881879	-35.766507		
7	0.811838	750	-4.820291	-40.586798		
8	0.789957	750	-4.735525	-45.322324		
9	0.768433	750	-4.652032	-49.974355		
10	0.747266	750	-4.585916	-54.560271		
11	0.726452	750	-4.511129	-59.071401		
12	0.705989	750	-4.42017	-63.491571		
13	0.685877	750	-4.368478	-67.860048		
14	0.666112	750	-4.290362	-72.15041		
15	0.646693	750	-4.198164	-76.348575		
16	0.627618	750	-4.142877	-80.491452		
17	0.608884	750	-4.254428	-84.745879		
18	0.59049	750	-4.037109	-88.782988		
19	0.572433	750	-3.919374	-92.702362		
20	0.554712	750	-3.916818	-96.61918		
21	0.537324	750	-3.781146	-100.400326		
22	0.520268	750	-3.721248	-104.121573		
23	0.50354	750	-3.711237	-107.83281		
24	0.487139	750	-3.581069	-111.413879		
25	0.471063	750	-3.509781	-114.92366		
26	0.45531	750	-3.58692	-118.51058		
27	0.439877	750	-3.448808	-121.959388		
28	0.424762	750	-3.369092	-125.32848		
29	0.409963	750	-3.219937	-128.548417		
30	0.395478	750	-3.27572	-131.824137		
31	0.381305	750	-3.126279	-134.950415		
32	0.36744	750	-3.111238	-138.061654		
33	0.353883	750	-2.997613	-141.059267		
34	0.34063	750	-3.016161	-144.075427		
35	0.32768	750	-2.945717	-147.021144		
36	0.31503	750	-2.898421	-149.919566		
37	0.302677	750	-2.807378	-152.726944		
38	0.290619	750	-2.71996	-155.446904		
39	0.278855	750	-2.688859	-158.135763		
40	0.267381	750	-2.624036	-160.759799		
41	0.256195	750	-2.503967	-163.263766		
42	0.245294	750	-2.475112	-165.738877		
43	0.234677	750	-2.430859	-168.169737		
44	0.22434	750	-2.324421	-170.494158		
45	0.214281	750	-2.294112	-172.78827		
46	0.204498	750	-2.242369	-175.030639		
47	0.194988	750	-2.181746	-177.212385		
48	0.185749	750	-2.089526	-179.301911		
49	0.176777	750	-2.061996	-181.363906		
50	0.16807	750	-2.020681	-183.384588		
51	0.159626	750	-1.949752	-185.33434		
52	0.151441	750	-1.897712	-187.232052		
53	0.143514	750	-1.821743	-189.053795		
54	0.135841	750	-1.767874	-190.821668		
55	0.12842	750	-1.722688	-192.544357		
56	0.121247	750	-1.665963	-194.210319		
57	0.11432	750	-1.606611	-195.816931		
58	0.107637	750	-1.564856	-197.381786		
59	0.101193	750	-1.519918	-198.901704		
60	0.094986	750	-1.458735	-200.360439		
61	0.089014	750	-1.407873	-201.768312		
62	0.083273	750	-1.366422	-203.134733		
63	0.07776	750	-1.298098	-204.432831		
64	0.072472	750	-1.239607	-205.672438		
65	0.067406	750	-1.20559	-206.878028		
66	0.062558	750	-1.161625	-208.039653		
67	0.057926	750	-1.119535	-209.159188		
68	0.053506	750	-1.061564	-210.220752		
69	0.049295	750	-1.016041	-211.236793		
70	0.045289	750	-0.971446	-212.208239		
71	0.041485	750	-0.930267	-213.138506		
72	0.03788	750	-0.893972	-214.032477		
73	0.034469	750	-0.842094	-214.874571		
74	0.03125	750	-0.79576	-215.670331		
75	0.028218	750	-0.767418	-216.43775		
76	0.02537	750	-0.722971	-217.160721		
77	0.022702	750	-0.678567	-217.839287		
78	0.020209	750	-0.638909	-218.478196		
79	0.017889	750	-0.608058	-219.086254		
80	0.015736	750	-0.570307	-219.656561		
81	0.013746	750	-0.530248	-220.186809		
82	0.011916	750	-0.491765	-220.678573		
83	0.01024	750	-0.44842	-221.126993		
84	0.008714	750	-0.40744	-221.534432		
85	0.007334	750	-0.390349	-221.924781		
86	0.006093	750	-0.343651	-222.268432		
87	0.004988	750	-0.312854	-222.581286		
88	0.004013	750	-0.302265	-222.883551		
89	0.003162	750	-0.252175	-223.135727		
90	0.00243	750	-0.229837	-223.365564		
91	0.00181	750	-0.177774	-223.543338		
92	0.001296	750	-0.152726	-223.696064		
93	0.000882	750	-0.125373	-223.821437		
94	0.000559	750	-0.108197	-223.929634		
95	0.00032	750	-0.073756	-224.00339		
96	0.000156	750	-0.050469	-224.053859		
97	0.000057	750	-0.035186	-224.089046		
98	0.00001	750	-0.014116	-224.103162		
99	0	750	-0.002956	-224.106118		
Log marginal likelihood:	-224.106118					
0	0.975187	750	-4.796379	-4.796379		
1	0.950747	750	-4.724523	-9.520902		
2	0.926679	750	-4.649372	-14.170275		
3	0.90298	750	-4.601349	-18.771623		
4	0.879648	750	-4.507894	-23.279517		
5	0.856682	750	-4.454087	-27.733604		
6	0.834079	750	-4.429186	-32.16279		
7	0.811838	750	-4.361702	-36.524492		
8	0.789957	750	-4.248544	-40.773036		
9	0.768433	750	-4.175421	-44.948457		
10	0.747266	750	-4.130121	-49.078578		
11	0.726452	750	-4.053773	-53.132351		
12	0.705989	750	-3.969352	-57.101703		
13	0.685877	750	-3.963501	-61.065204		
14	0.666112	750	-3.867621	-64.932824		
15	0.646693	750	-3.837248	-68.770073		
16	0.627618	750	-3.813503	-72.583575		
17	0.608884	750	-3.704798	-76.288373		
18	0.59049	750	-3.658325	-79.946698		
19	0.572433	750	-3.556315	-83.503013		
20	0.554712	750	-3.508975	-87.011988		
21	0.537324	750	-3.465717	-90.477705		
22	0.520268	750	-3.382654	-93.86036		
23	0.50354	750	-3.303104	-97.163464		
24	0.487139	750	-3.265434	-100.428898		
25	0.471063	750	-3.217515	-103.646414		
26	0.45531	750	-3.13983	-106.786244		
27	0.439877	750	-3.088454	-109.874697		
28	0.424762	750	-3.006724	-112.881421		
29	0.409963	750	-3.022457	-115.903879		
30	0.395478	750	-2.932288	-118.836167		
31	0.381305	750	-2.848	-121.684167		
32	0.36744	750	-2.789832	-124.473999		
33	0.353883	750	-2.743957	-127.217956		
34	0.34063	750	-2.687526	-129.905482		
35	0.32768	750	-2.616544	-132.522026		
36	0.31503	750	-2.650507	-135.172533		
37	0.302677	750	-2.517898	-137.690431		
38	0.290619	750	-2.468968	-140.159399		
39	0.278855	750	-2.491478	-142.650877		
40	0.267381	750	-2.394482	-145.045359		
41	0.256195	750	-2.284435	-147.329794		
42	0.245294	750	-2.224771	-149.554565		
43	0.234677	750	-2.164649	-151.719214		
44	0.22434	750	-2.115052	-153.834266		
45	0.214281	750	-2.105384	-155.93965		
46	0.204498	750	-2.100166	-158.039816		
47	0.194988	750	-2.032955	-160.072771		
48	0.185749	750	-2.071617	-162.144389		
49	0.176777	750	-1.968128	-164.112517		
50	0.16807	750	-1.923013	-166.035529		
51	0.159626	750	-1.90627	-167.941799		
52	0.151441	750	-1.785789	-169.727588		
53	0.143514	750	-1.729123	-171.456711		
54	0.135841	750	-1.733646	-173.190357		
55	0.12842	750	-1.648431	-174.838789		
56	0.121247	750	-1.627502	-176.46629		
57	0.11432	750	-1.559315	-178.025605		
58	0.107637	750	-1.516032	-179.541637		
59	0.101193	750	-1.462394	-181.004031		
60	0.094986	750	-1.405507	-182.409538		
61	0.089014	750	-1.362878	-183.772416		
62	0.083273	750	-1.305645	-185.078061		
63	0.07776	750	-1.255762	-186.333823		
64	0.072472	750	-1.161192	-187.495015		
65	0.067406	750	-1.169302	-188.664317		
66	0.062558	750	-1.12379	-189.788108		
67	0.057926	750	-1.062974	-190.851081		
68	0.053506	750	-1.031109	-191.88219		
69	0.049295	750	-0.998206	-192.880395		
70	0.045289	750	-0.956447	-193.836843		
71	0.041485	750	-0.900294	-194.737136		
72	0.03788	750	-0.872075	-195.609212		
73	0.034469	750	-0.821057	-196.430269		
74	0.03125	750	-0.785776	-197.216044		
75	0.028218	750	-0.739337	-197.955382		
76	0.02537	750	-0.688119	-198.6435		
77	0.022702	750	-0.648835	-199.292335		
78	0.020209	750	-0.623919	-199.916254		
79	0.017889	750	-0.578731	-200.494985		
80	0.015736	750	-0.551547	-201.046531		
81	0.013746	750	-0.514754	-201.561286		
82	0.011916	750	-0.473045	-202.03433		
83	0.01024	750	-0.441272	-202.475602		
84	0.008714	750	-0.409644	-202.885246		
85	0.007334	750	-0.361928	-203.247174		
86	0.006093	750	-0.341248	-203.588421		
87	0.004988	750	-0.315093	-203.903515		
88	0.004013	750	-0.276086	-204.179601		
89	0.003162	750	-0.233942	-204.413543		
90	0.00243	750	-0.216232	-204.629775		
91	0.00181	750	-0.183375	-204.81315		
92	0.001296	750	-0.146394	-204.959544		
93	0.000882	750	-0.139553	-205.099097		
94	0.000559	750	-0.092666	-205.191763		
95	0.00032	750	-0.075885	-205.267648		
96	0.000156	750	-0.050941	-205.318588		
97	0.000057	750	-0.03164	-205.350228		
98	0.00001	750	-0.013791	-205.364019		
99	0	750	-0.00308	-205.367099		
Log marginal likelihood:	-205.367099					
0	0.975187	750	-4.952695	-4.952695		
1	0.950747	750	-4.882116	-9.834811		
2	0.926679	750	-4.797455	-14.632266		
3	0.90298	750	-4.771807	-19.404073		
4	0.879648	750	-4.655868	-24.059941		
5	0.856682	750	-4.583279	-28.64322		
6	0.834079	750	-4.565316	-33.208536		
7	0.811838	750	-4.438523	-37.647059		
8	0.789957	750	-4.45199	-42.099049		
9	0.768433	750	-4.353135	-46.452184		
10	0.747266	750	-4.247399	-50.699583		
11	0.726452	750	-4.167744	-54.867326		
12	0.705989	750	-4.116628	-58.983955		
13	0.685877	750	-4.090064	-63.074019		
14	0.666112	750	-4.02301	-67.097029		
15	0.646693	750	-3.932716	-71.029744		
16	0.627618	750	-3.883792	-74.913536		
17	0.608884	750	-3.808275	-78.721811		
18	0.59049	750	-3.75493	-82.47674		
19	0.572433	750	-3.670161	-86.146902		
20	0.554712	750	-3.638806	-89.785707		
21	0.537324	750	-3.505437	-93.291144		
22	0.520268	750	-3.509836	-96.80098		
23	0.50354	750	-3.424415	-100.225395		
24	0.487139	750	-3.366447	-103.591842		
25	0.471063	750	-3.357226	-106.949068		
26	0.45531	750	-3.220578	-110.169646		
27	0.439877	750	-3.202373	-113.372018		
28	0.424762	750	-3.114263	-116.486281		
29	0.409963	750	-3.085504	-119.571785		
30	0.395478	750	-2.971466	-122.543251		
31	0.381305	750	-2.925809	-125.46906		
32	0.36744	750	-2.879651	-128.348711		
33	0.353883	750	-2.824823	-131.173534		
34	0.34063	750	-2.771814	-133.945348		
35	0.32768	750	-2.700524	-136.645872		
36	0.31503	750	-2.613169	-139.259041		
37	0.302677	750	-2.673552	-141.932594		
38	0.290619	750	-2.640728	-144.573322		
39	0.278855	750	-2.495829	-147.069151		
40	0.267381	750	-2.408328	-149.477479		
41	0.256195	750	-2.358948	-151.836426		
42	0.245294	750	-2.36729	-154.203717		
43	0.234677	750	-2.361459	-156.565176		
44	0.22434	750	-2.236608	-158.801784		
45	0.214281	750	-2.167639	-160.969423		
46	0.204498	750	-2.127776	-163.097199		
47	0.194988	750	-2.078458	-165.175657		
48	0.185749	750	-2.055971	-167.231628		
49	0.176777	750	-2.045628	-169.277256		
50	0.16807	750	-1.838691	-171.115947		
51	0.159626	750	-1.87307	-172.989017		
52	0.151441	750	-1.841533	-174.83055		
53	0.143514	750	-1.760826	-176.591376		
54	0.135841	750	-1.750221	-178.341597		
55	0.12842	750	-1.662302	-180.003899		
56	0.121247	750	-1.646787	-181.650686		
57	0.11432	750	-1.546504	-183.19719		
58	0.107637	750	-1.506701	-184.70389		
59	0.101193	750	-1.440501	-186.144391		
60	0.094986	750	-1.420433	-187.564824		
61	0.089014	750	-1.373148	-188.937973		
62	0.083273	750	-1.337067	-190.27504		
63	0.07776	750	-1.290473	-191.565512		
64	0.072472	750	-1.232609	-192.798121		
65	0.067406	750	-1.172521	-193.970643		
66	0.062558	750	-1.131509	-195.102152		
67	0.057926	750	-1.06759	-196.169741		
68	0.053506	750	-1.033763	-197.203505		
69	0.049295	750	-1.005716	-198.209221		
70	0.045289	750	-0.939907	-199.149128		
71	0.041485	750	-0.914597	-200.063725		
72	0.03788	750	-0.865896	-200.929621		
73	0.034469	750	-0.823599	-201.753221		
74	0.03125	750	-0.776533	-202.529754		
75	0.028218	750	-0.740822	-203.270576		
76	0.02537	750	-0.699744	-203.97032		
77	0.022702	750	-0.669785	-204.640105		
78	0.020209	750	-0.623398	-205.263503		
79	0.017889	750	-0.590136	-205.853639		
80	0.015736	750	-0.548196	-206.401834		
81	0.013746	750	-0.521466	-206.9233		
82	0.011916	750	-0.473713	-207.397013		
83	0.01024	750	-0.444825	-207.841838		
84	0.008714	750	-0.424478	-208.266316		
85	0.007334	750	-0.37717	-208.643485		
86	0.006093	750	-0.347209	-208.990695		
87	0.004988	750	-0.319228	-209.309923		
88	0.004013	750	-0.265696	-209.575619		
89	0.003162	750	-0.226419	-209.802037		
90	0.00243	750	-0.215707	-210.017745		
91	0.00181	750	-0.186583	-210.204327		
92	0.001296	750	-0.152405	-210.356732		
93	0.000882	750	-0.136223	-210.492955		
94	0.000559	750	-0.098416	-210.591371		
95	0.00032	750	-0.068759	-210.66013		
96	0.000156	750	-0.050935	-210.711066		
97	0.000057	750	-0.031365	-210.74243		
98	0.00001	750	-0.014426	-210.756856		
99	0	750	-0.003019	-210.759875		
Log marginal likelihood:	-210.759875					
0	0.975187	750	-4.509234	-4.509234		
1	0.950747	750	-4.440864	-8.950099		
2	0.926679	750	-4.377834	-13.327933		
3	0.90298	750	-4.31701	-17.644943		
4	0.879648	750	-4.245374	-21.890317		
5	0.856682	750	-4.176162	-26.066479		
6	0.834079	750	-4.129826	-30.196305		
7	0.811838	750	-4.059562	-34.255868		
8	0.789957	750	-3.999586	-38.255454		
9	0.768433	750	-3.932157	-42.187611		
10	0.747266	750	-3.882588	-46.070198		
11	0.726452	750	-3.805112	-49.875311		
12	0.705989	750	-3.742913	-53.618223		
13	0.685877	750	-3.681813	-57.300036		
14	0.666112	750	-3.617126	-60.917162		
15	0.646693	750	-3.553926	-64.471088		
16	0.627618	750	-3.493047	-67.964136		
17	0.608884	750	-3.440375	-71.404511		
18	0.59049	750	-3.373423	-74.777934		
19	0.572433	750	-3.327836	-78.10577		
20	0.554712	750	-3.248754	-81.354524		
21	0.537324	750	-3.210065	-84.564589		
22	0.520268	750	-3.166039	-87.730628		
23	0.50354	750	-3.078667	-90.809295		
24	0.487139	750	-3.02147	-93.830765		
25	0.471063	750	-2.996761	-96.827526		
26	0.45531	750	-2.980491	-99.808017		
27	0.439877	750	-2.917041	-102.725058		
28	0.424762	750	-2.810746	-105.535804		
29	0.409963	750	-2.743012	-108.278817		
30	0.395478	750	-2.702012	-110.980829		
31	0.381305	750	-2.817666	-113.798494		
32	0.36744	750	-2.714714	-116.513208		
33	0.353883	750	-2.542901	-119.056109		
34	0.34063	750	-2.469818	-121.525927		
35	0.32768	750	-2.481374	-124.007301		
36	0.31503	750	-2.399587	-126.406888		
37	0.302677	750	-2.418875	-128.825763		
38	0.290619	750	-2.290652	-131.116415		
39	0.278855	750	-2.270647	-133.387062		
40	0.267381	750	-2.366842	-135.753904		
41	0.256195	750	-2.378152	-138.132056		
42	0.245294	750	-2.236138	-140.368194		
43	0.234677	750	-2.206141	-142.574335		
44	0.22434	750	-2.164359	-144.738694		
45	0.214281	750	-2.02959	-146.768284		
46	0.204498	750	-2.078022	-148.846306		
47	0.194988	750	-2.05106	-150.897366		
48	0.185749	750	-1.966033	-152.863399		
49	0.176777	750	-1.95776	-154.821159		
50	0.16807	750	-1.846501	-156.66766		
51	0.159626	750	-1.771183	-158.438843		
52	0.151441	750	-1.783913	-160.222756		
53	0.143514	750	-1.75457	-161.977326		
54	0.135841	750	-1.678958	-163.656285		
55	0.12842	750	-1.637956	-165.29424		
56	0.121247	750	-1.567877	-166.862117		
57	0.11432	750	-1.541976	-168.404093		
58	0.107637	750	-1.442211	-169.846304		
59	0.101193	750	-1.437187	-171.283491		
60	0.094986	750	-1.370044	-172.653536		
61	0.089014	750	-1.329453	-173.982989		
62	0.083273	750	-1.301005	-175.283994		
63	0.07776	750	-1.233031	-176.517025		
64	0.072472	750	-1.189143	-177.706167		
65	0.067406	750	-1.16073	-178.866897		
66	0.062558	750	-1.089189	-179.956086		
67	0.057926	750	-1.060837	-181.016923		
68	0.053506	750	-1.026913	-182.043837		
69	0.049295	750	-0.977629	-183.021466		
70	0.045289	750	-0.906213	-183.927679		
71	0.041485	750	-0.891254	-184.818932		
72	0.03788	750	-0.854925	-185.673857		
73	0.034469	750	-0.817444	-186.491301		
74	0.03125	750	-0.76298	-187.25428		
75	0.028218	750	-0.734965	-187.989245		
76	0.02537	750	-0.678718	-188.667963		
77	0.022702	750	-0.6494	-189.317364		
78	0.020209	750	-0.620195	-189.937559		
79	0.017889	750	-0.564753	-190.502312		
80	0.015736	750	-0.552034	-191.054345		
81	0.013746	750	-0.512478	-191.566824		
82	0.011916	750	-0.46363	-192.030454		
83	0.01024	750	-0.444603	-192.475057		
84	0.008714	750	-0.390035	-192.865092		
85	0.007334	750	-0.375707	-193.240799		
86	0.006093	750	-0.338682	-193.579481		
87	0.004988	750	-0.291408	-193.870889		
88	0.004013	750	-0.295704	-194.166593		
89	0.003162	750	-0.245763	-194.412357		
90	0.00243	750	-0.2159	-194.628257		
91	0.00181	750	-0.180178	-194.808435		
92	0.001296	750	-0.150343	-194.958778		
93	0.000882	750	-0.122439	-195.081218		
94	0.000559	750	-0.09367	-195.174888		
95	0.00032	750	-0.070337	-195.245225		
96	0.000156	750	-0.052926	-195.298151		
97	0.000057	750	-0.028452	-195.326602		
98	0.00001	750	-0.013195	-195.339797		
99	0	750	-0.002959	-195.342756		
Log marginal likelihood:	-195.342756					
0	0.975187	750	-5.124487	-5.124487		
1	0.950747	750	-5.077579	-10.202065		
2	0.926679	750	-4.981768	-15.183834		
3	0.90298	750	-4.924234	-20.108068		
4	0.879648	750	-4.849446	-24.957514		
5	0.856682	750	-4.797332	-29.754845		
6	0.834079	750	-4.683709	-34.438554		
7	0.811838	750	-4.692172	-39.130726		
8	0.789957	750	-4.551183	-43.68191		
9	0.768433	750	-4.495058	-48.176968		
10	0.747266	750	-4.396094	-52.573062		
11	0.726452	750	-4.356014	-56.929076		
12	0.705989	750	-4.271021	-61.200097		
13	0.685877	750	-4.245189	-65.445286		
14	0.666112	750	-4.142822	-69.588109		
15	0.646693	750	-4.083239	-73.671347		
16	0.627618	750	-4.057002	-77.72835		
17	0.608884	750	-3.905899	-81.634249		
18	0.59049	750	-3.8473	-85.481549		
19	0.572433	750	-3.890352	-89.371901		
20	0.554712	750	-3.749052	-93.120953		
21	0.537324	750	-3.685459	-96.806412		
22	0.520268	750	-3.625888	-100.4323		
23	0.50354	750	-3.530663	-103.962964		
24	0.487139	750	-3.520063	-107.483026		
25	0.471063	750	-3.371151	-110.854177		
26	0.45531	750	-3.416837	-114.271015		
27	0.439877	750	-3.279079	-117.550094		
28	0.424762	750	-3.203848	-120.753942		
29	0.409963	750	-3.126554	-123.880496		
30	0.395478	750	-3.070749	-126.951244		
31	0.381305	750	-3.010705	-129.96195		
32	0.36744	750	-2.961088	-132.923038		
33	0.353883	750	-2.898813	-135.821851		
34	0.34063	750	-2.907193	-138.729044		
35	0.32768	750	-2.861202	-141.590246		
36	0.31503	750	-2.775703	-144.365949		
37	0.302677	750	-2.690052	-147.056001		
38	0.290619	750	-2.650055	-149.706057		
39	0.278855	750	-2.568343	-152.274399		
40	0.267381	750	-2.536098	-154.810498		
41	0.256195	750	-2.473434	-157.283932		
42	0.245294	750	-2.392305	-159.676237		
43	0.234677	750	-2.313555	-161.989792		
44	0.22434	750	-2.263744	-164.253536		
45	0.214281	750	-2.219313	-166.472849		
46	0.204498	750	-2.142475	-168.615324		
47	0.194988	750	-2.125569	-170.740893		
48	0.185749	750	-2.061942	-172.802835		
49	0.176777	750	-1.978396	-174.78123		
50	0.16807	750	-1.923979	-176.705209		
51	0.159626	750	-1.88117	-178.586379		
52	0.151441	750	-1.819969	-180.406348		
53	0.143514	750	-1.776131	-182.18248		
54	0.135841	750	-1.72348	-183.905959		
55	0.12842	750	-1.65081	-185.556769		
56	0.121247	750	-1.62008	-187.17685		
57	0.11432	750	-1.570971	-188.747821		
58	0.107637	750	-1.518732	-190.266553		
59	0.101193	750	-1.471857	-191.738409		
60	0.094986	750	-1.405692	-193.144102		
61	0.089014	750	-1.364482	-194.508584		
62	0.083273	750	-1.307456	-195.81604		
63	0.07776	750	-1.261028	-197.077068		
64	0.072472	750	-1.203901	-198.28097		
65	0.067406	750	-1.196825	-199.477794		
66	0.062558	750	-1.130658	-200.608452		
67	0.057926	750	-1.079712	-201.688164		
68	0.053506	750	-1.028108	-202.716272		
69	0.049295	750	-0.996268	-203.71254		
70	0.045289	750	-0.955056	-204.667597		
71	0.041485	750	-0.890262	-205.557859		
72	0.03788	750	-0.870607	-206.428467		
73	0.034469	750	-0.829624	-207.25809		
74	0.03125	750	-0.778239	-208.036329		
75	0.028218	750	-0.765601	-208.80193		
76	0.02537	750	-0.697213	-209.499143		
77	0.022702	750	-0.661012	-210.160155		
78	0.020209	750	-0.608357	-210.768513		
79	0.017889	750	-0.589262	-211.357775		
80	0.015736	750	-0.559443	-211.917218		
81	0.013746	750	-0.530342	-212.44756		
82	0.011916	750	-0.485072	-212.932632		
83	0.01024	750	-0.443349	-213.375981		
84	0.008714	750	-0.426437	-213.802419		
85	0.007334	750	-0.370492	-214.172911		
86	0.006093	750	-0.336308	-214.509219		
87	0.004988	750	-0.301884	-214.811103		
88	0.004013	750	-0.283543	-215.094646		
89	0.003162	750	-0.263932	-215.358578		
90	0.00243	750	-0.196969	-215.555547		
91	0.00181	750	-0.190447	-215.745994		
92	0.001296	750	-0.158296	-215.90429		
93	0.000882	750	-0.126984	-216.031274		
94	0.000559	750	-0.093283	-216.124557		
95	0.00032	750	-0.07547	-216.200027		
96	0.000156	750	-0.051889	-216.251916		
97	0.000057	750	-0.030336	-216.282252		
98	0.00001	750	-0.015269	-216.297521		
99	0	750	-0.003166	-216.300687		
Log marginal likelihood:	-216.300687					
0	0.975187	750	-4.549887	-4.549887		
1	0.950747	750	-4.475705	-9.025592		
2	0.926679	750	-4.411957	-13.437549		
3	0.90298	750	-4.330702	-17.768251		
4	0.879648	750	-4.267216	-22.035467		
5	0.856682	750	-4.20089	-26.236357		
6	0.834079	750	-4.141651	-30.378008		
7	0.811838	750	-4.169453	-34.547461		
8	0.789957	750	-4.008297	-38.555758		
9	0.768433	750	-3.968791	-42.524549		
10	0.747266	750	-3.890756	-46.415305		
11	0.726452	750	-3.913221	-50.328527		
12	0.705989	750	-3.76331	-54.091836		
13	0.685877	750	-3.724509	-57.816346		
14	0.666112	750	-3.687083	-61.503428		
15	0.646693	750	-3.598752	-65.10218		
16	0.627618	750	-3.561244	-68.663425		
17	0.608884	750	-3.444738	-72.108163		
18	0.59049	750	-3.411827	-75.519989		
19	0.572433	750	-3.382539	-78.902528		
20	0.554712	750	-3.272256	-82.174784		
21	0.537324	750	-3.221121	-85.395904		
22	0.520268	750	-3.1693	-88.565205		
23	0.50354	750	-3.106877	-91.672082		
24	0.487139	750	-3.184137	-94.856219		
25	0.471063	750	-3.016074	-97.872293		
26	0.45531	750	-2.974538	-100.846831		
27	0.439877	750	-2.920796	-103.767627		
28	0.424762	750	-2.922325	-106.689952		
29	0.409963	750	-2.784776	-109.474728		
30	0.395478	750	-2.719365	-112.194092		
31	0.381305	750	-2.803194	-114.997286		
32	0.36744	750	-2.711513	-117.7088		
33	0.353883	750	-2.572528	-120.281327		
34	0.34063	750	-2.540451	-122.821778		
35	0.32768	750	-2.476752	-125.29853		
36	0.31503	750	-2.463653	-127.762183		
37	0.302677	750	-2.421295	-130.183478		
38	0.290619	750	-2.412331	-132.595809		
39	0.278855	750	-2.469723	-135.065532		
40	0.267381	750	-2.224776	-137.290308		
41	0.256195	750	-2.17528	-139.465588		
42	0.245294	750	-2.138245	-141.603834		
43	0.234677	750	-2.125469	-143.729303		
44	0.22434	750	-2.081977	-145.81128		
45	0.214281	750	-2.111948	-147.923228		
46	0.204498	750	-1.922006	-149.845234		
47	0.194988	750	-1.972714	-151.817948		
48	0.185749	750	-1.88066	-153.698608		
49	0.176777	750	-1.890116	-155.588724		
50	0.16807	750	-1.810266	-157.39899		
51	0.159626	750	-1.789688	-159.188678		
52	0.151441	750	-1.702003	-160.890681		
53	0.143514	750	-1.631375	-162.522056		
54	0.135841	750	-1.668888	-164.190944		
55	0.12842	750	-1.605318	-165.796263		
56	0.121247	750	-1.529009	-167.325271		
57	0.11432	750	-1.518854	-168.844125		
58	0.107637	750	-1.476423	-170.320548		
59	0.101193	750	-1.411946	-171.732493		
60	0.094986	750	-1.344539	-173.077032		
61	0.089014	750	-1.352729	-174.429762		
62	0.083273	750	-1.300961	-175.730722		
63	0.07776	750	-1.239967	-176.97069		
64	0.072472	750	-1.18606	-178.156749		
65	0.067406	750	-1.147955	-179.304705		
66	0.062558	750	-1.089009	-180.393714		
67	0.057926	750	-1.052197	-181.445911		
68	0.053506	750	-1.009104	-182.455015		
69	0.049295	750	-0.981072	-183.436087		
70	0.045289	750	-0.920963	-184.357051		
71	0.041485	750	-0.869892	-185.226943		
72	0.03788	750	-0.835403	-186.062346		
73	0.034469	750	-0.820217	-186.882563		
74	0.03125	750	-0.75571	-187.638273		
75	0.028218	750	-0.725451	-188.363724		
76	0.02537	750	-0.682314	-189.046038		
77	0.022702	750	-0.653333	-189.69937		
78	0.020209	750	-0.613562	-190.312933		
79	0.017889	750	-0.583067	-190.896		
80	0.015736	750	-0.540951	-191.436952		
81	0.013746	750	-0.512938	-191.949889		
82	0.011916	750	-0.480545	-192.430434		
83	0.01024	750	-0.435089	-192.865524		
84	0.008714	750	-0.40728	-193.272803		
85	0.007334	750	-0.363308	-193.636112		
86	0.006093	750	-0.350066	-193.986178		
87	0.004988	750	-0.301429	-194.287607		
88	0.004013	750	-0.267385	-194.554991		
89	0.003162	750	-0.245188	-194.800179		
90	0.00243	750	-0.224045	-195.024225		
91	0.00181	750	-0.178716	-195.202941		
92	0.001296	750	-0.160205	-195.363146		
93	0.000882	750	-0.127232	-195.490378		
94	0.000559	750	-0.094178	-195.584557		
95	0.00032	750	-0.072724	-195.657281		
96	0.000156	750	-0.050336	-195.707616		
97	0.000057	750	-0.031019	-195.738635		
98	0.00001	750	-0.015505	-195.75414		
99	0	750	-0.003092	-195.757232		
Log marginal likelihood:	-195.757232					
0	0.975187	750	-5.048562	-5.048562		
1	0.950747	750	-5.026751	-10.075313		
2	0.926679	750	-4.926246	-15.001559		
3	0.90298	750	-4.857493	-19.859052		
4	0.879648	750	-4.768454	-24.627506		
5	0.856682	750	-4.699053	-29.326558		
6	0.834079	750	-4.66064	-33.987198		
7	0.811838	750	-4.561265	-38.548463		
8	0.789957	750	-4.535145	-43.083608		
9	0.768433	750	-4.409852	-47.49346		
10	0.747266	750	-4.37664	-51.8701		
11	0.726452	750	-4.318994	-56.189093		
12	0.705989	750	-4.25292	-60.442013		
13	0.685877	750	-4.195253	-64.637266		
14	0.666112	750	-4.12364	-68.760906		
15	0.646693	750	-3.973595	-72.734501		
16	0.627618	750	-3.960677	-76.695178		
17	0.608884	750	-3.884034	-80.579212		
18	0.59049	750	-3.830394	-84.409605		
19	0.572433	750	-3.729965	-88.13957		
20	0.554712	750	-3.658465	-91.798035		
21	0.537324	750	-3.607526	-95.405561		
22	0.520268	750	-3.550273	-98.955834		
23	0.50354	750	-3.520753	-102.476587		
24	0.487139	750	-3.505396	-105.981983		
25	0.471063	750	-3.377244	-109.359227		
26	0.45531	750	-3.332481	-112.691707		
27	0.439877	750	-3.215898	-115.907605		
28	0.424762	750	-3.175551	-119.083156		
29	0.409963	750	-3.096594	-122.17975		
30	0.395478	750	-3.073469	-125.253219		
31	0.381305	750	-3.135488	-128.388707		
32	0.36744	750	-2.92814	-131.316848		
33	0.353883	750	-2.969065	-134.285912		
34	0.34063	750	-2.823794	-137.109706		
35	0.32768	750	-2.855721	-139.965427		
36	0.31503	750	-2.786212	-142.751639		
37	0.302677	750	-2.736603	-145.488242		
38	0.290619	750	-2.656245	-148.144487		
39	0.278855	750	-2.55745	-150.701937		
40	0.267381	750	-2.465906	-153.167843		
41	0.256195	750	-2.463329	-155.631173		
42	0.245294	750	-2.331305	-157.962478		
43	0.234677	750	-2.330549	-160.293028		
44	0.22434	750	-2.285738	-162.578765		
45	0.214281	750	-2.213528	-164.792293		
46	0.204498	750	-2.163753	-166.956046		
47	0.194988	750	-2.122787	-169.078833		
48	0.185749	750	-2.082352	-171.161184		
49	0.176777	750	-2.00653	-173.167715		
50	0.16807	750	-1.962063	-175.129778		
51	0.159626	750	-1.900673	-177.030451		
52	0.151441	750	-1.804659	-178.83511		
53	0.143514	750	-1.785757	-180.620867		
54	0.135841	750	-1.716443	-182.337309		
55	0.12842	750	-1.656409	-183.993718		
56	0.121247	750	-1.627995	-185.621713		
57	0.11432	750	-1.573019	-187.194732		
58	0.107637	750	-1.531605	-188.726337		
59	0.101193	750	-1.462599	-190.188936		
60	0.094986	750	-1.400978	-191.589913		
61	0.089014	750	-1.358276	-192.94819		
62	0.083273	750	-1.320483	-194.268673		
63	0.07776	750	-1.27921	-195.547883		
64	0.072472	750	-1.218307	-196.766189		
65	0.067406	750	-1.170284	-197.936474		
66	0.062558	750	-1.134034	-199.070508		
67	0.057926	750	-1.090247	-200.160755		
68	0.053506	750	-1.038002	-201.198757		
69	0.049295	750	-0.983265	-202.182022		
70	0.045289	750	-0.94441	-203.126433		
71	0.041485	750	-0.908437	-204.034869		
72	0.03788	750	-0.863804	-204.898673		
73	0.034469	750	-0.809874	-205.708548		
74	0.03125	750	-0.792004	-206.500552		
75	0.028218	750	-0.745064	-207.245615		
76	0.02537	750	-0.710039	-207.955654		
77	0.022702	750	-0.663089	-208.618744		
78	0.020209	750	-0.639402	-209.258146		
79	0.017889	750	-0.590553	-209.848699		
80	0.015736	750	-0.548161	-210.39686		
81	0.013746	750	-0.512516	-210.909375		
82	0.011916	750	-0.479618	-211.388993		
83	0.01024	750	-0.423072	-211.812065		
84	0.008714	750	-0.445155	-212.25722		
85	0.007334	750	-0.384436	-212.641656		
86	0.006093	750	-0.335495	-212.977151		
87	0.004988	750	-0.30688	-213.284031		
88	0.004013	750	-0.285587	-213.569618		
89	0.003162	750	-0.238385	-213.808003		
90	0.00243	750	-0.210708	-214.018711		
91	0.00181	750	-0.181657	-214.200368		
92	0.001296	750	-0.145894	-214.346263		
93	0.000882	750	-0.1202	-214.466463		
94	0.000559	750	-0.094197	-214.56066		
95	0.00032	750	-0.074971	-214.63563		
96	0.000156	750	-0.051443	-214.687073		
97	0.000057	750	-0.029549	-214.716622		
98	0.00001	750	-0.014355	-214.730977		
99	0	750	-0.002985	-214.733962		
Log marginal likelihood:	-214.733962					
0	0.975187	750	-4.389779	-4.389779		
1	0.950747	750	-4.310785	-8.700565		
2	0.926679	750	-4.263623	-12.964188		
3	0.90298	750	-4.193969	-17.158156		
4	0.879648	750	-4.131576	-21.289732		
5	0.856682	750	-4.070476	-25.360207		
6	0.834079	750	-4.000436	-29.360643		
7	0.811838	750	-3.930455	-33.291098		
8	0.789957	750	-3.891875	-37.182973		
9	0.768433	750	-3.81211	-40.995083		
10	0.747266	750	-3.758615	-44.753699		
11	0.726452	750	-3.696738	-48.450437		
12	0.705989	750	-3.639336	-52.089773		
13	0.685877	750	-3.570768	-55.660541		
14	0.666112	750	-3.522025	-59.182566		
15	0.646693	750	-3.470077	-62.652644		
16	0.627618	750	-3.406088	-66.058732		
17	0.608884	750	-3.365414	-69.424147		
18	0.59049	750	-3.327917	-72.752064		
19	0.572433	750	-3.248457	-76.000521		
20	0.554712	750	-3.150603	-79.151124		
21	0.537324	750	-3.155629	-82.306753		
22	0.520268	750	-3.075185	-85.381938		
23	0.50354	750	-3.009343	-88.39128		
24	0.487139	750	-2.946887	-91.338167		
25	0.471063	750	-2.884248	-94.222416		
26	0.45531	750	-2.854638	-97.077054		
27	0.439877	750	-2.826861	-99.903915		
28	0.424762	750	-2.717887	-102.621802		
29	0.409963	750	-2.66242	-105.284222		
30	0.395478	750	-2.707645	-107.991867		
31	0.381305	750	-2.596147	-110.588014		
32	0.36744	750	-2.604114	-113.192127		
33	0.353883	750	-2.508176	-115.700303		
34	0.34063	750	-2.423653	-118.123956		
35	0.32768	750	-2.45132	-120.575276		
36	0.31503	750	-2.348559	-122.923834		
37	0.302677	750	-2.302551	-125.226385		
38	0.290619	750	-2.260681	-127.487066		
39	0.278855	750	-2.25999	-129.747056		
40	0.267381	750	-2.176653	-131.923708		
41	0.256195	750	-2.132909	-134.056618		
42	0.245294	750	-2.047466	-136.104084		
43	0.234677	750	-1.989161	-138.093245		
44	0.22434	750	-2.051005	-140.14425		
45	0.214281	750	-1.889922	-142.034172		
46	0.204498	750	-1.922535	-143.956707		
47	0.194988	750	-1.888386	-145.845094		
48	0.185749	750	-1.944795	-147.789889		
49	0.176777	750	-1.723513	-149.513402		
50	0.16807	750	-1.753523	-151.266925		
51	0.159626	750	-1.586859	-152.853784		
52	0.151441	750	-1.642764	-154.496548		
53	0.143514	750	-1.586646	-156.083194		
54	0.135841	750	-1.610497	-157.693691		
55	0.12842	750	-1.639445	-159.333135		
56	0.121247	750	-1.496614	-160.829749		
57	0.11432	750	-1.470143	-162.299893		
58	0.107637	750	-1.418228	-163.718121		
59	0.101193	750	-1.332326	-165.050447		
60	0.094986	750	-1.288847	-166.339294		
61	0.089014	750	-1.307928	-167.647222		
62	0.083273	750	-1.261531	-168.908753		
63	0.07776	750	-1.214144	-170.122897		
64	0.072472	750	-1.159294	-171.28219		
65	0.067406	750	-1.13263	-172.41482		
66	0.062558	750	-1.079788	-173.494608		
67	0.057926	750	-1.048517	-174.543126		
68	0.053506	750	-1.017578	-175.560704		
69	0.049295	750	-0.977036	-176.537741		
70	0.045289	750	-0.907593	-177.445333		
71	0.041485	750	-0.884037	-178.329371		
72	0.03788	750	-0.831335	-179.160706		
73	0.034469	750	-0.80385	-179.964556		
74	0.03125	750	-0.753713	-180.718269		
75	0.028218	750	-0.734315	-181.452584		
76	0.02537	750	-0.683368	-182.135951		
77	0.022702	750	-0.651485	-182.787436		
78	0.020209	750	-0.617792	-183.405228		
79	0.017889	750	-0.562825	-183.968053		
80	0.015736	750	-0.557209	-184.525262		
81	0.013746	750	-0.496974	-185.022236		
82	0.011916	750	-0.471186	-185.493422		
83	0.01024	750	-0.434168	-185.92759		
84	0.008714	750	-0.396831	-186.324421		
85	0.007334	750	-0.369794	-186.694215		
86	0.006093	750	-0.364728	-187.058943		
87	0.004988	750	-0.292758	-187.351701		
88	0.004013	750	-0.27145	-187.623151		
89	0.003162	750	-0.233892	-187.857042		
90	0.00243	750	-0.195805	-188.052847		
91	0.00181	750	-0.175779	-188.228626		
92	0.001296	750	-0.142426	-188.371052		
93	0.000882	750	-0.124425	-188.495477		
94	0.000559	750	-0.098966	-188.594443		
95	0.00032	750	-0.068581	-188.663024		
96	0.000156	750	-0.049538	-188.712562		
97	0.000057	750	-0.028137	-188.740699		
98	0.00001	750	-0.013721	-188.75442		
99	0	750	-0.003269	-188.757689		
Log marginal likelihood:	-188.757689					
0	0.975187	750	-4.941975	-4.941975		
1	0.950747	750	-4.790691	-9.732666		
2	0.926679	750	-4.739719	-14.472384		
3	0.90298	750	-4.746879	-19.219263		
4	0.879648	750	-4.670188	-23.889451		
5	0.856682	750	-4.592473	-28.481925		
6	0.834079	750	-4.544826	-33.02675		
7	0.811838	750	-4.445977	-37.472728		
8	0.789957	750	-4.301317	-41.774045		
9	0.768433	750	-4.309969	-46.084014		
10	0.747266	750	-4.197525	-50.281539		
11	0.726452	750	-4.132882	-54.41442		
12	0.705989	750	-4.054601	-58.469022		
13	0.685877	750	-4.043539	-62.512561		
14	0.666112	750	-3.953466	-66.466027		
15	0.646693	750	-3.920909	-70.386937		
16	0.627618	750	-3.77636	-74.163297		
17	0.608884	750	-3.722397	-77.885694		
18	0.59049	750	-3.641168	-81.526862		
19	0.572433	750	-3.651782	-85.178644		
20	0.554712	750	-3.571219	-88.749863		
21	0.537324	750	-3.504206	-92.254069		
22	0.520268	750	-3.388551	-95.64262		
23	0.50354	750	-3.406408	-99.049028		
24	0.487139	750	-3.309297	-102.358325		
25	0.471063	750	-3.222165	-105.580491		
26	0.45531	750	-3.188253	-108.768744		
27	0.439877	750	-3.10144	-111.870184		
28	0.424762	750	-3.041994	-114.912178		
29	0.409963	750	-2.995677	-117.907855		
30	0.395478	750	-2.883541	-120.791396		
31	0.381305	750	-2.857677	-123.649073		
32	0.36744	750	-2.794974	-126.444048		
33	0.353883	750	-2.753221	-129.197268		
34	0.34063	750	-2.695817	-131.893086		
35	0.32768	750	-2.64212	-134.535206		
36	0.31503	750	-2.561284	-137.09649		
37	0.302677	750	-2.5311	-139.627589		
38	0.290619	750	-2.58165	-142.209239		
39	0.278855	750	-2.463624	-144.672863		
40	0.267381	750	-2.373934	-147.046797		
41	0.256195	750	-2.310193	-149.35699		
42	0.245294	750	-2.297523	-151.654513		
43	0.234677	750	-2.255762	-153.910275		
44	0.22434	750	-2.14299	-156.053265		
45	0.214281	750	-2.144913	-158.198177		
46	0.204498	750	-2.102565	-160.300742		
47	0.194988	750	-2.141173	-162.441915		
48	0.185749	750	-2.06422	-164.506135		
49	0.176777	750	-1.983331	-166.489467		
50	0.16807	750	-1.960353	-168.449819		
51	0.159626	750	-1.903699	-170.353518		
52	0.151441	750	-1.847806	-172.201324		
53	0.143514	750	-1.771509	-173.972833		
54	0.135841	750	-1.63667	-175.609502		
55	0.12842	750	-1.679855	-177.289357		
56	0.121247	750	-1.612314	-178.901671		
57	0.11432	750	-1.533986	-180.435657		
58	0.107637	750	-1.519534	-181.955191		
59	0.101193	750	-1.423544	-183.378735		
60	0.094986	750	-1.420871	-184.799607		
61	0.089014	750	-1.364286	-186.163893		
62	0.083273	750	-1.324169	-187.488061		
63	0.07776	750	-1.28329	-188.771351		
64	0.072472	750	-1.212726	-189.984077		
65	0.067406	750	-1.186394	-191.170471		
66	0.062558	750	-1.135255	-192.305727		
67	0.057926	750	-1.073038	-193.378764		
68	0.053506	750	-1.033115	-194.411879		
69	0.049295	750	-0.997372	-195.409252		
70	0.045289	750	-0.941222	-196.350473		
71	0.041485	750	-0.901741	-197.252214		
72	0.03788	750	-0.867234	-198.119448		
73	0.034469	750	-0.839626	-198.959074		
74	0.03125	750	-0.767976	-199.72705		
75	0.028218	750	-0.752269	-200.479319		
76	0.02537	750	-0.706176	-201.185494		
77	0.022702	750	-0.668479	-201.853973		
78	0.020209	750	-0.638248	-202.492221		
79	0.017889	750	-0.614943	-203.107164		
80	0.015736	750	-0.545812	-203.652976		
81	0.013746	750	-0.525299	-204.178275		
82	0.011916	750	-0.491596	-204.669871		
83	0.01024	750	-0.443563	-205.113434		
84	0.008714	750	-0.41645	-205.529884		
85	0.007334	750	-0.375917	-205.905801		
86	0.006093	750	-0.340078	-206.245879		
87	0.004988	750	-0.304812	-206.550691		
88	0.004013	750	-0.287838	-206.838529		
89	0.003162	750	-0.257276	-207.095805		
90	0.00243	750	-0.218566	-207.314371		
91	0.00181	750	-0.207407	-207.521778		
92	0.001296	750	-0.146539	-207.668318		
93	0.000882	750	-0.122818	-207.791136		
94	0.000559	750	-0.093652	-207.884787		
95	0.00032	750	-0.082967	-207.967754		
96	0.000156	750	-0.051159	-208.018913		
97	0.000057	750	-0.030321	-208.049234		
98	0.00001	750	-0.014147	-208.06338		
99	0	750	-0.003081	-208.066461		
Log marginal likelihood:	-208.066461					
0	0.975187	750	-4.8494	-4.8494		
1	0.950747	750	-4.782771	-9.632172		
2	0.926679	750	-4.707055	-14.339227		
3	0.90298	750	-4.639474	-18.978701		
4	0.879648	750	-4.574174	-23.552875		
5	0.856682	750	-4.494791	-28.047666		
6	0.834079	750	-4.426025	-32.47369		
7	0.811838	750	-4.357995	-36.831685		
8	0.789957	750	-4.283758	-41.115443		
9	0.768433	750	-4.225592	-45.341035		
10	0.747266	750	-4.152328	-49.493363		
11	0.726452	750	-4.095977	-53.58934		
12	0.705989	750	-4.053596	-57.642937		
13	0.685877	750	-3.939538	-61.582475		
14	0.666112	750	-3.884088	-65.466562		
15	0.646693	750	-3.839326	-69.305888		
16	0.627618	750	-3.748925	-73.054813		
17	0.608884	750	-3.678211	-76.733023		
18	0.59049	750	-3.626937	-80.35996		
19	0.572433	750	-3.577104	-83.937064		
20	0.554712	750	-3.52426	-87.461324		
21	0.537324	750	-3.467902	-90.929226		
22	0.520268	750	-3.388192	-94.317418		
23	0.50354	750	-3.349048	-97.666466		
24	0.487139	750	-3.283761	-100.950227		
25	0.471063	750	-3.193304	-104.143532		
26	0.45531	750	-3.181919	-107.325451		
27	0.439877	750	-3.125923	-110.451374		
28	0.424762	750	-3.112033	-113.563407		
29	0.409963	750	-2.983571	-116.546978		
30	0.395478	750	-2.995763	-119.542741		
31	0.381305	750	-2.868723	-122.411464		
32	0.36744	750	-2.960084	-125.371548		
33	0.353883	750	-2.772869	-128.144418		
34	0.34063	750	-2.706052	-130.850469		
35	0.32768	750	-2.773829	-133.624298		
36	0.31503	750	-2.612355	-136.236653		
37	0.302677	750	-2.696089	-138.932742		
38	0.290619	750	-2.487367	-141.420108		
39	0.278855	750	-2.49266	-143.912768		
40	0.267381	750	-2.446578	-146.359346		
41	0.256195	750	-2.433478	-148.792824		
42	0.245294	750	-2.304265	-151.097088		
43	0.234677	750	-2.348026	-153.445114		
44	0.22434	750	-2.212427	-155.657541		
45	0.214281	750	-2.148021	-157.805563		
46	0.204498	750	-2.115661	-159.921223		
47	0.194988	750	-1.971494	-161.892717		
48	0.185749	750	-1.988568	-163.881285		
49	0.176777	750	-2.037501	-165.918786		
50	0.16807	750	-1.913984	-167.832769		
51	0.159626	750	-1.817696	-169.650466		
52	0.151441	750	-1.780045	-171.430511		
53	0.143514	750	-1.789342	-173.219853		
54	0.135841	750	-1.743577	-174.96343		
55	0.12842	750	-1.638741	-176.602171		
56	0.121247	750	-1.613145	-178.215317		
57	0.11432	750	-1.569267	-179.784584		
58	0.107637	750	-1.523675	-181.308259		
59	0.101193	750	-1.456681	-182.76494		
60	0.094986	750	-1.414629	-184.179569		
61	0.089014	750	-1.356939	-185.536508		
62	0.083273	750	-1.327888	-186.864396		
63	0.07776	750	-1.274135	-188.138531		
64	0.072472	750	-1.222384	-189.360916		
65	0.067406	750	-1.179233	-190.540149		
66	0.062558	750	-1.13413	-191.674279		
67	0.057926	750	-1.0983	-192.772579		
68	0.053506	750	-1.039564	-193.812143		
69	0.049295	750	-0.990096	-194.802239		
70	0.045289	750	-0.943422	-195.745661		
71	0.041485	750	-0.896745	-196.642406		
72	0.03788	750	-0.864076	-197.506481		
73	0.034469	750	-0.82565	-198.332131		
74	0.03125	750	-0.783026	-199.115157		
75	0.028218	750	-0.752283	-199.86744		
76	0.02537	750	-0.706962	-200.574402		
77	0.022702	750	-0.657031	-201.231433		
78	0.020209	750	-0.620704	-201.852137		
79	0.017889	750	-0.580099	-202.432236		
80	0.015736	750	-0.552697	-202.984933		
81	0.013746	750	-0.510368	-203.495301		
82	0.011916	750	-0.484417	-203.979719		
83	0.01024	750	-0.445954	-204.425673		
84	0.008714	750	-0.391662	-204.817335		
85	0.007334	750	-0.379742	-205.197077		
86	0.006093	750	-0.344659	-205.541736		
87	0.004988	750	-0.312907	-205.854643		
88	0.004013	750	-0.257219	-206.111862		
89	0.003162	750	-0.241267	-206.353129		
90	0.00243	750	-0.223261	-206.576391		
91	0.00181	750	-0.1828	-206.759191		
92	0.001296	750	-0.149494	-206.908685		
93	0.000882	750	-0.115903	-207.024587		
94	0.000559	750	-0.099969	-207.124556		
95	0.00032	750	-0.065431	-207.189987		
96	0.000156	750	-0.049407	-207.239394		
97	0.000057	750	-0.029884	-207.269279		
98	0.00001	750	-0.013164	-207.282442		
99	0	750	-0.002998	-207.28544		
Log marginal likelihood:	-207.28544					
0	0.975187	750	-4.829147	-4.829147		
1	0.950747	750	-4.734421	-9.563567		
2	0.926679	750	-4.661979	-14.225546		
3	0.90298	750	-4.592269	-18.817815		
4	0.879648	750	-4.541469	-23.359284		
5	0.856682	750	-4.452248	-27.811531		
6	0.834079	750	-4.406707	-32.218238		
7	0.811838	750	-4.314082	-36.53232		
8	0.789957	750	-4.263974	-40.796294		
9	0.768433	750	-4.186007	-44.982301		
10	0.747266	750	-4.122543	-49.104844		
11	0.726452	750	-4.059014	-53.163858		
12	0.705989	750	-3.983466	-57.147324		
13	0.685877	750	-3.92886	-61.076184		
14	0.666112	750	-3.85805	-64.934234		
15	0.646693	750	-3.798986	-68.73322		
16	0.627618	750	-3.75166	-72.48488		
17	0.608884	750	-3.657164	-76.142044		
18	0.59049	750	-3.635451	-79.777495		
19	0.572433	750	-3.554074	-83.331569		
20	0.554712	750	-3.477914	-86.809483		
21	0.537324	750	-3.411527	-90.22101		
22	0.520268	750	-3.34081	-93.56182		
23	0.50354	750	-3.279088	-96.840908		
24	0.487139	750	-3.291057	-100.131965		
25	0.471063	750	-3.199614	-103.331579		
26	0.45531	750	-3.154645	-106.486224		
27	0.439877	750	-3.185107	-109.67133		
28	0.424762	750	-3.042539	-112.713869		
29	0.409963	750	-3.01696	-115.730829		
30	0.395478	750	-2.850616	-118.581445		
31	0.381305	750	-2.882206	-121.463651		
32	0.36744	750	-2.81883	-124.282481		
33	0.353883	750	-2.797401	-127.079882		
34	0.34063	750	-2.842361	-129.922243		
35	0.32768	750	-2.719347	-132.64159		
36	0.31503	750	-2.59051	-135.2321		
37	0.302677	750	-2.524685	-137.756785		
38	0.290619	750	-2.617224	-140.374009		
39	0.278855	750	-2.501566	-142.875574		
40	0.267381	750	-2.461793	-145.337367		
41	0.256195	750	-2.310048	-147.647415		
42	0.245294	750	-2.405289	-150.052704		
43	0.234677	750	-2.344478	-152.397182		
44	0.22434	750	-2.30195	-154.699132		
45	0.214281	750	-2.134709	-156.833842		
46	0.204498	750	-2.171745	-159.005587		
47	0.194988	750	-2.131511	-161.137099		
48	0.185749	750	-1.962868	-163.099967		
49	0.176777	750	-1.978595	-165.078562		
50	0.16807	750	-1.950803	-167.029365		
51	0.159626	750	-1.865762	-168.895126		
52	0.151441	750	-1.823244	-170.718371		
53	0.143514	750	-1.764637	-172.483007		
54	0.135841	750	-1.722472	-174.205479		
55	0.12842	750	-1.638681	-175.84416		
56	0.121247	750	-1.583292	-177.427453		
57	0.11432	750	-1.56298	-178.990432		
58	0.107637	750	-1.491359	-180.481791		
59	0.101193	750	-1.44092	-181.922711		
60	0.094986	750	-1.426197	-183.348908		
61	0.089014	750	-1.3386	-184.687509		
62	0.083273	750	-1.297025	-185.984534		
63	0.07776	750	-1.262764	-187.247298		
64	0.072472	750	-1.204669	-188.451967		
65	0.067406	750	-1.15442	-189.606386		
66	0.062558	750	-1.12009	-190.726476		
67	0.057926	750	-1.062761	-191.789237		
68	0.053506	750	-1.026083	-192.81532		
69	0.049295	750	-0.990233	-193.805554		
70	0.045289	750	-0.949653	-194.755206		
71	0.041485	750	-0.898425	-195.653631		
72	0.03788	750	-0.860335	-196.513966		
73	0.034469	750	-0.808633	-197.322599		
74	0.03125	750	-0.789616	-198.112215		
75	0.028218	750	-0.74898	-198.861195		
76	0.02537	750	-0.711851	-199.573046		
77	0.022702	750	-0.67792	-200.250966		
78	0.020209	750	-0.621802	-200.872767		
79	0.017889	750	-0.573509	-201.446276		
80	0.015736	750	-0.546936	-201.993212		
81	0.013746	750	-0.518413	-202.511625		
82	0.011916	750	-0.463735	-202.97536		
83	0.01024	750	-0.469812	-203.445172		
84	0.008714	750	-0.414851	-203.860023		
85	0.007334	750	-0.371619	-204.231642		
86	0.006093	750	-0.361689	-204.593331		
87	0.004988	750	-0.292211	-204.885541		
88	0.004013	750	-0.281102	-205.166643		
89	0.003162	750	-0.238365	-205.405008		
90	0.00243	750	-0.204462	-205.60947		
91	0.00181	750	-0.195991	-205.805461		
92	0.001296	750	-0.150441	-205.955902		
93	0.000882	750	-0.119365	-206.075268		
94	0.000559	750	-0.094534	-206.169801		
95	0.00032	750	-0.069592	-206.239393		
96	0.000156	750	-0.049937	-206.28933		
97	0.000057	750	-0.029042	-206.318372		
98	0.00001	750	-0.013529	-206.331902		
99	0	750	-0.003074	-206.334976		
Log marginal likelihood:	-206.334976					
0	0.975187	750	-4.694927	-4.694927		
1	0.950747	750	-4.627743	-9.322669		
2	0.926679	750	-4.56221	-13.884879		
3	0.90298	750	-4.498241	-18.383121		
4	0.879648	750	-4.415237	-22.798358		
5	0.856682	750	-4.401839	-27.200197		
6	0.834079	750	-4.287852	-31.488049		
7	0.811838	750	-4.243088	-35.731137		
8	0.789957	750	-4.155771	-39.886908		
9	0.768433	750	-4.103289	-43.990197		
10	0.747266	750	-4.021275	-48.011472		
11	0.726452	750	-4.00621	-52.017682		
12	0.705989	750	-3.891687	-55.909369		
13	0.685877	750	-3.965027	-59.874396		
14	0.666112	750	-3.776469	-63.650865		
15	0.646693	750	-3.729414	-67.380279		
16	0.627618	750	-3.650345	-71.030624		
17	0.608884	750	-3.590207	-74.620831		
18	0.59049	750	-3.52455	-78.145381		
19	0.572433	750	-3.544827	-81.690208		
20	0.554712	750	-3.432244	-85.122452		
21	0.537324	750	-3.350912	-88.473363		
22	0.520268	750	-3.262943	-91.736307		
23	0.50354	750	-3.286064	-95.022371		
24	0.487139	750	-3.202009	-98.22438		
25	0.471063	750	-3.220903	-101.445283		
26	0.45531	750	-3.152689	-104.597973		
27	0.439877	750	-3.115936	-107.713909		
28	0.424762	750	-2.965192	-110.679101		
29	0.409963	750	-2.915515	-113.594616		
30	0.395478	750	-2.824802	-116.419418		
31	0.381305	750	-3.0097	-119.429117		
32	0.36744	750	-2.759583	-122.1887		
33	0.353883	750	-2.695205	-124.883905		
34	0.34063	750	-2.603511	-127.487416		
35	0.32768	750	-2.761464	-130.24888		
36	0.31503	750	-2.53973	-132.788609		
37	0.302677	750	-2.493013	-135.281622		
38	0.290619	750	-2.441864	-137.723486		
39	0.278855	750	-2.355545	-140.079031		
40	0.267381	750	-2.413142	-142.492173		
41	0.256195	750	-2.321093	-144.813266		
42	0.245294	750	-2.227683	-147.040949		
43	0.234677	750	-2.163015	-149.203964		
44	0.22434	750	-2.147881	-151.351845		
45	0.214281	750	-2.193939	-153.545784		
46	0.204498	750	-2.157916	-155.703699		
47	0.194988	750	-2.049424	-157.753123		
48	0.185749	750	-2.013253	-159.766376		
49	0.176777	750	-1.962114	-161.728489		
50	0.16807	750	-1.940424	-163.668913		
51	0.159626	750	-1.869791	-165.538704		
52	0.151441	750	-1.793283	-167.331987		
53	0.143514	750	-1.696545	-169.028532		
54	0.135841	750	-1.715196	-170.743728		
55	0.12842	750	-1.613444	-172.357172		
56	0.121247	750	-1.546242	-173.903414		
57	0.11432	750	-1.548779	-175.452193		
58	0.107637	750	-1.482814	-176.935007		
59	0.101193	750	-1.445012	-178.380019		
60	0.094986	750	-1.380932	-179.760951		
61	0.089014	750	-1.35602	-181.116972		
62	0.083273	750	-1.260274	-182.377246		
63	0.07776	750	-1.259439	-183.636685		
64	0.072472	750	-1.20234	-184.839024		
65	0.067406	750	-1.168021	-186.007045		
66	0.062558	750	-1.093669	-187.100714		
67	0.057926	750	-1.057432	-188.158146		
68	0.053506	750	-1.029445	-189.187591		
69	0.049295	750	-0.981509	-190.1691		
70	0.045289	750	-0.933396	-191.102497		
71	0.041485	750	-0.895213	-191.997709		
72	0.03788	750	-0.864865	-192.862575		
73	0.034469	750	-0.8085	-193.671075		
74	0.03125	750	-0.768946	-194.440021		
75	0.028218	750	-0.727907	-195.167928		
76	0.02537	750	-0.691858	-195.859786		
77	0.022702	750	-0.678322	-196.538108		
78	0.020209	750	-0.615971	-197.154079		
79	0.017889	750	-0.571624	-197.725703		
80	0.015736	750	-0.540918	-198.266621		
81	0.013746	750	-0.517218	-198.783839		
82	0.011916	750	-0.471097	-199.254936		
83	0.01024	750	-0.448769	-199.703705		
84	0.008714	750	-0.421466	-200.125171		
85	0.007334	750	-0.351254	-200.476425		
86	0.006093	750	-0.35689	-200.833315		
87	0.004988	750	-0.327636	-201.160951		
88	0.004013	750	-0.28971	-201.450661		
89	0.003162	750	-0.237319	-201.68798		
90	0.00243	750	-0.228138	-201.916118		
91	0.00181	750	-0.175374	-202.091492		
92	0.001296	750	-0.147414	-202.238905		
93	0.000882	750	-0.118234	-202.357139		
94	0.000559	750	-0.094144	-202.451283		
95	0.00032	750	-0.078722	-202.530005		
96	0.000156	750	-0.044668	-202.574673		
97	0.000057	750	-0.029213	-202.603886		
98	0.00001	750	-0.014131	-202.618017		
99	0	750	-0.003206	-202.621224		
Log marginal likelihood:	-202.621224					
0	0.975187	750	-4.680611	-4.680611		
1	0.950747	750	-4.60706	-9.28767		
2	0.926679	750	-4.53702	-13.824691		
3	0.90298	750	-4.488273	-18.312963		
4	0.879648	750	-4.413487	-22.726451		
5	0.856682	750	-4.350357	-27.076808		
6	0.834079	750	-4.361218	-31.438026		
7	0.811838	750	-4.217786	-35.655812		
8	0.789957	750	-4.156617	-39.812429		
9	0.768433	750	-4.150669	-43.963098		
10	0.747266	750	-4.028068	-47.991166		
11	0.726452	750	-3.972007	-51.963173		
12	0.705989	750	-3.881356	-55.844529		
13	0.685877	750	-3.863297	-59.707826		
14	0.666112	750	-3.747065	-63.454891		
15	0.646693	750	-3.740615	-67.195506		
16	0.627618	750	-3.715693	-70.911199		
17	0.608884	750	-3.599058	-74.510257		
18	0.59049	750	-3.565306	-78.075564		
19	0.572433	750	-3.525059	-81.600623		
20	0.554712	750	-3.427185	-85.027808		
21	0.537324	750	-3.380408	-88.408216		
22	0.520268	750	-3.285393	-91.693608		
23	0.50354	750	-3.200004	-94.893613		
24	0.487139	750	-3.193096	-98.086709		
25	0.471063	750	-3.146394	-101.233103		
26	0.45531	750	-3.084815	-104.317918		
27	0.439877	750	-2.987468	-107.305386		
28	0.424762	750	-2.959875	-110.265261		
29	0.409963	750	-2.841983	-113.107244		
30	0.395478	750	-2.856468	-115.963712		
31	0.381305	750	-2.785383	-118.749095		
32	0.36744	750	-2.728215	-121.47731		
33	0.353883	750	-2.660573	-124.137883		
34	0.34063	750	-2.598866	-126.73675		
35	0.32768	750	-2.551544	-129.288293		
36	0.31503	750	-2.489348	-131.777642		
37	0.302677	750	-2.424448	-134.202089		
38	0.290619	750	-2.368485	-136.570575		
39	0.278855	750	-2.317541	-138.888115		
40	0.267381	750	-2.330984	-141.219099		
41	0.256195	750	-2.217031	-143.43613		
42	0.245294	750	-2.240615	-145.676745		
43	0.234677	750	-2.183643	-147.860388		
44	0.22434	750	-2.155358	-150.015746		
45	0.214281	750	-2.165592	-152.181337		
46	0.204498	750	-2.021796	-154.203134		
47	0.194988	750	-1.968173	-156.171307		
48	0.185749	750	-1.86332	-158.034627		
49	0.176777	750	-1.884049	-159.918676		
50	0.16807	750	-1.873806	-161.792482		
51	0.159626	750	-1.693178	-163.48566		
52	0.151441	750	-1.824857	-165.310518		
53	0.143514	750	-1.671703	-166.982221		
54	0.135841	750	-1.58771	-168.569931		
55	0.12842	750	-1.591711	-170.161642		
56	0.121247	750	-1.518618	-171.68026		
57	0.11432	750	-1.508807	-173.189067		
58	0.107637	750	-1.465799	-174.654866		
59	0.101193	750	-1.432732	-176.087597		
60	0.094986	750	-1.357487	-177.445085		
61	0.089014	750	-1.293396	-178.738481		
62	0.083273	750	-1.291994	-180.030475		
63	0.07776	750	-1.242283	-181.272758		
64	0.072472	750	-1.184749	-182.457506		
65	0.067406	750	-1.13072	-183.588226		
66	0.062558	750	-1.137121	-184.725347		
67	0.057926	750	-1.041213	-185.766561		
68	0.053506	750	-1.004498	-186.771059		
69	0.049295	750	-0.956582	-187.727641		
70	0.045289	750	-0.926557	-188.654199		
71	0.041485	750	-0.888758	-189.542957		
72	0.03788	750	-0.834405	-190.377362		
73	0.034469	750	-0.801756	-191.179118		
74	0.03125	750	-0.74674	-191.925858		
75	0.028218	750	-0.73126	-192.657118		
76	0.02537	750	-0.686169	-193.343287		
77	0.022702	750	-0.657023	-194.00031		
78	0.020209	750	-0.610777	-194.611087		
79	0.017889	750	-0.609106	-195.220192		
80	0.015736	750	-0.549347	-195.769539		
81	0.013746	750	-0.508224	-196.277763		
82	0.011916	750	-0.465782	-196.743545		
83	0.01024	750	-0.431508	-197.175053		
84	0.008714	750	-0.410281	-197.585334		
85	0.007334	750	-0.368102	-197.953436		
86	0.006093	750	-0.346434	-198.29987		
87	0.004988	750	-0.289287	-198.589157		
88	0.004013	750	-0.274168	-198.863326		
89	0.003162	750	-0.25339	-199.116715		
90	0.00243	750	-0.209225	-199.325941		
91	0.00181	750	-0.199764	-199.525705		
92	0.001296	750	-0.159922	-199.685627		
93	0.000882	750	-0.125895	-199.811522		
94	0.000559	750	-0.100004	-199.911525		
95	0.00032	750	-0.069827	-199.981352		
96	0.000156	750	-0.050373	-200.031725		
97	0.000057	750	-0.030691	-200.062415		
98	0.00001	750	-0.015998	-200.078413		
99	0	750	-0.00285	-200.081263		
Log marginal likelihood:	-200.081263					
0	0.975187	750	-4.6167	-4.6167		
1	0.950747	750	-4.563868	-9.180567		
2	0.926679	750	-4.488685	-13.669252		
3	0.90298	750	-4.439967	-18.109219		
4	0.879648	750	-4.350684	-22.459904		
5	0.856682	750	-4.293524	-26.753428		
6	0.834079	750	-4.234764	-30.988192		
7	0.811838	750	-4.157271	-35.145463		
8	0.789957	750	-4.081068	-39.22653		
9	0.768433	750	-4.027186	-43.253716		
10	0.747266	750	-3.965932	-47.219649		
11	0.726452	750	-3.912732	-51.132381		
12	0.705989	750	-3.836607	-54.968988		
13	0.685877	750	-3.794974	-58.763961		
14	0.666112	750	-3.713676	-62.477638		
15	0.646693	750	-3.647501	-66.125138		
16	0.627618	750	-3.58727	-69.712408		
17	0.608884	750	-3.505337	-73.217745		
18	0.59049	750	-3.46117	-76.678916		
19	0.572433	750	-3.383862	-80.062778		
20	0.554712	750	-3.342695	-83.405472		
21	0.537324	750	-3.288679	-86.694151		
22	0.520268	750	-3.216311	-89.910462		
23	0.50354	750	-3.180693	-93.091155		
24	0.487139	750	-3.143894	-96.235049		
25	0.471063	750	-3.043413	-99.278462		
26	0.45531	750	-2.994436	-102.272898		
27	0.439877	750	-2.939254	-105.212152		
28	0.424762	750	-2.863569	-108.075721		
29	0.409963	750	-2.876361	-110.952082		
30	0.395478	750	-2.76799	-113.720071		
31	0.381305	750	-2.699192	-116.419263		
32	0.36744	750	-2.645437	-119.0647		
33	0.353883	750	-2.627337	-121.692038		
34	0.34063	750	-2.673744	-124.365782		
35	0.32768	750	-2.541013	-126.906794		
36	0.31503	750	-2.494985	-129.401779		
37	0.302677	750	-2.500674	-131.902453		
38	0.290619	750	-2.455901	-134.358353		
39	0.278855	750	-2.473241	-136.831594		
40	0.267381	750	-2.491153	-139.322747		
41	0.256195	750	-2.341705	-141.664452		
42	0.245294	750	-2.3166	-143.981052		
43	0.234677	750	-2.170934	-146.151986		
44	0.22434	750	-2.12131	-148.273296		
45	0.214281	750	-2.051274	-150.32457		
46	0.204498	750	-1.979172	-152.303742		
47	0.194988	750	-2.122366	-154.426109		
48	0.185749	750	-1.937193	-156.363302		
49	0.176777	750	-1.911407	-158.274709		
50	0.16807	750	-1.942291	-160.217		
51	0.159626	750	-1.845016	-162.062016		
52	0.151441	750	-1.808384	-163.8704		
53	0.143514	750	-1.753524	-165.623924		
54	0.135841	750	-1.628746	-167.252669		
55	0.12842	750	-1.621657	-168.874326		
56	0.121247	750	-1.630843	-170.505169		
57	0.11432	750	-1.55863	-172.063799		
58	0.107637	750	-1.498753	-173.562552		
59	0.101193	750	-1.409733	-174.972285		
60	0.094986	750	-1.383896	-176.356181		
61	0.089014	750	-1.347239	-177.70342		
62	0.083273	750	-1.254461	-178.957882		
63	0.07776	750	-1.269353	-180.227235		
64	0.072472	750	-1.229605	-181.45684		
65	0.067406	750	-1.151491	-182.608331		
66	0.062558	750	-1.130556	-183.738887		
67	0.057926	750	-1.045068	-184.783956		
68	0.053506	750	-1.033331	-185.817286		
69	0.049295	750	-0.98857	-186.805856		
70	0.045289	750	-0.923135	-187.728991		
71	0.041485	750	-0.900217	-188.629208		
72	0.03788	750	-0.86269	-189.491897		
73	0.034469	750	-0.808324	-190.300222		
74	0.03125	750	-0.775581	-191.075803		
75	0.028218	750	-0.751166	-191.826969		
76	0.02537	750	-0.710519	-192.537487		
77	0.022702	750	-0.643723	-193.181211		
78	0.020209	750	-0.620966	-193.802177		
79	0.017889	750	-0.595705	-194.397882		
80	0.015736	750	-0.544553	-194.942435		
81	0.013746	750	-0.500419	-195.442854		
82	0.011916	750	-0.477963	-195.920817		
83	0.01024	750	-0.445538	-196.366356		
84	0.008714	750	-0.40578	-196.772136		
85	0.007334	750	-0.39067	-197.162806		
86	0.006093	750	-0.336046	-197.498852		
87	0.004988	750	-0.29856	-197.797411		
88	0.004013	750	-0.273483	-198.070894		
89	0.003162	750	-0.2396	-198.310494		
90	0.00243	750	-0.214909	-198.525403		
91	0.00181	750	-0.172295	-198.697698		
92	0.001296	750	-0.156371	-198.854069		
93	0.000882	750	-0.132194	-198.986263		
94	0.000559	750	-0.095622	-199.081885		
95	0.00032	750	-0.071084	-199.152969		
96	0.000156	750	-0.048858	-199.201827		
97	0.000057	750	-0.032143	-199.23397		
98	0.00001	750	-0.015302	-199.249272		
99	0	750	-0.00312	-199.252392		
Log marginal likelihood:	-199.252392					
0	0.975187	750	-4.543378	-4.543378		
1	0.950747	750	-4.465868	-9.009245		
2	0.926679	750	-4.403693	-13.412938		
3	0.90298	750	-4.337795	-17.750734		
4	0.879648	750	-4.26759	-22.018323		
5	0.856682	750	-4.205866	-26.224189		
6	0.834079	750	-4.13513	-30.359319		
7	0.811838	750	-4.104717	-34.464036		
8	0.789957	750	-4.006669	-38.470705		
9	0.768433	750	-3.95885	-42.429555		
10	0.747266	750	-3.881767	-46.311322		
11	0.726452	750	-3.813129	-50.12445		
12	0.705989	750	-3.766768	-53.891218		
13	0.685877	750	-3.699092	-57.590311		
14	0.666112	750	-3.633901	-61.224211		
15	0.646693	750	-3.58702	-64.811231		
16	0.627618	750	-3.51813	-68.329361		
17	0.608884	750	-3.480201	-71.809562		
18	0.59049	750	-3.387019	-75.196581		
19	0.572433	750	-3.333368	-78.529949		
20	0.554712	750	-3.265102	-81.795051		
21	0.537324	750	-3.230543	-85.025594		
22	0.520268	750	-3.181772	-88.207366		
23	0.50354	750	-3.098766	-91.306132		
24	0.487139	750	-3.040351	-94.346483		
25	0.471063	750	-3.004811	-97.351294		
26	0.45531	750	-2.954956	-100.30625		
27	0.439877	750	-2.905856	-103.212106		
28	0.424762	750	-2.814118	-106.026224		
29	0.409963	750	-2.790925	-108.817149		
30	0.395478	750	-2.703854	-111.521003		
31	0.381305	750	-2.698901	-114.219904		
32	0.36744	750	-2.786451	-117.006355		
33	0.353883	750	-2.601124	-119.607479		
34	0.34063	750	-2.538936	-122.146415		
35	0.32768	750	-2.479518	-124.625933		
36	0.31503	750	-2.502607	-127.12854		
37	0.302677	750	-2.423633	-129.552173		
38	0.290619	750	-2.336082	-131.888255		
39	0.278855	750	-2.317635	-134.20589		
40	0.267381	750	-2.356951	-136.562841		
41	0.256195	750	-2.231615	-138.794455		
42	0.245294	750	-2.213072	-141.007527		
43	0.234677	750	-2.173804	-143.181331		
44	0.22434	750	-2.184333	-145.365664		
45	0.214281	750	-2.079468	-147.445132		
46	0.204498	750	-1.910228	-149.35536		
47	0.194988	750	-2.028312	-151.383671		
48	0.185749	750	-1.868428	-153.252099		
49	0.176777	750	-1.904948	-155.157047		
50	0.16807	750	-1.847194	-157.004241		
51	0.159626	750	-1.824498	-158.828739		
52	0.151441	750	-1.819934	-160.648673		
53	0.143514	750	-1.677709	-162.326382		
54	0.135841	750	-1.642034	-163.968416		
55	0.12842	750	-1.615578	-165.583995		
56	0.121247	750	-1.582387	-167.166382		
57	0.11432	750	-1.517982	-168.684364		
58	0.107637	750	-1.479118	-170.163483		
59	0.101193	750	-1.430601	-171.594084		
60	0.094986	750	-1.399757	-172.993841		
61	0.089014	750	-1.313639	-174.30748		
62	0.083273	750	-1.278286	-175.585765		
63	0.07776	750	-1.250366	-176.836131		
64	0.072472	750	-1.175446	-178.011577		
65	0.067406	750	-1.119306	-179.130883		
66	0.062558	750	-1.112688	-180.243571		
67	0.057926	750	-1.041775	-181.285346		
68	0.053506	750	-0.998938	-182.284284		
69	0.049295	750	-0.958999	-183.243283		
70	0.045289	750	-0.918898	-184.162181		
71	0.041485	750	-0.870555	-185.032737		
72	0.03788	750	-0.837975	-185.870711		
73	0.034469	750	-0.806364	-186.677076		
74	0.03125	750	-0.771048	-187.448123		
75	0.028218	750	-0.722972	-188.171096		
76	0.02537	750	-0.699321	-188.870416		
77	0.022702	750	-0.644113	-189.514529		
78	0.020209	750	-0.618724	-190.133253		
79	0.017889	750	-0.573395	-190.706648		
80	0.015736	750	-0.534381	-191.241029		
81	0.013746	750	-0.503491	-191.744521		
82	0.011916	750	-0.463802	-192.208322		
83	0.01024	750	-0.438839	-192.647162		
84	0.008714	750	-0.401614	-193.048776		
85	0.007334	750	-0.371704	-193.42048		
86	0.006093	750	-0.338824	-193.759304		
87	0.004988	750	-0.307041	-194.066345		
88	0.004013	750	-0.264714	-194.331059		
89	0.003162	750	-0.227608	-194.558668		
90	0.00243	750	-0.197188	-194.755855		
91	0.00181	750	-0.176673	-194.932528		
92	0.001296	750	-0.143903	-195.076432		
93	0.000882	750	-0.121278	-195.197709		
94	0.000559	750	-0.106424	-195.304133		
95	0.00032	750	-0.07044	-195.374573		
96	0.000156	750	-0.047575	-195.422147		
97	0.000057	750	-0.028896	-195.451043		
98	0.00001	750	-0.014857	-195.465901		
99	0	750	-0.002915	-195.468816		
Log marginal likelihood:	-195.468816					
0	0.975187	750	-4.854922	-4.854922		
1	0.950747	750	-4.772325	-9.627247		
2	0.926679	750	-4.715058	-14.342306		
3	0.90298	750	-4.625198	-18.967504		
4	0.879648	750	-4.555641	-23.523144		
5	0.856682	750	-4.489479	-28.012624		
6	0.834079	750	-4.428466	-32.441089		
7	0.811838	750	-4.355372	-36.796461		
8	0.789957	750	-4.286385	-41.082847		
9	0.768433	750	-4.20368	-45.286527		
10	0.747266	750	-4.136194	-49.422721		
11	0.726452	750	-4.083125	-53.505846		
12	0.705989	750	-4.018673	-57.524519		
13	0.685877	750	-3.962808	-61.487327		
14	0.666112	750	-3.887707	-65.375034		
15	0.646693	750	-3.815953	-69.190987		
16	0.627618	750	-3.757452	-72.948438		
17	0.608884	750	-3.729833	-76.678271		
18	0.59049	750	-3.603155	-80.281426		
19	0.572433	750	-3.56866	-83.850086		
20	0.554712	750	-3.499227	-87.349313		
21	0.537324	750	-3.475994	-90.825307		
22	0.520268	750	-3.437614	-94.262921		
23	0.50354	750	-3.33938	-97.602301		
24	0.487139	750	-3.265223	-100.867524		
25	0.471063	750	-3.251299	-104.118824		
26	0.45531	750	-3.126345	-107.245169		
27	0.439877	750	-3.07547	-110.320639		
28	0.424762	750	-3.070204	-113.390842		
29	0.409963	750	-3.000247	-116.391089		
30	0.395478	750	-2.883609	-119.274698		
31	0.381305	750	-2.842701	-122.117399		
32	0.36744	750	-2.850429	-124.967828		
33	0.353883	750	-2.762128	-127.729956		
34	0.34063	750	-2.712387	-130.442343		
35	0.32768	750	-2.666265	-133.108608		
36	0.31503	750	-2.626598	-135.735206		
37	0.302677	750	-2.528765	-138.263971		
38	0.290619	750	-2.495167	-140.759138		
39	0.278855	750	-2.394166	-143.153305		
40	0.267381	750	-2.362596	-145.515901		
41	0.256195	750	-2.327099	-147.843		
42	0.245294	750	-2.303621	-150.146621		
43	0.234677	750	-2.253554	-152.400174		
44	0.22434	750	-2.191903	-154.592077		
45	0.214281	750	-2.137251	-156.729328		
46	0.204498	750	-2.116252	-158.84558		
47	0.194988	750	-2.035519	-160.881099		
48	0.185749	750	-2.063615	-162.944714		
49	0.176777	750	-1.950598	-164.895312		
50	0.16807	750	-1.835014	-166.730326		
51	0.159626	750	-1.790434	-168.52076		
52	0.151441	750	-1.829781	-170.350541		
53	0.143514	750	-1.712472	-172.063013		
54	0.135841	750	-1.680083	-173.743096		
55	0.12842	750	-1.657107	-175.400203		
56	0.121247	750	-1.586883	-176.987086		
57	0.11432	750	-1.569965	-178.557051		
58	0.107637	750	-1.504573	-180.061625		
59	0.101193	750	-1.469784	-181.531409		
60	0.094986	750	-1.415067	-182.946476		
61	0.089014	750	-1.352562	-184.299038		
62	0.083273	750	-1.298096	-185.597134		
63	0.07776	750	-1.233665	-186.8308		
64	0.072472	750	-1.209207	-188.040007		
65	0.067406	750	-1.192616	-189.232622		
66	0.062558	750	-1.128015	-190.360638		
67	0.057926	750	-1.084457	-191.445094		
68	0.053506	750	-1.038023	-192.483117		
69	0.049295	750	-0.980339	-193.463456		
70	0.045289	750	-0.934227	-194.397683		
71	0.041485	750	-0.890456	-195.288139		
72	0.03788	750	-0.858118	-196.146258		
73	0.034469	750	-0.827307	-196.973564		
74	0.03125	750	-0.776857	-197.750422		
75	0.028218	750	-0.748239	-198.498661		
76	0.02537	750	-0.705272	-199.203933		
77	0.022702	750	-0.663054	-199.866987		
78	0.020209	750	-0.628803	-200.49579		
79	0.017889	750	-0.581725	-201.077515		
80	0.015736	750	-0.529774	-201.607289		
81	0.013746	750	-0.507143	-202.114432		
82	0.011916	750	-0.488835	-202.603267		
83	0.01024	750	-0.450127	-203.053394		
84	0.008714	750	-0.39739	-203.450784		
85	0.007334	750	-0.377366	-203.82815		
86	0.006093	750	-0.332866	-204.161016		
87	0.004988	750	-0.301688	-204.462704		
88	0.004013	750	-0.28707	-204.749775		
89	0.003162	750	-0.246884	-204.996659		
90	0.00243	750	-0.227821	-205.22448		
91	0.00181	750	-0.185871	-205.410351		
92	0.001296	750	-0.160235	-205.570586		
93	0.000882	750	-0.114275	-205.684861		
94	0.000559	750	-0.098597	-205.783458		
95	0.00032	750	-0.074492	-205.857949		
96	0.000156	750	-0.047325	-205.905275		
97	0.000057	750	-0.028601	-205.933875		
98	0.00001	750	-0.016526	-205.950401		
99	0	750	-0.003182	-205.953583		
Log marginal likelihood:	-205.953583					
0	0.975187	750	-4.675288	-4.675288		
1	0.950747	750	-4.603326	-9.278614		
2	0.926679	750	-4.547602	-13.826216		
3	0.90298	750	-4.484975	-18.311191		
4	0.879648	750	-4.425331	-22.736522		
5	0.856682	750	-4.33849	-27.075013		
6	0.834079	750	-4.266461	-31.341474		
7	0.811838	750	-4.20501	-35.546484		
8	0.789957	750	-4.13675	-39.683234		
9	0.768433	750	-4.082742	-43.765977		
10	0.747266	750	-4.017994	-47.783971		
11	0.726452	750	-3.964115	-51.748086		
12	0.705989	750	-3.886452	-55.634538		
13	0.685877	750	-3.829939	-59.464477		
14	0.666112	750	-3.741723	-63.2062		
15	0.646693	750	-3.679263	-66.885463		
16	0.627618	750	-3.608089	-70.493552		
17	0.608884	750	-3.556473	-74.050025		
18	0.59049	750	-3.533683	-77.583708		
19	0.572433	750	-3.457058	-81.040766		
20	0.554712	750	-3.422325	-84.463091		
21	0.537324	750	-3.324548	-87.787639		
22	0.520268	750	-3.254796	-91.042435		
23	0.50354	750	-3.256141	-94.298577		
24	0.487139	750	-3.153924	-97.452501		
25	0.471063	750	-3.093789	-100.546289		
26	0.45531	750	-3.127094	-103.673383		
27	0.439877	750	-2.97567	-106.649053		
28	0.424762	750	-2.930603	-109.579656		
29	0.409963	750	-2.879803	-112.45946		
30	0.395478	750	-2.835429	-115.294889		
31	0.381305	750	-2.785957	-118.080846		
32	0.36744	750	-2.697915	-120.77876		
33	0.353883	750	-2.619272	-123.398032		
34	0.34063	750	-2.595159	-125.993191		
35	0.32768	750	-2.67116	-128.66435		
36	0.31503	750	-2.493016	-131.157367		
37	0.302677	750	-2.398179	-133.555546		
38	0.290619	750	-2.406902	-135.962448		
39	0.278855	750	-2.395341	-138.357789		
40	0.267381	750	-2.379631	-140.73742		
41	0.256195	750	-2.240114	-142.977533		
42	0.245294	750	-2.190297	-145.167831		
43	0.234677	750	-2.177701	-147.345531		
44	0.22434	750	-2.175345	-149.520876		
45	0.214281	750	-2.144099	-151.664975		
46	0.204498	750	-2.090246	-153.755221		
47	0.194988	750	-2.073597	-155.828818		
48	0.185749	750	-1.920868	-157.749685		
49	0.176777	750	-1.89456	-159.644245		
50	0.16807	750	-1.901158	-161.545403		
51	0.159626	750	-1.801756	-163.347159		
52	0.151441	750	-1.745969	-165.093128		
53	0.143514	750	-1.718719	-166.811847		
54	0.135841	750	-1.650802	-168.462649		
55	0.12842	750	-1.597728	-170.060377		
56	0.121247	750	-1.580111	-171.640489		
57	0.11432	750	-1.501452	-173.141941		
58	0.107637	750	-1.48995	-174.631891		
59	0.101193	750	-1.381016	-176.012907		
60	0.094986	750	-1.359139	-177.372046		
61	0.089014	750	-1.321869	-178.693915		
62	0.083273	750	-1.288067	-179.981983		
63	0.07776	750	-1.231528	-181.213511		
64	0.072472	750	-1.178603	-182.392114		
65	0.067406	750	-1.13517	-183.527283		
66	0.062558	750	-1.094873	-184.622156		
67	0.057926	750	-1.056584	-185.67874		
68	0.053506	750	-1.002184	-186.680923		
69	0.049295	750	-0.973483	-187.654407		
70	0.045289	750	-0.923824	-188.57823		
71	0.041485	750	-0.874952	-189.453182		
72	0.03788	750	-0.853297	-190.306479		
73	0.034469	750	-0.800464	-191.106943		
74	0.03125	750	-0.765512	-191.872455		
75	0.028218	750	-0.737213	-192.609669		
76	0.02537	750	-0.678522	-193.288191		
77	0.022702	750	-0.63396	-193.922151		
78	0.020209	750	-0.60718	-194.529331		
79	0.017889	750	-0.568826	-195.098157		
80	0.015736	750	-0.53744	-195.635597		
81	0.013746	750	-0.509009	-196.144607		
82	0.011916	750	-0.512547	-196.657153		
83	0.01024	750	-0.425827	-197.08298		
84	0.008714	750	-0.382568	-197.465548		
85	0.007334	750	-0.363856	-197.829404		
86	0.006093	750	-0.332931	-198.162335		
87	0.004988	750	-0.305856	-198.468191		
88	0.004013	750	-0.278298	-198.746489		
89	0.003162	750	-0.252516	-198.999005		
90	0.00243	750	-0.214746	-199.213751		
91	0.00181	750	-0.176004	-199.389756		
92	0.001296	750	-0.19398	-199.583736		
93	0.000882	750	-0.117174	-199.70091		
94	0.000559	750	-0.097168	-199.798077		
95	0.00032	750	-0.078128	-199.876206		
96	0.000156	750	-0.048935	-199.925141		
97	0.000057	750	-0.030403	-199.955543		
98	0.00001	750	-0.013906	-199.969449		
99	0	750	-0.003098	-199.972547		
Log marginal likelihood:	-199.972547					
0	0.975187	750	-4.421087	-4.421087		
1	0.950747	750	-4.353209	-8.774296		
2	0.926679	750	-4.292834	-13.06713		
3	0.90298	750	-4.222285	-17.289415		
4	0.879648	750	-4.158122	-21.447537		
5	0.856682	750	-4.104921	-25.552458		
6	0.834079	750	-4.041446	-29.593905		
7	0.811838	750	-3.972478	-33.566383		
8	0.789957	750	-3.906595	-37.472978		
9	0.768433	750	-3.840297	-41.313275		
10	0.747266	750	-3.8006	-45.113875		
11	0.726452	750	-3.721777	-48.835652		
12	0.705989	750	-3.665863	-52.501515		
13	0.685877	750	-3.62601	-56.127525		
14	0.666112	750	-3.547749	-59.675273		
15	0.646693	750	-3.473644	-63.148917		
16	0.627618	750	-3.454154	-66.603071		
17	0.608884	750	-3.382619	-69.985691		
18	0.59049	750	-3.329176	-73.314867		
19	0.572433	750	-3.263592	-76.578458		
20	0.554712	750	-3.200754	-79.779212		
21	0.537324	750	-3.143826	-82.923038		
22	0.520268	750	-3.094463	-86.017501		
23	0.50354	750	-3.086382	-89.103883		
24	0.487139	750	-2.991376	-92.095259		
25	0.471063	750	-2.978201	-95.07346		
26	0.45531	750	-2.912359	-97.985818		
27	0.439877	750	-2.810171	-100.79599		
28	0.424762	750	-2.795379	-103.591368		
29	0.409963	750	-2.732893	-106.324261		
30	0.395478	750	-2.699428	-109.023688		
31	0.381305	750	-2.656507	-111.680195		
32	0.36744	750	-2.557272	-114.237468		
33	0.353883	750	-2.527803	-116.765271		
34	0.34063	750	-2.513971	-119.279242		
35	0.32768	750	-2.435023	-121.714265		
36	0.31503	750	-2.383781	-124.098046		
37	0.302677	750	-2.336333	-126.434379		
38	0.290619	750	-2.285851	-128.72023		
39	0.278855	750	-2.343106	-131.063336		
40	0.267381	750	-2.111687	-133.175023		
41	0.256195	750	-2.137429	-135.312453		
42	0.245294	750	-2.110078	-137.422531		
43	0.234677	750	-2.105706	-139.528237		
44	0.22434	750	-2.003044	-141.531281		
45	0.214281	750	-1.926607	-143.457888		
46	0.204498	750	-1.961535	-145.419423		
47	0.194988	750	-1.903067	-147.32249		
48	0.185749	750	-1.825353	-149.147844		
49	0.176777	750	-1.765512	-150.913356		
50	0.16807	750	-1.765521	-152.678877		
51	0.159626	750	-1.785188	-154.464065		
52	0.151441	750	-1.684521	-156.148587		
53	0.143514	750	-1.55223	-157.700817		
54	0.135841	750	-1.642589	-159.343406		
55	0.12842	750	-1.612407	-160.955814		
56	0.121247	750	-1.46708	-162.422894		
57	0.11432	750	-1.487892	-163.910786		
58	0.107637	750	-1.419106	-165.329892		
59	0.101193	750	-1.373028	-166.70292		
60	0.094986	750	-1.359949	-168.062869		
61	0.089014	750	-1.30774	-169.370609		
62	0.083273	750	-1.256923	-170.627532		
63	0.07776	750	-1.200661	-171.828193		
64	0.072472	750	-1.139522	-172.967715		
65	0.067406	750	-1.13183	-174.099545		
66	0.062558	750	-1.080729	-175.180274		
67	0.057926	750	-1.043376	-176.22365		
68	0.053506	750	-0.993588	-177.217238		
69	0.049295	750	-0.944174	-178.161412		
70	0.045289	750	-0.910563	-179.071975		
71	0.041485	750	-0.862805	-179.93478		
72	0.03788	750	-0.835019	-180.769799		
73	0.034469	750	-0.778398	-181.548198		
74	0.03125	750	-0.737014	-182.285212		
75	0.028218	750	-0.703769	-182.988981		
76	0.02537	750	-0.684925	-183.673906		
77	0.022702	750	-0.650169	-184.324075		
78	0.020209	750	-0.611678	-184.935752		
79	0.017889	750	-0.562018	-185.49777		
80	0.015736	750	-0.538421	-186.036191		
81	0.013746	750	-0.500028	-186.536219		
82	0.011916	750	-0.47629	-187.012509		
83	0.01024	750	-0.422747	-187.435256		
84	0.008714	750	-0.391829	-187.827085		
85	0.007334	750	-0.361495	-188.188581		
86	0.006093	750	-0.311439	-188.50002		
87	0.004988	750	-0.315639	-188.815659		
88	0.004013	750	-0.27423	-189.089889		
89	0.003162	750	-0.2271	-189.316989		
90	0.00243	750	-0.207299	-189.524288		
91	0.00181	750	-0.203245	-189.727533		
92	0.001296	750	-0.140645	-189.868178		
93	0.000882	750	-0.124364	-189.992542		
94	0.000559	750	-0.097479	-190.090021		
95	0.00032	750	-0.071227	-190.161248		
96	0.000156	750	-0.045676	-190.206924		
97	0.000057	750	-0.029319	-190.236243		
98	0.00001	750	-0.015072	-190.251315		
99	0	750	-0.002932	-190.254248		
Log marginal likelihood:	-190.254248					
0	0.975187	750	-4.412522	-4.412522		
1	0.950747	750	-4.357073	-8.769596		
2	0.926679	750	-4.294172	-13.063768		
3	0.90298	750	-4.224187	-17.287955		
4	0.879648	750	-4.163515	-21.45147		
5	0.856682	750	-4.100618	-25.552089		
6	0.834079	750	-4.038456	-29.590545		
7	0.811838	750	-3.977812	-33.568356		
8	0.789957	750	-3.917954	-37.486311		
9	0.768433	750	-3.840152	-41.326463		
10	0.747266	750	-3.780321	-45.106784		
11	0.726452	750	-3.732127	-48.838911		
12	0.705989	750	-3.664675	-52.503587		
13	0.685877	750	-3.602936	-56.106523		
14	0.666112	750	-3.545223	-59.651746		
15	0.646693	750	-3.483131	-63.134878		
16	0.627618	750	-3.416522	-66.5514		
17	0.608884	750	-3.36447	-69.91587		
18	0.59049	750	-3.303506	-73.219376		
19	0.572433	750	-3.237289	-76.456665		
20	0.554712	750	-3.210852	-79.667517		
21	0.537324	750	-3.129995	-82.797512		
22	0.520268	750	-3.072603	-85.870116		
23	0.50354	750	-3.013285	-88.8834		
24	0.487139	750	-2.99794	-91.881341		
25	0.471063	750	-2.9004	-94.781741		
26	0.45531	750	-2.843295	-97.625036		
27	0.439877	750	-2.790481	-100.415517		
28	0.424762	750	-2.732649	-103.148166		
29	0.409963	750	-2.683627	-105.831793		
30	0.395478	750	-2.623591	-108.455384		
31	0.381305	750	-2.629655	-111.085039		
32	0.36744	750	-2.555573	-113.640612		
33	0.353883	750	-2.483404	-116.124016		
34	0.34063	750	-2.449062	-118.573078		
35	0.32768	750	-2.391583	-120.96466		
36	0.31503	750	-2.396499	-123.361159		
37	0.302677	750	-2.27984	-125.641		
38	0.290619	750	-2.224052	-127.865051		
39	0.278855	750	-2.21211	-130.077161		
40	0.267381	750	-2.173471	-132.250632		
41	0.256195	750	-2.177713	-134.428346		
42	0.245294	750	-2.280102	-136.708448		
43	0.234677	750	-2.092958	-138.801407		
44	0.22434	750	-2.069618	-140.871025		
45	0.214281	750	-1.993537	-142.864561		
46	0.204498	750	-1.945208	-144.809769		
47	0.194988	750	-2.00116	-146.810929		
48	0.185749	750	-1.88882	-148.699749		
49	0.176777	750	-1.844495	-150.544244		
50	0.16807	750	-1.864612	-152.408856		
51	0.159626	750	-1.747563	-154.15642		
52	0.151441	750	-1.75802	-155.91444		
53	0.143514	750	-1.600082	-157.514522		
54	0.135841	750	-1.69008	-159.204602		
55	0.12842	750	-1.65386	-160.858461		
56	0.121247	750	-1.556193	-162.414654		
57	0.11432	750	-1.48271	-163.897364		
58	0.107637	750	-1.493138	-165.390502		
59	0.101193	750	-1.430413	-166.820916		
60	0.094986	750	-1.378309	-168.199225		
61	0.089014	750	-1.310154	-169.509379		
62	0.083273	750	-1.290193	-170.799572		
63	0.07776	750	-1.260375	-172.059947		
64	0.072472	750	-1.183844	-173.243791		
65	0.067406	750	-1.151571	-174.395363		
66	0.062558	750	-1.099193	-175.494556		
67	0.057926	750	-1.056764	-176.55132		
68	0.053506	750	-1.01002	-177.561339		
69	0.049295	750	-0.980531	-178.54187		
70	0.045289	750	-0.92865	-179.47052		
71	0.041485	750	-0.870429	-180.34095		
72	0.03788	750	-0.855494	-181.196444		
73	0.034469	750	-0.813803	-182.010247		
74	0.03125	750	-0.772886	-182.783134		
75	0.028218	750	-0.73946	-183.522594		
76	0.02537	750	-0.694597	-184.217191		
77	0.022702	750	-0.644481	-184.861672		
78	0.020209	750	-0.613931	-185.475603		
79	0.017889	750	-0.579339	-186.054942		
80	0.015736	750	-0.532384	-186.587326		
81	0.013746	750	-0.525215	-187.112541		
82	0.011916	750	-0.476181	-187.588722		
83	0.01024	750	-0.464768	-188.053489		
84	0.008714	750	-0.397029	-188.450519		
85	0.007334	750	-0.377564	-188.828082		
86	0.006093	750	-0.331207	-189.159289		
87	0.004988	750	-0.313756	-189.473045		
88	0.004013	750	-0.264155	-189.7372		
89	0.003162	750	-0.23772	-189.97492		
90	0.00243	750	-0.211871	-190.18679		
91	0.00181	750	-0.186305	-190.373095		
92	0.001296	750	-0.153624	-190.526719		
93	0.000882	750	-0.119456	-190.646176		
94	0.000559	750	-0.093473	-190.739649		
95	0.00032	750	-0.075955	-190.815604		
96	0.000156	750	-0.049983	-190.865587		
97	0.000057	750	-0.028989	-190.894576		
98	0.00001	750	-0.012515	-190.907091		
99	0	750	-0.002799	-190.909891		
Log marginal likelihood:	-190.909891					
0	0.975187	750	-4.912	-4.912		
1	0.950747	750	-4.834784	-9.746784		
2	0.926679	750	-4.772971	-14.519755		
3	0.90298	750	-4.692807	-19.212561		
4	0.879648	750	-4.6281	-23.840662		
5	0.856682	750	-4.701422	-28.542083		
6	0.834079	750	-4.546481	-33.088564		
7	0.811838	750	-4.48772	-37.576284		
8	0.789957	750	-4.47186	-42.048144		
9	0.768433	750	-4.398266	-46.44641		
10	0.747266	750	-4.269661	-50.716071		
11	0.726452	750	-4.135549	-54.85162		
12	0.705989	750	-4.113157	-58.964777		
13	0.685877	750	-4.1022	-63.066977		
14	0.666112	750	-3.93791	-67.004887		
15	0.646693	750	-3.926175	-70.931062		
16	0.627618	750	-3.807622	-74.738684		
17	0.608884	750	-3.740394	-78.479078		
18	0.59049	750	-3.757259	-82.236336		
19	0.572433	750	-3.696815	-85.933152		
20	0.554712	750	-3.640493	-89.573645		
21	0.537324	750	-3.510857	-93.084502		
22	0.520268	750	-3.489778	-96.57428		
23	0.50354	750	-3.426618	-100.000898		
24	0.487139	750	-3.379816	-103.380714		
25	0.471063	750	-3.300309	-106.681023		
26	0.45531	750	-3.251469	-109.932492		
27	0.439877	750	-3.178391	-113.110883		
28	0.424762	750	-3.103011	-116.213894		
29	0.409963	750	-3.015379	-119.229273		
30	0.395478	750	-3.015495	-122.244768		
31	0.381305	750	-2.908579	-125.153347		
32	0.36744	750	-2.843764	-127.997111		
33	0.353883	750	-2.783132	-130.780244		
34	0.34063	750	-2.741762	-133.522006		
35	0.32768	750	-2.714995	-136.237001		
36	0.31503	750	-2.586395	-138.823396		
37	0.302677	750	-2.570354	-141.39375		
38	0.290619	750	-2.591522	-143.985272		
39	0.278855	750	-2.642626	-146.627898		
40	0.267381	750	-2.424263	-149.052161		
41	0.256195	750	-2.312459	-151.36462		
42	0.245294	750	-2.318163	-153.682783		
43	0.234677	750	-2.283281	-155.966063		
44	0.22434	750	-2.178845	-158.144908		
45	0.214281	750	-2.232543	-160.377451		
46	0.204498	750	-2.148575	-162.526026		
47	0.194988	750	-2.16063	-164.686657		
48	0.185749	750	-2.086122	-166.772779		
49	0.176777	750	-1.985604	-168.758383		
50	0.16807	750	-1.929531	-170.687915		
51	0.159626	750	-1.829894	-172.517809		
52	0.151441	750	-1.78743	-174.305239		
53	0.143514	750	-1.761298	-176.066537		
54	0.135841	750	-1.702881	-177.769418		
55	0.12842	750	-1.707207	-179.476625		
56	0.121247	750	-1.6388	-181.115425		
57	0.11432	750	-1.570404	-182.685829		
58	0.107637	750	-1.495276	-184.181105		
59	0.101193	750	-1.474445	-185.65555		
60	0.094986	750	-1.42303	-187.07858		
61	0.089014	750	-1.387015	-188.465595		
62	0.083273	750	-1.313018	-189.778613		
63	0.07776	750	-1.26803	-191.046643		
64	0.072472	750	-1.207874	-192.254517		
65	0.067406	750	-1.171164	-193.425681		
66	0.062558	750	-1.130803	-194.556484		
67	0.057926	750	-1.075631	-195.632116		
68	0.053506	750	-1.039619	-196.671735		
69	0.049295	750	-1.006585	-197.678319		
70	0.045289	750	-0.96831	-198.646629		
71	0.041485	750	-0.910155	-199.556785		
72	0.03788	750	-0.867033	-200.423817		
73	0.034469	750	-0.821774	-201.245592		
74	0.03125	750	-0.781072	-202.026664		
75	0.028218	750	-0.741244	-202.767908		
76	0.02537	750	-0.688124	-203.456032		
77	0.022702	750	-0.651621	-204.107653		
78	0.020209	750	-0.621425	-204.729078		
79	0.017889	750	-0.594019	-205.323097		
80	0.015736	750	-0.551245	-205.874342		
81	0.013746	750	-0.514686	-206.389029		
82	0.011916	750	-0.498266	-206.887294		
83	0.01024	750	-0.458323	-207.345618		
84	0.008714	750	-0.407181	-207.752799		
85	0.007334	750	-0.369024	-208.121822		
86	0.006093	750	-0.357565	-208.479387		
87	0.004988	750	-0.301325	-208.780712		
88	0.004013	750	-0.278947	-209.05966		
89	0.003162	750	-0.242185	-209.301845		
90	0.00243	750	-0.210562	-209.512406		
91	0.00181	750	-0.204351	-209.716757		
92	0.001296	750	-0.151004	-209.867761		
93	0.000882	750	-0.124029	-209.99179		
94	0.000559	750	-0.105536	-210.097326		
95	0.00032	750	-0.076854	-210.17418		
96	0.000156	750	-0.051987	-210.226167		
97	0.000057	750	-0.030968	-210.257135		
98	0.00001	750	-0.015489	-210.272624		
99	0	750	-0.003337	-210.27596		
Log marginal likelihood:	-210.27596					
0	0.975187	750	-4.763987	-4.763987		
1	0.950747	750	-4.698174	-9.46216		
2	0.926679	750	-4.623495	-14.085655		
3	0.90298	750	-4.55839	-18.644045		
4	0.879648	750	-4.484289	-23.128334		
5	0.856682	750	-4.41412	-27.542453		
6	0.834079	750	-4.360973	-31.903426		
7	0.811838	750	-4.284858	-36.188284		
8	0.789957	750	-4.217437	-40.405721		
9	0.768433	750	-4.144243	-44.549964		
10	0.747266	750	-4.09641	-48.646374		
11	0.726452	750	-4.012194	-52.658568		
12	0.705989	750	-3.943411	-56.601979		
13	0.685877	750	-3.905214	-60.507194		
14	0.666112	750	-3.815933	-64.323127		
15	0.646693	750	-3.754488	-68.077614		
16	0.627618	750	-3.744172	-71.821787		
17	0.608884	750	-3.683117	-75.504903		
18	0.59049	750	-3.734203	-79.239106		
19	0.572433	750	-3.515272	-82.754379		
20	0.554712	750	-3.552124	-86.306503		
21	0.537324	750	-3.406539	-89.713042		
22	0.520268	750	-3.323997	-93.037039		
23	0.50354	750	-3.236797	-96.273836		
24	0.487139	750	-3.271817	-99.545653		
25	0.471063	750	-3.186407	-102.73206		
26	0.45531	750	-3.140154	-105.872215		
27	0.439877	750	-3.081381	-108.953596		
28	0.424762	750	-3.100876	-112.054471		
29	0.409963	750	-2.939422	-114.993894		
30	0.395478	750	-3.001609	-117.995503		
31	0.381305	750	-2.819917	-120.81542		
32	0.36744	750	-2.753758	-123.569178		
33	0.353883	750	-2.808711	-126.377889		
34	0.34063	750	-2.671813	-129.049702		
35	0.32768	750	-2.625816	-131.675517		
36	0.31503	750	-2.616758	-134.292275		
37	0.302677	750	-2.5942	-136.886475		
38	0.290619	750	-2.553518	-139.439993		
39	0.278855	750	-2.411244	-141.851237		
40	0.267381	750	-2.362512	-144.213749		
41	0.256195	750	-2.374856	-146.588605		
42	0.245294	750	-2.265536	-148.854141		
43	0.234677	750	-2.204715	-151.058856		
44	0.22434	750	-2.172241	-153.231097		
45	0.214281	750	-2.139495	-155.370592		
46	0.204498	750	-2.080962	-157.451554		
47	0.194988	750	-2.002521	-159.454075		
48	0.185749	750	-1.969326	-161.4234		
49	0.176777	750	-1.930107	-163.353508		
50	0.16807	750	-1.897339	-165.250847		
51	0.159626	750	-1.843876	-167.094723		
52	0.151441	750	-1.78653	-168.881252		
53	0.143514	750	-1.708761	-170.590014		
54	0.135841	750	-1.666282	-172.256296		
55	0.12842	750	-1.624431	-173.880727		
56	0.121247	750	-1.57771	-175.458437		
57	0.11432	750	-1.520154	-176.978591		
58	0.107637	750	-1.468102	-178.446693		
59	0.101193	750	-1.422328	-179.869021		
60	0.094986	750	-1.362449	-181.23147		
61	0.089014	750	-1.300345	-182.531815		
62	0.083273	750	-1.279757	-183.811572		
63	0.07776	750	-1.25419	-185.065762		
64	0.072472	750	-1.195332	-186.261095		
65	0.067406	750	-1.143889	-187.404984		
66	0.062558	750	-1.105619	-188.510602		
67	0.057926	750	-1.04006	-189.550662		
68	0.053506	750	-1.006568	-190.55723		
69	0.049295	750	-0.960742	-191.517972		
70	0.045289	750	-0.926263	-192.444235		
71	0.041485	750	-0.899058	-193.343294		
72	0.03788	750	-0.839714	-194.183008		
73	0.034469	750	-0.81258	-194.995587		
74	0.03125	750	-0.766214	-195.761801		
75	0.028218	750	-0.740023	-196.501824		
76	0.02537	750	-0.67197	-197.173794		
77	0.022702	750	-0.648598	-197.822393		
78	0.020209	750	-0.635527	-198.45792		
79	0.017889	750	-0.576298	-199.034217		
80	0.015736	750	-0.534148	-199.568366		
81	0.013746	750	-0.499057	-200.067423		
82	0.011916	750	-0.466333	-200.533756		
83	0.01024	750	-0.440377	-200.974133		
84	0.008714	750	-0.407336	-201.381469		
85	0.007334	750	-0.379315	-201.760784		
86	0.006093	750	-0.331224	-202.092008		
87	0.004988	750	-0.306342	-202.39835		
88	0.004013	750	-0.274326	-202.672676		
89	0.003162	750	-0.235499	-202.908175		
90	0.00243	750	-0.213382	-203.121557		
91	0.00181	750	-0.197287	-203.318844		
92	0.001296	750	-0.151823	-203.470667		
93	0.000882	750	-0.121446	-203.592113		
94	0.000559	750	-0.095995	-203.688107		
95	0.00032	750	-0.066823	-203.754931		
96	0.000156	750	-0.048424	-203.803355		
97	0.000057	750	-0.029342	-203.832697		
98	0.00001	750	-0.013726	-203.846422		
99	0	750	-0.002904	-203.849326		
Log marginal likelihood:	-203.849326					
0	0.975187	750	-4.503129	-4.503129		
1	0.950747	750	-4.460991	-8.96412		
2	0.926679	750	-4.387014	-13.351135		
3	0.90298	750	-4.294974	-17.646109		
4	0.879648	750	-4.242174	-21.888283		
5	0.856682	750	-4.173815	-26.062098		
6	0.834079	750	-4.114518	-30.176616		
7	0.811838	750	-4.116886	-34.293502		
8	0.789957	750	-4.005986	-38.299488		
9	0.768433	750	-3.921497	-42.220985		
10	0.747266	750	-3.860708	-46.081693		
11	0.726452	750	-3.817928	-49.899621		
12	0.705989	750	-3.730829	-53.63045		
13	0.685877	750	-3.664026	-57.294476		
14	0.666112	750	-3.624122	-60.918598		
15	0.646693	750	-3.567043	-64.485642		
16	0.627618	750	-3.500626	-67.986267		
17	0.608884	750	-3.433794	-71.420062		
18	0.59049	750	-3.401435	-74.821496		
19	0.572433	750	-3.35168	-78.173176		
20	0.554712	750	-3.250695	-81.423872		
21	0.537324	750	-3.216005	-84.639876		
22	0.520268	750	-3.146792	-87.786668		
23	0.50354	750	-3.092403	-90.879071		
24	0.487139	750	-3.061388	-93.940459		
25	0.471063	750	-2.947444	-96.887903		
26	0.45531	750	-2.901208	-99.789111		
27	0.439877	750	-2.884119	-102.67323		
28	0.424762	750	-2.842868	-105.516098		
29	0.409963	750	-2.827558	-108.343656		
30	0.395478	750	-2.718419	-111.062075		
31	0.381305	750	-2.699861	-113.761936		
32	0.36744	750	-2.616788	-116.378723		
33	0.353883	750	-2.604453	-118.983176		
34	0.34063	750	-2.530611	-121.513787		
35	0.32768	750	-2.453631	-123.967418		
36	0.31503	750	-2.396215	-126.363634		
37	0.302677	750	-2.33725	-128.700884		
38	0.290619	750	-2.284213	-130.985097		
39	0.278855	750	-2.251806	-133.236903		
40	0.267381	750	-2.206085	-135.442989		
41	0.256195	750	-2.183071	-137.62606		
42	0.245294	750	-2.137126	-139.763185		
43	0.234677	750	-2.054925	-141.81811		
44	0.22434	750	-1.992153	-143.810263		
45	0.214281	750	-1.961344	-145.771608		
46	0.204498	750	-1.928275	-147.699883		
47	0.194988	750	-1.839421	-149.539303		
48	0.185749	750	-1.818886	-151.35819		
49	0.176777	750	-1.828806	-153.186995		
50	0.16807	750	-1.760362	-154.947357		
51	0.159626	750	-1.650754	-156.598111		
52	0.151441	750	-1.659408	-158.257519		
53	0.143514	750	-1.682141	-159.93966		
54	0.135841	750	-1.576037	-161.515697		
55	0.12842	750	-1.54955	-163.065247		
56	0.121247	750	-1.497101	-164.562349		
57	0.11432	750	-1.4999	-166.062248		
58	0.107637	750	-1.448572	-167.510821		
59	0.101193	750	-1.429572	-168.940393		
60	0.094986	750	-1.397804	-170.338196		
61	0.089014	750	-1.257559	-171.595755		
62	0.083273	750	-1.257377	-172.853132		
63	0.07776	750	-1.250403	-174.103535		
64	0.072472	750	-1.212332	-175.315867		
65	0.067406	750	-1.160477	-176.476344		
66	0.062558	750	-1.111731	-177.588076		
67	0.057926	750	-1.049742	-178.637817		
68	0.053506	750	-1.029107	-179.666925		
69	0.049295	750	-0.963068	-180.629992		
70	0.045289	750	-0.957945	-181.587937		
71	0.041485	750	-0.88572	-182.473658		
72	0.03788	750	-0.822863	-183.296521		
73	0.034469	750	-0.81071	-184.10723		
74	0.03125	750	-0.749362	-184.856592		
75	0.028218	750	-0.717846	-185.574438		
76	0.02537	750	-0.693113	-186.267551		
77	0.022702	750	-0.65981	-186.927361		
78	0.020209	750	-0.621467	-187.548827		
79	0.017889	750	-0.572757	-188.121584		
80	0.015736	750	-0.562552	-188.684137		
81	0.013746	750	-0.517593	-189.201729		
82	0.011916	750	-0.478536	-189.680265		
83	0.01024	750	-0.430556	-190.110821		
84	0.008714	750	-0.406438	-190.517259		
85	0.007334	750	-0.346881	-190.86414		
86	0.006093	750	-0.368323	-191.232463		
87	0.004988	750	-0.294185	-191.526647		
88	0.004013	750	-0.273969	-191.800616		
89	0.003162	750	-0.261829	-192.062446		
90	0.00243	750	-0.220758	-192.283204		
91	0.00181	750	-0.179977	-192.46318		
92	0.001296	750	-0.152118	-192.615299		
93	0.000882	750	-0.119777	-192.735076		
94	0.000559	750	-0.1225	-192.857576		
95	0.00032	750	-0.07297	-192.930545		
96	0.000156	750	-0.051064	-192.981609		
97	0.000057	750	-0.029286	-193.010895		
98	0.00001	750	-0.015708	-193.026603		
99	0	750	-0.002884	-193.029487		
Log marginal likelihood:	-193.029487					
0	0.975187	750	-4.884364	-4.884364		
1	0.950747	750	-4.820826	-9.705191		
2	0.926679	750	-4.751059	-14.456249		
3	0.90298	750	-4.683406	-19.139655		
4	0.879648	750	-4.597997	-23.737652		
5	0.856682	750	-4.541944	-28.279596		
6	0.834079	750	-4.46813	-32.747727		
7	0.811838	750	-4.395236	-37.142963		
8	0.789957	750	-4.319151	-41.462114		
9	0.768433	750	-4.246443	-45.708557		
10	0.747266	750	-4.183338	-49.891895		
11	0.726452	750	-4.135032	-54.026926		
12	0.705989	750	-4.051862	-58.078788		
13	0.685877	750	-4.000251	-62.079039		
14	0.666112	750	-3.937896	-66.016936		
15	0.646693	750	-3.861778	-69.878714		
16	0.627618	750	-3.86685	-73.745564		
17	0.608884	750	-3.731782	-77.477346		
18	0.59049	750	-3.765322	-81.242668		
19	0.572433	750	-3.577631	-84.820299		
20	0.554712	750	-3.658537	-88.478836		
21	0.537324	750	-3.573716	-92.052551		
22	0.520268	750	-3.514781	-95.567332		
23	0.50354	750	-3.420578	-98.98791		
24	0.487139	750	-3.373476	-102.361385		
25	0.471063	750	-3.309614	-105.670999		
26	0.45531	750	-3.208565	-108.879564		
27	0.439877	750	-3.178448	-112.058012		
28	0.424762	750	-3.121324	-115.179336		
29	0.409963	750	-3.086139	-118.265475		
30	0.395478	750	-2.997273	-121.262748		
31	0.381305	750	-2.975264	-124.238012		
32	0.36744	750	-2.867605	-127.105617		
33	0.353883	750	-2.755589	-129.861206		
34	0.34063	750	-2.760243	-132.621449		
35	0.32768	750	-2.731475	-135.352924		
36	0.31503	750	-2.689611	-138.042535		
37	0.302677	750	-2.685463	-140.727998		
38	0.290619	750	-2.554212	-143.28221		
39	0.278855	750	-2.456581	-145.738791		
40	0.267381	750	-2.368307	-148.107098		
41	0.256195	750	-2.396053	-150.503151		
42	0.245294	750	-2.280138	-152.783289		
43	0.234677	750	-2.271281	-155.05457		
44	0.22434	750	-2.293061	-157.347631		
45	0.214281	750	-2.185206	-159.532837		
46	0.204498	750	-2.152546	-161.685384		
47	0.194988	750	-2.105828	-163.791212		
48	0.185749	750	-2.0016	-165.792813		
49	0.176777	750	-1.974875	-167.767688		
50	0.16807	750	-1.893248	-169.660935		
51	0.159626	750	-1.879051	-171.539986		
52	0.151441	750	-1.836588	-173.376574		
53	0.143514	750	-1.769752	-175.146327		
54	0.135841	750	-1.723016	-176.869343		
55	0.12842	750	-1.658542	-178.527886		
56	0.121247	750	-1.620226	-180.148111		
57	0.11432	750	-1.554866	-181.702977		
58	0.107637	750	-1.517771	-183.220748		
59	0.101193	750	-1.424529	-184.645277		
60	0.094986	750	-1.376372	-186.021649		
61	0.089014	750	-1.354302	-187.375951		
62	0.083273	750	-1.318978	-188.694929		
63	0.07776	750	-1.257499	-189.952428		
64	0.072472	750	-1.222816	-191.175244		
65	0.067406	750	-1.170987	-192.346232		
66	0.062558	750	-1.117878	-193.46411		
67	0.057926	750	-1.071235	-194.535345		
68	0.053506	750	-1.03263	-195.567975		
69	0.049295	750	-0.992908	-196.560883		
70	0.045289	750	-0.957649	-197.518532		
71	0.041485	750	-0.888489	-198.407021		
72	0.03788	750	-0.859685	-199.266706		
73	0.034469	750	-0.825758	-200.092463		
74	0.03125	750	-0.785429	-200.877892		
75	0.028218	750	-0.752123	-201.630015		
76	0.02537	750	-0.698756	-202.328771		
77	0.022702	750	-0.659762	-202.988533		
78	0.020209	750	-0.633299	-203.621832		
79	0.017889	750	-0.585347	-204.207179		
80	0.015736	750	-0.573017	-204.780196		
81	0.013746	750	-0.523244	-205.30344		
82	0.011916	750	-0.474906	-205.778346		
83	0.01024	750	-0.45318	-206.231527		
84	0.008714	750	-0.408455	-206.639981		
85	0.007334	750	-0.371043	-207.011025		
86	0.006093	750	-0.353716	-207.36474		
87	0.004988	750	-0.295287	-207.660027		
88	0.004013	750	-0.269224	-207.929252		
89	0.003162	750	-0.236895	-208.166147		
90	0.00243	750	-0.193838	-208.359985		
91	0.00181	750	-0.174876	-208.534861		
92	0.001296	750	-0.170865	-208.705726		
93	0.000882	750	-0.127501	-208.833227		
94	0.000559	750	-0.107745	-208.940973		
95	0.00032	750	-0.07428	-209.015252		
96	0.000156	750	-0.053794	-209.069046		
97	0.000057	750	-0.029454	-209.0985		
98	0.00001	750	-0.014326	-209.112826		
99	0	750	-0.002909	-209.115735		
Log marginal likelihood:	-209.115735					
0	0.975187	750	-4.837566	-4.837566		
1	0.950747	750	-4.75563	-9.593196		
2	0.926679	750	-4.683142	-14.276338		
3	0.90298	750	-4.610847	-18.887185		
4	0.879648	750	-4.559465	-23.44665		
5	0.856682	750	-4.474736	-27.921386		
6	0.834079	750	-4.404055	-32.325441		
7	0.811838	750	-4.356965	-36.682406		
8	0.789957	750	-4.289911	-40.972317		
9	0.768433	750	-4.198864	-45.171181		
10	0.747266	750	-4.161032	-49.332212		
11	0.726452	750	-4.093464	-53.425676		
12	0.705989	750	-4.017749	-57.443425		
13	0.685877	750	-3.927157	-61.370582		
14	0.666112	750	-3.91017	-65.280752		
15	0.646693	750	-3.811473	-69.092225		
16	0.627618	750	-3.757934	-72.850159		
17	0.608884	750	-3.678649	-76.528807		
18	0.59049	750	-3.655192	-80.183999		
19	0.572433	750	-3.54815	-83.732149		
20	0.554712	750	-3.509229	-87.241379		
21	0.537324	750	-3.45277	-90.694148		
22	0.520268	750	-3.390793	-94.084941		
23	0.50354	750	-3.287123	-97.372064		
24	0.487139	750	-3.243878	-100.615943		
25	0.471063	750	-3.175601	-103.791544		
26	0.45531	750	-3.18115	-106.972694		
27	0.439877	750	-3.227915	-110.200609		
28	0.424762	750	-3.163252	-113.363861		
29	0.409963	750	-3.045853	-116.409714		
30	0.395478	750	-2.885243	-119.294957		
31	0.381305	750	-2.880867	-122.175825		
32	0.36744	750	-2.909026	-125.08485		
33	0.353883	750	-2.728013	-127.812863		
34	0.34063	750	-2.721832	-130.534695		
35	0.32768	750	-2.630264	-133.16496		
36	0.31503	750	-2.591635	-135.756594		
37	0.302677	750	-2.60635	-138.362944		
38	0.290619	750	-2.532212	-140.895156		
39	0.278855	750	-2.483882	-143.379038		
40	0.267381	750	-2.422408	-145.801446		
41	0.256195	750	-2.433731	-148.235177		
42	0.245294	750	-2.31358	-150.548757		
43	0.234677	750	-2.33006	-152.878817		
44	0.22434	750	-2.214854	-155.093671		
45	0.214281	750	-2.235186	-157.328856		
46	0.204498	750	-2.156063	-159.484919		
47	0.194988	750	-2.083363	-161.568282		
48	0.185749	750	-1.974676	-163.542958		
49	0.176777	750	-1.901744	-165.444703		
50	0.16807	750	-1.827784	-167.272487		
51	0.159626	750	-1.852254	-169.124741		
52	0.151441	750	-1.796632	-170.921373		
53	0.143514	750	-1.767606	-172.68898		
54	0.135841	750	-1.684468	-174.373448		
55	0.12842	750	-1.672945	-176.046393		
56	0.121247	750	-1.552898	-177.599291		
57	0.11432	750	-1.564659	-179.16395		
58	0.107637	750	-1.490327	-180.654277		
59	0.101193	750	-1.445107	-182.099384		
60	0.094986	750	-1.391788	-183.491172		
61	0.089014	750	-1.349601	-184.840773		
62	0.083273	750	-1.317955	-186.158727		
63	0.07776	750	-1.258427	-187.417154		
64	0.072472	750	-1.214772	-188.631926		
65	0.067406	750	-1.165774	-189.7977		
66	0.062558	750	-1.116998	-190.914698		
67	0.057926	750	-1.079019	-191.993717		
68	0.053506	750	-1.035675	-193.029392		
69	0.049295	750	-0.970698	-194.00009		
70	0.045289	750	-0.937258	-194.937348		
71	0.041485	750	-0.881529	-195.818877		
72	0.03788	750	-0.850996	-196.669873		
73	0.034469	750	-0.808519	-197.478392		
74	0.03125	750	-0.794595	-198.272987		
75	0.028218	750	-0.734694	-199.007681		
76	0.02537	750	-0.692017	-199.699698		
77	0.022702	750	-0.635421	-200.335119		
78	0.020209	750	-0.631066	-200.966185		
79	0.017889	750	-0.57425	-201.540435		
80	0.015736	750	-0.539443	-202.079878		
81	0.013746	750	-0.513894	-202.593772		
82	0.011916	750	-0.465346	-203.059117		
83	0.01024	750	-0.457089	-203.516206		
84	0.008714	750	-0.410986	-203.927192		
85	0.007334	750	-0.388811	-204.316003		
86	0.006093	750	-0.323749	-204.639752		
87	0.004988	750	-0.295075	-204.934827		
88	0.004013	750	-0.284964	-205.21979		
89	0.003162	750	-0.241482	-205.461272		
90	0.00243	750	-0.215728	-205.677		
91	0.00181	750	-0.171683	-205.848683		
92	0.001296	750	-0.143433	-205.992116		
93	0.000882	750	-0.121196	-206.113312		
94	0.000559	750	-0.091359	-206.204671		
95	0.00032	750	-0.073843	-206.278514		
96	0.000156	750	-0.046203	-206.324717		
97	0.000057	750	-0.033404	-206.358121		
98	0.00001	750	-0.015001	-206.373122		
99	0	750	-0.002967	-206.376089		
Log marginal likelihood:	-206.376089					
0	0.975187	750	-4.922457	-4.922457		
1	0.950747	750	-4.897935	-9.820392		
2	0.926679	750	-4.867476	-14.687868		
3	0.90298	750	-4.732791	-19.420658		
4	0.879648	750	-4.668111	-24.08877		
5	0.856682	750	-4.612837	-28.701607		
6	0.834079	750	-4.521408	-33.223015		
7	0.811838	750	-4.499416	-37.722431		
8	0.789957	750	-4.425248	-42.147679		
9	0.768433	750	-4.352982	-46.500661		
10	0.747266	750	-4.281458	-50.782119		
11	0.726452	750	-4.20266	-54.984779		
12	0.705989	750	-4.126391	-59.11117		
13	0.685877	750	-4.040946	-63.152116		
14	0.666112	750	-4.020887	-67.173003		
15	0.646693	750	-3.915584	-71.088587		
16	0.627618	750	-3.843389	-74.931976		
17	0.608884	750	-3.83438	-78.766356		
18	0.59049	750	-3.728054	-82.49441		
19	0.572433	750	-3.680359	-86.174769		
20	0.554712	750	-3.637124	-89.811893		
21	0.537324	750	-3.54578	-93.357673		
22	0.520268	750	-3.43138	-96.789052		
23	0.50354	750	-3.447946	-100.236998		
24	0.487139	750	-3.342226	-103.579224		
25	0.471063	750	-3.263747	-106.842972		
26	0.45531	750	-3.18751	-110.030482		
27	0.439877	750	-3.193184	-113.223666		
28	0.424762	750	-3.13416	-116.357826		
29	0.409963	750	-3.079989	-119.437815		
30	0.395478	750	-3.016729	-122.454544		
31	0.381305	750	-3.018505	-125.473049		
32	0.36744	750	-2.870611	-128.34366		
33	0.353883	750	-2.792277	-131.135936		
34	0.34063	750	-2.885554	-134.02149		
35	0.32768	750	-2.651754	-136.673245		
36	0.31503	750	-2.70616	-139.379405		
37	0.302677	750	-2.543252	-141.922657		
38	0.290619	750	-2.539066	-144.461723		
39	0.278855	750	-2.478078	-146.9398		
40	0.267381	750	-2.410891	-149.350692		
41	0.256195	750	-2.353617	-151.704308		
42	0.245294	750	-2.267068	-153.971377		
43	0.234677	750	-2.200196	-156.171572		
44	0.22434	750	-2.224675	-158.396248		
45	0.214281	750	-2.156472	-160.55272		
46	0.204498	750	-2.104934	-162.657654		
47	0.194988	750	-2.071777	-164.729431		
48	0.185749	750	-2.02735	-166.756781		
49	0.176777	750	-1.983071	-168.739852		
50	0.16807	750	-1.903356	-170.643208		
51	0.159626	750	-1.864002	-172.50721		
52	0.151441	750	-1.768219	-174.275429		
53	0.143514	750	-1.739902	-176.015331		
54	0.135841	750	-1.695021	-177.710351		
55	0.12842	750	-1.627131	-179.337482		
56	0.121247	750	-1.58277	-180.920252		
57	0.11432	750	-1.545385	-182.465637		
58	0.107637	750	-1.495165	-183.960803		
59	0.101193	750	-1.433942	-185.394745		
60	0.094986	750	-1.392938	-186.787683		
61	0.089014	750	-1.36526	-188.152943		
62	0.083273	750	-1.267005	-189.419948		
63	0.07776	750	-1.262973	-190.682921		
64	0.072472	750	-1.223435	-191.906356		
65	0.067406	750	-1.150673	-193.057029		
66	0.062558	750	-1.100377	-194.157406		
67	0.057926	750	-1.063373	-195.22078		
68	0.053506	750	-1.027145	-196.247925		
69	0.049295	750	-0.98347	-197.231395		
70	0.045289	750	-0.941492	-198.172887		
71	0.041485	750	-0.888146	-199.061034		
72	0.03788	750	-0.853235	-199.914269		
73	0.034469	750	-0.808715	-200.722983		
74	0.03125	750	-0.762831	-201.485815		
75	0.028218	750	-0.718588	-202.204403		
76	0.02537	750	-0.691755	-202.896158		
77	0.022702	750	-0.645587	-203.541745		
78	0.020209	750	-0.614391	-204.156136		
79	0.017889	750	-0.582471	-204.738607		
80	0.015736	750	-0.545802	-205.284408		
81	0.013746	750	-0.502282	-205.78669		
82	0.011916	750	-0.477363	-206.264053		
83	0.01024	750	-0.424585	-206.688638		
84	0.008714	750	-0.416252	-207.104889		
85	0.007334	750	-0.363817	-207.468706		
86	0.006093	750	-0.338261	-207.806967		
87	0.004988	750	-0.300343	-208.107311		
88	0.004013	750	-0.260566	-208.367876		
89	0.003162	750	-0.238635	-208.606511		
90	0.00243	750	-0.213918	-208.820429		
91	0.00181	750	-0.178993	-208.999422		
92	0.001296	750	-0.152004	-209.151426		
93	0.000882	750	-0.122247	-209.273674		
94	0.000559	750	-0.092212	-209.365886		
95	0.00032	750	-0.075689	-209.441574		
96	0.000156	750	-0.051112	-209.492686		
97	0.000057	750	-0.029078	-209.521765		
98	0.00001	750	-0.015433	-209.537198		
99	0	750	-0.003115	-209.540313		
Log marginal likelihood:	-209.540313					
0	0.975187	750	-4.342956	-4.342956		
1	0.950747	750	-4.297391	-8.640348		
2	0.926679	750	-4.229639	-12.869987		
3	0.90298	750	-4.15893	-17.028917		
4	0.879648	750	-4.103232	-21.132149		
5	0.856682	750	-4.037779	-25.169928		
6	0.834079	750	-3.965048	-29.134976		
7	0.811838	750	-3.902636	-33.037612		
8	0.789957	750	-3.854805	-36.892417		
9	0.768433	750	-3.784133	-40.67655		
10	0.747266	750	-3.734574	-44.411124		
11	0.726452	750	-3.667638	-48.078762		
12	0.705989	750	-3.6017	-51.680462		
13	0.685877	750	-3.555718	-55.23618		
14	0.666112	750	-3.493292	-58.729472		
15	0.646693	750	-3.42143	-62.150903		
16	0.627618	750	-3.371227	-65.52213		
17	0.608884	750	-3.319293	-68.841423		
18	0.59049	750	-3.261955	-72.103378		
19	0.572433	750	-3.199499	-75.302877		
20	0.554712	750	-3.141151	-78.444027		
21	0.537324	750	-3.070359	-81.514386		
22	0.520268	750	-3.027618	-84.542004		
23	0.50354	750	-2.984649	-87.526653		
24	0.487139	750	-2.927555	-90.454207		
25	0.471063	750	-2.903175	-93.357383		
26	0.45531	750	-2.827491	-96.184873		
27	0.439877	750	-2.778343	-98.963216		
28	0.424762	750	-2.712729	-101.675946		
29	0.409963	750	-2.781136	-104.457081		
30	0.395478	750	-2.716563	-107.173644		
31	0.381305	750	-2.557926	-109.73157		
32	0.36744	750	-2.490384	-112.221954		
33	0.353883	750	-2.439589	-114.661543		
34	0.34063	750	-2.401774	-117.063317		
35	0.32768	750	-2.352951	-119.416269		
36	0.31503	750	-2.331982	-121.74825		
37	0.302677	750	-2.339753	-124.088003		
38	0.290619	750	-2.224975	-126.312978		
39	0.278855	750	-2.193123	-128.506101		
40	0.267381	750	-2.148176	-130.654277		
41	0.256195	750	-2.05722	-132.711497		
42	0.245294	750	-2.08247	-134.793967		
43	0.234677	750	-2.021749	-136.815715		
44	0.22434	750	-2.029763	-138.845478		
45	0.214281	750	-2.011923	-140.857401		
46	0.204498	750	-1.938894	-142.796295		
47	0.194988	750	-1.896576	-144.692871		
48	0.185749	750	-1.842462	-146.535334		
49	0.176777	750	-1.886328	-148.421661		
50	0.16807	750	-1.83792	-150.259581		
51	0.159626	750	-1.75827	-152.01785		
52	0.151441	750	-1.627616	-153.645466		
53	0.143514	750	-1.673157	-155.318623		
54	0.135841	750	-1.537317	-156.85594		
55	0.12842	750	-1.579609	-158.435549		
56	0.121247	750	-1.53047	-159.966019		
57	0.11432	750	-1.411174	-161.377194		
58	0.107637	750	-1.46441	-162.841603		
59	0.101193	750	-1.408832	-164.250436		
60	0.094986	750	-1.385232	-165.635668		
61	0.089014	750	-1.260967	-166.896634		
62	0.083273	750	-1.276646	-168.17328		
63	0.07776	750	-1.19983	-169.37311		
64	0.072472	750	-1.165271	-170.538382		
65	0.067406	750	-1.143556	-171.681938		
66	0.062558	750	-1.093402	-172.775339		
67	0.057926	750	-1.041593	-173.816932		
68	0.053506	750	-1.008785	-174.825717		
69	0.049295	750	-0.966491	-175.792208		
70	0.045289	750	-0.923486	-176.715694		
71	0.041485	750	-0.863527	-177.579222		
72	0.03788	750	-0.833045	-178.412266		
73	0.034469	750	-0.803278	-179.215545		
74	0.03125	750	-0.758038	-179.973582		
75	0.028218	750	-0.727177	-180.700759		
76	0.02537	750	-0.6693	-181.370059		
77	0.022702	750	-0.646954	-182.017013		
78	0.020209	750	-0.60187	-182.618883		
79	0.017889	750	-0.584015	-183.202898		
80	0.015736	750	-0.55159	-183.754489		
81	0.013746	750	-0.501701	-184.25619		
82	0.011916	750	-0.471712	-184.727902		
83	0.01024	750	-0.450108	-185.178011		
84	0.008714	750	-0.399877	-185.577888		
85	0.007334	750	-0.359279	-185.937167		
86	0.006093	750	-0.339004	-186.276171		
87	0.004988	750	-0.31465	-186.590821		
88	0.004013	750	-0.273193	-186.864014		
89	0.003162	750	-0.248461	-187.112475		
90	0.00243	750	-0.207968	-187.320443		
91	0.00181	750	-0.184126	-187.504569		
92	0.001296	750	-0.171135	-187.675704		
93	0.000882	750	-0.116706	-187.792411		
94	0.000559	750	-0.098183	-187.890593		
95	0.00032	750	-0.065304	-187.955897		
96	0.000156	750	-0.047526	-188.003423		
97	0.000057	750	-0.030609	-188.034032		
98	0.00001	750	-0.014135	-188.048167		
99	0	750	-0.003102	-188.051268		
Log marginal likelihood:	-188.051268					
0	0.975187	750	-4.718092	-4.718092		
1	0.950747	750	-4.662555	-9.380647		
2	0.926679	750	-4.577601	-13.958248		
3	0.90298	750	-4.509135	-18.467383		
4	0.879648	750	-4.440433	-22.907816		
5	0.856682	750	-4.375904	-27.283721		
6	0.834079	750	-4.308636	-31.592357		
7	0.811838	750	-4.256225	-35.848582		
8	0.789957	750	-4.222448	-40.071031		
9	0.768433	750	-4.117889	-44.18892		
10	0.747266	750	-4.050714	-48.239634		
11	0.726452	750	-3.971136	-52.21077		
12	0.705989	750	-3.916942	-56.127712		
13	0.685877	750	-3.850301	-59.978013		
14	0.666112	750	-3.791583	-63.769595		
15	0.646693	750	-3.720607	-67.490203		
16	0.627618	750	-3.758688	-71.24889		
17	0.608884	750	-3.623461	-74.872351		
18	0.59049	750	-3.580542	-78.452893		
19	0.572433	750	-3.48126	-81.934152		
20	0.554712	750	-3.493477	-85.42763		
21	0.537324	750	-3.372526	-88.800155		
22	0.520268	750	-3.297164	-92.097319		
23	0.50354	750	-3.224047	-95.321367		
24	0.487139	750	-3.200451	-98.521818		
25	0.471063	750	-3.10621	-101.628027		
26	0.45531	750	-3.073631	-104.701659		
27	0.439877	750	-3.094561	-107.796219		
28	0.424762	750	-3.017647	-110.813866		
29	0.409963	750	-2.890588	-113.704454		
30	0.395478	750	-2.911082	-116.615536		
31	0.381305	750	-2.833037	-119.448573		
32	0.36744	750	-2.811342	-122.259915		
33	0.353883	750	-2.700221	-124.960136		
34	0.34063	750	-2.717938	-127.678073		
35	0.32768	750	-2.633384	-130.311457		
36	0.31503	750	-2.584258	-132.895714		
37	0.302677	750	-2.583479	-135.479193		
38	0.290619	750	-2.552152	-138.031345		
39	0.278855	750	-2.386021	-140.417366		
40	0.267381	750	-2.465441	-142.882807		
41	0.256195	750	-2.447159	-145.329966		
42	0.245294	750	-2.285295	-147.615261		
43	0.234677	750	-2.256402	-149.871663		
44	0.22434	750	-2.159222	-152.030885		
45	0.214281	750	-2.022992	-154.053876		
46	0.204498	750	-2.07129	-156.125166		
47	0.194988	750	-2.037559	-158.162725		
48	0.185749	750	-1.93327	-160.095995		
49	0.176777	750	-1.952706	-162.048701		
50	0.16807	750	-1.858513	-163.907213		
51	0.159626	750	-1.829968	-165.737182		
52	0.151441	750	-1.754065	-167.491246		
53	0.143514	750	-1.716367	-169.207614		
54	0.135841	750	-1.667432	-170.875046		
55	0.12842	750	-1.608449	-172.483494		
56	0.121247	750	-1.532648	-174.016142		
57	0.11432	750	-1.539398	-175.55554		
58	0.107637	750	-1.48845	-177.04399		
59	0.101193	750	-1.425634	-178.469624		
60	0.094986	750	-1.386732	-179.856356		
61	0.089014	750	-1.33755	-181.193906		
62	0.083273	750	-1.264901	-182.458808		
63	0.07776	750	-1.235548	-183.694355		
64	0.072472	750	-1.19967	-184.894025		
65	0.067406	750	-1.156892	-186.050917		
66	0.062558	750	-1.11225	-187.163167		
67	0.057926	750	-1.052881	-188.216048		
68	0.053506	750	-0.997297	-189.213345		
69	0.049295	750	-0.967837	-190.181182		
70	0.045289	750	-0.91987	-191.101051		
71	0.041485	750	-0.875638	-191.976689		
72	0.03788	750	-0.840994	-192.817684		
73	0.034469	750	-0.782973	-193.600657		
74	0.03125	750	-0.759385	-194.360041		
75	0.028218	750	-0.71236	-195.072401		
76	0.02537	750	-0.675255	-195.747656		
77	0.022702	750	-0.640567	-196.388223		
78	0.020209	750	-0.603587	-196.991809		
79	0.017889	750	-0.567631	-197.559441		
80	0.015736	750	-0.523237	-198.082678		
81	0.013746	750	-0.503182	-198.58586		
82	0.011916	750	-0.473259	-199.059119		
83	0.01024	750	-0.435795	-199.494913		
84	0.008714	750	-0.408921	-199.903834		
85	0.007334	750	-0.365756	-200.269591		
86	0.006093	750	-0.337036	-200.606626		
87	0.004988	750	-0.301704	-200.90833		
88	0.004013	750	-0.27117	-201.1795		
89	0.003162	750	-0.251006	-201.430507		
90	0.00243	750	-0.212471	-201.642978		
91	0.00181	750	-0.179313	-201.822291		
92	0.001296	750	-0.145667	-201.967958		
93	0.000882	750	-0.130344	-202.098302		
94	0.000559	750	-0.106827	-202.205129		
95	0.00032	750	-0.06941	-202.274539		
96	0.000156	750	-0.050175	-202.324714		
97	0.000057	750	-0.030403	-202.355117		
98	0.00001	750	-0.013912	-202.369029		
99	0	750	-0.002929	-202.371958		
Log marginal likelihood:	-202.371958					
0	0.975187	750	-5.06869	-5.06869		
1	0.950747	750	-4.998627	-10.067317		
2	0.926679	750	-4.925836	-14.993153		
3	0.90298	750	-4.863395	-19.856547		
4	0.879648	750	-4.793486	-24.650034		
5	0.856682	750	-4.696785	-29.346818		
6	0.834079	750	-4.628304	-33.975122		
7	0.811838	750	-4.543148	-38.51827		
8	0.789957	750	-4.492387	-43.010657		
9	0.768433	750	-4.415597	-47.426254		
10	0.747266	750	-4.338964	-51.765218		
11	0.726452	750	-4.263871	-56.02909		
12	0.705989	750	-4.213967	-60.243056		
13	0.685877	750	-4.220019	-64.463075		
14	0.666112	750	-4.076137	-68.539212		
15	0.646693	750	-4.051473	-72.590685		
16	0.627618	750	-3.965335	-76.55602		
17	0.608884	750	-3.873683	-80.429702		
18	0.59049	750	-3.786747	-84.21645		
19	0.572433	750	-3.719488	-87.935938		
20	0.554712	750	-3.660929	-91.596867		
21	0.537324	750	-3.608396	-95.205263		
22	0.520268	750	-3.528641	-98.733904		
23	0.50354	750	-3.484779	-102.218683		
24	0.487139	750	-3.435044	-105.653727		
25	0.471063	750	-3.386408	-109.040134		
26	0.45531	750	-3.311067	-112.351202		
27	0.439877	750	-3.224785	-115.575987		
28	0.424762	750	-3.16912	-118.745107		
29	0.409963	750	-3.134208	-121.879314		
30	0.395478	750	-3.061759	-124.941073		
31	0.381305	750	-2.967765	-127.908838		
32	0.36744	750	-2.985044	-130.893882		
33	0.353883	750	-2.832485	-133.726367		
34	0.34063	750	-2.860939	-136.587306		
35	0.32768	750	-2.797956	-139.385263		
36	0.31503	750	-2.652964	-142.038227		
37	0.302677	750	-2.60617	-144.644398		
38	0.290619	750	-2.560351	-147.204749		
39	0.278855	750	-2.494544	-149.699293		
40	0.267381	750	-2.491652	-152.190944		
41	0.256195	750	-2.444989	-154.635933		
42	0.245294	750	-2.387812	-157.023746		
43	0.234677	750	-2.289062	-159.312808		
44	0.22434	750	-2.200967	-161.513775		
45	0.214281	750	-2.13731	-163.651085		
46	0.204498	750	-2.127968	-165.779053		
47	0.194988	750	-2.124709	-167.903762		
48	0.185749	750	-2.063904	-169.967665		
49	0.176777	750	-1.978983	-171.946648		
50	0.16807	750	-1.896042	-173.84269		
51	0.159626	750	-1.910631	-175.753321		
52	0.151441	750	-1.816642	-177.569963		
53	0.143514	750	-1.767517	-179.33748		
54	0.135841	750	-1.733741	-181.071221		
55	0.12842	750	-1.672487	-182.743708		
56	0.121247	750	-1.611662	-184.35537		
57	0.11432	750	-1.544936	-185.900307		
58	0.107637	750	-1.503541	-187.403847		
59	0.101193	750	-1.468055	-188.871902		
60	0.094986	750	-1.411855	-190.283757		
61	0.089014	750	-1.36941	-191.653168		
62	0.083273	750	-1.314394	-192.967562		
63	0.07776	750	-1.245835	-194.213397		
64	0.072472	750	-1.218763	-195.43216		
65	0.067406	750	-1.175389	-196.607549		
66	0.062558	750	-1.129423	-197.736972		
67	0.057926	750	-1.073198	-198.810169		
68	0.053506	750	-1.033939	-199.844109		
69	0.049295	750	-0.996553	-200.840662		
70	0.045289	750	-0.918765	-201.759427		
71	0.041485	750	-0.910748	-202.670175		
72	0.03788	750	-0.858226	-203.528401		
73	0.034469	750	-0.822906	-204.351307		
74	0.03125	750	-0.782087	-205.133394		
75	0.028218	750	-0.741548	-205.874942		
76	0.02537	750	-0.698488	-206.57343		
77	0.022702	750	-0.664805	-207.238234		
78	0.020209	750	-0.62395	-207.862184		
79	0.017889	750	-0.594449	-208.456634		
80	0.015736	750	-0.557838	-209.014472		
81	0.013746	750	-0.510814	-209.525286		
82	0.011916	750	-0.483074	-210.00836		
83	0.01024	750	-0.453724	-210.462084		
84	0.008714	750	-0.398078	-210.860162		
85	0.007334	750	-0.391881	-211.252043		
86	0.006093	750	-0.357671	-211.609714		
87	0.004988	750	-0.304722	-211.914435		
88	0.004013	750	-0.259366	-212.173801		
89	0.003162	750	-0.246212	-212.420013		
90	0.00243	750	-0.207085	-212.627098		
91	0.00181	750	-0.186807	-212.813905		
92	0.001296	750	-0.153595	-212.9675		
93	0.000882	750	-0.118049	-213.085549		
94	0.000559	750	-0.107336	-213.192884		
95	0.00032	750	-0.07026	-213.263144		
96	0.000156	750	-0.051805	-213.314949		
97	0.000057	750	-0.027711	-213.34266		
98	0.00001	750	-0.014274	-213.356934		
99	0	750	-0.003244	-213.360178		
Log marginal likelihood:	-213.360178					
0	0.975187	750	-5.335786	-5.335786		
1	0.950747	750	-5.260338	-10.596124		
2	0.926679	750	-5.186145	-15.78227		
3	0.90298	750	-5.119597	-20.901867		
4	0.879648	750	-5.033992	-25.935859		
5	0.856682	750	-4.973058	-30.908917		
6	0.834079	750	-4.876375	-35.785292		
7	0.811838	750	-4.82597	-40.611262		
8	0.789957	750	-4.73908	-45.350342		
9	0.768433	750	-4.64418	-49.994522		
10	0.747266	750	-4.559018	-54.55354		
11	0.726452	750	-4.495648	-59.049188		
12	0.705989	750	-4.432932	-63.48212		
13	0.685877	750	-4.384546	-67.866667		
14	0.666112	750	-4.286556	-72.153223		
15	0.646693	750	-4.185554	-76.338777		
16	0.627618	750	-4.289748	-80.628525		
17	0.608884	750	-4.142137	-84.770662		
18	0.59049	750	-3.976038	-88.7467		
19	0.572433	750	-3.914212	-92.660912		
20	0.554712	750	-3.972761	-96.633673		
21	0.537324	750	-3.830069	-100.463742		
22	0.520268	750	-3.680736	-104.144478		
23	0.50354	750	-3.635562	-107.78004		
24	0.487139	750	-3.686894	-111.466934		
25	0.471063	750	-3.624362	-115.091295		
26	0.45531	750	-3.503468	-118.594764		
27	0.439877	750	-3.483521	-122.078285		
28	0.424762	750	-3.30815	-125.386435		
29	0.409963	750	-3.295071	-128.681506		
30	0.395478	750	-3.20164	-131.883146		
31	0.381305	750	-3.127671	-135.010817		
32	0.36744	750	-3.106821	-138.117638		
33	0.353883	750	-3.045417	-141.163055		
34	0.34063	750	-2.955928	-144.118983		
35	0.32768	750	-2.882847	-147.00183		
36	0.31503	750	-2.825506	-149.827336		
37	0.302677	750	-2.795587	-152.622923		
38	0.290619	750	-2.693078	-155.316001		
39	0.278855	750	-2.647384	-157.963386		
40	0.267381	750	-2.572006	-160.535392		
41	0.256195	750	-2.535368	-163.070759		
42	0.245294	750	-2.469246	-165.540006		
43	0.234677	750	-2.418621	-167.958627		
44	0.22434	750	-2.356006	-170.314633		
45	0.214281	750	-2.278242	-172.592875		
46	0.204498	750	-2.239864	-174.832739		
47	0.194988	750	-2.168863	-177.001602		
48	0.185749	750	-2.123648	-179.12525		
49	0.176777	750	-2.042169	-181.16742		
50	0.16807	750	-1.986454	-183.153873		
51	0.159626	750	-1.942177	-185.096051		
52	0.151441	750	-1.863537	-186.959588		
53	0.143514	750	-1.818932	-188.77852		
54	0.135841	750	-1.763992	-190.542512		
55	0.12842	750	-1.705408	-192.24792		
56	0.121247	750	-1.667212	-193.915132		
57	0.11432	750	-1.61223	-195.527361		
58	0.107637	750	-1.544724	-197.072085		
59	0.101193	750	-1.485475	-198.55756		
60	0.094986	750	-1.4418	-199.999361		
61	0.089014	750	-1.40136	-201.40072		
62	0.083273	750	-1.336263	-202.736983		
63	0.07776	750	-1.293233	-204.030216		
64	0.072472	750	-1.244665	-205.274881		
65	0.067406	750	-1.197353	-206.472234		
66	0.062558	750	-1.14944	-207.621674		
67	0.057926	750	-1.108425	-208.730099		
68	0.053506	750	-1.058973	-209.789072		
69	0.049295	750	-1.015003	-210.804075		
70	0.045289	750	-0.968789	-211.772864		
71	0.041485	750	-0.909703	-212.682567		
72	0.03788	750	-0.867014	-213.549581		
73	0.034469	750	-0.831136	-214.380717		
74	0.03125	750	-0.792348	-215.173065		
75	0.028218	750	-0.736117	-215.909183		
76	0.02537	750	-0.717216	-216.626399		
77	0.022702	750	-0.682252	-217.308651		
78	0.020209	750	-0.631171	-217.939822		
79	0.017889	750	-0.627392	-218.567214		
80	0.015736	750	-0.568431	-219.135645		
81	0.013746	750	-0.512508	-219.648153		
82	0.011916	750	-0.476735	-220.124888		
83	0.01024	750	-0.504847	-220.629736		
84	0.008714	750	-0.411685	-221.04142		
85	0.007334	750	-0.391385	-221.432805		
86	0.006093	750	-0.341886	-221.774691		
87	0.004988	750	-0.314465	-222.089156		
88	0.004013	750	-0.277265	-222.366421		
89	0.003162	750	-0.248858	-222.615279		
90	0.00243	750	-0.209833	-222.825112		
91	0.00181	750	-0.194966	-223.020078		
92	0.001296	750	-0.158551	-223.178629		
93	0.000882	750	-0.119938	-223.298567		
94	0.000559	750	-0.104276	-223.402843		
95	0.00032	750	-0.076534	-223.479377		
96	0.000156	750	-0.05062	-223.529997		
97	0.000057	750	-0.029851	-223.559848		
98	0.00001	750	-0.013986	-223.573833		
99	0	750	-0.003158	-223.576992		
Log marginal likelihood:	-223.576992					
0	0.975187	750	-4.820081	-4.820081		
1	0.950747	750	-4.737164	-9.557245		
2	0.926679	750	-4.674754	-14.231998		
3	0.90298	750	-4.587451	-18.81945		
4	0.879648	750	-4.504834	-23.324283		
5	0.856682	750	-4.42804	-27.752323		
6	0.834079	750	-4.387839	-32.140162		
7	0.811838	750	-4.313207	-36.453369		
8	0.789957	750	-4.255196	-40.708565		
9	0.768433	750	-4.158984	-44.867549		
10	0.747266	750	-4.119536	-48.987085		
11	0.726452	750	-4.052943	-53.040028		
12	0.705989	750	-3.97556	-57.015588		
13	0.685877	750	-3.920254	-60.935842		
14	0.666112	750	-3.863402	-64.799243		
15	0.646693	750	-3.770632	-68.569875		
16	0.627618	750	-3.749975	-72.31985		
17	0.608884	750	-3.669773	-75.989623		
18	0.59049	750	-3.609135	-79.598758		
19	0.572433	750	-3.533014	-83.131772		
20	0.554712	750	-3.46859	-86.600362		
21	0.537324	750	-3.384567	-89.984929		
22	0.520268	750	-3.328349	-93.313279		
23	0.50354	750	-3.291159	-96.604438		
24	0.487139	750	-3.228419	-99.832857		
25	0.471063	750	-3.175152	-103.008009		
26	0.45531	750	-3.100984	-106.108993		
27	0.439877	750	-3.035022	-109.144015		
28	0.424762	750	-2.970167	-112.114182		
29	0.409963	750	-2.917116	-115.031299		
30	0.395478	750	-2.834087	-117.865385		
31	0.381305	750	-2.799697	-120.665082		
32	0.36744	750	-2.903037	-123.568118		
33	0.353883	750	-2.690583	-126.258701		
34	0.34063	750	-2.630989	-128.88969		
35	0.32768	750	-2.568569	-131.458259		
36	0.31503	750	-2.543352	-134.001611		
37	0.302677	750	-2.454856	-136.456467		
38	0.290619	750	-2.447737	-138.904204		
39	0.278855	750	-2.345375	-141.249579		
40	0.267381	750	-2.349531	-143.59911		
41	0.256195	750	-2.337645	-145.936755		
42	0.245294	750	-2.238934	-148.175689		
43	0.234677	750	-2.201279	-150.376967		
44	0.22434	750	-2.087296	-152.464263		
45	0.214281	750	-2.045639	-154.509902		
46	0.204498	750	-2.061775	-156.571677		
47	0.194988	750	-2.001425	-158.573101		
48	0.185749	750	-1.899011	-160.472112		
49	0.176777	750	-1.862234	-162.334347		
50	0.16807	750	-1.841118	-164.175464		
51	0.159626	750	-1.838179	-166.013643		
52	0.151441	750	-1.768371	-167.782014		
53	0.143514	750	-1.640084	-169.422098		
54	0.135841	750	-1.640867	-171.062965		
55	0.12842	750	-1.609719	-172.672684		
56	0.121247	750	-1.551025	-174.223709		
57	0.11432	750	-1.477899	-175.701608		
58	0.107637	750	-1.486758	-177.188366		
59	0.101193	750	-1.436868	-178.625234		
60	0.094986	750	-1.389106	-180.01434		
61	0.089014	750	-1.341263	-181.355603		
62	0.083273	750	-1.285448	-182.64105		
63	0.07776	750	-1.224875	-183.865926		
64	0.072472	750	-1.194886	-185.060812		
65	0.067406	750	-1.129773	-186.190584		
66	0.062558	750	-1.093877	-187.284461		
67	0.057926	750	-1.071647	-188.356108		
68	0.053506	750	-1.036862	-189.39297		
69	0.049295	750	-0.960904	-190.353873		
70	0.045289	750	-0.918986	-191.272859		
71	0.041485	750	-0.896503	-192.169362		
72	0.03788	750	-0.840864	-193.010226		
73	0.034469	750	-0.82907	-193.839295		
74	0.03125	750	-0.762776	-194.602071		
75	0.028218	750	-0.728997	-195.331068		
76	0.02537	750	-0.688988	-196.020057		
77	0.022702	750	-0.655827	-196.675884		
78	0.020209	750	-0.608049	-197.283933		
79	0.017889	750	-0.558794	-197.842727		
80	0.015736	750	-0.535029	-198.377756		
81	0.013746	750	-0.50546	-198.883217		
82	0.011916	750	-0.491653	-199.37487		
83	0.01024	750	-0.434627	-199.809497		
84	0.008714	750	-0.400744	-200.210241		
85	0.007334	750	-0.380145	-200.590386		
86	0.006093	750	-0.314538	-200.904925		
87	0.004988	750	-0.311737	-201.216662		
88	0.004013	750	-0.284244	-201.500905		
89	0.003162	750	-0.228954	-201.729859		
90	0.00243	750	-0.222476	-201.952335		
91	0.00181	750	-0.177785	-202.13012		
92	0.001296	750	-0.150067	-202.280188		
93	0.000882	750	-0.125718	-202.405906		
94	0.000559	750	-0.090914	-202.496819		
95	0.00032	750	-0.075786	-202.572605		
96	0.000156	750	-0.051057	-202.623662		
97	0.000057	750	-0.030459	-202.654121		
98	0.00001	750	-0.014852	-202.668973		
99	0	750	-0.003193	-202.672166		
Log marginal likelihood:	-202.672166					
0	0.975187	750	-5.1095	-5.1095		
1	0.950747	750	-5.041662	-10.151162		
2	0.926679	750	-4.955221	-15.106383		
3	0.90298	750	-4.881729	-19.988112		
4	0.879648	750	-4.807783	-24.795895		
5	0.856682	750	-4.732067	-29.527962		
6	0.834079	750	-4.664595	-34.192557		
7	0.811838	750	-4.580104	-38.772661		
8	0.789957	750	-4.517135	-43.289796		
9	0.768433	750	-4.446694	-47.73649		
10	0.747266	750	-4.362929	-52.09942		
11	0.726452	750	-4.304671	-56.404091		
12	0.705989	750	-4.223471	-60.627561		
13	0.685877	750	-4.144247	-64.771808		
14	0.666112	750	-4.084678	-68.856487		
15	0.646693	750	-4.019757	-72.876244		
16	0.627618	750	-3.95011	-76.826354		
17	0.608884	750	-3.872772	-80.699126		
18	0.59049	750	-3.811006	-84.510132		
19	0.572433	750	-3.766552	-88.276684		
20	0.554712	750	-3.678875	-91.95556		
21	0.537324	750	-3.593522	-95.549081		
22	0.520268	750	-3.532944	-99.082025		
23	0.50354	750	-3.548749	-102.630774		
24	0.487139	750	-3.417148	-106.047922		
25	0.471063	750	-3.41939	-109.467313		
26	0.45531	750	-3.293113	-112.760426		
27	0.439877	750	-3.217112	-115.977538		
28	0.424762	750	-3.173602	-119.151139		
29	0.409963	750	-3.142012	-122.293152		
30	0.395478	750	-3.037279	-125.330431		
31	0.381305	750	-2.946698	-128.277129		
32	0.36744	750	-2.930784	-131.207913		
33	0.353883	750	-2.838387	-134.0463		
34	0.34063	750	-2.778639	-136.824938		
35	0.32768	750	-2.709953	-139.534891		
36	0.31503	750	-2.653685	-142.188577		
37	0.302677	750	-2.638052	-144.826629		
38	0.290619	750	-2.624365	-147.450994		
39	0.278855	750	-2.621309	-150.072303		
40	0.267381	750	-2.502843	-152.575146		
41	0.256195	750	-2.377258	-154.952404		
42	0.245294	750	-2.410811	-157.363215		
43	0.234677	750	-2.315021	-159.678235		
44	0.22434	750	-2.227299	-161.905534		
45	0.214281	750	-2.185618	-164.091152		
46	0.204498	750	-2.180295	-166.271447		
47	0.194988	750	-2.118388	-168.389835		
48	0.185749	750	-2.062539	-170.452374		
49	0.176777	750	-1.982889	-172.435263		
50	0.16807	750	-1.939761	-174.375024		
51	0.159626	750	-1.867862	-176.242886		
52	0.151441	750	-1.850492	-178.093379		
53	0.143514	750	-1.783589	-179.876967		
54	0.135841	750	-1.743535	-181.620502		
55	0.12842	750	-1.678888	-183.29939		
56	0.121247	750	-1.624328	-184.923718		
57	0.11432	750	-1.566977	-186.490695		
58	0.107637	750	-1.510688	-188.001383		
59	0.101193	750	-1.47317	-189.474553		
60	0.094986	750	-1.410528	-190.885081		
61	0.089014	750	-1.337592	-192.222674		
62	0.083273	750	-1.319965	-193.542639		
63	0.07776	750	-1.261674	-194.804313		
64	0.072472	750	-1.209481	-196.013795		
65	0.067406	750	-1.156129	-197.169923		
66	0.062558	750	-1.141904	-198.311828		
67	0.057926	750	-1.077857	-199.389685		
68	0.053506	750	-1.03482	-200.424505		
69	0.049295	750	-0.998164	-201.422669		
70	0.045289	750	-0.948891	-202.37156		
71	0.041485	750	-0.906493	-203.278053		
72	0.03788	750	-0.858633	-204.136686		
73	0.034469	750	-0.825585	-204.962271		
74	0.03125	750	-0.770831	-205.733102		
75	0.028218	750	-0.74009	-206.473192		
76	0.02537	750	-0.703299	-207.176492		
77	0.022702	750	-0.674431	-207.850923		
78	0.020209	750	-0.628135	-208.479058		
79	0.017889	750	-0.594244	-209.073302		
80	0.015736	750	-0.541786	-209.615088		
81	0.013746	750	-0.503895	-210.118983		
82	0.011916	750	-0.472753	-210.591736		
83	0.01024	750	-0.442783	-211.034519		
84	0.008714	750	-0.408987	-211.443506		
85	0.007334	750	-0.380535	-211.82404		
86	0.006093	750	-0.336988	-212.161029		
87	0.004988	750	-0.300019	-212.461048		
88	0.004013	750	-0.276231	-212.737279		
89	0.003162	750	-0.241529	-212.978808		
90	0.00243	750	-0.207969	-213.186777		
91	0.00181	750	-0.182262	-213.369039		
92	0.001296	750	-0.154745	-213.523784		
93	0.000882	750	-0.124744	-213.648527		
94	0.000559	750	-0.089785	-213.738312		
95	0.00032	750	-0.071924	-213.810236		
96	0.000156	750	-0.047917	-213.858153		
97	0.000057	750	-0.030352	-213.888506		
98	0.00001	750	-0.015192	-213.903698		
99	0	750	-0.00319	-213.906888		
Log marginal likelihood:	-213.906888					
0	0.975187	750	-4.86308	-4.86308		
1	0.950747	750	-4.794651	-9.657731		
2	0.926679	750	-4.806696	-14.464427		
3	0.90298	750	-4.695359	-19.159786		
4	0.879648	750	-4.658375	-23.818161		
5	0.856682	750	-4.535626	-28.353787		
6	0.834079	750	-4.467181	-32.820968		
7	0.811838	750	-4.385676	-37.206644		
8	0.789957	750	-4.373051	-41.579694		
9	0.768433	750	-4.290861	-45.870556		
10	0.747266	750	-4.255818	-50.126374		
11	0.726452	750	-4.143491	-54.269865		
12	0.705989	750	-4.125156	-58.395021		
13	0.685877	750	-4.010747	-62.405767		
14	0.666112	750	-3.986404	-66.392171		
15	0.646693	750	-3.872684	-70.264855		
16	0.627618	750	-3.839785	-74.10464		
17	0.608884	750	-3.71038	-77.815021		
18	0.59049	750	-3.653503	-81.468523		
19	0.572433	750	-3.636834	-85.105357		
20	0.554712	750	-3.558994	-88.664351		
21	0.537324	750	-3.480389	-92.14474		
22	0.520268	750	-3.431987	-95.576727		
23	0.50354	750	-3.339026	-98.915753		
24	0.487139	750	-3.325181	-102.240934		
25	0.471063	750	-3.230606	-105.47154		
26	0.45531	750	-3.168422	-108.639962		
27	0.439877	750	-3.109378	-111.749339		
28	0.424762	750	-3.020735	-114.770074		
29	0.409963	750	-3.013536	-117.783611		
30	0.395478	750	-2.959537	-120.743148		
31	0.381305	750	-2.858908	-123.602056		
32	0.36744	750	-2.827352	-126.429408		
33	0.353883	750	-2.774271	-129.203679		
34	0.34063	750	-2.702896	-131.906575		
35	0.32768	750	-2.658277	-134.564852		
36	0.31503	750	-2.592751	-137.157603		
37	0.302677	750	-2.588726	-139.746329		
38	0.290619	750	-2.462576	-142.208905		
39	0.278855	750	-2.406571	-144.615476		
40	0.267381	750	-2.3458	-146.961276		
41	0.256195	750	-2.343284	-149.30456		
42	0.245294	750	-2.299247	-151.603807		
43	0.234677	750	-2.259692	-153.863499		
44	0.22434	750	-2.122558	-155.986057		
45	0.214281	750	-2.06447	-158.050527		
46	0.204498	750	-2.066998	-160.117525		
47	0.194988	750	-2.028351	-162.145876		
48	0.185749	750	-1.981491	-164.127367		
49	0.176777	750	-1.933765	-166.061132		
50	0.16807	750	-1.830043	-167.891176		
51	0.159626	750	-1.837623	-169.728799		
52	0.151441	750	-1.842783	-171.571581		
53	0.143514	750	-1.750536	-173.322117		
54	0.135841	750	-1.719068	-175.041185		
55	0.12842	750	-1.639626	-176.680811		
56	0.121247	750	-1.586713	-178.267524		
57	0.11432	750	-1.528681	-179.796206		
58	0.107637	750	-1.509255	-181.305461		
59	0.101193	750	-1.442776	-182.748237		
60	0.094986	750	-1.403196	-184.151433		
61	0.089014	750	-1.348523	-185.499956		
62	0.083273	750	-1.269663	-186.769619		
63	0.07776	750	-1.237905	-188.007524		
64	0.072472	750	-1.213228	-189.220753		
65	0.067406	750	-1.162676	-190.383429		
66	0.062558	750	-1.114016	-191.497445		
67	0.057926	750	-1.068258	-192.565703		
68	0.053506	750	-1.027946	-193.593649		
69	0.049295	750	-0.984732	-194.578381		
70	0.045289	750	-0.958422	-195.536803		
71	0.041485	750	-0.9027	-196.439503		
72	0.03788	750	-0.857014	-197.296517		
73	0.034469	750	-0.822903	-198.119419		
74	0.03125	750	-0.773629	-198.893048		
75	0.028218	750	-0.750628	-199.643676		
76	0.02537	750	-0.700373	-200.344049		
77	0.022702	750	-0.663896	-201.007945		
78	0.020209	750	-0.624181	-201.632126		
79	0.017889	750	-0.590397	-202.222523		
80	0.015736	750	-0.551521	-202.774044		
81	0.013746	750	-0.503833	-203.277876		
82	0.011916	750	-0.469704	-203.74758		
83	0.01024	750	-0.472027	-204.219607		
84	0.008714	750	-0.404055	-204.623661		
85	0.007334	750	-0.360332	-204.983994		
86	0.006093	750	-0.332307	-205.316301		
87	0.004988	750	-0.316598	-205.632898		
88	0.004013	750	-0.26416	-205.897059		
89	0.003162	750	-0.233795	-206.130854		
90	0.00243	750	-0.198156	-206.329009		
91	0.00181	750	-0.17967	-206.50868		
92	0.001296	750	-0.158781	-206.667461		
93	0.000882	750	-0.12446	-206.791921		
94	0.000559	750	-0.098399	-206.89032		
95	0.00032	750	-0.072093	-206.962413		
96	0.000156	750	-0.048144	-207.010557		
97	0.000057	750	-0.029846	-207.040403		
98	0.00001	750	-0.01439	-207.054793		
99	0	750	-0.003044	-207.057837		
Log marginal likelihood:	-207.057837					
0	0.975187	750	-5.144484	-5.144484		
1	0.950747	750	-5.080105	-10.224589		
2	0.926679	750	-5.00778	-15.232369		
3	0.90298	750	-4.926278	-20.158647		
4	0.879648	750	-4.852821	-25.011468		
5	0.856682	750	-4.772791	-29.784259		
6	0.834079	750	-4.714861	-34.49912		
7	0.811838	750	-4.625074	-39.124194		
8	0.789957	750	-4.559603	-43.683797		
9	0.768433	750	-4.469855	-48.153652		
10	0.747266	750	-4.413757	-52.567409		
11	0.726452	750	-4.334811	-56.90222		
12	0.705989	750	-4.258152	-61.160372		
13	0.685877	750	-4.186529	-65.346901		
14	0.666112	750	-4.115045	-69.461946		
15	0.646693	750	-4.062112	-73.524059		
16	0.627618	750	-3.989831	-77.51389		
17	0.608884	750	-3.907295	-81.421185		
18	0.59049	750	-3.843732	-85.264916		
19	0.572433	750	-3.78872	-89.053637		
20	0.554712	750	-3.709627	-92.763263		
21	0.537324	750	-3.641737	-96.405001		
22	0.520268	750	-3.579759	-99.98476		
23	0.50354	750	-3.498924	-103.483684		
24	0.487139	750	-3.461347	-106.945031		
25	0.471063	750	-3.37249	-110.317521		
26	0.45531	750	-3.454233	-113.771754		
27	0.439877	750	-3.258929	-117.030683		
28	0.424762	750	-3.167425	-120.198109		
29	0.409963	750	-3.117266	-123.315375		
30	0.395478	750	-3.104367	-126.419742		
31	0.381305	750	-2.981439	-129.40118		
32	0.36744	750	-2.917682	-132.318862		
33	0.353883	750	-2.886027	-135.20489		
34	0.34063	750	-2.926578	-138.131468		
35	0.32768	750	-2.746002	-140.87747		
36	0.31503	750	-2.821188	-143.698658		
37	0.302677	750	-2.657761	-146.356419		
38	0.290619	750	-2.568741	-148.925159		
39	0.278855	750	-2.593716	-151.518875		
40	0.267381	750	-2.521906	-154.040781		
41	0.256195	750	-2.463983	-156.504764		
42	0.245294	750	-2.477489	-158.982253		
43	0.234677	750	-2.449469	-161.431721		
44	0.22434	750	-2.210256	-163.641977		
45	0.214281	750	-2.180603	-165.82258		
46	0.204498	750	-2.153804	-167.976384		
47	0.194988	750	-2.04805	-170.024434		
48	0.185749	750	-2.046115	-172.070549		
49	0.176777	750	-2.062697	-174.133246		
50	0.16807	750	-1.979016	-176.112262		
51	0.159626	750	-1.922918	-178.03518		
52	0.151441	750	-1.805992	-179.841172		
53	0.143514	750	-1.849126	-181.690298		
54	0.135841	750	-1.772515	-183.462813		
55	0.12842	750	-1.707288	-185.1701		
56	0.121247	750	-1.599786	-186.769887		
57	0.11432	750	-1.57594	-188.345826		
58	0.107637	750	-1.565593	-189.91142		
59	0.101193	750	-1.501372	-191.412792		
60	0.094986	750	-1.459188	-192.87198		
61	0.089014	750	-1.36731	-194.23929		
62	0.083273	750	-1.337843	-195.577133		
63	0.07776	750	-1.317241	-196.894374		
64	0.072472	750	-1.245021	-198.139396		
65	0.067406	750	-1.199022	-199.338418		
66	0.062558	750	-1.167613	-200.506031		
67	0.057926	750	-1.107376	-201.613407		
68	0.053506	750	-1.061513	-202.67492		
69	0.049295	750	-0.992204	-203.667124		
70	0.045289	750	-0.969811	-204.636935		
71	0.041485	750	-0.937254	-205.574189		
72	0.03788	750	-0.87919	-206.453379		
73	0.034469	750	-0.834648	-207.288027		
74	0.03125	750	-0.785976	-208.074003		
75	0.028218	750	-0.759065	-208.833067		
76	0.02537	750	-0.73016	-209.563227		
77	0.022702	750	-0.663786	-210.227013		
78	0.020209	750	-0.644449	-210.871462		
79	0.017889	750	-0.594672	-211.466134		
80	0.015736	750	-0.569653	-212.035787		
81	0.013746	750	-0.543653	-212.57944		
82	0.011916	750	-0.489424	-213.068864		
83	0.01024	750	-0.461856	-213.53072		
84	0.008714	750	-0.407636	-213.938355		
85	0.007334	750	-0.374252	-214.312608		
86	0.006093	750	-0.353757	-214.666365		
87	0.004988	750	-0.336228	-215.002593		
88	0.004013	750	-0.287359	-215.289952		
89	0.003162	750	-0.258684	-215.548636		
90	0.00243	750	-0.21683	-215.765466		
91	0.00181	750	-0.184925	-215.950391		
92	0.001296	750	-0.151164	-216.101554		
93	0.000882	750	-0.115316	-216.21687		
94	0.000559	750	-0.096689	-216.313559		
95	0.00032	750	-0.077785	-216.391344		
96	0.000156	750	-0.052269	-216.443613		
97	0.000057	750	-0.030536	-216.474149		
98	0.00001	750	-0.015043	-216.489193		
99	0	750	-0.003326	-216.492518		
Log marginal likelihood:	-216.492518					
0	0.975187	750	-4.246673	-4.246673		
1	0.950747	750	-4.172129	-8.418801		
2	0.926679	750	-4.109115	-12.527916		
3	0.90298	750	-4.065333	-16.593249		
4	0.879648	750	-4.019988	-20.613237		
5	0.856682	750	-3.939276	-24.552514		
6	0.834079	750	-3.869044	-28.421558		
7	0.811838	750	-3.81521	-32.236768		
8	0.789957	750	-3.754041	-35.990809		
9	0.768433	750	-3.687183	-39.677992		
10	0.747266	750	-3.641295	-43.319287		
11	0.726452	750	-3.578379	-46.897666		
12	0.705989	750	-3.520546	-50.418212		
13	0.685877	750	-3.458709	-53.876922		
14	0.666112	750	-3.40114	-57.278062		
15	0.646693	750	-3.344206	-60.622268		
16	0.627618	750	-3.284333	-63.9066		
17	0.608884	750	-3.229467	-67.136068		
18	0.59049	750	-3.168281	-70.304349		
19	0.572433	750	-3.123174	-73.427522		
20	0.554712	750	-3.066229	-76.493752		
21	0.537324	750	-3.010348	-79.5041		
22	0.520268	750	-2.979815	-82.483914		
23	0.50354	750	-2.926005	-85.409919		
24	0.487139	750	-2.855355	-88.265274		
25	0.471063	750	-2.789938	-91.055212		
26	0.45531	750	-2.738915	-93.794127		
27	0.439877	750	-2.693776	-96.487903		
28	0.424762	750	-2.634079	-99.121982		
29	0.409963	750	-2.59584	-101.717822		
30	0.395478	750	-2.542398	-104.26022		
31	0.381305	750	-2.479398	-106.739617		
32	0.36744	750	-2.429906	-109.169523		
33	0.353883	750	-2.385705	-111.555228		
34	0.34063	750	-2.349562	-113.90479		
35	0.32768	750	-2.285044	-116.189833		
36	0.31503	750	-2.278097	-118.46793		
37	0.302677	750	-2.399416	-120.867345		
38	0.290619	750	-2.190178	-123.057523		
39	0.278855	750	-2.151633	-125.209156		
40	0.267381	750	-2.067568	-127.276724		
41	0.256195	750	-2.060083	-129.336807		
42	0.245294	750	-2.03848	-131.375288		
43	0.234677	750	-1.981266	-133.356554		
44	0.22434	750	-1.942224	-135.298778		
45	0.214281	750	-1.921005	-137.219783		
46	0.204498	750	-1.932317	-139.1521		
47	0.194988	750	-1.839327	-140.991427		
48	0.185749	750	-1.795038	-142.786465		
49	0.176777	750	-1.766987	-144.553451		
50	0.16807	750	-1.767644	-146.321096		
51	0.159626	750	-1.602793	-147.923889		
52	0.151441	750	-1.719035	-149.642923		
53	0.143514	750	-1.651582	-151.294505		
54	0.135841	750	-1.602182	-152.896687		
55	0.12842	750	-1.597927	-154.494614		
56	0.121247	750	-1.577872	-156.072485		
57	0.11432	750	-1.497476	-157.569962		
58	0.107637	750	-1.459771	-159.029732		
59	0.101193	750	-1.379304	-160.409036		
60	0.094986	750	-1.320299	-161.729335		
61	0.089014	750	-1.337543	-163.066878		
62	0.083273	750	-1.246298	-164.313176		
63	0.07776	750	-1.219632	-165.532808		
64	0.072472	750	-1.168863	-166.701671		
65	0.067406	750	-1.10262	-167.804291		
66	0.062558	750	-1.099096	-168.903386		
67	0.057926	750	-1.047171	-169.950557		
68	0.053506	750	-1.028199	-170.978756		
69	0.049295	750	-0.977843	-171.956599		
70	0.045289	750	-0.915328	-172.871927		
71	0.041485	750	-0.876623	-173.74855		
72	0.03788	750	-0.845562	-174.594113		
73	0.034469	750	-0.790606	-175.384719		
74	0.03125	750	-0.764264	-176.148983		
75	0.028218	750	-0.744752	-176.893735		
76	0.02537	750	-0.677554	-177.571289		
77	0.022702	750	-0.657889	-178.229178		
78	0.020209	750	-0.605447	-178.834625		
79	0.017889	750	-0.575121	-179.409746		
80	0.015736	750	-0.541012	-179.950757		
81	0.013746	750	-0.51238	-180.463138		
82	0.011916	750	-0.480606	-180.943744		
83	0.01024	750	-0.431561	-181.375304		
84	0.008714	750	-0.386429	-181.761733		
85	0.007334	750	-0.38547	-182.147204		
86	0.006093	750	-0.340435	-182.487639		
87	0.004988	750	-0.308537	-182.796176		
88	0.004013	750	-0.2735	-183.069676		
89	0.003162	750	-0.235396	-183.305073		
90	0.00243	750	-0.2041	-183.509173		
91	0.00181	750	-0.198764	-183.707937		
92	0.001296	750	-0.151119	-183.859056		
93	0.000882	750	-0.117729	-183.976785		
94	0.000559	750	-0.089661	-184.066446		
95	0.00032	750	-0.068579	-184.135025		
96	0.000156	750	-0.047778	-184.182803		
97	0.000057	750	-0.029466	-184.21227		
98	0.00001	750	-0.014744	-184.227014		
99	0	750	-0.002871	-184.229885		
Log marginal likelihood:	-184.229885					
0	0.975187	750	-4.649067	-4.649067		
1	0.950747	750	-4.588848	-9.237915		
2	0.926679	750	-4.505268	-13.743183		
3	0.90298	750	-4.445068	-18.188251		
4	0.879648	750	-4.382558	-22.57081		
5	0.856682	750	-4.293754	-26.864564		
6	0.834079	750	-4.228358	-31.092922		
7	0.811838	750	-4.18687	-35.279792		
8	0.789957	750	-4.097419	-39.377211		
9	0.768433	750	-4.113548	-43.490759		
10	0.747266	750	-3.992169	-47.482928		
11	0.726452	750	-3.898117	-51.381044		
12	0.705989	750	-3.840632	-55.221676		
13	0.685877	750	-3.773643	-58.995319		
14	0.666112	750	-3.788738	-62.784057		
15	0.646693	750	-3.697622	-66.481679		
16	0.627618	750	-3.581306	-70.062985		
17	0.608884	750	-3.559125	-73.62211		
18	0.59049	750	-3.507377	-77.129487		
19	0.572433	750	-3.431932	-80.561418		
20	0.554712	750	-3.398378	-83.959797		
21	0.537324	750	-3.353846	-87.313643		
22	0.520268	750	-3.28463	-90.598273		
23	0.50354	750	-3.206241	-93.804514		
24	0.487139	750	-3.206424	-97.010938		
25	0.471063	750	-3.095356	-100.106293		
26	0.45531	750	-3.014533	-103.120826		
27	0.439877	750	-2.964721	-106.085547		
28	0.424762	750	-2.929894	-109.015441		
29	0.409963	750	-2.829839	-111.84528		
30	0.395478	750	-2.830345	-114.675625		
31	0.381305	750	-2.811888	-117.487513		
32	0.36744	750	-2.738991	-120.226504		
33	0.353883	750	-2.625933	-122.852437		
34	0.34063	750	-2.831075	-125.683512		
35	0.32768	750	-2.548969	-128.232481		
36	0.31503	750	-2.541511	-130.773992		
37	0.302677	750	-2.431732	-133.205725		
38	0.290619	750	-2.399804	-135.605529		
39	0.278855	750	-2.324165	-137.929694		
40	0.267381	750	-2.273594	-140.203288		
41	0.256195	750	-2.236453	-142.439741		
42	0.245294	750	-2.16896	-144.608701		
43	0.234677	750	-2.134465	-146.743165		
44	0.22434	750	-2.114821	-148.857987		
45	0.214281	750	-2.043396	-150.901383		
46	0.204498	750	-1.968641	-152.870024		
47	0.194988	750	-1.972443	-154.842467		
48	0.185749	750	-1.972219	-156.814686		
49	0.176777	750	-1.903376	-158.718061		
50	0.16807	750	-1.852873	-160.570934		
51	0.159626	750	-1.870888	-162.441822		
52	0.151441	750	-1.813549	-164.255371		
53	0.143514	750	-1.641732	-165.897104		
54	0.135841	750	-1.634935	-167.532039		
55	0.12842	750	-1.638001	-169.17004		
56	0.121247	750	-1.555681	-170.725721		
57	0.11432	750	-1.560379	-172.2861		
58	0.107637	750	-1.497509	-173.783609		
59	0.101193	750	-1.446361	-175.229969		
60	0.094986	750	-1.344346	-176.574315		
61	0.089014	750	-1.322817	-177.897132		
62	0.083273	750	-1.295031	-179.192163		
63	0.07776	750	-1.244342	-180.436505		
64	0.072472	750	-1.207266	-181.643771		
65	0.067406	750	-1.15348	-182.797251		
66	0.062558	750	-1.097266	-183.894517		
67	0.057926	750	-1.075146	-184.969664		
68	0.053506	750	-1.030353	-186.000016		
69	0.049295	750	-0.969755	-186.969771		
70	0.045289	750	-0.93276	-187.902531		
71	0.041485	750	-0.893165	-188.795696		
72	0.03788	750	-0.853531	-189.649227		
73	0.034469	750	-0.831176	-190.480403		
74	0.03125	750	-0.780807	-191.26121		
75	0.028218	750	-0.726485	-191.987695		
76	0.02537	750	-0.696603	-192.684298		
77	0.022702	750	-0.643439	-193.327737		
78	0.020209	750	-0.615308	-193.943045		
79	0.017889	750	-0.578308	-194.521354		
80	0.015736	750	-0.530733	-195.052087		
81	0.013746	750	-0.500044	-195.552131		
82	0.011916	750	-0.467331	-196.019461		
83	0.01024	750	-0.427846	-196.447307		
84	0.008714	750	-0.403562	-196.850869		
85	0.007334	750	-0.375112	-197.225981		
86	0.006093	750	-0.326822	-197.552803		
87	0.004988	750	-0.315251	-197.868054		
88	0.004013	750	-0.258468	-198.126521		
89	0.003162	750	-0.23924	-198.365761		
90	0.00243	750	-0.221664	-198.587425		
91	0.00181	750	-0.196334	-198.783759		
92	0.001296	750	-0.154763	-198.938522		
93	0.000882	750	-0.126455	-199.064977		
94	0.000559	750	-0.108382	-199.173359		
95	0.00032	750	-0.075301	-199.24866		
96	0.000156	750	-0.048436	-199.297096		
97	0.000057	750	-0.029076	-199.326171		
98	0.00001	750	-0.013735	-199.339907		
99	0	750	-0.002962	-199.342869		
Log marginal likelihood:	-199.342869					
0	0.975187	750	-4.745257	-4.745257		
1	0.950747	750	-4.674491	-9.419748		
2	0.926679	750	-4.60107	-14.020818		
3	0.90298	750	-4.530483	-18.551302		
4	0.879648	750	-4.461829	-23.013131		
5	0.856682	750	-4.400569	-27.4137		
6	0.834079	750	-4.302752	-31.716452		
7	0.811838	750	-4.258948	-35.9754		
8	0.789957	750	-4.19952	-40.17492		
9	0.768433	750	-4.118592	-44.293512		
10	0.747266	750	-4.049877	-48.343388		
11	0.726452	750	-4.000569	-52.343957		
12	0.705989	750	-3.940645	-56.284602		
13	0.685877	750	-3.858439	-60.143041		
14	0.666112	750	-3.79105	-63.934091		
15	0.646693	750	-3.720263	-67.654354		
16	0.627618	750	-3.689279	-71.343633		
17	0.608884	750	-3.5995	-74.943133		
18	0.59049	750	-3.587679	-78.530812		
19	0.572433	750	-3.500657	-82.031469		
20	0.554712	750	-3.452598	-85.484067		
21	0.537324	750	-3.374256	-88.858324		
22	0.520268	750	-3.328993	-92.187317		
23	0.50354	750	-3.22901	-95.416327		
24	0.487139	750	-3.197335	-98.613663		
25	0.471063	750	-3.125259	-101.738922		
26	0.45531	750	-3.076937	-104.815858		
27	0.439877	750	-3.030854	-107.846713		
28	0.424762	750	-2.942936	-110.789649		
29	0.409963	750	-2.883198	-113.672846		
30	0.395478	750	-2.816841	-116.489688		
31	0.381305	750	-2.796904	-119.286592		
32	0.36744	750	-2.719153	-122.005744		
33	0.353883	750	-2.647463	-124.653208		
34	0.34063	750	-2.599604	-127.252812		
35	0.32768	750	-2.550869	-129.803681		
36	0.31503	750	-2.476055	-132.279736		
37	0.302677	750	-2.533163	-134.812899		
38	0.290619	750	-2.373192	-137.186091		
39	0.278855	750	-2.347958	-139.534049		
40	0.267381	750	-2.311581	-141.84563		
41	0.256195	750	-2.286484	-144.132114		
42	0.245294	750	-2.155168	-146.287283		
43	0.234677	750	-2.115965	-148.403248		
44	0.22434	750	-2.03829	-150.441538		
45	0.214281	750	-2.095054	-152.536593		
46	0.204498	750	-2.145348	-154.68194		
47	0.194988	750	-2.019116	-156.701057		
48	0.185749	750	-1.881833	-158.58289		
49	0.176777	750	-1.838126	-160.421016		
50	0.16807	750	-1.836155	-162.257171		
51	0.159626	750	-1.866268	-164.123439		
52	0.151441	750	-1.772259	-165.895698		
53	0.143514	750	-1.71742	-167.613118		
54	0.135841	750	-1.678207	-169.291326		
55	0.12842	750	-1.654844	-170.946169		
56	0.121247	750	-1.574308	-172.520477		
57	0.11432	750	-1.525854	-174.046331		
58	0.107637	750	-1.473853	-175.520184		
59	0.101193	750	-1.441125	-176.961309		
60	0.094986	750	-1.353834	-178.315144		
61	0.089014	750	-1.299989	-179.615133		
62	0.083273	750	-1.281679	-180.896812		
63	0.07776	750	-1.239423	-182.136236		
64	0.072472	750	-1.199291	-183.335526		
65	0.067406	750	-1.157573	-184.493099		
66	0.062558	750	-1.075577	-185.568676		
67	0.057926	750	-1.039957	-186.608633		
68	0.053506	750	-1.012225	-187.620859		
69	0.049295	750	-0.970821	-188.59168		
70	0.045289	750	-0.926775	-189.518455		
71	0.041485	750	-0.887705	-190.40616		
72	0.03788	750	-0.854116	-191.260277		
73	0.034469	750	-0.798371	-192.058648		
74	0.03125	750	-0.753671	-192.812319		
75	0.028218	750	-0.717211	-193.52953		
76	0.02537	750	-0.685299	-194.214829		
77	0.022702	750	-0.651035	-194.865863		
78	0.020209	750	-0.614376	-195.48024		
79	0.017889	750	-0.596826	-196.077066		
80	0.015736	750	-0.538002	-196.615067		
81	0.013746	750	-0.510027	-197.125094		
82	0.011916	750	-0.463928	-197.589022		
83	0.01024	750	-0.439204	-198.028226		
84	0.008714	750	-0.412495	-198.440721		
85	0.007334	750	-0.376169	-198.816889		
86	0.006093	750	-0.35292	-199.169809		
87	0.004988	750	-0.298353	-199.468162		
88	0.004013	750	-0.262682	-199.730843		
89	0.003162	750	-0.229111	-199.959955		
90	0.00243	750	-0.203026	-200.162981		
91	0.00181	750	-0.190417	-200.353397		
92	0.001296	750	-0.144548	-200.497945		
93	0.000882	750	-0.122795	-200.620739		
94	0.000559	750	-0.094604	-200.715343		
95	0.00032	750	-0.068099	-200.783442		
96	0.000156	750	-0.048176	-200.831618		
97	0.000057	750	-0.030897	-200.862515		
98	0.00001	750	-0.016802	-200.879317		
99	0	750	-0.003148	-200.882465		
Log marginal likelihood:	-200.882465					
0	0.975187	750	-4.741792	-4.741792		
1	0.950747	750	-4.68812	-9.429912		
2	0.926679	750	-4.608896	-14.038808		
3	0.90298	750	-4.547772	-18.586579		
4	0.879648	750	-4.470172	-23.056751		
5	0.856682	750	-4.423781	-27.480532		
6	0.834079	750	-4.334763	-31.815295		
7	0.811838	750	-4.279269	-36.094564		
8	0.789957	750	-4.207518	-40.302082		
9	0.768433	750	-4.13861	-44.440692		
10	0.747266	750	-4.069285	-48.509977		
11	0.726452	750	-4.008179	-52.518156		
12	0.705989	750	-3.938937	-56.457094		
13	0.685877	750	-3.877736	-60.334829		
14	0.666112	750	-3.821128	-64.155957		
15	0.646693	750	-3.7702	-67.926157		
16	0.627618	750	-3.674724	-71.600881		
17	0.608884	750	-3.621645	-75.222526		
18	0.59049	750	-3.555873	-78.778399		
19	0.572433	750	-3.483007	-82.261405		
20	0.554712	750	-3.440186	-85.701591		
21	0.537324	750	-3.451667	-89.153259		
22	0.520268	750	-3.293153	-92.446412		
23	0.50354	750	-3.261454	-95.707866		
24	0.487139	750	-3.261219	-98.969085		
25	0.471063	750	-3.156017	-102.125102		
26	0.45531	750	-3.07649	-105.201592		
27	0.439877	750	-3.028585	-108.230177		
28	0.424762	750	-3.039227	-111.269404		
29	0.409963	750	-2.934187	-114.203591		
30	0.395478	750	-2.869298	-117.072889		
31	0.381305	750	-2.779956	-119.852845		
32	0.36744	750	-2.771635	-122.62448		
33	0.353883	750	-2.791128	-125.415608		
34	0.34063	750	-2.87008	-128.285688		
35	0.32768	750	-2.617137	-130.902825		
36	0.31503	750	-2.568709	-133.471534		
37	0.302677	750	-2.52232	-135.993855		
38	0.290619	750	-2.53342	-138.527275		
39	0.278855	750	-2.424843	-140.952118		
40	0.267381	750	-2.419959	-143.372077		
41	0.256195	750	-2.371845	-145.743922		
42	0.245294	750	-2.308614	-148.052535		
43	0.234677	750	-2.221493	-150.274028		
44	0.22434	750	-2.159919	-152.433947		
45	0.214281	750	-2.16953	-154.603477		
46	0.204498	750	-2.113371	-156.716848		
47	0.194988	750	-2.0548	-158.771649		
48	0.185749	750	-1.988996	-160.760645		
49	0.176777	750	-1.920639	-162.681284		
50	0.16807	750	-1.885176	-164.56646		
51	0.159626	750	-1.8037	-166.37016		
52	0.151441	750	-1.80732	-168.17748		
53	0.143514	750	-1.72947	-169.906951		
54	0.135841	750	-1.64555	-171.5525		
55	0.12842	750	-1.628376	-173.180876		
56	0.121247	750	-1.59721	-174.778086		
57	0.11432	750	-1.558869	-176.336955		
58	0.107637	750	-1.480311	-177.817266		
59	0.101193	750	-1.447016	-179.264282		
60	0.094986	750	-1.372901	-180.637183		
61	0.089014	750	-1.332635	-181.969818		
62	0.083273	750	-1.294174	-183.263992		
63	0.07776	750	-1.240665	-184.504657		
64	0.072472	750	-1.202693	-185.707349		
65	0.067406	750	-1.152713	-186.860063		
66	0.062558	750	-1.100183	-187.960246		
67	0.057926	750	-1.061092	-189.021338		
68	0.053506	750	-1.010541	-190.031879		
69	0.049295	750	-0.971661	-191.00354		
70	0.045289	750	-0.934163	-191.937704		
71	0.041485	750	-0.873639	-192.811342		
72	0.03788	750	-0.847883	-193.659226		
73	0.034469	750	-0.821469	-194.480695		
74	0.03125	750	-0.769554	-195.250248		
75	0.028218	750	-0.727139	-195.977387		
76	0.02537	750	-0.675898	-196.653285		
77	0.022702	750	-0.65675	-197.310035		
78	0.020209	750	-0.611715	-197.92175		
79	0.017889	750	-0.580641	-198.502391		
80	0.015736	750	-0.538316	-199.040707		
81	0.013746	750	-0.493562	-199.534269		
82	0.011916	750	-0.477956	-200.012225		
83	0.01024	750	-0.427326	-200.439551		
84	0.008714	750	-0.386486	-200.826037		
85	0.007334	750	-0.361355	-201.187392		
86	0.006093	750	-0.3288	-201.516192		
87	0.004988	750	-0.288694	-201.804886		
88	0.004013	750	-0.262037	-202.066923		
89	0.003162	750	-0.23466	-202.301583		
90	0.00243	750	-0.210461	-202.512044		
91	0.00181	750	-0.181865	-202.693908		
92	0.001296	750	-0.152712	-202.846621		
93	0.000882	750	-0.128919	-202.97554		
94	0.000559	750	-0.097524	-203.073063		
95	0.00032	750	-0.07197	-203.145033		
96	0.000156	750	-0.051659	-203.196693		
97	0.000057	750	-0.031772	-203.228464		
98	0.00001	750	-0.014252	-203.242716		
99	0	750	-0.002912	-203.245628		
Log marginal likelihood:	-203.245628					
0	0.975187	750	-4.81143	-4.81143		
1	0.950747	750	-4.775099	-9.58653		
2	0.926679	750	-4.718246	-14.304776		
3	0.90298	750	-4.616529	-18.921304		
4	0.879648	750	-4.560393	-23.481697		
5	0.856682	750	-4.477344	-27.959041		
6	0.834079	750	-4.414965	-32.374005		
7	0.811838	750	-4.379871	-36.753877		
8	0.789957	750	-4.294104	-41.047981		
9	0.768433	750	-4.24439	-45.29237		
10	0.747266	750	-4.186146	-49.478517		
11	0.726452	750	-4.099405	-53.577921		
12	0.705989	750	-4.036079	-57.614001		
13	0.685877	750	-3.976941	-61.590942		
14	0.666112	750	-3.899	-65.489942		
15	0.646693	750	-3.856818	-69.34676		
16	0.627618	750	-3.774145	-73.120905		
17	0.608884	750	-3.68883	-76.809735		
18	0.59049	750	-3.651909	-80.461643		
19	0.572433	750	-3.523988	-83.985631		
20	0.554712	750	-3.519082	-87.504713		
21	0.537324	750	-3.455246	-90.959959		
22	0.520268	750	-3.392003	-94.351962		
23	0.50354	750	-3.299662	-97.651624		
24	0.487139	750	-3.255946	-100.90757		
25	0.471063	750	-3.181612	-104.089182		
26	0.45531	750	-3.123037	-107.212219		
27	0.439877	750	-3.060989	-110.273208		
28	0.424762	750	-3.021697	-113.294904		
29	0.409963	750	-2.95396	-116.248864		
30	0.395478	750	-2.87522	-119.124084		
31	0.381305	750	-2.816645	-121.940729		
32	0.36744	750	-2.813786	-124.754515		
33	0.353883	750	-2.737895	-127.49241		
34	0.34063	750	-2.815159	-130.307569		
35	0.32768	750	-2.650475	-132.958045		
36	0.31503	750	-2.548787	-135.506832		
37	0.302677	750	-2.490237	-137.99707		
38	0.290619	750	-2.426696	-140.423766		
39	0.278855	750	-2.434406	-142.858172		
40	0.267381	750	-2.317429	-145.175602		
41	0.256195	750	-2.343423	-147.519025		
42	0.245294	750	-2.247505	-149.76653		
43	0.234677	750	-2.284966	-152.051496		
44	0.22434	750	-2.246334	-154.29783		
45	0.214281	750	-2.119236	-156.417066		
46	0.204498	750	-2.052327	-158.469393		
47	0.194988	750	-1.947409	-160.416802		
48	0.185749	750	-2.003141	-162.419943		
49	0.176777	750	-1.939077	-164.35902		
50	0.16807	750	-1.941681	-166.300702		
51	0.159626	750	-1.827839	-168.128541		
52	0.151441	750	-1.799572	-169.928113		
53	0.143514	750	-1.694194	-171.622307		
54	0.135841	750	-1.712181	-173.334488		
55	0.12842	750	-1.653606	-174.988093		
56	0.121247	750	-1.598468	-176.586561		
57	0.11432	750	-1.552716	-178.139278		
58	0.107637	750	-1.493867	-179.633145		
59	0.101193	750	-1.457961	-181.091105		
60	0.094986	750	-1.399665	-182.490771		
61	0.089014	750	-1.370796	-183.861567		
62	0.083273	750	-1.298992	-185.160558		
63	0.07776	750	-1.251333	-186.411891		
64	0.072472	750	-1.211748	-187.62364		
65	0.067406	750	-1.172792	-188.796431		
66	0.062558	750	-1.121122	-189.917554		
67	0.057926	750	-1.082001	-190.999555		
68	0.053506	750	-1.020738	-192.020293		
69	0.049295	750	-0.98251	-193.002803		
70	0.045289	750	-0.938159	-193.940961		
71	0.041485	750	-0.894646	-194.835607		
72	0.03788	750	-0.855284	-195.690891		
73	0.034469	750	-0.835986	-196.526877		
74	0.03125	750	-0.782432	-197.309309		
75	0.028218	750	-0.747366	-198.056675		
76	0.02537	750	-0.69286	-198.749534		
77	0.022702	750	-0.662019	-199.411553		
78	0.020209	750	-0.608342	-200.019895		
79	0.017889	750	-0.572925	-200.59282		
80	0.015736	750	-0.558704	-201.151524		
81	0.013746	750	-0.503909	-201.655434		
82	0.011916	750	-0.480347	-202.135781		
83	0.01024	750	-0.447181	-202.582962		
84	0.008714	750	-0.39863	-202.981592		
85	0.007334	750	-0.364476	-203.346068		
86	0.006093	750	-0.360598	-203.706666		
87	0.004988	750	-0.312585	-204.019251		
88	0.004013	750	-0.27878	-204.298031		
89	0.003162	750	-0.259348	-204.557379		
90	0.00243	750	-0.203159	-204.760538		
91	0.00181	750	-0.188046	-204.948584		
92	0.001296	750	-0.157422	-205.106006		
93	0.000882	750	-0.122834	-205.22884		
94	0.000559	750	-0.09458	-205.32342		
95	0.00032	750	-0.072002	-205.395422		
96	0.000156	750	-0.048736	-205.444158		
97	0.000057	750	-0.028396	-205.472554		
98	0.00001	750	-0.015763	-205.488317		
99	0	750	-0.003254	-205.491571		
Log marginal likelihood:	-205.491571					
0	0.975187	750	-4.758766	-4.758766		
1	0.950747	750	-4.669735	-9.428501		
2	0.926679	750	-4.600032	-14.028533		
3	0.90298	750	-4.53505	-18.563583		
4	0.879648	750	-4.480755	-23.044338		
5	0.856682	750	-4.383219	-27.427557		
6	0.834079	750	-4.322502	-31.750059		
7	0.811838	750	-4.268855	-36.018914		
8	0.789957	750	-4.196065	-40.214979		
9	0.768433	750	-4.12863	-44.343609		
10	0.747266	750	-4.060782	-48.404391		
11	0.726452	750	-3.996044	-52.400435		
12	0.705989	750	-3.927764	-56.328199		
13	0.685877	750	-3.871854	-60.200053		
14	0.666112	750	-3.794289	-63.994342		
15	0.646693	750	-3.731068	-67.72541		
16	0.627618	750	-3.686071	-71.411481		
17	0.608884	750	-3.603829	-75.01531		
18	0.59049	750	-3.565996	-78.581306		
19	0.572433	750	-3.628962	-82.210268		
20	0.554712	750	-3.420038	-85.630306		
21	0.537324	750	-3.348907	-88.979214		
22	0.520268	750	-3.312423	-92.291637		
23	0.50354	750	-3.254147	-95.545785		
24	0.487139	750	-3.224885	-98.77067		
25	0.471063	750	-3.120572	-101.891242		
26	0.45531	750	-3.08947	-104.980711		
27	0.439877	750	-3.018789	-107.9995		
28	0.424762	750	-2.960555	-110.960056		
29	0.409963	750	-2.942923	-113.902979		
30	0.395478	750	-2.846679	-116.749658		
31	0.381305	750	-2.771847	-119.521504		
32	0.36744	750	-2.743223	-122.264727		
33	0.353883	750	-2.695614	-124.960342		
34	0.34063	750	-2.631965	-127.592307		
35	0.32768	750	-2.584441	-130.176748		
36	0.31503	750	-2.600902	-132.777651		
37	0.302677	750	-2.705617	-135.483267		
38	0.290619	750	-2.654631	-138.137899		
39	0.278855	750	-2.375238	-140.513137		
40	0.267381	750	-2.447126	-142.960263		
41	0.256195	750	-2.344828	-145.305091		
42	0.245294	750	-2.222969	-147.528061		
43	0.234677	750	-2.231271	-149.759332		
44	0.22434	750	-2.230354	-151.989686		
45	0.214281	750	-2.186276	-154.175962		
46	0.204498	750	-2.147022	-156.322984		
47	0.194988	750	-2.04562	-158.368604		
48	0.185749	750	-1.88299	-160.251594		
49	0.176777	750	-2.008337	-162.25993		
50	0.16807	750	-1.871466	-164.131397		
51	0.159626	750	-1.804072	-165.935468		
52	0.151441	750	-1.79733	-167.732798		
53	0.143514	750	-1.684541	-169.417339		
54	0.135841	750	-1.705081	-171.12242		
55	0.12842	750	-1.688063	-172.810483		
56	0.121247	750	-1.621811	-174.432294		
57	0.11432	750	-1.564829	-175.997124		
58	0.107637	750	-1.508642	-177.505766		
59	0.101193	750	-1.46683	-178.972596		
60	0.094986	750	-1.416407	-180.389003		
61	0.089014	750	-1.366256	-181.755258		
62	0.083273	750	-1.327679	-183.082938		
63	0.07776	750	-1.26022	-184.343158		
64	0.072472	750	-1.209166	-185.552324		
65	0.067406	750	-1.178016	-186.73034		
66	0.062558	750	-1.14192	-187.87226		
67	0.057926	750	-1.084274	-188.956534		
68	0.053506	750	-1.041301	-189.997835		
69	0.049295	750	-0.985079	-190.982914		
70	0.045289	750	-0.94584	-191.928754		
71	0.041485	750	-0.90962	-192.838374		
72	0.03788	750	-0.853819	-193.692193		
73	0.034469	750	-0.826475	-194.518668		
74	0.03125	750	-0.77562	-195.294288		
75	0.028218	750	-0.736434	-196.030722		
76	0.02537	750	-0.689598	-196.72032		
77	0.022702	750	-0.649295	-197.369615		
78	0.020209	750	-0.623904	-197.993519		
79	0.017889	750	-0.583726	-198.577245		
80	0.015736	750	-0.55465	-199.131895		
81	0.013746	750	-0.512044	-199.643939		
82	0.011916	750	-0.452309	-200.096248		
83	0.01024	750	-0.45336	-200.549607		
84	0.008714	750	-0.394985	-200.944592		
85	0.007334	750	-0.372289	-201.316881		
86	0.006093	750	-0.334214	-201.651095		
87	0.004988	750	-0.32249	-201.973585		
88	0.004013	750	-0.29615	-202.269735		
89	0.003162	750	-0.233296	-202.503031		
90	0.00243	750	-0.205562	-202.708592		
91	0.00181	750	-0.188643	-202.897235		
92	0.001296	750	-0.156758	-203.053993		
93	0.000882	750	-0.151278	-203.205271		
94	0.000559	750	-0.10066	-203.305931		
95	0.00032	750	-0.073936	-203.379867		
96	0.000156	750	-0.051103	-203.43097		
97	0.000057	750	-0.031223	-203.462192		
98	0.00001	750	-0.015124	-203.477316		
99	0	750	-0.002961	-203.480276		
Log marginal likelihood:	-203.480276					
0	0.975187	750	-4.771144	-4.771144		
1	0.950747	750	-4.700122	-9.471266		
2	0.926679	750	-4.632702	-14.103968		
3	0.90298	750	-4.557259	-18.661226		
4	0.879648	750	-4.482857	-23.144083		
5	0.856682	750	-4.443287	-27.587369		
6	0.834079	750	-4.3528	-31.940169		
7	0.811838	750	-4.2793	-36.21947		
8	0.789957	750	-4.205054	-40.424524		
9	0.768433	750	-4.160533	-44.585057		
10	0.747266	750	-4.098492	-48.683549		
11	0.726452	750	-4.034994	-52.718543		
12	0.705989	750	-3.95934	-56.677884		
13	0.685877	750	-3.893691	-60.571575		
14	0.666112	750	-3.832315	-64.40389		
15	0.646693	750	-3.754194	-68.158084		
16	0.627618	750	-3.692998	-71.851082		
17	0.608884	750	-3.615547	-75.466629		
18	0.59049	750	-3.563049	-79.029678		
19	0.572433	750	-3.546736	-82.576414		
20	0.554712	750	-3.460734	-86.037148		
21	0.537324	750	-3.395119	-89.432267		
22	0.520268	750	-3.324563	-92.75683		
23	0.50354	750	-3.261574	-96.018404		
24	0.487139	750	-3.350766	-99.36917		
25	0.471063	750	-3.138167	-102.507337		
26	0.45531	750	-3.079866	-105.587203		
27	0.439877	750	-3.019164	-108.606366		
28	0.424762	750	-2.952732	-111.559098		
29	0.409963	750	-2.909836	-114.468935		
30	0.395478	750	-2.839465	-117.3084		
31	0.381305	750	-2.918978	-120.227377		
32	0.36744	750	-2.88283	-123.110208		
33	0.353883	750	-2.882719	-125.992926		
34	0.34063	750	-2.736222	-128.729149		
35	0.32768	750	-2.836906	-131.566055		
36	0.31503	750	-2.654821	-134.220876		
37	0.302677	750	-2.505261	-136.726136		
38	0.290619	750	-2.458123	-139.184259		
39	0.278855	750	-2.487236	-141.671495		
40	0.267381	750	-2.357017	-144.028512		
41	0.256195	750	-2.383209	-146.411722		
42	0.245294	750	-2.276032	-148.687754		
43	0.234677	750	-2.272613	-150.960367		
44	0.22434	750	-2.196072	-153.156439		
45	0.214281	750	-2.188852	-155.345291		
46	0.204498	750	-2.160593	-157.505883		
47	0.194988	750	-2.063829	-159.569712		
48	0.185749	750	-2.046917	-161.616629		
49	0.176777	750	-1.986024	-163.602653		
50	0.16807	750	-1.971701	-165.574354		
51	0.159626	750	-1.864314	-167.438668		
52	0.151441	750	-1.797399	-169.236067		
53	0.143514	750	-1.737039	-170.973106		
54	0.135841	750	-1.740868	-172.713974		
55	0.12842	750	-1.715897	-174.429871		
56	0.121247	750	-1.615626	-176.045496		
57	0.11432	750	-1.609744	-177.65524		
58	0.107637	750	-1.545248	-179.200489		
59	0.101193	750	-1.504968	-180.705457		
60	0.094986	750	-1.40857	-182.114027		
61	0.089014	750	-1.361737	-183.475764		
62	0.083273	750	-1.343899	-184.819663		
63	0.07776	750	-1.285205	-186.104868		
64	0.072472	750	-1.232304	-187.337172		
65	0.067406	750	-1.170072	-188.507244		
66	0.062558	750	-1.156666	-189.663909		
67	0.057926	750	-1.092849	-190.756759		
68	0.053506	750	-1.037402	-191.794161		
69	0.049295	750	-1.003831	-192.797992		
70	0.045289	750	-0.951599	-193.749591		
71	0.041485	750	-0.922898	-194.672488		
72	0.03788	750	-0.874236	-195.546724		
73	0.034469	750	-0.830066	-196.37679		
74	0.03125	750	-0.784158	-197.160948		
75	0.028218	750	-0.7387	-197.899648		
76	0.02537	750	-0.693415	-198.593063		
77	0.022702	750	-0.683047	-199.27611		
78	0.020209	750	-0.633342	-199.909451		
79	0.017889	750	-0.583803	-200.493254		
80	0.015736	750	-0.550239	-201.043494		
81	0.013746	750	-0.536681	-201.580175		
82	0.011916	750	-0.465463	-202.045638		
83	0.01024	750	-0.444587	-202.490224		
84	0.008714	750	-0.42826	-202.918484		
85	0.007334	750	-0.368809	-203.287293		
86	0.006093	750	-0.338514	-203.625807		
87	0.004988	750	-0.321783	-203.94759		
88	0.004013	750	-0.283281	-204.230871		
89	0.003162	750	-0.246115	-204.476986		
90	0.00243	750	-0.214346	-204.691332		
91	0.00181	750	-0.177906	-204.869238		
92	0.001296	750	-0.148884	-205.018122		
93	0.000882	750	-0.116144	-205.134266		
94	0.000559	750	-0.094919	-205.229184		
95	0.00032	750	-0.074394	-205.303578		
96	0.000156	750	-0.05233	-205.355908		
97	0.000057	750	-0.031371	-205.387279		
98	0.00001	750	-0.015383	-205.402661		
99	0	750	-0.003016	-205.405677		
Log marginal likelihood:	-205.405677					
0	0.975187	750	-4.591432	-4.591432		
1	0.950747	750	-4.537074	-9.128506		
2	0.926679	750	-4.466343	-13.594849		
3	0.90298	750	-4.396646	-17.991495		
4	0.879648	750	-4.341562	-22.333057		
5	0.856682	750	-4.278502	-26.611559		
6	0.834079	750	-4.192064	-30.803623		
7	0.811838	750	-4.131713	-34.935336		
8	0.789957	750	-4.063814	-38.99915		
9	0.768433	750	-4.000871	-43.00002		
10	0.747266	750	-4.015282	-47.015302		
11	0.726452	750	-3.877632	-50.892934		
12	0.705989	750	-3.82179	-54.714724		
13	0.685877	750	-3.743347	-58.458071		
14	0.666112	750	-3.697695	-62.155767		
15	0.646693	750	-3.729898	-65.885665		
16	0.627618	750	-3.564593	-69.450258		
17	0.608884	750	-3.497221	-72.947479		
18	0.59049	750	-3.444593	-76.392071		
19	0.572433	750	-3.391015	-79.783086		
20	0.554712	750	-3.312916	-83.096002		
21	0.537324	750	-3.26915	-86.365152		
22	0.520268	750	-3.255383	-89.620536		
23	0.50354	750	-3.206097	-92.826632		
24	0.487139	750	-3.072622	-95.899254		
25	0.471063	750	-3.024413	-98.923667		
26	0.45531	750	-2.959125	-101.882791		
27	0.439877	750	-2.995931	-104.878722		
28	0.424762	750	-2.902882	-107.781604		
29	0.409963	750	-2.808686	-110.59029		
30	0.395478	750	-2.762335	-113.352625		
31	0.381305	750	-2.7801	-116.132724		
32	0.36744	750	-2.671612	-118.804337		
33	0.353883	750	-2.586185	-121.390521		
34	0.34063	750	-2.671985	-124.062506		
35	0.32768	750	-2.532622	-126.595128		
36	0.31503	750	-2.517295	-129.112423		
37	0.302677	750	-2.448848	-131.561271		
38	0.290619	750	-2.421317	-133.982588		
39	0.278855	750	-2.364202	-136.34679		
40	0.267381	750	-2.272899	-138.619689		
41	0.256195	750	-2.25	-140.869689		
42	0.245294	750	-2.22594	-143.095629		
43	0.234677	750	-2.166111	-145.26174		
44	0.22434	750	-2.108296	-147.370036		
45	0.214281	750	-2.011905	-149.381941		
46	0.204498	750	-2.141692	-151.523633		
47	0.194988	750	-1.988626	-153.512259		
48	0.185749	750	-1.942177	-155.454436		
49	0.176777	750	-1.8704	-157.324835		
50	0.16807	750	-1.912373	-159.237209		
51	0.159626	750	-1.79757	-161.034778		
52	0.151441	750	-1.771395	-162.806174		
53	0.143514	750	-1.755618	-164.561792		
54	0.135841	750	-1.695038	-166.25683		
55	0.12842	750	-1.614393	-167.871223		
56	0.121247	750	-1.598306	-169.469529		
57	0.11432	750	-1.511768	-170.981297		
58	0.107637	750	-1.422713	-172.404009		
59	0.101193	750	-1.456192	-173.860202		
60	0.094986	750	-1.424449	-175.284651		
61	0.089014	750	-1.320023	-176.604675		
62	0.083273	750	-1.291491	-177.896166		
63	0.07776	750	-1.231219	-179.127385		
64	0.072472	750	-1.196454	-180.323839		
65	0.067406	750	-1.162971	-181.486811		
66	0.062558	750	-1.107105	-182.593915		
67	0.057926	750	-1.059128	-183.653043		
68	0.053506	750	-1.027297	-184.68034		
69	0.049295	750	-0.99088	-185.67122		
70	0.045289	750	-0.929244	-186.600464		
71	0.041485	750	-0.899403	-187.499867		
72	0.03788	750	-0.868365	-188.368232		
73	0.034469	750	-0.816726	-189.184958		
74	0.03125	750	-0.777074	-189.962032		
75	0.028218	750	-0.747551	-190.709583		
76	0.02537	750	-0.712315	-191.421898		
77	0.022702	750	-0.689639	-192.111536		
78	0.020209	750	-0.620774	-192.73231		
79	0.017889	750	-0.575124	-193.307434		
80	0.015736	750	-0.551766	-193.8592		
81	0.013746	750	-0.49985	-194.359051		
82	0.011916	750	-0.482012	-194.841062		
83	0.01024	750	-0.455319	-195.296382		
84	0.008714	750	-0.403152	-195.699533		
85	0.007334	750	-0.370717	-196.07025		
86	0.006093	750	-0.347646	-196.417896		
87	0.004988	750	-0.301807	-196.719702		
88	0.004013	750	-0.276779	-196.996481		
89	0.003162	750	-0.235141	-197.231622		
90	0.00243	750	-0.204349	-197.435971		
91	0.00181	750	-0.174851	-197.610823		
92	0.001296	750	-0.151116	-197.761939		
93	0.000882	750	-0.133459	-197.895398		
94	0.000559	750	-0.099096	-197.994494		
95	0.00032	750	-0.068942	-198.063436		
96	0.000156	750	-0.049778	-198.113214		
97	0.000057	750	-0.029525	-198.142739		
98	0.00001	750	-0.013771	-198.15651		
99	0	750	-0.002888	-198.159398		
Log marginal likelihood:	-198.159398					
0	0.975187	750	-4.383642	-4.383642		
1	0.950747	750	-4.320674	-8.704316		
2	0.926679	750	-4.253648	-12.957964		
3	0.90298	750	-4.199142	-17.157106		
4	0.879648	750	-4.135171	-21.292277		
5	0.856682	750	-4.07243	-25.364707		
6	0.834079	750	-4.002678	-29.367385		
7	0.811838	750	-3.950111	-33.317496		
8	0.789957	750	-3.874831	-37.192328		
9	0.768433	750	-3.819379	-41.011706		
10	0.747266	750	-3.766154	-44.777861		
11	0.726452	750	-3.706941	-48.484802		
12	0.705989	750	-3.63842	-52.123222		
13	0.685877	750	-3.57826	-55.701482		
14	0.666112	750	-3.515449	-59.216931		
15	0.646693	750	-3.450011	-62.666942		
16	0.627618	750	-3.408022	-66.074963		
17	0.608884	750	-3.354484	-69.429448		
18	0.59049	750	-3.294106	-72.723554		
19	0.572433	750	-3.225299	-75.948852		
20	0.554712	750	-3.186971	-79.135823		
21	0.537324	750	-3.10266	-82.238483		
22	0.520268	750	-3.065231	-85.303714		
23	0.50354	750	-2.997165	-88.300879		
24	0.487139	750	-2.936268	-91.237147		
25	0.471063	750	-2.891728	-94.128875		
26	0.45531	750	-2.837912	-96.966788		
27	0.439877	750	-2.788832	-99.75562		
28	0.424762	750	-2.748841	-102.504461		
29	0.409963	750	-2.694105	-105.198566		
30	0.395478	750	-2.633174	-107.831739		
31	0.381305	750	-2.560119	-110.391859		
32	0.36744	750	-2.539626	-112.931484		
33	0.353883	750	-2.515635	-115.447119		
34	0.34063	750	-2.415037	-117.862156		
35	0.32768	750	-2.38258	-120.244735		
36	0.31503	750	-2.341978	-122.586714		
37	0.302677	750	-2.308167	-124.89488		
38	0.290619	750	-2.216499	-127.11138		
39	0.278855	750	-2.134734	-129.246113		
40	0.267381	750	-2.320416	-131.566529		
41	0.256195	750	-2.134459	-133.700989		
42	0.245294	750	-2.111507	-135.812496		
43	0.234677	750	-2.073901	-137.886397		
44	0.22434	750	-2.034633	-139.92103		
45	0.214281	750	-1.96823	-141.88926		
46	0.204498	750	-1.915304	-143.804564		
47	0.194988	750	-1.9368	-145.741364		
48	0.185749	750	-1.926659	-147.668023		
49	0.176777	750	-1.862814	-149.530837		
50	0.16807	750	-1.888988	-151.419825		
51	0.159626	750	-1.815279	-153.235103		
52	0.151441	750	-1.786761	-155.021864		
53	0.143514	750	-1.609375	-156.631239		
54	0.135841	750	-1.611959	-158.243198		
55	0.12842	750	-1.652838	-159.896036		
56	0.121247	750	-1.619679	-161.515715		
57	0.11432	750	-1.475521	-162.991236		
58	0.107637	750	-1.499911	-164.491147		
59	0.101193	750	-1.412075	-165.903222		
60	0.094986	750	-1.317225	-167.220447		
61	0.089014	750	-1.328536	-168.548983		
62	0.083273	750	-1.293822	-169.842805		
63	0.07776	750	-1.237136	-171.079941		
64	0.072472	750	-1.197275	-172.277216		
65	0.067406	750	-1.146252	-173.423468		
66	0.062558	750	-1.075979	-174.499446		
67	0.057926	750	-1.070566	-175.570013		
68	0.053506	750	-1.016989	-176.587002		
69	0.049295	750	-0.990919	-177.577921		
70	0.045289	750	-0.937614	-178.515535		
71	0.041485	750	-0.912257	-179.427791		
72	0.03788	750	-0.852968	-180.280759		
73	0.034469	750	-0.793861	-181.07462		
74	0.03125	750	-0.794171	-181.868791		
75	0.028218	750	-0.738411	-182.607203		
76	0.02537	750	-0.687581	-183.294783		
77	0.022702	750	-0.643699	-183.938483		
78	0.020209	750	-0.611587	-184.55007		
79	0.017889	750	-0.573202	-185.123272		
80	0.015736	750	-0.53929	-185.662562		
81	0.013746	750	-0.509679	-186.172241		
82	0.011916	750	-0.47478	-186.647021		
83	0.01024	750	-0.438909	-187.08593		
84	0.008714	750	-0.399022	-187.484952		
85	0.007334	750	-0.391698	-187.87665		
86	0.006093	750	-0.360771	-188.237421		
87	0.004988	750	-0.318388	-188.55581		
88	0.004013	750	-0.262853	-188.818663		
89	0.003162	750	-0.264522	-189.083185		
90	0.00243	750	-0.209409	-189.292594		
91	0.00181	750	-0.187166	-189.479759		
92	0.001296	750	-0.145943	-189.625702		
93	0.000882	750	-0.131569	-189.757271		
94	0.000559	750	-0.09347	-189.85074		
95	0.00032	750	-0.070905	-189.921645		
96	0.000156	750	-0.051124	-189.972769		
97	0.000057	750	-0.029386	-190.002154		
98	0.00001	750	-0.013852	-190.016006		
99	0	750	-0.002998	-190.019004		
Log marginal likelihood:	-190.019004					
0	0.975187	750	-4.739398	-4.739398		
1	0.950747	750	-4.672821	-9.412219		
2	0.926679	750	-4.599274	-14.011492		
3	0.90298	750	-4.531298	-18.542791		
4	0.879648	750	-4.471449	-23.01424		
5	0.856682	750	-4.387091	-27.401331		
6	0.834079	750	-4.329529	-31.73086		
7	0.811838	750	-4.256722	-35.987582		
8	0.789957	750	-4.269649	-40.257231		
9	0.768433	750	-4.133202	-44.390433		
10	0.747266	750	-4.066192	-48.456625		
11	0.726452	750	-4.059215	-52.51584		
12	0.705989	750	-4.058885	-56.574725		
13	0.685877	750	-3.883099	-60.457823		
14	0.666112	750	-3.862831	-64.320654		
15	0.646693	750	-3.867637	-68.188291		
16	0.627618	750	-3.707755	-71.896046		
17	0.608884	750	-3.681153	-75.5772		
18	0.59049	750	-3.538217	-79.115417		
19	0.572433	750	-3.590823	-82.70624		
20	0.554712	750	-3.533061	-86.239301		
21	0.537324	750	-3.412145	-89.651446		
22	0.520268	750	-3.422341	-93.073787		
23	0.50354	750	-3.276507	-96.350295		
24	0.487139	750	-3.281153	-99.631448		
25	0.471063	750	-3.186528	-102.817976		
26	0.45531	750	-3.079265	-105.897241		
27	0.439877	750	-3.150061	-109.047302		
28	0.424762	750	-2.971146	-112.018448		
29	0.409963	750	-2.954041	-114.972489		
30	0.395478	750	-2.909466	-117.881954		
31	0.381305	750	-2.838121	-120.720076		
32	0.36744	750	-2.774113	-123.494189		
33	0.353883	750	-2.740764	-126.234953		
34	0.34063	750	-2.681995	-128.916948		
35	0.32768	750	-2.606497	-131.523445		
36	0.31503	750	-2.542865	-134.06631		
37	0.302677	750	-2.482697	-136.549007		
38	0.290619	750	-2.475247	-139.024254		
39	0.278855	750	-2.352571	-141.376825		
40	0.267381	750	-2.306877	-143.683702		
41	0.256195	750	-2.212114	-145.895815		
42	0.245294	750	-2.283077	-148.178892		
43	0.234677	750	-2.175124	-150.354016		
44	0.22434	750	-2.205143	-152.559159		
45	0.214281	750	-2.048278	-154.607437		
46	0.204498	750	-2.19012	-156.797557		
47	0.194988	750	-2.123916	-158.921473		
48	0.185749	750	-1.920195	-160.841668		
49	0.176777	750	-1.825798	-162.667466		
50	0.16807	750	-1.884999	-164.552464		
51	0.159626	750	-1.801965	-166.354429		
52	0.151441	750	-1.762298	-168.116727		
53	0.143514	750	-1.735483	-169.85221		
54	0.135841	750	-1.718259	-171.570469		
55	0.12842	750	-1.6205	-173.190969		
56	0.121247	750	-1.619174	-174.810143		
57	0.11432	750	-1.579544	-176.389687		
58	0.107637	750	-1.439915	-177.829602		
59	0.101193	750	-1.445088	-179.27469		
60	0.094986	750	-1.437528	-180.712218		
61	0.089014	750	-1.332255	-182.044473		
62	0.083273	750	-1.333696	-183.378169		
63	0.07776	750	-1.261736	-184.639905		
64	0.072472	750	-1.218242	-185.858147		
65	0.067406	750	-1.169126	-187.027274		
66	0.062558	750	-1.126644	-188.153918		
67	0.057926	750	-1.073148	-189.227066		
68	0.053506	750	-1.035139	-190.262205		
69	0.049295	750	-0.988385	-191.25059		
70	0.045289	750	-0.941069	-192.191658		
71	0.041485	750	-0.896492	-193.08815		
72	0.03788	750	-0.855966	-193.944115		
73	0.034469	750	-0.785828	-194.729943		
74	0.03125	750	-0.776248	-195.506191		
75	0.028218	750	-0.732245	-196.238436		
76	0.02537	750	-0.728985	-196.967421		
77	0.022702	750	-0.660792	-197.628213		
78	0.020209	750	-0.623199	-198.251412		
79	0.017889	750	-0.584899	-198.836311		
80	0.015736	750	-0.548694	-199.385005		
81	0.013746	750	-0.494342	-199.879348		
82	0.011916	750	-0.477345	-200.356693		
83	0.01024	750	-0.442482	-200.799175		
84	0.008714	750	-0.416528	-201.215702		
85	0.007334	750	-0.355682	-201.571384		
86	0.006093	750	-0.346186	-201.917571		
87	0.004988	750	-0.313193	-202.230764		
88	0.004013	750	-0.282633	-202.513396		
89	0.003162	750	-0.244796	-202.758193		
90	0.00243	750	-0.212751	-202.970944		
91	0.00181	750	-0.187328	-203.158272		
92	0.001296	750	-0.141392	-203.299664		
93	0.000882	750	-0.135134	-203.434798		
94	0.000559	750	-0.095417	-203.530215		
95	0.00032	750	-0.072562	-203.602777		
96	0.000156	750	-0.050405	-203.653181		
97	0.000057	750	-0.029729	-203.682911		
98	0.00001	750	-0.014753	-203.697663		
99	0	750	-0.003314	-203.700977		
Log marginal likelihood:	-203.700977					
0	0.975187	750	-4.337766	-4.337766		
1	0.950747	750	-4.276437	-8.614203		
2	0.926679	750	-4.214786	-12.82899		
3	0.90298	750	-4.146978	-16.975968		
4	0.879648	750	-4.095413	-21.071382		
5	0.856682	750	-4.031086	-25.102467		
6	0.834079	750	-3.974396	-29.076863		
7	0.811838	750	-3.91098	-32.987844		
8	0.789957	750	-3.862009	-36.849852		
9	0.768433	750	-3.77832	-40.628173		
10	0.747266	750	-3.720117	-44.348289		
11	0.726452	750	-3.66405	-48.01234		
12	0.705989	750	-3.61423	-51.62657		
13	0.685877	750	-3.537283	-55.163852		
14	0.666112	750	-3.489219	-58.653072		
15	0.646693	750	-3.440248	-62.09332		
16	0.627618	750	-3.365079	-65.458399		
17	0.608884	750	-3.306978	-68.765377		
18	0.59049	750	-3.252997	-72.018375		
19	0.572433	750	-3.19543	-75.213805		
20	0.554712	750	-3.145606	-78.359411		
21	0.537324	750	-3.074943	-81.434354		
22	0.520268	750	-3.023281	-84.457635		
23	0.50354	750	-2.975454	-87.43309		
24	0.487139	750	-2.954454	-90.387544		
25	0.471063	750	-2.870392	-93.257935		
26	0.45531	750	-2.870786	-96.128721		
27	0.439877	750	-2.748995	-98.877717		
28	0.424762	750	-2.708508	-101.586224		
29	0.409963	750	-2.663688	-104.249913		
30	0.395478	750	-2.664317	-106.914229		
31	0.381305	750	-2.539633	-109.453862		
32	0.36744	750	-2.474638	-111.9285		
33	0.353883	750	-2.519333	-114.447833		
34	0.34063	750	-2.507823	-116.955656		
35	0.32768	750	-2.450606	-119.406262		
36	0.31503	750	-2.302387	-121.708649		
37	0.302677	750	-2.355783	-124.064431		
38	0.290619	750	-2.200815	-126.265246		
39	0.278855	750	-2.207187	-128.472433		
40	0.267381	750	-2.230215	-130.702649		
41	0.256195	750	-2.136764	-132.839413		
42	0.245294	750	-2.107113	-134.946526		
43	0.234677	750	-2.119638	-137.066164		
44	0.22434	750	-2.075705	-139.141869		
45	0.214281	750	-1.936587	-141.078456		
46	0.204498	750	-1.85445	-142.932905		
47	0.194988	750	-1.807551	-144.740456		
48	0.185749	750	-1.794167	-146.534623		
49	0.176777	750	-1.851362	-148.385986		
50	0.16807	750	-1.665523	-150.051508		
51	0.159626	750	-1.70795	-151.759458		
52	0.151441	750	-1.706446	-153.465904		
53	0.143514	750	-1.673932	-155.139837		
54	0.135841	750	-1.68216	-156.821997		
55	0.12842	750	-1.617377	-158.439374		
56	0.121247	750	-1.572826	-160.012201		
57	0.11432	750	-1.505371	-161.517572		
58	0.107637	750	-1.469815	-162.987387		
59	0.101193	750	-1.371405	-164.358792		
60	0.094986	750	-1.377044	-165.735836		
61	0.089014	750	-1.320999	-167.056835		
62	0.083273	750	-1.257771	-168.314606		
63	0.07776	750	-1.207584	-169.52219		
64	0.072472	750	-1.156795	-170.678985		
65	0.067406	750	-1.139224	-171.81821		
66	0.062558	750	-1.088387	-172.906596		
67	0.057926	750	-1.055277	-173.961873		
68	0.053506	750	-0.986125	-174.947999		
69	0.049295	750	-0.965604	-175.913602		
70	0.045289	750	-0.927021	-176.840624		
71	0.041485	750	-0.8713	-177.711924		
72	0.03788	750	-0.838232	-178.550156		
73	0.034469	750	-0.810192	-179.360348		
74	0.03125	750	-0.757979	-180.118327		
75	0.028218	750	-0.72339	-180.841717		
76	0.02537	750	-0.694135	-181.535852		
77	0.022702	750	-0.65483	-182.190682		
78	0.020209	750	-0.605605	-182.796287		
79	0.017889	750	-0.569142	-183.365429		
80	0.015736	750	-0.53444	-183.899869		
81	0.013746	750	-0.492698	-184.392567		
82	0.011916	750	-0.474201	-184.866767		
83	0.01024	750	-0.43916	-185.305928		
84	0.008714	750	-0.396819	-185.702747		
85	0.007334	750	-0.380204	-186.08295		
86	0.006093	750	-0.331552	-186.414502		
87	0.004988	750	-0.292982	-186.707484		
88	0.004013	750	-0.285664	-186.993148		
89	0.003162	750	-0.235737	-187.228885		
90	0.00243	750	-0.207119	-187.436004		
91	0.00181	750	-0.178767	-187.614771		
92	0.001296	750	-0.155723	-187.770494		
93	0.000882	750	-0.115854	-187.886348		
94	0.000559	750	-0.094213	-187.980561		
95	0.00032	750	-0.06826	-188.048821		
96	0.000156	750	-0.055506	-188.104327		
97	0.000057	750	-0.028112	-188.132439		
98	0.00001	750	-0.014395	-188.146834		
99	0	750	-0.002941	-188.149775		
Log marginal likelihood:	-188.149775					
0	0.975187	750	-4.6903	-4.6903		
1	0.950747	750	-4.636403	-9.326703		
2	0.926679	750	-4.547945	-13.874648		
3	0.90298	750	-4.490707	-18.365355		
4	0.879648	750	-4.416343	-22.781698		
5	0.856682	750	-4.358909	-27.140608		
6	0.834079	750	-4.29418	-31.434788		
7	0.811838	750	-4.217214	-35.652002		
8	0.789957	750	-4.143586	-39.795588		
9	0.768433	750	-4.098376	-43.893964		
10	0.747266	750	-4.030632	-47.924596		
11	0.726452	750	-3.949939	-51.874535		
12	0.705989	750	-3.899208	-55.773743		
13	0.685877	750	-3.835066	-59.608809		
14	0.666112	750	-3.8182	-63.427009		
15	0.646693	750	-3.694719	-67.121727		
16	0.627618	750	-3.625074	-70.746801		
17	0.608884	750	-3.568194	-74.314995		
18	0.59049	750	-3.515397	-77.830392		
19	0.572433	750	-3.493466	-81.323858		
20	0.554712	750	-3.384038	-84.707896		
21	0.537324	750	-3.330827	-88.038723		
22	0.520268	750	-3.258289	-91.297013		
23	0.50354	750	-3.24876	-94.545773		
24	0.487139	750	-3.176648	-97.722421		
25	0.471063	750	-3.080924	-100.803345		
26	0.45531	750	-3.029194	-103.832539		
27	0.439877	750	-2.964208	-106.796747		
28	0.424762	750	-2.94611	-109.742857		
29	0.409963	750	-2.860395	-112.603252		
30	0.395478	750	-2.84286	-115.446112		
31	0.381305	750	-2.781168	-118.227279		
32	0.36744	750	-2.674487	-120.901766		
33	0.353883	750	-2.667299	-123.569065		
34	0.34063	750	-2.650588	-126.219653		
35	0.32768	750	-2.56267	-128.782322		
36	0.31503	750	-2.487581	-131.269903		
37	0.302677	750	-2.436521	-133.706425		
38	0.290619	750	-2.481339	-136.187763		
39	0.278855	750	-2.373578	-138.561341		
40	0.267381	750	-2.3796	-140.940942		
41	0.256195	750	-2.233437	-143.174379		
42	0.245294	750	-2.316829	-145.491208		
43	0.234677	750	-2.154334	-147.645542		
44	0.22434	750	-2.161394	-149.806936		
45	0.214281	750	-2.216703	-152.023639		
46	0.204498	750	-2.058791	-154.082431		
47	0.194988	750	-1.95234	-156.03477		
48	0.185749	750	-1.951779	-157.986549		
49	0.176777	750	-1.949051	-159.935601		
50	0.16807	750	-1.958873	-161.894473		
51	0.159626	750	-1.827513	-163.721986		
52	0.151441	750	-1.821105	-165.543091		
53	0.143514	750	-1.722619	-167.26571		
54	0.135841	750	-1.697882	-168.963592		
55	0.12842	750	-1.626707	-170.5903		
56	0.121247	750	-1.610826	-172.201125		
57	0.11432	750	-1.561007	-173.762133		
58	0.107637	750	-1.496642	-175.258775		
59	0.101193	750	-1.459559	-176.718334		
60	0.094986	750	-1.383882	-178.102215		
61	0.089014	750	-1.331884	-179.434099		
62	0.083273	750	-1.27156	-180.705659		
63	0.07776	750	-1.250996	-181.956655		
64	0.072472	750	-1.20919	-183.165844		
65	0.067406	750	-1.161264	-184.327108		
66	0.062558	750	-1.146879	-185.473987		
67	0.057926	750	-1.090791	-186.564778		
68	0.053506	750	-1.023451	-187.588228		
69	0.049295	750	-0.994826	-188.583054		
70	0.045289	750	-0.940948	-189.524002		
71	0.041485	750	-0.907863	-190.431865		
72	0.03788	750	-0.860472	-191.292337		
73	0.034469	750	-0.831452	-192.123789		
74	0.03125	750	-0.770045	-192.893834		
75	0.028218	750	-0.741194	-193.635028		
76	0.02537	750	-0.693644	-194.328672		
77	0.022702	750	-0.666709	-194.995381		
78	0.020209	750	-0.61763	-195.613011		
79	0.017889	750	-0.584393	-196.197404		
80	0.015736	750	-0.552279	-196.749683		
81	0.013746	750	-0.520531	-197.270214		
82	0.011916	750	-0.485943	-197.756157		
83	0.01024	750	-0.449027	-198.205185		
84	0.008714	750	-0.416316	-198.621501		
85	0.007334	750	-0.378554	-199.000055		
86	0.006093	750	-0.343303	-199.343358		
87	0.004988	750	-0.309768	-199.653126		
88	0.004013	750	-0.312495	-199.96562		
89	0.003162	750	-0.23736	-200.20298		
90	0.00243	750	-0.207835	-200.410815		
91	0.00181	750	-0.181411	-200.592226		
92	0.001296	750	-0.157889	-200.750116		
93	0.000882	750	-0.127073	-200.877189		
94	0.000559	750	-0.099756	-200.976946		
95	0.00032	750	-0.065808	-201.042754		
96	0.000156	750	-0.046689	-201.089443		
97	0.000057	750	-0.02924	-201.118683		
98	0.00001	750	-0.014081	-201.132764		
99	0	750	-0.003282	-201.136046		
Log marginal likelihood:	-201.136046					
0	0.975187	750	-4.582723	-4.582723		
1	0.950747	750	-4.503559	-9.086282		
2	0.926679	750	-4.474009	-13.560291		
3	0.90298	750	-4.381193	-17.941484		
4	0.879648	750	-4.329546	-22.271029		
5	0.856682	750	-4.23937	-26.5104		
6	0.834079	750	-4.206377	-30.716777		
7	0.811838	750	-4.124171	-34.840948		
8	0.789957	750	-4.059483	-38.900431		
9	0.768433	750	-3.982407	-42.882838		
10	0.747266	750	-3.916041	-46.798879		
11	0.726452	750	-3.853607	-50.652485		
12	0.705989	750	-3.78421	-54.436696		
13	0.685877	750	-3.776508	-58.213204		
14	0.666112	750	-3.694333	-61.907537		
15	0.646693	750	-3.606951	-65.514488		
16	0.627618	750	-3.536354	-69.050842		
17	0.608884	750	-3.579342	-72.630184		
18	0.59049	750	-3.475722	-76.105905		
19	0.572433	750	-3.364951	-79.470856		
20	0.554712	750	-3.326521	-82.797377		
21	0.537324	750	-3.222532	-86.019909		
22	0.520268	750	-3.205981	-89.22589		
23	0.50354	750	-3.137853	-92.363743		
24	0.487139	750	-3.081168	-95.444911		
25	0.471063	750	-3.033934	-98.478845		
26	0.45531	750	-2.975924	-101.454769		
27	0.439877	750	-2.927299	-104.382068		
28	0.424762	750	-2.864948	-107.247015		
29	0.409963	750	-2.896156	-110.143171		
30	0.395478	750	-2.785743	-112.928914		
31	0.381305	750	-2.754826	-115.68374		
32	0.36744	750	-2.654544	-118.338284		
33	0.353883	750	-2.653157	-120.991441		
34	0.34063	750	-2.540924	-123.532364		
35	0.32768	750	-2.498009	-126.030374		
36	0.31503	750	-2.506	-128.536374		
37	0.302677	750	-2.423254	-130.959628		
38	0.290619	750	-2.351437	-133.311065		
39	0.278855	750	-2.406334	-135.717399		
40	0.267381	750	-2.276337	-137.993735		
41	0.256195	750	-2.233894	-140.227629		
42	0.245294	750	-2.181841	-142.40947		
43	0.234677	750	-2.285412	-144.694882		
44	0.22434	750	-2.048906	-146.743788		
45	0.214281	750	-2.008959	-148.752747		
46	0.204498	750	-1.919579	-150.672326		
47	0.194988	750	-1.980627	-152.652953		
48	0.185749	750	-2.01564	-154.668593		
49	0.176777	750	-1.912135	-156.580728		
50	0.16807	750	-1.901857	-158.482584		
51	0.159626	750	-1.848135	-160.33072		
52	0.151441	750	-1.680968	-162.011688		
53	0.143514	750	-1.704927	-163.716615		
54	0.135841	750	-1.623016	-165.339631		
55	0.12842	750	-1.672583	-167.012214		
56	0.121247	750	-1.589531	-168.601745		
57	0.11432	750	-1.53613	-170.137875		
58	0.107637	750	-1.429179	-171.567054		
59	0.101193	750	-1.461023	-173.028077		
60	0.094986	750	-1.384695	-174.412771		
61	0.089014	750	-1.351323	-175.764095		
62	0.083273	750	-1.303754	-177.067849		
63	0.07776	750	-1.256797	-178.324647		
64	0.072472	750	-1.201304	-179.52595		
65	0.067406	750	-1.131862	-180.657812		
66	0.062558	750	-1.122865	-181.780677		
67	0.057926	750	-1.03544	-182.816118		
68	0.053506	750	-1.02647	-183.842587		
69	0.049295	750	-0.963722	-184.806309		
70	0.045289	750	-0.928395	-185.734704		
71	0.041485	750	-0.899912	-186.634616		
72	0.03788	750	-0.856663	-187.49128		
73	0.034469	750	-0.814015	-188.305294		
74	0.03125	750	-0.765209	-189.070503		
75	0.028218	750	-0.727791	-189.798294		
76	0.02537	750	-0.694452	-190.492746		
77	0.022702	750	-0.651341	-191.144086		
78	0.020209	750	-0.635032	-191.779118		
79	0.017889	750	-0.578278	-192.357397		
80	0.015736	750	-0.570494	-192.927891		
81	0.013746	750	-0.495568	-193.423459		
82	0.011916	750	-0.4723	-193.895759		
83	0.01024	750	-0.453312	-194.349071		
84	0.008714	750	-0.398519	-194.74759		
85	0.007334	750	-0.372621	-195.120211		
86	0.006093	750	-0.341542	-195.461753		
87	0.004988	750	-0.297593	-195.759346		
88	0.004013	750	-0.271289	-196.030635		
89	0.003162	750	-0.251937	-196.282572		
90	0.00243	750	-0.244317	-196.52689		
91	0.00181	750	-0.175989	-196.702879		
92	0.001296	750	-0.155186	-196.858064		
93	0.000882	750	-0.122652	-196.980716		
94	0.000559	750	-0.091914	-197.07263		
95	0.00032	750	-0.073698	-197.146328		
96	0.000156	750	-0.053373	-197.199701		
97	0.000057	750	-0.030574	-197.230274		
98	0.00001	750	-0.013965	-197.24424		
99	0	750	-0.003114	-197.247353		
Log marginal likelihood:	-197.247353					
0	0.975187	750	-4.681592	-4.681592		
1	0.950747	750	-4.616307	-9.297899		
2	0.926679	750	-4.533453	-13.831352		
3	0.90298	750	-4.481853	-18.313206		
4	0.879648	750	-4.396699	-22.709904		
5	0.856682	750	-4.330008	-27.039912		
6	0.834079	750	-4.283333	-31.323245		
7	0.811838	750	-4.205529	-35.528775		
8	0.789957	750	-4.137392	-39.666166		
9	0.768433	750	-4.06559	-43.731756		
10	0.747266	750	-4.022512	-47.754268		
11	0.726452	750	-3.950704	-51.704972		
12	0.705989	750	-3.880953	-55.585926		
13	0.685877	750	-3.821489	-59.407415		
14	0.666112	750	-3.752902	-63.160317		
15	0.646693	750	-3.677078	-66.837396		
16	0.627618	750	-3.649241	-70.486636		
17	0.608884	750	-3.565831	-74.052467		
18	0.59049	750	-3.501778	-77.554245		
19	0.572433	750	-3.447736	-81.001981		
20	0.554712	750	-3.375672	-84.377653		
21	0.537324	750	-3.332958	-87.710612		
22	0.520268	750	-3.253315	-90.963927		
23	0.50354	750	-3.204008	-94.167935		
24	0.487139	750	-3.154588	-97.322522		
25	0.471063	750	-3.073305	-100.395827		
26	0.45531	750	-3.081409	-103.477236		
27	0.439877	750	-3.025317	-106.502554		
28	0.424762	750	-2.911338	-109.413892		
29	0.409963	750	-2.916256	-112.330148		
30	0.395478	750	-2.836796	-115.166945		
31	0.381305	750	-2.757283	-117.924227		
32	0.36744	750	-2.674659	-120.598886		
33	0.353883	750	-2.745993	-123.344879		
34	0.34063	750	-2.594441	-125.93932		
35	0.32768	750	-2.592017	-128.531337		
36	0.31503	750	-2.554121	-131.085459		
37	0.302677	750	-2.434486	-133.519945		
38	0.290619	750	-2.433132	-135.953077		
39	0.278855	750	-2.50248	-138.455557		
40	0.267381	750	-2.380654	-140.836211		
41	0.256195	750	-2.262172	-143.098383		
42	0.245294	750	-2.245701	-145.344084		
43	0.234677	750	-2.333557	-147.677641		
44	0.22434	750	-2.139598	-149.81724		
45	0.214281	750	-2.151402	-151.968642		
46	0.204498	750	-2.063329	-154.031971		
47	0.194988	750	-1.996167	-156.028138		
48	0.185749	750	-1.906122	-157.93426		
49	0.176777	750	-2.003891	-159.938152		
50	0.16807	750	-1.846017	-161.784169		
51	0.159626	750	-1.829142	-163.613311		
52	0.151441	750	-1.764465	-165.377776		
53	0.143514	750	-1.699447	-167.077223		
54	0.135841	750	-1.684786	-168.76201		
55	0.12842	750	-1.584543	-170.346552		
56	0.121247	750	-1.610477	-171.957029		
57	0.11432	750	-1.529805	-173.486834		
58	0.107637	750	-1.46596	-174.952795		
59	0.101193	750	-1.486563	-176.439357		
60	0.094986	750	-1.412683	-177.852041		
61	0.089014	750	-1.323069	-179.175109		
62	0.083273	750	-1.314138	-180.489247		
63	0.07776	750	-1.252694	-181.741941		
64	0.072472	750	-1.217828	-182.959769		
65	0.067406	750	-1.164762	-184.124531		
66	0.062558	750	-1.124179	-185.248711		
67	0.057926	750	-1.080025	-186.328736		
68	0.053506	750	-1.041504	-187.37024		
69	0.049295	750	-0.970025	-188.340264		
70	0.045289	750	-0.946077	-189.286341		
71	0.041485	750	-0.903156	-190.189496		
72	0.03788	750	-0.862218	-191.051715		
73	0.034469	750	-0.815169	-191.866884		
74	0.03125	750	-0.767655	-192.634539		
75	0.028218	750	-0.741421	-193.37596		
76	0.02537	750	-0.689366	-194.065326		
77	0.022702	750	-0.673351	-194.738677		
78	0.020209	750	-0.629748	-195.368426		
79	0.017889	750	-0.588755	-195.957181		
80	0.015736	750	-0.549339	-196.50652		
81	0.013746	750	-0.53651	-197.04303		
82	0.011916	750	-0.473196	-197.516226		
83	0.01024	750	-0.447007	-197.963233		
84	0.008714	750	-0.411285	-198.374518		
85	0.007334	750	-0.396557	-198.771076		
86	0.006093	750	-0.370408	-199.141484		
87	0.004988	750	-0.296462	-199.437946		
88	0.004013	750	-0.277099	-199.715045		
89	0.003162	750	-0.254783	-199.969828		
90	0.00243	750	-0.22287	-200.192699		
91	0.00181	750	-0.178626	-200.371324		
92	0.001296	750	-0.147234	-200.518558		
93	0.000882	750	-0.129352	-200.647909		
94	0.000559	750	-0.094636	-200.742545		
95	0.00032	750	-0.072096	-200.814641		
96	0.000156	750	-0.05335	-200.867991		
97	0.000057	750	-0.030762	-200.898753		
98	0.00001	750	-0.014384	-200.913137		
99	0	750	-0.003098	-200.916235		
Log marginal likelihood:	-200.916235					
0	0.975187	750	-5.334169	-5.334169		
1	0.950747	750	-5.256733	-10.590902		
2	0.926679	750	-5.173455	-15.764357		
3	0.90298	750	-5.115793	-20.88015		
4	0.879648	750	-5.020034	-25.900184		
5	0.856682	750	-4.926201	-30.826385		
6	0.834079	750	-4.776141	-35.602526		
7	0.811838	750	-4.794922	-40.397448		
8	0.789957	750	-4.71694	-45.114388		
9	0.768433	750	-4.645606	-49.759993		
10	0.747266	750	-4.567706	-54.327699		
11	0.726452	750	-4.498456	-58.826155		
12	0.705989	750	-4.417565	-63.24372		
13	0.685877	750	-4.34132	-67.58504		
14	0.666112	750	-4.276004	-71.861044		
15	0.646693	750	-4.191674	-76.052718		
16	0.627618	750	-4.133483	-80.1862		
17	0.608884	750	-4.047541	-84.233742		
18	0.59049	750	-4.006494	-88.240236		
19	0.572433	750	-3.919449	-92.159685		
20	0.554712	750	-3.844414	-96.004099		
21	0.537324	750	-3.777507	-99.781606		
22	0.520268	750	-3.698484	-103.480091		
23	0.50354	750	-3.632541	-107.112632		
24	0.487139	750	-3.560422	-110.673053		
25	0.471063	750	-3.533802	-114.206855		
26	0.45531	750	-3.57208	-117.778935		
27	0.439877	750	-3.459745	-121.23868		
28	0.424762	750	-3.295591	-124.534271		
29	0.409963	750	-3.280951	-127.815222		
30	0.395478	750	-3.296796	-131.112018		
31	0.381305	750	-3.23879	-134.350808		
32	0.36744	750	-3.135607	-137.486415		
33	0.353883	750	-2.951167	-140.437582		
34	0.34063	750	-2.90487	-143.342451		
35	0.32768	750	-2.903596	-146.246048		
36	0.31503	750	-2.885442	-149.131489		
37	0.302677	750	-2.704675	-151.836165		
38	0.290619	750	-2.677648	-154.513813		
39	0.278855	750	-2.677975	-157.191788		
40	0.267381	750	-2.637161	-159.828949		
41	0.256195	750	-2.545413	-162.374362		
42	0.245294	750	-2.492707	-164.867069		
43	0.234677	750	-2.451854	-167.318923		
44	0.22434	750	-2.392495	-169.711418		
45	0.214281	750	-2.31541	-172.026827		
46	0.204498	750	-2.262451	-174.289278		
47	0.194988	750	-2.179249	-176.468527		
48	0.185749	750	-2.135812	-178.604339		
49	0.176777	750	-2.087195	-180.691534		
50	0.16807	750	-2.007056	-182.69859		
51	0.159626	750	-1.962303	-184.660893		
52	0.151441	750	-1.900679	-186.561572		
53	0.143514	750	-1.824333	-188.385905		
54	0.135841	750	-1.778504	-190.164409		
55	0.12842	750	-1.746212	-191.910621		
56	0.121247	750	-1.677497	-193.588117		
57	0.11432	750	-1.629532	-195.217649		
58	0.107637	750	-1.573551	-196.7912		
59	0.101193	750	-1.514817	-198.306017		
60	0.094986	750	-1.467413	-199.77343		
61	0.089014	750	-1.424108	-201.197538		
62	0.083273	750	-1.370096	-202.567634		
63	0.07776	750	-1.310148	-203.877782		
64	0.072472	750	-1.268154	-205.145936		
65	0.067406	750	-1.217081	-206.363017		
66	0.062558	750	-1.163251	-207.526268		
67	0.057926	750	-1.116074	-208.642343		
68	0.053506	750	-1.07236	-209.714703		
69	0.049295	750	-1.024195	-210.738898		
70	0.045289	750	-0.98814	-211.727038		
71	0.041485	750	-0.930901	-212.657939		
72	0.03788	750	-0.885477	-213.543415		
73	0.034469	750	-0.867453	-214.410869		
74	0.03125	750	-0.800084	-215.210953		
75	0.028218	750	-0.780713	-215.991666		
76	0.02537	750	-0.721329	-216.712995		
77	0.022702	750	-0.685488	-217.398483		
78	0.020209	750	-0.634285	-218.032768		
79	0.017889	750	-0.616782	-218.64955		
80	0.015736	750	-0.568851	-219.218401		
81	0.013746	750	-0.531109	-219.749509		
82	0.011916	750	-0.496093	-220.245603		
83	0.01024	750	-0.455386	-220.700989		
84	0.008714	750	-0.418428	-221.119416		
85	0.007334	750	-0.370175	-221.489591		
86	0.006093	750	-0.362833	-221.852424		
87	0.004988	750	-0.298658	-222.151082		
88	0.004013	750	-0.279573	-222.430655		
89	0.003162	750	-0.263303	-222.693957		
90	0.00243	750	-0.218651	-222.912609		
91	0.00181	750	-0.186934	-223.099543		
92	0.001296	750	-0.166247	-223.26579		
93	0.000882	750	-0.127761	-223.393551		
94	0.000559	750	-0.114331	-223.507882		
95	0.00032	750	-0.078812	-223.586694		
96	0.000156	750	-0.051465	-223.638159		
97	0.000057	750	-0.030981	-223.66914		
98	0.00001	750	-0.014376	-223.683516		
99	0	750	-0.00315	-223.686666		
Log marginal likelihood:	-223.686666					
0	0.975187	750	-5.058596	-5.058596		
1	0.950747	750	-4.920831	-9.979427		
2	0.926679	750	-4.861234	-14.840661		
3	0.90298	750	-4.796818	-19.63748		
4	0.879648	750	-4.748531	-24.386011		
5	0.856682	750	-4.678474	-29.064485		
6	0.834079	750	-4.606037	-33.670523		
7	0.811838	750	-4.489596	-38.160118		
8	0.789957	750	-4.409597	-42.569716		
9	0.768433	750	-4.371473	-46.941189		
10	0.747266	750	-4.297561	-51.23875		
11	0.726452	750	-4.194069	-55.432819		
12	0.705989	750	-4.182286	-59.615105		
13	0.685877	750	-4.122666	-63.73777		
14	0.666112	750	-4.018577	-67.756348		
15	0.646693	750	-3.957954	-71.714301		
16	0.627618	750	-3.951593	-75.665894		
17	0.608884	750	-3.803244	-79.469138		
18	0.59049	750	-3.748568	-83.217706		
19	0.572433	750	-3.689272	-86.906977		
20	0.554712	750	-3.636766	-90.543744		
21	0.537324	750	-3.551493	-94.095237		
22	0.520268	750	-3.497775	-97.593011		
23	0.50354	750	-3.460866	-101.053877		
24	0.487139	750	-3.363423	-104.4173		
25	0.471063	750	-3.337674	-107.754974		
26	0.45531	750	-3.250752	-111.005727		
27	0.439877	750	-3.226586	-114.232313		
28	0.424762	750	-3.145796	-117.378109		
29	0.409963	750	-3.089876	-120.467985		
30	0.395478	750	-3.002341	-123.470326		
31	0.381305	750	-3.02841	-126.498736		
32	0.36744	750	-2.889619	-129.388355		
33	0.353883	750	-2.925296	-132.313652		
34	0.34063	750	-2.805362	-135.119014		
35	0.32768	750	-2.742874	-137.861888		
36	0.31503	750	-2.719836	-140.581724		
37	0.302677	750	-2.646645	-143.22837		
38	0.290619	750	-2.57536	-145.80373		
39	0.278855	750	-2.561044	-148.364774		
40	0.267381	750	-2.543908	-150.908682		
41	0.256195	750	-2.432871	-153.341553		
42	0.245294	750	-2.313001	-155.654554		
43	0.234677	750	-2.298496	-157.95305		
44	0.22434	750	-2.226746	-160.179796		
45	0.214281	750	-2.247964	-162.42776		
46	0.204498	750	-2.14589	-164.57365		
47	0.194988	750	-2.087947	-166.661596		
48	0.185749	750	-2.043796	-168.705393		
49	0.176777	750	-2.012038	-170.717431		
50	0.16807	750	-1.926453	-172.643883		
51	0.159626	750	-1.871096	-174.51498		
52	0.151441	750	-1.796782	-176.311762		
53	0.143514	750	-1.770998	-178.08276		
54	0.135841	750	-1.707127	-179.789888		
55	0.12842	750	-1.649124	-181.439012		
56	0.121247	750	-1.607941	-183.046953		
57	0.11432	750	-1.55309	-184.600043		
58	0.107637	750	-1.522862	-186.122905		
59	0.101193	750	-1.460947	-187.583852		
60	0.094986	750	-1.400682	-188.984534		
61	0.089014	750	-1.349712	-190.334245		
62	0.083273	750	-1.314008	-191.648254		
63	0.07776	750	-1.255767	-192.904021		
64	0.072472	750	-1.207812	-194.111833		
65	0.067406	750	-1.167263	-195.279096		
66	0.062558	750	-1.104032	-196.383128		
67	0.057926	750	-1.080151	-197.463279		
68	0.053506	750	-1.036494	-198.499773		
69	0.049295	750	-0.979661	-199.479435		
70	0.045289	750	-0.945376	-200.42481		
71	0.041485	750	-0.899039	-201.323849		
72	0.03788	750	-0.84575	-202.169599		
73	0.034469	750	-0.810509	-202.980108		
74	0.03125	750	-0.773431	-203.753538		
75	0.028218	750	-0.72537	-204.478908		
76	0.02537	750	-0.684406	-205.163314		
77	0.022702	750	-0.6697	-205.833014		
78	0.020209	750	-0.625711	-206.458725		
79	0.017889	750	-0.577357	-207.036083		
80	0.015736	750	-0.543278	-207.57936		
81	0.013746	750	-0.511544	-208.090904		
82	0.011916	750	-0.477375	-208.568279		
83	0.01024	750	-0.448297	-209.016575		
84	0.008714	750	-0.396446	-209.413021		
85	0.007334	750	-0.369287	-209.782309		
86	0.006093	750	-0.339227	-210.121536		
87	0.004988	750	-0.320432	-210.441968		
88	0.004013	750	-0.269888	-210.711856		
89	0.003162	750	-0.256023	-210.967879		
90	0.00243	750	-0.203484	-211.171363		
91	0.00181	750	-0.178319	-211.349682		
92	0.001296	750	-0.149927	-211.499609		
93	0.000882	750	-0.121627	-211.621236		
94	0.000559	750	-0.109749	-211.730985		
95	0.00032	750	-0.068561	-211.799546		
96	0.000156	750	-0.048671	-211.848218		
97	0.000057	750	-0.032302	-211.880519		
98	0.00001	750	-0.014072	-211.894591		
99	0	750	-0.002879	-211.89747		
Log marginal likelihood:	-211.89747					
0	0.975187	750	-4.602958	-4.602958		
1	0.950747	750	-4.539739	-9.142697		
2	0.926679	750	-4.459467	-13.602164		
3	0.90298	750	-4.442864	-18.045028		
4	0.879648	750	-4.336337	-22.381365		
5	0.856682	750	-4.292039	-26.673405		
6	0.834079	750	-4.197888	-30.871293		
7	0.811838	750	-4.140181	-35.011474		
8	0.789957	750	-4.075906	-39.08738		
9	0.768433	750	-4.010156	-43.097536		
10	0.747266	750	-3.943421	-47.040957		
11	0.726452	750	-3.901225	-50.942183		
12	0.705989	750	-3.823079	-54.765262		
13	0.685877	750	-3.755854	-58.521115		
14	0.666112	750	-3.696306	-62.217421		
15	0.646693	750	-3.637829	-65.85525		
16	0.627618	750	-3.581445	-69.436695		
17	0.608884	750	-3.555573	-72.992268		
18	0.59049	750	-3.485269	-76.477537		
19	0.572433	750	-3.374464	-79.852001		
20	0.554712	750	-3.424977	-83.276978		
21	0.537324	750	-3.268983	-86.545961		
22	0.520268	750	-3.201066	-89.747027		
23	0.50354	750	-3.144634	-92.891661		
24	0.487139	750	-3.113465	-96.005127		
25	0.471063	750	-3.079427	-99.084554		
26	0.45531	750	-2.978391	-102.062944		
27	0.439877	750	-3.000968	-105.063912		
28	0.424762	750	-2.87598	-107.939892		
29	0.409963	750	-2.886446	-110.826338		
30	0.395478	750	-2.771867	-113.598205		
31	0.381305	750	-2.70248	-116.300685		
32	0.36744	750	-2.655344	-118.956029		
33	0.353883	750	-2.618293	-121.574322		
34	0.34063	750	-2.652778	-124.2271		
35	0.32768	750	-2.562549	-126.789649		
36	0.31503	750	-2.415193	-129.204842		
37	0.302677	750	-2.472144	-131.676986		
38	0.290619	750	-2.428156	-134.105142		
39	0.278855	750	-2.33747	-136.442612		
40	0.267381	750	-2.345284	-138.787897		
41	0.256195	750	-2.393779	-141.181675		
42	0.245294	750	-2.316492	-143.498167		
43	0.234677	750	-2.183171	-145.681338		
44	0.22434	750	-2.099105	-147.780443		
45	0.214281	750	-2.043331	-149.823774		
46	0.204498	750	-2.079768	-151.903542		
47	0.194988	750	-2.092719	-153.996261		
48	0.185749	750	-1.949039	-155.9453		
49	0.176777	750	-1.898832	-157.844131		
50	0.16807	750	-1.868468	-159.7126		
51	0.159626	750	-1.857366	-161.569965		
52	0.151441	750	-1.716936	-163.286901		
53	0.143514	750	-1.768848	-165.05575		
54	0.135841	750	-1.712002	-166.767752		
55	0.12842	750	-1.614351	-168.382103		
56	0.121247	750	-1.576511	-169.958615		
57	0.11432	750	-1.522058	-171.480672		
58	0.107637	750	-1.467602	-172.948275		
59	0.101193	750	-1.435235	-174.383509		
60	0.094986	750	-1.390921	-175.774431		
61	0.089014	750	-1.339023	-177.113454		
62	0.083273	750	-1.306041	-178.419495		
63	0.07776	750	-1.254823	-179.674318		
64	0.072472	750	-1.202075	-180.876393		
65	0.067406	750	-1.142664	-182.019057		
66	0.062558	750	-1.105589	-183.124647		
67	0.057926	750	-1.047019	-184.171666		
68	0.053506	750	-1.020878	-185.192544		
69	0.049295	750	-0.975913	-186.168457		
70	0.045289	750	-0.909582	-187.07804		
71	0.041485	750	-0.900305	-187.978344		
72	0.03788	750	-0.846371	-188.824715		
73	0.034469	750	-0.806925	-189.631641		
74	0.03125	750	-0.758171	-190.389812		
75	0.028218	750	-0.726589	-191.116401		
76	0.02537	750	-0.68703	-191.803431		
77	0.022702	750	-0.659145	-192.462576		
78	0.020209	750	-0.638328	-193.100904		
79	0.017889	750	-0.585138	-193.686042		
80	0.015736	750	-0.534813	-194.220854		
81	0.013746	750	-0.518576	-194.739431		
82	0.011916	750	-0.476661	-195.216092		
83	0.01024	750	-0.458848	-195.674939		
84	0.008714	750	-0.392338	-196.067278		
85	0.007334	750	-0.369639	-196.436916		
86	0.006093	750	-0.359572	-196.796488		
87	0.004988	750	-0.322296	-197.118785		
88	0.004013	750	-0.293187	-197.411972		
89	0.003162	750	-0.277966	-197.689938		
90	0.00243	750	-0.266876	-197.956814		
91	0.00181	750	-0.196366	-198.15318		
92	0.001296	750	-0.158763	-198.311943		
93	0.000882	750	-0.133217	-198.44516		
94	0.000559	750	-0.087094	-198.532254		
95	0.00032	750	-0.070468	-198.602722		
96	0.000156	750	-0.047684	-198.650406		
97	0.000057	750	-0.02971	-198.680115		
98	0.00001	750	-0.014501	-198.694616		
99	0	750	-0.003067	-198.697683		
Log marginal likelihood:	-198.697683					
0	0.975187	750	-5.357473	-5.357473		
1	0.950747	750	-5.256707	-10.61418		
2	0.926679	750	-5.180276	-15.794456		
3	0.90298	750	-5.162331	-20.956787		
4	0.879648	750	-5.084538	-26.041325		
5	0.856682	750	-4.934927	-30.976252		
6	0.834079	750	-4.844852	-35.821104		
7	0.811838	750	-4.915274	-40.736378		
8	0.789957	750	-4.697867	-45.434245		
9	0.768433	750	-4.624128	-50.058373		
10	0.747266	750	-4.668661	-54.727034		
11	0.726452	750	-4.482351	-59.209385		
12	0.705989	750	-4.440894	-63.650279		
13	0.685877	750	-4.335778	-67.986058		
14	0.666112	750	-4.270123	-72.25618		
15	0.646693	750	-4.191163	-76.447343		
16	0.627618	750	-4.114157	-80.561501		
17	0.608884	750	-4.154975	-84.716476		
18	0.59049	750	-4.109817	-88.826293		
19	0.572433	750	-4.015679	-92.841972		
20	0.554712	750	-3.948076	-96.790048		
21	0.537324	750	-3.864172	-100.65422		
22	0.520268	750	-3.779098	-104.433318		
23	0.50354	750	-3.620848	-108.054166		
24	0.487139	750	-3.554064	-111.608231		
25	0.471063	750	-3.541246	-115.149476		
26	0.45531	750	-3.487852	-118.637328		
27	0.439877	750	-3.440785	-122.078114		
28	0.424762	750	-3.358438	-125.436552		
29	0.409963	750	-3.282527	-128.719079		
30	0.395478	750	-3.208199	-131.927278		
31	0.381305	750	-3.164069	-135.091347		
32	0.36744	750	-3.084364	-138.175711		
33	0.353883	750	-3.031315	-141.207026		
34	0.34063	750	-2.91482	-144.121846		
35	0.32768	750	-2.879451	-147.001297		
36	0.31503	750	-2.798967	-149.800264		
37	0.302677	750	-2.723887	-152.524152		
38	0.290619	750	-2.685082	-155.209234		
39	0.278855	750	-2.628129	-157.837363		
40	0.267381	750	-2.577418	-160.414782		
41	0.256195	750	-2.520147	-162.934929		
42	0.245294	750	-2.443248	-165.378176		
43	0.234677	750	-2.37087	-167.749046		
44	0.22434	750	-2.339522	-170.088569		
45	0.214281	750	-2.249683	-172.338252		
46	0.204498	750	-2.203099	-174.541352		
47	0.194988	750	-2.147137	-176.688489		
48	0.185749	750	-2.08212	-178.770609		
49	0.176777	750	-2.030826	-180.801435		
50	0.16807	750	-1.973449	-182.774884		
51	0.159626	750	-1.900389	-184.675273		
52	0.151441	750	-1.86301	-186.538283		
53	0.143514	750	-1.800033	-188.338316		
54	0.135841	750	-1.741804	-190.08012		
55	0.12842	750	-1.69377	-191.773889		
56	0.121247	750	-1.630437	-193.404326		
57	0.11432	750	-1.574812	-194.979138		
58	0.107637	750	-1.533193	-196.512331		
59	0.101193	750	-1.476331	-197.988662		
60	0.094986	750	-1.415535	-199.404198		
61	0.089014	750	-1.374491	-200.778689		
62	0.083273	750	-1.324085	-202.102774		
63	0.07776	750	-1.291208	-203.393981		
64	0.072472	750	-1.236442	-204.630424		
65	0.067406	750	-1.184505	-205.814929		
66	0.062558	750	-1.133523	-206.948452		
67	0.057926	750	-1.082508	-208.03096		
68	0.053506	750	-1.04591	-209.07687		
69	0.049295	750	-0.997595	-210.074465		
70	0.045289	750	-0.952306	-211.02677		
71	0.041485	750	-0.9144	-211.94117		
72	0.03788	750	-0.860088	-212.801258		
73	0.034469	750	-0.821997	-213.623255		
74	0.03125	750	-0.791047	-214.414302		
75	0.028218	750	-0.749564	-215.163866		
76	0.02537	750	-0.704841	-215.868707		
77	0.022702	750	-0.675244	-216.543951		
78	0.020209	750	-0.622959	-217.16691		
79	0.017889	750	-0.584459	-217.751369		
80	0.015736	750	-0.541807	-218.293176		
81	0.013746	750	-0.517366	-218.810543		
82	0.011916	750	-0.464898	-219.275441		
83	0.01024	750	-0.442243	-219.717684		
84	0.008714	750	-0.43255	-220.150234		
85	0.007334	750	-0.394413	-220.544647		
86	0.006093	750	-0.344046	-220.888692		
87	0.004988	750	-0.321945	-221.210637		
88	0.004013	750	-0.285766	-221.496403		
89	0.003162	750	-0.239156	-221.735559		
90	0.00243	750	-0.20913	-221.944689		
91	0.00181	750	-0.174392	-222.11908		
92	0.001296	750	-0.14979	-222.26887		
93	0.000882	750	-0.129701	-222.398571		
94	0.000559	750	-0.099298	-222.497869		
95	0.00032	750	-0.069091	-222.56696		
96	0.000156	750	-0.048189	-222.615149		
97	0.000057	750	-0.032751	-222.647899		
98	0.00001	750	-0.013874	-222.661773		
99	0	750	-0.003332	-222.665105		
Log marginal likelihood:	-222.665105					
0	0.975187	750	-4.90821	-4.90821		
1	0.950747	750	-4.838757	-9.746967		
2	0.926679	750	-4.754265	-14.501232		
3	0.90298	750	-4.689396	-19.190628		
4	0.879648	750	-4.617399	-23.808028		
5	0.856682	750	-4.549624	-28.357652		
6	0.834079	750	-4.47348	-32.831132		
7	0.811838	750	-4.393501	-37.224633		
8	0.789957	750	-4.393865	-41.618498		
9	0.768433	750	-4.255412	-45.87391		
10	0.747266	750	-4.238508	-50.112417		
11	0.726452	750	-4.150016	-54.262433		
12	0.705989	750	-4.061048	-58.323481		
13	0.685877	750	-4.028257	-62.351738		
14	0.666112	750	-4.061682	-66.41342		
15	0.646693	750	-3.898048	-70.311468		
16	0.627618	750	-3.832977	-74.144445		
17	0.608884	750	-3.752811	-77.897256		
18	0.59049	750	-3.776459	-81.673715		
19	0.572433	750	-3.659508	-85.333223		
20	0.554712	750	-3.557378	-88.890601		
21	0.537324	750	-3.476693	-92.367294		
22	0.520268	750	-3.514608	-95.881902		
23	0.50354	750	-3.423469	-99.305371		
24	0.487139	750	-3.336051	-102.641423		
25	0.471063	750	-3.287868	-105.929291		
26	0.45531	750	-3.31712	-109.246411		
27	0.439877	750	-3.145634	-112.392046		
28	0.424762	750	-3.055136	-115.447182		
29	0.409963	750	-3.078031	-118.525213		
30	0.395478	750	-2.983775	-121.508988		
31	0.381305	750	-2.949402	-124.45839		
32	0.36744	750	-2.840596	-127.298986		
33	0.353883	750	-2.828332	-130.127318		
34	0.34063	750	-2.741716	-132.869034		
35	0.32768	750	-2.685352	-135.554387		
36	0.31503	750	-2.719692	-138.274079		
37	0.302677	750	-2.693989	-140.968068		
38	0.290619	750	-2.508574	-143.476642		
39	0.278855	750	-2.431214	-145.907856		
40	0.267381	750	-2.432605	-148.340461		
41	0.256195	750	-2.409326	-150.749787		
42	0.245294	750	-2.330358	-153.080144		
43	0.234677	750	-2.271379	-155.351523		
44	0.22434	750	-2.202134	-157.553658		
45	0.214281	750	-2.147987	-159.701645		
46	0.204498	750	-2.08001	-161.781654		
47	0.194988	750	-2.100189	-163.881843		
48	0.185749	750	-1.978804	-165.860647		
49	0.176777	750	-1.950048	-167.810695		
50	0.16807	750	-1.899505	-169.710201		
51	0.159626	750	-1.866373	-171.576574		
52	0.151441	750	-1.809836	-173.38641		
53	0.143514	750	-1.75632	-175.142731		
54	0.135841	750	-1.70448	-176.84721		
55	0.12842	750	-1.630081	-178.477291		
56	0.121247	750	-1.584392	-180.061684		
57	0.11432	750	-1.563712	-181.625396		
58	0.107637	750	-1.492726	-183.118122		
59	0.101193	750	-1.453669	-184.571791		
60	0.094986	750	-1.382634	-185.954425		
61	0.089014	750	-1.342193	-187.296618		
62	0.083273	750	-1.302233	-188.59885		
63	0.07776	750	-1.258028	-189.856879		
64	0.072472	750	-1.200937	-191.057816		
65	0.067406	750	-1.152737	-192.210554		
66	0.062558	750	-1.116536	-193.32709		
67	0.057926	750	-1.090622	-194.417712		
68	0.053506	750	-1.020341	-195.438053		
69	0.049295	750	-0.979448	-196.417501		
70	0.045289	750	-0.944274	-197.361775		
71	0.041485	750	-0.896879	-198.258654		
72	0.03788	750	-0.856344	-199.114998		
73	0.034469	750	-0.82329	-199.938288		
74	0.03125	750	-0.769275	-200.707563		
75	0.028218	750	-0.720431	-201.427994		
76	0.02537	750	-0.696362	-202.124356		
77	0.022702	750	-0.684914	-202.80927		
78	0.020209	750	-0.618694	-203.427964		
79	0.017889	750	-0.571588	-203.999552		
80	0.015736	750	-0.541842	-204.541395		
81	0.013746	750	-0.495415	-205.03681		
82	0.011916	750	-0.473529	-205.510339		
83	0.01024	750	-0.437173	-205.947512		
84	0.008714	750	-0.406849	-206.354361		
85	0.007334	750	-0.373105	-206.727466		
86	0.006093	750	-0.330083	-207.057549		
87	0.004988	750	-0.311203	-207.368752		
88	0.004013	750	-0.252599	-207.621351		
89	0.003162	750	-0.237238	-207.85859		
90	0.00243	750	-0.219538	-208.078128		
91	0.00181	750	-0.172039	-208.250166		
92	0.001296	750	-0.159081	-208.409248		
93	0.000882	750	-0.120887	-208.530134		
94	0.000559	750	-0.103497	-208.633631		
95	0.00032	750	-0.070094	-208.703724		
96	0.000156	750	-0.047588	-208.751313		
97	0.000057	750	-0.028164	-208.779477		
98	0.00001	750	-0.01431	-208.793788		
99	0	750	-0.002883	-208.79667		
Log marginal likelihood:	-208.79667					
0	0.975187	750	-4.595889	-4.595889		
1	0.950747	750	-4.537951	-9.13384		
2	0.926679	750	-4.464004	-13.597844		
3	0.90298	750	-4.419487	-18.017331		
4	0.879648	750	-4.329183	-22.346514		
5	0.856682	750	-4.271572	-26.618086		
6	0.834079	750	-4.224688	-30.842774		
7	0.811838	750	-4.134859	-34.977632		
8	0.789957	750	-4.070846	-39.048478		
9	0.768433	750	-4.033625	-43.082103		
10	0.747266	750	-3.936295	-47.018398		
11	0.726452	750	-3.877809	-50.896207		
12	0.705989	750	-3.797581	-54.693788		
13	0.685877	750	-3.834742	-58.528531		
14	0.666112	750	-3.708764	-62.237295		
15	0.646693	750	-3.62159	-65.858885		
16	0.627618	750	-3.55888	-69.417764		
17	0.608884	750	-3.556949	-72.974713		
18	0.59049	750	-3.619377	-76.59409		
19	0.572433	750	-3.387913	-79.982003		
20	0.554712	750	-3.313805	-83.295808		
21	0.537324	750	-3.296971	-86.592779		
22	0.520268	750	-3.206385	-89.799164		
23	0.50354	750	-3.142436	-92.9416		
24	0.487139	750	-3.069706	-96.011306		
25	0.471063	750	-3.02845	-99.039756		
26	0.45531	750	-3.067998	-102.107754		
27	0.439877	750	-2.895697	-105.003451		
28	0.424762	750	-2.893743	-107.897194		
29	0.409963	750	-2.80302	-110.700213		
30	0.395478	750	-2.745882	-113.446096		
31	0.381305	750	-2.732123	-116.178219		
32	0.36744	750	-2.813843	-118.992062		
33	0.353883	750	-2.700623	-121.692684		
34	0.34063	750	-2.585352	-124.278036		
35	0.32768	750	-2.581525	-126.859561		
36	0.31503	750	-2.464439	-129.324		
37	0.302677	750	-2.417754	-131.741754		
38	0.290619	750	-2.363144	-134.104899		
39	0.278855	750	-2.462582	-136.567481		
40	0.267381	750	-2.299085	-138.866566		
41	0.256195	750	-2.300062	-141.166628		
42	0.245294	750	-2.195617	-143.362245		
43	0.234677	750	-2.212232	-145.574476		
44	0.22434	750	-2.063536	-147.638012		
45	0.214281	750	-2.098899	-149.736911		
46	0.204498	750	-2.004986	-151.741897		
47	0.194988	750	-2.036311	-153.778208		
48	0.185749	750	-1.994118	-155.772326		
49	0.176777	750	-1.8538	-157.626126		
50	0.16807	750	-1.929963	-159.556089		
51	0.159626	750	-1.821297	-161.377386		
52	0.151441	750	-1.7962	-163.173586		
53	0.143514	750	-1.738528	-164.912114		
54	0.135841	750	-1.700093	-166.612207		
55	0.12842	750	-1.6855	-168.297706		
56	0.121247	750	-1.571158	-169.868865		
57	0.11432	750	-1.553299	-171.422164		
58	0.107637	750	-1.48248	-172.904644		
59	0.101193	750	-1.44103	-174.345673		
60	0.094986	750	-1.388541	-175.734214		
61	0.089014	750	-1.343832	-177.078047		
62	0.083273	750	-1.315063	-178.39311		
63	0.07776	750	-1.271473	-179.664583		
64	0.072472	750	-1.222246	-180.886829		
65	0.067406	750	-1.160693	-182.047521		
66	0.062558	750	-1.049578	-183.097099		
67	0.057926	750	-1.081042	-184.178141		
68	0.053506	750	-1.033313	-185.211454		
69	0.049295	750	-0.987077	-186.19853		
70	0.045289	750	-0.947478	-187.146009		
71	0.041485	750	-0.909203	-188.055211		
72	0.03788	750	-0.856917	-188.912128		
73	0.034469	750	-0.824446	-189.736574		
74	0.03125	750	-0.774868	-190.511442		
75	0.028218	750	-0.743462	-191.254904		
76	0.02537	750	-0.690614	-191.945518		
77	0.022702	750	-0.658124	-192.603642		
78	0.020209	750	-0.61988	-193.223522		
79	0.017889	750	-0.591742	-193.815263		
80	0.015736	750	-0.542428	-194.357692		
81	0.013746	750	-0.518398	-194.87609		
82	0.011916	750	-0.474882	-195.350971		
83	0.01024	750	-0.438876	-195.789847		
84	0.008714	750	-0.408475	-196.198323		
85	0.007334	750	-0.375463	-196.573785		
86	0.006093	750	-0.341964	-196.91575		
87	0.004988	750	-0.31951	-197.23526		
88	0.004013	750	-0.267236	-197.502496		
89	0.003162	750	-0.231731	-197.734228		
90	0.00243	750	-0.207946	-197.942174		
91	0.00181	750	-0.170648	-198.112822		
92	0.001296	750	-0.153363	-198.266185		
93	0.000882	750	-0.115654	-198.381839		
94	0.000559	750	-0.093527	-198.475366		
95	0.00032	750	-0.078812	-198.554178		
96	0.000156	750	-0.050149	-198.604327		
97	0.000057	750	-0.029855	-198.634182		
98	0.00001	750	-0.014102	-198.648285		
99	0	750	-0.003135	-198.65142		
Log marginal likelihood:	-198.65142					
0	0.975187	750	-4.635026	-4.635026		
1	0.950747	750	-4.567863	-9.202889		
2	0.926679	750	-4.510785	-13.713674		
3	0.90298	750	-4.452305	-18.165979		
4	0.879648	750	-4.37373	-22.539709		
5	0.856682	750	-4.302595	-26.842304		
6	0.834079	750	-4.240975	-31.083279		
7	0.811838	750	-4.170785	-35.254063		
8	0.789957	750	-4.10124	-39.355303		
9	0.768433	750	-4.046606	-43.401908		
10	0.747266	750	-3.983234	-47.385143		
11	0.726452	750	-3.924752	-51.309894		
12	0.705989	750	-3.915045	-55.224939		
13	0.685877	750	-3.787644	-59.012583		
14	0.666112	750	-3.739201	-62.751785		
15	0.646693	750	-3.663052	-66.414836		
16	0.627618	750	-3.633138	-70.047975		
17	0.608884	750	-3.554873	-73.602848		
18	0.59049	750	-3.48624	-77.089087		
19	0.572433	750	-3.400086	-80.489173		
20	0.554712	750	-3.376199	-83.865372		
21	0.537324	750	-3.302929	-87.168301		
22	0.520268	750	-3.241503	-90.409804		
23	0.50354	750	-3.201945	-93.611749		
24	0.487139	750	-3.12891	-96.740659		
25	0.471063	750	-3.1264	-99.867059		
26	0.45531	750	-3.043686	-102.910745		
27	0.439877	750	-3.060781	-105.971526		
28	0.424762	750	-2.902257	-108.873782		
29	0.409963	750	-2.846247	-111.720029		
30	0.395478	750	-2.962521	-114.68255		
31	0.381305	750	-2.805322	-117.487872		
32	0.36744	750	-2.723701	-120.211573		
33	0.353883	750	-2.689523	-122.901096		
34	0.34063	750	-2.63756	-125.538656		
35	0.32768	750	-2.529926	-128.068582		
36	0.31503	750	-2.525754	-130.594336		
37	0.302677	750	-2.4779	-133.072237		
38	0.290619	750	-2.481568	-135.553804		
39	0.278855	750	-2.403411	-137.957215		
40	0.267381	750	-2.306697	-140.263912		
41	0.256195	750	-2.335344	-142.599255		
42	0.245294	750	-2.301631	-144.900886		
43	0.234677	750	-2.172779	-147.073665		
44	0.22434	750	-2.142225	-149.21589		
45	0.214281	750	-2.114706	-151.330596		
46	0.204498	750	-2.020684	-153.351279		
47	0.194988	750	-1.998425	-155.349704		
48	0.185749	750	-1.95481	-157.304514		
49	0.176777	750	-1.890839	-159.195353		
50	0.16807	750	-1.918346	-161.113699		
51	0.159626	750	-1.805986	-162.919685		
52	0.151441	750	-1.748918	-164.668603		
53	0.143514	750	-1.765477	-166.43408		
54	0.135841	750	-1.678747	-168.112827		
55	0.12842	750	-1.570789	-169.683617		
56	0.121247	750	-1.549128	-171.232744		
57	0.11432	750	-1.530691	-172.763435		
58	0.107637	750	-1.452706	-174.216141		
59	0.101193	750	-1.440943	-175.657084		
60	0.094986	750	-1.392266	-177.049351		
61	0.089014	750	-1.32977	-178.379121		
62	0.083273	750	-1.279346	-179.658467		
63	0.07776	750	-1.218416	-180.876883		
64	0.072472	750	-1.195962	-182.072845		
65	0.067406	750	-1.148359	-183.221204		
66	0.062558	750	-1.109144	-184.330348		
67	0.057926	750	-1.067813	-185.398161		
68	0.053506	750	-0.998712	-186.396873		
69	0.049295	750	-0.991573	-187.388446		
70	0.045289	750	-0.921753	-188.3102		
71	0.041485	750	-0.878717	-189.188917		
72	0.03788	750	-0.843552	-190.032468		
73	0.034469	750	-0.813953	-190.846421		
74	0.03125	750	-0.782816	-191.629237		
75	0.028218	750	-0.728769	-192.358006		
76	0.02537	750	-0.67812	-193.036126		
77	0.022702	750	-0.659661	-193.695787		
78	0.020209	750	-0.609162	-194.304949		
79	0.017889	750	-0.579891	-194.884841		
80	0.015736	750	-0.545872	-195.430713		
81	0.013746	750	-0.490897	-195.92161		
82	0.011916	750	-0.47706	-196.39867		
83	0.01024	750	-0.450954	-196.849623		
84	0.008714	750	-0.410828	-197.260451		
85	0.007334	750	-0.374601	-197.635052		
86	0.006093	750	-0.331439	-197.966491		
87	0.004988	750	-0.358798	-198.325289		
88	0.004013	750	-0.277249	-198.602538		
89	0.003162	750	-0.246764	-198.849301		
90	0.00243	750	-0.205846	-199.055147		
91	0.00181	750	-0.183716	-199.238864		
92	0.001296	750	-0.16229	-199.401154		
93	0.000882	750	-0.11572	-199.516873		
94	0.000559	750	-0.100777	-199.61765		
95	0.00032	750	-0.079753	-199.697403		
96	0.000156	750	-0.047568	-199.744971		
97	0.000057	750	-0.030969	-199.775939		
98	0.00001	750	-0.013802	-199.789741		
99	0	750	-0.002959	-199.7927		
Log marginal likelihood:	-199.7927					
0	0.975187	750	-4.525404	-4.525404		
1	0.950747	750	-4.460992	-8.986396		
2	0.926679	750	-4.368534	-13.354931		
3	0.90298	750	-4.363787	-17.718718		
4	0.879648	750	-4.296921	-22.01564		
5	0.856682	750	-4.170812	-26.186452		
6	0.834079	750	-4.193853	-30.380305		
7	0.811838	750	-4.068484	-34.448789		
8	0.789957	750	-4.041947	-38.490736		
9	0.768433	750	-3.985317	-42.476053		
10	0.747266	750	-3.899581	-46.375634		
11	0.726452	750	-3.844748	-50.220381		
12	0.705989	750	-3.77525	-53.995632		
13	0.685877	750	-3.728689	-57.72432		
14	0.666112	750	-3.624247	-61.348568		
15	0.646693	750	-3.611424	-64.959992		
16	0.627618	750	-3.52881	-68.488802		
17	0.608884	750	-3.438325	-71.927127		
18	0.59049	750	-3.37208	-75.299207		
19	0.572433	750	-3.370696	-78.669903		
20	0.554712	750	-3.313391	-81.983295		
21	0.537324	750	-3.23035	-85.213645		
22	0.520268	750	-3.186556	-88.4002		
23	0.50354	750	-3.101559	-91.501759		
24	0.487139	750	-3.061571	-94.56333		
25	0.471063	750	-2.984592	-97.547922		
26	0.45531	750	-2.958907	-100.506829		
27	0.439877	750	-2.883008	-103.389837		
28	0.424762	750	-2.85219	-106.242027		
29	0.409963	750	-2.796598	-109.038625		
30	0.395478	750	-2.719283	-111.757909		
31	0.381305	750	-2.650768	-114.408677		
32	0.36744	750	-2.596948	-117.005624		
33	0.353883	750	-2.571532	-119.577157		
34	0.34063	750	-2.500935	-122.078092		
35	0.32768	750	-2.476512	-124.554604		
36	0.31503	750	-2.402122	-126.956726		
37	0.302677	750	-2.337231	-129.293957		
38	0.290619	750	-2.289771	-131.583728		
39	0.278855	750	-2.22566	-133.809388		
40	0.267381	750	-2.249877	-136.059266		
41	0.256195	750	-2.195422	-138.254688		
42	0.245294	750	-2.099597	-140.354285		
43	0.234677	750	-2.165932	-142.520216		
44	0.22434	750	-1.996096	-144.516312		
45	0.214281	750	-2.052142	-146.568454		
46	0.204498	750	-2.004028	-148.572482		
47	0.194988	750	-1.897688	-150.47017		
48	0.185749	750	-1.797739	-152.267909		
49	0.176777	750	-1.850265	-154.118174		
50	0.16807	750	-1.778938	-155.897112		
51	0.159626	750	-1.73778	-157.634892		
52	0.151441	750	-1.722896	-159.357788		
53	0.143514	750	-1.728349	-161.086137		
54	0.135841	750	-1.571446	-162.657583		
55	0.12842	750	-1.604155	-164.261739		
56	0.121247	750	-1.527067	-165.788806		
57	0.11432	750	-1.436628	-167.225434		
58	0.107637	750	-1.385481	-168.610915		
59	0.101193	750	-1.362954	-169.973868		
60	0.094986	750	-1.364544	-171.338412		
61	0.089014	750	-1.285549	-172.623961		
62	0.083273	750	-1.262938	-173.886899		
63	0.07776	750	-1.223182	-175.110081		
64	0.072472	750	-1.178942	-176.289023		
65	0.067406	750	-1.10299	-177.392012		
66	0.062558	750	-1.079952	-178.471964		
67	0.057926	750	-1.046079	-179.518043		
68	0.053506	750	-0.983947	-180.50199		
69	0.049295	750	-0.976699	-181.478689		
70	0.045289	750	-0.908154	-182.386843		
71	0.041485	750	-0.870338	-183.257181		
72	0.03788	750	-0.821165	-184.078346		
73	0.034469	750	-0.791833	-184.870179		
74	0.03125	750	-0.748084	-185.618263		
75	0.028218	750	-0.711683	-186.329945		
76	0.02537	750	-0.683654	-187.013599		
77	0.022702	750	-0.617844	-187.631443		
78	0.020209	750	-0.610475	-188.241918		
79	0.017889	750	-0.559917	-188.801835		
80	0.015736	750	-0.532305	-189.334139		
81	0.013746	750	-0.504456	-189.838595		
82	0.011916	750	-0.45677	-190.295366		
83	0.01024	750	-0.425695	-190.72106		
84	0.008714	750	-0.399611	-191.120672		
85	0.007334	750	-0.361669	-191.482341		
86	0.006093	750	-0.32776	-191.8101		
87	0.004988	750	-0.285016	-192.095116		
88	0.004013	750	-0.268881	-192.363997		
89	0.003162	750	-0.237382	-192.601378		
90	0.00243	750	-0.221411	-192.822789		
91	0.00181	750	-0.178643	-193.001432		
92	0.001296	750	-0.146816	-193.148248		
93	0.000882	750	-0.126588	-193.274836		
94	0.000559	750	-0.090792	-193.365629		
95	0.00032	750	-0.066576	-193.432204		
96	0.000156	750	-0.045158	-193.477362		
97	0.000057	750	-0.030485	-193.507848		
98	0.00001	750	-0.014195	-193.522043		
99	0	750	-0.002992	-193.525034		
Log marginal likelihood:	-193.525034					
0	0.975187	750	-4.514119	-4.514119		
1	0.950747	750	-4.46275	-8.976869		
2	0.926679	750	-4.386989	-13.363857		
3	0.90298	750	-4.317959	-17.681816		
4	0.879648	750	-4.251078	-21.932894		
5	0.856682	750	-4.195497	-26.12839		
6	0.834079	750	-4.118934	-30.247324		
7	0.811838	750	-4.057393	-34.304717		
8	0.789957	750	-3.992086	-38.296804		
9	0.768433	750	-3.930484	-42.227287		
10	0.747266	750	-3.861335	-46.088622		
11	0.726452	750	-3.803238	-49.891861		
12	0.705989	750	-3.741537	-53.633398		
13	0.685877	750	-3.692888	-57.326286		
14	0.666112	750	-3.61675	-60.943036		
15	0.646693	750	-3.564312	-64.507349		
16	0.627618	750	-3.502714	-68.010063		
17	0.608884	750	-3.442285	-71.452348		
18	0.59049	750	-3.370001	-74.822349		
19	0.572433	750	-3.307283	-78.129632		
20	0.554712	750	-3.261134	-81.390766		
21	0.537324	750	-3.208962	-84.599728		
22	0.520268	750	-3.144346	-87.744074		
23	0.50354	750	-3.090514	-90.834589		
24	0.487139	750	-3.030974	-93.865563		
25	0.471063	750	-2.975553	-96.841116		
26	0.45531	750	-2.909316	-99.750432		
27	0.439877	750	-2.860067	-102.610498		
28	0.424762	750	-2.806005	-105.416503		
29	0.409963	750	-2.745958	-108.162461		
30	0.395478	750	-2.694471	-110.856933		
31	0.381305	750	-2.652264	-113.509196		
32	0.36744	750	-2.591295	-116.100492		
33	0.353883	750	-2.541892	-118.642383		
34	0.34063	750	-2.521476	-121.16386		
35	0.32768	750	-2.43523	-123.59909		
36	0.31503	750	-2.379265	-125.978355		
37	0.302677	750	-2.428416	-128.40677		
38	0.290619	750	-2.426437	-130.833207		
39	0.278855	750	-2.313888	-133.147095		
40	0.267381	750	-2.242004	-135.389099		
41	0.256195	750	-2.28452	-137.673619		
42	0.245294	750	-2.137624	-139.811243		
43	0.234677	750	-2.096021	-141.907264		
44	0.22434	750	-2.064245	-143.971509		
45	0.214281	750	-2.069356	-146.040864		
46	0.204498	750	-2.046853	-148.087718		
47	0.194988	750	-1.961078	-150.048796		
48	0.185749	750	-1.922154	-151.97095		
49	0.176777	750	-1.953817	-153.924767		
50	0.16807	750	-1.929395	-155.854162		
51	0.159626	750	-1.787655	-157.641817		
52	0.151441	750	-1.80523	-159.447046		
53	0.143514	750	-1.764085	-161.211132		
54	0.135841	750	-1.684708	-162.89584		
55	0.12842	750	-1.646885	-164.542725		
56	0.121247	750	-1.62154	-166.164264		
57	0.11432	750	-1.520988	-167.685252		
58	0.107637	750	-1.473206	-169.158458		
59	0.101193	750	-1.468144	-170.626601		
60	0.094986	750	-1.39042	-172.017021		
61	0.089014	750	-1.314686	-173.331708		
62	0.083273	750	-1.311057	-174.642765		
63	0.07776	750	-1.241757	-175.884523		
64	0.072472	750	-1.219321	-177.103844		
65	0.067406	750	-1.158376	-178.26222		
66	0.062558	750	-1.116481	-179.378701		
67	0.057926	750	-1.066235	-180.444936		
68	0.053506	750	-1.023917	-181.468853		
69	0.049295	750	-0.98266	-182.451513		
70	0.045289	750	-0.939452	-183.390965		
71	0.041485	750	-0.906011	-184.296976		
72	0.03788	750	-0.867112	-185.164088		
73	0.034469	750	-0.799287	-185.963374		
74	0.03125	750	-0.793749	-186.757123		
75	0.028218	750	-0.726845	-187.483968		
76	0.02537	750	-0.697781	-188.18175		
77	0.022702	750	-0.654707	-188.836457		
78	0.020209	750	-0.613446	-189.449903		
79	0.017889	750	-0.587923	-190.037826		
80	0.015736	750	-0.537756	-190.575582		
81	0.013746	750	-0.515983	-191.091565		
82	0.011916	750	-0.479626	-191.571191		
83	0.01024	750	-0.443403	-192.014594		
84	0.008714	750	-0.397317	-192.411911		
85	0.007334	750	-0.393307	-192.805219		
86	0.006093	750	-0.350194	-193.155413		
87	0.004988	750	-0.308097	-193.46351		
88	0.004013	750	-0.267612	-193.731122		
89	0.003162	750	-0.25052	-193.981642		
90	0.00243	750	-0.224946	-194.206588		
91	0.00181	750	-0.186243	-194.392831		
92	0.001296	750	-0.16167	-194.554501		
93	0.000882	750	-0.119205	-194.673706		
94	0.000559	750	-0.09748	-194.771186		
95	0.00032	750	-0.078885	-194.850071		
96	0.000156	750	-0.051731	-194.901802		
97	0.000057	750	-0.02971	-194.931512		
98	0.00001	750	-0.014289	-194.945801		
99	0	750	-0.00303	-194.948832		
Log marginal likelihood:	-194.948832					
0	0.975187	750	-4.602024	-4.602024		
1	0.950747	750	-4.578917	-9.180941		
2	0.926679	750	-4.539032	-13.719973		
3	0.90298	750	-4.472232	-18.192205		
4	0.879648	750	-4.351307	-22.543513		
5	0.856682	750	-4.298973	-26.842485		
6	0.834079	750	-4.250362	-31.092847		
7	0.811838	750	-4.176171	-35.269019		
8	0.789957	750	-4.096784	-39.365802		
9	0.768433	750	-4.014803	-43.380605		
10	0.747266	750	-3.963794	-47.344399		
11	0.726452	750	-3.902043	-51.246442		
12	0.705989	750	-3.860936	-55.107378		
13	0.685877	750	-3.775754	-58.883131		
14	0.666112	750	-3.726488	-62.60962		
15	0.646693	750	-3.635258	-66.244878		
16	0.627618	750	-3.596107	-69.840984		
17	0.608884	750	-3.555139	-73.396123		
18	0.59049	750	-3.485034	-76.881157		
19	0.572433	750	-3.40427	-80.285427		
20	0.554712	750	-3.354425	-83.639852		
21	0.537324	750	-3.280744	-86.920595		
22	0.520268	750	-3.221784	-90.14238		
23	0.50354	750	-3.169552	-93.311931		
24	0.487139	750	-3.11051	-96.422441		
25	0.471063	750	-3.066724	-99.489165		
26	0.45531	750	-3.010826	-102.499992		
27	0.439877	750	-2.934788	-105.43478		
28	0.424762	750	-2.869886	-108.304666		
29	0.409963	750	-2.82943	-111.134096		
30	0.395478	750	-2.784739	-113.918836		
31	0.381305	750	-2.684691	-116.603527		
32	0.36744	750	-2.629133	-119.23266		
33	0.353883	750	-2.600921	-121.833581		
34	0.34063	750	-2.539358	-124.372939		
35	0.32768	750	-2.542868	-126.915807		
36	0.31503	750	-2.41831	-129.334117		
37	0.302677	750	-2.355429	-131.689545		
38	0.290619	750	-2.310243	-133.999789		
39	0.278855	750	-2.256049	-136.255838		
40	0.267381	750	-2.371905	-138.627743		
41	0.256195	750	-2.17224	-140.799983		
42	0.245294	750	-2.164648	-142.964631		
43	0.234677	750	-2.103899	-145.06853		
44	0.22434	750	-2.051522	-147.120051		
45	0.214281	750	-1.986858	-149.10691		
46	0.204498	750	-2.024424	-151.131333		
47	0.194988	750	-1.912446	-153.043779		
48	0.185749	750	-1.903524	-154.947304		
49	0.176777	750	-1.892207	-156.839511		
50	0.16807	750	-1.842989	-158.6825		
51	0.159626	750	-1.697434	-160.379934		
52	0.151441	750	-1.706603	-162.086538		
53	0.143514	750	-1.698965	-163.785503		
54	0.135841	750	-1.678628	-165.46413		
55	0.12842	750	-1.635784	-167.099914		
56	0.121247	750	-1.50721	-168.607125		
57	0.11432	750	-1.464867	-170.071991		
58	0.107637	750	-1.392711	-171.464702		
59	0.101193	750	-1.429312	-172.894015		
60	0.094986	750	-1.38768	-174.281695		
61	0.089014	750	-1.310596	-175.592291		
62	0.083273	750	-1.269357	-176.861647		
63	0.07776	750	-1.233687	-178.095335		
64	0.072472	750	-1.185981	-179.281316		
65	0.067406	750	-1.157562	-180.438878		
66	0.062558	750	-1.081907	-181.520785		
67	0.057926	750	-1.048995	-182.56978		
68	0.053506	750	-1.011909	-183.581689		
69	0.049295	750	-0.959711	-184.5414		
70	0.045289	750	-0.916145	-185.457545		
71	0.041485	750	-0.893162	-186.350707		
72	0.03788	750	-0.839114	-187.189821		
73	0.034469	750	-0.79727	-187.98709		
74	0.03125	750	-0.761484	-188.748574		
75	0.028218	750	-0.719922	-189.468496		
76	0.02537	750	-0.676156	-190.144652		
77	0.022702	750	-0.646012	-190.790664		
78	0.020209	750	-0.620453	-191.411117		
79	0.017889	750	-0.581575	-191.992692		
80	0.015736	750	-0.550072	-192.542764		
81	0.013746	750	-0.50802	-193.050784		
82	0.011916	750	-0.466279	-193.517063		
83	0.01024	750	-0.428999	-193.946063		
84	0.008714	750	-0.407556	-194.353619		
85	0.007334	750	-0.357399	-194.711018		
86	0.006093	750	-0.33897	-195.049988		
87	0.004988	750	-0.30564	-195.355628		
88	0.004013	750	-0.257669	-195.613297		
89	0.003162	750	-0.228041	-195.841338		
90	0.00243	750	-0.208711	-196.050049		
91	0.00181	750	-0.168945	-196.218994		
92	0.001296	750	-0.15159	-196.370584		
93	0.000882	750	-0.112769	-196.483353		
94	0.000559	750	-0.101045	-196.584399		
95	0.00032	750	-0.070581	-196.65498		
96	0.000156	750	-0.049223	-196.704202		
97	0.000057	750	-0.031438	-196.735641		
98	0.00001	750	-0.014322	-196.749963		
99	0	750	-0.003491	-196.753454		
Log marginal likelihood:	-196.753454					
0	0.975187	750	-4.768379	-4.768379		
1	0.950747	750	-4.712551	-9.48093		
2	0.926679	750	-4.622301	-14.103232		
3	0.90298	750	-4.581393	-18.684625		
4	0.879648	750	-4.49003	-23.174654		
5	0.856682	750	-4.426195	-27.600849		
6	0.834079	750	-4.368758	-31.969607		
7	0.811838	750	-4.290967	-36.260574		
8	0.789957	750	-4.213883	-40.474457		
9	0.768433	750	-4.154997	-44.629453		
10	0.747266	750	-4.101963	-48.731416		
11	0.726452	750	-4.043756	-52.775172		
12	0.705989	750	-3.958804	-56.733976		
13	0.685877	750	-3.897906	-60.631882		
14	0.666112	750	-3.857636	-64.489518		
15	0.646693	750	-3.750136	-68.239654		
16	0.627618	750	-3.718493	-71.958147		
17	0.608884	750	-3.649797	-75.607944		
18	0.59049	750	-3.645819	-79.253763		
19	0.572433	750	-3.527723	-82.781486		
20	0.554712	750	-3.474487	-86.255973		
21	0.537324	750	-3.439945	-89.695918		
22	0.520268	750	-3.31359	-93.009507		
23	0.50354	750	-3.279408	-96.288915		
24	0.487139	750	-3.202126	-99.491041		
25	0.471063	750	-3.149783	-102.640824		
26	0.45531	750	-3.115013	-105.755837		
27	0.439877	750	-3.041579	-108.797416		
28	0.424762	750	-2.994049	-111.791465		
29	0.409963	750	-3.034291	-114.825756		
30	0.395478	750	-2.93313	-117.758885		
31	0.381305	750	-2.902507	-120.661392		
32	0.36744	750	-2.755309	-123.416701		
33	0.353883	750	-2.755132	-126.171834		
34	0.34063	750	-2.735209	-128.907043		
35	0.32768	750	-2.622699	-131.529742		
36	0.31503	750	-2.620891	-134.150633		
37	0.302677	750	-2.526964	-136.677597		
38	0.290619	750	-2.493545	-139.171142		
39	0.278855	750	-2.515213	-141.686355		
40	0.267381	750	-2.362299	-144.048654		
41	0.256195	750	-2.401603	-146.450257		
42	0.245294	750	-2.298656	-148.748914		
43	0.234677	750	-2.332332	-151.081245		
44	0.22434	750	-2.168594	-153.24984		
45	0.214281	750	-2.12148	-155.371319		
46	0.204498	750	-2.139733	-157.511053		
47	0.194988	750	-2.077275	-159.588328		
48	0.185749	750	-1.894226	-161.482554		
49	0.176777	750	-1.970741	-163.453295		
50	0.16807	750	-1.85923	-165.312525		
51	0.159626	750	-1.82678	-167.139305		
52	0.151441	750	-1.791221	-168.930526		
53	0.143514	750	-1.771602	-170.702127		
54	0.135841	750	-1.653273	-172.3554		
55	0.12842	750	-1.628575	-173.983975		
56	0.121247	750	-1.548887	-175.532861		
57	0.11432	750	-1.558083	-177.090944		
58	0.107637	750	-1.481331	-178.572275		
59	0.101193	750	-1.451344	-180.023619		
60	0.094986	750	-1.40712	-181.430739		
61	0.089014	750	-1.362024	-182.792764		
62	0.083273	750	-1.299714	-184.092477		
63	0.07776	750	-1.260501	-185.352978		
64	0.072472	750	-1.207912	-186.560891		
65	0.067406	750	-1.158711	-187.719601		
66	0.062558	750	-1.126023	-188.845624		
67	0.057926	750	-1.09221	-189.937834		
68	0.053506	750	-1.039533	-190.977367		
69	0.049295	750	-0.979463	-191.95683		
70	0.045289	750	-0.93879	-192.89562		
71	0.041485	750	-0.899143	-193.794764		
72	0.03788	750	-0.85835	-194.653114		
73	0.034469	750	-0.811195	-195.464309		
74	0.03125	750	-0.770065	-196.234374		
75	0.028218	750	-0.739995	-196.974369		
76	0.02537	750	-0.69752	-197.671888		
77	0.022702	750	-0.686013	-198.357902		
78	0.020209	750	-0.619951	-198.977853		
79	0.017889	750	-0.582628	-199.560481		
80	0.015736	750	-0.546853	-200.107335		
81	0.013746	750	-0.509973	-200.617308		
82	0.011916	750	-0.462981	-201.080288		
83	0.01024	750	-0.426088	-201.506377		
84	0.008714	750	-0.417475	-201.923851		
85	0.007334	750	-0.369477	-202.293328		
86	0.006093	750	-0.3227	-202.616028		
87	0.004988	750	-0.31948	-202.935508		
88	0.004013	750	-0.275786	-203.211294		
89	0.003162	750	-0.239438	-203.450733		
90	0.00243	750	-0.21359	-203.664322		
91	0.00181	750	-0.187607	-203.851929		
92	0.001296	750	-0.146766	-203.998695		
93	0.000882	750	-0.124208	-204.122903		
94	0.000559	750	-0.097608	-204.22051		
95	0.00032	750	-0.069994	-204.290504		
96	0.000156	750	-0.04755	-204.338054		
97	0.000057	750	-0.029285	-204.367339		
98	0.00001	750	-0.013653	-204.380992		
99	0	750	-0.002986	-204.383978		
Log marginal likelihood:	-204.383978					
0	0.975187	750	-4.684067	-4.684067		
1	0.950747	750	-4.611454	-9.295522		
2	0.926679	750	-4.558372	-13.853894		
3	0.90298	750	-4.485211	-18.339105		
4	0.879648	750	-4.408113	-22.747218		
5	0.856682	750	-4.350502	-27.09772		
6	0.834079	750	-4.272584	-31.370304		
7	0.811838	750	-4.207921	-35.578225		
8	0.789957	750	-4.145847	-39.724073		
9	0.768433	750	-4.080714	-43.804787		
10	0.747266	750	-4.053928	-47.858715		
11	0.726452	750	-3.948911	-51.807626		
12	0.705989	750	-3.880484	-55.68811		
13	0.685877	750	-3.814169	-59.50228		
14	0.666112	750	-3.751247	-63.253527		
15	0.646693	750	-3.69383	-66.947357		
16	0.627618	750	-3.72413	-70.671487		
17	0.608884	750	-3.577483	-74.24897		
18	0.59049	750	-3.523803	-77.772773		
19	0.572433	750	-3.455697	-81.22847		
20	0.554712	750	-3.394031	-84.622501		
21	0.537324	750	-3.313575	-87.936077		
22	0.520268	750	-3.281892	-91.217969		
23	0.50354	750	-3.221963	-94.439931		
24	0.487139	750	-3.173855	-97.613787		
25	0.471063	750	-3.206881	-100.820668		
26	0.45531	750	-3.100595	-103.921263		
27	0.439877	750	-3.009423	-106.930685		
28	0.424762	750	-2.892052	-109.822737		
29	0.409963	750	-2.841105	-112.663842		
30	0.395478	750	-2.791914	-115.455756		
31	0.381305	750	-2.749955	-118.205711		
32	0.36744	750	-2.801706	-121.007417		
33	0.353883	750	-2.832554	-123.839971		
34	0.34063	750	-2.645537	-126.485508		
35	0.32768	750	-2.627873	-129.113381		
36	0.31503	750	-2.57933	-131.692711		
37	0.302677	750	-2.418623	-134.111334		
38	0.290619	750	-2.449154	-136.560488		
39	0.278855	750	-2.524368	-139.084856		
40	0.267381	750	-2.437494	-141.522349		
41	0.256195	750	-2.460591	-143.982941		
42	0.245294	750	-2.275158	-146.258098		
43	0.234677	750	-2.220249	-148.478347		
44	0.22434	750	-2.165886	-150.644233		
45	0.214281	750	-2.151623	-152.795856		
46	0.204498	750	-2.125707	-154.921564		
47	0.194988	750	-1.99186	-156.913423		
48	0.185749	750	-2.034775	-158.948199		
49	0.176777	750	-1.907574	-160.855772		
50	0.16807	750	-1.877757	-162.73353		
51	0.159626	750	-1.85419	-164.58772		
52	0.151441	750	-1.754847	-166.342567		
53	0.143514	750	-1.74572	-168.088286		
54	0.135841	750	-1.695574	-169.783861		
55	0.12842	750	-1.658459	-171.44232		
56	0.121247	750	-1.566874	-173.009193		
57	0.11432	750	-1.51422	-174.523414		
58	0.107637	750	-1.518096	-176.04151		
59	0.101193	750	-1.434395	-177.475905		
60	0.094986	750	-1.383354	-178.859259		
61	0.089014	750	-1.335101	-180.19436		
62	0.083273	750	-1.294811	-181.489171		
63	0.07776	750	-1.249857	-182.739028		
64	0.072472	750	-1.200324	-183.939352		
65	0.067406	750	-1.156504	-185.095856		
66	0.062558	750	-1.103535	-186.199391		
67	0.057926	750	-1.0654	-187.264791		
68	0.053506	750	-1.012436	-188.277227		
69	0.049295	750	-0.972307	-189.249534		
70	0.045289	750	-0.933365	-190.182899		
71	0.041485	750	-0.893201	-191.0761		
72	0.03788	750	-0.841588	-191.917688		
73	0.034469	750	-0.812514	-192.730201		
74	0.03125	750	-0.761843	-193.492045		
75	0.028218	750	-0.721701	-194.213746		
76	0.02537	750	-0.69734	-194.911086		
77	0.022702	750	-0.653245	-195.564332		
78	0.020209	750	-0.624376	-196.188708		
79	0.017889	750	-0.583536	-196.772244		
80	0.015736	750	-0.538062	-197.310306		
81	0.013746	750	-0.52268	-197.832986		
82	0.011916	750	-0.475194	-198.30818		
83	0.01024	750	-0.443923	-198.752103		
84	0.008714	750	-0.394049	-199.146151		
85	0.007334	750	-0.36997	-199.516121		
86	0.006093	750	-0.325996	-199.842118		
87	0.004988	750	-0.298402	-200.14052		
88	0.004013	750	-0.276941	-200.41746		
89	0.003162	750	-0.241791	-200.659251		
90	0.00243	750	-0.216812	-200.876063		
91	0.00181	750	-0.173321	-201.049385		
92	0.001296	750	-0.152427	-201.201812		
93	0.000882	750	-0.122741	-201.324553		
94	0.000559	750	-0.098553	-201.423106		
95	0.00032	750	-0.072411	-201.495516		
96	0.000156	750	-0.049483	-201.544999		
97	0.000057	750	-0.029513	-201.574512		
98	0.00001	750	-0.014024	-201.588536		
99	0	750	-0.003256	-201.591792		
Log marginal likelihood:	-201.591792					
0	0.975187	750	-4.592788	-4.592788		
1	0.950747	750	-4.524382	-9.117171		
2	0.926679	750	-4.456234	-13.573405		
3	0.90298	750	-4.390683	-17.964087		
4	0.879648	750	-4.318826	-22.282913		
5	0.856682	750	-4.24634	-26.529253		
6	0.834079	750	-4.178337	-30.70759		
7	0.811838	750	-4.126986	-34.834576		
8	0.789957	750	-4.062718	-38.897294		
9	0.768433	750	-3.998759	-42.896053		
10	0.747266	750	-3.928533	-46.824587		
11	0.726452	750	-3.862941	-50.687528		
12	0.705989	750	-3.870488	-54.558016		
13	0.685877	750	-3.737888	-58.295904		
14	0.666112	750	-3.675605	-61.971509		
15	0.646693	750	-3.613482	-65.584991		
16	0.627618	750	-3.559715	-69.144706		
17	0.608884	750	-3.491978	-72.636683		
18	0.59049	750	-3.422619	-76.059302		
19	0.572433	750	-3.387607	-79.446908		
20	0.554712	750	-3.316904	-82.763813		
21	0.537324	750	-3.410307	-86.17412		
22	0.520268	750	-3.28959	-89.46371		
23	0.50354	750	-3.164779	-92.628488		
24	0.487139	750	-3.134537	-95.763025		
25	0.471063	750	-3.029452	-98.792477		
26	0.45531	750	-2.987483	-101.779961		
27	0.439877	750	-2.92126	-104.701221		
28	0.424762	750	-2.853435	-107.554656		
29	0.409963	750	-2.845561	-110.400217		
30	0.395478	750	-2.792243	-113.19246		
31	0.381305	750	-2.702799	-115.895259		
32	0.36744	750	-2.696011	-118.59127		
33	0.353883	750	-2.635592	-121.226862		
34	0.34063	750	-2.561487	-123.788349		
35	0.32768	750	-2.544105	-126.332454		
36	0.31503	750	-2.494751	-128.827205		
37	0.302677	750	-2.387278	-131.214483		
38	0.290619	750	-2.393399	-133.607882		
39	0.278855	750	-2.512146	-136.120028		
40	0.267381	750	-2.199107	-138.319135		
41	0.256195	750	-2.24698	-140.566115		
42	0.245294	750	-2.203686	-142.769801		
43	0.234677	750	-2.105439	-144.87524		
44	0.22434	750	-2.107085	-146.982326		
45	0.214281	750	-2.213605	-149.195931		
46	0.204498	750	-1.978704	-151.174635		
47	0.194988	750	-2.01062	-153.185255		
48	0.185749	750	-1.976777	-155.162032		
49	0.176777	750	-1.845818	-157.00785		
50	0.16807	750	-1.774939	-158.782789		
51	0.159626	750	-1.801128	-160.583917		
52	0.151441	750	-1.788143	-162.37206		
53	0.143514	750	-1.733922	-164.105982		
54	0.135841	750	-1.59257	-165.698552		
55	0.12842	750	-1.657843	-167.356396		
56	0.121247	750	-1.603536	-168.959932		
57	0.11432	750	-1.539406	-170.499338		
58	0.107637	750	-1.505524	-172.004862		
59	0.101193	750	-1.452527	-173.457389		
60	0.094986	750	-1.390257	-174.847646		
61	0.089014	750	-1.325235	-176.172881		
62	0.083273	750	-1.310676	-177.483557		
63	0.07776	750	-1.22717	-178.710727		
64	0.072472	750	-1.194972	-179.905699		
65	0.067406	750	-1.147062	-181.052761		
66	0.062558	750	-1.110899	-182.163659		
67	0.057926	750	-1.074079	-183.237738		
68	0.053506	750	-1.018006	-184.255744		
69	0.049295	750	-0.959521	-185.215265		
70	0.045289	750	-0.94317	-186.158435		
71	0.041485	750	-0.883838	-187.042273		
72	0.03788	750	-0.85295	-187.895223		
73	0.034469	750	-0.809301	-188.704525		
74	0.03125	750	-0.781788	-189.486313		
75	0.028218	750	-0.730175	-190.216488		
76	0.02537	750	-0.69243	-190.908918		
77	0.022702	750	-0.659699	-191.568617		
78	0.020209	750	-0.609432	-192.178049		
79	0.017889	750	-0.585712	-192.763761		
80	0.015736	750	-0.538114	-193.301875		
81	0.013746	750	-0.497825	-193.7997		
82	0.011916	750	-0.482149	-194.281849		
83	0.01024	750	-0.45146	-194.733309		
84	0.008714	750	-0.402639	-195.135948		
85	0.007334	750	-0.375105	-195.511052		
86	0.006093	750	-0.330613	-195.841666		
87	0.004988	750	-0.315693	-196.157359		
88	0.004013	750	-0.280984	-196.438343		
89	0.003162	750	-0.238264	-196.676607		
90	0.00243	750	-0.214554	-196.891161		
91	0.00181	750	-0.204636	-197.095797		
92	0.001296	750	-0.148067	-197.243864		
93	0.000882	750	-0.118075	-197.361939		
94	0.000559	750	-0.10433	-197.466269		
95	0.00032	750	-0.076129	-197.542398		
96	0.000156	750	-0.051008	-197.593406		
97	0.000057	750	-0.030788	-197.624194		
98	0.00001	750	-0.021306	-197.6455		
99	0	750	-0.002878	-197.648378		
Log marginal likelihood:	-197.648378					
0	0.975187	750	-4.812097	-4.812097		
1	0.950747	750	-4.744012	-9.556109		
2	0.926679	750	-4.662465	-14.218575		
3	0.90298	750	-4.598661	-18.817236		
4	0.879648	750	-4.527382	-23.344618		
5	0.856682	750	-4.458837	-27.803454		
6	0.834079	750	-4.393505	-32.196959		
7	0.811838	750	-4.338099	-36.535058		
8	0.789957	750	-4.247873	-40.782932		
9	0.768433	750	-4.195161	-44.978093		
10	0.747266	750	-4.112367	-49.09046		
11	0.726452	750	-4.061303	-53.151764		
12	0.705989	750	-3.978381	-57.130145		
13	0.685877	750	-3.939654	-61.069798		
14	0.666112	750	-3.852748	-64.922547		
15	0.646693	750	-3.805769	-68.728316		
16	0.627618	750	-3.731237	-72.459552		
17	0.608884	750	-3.670445	-76.129997		
18	0.59049	750	-3.607837	-79.737834		
19	0.572433	750	-3.525142	-83.262975		
20	0.554712	750	-3.493729	-86.756704		
21	0.537324	750	-3.409078	-90.165782		
22	0.520268	750	-3.342355	-93.508137		
23	0.50354	750	-3.287849	-96.795986		
24	0.487139	750	-3.312618	-100.108604		
25	0.471063	750	-3.171066	-103.27967		
26	0.45531	750	-3.085923	-106.365593		
27	0.439877	750	-3.036564	-109.402157		
28	0.424762	750	-3.000426	-112.402582		
29	0.409963	750	-2.987398	-115.389981		
30	0.395478	750	-2.845926	-118.235907		
31	0.381305	750	-2.815699	-121.051606		
32	0.36744	750	-2.937578	-123.989184		
33	0.353883	750	-2.820248	-126.809432		
34	0.34063	750	-2.706226	-129.515658		
35	0.32768	750	-2.66785	-132.183508		
36	0.31503	750	-2.748316	-134.931824		
37	0.302677	750	-2.599201	-137.531024		
38	0.290619	750	-2.55756	-140.088584		
39	0.278855	750	-2.50655	-142.595134		
40	0.267381	750	-2.493019	-145.088154		
41	0.256195	750	-2.359554	-147.447708		
42	0.245294	750	-2.301856	-149.749564		
43	0.234677	750	-2.258645	-152.008208		
44	0.22434	750	-2.267835	-154.276043		
45	0.214281	750	-2.228655	-156.504699		
46	0.204498	750	-2.134869	-158.639568		
47	0.194988	750	-2.144244	-160.783812		
48	0.185749	750	-1.976943	-162.760754		
49	0.176777	750	-1.959701	-164.720455		
50	0.16807	750	-1.935967	-166.656422		
51	0.159626	750	-1.861254	-168.517676		
52	0.151441	750	-1.763115	-170.280791		
53	0.143514	750	-1.786385	-172.067177		
54	0.135841	750	-1.728725	-173.795902		
55	0.12842	750	-1.65367	-175.449571		
56	0.121247	750	-1.609725	-177.059296		
57	0.11432	750	-1.569888	-178.629184		
58	0.107637	750	-1.515796	-180.14498		
59	0.101193	750	-1.470723	-181.615703		
60	0.094986	750	-1.413606	-183.029309		
61	0.089014	750	-1.343578	-184.372887		
62	0.083273	750	-1.285436	-185.658324		
63	0.07776	750	-1.266407	-186.924731		
64	0.072472	750	-1.216953	-188.141683		
65	0.067406	750	-1.17835	-189.320033		
66	0.062558	750	-1.11738	-190.437413		
67	0.057926	750	-1.079331	-191.516744		
68	0.053506	750	-1.033782	-192.550526		
69	0.049295	750	-1.001981	-193.552507		
70	0.045289	750	-0.932678	-194.485185		
71	0.041485	750	-0.898494	-195.383679		
72	0.03788	750	-0.875135	-196.258814		
73	0.034469	750	-0.833236	-197.09205		
74	0.03125	750	-0.78347	-197.87552		
75	0.028218	750	-0.744636	-198.620156		
76	0.02537	750	-0.699265	-199.319422		
77	0.022702	750	-0.66657	-199.985992		
78	0.020209	750	-0.626537	-200.612529		
79	0.017889	750	-0.576076	-201.188605		
80	0.015736	750	-0.546353	-201.734959		
81	0.013746	750	-0.511971	-202.24693		
82	0.011916	750	-0.500007	-202.746937		
83	0.01024	750	-0.435519	-203.182456		
84	0.008714	750	-0.408322	-203.590778		
85	0.007334	750	-0.382563	-203.973342		
86	0.006093	750	-0.349712	-204.323054		
87	0.004988	750	-0.332696	-204.65575		
88	0.004013	750	-0.274026	-204.929776		
89	0.003162	750	-0.239983	-205.169759		
90	0.00243	750	-0.209094	-205.378854		
91	0.00181	750	-0.173253	-205.552106		
92	0.001296	750	-0.157716	-205.709822		
93	0.000882	750	-0.127645	-205.837468		
94	0.000559	750	-0.098853	-205.93632		
95	0.00032	750	-0.071014	-206.007335		
96	0.000156	750	-0.051297	-206.058632		
97	0.000057	750	-0.02913	-206.087762		
98	0.00001	750	-0.016277	-206.104039		
99	0	750	-0.003	-206.107039		
Log marginal likelihood:	-206.107039					
0	0.975187	750	-4.53284	-4.53284		
1	0.950747	750	-4.457159	-8.989998		
2	0.926679	750	-4.412736	-13.402734		
3	0.90298	750	-4.336581	-17.739315		
4	0.879648	750	-4.290932	-22.030247		
5	0.856682	750	-4.217106	-26.247353		
6	0.834079	750	-4.21157	-30.458923		
7	0.811838	750	-4.179477	-34.6384		
8	0.789957	750	-4.010275	-38.648676		
9	0.768433	750	-4.047145	-42.69582		
10	0.747266	750	-3.968349	-46.664169		
11	0.726452	750	-3.841969	-50.506139		
12	0.705989	750	-3.77146	-54.277598		
13	0.685877	750	-3.7425	-58.020098		
14	0.666112	750	-3.630746	-61.650844		
15	0.646693	750	-3.614096	-65.264941		
16	0.627618	750	-3.533669	-68.79861		
17	0.608884	750	-3.54158	-72.34019		
18	0.59049	750	-3.405974	-75.746164		
19	0.572433	750	-3.363726	-79.10989		
20	0.554712	750	-3.261455	-82.371344		
21	0.537324	750	-3.243077	-85.614421		
22	0.520268	750	-3.221065	-88.835487		
23	0.50354	750	-3.165087	-92.000574		
24	0.487139	750	-3.096788	-95.097363		
25	0.471063	750	-3.049983	-98.147346		
26	0.45531	750	-2.992579	-101.139925		
27	0.439877	750	-2.921783	-104.061707		
28	0.424762	750	-2.832286	-106.893993		
29	0.409963	750	-2.804587	-109.69858		
30	0.395478	750	-2.728613	-112.427194		
31	0.381305	750	-2.694746	-115.121939		
32	0.36744	750	-2.638243	-117.760183		
33	0.353883	750	-2.587581	-120.347764		
34	0.34063	750	-2.519202	-122.866966		
35	0.32768	750	-2.447304	-125.314269		
36	0.31503	750	-2.407266	-127.721535		
37	0.302677	750	-2.35738	-130.078916		
38	0.290619	750	-2.313309	-132.392224		
39	0.278855	750	-2.279922	-134.672147		
40	0.267381	750	-2.202859	-136.875006		
41	0.256195	750	-2.163426	-139.038432		
42	0.245294	750	-2.150103	-141.188534		
43	0.234677	750	-2.041757	-143.230291		
44	0.22434	750	-2.058541	-145.288833		
45	0.214281	750	-1.955024	-147.243856		
46	0.204498	750	-1.897576	-149.141432		
47	0.194988	750	-1.892414	-151.033846		
48	0.185749	750	-1.864414	-152.89826		
49	0.176777	750	-1.849704	-154.747965		
50	0.16807	750	-1.74757	-156.495535		
51	0.159626	750	-1.681099	-158.176634		
52	0.151441	750	-1.725876	-159.90251		
53	0.143514	750	-1.660224	-161.562734		
54	0.135841	750	-1.688808	-163.251543		
55	0.12842	750	-1.558477	-164.81002		
56	0.121247	750	-1.607908	-166.417928		
57	0.11432	750	-1.479262	-167.89719		
58	0.107637	750	-1.494288	-169.391478		
59	0.101193	750	-1.396908	-170.788385		
60	0.094986	750	-1.396688	-172.185074		
61	0.089014	750	-1.349304	-173.534378		
62	0.083273	750	-1.25151	-174.785887		
63	0.07776	750	-1.249463	-176.03535		
64	0.072472	750	-1.207013	-177.242364		
65	0.067406	750	-1.164667	-178.407031		
66	0.062558	750	-1.10799	-179.515021		
67	0.057926	750	-1.053403	-180.568425		
68	0.053506	750	-1.005079	-181.573503		
69	0.049295	750	-0.955949	-182.529453		
70	0.045289	750	-0.931005	-183.460458		
71	0.041485	750	-0.893181	-184.353638		
72	0.03788	750	-0.861347	-185.214985		
73	0.034469	750	-0.814241	-186.029226		
74	0.03125	750	-0.775071	-186.804297		
75	0.028218	750	-0.729898	-187.534195		
76	0.02537	750	-0.680887	-188.215082		
77	0.022702	750	-0.65664	-188.871723		
78	0.020209	750	-0.609833	-189.481556		
79	0.017889	750	-0.585032	-190.066588		
80	0.015736	750	-0.539354	-190.605942		
81	0.013746	750	-0.510099	-191.116041		
82	0.011916	750	-0.459109	-191.575151		
83	0.01024	750	-0.427034	-192.002184		
84	0.008714	750	-0.3884	-192.390584		
85	0.007334	750	-0.364223	-192.754807		
86	0.006093	750	-0.337349	-193.092156		
87	0.004988	750	-0.300672	-193.392827		
88	0.004013	750	-0.30055	-193.693378		
89	0.003162	750	-0.250001	-193.943378		
90	0.00243	750	-0.203572	-194.14695		
91	0.00181	750	-0.188989	-194.335939		
92	0.001296	750	-0.160014	-194.495952		
93	0.000882	750	-0.119244	-194.615196		
94	0.000559	750	-0.091288	-194.706484		
95	0.00032	750	-0.069285	-194.77577		
96	0.000156	750	-0.047706	-194.823476		
97	0.000057	750	-0.031492	-194.854968		
98	0.00001	750	-0.014076	-194.869044		
99	0	750	-0.003025	-194.872068		
Log marginal likelihood:	-194.872068					
0	0.975187	750	-5.010817	-5.010817		
1	0.950747	750	-4.95191	-9.962727		
2	0.926679	750	-4.854222	-14.816949		
3	0.90298	750	-4.769499	-19.586448		
4	0.879648	750	-4.718442	-24.304889		
5	0.856682	750	-4.678257	-28.983146		
6	0.834079	750	-4.613937	-33.597083		
7	0.811838	750	-4.547196	-38.14428		
8	0.789957	750	-4.434149	-42.578429		
9	0.768433	750	-4.367128	-46.945557		
10	0.747266	750	-4.281273	-51.22683		
11	0.726452	750	-4.234982	-55.461812		
12	0.705989	750	-4.164131	-59.625943		
13	0.685877	750	-4.134061	-63.760004		
14	0.666112	750	-4.027793	-67.787797		
15	0.646693	750	-3.96457	-71.752366		
16	0.627618	750	-3.900518	-75.652885		
17	0.608884	750	-3.871096	-79.523981		
18	0.59049	750	-3.753289	-83.27727		
19	0.572433	750	-3.695038	-86.972307		
20	0.554712	750	-3.611386	-90.583693		
21	0.537324	750	-3.549506	-94.133199		
22	0.520268	750	-3.471731	-97.60493		
23	0.50354	750	-3.428065	-101.032995		
24	0.487139	750	-3.383007	-104.416002		
25	0.471063	750	-3.284224	-107.700226		
26	0.45531	750	-3.298882	-110.999108		
27	0.439877	750	-3.188459	-114.187567		
28	0.424762	750	-3.196708	-117.384275		
29	0.409963	750	-3.068331	-120.452605		
30	0.395478	750	-2.979704	-123.432309		
31	0.381305	750	-2.940736	-126.373045		
32	0.36744	750	-2.855707	-129.228752		
33	0.353883	750	-2.805169	-132.033921		
34	0.34063	750	-2.792853	-134.826774		
35	0.32768	750	-2.680101	-137.506875		
36	0.31503	750	-2.699236	-140.206111		
37	0.302677	750	-2.603077	-142.809188		
38	0.290619	750	-2.626784	-145.435972		
39	0.278855	750	-2.470106	-147.906078		
40	0.267381	750	-2.488812	-150.394891		
41	0.256195	750	-2.448599	-152.84349		
42	0.245294	750	-2.303853	-155.147343		
43	0.234677	750	-2.329942	-157.477286		
44	0.22434	750	-2.242358	-159.719643		
45	0.214281	750	-2.208266	-161.927909		
46	0.204498	750	-2.116576	-164.044485		
47	0.194988	750	-2.09808	-166.142565		
48	0.185749	750	-2.039249	-168.181814		
49	0.176777	750	-1.968551	-170.150365		
50	0.16807	750	-1.922405	-172.07277		
51	0.159626	750	-1.887865	-173.960635		
52	0.151441	750	-1.800685	-175.76132		
53	0.143514	750	-1.767833	-177.529153		
54	0.135841	750	-1.706021	-179.235173		
55	0.12842	750	-1.628858	-180.864032		
56	0.121247	750	-1.605257	-182.469288		
57	0.11432	750	-1.524649	-183.993938		
58	0.107637	750	-1.494843	-185.48878		
59	0.101193	750	-1.435856	-186.924636		
60	0.094986	750	-1.389342	-188.313978		
61	0.089014	750	-1.349463	-189.663441		
62	0.083273	750	-1.290156	-190.953597		
63	0.07776	750	-1.255638	-192.209234		
64	0.072472	750	-1.206504	-193.415739		
65	0.067406	750	-1.160401	-194.576139		
66	0.062558	750	-1.107009	-195.683148		
67	0.057926	750	-1.077116	-196.760264		
68	0.053506	750	-1.030767	-197.791032		
69	0.049295	750	-0.979583	-198.770615		
70	0.045289	750	-0.932948	-199.703563		
71	0.041485	750	-0.88588	-200.589444		
72	0.03788	750	-0.866411	-201.455855		
73	0.034469	750	-0.801032	-202.256887		
74	0.03125	750	-0.775397	-203.032284		
75	0.028218	750	-0.737828	-203.770112		
76	0.02537	750	-0.688208	-204.45832		
77	0.022702	750	-0.645224	-205.103544		
78	0.020209	750	-0.597654	-205.701198		
79	0.017889	750	-0.587818	-206.289016		
80	0.015736	750	-0.538324	-206.827341		
81	0.013746	750	-0.512776	-207.340116		
82	0.011916	750	-0.479489	-207.819605		
83	0.01024	750	-0.43462	-208.254225		
84	0.008714	750	-0.418449	-208.672674		
85	0.007334	750	-0.35629	-209.028964		
86	0.006093	750	-0.326285	-209.355249		
87	0.004988	750	-0.306954	-209.662203		
88	0.004013	750	-0.268347	-209.930551		
89	0.003162	750	-0.250076	-210.180626		
90	0.00243	750	-0.213496	-210.394122		
91	0.00181	750	-0.190006	-210.584128		
92	0.001296	750	-0.159111	-210.743239		
93	0.000882	750	-0.132909	-210.876148		
94	0.000559	750	-0.094783	-210.970931		
95	0.00032	750	-0.071873	-211.042803		
96	0.000156	750	-0.048228	-211.091032		
97	0.000057	750	-0.02867	-211.119702		
98	0.00001	750	-0.01371	-211.133413		
99	0	750	-0.003157	-211.13657		
Log marginal likelihood:	-211.13657					
0	0.975187	750	-4.922813	-4.922813		
1	0.950747	750	-4.840272	-9.763085		
2	0.926679	750	-4.782523	-14.545608		
3	0.90298	750	-4.699265	-19.244873		
4	0.879648	750	-4.631091	-23.875964		
5	0.856682	750	-4.630561	-28.506525		
6	0.834079	750	-4.493389	-32.999914		
7	0.811838	750	-4.427846	-37.42776		
8	0.789957	750	-4.33774	-41.7655		
9	0.768433	750	-4.277251	-46.042751		
10	0.747266	750	-4.199743	-50.242493		
11	0.726452	750	-4.117622	-54.360115		
12	0.705989	750	-4.062269	-58.422384		
13	0.685877	750	-4.014284	-62.436668		
14	0.666112	750	-3.962706	-66.399375		
15	0.646693	750	-3.892615	-70.29199		
16	0.627618	750	-3.784521	-74.076511		
17	0.608884	750	-3.746786	-77.823297		
18	0.59049	750	-3.692018	-81.515315		
19	0.572433	750	-3.64595	-85.161265		
20	0.554712	750	-3.606132	-88.767397		
21	0.537324	750	-3.566334	-92.333732		
22	0.520268	750	-3.431178	-95.76491		
23	0.50354	750	-3.368937	-99.133847		
24	0.487139	750	-3.294547	-102.428393		
25	0.471063	750	-3.246004	-105.674397		
26	0.45531	750	-3.191985	-108.866382		
27	0.439877	750	-3.153629	-112.020012		
28	0.424762	750	-3.167375	-115.187386		
29	0.409963	750	-3.089898	-118.277284		
30	0.395478	750	-3.100223	-121.377507		
31	0.381305	750	-2.925675	-124.303182		
32	0.36744	750	-2.842596	-127.145778		
33	0.353883	750	-2.837299	-129.983077		
34	0.34063	750	-2.860027	-132.843105		
35	0.32768	750	-2.641394	-135.484498		
36	0.31503	750	-2.594579	-138.079078		
37	0.302677	750	-2.629804	-140.708881		
38	0.290619	750	-2.573436	-143.282317		
39	0.278855	750	-2.408881	-145.691199		
40	0.267381	750	-2.407873	-148.099072		
41	0.256195	750	-2.403709	-150.502781		
42	0.245294	750	-2.360143	-152.862923		
43	0.234677	750	-2.263384	-155.126307		
44	0.22434	750	-2.227419	-157.353726		
45	0.214281	750	-2.164943	-159.51867		
46	0.204498	750	-2.097948	-161.616618		
47	0.194988	750	-2.040729	-163.657347		
48	0.185749	750	-1.993159	-165.650506		
49	0.176777	750	-1.893347	-167.543853		
50	0.16807	750	-1.898592	-169.442446		
51	0.159626	750	-1.854096	-171.296542		
52	0.151441	750	-1.793965	-173.090506		
53	0.143514	750	-1.704614	-174.795121		
54	0.135841	750	-1.675118	-176.470239		
55	0.12842	750	-1.62606	-178.096299		
56	0.121247	750	-1.57221	-179.668508		
57	0.11432	750	-1.524656	-181.193164		
58	0.107637	750	-1.490111	-182.683275		
59	0.101193	750	-1.432883	-184.116158		
60	0.094986	750	-1.384561	-185.500719		
61	0.089014	750	-1.333122	-186.833841		
62	0.083273	750	-1.278225	-188.112066		
63	0.07776	750	-1.232287	-189.344354		
64	0.072472	750	-1.190171	-190.534524		
65	0.067406	750	-1.133208	-191.667732		
66	0.062558	750	-1.098309	-192.766041		
67	0.057926	750	-1.064268	-193.830308		
68	0.053506	750	-1.020602	-194.85091		
69	0.049295	750	-0.959571	-195.810481		
70	0.045289	750	-0.933449	-196.74393		
71	0.041485	750	-0.882637	-197.626566		
72	0.03788	750	-0.823604	-198.450171		
73	0.034469	750	-0.801714	-199.251885		
74	0.03125	750	-0.763054	-200.014938		
75	0.028218	750	-0.720085	-200.735024		
76	0.02537	750	-0.678864	-201.413888		
77	0.022702	750	-0.63633	-202.050218		
78	0.020209	750	-0.60567	-202.655887		
79	0.017889	750	-0.578894	-203.234781		
80	0.015736	750	-0.527091	-203.761872		
81	0.013746	750	-0.511187	-204.27306		
82	0.011916	750	-0.453798	-204.726857		
83	0.01024	750	-0.430415	-205.157272		
84	0.008714	750	-0.415461	-205.572733		
85	0.007334	750	-0.36759	-205.940323		
86	0.006093	750	-0.351584	-206.291907		
87	0.004988	750	-0.302598	-206.594505		
88	0.004013	750	-0.268568	-206.863074		
89	0.003162	750	-0.233941	-207.097015		
90	0.00243	750	-0.202917	-207.299932		
91	0.00181	750	-0.192226	-207.492158		
92	0.001296	750	-0.161685	-207.653843		
93	0.000882	750	-0.116366	-207.770209		
94	0.000559	750	-0.087849	-207.858058		
95	0.00032	750	-0.072726	-207.930784		
96	0.000156	750	-0.050182	-207.980966		
97	0.000057	750	-0.030638	-208.011604		
98	0.00001	750	-0.014154	-208.025758		
99	0	750	-0.002739	-208.028497		
Log marginal likelihood:	-208.028497					
0	0.975187	750	-4.728066	-4.728066		
1	0.950747	750	-4.654227	-9.382293		
2	0.926679	750	-4.588052	-13.970345		
3	0.90298	750	-4.529072	-18.499417		
4	0.879648	750	-4.430428	-22.929845		
5	0.856682	750	-4.381565	-27.31141		
6	0.834079	750	-4.314501	-31.625911		
7	0.811838	750	-4.231399	-35.85731		
8	0.789957	750	-4.166124	-40.023434		
9	0.768433	750	-4.107804	-44.131237		
10	0.747266	750	-4.0548	-48.186037		
11	0.726452	750	-3.986163	-52.1722		
12	0.705989	750	-3.900991	-56.073191		
13	0.685877	750	-3.860201	-59.933392		
14	0.666112	750	-3.773506	-63.706898		
15	0.646693	750	-3.717386	-67.424284		
16	0.627618	750	-3.650485	-71.074769		
17	0.608884	750	-3.585682	-74.660451		
18	0.59049	750	-3.526355	-78.186805		
19	0.572433	750	-3.47757	-81.664375		
20	0.554712	750	-3.409893	-85.074268		
21	0.537324	750	-3.427371	-88.501639		
22	0.520268	750	-3.300041	-91.801681		
23	0.50354	750	-3.223906	-95.025586		
24	0.487139	750	-3.164312	-98.189898		
25	0.471063	750	-3.106018	-101.295916		
26	0.45531	750	-3.054777	-104.350693		
27	0.439877	750	-2.990946	-107.341639		
28	0.424762	750	-3.003354	-110.344994		
29	0.409963	750	-3.014316	-113.35931		
30	0.395478	750	-3.096798	-116.456108		
31	0.381305	750	-2.846815	-119.302923		
32	0.36744	750	-2.807644	-122.110567		
33	0.353883	750	-2.714857	-124.825424		
34	0.34063	750	-2.758293	-127.583717		
35	0.32768	750	-2.80708	-130.390797		
36	0.31503	750	-2.541017	-132.931814		
37	0.302677	750	-2.52196	-135.453774		
38	0.290619	750	-2.495156	-137.94893		
39	0.278855	750	-2.421306	-140.370237		
40	0.267381	750	-2.366697	-142.736934		
41	0.256195	750	-2.331622	-145.068555		
42	0.245294	750	-2.223433	-147.291988		
43	0.234677	750	-2.305383	-149.597371		
44	0.22434	750	-2.17599	-151.773361		
45	0.214281	750	-2.107446	-153.880807		
46	0.204498	750	-2.097338	-155.978145		
47	0.194988	750	-2.046027	-158.024172		
48	0.185749	750	-1.97804	-160.002212		
49	0.176777	750	-1.959334	-161.961546		
50	0.16807	750	-1.88188	-163.843426		
51	0.159626	750	-1.872449	-165.715876		
52	0.151441	750	-1.819441	-167.535317		
53	0.143514	750	-1.708521	-169.243838		
54	0.135841	750	-1.65859	-170.902427		
55	0.12842	750	-1.655596	-172.558024		
56	0.121247	750	-1.627687	-174.185711		
57	0.11432	750	-1.54407	-175.72978		
58	0.107637	750	-1.492424	-177.222204		
59	0.101193	750	-1.43029	-178.652494		
60	0.094986	750	-1.375253	-180.027747		
61	0.089014	750	-1.350941	-181.378688		
62	0.083273	750	-1.299399	-182.678087		
63	0.07776	750	-1.263596	-183.941683		
64	0.072472	750	-1.176379	-185.118062		
65	0.067406	750	-1.162705	-186.280767		
66	0.062558	750	-1.103787	-187.384554		
67	0.057926	750	-1.05746	-188.442014		
68	0.053506	750	-1.026059	-189.468073		
69	0.049295	750	-0.968312	-190.436385		
70	0.045289	750	-0.936138	-191.372524		
71	0.041485	750	-0.904808	-192.277332		
72	0.03788	750	-0.851401	-193.128733		
73	0.034469	750	-0.806078	-193.934811		
74	0.03125	750	-0.765615	-194.700426		
75	0.028218	750	-0.729817	-195.430242		
76	0.02537	750	-0.702691	-196.132934		
77	0.022702	750	-0.643641	-196.776574		
78	0.020209	750	-0.616834	-197.393409		
79	0.017889	750	-0.595407	-197.988816		
80	0.015736	750	-0.53082	-198.519636		
81	0.013746	750	-0.513217	-199.032853		
82	0.011916	750	-0.464071	-199.496924		
83	0.01024	750	-0.44306	-199.939985		
84	0.008714	750	-0.406218	-200.346202		
85	0.007334	750	-0.368604	-200.714807		
86	0.006093	750	-0.330501	-201.045307		
87	0.004988	750	-0.342887	-201.388194		
88	0.004013	750	-0.268833	-201.657028		
89	0.003162	750	-0.234257	-201.891285		
90	0.00243	750	-0.202302	-202.093587		
91	0.00181	750	-0.177321	-202.270908		
92	0.001296	750	-0.155849	-202.426756		
93	0.000882	750	-0.120609	-202.547366		
94	0.000559	750	-0.092471	-202.639837		
95	0.00032	750	-0.068455	-202.708292		
96	0.000156	750	-0.048019	-202.756312		
97	0.000057	750	-0.028641	-202.784953		
98	0.00001	750	-0.012381	-202.797334		
99	0	750	-0.00321	-202.800544		
Log marginal likelihood:	-202.800544					
0	0.975187	750	-4.932337	-4.932337		
1	0.950747	750	-4.869722	-9.802059		
2	0.926679	750	-4.82461	-14.626669		
3	0.90298	750	-4.716057	-19.342726		
4	0.879648	750	-4.694834	-24.03756		
5	0.856682	750	-4.581993	-28.619553		
6	0.834079	750	-4.578096	-33.197649		
7	0.811838	750	-4.427392	-37.625041		
8	0.789957	750	-4.39587	-42.02091		
9	0.768433	750	-4.384843	-46.405754		
10	0.747266	750	-4.229735	-50.635488		
11	0.726452	750	-4.175475	-54.810963		
12	0.705989	750	-4.13813	-58.949093		
13	0.685877	750	-4.081052	-63.030145		
14	0.666112	750	-3.966673	-66.996818		
15	0.646693	750	-3.907178	-70.903996		
16	0.627618	750	-3.900034	-74.804031		
17	0.608884	750	-3.798106	-78.602137		
18	0.59049	750	-3.755067	-82.357203		
19	0.572433	750	-3.708605	-86.065809		
20	0.554712	750	-3.652169	-89.717977		
21	0.537324	750	-3.556429	-93.274406		
22	0.520268	750	-3.467404	-96.741809		
23	0.50354	750	-3.371489	-100.113298		
24	0.487139	750	-3.34742	-103.460718		
25	0.471063	750	-3.286751	-106.747469		
26	0.45531	750	-3.220534	-109.968003		
27	0.439877	750	-3.174102	-113.142105		
28	0.424762	750	-3.076403	-116.218508		
29	0.409963	750	-3.07247	-119.290978		
30	0.395478	750	-3.021112	-122.312091		
31	0.381305	750	-2.9661	-125.27819		
32	0.36744	750	-2.980917	-128.259107		
33	0.353883	750	-2.901617	-131.160724		
34	0.34063	750	-2.786426	-133.94715		
35	0.32768	750	-2.766448	-136.713598		
36	0.31503	750	-2.744327	-139.457925		
37	0.302677	750	-2.549907	-142.007831		
38	0.290619	750	-2.593207	-144.601038		
39	0.278855	750	-2.520719	-147.121757		
40	0.267381	750	-2.482752	-149.604509		
41	0.256195	750	-2.40949	-152.013999		
42	0.245294	750	-2.315488	-154.329487		
43	0.234677	750	-2.27417	-156.603657		
44	0.22434	750	-2.231585	-158.835242		
45	0.214281	750	-2.202783	-161.038025		
46	0.204498	750	-2.158078	-163.196104		
47	0.194988	750	-2.067484	-165.263588		
48	0.185749	750	-2.034018	-167.297605		
49	0.176777	750	-1.948567	-169.246172		
50	0.16807	750	-1.907869	-171.154041		
51	0.159626	750	-1.864702	-173.018744		
52	0.151441	750	-1.827821	-174.846565		
53	0.143514	750	-1.761712	-176.608277		
54	0.135841	750	-1.703156	-178.311433		
55	0.12842	750	-1.636571	-179.948003		
56	0.121247	750	-1.579205	-181.527208		
57	0.11432	750	-1.553503	-183.080711		
58	0.107637	750	-1.486242	-184.566954		
59	0.101193	750	-1.443582	-186.010536		
60	0.094986	750	-1.374044	-187.38458		
61	0.089014	750	-1.356758	-188.741338		
62	0.083273	750	-1.291004	-190.032342		
63	0.07776	750	-1.258755	-191.291097		
64	0.072472	750	-1.199636	-192.490733		
65	0.067406	750	-1.176506	-193.667239		
66	0.062558	750	-1.103305	-194.770545		
67	0.057926	750	-1.069742	-195.840286		
68	0.053506	750	-1.021384	-196.86167		
69	0.049295	750	-0.988258	-197.849929		
70	0.045289	750	-0.933423	-198.783352		
71	0.041485	750	-0.884527	-199.667878		
72	0.03788	750	-0.859837	-200.527715		
73	0.034469	750	-0.819076	-201.346791		
74	0.03125	750	-0.771446	-202.118237		
75	0.028218	750	-0.733804	-202.85204		
76	0.02537	750	-0.695308	-203.547348		
77	0.022702	750	-0.663983	-204.211331		
78	0.020209	750	-0.630002	-204.841333		
79	0.017889	750	-0.590599	-205.431932		
80	0.015736	750	-0.555401	-205.987333		
81	0.013746	750	-0.507159	-206.494491		
82	0.011916	750	-0.486181	-206.980672		
83	0.01024	750	-0.434787	-207.415459		
84	0.008714	750	-0.405102	-207.820561		
85	0.007334	750	-0.368458	-208.189019		
86	0.006093	750	-0.340795	-208.529814		
87	0.004988	750	-0.299249	-208.829063		
88	0.004013	750	-0.28963	-209.118693		
89	0.003162	750	-0.234575	-209.353268		
90	0.00243	750	-0.206284	-209.559552		
91	0.00181	750	-0.177854	-209.737406		
92	0.001296	750	-0.138994	-209.8764		
93	0.000882	750	-0.134476	-210.010876		
94	0.000559	750	-0.09999	-210.110865		
95	0.00032	750	-0.078625	-210.18949		
96	0.000156	750	-0.054248	-210.243738		
97	0.000057	750	-0.029549	-210.273287		
98	0.00001	750	-0.013218	-210.286504		
99	0	750	-0.003017	-210.289521		
Log marginal likelihood:	-210.289521					
0	0.975187	750	-4.916362	-4.916362		
1	0.950747	750	-4.899485	-9.815848		
2	0.926679	750	-4.788602	-14.60445		
3	0.90298	750	-4.732681	-19.337131		
4	0.879648	750	-4.653536	-23.990667		
5	0.856682	750	-4.583993	-28.57466		
6	0.834079	750	-4.503049	-33.07771		
7	0.811838	750	-4.442254	-37.519963		
8	0.789957	750	-4.399589	-41.919552		
9	0.768433	750	-4.29178	-46.211332		
10	0.747266	750	-4.231837	-50.443169		
11	0.726452	750	-4.159667	-54.602836		
12	0.705989	750	-4.099442	-58.702277		
13	0.685877	750	-4.038284	-62.740561		
14	0.666112	750	-3.963034	-66.703595		
15	0.646693	750	-3.901954	-70.605549		
16	0.627618	750	-3.814757	-74.420306		
17	0.608884	750	-3.743117	-78.163422		
18	0.59049	750	-3.6997	-81.863123		
19	0.572433	750	-3.599985	-85.463108		
20	0.554712	750	-3.548818	-89.011925		
21	0.537324	750	-3.505557	-92.517482		
22	0.520268	750	-3.413973	-95.931455		
23	0.50354	750	-3.379235	-99.31069		
24	0.487139	750	-3.295338	-102.606028		
25	0.471063	750	-3.257085	-105.863112		
26	0.45531	750	-3.168537	-109.031649		
27	0.439877	750	-3.125674	-112.157323		
28	0.424762	750	-3.060585	-115.217908		
29	0.409963	750	-2.998113	-118.216022		
30	0.395478	750	-2.946458	-121.16248		
31	0.381305	750	-2.883055	-124.045535		
32	0.36744	750	-2.811819	-126.857354		
33	0.353883	750	-2.758686	-129.616039		
34	0.34063	750	-2.683382	-132.299421		
35	0.32768	750	-2.720908	-135.020329		
36	0.31503	750	-2.695251	-137.715581		
37	0.302677	750	-2.568799	-140.284379		
38	0.290619	750	-2.588203	-142.872582		
39	0.278855	750	-2.456565	-145.329148		
40	0.267381	750	-2.357947	-147.687095		
41	0.256195	750	-2.34083	-150.027925		
42	0.245294	750	-2.333515	-152.36144		
43	0.234677	750	-2.204108	-154.565548		
44	0.22434	750	-2.165085	-156.730633		
45	0.214281	750	-2.069878	-158.800511		
46	0.204498	750	-2.125797	-160.926307		
47	0.194988	750	-2.009307	-162.935614		
48	0.185749	750	-2.001358	-164.936972		
49	0.176777	750	-2.02408	-166.961052		
50	0.16807	750	-1.933205	-168.894258		
51	0.159626	750	-1.875737	-170.769994		
52	0.151441	750	-1.748695	-172.518689		
53	0.143514	750	-1.708646	-174.227334		
54	0.135841	750	-1.658015	-175.88535		
55	0.12842	750	-1.665033	-177.550383		
56	0.121247	750	-1.552098	-179.102481		
57	0.11432	750	-1.50709	-180.609571		
58	0.107637	750	-1.518481	-182.128052		
59	0.101193	750	-1.424478	-183.55253		
60	0.094986	750	-1.419061	-184.97159		
61	0.089014	750	-1.362733	-186.334323		
62	0.083273	750	-1.317221	-187.651544		
63	0.07776	750	-1.275751	-188.927295		
64	0.072472	750	-1.225304	-190.152599		
65	0.067406	750	-1.164491	-191.31709		
66	0.062558	750	-1.091298	-192.408388		
67	0.057926	750	-1.092275	-193.500663		
68	0.053506	750	-1.023255	-194.523919		
69	0.049295	750	-0.97969	-195.503609		
70	0.045289	750	-0.950128	-196.453737		
71	0.041485	750	-0.902859	-197.356596		
72	0.03788	750	-0.868244	-198.22484		
73	0.034469	750	-0.829861	-199.054701		
74	0.03125	750	-0.790217	-199.844918		
75	0.028218	750	-0.737886	-200.582804		
76	0.02537	750	-0.68774	-201.270545		
77	0.022702	750	-0.649974	-201.920519		
78	0.020209	750	-0.634554	-202.555073		
79	0.017889	750	-0.578251	-203.133324		
80	0.015736	750	-0.543664	-203.676988		
81	0.013746	750	-0.505662	-204.18265		
82	0.011916	750	-0.464014	-204.646664		
83	0.01024	750	-0.454627	-205.10129		
84	0.008714	750	-0.410182	-205.511472		
85	0.007334	750	-0.373854	-205.885326		
86	0.006093	750	-0.351672	-206.236998		
87	0.004988	750	-0.301149	-206.538147		
88	0.004013	750	-0.283158	-206.821304		
89	0.003162	750	-0.25342	-207.074725		
90	0.00243	750	-0.207588	-207.282313		
91	0.00181	750	-0.166056	-207.448369		
92	0.001296	750	-0.161082	-207.609451		
93	0.000882	750	-0.124976	-207.734427		
94	0.000559	750	-0.098529	-207.832956		
95	0.00032	750	-0.072833	-207.905789		
96	0.000156	750	-0.051862	-207.957651		
97	0.000057	750	-0.030597	-207.988248		
98	0.00001	750	-0.0135	-208.001748		
99	0	750	-0.003054	-208.004802		
Log marginal likelihood:	-208.004802					
0	0.975187	750	-4.590228	-4.590228		
1	0.950747	750	-4.520652	-9.11088		
2	0.926679	750	-4.447125	-13.558005		
3	0.90298	750	-4.39621	-17.954216		
4	0.879648	750	-4.33488	-22.289096		
5	0.856682	750	-4.266285	-26.555381		
6	0.834079	750	-4.183404	-30.738785		
7	0.811838	750	-4.139484	-34.87827		
8	0.789957	750	-4.063077	-38.941346		
9	0.768433	750	-3.995904	-42.937251		
10	0.747266	750	-3.928152	-46.865402		
11	0.726452	750	-3.884061	-50.749464		
12	0.705989	750	-3.826722	-54.576185		
13	0.685877	750	-3.740146	-58.316331		
14	0.666112	750	-3.680132	-61.996463		
15	0.646693	750	-3.620269	-65.616732		
16	0.627618	750	-3.566497	-69.18323		
17	0.608884	750	-3.496198	-72.679428		
18	0.59049	750	-3.422884	-76.102312		
19	0.572433	750	-3.37534	-79.477651		
20	0.554712	750	-3.32874	-82.806392		
21	0.537324	750	-3.268996	-86.075388		
22	0.520268	750	-3.191572	-89.26696		
23	0.50354	750	-3.138199	-92.405159		
24	0.487139	750	-3.074587	-95.479746		
25	0.471063	750	-3.031202	-98.510948		
26	0.45531	750	-2.970133	-101.48108		
27	0.439877	750	-2.928036	-104.409116		
28	0.424762	750	-2.900387	-107.309503		
29	0.409963	750	-2.782363	-110.091866		
30	0.395478	750	-2.789591	-112.881458		
31	0.381305	750	-2.692152	-115.57361		
32	0.36744	750	-2.635956	-118.209566		
33	0.353883	750	-2.630131	-120.839697		
34	0.34063	750	-2.562275	-123.401972		
35	0.32768	750	-2.474026	-125.875997		
36	0.31503	750	-2.454272	-128.330269		
37	0.302677	750	-2.407998	-130.738267		
38	0.290619	750	-2.423069	-133.161336		
39	0.278855	750	-2.516843	-135.67818		
40	0.267381	750	-2.211642	-137.889822		
41	0.256195	750	-2.254871	-140.144693		
42	0.245294	750	-2.173296	-142.317988		
43	0.234677	750	-2.205526	-144.523515		
44	0.22434	750	-2.02536	-146.548874		
45	0.214281	750	-2.062504	-148.611378		
46	0.204498	750	-2.050075	-150.661453		
47	0.194988	750	-2.109525	-152.770978		
48	0.185749	750	-1.932564	-154.703542		
49	0.176777	750	-1.940404	-156.643946		
50	0.16807	750	-1.827931	-158.471877		
51	0.159626	750	-1.87658	-160.348457		
52	0.151441	750	-1.758905	-162.107363		
53	0.143514	750	-1.724155	-163.831518		
54	0.135841	750	-1.682824	-165.514342		
55	0.12842	750	-1.630515	-167.144856		
56	0.121247	750	-1.549848	-168.694704		
57	0.11432	750	-1.543189	-170.237893		
58	0.107637	750	-1.481067	-171.718959		
59	0.101193	750	-1.377379	-173.096339		
60	0.094986	750	-1.404083	-174.500422		
61	0.089014	750	-1.354866	-175.855288		
62	0.083273	750	-1.295483	-177.15077		
63	0.07776	750	-1.252793	-178.403563		
64	0.072472	750	-1.221153	-179.624716		
65	0.067406	750	-1.131971	-180.756687		
66	0.062558	750	-1.105806	-181.862493		
67	0.057926	750	-1.067178	-182.929671		
68	0.053506	750	-1.029882	-183.959553		
69	0.049295	750	-0.983736	-184.943289		
70	0.045289	750	-0.948724	-185.892013		
71	0.041485	750	-0.906692	-186.798705		
72	0.03788	750	-0.853112	-187.651817		
73	0.034469	750	-0.810978	-188.462795		
74	0.03125	750	-0.771619	-189.234414		
75	0.028218	750	-0.728458	-189.962872		
76	0.02537	750	-0.705407	-190.668279		
77	0.022702	750	-0.641135	-191.309414		
78	0.020209	750	-0.619775	-191.929189		
79	0.017889	750	-0.566442	-192.495631		
80	0.015736	750	-0.55127	-193.046901		
81	0.013746	750	-0.497671	-193.544572		
82	0.011916	750	-0.47366	-194.018232		
83	0.01024	750	-0.439477	-194.457709		
84	0.008714	750	-0.404526	-194.862236		
85	0.007334	750	-0.364745	-195.226981		
86	0.006093	750	-0.339305	-195.566285		
87	0.004988	750	-0.307478	-195.873763		
88	0.004013	750	-0.276097	-196.14986		
89	0.003162	750	-0.232778	-196.382639		
90	0.00243	750	-0.217712	-196.600351		
91	0.00181	750	-0.188502	-196.788853		
92	0.001296	750	-0.155701	-196.944554		
93	0.000882	750	-0.12648	-197.071035		
94	0.000559	750	-0.104178	-197.175212		
95	0.00032	750	-0.069285	-197.244497		
96	0.000156	750	-0.04909	-197.293586		
97	0.000057	750	-0.027769	-197.321355		
98	0.00001	750	-0.015021	-197.336376		
99	0	750	-0.003114	-197.33949		
Log marginal likelihood:	-197.33949					
0	0.975187	750	-4.630201	-4.630201		
1	0.950747	750	-4.574463	-9.204664		
2	0.926679	750	-4.498979	-13.703644		
3	0.90298	750	-4.447603	-18.151247		
4	0.879648	750	-4.379782	-22.531029		
5	0.856682	750	-4.301227	-26.832256		
6	0.834079	750	-4.24062	-31.072876		
7	0.811838	750	-4.179954	-35.25283		
8	0.789957	750	-4.110781	-39.363611		
9	0.768433	750	-4.035735	-43.399346		
10	0.747266	750	-4.035056	-47.434402		
11	0.726452	750	-3.897573	-51.331975		
12	0.705989	750	-3.847693	-55.179668		
13	0.685877	750	-3.770838	-58.950506		
14	0.666112	750	-3.708143	-62.658648		
15	0.646693	750	-3.653595	-66.312243		
16	0.627618	750	-3.586062	-69.898305		
17	0.608884	750	-3.528697	-73.427001		
18	0.59049	750	-3.493612	-76.920614		
19	0.572433	750	-3.41616	-80.336774		
20	0.554712	750	-3.370981	-83.707755		
21	0.537324	750	-3.356081	-87.063835		
22	0.520268	750	-3.252774	-90.31661		
23	0.50354	750	-3.273767	-93.590377		
24	0.487139	750	-3.109922	-96.700299		
25	0.471063	750	-3.066496	-99.766794		
26	0.45531	750	-3.041814	-102.808608		
27	0.439877	750	-2.955099	-105.763707		
28	0.424762	750	-2.884542	-108.64825		
29	0.409963	750	-2.835285	-111.483534		
30	0.395478	750	-2.832169	-114.315703		
31	0.381305	750	-2.767046	-117.082749		
32	0.36744	750	-2.711753	-119.794501		
33	0.353883	750	-2.62066	-122.415162		
34	0.34063	750	-2.592146	-125.007308		
35	0.32768	750	-2.5017	-127.509007		
36	0.31503	750	-2.446371	-129.955379		
37	0.302677	750	-2.394523	-132.349902		
38	0.290619	750	-2.390929	-134.740831		
39	0.278855	750	-2.330111	-137.070942		
40	0.267381	750	-2.257326	-139.328268		
41	0.256195	750	-2.238737	-141.567005		
42	0.245294	750	-2.274606	-143.841611		
43	0.234677	750	-2.099654	-145.941265		
44	0.22434	750	-2.12065	-148.061915		
45	0.214281	750	-2.176311	-150.238226		
46	0.204498	750	-1.994294	-152.23252		
47	0.194988	750	-1.915535	-154.148055		
48	0.185749	750	-1.971842	-156.119897		
49	0.176777	750	-1.844468	-157.964365		
50	0.16807	750	-1.813234	-159.777599		
51	0.159626	750	-1.799915	-161.577514		
52	0.151441	750	-1.800731	-163.378245		
53	0.143514	750	-1.712858	-165.091103		
54	0.135841	750	-1.660661	-166.751764		
55	0.12842	750	-1.589515	-168.341279		
56	0.121247	750	-1.600782	-169.942061		
57	0.11432	750	-1.502781	-171.444842		
58	0.107637	750	-1.503544	-172.948386		
59	0.101193	750	-1.437621	-174.386007		
60	0.094986	750	-1.360579	-175.746586		
61	0.089014	750	-1.34187	-177.088456		
62	0.083273	750	-1.266762	-178.355217		
63	0.07776	750	-1.24914	-179.604357		
64	0.072472	750	-1.186738	-180.791095		
65	0.067406	750	-1.145306	-181.936401		
66	0.062558	750	-1.101648	-183.038049		
67	0.057926	750	-1.053704	-184.091753		
68	0.053506	750	-1.010758	-185.102512		
69	0.049295	750	-0.980729	-186.083241		
70	0.045289	750	-0.920179	-187.00342		
71	0.041485	750	-0.891504	-187.894924		
72	0.03788	750	-0.855988	-188.750912		
73	0.034469	750	-0.808979	-189.559892		
74	0.03125	750	-0.77325	-190.333141		
75	0.028218	750	-0.72146	-191.054601		
76	0.02537	750	-0.6846	-191.739202		
77	0.022702	750	-0.641974	-192.381176		
78	0.020209	750	-0.613331	-192.994507		
79	0.017889	750	-0.587475	-193.581981		
80	0.015736	750	-0.533906	-194.115887		
81	0.013746	750	-0.491956	-194.607843		
82	0.011916	750	-0.480881	-195.088724		
83	0.01024	750	-0.426163	-195.514887		
84	0.008714	750	-0.388077	-195.902964		
85	0.007334	750	-0.376715	-196.279679		
86	0.006093	750	-0.340325	-196.620004		
87	0.004988	750	-0.304545	-196.924549		
88	0.004013	750	-0.269471	-197.19402		
89	0.003162	750	-0.230551	-197.424571		
90	0.00243	750	-0.223125	-197.647696		
91	0.00181	750	-0.178216	-197.825912		
92	0.001296	750	-0.150764	-197.976676		
93	0.000882	750	-0.122777	-198.099452		
94	0.000559	750	-0.101697	-198.20115		
95	0.00032	750	-0.069653	-198.270802		
96	0.000156	750	-0.049416	-198.320218		
97	0.000057	750	-0.029995	-198.350213		
98	0.00001	750	-0.01437	-198.364583		
99	0	750	-0.003315	-198.367898		
Log marginal likelihood:	-198.367898					
0	0.975187	750	-4.738249	-4.738249		
1	0.950747	750	-4.658506	-9.396755		
2	0.926679	750	-4.607987	-14.004743		
3	0.90298	750	-4.531068	-18.53581		
4	0.879648	750	-4.455299	-22.991109		
5	0.856682	750	-4.415565	-27.406674		
6	0.834079	750	-4.326099	-31.732773		
7	0.811838	750	-4.265923	-35.998695		
8	0.789957	750	-4.208247	-40.206942		
9	0.768433	750	-4.146796	-44.353738		
10	0.747266	750	-4.065665	-48.419403		
11	0.726452	750	-3.999234	-52.418637		
12	0.705989	750	-3.940402	-56.35904		
13	0.685877	750	-3.928492	-60.287532		
14	0.666112	750	-3.788489	-64.076021		
15	0.646693	750	-3.734717	-67.810738		
16	0.627618	750	-3.690515	-71.501253		
17	0.608884	750	-3.612017	-75.11327		
18	0.59049	750	-3.561432	-78.674702		
19	0.572433	750	-3.476538	-82.15124		
20	0.554712	750	-3.432507	-85.583747		
21	0.537324	750	-3.36807	-88.951817		
22	0.520268	750	-3.372947	-92.324764		
23	0.50354	750	-3.286825	-95.611588		
24	0.487139	750	-3.182908	-98.794497		
25	0.471063	750	-3.16326	-101.957757		
26	0.45531	750	-3.134816	-105.092573		
27	0.439877	750	-3.111349	-108.203922		
28	0.424762	750	-2.939889	-111.14381		
29	0.409963	750	-2.929848	-114.073658		
30	0.395478	750	-2.894828	-116.968486		
31	0.381305	750	-2.842926	-119.811412		
32	0.36744	750	-2.789194	-122.600606		
33	0.353883	750	-2.697647	-125.298253		
34	0.34063	750	-2.755931	-128.054184		
35	0.32768	750	-2.564282	-130.618466		
36	0.31503	750	-2.593131	-133.211597		
37	0.302677	750	-2.538621	-135.750218		
38	0.290619	750	-2.372926	-138.123145		
39	0.278855	750	-2.345771	-140.468916		
40	0.267381	750	-2.376902	-142.845818		
41	0.256195	750	-2.296957	-145.142775		
42	0.245294	750	-2.276172	-147.418947		
43	0.234677	750	-2.202752	-149.621698		
44	0.22434	750	-2.15335	-151.775048		
45	0.214281	750	-2.132346	-153.907394		
46	0.204498	750	-2.069469	-155.976864		
47	0.194988	750	-1.997686	-157.974549		
48	0.185749	750	-2.031133	-160.005683		
49	0.176777	750	-1.899642	-161.905324		
50	0.16807	750	-1.862592	-163.767916		
51	0.159626	750	-1.860053	-165.627969		
52	0.151441	750	-1.813284	-167.441253		
53	0.143514	750	-1.672598	-169.113851		
54	0.135841	750	-1.644974	-170.758825		
55	0.12842	750	-1.642406	-172.401231		
56	0.121247	750	-1.570115	-173.971347		
57	0.11432	750	-1.471334	-175.442681		
58	0.107637	750	-1.449367	-176.892048		
59	0.101193	750	-1.357421	-178.249469		
60	0.094986	750	-1.376149	-179.625619		
61	0.089014	750	-1.329041	-180.954659		
62	0.083273	750	-1.292579	-182.247238		
63	0.07776	750	-1.228185	-183.475423		
64	0.072472	750	-1.176299	-184.651722		
65	0.067406	750	-1.138315	-185.790037		
66	0.062558	750	-1.090047	-186.880084		
67	0.057926	750	-1.057812	-187.937896		
68	0.053506	750	-0.996221	-188.934118		
69	0.049295	750	-0.9582	-189.892318		
70	0.045289	750	-0.925714	-190.818032		
71	0.041485	750	-0.882664	-191.700696		
72	0.03788	750	-0.839045	-192.539742		
73	0.034469	750	-0.804434	-193.344175		
74	0.03125	750	-0.756771	-194.100946		
75	0.028218	750	-0.722249	-194.823196		
76	0.02537	750	-0.691088	-195.514284		
77	0.022702	750	-0.654519	-196.168803		
78	0.020209	750	-0.623619	-196.792422		
79	0.017889	750	-0.564726	-197.357148		
80	0.015736	750	-0.538322	-197.895469		
81	0.013746	750	-0.503435	-198.398905		
82	0.011916	750	-0.461898	-198.860803		
83	0.01024	750	-0.430122	-199.290925		
84	0.008714	750	-0.399846	-199.690771		
85	0.007334	750	-0.372704	-200.063475		
86	0.006093	750	-0.345102	-200.408577		
87	0.004988	750	-0.293282	-200.70186		
88	0.004013	750	-0.255368	-200.957228		
89	0.003162	750	-0.240727	-201.197955		
90	0.00243	750	-0.205389	-201.403344		
91	0.00181	750	-0.189279	-201.592623		
92	0.001296	750	-0.141473	-201.734096		
93	0.000882	750	-0.108021	-201.842118		
94	0.000559	750	-0.091207	-201.933325		
95	0.00032	750	-0.065878	-201.999203		
96	0.000156	750	-0.046138	-202.045342		
97	0.000057	750	-0.028163	-202.073505		
98	0.00001	750	-0.013167	-202.086672		
99	0	750	-0.003013	-202.089684		
Log marginal likelihood:	-202.089684					
0	0.975187	750	-4.785107	-4.785107		
1	0.950747	750	-4.710403	-9.49551		
2	0.926679	750	-4.636238	-14.131748		
3	0.90298	750	-4.576642	-18.70839		
4	0.879648	750	-4.496261	-23.204651		
5	0.856682	750	-4.458692	-27.663342		
6	0.834079	750	-4.373148	-32.036491		
7	0.811838	750	-4.292769	-36.32926		
8	0.789957	750	-4.253849	-40.583109		
9	0.768433	750	-4.154036	-44.737145		
10	0.747266	750	-4.099139	-48.836284		
11	0.726452	750	-4.042229	-52.878513		
12	0.705989	750	-3.969162	-56.847675		
13	0.685877	750	-3.905021	-60.752696		
14	0.666112	750	-3.866355	-64.619051		
15	0.646693	750	-3.751774	-68.370824		
16	0.627618	750	-3.744752	-72.115577		
17	0.608884	750	-3.631093	-75.74667		
18	0.59049	750	-3.62374	-79.370409		
19	0.572433	750	-3.543868	-82.914277		
20	0.554712	750	-3.459582	-86.373859		
21	0.537324	750	-3.449285	-89.823144		
22	0.520268	750	-3.344155	-93.167299		
23	0.50354	750	-3.29951	-96.466809		
24	0.487139	750	-3.232654	-99.699464		
25	0.471063	750	-3.182495	-102.881959		
26	0.45531	750	-3.084861	-105.96682		
27	0.439877	750	-3.030121	-108.996941		
28	0.424762	750	-3.003074	-112.000015		
29	0.409963	750	-2.961616	-114.961631		
30	0.395478	750	-2.896549	-117.85818		
31	0.381305	750	-2.942038	-120.800218		
32	0.36744	750	-2.894005	-123.694223		
33	0.353883	750	-2.796733	-126.490955		
34	0.34063	750	-2.699157	-129.190112		
35	0.32768	750	-2.761197	-131.951309		
36	0.31503	750	-2.545938	-134.497247		
37	0.302677	750	-2.524899	-137.022145		
38	0.290619	750	-2.512635	-139.534781		
39	0.278855	750	-2.438563	-141.973344		
40	0.267381	750	-2.365393	-144.338737		
41	0.256195	750	-2.32118	-146.659917		
42	0.245294	750	-2.299775	-148.959692		
43	0.234677	750	-2.141765	-151.101457		
44	0.22434	750	-2.134797	-153.236254		
45	0.214281	750	-2.082941	-155.319196		
46	0.204498	750	-2.127307	-157.446503		
47	0.194988	750	-2.07931	-159.525813		
48	0.185749	750	-2.002039	-161.527853		
49	0.176777	750	-1.924342	-163.452195		
50	0.16807	750	-1.883188	-165.335383		
51	0.159626	750	-1.833627	-167.16901		
52	0.151441	750	-1.779008	-168.948017		
53	0.143514	750	-1.715417	-170.663434		
54	0.135841	750	-1.695989	-172.359423		
55	0.12842	750	-1.62222	-173.981643		
56	0.121247	750	-1.602825	-175.584468		
57	0.11432	750	-1.543418	-177.127887		
58	0.107637	750	-1.471097	-178.598984		
59	0.101193	750	-1.398548	-179.997531		
60	0.094986	750	-1.373237	-181.370769		
61	0.089014	750	-1.325933	-182.696702		
62	0.083273	750	-1.309384	-184.006085		
63	0.07776	750	-1.242379	-185.248464		
64	0.072472	750	-1.195515	-186.44398		
65	0.067406	750	-1.15821	-187.60219		
66	0.062558	750	-1.098567	-188.700757		
67	0.057926	750	-1.04349	-189.744247		
68	0.053506	750	-1.007361	-190.751607		
69	0.049295	750	-0.961151	-191.712758		
70	0.045289	750	-0.927184	-192.639942		
71	0.041485	750	-0.897909	-193.537851		
72	0.03788	750	-0.867455	-194.405306		
73	0.034469	750	-0.801786	-195.207092		
74	0.03125	750	-0.762194	-195.969286		
75	0.028218	750	-0.72926	-196.698546		
76	0.02537	750	-0.672068	-197.370614		
77	0.022702	750	-0.645032	-198.015646		
78	0.020209	750	-0.613081	-198.628727		
79	0.017889	750	-0.603517	-199.232244		
80	0.015736	750	-0.545035	-199.777279		
81	0.013746	750	-0.501697	-200.278976		
82	0.011916	750	-0.483378	-200.762354		
83	0.01024	750	-0.448021	-201.210375		
84	0.008714	750	-0.393213	-201.603588		
85	0.007334	750	-0.356688	-201.960277		
86	0.006093	750	-0.337136	-202.297413		
87	0.004988	750	-0.313596	-202.611009		
88	0.004013	750	-0.282405	-202.893414		
89	0.003162	750	-0.279004	-203.172417		
90	0.00243	750	-0.212641	-203.385058		
91	0.00181	750	-0.185464	-203.570522		
92	0.001296	750	-0.155716	-203.726238		
93	0.000882	750	-0.118032	-203.84427		
94	0.000559	750	-0.097085	-203.941355		
95	0.00032	750	-0.069404	-204.010759		
96	0.000156	750	-0.05153	-204.062289		
97	0.000057	750	-0.032685	-204.094974		
98	0.00001	750	-0.014172	-204.109146		
99	0	750	-0.002977	-204.112122		
Log marginal likelihood:	-204.112122					
0	0.975187	750	-4.565463	-4.565463		
1	0.950747	750	-4.510808	-9.076272		
2	0.926679	750	-4.443439	-13.519711		
3	0.90298	750	-4.366088	-17.885799		
4	0.879648	750	-4.299272	-22.185071		
5	0.856682	750	-4.285011	-26.470083		
6	0.834079	750	-4.158956	-30.629039		
7	0.811838	750	-4.107298	-34.736338		
8	0.789957	750	-4.048577	-38.784915		
9	0.768433	750	-3.983099	-42.768014		
10	0.747266	750	-3.920723	-46.688737		
11	0.726452	750	-3.839183	-50.52792		
12	0.705989	750	-3.776536	-54.304456		
13	0.685877	750	-3.754947	-58.059403		
14	0.666112	750	-3.660521	-61.719923		
15	0.646693	750	-3.622915	-65.342838		
16	0.627618	750	-3.579219	-68.922057		
17	0.608884	750	-3.594659	-72.516716		
18	0.59049	750	-3.417662	-75.934379		
19	0.572433	750	-3.363365	-79.297744		
20	0.554712	750	-3.301407	-82.599151		
21	0.537324	750	-3.262921	-85.862073		
22	0.520268	750	-3.192066	-89.054138		
23	0.50354	750	-3.131874	-92.186012		
24	0.487139	750	-3.112918	-95.29893		
25	0.471063	750	-3.040267	-98.339197		
26	0.45531	750	-2.980006	-101.319203		
27	0.439877	750	-2.909016	-104.228219		
28	0.424762	750	-2.879854	-107.108073		
29	0.409963	750	-2.78345	-109.891523		
30	0.395478	750	-2.759278	-112.650802		
31	0.381305	750	-2.756866	-115.407668		
32	0.36744	750	-2.617541	-118.025208		
33	0.353883	750	-2.580368	-120.605576		
34	0.34063	750	-2.513192	-123.118768		
35	0.32768	750	-2.507934	-125.626702		
36	0.31503	750	-2.489434	-128.116136		
37	0.302677	750	-2.352159	-130.468295		
38	0.290619	750	-2.321258	-132.789553		
39	0.278855	750	-2.314752	-135.104305		
40	0.267381	750	-2.284001	-137.388306		
41	0.256195	750	-2.230676	-139.618982		
42	0.245294	750	-2.161669	-141.78065		
43	0.234677	750	-2.125381	-143.906031		
44	0.22434	750	-2.060614	-145.966645		
45	0.214281	750	-2.047165	-148.01381		
46	0.204498	750	-2.073908	-150.087718		
47	0.194988	750	-1.996386	-152.084104		
48	0.185749	750	-1.84209	-153.926194		
49	0.176777	750	-1.889375	-155.815568		
50	0.16807	750	-1.802353	-157.617922		
51	0.159626	750	-1.755312	-159.373234		
52	0.151441	750	-1.720394	-161.093628		
53	0.143514	750	-1.695212	-162.78884		
54	0.135841	750	-1.6407	-164.42954		
55	0.12842	750	-1.561801	-165.991341		
56	0.121247	750	-1.531722	-167.523063		
57	0.11432	750	-1.499815	-169.022877		
58	0.107637	750	-1.444033	-170.46691		
59	0.101193	750	-1.336206	-171.803116		
60	0.094986	750	-1.362793	-173.165908		
61	0.089014	750	-1.30551	-174.471419		
62	0.083273	750	-1.24829	-175.719708		
63	0.07776	750	-1.22936	-176.949068		
64	0.072472	750	-1.137199	-178.086266		
65	0.067406	750	-1.13221	-179.218477		
66	0.062558	750	-1.087097	-180.305574		
67	0.057926	750	-1.011025	-181.316599		
68	0.053506	750	-1.001901	-182.3185		
69	0.049295	750	-0.976818	-183.295318		
70	0.045289	750	-0.922168	-184.217485		
71	0.041485	750	-0.853689	-185.071174		
72	0.03788	750	-0.83038	-185.901555		
73	0.034469	750	-0.793463	-186.695018		
74	0.03125	750	-0.728235	-187.423253		
75	0.028218	750	-0.70988	-188.133133		
76	0.02537	750	-0.676556	-188.809689		
77	0.022702	750	-0.647852	-189.457541		
78	0.020209	750	-0.598617	-190.056158		
79	0.017889	750	-0.563868	-190.620026		
80	0.015736	750	-0.532975	-191.153001		
81	0.013746	750	-0.499404	-191.652405		
82	0.011916	750	-0.463201	-192.115606		
83	0.01024	750	-0.425359	-192.540966		
84	0.008714	750	-0.387153	-192.928119		
85	0.007334	750	-0.345243	-193.273362		
86	0.006093	750	-0.326584	-193.599946		
87	0.004988	750	-0.300344	-193.90029		
88	0.004013	750	-0.265329	-194.165619		
89	0.003162	750	-0.239116	-194.404735		
90	0.00243	750	-0.20617	-194.610905		
91	0.00181	750	-0.186718	-194.797623		
92	0.001296	750	-0.14738	-194.945004		
93	0.000882	750	-0.115599	-195.060603		
94	0.000559	750	-0.092565	-195.153168		
95	0.00032	750	-0.068136	-195.221303		
96	0.000156	750	-0.048217	-195.26952		
97	0.000057	750	-0.028208	-195.297728		
98	0.00001	750	-0.01298	-195.310708		
99	0	750	-0.003082	-195.31379		
Log marginal likelihood:	-195.31379					
0	0.975187	750	-5.115232	-5.115232		
1	0.950747	750	-5.08796	-10.203192		
2	0.926679	750	-4.968871	-15.172063		
3	0.90298	750	-4.937643	-20.109706		
4	0.879648	750	-4.862113	-24.971819		
5	0.856682	750	-4.770266	-29.742086		
6	0.834079	750	-4.704467	-34.446553		
7	0.811838	750	-4.673932	-39.120485		
8	0.789957	750	-4.637432	-43.757917		
9	0.768433	750	-4.504165	-48.262082		
10	0.747266	750	-4.46425	-52.726332		
11	0.726452	750	-4.361578	-57.08791		
12	0.705989	750	-4.253272	-61.341182		
13	0.685877	750	-4.246937	-65.588119		
14	0.666112	750	-4.197005	-69.785124		
15	0.646693	750	-4.060678	-73.845802		
16	0.627618	750	-4.014911	-77.860713		
17	0.608884	750	-3.969117	-81.82983		
18	0.59049	750	-3.870813	-85.700643		
19	0.572433	750	-3.837354	-89.537997		
20	0.554712	750	-3.789514	-93.327511		
21	0.537324	750	-3.674582	-97.002093		
22	0.520268	750	-3.614419	-100.616513		
23	0.50354	750	-3.579393	-104.195905		
24	0.487139	750	-3.496792	-107.692698		
25	0.471063	750	-3.432087	-111.124784		
26	0.45531	750	-3.315813	-114.440597		
27	0.439877	750	-3.270339	-117.710935		
28	0.424762	750	-3.223216	-120.934151		
29	0.409963	750	-3.15808	-124.092232		
30	0.395478	750	-3.125173	-127.217405		
31	0.381305	750	-3.031264	-130.248669		
32	0.36744	750	-3.037215	-133.285884		
33	0.353883	750	-2.931793	-136.217677		
34	0.34063	750	-2.881668	-139.099345		
35	0.32768	750	-2.866538	-141.965884		
36	0.31503	750	-2.791854	-144.757738		
37	0.302677	750	-2.682122	-147.43986		
38	0.290619	750	-2.600651	-150.040511		
39	0.278855	750	-2.546051	-152.586563		
40	0.267381	750	-2.531946	-155.118509		
41	0.256195	750	-2.407439	-157.525948		
42	0.245294	750	-2.411077	-159.937026		
43	0.234677	750	-2.323622	-162.260648		
44	0.22434	750	-2.299935	-164.560583		
45	0.214281	750	-2.220481	-166.781064		
46	0.204498	750	-2.144934	-168.925998		
47	0.194988	750	-2.160824	-171.086822		
48	0.185749	750	-2.068969	-173.155791		
49	0.176777	750	-2.01976	-175.175551		
50	0.16807	750	-1.967322	-177.142873		
51	0.159626	750	-1.89159	-179.034462		
52	0.151441	750	-1.844321	-180.878783		
53	0.143514	750	-1.797983	-182.676766		
54	0.135841	750	-1.749336	-184.426102		
55	0.12842	750	-1.702008	-186.12811		
56	0.121247	750	-1.634025	-187.762135		
57	0.11432	750	-1.577034	-189.339169		
58	0.107637	750	-1.525307	-190.864476		
59	0.101193	750	-1.48464	-192.349116		
60	0.094986	750	-1.430142	-193.779258		
61	0.089014	750	-1.372836	-195.152094		
62	0.083273	750	-1.312819	-196.464913		
63	0.07776	750	-1.269966	-197.734879		
64	0.072472	750	-1.2268	-198.961679		
65	0.067406	750	-1.176501	-200.13818		
66	0.062558	750	-1.143902	-201.282082		
67	0.057926	750	-1.07923	-202.361312		
68	0.053506	750	-1.029322	-203.390634		
69	0.049295	750	-0.992244	-204.382879		
70	0.045289	750	-0.950325	-205.333204		
71	0.041485	750	-0.917001	-206.250205		
72	0.03788	750	-0.861682	-207.111887		
73	0.034469	750	-0.823124	-207.935011		
74	0.03125	750	-0.783836	-208.718846		
75	0.028218	750	-0.739059	-209.457905		
76	0.02537	750	-0.703109	-210.161014		
77	0.022702	750	-0.660119	-210.821133		
78	0.020209	750	-0.630038	-211.451172		
79	0.017889	750	-0.605742	-212.056914		
80	0.015736	750	-0.555448	-212.612361		
81	0.013746	750	-0.524286	-213.136647		
82	0.011916	750	-0.499183	-213.63583		
83	0.01024	750	-0.44685	-214.082681		
84	0.008714	750	-0.405094	-214.487775		
85	0.007334	750	-0.382623	-214.870398		
86	0.006093	750	-0.356557	-215.226954		
87	0.004988	750	-0.304939	-215.531893		
88	0.004013	750	-0.304153	-215.836045		
89	0.003162	750	-0.24991	-216.085955		
90	0.00243	750	-0.215489	-216.301444		
91	0.00181	750	-0.177507	-216.478951		
92	0.001296	750	-0.156542	-216.635494		
93	0.000882	750	-0.121635	-216.757129		
94	0.000559	750	-0.100501	-216.857629		
95	0.00032	750	-0.066553	-216.924182		
96	0.000156	750	-0.050019	-216.974201		
97	0.000057	750	-0.032024	-217.006226		
98	0.00001	750	-0.013618	-217.019844		
99	0	750	-0.003196	-217.02304		
Log marginal likelihood:	-217.02304					
