Steppingstone sampler:
        No Stones:                  100
        Start It:                   1010001
        It Per Stone:               1000
        Sample Freq:                1
        Dist:                       Beta(0.400000,1.000000)
Stone No	Power	N	Stone MLh	Running MLh
0	0.975187	750	-5.966228	-5.966228
1	0.950747	750	-5.874760	-11.840987
2	0.926679	750	-5.772884	-17.613871
3	0.902980	750	-5.690230	-23.304101
4	0.879648	750	-5.596070	-28.900171
5	0.856682	750	-5.526118	-34.426290
6	0.834079	750	-5.428373	-39.854662
7	0.811838	750	-5.415388	-45.270051
8	0.789957	750	-5.321479	-50.591530
9	0.768433	750	-5.263698	-55.855228
10	0.747266	750	-5.168384	-61.023612
11	0.726452	750	-4.997073	-66.020686
12	0.705989	750	-4.977974	-70.998659
13	0.685877	750	-4.847842	-75.846502
14	0.666112	750	-4.798570	-80.645071
15	0.646693	750	-4.723494	-85.368565
16	0.627618	750	-4.616532	-89.985097
17	0.608884	750	-4.554597	-94.539694
18	0.590490	750	-4.464539	-99.004233
19	0.572433	750	-4.388593	-103.392827
20	0.554712	750	-4.373764	-107.766590
21	0.537324	750	-4.265037	-112.031628
22	0.520268	750	-4.185710	-116.217337
23	0.503540	750	-4.103499	-120.320836
24	0.487139	750	-4.052196	-124.373032
25	0.471063	750	-3.994257	-128.367289
26	0.455310	750	-3.917605	-132.284893
27	0.439877	750	-3.812013	-136.096906
28	0.424762	750	-3.730853	-139.827760
29	0.409963	750	-3.661337	-143.489097
30	0.395478	750	-3.575659	-147.064755
31	0.381305	750	-3.515142	-150.579897
32	0.367440	750	-3.525325	-154.105222
33	0.353883	750	-3.358037	-157.463260
34	0.340630	750	-3.307377	-160.770637
35	0.327680	750	-3.218454	-163.989091
36	0.315030	750	-3.192613	-167.181703
37	0.302677	750	-3.089593	-170.271297
38	0.290619	750	-3.016177	-173.287473
39	0.278855	750	-2.954419	-176.241893
40	0.267381	750	-2.884065	-179.125958
41	0.256195	750	-2.841299	-181.967257
42	0.245294	750	-2.754873	-184.722130
43	0.234677	750	-2.700172	-187.422302
44	0.224340	750	-2.849146	-190.271448
45	0.214281	750	-2.614174	-192.885623
46	0.204498	750	-2.614296	-195.499919
47	0.194988	750	-2.668167	-198.168086
48	0.185749	750	-2.375608	-200.543694
49	0.176777	750	-2.403564	-202.947258
50	0.168070	750	-2.351539	-205.298797
51	0.159626	750	-2.385028	-207.683825
52	0.151441	750	-2.348573	-210.032398
53	0.143514	750	-2.297773	-212.330171
54	0.135841	750	-2.247354	-214.577525
55	0.128420	750	-2.191123	-216.768648
56	0.121247	750	-1.986298	-218.754947
57	0.114320	750	-2.050564	-220.805510
58	0.107637	750	-1.871183	-222.676694
59	0.101193	750	-1.843967	-224.520661
60	0.094986	750	-1.842200	-226.362861
61	0.089014	750	-1.752247	-228.115108
62	0.083273	750	-1.705166	-229.820274
63	0.077760	750	-1.646923	-231.467197
64	0.072472	750	-1.574768	-233.041964
65	0.067406	750	-1.519126	-234.561091
66	0.062558	750	-1.460056	-236.021147
67	0.057926	750	-1.405372	-237.426519
68	0.053506	750	-1.368048	-238.794567
69	0.049295	750	-1.311130	-240.105697
70	0.045289	750	-1.247217	-241.352914
71	0.041485	750	-1.180028	-242.532942
72	0.037880	750	-1.136527	-243.669469
73	0.034469	750	-1.085860	-244.755329
74	0.031250	750	-1.017960	-245.773289
75	0.028218	750	-0.987792	-246.761081
76	0.025370	750	-0.962676	-247.723757
77	0.022702	750	-0.882409	-248.606165
78	0.020209	750	-0.809920	-249.416085
79	0.017889	750	-0.790340	-250.206425
80	0.015736	750	-0.733149	-250.939573
81	0.013746	750	-0.674058	-251.613631
82	0.011916	750	-0.636020	-252.249651
83	0.010240	750	-0.616780	-252.866432
84	0.008714	750	-0.556699	-253.423131
85	0.007334	750	-0.519807	-253.942938
86	0.006093	750	-0.442573	-254.385512
87	0.004988	750	-0.406762	-254.792274
88	0.004013	750	-0.375103	-255.167377
89	0.003162	750	-0.313154	-255.480531
90	0.002430	750	-0.282372	-255.762903
91	0.001810	750	-0.246371	-256.009274
92	0.001296	750	-0.200343	-256.209617
93	0.000882	750	-0.172623	-256.382240
94	0.000559	750	-0.127294	-256.509534
95	0.000320	750	-0.095528	-256.605062
96	0.000156	750	-0.063354	-256.668416
97	0.000057	750	-0.039540	-256.707956
98	0.000010	750	-0.018637	-256.726593
99	0.000000	750	-0.003851	-256.730444
Log marginal likelihood:	-256.730444
0	0.975187	750	-5.994973	-5.994973
1	0.950747	750	-5.884002	-11.878975
2	0.926679	750	-5.765912	-17.644887
3	0.902980	750	-5.675123	-23.320010
4	0.879648	750	-5.632751	-28.952761
5	0.856682	750	-5.552143	-34.504904
6	0.834079	750	-5.473266	-39.978170
7	0.811838	750	-5.372371	-45.350541
8	0.789957	750	-5.261712	-50.612253
9	0.768433	750	-5.217882	-55.830135
10	0.747266	750	-5.084713	-60.914848
11	0.726452	750	-5.023518	-65.938366
12	0.705989	750	-4.990041	-70.928407
13	0.685877	750	-4.828968	-75.757375
14	0.666112	750	-4.750827	-80.508202
15	0.646693	750	-4.686228	-85.194430
16	0.627618	750	-4.655357	-89.849788
17	0.608884	750	-4.563350	-94.413138
18	0.590490	750	-4.467065	-98.880203
19	0.572433	750	-4.377838	-103.258041
20	0.554712	750	-4.313716	-107.571757
21	0.537324	750	-4.239135	-111.810892
22	0.520268	750	-4.104035	-115.914927
23	0.503540	750	-4.072873	-119.987801
24	0.487139	750	-3.979053	-123.966854
25	0.471063	750	-3.934884	-127.901737
26	0.455310	750	-3.865846	-131.767583
27	0.439877	750	-3.781996	-135.549579
28	0.424762	750	-3.745162	-139.294742
29	0.409963	750	-3.629287	-142.924028
30	0.395478	750	-3.621211	-146.545240
31	0.381305	750	-3.500909	-150.046148
32	0.367440	750	-3.422792	-153.468940
33	0.353883	750	-3.348143	-156.817083
34	0.340630	750	-3.280691	-160.097774
35	0.327680	750	-3.235167	-163.332941
36	0.315030	750	-3.147299	-166.480240
37	0.302677	750	-3.102058	-169.582298
38	0.290619	750	-3.048730	-172.631028
39	0.278855	750	-3.023178	-175.654206
40	0.267381	750	-2.898045	-178.552250
41	0.256195	750	-3.081787	-181.634037
42	0.245294	750	-2.758580	-184.392617
43	0.234677	750	-2.673652	-187.066268
44	0.224340	750	-2.772893	-189.839162
45	0.214281	750	-2.626002	-192.465163
46	0.204498	750	-2.707813	-195.172976
47	0.194988	750	-2.493650	-197.666625
48	0.185749	750	-2.604436	-200.271062
49	0.176777	750	-2.375317	-202.646379
50	0.168070	750	-2.376759	-205.023138
51	0.159626	750	-2.242800	-207.265938
52	0.151441	750	-2.320577	-209.586514
53	0.143514	750	-2.147006	-211.733521
54	0.135841	750	-2.174926	-213.908446
55	0.128420	750	-2.142782	-216.051229
56	0.121247	750	-2.080304	-218.131533
57	0.114320	750	-2.007750	-220.139283
58	0.107637	750	-1.924747	-222.064031
59	0.101193	750	-1.896282	-223.960312
60	0.094986	750	-1.827722	-225.788034
61	0.089014	750	-1.751774	-227.539809
62	0.083273	750	-1.681715	-229.221524
63	0.077760	750	-1.670334	-230.891857
64	0.072472	750	-1.570762	-232.462619
65	0.067406	750	-1.462326	-233.924945
66	0.062558	750	-1.474470	-235.399416
67	0.057926	750	-1.423725	-236.823141
68	0.053506	750	-1.353953	-238.177094
69	0.049295	750	-1.302712	-239.479806
70	0.045289	750	-1.250202	-240.730009
71	0.041485	750	-1.178406	-241.908414
72	0.037880	750	-1.106577	-243.014992
73	0.034469	750	-1.079838	-244.094829
74	0.031250	750	-1.010259	-245.105088
75	0.028218	750	-0.951524	-246.056612
76	0.025370	750	-0.905330	-246.961942
77	0.022702	750	-0.875057	-247.836999
78	0.020209	750	-0.829361	-248.666360
79	0.017889	750	-0.802319	-249.468679
80	0.015736	750	-0.739042	-250.207721
81	0.013746	750	-0.691027	-250.898748
82	0.011916	750	-0.630868	-251.529615
83	0.010240	750	-0.581180	-252.110795
84	0.008714	750	-0.541948	-252.652744
85	0.007334	750	-0.504080	-253.156823
86	0.006093	750	-0.441064	-253.597888
87	0.004988	750	-0.417773	-254.015660
88	0.004013	750	-0.384790	-254.400451
89	0.003162	750	-0.325841	-254.726292
90	0.002430	750	-0.281687	-255.007978
91	0.001810	750	-0.228670	-255.236648
92	0.001296	750	-0.207518	-255.444167
93	0.000882	750	-0.164087	-255.608254
94	0.000559	750	-0.138604	-255.746858
95	0.000320	750	-0.111389	-255.858247
96	0.000156	750	-0.068153	-255.926400
97	0.000057	750	-0.042117	-255.968518
98	0.000010	750	-0.019862	-255.988380
99	0.000000	750	-0.004317	-255.992696
Log marginal likelihood:	-255.992696
0	0.975187	750	-6.083467	-6.083467
1	0.950747	750	-5.969682	-12.053149
2	0.926679	750	-5.839107	-17.892256
3	0.902980	750	-5.821220	-23.713477
4	0.879648	750	-5.747757	-29.461233
5	0.856682	750	-5.616290	-35.077524
6	0.834079	750	-5.557978	-40.635502
7	0.811838	750	-5.443748	-46.079250
8	0.789957	750	-5.358426	-51.437675
9	0.768433	750	-5.318260	-56.755935
10	0.747266	750	-5.135914	-61.891848
11	0.726452	750	-5.196953	-67.088801
12	0.705989	750	-5.093438	-72.182240
13	0.685877	750	-4.950919	-77.133159
14	0.666112	750	-4.850167	-81.983326
15	0.646693	750	-4.768260	-86.751586
16	0.627618	750	-4.680165	-91.431751
17	0.608884	750	-4.674775	-96.106526
18	0.590490	750	-4.627045	-100.733570
19	0.572433	750	-4.480076	-105.213646
20	0.554712	750	-4.435627	-109.649273
21	0.537324	750	-4.286429	-113.935703
22	0.520268	750	-4.261692	-118.197394
23	0.503540	750	-4.138775	-122.336169
24	0.487139	750	-4.093745	-126.429914
25	0.471063	750	-4.055289	-130.485204
26	0.455310	750	-3.999542	-134.484745
27	0.439877	750	-3.854212	-138.338957
28	0.424762	750	-3.745143	-142.084100
29	0.409963	750	-3.739241	-145.823341
30	0.395478	750	-3.668630	-149.491971
31	0.381305	750	-3.562622	-153.054594
32	0.367440	750	-3.575054	-156.629648
33	0.353883	750	-3.479601	-160.109248
34	0.340630	750	-3.460398	-163.569646
35	0.327680	750	-3.370116	-166.939762
36	0.315030	750	-3.272286	-170.212048
37	0.302677	750	-3.169750	-173.381798
38	0.290619	750	-3.122140	-176.503938
39	0.278855	750	-3.207938	-179.711876
40	0.267381	750	-2.985789	-182.697665
41	0.256195	750	-2.957754	-185.655419
42	0.245294	750	-2.848634	-188.504053
43	0.234677	750	-2.941509	-191.445562
44	0.224340	750	-2.708876	-194.154438
45	0.214281	750	-2.719155	-196.873594
46	0.204498	750	-2.735582	-199.609175
47	0.194988	750	-2.637325	-202.246500
48	0.185749	750	-2.578281	-204.824781
49	0.176777	750	-2.599203	-207.423984
50	0.168070	750	-2.511701	-209.935685
51	0.159626	750	-2.271050	-212.206735
52	0.151441	750	-2.423491	-214.630226
53	0.143514	750	-2.200572	-216.830798
54	0.135841	750	-2.269510	-219.100308
55	0.128420	750	-2.202559	-221.302867
56	0.121247	750	-2.112236	-223.415103
57	0.114320	750	-2.003297	-225.418399
58	0.107637	750	-1.966959	-227.385358
59	0.101193	750	-1.907894	-229.293252
60	0.094986	750	-1.840849	-231.134102
61	0.089014	750	-1.808395	-232.942496
62	0.083273	750	-1.730393	-234.672889
63	0.077760	750	-1.675450	-236.348339
64	0.072472	750	-1.606099	-237.954439
65	0.067406	750	-1.542370	-239.496809
66	0.062558	750	-1.432326	-240.929135
67	0.057926	750	-1.422000	-242.351135
68	0.053506	750	-1.367043	-243.718178
69	0.049295	750	-1.316143	-245.034321
70	0.045289	750	-1.285657	-246.319978
71	0.041485	750	-1.196141	-247.516119
72	0.037880	750	-1.161376	-248.677495
73	0.034469	750	-1.089685	-249.767181
74	0.031250	750	-1.034073	-250.801253
75	0.028218	750	-0.989079	-251.790332
76	0.025370	750	-0.920019	-252.710352
77	0.022702	750	-0.907607	-253.617959
78	0.020209	750	-0.821672	-254.439631
79	0.017889	750	-0.800989	-255.240621
80	0.015736	750	-0.739603	-255.980224
81	0.013746	750	-0.715623	-256.695847
82	0.011916	750	-0.686058	-257.381905
83	0.010240	750	-0.599478	-257.981383
84	0.008714	750	-0.570799	-258.552182
85	0.007334	750	-0.532939	-259.085121
86	0.006093	750	-0.444621	-259.529743
87	0.004988	750	-0.429261	-259.959004
88	0.004013	750	-0.386861	-260.345865
89	0.003162	750	-0.319124	-260.664989
90	0.002430	750	-0.294848	-260.959837
91	0.001810	750	-0.254644	-261.214481
92	0.001296	750	-0.206776	-261.421258
93	0.000882	750	-0.170116	-261.591374
94	0.000559	750	-0.126834	-261.718208
95	0.000320	750	-0.105935	-261.824144
96	0.000156	750	-0.063410	-261.887553
97	0.000057	750	-0.042796	-261.930349
98	0.000010	750	-0.021228	-261.951577
99	0.000000	750	-0.004018	-261.955595
Log marginal likelihood:	-261.955595
0	0.975187	750	-6.403472	-6.403472
1	0.950747	750	-6.331456	-12.734928
2	0.926679	750	-6.202969	-18.937897
3	0.902980	750	-6.122954	-25.060852
4	0.879648	750	-6.002894	-31.063746
5	0.856682	750	-5.926292	-36.990038
6	0.834079	750	-5.842123	-42.832161
7	0.811838	750	-5.771955	-48.604116
8	0.789957	750	-5.661363	-54.265479
9	0.768433	750	-5.576051	-59.841530
10	0.747266	750	-5.468939	-65.310469
11	0.726452	750	-5.412656	-70.723125
12	0.705989	750	-5.313055	-76.036180
13	0.685877	750	-5.227856	-81.264035
14	0.666112	750	-5.156921	-86.420956
15	0.646693	750	-5.023352	-91.444309
16	0.627618	750	-4.936267	-96.380575
17	0.608884	750	-4.873534	-101.254109
18	0.590490	750	-4.761393	-106.015502
19	0.572433	750	-4.691557	-110.707059
20	0.554712	750	-4.610687	-115.317746
21	0.537324	750	-4.520259	-119.838005
22	0.520268	750	-4.418062	-124.256067
23	0.503540	750	-4.402419	-128.658486
24	0.487139	750	-4.318540	-132.977025
25	0.471063	750	-4.218941	-137.195967
26	0.455310	750	-4.116846	-141.312812
27	0.439877	750	-4.030329	-145.343141
28	0.424762	750	-3.954027	-149.297169
29	0.409963	750	-3.887760	-153.184928
30	0.395478	750	-3.803679	-156.988607
31	0.381305	750	-3.718275	-160.706882
32	0.367440	750	-3.622720	-164.329602
33	0.353883	750	-3.578686	-167.908288
34	0.340630	750	-3.508841	-171.417130
35	0.327680	750	-3.480945	-174.898074
36	0.315030	750	-3.316979	-178.215053
37	0.302677	750	-3.260699	-181.475752
38	0.290619	750	-3.257314	-184.733066
39	0.278855	750	-3.235531	-187.968598
40	0.267381	750	-3.076920	-191.045518
41	0.256195	750	-3.000731	-194.046249
42	0.245294	750	-3.058507	-197.104756
43	0.234677	750	-2.885237	-199.989993
44	0.224340	750	-2.752340	-202.742333
45	0.214281	750	-2.877517	-205.619851
46	0.204498	750	-2.881390	-208.501241
47	0.194988	750	-2.745469	-211.246710
48	0.185749	750	-2.761893	-214.008603
49	0.176777	750	-2.607374	-216.615976
50	0.168070	750	-2.539213	-219.155189
51	0.159626	750	-2.470561	-221.625750
52	0.151441	750	-2.382980	-224.008730
53	0.143514	750	-2.337187	-226.345917
54	0.135841	750	-2.266837	-228.612754
55	0.128420	750	-2.220386	-230.833139
56	0.121247	750	-2.154841	-232.987980
57	0.114320	750	-2.090605	-235.078585
58	0.107637	750	-2.033196	-237.111781
59	0.101193	750	-1.952427	-239.064208
60	0.094986	750	-1.868496	-240.932704
61	0.089014	750	-1.828469	-242.761173
62	0.083273	750	-1.740946	-244.502119
63	0.077760	750	-1.689925	-246.192044
64	0.072472	750	-1.627651	-247.819694
65	0.067406	750	-1.573131	-249.392825
66	0.062558	750	-1.500513	-250.893338
67	0.057926	750	-1.449378	-252.342716
68	0.053506	750	-1.376074	-253.718790
69	0.049295	750	-1.348315	-255.067106
70	0.045289	750	-1.267465	-256.334570
71	0.041485	750	-1.230194	-257.564764
72	0.037880	750	-1.149445	-258.714208
73	0.034469	750	-1.097537	-259.811745
74	0.031250	750	-1.033651	-260.845396
75	0.028218	750	-1.002673	-261.848069
76	0.025370	750	-0.953877	-262.801945
77	0.022702	750	-0.894710	-263.696655
78	0.020209	750	-0.866274	-264.562929
79	0.017889	750	-0.797654	-265.360584
80	0.015736	750	-0.759886	-266.120470
81	0.013746	750	-0.732320	-266.852790
82	0.011916	750	-0.649410	-267.502200
83	0.010240	750	-0.611661	-268.113861
84	0.008714	750	-0.569805	-268.683666
85	0.007334	750	-0.498293	-269.181959
86	0.006093	750	-0.464100	-269.646059
87	0.004988	750	-0.424857	-270.070915
88	0.004013	750	-0.378039	-270.448954
89	0.003162	750	-0.328213	-270.777167
90	0.002430	750	-0.298113	-271.075280
91	0.001810	750	-0.243276	-271.318556
92	0.001296	750	-0.210907	-271.529464
93	0.000882	750	-0.165013	-271.694477
94	0.000559	750	-0.134003	-271.828480
95	0.000320	750	-0.097415	-271.925894
96	0.000156	750	-0.073168	-271.999062
97	0.000057	750	-0.038662	-272.037724
98	0.000010	750	-0.019878	-272.057602
99	0.000000	750	-0.004305	-272.061907
Log marginal likelihood:	-272.061907
0	0.975187	750	-6.113831	-6.113831
1	0.950747	750	-6.030198	-12.144029
2	0.926679	750	-5.930767	-18.074796
3	0.902980	750	-5.825327	-23.900123
4	0.879648	750	-5.743208	-29.643332
5	0.856682	750	-5.602209	-35.245541
6	0.834079	750	-5.566070	-40.811610
7	0.811838	750	-5.459619	-46.271229
8	0.789957	750	-5.451001	-51.722229
9	0.768433	750	-5.276494	-56.998723
10	0.747266	750	-5.193528	-62.192252
11	0.726452	750	-5.111061	-67.303313
12	0.705989	750	-5.028336	-72.331649
13	0.685877	750	-4.936169	-77.267818
14	0.666112	750	-4.949582	-82.217400
15	0.646693	750	-4.822143	-87.039543
16	0.627618	750	-4.721213	-91.760756
17	0.608884	750	-4.636988	-96.397744
18	0.590490	750	-4.558323	-100.956066
19	0.572433	750	-4.471310	-105.427376
20	0.554712	750	-4.392781	-109.820156
21	0.537324	750	-4.344603	-114.164759
22	0.520268	750	-4.255148	-118.419907
23	0.503540	750	-4.142231	-122.562139
24	0.487139	750	-4.049575	-126.611714
25	0.471063	750	-3.990835	-130.602549
26	0.455310	750	-3.950593	-134.553142
27	0.439877	750	-3.853231	-138.406373
28	0.424762	750	-3.817566	-142.223939
29	0.409963	750	-3.713896	-145.937835
30	0.395478	750	-3.643236	-149.581071
31	0.381305	750	-3.564101	-153.145172
32	0.367440	750	-3.486382	-156.631554
33	0.353883	750	-3.411126	-160.042679
34	0.340630	750	-3.332646	-163.375325
35	0.327680	750	-3.271201	-166.646527
36	0.315030	750	-3.205775	-169.852302
37	0.302677	750	-3.132125	-172.984427
38	0.290619	750	-3.065093	-176.049520
39	0.278855	750	-2.992468	-179.041988
40	0.267381	750	-2.934272	-181.976260
41	0.256195	750	-2.850177	-184.826437
42	0.245294	750	-2.835612	-187.662049
43	0.234677	750	-2.716576	-190.378625
44	0.224340	750	-2.730758	-193.109384
45	0.214281	750	-2.651980	-195.761363
46	0.204498	750	-2.616634	-198.377997
47	0.194988	750	-2.530237	-200.908234
48	0.185749	750	-2.505259	-203.413493
49	0.176777	750	-2.533378	-205.946871
50	0.168070	750	-2.314574	-208.261445
51	0.159626	750	-2.382135	-210.643580
52	0.151441	750	-2.297412	-212.940992
53	0.143514	750	-2.191875	-215.132867
54	0.135841	750	-2.142881	-217.275747
55	0.128420	750	-2.122983	-219.398730
56	0.121247	750	-2.116573	-221.515303
57	0.114320	750	-2.038076	-223.553378
58	0.107637	750	-1.958979	-225.512358
59	0.101193	750	-1.909565	-227.421923
60	0.094986	750	-1.862960	-229.284883
61	0.089014	750	-1.780594	-231.065477
62	0.083273	750	-1.699116	-232.764594
63	0.077760	750	-1.691295	-234.455888
64	0.072472	750	-1.566155	-236.022043
65	0.067406	750	-1.511603	-237.533646
66	0.062558	750	-1.498003	-239.031649
67	0.057926	750	-1.416535	-240.448184
68	0.053506	750	-1.357342	-241.805526
69	0.049295	750	-1.316617	-243.122143
70	0.045289	750	-1.289258	-244.411400
71	0.041485	750	-1.193513	-245.604913
72	0.037880	750	-1.145784	-246.750698
73	0.034469	750	-1.124471	-247.875169
74	0.031250	750	-1.021277	-248.896445
75	0.028218	750	-0.996046	-249.892491
76	0.025370	750	-0.948723	-250.841214
77	0.022702	750	-0.870963	-251.712177
78	0.020209	750	-0.810661	-252.522838
79	0.017889	750	-0.764690	-253.287529
80	0.015736	750	-0.725459	-254.012988
81	0.013746	750	-0.693828	-254.706816
82	0.011916	750	-0.633346	-255.340161
83	0.010240	750	-0.597295	-255.937456
84	0.008714	750	-0.535768	-256.473224
85	0.007334	750	-0.507479	-256.980703
86	0.006093	750	-0.453941	-257.434644
87	0.004988	750	-0.409777	-257.844421
88	0.004013	750	-0.372569	-258.216990
89	0.003162	750	-0.323454	-258.540444
90	0.002430	750	-0.285873	-258.826318
91	0.001810	750	-0.241445	-259.067763
92	0.001296	750	-0.211386	-259.279149
93	0.000882	750	-0.165101	-259.444250
94	0.000559	750	-0.134657	-259.578906
95	0.000320	750	-0.096369	-259.675275
96	0.000156	750	-0.067343	-259.742618
97	0.000057	750	-0.042174	-259.784792
98	0.000010	750	-0.020088	-259.804880
99	0.000000	750	-0.004269	-259.809149
Log marginal likelihood:	-259.809149
0	0.975187	750	-6.041899	-6.041899
1	0.950747	750	-5.870121	-11.912020
2	0.926679	750	-5.875304	-17.787325
3	0.902980	750	-5.772183	-23.559508
4	0.879648	750	-5.696686	-29.256194
5	0.856682	750	-5.598472	-34.854666
6	0.834079	750	-5.520870	-40.375536
7	0.811838	750	-5.415024	-45.790560
8	0.789957	750	-5.345473	-51.136032
9	0.768433	750	-5.239067	-56.375099
10	0.747266	750	-5.179074	-61.554173
11	0.726452	750	-5.070633	-66.624806
12	0.705989	750	-5.015385	-71.640191
13	0.685877	750	-4.932745	-76.572937
14	0.666112	750	-4.805720	-81.378656
15	0.646693	750	-4.739824	-86.118480
16	0.627618	750	-4.638140	-90.756620
17	0.608884	750	-4.514994	-95.271614
18	0.590490	750	-4.432587	-99.704201
19	0.572433	750	-4.432864	-104.137066
20	0.554712	750	-4.364723	-108.501789
21	0.537324	750	-4.272914	-112.774703
22	0.520268	750	-4.165136	-116.939839
23	0.503540	750	-4.111915	-121.051754
24	0.487139	750	-4.067257	-125.119010
25	0.471063	750	-3.952348	-129.071358
26	0.455310	750	-3.931138	-133.002496
27	0.439877	750	-3.825657	-136.828153
28	0.424762	750	-3.744603	-140.572756
29	0.409963	750	-3.664271	-144.237027
30	0.395478	750	-3.575303	-147.812329
31	0.381305	750	-3.540699	-151.353029
32	0.367440	750	-3.461613	-154.814642
33	0.353883	750	-3.410319	-158.224961
34	0.340630	750	-3.305527	-161.530488
35	0.327680	750	-3.315843	-164.846331
36	0.315030	750	-3.164021	-168.010352
37	0.302677	750	-3.099061	-171.109413
38	0.290619	750	-3.101404	-174.210817
39	0.278855	750	-3.087462	-177.298279
40	0.267381	750	-2.890117	-180.188396
41	0.256195	750	-3.016937	-183.205333
42	0.245294	750	-2.786112	-185.991445
43	0.234677	750	-2.844570	-188.836015
44	0.224340	750	-2.861998	-191.698013
45	0.214281	750	-2.600024	-194.298037
46	0.204498	750	-2.674155	-196.972192
47	0.194988	750	-2.677543	-199.649736
48	0.185749	750	-2.589881	-202.239616
49	0.176777	750	-2.586026	-204.825642
50	0.168070	750	-2.472464	-207.298106
51	0.159626	750	-2.289932	-209.588038
52	0.151441	750	-2.303116	-211.891154
53	0.143514	750	-2.284812	-214.175966
54	0.135841	750	-2.169239	-216.345205
55	0.128420	750	-2.144259	-218.489464
56	0.121247	750	-2.095012	-220.584476
57	0.114320	750	-1.991200	-222.575675
58	0.107637	750	-1.967281	-224.542956
59	0.101193	750	-1.857878	-226.400834
60	0.094986	750	-1.838699	-228.239534
61	0.089014	750	-1.751790	-229.991323
62	0.083273	750	-1.714419	-231.705742
63	0.077760	750	-1.646774	-233.352516
64	0.072472	750	-1.572767	-234.925283
65	0.067406	750	-1.521719	-236.447003
66	0.062558	750	-1.444969	-237.891972
67	0.057926	750	-1.385535	-239.277506
68	0.053506	750	-1.354161	-240.631667
69	0.049295	750	-1.265832	-241.897499
70	0.045289	750	-1.220489	-243.117988
71	0.041485	750	-1.203527	-244.321515
72	0.037880	750	-1.134947	-245.456461
73	0.034469	750	-1.040726	-246.497187
74	0.031250	750	-1.026174	-247.523361
75	0.028218	750	-0.965932	-248.489293
76	0.025370	750	-0.913443	-249.402736
77	0.022702	750	-0.852412	-250.255149
78	0.020209	750	-0.821957	-251.077105
79	0.017889	750	-0.769378	-251.846484
80	0.015736	750	-0.719709	-252.566192
81	0.013746	750	-0.655257	-253.221449
82	0.011916	750	-0.641942	-253.863391
83	0.010240	750	-0.595117	-254.458509
84	0.008714	750	-0.527420	-254.985929
85	0.007334	750	-0.508561	-255.494490
86	0.006093	750	-0.467466	-255.961956
87	0.004988	750	-0.421193	-256.383148
88	0.004013	750	-0.384149	-256.767297
89	0.003162	750	-0.352371	-257.119668
90	0.002430	750	-0.278001	-257.397669
91	0.001810	750	-0.248220	-257.645889
92	0.001296	750	-0.200367	-257.846255
93	0.000882	750	-0.168672	-258.014927
94	0.000559	750	-0.138004	-258.152932
95	0.000320	750	-0.092589	-258.245521
96	0.000156	750	-0.069916	-258.315438
97	0.000057	750	-0.042187	-258.357625
98	0.000010	750	-0.019654	-258.377278
99	0.000000	750	-0.004336	-258.381614
Log marginal likelihood:	-258.381614
0	0.975187	750	-5.520280	-5.520280
1	0.950747	750	-5.466779	-10.987059
2	0.926679	750	-5.364638	-16.351697
3	0.902980	750	-5.326722	-21.678419
4	0.879648	750	-5.261520	-26.939939
5	0.856682	750	-5.126525	-32.066464
6	0.834079	750	-5.044709	-37.111173
7	0.811838	750	-4.950294	-42.061467
8	0.789957	750	-4.895462	-46.956929
9	0.768433	750	-4.803592	-51.760521
10	0.747266	750	-4.770295	-56.530816
11	0.726452	750	-4.687290	-61.218106
12	0.705989	750	-4.618003	-65.836109
13	0.685877	750	-4.536820	-70.372929
14	0.666112	750	-4.425328	-74.798256
15	0.646693	750	-4.412030	-79.210286
16	0.627618	750	-4.310718	-83.521004
17	0.608884	750	-4.274403	-87.795406
18	0.590490	750	-4.187891	-91.983298
19	0.572433	750	-4.105095	-96.088393
20	0.554712	750	-4.015266	-100.103659
21	0.537324	750	-3.923137	-104.026796
22	0.520268	750	-3.895905	-107.922701
23	0.503540	750	-3.759261	-111.681961
24	0.487139	750	-3.750833	-115.432794
25	0.471063	750	-3.635555	-119.068349
26	0.455310	750	-3.600863	-122.669212
27	0.439877	750	-3.531361	-126.200573
28	0.424762	750	-3.469438	-129.670010
29	0.409963	750	-3.407181	-133.077191
30	0.395478	750	-3.335886	-136.413077
31	0.381305	750	-3.233494	-139.646571
32	0.367440	750	-3.172061	-142.818632
33	0.353883	750	-3.095358	-145.913989
34	0.340630	750	-3.055433	-148.969422
35	0.327680	750	-2.995039	-151.964461
36	0.315030	750	-2.960637	-154.925098
37	0.302677	750	-2.882228	-157.807326
38	0.290619	750	-2.784417	-160.591743
39	0.278855	750	-2.776500	-163.368243
40	0.267381	750	-2.687625	-166.055868
41	0.256195	750	-2.631036	-168.686905
42	0.245294	750	-2.574528	-171.261432
43	0.234677	750	-2.513309	-173.774741
44	0.224340	750	-2.439906	-176.214647
45	0.214281	750	-2.434157	-178.648804
46	0.204498	750	-2.324086	-180.972890
47	0.194988	750	-2.310813	-183.283703
48	0.185749	750	-2.162261	-185.445964
49	0.176777	750	-2.299880	-187.745844
50	0.168070	750	-2.307487	-190.053331
51	0.159626	750	-2.072967	-192.126299
52	0.151441	750	-2.011898	-194.138197
53	0.143514	750	-2.076296	-196.214493
54	0.135841	750	-1.986081	-198.200575
55	0.128420	750	-1.927513	-200.128088
56	0.121247	750	-1.887319	-202.015406
57	0.114320	750	-1.977153	-203.992559
58	0.107637	750	-1.862634	-205.855194
59	0.101193	750	-1.821111	-207.676304
60	0.094986	750	-1.692539	-209.368843
61	0.089014	750	-1.744553	-211.113396
62	0.083273	750	-1.655431	-212.768827
63	0.077760	750	-1.614621	-214.383449
64	0.072472	750	-1.532629	-215.916077
65	0.067406	750	-1.505319	-217.421397
66	0.062558	750	-1.440241	-218.861638
67	0.057926	750	-1.391770	-220.253407
68	0.053506	750	-1.323797	-221.577205
69	0.049295	750	-1.260280	-222.837485
70	0.045289	750	-1.220413	-224.057898
71	0.041485	750	-1.167145	-225.225044
72	0.037880	750	-1.116950	-226.341994
73	0.034469	750	-1.067628	-227.409622
74	0.031250	750	-1.022949	-228.432571
75	0.028218	750	-0.945071	-229.377642
76	0.025370	750	-0.921433	-230.299075
77	0.022702	750	-0.899201	-231.198277
78	0.020209	750	-0.819665	-232.017941
79	0.017889	750	-0.724703	-232.742645
80	0.015736	750	-0.724707	-233.467352
81	0.013746	750	-0.707259	-234.174611
82	0.011916	750	-0.635436	-234.810047
83	0.010240	750	-0.608611	-235.418659
84	0.008714	750	-0.537003	-235.955661
85	0.007334	750	-0.509204	-236.464866
86	0.006093	750	-0.482457	-236.947323
87	0.004988	750	-0.452878	-237.400200
88	0.004013	750	-0.368276	-237.768476
89	0.003162	750	-0.329514	-238.097989
90	0.002430	750	-0.279946	-238.377936
91	0.001810	750	-0.251078	-238.629014
92	0.001296	750	-0.210775	-238.839790
93	0.000882	750	-0.172973	-239.012763
94	0.000559	750	-0.130899	-239.143662
95	0.000320	750	-0.091250	-239.234912
96	0.000156	750	-0.068929	-239.303841
97	0.000057	750	-0.040280	-239.344121
98	0.000010	750	-0.018503	-239.362624
99	0.000000	750	-0.004083	-239.366706
Log marginal likelihood:	-239.366706
0	0.975187	750	-5.941390	-5.941390
1	0.950747	750	-5.835915	-11.777306
2	0.926679	750	-5.711961	-17.489267
3	0.902980	750	-5.637592	-23.126859
4	0.879648	750	-5.584038	-28.710898
5	0.856682	750	-5.521121	-34.232018
6	0.834079	750	-5.398185	-39.630203
7	0.811838	750	-5.325472	-44.955675
8	0.789957	750	-5.249075	-50.204750
9	0.768433	750	-5.137748	-55.342497
10	0.747266	750	-5.084631	-60.427129
11	0.726452	750	-4.969408	-65.396537
12	0.705989	750	-4.919288	-70.315825
13	0.685877	750	-4.836194	-75.152019
14	0.666112	750	-4.868053	-80.020072
15	0.646693	750	-4.701074	-84.721147
16	0.627618	750	-4.663289	-89.384436
17	0.608884	750	-4.567400	-93.951835
18	0.590490	750	-4.470807	-98.422642
19	0.572433	750	-4.392911	-102.815553
20	0.554712	750	-4.307560	-107.123113
21	0.537324	750	-4.216773	-111.339886
22	0.520268	750	-4.144888	-115.484774
23	0.503540	750	-4.087268	-119.572042
24	0.487139	750	-4.027533	-123.599575
25	0.471063	750	-3.930640	-127.530214
26	0.455310	750	-3.839763	-131.369977
27	0.439877	750	-3.827461	-135.197438
28	0.424762	750	-3.697978	-138.895415
29	0.409963	750	-3.655116	-142.550531
30	0.395478	750	-3.580225	-146.130756
31	0.381305	750	-3.538109	-149.668865
32	0.367440	750	-3.445162	-153.114027
33	0.353883	750	-3.373032	-156.487059
34	0.340630	750	-3.299319	-159.786379
35	0.327680	750	-3.222041	-163.008420
36	0.315030	750	-3.189972	-166.198392
37	0.302677	750	-3.097225	-169.295617
38	0.290619	750	-3.073316	-172.368934
39	0.278855	750	-3.035485	-175.404418
40	0.267381	750	-3.024087	-178.428505
41	0.256195	750	-2.855426	-181.283931
42	0.245294	750	-2.909055	-184.192986
43	0.234677	750	-2.837683	-187.030668
44	0.224340	750	-2.695307	-189.725975
45	0.214281	750	-2.613554	-192.339529
46	0.204498	750	-2.495617	-194.835146
47	0.194988	750	-2.634300	-197.469445
48	0.185749	750	-2.511597	-199.981042
49	0.176777	750	-2.595203	-202.576244
50	0.168070	750	-2.282498	-204.858743
51	0.159626	750	-2.307592	-207.166335
52	0.151441	750	-2.278887	-209.445222
53	0.143514	750	-2.238080	-211.683302
54	0.135841	750	-2.147296	-213.830598
55	0.128420	750	-2.001976	-215.832575
56	0.121247	750	-1.981049	-217.813623
57	0.114320	750	-2.005808	-219.819431
58	0.107637	750	-1.939412	-221.758843
59	0.101193	750	-1.801612	-223.560455
60	0.094986	750	-1.770658	-225.331113
61	0.089014	750	-1.738583	-227.069695
62	0.083273	750	-1.718736	-228.788431
63	0.077760	750	-1.598093	-230.386524
64	0.072472	750	-1.559391	-231.945915
65	0.067406	750	-1.512006	-233.457921
66	0.062558	750	-1.472017	-234.929938
67	0.057926	750	-1.420456	-236.350394
68	0.053506	750	-1.343958	-237.694352
69	0.049295	750	-1.299844	-238.994196
70	0.045289	750	-1.242937	-240.237133
71	0.041485	750	-1.153688	-241.390821
72	0.037880	750	-1.117137	-242.507958
73	0.034469	750	-1.072675	-243.580633
74	0.031250	750	-1.045981	-244.626614
75	0.028218	750	-0.978895	-245.605509
76	0.025370	750	-0.949637	-246.555145
77	0.022702	750	-0.884459	-247.439604
78	0.020209	750	-0.817388	-248.256992
79	0.017889	750	-0.773227	-249.030220
80	0.015736	750	-0.735378	-249.765598
81	0.013746	750	-0.662274	-250.427872
82	0.011916	750	-0.647497	-251.075368
83	0.010240	750	-0.594018	-251.669386
84	0.008714	750	-0.541289	-252.210675
85	0.007334	750	-0.511564	-252.722238
86	0.006093	750	-0.467114	-253.189352
87	0.004988	750	-0.421861	-253.611214
88	0.004013	750	-0.354295	-253.965509
89	0.003162	750	-0.325151	-254.290660
90	0.002430	750	-0.280441	-254.571101
91	0.001810	750	-0.270644	-254.841745
92	0.001296	750	-0.207676	-255.049421
93	0.000882	750	-0.176555	-255.225976
94	0.000559	750	-0.125773	-255.351749
95	0.000320	750	-0.102300	-255.454049
96	0.000156	750	-0.069826	-255.523874
97	0.000057	750	-0.041966	-255.565841
98	0.000010	750	-0.019234	-255.585074
99	0.000000	750	-0.004230	-255.589305
Log marginal likelihood:	-255.589305
0	0.975187	750	-5.994664	-5.994664
1	0.950747	750	-5.882668	-11.877332
2	0.926679	750	-5.790576	-17.667908
3	0.902980	750	-5.714985	-23.382894
4	0.879648	750	-5.630303	-29.013196
5	0.856682	750	-5.539870	-34.553067
6	0.834079	750	-5.495319	-40.048386
7	0.811838	750	-5.381843	-45.430228
8	0.789957	750	-5.293422	-50.723650
9	0.768433	750	-5.194045	-55.917696
10	0.747266	750	-5.133388	-61.051083
11	0.726452	750	-5.057011	-66.108095
12	0.705989	750	-4.958361	-71.066455
13	0.685877	750	-4.862795	-75.929250
14	0.666112	750	-4.799848	-80.729099
15	0.646693	750	-4.734107	-85.463206
16	0.627618	750	-4.642641	-90.105847
17	0.608884	750	-4.583278	-94.689125
18	0.590490	750	-4.471537	-99.160663
19	0.572433	750	-4.411215	-103.571878
20	0.554712	750	-4.312002	-107.883880
21	0.537324	750	-4.251041	-112.134921
22	0.520268	750	-4.189699	-116.324620
23	0.503540	750	-4.107853	-120.432473
24	0.487139	750	-4.017527	-124.450000
25	0.471063	750	-3.923120	-128.373120
26	0.455310	750	-3.855707	-132.228827
27	0.439877	750	-3.796668	-136.025496
28	0.424762	750	-3.711900	-139.737395
29	0.409963	750	-3.628426	-143.365821
30	0.395478	750	-3.599687	-146.965508
31	0.381305	750	-3.499194	-150.464702
32	0.367440	750	-3.421478	-153.886180
33	0.353883	750	-3.320422	-157.206602
34	0.340630	750	-3.307265	-160.513867
35	0.327680	750	-3.248936	-163.762803
36	0.315030	750	-3.139659	-166.902461
37	0.302677	750	-3.101783	-170.004244
38	0.290619	750	-3.143137	-173.147381
39	0.278855	750	-3.036342	-176.183723
40	0.267381	750	-2.910358	-179.094080
41	0.256195	750	-3.171506	-182.265586
42	0.245294	750	-2.782202	-185.047788
43	0.234677	750	-2.785949	-187.833738
44	0.224340	750	-2.931093	-190.764830
45	0.214281	750	-2.679462	-193.444293
46	0.204498	750	-2.553271	-195.997564
47	0.194988	750	-2.742439	-198.740003
48	0.185749	750	-2.661984	-201.401987
49	0.176777	750	-2.516940	-203.918927
50	0.168070	750	-2.375926	-206.294853
51	0.159626	750	-2.438294	-208.733147
52	0.151441	750	-2.303775	-211.036922
53	0.143514	750	-2.306509	-213.343431
54	0.135841	750	-2.249793	-215.593225
55	0.128420	750	-2.166844	-217.760069
56	0.121247	750	-2.080616	-219.840685
57	0.114320	750	-2.044048	-221.884733
58	0.107637	750	-1.975315	-223.860048
59	0.101193	750	-1.927264	-225.787312
60	0.094986	750	-1.873395	-227.660707
61	0.089014	750	-1.817253	-229.477960
62	0.083273	750	-1.740423	-231.218383
63	0.077760	750	-1.667149	-232.885532
64	0.072472	750	-1.589953	-234.475485
65	0.067406	750	-1.557155	-236.032640
66	0.062558	750	-1.504988	-237.537628
67	0.057926	750	-1.439476	-238.977104
68	0.053506	750	-1.378517	-240.355621
69	0.049295	750	-1.331261	-241.686881
70	0.045289	750	-1.247101	-242.933982
71	0.041485	750	-1.222636	-244.156618
72	0.037880	750	-1.142546	-245.299164
73	0.034469	750	-1.083131	-246.382295
74	0.031250	750	-1.040039	-247.422334
75	0.028218	750	-1.005222	-248.427556
76	0.025370	750	-0.940233	-249.367789
77	0.022702	750	-0.880772	-250.248561
78	0.020209	750	-0.812608	-251.061169
79	0.017889	750	-0.786769	-251.847938
80	0.015736	750	-0.761296	-252.609235
81	0.013746	750	-0.684000	-253.293234
82	0.011916	750	-0.657464	-253.950698
83	0.010240	750	-0.594249	-254.544947
84	0.008714	750	-0.536072	-255.081019
85	0.007334	750	-0.493449	-255.574468
86	0.006093	750	-0.450413	-256.024880
87	0.004988	750	-0.387488	-256.412369
88	0.004013	750	-0.383034	-256.795403
89	0.003162	750	-0.336584	-257.131987
90	0.002430	750	-0.303603	-257.435590
91	0.001810	750	-0.253858	-257.689449
92	0.001296	750	-0.210653	-257.900102
93	0.000882	750	-0.167622	-258.067723
94	0.000559	750	-0.134805	-258.202529
95	0.000320	750	-0.098967	-258.301496
96	0.000156	750	-0.069426	-258.370921
97	0.000057	750	-0.042425	-258.413347
98	0.000010	750	-0.018870	-258.432216
99	0.000000	750	-0.004054	-258.436271
Log marginal likelihood:	-258.436271
0	0.975187	750	-5.932128	-5.932128
1	0.950747	750	-5.852285	-11.784413
2	0.926679	750	-5.774704	-17.559117
3	0.902980	750	-5.694512	-23.253629
4	0.879648	750	-5.609714	-28.863343
5	0.856682	750	-5.579467	-34.442810
6	0.834079	750	-5.457996	-39.900805
7	0.811838	750	-5.347448	-45.248253
8	0.789957	750	-5.265161	-50.513415
9	0.768433	750	-5.215791	-55.729206
10	0.747266	750	-5.123178	-60.852384
11	0.726452	750	-5.038681	-65.891065
12	0.705989	750	-4.916107	-70.807172
13	0.685877	750	-4.835261	-75.642433
14	0.666112	750	-4.775715	-80.418148
15	0.646693	750	-4.697849	-85.115997
16	0.627618	750	-4.608866	-89.724863
17	0.608884	750	-4.564223	-94.289086
18	0.590490	750	-4.498046	-98.787132
19	0.572433	750	-4.444033	-103.231165
20	0.554712	750	-4.294317	-107.525482
21	0.537324	750	-4.269224	-111.794706
22	0.520268	750	-4.173042	-115.967748
23	0.503540	750	-4.089993	-120.057740
24	0.487139	750	-3.978605	-124.036345
25	0.471063	750	-3.921254	-127.957600
26	0.455310	750	-3.872680	-131.830280
27	0.439877	750	-3.821934	-135.652214
28	0.424762	750	-3.740411	-139.392625
29	0.409963	750	-3.659244	-143.051869
30	0.395478	750	-3.561358	-146.613227
31	0.381305	750	-3.547934	-150.161161
32	0.367440	750	-3.433078	-153.594239
33	0.353883	750	-3.372597	-156.966836
34	0.340630	750	-3.290063	-160.256900
35	0.327680	750	-3.236053	-163.492953
36	0.315030	750	-3.175131	-166.668083
37	0.302677	750	-3.086964	-169.755047
38	0.290619	750	-3.019678	-172.774725
39	0.278855	750	-3.010598	-175.785323
40	0.267381	750	-2.926134	-178.711457
41	0.256195	750	-2.865286	-181.576743
42	0.245294	750	-2.792524	-184.369267
43	0.234677	750	-2.714191	-187.083459
44	0.224340	750	-2.607907	-189.691365
45	0.214281	750	-2.610659	-192.302025
46	0.204498	750	-2.639988	-194.942012
47	0.194988	750	-2.422626	-197.364639
48	0.185749	750	-2.453226	-199.817865
49	0.176777	750	-2.326591	-202.144456
50	0.168070	750	-2.293110	-204.437566
51	0.159626	750	-2.420977	-206.858543
52	0.151441	750	-2.196957	-209.055500
53	0.143514	750	-2.111546	-211.167046
54	0.135841	750	-2.141729	-213.308775
55	0.128420	750	-2.103838	-215.412613
56	0.121247	750	-1.981703	-217.394316
57	0.114320	750	-2.010209	-219.404525
58	0.107637	750	-1.924512	-221.329036
59	0.101193	750	-1.883614	-223.212651
60	0.094986	750	-1.807180	-225.019831
61	0.089014	750	-1.745308	-226.765139
62	0.083273	750	-1.707330	-228.472469
63	0.077760	750	-1.610424	-230.082892
64	0.072472	750	-1.584564	-231.667456
65	0.067406	750	-1.485058	-233.152515
66	0.062558	750	-1.445172	-234.597686
67	0.057926	750	-1.382951	-235.980637
68	0.053506	750	-1.297937	-237.278574
69	0.049295	750	-1.258841	-238.537416
70	0.045289	750	-1.227174	-239.764590
71	0.041485	750	-1.199762	-240.964351
72	0.037880	750	-1.106018	-242.070369
73	0.034469	750	-1.085086	-243.155455
74	0.031250	750	-1.026238	-244.181693
75	0.028218	750	-0.969497	-245.151190
76	0.025370	750	-0.948936	-246.100126
77	0.022702	750	-0.855213	-246.955339
78	0.020209	750	-0.826759	-247.782098
79	0.017889	750	-0.786960	-248.569058
80	0.015736	750	-0.731764	-249.300822
81	0.013746	750	-0.696706	-249.997528
82	0.011916	750	-0.601996	-250.599524
83	0.010240	750	-0.575472	-251.174996
84	0.008714	750	-0.543756	-251.718752
85	0.007334	750	-0.489969	-252.208721
86	0.006093	750	-0.446815	-252.655536
87	0.004988	750	-0.414169	-253.069705
88	0.004013	750	-0.355172	-253.424877
89	0.003162	750	-0.323424	-253.748301
90	0.002430	750	-0.285128	-254.033429
91	0.001810	750	-0.235583	-254.269012
92	0.001296	750	-0.192023	-254.461036
93	0.000882	750	-0.187648	-254.648683
94	0.000559	750	-0.132805	-254.781488
95	0.000320	750	-0.092592	-254.874080
96	0.000156	750	-0.067914	-254.941994
97	0.000057	750	-0.039256	-254.981250
98	0.000010	750	-0.019946	-255.001196
99	0.000000	750	-0.004016	-255.005213
Log marginal likelihood:	-255.005213
0	0.975187	750	-6.542932	-6.542932
1	0.950747	750	-6.444761	-12.987693
2	0.926679	750	-6.335135	-19.322828
3	0.902980	750	-6.242901	-25.565729
4	0.879648	750	-6.177728	-31.743457
5	0.856682	750	-6.105248	-37.848705
6	0.834079	750	-5.988782	-43.837488
7	0.811838	750	-5.869755	-49.707242
8	0.789957	750	-5.766765	-55.474008
9	0.768433	750	-5.671770	-61.145777
10	0.747266	750	-5.571778	-66.717555
11	0.726452	750	-5.513213	-72.230768
12	0.705989	750	-5.405859	-77.636627
13	0.685877	750	-5.330553	-82.967179
14	0.666112	750	-5.222789	-88.189968
15	0.646693	750	-5.152719	-93.342687
16	0.627618	750	-5.051854	-98.394541
17	0.608884	750	-4.964221	-103.358763
18	0.590490	750	-4.879777	-108.238540
19	0.572433	750	-4.809880	-113.048420
20	0.554712	750	-4.737834	-117.786254
21	0.537324	750	-4.643875	-122.430129
22	0.520268	750	-4.531358	-126.961486
23	0.503540	750	-4.504979	-131.466466
24	0.487139	750	-4.397126	-135.863592
25	0.471063	750	-4.295950	-140.159542
26	0.455310	750	-4.255589	-144.415131
27	0.439877	750	-4.129752	-148.544883
28	0.424762	750	-4.045042	-152.589924
29	0.409963	750	-4.029344	-156.619268
30	0.395478	750	-3.894751	-160.514019
31	0.381305	750	-3.795929	-164.309948
32	0.367440	750	-3.700010	-168.009958
33	0.353883	750	-3.654398	-171.664357
34	0.340630	750	-3.547017	-175.211374
35	0.327680	750	-3.590658	-178.802032
36	0.315030	750	-3.537162	-182.339194
37	0.302677	750	-3.598894	-185.938088
38	0.290619	750	-3.522711	-189.460799
39	0.278855	750	-3.354989	-192.815789
40	0.267381	750	-3.383486	-196.199275
41	0.256195	750	-3.295236	-199.494511
42	0.245294	750	-3.008532	-202.503043
43	0.234677	750	-3.095271	-205.598313
44	0.224340	750	-3.057445	-208.655759
45	0.214281	750	-3.000759	-211.656518
46	0.204498	750	-2.850619	-214.507137
47	0.194988	750	-2.727866	-217.235003
48	0.185749	750	-2.728207	-219.963210
49	0.176777	750	-2.704355	-222.667564
50	0.168070	750	-2.557975	-225.225539
51	0.159626	750	-2.529110	-227.754650
52	0.151441	750	-2.418947	-230.173596
53	0.143514	750	-2.207890	-232.381486
54	0.135841	750	-2.257366	-234.638853
55	0.128420	750	-2.197611	-236.836463
56	0.121247	750	-2.186616	-239.023079
57	0.114320	750	-2.087000	-241.110079
58	0.107637	750	-2.006772	-243.116851
59	0.101193	750	-1.961474	-245.078326
60	0.094986	750	-1.845917	-246.924243
61	0.089014	750	-1.754386	-248.678629
62	0.083273	750	-1.772329	-250.450958
63	0.077760	750	-1.710917	-252.161875
64	0.072472	750	-1.633450	-253.795325
65	0.067406	750	-1.562366	-255.357692
66	0.062558	750	-1.522373	-256.880065
67	0.057926	750	-1.438596	-258.318661
68	0.053506	750	-1.407257	-259.725918
69	0.049295	750	-1.359744	-261.085662
70	0.045289	750	-1.342590	-262.428252
71	0.041485	750	-1.215948	-263.644200
72	0.037880	750	-1.178252	-264.822452
73	0.034469	750	-1.101807	-265.924259
74	0.031250	750	-1.075635	-266.999894
75	0.028218	750	-1.001841	-268.001735
76	0.025370	750	-0.956605	-268.958339
77	0.022702	750	-0.890868	-269.849207
78	0.020209	750	-0.850925	-270.700132
79	0.017889	750	-0.825682	-271.525815
80	0.015736	750	-0.740180	-272.265995
81	0.013746	750	-0.721592	-272.987587
82	0.011916	750	-0.644980	-273.632567
83	0.010240	750	-0.598399	-274.230966
84	0.008714	750	-0.571110	-274.802076
85	0.007334	750	-0.536986	-275.339062
86	0.006093	750	-0.478006	-275.817067
87	0.004988	750	-0.423024	-276.240092
88	0.004013	750	-0.357034	-276.597126
89	0.003162	750	-0.342965	-276.940091
90	0.002430	750	-0.295036	-277.235127
91	0.001810	750	-0.260181	-277.495308
92	0.001296	750	-0.213877	-277.709185
93	0.000882	750	-0.170441	-277.879625
94	0.000559	750	-0.140565	-278.020190
95	0.000320	750	-0.101103	-278.121293
96	0.000156	750	-0.065769	-278.187062
97	0.000057	750	-0.044211	-278.231273
98	0.000010	750	-0.019789	-278.251062
99	0.000000	750	-0.004169	-278.255231
Log marginal likelihood:	-278.255231
0	0.975187	750	-6.280262	-6.280262
1	0.950747	750	-6.187998	-12.468260
2	0.926679	750	-6.061603	-18.529863
3	0.902980	750	-5.989049	-24.518912
4	0.879648	750	-5.855568	-30.374480
5	0.856682	750	-5.777129	-36.151609
6	0.834079	750	-5.698965	-41.850574
7	0.811838	750	-5.604511	-47.455085
8	0.789957	750	-5.544769	-52.999854
9	0.768433	750	-5.502537	-58.502392
10	0.747266	750	-5.461550	-63.963942
11	0.726452	750	-5.314452	-69.278394
12	0.705989	750	-5.184158	-74.462552
13	0.685877	750	-5.110043	-79.572595
14	0.666112	750	-4.978605	-84.551200
15	0.646693	750	-4.916143	-89.467343
16	0.627618	750	-4.836080	-94.303424
17	0.608884	750	-4.742102	-99.045526
18	0.590490	750	-4.700452	-103.745978
19	0.572433	750	-4.583522	-108.329500
20	0.554712	750	-4.531571	-112.861071
21	0.537324	750	-4.455154	-117.316225
22	0.520268	750	-4.380590	-121.696815
23	0.503540	750	-4.343232	-126.040047
24	0.487139	750	-4.205866	-130.245913
25	0.471063	750	-4.136933	-134.382846
26	0.455310	750	-4.050883	-138.433729
27	0.439877	750	-3.946672	-142.380401
28	0.424762	750	-3.926997	-146.307398
29	0.409963	750	-3.813956	-150.121354
30	0.395478	750	-3.722466	-153.843820
31	0.381305	750	-3.690239	-157.534058
32	0.367440	750	-3.635240	-161.169299
33	0.353883	750	-3.536908	-164.706207
34	0.340630	750	-3.461121	-168.167328
35	0.327680	750	-3.556836	-171.724164
36	0.315030	750	-3.271432	-174.995596
37	0.302677	750	-3.235026	-178.230623
38	0.290619	750	-3.187724	-181.418347
39	0.278855	750	-3.094630	-184.512977
40	0.267381	750	-3.129923	-187.642900
41	0.256195	750	-2.961638	-190.604539
42	0.245294	750	-2.943618	-193.548156
43	0.234677	750	-2.857441	-196.405597
44	0.224340	750	-2.755957	-199.161555
45	0.214281	750	-2.815002	-201.976556
46	0.204498	750	-2.685335	-204.661892
47	0.194988	750	-2.656577	-207.318468
48	0.185749	750	-2.439510	-209.757978
49	0.176777	750	-2.527078	-212.285056
50	0.168070	750	-2.469038	-214.754094
51	0.159626	750	-2.434868	-217.188962
52	0.151441	750	-2.319397	-219.508359
53	0.143514	750	-2.265487	-221.773846
54	0.135841	750	-2.243139	-224.016985
55	0.128420	750	-2.176716	-226.193701
56	0.121247	750	-2.074585	-228.268286
57	0.114320	750	-2.071180	-230.339466
58	0.107637	750	-1.964605	-232.304071
59	0.101193	750	-1.910477	-234.214548
60	0.094986	750	-1.852243	-236.066792
61	0.089014	750	-1.776027	-237.842819
62	0.083273	750	-1.696916	-239.539734
63	0.077760	750	-1.654844	-241.194579
64	0.072472	750	-1.579965	-242.774544
65	0.067406	750	-1.540692	-244.315236
66	0.062558	750	-1.482127	-245.797363
67	0.057926	750	-1.392437	-247.189800
68	0.053506	750	-1.350725	-248.540525
69	0.049295	750	-1.314630	-249.855155
70	0.045289	750	-1.214692	-251.069847
71	0.041485	750	-1.208343	-252.278191
72	0.037880	750	-1.141143	-253.419333
73	0.034469	750	-1.067258	-254.486592
74	0.031250	750	-1.040205	-255.526797
75	0.028218	750	-0.982063	-256.508860
76	0.025370	750	-0.918959	-257.427819
77	0.022702	750	-0.888663	-258.316483
78	0.020209	750	-0.861709	-259.178191
79	0.017889	750	-0.785023	-259.963214
80	0.015736	750	-0.835458	-260.798672
81	0.013746	750	-0.693321	-261.491993
82	0.011916	750	-0.670415	-262.162409
83	0.010240	750	-0.606844	-262.769253
84	0.008714	750	-0.553314	-263.322567
85	0.007334	750	-0.533265	-263.855832
86	0.006093	750	-0.456671	-264.312503
87	0.004988	750	-0.434371	-264.746875
88	0.004013	750	-0.366997	-265.113872
89	0.003162	750	-0.337829	-265.451701
90	0.002430	750	-0.280407	-265.732108
91	0.001810	750	-0.249781	-265.981889
92	0.001296	750	-0.212297	-266.194187
93	0.000882	750	-0.159466	-266.353652
94	0.000559	750	-0.129523	-266.483175
95	0.000320	750	-0.094299	-266.577475
96	0.000156	750	-0.073281	-266.650755
97	0.000057	750	-0.041641	-266.692397
98	0.000010	750	-0.019755	-266.712151
99	0.000000	750	-0.004056	-266.716207
Log marginal likelihood:	-266.716207
0	0.975187	750	-5.892731	-5.892731
1	0.950747	750	-5.761828	-11.654559
2	0.926679	750	-5.743432	-17.397991
3	0.902980	750	-5.648240	-23.046230
4	0.879648	750	-5.505095	-28.551325
5	0.856682	750	-5.456208	-34.007533
6	0.834079	750	-5.349700	-39.357233
7	0.811838	750	-5.282723	-44.639956
8	0.789957	750	-5.198183	-49.838139
9	0.768433	750	-5.097072	-54.935211
10	0.747266	750	-5.031994	-59.967205
11	0.726452	750	-4.955206	-64.922412
12	0.705989	750	-4.880719	-69.803131
13	0.685877	750	-4.777303	-74.580434
14	0.666112	750	-4.668974	-79.249408
15	0.646693	750	-4.621021	-83.870429
16	0.627618	750	-4.533303	-88.403731
17	0.608884	750	-4.499129	-92.902861
18	0.590490	750	-4.398139	-97.301000
19	0.572433	750	-4.333163	-101.634163
20	0.554712	750	-4.233888	-105.868051
21	0.537324	750	-4.148236	-110.016286
22	0.520268	750	-4.102180	-114.118467
23	0.503540	750	-4.014920	-118.133387
24	0.487139	750	-3.948684	-122.082071
25	0.471063	750	-3.892667	-125.974738
26	0.455310	750	-3.783544	-129.758282
27	0.439877	750	-3.703836	-133.462118
28	0.424762	750	-3.644717	-137.106835
29	0.409963	750	-3.577767	-140.684602
30	0.395478	750	-3.482614	-144.167216
31	0.381305	750	-3.440309	-147.607525
32	0.367440	750	-3.367014	-150.974540
33	0.353883	750	-3.297269	-154.271809
34	0.340630	750	-3.233262	-157.505071
35	0.327680	750	-3.146451	-160.651522
36	0.315030	750	-3.096404	-163.747926
37	0.302677	750	-3.024620	-166.772546
38	0.290619	750	-2.947457	-169.720003
39	0.278855	750	-2.920351	-172.640354
40	0.267381	750	-2.826552	-175.466906
41	0.256195	750	-2.732855	-178.199761
42	0.245294	750	-2.744662	-180.944423
43	0.234677	750	-2.638909	-183.583332
44	0.224340	750	-2.648234	-186.231566
45	0.214281	750	-2.522119	-188.753684
46	0.204498	750	-2.482241	-191.235926
47	0.194988	750	-2.388563	-193.624489
48	0.185749	750	-2.325171	-195.949660
49	0.176777	750	-2.278996	-198.228656
50	0.168070	750	-2.193735	-200.422392
51	0.159626	750	-2.236374	-202.658766
52	0.151441	750	-2.325999	-204.984765
53	0.143514	750	-2.325677	-207.310442
54	0.135841	750	-2.257405	-209.567846
55	0.128420	750	-2.168151	-211.735997
56	0.121247	750	-1.981458	-213.717455
57	0.114320	750	-2.033329	-215.750783
58	0.107637	750	-2.011839	-217.762622
59	0.101193	750	-1.896934	-219.659556
60	0.094986	750	-1.802804	-221.462360
61	0.089014	750	-1.740269	-223.202630
62	0.083273	750	-1.733191	-224.935820
63	0.077760	750	-1.660193	-226.596013
64	0.072472	750	-1.564978	-228.160992
65	0.067406	750	-1.510313	-229.671304
66	0.062558	750	-1.491028	-231.162332
67	0.057926	750	-1.427389	-232.589721
68	0.053506	750	-1.356883	-233.946604
69	0.049295	750	-1.282743	-235.229347
70	0.045289	750	-1.248410	-236.477757
71	0.041485	750	-1.184488	-237.662245
72	0.037880	750	-1.151988	-238.814233
73	0.034469	750	-1.083620	-239.897852
74	0.031250	750	-1.008453	-240.906305
75	0.028218	750	-1.031092	-241.937397
76	0.025370	750	-0.936815	-242.874212
77	0.022702	750	-0.889251	-243.763463
78	0.020209	750	-0.843068	-244.606531
79	0.017889	750	-0.790491	-245.397022
80	0.015736	750	-0.753025	-246.150047
81	0.013746	750	-0.696787	-246.846834
82	0.011916	750	-0.668273	-247.515106
83	0.010240	750	-0.607778	-248.122884
84	0.008714	750	-0.593076	-248.715961
85	0.007334	750	-0.501172	-249.217132
86	0.006093	750	-0.469470	-249.686602
87	0.004988	750	-0.418241	-250.104843
88	0.004013	750	-0.384971	-250.489814
89	0.003162	750	-0.348008	-250.837821
90	0.002430	750	-0.283756	-251.121577
91	0.001810	750	-0.257202	-251.378779
92	0.001296	750	-0.201770	-251.580549
93	0.000882	750	-0.162934	-251.743483
94	0.000559	750	-0.138050	-251.881533
95	0.000320	750	-0.105124	-251.986657
96	0.000156	750	-0.064846	-252.051503
97	0.000057	750	-0.043758	-252.095261
98	0.000010	750	-0.021126	-252.116387
99	0.000000	750	-0.004415	-252.120802
Log marginal likelihood:	-252.120802
0	0.975187	750	-5.598587	-5.598587
1	0.950747	750	-5.617473	-11.216061
2	0.926679	750	-5.498896	-16.714956
3	0.902980	750	-5.351054	-22.066011
4	0.879648	750	-5.215836	-27.281847
5	0.856682	750	-5.166884	-32.448730
6	0.834079	750	-5.127656	-37.576386
7	0.811838	750	-4.989386	-42.565772
8	0.789957	750	-4.973119	-47.538892
9	0.768433	750	-4.895380	-52.434272
10	0.747266	750	-4.781256	-57.215528
11	0.726452	750	-4.781872	-61.997399
12	0.705989	750	-4.683590	-66.680990
13	0.685877	750	-4.636240	-71.317230
14	0.666112	750	-4.555482	-75.872711
15	0.646693	750	-4.469590	-80.342301
16	0.627618	750	-4.346934	-84.689236
17	0.608884	750	-4.290802	-88.980037
18	0.590490	750	-4.210317	-93.190354
19	0.572433	750	-4.222840	-97.413194
20	0.554712	750	-4.072197	-101.485391
21	0.537324	750	-4.001872	-105.487264
22	0.520268	750	-3.926173	-109.413437
23	0.503540	750	-3.899537	-113.312974
24	0.487139	750	-3.816153	-117.129127
25	0.471063	750	-3.743463	-120.872590
26	0.455310	750	-3.716413	-124.589003
27	0.439877	750	-3.623055	-128.212058
28	0.424762	750	-3.548884	-131.760941
29	0.409963	750	-3.427369	-135.188311
30	0.395478	750	-3.400052	-138.588363
31	0.381305	750	-3.335141	-141.923504
32	0.367440	750	-3.246676	-145.170180
33	0.353883	750	-3.220810	-148.390990
34	0.340630	750	-3.151043	-151.542033
35	0.327680	750	-3.017940	-154.559973
36	0.315030	750	-2.996694	-157.556667
37	0.302677	750	-2.953920	-160.510587
38	0.290619	750	-2.853783	-163.364369
39	0.278855	750	-2.807334	-166.171703
40	0.267381	750	-2.783427	-168.955130
41	0.256195	750	-2.675989	-171.631120
42	0.245294	750	-2.630875	-174.261995
43	0.234677	750	-2.575862	-176.837857
44	0.224340	750	-2.555381	-179.393238
45	0.214281	750	-2.463748	-181.856985
46	0.204498	750	-2.381741	-184.238727
47	0.194988	750	-2.380907	-186.619634
48	0.185749	750	-2.496789	-189.116423
49	0.176777	750	-2.342617	-191.459040
50	0.168070	750	-2.466787	-193.925827
51	0.159626	750	-2.209302	-196.135129
52	0.151441	750	-2.292469	-198.427598
53	0.143514	750	-2.303598	-200.731197
54	0.135841	750	-2.089850	-202.821047
55	0.128420	750	-2.049449	-204.870496
56	0.121247	750	-2.102427	-206.972922
57	0.114320	750	-1.849263	-208.822185
58	0.107637	750	-1.767499	-210.589684
59	0.101193	750	-1.850114	-212.439798
60	0.094986	750	-1.832400	-214.272198
61	0.089014	750	-1.774340	-216.046538
62	0.083273	750	-1.645952	-217.692491
63	0.077760	750	-1.622544	-219.315035
64	0.072472	750	-1.532844	-220.847878
65	0.067406	750	-1.509960	-222.357838
66	0.062558	750	-1.478974	-223.836812
67	0.057926	750	-1.410614	-225.247427
68	0.053506	750	-1.359482	-226.606908
69	0.049295	750	-1.292223	-227.899132
70	0.045289	750	-1.230812	-229.129944
71	0.041485	750	-1.223966	-230.353910
72	0.037880	750	-1.118065	-231.471975
73	0.034469	750	-1.070226	-232.542201
74	0.031250	750	-1.019769	-233.561970
75	0.028218	750	-0.978219	-234.540189
76	0.025370	750	-0.906380	-235.446568
77	0.022702	750	-0.850681	-236.297249
78	0.020209	750	-0.826052	-237.123301
79	0.017889	750	-0.761799	-237.885100
80	0.015736	750	-0.719492	-238.604592
81	0.013746	750	-0.678511	-239.283103
82	0.011916	750	-0.631264	-239.914367
83	0.010240	750	-0.578771	-240.493138
84	0.008714	750	-0.540471	-241.033610
85	0.007334	750	-0.531997	-241.565606
86	0.006093	750	-0.454508	-242.020114
87	0.004988	750	-0.406376	-242.426490
88	0.004013	750	-0.381622	-242.808112
89	0.003162	750	-0.316804	-243.124916
90	0.002430	750	-0.284900	-243.409816
91	0.001810	750	-0.280599	-243.690414
92	0.001296	750	-0.198958	-243.889372
93	0.000882	750	-0.169070	-244.058442
94	0.000559	750	-0.141368	-244.199809
95	0.000320	750	-0.094497	-244.294307
96	0.000156	750	-0.082056	-244.376362
97	0.000057	750	-0.042694	-244.419057
98	0.000010	750	-0.020334	-244.439391
99	0.000000	750	-0.004154	-244.443545
Log marginal likelihood:	-244.443545
0	0.975187	750	-6.084673	-6.084673
1	0.950747	750	-5.985312	-12.069985
2	0.926679	750	-5.935205	-18.005190
3	0.902980	750	-5.819258	-23.824447
4	0.879648	750	-5.698369	-29.522816
5	0.856682	750	-5.653763	-35.176579
6	0.834079	750	-5.560260	-40.736839
7	0.811838	750	-5.435818	-46.172658
8	0.789957	750	-5.375337	-51.547995
9	0.768433	750	-5.272352	-56.820346
10	0.747266	750	-5.224697	-62.045043
11	0.726452	750	-5.132124	-67.177168
12	0.705989	750	-5.078158	-72.255325
13	0.685877	750	-4.929083	-77.184408
14	0.666112	750	-4.862758	-82.047167
15	0.646693	750	-4.808586	-86.855752
16	0.627618	750	-4.716471	-91.572224
17	0.608884	750	-4.612323	-96.184547
18	0.590490	750	-4.573772	-100.758319
19	0.572433	750	-4.529384	-105.287703
20	0.554712	750	-4.427732	-109.715436
21	0.537324	750	-4.351721	-114.067157
22	0.520268	750	-4.251868	-118.319025
23	0.503540	750	-4.141104	-122.460129
24	0.487139	750	-4.123306	-126.583435
25	0.471063	750	-4.041256	-130.624692
26	0.455310	750	-3.933279	-134.557971
27	0.439877	750	-3.836820	-138.394791
28	0.424762	750	-3.791556	-142.186346
29	0.409963	750	-3.757334	-145.943681
30	0.395478	750	-3.638441	-149.582121
31	0.381305	750	-3.574096	-153.156217
32	0.367440	750	-3.513000	-156.669217
33	0.353883	750	-3.420697	-160.089914
34	0.340630	750	-3.409011	-163.498924
35	0.327680	750	-3.304452	-166.803376
36	0.315030	750	-3.264131	-170.067507
37	0.302677	750	-3.120363	-173.187870
38	0.290619	750	-3.156580	-176.344450
39	0.278855	750	-3.095037	-179.439487
40	0.267381	750	-2.968769	-182.408256
41	0.256195	750	-3.186013	-185.594269
42	0.245294	750	-2.932072	-188.526342
43	0.234677	750	-2.785298	-191.311640
44	0.224340	750	-2.697988	-194.009628
45	0.214281	750	-2.792281	-196.801908
46	0.204498	750	-2.734435	-199.536344
47	0.194988	750	-2.689148	-202.225492
48	0.185749	750	-2.687055	-204.912546
49	0.176777	750	-2.565312	-207.477858
50	0.168070	750	-2.532290	-210.010148
51	0.159626	750	-2.408811	-212.418960
52	0.151441	750	-2.350567	-214.769527
53	0.143514	750	-2.202160	-216.971687
54	0.135841	750	-2.222397	-219.194085
55	0.128420	750	-2.150652	-221.344737
56	0.121247	750	-2.119322	-223.464059
57	0.114320	750	-2.049212	-225.513271
58	0.107637	750	-1.965629	-227.478900
59	0.101193	750	-1.904311	-229.383211
60	0.094986	750	-1.852897	-231.236107
61	0.089014	750	-1.749187	-232.985294
62	0.083273	750	-1.686892	-234.672187
63	0.077760	750	-1.657728	-236.329915
64	0.072472	750	-1.604753	-237.934668
65	0.067406	750	-1.521383	-239.456051
66	0.062558	750	-1.462340	-240.918391
67	0.057926	750	-1.406185	-242.324576
68	0.053506	750	-1.338172	-243.662748
69	0.049295	750	-1.291203	-244.953951
70	0.045289	750	-1.247984	-246.201935
71	0.041485	750	-1.209898	-247.411833
72	0.037880	750	-1.102045	-248.513878
73	0.034469	750	-1.067932	-249.581810
74	0.031250	750	-1.006144	-250.587953
75	0.028218	750	-0.987055	-251.575009
76	0.025370	750	-0.912457	-252.487466
77	0.022702	750	-0.872014	-253.359480
78	0.020209	750	-0.827197	-254.186677
79	0.017889	750	-0.784142	-254.970819
80	0.015736	750	-0.725974	-255.696793
81	0.013746	750	-0.657443	-256.354236
82	0.011916	750	-0.659384	-257.013620
83	0.010240	750	-0.612843	-257.626463
84	0.008714	750	-0.532773	-258.159235
85	0.007334	750	-0.558114	-258.717349
86	0.006093	750	-0.470807	-259.188156
87	0.004988	750	-0.393919	-259.582075
88	0.004013	750	-0.374724	-259.956799
89	0.003162	750	-0.340360	-260.297159
90	0.002430	750	-0.286878	-260.584037
91	0.001810	750	-0.270892	-260.854929
92	0.001296	750	-0.232589	-261.087519
93	0.000882	750	-0.166022	-261.253541
94	0.000559	750	-0.134311	-261.387851
95	0.000320	750	-0.098481	-261.486332
96	0.000156	750	-0.075103	-261.561435
97	0.000057	750	-0.040058	-261.601493
98	0.000010	750	-0.018617	-261.620111
99	0.000000	750	-0.004412	-261.624523
Log marginal likelihood:	-261.624523
0	0.975187	750	-5.988911	-5.988911
1	0.950747	750	-5.966104	-11.955015
2	0.926679	750	-5.854322	-17.809337
3	0.902980	750	-5.837764	-23.647101
4	0.879648	750	-5.676096	-29.323198
5	0.856682	750	-5.569966	-34.893164
6	0.834079	750	-5.621600	-40.514764
7	0.811838	750	-5.473351	-45.988115
8	0.789957	750	-5.380610	-51.368725
9	0.768433	750	-5.290996	-56.659720
10	0.747266	750	-5.161346	-61.821066
11	0.726452	750	-5.066772	-66.887839
12	0.705989	750	-5.001049	-71.888888
13	0.685877	750	-4.922675	-76.811563
14	0.666112	750	-4.875642	-81.687205
15	0.646693	750	-4.822471	-86.509675
16	0.627618	750	-4.749791	-91.259466
17	0.608884	750	-4.577595	-95.837061
18	0.590490	750	-4.531257	-100.368318
19	0.572433	750	-4.453148	-104.821465
20	0.554712	750	-4.409127	-109.230592
21	0.537324	750	-4.369661	-113.600253
22	0.520268	750	-4.203919	-117.804172
23	0.503540	750	-4.153988	-121.958160
24	0.487139	750	-4.054477	-126.012637
25	0.471063	750	-3.995564	-130.008200
26	0.455310	750	-3.886967	-133.895168
27	0.439877	750	-3.944484	-137.839652
28	0.424762	750	-3.774113	-141.613765
29	0.409963	750	-3.730434	-145.344200
30	0.395478	750	-3.685143	-149.029342
31	0.381305	750	-3.544689	-152.574031
32	0.367440	750	-3.496576	-156.070607
33	0.353883	750	-3.447103	-159.517710
34	0.340630	750	-3.373381	-162.891091
35	0.327680	750	-3.310175	-166.201267
36	0.315030	750	-3.247653	-169.448920
37	0.302677	750	-3.178693	-172.627613
38	0.290619	750	-3.048786	-175.676399
39	0.278855	750	-3.014351	-178.690750
40	0.267381	750	-2.968794	-181.659543
41	0.256195	750	-2.886011	-184.545554
42	0.245294	750	-2.820057	-187.365611
43	0.234677	750	-2.730964	-190.096576
44	0.224340	750	-2.722796	-192.819372
45	0.214281	750	-2.836527	-195.655899
46	0.204498	750	-2.662358	-198.318257
47	0.194988	750	-2.581043	-200.899300
48	0.185749	750	-2.467672	-203.366971
49	0.176777	750	-2.450442	-205.817414
50	0.168070	750	-2.514295	-208.331709
51	0.159626	750	-2.390714	-210.722423
52	0.151441	750	-2.295076	-213.017499
53	0.143514	750	-2.322302	-215.339801
54	0.135841	750	-2.215409	-217.555211
55	0.128420	750	-2.117315	-219.672525
56	0.121247	750	-2.099498	-221.772024
57	0.114320	750	-2.031573	-223.803597
58	0.107637	750	-1.980083	-225.783680
59	0.101193	750	-1.912444	-227.696124
60	0.094986	750	-1.786708	-229.482831
61	0.089014	750	-1.791217	-231.274048
62	0.083273	750	-1.697743	-232.971791
63	0.077760	750	-1.631264	-234.603056
64	0.072472	750	-1.606257	-236.209313
65	0.067406	750	-1.506914	-237.716227
66	0.062558	750	-1.459926	-239.176153
67	0.057926	750	-1.417663	-240.593816
68	0.053506	750	-1.390602	-241.984418
69	0.049295	750	-1.303437	-243.287855
70	0.045289	750	-1.223603	-244.511458
71	0.041485	750	-1.198741	-245.710200
72	0.037880	750	-1.123208	-246.833408
73	0.034469	750	-1.084233	-247.917641
74	0.031250	750	-1.070350	-248.987991
75	0.028218	750	-0.983743	-249.971734
76	0.025370	750	-0.952932	-250.924666
77	0.022702	750	-0.886092	-251.810758
78	0.020209	750	-0.839733	-252.650491
79	0.017889	750	-0.766676	-253.417167
80	0.015736	750	-0.732982	-254.150149
81	0.013746	750	-0.645780	-254.795928
82	0.011916	750	-0.641468	-255.437396
83	0.010240	750	-0.576674	-256.014070
84	0.008714	750	-0.542345	-256.556415
85	0.007334	750	-0.519023	-257.075438
86	0.006093	750	-0.455292	-257.530730
87	0.004988	750	-0.409976	-257.940706
88	0.004013	750	-0.409041	-258.349747
89	0.003162	750	-0.315044	-258.664792
90	0.002430	750	-0.312522	-258.977314
91	0.001810	750	-0.239309	-259.216623
92	0.001296	750	-0.206139	-259.422762
93	0.000882	750	-0.182978	-259.605740
94	0.000559	750	-0.120984	-259.726724
95	0.000320	750	-0.093091	-259.819814
96	0.000156	750	-0.071455	-259.891270
97	0.000057	750	-0.043075	-259.934344
98	0.000010	750	-0.019871	-259.954215
99	0.000000	750	-0.003977	-259.958192
Log marginal likelihood:	-259.958192
0	0.975187	750	-6.080834	-6.080834
1	0.950747	750	-5.966133	-12.046967
2	0.926679	750	-5.886468	-17.933436
3	0.902980	750	-5.819732	-23.753167
4	0.879648	750	-5.728308	-29.481475
5	0.856682	750	-5.652219	-35.133693
6	0.834079	750	-5.546775	-40.680469
7	0.811838	750	-5.470137	-46.150606
8	0.789957	750	-5.357396	-51.508002
9	0.768433	750	-5.286799	-56.794802
10	0.747266	750	-5.184670	-61.979472
11	0.726452	750	-5.143775	-67.123246
12	0.705989	750	-5.029511	-72.152758
13	0.685877	750	-4.954840	-77.107598
14	0.666112	750	-4.848459	-81.956057
15	0.646693	750	-4.767861	-86.723918
16	0.627618	750	-4.731284	-91.455201
17	0.608884	750	-4.608221	-96.063423
18	0.590490	750	-4.561330	-100.624752
19	0.572433	750	-4.478437	-105.103189
20	0.554712	750	-4.369189	-109.472378
21	0.537324	750	-4.308144	-113.780522
22	0.520268	750	-4.227951	-118.008472
23	0.503540	750	-4.191973	-122.200446
24	0.487139	750	-4.088357	-126.288803
25	0.471063	750	-4.001077	-130.289880
26	0.455310	750	-3.897004	-134.186884
27	0.439877	750	-3.853677	-138.040561
28	0.424762	750	-3.799760	-141.840321
29	0.409963	750	-3.711197	-145.551518
30	0.395478	750	-3.620380	-149.171898
31	0.381305	750	-3.527110	-152.699008
32	0.367440	750	-3.462488	-156.161497
33	0.353883	750	-3.657718	-159.819215
34	0.340630	750	-3.378019	-163.197234
35	0.327680	750	-3.244615	-166.441849
36	0.315030	750	-3.244318	-169.686167
37	0.302677	750	-3.162921	-172.849087
38	0.290619	750	-3.089067	-175.938155
39	0.278855	750	-3.110002	-179.048157
40	0.267381	750	-2.949820	-181.997977
41	0.256195	750	-2.887736	-184.885713
42	0.245294	750	-2.812805	-187.698518
43	0.234677	750	-2.956475	-190.654993
44	0.224340	750	-2.596053	-193.251046
45	0.214281	750	-2.846751	-196.097796
46	0.204498	750	-2.743616	-198.841412
47	0.194988	750	-2.506342	-201.347755
48	0.185749	750	-2.619625	-203.967379
49	0.176777	750	-2.364199	-206.331578
50	0.168070	750	-2.558491	-208.890069
51	0.159626	750	-2.441195	-211.331264
52	0.151441	750	-2.323818	-213.655082
53	0.143514	750	-2.260676	-215.915758
54	0.135841	750	-2.114316	-218.030073
55	0.128420	750	-2.156369	-220.186443
56	0.121247	750	-2.108546	-222.294989
57	0.114320	750	-2.083816	-224.378805
58	0.107637	750	-1.954301	-226.333106
59	0.101193	750	-1.874145	-228.207251
60	0.094986	750	-1.844607	-230.051858
61	0.089014	750	-1.786146	-231.838005
62	0.083273	750	-1.706317	-233.544321
63	0.077760	750	-1.643245	-235.187566
64	0.072472	750	-1.583445	-236.771011
65	0.067406	750	-1.554535	-238.325546
66	0.062558	750	-1.553260	-239.878806
67	0.057926	750	-1.413690	-241.292496
68	0.053506	750	-1.354677	-242.647173
69	0.049295	750	-1.314462	-243.961635
70	0.045289	750	-1.225520	-245.187155
71	0.041485	750	-1.172703	-246.359858
72	0.037880	750	-1.106735	-247.466593
73	0.034469	750	-1.083742	-248.550335
74	0.031250	750	-1.004196	-249.554531
75	0.028218	750	-0.979458	-250.533989
76	0.025370	750	-0.970451	-251.504441
77	0.022702	750	-0.875410	-252.379850
78	0.020209	750	-0.819067	-253.198917
79	0.017889	750	-0.820767	-254.019684
80	0.015736	750	-0.752258	-254.771942
81	0.013746	750	-0.695249	-255.467191
82	0.011916	750	-0.634018	-256.101208
83	0.010240	750	-0.593105	-256.694313
84	0.008714	750	-0.555142	-257.249455
85	0.007334	750	-0.515458	-257.764912
86	0.006093	750	-0.449540	-258.214452
87	0.004988	750	-0.406898	-258.621350
88	0.004013	750	-0.380369	-259.001719
89	0.003162	750	-0.339043	-259.340762
90	0.002430	750	-0.286877	-259.627639
91	0.001810	750	-0.253621	-259.881260
92	0.001296	750	-0.200696	-260.081956
93	0.000882	750	-0.173147	-260.255102
94	0.000559	750	-0.120352	-260.375455
95	0.000320	750	-0.092646	-260.468100
96	0.000156	750	-0.063163	-260.531264
97	0.000057	750	-0.044438	-260.575702
98	0.000010	750	-0.021682	-260.597384
99	0.000000	750	-0.004091	-260.601475
Log marginal likelihood:	-260.601475
0	0.975187	750	-6.399747	-6.399747
1	0.950747	750	-6.325327	-12.725073
2	0.926679	750	-6.201964	-18.927038
3	0.902980	750	-6.124861	-25.051899
4	0.879648	750	-6.025694	-31.077592
5	0.856682	750	-5.934811	-37.012403
6	0.834079	750	-5.824669	-42.837072
7	0.811838	750	-5.756564	-48.593636
8	0.789957	750	-5.669437	-54.263073
9	0.768433	750	-5.574508	-59.837580
10	0.747266	750	-5.487601	-65.325181
11	0.726452	750	-5.369795	-70.694977
12	0.705989	750	-5.283678	-75.978654
13	0.685877	750	-5.207284	-81.185939
14	0.666112	750	-5.150585	-86.336523
15	0.646693	750	-5.045504	-91.382027
16	0.627618	750	-4.959031	-96.341058
17	0.608884	750	-4.881766	-101.222824
18	0.590490	750	-4.813037	-106.035862
19	0.572433	750	-4.707737	-110.743599
20	0.554712	750	-4.605959	-115.349557
21	0.537324	750	-4.511794	-119.861351
22	0.520268	750	-4.442012	-124.303363
23	0.503540	750	-4.349909	-128.653273
24	0.487139	750	-4.319129	-132.972401
25	0.471063	750	-4.177955	-137.150356
26	0.455310	750	-4.174145	-141.324500
27	0.439877	750	-4.071737	-145.396237
28	0.424762	750	-3.952999	-149.349236
29	0.409963	750	-3.893611	-153.242847
30	0.395478	750	-3.828751	-157.071598
31	0.381305	750	-3.722162	-160.793760
32	0.367440	750	-3.684964	-164.478723
33	0.353883	750	-3.591155	-168.069879
34	0.340630	750	-3.689440	-171.759319
35	0.327680	750	-3.692147	-175.451466
36	0.315030	750	-3.416881	-178.868347
37	0.302677	750	-3.254009	-182.122357
38	0.290619	750	-3.295652	-185.418009
39	0.278855	750	-3.151942	-188.569951
40	0.267381	750	-3.275203	-191.845154
41	0.256195	750	-3.248867	-195.094021
42	0.245294	750	-3.177765	-198.271786
43	0.234677	750	-3.025807	-201.297592
44	0.224340	750	-3.016613	-204.314205
45	0.214281	750	-2.815224	-207.129429
46	0.204498	750	-2.864456	-209.993886
47	0.194988	750	-2.788539	-212.782425
48	0.185749	750	-2.702057	-215.484482
49	0.176777	750	-2.649055	-218.133537
50	0.168070	750	-2.552383	-220.685920
51	0.159626	750	-2.304511	-222.990431
52	0.151441	750	-2.437911	-225.428342
53	0.143514	750	-2.326571	-227.754913
54	0.135841	750	-2.241800	-229.996712
55	0.128420	750	-2.198821	-232.195533
56	0.121247	750	-2.106708	-234.302241
57	0.114320	750	-1.993747	-236.295988
58	0.107637	750	-2.004720	-238.300709
59	0.101193	750	-1.942926	-240.243635
60	0.094986	750	-1.881273	-242.124908
61	0.089014	750	-1.818716	-243.943624
62	0.083273	750	-1.743260	-245.686885
63	0.077760	750	-1.661117	-247.348001
64	0.072472	750	-1.599980	-248.947981
65	0.067406	750	-1.536547	-250.484529
66	0.062558	750	-1.485504	-251.970033
67	0.057926	750	-1.446692	-253.416725
68	0.053506	750	-1.351645	-254.768370
69	0.049295	750	-1.308176	-256.076546
70	0.045289	750	-1.229353	-257.305899
71	0.041485	750	-1.210417	-258.516316
72	0.037880	750	-1.148389	-259.664705
73	0.034469	750	-1.128139	-260.792844
74	0.031250	750	-1.061901	-261.854744
75	0.028218	750	-0.979692	-262.834436
76	0.025370	750	-0.948031	-263.782467
77	0.022702	750	-0.883635	-264.666102
78	0.020209	750	-0.835072	-265.501174
79	0.017889	750	-0.826597	-266.327771
80	0.015736	750	-0.753791	-267.081562
81	0.013746	750	-0.690114	-267.771676
82	0.011916	750	-0.644294	-268.415970
83	0.010240	750	-0.616229	-269.032199
84	0.008714	750	-0.531219	-269.563418
85	0.007334	750	-0.534277	-270.097695
86	0.006093	750	-0.476317	-270.574012
87	0.004988	750	-0.446476	-271.020488
88	0.004013	750	-0.368912	-271.389400
89	0.003162	750	-0.355060	-271.744460
90	0.002430	750	-0.279362	-272.023822
91	0.001810	750	-0.242228	-272.266050
92	0.001296	750	-0.202563	-272.468613
93	0.000882	750	-0.161909	-272.630522
94	0.000559	750	-0.132851	-272.763373
95	0.000320	750	-0.094554	-272.857927
96	0.000156	750	-0.074059	-272.931986
97	0.000057	750	-0.042362	-272.974348
98	0.000010	750	-0.018374	-272.992721
99	0.000000	750	-0.004135	-272.996857
Log marginal likelihood:	-272.996857
0	0.975187	750	-5.901047	-5.901047
1	0.950747	750	-5.822825	-11.723872
2	0.926679	750	-5.724398	-17.448270
3	0.902980	750	-5.694318	-23.142588
4	0.879648	750	-5.623684	-28.766272
5	0.856682	750	-5.585883	-34.352155
6	0.834079	750	-5.402390	-39.754544
7	0.811838	750	-5.304529	-45.059073
8	0.789957	750	-5.313694	-50.372768
9	0.768433	750	-5.178173	-55.550940
10	0.747266	750	-5.066902	-60.617843
11	0.726452	750	-5.048004	-65.665846
12	0.705989	750	-4.957902	-70.623748
13	0.685877	750	-4.831019	-75.454767
14	0.666112	750	-4.757694	-80.212461
15	0.646693	750	-4.796711	-85.009172
16	0.627618	750	-4.661551	-89.670723
17	0.608884	750	-4.556513	-94.227236
18	0.590490	750	-4.463339	-98.690576
19	0.572433	750	-4.372237	-103.062813
20	0.554712	750	-4.292378	-107.355191
21	0.537324	750	-4.277117	-111.632308
22	0.520268	750	-4.120826	-115.753134
23	0.503540	750	-4.058952	-119.812086
24	0.487139	750	-4.033621	-123.845707
25	0.471063	750	-3.948474	-127.794181
26	0.455310	750	-3.890637	-131.684818
27	0.439877	750	-3.826160	-135.510978
28	0.424762	750	-3.783718	-139.294696
29	0.409963	750	-3.605270	-142.899966
30	0.395478	750	-3.603577	-146.503543
31	0.381305	750	-3.459554	-149.963096
32	0.367440	750	-3.466199	-153.429296
33	0.353883	750	-3.346919	-156.776214
34	0.340630	750	-3.293539	-160.069753
35	0.327680	750	-3.277105	-163.346858
36	0.315030	750	-3.150500	-166.497358
37	0.302677	750	-3.060632	-169.557989
38	0.290619	750	-3.023201	-172.581190
39	0.278855	750	-2.984054	-175.565245
40	0.267381	750	-2.909649	-178.474893
41	0.256195	750	-2.920348	-181.395241
42	0.245294	750	-2.901465	-184.296706
43	0.234677	750	-2.825148	-187.121854
44	0.224340	750	-2.774740	-189.896594
45	0.214281	750	-2.733670	-192.630263
46	0.204498	750	-2.754633	-195.384896
47	0.194988	750	-2.608976	-197.993873
48	0.185749	750	-2.413838	-200.407711
49	0.176777	750	-2.396800	-202.804511
50	0.168070	750	-2.443339	-205.247849
51	0.159626	750	-2.432510	-207.680360
52	0.151441	750	-2.274693	-209.955053
53	0.143514	750	-2.233958	-212.189011
54	0.135841	750	-2.169608	-214.358619
55	0.128420	750	-2.161010	-216.519629
56	0.121247	750	-2.045152	-218.564781
57	0.114320	750	-1.928005	-220.492786
58	0.107637	750	-1.871789	-222.364575
59	0.101193	750	-1.906063	-224.270638
60	0.094986	750	-1.803495	-226.074133
61	0.089014	750	-1.749293	-227.823426
62	0.083273	750	-1.663989	-229.487415
63	0.077760	750	-1.621918	-231.109334
64	0.072472	750	-1.527960	-232.637294
65	0.067406	750	-1.524427	-234.161721
66	0.062558	750	-1.432825	-235.594546
67	0.057926	750	-1.380045	-236.974591
68	0.053506	750	-1.332934	-238.307525
69	0.049295	750	-1.262775	-239.570300
70	0.045289	750	-1.251800	-240.822100
71	0.041485	750	-1.176390	-241.998490
72	0.037880	750	-1.131293	-243.129783
73	0.034469	750	-1.079001	-244.208784
74	0.031250	750	-1.034178	-245.242963
75	0.028218	750	-0.949718	-246.192680
76	0.025370	750	-0.912360	-247.105040
77	0.022702	750	-0.877503	-247.982543
78	0.020209	750	-0.807666	-248.790209
79	0.017889	750	-0.773898	-249.564107
80	0.015736	750	-0.715354	-250.279460
81	0.013746	750	-0.693146	-250.972606
82	0.011916	750	-0.726554	-251.699161
83	0.010240	750	-0.577247	-252.276408
84	0.008714	750	-0.529638	-252.806046
85	0.007334	750	-0.517131	-253.323177
86	0.006093	750	-0.442080	-253.765257
87	0.004988	750	-0.395622	-254.160879
88	0.004013	750	-0.371463	-254.532341
89	0.003162	750	-0.328698	-254.861039
90	0.002430	750	-0.281542	-255.142581
91	0.001810	750	-0.266326	-255.408907
92	0.001296	750	-0.205040	-255.613947
93	0.000882	750	-0.169517	-255.783464
94	0.000559	750	-0.122617	-255.906081
95	0.000320	750	-0.094979	-256.001060
96	0.000156	750	-0.070604	-256.071664
97	0.000057	750	-0.039441	-256.111105
98	0.000010	750	-0.019092	-256.130197
99	0.000000	750	-0.004032	-256.134230
Log marginal likelihood:	-256.134230
0	0.975187	750	-5.803346	-5.803346
1	0.950747	750	-5.729181	-11.532528
2	0.926679	750	-5.625891	-17.158419
3	0.902980	750	-5.586666	-22.745086
4	0.879648	750	-5.568162	-28.313247
5	0.856682	750	-5.440484	-33.753731
6	0.834079	750	-5.307091	-39.060822
7	0.811838	750	-5.316576	-44.377398
8	0.789957	750	-5.267370	-49.644768
9	0.768433	750	-5.178991	-54.823759
10	0.747266	750	-5.025860	-59.849620
11	0.726452	750	-4.958123	-64.807743
12	0.705989	750	-4.895619	-69.703361
13	0.685877	750	-4.824413	-74.527775
14	0.666112	750	-4.683954	-79.211729
15	0.646693	750	-4.657852	-83.869581
16	0.627618	750	-4.578613	-88.448194
17	0.608884	750	-4.506679	-92.954873
18	0.590490	750	-4.402071	-97.356943
19	0.572433	750	-4.336275	-101.693218
20	0.554712	750	-4.277632	-105.970850
21	0.537324	750	-4.202310	-110.173160
22	0.520268	750	-4.103163	-114.276323
23	0.503540	750	-4.058656	-118.334979
24	0.487139	750	-3.972328	-122.307307
25	0.471063	750	-3.845971	-126.153278
26	0.455310	750	-3.841610	-129.994888
27	0.439877	750	-3.703558	-133.698446
28	0.424762	750	-3.690289	-137.388735
29	0.409963	750	-3.616882	-141.005617
30	0.395478	750	-3.515463	-144.521080
31	0.381305	750	-3.461678	-147.982758
32	0.367440	750	-3.429466	-151.412223
33	0.353883	750	-3.310334	-154.722557
34	0.340630	750	-3.301491	-158.024048
35	0.327680	750	-3.181322	-161.205370
36	0.315030	750	-3.074663	-164.280033
37	0.302677	750	-3.073115	-167.353148
38	0.290619	750	-3.035226	-170.388375
39	0.278855	750	-2.923561	-173.311936
40	0.267381	750	-2.851241	-176.163177
41	0.256195	750	-2.794378	-178.957555
42	0.245294	750	-2.750408	-181.707963
43	0.234677	750	-2.728126	-184.436090
44	0.224340	750	-2.891443	-187.327532
45	0.214281	750	-2.854385	-190.181917
46	0.204498	750	-2.494401	-192.676318
47	0.194988	750	-2.407023	-195.083341
48	0.185749	750	-2.316195	-197.399537
49	0.176777	750	-2.289416	-199.688953
50	0.168070	750	-2.357628	-202.046580
51	0.159626	750	-2.336712	-204.383292
52	0.151441	750	-2.184369	-206.567662
53	0.143514	750	-2.232191	-208.799853
54	0.135841	750	-2.227021	-211.026873
55	0.128420	750	-1.994973	-213.021846
56	0.121247	750	-2.116495	-215.138341
57	0.114320	750	-2.017199	-217.155540
58	0.107637	750	-1.937946	-219.093486
59	0.101193	750	-1.877724	-220.971210
60	0.094986	750	-1.837290	-222.808500
61	0.089014	750	-1.791843	-224.600343
62	0.083273	750	-1.712221	-226.312564
63	0.077760	750	-1.656003	-227.968567
64	0.072472	750	-1.568452	-229.537020
65	0.067406	750	-1.500797	-231.037816
66	0.062558	750	-1.506395	-232.544212
67	0.057926	750	-1.422736	-233.966947
68	0.053506	750	-1.353679	-235.320626
69	0.049295	750	-1.283666	-236.604292
70	0.045289	750	-1.255673	-237.859965
71	0.041485	750	-1.171243	-239.031208
72	0.037880	750	-1.164953	-240.196161
73	0.034469	750	-1.092726	-241.288887
74	0.031250	750	-1.032527	-242.321414
75	0.028218	750	-0.967050	-243.288464
76	0.025370	750	-0.930315	-244.218779
77	0.022702	750	-0.923001	-245.141780
78	0.020209	750	-0.867980	-246.009760
79	0.017889	750	-0.783714	-246.793474
80	0.015736	750	-0.737353	-247.530827
81	0.013746	750	-0.652166	-248.182993
82	0.011916	750	-0.626346	-248.809339
83	0.010240	750	-0.611667	-249.421006
84	0.008714	750	-0.547267	-249.968273
85	0.007334	750	-0.507423	-250.475696
86	0.006093	750	-0.457401	-250.933097
87	0.004988	750	-0.428865	-251.361962
88	0.004013	750	-0.390955	-251.752917
89	0.003162	750	-0.326430	-252.079347
90	0.002430	750	-0.284040	-252.363387
91	0.001810	750	-0.263698	-252.627085
92	0.001296	750	-0.212020	-252.839105
93	0.000882	750	-0.165922	-253.005027
94	0.000559	750	-0.130012	-253.135039
95	0.000320	750	-0.100137	-253.235176
96	0.000156	750	-0.066584	-253.301760
97	0.000057	750	-0.046157	-253.347917
98	0.000010	750	-0.019576	-253.367493
99	0.000000	750	-0.004486	-253.371979
Log marginal likelihood:	-253.371979
0	0.975187	750	-5.571655	-5.571655
1	0.950747	750	-5.509901	-11.081556
2	0.926679	750	-5.418103	-16.499659
3	0.902980	750	-5.338368	-21.838027
4	0.879648	750	-5.269709	-27.107736
5	0.856682	750	-5.199329	-32.307065
6	0.834079	750	-5.087291	-37.394356
7	0.811838	750	-5.086066	-42.480422
8	0.789957	750	-4.919708	-47.400130
9	0.768433	750	-4.875405	-52.275534
10	0.747266	750	-4.789128	-57.064662
11	0.726452	750	-4.709320	-61.773982
12	0.705989	750	-4.708879	-66.482861
13	0.685877	750	-4.553847	-71.036708
14	0.666112	750	-4.497110	-75.533818
15	0.646693	750	-4.517305	-80.051123
16	0.627618	750	-4.326332	-84.377455
17	0.608884	750	-4.262366	-88.639821
18	0.590490	750	-4.232428	-92.872249
19	0.572433	750	-4.148311	-97.020559
20	0.554712	750	-4.060171	-101.080731
21	0.537324	750	-3.952336	-105.033066
22	0.520268	750	-3.912696	-108.945763
23	0.503540	750	-3.872622	-112.818384
24	0.487139	750	-3.745897	-116.564282
25	0.471063	750	-3.707946	-120.272228
26	0.455310	750	-3.690499	-123.962728
27	0.439877	750	-3.611801	-127.574528
28	0.424762	750	-3.594146	-131.168674
29	0.409963	750	-3.429084	-134.597758
30	0.395478	750	-3.385254	-137.983012
31	0.381305	750	-3.321222	-141.304234
32	0.367440	750	-3.279630	-144.583865
33	0.353883	750	-3.191026	-147.774891
34	0.340630	750	-3.164034	-150.938925
35	0.327680	750	-3.077956	-154.016882
36	0.315030	750	-2.991591	-157.008472
37	0.302677	750	-2.925400	-159.933873
38	0.290619	750	-2.842142	-162.776014
39	0.278855	750	-2.796773	-165.572788
40	0.267381	750	-2.787980	-168.360768
41	0.256195	750	-2.711347	-171.072115
42	0.245294	750	-2.663392	-173.735507
43	0.234677	750	-2.584844	-176.320351
44	0.224340	750	-2.450669	-178.771020
45	0.214281	750	-2.424154	-181.195174
46	0.204498	750	-2.485095	-183.680269
47	0.194988	750	-2.322020	-186.002289
48	0.185749	750	-2.495679	-188.497968
49	0.176777	750	-2.365820	-190.863789
50	0.168070	750	-2.311415	-193.175204
51	0.159626	750	-2.256487	-195.431691
52	0.151441	750	-2.035433	-197.467124
53	0.143514	750	-2.102643	-199.569767
54	0.135841	750	-2.016244	-201.586011
55	0.128420	750	-1.989848	-203.575859
56	0.121247	750	-2.031181	-205.607040
57	0.114320	750	-1.977567	-207.584607
58	0.107637	750	-1.878066	-209.462673
59	0.101193	750	-1.820667	-211.283340
60	0.094986	750	-1.779638	-213.062978
61	0.089014	750	-1.727828	-214.790806
62	0.083273	750	-1.694950	-216.485756
63	0.077760	750	-1.578119	-218.063876
64	0.072472	750	-1.529341	-219.593217
65	0.067406	750	-1.503300	-221.096517
66	0.062558	750	-1.427635	-222.524152
67	0.057926	750	-1.382567	-223.906718
68	0.053506	750	-1.319101	-225.225820
69	0.049295	750	-1.276849	-226.502669
70	0.045289	750	-1.220969	-227.723638
71	0.041485	750	-1.171600	-228.895239
72	0.037880	750	-1.101342	-229.996581
73	0.034469	750	-1.046181	-231.042762
74	0.031250	750	-1.002150	-232.044912
75	0.028218	750	-0.930908	-232.975820
76	0.025370	750	-0.947995	-233.923815
77	0.022702	750	-0.847739	-234.771554
78	0.020209	750	-0.812693	-235.584247
79	0.017889	750	-0.738509	-236.322755
80	0.015736	750	-0.710665	-237.033420
81	0.013746	750	-0.667828	-237.701248
82	0.011916	750	-0.621038	-238.322287
83	0.010240	750	-0.576332	-238.898619
84	0.008714	750	-0.569983	-239.468602
85	0.007334	750	-0.489702	-239.958303
86	0.006093	750	-0.445532	-240.403836
87	0.004988	750	-0.419589	-240.823425
88	0.004013	750	-0.375478	-241.198902
89	0.003162	750	-0.332749	-241.531651
90	0.002430	750	-0.274481	-241.806132
91	0.001810	750	-0.234923	-242.041055
92	0.001296	750	-0.198525	-242.239580
93	0.000882	750	-0.163292	-242.402873
94	0.000559	750	-0.130280	-242.533152
95	0.000320	750	-0.100243	-242.633395
96	0.000156	750	-0.070048	-242.703444
97	0.000057	750	-0.039182	-242.742626
98	0.000010	750	-0.019636	-242.762261
99	0.000000	750	-0.004086	-242.766347
Log marginal likelihood:	-242.766347
0	0.975187	750	-5.759824	-5.759824
1	0.950747	750	-5.675611	-11.435435
2	0.926679	750	-5.576312	-17.011746
3	0.902980	750	-5.523394	-22.535140
4	0.879648	750	-5.420898	-27.956039
5	0.856682	750	-5.334548	-33.290586
6	0.834079	750	-5.268649	-38.559235
7	0.811838	750	-5.177283	-43.736518
8	0.789957	750	-5.097049	-48.833568
9	0.768433	750	-4.996613	-53.830181
10	0.747266	750	-4.927838	-58.758019
11	0.726452	750	-4.851527	-63.609546
12	0.705989	750	-4.788210	-68.397757
13	0.685877	750	-4.701778	-73.099535
14	0.666112	750	-4.588136	-77.687671
15	0.646693	750	-4.509720	-82.197391
16	0.627618	750	-4.447557	-86.644948
17	0.608884	750	-4.373164	-91.018112
18	0.590490	750	-4.317119	-95.335232
19	0.572433	750	-4.206574	-99.541805
20	0.554712	750	-4.152558	-103.694363
21	0.537324	750	-4.109362	-107.803725
22	0.520268	750	-4.004348	-111.808073
23	0.503540	750	-3.919403	-115.727476
24	0.487139	750	-3.842353	-119.569828
25	0.471063	750	-3.788170	-123.357998
26	0.455310	750	-3.698607	-127.056605
27	0.439877	750	-3.648883	-130.705488
28	0.424762	750	-3.574695	-134.280183
29	0.409963	750	-3.483225	-137.763408
30	0.395478	750	-3.414757	-141.178164
31	0.381305	750	-3.325282	-144.503446
32	0.367440	750	-3.277590	-147.781036
33	0.353883	750	-3.218292	-150.999328
34	0.340630	750	-3.212620	-154.211948
35	0.327680	750	-3.098393	-157.310341
36	0.315030	750	-3.016889	-160.327230
37	0.302677	750	-2.955696	-163.282926
38	0.290619	750	-2.906597	-166.189523
39	0.278855	750	-2.808384	-168.997907
40	0.267381	750	-2.798829	-171.796736
41	0.256195	750	-2.730194	-174.526930
42	0.245294	750	-2.602948	-177.129878
43	0.234677	750	-2.609051	-179.738929
44	0.224340	750	-2.560728	-182.299657
45	0.214281	750	-2.528298	-184.827955
46	0.204498	750	-2.396191	-187.224146
47	0.194988	750	-2.364841	-189.588987
48	0.185749	750	-2.435967	-192.024954
49	0.176777	750	-2.228135	-194.253089
50	0.168070	750	-2.426651	-196.679740
51	0.159626	750	-2.327623	-199.007364
52	0.151441	750	-2.230712	-201.238076
53	0.143514	750	-2.167760	-203.405836
54	0.135841	750	-2.065534	-205.471370
55	0.128420	750	-1.955261	-207.426632
56	0.121247	750	-2.036534	-209.463165
57	0.114320	750	-2.037624	-211.500790
58	0.107637	750	-1.909562	-213.410352
59	0.101193	750	-1.879838	-215.290190
60	0.094986	750	-1.820735	-217.110925
61	0.089014	750	-1.764990	-218.875916
62	0.083273	750	-1.732647	-220.608562
63	0.077760	750	-1.643683	-222.252245
64	0.072472	750	-1.563461	-223.815706
65	0.067406	750	-1.532150	-225.347857
66	0.062558	750	-1.481802	-226.829658
67	0.057926	750	-1.381879	-228.211537
68	0.053506	750	-1.356156	-229.567693
69	0.049295	750	-1.332324	-230.900017
70	0.045289	750	-1.292821	-232.192839
71	0.041485	750	-1.158937	-233.351776
72	0.037880	750	-1.157938	-234.509714
73	0.034469	750	-1.106790	-235.616504
74	0.031250	750	-0.990886	-236.607390
75	0.028218	750	-0.965197	-237.572587
76	0.025370	750	-0.958794	-238.531381
77	0.022702	750	-0.850254	-239.381636
78	0.020209	750	-0.849993	-240.231629
79	0.017889	750	-0.766406	-240.998035
80	0.015736	750	-0.744690	-241.742725
81	0.013746	750	-0.707569	-242.450294
82	0.011916	750	-0.629660	-243.079954
83	0.010240	750	-0.588674	-243.668628
84	0.008714	750	-0.532470	-244.201098
85	0.007334	750	-0.503274	-244.704372
86	0.006093	750	-0.476433	-245.180805
87	0.004988	750	-0.401424	-245.582229
88	0.004013	750	-0.366988	-245.949217
89	0.003162	750	-0.325889	-246.275106
90	0.002430	750	-0.281873	-246.556979
91	0.001810	750	-0.237762	-246.794741
92	0.001296	750	-0.213033	-247.007775
93	0.000882	750	-0.159777	-247.167552
94	0.000559	750	-0.137072	-247.304624
95	0.000320	750	-0.102238	-247.406862
96	0.000156	750	-0.073724	-247.480586
97	0.000057	750	-0.039531	-247.520118
98	0.000010	750	-0.019286	-247.539403
99	0.000000	750	-0.004575	-247.543978
Log marginal likelihood:	-247.543978
0	0.975187	750	-6.028214	-6.028214
1	0.950747	750	-5.958051	-11.986265
2	0.926679	750	-5.906192	-17.892457
3	0.902980	750	-5.800747	-23.693204
4	0.879648	750	-5.648591	-29.341795
5	0.856682	750	-5.657426	-34.999221
6	0.834079	750	-5.554178	-40.553399
7	0.811838	750	-5.413007	-45.966406
8	0.789957	750	-5.368177	-51.334583
9	0.768433	750	-5.219355	-56.553938
10	0.747266	750	-5.177371	-61.731308
11	0.726452	750	-5.072812	-66.804120
12	0.705989	750	-5.076477	-71.880597
13	0.685877	750	-4.943615	-76.824212
14	0.666112	750	-4.892274	-81.716485
15	0.646693	750	-4.802556	-86.519041
16	0.627618	750	-4.725725	-91.244767
17	0.608884	750	-4.624369	-95.869136
18	0.590490	750	-4.538140	-100.407276
19	0.572433	750	-4.529789	-104.937065
20	0.554712	750	-4.369405	-109.306470
21	0.537324	750	-4.317533	-113.624002
22	0.520268	750	-4.211234	-117.835236
23	0.503540	750	-4.218471	-122.053707
24	0.487139	750	-4.080031	-126.133739
25	0.471063	750	-4.012405	-130.146144
26	0.455310	750	-3.910018	-134.056162
27	0.439877	750	-3.864112	-137.920274
28	0.424762	750	-3.751717	-141.671991
29	0.409963	750	-3.750900	-145.422891
30	0.395478	750	-3.646564	-149.069455
31	0.381305	750	-3.585418	-152.654873
32	0.367440	750	-3.496631	-156.151504
33	0.353883	750	-3.451028	-159.602532
34	0.340630	750	-3.368474	-162.971006
35	0.327680	750	-3.257818	-166.228824
36	0.315030	750	-3.192975	-169.421798
37	0.302677	750	-3.163175	-172.584973
38	0.290619	750	-3.064949	-175.649922
39	0.278855	750	-3.082493	-178.732415
40	0.267381	750	-2.979629	-181.712044
41	0.256195	750	-2.857812	-184.569856
42	0.245294	750	-2.834506	-187.404362
43	0.234677	750	-2.804560	-190.208923
44	0.224340	750	-2.738653	-192.947576
45	0.214281	750	-2.631535	-195.579111
46	0.204498	750	-2.579355	-198.158467
47	0.194988	750	-2.492576	-200.651043
48	0.185749	750	-2.503012	-203.154055
49	0.176777	750	-2.367062	-205.521117
50	0.168070	750	-2.487531	-208.008648
51	0.159626	750	-2.407686	-210.416334
52	0.151441	750	-2.355166	-212.771500
53	0.143514	750	-2.267411	-215.038912
54	0.135841	750	-2.184252	-217.223164
55	0.128420	750	-1.974152	-219.197316
56	0.121247	750	-2.085492	-221.282808
57	0.114320	750	-2.019892	-223.302700
58	0.107637	750	-1.885464	-225.188164
59	0.101193	750	-1.888086	-227.076250
60	0.094986	750	-1.801038	-228.877288
61	0.089014	750	-1.745852	-230.623139
62	0.083273	750	-1.704167	-232.327307
63	0.077760	750	-1.668036	-233.995343
64	0.072472	750	-1.557526	-235.552868
65	0.067406	750	-1.492729	-237.045597
66	0.062558	750	-1.471321	-238.516918
67	0.057926	750	-1.410228	-239.927146
68	0.053506	750	-1.358546	-241.285691
69	0.049295	750	-1.319403	-242.605095
70	0.045289	750	-1.231770	-243.836865
71	0.041485	750	-1.181477	-245.018341
72	0.037880	750	-1.132817	-246.151159
73	0.034469	750	-1.082951	-247.234110
74	0.031250	750	-1.005817	-248.239927
75	0.028218	750	-0.970505	-249.210432
76	0.025370	750	-0.914723	-250.125155
77	0.022702	750	-0.875809	-251.000963
78	0.020209	750	-0.828616	-251.829579
79	0.017889	750	-0.772351	-252.601930
80	0.015736	750	-0.759170	-253.361100
81	0.013746	750	-0.692159	-254.053260
82	0.011916	750	-0.637865	-254.691125
83	0.010240	750	-0.566437	-255.257562
84	0.008714	750	-0.562258	-255.819820
85	0.007334	750	-0.486384	-256.306204
86	0.006093	750	-0.442567	-256.748771
87	0.004988	750	-0.416905	-257.165675
88	0.004013	750	-0.354801	-257.520476
89	0.003162	750	-0.341770	-257.862246
90	0.002430	750	-0.300857	-258.163103
91	0.001810	750	-0.257789	-258.420893
92	0.001296	750	-0.201198	-258.622090
93	0.000882	750	-0.158641	-258.780731
94	0.000559	750	-0.129806	-258.910537
95	0.000320	750	-0.102308	-259.012845
96	0.000156	750	-0.072138	-259.084983
97	0.000057	750	-0.042500	-259.127482
98	0.000010	750	-0.019055	-259.146537
99	0.000000	750	-0.003683	-259.150221
Log marginal likelihood:	-259.150221
0	0.975187	750	-6.697705	-6.697705
1	0.950747	750	-6.597286	-13.294991
2	0.926679	750	-6.482296	-19.777287
3	0.902980	750	-6.397450	-26.174737
4	0.879648	750	-6.316518	-32.491254
5	0.856682	750	-6.203778	-38.695032
6	0.834079	750	-6.124800	-44.819833
7	0.811838	750	-5.998063	-50.817896
8	0.789957	750	-5.921616	-56.739512
9	0.768433	750	-5.828440	-62.567952
10	0.747266	750	-5.749379	-68.317331
11	0.726452	750	-5.640390	-73.957721
12	0.705989	750	-5.560866	-79.518586
13	0.685877	750	-5.475760	-84.994347
14	0.666112	750	-5.375969	-90.370316
15	0.646693	750	-5.259189	-95.629505
16	0.627618	750	-5.177598	-100.807103
17	0.608884	750	-5.086638	-105.893741
18	0.590490	750	-4.993605	-110.887346
19	0.572433	750	-4.925838	-115.813185
20	0.554712	750	-4.809181	-120.622366
21	0.537324	750	-4.754567	-125.376933
22	0.520268	750	-4.650618	-130.027551
23	0.503540	750	-4.558624	-134.586175
24	0.487139	750	-4.486244	-139.072420
25	0.471063	750	-4.378431	-143.450851
26	0.455310	750	-4.308754	-147.759604
27	0.439877	750	-4.239536	-151.999140
28	0.424762	750	-4.123328	-156.122469
29	0.409963	750	-4.075663	-160.198132
30	0.395478	750	-4.170374	-164.368506
31	0.381305	750	-3.958197	-168.326704
32	0.367440	750	-3.819875	-172.146579
33	0.353883	750	-3.728993	-175.875571
34	0.340630	750	-3.662554	-179.538125
35	0.327680	750	-3.570296	-183.108421
36	0.315030	750	-3.536845	-186.645266
37	0.302677	750	-3.487907	-190.133173
38	0.290619	750	-3.356790	-193.489963
39	0.278855	750	-3.483577	-196.973540
40	0.267381	750	-3.412487	-200.386027
41	0.256195	750	-3.180998	-203.567025
42	0.245294	750	-3.087654	-206.654679
43	0.234677	750	-3.162165	-209.816844
44	0.224340	750	-3.065593	-212.882438
45	0.214281	750	-2.976159	-215.858597
46	0.204498	750	-2.919411	-218.778007
47	0.194988	750	-2.842654	-221.620661
48	0.185749	750	-2.725707	-224.346368
49	0.176777	750	-2.707090	-227.053458
50	0.168070	750	-2.597443	-229.650901
51	0.159626	750	-2.551896	-232.202797
52	0.151441	750	-2.418912	-234.621709
53	0.143514	750	-2.388721	-237.010430
54	0.135841	750	-2.361649	-239.372078
55	0.128420	750	-2.248455	-241.620533
56	0.121247	750	-2.177713	-243.798246
57	0.114320	750	-2.100919	-245.899165
58	0.107637	750	-1.997855	-247.897020
59	0.101193	750	-1.983741	-249.880761
60	0.094986	750	-1.902295	-251.783056
61	0.089014	750	-1.865215	-253.648271
62	0.083273	750	-1.763286	-255.411556
63	0.077760	750	-1.702463	-257.114020
64	0.072472	750	-1.642600	-258.756619
65	0.067406	750	-1.584400	-260.341019
66	0.062558	750	-1.513315	-261.854334
67	0.057926	750	-1.467448	-263.321782
68	0.053506	750	-1.392930	-264.714712
69	0.049295	750	-1.346873	-266.061585
70	0.045289	750	-1.265069	-267.326654
71	0.041485	750	-1.211913	-268.538567
72	0.037880	750	-1.174845	-269.713412
73	0.034469	750	-1.136175	-270.849587
74	0.031250	750	-1.086257	-271.935844
75	0.028218	750	-0.997268	-272.933112
76	0.025370	750	-0.963476	-273.896589
77	0.022702	750	-0.900925	-274.797514
78	0.020209	750	-0.877730	-275.675244
79	0.017889	750	-0.806858	-276.482102
80	0.015736	750	-0.713852	-277.195954
81	0.013746	750	-0.714986	-277.910940
82	0.011916	750	-0.647629	-278.558570
83	0.010240	750	-0.590898	-279.149468
84	0.008714	750	-0.593868	-279.743336
85	0.007334	750	-0.542293	-280.285629
86	0.006093	750	-0.481538	-280.767167
87	0.004988	750	-0.456234	-281.223401
88	0.004013	750	-0.385686	-281.609087
89	0.003162	750	-0.334222	-281.943308
90	0.002430	750	-0.294947	-282.238255
91	0.001810	750	-0.260644	-282.498899
92	0.001296	750	-0.206919	-282.705818
93	0.000882	750	-0.191133	-282.896951
94	0.000559	750	-0.142692	-283.039644
95	0.000320	750	-0.103267	-283.142910
96	0.000156	750	-0.063560	-283.206471
97	0.000057	750	-0.041293	-283.247764
98	0.000010	750	-0.018704	-283.266467
99	0.000000	750	-0.004537	-283.271004
Log marginal likelihood:	-283.271004
0	0.975187	750	-6.145394	-6.145394
1	0.950747	750	-6.052594	-12.197987
2	0.926679	750	-5.962515	-18.160502
3	0.902980	750	-5.893880	-24.054383
4	0.879648	750	-5.829729	-29.884112
5	0.856682	750	-5.699396	-35.583508
6	0.834079	750	-5.626531	-41.210039
7	0.811838	750	-5.538310	-46.748349
8	0.789957	750	-5.453433	-52.201782
9	0.768433	750	-5.416416	-57.618198
10	0.747266	750	-5.285633	-62.903831
11	0.726452	750	-5.196810	-68.100641
12	0.705989	750	-5.118487	-73.219128
13	0.685877	750	-4.990888	-78.210016
14	0.666112	750	-5.010538	-83.220555
15	0.646693	750	-4.855549	-88.076103
16	0.627618	750	-4.772852	-92.848956
17	0.608884	750	-4.703980	-97.552935
18	0.590490	750	-4.629828	-102.182763
19	0.572433	750	-4.544928	-106.727691
20	0.554712	750	-4.544699	-111.272391
21	0.537324	750	-4.385235	-115.657626
22	0.520268	750	-4.288494	-119.946120
23	0.503540	750	-4.201250	-124.147369
24	0.487139	750	-4.114985	-128.262355
25	0.471063	750	-4.067336	-132.329690
26	0.455310	750	-4.055190	-136.384880
27	0.439877	750	-3.958097	-140.342977
28	0.424762	750	-3.873213	-144.216190
29	0.409963	750	-3.811075	-148.027265
30	0.395478	750	-3.799264	-151.826529
31	0.381305	750	-3.727605	-155.554133
32	0.367440	750	-3.557519	-159.111653
33	0.353883	750	-3.560978	-162.672631
34	0.340630	750	-3.391288	-166.063918
35	0.327680	750	-3.304903	-169.368822
36	0.315030	750	-3.367810	-172.736632
37	0.302677	750	-3.279151	-176.015782
38	0.290619	750	-3.218972	-179.234754
39	0.278855	750	-3.095338	-182.330092
40	0.267381	750	-3.073569	-185.403661
41	0.256195	750	-3.081194	-188.484855
42	0.245294	750	-2.964266	-191.449121
43	0.234677	750	-2.929081	-194.378203
44	0.224340	750	-2.797521	-197.175724
45	0.214281	750	-2.850391	-200.026115
46	0.204498	750	-2.751888	-202.778003
47	0.194988	750	-2.607055	-205.385057
48	0.185749	750	-2.576004	-207.961062
49	0.176777	750	-2.595750	-210.556812
50	0.168070	750	-2.496423	-213.053235
51	0.159626	750	-2.435810	-215.489045
52	0.151441	750	-2.299737	-217.788782
53	0.143514	750	-2.265437	-220.054219
54	0.135841	750	-2.228099	-222.282318
55	0.128420	750	-2.115984	-224.398302
56	0.121247	750	-2.147628	-226.545930
57	0.114320	750	-2.019421	-228.565351
58	0.107637	750	-1.978021	-230.543372
59	0.101193	750	-1.923896	-232.467268
60	0.094986	750	-1.847220	-234.314488
61	0.089014	750	-1.757962	-236.072450
62	0.083273	750	-1.712674	-237.785124
63	0.077760	750	-1.638382	-239.423506
64	0.072472	750	-1.609106	-241.032612
65	0.067406	750	-1.562809	-242.595421
66	0.062558	750	-1.514119	-244.109540
67	0.057926	750	-1.415097	-245.524637
68	0.053506	750	-1.357799	-246.882436
69	0.049295	750	-1.318555	-248.200991
70	0.045289	750	-1.251291	-249.452282
71	0.041485	750	-1.200400	-250.652682
72	0.037880	750	-1.164147	-251.816830
73	0.034469	750	-1.118742	-252.935572
74	0.031250	750	-1.052977	-253.988548
75	0.028218	750	-1.026233	-255.014781
76	0.025370	750	-0.930905	-255.945687
77	0.022702	750	-0.909857	-256.855544
78	0.020209	750	-0.801914	-257.657458
79	0.017889	750	-0.776614	-258.434071
80	0.015736	750	-0.739728	-259.173799
81	0.013746	750	-0.656352	-259.830151
82	0.011916	750	-0.633497	-260.463648
83	0.010240	750	-0.611398	-261.075046
84	0.008714	750	-0.547692	-261.622738
85	0.007334	750	-0.484710	-262.107448
86	0.006093	750	-0.462603	-262.570051
87	0.004988	750	-0.415731	-262.985782
88	0.004013	750	-0.357609	-263.343391
89	0.003162	750	-0.340087	-263.683478
90	0.002430	750	-0.272400	-263.955878
91	0.001810	750	-0.243255	-264.199133
92	0.001296	750	-0.202347	-264.401480
93	0.000882	750	-0.185758	-264.587237
94	0.000559	750	-0.138258	-264.725495
95	0.000320	750	-0.097151	-264.822646
96	0.000156	750	-0.078001	-264.900647
97	0.000057	750	-0.038340	-264.938987
98	0.000010	750	-0.021162	-264.960150
99	0.000000	750	-0.004025	-264.964175
Log marginal likelihood:	-264.964175
0	0.975187	750	-5.903517	-5.903517
1	0.950747	750	-5.829080	-11.732597
2	0.926679	750	-5.757477	-17.490074
3	0.902980	750	-5.623869	-23.113942
4	0.879648	750	-5.574252	-28.688194
5	0.856682	750	-5.482458	-34.170652
6	0.834079	750	-5.379199	-39.549851
7	0.811838	750	-5.327582	-44.877433
8	0.789957	750	-5.192332	-50.069766
9	0.768433	750	-5.148635	-55.218401
10	0.747266	750	-5.077972	-60.296373
11	0.726452	750	-4.981055	-65.277428
12	0.705989	750	-4.879806	-70.157234
13	0.685877	750	-4.820888	-74.978122
14	0.666112	750	-4.732202	-79.710324
15	0.646693	750	-4.706648	-84.416972
16	0.627618	750	-4.616225	-89.033196
17	0.608884	750	-4.590581	-93.623777
18	0.590490	750	-4.456951	-98.080728
19	0.572433	750	-4.365500	-102.446228
20	0.554712	750	-4.274524	-106.720752
21	0.537324	750	-4.237068	-110.957820
22	0.520268	750	-4.102148	-115.059968
23	0.503540	750	-4.084051	-119.144019
24	0.487139	750	-4.022826	-123.166845
25	0.471063	750	-3.902173	-127.069018
26	0.455310	750	-3.907750	-130.976768
27	0.439877	750	-3.774263	-134.751031
28	0.424762	750	-3.679409	-138.430440
29	0.409963	750	-3.649705	-142.080145
30	0.395478	750	-3.524636	-145.604782
31	0.381305	750	-3.437164	-149.041946
32	0.367440	750	-3.403199	-152.445145
33	0.353883	750	-3.353947	-155.799092
34	0.340630	750	-3.343081	-159.142173
35	0.327680	750	-3.234817	-162.376990
36	0.315030	750	-3.112127	-165.489117
37	0.302677	750	-3.092272	-168.581390
38	0.290619	750	-2.993191	-171.574580
39	0.278855	750	-2.929318	-174.503899
40	0.267381	750	-2.826605	-177.330503
41	0.256195	750	-2.822025	-180.152528
42	0.245294	750	-2.787752	-182.940280
43	0.234677	750	-2.672567	-185.612847
44	0.224340	750	-2.634997	-188.247844
45	0.214281	750	-2.565075	-190.812919
46	0.204498	750	-2.516525	-193.329445
47	0.194988	750	-2.483890	-195.813334
48	0.185749	750	-2.444965	-198.258300
49	0.176777	750	-2.454350	-200.712650
50	0.168070	750	-2.476170	-203.188820
51	0.159626	750	-2.239595	-205.428415
52	0.151441	750	-2.349279	-207.777694
53	0.143514	750	-2.305608	-210.083302
54	0.135841	750	-2.117125	-212.200427
55	0.128420	750	-1.985431	-214.185858
56	0.121247	750	-1.981701	-216.167560
57	0.114320	750	-1.982561	-218.150120
58	0.107637	750	-1.946727	-220.096847
59	0.101193	750	-1.898334	-221.995181
60	0.094986	750	-1.813416	-223.808597
61	0.089014	750	-1.693835	-225.502431
62	0.083273	750	-1.629986	-227.132417
63	0.077760	750	-1.654662	-228.787079
64	0.072472	750	-1.562856	-230.349934
65	0.067406	750	-1.462997	-231.812931
66	0.062558	750	-1.462976	-233.275907
67	0.057926	750	-1.406191	-234.682098
68	0.053506	750	-1.368430	-236.050529
69	0.049295	750	-1.293489	-237.344018
70	0.045289	750	-1.233452	-238.577470
71	0.041485	750	-1.188322	-239.765792
72	0.037880	750	-1.146093	-240.911885
73	0.034469	750	-1.093880	-242.005765
74	0.031250	750	-1.013298	-243.019063
75	0.028218	750	-0.977856	-243.996919
76	0.025370	750	-0.898431	-244.895350
77	0.022702	750	-0.865566	-245.760916
78	0.020209	750	-0.846114	-246.607030
79	0.017889	750	-0.797366	-247.404396
80	0.015736	750	-0.732832	-248.137229
81	0.013746	750	-0.686979	-248.824208
82	0.011916	750	-0.649593	-249.473801
83	0.010240	750	-0.571657	-250.045457
84	0.008714	750	-0.539200	-250.584658
85	0.007334	750	-0.492914	-251.077572
86	0.006093	750	-0.448431	-251.526003
87	0.004988	750	-0.425053	-251.951056
88	0.004013	750	-0.370093	-252.321149
89	0.003162	750	-0.309965	-252.631114
90	0.002430	750	-0.294830	-252.925944
91	0.001810	750	-0.245937	-253.171881
92	0.001296	750	-0.194612	-253.366493
93	0.000882	750	-0.172341	-253.538834
94	0.000559	750	-0.131048	-253.669882
95	0.000320	750	-0.097241	-253.767123
96	0.000156	750	-0.065621	-253.832744
97	0.000057	750	-0.043695	-253.876438
98	0.000010	750	-0.017656	-253.894095
99	0.000000	750	-0.003652	-253.897746
Log marginal likelihood:	-253.897746
0	0.975187	750	-5.653993	-5.653993
1	0.950747	750	-5.584216	-11.238209
2	0.926679	750	-5.540409	-16.778618
3	0.902980	750	-5.441064	-22.219683
4	0.879648	750	-5.339590	-27.559273
5	0.856682	750	-5.264485	-32.823758
6	0.834079	750	-5.180852	-38.004610
7	0.811838	750	-5.097566	-43.102176
8	0.789957	750	-5.049497	-48.151674
9	0.768433	750	-4.958784	-53.110458
10	0.747266	750	-4.875676	-57.986134
11	0.726452	750	-4.813771	-62.799905
12	0.705989	750	-4.768905	-67.568810
13	0.685877	750	-4.641934	-72.210744
14	0.666112	750	-4.576665	-76.787409
15	0.646693	750	-4.517567	-81.304976
16	0.627618	750	-4.443169	-85.748146
17	0.608884	750	-4.361087	-90.109232
18	0.590490	750	-4.318172	-94.427404
19	0.572433	750	-4.196036	-98.623441
20	0.554712	750	-4.157825	-102.781266
21	0.537324	750	-4.035185	-106.816451
22	0.520268	750	-3.968252	-110.784703
23	0.503540	750	-3.891534	-114.676237
24	0.487139	750	-3.868382	-118.544619
25	0.471063	750	-3.752169	-122.296788
26	0.455310	750	-3.753650	-126.050438
27	0.439877	750	-3.634426	-129.684865
28	0.424762	750	-3.587422	-133.272287
29	0.409963	750	-3.493944	-136.766231
30	0.395478	750	-3.472194	-140.238425
31	0.381305	750	-3.354697	-143.593122
32	0.367440	750	-3.336135	-146.929257
33	0.353883	750	-3.251879	-150.181135
34	0.340630	750	-3.193365	-153.374501
35	0.327680	750	-3.165148	-156.539649
36	0.315030	750	-3.071004	-159.610653
37	0.302677	750	-3.030657	-162.641310
38	0.290619	750	-2.980329	-165.621639
39	0.278855	750	-2.948977	-168.570616
40	0.267381	750	-2.843855	-171.414471
41	0.256195	750	-2.674946	-174.089417
42	0.245294	750	-2.810965	-176.900382
43	0.234677	750	-2.777965	-179.678347
44	0.224340	750	-2.565554	-182.243901
45	0.214281	750	-2.469402	-184.713303
46	0.204498	750	-2.480068	-187.193371
47	0.194988	750	-2.499782	-189.693153
48	0.185749	750	-2.312969	-192.006122
49	0.176777	750	-2.298479	-194.304602
50	0.168070	750	-2.367753	-196.672355
51	0.159626	750	-2.271713	-198.944068
52	0.151441	750	-2.282740	-201.226808
53	0.143514	750	-2.251777	-203.478586
54	0.135841	750	-2.126110	-205.604695
55	0.128420	750	-1.971533	-207.576229
56	0.121247	750	-1.984281	-209.560509
57	0.114320	750	-1.931991	-211.492500
58	0.107637	750	-1.916945	-213.409445
59	0.101193	750	-1.844978	-215.254423
60	0.094986	750	-1.845973	-217.100396
61	0.089014	750	-1.733437	-218.833833
62	0.083273	750	-1.614840	-220.448673
63	0.077760	750	-1.652616	-222.101289
64	0.072472	750	-1.538782	-223.640070
65	0.067406	750	-1.486796	-225.126866
66	0.062558	750	-1.414949	-226.541815
67	0.057926	750	-1.402307	-227.944122
68	0.053506	750	-1.345170	-229.289292
69	0.049295	750	-1.307599	-230.596891
70	0.045289	750	-1.216767	-231.813658
71	0.041485	750	-1.184209	-232.997868
72	0.037880	750	-1.111509	-234.109377
73	0.034469	750	-1.073401	-235.182778
74	0.031250	750	-0.974095	-236.156873
75	0.028218	750	-0.961814	-237.118687
76	0.025370	750	-0.920923	-238.039610
77	0.022702	750	-0.841073	-238.880683
78	0.020209	750	-0.801739	-239.682422
79	0.017889	750	-0.758002	-240.440424
80	0.015736	750	-0.705252	-241.145676
81	0.013746	750	-0.672726	-241.818402
82	0.011916	750	-0.659099	-242.477501
83	0.010240	750	-0.581571	-243.059072
84	0.008714	750	-0.539321	-243.598393
85	0.007334	750	-0.477409	-244.075802
86	0.006093	750	-0.494944	-244.570746
87	0.004988	750	-0.431082	-245.001827
88	0.004013	750	-0.370891	-245.372718
89	0.003162	750	-0.322589	-245.695307
90	0.002430	750	-0.310778	-246.006084
91	0.001810	750	-0.258057	-246.264141
92	0.001296	750	-0.214280	-246.478422
93	0.000882	750	-0.183203	-246.661625
94	0.000559	750	-0.135963	-246.797588
95	0.000320	750	-0.098649	-246.896237
96	0.000156	750	-0.071361	-246.967598
97	0.000057	750	-0.040878	-247.008477
98	0.000010	750	-0.017747	-247.026224
99	0.000000	750	-0.003884	-247.030108
Log marginal likelihood:	-247.030108
0	0.975187	750	-6.214840	-6.214840
1	0.950747	750	-6.098643	-12.313483
2	0.926679	750	-6.044968	-18.358452
3	0.902980	750	-5.912871	-24.271323
4	0.879648	750	-5.864841	-30.136164
5	0.856682	750	-5.803877	-35.940041
6	0.834079	750	-5.664814	-41.604854
7	0.811838	750	-5.598598	-47.203452
8	0.789957	750	-5.475878	-52.679330
9	0.768433	750	-5.392670	-58.072000
10	0.747266	750	-5.366297	-63.438297
11	0.726452	750	-5.250460	-68.688757
12	0.705989	750	-5.206643	-73.895400
13	0.685877	750	-5.089640	-78.985040
14	0.666112	750	-5.044595	-84.029635
15	0.646693	750	-4.906946	-88.936581
16	0.627618	750	-4.841617	-93.778199
17	0.608884	750	-4.712549	-98.490748
18	0.590490	750	-4.732139	-103.222887
19	0.572433	750	-4.626706	-107.849593
20	0.554712	750	-4.576666	-112.426258
21	0.537324	750	-4.476788	-116.903047
22	0.520268	750	-4.350020	-121.253067
23	0.503540	750	-4.293173	-125.546240
24	0.487139	750	-4.194085	-129.740325
25	0.471063	750	-4.142579	-133.882904
26	0.455310	750	-4.120740	-138.003643
27	0.439877	750	-4.029797	-142.033440
28	0.424762	750	-3.865154	-145.898594
29	0.409963	750	-3.811650	-149.710243
30	0.395478	750	-3.725116	-153.435359
31	0.381305	750	-3.674997	-157.110355
32	0.367440	750	-3.588902	-160.699257
33	0.353883	750	-3.541996	-164.241253
34	0.340630	750	-3.429156	-167.670409
35	0.327680	750	-3.404355	-171.074765
36	0.315030	750	-3.284662	-174.359427
37	0.302677	750	-3.187194	-177.546621
38	0.290619	750	-3.430657	-180.977278
39	0.278855	750	-3.362313	-184.339591
40	0.267381	750	-3.077291	-187.416882
41	0.256195	750	-2.970013	-190.386895
42	0.245294	750	-2.903614	-193.290509
43	0.234677	750	-2.866115	-196.156623
44	0.224340	750	-2.947826	-199.104449
45	0.214281	750	-2.820812	-201.925261
46	0.204498	750	-2.825923	-204.751185
47	0.194988	750	-2.738034	-207.489219
48	0.185749	750	-2.607698	-210.096917
49	0.176777	750	-2.600936	-212.697853
50	0.168070	750	-2.454830	-215.152682
51	0.159626	750	-2.463701	-217.616384
52	0.151441	750	-2.414757	-220.031141
53	0.143514	750	-2.299034	-222.330176
54	0.135841	750	-2.205058	-224.535234
55	0.128420	750	-2.170213	-226.705447
56	0.121247	750	-2.080727	-228.786173
57	0.114320	750	-2.037883	-230.824057
58	0.107637	750	-1.939836	-232.763893
59	0.101193	750	-1.897046	-234.660939
60	0.094986	750	-1.796428	-236.457367
61	0.089014	750	-1.795063	-238.252430
62	0.083273	750	-1.704988	-239.957417
63	0.077760	750	-1.657827	-241.615244
64	0.072472	750	-1.582628	-243.197872
65	0.067406	750	-1.524524	-244.722396
66	0.062558	750	-1.470772	-246.193168
67	0.057926	750	-1.420731	-247.613899
68	0.053506	750	-1.364390	-248.978289
69	0.049295	750	-1.328869	-250.307158
70	0.045289	750	-1.232347	-251.539505
71	0.041485	750	-1.179001	-252.718506
72	0.037880	750	-1.142872	-253.861378
73	0.034469	750	-1.077691	-254.939069
74	0.031250	750	-1.030019	-255.969088
75	0.028218	750	-0.966754	-256.935842
76	0.025370	750	-0.940238	-257.876080
77	0.022702	750	-0.849930	-258.726010
78	0.020209	750	-0.797989	-259.523999
79	0.017889	750	-0.751195	-260.275194
80	0.015736	750	-0.729345	-261.004539
81	0.013746	750	-0.715079	-261.719618
82	0.011916	750	-0.615840	-262.335457
83	0.010240	750	-0.576967	-262.912424
84	0.008714	750	-0.565927	-263.478351
85	0.007334	750	-0.502710	-263.981061
86	0.006093	750	-0.442897	-264.423958
87	0.004988	750	-0.409662	-264.833620
88	0.004013	750	-0.358609	-265.192228
89	0.003162	750	-0.326812	-265.519040
90	0.002430	750	-0.282251	-265.801291
91	0.001810	750	-0.269237	-266.070528
92	0.001296	750	-0.210697	-266.281225
93	0.000882	750	-0.165578	-266.446803
94	0.000559	750	-0.131803	-266.578606
95	0.000320	750	-0.103899	-266.682505
96	0.000156	750	-0.062048	-266.744553
97	0.000057	750	-0.038626	-266.783179
98	0.000010	750	-0.018115	-266.801293
99	0.000000	750	-0.004101	-266.805395
Log marginal likelihood:	-266.805395
0	0.975187	750	-6.067046	-6.067046
1	0.950747	750	-5.995750	-12.062796
2	0.926679	750	-5.894332	-17.957128
3	0.902980	750	-5.793999	-23.751127
4	0.879648	750	-5.722426	-29.473553
5	0.856682	750	-5.653670	-35.127222
6	0.834079	750	-5.537443	-40.664666
7	0.811838	750	-5.460732	-46.125397
8	0.789957	750	-5.358190	-51.483587
9	0.768433	750	-5.298861	-56.782448
10	0.747266	750	-5.188185	-61.970632
11	0.726452	750	-5.108855	-67.079487
12	0.705989	750	-5.018918	-72.098405
13	0.685877	750	-4.999493	-77.097898
14	0.666112	750	-4.864932	-81.962830
15	0.646693	750	-4.777364	-86.740194
16	0.627618	750	-4.750083	-91.490277
17	0.608884	750	-4.623903	-96.114180
18	0.590490	750	-4.548635	-100.662815
19	0.572433	750	-4.521512	-105.184328
20	0.554712	750	-4.391730	-109.576058
21	0.537324	750	-4.331232	-113.907290
22	0.520268	750	-4.280983	-118.188274
23	0.503540	750	-4.181484	-122.369758
24	0.487139	750	-4.108200	-126.477958
25	0.471063	750	-4.020271	-130.498229
26	0.455310	750	-3.978224	-134.476453
27	0.439877	750	-3.904240	-138.380694
28	0.424762	750	-3.815231	-142.195925
29	0.409963	750	-3.741920	-145.937846
30	0.395478	750	-3.628504	-149.566350
31	0.381305	750	-3.567191	-153.133541
32	0.367440	750	-3.576369	-156.709910
33	0.353883	750	-3.467835	-160.177745
34	0.340630	750	-3.402962	-163.580707
35	0.327680	750	-3.249503	-166.830210
36	0.315030	750	-3.196985	-170.027194
37	0.302677	750	-3.211486	-173.238681
38	0.290619	750	-3.092851	-176.331532
39	0.278855	750	-2.991322	-179.322854
40	0.267381	750	-3.015031	-182.337885
41	0.256195	750	-2.908309	-185.246194
42	0.245294	750	-2.765875	-188.012069
43	0.234677	750	-2.996360	-191.008429
44	0.224340	750	-2.914474	-193.922903
45	0.214281	750	-2.850060	-196.772964
46	0.204498	750	-2.741378	-199.514342
47	0.194988	750	-2.634778	-202.149120
48	0.185749	750	-2.509385	-204.658505
49	0.176777	750	-2.407783	-207.066288
50	0.168070	750	-2.413491	-209.479779
51	0.159626	750	-2.366714	-211.846493
52	0.151441	750	-2.265829	-214.112322
53	0.143514	750	-2.173141	-216.285463
54	0.135841	750	-2.166600	-218.452063
55	0.128420	750	-2.097106	-220.549168
56	0.121247	750	-2.089938	-222.639107
57	0.114320	750	-1.968391	-224.607498
58	0.107637	750	-1.949007	-226.556504
59	0.101193	750	-1.799622	-228.356127
60	0.094986	750	-1.856577	-230.212704
61	0.089014	750	-1.736066	-231.948770
62	0.083273	750	-1.646184	-233.594954
63	0.077760	750	-1.619754	-235.214708
64	0.072472	750	-1.558978	-236.773686
65	0.067406	750	-1.525287	-238.298973
66	0.062558	750	-1.457170	-239.756143
67	0.057926	750	-1.373443	-241.129586
68	0.053506	750	-1.317716	-242.447301
69	0.049295	750	-1.300795	-243.748097
70	0.045289	750	-1.248298	-244.996395
71	0.041485	750	-1.199783	-246.196178
72	0.037880	750	-1.149584	-247.345762
73	0.034469	750	-1.094931	-248.440693
74	0.031250	750	-1.011299	-249.451992
75	0.028218	750	-0.948506	-250.400498
76	0.025370	750	-0.914823	-251.315322
77	0.022702	750	-0.904168	-252.219490
78	0.020209	750	-0.841578	-253.061068
79	0.017889	750	-0.769369	-253.830437
80	0.015736	750	-0.704649	-254.535086
81	0.013746	750	-0.685453	-255.220538
82	0.011916	750	-0.625598	-255.846136
83	0.010240	750	-0.585145	-256.431281
84	0.008714	750	-0.538987	-256.970268
85	0.007334	750	-0.507260	-257.477528
86	0.006093	750	-0.456677	-257.934205
87	0.004988	750	-0.414789	-258.348994
88	0.004013	750	-0.387467	-258.736461
89	0.003162	750	-0.333747	-259.070208
90	0.002430	750	-0.296835	-259.367043
91	0.001810	750	-0.251821	-259.618864
92	0.001296	750	-0.221193	-259.840057
93	0.000882	750	-0.167163	-260.007220
94	0.000559	750	-0.126295	-260.133515
95	0.000320	750	-0.106738	-260.240253
96	0.000156	750	-0.069494	-260.309747
97	0.000057	750	-0.040468	-260.350215
98	0.000010	750	-0.018912	-260.369127
99	0.000000	750	-0.003848	-260.372975
Log marginal likelihood:	-260.372975
0	0.975187	750	-5.815767	-5.815767
1	0.950747	750	-5.750323	-11.566089
2	0.926679	750	-5.651315	-17.217404
3	0.902980	750	-5.534357	-22.751761
4	0.879648	750	-5.450489	-28.202250
5	0.856682	750	-5.419708	-33.621959
6	0.834079	750	-5.294970	-38.916929
7	0.811838	750	-5.219733	-44.136662
8	0.789957	750	-5.157232	-49.293894
9	0.768433	750	-5.033953	-54.327847
10	0.747266	750	-4.973934	-59.301781
11	0.726452	750	-4.882161	-64.183942
12	0.705989	750	-4.810564	-68.994506
13	0.685877	750	-4.731979	-73.726484
14	0.666112	750	-4.698521	-78.425005
15	0.646693	750	-4.571744	-82.996749
16	0.627618	750	-4.496658	-87.493407
17	0.608884	750	-4.405765	-91.899173
18	0.590490	750	-4.329857	-96.229030
19	0.572433	750	-4.272901	-100.501930
20	0.554712	750	-4.192220	-104.694150
21	0.537324	750	-4.134853	-108.829003
22	0.520268	750	-4.042829	-112.871832
23	0.503540	750	-3.968077	-116.839910
24	0.487139	750	-3.867443	-120.707353
25	0.471063	750	-3.794560	-124.501913
26	0.455310	750	-3.769917	-128.271830
27	0.439877	750	-3.669121	-131.940951
28	0.424762	750	-3.601394	-135.542345
29	0.409963	750	-3.549926	-139.092271
30	0.395478	750	-3.466386	-142.558658
31	0.381305	750	-3.367267	-145.925925
32	0.367440	750	-3.354365	-149.280290
33	0.353883	750	-3.232048	-152.512337
34	0.340630	750	-3.181207	-155.693545
35	0.327680	750	-3.109051	-158.802596
36	0.315030	750	-3.045203	-161.847799
37	0.302677	750	-2.987106	-164.834905
38	0.290619	750	-2.959749	-167.794654
39	0.278855	750	-3.155417	-170.950071
40	0.267381	750	-2.753858	-173.703929
41	0.256195	750	-2.853914	-176.557843
42	0.245294	750	-2.869693	-179.427537
43	0.234677	750	-2.737025	-182.164562
44	0.224340	750	-2.615667	-184.780228
45	0.214281	750	-2.503451	-187.283679
46	0.204498	750	-2.384643	-189.668322
47	0.194988	750	-2.332011	-192.000333
48	0.185749	750	-2.469411	-194.469744
49	0.176777	750	-2.258738	-196.728483
50	0.168070	750	-2.301035	-199.029518
51	0.159626	750	-2.291131	-201.320649
52	0.151441	750	-2.224273	-203.544922
53	0.143514	750	-2.191545	-205.736467
54	0.135841	750	-2.129435	-207.865902
55	0.128420	750	-2.103472	-209.969374
56	0.121247	750	-2.026739	-211.996113
57	0.114320	750	-2.003741	-213.999854
58	0.107637	750	-1.924120	-215.923974
59	0.101193	750	-1.793429	-217.717404
60	0.094986	750	-1.789611	-219.507015
61	0.089014	750	-1.754641	-221.261656
62	0.083273	750	-1.668345	-222.930001
63	0.077760	750	-1.627109	-224.557110
64	0.072472	750	-1.585002	-226.142112
65	0.067406	750	-1.465369	-227.607481
66	0.062558	750	-1.448807	-229.056288
67	0.057926	750	-1.372380	-230.428668
68	0.053506	750	-1.306847	-231.735515
69	0.049295	750	-1.217129	-232.952644
70	0.045289	750	-1.185562	-234.138206
71	0.041485	750	-1.170613	-235.308818
72	0.037880	750	-1.133956	-236.442774
73	0.034469	750	-1.070598	-237.513372
74	0.031250	750	-0.964286	-238.477659
75	0.028218	750	-0.940827	-239.418486
76	0.025370	750	-0.871639	-240.290125
77	0.022702	750	-0.884723	-241.174847
78	0.020209	750	-0.882090	-242.056937
79	0.017889	750	-0.768134	-242.825072
80	0.015736	750	-0.732461	-243.557533
81	0.013746	750	-0.688484	-244.246017
82	0.011916	750	-0.615243	-244.861260
83	0.010240	750	-0.635616	-245.496876
84	0.008714	750	-0.593984	-246.090860
85	0.007334	750	-0.513401	-246.604262
86	0.006093	750	-0.479962	-247.084224
87	0.004988	750	-0.441435	-247.525659
88	0.004013	750	-0.380509	-247.906168
89	0.003162	750	-0.340608	-248.246776
90	0.002430	750	-0.287040	-248.533816
91	0.001810	750	-0.234964	-248.768780
92	0.001296	750	-0.201632	-248.970412
93	0.000882	750	-0.164895	-249.135307
94	0.000559	750	-0.133350	-249.268657
95	0.000320	750	-0.104239	-249.372896
96	0.000156	750	-0.063541	-249.436437
97	0.000057	750	-0.047524	-249.483962
98	0.000010	750	-0.017229	-249.501190
99	0.000000	750	-0.004316	-249.505506
Log marginal likelihood:	-249.505506
0	0.975187	750	-6.198965	-6.198965
1	0.950747	750	-6.111218	-12.310183
2	0.926679	750	-6.014442	-18.324626
3	0.902980	750	-5.950316	-24.274942
4	0.879648	750	-5.839585	-30.114527
5	0.856682	750	-5.712311	-35.826838
6	0.834079	750	-5.657975	-41.484813
7	0.811838	750	-5.585451	-47.070263
8	0.789957	750	-5.495461	-52.565724
9	0.768433	750	-5.417174	-57.982898
10	0.747266	750	-5.287590	-63.270488
11	0.726452	750	-5.218992	-68.489480
12	0.705989	750	-5.144951	-73.634431
13	0.685877	750	-5.035311	-78.669742
14	0.666112	750	-4.966392	-83.636134
15	0.646693	750	-4.885380	-88.521514
16	0.627618	750	-4.846992	-93.368505
17	0.608884	750	-4.722932	-98.091437
18	0.590490	750	-4.634406	-102.725843
19	0.572433	750	-4.559912	-107.285755
20	0.554712	750	-4.476128	-111.761884
21	0.537324	750	-4.383146	-116.145029
22	0.520268	750	-4.340720	-120.485749
23	0.503540	750	-4.232931	-124.718680
24	0.487139	750	-4.177228	-128.895908
25	0.471063	750	-4.087783	-132.983691
26	0.455310	750	-4.030416	-137.014107
27	0.439877	750	-3.934117	-140.948225
28	0.424762	750	-3.832826	-144.781051
29	0.409963	750	-3.774375	-148.555426
30	0.395478	750	-3.678041	-152.233467
31	0.381305	750	-3.591258	-155.824726
32	0.367440	750	-3.553619	-159.378344
33	0.353883	750	-3.504731	-162.883075
34	0.340630	750	-3.401944	-166.285019
35	0.327680	750	-3.393030	-169.678049
36	0.315030	750	-3.318130	-172.996178
37	0.302677	750	-3.188944	-176.185122
38	0.290619	750	-3.291152	-179.476274
39	0.278855	750	-3.342672	-182.818946
40	0.267381	750	-3.139733	-185.958679
41	0.256195	750	-2.884815	-188.843494
42	0.245294	750	-3.098512	-191.942006
43	0.234677	750	-2.760388	-194.702395
44	0.224340	750	-2.775468	-197.477863
45	0.214281	750	-2.666423	-200.144286
46	0.204498	750	-2.645106	-202.789392
47	0.194988	750	-2.672732	-205.462124
48	0.185749	750	-2.637835	-208.099959
49	0.176777	750	-2.580007	-210.679966
50	0.168070	750	-2.521456	-213.201422
51	0.159626	750	-2.462470	-215.663892
52	0.151441	750	-2.409249	-218.073141
53	0.143514	750	-2.188691	-220.261832
54	0.135841	750	-2.243294	-222.505126
55	0.128420	750	-2.131140	-224.636266
56	0.121247	750	-2.130365	-226.766631
57	0.114320	750	-2.043414	-228.810045
58	0.107637	750	-1.965437	-230.775482
59	0.101193	750	-1.761488	-232.536970
60	0.094986	750	-1.838237	-234.375207
61	0.089014	750	-1.773526	-236.148733
62	0.083273	750	-1.720172	-237.868904
63	0.077760	750	-1.662263	-239.531168
64	0.072472	750	-1.569124	-241.100291
65	0.067406	750	-1.522563	-242.622854
66	0.062558	750	-1.467808	-244.090663
67	0.057926	750	-1.419395	-245.510058
68	0.053506	750	-1.357872	-246.867930
69	0.049295	750	-1.322225	-248.190154
70	0.045289	750	-1.233720	-249.423874
71	0.041485	750	-1.191107	-250.614981
72	0.037880	750	-1.177406	-251.792388
73	0.034469	750	-1.070694	-252.863081
74	0.031250	750	-1.045783	-253.908864
75	0.028218	750	-0.962366	-254.871231
76	0.025370	750	-0.938019	-255.809250
77	0.022702	750	-0.912038	-256.721288
78	0.020209	750	-0.813833	-257.535121
79	0.017889	750	-0.766804	-258.301925
80	0.015736	750	-0.757441	-259.059366
81	0.013746	750	-0.688189	-259.747555
82	0.011916	750	-0.628208	-260.375763
83	0.010240	750	-0.598134	-260.973897
84	0.008714	750	-0.568100	-261.541997
85	0.007334	750	-0.558020	-262.100017
86	0.006093	750	-0.465678	-262.565694
87	0.004988	750	-0.423231	-262.988925
88	0.004013	750	-0.359611	-263.348537
89	0.003162	750	-0.357912	-263.706448
90	0.002430	750	-0.302759	-264.009207
91	0.001810	750	-0.246172	-264.255380
92	0.001296	750	-0.208383	-264.463762
93	0.000882	750	-0.172252	-264.636014
94	0.000559	750	-0.147281	-264.783295
95	0.000320	750	-0.096450	-264.879745
96	0.000156	750	-0.071225	-264.950970
97	0.000057	750	-0.038807	-264.989777
98	0.000010	750	-0.021083	-265.010860
99	0.000000	750	-0.004351	-265.015211
Log marginal likelihood:	-265.015211
0	0.975187	750	-6.095911	-6.095911
1	0.950747	750	-5.987309	-12.083220
2	0.926679	750	-5.923420	-18.006640
3	0.902980	750	-5.826942	-23.833582
4	0.879648	750	-5.734429	-29.568011
5	0.856682	750	-5.642547	-35.210558
6	0.834079	750	-5.563307	-40.773865
7	0.811838	750	-5.448933	-46.222797
8	0.789957	750	-5.378585	-51.601382
9	0.768433	750	-5.331513	-56.932895
10	0.747266	750	-5.191921	-62.124816
11	0.726452	750	-5.124352	-67.249167
12	0.705989	750	-5.032390	-72.281558
13	0.685877	750	-5.013811	-77.295368
14	0.666112	750	-4.899167	-82.194535
15	0.646693	750	-4.822613	-87.017148
16	0.627618	750	-4.727062	-91.744211
17	0.608884	750	-4.716839	-96.461049
18	0.590490	750	-4.541460	-101.002509
19	0.572433	750	-4.547110	-105.549620
20	0.554712	750	-4.433277	-109.982896
21	0.537324	750	-4.336919	-114.319816
22	0.520268	750	-4.265263	-118.585078
23	0.503540	750	-4.176370	-122.761448
24	0.487139	750	-4.113652	-126.875100
25	0.471063	750	-4.049144	-130.924245
26	0.455310	750	-3.919223	-134.843468
27	0.439877	750	-3.912066	-138.755534
28	0.424762	750	-3.818083	-142.573617
29	0.409963	750	-3.772281	-146.345898
30	0.395478	750	-3.635237	-149.981135
31	0.381305	750	-3.586287	-153.567422
32	0.367440	750	-3.519667	-157.087090
33	0.353883	750	-3.441325	-160.528414
34	0.340630	750	-3.393735	-163.922150
35	0.327680	750	-3.269049	-167.191199
36	0.315030	750	-3.307064	-170.498263
37	0.302677	750	-3.155923	-173.654186
38	0.290619	750	-3.089487	-176.743673
39	0.278855	750	-3.037611	-179.781284
40	0.267381	750	-2.924745	-182.706029
41	0.256195	750	-2.910405	-185.616434
42	0.245294	750	-2.807105	-188.423539
43	0.234677	750	-2.866409	-191.289947
44	0.224340	750	-2.720448	-194.010396
45	0.214281	750	-2.650233	-196.660629
46	0.204498	750	-2.709136	-199.369765
47	0.194988	750	-2.526782	-201.896546
48	0.185749	750	-2.536313	-204.432860
49	0.176777	750	-2.512462	-206.945321
50	0.168070	750	-2.349692	-209.295013
51	0.159626	750	-2.336349	-211.631362
52	0.151441	750	-2.196627	-213.827989
53	0.143514	750	-2.256234	-216.084223
54	0.135841	750	-2.161214	-218.245437
55	0.128420	750	-2.030522	-220.275959
56	0.121247	750	-2.088601	-222.364560
57	0.114320	750	-1.940738	-224.305298
58	0.107637	750	-1.977962	-226.283260
59	0.101193	750	-1.895628	-228.178888
60	0.094986	750	-1.850996	-230.029883
61	0.089014	750	-1.761351	-231.791234
62	0.083273	750	-1.680560	-233.471794
63	0.077760	750	-1.655599	-235.127393
64	0.072472	750	-1.599099	-236.726492
65	0.067406	750	-1.530282	-238.256774
66	0.062558	750	-1.469028	-239.725802
67	0.057926	750	-1.425583	-241.151386
68	0.053506	750	-1.365746	-242.517132
69	0.049295	750	-1.336712	-243.853844
70	0.045289	750	-1.237621	-245.091465
71	0.041485	750	-1.172826	-246.264290
72	0.037880	750	-1.126526	-247.390816
73	0.034469	750	-1.086181	-248.476997
74	0.031250	750	-1.027739	-249.504735
75	0.028218	750	-0.971287	-250.476022
76	0.025370	750	-0.932465	-251.408487
77	0.022702	750	-0.860777	-252.269264
78	0.020209	750	-0.852064	-253.121329
79	0.017889	750	-0.768224	-253.889553
80	0.015736	750	-0.718267	-254.607820
81	0.013746	750	-0.687929	-255.295749
82	0.011916	750	-0.633927	-255.929675
83	0.010240	750	-0.567429	-256.497104
84	0.008714	750	-0.554736	-257.051840
85	0.007334	750	-0.505399	-257.557240
86	0.006093	750	-0.465569	-258.022809
87	0.004988	750	-0.432285	-258.455094
88	0.004013	750	-0.396232	-258.851326
89	0.003162	750	-0.332204	-259.183530
90	0.002430	750	-0.277380	-259.460909
91	0.001810	750	-0.236532	-259.697442
92	0.001296	750	-0.212323	-259.909765
93	0.000882	750	-0.214582	-260.124347
94	0.000559	750	-0.131897	-260.256243
95	0.000320	750	-0.095261	-260.351505
96	0.000156	750	-0.069247	-260.420752
97	0.000057	750	-0.040369	-260.461121
98	0.000010	750	-0.019222	-260.480343
99	0.000000	750	-0.004292	-260.484635
Log marginal likelihood:	-260.484635
0	0.975187	750	-6.199962	-6.199962
1	0.950747	750	-6.098527	-12.298489
2	0.926679	750	-5.973886	-18.272376
3	0.902980	750	-5.907608	-24.179983
4	0.879648	750	-5.808891	-29.988874
5	0.856682	750	-5.715094	-35.703968
6	0.834079	750	-5.624695	-41.328663
7	0.811838	750	-5.587032	-46.915696
8	0.789957	750	-5.469452	-52.385147
9	0.768433	750	-5.359908	-57.745055
10	0.747266	750	-5.314178	-63.059233
11	0.726452	750	-5.195593	-68.254826
12	0.705989	750	-5.114830	-73.369656
13	0.685877	750	-5.012605	-78.382261
14	0.666112	750	-5.008996	-83.391258
15	0.646693	750	-4.853562	-88.244820
16	0.627618	750	-4.808578	-93.053398
17	0.608884	750	-4.682911	-97.736309
18	0.590490	750	-4.601859	-102.338169
19	0.572433	750	-4.568068	-106.906236
20	0.554712	750	-4.493556	-111.399793
21	0.537324	750	-4.381030	-115.780822
22	0.520268	750	-4.303647	-120.084470
23	0.503540	750	-4.178250	-124.262720
24	0.487139	750	-4.131255	-128.393974
25	0.471063	750	-4.062891	-132.456865
26	0.455310	750	-4.010419	-136.467284
27	0.439877	750	-3.924270	-140.391554
28	0.424762	750	-3.820968	-144.212522
29	0.409963	750	-3.730776	-147.943298
30	0.395478	750	-3.651435	-151.594733
31	0.381305	750	-3.661075	-155.255808
32	0.367440	750	-3.512676	-158.768484
33	0.353883	750	-3.433656	-162.202140
34	0.340630	750	-3.387470	-165.589610
35	0.327680	750	-3.337391	-168.927001
36	0.315030	750	-3.214559	-172.141560
37	0.302677	750	-3.164978	-175.306537
38	0.290619	750	-3.181104	-178.487641
39	0.278855	750	-3.353014	-181.840655
40	0.267381	750	-2.920869	-184.761524
41	0.256195	750	-2.949158	-187.710682
42	0.245294	750	-2.827121	-190.537802
43	0.234677	750	-2.757855	-193.295657
44	0.224340	750	-2.733150	-196.028808
45	0.214281	750	-2.831363	-198.860171
46	0.204498	750	-2.833569	-201.693740
47	0.194988	750	-2.555802	-204.249542
48	0.185749	750	-2.490616	-206.740157
49	0.176777	750	-2.621941	-209.362098
50	0.168070	750	-2.527303	-211.889401
51	0.159626	750	-2.407841	-214.297242
52	0.151441	750	-2.350709	-216.647950
53	0.143514	750	-2.136288	-218.784238
54	0.135841	750	-2.166657	-220.950896
55	0.128420	750	-2.132808	-223.083704
56	0.121247	750	-2.088199	-225.171903
57	0.114320	750	-2.048618	-227.220521
58	0.107637	750	-1.860051	-229.080572
59	0.101193	750	-1.829888	-230.910460
60	0.094986	750	-1.835004	-232.745464
61	0.089014	750	-1.774844	-234.520308
62	0.083273	750	-1.719711	-236.240019
63	0.077760	750	-1.629654	-237.869673
64	0.072472	750	-1.606522	-239.476195
65	0.067406	750	-1.551177	-241.027372
66	0.062558	750	-1.436712	-242.464084
67	0.057926	750	-1.432344	-243.896428
68	0.053506	750	-1.374771	-245.271199
69	0.049295	750	-1.301844	-246.573043
70	0.045289	750	-1.244264	-247.817308
71	0.041485	750	-1.201309	-249.018616
72	0.037880	750	-1.173862	-250.192478
73	0.034469	750	-1.091745	-251.284223
74	0.031250	750	-1.056487	-252.340710
75	0.028218	750	-0.991594	-253.332305
76	0.025370	750	-0.939468	-254.271772
77	0.022702	750	-0.887441	-255.159213
78	0.020209	750	-0.831351	-255.990565
79	0.017889	750	-0.769979	-256.760544
80	0.015736	750	-0.748359	-257.508903
81	0.013746	750	-0.672264	-258.181167
82	0.011916	750	-0.637975	-258.819142
83	0.010240	750	-0.606418	-259.425560
84	0.008714	750	-0.592475	-260.018035
85	0.007334	750	-0.502674	-260.520709
86	0.006093	750	-0.502889	-261.023598
87	0.004988	750	-0.421423	-261.445020
88	0.004013	750	-0.447119	-261.892139
89	0.003162	750	-0.358339	-262.250478
90	0.002430	750	-0.287204	-262.537682
91	0.001810	750	-0.247025	-262.784707
92	0.001296	750	-0.214867	-262.999574
93	0.000882	750	-0.178762	-263.178336
94	0.000559	750	-0.129464	-263.307800
95	0.000320	750	-0.102831	-263.410631
96	0.000156	750	-0.066993	-263.477624
97	0.000057	750	-0.041779	-263.519403
98	0.000010	750	-0.021868	-263.541272
99	0.000000	750	-0.004780	-263.546052
Log marginal likelihood:	-263.546052
0	0.975187	750	-5.917083	-5.917083
1	0.950747	750	-5.815190	-11.732273
2	0.926679	750	-5.774871	-17.507144
3	0.902980	750	-5.682296	-23.189441
4	0.879648	750	-5.569183	-28.758624
5	0.856682	750	-5.467612	-34.226235
6	0.834079	750	-5.410006	-39.636242
7	0.811838	750	-5.355316	-44.991558
8	0.789957	750	-5.241268	-50.232825
9	0.768433	750	-5.119013	-55.351839
10	0.747266	750	-5.107173	-60.459012
11	0.726452	750	-5.034368	-65.493380
12	0.705989	750	-4.916998	-70.410378
13	0.685877	750	-4.828207	-75.238585
14	0.666112	750	-4.748865	-79.987450
15	0.646693	750	-4.681444	-84.668894
16	0.627618	750	-4.618915	-89.287809
17	0.608884	750	-4.518059	-93.805868
18	0.590490	750	-4.451463	-98.257331
19	0.572433	750	-4.416938	-102.674269
20	0.554712	750	-4.314611	-106.988880
21	0.537324	750	-4.180574	-111.169454
22	0.520268	750	-4.119287	-115.288741
23	0.503540	750	-4.099038	-119.387779
24	0.487139	750	-4.006541	-123.394320
25	0.471063	750	-3.952577	-127.346897
26	0.455310	750	-3.847308	-131.194205
27	0.439877	750	-3.795173	-134.989378
28	0.424762	750	-3.691850	-138.681227
29	0.409963	750	-3.645102	-142.326329
30	0.395478	750	-3.545133	-145.871462
31	0.381305	750	-3.450219	-149.321681
32	0.367440	750	-3.398209	-152.719890
33	0.353883	750	-3.331064	-156.050954
34	0.340630	750	-3.298458	-159.349412
35	0.327680	750	-3.259658	-162.609070
36	0.315030	750	-3.154711	-165.763781
37	0.302677	750	-3.029043	-168.792824
38	0.290619	750	-2.998306	-171.791130
39	0.278855	750	-2.924525	-174.715655
40	0.267381	750	-3.077364	-177.793019
41	0.256195	750	-2.785722	-180.578741
42	0.245294	750	-2.757008	-183.335749
43	0.234677	750	-2.702286	-186.038035
44	0.224340	750	-2.726139	-188.764175
45	0.214281	750	-2.512155	-191.276330
46	0.204498	750	-2.540316	-193.816645
47	0.194988	750	-2.468047	-196.284692
48	0.185749	750	-2.373089	-198.657782
49	0.176777	750	-2.289843	-200.947625
50	0.168070	750	-2.303306	-203.250931
51	0.159626	750	-2.421309	-205.672240
52	0.151441	750	-2.353158	-208.025398
53	0.143514	750	-2.304408	-210.329807
54	0.135841	750	-2.005391	-212.335198
55	0.128420	750	-2.163248	-214.498446
56	0.121247	750	-2.062685	-216.561131
57	0.114320	750	-1.921139	-218.482269
58	0.107637	750	-1.933466	-220.415735
59	0.101193	750	-1.861357	-222.277093
60	0.094986	750	-1.796696	-224.073789
61	0.089014	750	-1.783252	-225.857041
62	0.083273	750	-1.685430	-227.542471
63	0.077760	750	-1.627436	-229.169908
64	0.072472	750	-1.566900	-230.736808
65	0.067406	750	-1.509031	-232.245839
66	0.062558	750	-1.391704	-233.637543
67	0.057926	750	-1.374153	-235.011696
68	0.053506	750	-1.345333	-236.357029
69	0.049295	750	-1.293678	-237.650708
70	0.045289	750	-1.223743	-238.874451
71	0.041485	750	-1.178374	-240.052824
72	0.037880	750	-1.093867	-241.146692
73	0.034469	750	-1.095180	-242.241872
74	0.031250	750	-1.039578	-243.281449
75	0.028218	750	-0.975159	-244.256608
76	0.025370	750	-0.938289	-245.194897
77	0.022702	750	-0.875542	-246.070439
78	0.020209	750	-0.836874	-246.907313
79	0.017889	750	-0.797199	-247.704513
80	0.015736	750	-0.744172	-248.448684
81	0.013746	750	-0.685506	-249.134190
82	0.011916	750	-0.641891	-249.776081
83	0.010240	750	-0.626137	-250.402219
84	0.008714	750	-0.530905	-250.933124
85	0.007334	750	-0.506851	-251.439975
86	0.006093	750	-0.459143	-251.899119
87	0.004988	750	-0.428405	-252.327523
88	0.004013	750	-0.389283	-252.716806
89	0.003162	750	-0.349171	-253.065977
90	0.002430	750	-0.282510	-253.348488
91	0.001810	750	-0.250576	-253.599063
92	0.001296	750	-0.222309	-253.821372
93	0.000882	750	-0.175709	-253.997081
94	0.000559	750	-0.124818	-254.121899
95	0.000320	750	-0.093332	-254.215231
96	0.000156	750	-0.074518	-254.289749
97	0.000057	750	-0.044418	-254.334167
98	0.000010	750	-0.018308	-254.352474
99	0.000000	750	-0.003946	-254.356420
Log marginal likelihood:	-254.356420
0	0.975187	750	-6.225057	-6.225057
1	0.950747	750	-6.195060	-12.420117
2	0.926679	750	-6.011885	-18.432003
3	0.902980	750	-5.978790	-24.410793
4	0.879648	750	-5.837700	-30.248493
5	0.856682	750	-5.761694	-36.010187
6	0.834079	750	-5.676376	-41.686564
7	0.811838	750	-5.582962	-47.269525
8	0.789957	750	-5.462954	-52.732480
9	0.768433	750	-5.411466	-58.143946
10	0.747266	750	-5.327925	-63.471871
11	0.726452	750	-5.269872	-68.741743
12	0.705989	750	-5.140071	-73.881814
13	0.685877	750	-5.091435	-78.973249
14	0.666112	750	-4.963307	-83.936556
15	0.646693	750	-4.880877	-88.817434
16	0.627618	750	-4.794629	-93.612062
17	0.608884	750	-4.788986	-98.401048
18	0.590490	750	-4.643887	-103.044935
19	0.572433	750	-4.548002	-107.592937
20	0.554712	750	-4.519534	-112.112471
21	0.537324	750	-4.418398	-116.530870
22	0.520268	750	-4.367950	-120.898819
23	0.503540	750	-4.227963	-125.126783
24	0.487139	750	-4.217095	-129.343878
25	0.471063	750	-4.131842	-133.475720
26	0.455310	750	-4.047630	-137.523350
27	0.439877	750	-3.972308	-141.495658
28	0.424762	750	-3.880194	-145.375851
29	0.409963	750	-3.791215	-149.167067
30	0.395478	750	-3.688115	-152.855181
31	0.381305	750	-3.646322	-156.501503
32	0.367440	750	-3.592601	-160.094104
33	0.353883	750	-3.510043	-163.604147
34	0.340630	750	-3.412338	-167.016485
35	0.327680	750	-3.361561	-170.378046
36	0.315030	750	-3.245146	-173.623192
37	0.302677	750	-3.210848	-176.834041
38	0.290619	750	-3.152678	-179.986718
39	0.278855	750	-3.085060	-183.071778
40	0.267381	750	-2.983337	-186.055115
41	0.256195	750	-2.912793	-188.967908
42	0.245294	750	-2.915981	-191.883890
43	0.234677	750	-2.876338	-194.760228
44	0.224340	750	-2.674140	-197.434368
45	0.214281	750	-2.662630	-200.096998
46	0.204498	750	-2.762343	-202.859340
47	0.194988	750	-2.731722	-205.591063
48	0.185749	750	-2.638423	-208.229486
49	0.176777	750	-2.568106	-210.797592
50	0.168070	750	-2.535271	-213.332863
51	0.159626	750	-2.389163	-215.722026
52	0.151441	750	-2.364703	-218.086729
53	0.143514	750	-2.324346	-220.411075
54	0.135841	750	-2.124373	-222.535448
55	0.128420	750	-2.210384	-224.745832
56	0.121247	750	-2.098761	-226.844593
57	0.114320	750	-2.082203	-228.926795
58	0.107637	750	-1.965770	-230.892565
59	0.101193	750	-1.946438	-232.839003
60	0.094986	750	-1.818369	-234.657372
61	0.089014	750	-1.794863	-236.452235
62	0.083273	750	-1.710244	-238.162479
63	0.077760	750	-1.687567	-239.850046
64	0.072472	750	-1.581127	-241.431173
65	0.067406	750	-1.565599	-242.996772
66	0.062558	750	-1.471001	-244.467773
67	0.057926	750	-1.400669	-245.868442
68	0.053506	750	-1.375019	-247.243461
69	0.049295	750	-1.295899	-248.539361
70	0.045289	750	-1.248152	-249.787512
71	0.041485	750	-1.199781	-250.987293
72	0.037880	750	-1.138210	-252.125502
73	0.034469	750	-1.126225	-253.251728
74	0.031250	750	-1.039368	-254.291096
75	0.028218	750	-0.975346	-255.266441
76	0.025370	750	-0.934295	-256.200737
77	0.022702	750	-0.868414	-257.069151
78	0.020209	750	-0.848200	-257.917351
79	0.017889	750	-0.798482	-258.715834
80	0.015736	750	-0.727717	-259.443551
81	0.013746	750	-0.712143	-260.155694
82	0.011916	750	-0.638058	-260.793752
83	0.010240	750	-0.617989	-261.411741
84	0.008714	750	-0.541102	-261.952843
85	0.007334	750	-0.503810	-262.456653
86	0.006093	750	-0.463566	-262.920218
87	0.004988	750	-0.414343	-263.334561
88	0.004013	750	-0.389843	-263.724404
89	0.003162	750	-0.344062	-264.068465
90	0.002430	750	-0.290116	-264.358581
91	0.001810	750	-0.242358	-264.600939
92	0.001296	750	-0.206589	-264.807528
93	0.000882	750	-0.159985	-264.967513
94	0.000559	750	-0.137934	-265.105447
95	0.000320	750	-0.096954	-265.202401
96	0.000156	750	-0.070254	-265.272655
97	0.000057	750	-0.037687	-265.310342
98	0.000010	750	-0.019424	-265.329766
99	0.000000	750	-0.004296	-265.334063
Log marginal likelihood:	-265.334063
0	0.975187	750	-5.660269	-5.660269
1	0.950747	750	-5.589351	-11.249620
2	0.926679	750	-5.514663	-16.764282
3	0.902980	750	-5.427425	-22.191707
4	0.879648	750	-5.344102	-27.535809
5	0.856682	750	-5.267174	-32.802983
6	0.834079	750	-5.199777	-38.002760
7	0.811838	750	-5.097343	-43.100103
8	0.789957	750	-5.050171	-48.150274
9	0.768433	750	-4.940064	-53.090338
10	0.747266	750	-4.883580	-57.973918
11	0.726452	750	-4.789074	-62.762991
12	0.705989	750	-4.719574	-67.482565
13	0.685877	750	-4.624888	-72.107454
14	0.666112	750	-4.657515	-76.764969
15	0.646693	750	-4.485775	-81.250744
16	0.627618	750	-4.399234	-85.649978
17	0.608884	750	-4.332063	-89.982041
18	0.590490	750	-4.351997	-94.334038
19	0.572433	750	-4.181546	-98.515584
20	0.554712	750	-4.097278	-102.612862
21	0.537324	750	-4.056432	-106.669293
22	0.520268	750	-4.027083	-110.696377
23	0.503540	750	-3.920320	-114.616697
24	0.487139	750	-3.834768	-118.451466
25	0.471063	750	-3.874012	-122.325478
26	0.455310	750	-3.736224	-126.061702
27	0.439877	750	-3.617956	-129.679658
28	0.424762	750	-3.566025	-133.245683
29	0.409963	750	-3.517053	-136.762736
30	0.395478	750	-3.429674	-140.192411
31	0.381305	750	-3.367089	-143.559500
32	0.367440	750	-3.292334	-146.851834
33	0.353883	750	-3.209016	-150.060850
34	0.340630	750	-3.259811	-153.320661
35	0.327680	750	-3.087537	-156.408199
36	0.315030	750	-3.061285	-159.469484
37	0.302677	750	-2.971503	-162.440987
38	0.290619	750	-2.874217	-165.315204
39	0.278855	750	-2.860287	-168.175491
40	0.267381	750	-2.781584	-170.957075
41	0.256195	750	-2.713223	-173.670298
42	0.245294	750	-2.708806	-176.379103
43	0.234677	750	-2.677766	-179.056869
44	0.224340	750	-2.568832	-181.625702
45	0.214281	750	-2.606019	-184.231721
46	0.204498	750	-2.429449	-186.661170
47	0.194988	750	-2.462796	-189.123965
48	0.185749	750	-2.316840	-191.440805
49	0.176777	750	-2.294011	-193.734817
50	0.168070	750	-2.281075	-196.015891
51	0.159626	750	-2.211896	-198.227787
52	0.151441	750	-2.185972	-200.413759
53	0.143514	750	-2.025242	-202.439001
54	0.135841	750	-2.125853	-204.564855
55	0.128420	750	-2.046814	-206.611669
56	0.121247	750	-1.976566	-208.588235
57	0.114320	750	-1.944810	-210.533045
58	0.107637	750	-1.860817	-212.393862
59	0.101193	750	-1.773947	-214.167809
60	0.094986	750	-1.732579	-215.900389
61	0.089014	750	-1.680533	-217.580922
62	0.083273	750	-1.647860	-219.228782
63	0.077760	750	-1.650235	-220.879017
64	0.072472	750	-1.579430	-222.458447
65	0.067406	750	-1.470346	-223.928793
66	0.062558	750	-1.480829	-225.409622
67	0.057926	750	-1.389775	-226.799397
68	0.053506	750	-1.325228	-228.124625
69	0.049295	750	-1.271568	-229.396193
70	0.045289	750	-1.208364	-230.604557
71	0.041485	750	-1.178312	-231.782870
72	0.037880	750	-1.107765	-232.890635
73	0.034469	750	-1.062731	-233.953366
74	0.031250	750	-0.981579	-234.934945
75	0.028218	750	-0.961810	-235.896755
76	0.025370	750	-0.913689	-236.810444
77	0.022702	750	-0.841179	-237.651623
78	0.020209	750	-0.828160	-238.479783
79	0.017889	750	-0.747570	-239.227353
80	0.015736	750	-0.685911	-239.913264
81	0.013746	750	-0.707832	-240.621096
82	0.011916	750	-0.646741	-241.267837
83	0.010240	750	-0.571664	-241.839501
84	0.008714	750	-0.540132	-242.379633
85	0.007334	750	-0.510315	-242.889948
86	0.006093	750	-0.474455	-243.364403
87	0.004988	750	-0.376539	-243.740941
88	0.004013	750	-0.355871	-244.096812
89	0.003162	750	-0.337660	-244.434473
90	0.002430	750	-0.274039	-244.708511
91	0.001810	750	-0.252399	-244.960910
92	0.001296	750	-0.212558	-245.173469
93	0.000882	750	-0.153140	-245.326609
94	0.000559	750	-0.128231	-245.454840
95	0.000320	750	-0.102524	-245.557364
96	0.000156	750	-0.068812	-245.626176
97	0.000057	750	-0.042534	-245.668710
98	0.000010	750	-0.018369	-245.687079
99	0.000000	750	-0.004045	-245.691125
Log marginal likelihood:	-245.691125
0	0.975187	750	-5.757106	-5.757106
1	0.950747	750	-5.650711	-11.407817
2	0.926679	750	-5.621457	-17.029274
3	0.902980	750	-5.557905	-22.587178
4	0.879648	750	-5.445845	-28.033023
5	0.856682	750	-5.377178	-33.410201
6	0.834079	750	-5.267271	-38.677471
7	0.811838	750	-5.143005	-43.820476
8	0.789957	750	-5.123866	-48.944342
9	0.768433	750	-5.014251	-53.958593
10	0.747266	750	-4.941004	-58.899598
11	0.726452	750	-4.848013	-63.747610
12	0.705989	750	-4.809209	-68.556820
13	0.685877	750	-4.743672	-73.300492
14	0.666112	750	-4.741543	-78.042035
15	0.646693	750	-4.575409	-82.617443
16	0.627618	750	-4.500977	-87.118420
17	0.608884	750	-4.451313	-91.569732
18	0.590490	750	-4.341926	-95.911658
19	0.572433	750	-4.299253	-100.210911
20	0.554712	750	-4.245834	-104.456746
21	0.537324	750	-4.155157	-108.611902
22	0.520268	750	-4.075678	-112.687580
23	0.503540	750	-3.968267	-116.655847
24	0.487139	750	-3.890962	-120.546808
25	0.471063	750	-3.848626	-124.395434
26	0.455310	750	-3.758906	-128.154340
27	0.439877	750	-3.715550	-131.869889
28	0.424762	750	-3.617554	-135.487444
29	0.409963	750	-3.538312	-139.025755
30	0.395478	750	-3.477939	-142.503694
31	0.381305	750	-3.404648	-145.908342
32	0.367440	750	-3.376767	-149.285108
33	0.353883	750	-3.309077	-152.594185
34	0.340630	750	-3.209649	-155.803835
35	0.327680	750	-3.120438	-158.924272
36	0.315030	750	-3.108595	-162.032867
37	0.302677	750	-3.018648	-165.051515
38	0.290619	750	-2.999924	-168.051439
39	0.278855	750	-3.138154	-171.189593
40	0.267381	750	-2.984782	-174.174375
41	0.256195	750	-2.860438	-177.034812
42	0.245294	750	-2.793866	-179.828678
43	0.234677	750	-2.650760	-182.479438
44	0.224340	750	-2.574751	-185.054189
45	0.214281	750	-2.549860	-187.604049
46	0.204498	750	-2.524670	-190.128719
47	0.194988	750	-2.553582	-192.682301
48	0.185749	750	-2.520153	-195.202453
49	0.176777	750	-2.290858	-197.493312
50	0.168070	750	-2.387743	-199.881054
51	0.159626	750	-2.161105	-202.042159
52	0.151441	750	-2.188907	-204.231067
53	0.143514	750	-2.212312	-206.443379
54	0.135841	750	-2.127904	-208.571283
55	0.128420	750	-2.146352	-210.717635
56	0.121247	750	-2.039023	-212.756658
57	0.114320	750	-1.992239	-214.748897
58	0.107637	750	-1.915944	-216.664841
59	0.101193	750	-1.846574	-218.511416
60	0.094986	750	-1.812886	-220.324302
61	0.089014	750	-1.724705	-222.049007
62	0.083273	750	-1.631510	-223.680517
63	0.077760	750	-1.609360	-225.289877
64	0.072472	750	-1.547056	-226.836932
65	0.067406	750	-1.521021	-228.357954
66	0.062558	750	-1.442542	-229.800496
67	0.057926	750	-1.373640	-231.174136
68	0.053506	750	-1.305266	-232.479402
69	0.049295	750	-1.299755	-233.779157
70	0.045289	750	-1.214753	-234.993910
71	0.041485	750	-1.150940	-236.144850
72	0.037880	750	-1.129005	-237.273855
73	0.034469	750	-1.100089	-238.373944
74	0.031250	750	-0.995976	-239.369920
75	0.028218	750	-0.973339	-240.343259
76	0.025370	750	-0.968380	-241.311639
77	0.022702	750	-0.870563	-242.182202
78	0.020209	750	-0.810921	-242.993122
79	0.017889	750	-0.773226	-243.766349
80	0.015736	750	-0.720781	-244.487130
81	0.013746	750	-0.675790	-245.162920
82	0.011916	750	-0.652675	-245.815595
83	0.010240	750	-0.600730	-246.416325
84	0.008714	750	-0.535441	-246.951766
85	0.007334	750	-0.478408	-247.430175
86	0.006093	750	-0.422911	-247.853086
87	0.004988	750	-0.427394	-248.280480
88	0.004013	750	-0.336540	-248.617021
89	0.003162	750	-0.311733	-248.928753
90	0.002430	750	-0.267398	-249.196151
91	0.001810	750	-0.254849	-249.451000
92	0.001296	750	-0.199490	-249.650490
93	0.000882	750	-0.177307	-249.827797
94	0.000559	750	-0.133989	-249.961786
95	0.000320	750	-0.095238	-250.057024
96	0.000156	750	-0.065928	-250.122952
97	0.000057	750	-0.041166	-250.164118
98	0.000010	750	-0.017560	-250.181678
99	0.000000	750	-0.003956	-250.185634
Log marginal likelihood:	-250.185634
0	0.975187	750	-6.181135	-6.181135
1	0.950747	750	-6.077992	-12.259127
2	0.926679	750	-5.985264	-18.244392
3	0.902980	750	-5.900842	-24.145234
4	0.879648	750	-5.833934	-29.979168
5	0.856682	750	-5.745110	-35.724278
6	0.834079	750	-5.661851	-41.386129
7	0.811838	750	-5.544512	-46.930641
8	0.789957	750	-5.426535	-52.357175
9	0.768433	750	-5.370617	-57.727793
10	0.747266	750	-5.272248	-63.000040
11	0.726452	750	-5.168913	-68.168953
12	0.705989	750	-5.103388	-73.272341
13	0.685877	750	-5.017466	-78.289808
14	0.666112	750	-4.935495	-83.225303
15	0.646693	750	-4.848218	-88.073520
16	0.627618	750	-4.776180	-92.849700
17	0.608884	750	-4.669926	-97.519626
18	0.590490	750	-4.605952	-102.125578
19	0.572433	750	-4.525878	-106.651456
20	0.554712	750	-4.486190	-111.137646
21	0.537324	750	-4.358821	-115.496467
22	0.520268	750	-4.278764	-119.775231
23	0.503540	750	-4.192120	-123.967351
24	0.487139	750	-4.123076	-128.090426
25	0.471063	750	-4.043298	-132.133724
26	0.455310	750	-3.976460	-136.110184
27	0.439877	750	-3.966324	-140.076508
28	0.424762	750	-3.812811	-143.889319
29	0.409963	750	-3.730480	-147.619799
30	0.395478	750	-3.702750	-151.322549
31	0.381305	750	-3.641038	-154.963587
32	0.367440	750	-3.522251	-158.485838
33	0.353883	750	-3.468771	-161.954609
34	0.340630	750	-3.381359	-165.335968
35	0.327680	750	-3.408070	-168.744038
36	0.315030	750	-3.210942	-171.954980
37	0.302677	750	-3.156583	-175.111563
38	0.290619	750	-3.102817	-178.214380
39	0.278855	750	-3.014726	-181.229106
40	0.267381	750	-3.002261	-184.231367
41	0.256195	750	-3.185400	-187.416767
42	0.245294	750	-2.804865	-190.221631
43	0.234677	750	-2.793473	-193.015105
44	0.224340	750	-2.717097	-195.732202
45	0.214281	750	-2.675450	-198.407651
46	0.204498	750	-2.630292	-201.037943
47	0.194988	750	-2.572176	-203.610119
48	0.185749	750	-2.444523	-206.054641
49	0.176777	750	-2.420727	-208.475369
50	0.168070	750	-2.429762	-210.905130
51	0.159626	750	-2.327541	-213.232672
52	0.151441	750	-2.434740	-215.667412
53	0.143514	750	-2.349295	-218.016707
54	0.135841	750	-2.267297	-220.284003
55	0.128420	750	-2.171280	-222.455283
56	0.121247	750	-2.064403	-224.519687
57	0.114320	750	-1.997239	-226.516925
58	0.107637	750	-1.991635	-228.508560
59	0.101193	750	-1.860859	-230.369419
60	0.094986	750	-1.772780	-232.142198
61	0.089014	750	-1.794318	-233.936517
62	0.083273	750	-1.731088	-235.667604
63	0.077760	750	-1.669115	-237.336720
64	0.072472	750	-1.610644	-238.947363
65	0.067406	750	-1.535504	-240.482867
66	0.062558	750	-1.475961	-241.958828
67	0.057926	750	-1.448361	-243.407189
68	0.053506	750	-1.374879	-244.782068
69	0.049295	750	-1.312339	-246.094407
70	0.045289	750	-1.258643	-247.353050
71	0.041485	750	-1.197583	-248.550634
72	0.037880	750	-1.156106	-249.706740
73	0.034469	750	-1.110469	-250.817209
74	0.031250	750	-1.031517	-251.848726
75	0.028218	750	-0.987933	-252.836659
76	0.025370	750	-0.916281	-253.752939
77	0.022702	750	-0.886704	-254.639643
78	0.020209	750	-0.840908	-255.480551
79	0.017889	750	-0.790857	-256.271409
80	0.015736	750	-0.733208	-257.004617
81	0.013746	750	-0.675360	-257.679977
82	0.011916	750	-0.644732	-258.324709
83	0.010240	750	-0.611128	-258.935838
84	0.008714	750	-0.558614	-259.494452
85	0.007334	750	-0.494505	-259.988956
86	0.006093	750	-0.474807	-260.463763
87	0.004988	750	-0.403208	-260.866972
88	0.004013	750	-0.382188	-261.249159
89	0.003162	750	-0.336023	-261.585183
90	0.002430	750	-0.311066	-261.896249
91	0.001810	750	-0.263379	-262.159628
92	0.001296	750	-0.209111	-262.368740
93	0.000882	750	-0.164194	-262.532934
94	0.000559	750	-0.147031	-262.679965
95	0.000320	750	-0.092610	-262.772575
96	0.000156	750	-0.067627	-262.840202
97	0.000057	750	-0.044972	-262.885174
98	0.000010	750	-0.017982	-262.903156
99	0.000000	750	-0.004027	-262.907183
Log marginal likelihood:	-262.907183
0	0.975187	750	-6.226443	-6.226443
1	0.950747	750	-6.182719	-12.409162
2	0.926679	750	-6.099771	-18.508933
3	0.902980	750	-5.945733	-24.454666
4	0.879648	750	-5.865452	-30.320119
5	0.856682	750	-5.774380	-36.094499
6	0.834079	750	-5.729659	-41.824157
7	0.811838	750	-5.576871	-47.401028
8	0.789957	750	-5.507399	-52.908427
9	0.768433	750	-5.476067	-58.384494
10	0.747266	750	-5.342135	-63.726629
11	0.726452	750	-5.254433	-68.981062
12	0.705989	750	-5.165268	-74.146329
13	0.685877	750	-5.137602	-79.283932
14	0.666112	750	-5.005859	-84.289791
15	0.646693	750	-4.963562	-89.253353
16	0.627618	750	-4.859858	-94.113211
17	0.608884	750	-4.739788	-98.852998
18	0.590490	750	-4.714015	-103.567013
19	0.572433	750	-4.586359	-108.153372
20	0.554712	750	-4.569126	-112.722498
21	0.537324	750	-4.431281	-117.153779
22	0.520268	750	-4.377195	-121.530974
23	0.503540	750	-4.288048	-125.819022
24	0.487139	750	-4.240433	-130.059455
25	0.471063	750	-4.148968	-134.208423
26	0.455310	750	-4.059705	-138.268127
27	0.439877	750	-3.955669	-142.223796
28	0.424762	750	-3.949478	-146.173274
29	0.409963	750	-3.814908	-149.988182
30	0.395478	750	-3.753938	-153.742120
31	0.381305	750	-3.689984	-157.432104
32	0.367440	750	-3.630620	-161.062725
33	0.353883	750	-3.653980	-164.716704
34	0.340630	750	-3.636007	-168.352711
35	0.327680	750	-3.387627	-171.740338
36	0.315030	750	-3.297868	-175.038206
37	0.302677	750	-3.252141	-178.290347
38	0.290619	750	-3.122925	-181.413272
39	0.278855	750	-3.081874	-184.495146
40	0.267381	750	-3.137652	-187.632798
41	0.256195	750	-2.964157	-190.596954
42	0.245294	750	-2.926232	-193.523187
43	0.234677	750	-2.867033	-196.390220
44	0.224340	750	-2.814539	-199.204759
45	0.214281	750	-2.712230	-201.916989
46	0.204498	750	-2.760264	-204.677253
47	0.194988	750	-2.712256	-207.389508
48	0.185749	750	-2.594556	-209.984064
49	0.176777	750	-2.563591	-212.547655
50	0.168070	750	-2.451608	-214.999263
51	0.159626	750	-2.413905	-217.413168
52	0.151441	750	-2.347196	-219.760365
53	0.143514	750	-2.217255	-221.977620
54	0.135841	750	-2.206441	-224.184061
55	0.128420	750	-2.072375	-226.256436
56	0.121247	750	-2.071190	-228.327626
57	0.114320	750	-2.017548	-230.345174
58	0.107637	750	-1.899986	-232.245160
59	0.101193	750	-1.878566	-234.123726
60	0.094986	750	-1.817276	-235.941002
61	0.089014	750	-1.730958	-237.671960
62	0.083273	750	-1.718345	-239.390304
63	0.077760	750	-1.632906	-241.023210
64	0.072472	750	-1.570240	-242.593450
65	0.067406	750	-1.523479	-244.116930
66	0.062558	750	-1.441072	-245.558001
67	0.057926	750	-1.418080	-246.976081
68	0.053506	750	-1.345831	-248.321912
69	0.049295	750	-1.296683	-249.618595
70	0.045289	750	-1.225191	-250.843786
71	0.041485	750	-1.149644	-251.993430
72	0.037880	750	-1.118044	-253.111474
73	0.034469	750	-1.077083	-254.188557
74	0.031250	750	-1.026223	-255.214780
75	0.028218	750	-0.941067	-256.155847
76	0.025370	750	-0.917110	-257.072957
77	0.022702	750	-0.890994	-257.963951
78	0.020209	750	-0.807883	-258.771835
79	0.017889	750	-0.762351	-259.534186
80	0.015736	750	-0.705727	-260.239913
81	0.013746	750	-0.681499	-260.921412
82	0.011916	750	-0.666824	-261.588236
83	0.010240	750	-0.608821	-262.197057
84	0.008714	750	-0.535550	-262.732607
85	0.007334	750	-0.545405	-263.278012
86	0.006093	750	-0.441174	-263.719187
87	0.004988	750	-0.417089	-264.136275
88	0.004013	750	-0.385141	-264.521417
89	0.003162	750	-0.314526	-264.835942
90	0.002430	750	-0.273784	-265.109727
91	0.001810	750	-0.246465	-265.356192
92	0.001296	750	-0.197504	-265.553696
93	0.000882	750	-0.168339	-265.722035
94	0.000559	750	-0.130888	-265.852923
95	0.000320	750	-0.098735	-265.951657
96	0.000156	750	-0.065081	-266.016738
97	0.000057	750	-0.041423	-266.058161
98	0.000010	750	-0.019847	-266.078008
99	0.000000	750	-0.003939	-266.081948
Log marginal likelihood:	-266.081948
0	0.975187	750	-5.875052	-5.875052
1	0.950747	750	-5.744078	-11.619130
2	0.926679	750	-5.635263	-17.254393
3	0.902980	750	-5.603287	-22.857679
4	0.879648	750	-5.489234	-28.346913
5	0.856682	750	-5.444917	-33.791831
6	0.834079	750	-5.332610	-39.124441
7	0.811838	750	-5.246521	-44.370962
8	0.789957	750	-5.206340	-49.577302
9	0.768433	750	-5.166996	-54.744298
10	0.747266	750	-5.000652	-59.744949
11	0.726452	750	-4.925907	-64.670856
12	0.705989	750	-4.856424	-69.527280
13	0.685877	750	-4.801169	-74.328449
14	0.666112	750	-4.734544	-79.062992
15	0.646693	750	-4.594177	-83.657170
16	0.627618	750	-4.552195	-88.209364
17	0.608884	750	-4.429985	-92.639350
18	0.590490	750	-4.422295	-97.061645
19	0.572433	750	-4.295655	-101.357300
20	0.554712	750	-4.314822	-105.672122
21	0.537324	750	-4.171979	-109.844101
22	0.520268	750	-4.097475	-113.941576
23	0.503540	750	-4.045784	-117.987360
24	0.487139	750	-3.936355	-121.923714
25	0.471063	750	-3.892705	-125.816419
26	0.455310	750	-3.816779	-129.633198
27	0.439877	750	-3.743154	-133.376353
28	0.424762	750	-3.686060	-137.062413
29	0.409963	750	-3.604945	-140.667358
30	0.395478	750	-3.521407	-144.188764
31	0.381305	750	-3.422425	-147.611189
32	0.367440	750	-3.417113	-151.028302
33	0.353883	750	-3.277245	-154.305547
34	0.340630	750	-3.210505	-157.516053
35	0.327680	750	-3.158752	-160.674804
36	0.315030	750	-3.073804	-163.748608
37	0.302677	750	-3.035056	-166.783665
38	0.290619	750	-2.987943	-169.771608
39	0.278855	750	-2.889566	-172.661174
40	0.267381	750	-3.091130	-175.752304
41	0.256195	750	-2.787705	-178.540010
42	0.245294	750	-2.741498	-181.281507
43	0.234677	750	-2.683016	-183.964524
44	0.224340	750	-2.638006	-186.602530
45	0.214281	750	-2.566109	-189.168639
46	0.204498	750	-2.501964	-191.670604
47	0.194988	750	-2.425854	-194.096458
48	0.185749	750	-2.387862	-196.484320
49	0.176777	750	-2.320258	-198.804577
50	0.168070	750	-2.238108	-201.042685
51	0.159626	750	-2.267797	-203.310482
52	0.151441	750	-2.355107	-205.665589
53	0.143514	750	-2.327496	-207.993085
54	0.135841	750	-2.213345	-210.206431
55	0.128420	750	-2.087060	-212.293491
56	0.121247	750	-1.951338	-214.244829
57	0.114320	750	-2.057661	-216.302490
58	0.107637	750	-1.935208	-218.237698
59	0.101193	750	-1.831190	-220.068888
60	0.094986	750	-1.824161	-221.893048
61	0.089014	750	-1.782254	-223.675303
62	0.083273	750	-1.741718	-225.417020
63	0.077760	750	-1.655053	-227.072073
64	0.072472	750	-1.568409	-228.640483
65	0.067406	750	-1.543668	-230.184150
66	0.062558	750	-1.479533	-231.663684
67	0.057926	750	-1.415320	-233.079004
68	0.053506	750	-1.365085	-234.444088
69	0.049295	750	-1.302216	-235.746304
70	0.045289	750	-1.228146	-236.974450
71	0.041485	750	-1.193767	-238.168217
72	0.037880	750	-1.140077	-239.308294
73	0.034469	750	-1.076104	-240.384398
74	0.031250	750	-1.061222	-241.445620
75	0.028218	750	-1.035318	-242.480938
76	0.025370	750	-0.939127	-243.420065
77	0.022702	750	-0.860368	-244.280433
78	0.020209	750	-0.869556	-245.149989
79	0.017889	750	-0.787166	-245.937155
80	0.015736	750	-0.726756	-246.663911
81	0.013746	750	-0.693519	-247.357430
82	0.011916	750	-0.616169	-247.973599
83	0.010240	750	-0.599597	-248.573197
84	0.008714	750	-0.569477	-249.142673
85	0.007334	750	-0.490059	-249.632733
86	0.006093	750	-0.444273	-250.077006
87	0.004988	750	-0.403073	-250.480079
88	0.004013	750	-0.366252	-250.846330
89	0.003162	750	-0.316000	-251.162330
90	0.002430	750	-0.285328	-251.447658
91	0.001810	750	-0.265304	-251.712963
92	0.001296	750	-0.220966	-251.933929
93	0.000882	750	-0.179325	-252.113253
94	0.000559	750	-0.133934	-252.247187
95	0.000320	750	-0.118700	-252.365887
96	0.000156	750	-0.070497	-252.436384
97	0.000057	750	-0.041498	-252.477883
98	0.000010	750	-0.019658	-252.497541
99	0.000000	750	-0.004084	-252.501625
Log marginal likelihood:	-252.501625
0	0.975187	750	-5.970309	-5.970309
1	0.950747	750	-5.854193	-11.824502
2	0.926679	750	-5.754320	-17.578822
3	0.902980	750	-5.689761	-23.268582
4	0.879648	750	-5.610646	-28.879228
5	0.856682	750	-5.530739	-34.409967
6	0.834079	750	-5.460467	-39.870434
7	0.811838	750	-5.382128	-45.252561
8	0.789957	750	-5.285475	-50.538036
9	0.768433	750	-5.232233	-55.770269
10	0.747266	750	-5.119449	-60.889718
11	0.726452	750	-5.046556	-65.936274
12	0.705989	750	-4.996996	-70.933269
13	0.685877	750	-4.853255	-75.786525
14	0.666112	750	-4.876534	-80.663059
15	0.646693	750	-4.759049	-85.422108
16	0.627618	750	-4.629870	-90.051977
17	0.608884	750	-4.561239	-94.613217
18	0.590490	750	-4.438838	-99.052055
19	0.572433	750	-4.398652	-103.450707
20	0.554712	750	-4.333633	-107.784339
21	0.537324	750	-4.280995	-112.065334
22	0.520268	750	-4.193327	-116.258662
23	0.503540	750	-4.125916	-120.384578
24	0.487139	750	-4.068417	-124.452995
25	0.471063	750	-3.924856	-128.377851
26	0.455310	750	-3.890968	-132.268819
27	0.439877	750	-3.811557	-136.080376
28	0.424762	750	-3.763465	-139.843841
29	0.409963	750	-3.694455	-143.538297
30	0.395478	750	-3.600492	-147.138789
31	0.381305	750	-3.547505	-150.686294
32	0.367440	750	-3.490609	-154.176903
33	0.353883	750	-3.366467	-157.543370
34	0.340630	750	-3.440997	-160.984367
35	0.327680	750	-3.352749	-164.337116
36	0.315030	750	-3.159423	-167.496539
37	0.302677	750	-3.172586	-170.669125
38	0.290619	750	-3.042381	-173.711506
39	0.278855	750	-3.033220	-176.744726
40	0.267381	750	-3.204672	-179.949398
41	0.256195	750	-2.996375	-182.945773
42	0.245294	750	-3.040210	-185.985982
43	0.234677	750	-2.690910	-188.676893
44	0.224340	750	-2.681497	-191.358389
45	0.214281	750	-2.706174	-194.064564
46	0.204498	750	-2.542070	-196.606634
47	0.194988	750	-2.578293	-199.184928
48	0.185749	750	-2.564806	-201.749734
49	0.176777	750	-2.307480	-204.057215
50	0.168070	750	-2.453738	-206.510952
51	0.159626	750	-2.374491	-208.885443
52	0.151441	750	-2.382221	-211.267664
53	0.143514	750	-2.284881	-213.552545
54	0.135841	750	-2.249188	-215.801732
55	0.128420	750	-2.153418	-217.955150
56	0.121247	750	-2.016309	-219.971459
57	0.114320	750	-2.004994	-221.976453
58	0.107637	750	-1.892257	-223.868710
59	0.101193	750	-1.864404	-225.733115
60	0.094986	750	-1.853084	-227.586198
61	0.089014	750	-1.735450	-229.321648
62	0.083273	750	-1.672877	-230.994526
63	0.077760	750	-1.617588	-232.612114
64	0.072472	750	-1.581606	-234.193720
65	0.067406	750	-1.483523	-235.677243
66	0.062558	750	-1.437042	-237.114285
67	0.057926	750	-1.383184	-238.497469
68	0.053506	750	-1.331930	-239.829399
69	0.049295	750	-1.302571	-241.131970
70	0.045289	750	-1.205552	-242.337523
71	0.041485	750	-1.149178	-243.486701
72	0.037880	750	-1.125390	-244.612091
73	0.034469	750	-1.041464	-245.653555
74	0.031250	750	-1.010998	-246.664553
75	0.028218	750	-0.986441	-247.650994
76	0.025370	750	-0.939061	-248.590055
77	0.022702	750	-0.879044	-249.469099
78	0.020209	750	-0.820262	-250.289361
79	0.017889	750	-0.741618	-251.030980
80	0.015736	750	-0.728306	-251.759286
81	0.013746	750	-0.681293	-252.440579
82	0.011916	750	-0.621554	-253.062133
83	0.010240	750	-0.585521	-253.647654
84	0.008714	750	-0.566510	-254.214164
85	0.007334	750	-0.497878	-254.712043
86	0.006093	750	-0.474164	-255.186207
87	0.004988	750	-0.427464	-255.613670
88	0.004013	750	-0.354970	-255.968641
89	0.003162	750	-0.325280	-256.293920
90	0.002430	750	-0.302093	-256.596013
91	0.001810	750	-0.250499	-256.846512
92	0.001296	750	-0.216191	-257.062703
93	0.000882	750	-0.207437	-257.270140
94	0.000559	750	-0.125333	-257.395473
95	0.000320	750	-0.099814	-257.495287
96	0.000156	750	-0.071190	-257.566477
97	0.000057	750	-0.038934	-257.605411
98	0.000010	750	-0.017968	-257.623379
99	0.000000	750	-0.004374	-257.627754
Log marginal likelihood:	-257.627754
0	0.975187	750	-5.693844	-5.693844
1	0.950747	750	-5.616928	-11.310773
2	0.926679	750	-5.523409	-16.834182
3	0.902980	750	-5.459094	-22.293276
4	0.879648	750	-5.351682	-27.644958
5	0.856682	750	-5.280793	-32.925751
6	0.834079	750	-5.179532	-38.105283
7	0.811838	750	-5.162532	-43.267815
8	0.789957	750	-5.036053	-48.303869
9	0.768433	750	-5.022580	-53.326449
10	0.747266	750	-4.923210	-58.249659
11	0.726452	750	-4.790258	-63.039917
12	0.705989	750	-4.741295	-67.781212
13	0.685877	750	-4.648737	-72.429949
14	0.666112	750	-4.534962	-76.964912
15	0.646693	750	-4.485573	-81.450484
16	0.627618	750	-4.428280	-85.878764
17	0.608884	750	-4.391591	-90.270355
18	0.590490	750	-4.274227	-94.544583
19	0.572433	750	-4.204478	-98.749060
20	0.554712	750	-4.189375	-102.938435
21	0.537324	750	-4.063455	-107.001890
22	0.520268	750	-3.959536	-110.961425
23	0.503540	750	-3.906461	-114.867886
24	0.487139	750	-3.859812	-118.727698
25	0.471063	750	-3.764078	-122.491776
26	0.455310	750	-3.700570	-126.192346
27	0.439877	750	-3.631908	-129.824254
28	0.424762	750	-3.547617	-133.371872
29	0.409963	750	-3.512322	-136.884194
30	0.395478	750	-3.407846	-140.292040
31	0.381305	750	-3.362589	-143.654629
32	0.367440	750	-3.275264	-146.929893
33	0.353883	750	-3.192275	-150.122168
34	0.340630	750	-3.172503	-153.294671
35	0.327680	750	-3.100600	-156.395271
36	0.315030	750	-3.048845	-159.444117
37	0.302677	750	-2.943640	-162.387756
38	0.290619	750	-2.871188	-165.258944
39	0.278855	750	-2.841429	-168.100373
40	0.267381	750	-2.759857	-170.860230
41	0.256195	750	-2.723934	-173.584164
42	0.245294	750	-2.693663	-176.277827
43	0.234677	750	-2.574283	-178.852110
44	0.224340	750	-2.538332	-181.390441
45	0.214281	750	-2.478099	-183.868541
46	0.204498	750	-2.468622	-186.337163
47	0.194988	750	-2.556826	-188.893989
48	0.185749	750	-2.359294	-191.253283
49	0.176777	750	-2.270561	-193.523843
50	0.168070	750	-2.556956	-196.080799
51	0.159626	750	-2.098759	-198.179558
52	0.151441	750	-2.141617	-200.321175
53	0.143514	750	-2.041543	-202.362718
54	0.135841	750	-2.256777	-204.619495
55	0.128420	750	-2.148112	-206.767607
56	0.121247	750	-2.079559	-208.847167
57	0.114320	750	-1.970654	-210.817821
58	0.107637	750	-1.849881	-212.667702
59	0.101193	750	-1.816638	-214.484340
60	0.094986	750	-1.796859	-216.281198
61	0.089014	750	-1.736228	-218.017427
62	0.083273	750	-1.710841	-219.728268
63	0.077760	750	-1.652813	-221.381081
64	0.072472	750	-1.590126	-222.971207
65	0.067406	750	-1.514963	-224.486170
66	0.062558	750	-1.438187	-225.924357
67	0.057926	750	-1.415044	-227.339401
68	0.053506	750	-1.331663	-228.671064
69	0.049295	750	-1.298644	-229.969708
70	0.045289	750	-1.255788	-231.225496
71	0.041485	750	-1.171416	-232.396912
72	0.037880	750	-1.098306	-233.495218
73	0.034469	750	-1.095661	-234.590880
74	0.031250	750	-1.033564	-235.624443
75	0.028218	750	-0.985354	-236.609798
76	0.025370	750	-0.937765	-237.547563
77	0.022702	750	-0.876170	-238.423733
78	0.020209	750	-0.818818	-239.242551
79	0.017889	750	-0.788828	-240.031379
80	0.015736	750	-0.783693	-240.815072
81	0.013746	750	-0.676103	-241.491175
82	0.011916	750	-0.645748	-242.136923
83	0.010240	750	-0.591888	-242.728811
84	0.008714	750	-0.524521	-243.253333
85	0.007334	750	-0.525484	-243.778817
86	0.006093	750	-0.443888	-244.222705
87	0.004988	750	-0.420378	-244.643083
88	0.004013	750	-0.378870	-245.021953
89	0.003162	750	-0.327831	-245.349785
90	0.002430	750	-0.313612	-245.663396
91	0.001810	750	-0.242537	-245.905933
92	0.001296	750	-0.187680	-246.093614
93	0.000882	750	-0.174066	-246.267679
94	0.000559	750	-0.133232	-246.400911
95	0.000320	750	-0.104411	-246.505322
96	0.000156	750	-0.067046	-246.572368
97	0.000057	750	-0.036965	-246.609333
98	0.000010	750	-0.021393	-246.630726
99	0.000000	750	-0.003850	-246.634576
Log marginal likelihood:	-246.634576
0	0.975187	750	-6.250526	-6.250526
1	0.950747	750	-6.188149	-12.438674
2	0.926679	750	-6.095526	-18.534201
3	0.902980	750	-5.954301	-24.488502
4	0.879648	750	-5.863963	-30.352466
5	0.856682	750	-5.773395	-36.125860
6	0.834079	750	-5.681110	-41.806970
7	0.811838	750	-5.616950	-47.423921
8	0.789957	750	-5.523644	-52.947565
9	0.768433	750	-5.432692	-58.380257
10	0.747266	750	-5.350200	-63.730457
11	0.726452	750	-5.282111	-69.012568
12	0.705989	750	-5.171657	-74.184225
13	0.685877	750	-5.076666	-79.260891
14	0.666112	750	-4.996046	-84.256938
15	0.646693	750	-4.938270	-89.195208
16	0.627618	750	-4.851878	-94.047086
17	0.608884	750	-4.787062	-98.834149
18	0.590490	750	-4.653380	-103.487529
19	0.572433	750	-4.573429	-108.060957
20	0.554712	750	-4.493224	-112.554181
21	0.537324	750	-4.422417	-116.976598
22	0.520268	750	-4.359129	-121.335727
23	0.503540	750	-4.294975	-125.630702
24	0.487139	750	-4.226057	-129.856759
25	0.471063	750	-4.112453	-133.969212
26	0.455310	750	-4.013294	-137.982506
27	0.439877	750	-3.954543	-141.937049
28	0.424762	750	-3.862876	-145.799925
29	0.409963	750	-3.774618	-149.574543
30	0.395478	750	-3.719317	-153.293860
31	0.381305	750	-3.623997	-156.917857
32	0.367440	750	-3.590746	-160.508603
33	0.353883	750	-3.483762	-163.992366
34	0.340630	750	-3.417447	-167.409812
35	0.327680	750	-3.364769	-170.774581
36	0.315030	750	-3.255890	-174.030471
37	0.302677	750	-3.257429	-177.287900
38	0.290619	750	-3.116726	-180.404626
39	0.278855	750	-3.076011	-183.480637
40	0.267381	750	-3.262746	-186.743383
41	0.256195	750	-3.306513	-190.049897
42	0.245294	750	-3.113029	-193.162925
43	0.234677	750	-2.918446	-196.081372
44	0.224340	750	-2.747637	-198.829008
45	0.214281	750	-2.717635	-201.546644
46	0.204498	750	-2.885744	-204.432388
47	0.194988	750	-2.574521	-207.006909
48	0.185749	750	-2.446886	-209.453796
49	0.176777	750	-2.545455	-211.999251
50	0.168070	750	-2.589329	-214.588580
51	0.159626	750	-2.500334	-217.088914
52	0.151441	750	-2.420298	-219.509212
53	0.143514	750	-2.375237	-221.884450
54	0.135841	750	-2.198113	-224.082563
55	0.128420	750	-2.211723	-226.294286
56	0.121247	750	-2.122366	-228.416652
57	0.114320	750	-2.078208	-230.494859
58	0.107637	750	-1.976834	-232.471693
59	0.101193	750	-1.933319	-234.405012
60	0.094986	750	-1.800475	-236.205488
61	0.089014	750	-1.835986	-238.041474
62	0.083273	750	-1.743830	-239.785304
63	0.077760	750	-1.678408	-241.463712
64	0.072472	750	-1.580895	-243.044607
65	0.067406	750	-1.547711	-244.592318
66	0.062558	750	-1.501989	-246.094307
67	0.057926	750	-1.419819	-247.514126
68	0.053506	750	-1.386915	-248.901041
69	0.049295	750	-1.324413	-250.225454
70	0.045289	750	-1.288192	-251.513646
71	0.041485	750	-1.202313	-252.715959
72	0.037880	750	-1.146658	-253.862618
73	0.034469	750	-1.093496	-254.956114
74	0.031250	750	-1.041031	-255.997145
75	0.028218	750	-0.963048	-256.960193
76	0.025370	750	-0.960786	-257.920979
77	0.022702	750	-0.928176	-258.849155
78	0.020209	750	-0.879242	-259.728397
79	0.017889	750	-0.796297	-260.524694
80	0.015736	750	-0.727361	-261.252055
81	0.013746	750	-0.698972	-261.951026
82	0.011916	750	-0.665285	-262.616311
83	0.010240	750	-0.612879	-263.229190
84	0.008714	750	-0.532796	-263.761986
85	0.007334	750	-0.520236	-264.282222
86	0.006093	750	-0.471458	-264.753681
87	0.004988	750	-0.415533	-265.169213
88	0.004013	750	-0.366861	-265.536075
89	0.003162	750	-0.331740	-265.867815
90	0.002430	750	-0.293959	-266.161774
91	0.001810	750	-0.239981	-266.401755
92	0.001296	750	-0.205018	-266.606774
93	0.000882	750	-0.164551	-266.771325
94	0.000559	750	-0.132348	-266.903673
95	0.000320	750	-0.104807	-267.008479
96	0.000156	750	-0.070094	-267.078574
97	0.000057	750	-0.048713	-267.127287
98	0.000010	750	-0.020456	-267.147744
99	0.000000	750	-0.004433	-267.152176
Log marginal likelihood:	-267.152176
0	0.975187	750	-6.099083	-6.099083
1	0.950747	750	-5.992565	-12.091648
2	0.926679	750	-5.885968	-17.977615
3	0.902980	750	-5.784241	-23.761856
4	0.879648	750	-5.727812	-29.489668
5	0.856682	750	-5.644252	-35.133920
6	0.834079	750	-5.513611	-40.647531
7	0.811838	750	-5.452183	-46.099714
8	0.789957	750	-5.384484	-51.484198
9	0.768433	750	-5.312836	-56.797034
10	0.747266	750	-5.223624	-62.020658
11	0.726452	750	-5.106104	-67.126762
12	0.705989	750	-5.006726	-72.133488
13	0.685877	750	-4.936055	-77.069542
14	0.666112	750	-4.895095	-81.964637
15	0.646693	750	-4.792649	-86.757286
16	0.627618	750	-4.699363	-91.456649
17	0.608884	750	-4.647326	-96.103976
18	0.590490	750	-4.554837	-100.658812
19	0.572433	750	-4.434093	-105.092906
20	0.554712	750	-4.363375	-109.456281
21	0.537324	750	-4.299822	-113.756103
22	0.520268	750	-4.227243	-117.983346
23	0.503540	750	-4.105781	-122.089127
24	0.487139	750	-4.036406	-126.125533
25	0.471063	750	-4.161729	-130.287263
26	0.455310	750	-3.884415	-134.171677
27	0.439877	750	-3.848915	-138.020592
28	0.424762	750	-3.769942	-141.790535
29	0.409963	750	-3.703695	-145.494229
30	0.395478	750	-3.613915	-149.108145
31	0.381305	750	-3.544762	-152.652907
32	0.367440	750	-3.485954	-156.138860
33	0.353883	750	-3.404397	-159.543257
34	0.340630	750	-3.315991	-162.859249
35	0.327680	750	-3.242776	-166.102024
36	0.315030	750	-3.269968	-169.371993
37	0.302677	750	-3.339217	-172.711209
38	0.290619	750	-3.231327	-175.942537
39	0.278855	750	-2.997186	-178.939723
40	0.267381	750	-2.921068	-181.860792
41	0.256195	750	-2.851889	-184.712681
42	0.245294	750	-2.788116	-187.500796
43	0.234677	750	-2.725644	-190.226441
44	0.224340	750	-2.627586	-192.854027
45	0.214281	750	-2.600931	-195.454958
46	0.204498	750	-2.712112	-198.167070
47	0.194988	750	-2.826448	-200.993518
48	0.185749	750	-2.739956	-203.733474
49	0.176777	750	-2.474589	-206.208063
50	0.168070	750	-2.360742	-208.568805
51	0.159626	750	-2.203422	-210.772227
52	0.151441	750	-2.444167	-213.216394
53	0.143514	750	-2.336957	-215.553351
54	0.135841	750	-2.280655	-217.834006
55	0.128420	750	-2.153052	-219.987057
56	0.121247	750	-2.142831	-222.129888
57	0.114320	750	-2.082006	-224.211894
58	0.107637	750	-2.020108	-226.232002
59	0.101193	750	-1.922943	-228.154945
60	0.094986	750	-1.843473	-229.998419
61	0.089014	750	-1.814550	-231.812968
62	0.083273	750	-1.759392	-233.572360
63	0.077760	750	-1.703003	-235.275363
64	0.072472	750	-1.629498	-236.904861
65	0.067406	750	-1.575150	-238.480012
66	0.062558	750	-1.484623	-239.964634
67	0.057926	750	-1.429210	-241.393844
68	0.053506	750	-1.367433	-242.761277
69	0.049295	750	-1.310296	-244.071573
70	0.045289	750	-1.261656	-245.333229
71	0.041485	750	-1.189026	-246.522255
72	0.037880	750	-1.147556	-247.669812
73	0.034469	750	-1.110979	-248.780790
74	0.031250	750	-1.045202	-249.825992
75	0.028218	750	-0.975210	-250.801203
76	0.025370	750	-0.916742	-251.717944
77	0.022702	750	-0.892371	-252.610315
78	0.020209	750	-0.837010	-253.447325
79	0.017889	750	-0.781686	-254.229011
80	0.015736	750	-0.753674	-254.982684
81	0.013746	750	-0.667778	-255.650462
82	0.011916	750	-0.616006	-256.266468
83	0.010240	750	-0.591920	-256.858389
84	0.008714	750	-0.562140	-257.420528
85	0.007334	750	-0.502301	-257.922829
86	0.006093	750	-0.500139	-258.422968
87	0.004988	750	-0.410940	-258.833908
88	0.004013	750	-0.385762	-259.219670
89	0.003162	750	-0.350644	-259.570314
90	0.002430	750	-0.302584	-259.872898
91	0.001810	750	-0.258432	-260.131330
92	0.001296	750	-0.204311	-260.335641
93	0.000882	750	-0.174543	-260.510185
94	0.000559	750	-0.132144	-260.642329
95	0.000320	750	-0.099710	-260.742039
96	0.000156	750	-0.065498	-260.807537
97	0.000057	750	-0.039715	-260.847252
98	0.000010	750	-0.022259	-260.869511
99	0.000000	750	-0.004508	-260.874019
Log marginal likelihood:	-260.874019
0	0.975187	750	-5.560222	-5.560222
1	0.950747	750	-5.473896	-11.034117
2	0.926679	750	-5.385948	-16.420065
3	0.902980	750	-5.323048	-21.743113
4	0.879648	750	-5.244355	-26.987468
5	0.856682	750	-5.193099	-32.180568
6	0.834079	750	-5.087471	-37.268038
7	0.811838	750	-4.991939	-42.259977
8	0.789957	750	-4.949102	-47.209079
9	0.768433	750	-4.847119	-52.056198
10	0.747266	750	-4.818146	-56.874344
11	0.726452	750	-4.713865	-61.588210
12	0.705989	750	-4.641188	-66.229398
13	0.685877	750	-4.521978	-70.751376
14	0.666112	750	-4.449255	-75.200631
15	0.646693	750	-4.353882	-79.554513
16	0.627618	750	-4.317133	-83.871646
17	0.608884	750	-4.245585	-88.117232
18	0.590490	750	-4.160743	-92.277974
19	0.572433	750	-4.118897	-96.396871
20	0.554712	750	-4.070680	-100.467551
21	0.537324	750	-4.009912	-104.477463
22	0.520268	750	-3.875480	-108.352943
23	0.503540	750	-3.886095	-112.239038
24	0.487139	750	-3.726637	-115.965675
25	0.471063	750	-3.662676	-119.628351
26	0.455310	750	-3.590866	-123.219217
27	0.439877	750	-3.515930	-126.735147
28	0.424762	750	-3.435306	-130.170453
29	0.409963	750	-3.389885	-133.560338
30	0.395478	750	-3.357725	-136.918063
31	0.381305	750	-3.299240	-140.217302
32	0.367440	750	-3.249286	-143.466589
33	0.353883	750	-3.165165	-146.631753
34	0.340630	750	-3.010122	-149.641875
35	0.327680	750	-3.055897	-152.697773
36	0.315030	750	-2.986711	-155.684483
37	0.302677	750	-2.906428	-158.590911
38	0.290619	750	-2.828654	-161.419565
39	0.278855	750	-2.728845	-164.148411
40	0.267381	750	-2.708507	-166.856917
41	0.256195	750	-2.619818	-169.476735
42	0.245294	750	-2.618671	-172.095406
43	0.234677	750	-2.526065	-174.621471
44	0.224340	750	-2.544028	-177.165499
45	0.214281	750	-2.470184	-179.635683
46	0.204498	750	-2.607618	-182.243301
47	0.194988	750	-2.391507	-184.634808
48	0.185749	750	-2.308100	-186.942908
49	0.176777	750	-2.184640	-189.127548
50	0.168070	750	-2.154329	-191.281877
51	0.159626	750	-2.160719	-193.442596
52	0.151441	750	-2.025388	-195.467984
53	0.143514	750	-2.232283	-197.700267
54	0.135841	750	-1.934342	-199.634609
55	0.128420	750	-1.877618	-201.512228
56	0.121247	750	-2.012219	-203.524446
57	0.114320	750	-1.906573	-205.431019
58	0.107637	750	-2.005395	-207.436414
59	0.101193	750	-1.872772	-209.309186
60	0.094986	750	-1.842203	-211.151388
61	0.089014	750	-1.636621	-212.788009
62	0.083273	750	-1.712755	-214.500764
63	0.077760	750	-1.616644	-216.117408
64	0.072472	750	-1.586995	-217.704403
65	0.067406	750	-1.430265	-219.134668
66	0.062558	750	-1.471781	-220.606449
67	0.057926	750	-1.382542	-221.988991
68	0.053506	750	-1.375474	-223.364465
69	0.049295	750	-1.268215	-224.632679
70	0.045289	750	-1.248882	-225.881562
71	0.041485	750	-1.167917	-227.049479
72	0.037880	750	-1.165265	-228.214744
73	0.034469	750	-1.089192	-229.303936
74	0.031250	750	-1.029516	-230.333452
75	0.028218	750	-0.999058	-231.332510
76	0.025370	750	-0.922024	-232.254535
77	0.022702	750	-0.877625	-233.132159
78	0.020209	750	-0.841339	-233.973498
79	0.017889	750	-0.782133	-234.755631
80	0.015736	750	-0.736089	-235.491719
81	0.013746	750	-0.708874	-236.200593
82	0.011916	750	-0.664947	-236.865540
83	0.010240	750	-0.591372	-237.456912
84	0.008714	750	-0.546708	-238.003620
85	0.007334	750	-0.515454	-238.519074
86	0.006093	750	-0.454691	-238.973765
87	0.004988	750	-0.413946	-239.387711
88	0.004013	750	-0.376216	-239.763927
89	0.003162	750	-0.330284	-240.094211
90	0.002430	750	-0.290197	-240.384408
91	0.001810	750	-0.254177	-240.638585
92	0.001296	750	-0.210681	-240.849266
93	0.000882	750	-0.161673	-241.010938
94	0.000559	750	-0.131378	-241.142316
95	0.000320	750	-0.095085	-241.237401
96	0.000156	750	-0.071344	-241.308745
97	0.000057	750	-0.045839	-241.354584
98	0.000010	750	-0.019018	-241.373601
99	0.000000	750	-0.004014	-241.377615
Log marginal likelihood:	-241.377615
0	0.975187	750	-6.162393	-6.162393
1	0.950747	750	-6.141210	-12.303603
2	0.926679	750	-6.025574	-18.329177
3	0.902980	750	-5.967541	-24.296718
4	0.879648	750	-5.817087	-30.113804
5	0.856682	750	-5.768719	-35.882523
6	0.834079	750	-5.642785	-41.525308
7	0.811838	750	-5.571807	-47.097115
8	0.789957	750	-5.485998	-52.583112
9	0.768433	750	-5.389440	-57.972552
10	0.747266	750	-5.343487	-63.316039
11	0.726452	750	-5.248317	-68.564356
12	0.705989	750	-5.159462	-73.723818
13	0.685877	750	-5.076799	-78.800616
14	0.666112	750	-4.984423	-83.785039
15	0.646693	750	-4.892092	-88.677131
16	0.627618	750	-4.864113	-93.541244
17	0.608884	750	-4.803343	-98.344587
18	0.590490	750	-4.671249	-103.015836
19	0.572433	750	-4.591929	-107.607765
20	0.554712	750	-4.493830	-112.101596
21	0.537324	750	-4.388377	-116.489973
22	0.520268	750	-4.352321	-120.842294
23	0.503540	750	-4.257942	-125.100236
24	0.487139	750	-4.199746	-129.299982
25	0.471063	750	-4.112754	-133.412735
26	0.455310	750	-4.009110	-137.421846
27	0.439877	750	-3.892345	-141.314191
28	0.424762	750	-3.905626	-145.219817
29	0.409963	750	-3.885386	-149.105203
30	0.395478	750	-3.759163	-152.864366
31	0.381305	750	-3.656616	-156.520982
32	0.367440	750	-3.589085	-160.110067
33	0.353883	750	-3.482085	-163.592152
34	0.340630	750	-3.467709	-167.059861
35	0.327680	750	-3.335090	-170.394951
36	0.315030	750	-3.277454	-173.672405
37	0.302677	750	-3.278981	-176.951385
38	0.290619	750	-3.290980	-180.242365
39	0.278855	750	-3.133189	-183.375554
40	0.267381	750	-3.162164	-186.537718
41	0.256195	750	-2.976260	-189.513978
42	0.245294	750	-2.927166	-192.441144
43	0.234677	750	-2.970704	-195.411848
44	0.224340	750	-2.792377	-198.204225
45	0.214281	750	-2.802521	-201.006746
46	0.204498	750	-2.842791	-203.849537
47	0.194988	750	-2.649689	-206.499226
48	0.185749	750	-2.633831	-209.133057
49	0.176777	750	-2.484927	-211.617984
50	0.168070	750	-2.335181	-213.953165
51	0.159626	750	-2.376471	-216.329636
52	0.151441	750	-2.328787	-218.658423
53	0.143514	750	-2.311913	-220.970336
54	0.135841	750	-2.209861	-223.180197
55	0.128420	750	-2.101815	-225.282012
56	0.121247	750	-2.063274	-227.345286
57	0.114320	750	-2.051923	-229.397209
58	0.107637	750	-2.002746	-231.399955
59	0.101193	750	-1.861510	-233.261466
60	0.094986	750	-1.826884	-235.088350
61	0.089014	750	-1.727972	-236.816322
62	0.083273	750	-1.720660	-238.536982
63	0.077760	750	-1.648859	-240.185841
64	0.072472	750	-1.615992	-241.801833
65	0.067406	750	-1.541090	-243.342923
66	0.062558	750	-1.469127	-244.812050
67	0.057926	750	-1.402782	-246.214832
68	0.053506	750	-1.352575	-247.567408
69	0.049295	750	-1.302146	-248.869553
70	0.045289	750	-1.240251	-250.109804
71	0.041485	750	-1.193390	-251.303194
72	0.037880	750	-1.120329	-252.423523
73	0.034469	750	-1.096303	-253.519826
74	0.031250	750	-1.056985	-254.576812
75	0.028218	750	-0.959139	-255.535951
76	0.025370	750	-0.947708	-256.483659
77	0.022702	750	-0.867131	-257.350790
78	0.020209	750	-0.821752	-258.172542
79	0.017889	750	-0.785115	-258.957657
80	0.015736	750	-0.766638	-259.724295
81	0.013746	750	-0.689291	-260.413586
82	0.011916	750	-0.637129	-261.050715
83	0.010240	750	-0.567442	-261.618157
84	0.008714	750	-0.557556	-262.175713
85	0.007334	750	-0.502721	-262.678434
86	0.006093	750	-0.462964	-263.141398
87	0.004988	750	-0.410672	-263.552070
88	0.004013	750	-0.361661	-263.913731
89	0.003162	750	-0.322156	-264.235887
90	0.002430	750	-0.289266	-264.525153
91	0.001810	750	-0.240670	-264.765822
92	0.001296	750	-0.207306	-264.973128
93	0.000882	750	-0.173735	-265.146864
94	0.000559	750	-0.133200	-265.280064
95	0.000320	750	-0.095525	-265.375589
96	0.000156	750	-0.069938	-265.445526
97	0.000057	750	-0.042656	-265.488182
98	0.000010	750	-0.017707	-265.505889
99	0.000000	750	-0.004015	-265.509904
Log marginal likelihood:	-265.509904
0	0.975187	750	-6.037421	-6.037421
1	0.950747	750	-5.962604	-12.000026
2	0.926679	750	-5.898833	-17.898859
3	0.902980	750	-5.767224	-23.666083
4	0.879648	750	-5.678743	-29.344826
5	0.856682	750	-5.592819	-34.937645
6	0.834079	750	-5.504448	-40.442094
7	0.811838	750	-5.421778	-45.863871
8	0.789957	750	-5.352407	-51.216278
9	0.768433	750	-5.251160	-56.467438
10	0.747266	750	-5.171189	-61.638627
11	0.726452	750	-5.070835	-66.709462
12	0.705989	750	-4.992367	-71.701829
13	0.685877	750	-4.912580	-76.614409
14	0.666112	750	-4.839439	-81.453848
15	0.646693	750	-4.753948	-86.207796
16	0.627618	750	-4.667747	-90.875543
17	0.608884	750	-4.595747	-95.471290
18	0.590490	750	-4.509118	-99.980407
19	0.572433	750	-4.439153	-104.419560
20	0.554712	750	-4.341200	-108.760760
21	0.537324	750	-4.284827	-113.045587
22	0.520268	750	-4.200339	-117.245925
23	0.503540	750	-4.123367	-121.369292
24	0.487139	750	-4.023397	-125.392689
25	0.471063	750	-3.942693	-129.335383
26	0.455310	750	-3.882826	-133.218208
27	0.439877	750	-3.838513	-137.056721
28	0.424762	750	-3.751731	-140.808452
29	0.409963	750	-3.648276	-144.456728
30	0.395478	750	-3.573136	-148.029864
31	0.381305	750	-3.518272	-151.548136
32	0.367440	750	-3.436281	-154.984417
33	0.353883	750	-3.355940	-158.340357
34	0.340630	750	-3.320661	-161.661017
35	0.327680	750	-3.234297	-164.895314
36	0.315030	750	-3.138662	-168.033976
37	0.302677	750	-3.094561	-171.128537
38	0.290619	750	-3.062869	-174.191406
39	0.278855	750	-2.946889	-177.138295
40	0.267381	750	-2.910763	-180.049058
41	0.256195	750	-2.818000	-182.867058
42	0.245294	750	-2.733955	-185.601013
43	0.234677	750	-2.735629	-188.336642
44	0.224340	750	-2.650073	-190.986716
45	0.214281	750	-2.590108	-193.576824
46	0.204498	750	-2.824049	-196.400873
47	0.194988	750	-2.491961	-198.892834
48	0.185749	750	-2.497060	-201.389894
49	0.176777	750	-2.408116	-203.798010
50	0.168070	750	-2.332551	-206.130561
51	0.159626	750	-2.383277	-208.513838
52	0.151441	750	-2.354244	-210.868081
53	0.143514	750	-2.340590	-213.208671
54	0.135841	750	-2.194254	-215.402925
55	0.128420	750	-2.152604	-217.555529
56	0.121247	750	-2.112832	-219.668360
57	0.114320	750	-1.896186	-221.564546
58	0.107637	750	-1.939807	-223.504353
59	0.101193	750	-1.942177	-225.446530
60	0.094986	750	-1.854317	-227.300847
61	0.089014	750	-1.795067	-229.095914
62	0.083273	750	-1.674686	-230.770599
63	0.077760	750	-1.647833	-232.418433
64	0.072472	750	-1.562730	-233.981163
65	0.067406	750	-1.524655	-235.505818
66	0.062558	750	-1.442159	-236.947976
67	0.057926	750	-1.404049	-238.352025
68	0.053506	750	-1.373897	-239.725923
69	0.049295	750	-1.314118	-241.040041
70	0.045289	750	-1.236149	-242.276190
71	0.041485	750	-1.197469	-243.473659
72	0.037880	750	-1.119784	-244.593443
73	0.034469	750	-1.107932	-245.701375
74	0.031250	750	-1.026679	-246.728054
75	0.028218	750	-0.968025	-247.696079
76	0.025370	750	-0.928474	-248.624553
77	0.022702	750	-0.891381	-249.515934
78	0.020209	750	-0.823163	-250.339098
79	0.017889	750	-0.794622	-251.133719
80	0.015736	750	-0.709906	-251.843626
81	0.013746	750	-0.687752	-252.531377
82	0.011916	750	-0.673333	-253.204710
83	0.010240	750	-0.638694	-253.843404
84	0.008714	750	-0.548788	-254.392193
85	0.007334	750	-0.466788	-254.858980
86	0.006093	750	-0.463661	-255.322641
87	0.004988	750	-0.408594	-255.731235
88	0.004013	750	-0.377438	-256.108673
89	0.003162	750	-0.350436	-256.459109
90	0.002430	750	-0.284547	-256.743656
91	0.001810	750	-0.240852	-256.984509
92	0.001296	750	-0.192371	-257.176879
93	0.000882	750	-0.176185	-257.353065
94	0.000559	750	-0.134169	-257.487234
95	0.000320	750	-0.098254	-257.585488
96	0.000156	750	-0.063269	-257.648757
97	0.000057	750	-0.040879	-257.689635
98	0.000010	750	-0.018589	-257.708225
99	0.000000	750	-0.004011	-257.712236
Log marginal likelihood:	-257.712236
0	0.975187	750	-5.869095	-5.869095
1	0.950747	750	-5.747513	-11.616608
2	0.926679	750	-5.728846	-17.345454
3	0.902980	750	-5.641873	-22.987327
4	0.879648	750	-5.570472	-28.557799
5	0.856682	750	-5.434143	-33.991942
6	0.834079	750	-5.314067	-39.306010
7	0.811838	750	-5.297890	-44.603900
8	0.789957	750	-5.202588	-49.806488
9	0.768433	750	-5.118685	-54.925173
10	0.747266	750	-5.064318	-59.989491
11	0.726452	750	-4.957665	-64.947157
12	0.705989	750	-4.922966	-69.870122
13	0.685877	750	-4.751266	-74.621388
14	0.666112	750	-4.695354	-79.316742
15	0.646693	750	-4.639853	-83.956595
16	0.627618	750	-4.533828	-88.490423
17	0.608884	750	-4.430670	-92.921092
18	0.590490	750	-4.388697	-97.309789
19	0.572433	750	-4.323537	-101.633326
20	0.554712	750	-4.230470	-105.863796
21	0.537324	750	-4.145740	-110.009536
22	0.520268	750	-4.109688	-114.119224
23	0.503540	750	-3.990362	-118.109586
24	0.487139	750	-3.945599	-122.055185
25	0.471063	750	-3.891903	-125.947088
26	0.455310	750	-3.803890	-129.750978
27	0.439877	750	-3.734356	-133.485335
28	0.424762	750	-3.638981	-137.124316
29	0.409963	750	-3.588196	-140.712512
30	0.395478	750	-3.576433	-144.288945
31	0.381305	750	-3.444152	-147.733097
32	0.367440	750	-3.348787	-151.081884
33	0.353883	750	-3.329203	-154.411088
34	0.340630	750	-3.226105	-157.637192
35	0.327680	750	-3.177709	-160.814902
36	0.315030	750	-3.096753	-163.911654
37	0.302677	750	-3.061753	-166.973407
38	0.290619	750	-2.980492	-169.953899
39	0.278855	750	-2.887655	-172.841554
40	0.267381	750	-2.805610	-175.647163
41	0.256195	750	-2.783550	-178.430714
42	0.245294	750	-2.663590	-181.094304
43	0.234677	750	-2.636788	-183.731092
44	0.224340	750	-2.604843	-186.335935
45	0.214281	750	-2.589776	-188.925711
46	0.204498	750	-2.499921	-191.425632
47	0.194988	750	-2.335601	-193.761233
48	0.185749	750	-2.410576	-196.171809
49	0.176777	750	-2.314224	-198.486034
50	0.168070	750	-2.331202	-200.817236
51	0.159626	750	-2.197311	-203.014547
52	0.151441	750	-2.391909	-205.406456
53	0.143514	750	-2.209808	-207.616264
54	0.135841	750	-2.142873	-209.759137
55	0.128420	750	-1.990574	-211.749711
56	0.121247	750	-1.982827	-213.732538
57	0.114320	750	-1.966152	-215.698690
58	0.107637	750	-1.954404	-217.653094
59	0.101193	750	-1.766694	-219.419788
60	0.094986	750	-1.787009	-221.206797
61	0.089014	750	-1.677437	-222.884234
62	0.083273	750	-1.685692	-224.569926
63	0.077760	750	-1.627047	-226.196973
64	0.072472	750	-1.562732	-227.759705
65	0.067406	750	-1.522933	-229.282638
66	0.062558	750	-1.475694	-230.758332
67	0.057926	750	-1.410192	-232.168524
68	0.053506	750	-1.346683	-233.515208
69	0.049295	750	-1.301478	-234.816685
70	0.045289	750	-1.215725	-236.032410
71	0.041485	750	-1.187865	-237.220276
72	0.037880	750	-1.180200	-238.400476
73	0.034469	750	-1.085045	-239.485521
74	0.031250	750	-1.031604	-240.517125
75	0.028218	750	-0.985498	-241.502623
76	0.025370	750	-0.913212	-242.415835
77	0.022702	750	-0.881667	-243.297502
78	0.020209	750	-0.808365	-244.105867
79	0.017889	750	-0.773368	-244.879235
80	0.015736	750	-0.729131	-245.608366
81	0.013746	750	-0.695742	-246.304108
82	0.011916	750	-0.647331	-246.951440
83	0.010240	750	-0.581257	-247.532696
84	0.008714	750	-0.551389	-248.084085
85	0.007334	750	-0.544274	-248.628359
86	0.006093	750	-0.447310	-249.075668
87	0.004988	750	-0.442150	-249.517818
88	0.004013	750	-0.380405	-249.898223
89	0.003162	750	-0.325238	-250.223461
90	0.002430	750	-0.300408	-250.523870
91	0.001810	750	-0.250084	-250.773954
92	0.001296	750	-0.210960	-250.984914
93	0.000882	750	-0.156955	-251.141869
94	0.000559	750	-0.137113	-251.278982
95	0.000320	750	-0.096175	-251.375156
96	0.000156	750	-0.067232	-251.442388
97	0.000057	750	-0.044637	-251.487026
98	0.000010	750	-0.017818	-251.504844
99	0.000000	750	-0.004524	-251.509368
Log marginal likelihood:	-251.509368
0	0.975187	750	-6.172908	-6.172908
1	0.950747	750	-6.100920	-12.273827
2	0.926679	750	-5.985319	-18.259147
3	0.902980	750	-5.885404	-24.144550
4	0.879648	750	-5.801798	-29.946349
5	0.856682	750	-5.730373	-35.676721
6	0.834079	750	-5.628649	-41.305370
7	0.811838	750	-5.522692	-46.828062
8	0.789957	750	-5.428991	-52.257053
9	0.768433	750	-5.371417	-57.628470
10	0.747266	750	-5.280543	-62.909013
11	0.726452	750	-5.212126	-68.121139
12	0.705989	750	-5.129114	-73.250253
13	0.685877	750	-5.059055	-78.309308
14	0.666112	750	-4.957403	-83.266711
15	0.646693	750	-4.848766	-88.115476
16	0.627618	750	-4.744366	-92.859842
17	0.608884	750	-4.679322	-97.539164
18	0.590490	750	-4.592811	-102.131975
19	0.572433	750	-4.539151	-106.671125
20	0.554712	750	-4.488289	-111.159414
21	0.537324	750	-4.389921	-115.549335
22	0.520268	750	-4.337049	-119.886384
23	0.503540	750	-4.227693	-124.114077
24	0.487139	750	-4.159528	-128.273605
25	0.471063	750	-4.075992	-132.349598
26	0.455310	750	-4.055084	-136.404681
27	0.439877	750	-3.908946	-140.313627
28	0.424762	750	-3.850755	-144.164382
29	0.409963	750	-3.774975	-147.939356
30	0.395478	750	-3.675550	-151.614906
31	0.381305	750	-3.937331	-155.552237
32	0.367440	750	-3.700712	-159.252949
33	0.353883	750	-3.514687	-162.767636
34	0.340630	750	-3.421795	-166.189431
35	0.327680	750	-3.343805	-169.533236
36	0.315030	750	-3.313047	-172.846282
37	0.302677	750	-3.268773	-176.115055
38	0.290619	750	-3.155909	-179.270964
39	0.278855	750	-3.053829	-182.324793
40	0.267381	750	-3.009562	-185.334355
41	0.256195	750	-3.078054	-188.412409
42	0.245294	750	-2.854792	-191.267201
43	0.234677	750	-2.989101	-194.256302
44	0.224340	750	-3.013000	-197.269302
45	0.214281	750	-2.733797	-200.003099
46	0.204498	750	-2.588914	-202.592013
47	0.194988	750	-2.614139	-205.206152
48	0.185749	750	-2.675688	-207.881839
49	0.176777	750	-2.504333	-210.386173
50	0.168070	750	-2.401784	-212.787956
51	0.159626	750	-2.453559	-215.241515
52	0.151441	750	-2.290620	-217.532136
53	0.143514	750	-2.180356	-219.712492
54	0.135841	750	-2.269871	-221.982363
55	0.128420	750	-2.193474	-224.175836
56	0.121247	750	-2.060361	-226.236197
57	0.114320	750	-2.044869	-228.281066
58	0.107637	750	-1.987432	-230.268499
59	0.101193	750	-1.868762	-232.137261
60	0.094986	750	-1.853925	-233.991185
61	0.089014	750	-1.795864	-235.787050
62	0.083273	750	-1.696556	-237.483606
63	0.077760	750	-1.618094	-239.101700
64	0.072472	750	-1.573782	-240.675482
65	0.067406	750	-1.540655	-242.216137
66	0.062558	750	-1.508124	-243.724261
67	0.057926	750	-1.416687	-245.140948
68	0.053506	750	-1.346739	-246.487687
69	0.049295	750	-1.330854	-247.818542
70	0.045289	750	-1.250118	-249.068660
71	0.041485	750	-1.187451	-250.256111
72	0.037880	750	-1.125687	-251.381798
73	0.034469	750	-1.084756	-252.466554
74	0.031250	750	-1.046120	-253.512673
75	0.028218	750	-0.990952	-254.503625
76	0.025370	750	-0.915138	-255.418763
77	0.022702	750	-0.882119	-256.300882
78	0.020209	750	-0.831978	-257.132860
79	0.017889	750	-0.797232	-257.930093
80	0.015736	750	-0.741226	-258.671319
81	0.013746	750	-0.703283	-259.374601
82	0.011916	750	-0.629693	-260.004295
83	0.010240	750	-0.572991	-260.577286
84	0.008714	750	-0.554389	-261.131675
85	0.007334	750	-0.508772	-261.640447
86	0.006093	750	-0.503058	-262.143506
87	0.004988	750	-0.429662	-262.573167
88	0.004013	750	-0.353218	-262.926385
89	0.003162	750	-0.330407	-263.256792
90	0.002430	750	-0.316478	-263.573270
91	0.001810	750	-0.263824	-263.837094
92	0.001296	750	-0.202249	-264.039343
93	0.000882	750	-0.170716	-264.210059
94	0.000559	750	-0.133622	-264.343681
95	0.000320	750	-0.093125	-264.436806
96	0.000156	750	-0.067690	-264.504496
97	0.000057	750	-0.042451	-264.546947
98	0.000010	750	-0.018441	-264.565388
99	0.000000	750	-0.004384	-264.569772
Log marginal likelihood:	-264.569772
0	0.975187	750	-5.976331	-5.976331
1	0.950747	750	-5.919338	-11.895668
2	0.926679	750	-5.816236	-17.711904
3	0.902980	750	-5.745421	-23.457326
4	0.879648	750	-5.652947	-29.110273
5	0.856682	750	-5.568785	-34.679058
6	0.834079	750	-5.482107	-40.161164
7	0.811838	750	-5.386795	-45.547959
8	0.789957	750	-5.342158	-50.890117
9	0.768433	750	-5.215636	-56.105754
10	0.747266	750	-5.120417	-61.226171
11	0.726452	750	-5.051845	-66.278015
12	0.705989	750	-4.989147	-71.267162
13	0.685877	750	-4.880284	-76.147446
14	0.666112	750	-4.808383	-80.955829
15	0.646693	750	-4.713136	-85.668965
16	0.627618	750	-4.647873	-90.316838
17	0.608884	750	-4.575057	-94.891895
18	0.590490	750	-4.472306	-99.364201
19	0.572433	750	-4.398307	-103.762508
20	0.554712	750	-4.315312	-108.077821
21	0.537324	750	-4.233259	-112.311079
22	0.520268	750	-4.177592	-116.488671
23	0.503540	750	-4.076312	-120.564983
24	0.487139	750	-4.016266	-124.581248
25	0.471063	750	-3.927332	-128.508581
26	0.455310	750	-3.856787	-132.365367
27	0.439877	750	-3.768621	-136.133988
28	0.424762	750	-3.749266	-139.883254
29	0.409963	750	-3.635288	-143.518542
30	0.395478	750	-3.546058	-147.064600
31	0.381305	750	-3.497347	-150.561948
32	0.367440	750	-3.405125	-153.967073
33	0.353883	750	-3.352501	-157.319573
34	0.340630	750	-3.301266	-160.620839
35	0.327680	750	-3.219013	-163.839853
36	0.315030	750	-3.158724	-166.998576
37	0.302677	750	-3.143891	-170.142467
38	0.290619	750	-3.008521	-173.150988
39	0.278855	750	-2.946191	-176.097179
40	0.267381	750	-2.904007	-179.001186
41	0.256195	750	-2.796051	-181.797237
42	0.245294	750	-2.790513	-184.587750
43	0.234677	750	-2.732940	-187.320690
44	0.224340	750	-2.696339	-190.017029
45	0.214281	750	-2.579835	-192.596865
46	0.204498	750	-2.473724	-195.070589
47	0.194988	750	-2.413111	-197.483700
48	0.185749	750	-2.474645	-199.958344
49	0.176777	750	-2.565349	-202.523693
50	0.168070	750	-2.468664	-204.992358
51	0.159626	750	-2.267876	-207.260234
52	0.151441	750	-2.203200	-209.463434
53	0.143514	750	-2.185429	-211.648864
54	0.135841	750	-2.216575	-213.865438
55	0.128420	750	-2.173901	-216.039339
56	0.121247	750	-2.101582	-218.140921
57	0.114320	750	-2.001542	-220.142463
58	0.107637	750	-1.755351	-221.897814
59	0.101193	750	-1.923450	-223.821265
60	0.094986	750	-1.857664	-225.678929
61	0.089014	750	-1.804971	-227.483900
62	0.083273	750	-1.687575	-229.171476
63	0.077760	750	-1.644096	-230.815572
64	0.072472	750	-1.572914	-232.388486
65	0.067406	750	-1.529973	-233.918459
66	0.062558	750	-1.465765	-235.384224
67	0.057926	750	-1.436535	-236.820759
68	0.053506	750	-1.376213	-238.196972
69	0.049295	750	-1.310375	-239.507347
70	0.045289	750	-1.276090	-240.783437
71	0.041485	750	-1.215349	-241.998786
72	0.037880	750	-1.141007	-243.139792
73	0.034469	750	-1.085238	-244.225030
74	0.031250	750	-1.018949	-245.243979
75	0.028218	750	-0.969625	-246.213604
76	0.025370	750	-0.928805	-247.142409
77	0.022702	750	-0.861646	-248.004055
78	0.020209	750	-0.836578	-248.840633
79	0.017889	750	-0.774544	-249.615178
80	0.015736	750	-0.707698	-250.322875
81	0.013746	750	-0.711953	-251.034829
82	0.011916	750	-0.687200	-251.722029
83	0.010240	750	-0.623482	-252.345511
84	0.008714	750	-0.565628	-252.911139
85	0.007334	750	-0.577431	-253.488570
86	0.006093	750	-0.470748	-253.959318
87	0.004988	750	-0.426629	-254.385947
88	0.004013	750	-0.357159	-254.743106
89	0.003162	750	-0.333023	-255.076129
90	0.002430	750	-0.316167	-255.392296
91	0.001810	750	-0.238316	-255.630612
92	0.001296	750	-0.202482	-255.833093
93	0.000882	750	-0.160109	-255.993202
94	0.000559	750	-0.133894	-256.127096
95	0.000320	750	-0.104372	-256.231468
96	0.000156	750	-0.069747	-256.301215
97	0.000057	750	-0.045509	-256.346725
98	0.000010	750	-0.022792	-256.369517
99	0.000000	750	-0.004087	-256.373604
Log marginal likelihood:	-256.373604
0	0.975187	750	-6.505628	-6.505628
1	0.950747	750	-6.416850	-12.922479
2	0.926679	750	-6.352088	-19.274567
3	0.902980	750	-6.224031	-25.498597
4	0.879648	750	-6.220372	-31.718969
5	0.856682	750	-6.082964	-37.801934
6	0.834079	750	-5.976801	-43.778734
7	0.811838	750	-5.921014	-49.699748
8	0.789957	750	-5.790845	-55.490593
9	0.768433	750	-5.699999	-61.190592
10	0.747266	750	-5.606553	-66.797146
11	0.726452	750	-5.521227	-72.318373
12	0.705989	750	-5.459472	-77.777845
13	0.685877	750	-5.349811	-83.127656
14	0.666112	750	-5.296333	-88.423989
15	0.646693	750	-5.206356	-93.630344
16	0.627618	750	-5.095142	-98.725486
17	0.608884	750	-4.992497	-103.717983
18	0.590490	750	-4.921526	-108.639509
19	0.572433	750	-4.856050	-113.495559
20	0.554712	750	-4.720554	-118.216113
21	0.537324	750	-4.857350	-123.073463
22	0.520268	750	-4.682300	-127.755763
23	0.503540	750	-4.562110	-132.317873
24	0.487139	750	-4.425881	-136.743755
25	0.471063	750	-4.405252	-141.149007
26	0.455310	750	-4.346518	-145.495525
27	0.439877	750	-4.177025	-149.672550
28	0.424762	750	-4.067415	-153.739965
29	0.409963	750	-4.023289	-157.763254
30	0.395478	750	-3.919900	-161.683154
31	0.381305	750	-3.913111	-165.596264
32	0.367440	750	-3.839203	-169.435467
33	0.353883	750	-3.675658	-173.111125
34	0.340630	750	-3.633480	-176.744606
35	0.327680	750	-3.520033	-180.264639
36	0.315030	750	-3.660065	-183.924704
37	0.302677	750	-3.413828	-187.338532
38	0.290619	750	-3.403279	-190.741811
39	0.278855	750	-3.479491	-194.221302
40	0.267381	750	-3.316274	-197.537576
41	0.256195	750	-3.233093	-200.770669
42	0.245294	750	-3.169134	-203.939803
43	0.234677	750	-3.151830	-207.091633
44	0.224340	750	-2.977333	-210.068966
45	0.214281	750	-2.957522	-213.026488
46	0.204498	750	-2.871699	-215.898187
47	0.194988	750	-2.740966	-218.639153
48	0.185749	750	-2.768467	-221.407620
49	0.176777	750	-2.651320	-224.058940
50	0.168070	750	-2.599370	-226.658310
51	0.159626	750	-2.531336	-229.189646
52	0.151441	750	-2.452818	-231.642465
53	0.143514	750	-2.382908	-234.025373
54	0.135841	750	-2.310442	-236.335815
55	0.128420	750	-2.227732	-238.563547
56	0.121247	750	-2.170214	-240.733761
57	0.114320	750	-2.113587	-242.847349
58	0.107637	750	-2.019967	-244.867316
59	0.101193	750	-1.981896	-246.849212
60	0.094986	750	-1.884839	-248.734051
61	0.089014	750	-1.817911	-250.551962
62	0.083273	750	-1.730504	-252.282466
63	0.077760	750	-1.700894	-253.983360
64	0.072472	750	-1.636801	-255.620161
65	0.067406	750	-1.582254	-257.202415
66	0.062558	750	-1.498021	-258.700436
67	0.057926	750	-1.442586	-260.143022
68	0.053506	750	-1.371062	-261.514083
69	0.049295	750	-1.322624	-262.836708
70	0.045289	750	-1.306694	-264.143402
71	0.041485	750	-1.198271	-265.341673
72	0.037880	750	-1.165406	-266.507079
73	0.034469	750	-1.101568	-267.608647
74	0.031250	750	-1.027380	-268.636027
75	0.028218	750	-0.977131	-269.613158
76	0.025370	750	-0.964465	-270.577623
77	0.022702	750	-0.904434	-271.482056
78	0.020209	750	-0.843267	-272.325323
79	0.017889	750	-0.794424	-273.119747
80	0.015736	750	-0.729821	-273.849568
81	0.013746	750	-0.694573	-274.544141
82	0.011916	750	-0.720010	-275.264151
83	0.010240	750	-0.612219	-275.876370
84	0.008714	750	-0.565989	-276.442359
85	0.007334	750	-0.528357	-276.970716
86	0.006093	750	-0.481813	-277.452529
87	0.004988	750	-0.412474	-277.865003
88	0.004013	750	-0.388067	-278.253070
89	0.003162	750	-0.336830	-278.589899
90	0.002430	750	-0.302435	-278.892334
91	0.001810	750	-0.273762	-279.166097
92	0.001296	750	-0.246901	-279.412998
93	0.000882	750	-0.189018	-279.602015
94	0.000559	750	-0.173209	-279.775225
95	0.000320	750	-0.099402	-279.874627
96	0.000156	750	-0.077654	-279.952281
97	0.000057	750	-0.045333	-279.997614
98	0.000010	750	-0.020029	-280.017643
99	0.000000	750	-0.004047	-280.021690
Log marginal likelihood:	-280.021690
0	0.975187	750	-6.067100	-6.067100
1	0.950747	750	-5.960873	-12.027973
2	0.926679	750	-5.883752	-17.911725
3	0.902980	750	-5.797627	-23.709351
4	0.879648	750	-5.699749	-29.409101
5	0.856682	750	-5.611766	-35.020866
6	0.834079	750	-5.564572	-40.585438
7	0.811838	750	-5.429348	-46.014786
8	0.789957	750	-5.378038	-51.392824
9	0.768433	750	-5.328472	-56.721296
10	0.747266	750	-5.229441	-61.950737
11	0.726452	750	-5.114943	-67.065680
12	0.705989	750	-5.059831	-72.125511
13	0.685877	750	-4.992601	-77.118112
14	0.666112	750	-4.922440	-82.040553
15	0.646693	750	-4.817949	-86.858501
16	0.627618	750	-4.772438	-91.630939
17	0.608884	750	-4.698556	-96.329495
18	0.590490	750	-4.645998	-100.975492
19	0.572433	750	-4.455822	-105.431314
20	0.554712	750	-4.408465	-109.839779
21	0.537324	750	-4.439986	-114.279765
22	0.520268	750	-4.240009	-118.519774
23	0.503540	750	-4.192642	-122.712416
24	0.487139	750	-4.106667	-126.819083
25	0.471063	750	-4.087173	-130.906256
26	0.455310	750	-3.955310	-134.861566
27	0.439877	750	-3.928933	-138.790499
28	0.424762	750	-3.825229	-142.615729
29	0.409963	750	-3.736076	-146.351805
30	0.395478	750	-3.673011	-150.024815
31	0.381305	750	-3.634039	-153.658854
32	0.367440	750	-3.476967	-157.135822
33	0.353883	750	-3.455556	-160.591378
34	0.340630	750	-3.392607	-163.983985
35	0.327680	750	-3.309244	-167.293229
36	0.315030	750	-3.249552	-170.542781
37	0.302677	750	-3.293950	-173.836731
38	0.290619	750	-3.118846	-176.955577
39	0.278855	750	-3.046986	-180.002562
40	0.267381	750	-2.965495	-182.968058
41	0.256195	750	-2.970409	-185.938467
42	0.245294	750	-3.051162	-188.989628
43	0.234677	750	-3.033789	-192.023417
44	0.224340	750	-2.820564	-194.843981
45	0.214281	750	-2.673912	-197.517893
46	0.204498	750	-2.769122	-200.287015
47	0.194988	750	-2.732557	-203.019572
48	0.185749	750	-2.669986	-205.689557
49	0.176777	750	-2.501354	-208.190911
50	0.168070	750	-2.505743	-210.696654
51	0.159626	750	-2.276615	-212.973269
52	0.151441	750	-2.342973	-215.316242
53	0.143514	750	-2.280982	-217.597224
54	0.135841	750	-2.132419	-219.729643
55	0.128420	750	-2.130408	-221.860051
56	0.121247	750	-2.084777	-223.944829
57	0.114320	750	-1.979041	-225.923870
58	0.107637	750	-1.954806	-227.878676
59	0.101193	750	-1.887002	-229.765678
60	0.094986	750	-1.830034	-231.595712
61	0.089014	750	-1.766597	-233.362309
62	0.083273	750	-1.715343	-235.077652
63	0.077760	750	-1.686008	-236.763659
64	0.072472	750	-1.574887	-238.338546
65	0.067406	750	-1.511244	-239.849791
66	0.062558	750	-1.438791	-241.288581
67	0.057926	750	-1.391763	-242.680345
68	0.053506	750	-1.321839	-244.002184
69	0.049295	750	-1.287297	-245.289480
70	0.045289	750	-1.189206	-246.478686
71	0.041485	750	-1.187569	-247.666256
72	0.037880	750	-1.110820	-248.777076
73	0.034469	750	-1.084110	-249.861186
74	0.031250	750	-1.071044	-250.932230
75	0.028218	750	-0.969507	-251.901737
76	0.025370	750	-0.922847	-252.824584
77	0.022702	750	-0.886308	-253.710892
78	0.020209	750	-0.834685	-254.545577
79	0.017889	750	-0.785237	-255.330813
80	0.015736	750	-0.739263	-256.070076
81	0.013746	750	-0.683073	-256.753149
82	0.011916	750	-0.631855	-257.385004
83	0.010240	750	-0.573742	-257.958746
84	0.008714	750	-0.586100	-258.544846
85	0.007334	750	-0.516925	-259.061770
86	0.006093	750	-0.451217	-259.512988
87	0.004988	750	-0.423662	-259.936650
88	0.004013	750	-0.372129	-260.308779
89	0.003162	750	-0.336666	-260.645445
90	0.002430	750	-0.296114	-260.941558
91	0.001810	750	-0.241299	-261.182857
92	0.001296	750	-0.218386	-261.401243
93	0.000882	750	-0.157208	-261.558451
94	0.000559	750	-0.138496	-261.696947
95	0.000320	750	-0.095214	-261.792161
96	0.000156	750	-0.066128	-261.858289
97	0.000057	750	-0.038095	-261.896384
98	0.000010	750	-0.020378	-261.916762
99	0.000000	750	-0.004495	-261.921258
Log marginal likelihood:	-261.921258
0	0.975187	750	-6.216833	-6.216833
1	0.950747	750	-6.115748	-12.332581
2	0.926679	750	-6.020915	-18.353497
3	0.902980	750	-5.929897	-24.283394
4	0.879648	750	-5.844891	-30.128285
5	0.856682	750	-5.739627	-35.867911
6	0.834079	750	-5.658267	-41.526178
7	0.811838	750	-5.592530	-47.118708
8	0.789957	750	-5.513172	-52.631880
9	0.768433	750	-5.392463	-58.024344
10	0.747266	750	-5.328415	-63.352759
11	0.726452	750	-5.231029	-68.583788
12	0.705989	750	-5.144799	-73.728588
13	0.685877	750	-5.042728	-78.771315
14	0.666112	750	-5.000525	-83.771841
15	0.646693	750	-4.883182	-88.655023
16	0.627618	750	-4.793489	-93.448511
17	0.608884	750	-4.714448	-98.162959
18	0.590490	750	-4.657690	-102.820649
19	0.572433	750	-4.598987	-107.419637
20	0.554712	750	-4.482313	-111.901950
21	0.537324	750	-4.433455	-116.335405
22	0.520268	750	-4.299919	-120.635323
23	0.503540	750	-4.245003	-124.880326
24	0.487139	750	-4.143963	-129.024289
25	0.471063	750	-4.092477	-133.116767
26	0.455310	750	-4.001581	-137.118348
27	0.439877	750	-3.911109	-141.029457
28	0.424762	750	-3.828068	-144.857525
29	0.409963	750	-3.753882	-148.611406
30	0.395478	750	-3.778540	-152.389947
31	0.381305	750	-3.632656	-156.022602
32	0.367440	750	-3.549776	-159.572378
33	0.353883	750	-3.464801	-163.037180
34	0.340630	750	-3.368853	-166.406033
35	0.327680	750	-3.331898	-169.737931
36	0.315030	750	-3.367734	-173.105665
37	0.302677	750	-3.145355	-176.251020
38	0.290619	750	-3.150122	-179.401142
39	0.278855	750	-3.039278	-182.440420
40	0.267381	750	-3.213492	-185.653913
41	0.256195	750	-2.910934	-188.564846
42	0.245294	750	-2.915587	-191.480433
43	0.234677	750	-2.818089	-194.298522
44	0.224340	750	-2.932150	-197.230672
45	0.214281	750	-2.897580	-200.128252
46	0.204498	750	-2.608500	-202.736751
47	0.194988	750	-2.641942	-205.378694
48	0.185749	750	-2.677403	-208.056096
49	0.176777	750	-2.417200	-210.473296
50	0.168070	750	-2.576548	-213.049844
51	0.159626	750	-2.409540	-215.459384
52	0.151441	750	-2.336300	-217.795684
53	0.143514	750	-2.291387	-220.087071
54	0.135841	750	-2.189991	-222.277061
55	0.128420	750	-2.178007	-224.455069
56	0.121247	750	-2.136293	-226.591361
57	0.114320	750	-1.986642	-228.578003
58	0.107637	750	-2.001260	-230.579263
59	0.101193	750	-1.954331	-232.533594
60	0.094986	750	-1.865562	-234.399156
61	0.089014	750	-1.814748	-236.213904
62	0.083273	750	-1.677986	-237.891890
63	0.077760	750	-1.658749	-239.550639
64	0.072472	750	-1.627042	-241.177681
65	0.067406	750	-1.538326	-242.716007
66	0.062558	750	-1.484991	-244.200998
67	0.057926	750	-1.397837	-245.598835
68	0.053506	750	-1.362435	-246.961271
69	0.049295	750	-1.323811	-248.285082
70	0.045289	750	-1.284422	-249.569505
71	0.041485	750	-1.185451	-250.754956
72	0.037880	750	-1.148229	-251.903185
73	0.034469	750	-1.082835	-252.986020
74	0.031250	750	-1.013012	-253.999032
75	0.028218	750	-0.981280	-254.980312
76	0.025370	750	-0.943407	-255.923720
77	0.022702	750	-0.872361	-256.796081
78	0.020209	750	-0.813615	-257.609696
79	0.017889	750	-0.778132	-258.387827
80	0.015736	750	-0.768590	-259.156417
81	0.013746	750	-0.705569	-259.861987
82	0.011916	750	-0.661109	-260.523096
83	0.010240	750	-0.643228	-261.166324
84	0.008714	750	-0.586818	-261.753142
85	0.007334	750	-0.519996	-262.273138
86	0.006093	750	-0.446869	-262.720007
87	0.004988	750	-0.400370	-263.120377
88	0.004013	750	-0.363444	-263.483820
89	0.003162	750	-0.309910	-263.793730
90	0.002430	750	-0.294587	-264.088318
91	0.001810	750	-0.260562	-264.348879
92	0.001296	750	-0.211398	-264.560277
93	0.000882	750	-0.160819	-264.721096
94	0.000559	750	-0.137173	-264.858269
95	0.000320	750	-0.104063	-264.962332
96	0.000156	750	-0.069860	-265.032192
97	0.000057	750	-0.044584	-265.076776
98	0.000010	750	-0.019684	-265.096460
99	0.000000	750	-0.004245	-265.100705
Log marginal likelihood:	-265.100705
0	0.975187	750	-6.101057	-6.101057
1	0.950747	750	-6.072745	-12.173801
2	0.926679	750	-5.943676	-18.117477
3	0.902980	750	-5.934705	-24.052182
4	0.879648	750	-5.809441	-29.861623
5	0.856682	750	-5.848481	-35.710104
6	0.834079	750	-5.668194	-41.378298
7	0.811838	750	-5.517723	-46.896021
8	0.789957	750	-5.422251	-52.318272
9	0.768433	750	-5.324834	-57.643107
10	0.747266	750	-5.265527	-62.908634
11	0.726452	750	-5.157285	-68.065919
12	0.705989	750	-5.062667	-73.128586
13	0.685877	750	-5.076864	-78.205450
14	0.666112	750	-4.960590	-83.166039
15	0.646693	750	-4.778464	-87.944504
16	0.627618	750	-4.747610	-92.692113
17	0.608884	750	-4.691443	-97.383557
18	0.590490	750	-4.734275	-102.117832
19	0.572433	750	-4.639631	-106.757463
20	0.554712	750	-4.553384	-111.310847
21	0.537324	750	-4.372315	-115.683163
22	0.520268	750	-4.373186	-120.056349
23	0.503540	750	-4.243593	-124.299942
24	0.487139	750	-4.170320	-128.470261
25	0.471063	750	-4.064036	-132.534298
26	0.455310	750	-3.972580	-136.506878
27	0.439877	750	-3.992060	-140.498938
28	0.424762	750	-3.952873	-144.451810
29	0.409963	750	-3.774897	-148.226707
30	0.395478	750	-3.720569	-151.947276
31	0.381305	750	-3.612352	-155.559628
32	0.367440	750	-3.666122	-159.225750
33	0.353883	750	-3.494396	-162.720146
34	0.340630	750	-3.528915	-166.249061
35	0.327680	750	-3.344769	-169.593831
36	0.315030	750	-3.440387	-173.034217
37	0.302677	750	-3.258128	-176.292345
38	0.290619	750	-3.241651	-179.533996
39	0.278855	750	-3.151903	-182.685899
40	0.267381	750	-3.061517	-185.747416
41	0.256195	750	-2.934853	-188.682269
42	0.245294	750	-2.913004	-191.595273
43	0.234677	750	-2.931109	-194.526383
44	0.224340	750	-2.822640	-197.349022
45	0.214281	750	-2.842765	-200.191787
46	0.204498	750	-2.651358	-202.843145
47	0.194988	750	-2.696076	-205.539220
48	0.185749	750	-2.590373	-208.129593
49	0.176777	750	-2.535585	-210.665177
50	0.168070	750	-2.480549	-213.145727
51	0.159626	750	-2.389793	-215.535519
52	0.151441	750	-2.291265	-217.826785
53	0.143514	750	-2.261545	-220.088330
54	0.135841	750	-2.207529	-222.295858
55	0.128420	750	-2.095176	-224.391035
56	0.121247	750	-2.039394	-226.430428
57	0.114320	750	-2.007789	-228.438218
58	0.107637	750	-1.943698	-230.381916
59	0.101193	750	-1.852244	-232.234160
60	0.094986	750	-1.835065	-234.069225
61	0.089014	750	-1.748662	-235.817887
62	0.083273	750	-1.678649	-237.496536
63	0.077760	750	-1.606008	-239.102543
64	0.072472	750	-1.559321	-240.661864
65	0.067406	750	-1.502539	-242.164403
66	0.062558	750	-1.465674	-243.630078
67	0.057926	750	-1.347593	-244.977671
68	0.053506	750	-1.318195	-246.295866
69	0.049295	750	-1.273707	-247.569573
70	0.045289	750	-1.242598	-248.812171
71	0.041485	750	-1.132707	-249.944878
72	0.037880	750	-1.104576	-251.049455
73	0.034469	750	-1.057612	-252.107066
74	0.031250	750	-1.017262	-253.124328
75	0.028218	750	-0.950541	-254.074869
76	0.025370	750	-0.898994	-254.973863
77	0.022702	750	-0.874581	-255.848445
78	0.020209	750	-0.833934	-256.682379
79	0.017889	750	-0.780623	-257.463002
80	0.015736	750	-0.703699	-258.166701
81	0.013746	750	-0.657748	-258.824449
82	0.011916	750	-0.639481	-259.463930
83	0.010240	750	-0.619482	-260.083412
84	0.008714	750	-0.537546	-260.620958
85	0.007334	750	-0.540664	-261.161622
86	0.006093	750	-0.477628	-261.639250
87	0.004988	750	-0.434601	-262.073851
88	0.004013	750	-0.354490	-262.428341
89	0.003162	750	-0.322179	-262.750520
90	0.002430	750	-0.277851	-263.028370
91	0.001810	750	-0.247510	-263.275881
92	0.001296	750	-0.207469	-263.483350
93	0.000882	750	-0.167613	-263.650963
94	0.000559	750	-0.131811	-263.782775
95	0.000320	750	-0.089189	-263.871964
96	0.000156	750	-0.067402	-263.939365
97	0.000057	750	-0.039443	-263.978809
98	0.000010	750	-0.017932	-263.996741
99	0.000000	750	-0.004070	-264.000811
Log marginal likelihood:	-264.000811
0	0.975187	750	-6.024187	-6.024187
1	0.950747	750	-5.926597	-11.950784
2	0.926679	750	-5.875969	-17.826753
3	0.902980	750	-5.737877	-23.564631
4	0.879648	750	-5.642718	-29.207349
5	0.856682	750	-5.577549	-34.784897
6	0.834079	750	-5.493234	-40.278131
7	0.811838	750	-5.405866	-45.683998
8	0.789957	750	-5.364695	-51.048693
9	0.768433	750	-5.227051	-56.275743
10	0.747266	750	-5.200149	-61.475893
11	0.726452	750	-5.102360	-66.578253
12	0.705989	750	-5.000731	-71.578984
13	0.685877	750	-4.946072	-76.525056
14	0.666112	750	-4.919531	-81.444587
15	0.646693	750	-4.726292	-86.170879
16	0.627618	750	-4.721560	-90.892440
17	0.608884	750	-4.596147	-95.488587
18	0.590490	750	-4.599347	-100.087934
19	0.572433	750	-4.405956	-104.493889
20	0.554712	750	-4.326768	-108.820658
21	0.537324	750	-4.310007	-113.130664
22	0.520268	750	-4.213801	-117.344466
23	0.503540	750	-4.122031	-121.466497
24	0.487139	750	-4.029853	-125.496350
25	0.471063	750	-3.989628	-129.485977
26	0.455310	750	-3.944126	-133.430103
27	0.439877	750	-3.817527	-137.247630
28	0.424762	750	-3.773572	-141.021202
29	0.409963	750	-3.670150	-144.691352
30	0.395478	750	-3.611535	-148.302887
31	0.381305	750	-3.540153	-151.843040
32	0.367440	750	-3.483826	-155.326866
33	0.353883	750	-3.385971	-158.712837
34	0.340630	750	-3.307844	-162.020681
35	0.327680	750	-3.236007	-165.256688
36	0.315030	750	-3.167310	-168.423998
37	0.302677	750	-3.136755	-171.560752
38	0.290619	750	-3.100957	-174.661709
39	0.278855	750	-3.045282	-177.706991
40	0.267381	750	-3.004411	-180.711402
41	0.256195	750	-2.894338	-183.605740
42	0.245294	750	-2.787253	-186.392993
43	0.234677	750	-2.785753	-189.178746
44	0.224340	750	-2.747695	-191.926441
45	0.214281	750	-2.584124	-194.510565
46	0.204498	750	-2.625568	-197.136134
47	0.194988	750	-2.719025	-199.855159
48	0.185749	750	-2.605296	-202.460455
49	0.176777	750	-2.585852	-205.046307
50	0.168070	750	-2.322402	-207.368709
51	0.159626	750	-2.386567	-209.755276
52	0.151441	750	-2.225561	-211.980838
53	0.143514	750	-2.264017	-214.244855
54	0.135841	750	-2.036934	-216.281789
55	0.128420	750	-2.069440	-218.351229
56	0.121247	750	-2.097909	-220.449138
57	0.114320	750	-2.029087	-222.478225
58	0.107637	750	-1.949459	-224.427685
59	0.101193	750	-1.865792	-226.293477
60	0.094986	750	-1.859820	-228.153297
61	0.089014	750	-1.766573	-229.919870
62	0.083273	750	-1.709238	-231.629108
63	0.077760	750	-1.693701	-233.322809
64	0.072472	750	-1.571884	-234.894693
65	0.067406	750	-1.534777	-236.429471
66	0.062558	750	-1.447910	-237.877380
67	0.057926	750	-1.409006	-239.286386
68	0.053506	750	-1.350681	-240.637067
69	0.049295	750	-1.292802	-241.929869
70	0.045289	750	-1.247883	-243.177752
71	0.041485	750	-1.183098	-244.360850
72	0.037880	750	-1.146946	-245.507795
73	0.034469	750	-1.102942	-246.610738
74	0.031250	750	-1.028021	-247.638759
75	0.028218	750	-0.972938	-248.611697
76	0.025370	750	-0.897891	-249.509588
77	0.022702	750	-0.847043	-250.356631
78	0.020209	750	-0.799523	-251.156154
79	0.017889	750	-0.796543	-251.952697
80	0.015736	750	-0.734954	-252.687651
81	0.013746	750	-0.660045	-253.347696
82	0.011916	750	-0.657856	-254.005552
83	0.010240	750	-0.576298	-254.581850
84	0.008714	750	-0.547377	-255.129226
85	0.007334	750	-0.527358	-255.656584
86	0.006093	750	-0.448259	-256.104843
87	0.004988	750	-0.388481	-256.493324
88	0.004013	750	-0.395000	-256.888324
89	0.003162	750	-0.324188	-257.212512
90	0.002430	750	-0.294442	-257.506953
91	0.001810	750	-0.255251	-257.762204
92	0.001296	750	-0.208653	-257.970857
93	0.000882	750	-0.172949	-258.143806
94	0.000559	750	-0.124390	-258.268196
95	0.000320	750	-0.091904	-258.360100
96	0.000156	750	-0.066397	-258.426497
97	0.000057	750	-0.039475	-258.465973
98	0.000010	750	-0.019014	-258.484986
99	0.000000	750	-0.003830	-258.488817
Log marginal likelihood:	-258.488817
0	0.975187	750	-6.192659	-6.192659
1	0.950747	750	-6.084107	-12.276766
2	0.926679	750	-6.016870	-18.293636
3	0.902980	750	-5.986940	-24.280576
4	0.879648	750	-5.824353	-30.104929
5	0.856682	750	-5.732084	-35.837013
6	0.834079	750	-5.662174	-41.499187
7	0.811838	750	-5.558032	-47.057219
8	0.789957	750	-5.491631	-52.548849
9	0.768433	750	-5.418841	-57.967690
10	0.747266	750	-5.316274	-63.283965
11	0.726452	750	-5.217637	-68.501602
12	0.705989	750	-5.118095	-73.619696
13	0.685877	750	-5.078895	-78.698591
14	0.666112	750	-5.045106	-83.743698
15	0.646693	750	-4.971769	-88.715467
16	0.627618	750	-4.808537	-93.524004
17	0.608884	750	-4.793167	-98.317171
18	0.590490	750	-4.665945	-102.983116
19	0.572433	750	-4.587069	-107.570184
20	0.554712	750	-4.509002	-112.079186
21	0.537324	750	-4.485607	-116.564793
22	0.520268	750	-4.475068	-121.039861
23	0.503540	750	-4.328602	-125.368462
24	0.487139	750	-4.232907	-129.601369
25	0.471063	750	-4.203925	-133.805294
26	0.455310	750	-4.034403	-137.839697
27	0.439877	750	-4.015332	-141.855029
28	0.424762	750	-3.891097	-145.746126
29	0.409963	750	-3.893271	-149.639397
30	0.395478	750	-3.733117	-153.372514
31	0.381305	750	-3.739321	-157.111835
32	0.367440	750	-3.687488	-160.799323
33	0.353883	750	-3.481285	-164.280608
34	0.340630	750	-3.399945	-167.680553
35	0.327680	750	-3.440977	-171.121530
36	0.315030	750	-3.370818	-174.492347
37	0.302677	750	-3.277958	-177.770305
38	0.290619	750	-3.132245	-180.902550
39	0.278855	750	-3.198391	-184.100942
40	0.267381	750	-3.106271	-187.207212
41	0.256195	750	-3.173360	-190.380572
42	0.245294	750	-2.971885	-193.352456
43	0.234677	750	-2.978419	-196.330875
44	0.224340	750	-2.918810	-199.249685
45	0.214281	750	-2.743726	-201.993411
46	0.204498	750	-2.668580	-204.661990
47	0.194988	750	-2.690887	-207.352877
48	0.185749	750	-2.639773	-209.992650
49	0.176777	750	-2.517175	-212.509825
50	0.168070	750	-2.447359	-214.957184
51	0.159626	750	-2.385183	-217.342367
52	0.151441	750	-2.343797	-219.686164
53	0.143514	750	-2.273084	-221.959249
54	0.135841	750	-2.160816	-224.120065
55	0.128420	750	-2.147908	-226.267973
56	0.121247	750	-2.046145	-228.314117
57	0.114320	750	-2.021995	-230.336113
58	0.107637	750	-1.957977	-232.294090
59	0.101193	750	-1.888910	-234.183000
60	0.094986	750	-1.834645	-236.017645
61	0.089014	750	-1.784281	-237.801926
62	0.083273	750	-1.695488	-239.497414
63	0.077760	750	-1.598877	-241.096291
64	0.072472	750	-1.584599	-242.680890
65	0.067406	750	-1.520874	-244.201764
66	0.062558	750	-1.491789	-245.693553
67	0.057926	750	-1.407120	-247.100674
68	0.053506	750	-1.360886	-248.461559
69	0.049295	750	-1.297614	-249.759173
70	0.045289	750	-1.224975	-250.984148
71	0.041485	750	-1.238166	-252.222314
72	0.037880	750	-1.163659	-253.385973
73	0.034469	750	-1.041860	-254.427833
74	0.031250	750	-1.050706	-255.478540
75	0.028218	750	-0.968093	-256.446632
76	0.025370	750	-0.924495	-257.371127
77	0.022702	750	-0.890528	-258.261655
78	0.020209	750	-0.841228	-259.102883
79	0.017889	750	-0.773900	-259.876784
80	0.015736	750	-0.704063	-260.580847
81	0.013746	750	-0.685472	-261.266319
82	0.011916	750	-0.633476	-261.899796
83	0.010240	750	-0.589252	-262.489048
84	0.008714	750	-0.553957	-263.043005
85	0.007334	750	-0.503924	-263.546928
86	0.006093	750	-0.472961	-264.019890
87	0.004988	750	-0.411808	-264.431698
88	0.004013	750	-0.372923	-264.804620
89	0.003162	750	-0.326919	-265.131540
90	0.002430	750	-0.290096	-265.421635
91	0.001810	750	-0.258084	-265.679720
92	0.001296	750	-0.216251	-265.895971
93	0.000882	750	-0.177739	-266.073710
94	0.000559	750	-0.145263	-266.218973
95	0.000320	750	-0.093716	-266.312689
96	0.000156	750	-0.063519	-266.376207
97	0.000057	750	-0.038815	-266.415022
98	0.000010	750	-0.020824	-266.435846
99	0.000000	750	-0.004589	-266.440435
Log marginal likelihood:	-266.440435
0	0.975187	750	-6.043252	-6.043252
1	0.950747	750	-5.951316	-11.994568
2	0.926679	750	-5.789523	-17.784091
3	0.902980	750	-5.714961	-23.499052
4	0.879648	750	-5.627680	-29.126732
5	0.856682	750	-5.534188	-34.660920
6	0.834079	750	-5.547839	-40.208759
7	0.811838	750	-5.436549	-45.645308
8	0.789957	750	-5.315553	-50.960861
9	0.768433	750	-5.251825	-56.212686
10	0.747266	750	-5.138817	-61.351503
11	0.726452	750	-5.074735	-66.426237
12	0.705989	750	-4.957706	-71.383943
13	0.685877	750	-4.931902	-76.315845
14	0.666112	750	-4.833247	-81.149092
15	0.646693	750	-4.734870	-85.883962
16	0.627618	750	-4.744000	-90.627962
17	0.608884	750	-4.549437	-95.177399
18	0.590490	750	-4.517458	-99.694857
19	0.572433	750	-4.417482	-104.112339
20	0.554712	750	-4.374213	-108.486552
21	0.537324	750	-4.270906	-112.757458
22	0.520268	750	-4.181280	-116.938738
23	0.503540	750	-4.143692	-121.082430
24	0.487139	750	-4.054486	-125.136916
25	0.471063	750	-3.975394	-129.112310
26	0.455310	750	-3.888584	-133.000894
27	0.439877	750	-3.849334	-136.850228
28	0.424762	750	-3.765544	-140.615772
29	0.409963	750	-3.633421	-144.249192
30	0.395478	750	-3.605997	-147.855189
31	0.381305	750	-3.511923	-151.367112
32	0.367440	750	-3.477112	-154.844224
33	0.353883	750	-3.436906	-158.281130
34	0.340630	750	-3.370439	-161.651569
35	0.327680	750	-3.256291	-164.907860
36	0.315030	750	-3.178374	-168.086234
37	0.302677	750	-3.094276	-171.180510
38	0.290619	750	-3.095720	-174.276230
39	0.278855	750	-3.007282	-177.283512
40	0.267381	750	-2.900064	-180.183577
41	0.256195	750	-2.864775	-183.048352
42	0.245294	750	-2.991151	-186.039504
43	0.234677	750	-2.728325	-188.767828
44	0.224340	750	-2.757383	-191.525211
45	0.214281	750	-2.714464	-194.239676
46	0.204498	750	-2.706119	-196.945795
47	0.194988	750	-2.751161	-199.696956
48	0.185749	750	-2.524119	-202.221076
49	0.176777	750	-2.464746	-204.685821
50	0.168070	750	-2.482682	-207.168504
51	0.159626	750	-2.447793	-209.616296
52	0.151441	750	-2.399326	-212.015622
53	0.143514	750	-2.180141	-214.195763
54	0.135841	750	-2.236156	-216.431918
55	0.128420	750	-2.179693	-218.611612
56	0.121247	750	-2.075621	-220.687233
57	0.114320	750	-2.031609	-222.718842
58	0.107637	750	-1.960334	-224.679176
59	0.101193	750	-1.896243	-226.575418
60	0.094986	750	-1.780503	-228.355921
61	0.089014	750	-1.775402	-230.131324
62	0.083273	750	-1.696294	-231.827617
63	0.077760	750	-1.641404	-233.469021
64	0.072472	750	-1.579630	-235.048650
65	0.067406	750	-1.471700	-236.520351
66	0.062558	750	-1.465595	-237.985946
67	0.057926	750	-1.399364	-239.385310
68	0.053506	750	-1.352523	-240.737833
69	0.049295	750	-1.298413	-242.036246
70	0.045289	750	-1.243456	-243.279702
71	0.041485	750	-1.179301	-244.459003
72	0.037880	750	-1.114749	-245.573753
73	0.034469	750	-1.089994	-246.663747
74	0.031250	750	-1.016712	-247.680459
75	0.028218	750	-0.971723	-248.652182
76	0.025370	750	-0.910525	-249.562707
77	0.022702	750	-0.866446	-250.429153
78	0.020209	750	-0.846346	-251.275499
79	0.017889	750	-0.778739	-252.054238
80	0.015736	750	-0.726801	-252.781039
81	0.013746	750	-0.692712	-253.473750
82	0.011916	750	-0.636168	-254.109918
83	0.010240	750	-0.603486	-254.713404
84	0.008714	750	-0.516268	-255.229671
85	0.007334	750	-0.513844	-255.743515
86	0.006093	750	-0.493727	-256.237242
87	0.004988	750	-0.394042	-256.631284
88	0.004013	750	-0.404170	-257.035454
89	0.003162	750	-0.329827	-257.365281
90	0.002430	750	-0.281818	-257.647100
91	0.001810	750	-0.255551	-257.902651
92	0.001296	750	-0.224184	-258.126835
93	0.000882	750	-0.178998	-258.305833
94	0.000559	750	-0.134733	-258.440566
95	0.000320	750	-0.102950	-258.543516
96	0.000156	750	-0.069899	-258.613414
97	0.000057	750	-0.046453	-258.659868
98	0.000010	750	-0.020360	-258.680227
99	0.000000	750	-0.003764	-258.683991
Log marginal likelihood:	-258.683991
0	0.975187	750	-6.272896	-6.272896
1	0.950747	750	-6.139378	-12.412273
2	0.926679	750	-6.056083	-18.468357
3	0.902980	750	-5.959901	-24.428258
4	0.879648	750	-5.905330	-30.333587
5	0.856682	750	-5.864410	-36.197998
6	0.834079	750	-5.691465	-41.889463
7	0.811838	750	-5.606243	-47.495706
8	0.789957	750	-5.535408	-53.031113
9	0.768433	750	-5.470214	-58.501327
10	0.747266	750	-5.372088	-63.873415
11	0.726452	750	-5.290228	-69.163644
12	0.705989	750	-5.214668	-74.378312
13	0.685877	750	-5.082201	-79.460513
14	0.666112	750	-5.046176	-84.506690
15	0.646693	750	-4.923167	-89.429857
16	0.627618	750	-4.868521	-94.298378
17	0.608884	750	-4.745300	-99.043678
18	0.590490	750	-4.678709	-103.722387
19	0.572433	750	-4.582744	-108.305131
20	0.554712	750	-4.506273	-112.811403
21	0.537324	750	-4.397836	-117.209239
22	0.520268	750	-4.377715	-121.586954
23	0.503540	750	-4.275870	-125.862824
24	0.487139	750	-4.197941	-130.060765
25	0.471063	750	-4.107008	-134.167773
26	0.455310	750	-4.071096	-138.238869
27	0.439877	750	-3.970199	-142.209068
28	0.424762	750	-3.903610	-146.112678
29	0.409963	750	-3.809015	-149.921693
30	0.395478	750	-3.733812	-153.655505
31	0.381305	750	-3.638310	-157.293815
32	0.367440	750	-3.629450	-160.923265
33	0.353883	750	-3.550714	-164.473978
34	0.340630	750	-3.430599	-167.904577
35	0.327680	750	-3.465328	-171.369905
36	0.315030	750	-3.393024	-174.762928
37	0.302677	750	-3.260573	-178.023502
38	0.290619	750	-3.286659	-181.310161
39	0.278855	750	-3.094837	-184.404998
40	0.267381	750	-3.073444	-187.478442
41	0.256195	750	-3.112485	-190.590927
42	0.245294	750	-2.920558	-193.511485
43	0.234677	750	-2.963278	-196.474764
44	0.224340	750	-2.913090	-199.387853
45	0.214281	750	-2.901404	-202.289258
46	0.204498	750	-2.767053	-205.056311
47	0.194988	750	-2.771123	-207.827434
48	0.185749	750	-2.520344	-210.347778
49	0.176777	750	-2.525398	-212.873176
50	0.168070	750	-2.537093	-215.410269
51	0.159626	750	-2.455021	-217.865290
52	0.151441	750	-2.407391	-220.272681
53	0.143514	750	-2.286561	-222.559242
54	0.135841	750	-2.218389	-224.777631
55	0.128420	750	-2.158863	-226.936494
56	0.121247	750	-2.100241	-229.036735
57	0.114320	750	-2.003052	-231.039787
58	0.107637	750	-1.954113	-232.993901
59	0.101193	750	-1.937338	-234.931239
60	0.094986	750	-1.800292	-236.731531
61	0.089014	750	-1.779788	-238.511319
62	0.083273	750	-1.709964	-240.221283
63	0.077760	750	-1.645852	-241.867135
64	0.072472	750	-1.597431	-243.464566
65	0.067406	750	-1.557938	-245.022504
66	0.062558	750	-1.458956	-246.481460
67	0.057926	750	-1.411516	-247.892976
68	0.053506	750	-1.362269	-249.255245
69	0.049295	750	-1.289444	-250.544689
70	0.045289	750	-1.228518	-251.773207
71	0.041485	750	-1.157773	-252.930979
72	0.037880	750	-1.182244	-254.113223
73	0.034469	750	-1.081244	-255.194467
74	0.031250	750	-1.037484	-256.231951
75	0.028218	750	-1.054626	-257.286578
76	0.025370	750	-0.918986	-258.205564
77	0.022702	750	-0.881235	-259.086799
78	0.020209	750	-0.816767	-259.903566
79	0.017889	750	-0.764171	-260.667737
80	0.015736	750	-0.717359	-261.385096
81	0.013746	750	-0.670604	-262.055701
82	0.011916	750	-0.665196	-262.720897
83	0.010240	750	-0.598978	-263.319875
84	0.008714	750	-0.568935	-263.888810
85	0.007334	750	-0.496498	-264.385308
86	0.006093	750	-0.461929	-264.847236
87	0.004988	750	-0.448737	-265.295974
88	0.004013	750	-0.374543	-265.670516
89	0.003162	750	-0.324426	-265.994942
90	0.002430	750	-0.280940	-266.275882
91	0.001810	750	-0.250980	-266.526862
92	0.001296	750	-0.199066	-266.725928
93	0.000882	750	-0.170857	-266.896785
94	0.000559	750	-0.146866	-267.043651
95	0.000320	750	-0.095565	-267.139216
96	0.000156	750	-0.064829	-267.204045
97	0.000057	750	-0.039756	-267.243802
98	0.000010	750	-0.021445	-267.265246
99	0.000000	750	-0.004422	-267.269669
Log marginal likelihood:	-267.269669
0	0.975187	750	-5.728069	-5.728069
1	0.950747	750	-5.643696	-11.371766
2	0.926679	750	-5.549394	-16.921159
3	0.902980	750	-5.471430	-22.392589
4	0.879648	750	-5.382864	-27.775453
5	0.856682	750	-5.303511	-33.078963
6	0.834079	750	-5.216274	-38.295237
7	0.811838	750	-5.127630	-43.422867
8	0.789957	750	-5.038570	-48.461436
9	0.768433	750	-4.979179	-53.440615
10	0.747266	750	-4.896672	-58.337287
11	0.726452	750	-4.808076	-63.145363
12	0.705989	750	-4.745467	-67.890830
13	0.685877	750	-4.650794	-72.541624
14	0.666112	750	-4.598324	-77.139948
15	0.646693	750	-4.511326	-81.651273
16	0.627618	750	-4.414197	-86.065470
17	0.608884	750	-4.351242	-90.416713
18	0.590490	750	-4.281392	-94.698105
19	0.572433	750	-4.191043	-98.889148
20	0.554712	750	-4.111488	-103.000636
21	0.537324	750	-4.037863	-107.038499
22	0.520268	750	-3.971288	-111.009788
23	0.503540	750	-3.914074	-114.923861
24	0.487139	750	-3.830119	-118.753980
25	0.471063	750	-3.751039	-122.505019
26	0.455310	750	-3.660169	-126.165188
27	0.439877	750	-3.615497	-129.780685
28	0.424762	750	-3.536997	-133.317682
29	0.409963	750	-3.479616	-136.797298
30	0.395478	750	-3.397033	-140.194331
31	0.381305	750	-3.319336	-143.513667
32	0.367440	750	-3.243272	-146.756939
33	0.353883	750	-3.198175	-149.955114
34	0.340630	750	-3.142180	-153.097293
35	0.327680	750	-3.099684	-156.196977
36	0.315030	750	-2.983632	-159.180609
37	0.302677	750	-2.921221	-162.101830
38	0.290619	750	-2.878608	-164.980438
39	0.278855	750	-2.785739	-167.766177
40	0.267381	750	-2.773087	-170.539264
41	0.256195	750	-2.688972	-173.228237
42	0.245294	750	-2.627837	-175.856074
43	0.234677	750	-2.584980	-178.441054
44	0.224340	750	-2.511390	-180.952444
45	0.214281	750	-2.463016	-183.415461
46	0.204498	750	-2.412388	-185.827849
47	0.194988	750	-2.324792	-188.152641
48	0.185749	750	-2.238794	-190.391434
49	0.176777	750	-2.242918	-192.634353
50	0.168070	750	-2.123815	-194.758167
51	0.159626	750	-2.202380	-196.960547
52	0.151441	750	-2.147589	-199.108136
53	0.143514	750	-2.102066	-201.210202
54	0.135841	750	-2.106307	-203.316509
55	0.128420	750	-1.843551	-205.160060
56	0.121247	750	-1.939423	-207.099483
57	0.114320	750	-1.957291	-209.056774
58	0.107637	750	-1.921918	-210.978692
59	0.101193	750	-1.874614	-212.853306
60	0.094986	750	-1.769139	-214.622445
61	0.089014	750	-1.663186	-216.285632
62	0.083273	750	-1.737641	-218.023273
63	0.077760	750	-1.679240	-219.702513
64	0.072472	750	-1.600853	-221.303366
65	0.067406	750	-1.511184	-222.814550
66	0.062558	750	-1.484944	-224.299494
67	0.057926	750	-1.441878	-225.741372
68	0.053506	750	-1.371063	-227.112435
69	0.049295	750	-1.303360	-228.415795
70	0.045289	750	-1.237369	-229.653164
71	0.041485	750	-1.166129	-230.819293
72	0.037880	750	-1.150072	-231.969366
73	0.034469	750	-1.070057	-233.039423
74	0.031250	750	-1.029859	-234.069282
75	0.028218	750	-1.004287	-235.073570
76	0.025370	750	-0.923077	-235.996647
77	0.022702	750	-0.883651	-236.880297
78	0.020209	750	-0.853291	-237.733589
79	0.017889	750	-0.806791	-238.540380
80	0.015736	750	-0.739311	-239.279691
81	0.013746	750	-0.688625	-239.968317
82	0.011916	750	-0.657520	-240.625837
83	0.010240	750	-0.614010	-241.239847
84	0.008714	750	-0.541513	-241.781360
85	0.007334	750	-0.493347	-242.274707
86	0.006093	750	-0.452170	-242.726877
87	0.004988	750	-0.427399	-243.154276
88	0.004013	750	-0.430032	-243.584308
89	0.003162	750	-0.346104	-243.930412
90	0.002430	750	-0.280224	-244.210636
91	0.001810	750	-0.249436	-244.460072
92	0.001296	750	-0.210217	-244.670289
93	0.000882	750	-0.190885	-244.861175
94	0.000559	750	-0.127156	-244.988331
95	0.000320	750	-0.097786	-245.086117
96	0.000156	750	-0.067543	-245.153659
97	0.000057	750	-0.041010	-245.194669
98	0.000010	750	-0.017130	-245.211799
99	0.000000	750	-0.004487	-245.216287
Log marginal likelihood:	-245.216287
0	0.975187	750	-5.910269	-5.910269
1	0.950747	750	-5.795319	-11.705588
2	0.926679	750	-5.649153	-17.354741
3	0.902980	750	-5.669697	-23.024438
4	0.879648	750	-5.573191	-28.597629
5	0.856682	750	-5.429836	-34.027465
6	0.834079	750	-5.419412	-39.446877
7	0.811838	750	-5.305351	-44.752228
8	0.789957	750	-5.242041	-49.994268
9	0.768433	750	-5.146634	-55.140903
10	0.747266	750	-5.085356	-60.226258
11	0.726452	750	-5.006731	-65.232989
12	0.705989	750	-4.936057	-70.169047
13	0.685877	750	-4.835431	-75.004477
14	0.666112	750	-4.770019	-79.774497
15	0.646693	750	-4.631127	-84.405624
16	0.627618	750	-4.553290	-88.958913
17	0.608884	750	-4.525818	-93.484731
18	0.590490	750	-4.412637	-97.897368
19	0.572433	750	-4.396648	-102.294016
20	0.554712	750	-4.249408	-106.543425
21	0.537324	750	-4.179107	-110.722531
22	0.520268	750	-4.116871	-114.839403
23	0.503540	750	-4.072109	-118.911512
24	0.487139	750	-3.965395	-122.876907
25	0.471063	750	-3.876439	-126.753345
26	0.455310	750	-3.830453	-130.583798
27	0.439877	750	-3.755126	-134.338924
28	0.424762	750	-3.642544	-137.981468
29	0.409963	750	-3.609207	-141.590675
30	0.395478	750	-3.515810	-145.106485
31	0.381305	750	-3.425274	-148.531759
32	0.367440	750	-3.390252	-151.922011
33	0.353883	750	-3.309915	-155.231926
34	0.340630	750	-3.279507	-158.511434
35	0.327680	750	-3.182601	-161.694035
36	0.315030	750	-3.125979	-164.820014
37	0.302677	750	-3.138910	-167.958924
38	0.290619	750	-3.003256	-170.962180
39	0.278855	750	-3.359417	-174.321597
40	0.267381	750	-2.860000	-177.181597
41	0.256195	750	-2.807380	-179.988978
42	0.245294	750	-2.702164	-182.691142
43	0.234677	750	-2.693815	-185.384957
44	0.224340	750	-2.620441	-188.005398
45	0.214281	750	-2.638152	-190.643550
46	0.204498	750	-2.497614	-193.141164
47	0.194988	750	-2.501361	-195.642525
48	0.185749	750	-2.528731	-198.171256
49	0.176777	750	-2.284025	-200.455281
50	0.168070	750	-2.295586	-202.750867
51	0.159626	750	-2.357621	-205.108488
52	0.151441	750	-2.290910	-207.399398
53	0.143514	750	-2.210784	-209.610182
54	0.135841	750	-2.105367	-211.715549
55	0.128420	750	-2.082567	-213.798115
56	0.121247	750	-2.040808	-215.838923
57	0.114320	750	-2.011957	-217.850880
58	0.107637	750	-1.930656	-219.781536
59	0.101193	750	-1.839057	-221.620593
60	0.094986	750	-1.837653	-223.458246
61	0.089014	750	-1.753643	-225.211889
62	0.083273	750	-1.680465	-226.892354
63	0.077760	750	-1.640283	-228.532637
64	0.072472	750	-1.536306	-230.068943
65	0.067406	750	-1.528018	-231.596961
66	0.062558	750	-1.469225	-233.066186
67	0.057926	750	-1.416838	-234.483024
68	0.053506	750	-1.336437	-235.819461
69	0.049295	750	-1.308263	-237.127724
70	0.045289	750	-1.200298	-238.328022
71	0.041485	750	-1.179481	-239.507503
72	0.037880	750	-1.123011	-240.630514
73	0.034469	750	-1.047165	-241.677678
74	0.031250	750	-1.017114	-242.694793
75	0.028218	750	-0.975256	-243.670049
76	0.025370	750	-0.943834	-244.613883
77	0.022702	750	-0.909429	-245.523312
78	0.020209	750	-0.837829	-246.361140
79	0.017889	750	-0.781208	-247.142348
80	0.015736	750	-0.725747	-247.868095
81	0.013746	750	-0.670509	-248.538604
82	0.011916	750	-0.645066	-249.183670
83	0.010240	750	-0.573339	-249.757009
84	0.008714	750	-0.555282	-250.312291
85	0.007334	750	-0.511030	-250.823321
86	0.006093	750	-0.449091	-251.272412
87	0.004988	750	-0.421902	-251.694314
88	0.004013	750	-0.391332	-252.085646
89	0.003162	750	-0.339011	-252.424657
90	0.002430	750	-0.275762	-252.700419
91	0.001810	750	-0.269981	-252.970400
92	0.001296	750	-0.202834	-253.173234
93	0.000882	750	-0.185599	-253.358833
94	0.000559	750	-0.121923	-253.480755
95	0.000320	750	-0.102924	-253.583679
96	0.000156	750	-0.071483	-253.655162
97	0.000057	750	-0.038192	-253.693354
98	0.000010	750	-0.020010	-253.713364
99	0.000000	750	-0.004192	-253.717556
Log marginal likelihood:	-253.717556
0	0.975187	750	-6.583178	-6.583178
1	0.950747	750	-6.531039	-13.114217
2	0.926679	750	-6.396881	-19.511098
3	0.902980	750	-6.313954	-25.825052
4	0.879648	750	-6.213678	-32.038730
5	0.856682	750	-6.124599	-38.163330
6	0.834079	750	-6.038778	-44.202107
7	0.811838	750	-5.925944	-50.128051
8	0.789957	750	-5.807330	-55.935381
9	0.768433	750	-5.731509	-61.666890
10	0.747266	750	-5.666969	-67.333859
11	0.726452	750	-5.576053	-72.909912
12	0.705989	750	-5.469702	-78.379614
13	0.685877	750	-5.389084	-83.768698
14	0.666112	750	-5.287570	-89.056268
15	0.646693	750	-5.253355	-94.309623
16	0.627618	750	-5.092383	-99.402007
17	0.608884	750	-5.013624	-104.415630
18	0.590490	750	-4.907980	-109.323611
19	0.572433	750	-4.841702	-114.165313
20	0.554712	750	-4.792466	-118.957779
21	0.537324	750	-4.654130	-123.611909
22	0.520268	750	-4.598879	-128.210788
23	0.503540	750	-4.493366	-132.704154
24	0.487139	750	-4.439042	-137.143196
25	0.471063	750	-4.320110	-141.463306
26	0.455310	750	-4.236002	-145.699308
27	0.439877	750	-4.204751	-149.904058
28	0.424762	750	-4.111394	-154.015452
29	0.409963	750	-4.161315	-158.176767
30	0.395478	750	-3.952083	-162.128850
31	0.381305	750	-3.859845	-165.988695
32	0.367440	750	-3.793989	-169.782684
33	0.353883	750	-3.732135	-173.514819
34	0.340630	750	-3.636502	-177.151321
35	0.327680	750	-3.549943	-180.701264
36	0.315030	750	-3.667730	-184.368993
37	0.302677	750	-3.656307	-188.025301
38	0.290619	750	-3.374165	-191.399466
39	0.278855	750	-3.419841	-194.819307
40	0.267381	750	-3.414569	-198.233876
41	0.256195	750	-3.322819	-201.556695
42	0.245294	750	-3.067045	-204.623740
43	0.234677	750	-2.947095	-207.570834
44	0.224340	750	-3.032243	-210.603078
45	0.214281	750	-2.892940	-213.496018
46	0.204498	750	-2.902434	-216.398452
47	0.194988	750	-2.740178	-219.138630
48	0.185749	750	-2.766299	-221.904929
49	0.176777	750	-2.568799	-224.473728
50	0.168070	750	-2.606268	-227.079996
51	0.159626	750	-2.537443	-229.617439
52	0.151441	750	-2.453487	-232.070926
53	0.143514	750	-2.287289	-234.358216
54	0.135841	750	-2.298766	-236.656981
55	0.128420	750	-2.238122	-238.895104
56	0.121247	750	-2.130737	-241.025841
57	0.114320	750	-2.108326	-243.134167
58	0.107637	750	-2.023103	-245.157270
59	0.101193	750	-1.960284	-247.117554
60	0.094986	750	-1.896229	-249.013783
61	0.089014	750	-1.850967	-250.864750
62	0.083273	750	-1.801991	-252.666741
63	0.077760	750	-1.705604	-254.372345
64	0.072472	750	-1.657384	-256.029729
65	0.067406	750	-1.540904	-257.570632
66	0.062558	750	-1.503582	-259.074214
67	0.057926	750	-1.446656	-260.520870
68	0.053506	750	-1.389312	-261.910182
69	0.049295	750	-1.324527	-263.234709
70	0.045289	750	-1.274396	-264.509105
71	0.041485	750	-1.200661	-265.709766
72	0.037880	750	-1.132881	-266.842647
73	0.034469	750	-1.126182	-267.968830
74	0.031250	750	-1.065886	-269.034716
75	0.028218	750	-1.011751	-270.046467
76	0.025370	750	-0.966899	-271.013366
77	0.022702	750	-0.943734	-271.957100
78	0.020209	750	-0.862711	-272.819811
79	0.017889	750	-0.860636	-273.680446
80	0.015736	750	-0.741230	-274.421677
81	0.013746	750	-0.709154	-275.130831
82	0.011916	750	-0.634217	-275.765048
83	0.010240	750	-0.637546	-276.402594
84	0.008714	750	-0.557235	-276.959829
85	0.007334	750	-0.521886	-277.481715
86	0.006093	750	-0.454552	-277.936266
87	0.004988	750	-0.428226	-278.364492
88	0.004013	750	-0.388388	-278.752880
89	0.003162	750	-0.329709	-279.082589
90	0.002430	750	-0.310456	-279.393045
91	0.001810	750	-0.262774	-279.655819
92	0.001296	750	-0.220383	-279.876202
93	0.000882	750	-0.159956	-280.036158
94	0.000559	750	-0.143104	-280.179261
95	0.000320	750	-0.096267	-280.275528
96	0.000156	750	-0.072201	-280.347729
97	0.000057	750	-0.045141	-280.392870
98	0.000010	750	-0.021476	-280.414345
99	0.000000	750	-0.004128	-280.418474
Log marginal likelihood:	-280.418474
0	0.975187	750	-6.054018	-6.054018
1	0.950747	750	-5.903370	-11.957388
2	0.926679	750	-5.803931	-17.761319
3	0.902980	750	-5.744417	-23.505736
4	0.879648	750	-5.690714	-29.196449
5	0.856682	750	-5.620291	-34.816740
6	0.834079	750	-5.559679	-40.376419
7	0.811838	750	-5.430485	-45.806903
8	0.789957	750	-5.310674	-51.117577
9	0.768433	750	-5.230023	-56.347600
10	0.747266	750	-5.163388	-61.510988
11	0.726452	750	-5.042468	-66.553456
12	0.705989	750	-5.023825	-71.577282
13	0.685877	750	-4.893742	-76.471023
14	0.666112	750	-4.820503	-81.291526
15	0.646693	750	-4.727359	-86.018885
16	0.627618	750	-4.648442	-90.667327
17	0.608884	750	-4.580369	-95.247696
18	0.590490	750	-4.474289	-99.721986
19	0.572433	750	-4.392629	-104.114614
20	0.554712	750	-4.354371	-108.468985
21	0.537324	750	-4.243829	-112.712815
22	0.520268	750	-4.205744	-116.918559
23	0.503540	750	-4.096161	-121.014719
24	0.487139	750	-4.057627	-125.072347
25	0.471063	750	-3.948634	-129.020981
26	0.455310	750	-3.892440	-132.913421
27	0.439877	750	-3.807388	-136.720809
28	0.424762	750	-3.755253	-140.476062
29	0.409963	750	-3.661682	-144.137745
30	0.395478	750	-3.657650	-147.795395
31	0.381305	750	-3.541600	-151.336995
32	0.367440	750	-3.430691	-154.767686
33	0.353883	750	-3.436678	-158.204363
34	0.340630	750	-3.281162	-161.485525
35	0.327680	750	-3.260622	-164.746147
36	0.315030	750	-3.263903	-168.010050
37	0.302677	750	-3.103962	-171.114012
38	0.290619	750	-3.028067	-174.142079
39	0.278855	750	-2.966630	-177.108709
40	0.267381	750	-2.869054	-179.977762
41	0.256195	750	-2.871837	-182.849599
42	0.245294	750	-2.786744	-185.636343
43	0.234677	750	-3.005682	-188.642025
44	0.224340	750	-2.682552	-191.324577
45	0.214281	750	-2.685442	-194.010019
46	0.204498	750	-2.517987	-196.528007
47	0.194988	750	-2.567993	-199.096000
48	0.185749	750	-2.491674	-201.587674
49	0.176777	750	-2.444655	-204.032329
50	0.168070	750	-2.512359	-206.544688
51	0.159626	750	-2.470297	-209.014985
52	0.151441	750	-2.130713	-211.145697
53	0.143514	750	-2.209279	-213.354977
54	0.135841	750	-2.150143	-215.505119
55	0.128420	750	-2.117915	-217.623035
56	0.121247	750	-2.064156	-219.687190
57	0.114320	750	-2.033174	-221.720364
58	0.107637	750	-1.959425	-223.679789
59	0.101193	750	-1.915851	-225.595640
60	0.094986	750	-1.771423	-227.367063
61	0.089014	750	-1.793925	-229.160989
62	0.083273	750	-1.740392	-230.901380
63	0.077760	750	-1.654171	-232.555551
64	0.072472	750	-1.619929	-234.175480
65	0.067406	750	-1.553877	-235.729358
66	0.062558	750	-1.462413	-237.191770
67	0.057926	750	-1.396364	-238.588134
68	0.053506	750	-1.340286	-239.928421
69	0.049295	750	-1.312409	-241.240830
70	0.045289	750	-1.226215	-242.467045
71	0.041485	750	-1.213978	-243.681022
72	0.037880	750	-1.132316	-244.813339
73	0.034469	750	-1.084093	-245.897432
74	0.031250	750	-1.039643	-246.937075
75	0.028218	750	-0.977605	-247.914680
76	0.025370	750	-0.915370	-248.830051
77	0.022702	750	-0.888856	-249.718906
78	0.020209	750	-0.810347	-250.529253
79	0.017889	750	-0.799576	-251.328830
80	0.015736	750	-0.743758	-252.072587
81	0.013746	750	-0.735398	-252.807985
82	0.011916	750	-0.675186	-253.483171
83	0.010240	750	-0.587431	-254.070603
84	0.008714	750	-0.540091	-254.610694
85	0.007334	750	-0.552659	-255.163353
86	0.006093	750	-0.463656	-255.627009
87	0.004988	750	-0.417129	-256.044138
88	0.004013	750	-0.392826	-256.436964
89	0.003162	750	-0.343910	-256.780874
90	0.002430	750	-0.280299	-257.061173
91	0.001810	750	-0.239920	-257.301094
92	0.001296	750	-0.196225	-257.497318
93	0.000882	750	-0.170479	-257.667797
94	0.000559	750	-0.127925	-257.795723
95	0.000320	750	-0.101650	-257.897373
96	0.000156	750	-0.074610	-257.971982
97	0.000057	750	-0.047790	-258.019772
98	0.000010	750	-0.018784	-258.038556
99	0.000000	750	-0.003888	-258.042444
Log marginal likelihood:	-258.042444
0	0.975187	750	-6.219256	-6.219256
1	0.950747	750	-6.105018	-12.324274
2	0.926679	750	-6.051847	-18.376121
3	0.902980	750	-5.929433	-24.305553
4	0.879648	750	-5.850032	-30.155585
5	0.856682	750	-5.759814	-35.915399
6	0.834079	750	-5.696105	-41.611504
7	0.811838	750	-5.601743	-47.213247
8	0.789957	750	-5.491696	-52.704943
9	0.768433	750	-5.395402	-58.100344
10	0.747266	750	-5.324059	-63.424403
11	0.726452	750	-5.238677	-68.663080
12	0.705989	750	-5.133015	-73.796095
13	0.685877	750	-5.056389	-78.852484
14	0.666112	750	-4.971312	-83.823797
15	0.646693	750	-4.952021	-88.775817
16	0.627618	750	-4.786060	-93.561878
17	0.608884	750	-4.745322	-98.307200
18	0.590490	750	-4.659052	-102.966253
19	0.572433	750	-4.553702	-107.519954
20	0.554712	750	-4.511531	-112.031485
21	0.537324	750	-4.410778	-116.442263
22	0.520268	750	-4.399884	-120.842147
23	0.503540	750	-4.245544	-125.087691
24	0.487139	750	-4.155645	-129.243337
25	0.471063	750	-4.067575	-133.310911
26	0.455310	750	-4.005391	-137.316303
27	0.439877	750	-3.908792	-141.225095
28	0.424762	750	-3.858981	-145.084076
29	0.409963	750	-3.799718	-148.883794
30	0.395478	750	-3.757968	-152.641762
31	0.381305	750	-3.780749	-156.422511
32	0.367440	750	-3.571825	-159.994336
33	0.353883	750	-3.493255	-163.487591
34	0.340630	750	-3.388377	-166.875968
35	0.327680	750	-3.351557	-170.227525
36	0.315030	750	-3.277675	-173.505201
37	0.302677	750	-3.254735	-176.759935
38	0.290619	750	-3.083627	-179.843562
39	0.278855	750	-3.172184	-183.015746
40	0.267381	750	-3.212281	-186.228027
41	0.256195	750	-2.939102	-189.167129
42	0.245294	750	-3.131103	-192.298232
43	0.234677	750	-2.893299	-195.191531
44	0.224340	750	-2.757672	-197.949203
45	0.214281	750	-2.770883	-200.720086
46	0.204498	750	-2.635628	-203.355714
47	0.194988	750	-2.519360	-205.875074
48	0.185749	750	-2.534430	-208.409504
49	0.176777	750	-2.511319	-210.920823
50	0.168070	750	-2.481095	-213.401917
51	0.159626	750	-2.381966	-215.783883
52	0.151441	750	-2.321113	-218.104996
53	0.143514	750	-2.374700	-220.479696
54	0.135841	750	-2.264674	-222.744370
55	0.128420	750	-2.172886	-224.917257
56	0.121247	750	-2.112553	-227.029810
57	0.114320	750	-2.070997	-229.100807
58	0.107637	750	-1.966093	-231.066900
59	0.101193	750	-1.907491	-232.974390
60	0.094986	750	-1.847807	-234.822197
61	0.089014	750	-1.780882	-236.603079
62	0.083273	750	-1.716594	-238.319673
63	0.077760	750	-1.669426	-239.989099
64	0.072472	750	-1.622539	-241.611637
65	0.067406	750	-1.525853	-243.137490
66	0.062558	750	-1.486778	-244.624268
67	0.057926	750	-1.448163	-246.072432
68	0.053506	750	-1.376611	-247.449042
69	0.049295	750	-1.298937	-248.747979
70	0.045289	750	-1.236455	-249.984434
71	0.041485	750	-1.201298	-251.185732
72	0.037880	750	-1.124143	-252.309875
73	0.034469	750	-1.071526	-253.381401
74	0.031250	750	-1.042300	-254.423701
75	0.028218	750	-0.995006	-255.418706
76	0.025370	750	-0.943876	-256.362583
77	0.022702	750	-0.908274	-257.270856
78	0.020209	750	-0.813009	-258.083866
79	0.017889	750	-0.768310	-258.852175
80	0.015736	750	-0.724835	-259.577010
81	0.013746	750	-0.710485	-260.287495
82	0.011916	750	-0.656265	-260.943761
83	0.010240	750	-0.635434	-261.579195
84	0.008714	750	-0.545602	-262.124797
85	0.007334	750	-0.480417	-262.605214
86	0.006093	750	-0.472754	-263.077967
87	0.004988	750	-0.402649	-263.480617
88	0.004013	750	-0.381403	-263.862020
89	0.003162	750	-0.316503	-264.178523
90	0.002430	750	-0.296125	-264.474648
91	0.001810	750	-0.239012	-264.713660
92	0.001296	750	-0.219366	-264.933026
93	0.000882	750	-0.172522	-265.105548
94	0.000559	750	-0.128106	-265.233654
95	0.000320	750	-0.090188	-265.323842
96	0.000156	750	-0.071973	-265.395815
97	0.000057	750	-0.037075	-265.432890
98	0.000010	750	-0.019823	-265.452713
99	0.000000	750	-0.003854	-265.456567
Log marginal likelihood:	-265.456567
0	0.975187	750	-6.133023	-6.133023
1	0.950747	750	-6.088410	-12.221433
2	0.926679	750	-5.966298	-18.187731
3	0.902980	750	-5.882640	-24.070371
4	0.879648	750	-5.815803	-29.886174
5	0.856682	750	-5.695391	-35.581565
6	0.834079	750	-5.605835	-41.187400
7	0.811838	750	-5.537400	-46.724800
8	0.789957	750	-5.422814	-52.147614
9	0.768433	750	-5.329727	-57.477341
10	0.747266	750	-5.289389	-62.766730
11	0.726452	750	-5.215844	-67.982574
12	0.705989	750	-5.106363	-73.088937
13	0.685877	750	-5.027811	-78.116749
14	0.666112	750	-5.005488	-83.122237
15	0.646693	750	-5.014391	-88.136628
16	0.627618	750	-4.779928	-92.916556
17	0.608884	750	-4.683594	-97.600150
18	0.590490	750	-4.632941	-102.233091
19	0.572433	750	-4.529679	-106.762770
20	0.554712	750	-4.439425	-111.202195
21	0.537324	750	-4.429654	-115.631850
22	0.520268	750	-4.408426	-120.040276
23	0.503540	750	-4.213148	-124.253424
24	0.487139	750	-4.165085	-128.418509
25	0.471063	750	-4.091667	-132.510176
26	0.455310	750	-4.024153	-136.534329
27	0.439877	750	-3.975142	-140.509471
28	0.424762	750	-3.991520	-144.500991
29	0.409963	750	-3.850948	-148.351939
30	0.395478	750	-3.664114	-152.016053
31	0.381305	750	-3.794294	-155.810347
32	0.367440	750	-3.612056	-159.422403
33	0.353883	750	-3.537686	-162.960089
34	0.340630	750	-3.558195	-166.518284
35	0.327680	750	-3.311718	-169.830002
36	0.315030	750	-3.349510	-173.179512
37	0.302677	750	-3.289965	-176.469477
38	0.290619	750	-3.153445	-179.622922
39	0.278855	750	-3.038171	-182.661093
40	0.267381	750	-3.017228	-185.678320
41	0.256195	750	-2.965994	-188.644314
42	0.245294	750	-2.874523	-191.518837
43	0.234677	750	-3.051365	-194.570203
44	0.224340	750	-2.785905	-197.356108
45	0.214281	750	-2.797597	-200.153705
46	0.204498	750	-2.658058	-202.811763
47	0.194988	750	-2.729695	-205.541458
48	0.185749	750	-2.609243	-208.150702
49	0.176777	750	-2.590728	-210.741430
50	0.168070	750	-2.413368	-213.154798
51	0.159626	750	-2.335963	-215.490761
52	0.151441	750	-2.380813	-217.871574
53	0.143514	750	-2.320714	-220.192288
54	0.135841	750	-2.197565	-222.389853
55	0.128420	750	-2.131389	-224.521242
56	0.121247	750	-2.107010	-226.628251
57	0.114320	750	-2.015673	-228.643925
58	0.107637	750	-1.937644	-230.581568
59	0.101193	750	-1.865034	-232.446602
60	0.094986	750	-1.798471	-234.245073
61	0.089014	750	-1.770438	-236.015512
62	0.083273	750	-1.698459	-237.713971
63	0.077760	750	-1.632771	-239.346742
64	0.072472	750	-1.582422	-240.929163
65	0.067406	750	-1.538640	-242.467803
66	0.062558	750	-1.463554	-243.931357
67	0.057926	750	-1.396805	-245.328161
68	0.053506	750	-1.350667	-246.678829
69	0.049295	750	-1.305384	-247.984212
70	0.045289	750	-1.237002	-249.221214
71	0.041485	750	-1.170124	-250.391338
72	0.037880	750	-1.154309	-251.545647
73	0.034469	750	-1.107375	-252.653022
74	0.031250	750	-1.068571	-253.721593
75	0.028218	750	-0.980117	-254.701711
76	0.025370	750	-0.957243	-255.658953
77	0.022702	750	-0.871706	-256.530660
78	0.020209	750	-0.813494	-257.344153
79	0.017889	750	-0.805243	-258.149397
80	0.015736	750	-0.720014	-258.869410
81	0.013746	750	-0.695958	-259.565368
82	0.011916	750	-0.656056	-260.221424
83	0.010240	750	-0.584400	-260.805824
84	0.008714	750	-0.577121	-261.382945
85	0.007334	750	-0.541209	-261.924154
86	0.006093	750	-0.490193	-262.414346
87	0.004988	750	-0.437528	-262.851874
88	0.004013	750	-0.404772	-263.256646
89	0.003162	750	-0.322092	-263.578738
90	0.002430	750	-0.306962	-263.885700
91	0.001810	750	-0.220926	-264.106625
92	0.001296	750	-0.198293	-264.304918
93	0.000882	750	-0.178912	-264.483831
94	0.000559	750	-0.151194	-264.635025
95	0.000320	750	-0.104707	-264.739732
96	0.000156	750	-0.075262	-264.814994
97	0.000057	750	-0.042419	-264.857413
98	0.000010	750	-0.019957	-264.877370
99	0.000000	750	-0.003922	-264.881293
Log marginal likelihood:	-264.881293
0	0.975187	750	-5.992838	-5.992838
1	0.950747	750	-5.948697	-11.941535
2	0.926679	750	-5.835241	-17.776776
3	0.902980	750	-5.816735	-23.593511
4	0.879648	750	-5.687970	-29.281481
5	0.856682	750	-5.590666	-34.872147
6	0.834079	750	-5.543318	-40.415465
7	0.811838	750	-5.413248	-45.828713
8	0.789957	750	-5.341721	-51.170434
9	0.768433	750	-5.244305	-56.414739
10	0.747266	750	-5.161569	-61.576309
11	0.726452	750	-5.113497	-66.689806
12	0.705989	750	-4.997313	-71.687119
13	0.685877	750	-4.948201	-76.635320
14	0.666112	750	-4.878936	-81.514256
15	0.646693	750	-4.736600	-86.250856
16	0.627618	750	-4.698990	-90.949846
17	0.608884	750	-4.628803	-95.578649
18	0.590490	750	-4.524247	-100.102896
19	0.572433	750	-4.465432	-104.568328
20	0.554712	750	-4.365947	-108.934274
21	0.537324	750	-4.258656	-113.192930
22	0.520268	750	-4.195753	-117.388683
23	0.503540	750	-4.125873	-121.514556
24	0.487139	750	-4.038769	-125.553325
25	0.471063	750	-3.967416	-129.520741
26	0.455310	750	-3.900929	-133.421670
27	0.439877	750	-3.833437	-137.255107
28	0.424762	750	-3.734585	-140.989692
29	0.409963	750	-3.643121	-144.632812
30	0.395478	750	-3.609577	-148.242390
31	0.381305	750	-3.527514	-151.769904
32	0.367440	750	-3.477713	-155.247617
33	0.353883	750	-3.422916	-158.670534
34	0.340630	750	-3.332386	-162.002919
35	0.327680	750	-3.250067	-165.252987
36	0.315030	750	-3.182045	-168.435032
37	0.302677	750	-3.150127	-171.585159
38	0.290619	750	-3.112089	-174.697248
39	0.278855	750	-3.005258	-177.702506
40	0.267381	750	-2.877424	-180.579930
41	0.256195	750	-2.829211	-183.409141
42	0.245294	750	-2.768144	-186.177285
43	0.234677	750	-2.893804	-189.071089
44	0.224340	750	-2.724233	-191.795322
45	0.214281	750	-2.843353	-194.638674
46	0.204498	750	-2.623408	-197.262082
47	0.194988	750	-2.660599	-199.922681
48	0.185749	750	-2.454213	-202.376895
49	0.176777	750	-2.598511	-204.975406
50	0.168070	750	-2.499836	-207.475242
51	0.159626	750	-2.339633	-209.814875
52	0.151441	750	-2.383104	-212.197979
53	0.143514	750	-2.176574	-214.374553
54	0.135841	750	-2.224854	-216.599407
55	0.128420	750	-2.047274	-218.646681
56	0.121247	750	-1.980361	-220.627042
57	0.114320	750	-2.009165	-222.636207
58	0.107637	750	-1.963826	-224.600033
59	0.101193	750	-1.870941	-226.470974
60	0.094986	750	-1.756535	-228.227509
61	0.089014	750	-1.755423	-229.982932
62	0.083273	750	-1.682417	-231.665349
63	0.077760	750	-1.653253	-233.318602
64	0.072472	750	-1.594065	-234.912668
65	0.067406	750	-1.529531	-236.442198
66	0.062558	750	-1.460433	-237.902631
67	0.057926	750	-1.427901	-239.330532
68	0.053506	750	-1.370535	-240.701067
69	0.049295	750	-1.306357	-242.007424
70	0.045289	750	-1.244842	-243.252266
71	0.041485	750	-1.190559	-244.442825
72	0.037880	750	-1.132935	-245.575760
73	0.034469	750	-1.071710	-246.647470
74	0.031250	750	-1.012123	-247.659593
75	0.028218	750	-0.971358	-248.630951
76	0.025370	750	-0.918001	-249.548952
77	0.022702	750	-0.864347	-250.413300
78	0.020209	750	-0.819878	-251.233177
79	0.017889	750	-0.792194	-252.025372
80	0.015736	750	-0.714019	-252.739391
81	0.013746	750	-0.664540	-253.403931
82	0.011916	750	-0.604561	-254.008491
83	0.010240	750	-0.578105	-254.586596
84	0.008714	750	-0.558024	-255.144621
85	0.007334	750	-0.503059	-255.647679
86	0.006093	750	-0.437633	-256.085312
87	0.004988	750	-0.413417	-256.498729
88	0.004013	750	-0.378150	-256.876879
89	0.003162	750	-0.369633	-257.246512
90	0.002430	750	-0.276760	-257.523272
91	0.001810	750	-0.242807	-257.766079
92	0.001296	750	-0.194815	-257.960894
93	0.000882	750	-0.166001	-258.126895
94	0.000559	750	-0.131077	-258.257972
95	0.000320	750	-0.098308	-258.356280
96	0.000156	750	-0.073243	-258.429523
97	0.000057	750	-0.039429	-258.468953
98	0.000010	750	-0.019050	-258.488003
99	0.000000	750	-0.003871	-258.491874
Log marginal likelihood:	-258.491874
0	0.975187	750	-6.271301	-6.271301
1	0.950747	750	-6.206101	-12.477402
2	0.926679	750	-6.121627	-18.599029
3	0.902980	750	-6.030711	-24.629740
4	0.879648	750	-5.924251	-30.553991
5	0.856682	750	-5.825622	-36.379614
6	0.834079	750	-5.714577	-42.094190
7	0.811838	750	-5.660368	-47.754558
8	0.789957	750	-5.574430	-53.328989
9	0.768433	750	-5.502501	-58.831490
10	0.747266	750	-5.430325	-64.261815
11	0.726452	750	-5.294033	-69.555849
12	0.705989	750	-5.229155	-74.785004
13	0.685877	750	-5.115975	-79.900979
14	0.666112	750	-5.057724	-84.958702
15	0.646693	750	-4.968716	-89.927418
16	0.627618	750	-4.848466	-94.775885
17	0.608884	750	-4.801503	-99.577387
18	0.590490	750	-4.719807	-104.297194
19	0.572433	750	-4.622043	-108.919236
20	0.554712	750	-4.565454	-113.484691
21	0.537324	750	-4.467667	-117.952358
22	0.520268	750	-4.366208	-122.318566
23	0.503540	750	-4.294206	-126.612771
24	0.487139	750	-4.241447	-130.854219
25	0.471063	750	-4.140258	-134.994477
26	0.455310	750	-4.049912	-139.044389
27	0.439877	750	-4.080882	-143.125271
28	0.424762	750	-3.878919	-147.004190
29	0.409963	750	-3.815396	-150.819586
30	0.395478	750	-3.886869	-154.706455
31	0.381305	750	-3.710135	-158.416589
32	0.367440	750	-3.561889	-161.978478
33	0.353883	750	-3.615326	-165.593804
34	0.340630	750	-3.455066	-169.048871
35	0.327680	750	-3.376690	-172.425560
36	0.315030	750	-3.391395	-175.816955
37	0.302677	750	-3.269529	-179.086484
38	0.290619	750	-3.155501	-182.241986
39	0.278855	750	-3.151726	-185.393712
40	0.267381	750	-3.303948	-188.697660
41	0.256195	750	-3.131833	-191.829493
42	0.245294	750	-2.883015	-194.712508
43	0.234677	750	-2.894196	-197.606705
44	0.224340	750	-2.992352	-200.599056
45	0.214281	750	-2.853461	-203.452517
46	0.204498	750	-2.680168	-206.132685
47	0.194988	750	-2.663088	-208.795773
48	0.185749	750	-2.564388	-211.360161
49	0.176777	750	-2.557295	-213.917456
50	0.168070	750	-2.595522	-216.512978
51	0.159626	750	-2.427944	-218.940922
52	0.151441	750	-2.342274	-221.283197
53	0.143514	750	-2.323020	-223.606217
54	0.135841	750	-2.139939	-225.746156
55	0.128420	750	-2.156686	-227.902841
56	0.121247	750	-2.129072	-230.031914
57	0.114320	750	-2.064026	-232.095940
58	0.107637	750	-1.972893	-234.068834
59	0.101193	750	-1.929004	-235.997838
60	0.094986	750	-1.864575	-237.862413
61	0.089014	750	-1.803300	-239.665713
62	0.083273	750	-1.737799	-241.403512
63	0.077760	750	-1.678131	-243.081643
64	0.072472	750	-1.592383	-244.674026
65	0.067406	750	-1.528041	-246.202068
66	0.062558	750	-1.495287	-247.697355
67	0.057926	750	-1.422487	-249.119843
68	0.053506	750	-1.370798	-250.490640
69	0.049295	750	-1.308342	-251.798982
70	0.045289	750	-1.279850	-253.078832
71	0.041485	750	-1.204376	-254.283209
72	0.037880	750	-1.137019	-255.420227
73	0.034469	750	-1.087240	-256.507467
74	0.031250	750	-1.034375	-257.541842
75	0.028218	750	-0.994617	-258.536459
76	0.025370	750	-0.960896	-259.497355
77	0.022702	750	-0.871516	-260.368871
78	0.020209	750	-0.825652	-261.194523
79	0.017889	750	-0.843980	-262.038503
80	0.015736	750	-0.733688	-262.772192
81	0.013746	750	-0.705786	-263.477978
82	0.011916	750	-0.633709	-264.111687
83	0.010240	750	-0.576686	-264.688373
84	0.008714	750	-0.571177	-265.259549
85	0.007334	750	-0.491009	-265.750559
86	0.006093	750	-0.488689	-266.239247
87	0.004988	750	-0.422736	-266.661983
88	0.004013	750	-0.366915	-267.028898
89	0.003162	750	-0.333993	-267.362891
90	0.002430	750	-0.282520	-267.645412
91	0.001810	750	-0.239443	-267.884854
92	0.001296	750	-0.220717	-268.105572
93	0.000882	750	-0.155979	-268.261551
94	0.000559	750	-0.154946	-268.416497
95	0.000320	750	-0.108050	-268.524547
96	0.000156	750	-0.076596	-268.601143
97	0.000057	750	-0.043785	-268.644928
98	0.000010	750	-0.018395	-268.663323
99	0.000000	750	-0.004002	-268.667325
Log marginal likelihood:	-268.667325
0	0.975187	750	-5.969028	-5.969028
1	0.950747	750	-5.807733	-11.776761
2	0.926679	750	-5.753382	-17.530143
3	0.902980	750	-5.752209	-23.282352
4	0.879648	750	-5.608213	-28.890565
5	0.856682	750	-5.509728	-34.400293
6	0.834079	750	-5.422546	-39.822839
7	0.811838	750	-5.345004	-45.167843
8	0.789957	750	-5.264761	-50.432604
9	0.768433	750	-5.216053	-55.648657
10	0.747266	750	-5.110418	-60.759075
11	0.726452	750	-5.102484	-65.861559
12	0.705989	750	-4.917219	-70.778777
13	0.685877	750	-4.876454	-75.655232
14	0.666112	750	-4.796431	-80.451663
15	0.646693	750	-4.702406	-85.154070
16	0.627618	750	-4.669742	-89.823811
17	0.608884	750	-4.603663	-94.427474
18	0.590490	750	-4.542709	-98.970184
19	0.572433	750	-4.427023	-103.397206
20	0.554712	750	-4.333804	-107.731010
21	0.537324	750	-4.289381	-112.020391
22	0.520268	750	-4.181422	-116.201813
23	0.503540	750	-4.074778	-120.276591
24	0.487139	750	-3.987998	-124.264589
25	0.471063	750	-3.995007	-128.259596
26	0.455310	750	-3.885593	-132.145189
27	0.439877	750	-3.818682	-135.963871
28	0.424762	750	-3.751586	-139.715457
29	0.409963	750	-3.660080	-143.375537
30	0.395478	750	-3.603992	-146.979529
31	0.381305	750	-3.509793	-150.489322
32	0.367440	750	-3.455995	-153.945317
33	0.353883	750	-3.359639	-157.304956
34	0.340630	750	-3.262411	-160.567368
35	0.327680	750	-3.275495	-163.842863
36	0.315030	750	-3.179598	-167.022461
37	0.302677	750	-3.119321	-170.141783
38	0.290619	750	-3.040261	-173.182043
39	0.278855	750	-2.976315	-176.158358
40	0.267381	750	-2.907454	-179.065812
41	0.256195	750	-2.873036	-181.938848
42	0.245294	750	-2.857086	-184.795933
43	0.234677	750	-2.801151	-187.597084
44	0.224340	750	-2.614317	-190.211402
45	0.214281	750	-2.822889	-193.034291
46	0.204498	750	-2.736088	-195.770379
47	0.194988	750	-2.725700	-198.496079
48	0.185749	750	-2.451336	-200.947415
49	0.176777	750	-2.273803	-203.221219
50	0.168070	750	-2.413433	-205.634651
51	0.159626	750	-2.376404	-208.011055
52	0.151441	750	-2.299155	-210.310210
53	0.143514	750	-2.257407	-212.567617
54	0.135841	750	-2.206760	-214.774377
55	0.128420	750	-2.084096	-216.858473
56	0.121247	750	-2.091544	-218.950017
57	0.114320	750	-1.967858	-220.917875
58	0.107637	750	-1.951083	-222.868959
59	0.101193	750	-1.839288	-224.708246
60	0.094986	750	-1.826802	-226.535048
61	0.089014	750	-1.760037	-228.295085
62	0.083273	750	-1.712884	-230.007969
63	0.077760	750	-1.636232	-231.644201
64	0.072472	750	-1.577577	-233.221778
65	0.067406	750	-1.478380	-234.700158
66	0.062558	750	-1.459049	-236.159208
67	0.057926	750	-1.389841	-237.549048
68	0.053506	750	-1.345248	-238.894297
69	0.049295	750	-1.303586	-240.197883
70	0.045289	750	-1.257940	-241.455823
71	0.041485	750	-1.183682	-242.639505
72	0.037880	750	-1.112248	-243.751752
73	0.034469	750	-1.052154	-244.803906
74	0.031250	750	-1.001716	-245.805622
75	0.028218	750	-0.982214	-246.787836
76	0.025370	750	-0.910717	-247.698553
77	0.022702	750	-0.868550	-248.567103
78	0.020209	750	-0.817192	-249.384294
79	0.017889	750	-0.797062	-250.181357
80	0.015736	750	-0.712277	-250.893634
81	0.013746	750	-0.654731	-251.548364
82	0.011916	750	-0.630864	-252.179228
83	0.010240	750	-0.600508	-252.779736
84	0.008714	750	-0.556428	-253.336164
85	0.007334	750	-0.515539	-253.851703
86	0.006093	750	-0.458467	-254.310169
87	0.004988	750	-0.411976	-254.722145
88	0.004013	750	-0.369380	-255.091526
89	0.003162	750	-0.316965	-255.408490
90	0.002430	750	-0.282175	-255.690665
91	0.001810	750	-0.249090	-255.939755
92	0.001296	750	-0.205282	-256.145037
93	0.000882	750	-0.163824	-256.308861
94	0.000559	750	-0.140121	-256.448982
95	0.000320	750	-0.093967	-256.542949
96	0.000156	750	-0.068605	-256.611554
97	0.000057	750	-0.040087	-256.651641
98	0.000010	750	-0.018381	-256.670022
99	0.000000	750	-0.004714	-256.674736
Log marginal likelihood:	-256.674736
0	0.975187	750	-5.954662	-5.954662
1	0.950747	750	-5.910526	-11.865188
2	0.926679	750	-5.743811	-17.608999
3	0.902980	750	-5.710936	-23.319935
4	0.879648	750	-5.616912	-28.936847
5	0.856682	750	-5.482839	-34.419686
6	0.834079	750	-5.383916	-39.803601
7	0.811838	750	-5.338844	-45.142446
8	0.789957	750	-5.249610	-50.392056
9	0.768433	750	-5.179992	-55.572048
10	0.747266	750	-5.087241	-60.659289
11	0.726452	750	-5.030354	-65.689642
12	0.705989	750	-4.910837	-70.600480
13	0.685877	750	-4.860409	-75.460888
14	0.666112	750	-4.772990	-80.233878
15	0.646693	750	-4.681167	-84.915045
16	0.627618	750	-4.612341	-89.527386
17	0.608884	750	-4.513838	-94.041224
18	0.590490	750	-4.495982	-98.537207
19	0.572433	750	-4.373157	-102.910363
20	0.554712	750	-4.286092	-107.196455
21	0.537324	750	-4.217177	-111.413632
22	0.520268	750	-4.139439	-115.553071
23	0.503540	750	-4.042048	-119.595119
24	0.487139	750	-3.991129	-123.586249
25	0.471063	750	-3.964073	-127.550321
26	0.455310	750	-3.850838	-131.401159
27	0.439877	750	-3.786704	-135.187863
28	0.424762	750	-3.721787	-138.909650
29	0.409963	750	-3.610343	-142.519993
30	0.395478	750	-3.528447	-146.048439
31	0.381305	750	-3.515540	-149.563979
32	0.367440	750	-3.432134	-152.996113
33	0.353883	750	-3.310312	-156.306426
34	0.340630	750	-3.259866	-159.566291
35	0.327680	750	-3.216604	-162.782896
36	0.315030	750	-3.104147	-165.887043
37	0.302677	750	-3.076161	-168.963204
38	0.290619	750	-3.152218	-172.115422
39	0.278855	750	-2.999788	-175.115210
40	0.267381	750	-2.861315	-177.976525
41	0.256195	750	-2.803670	-180.780196
42	0.245294	750	-2.730700	-183.510896
43	0.234677	750	-2.657908	-186.168803
44	0.224340	750	-2.622948	-188.791751
45	0.214281	750	-2.698488	-191.490239
46	0.204498	750	-2.455393	-193.945632
47	0.194988	750	-2.413264	-196.358895
48	0.185749	750	-2.662113	-199.021008
49	0.176777	750	-2.587364	-201.608372
50	0.168070	750	-2.343590	-203.951963
51	0.159626	750	-2.187816	-206.139779
52	0.151441	750	-2.330778	-208.470556
53	0.143514	750	-2.173802	-210.644358
54	0.135841	750	-2.209182	-212.853540
55	0.128420	750	-2.042737	-214.896277
56	0.121247	750	-2.042774	-216.939051
57	0.114320	750	-2.042767	-218.981818
58	0.107637	750	-1.931267	-220.913084
59	0.101193	750	-1.910347	-222.823432
60	0.094986	750	-1.757494	-224.580926
61	0.089014	750	-1.687991	-226.268917
62	0.083273	750	-1.708269	-227.977186
63	0.077760	750	-1.629168	-229.606354
64	0.072472	750	-1.584744	-231.191099
65	0.067406	750	-1.501354	-232.692453
66	0.062558	750	-1.444161	-234.136614
67	0.057926	750	-1.409691	-235.546305
68	0.053506	750	-1.352824	-236.899130
69	0.049295	750	-1.326380	-238.225509
70	0.045289	750	-1.208555	-239.434065
71	0.041485	750	-1.168878	-240.602942
72	0.037880	750	-1.118161	-241.721103
73	0.034469	750	-1.090014	-242.811117
74	0.031250	750	-1.038677	-243.849793
75	0.028218	750	-1.000640	-244.850433
76	0.025370	750	-0.920660	-245.771094
77	0.022702	750	-0.858322	-246.629416
78	0.020209	750	-0.816940	-247.446356
79	0.017889	750	-0.796903	-248.243259
80	0.015736	750	-0.730425	-248.973684
81	0.013746	750	-0.664107	-249.637791
82	0.011916	750	-0.686351	-250.324142
83	0.010240	750	-0.594838	-250.918980
84	0.008714	750	-0.537243	-251.456223
85	0.007334	750	-0.485386	-251.941609
86	0.006093	750	-0.468818	-252.410427
87	0.004988	750	-0.406531	-252.816958
88	0.004013	750	-0.371326	-253.188284
89	0.003162	750	-0.332008	-253.520292
90	0.002430	750	-0.293906	-253.814199
91	0.001810	750	-0.263942	-254.078141
92	0.001296	750	-0.215689	-254.293829
93	0.000882	750	-0.180374	-254.474203
94	0.000559	750	-0.135966	-254.610170
95	0.000320	750	-0.094281	-254.704451
96	0.000156	750	-0.066440	-254.770890
97	0.000057	750	-0.043649	-254.814540
98	0.000010	750	-0.018601	-254.833140
99	0.000000	750	-0.004246	-254.837386
Log marginal likelihood:	-254.837386
0	0.975187	750	-6.135725	-6.135725
1	0.950747	750	-6.002212	-12.137937
2	0.926679	750	-5.957954	-18.095892
3	0.902980	750	-5.880539	-23.976431
4	0.879648	750	-5.788235	-29.764666
5	0.856682	750	-5.679453	-35.444118
6	0.834079	750	-5.632551	-41.076669
7	0.811838	750	-5.515186	-46.591855
8	0.789957	750	-5.462628	-52.054483
9	0.768433	750	-5.355605	-57.410088
10	0.747266	750	-5.272499	-62.682587
11	0.726452	750	-5.156165	-67.838752
12	0.705989	750	-5.119443	-72.958195
13	0.685877	750	-4.990147	-77.948343
14	0.666112	750	-4.924488	-82.872831
15	0.646693	750	-4.855018	-87.727849
16	0.627618	750	-4.779333	-92.507181
17	0.608884	750	-4.717779	-97.224960
18	0.590490	750	-4.591628	-101.816588
19	0.572433	750	-4.518444	-106.335032
20	0.554712	750	-4.440444	-110.775476
21	0.537324	750	-4.325170	-115.100646
22	0.520268	750	-4.298973	-119.399620
23	0.503540	750	-4.187098	-123.586718
24	0.487139	750	-4.141705	-127.728423
25	0.471063	750	-4.054612	-131.783035
26	0.455310	750	-3.978490	-135.761526
27	0.439877	750	-3.870631	-139.632157
28	0.424762	750	-3.812255	-143.444412
29	0.409963	750	-3.731805	-147.176217
30	0.395478	750	-3.676347	-150.852564
31	0.381305	750	-3.579542	-154.432106
32	0.367440	750	-3.520669	-157.952775
33	0.353883	750	-3.474230	-161.427005
34	0.340630	750	-3.378245	-164.805250
35	0.327680	750	-3.303038	-168.108288
36	0.315030	750	-3.224961	-171.333249
37	0.302677	750	-3.145826	-174.479075
38	0.290619	750	-3.064865	-177.543941
39	0.278855	750	-3.066495	-180.610435
40	0.267381	750	-2.935163	-183.545599
41	0.256195	750	-3.019766	-186.565365
42	0.245294	750	-2.840765	-189.406130
43	0.234677	750	-2.857502	-192.263631
44	0.224340	750	-2.836986	-195.100617
45	0.214281	750	-2.860818	-197.961436
46	0.204498	750	-2.596495	-200.557931
47	0.194988	750	-2.781329	-203.339260
48	0.185749	750	-2.736117	-206.075377
49	0.176777	750	-2.618120	-208.693497
50	0.168070	750	-2.461147	-211.154644
51	0.159626	750	-2.502533	-213.657178
52	0.151441	750	-2.434285	-216.091462
53	0.143514	750	-2.307256	-218.398718
54	0.135841	750	-2.294244	-220.692962
55	0.128420	750	-2.226480	-222.919443
56	0.121247	750	-2.101016	-225.020459
57	0.114320	750	-2.056769	-227.077228
58	0.107637	750	-1.942478	-229.019707
59	0.101193	750	-1.930059	-230.949766
60	0.094986	750	-1.867875	-232.817641
61	0.089014	750	-1.802649	-234.620290
62	0.083273	750	-1.710491	-236.330781
63	0.077760	750	-1.654010	-237.984791
64	0.072472	750	-1.597435	-239.582225
65	0.067406	750	-1.533582	-241.115807
66	0.062558	750	-1.494914	-242.610721
67	0.057926	750	-1.402632	-244.013353
68	0.053506	750	-1.352973	-245.366326
69	0.049295	750	-1.303924	-246.670250
70	0.045289	750	-1.261333	-247.931583
71	0.041485	750	-1.230596	-249.162179
72	0.037880	750	-1.156142	-250.318321
73	0.034469	750	-1.101959	-251.420280
74	0.031250	750	-1.027822	-252.448102
75	0.028218	750	-1.009301	-253.457403
76	0.025370	750	-0.965566	-254.422968
77	0.022702	750	-0.886705	-255.309673
78	0.020209	750	-0.847965	-256.157638
79	0.017889	750	-0.762542	-256.920180
80	0.015736	750	-0.774509	-257.694689
81	0.013746	750	-0.718267	-258.412955
82	0.011916	750	-0.665611	-259.078566
83	0.010240	750	-0.618953	-259.697519
84	0.008714	750	-0.546170	-260.243689
85	0.007334	750	-0.546728	-260.790417
86	0.006093	750	-0.460020	-261.250437
87	0.004988	750	-0.396342	-261.646779
88	0.004013	750	-0.386779	-262.033558
89	0.003162	750	-0.316578	-262.350136
90	0.002430	750	-0.287417	-262.637553
91	0.001810	750	-0.273671	-262.911224
92	0.001296	750	-0.194992	-263.106216
93	0.000882	750	-0.167241	-263.273457
94	0.000559	750	-0.133822	-263.407280
95	0.000320	750	-0.096531	-263.503811
96	0.000156	750	-0.067075	-263.570886
97	0.000057	750	-0.039872	-263.610758
98	0.000010	750	-0.018747	-263.629504
99	0.000000	750	-0.004338	-263.633842
Log marginal likelihood:	-263.633842
0	0.975187	750	-6.171576	-6.171576
1	0.950747	750	-6.053519	-12.225095
2	0.926679	750	-6.001200	-18.226295
3	0.902980	750	-5.961733	-24.188029
4	0.879648	750	-5.843976	-30.032005
5	0.856682	750	-5.740701	-35.772705
6	0.834079	750	-5.669017	-41.441723
7	0.811838	750	-5.570553	-47.012276
8	0.789957	750	-5.478794	-52.491069
9	0.768433	750	-5.422891	-57.913960
10	0.747266	750	-5.310814	-63.224774
11	0.726452	750	-5.227367	-68.452140
12	0.705989	750	-5.132663	-73.584804
13	0.685877	750	-5.054996	-78.639800
14	0.666112	750	-4.962018	-83.601817
15	0.646693	750	-4.853763	-88.455580
16	0.627618	750	-4.800754	-93.256334
17	0.608884	750	-4.697905	-97.954240
18	0.590490	750	-4.665406	-102.619646
19	0.572433	750	-4.548499	-107.168145
20	0.554712	750	-4.468883	-111.637028
21	0.537324	750	-4.396691	-116.033719
22	0.520268	750	-4.302102	-120.335821
23	0.503540	750	-4.297408	-124.633229
24	0.487139	750	-4.162760	-128.795990
25	0.471063	750	-4.078294	-132.874284
26	0.455310	750	-3.980231	-136.854515
27	0.439877	750	-3.934250	-140.788765
28	0.424762	750	-3.876747	-144.665511
29	0.409963	750	-3.812086	-148.477597
30	0.395478	750	-3.714945	-152.192542
31	0.381305	750	-3.621024	-155.813566
32	0.367440	750	-3.560210	-159.373777
33	0.353883	750	-3.561993	-162.935770
34	0.340630	750	-3.371075	-166.306845
35	0.327680	750	-3.331561	-169.638407
36	0.315030	750	-3.294719	-172.933126
37	0.302677	750	-3.208756	-176.141882
38	0.290619	750	-3.300161	-179.442043
39	0.278855	750	-3.116908	-182.558951
40	0.267381	750	-2.956956	-185.515907
41	0.256195	750	-2.896645	-188.412552
42	0.245294	750	-2.874124	-191.286676
43	0.234677	750	-2.834617	-194.121293
44	0.224340	750	-2.758207	-196.879500
45	0.214281	750	-2.706902	-199.586402
46	0.204498	750	-2.914919	-202.501321
47	0.194988	750	-2.650289	-205.151609
48	0.185749	750	-2.430748	-207.582357
49	0.176777	750	-2.349884	-209.932241
50	0.168070	750	-2.473747	-212.405989
51	0.159626	750	-2.427399	-214.833387
52	0.151441	750	-2.295189	-217.128577
53	0.143514	750	-2.294970	-219.423547
54	0.135841	750	-2.319875	-221.743422
55	0.128420	750	-2.165025	-223.908447
56	0.121247	750	-1.972276	-225.880723
57	0.114320	750	-2.103989	-227.984711
58	0.107637	750	-2.041624	-230.026335
59	0.101193	750	-1.908823	-231.935158
60	0.094986	750	-1.900675	-233.835834
61	0.089014	750	-1.822611	-235.658445
62	0.083273	750	-1.765726	-237.424170
63	0.077760	750	-1.682998	-239.107168
64	0.072472	750	-1.641561	-240.748729
65	0.067406	750	-1.569676	-242.318404
66	0.062558	750	-1.522170	-243.840574
67	0.057926	750	-1.454643	-245.295218
68	0.053506	750	-1.386759	-246.681976
69	0.049295	750	-1.306588	-247.988564
70	0.045289	750	-1.295530	-249.284094
71	0.041485	750	-1.219102	-250.503196
72	0.037880	750	-1.182142	-251.685339
73	0.034469	750	-1.085884	-252.771222
74	0.031250	750	-1.088145	-253.859368
75	0.028218	750	-1.028774	-254.888142
76	0.025370	750	-0.931606	-255.819748
77	0.022702	750	-0.869865	-256.689613
78	0.020209	750	-0.881129	-257.570741
79	0.017889	750	-0.811867	-258.382608
80	0.015736	750	-0.729739	-259.112347
81	0.013746	750	-0.694477	-259.806824
82	0.011916	750	-0.653729	-260.460553
83	0.010240	750	-0.660388	-261.120941
84	0.008714	750	-0.575061	-261.696002
85	0.007334	750	-0.527772	-262.223775
86	0.006093	750	-0.475533	-262.699308
87	0.004988	750	-0.428190	-263.127498
88	0.004013	750	-0.352405	-263.479903
89	0.003162	750	-0.339998	-263.819901
90	0.002430	750	-0.287118	-264.107020
91	0.001810	750	-0.236227	-264.343247
92	0.001296	750	-0.208145	-264.551392
93	0.000882	750	-0.159670	-264.711062
94	0.000559	750	-0.130653	-264.841715
95	0.000320	750	-0.100576	-264.942291
96	0.000156	750	-0.074091	-265.016381
97	0.000057	750	-0.040562	-265.056944
98	0.000010	750	-0.020175	-265.077119
99	0.000000	750	-0.004199	-265.081319
Log marginal likelihood:	-265.081319
0	0.975187	750	-5.673535	-5.673535
1	0.950747	750	-5.590572	-11.264107
2	0.926679	750	-5.484878	-16.748985
3	0.902980	750	-5.422672	-22.171657
4	0.879648	750	-5.305716	-27.477373
5	0.856682	750	-5.260990	-32.738363
6	0.834079	750	-5.149535	-37.887898
7	0.811838	750	-5.114860	-43.002758
8	0.789957	750	-5.022067	-48.024825
9	0.768433	750	-4.928589	-52.953415
10	0.747266	750	-4.832006	-57.785421
11	0.726452	750	-4.808514	-62.593935
12	0.705989	750	-4.766422	-67.360357
13	0.685877	750	-4.603482	-71.963838
14	0.666112	750	-4.564972	-76.528811
15	0.646693	750	-4.537217	-81.066028
16	0.627618	750	-4.434513	-85.500541
17	0.608884	750	-4.377520	-89.878061
18	0.590490	750	-4.260241	-94.138302
19	0.572433	750	-4.252948	-98.391250
20	0.554712	750	-4.181443	-102.572693
21	0.537324	750	-4.072014	-106.644707
22	0.520268	750	-3.999266	-110.643974
23	0.503540	750	-3.970775	-114.614749
24	0.487139	750	-3.848890	-118.463639
25	0.471063	750	-3.783818	-122.247458
26	0.455310	750	-3.758958	-126.006416
27	0.439877	750	-3.658274	-129.664690
28	0.424762	750	-3.590917	-133.255606
29	0.409963	750	-3.627072	-136.882678
30	0.395478	750	-3.466700	-140.349378
31	0.381305	750	-3.388523	-143.737901
32	0.367440	750	-3.343520	-147.081420
33	0.353883	750	-3.216473	-150.297893
34	0.340630	750	-3.198505	-153.496398
35	0.327680	750	-3.150000	-156.646398
36	0.315030	750	-3.093715	-159.740112
37	0.302677	750	-3.056925	-162.797037
38	0.290619	750	-2.912889	-165.709927
39	0.278855	750	-2.879979	-168.589906
40	0.267381	750	-2.918315	-171.508220
41	0.256195	750	-2.761256	-174.269476
42	0.245294	750	-2.773415	-177.042892
43	0.234677	750	-2.688962	-179.731853
44	0.224340	750	-2.727842	-182.459695
45	0.214281	750	-2.579422	-185.039117
46	0.204498	750	-2.478131	-187.517248
47	0.194988	750	-2.685100	-190.202348
48	0.185749	750	-2.332748	-192.535096
49	0.176777	750	-2.481874	-195.016970
50	0.168070	750	-2.346197	-197.363167
51	0.159626	750	-2.279675	-199.642842
52	0.151441	750	-2.263292	-201.906134
53	0.143514	750	-2.086476	-203.992611
54	0.135841	750	-2.006922	-205.999533
55	0.128420	750	-2.057234	-208.056767
56	0.121247	750	-1.927631	-209.984397
57	0.114320	750	-1.950561	-211.934958
58	0.107637	750	-1.894152	-213.829110
59	0.101193	750	-1.830284	-215.659394
60	0.094986	750	-1.766895	-217.426289
61	0.089014	750	-1.615826	-219.042115
62	0.083273	750	-1.617603	-220.659718
63	0.077760	750	-1.609347	-222.269065
64	0.072472	750	-1.541015	-223.810080
65	0.067406	750	-1.517079	-225.327159
66	0.062558	750	-1.473030	-226.800189
67	0.057926	750	-1.375231	-228.175420
68	0.053506	750	-1.344200	-229.519620
69	0.049295	750	-1.275342	-230.794961
70	0.045289	750	-1.244841	-232.039803
71	0.041485	750	-1.168496	-233.208299
72	0.037880	750	-1.103432	-234.311731
73	0.034469	750	-1.056945	-235.368677
74	0.031250	750	-1.019052	-236.387729
75	0.028218	750	-0.969245	-237.356974
76	0.025370	750	-0.926189	-238.283163
77	0.022702	750	-0.865557	-239.148720
78	0.020209	750	-0.798785	-239.947504
79	0.017889	750	-0.759295	-240.706799
80	0.015736	750	-0.699766	-241.406565
81	0.013746	750	-0.664744	-242.071309
82	0.011916	750	-0.629786	-242.701095
83	0.010240	750	-0.591711	-243.292807
84	0.008714	750	-0.535183	-243.827989
85	0.007334	750	-0.513630	-244.341619
86	0.006093	750	-0.435033	-244.776652
87	0.004988	750	-0.399492	-245.176144
88	0.004013	750	-0.392038	-245.568182
89	0.003162	750	-0.313077	-245.881259
90	0.002430	750	-0.311453	-246.192712
91	0.001810	750	-0.245823	-246.438535
92	0.001296	750	-0.200657	-246.639192
93	0.000882	750	-0.181457	-246.820649
94	0.000559	750	-0.135576	-246.956225
95	0.000320	750	-0.096017	-247.052242
96	0.000156	750	-0.065799	-247.118041
97	0.000057	750	-0.038056	-247.156097
98	0.000010	750	-0.020908	-247.177005
99	0.000000	750	-0.003827	-247.180832
Log marginal likelihood:	-247.180832
0	0.975187	750	-5.794453	-5.794453
1	0.950747	750	-5.692927	-11.487380
2	0.926679	750	-5.658311	-17.145691
3	0.902980	750	-5.590989	-22.736679
4	0.879648	750	-5.553535	-28.290215
5	0.856682	750	-5.460003	-33.750218
6	0.834079	750	-5.412137	-39.162355
7	0.811838	750	-5.313655	-44.476011
8	0.789957	750	-5.148879	-49.624890
9	0.768433	750	-5.084458	-54.709348
10	0.747266	750	-5.040678	-59.750026
11	0.726452	750	-4.960773	-64.710798
12	0.705989	750	-4.859536	-69.570334
13	0.685877	750	-4.773561	-74.343895
14	0.666112	750	-4.648256	-78.992152
15	0.646693	750	-4.668608	-83.660759
16	0.627618	750	-4.594865	-88.255624
17	0.608884	750	-4.443986	-92.699610
18	0.590490	750	-4.370246	-97.069856
19	0.572433	750	-4.298019	-101.367875
20	0.554712	750	-4.291653	-105.659527
21	0.537324	750	-4.186061	-109.845588
22	0.520268	750	-4.138300	-113.983888
23	0.503540	750	-3.995197	-117.979085
24	0.487139	750	-3.989211	-121.968296
25	0.471063	750	-3.887881	-125.856177
26	0.455310	750	-3.830629	-129.686806
27	0.439877	750	-3.862535	-133.549341
28	0.424762	750	-3.695303	-137.244644
29	0.409963	750	-3.606714	-140.851359
30	0.395478	750	-3.529127	-144.380486
31	0.381305	750	-3.537919	-147.918405
32	0.367440	750	-3.408241	-151.326646
33	0.353883	750	-3.333884	-154.660530
34	0.340630	750	-3.328808	-157.989337
35	0.327680	750	-3.197256	-161.186593
36	0.315030	750	-3.161989	-164.348582
37	0.302677	750	-3.147801	-167.496384
38	0.290619	750	-3.046319	-170.542703
39	0.278855	750	-2.964060	-173.506763
40	0.267381	750	-2.975429	-176.482192
41	0.256195	750	-2.807220	-179.289412
42	0.245294	750	-2.783864	-182.073277
43	0.234677	750	-2.636257	-184.709534
44	0.224340	750	-2.743615	-187.453149
45	0.214281	750	-2.541357	-189.994506
46	0.204498	750	-2.609072	-192.603578
47	0.194988	750	-2.491273	-195.094851
48	0.185749	750	-2.567644	-197.662495
49	0.176777	750	-2.362696	-200.025191
50	0.168070	750	-2.357303	-202.382494
51	0.159626	750	-2.443539	-204.826033
52	0.151441	750	-2.331999	-207.158032
53	0.143514	750	-2.231319	-209.389351
54	0.135841	750	-2.219340	-211.608690
55	0.128420	750	-2.138808	-213.747498
56	0.121247	750	-2.056066	-215.803564
57	0.114320	750	-1.881894	-217.685458
58	0.107637	750	-1.931897	-219.617355
59	0.101193	750	-1.855504	-221.472859
60	0.094986	750	-1.845961	-223.318820
61	0.089014	750	-1.777908	-225.096728
62	0.083273	750	-1.693191	-226.789919
63	0.077760	750	-1.592261	-228.382180
64	0.072472	750	-1.557490	-229.939671
65	0.067406	750	-1.503084	-231.442755
66	0.062558	750	-1.440630	-232.883385
67	0.057926	750	-1.400235	-234.283620
68	0.053506	750	-1.347462	-235.631082
69	0.049295	750	-1.258237	-236.889319
70	0.045289	750	-1.224671	-238.113990
71	0.041485	750	-1.180396	-239.294386
72	0.037880	750	-1.121684	-240.416070
73	0.034469	750	-1.100115	-241.516185
74	0.031250	750	-1.022120	-242.538304
75	0.028218	750	-0.980866	-243.519170
76	0.025370	750	-0.911685	-244.430855
77	0.022702	750	-0.892839	-245.323693
78	0.020209	750	-0.794386	-246.118080
79	0.017889	750	-0.772644	-246.890724
80	0.015736	750	-0.738976	-247.629700
81	0.013746	750	-0.684494	-248.314194
82	0.011916	750	-0.651547	-248.965742
83	0.010240	750	-0.605876	-249.571618
84	0.008714	750	-0.551060	-250.122678
85	0.007334	750	-0.476091	-250.598769
86	0.006093	750	-0.461513	-251.060282
87	0.004988	750	-0.424086	-251.484368
88	0.004013	750	-0.367466	-251.851834
89	0.003162	750	-0.348717	-252.200551
90	0.002430	750	-0.308761	-252.509312
91	0.001810	750	-0.235095	-252.744407
92	0.001296	750	-0.210567	-252.954974
93	0.000882	750	-0.162150	-253.117124
94	0.000559	750	-0.140014	-253.257139
95	0.000320	750	-0.101115	-253.358254
96	0.000156	750	-0.067178	-253.425432
97	0.000057	750	-0.043530	-253.468962
98	0.000010	750	-0.020800	-253.489761
99	0.000000	750	-0.004087	-253.493849
Log marginal likelihood:	-253.493849
0	0.975187	750	-5.712834	-5.712834
1	0.950747	750	-5.653919	-11.366752
2	0.926679	750	-5.535165	-16.901917
3	0.902980	750	-5.490431	-22.392349
4	0.879648	750	-5.467121	-27.859470
5	0.856682	750	-5.366269	-33.225739
6	0.834079	750	-5.241891	-38.467630
7	0.811838	750	-5.119400	-43.587030
8	0.789957	750	-5.076117	-48.663147
9	0.768433	750	-4.991610	-53.654757
10	0.747266	750	-4.930588	-58.585345
11	0.726452	750	-4.859180	-63.444525
12	0.705989	750	-4.774481	-68.219006
13	0.685877	750	-4.747048	-72.966054
14	0.666112	750	-4.660496	-77.626550
15	0.646693	750	-4.528682	-82.155232
16	0.627618	750	-4.458374	-86.613606
17	0.608884	750	-4.442026	-91.055632
18	0.590490	750	-4.306571	-95.362203
19	0.572433	750	-4.233263	-99.595466
20	0.554712	750	-4.144808	-103.740274
21	0.537324	750	-4.080239	-107.820513
22	0.520268	750	-3.995719	-111.816232
23	0.503540	750	-3.940791	-115.757023
24	0.487139	750	-3.892124	-119.649148
25	0.471063	750	-3.753190	-123.402337
26	0.455310	750	-3.708226	-127.110563
27	0.439877	750	-3.660194	-130.770758
28	0.424762	750	-3.586801	-134.357558
29	0.409963	750	-3.508233	-137.865792
30	0.395478	750	-3.478042	-141.343833
31	0.381305	750	-3.371659	-144.715492
32	0.367440	750	-3.325883	-148.041376
33	0.353883	750	-3.233544	-151.274920
34	0.340630	750	-3.301658	-154.576578
35	0.327680	750	-3.141008	-157.717586
36	0.315030	750	-3.111730	-160.829316
37	0.302677	750	-2.974582	-163.803898
38	0.290619	750	-2.919867	-166.723765
39	0.278855	750	-2.861958	-169.585722
40	0.267381	750	-2.786993	-172.372715
41	0.256195	750	-2.714353	-175.087068
42	0.245294	750	-2.683113	-177.770180
43	0.234677	750	-2.663525	-180.433705
44	0.224340	750	-2.525649	-182.959354
45	0.214281	750	-2.566288	-185.525642
46	0.204498	750	-2.450971	-187.976614
47	0.194988	750	-2.496638	-190.473252
48	0.185749	750	-2.312853	-192.786105
49	0.176777	750	-2.335878	-195.121983
50	0.168070	750	-2.235183	-197.357165
51	0.159626	750	-2.121800	-199.478965
52	0.151441	750	-2.058949	-201.537915
53	0.143514	750	-2.029424	-203.567339
54	0.135841	750	-1.924290	-205.491628
55	0.128420	750	-2.131388	-207.623016
56	0.121247	750	-2.106640	-209.729656
57	0.114320	750	-1.948097	-211.677753
58	0.107637	750	-1.913677	-213.591430
59	0.101193	750	-1.738777	-215.330207
60	0.094986	750	-1.816495	-217.146702
61	0.089014	750	-1.678307	-218.825009
62	0.083273	750	-1.648593	-220.473602
63	0.077760	750	-1.561330	-222.034932
64	0.072472	750	-1.538951	-223.573883
65	0.067406	750	-1.502585	-225.076468
66	0.062558	750	-1.471960	-226.548428
67	0.057926	750	-1.406437	-227.954864
68	0.053506	750	-1.333520	-229.288384
69	0.049295	750	-1.280905	-230.569288
70	0.045289	750	-1.256971	-231.826260
71	0.041485	750	-1.160704	-232.986964
72	0.037880	750	-1.139449	-234.126413
73	0.034469	750	-1.047681	-235.174094
74	0.031250	750	-1.032137	-236.206231
75	0.028218	750	-0.975933	-237.182164
76	0.025370	750	-0.897746	-238.079910
77	0.022702	750	-0.887592	-238.967502
78	0.020209	750	-0.823606	-239.791107
79	0.017889	750	-0.768430	-240.559537
80	0.015736	750	-0.756786	-241.316323
81	0.013746	750	-0.716951	-242.033274
82	0.011916	750	-0.605279	-242.638553
83	0.010240	750	-0.618159	-243.256713
84	0.008714	750	-0.561618	-243.818331
85	0.007334	750	-0.467486	-244.285817
86	0.006093	750	-0.468983	-244.754800
87	0.004988	750	-0.415446	-245.170246
88	0.004013	750	-0.364870	-245.535116
89	0.003162	750	-0.357851	-245.892967
90	0.002430	750	-0.286090	-246.179057
91	0.001810	750	-0.217514	-246.396571
92	0.001296	750	-0.220327	-246.616898
93	0.000882	750	-0.165197	-246.782095
94	0.000559	750	-0.116089	-246.898184
95	0.000320	750	-0.093771	-246.991954
96	0.000156	750	-0.074959	-247.066913
97	0.000057	750	-0.037411	-247.104324
98	0.000010	750	-0.018857	-247.123181
99	0.000000	750	-0.003955	-247.127136
Log marginal likelihood:	-247.127136
0	0.975187	750	-5.739797	-5.739797
1	0.950747	750	-5.620460	-11.360257
2	0.926679	750	-5.501054	-16.861311
3	0.902980	750	-5.506929	-22.368241
4	0.879648	750	-5.427853	-27.796094
5	0.856682	750	-5.359745	-33.155838
6	0.834079	750	-5.251448	-38.407287
7	0.811838	750	-5.159422	-43.566709
8	0.789957	750	-5.091575	-48.658284
9	0.768433	750	-5.014873	-53.673157
10	0.747266	750	-4.873218	-58.546376
11	0.726452	750	-4.856317	-63.402692
12	0.705989	750	-4.785082	-68.187774
13	0.685877	750	-4.713787	-72.901561
14	0.666112	750	-4.597990	-77.499551
15	0.646693	750	-4.547045	-82.046596
16	0.627618	750	-4.455057	-86.501653
17	0.608884	750	-4.380118	-90.881771
18	0.590490	750	-4.273207	-95.154978
19	0.572433	750	-4.220482	-99.375460
20	0.554712	750	-4.178033	-103.553494
21	0.537324	750	-4.072842	-107.626335
22	0.520268	750	-3.983333	-111.609668
23	0.503540	750	-3.910279	-115.519947
24	0.487139	750	-3.858203	-119.378150
25	0.471063	750	-3.767454	-123.145604
26	0.455310	750	-3.722767	-126.868371
27	0.439877	750	-3.617967	-130.486338
28	0.424762	750	-3.587529	-134.073867
29	0.409963	750	-3.521592	-137.595459
30	0.395478	750	-3.425518	-141.020977
31	0.381305	750	-3.353269	-144.374247
32	0.367440	750	-3.309892	-147.684138
33	0.353883	750	-3.284959	-150.969097
34	0.340630	750	-3.153046	-154.122143
35	0.327680	750	-3.064928	-157.187071
36	0.315030	750	-3.024207	-160.211278
37	0.302677	750	-2.976802	-163.188080
38	0.290619	750	-2.923591	-166.111671
39	0.278855	750	-2.844067	-168.955738
40	0.267381	750	-2.801528	-171.757266
41	0.256195	750	-2.728075	-174.485341
42	0.245294	750	-2.685597	-177.170938
43	0.234677	750	-2.578451	-179.749389
44	0.224340	750	-2.639159	-182.388548
45	0.214281	750	-2.553193	-184.941741
46	0.204498	750	-2.461039	-187.402781
47	0.194988	750	-2.295022	-189.697803
48	0.185749	750	-2.469852	-192.167655
49	0.176777	750	-2.565268	-194.732923
50	0.168070	750	-2.395570	-197.128493
51	0.159626	750	-2.230095	-199.358588
52	0.151441	750	-2.128143	-201.486731
53	0.143514	750	-2.314324	-203.801055
54	0.135841	750	-2.121096	-205.922151
55	0.128420	750	-1.954096	-207.876247
56	0.121247	750	-1.920875	-209.797122
57	0.114320	750	-1.950423	-211.747545
58	0.107637	750	-1.945169	-213.692714
59	0.101193	750	-1.884280	-215.576994
60	0.094986	750	-1.776372	-217.353366
61	0.089014	750	-1.766687	-219.120053
62	0.083273	750	-1.727072	-220.847125
63	0.077760	750	-1.657523	-222.504648
64	0.072472	750	-1.597182	-224.101830
65	0.067406	750	-1.516335	-225.618165
66	0.062558	750	-1.450234	-227.068398
67	0.057926	750	-1.449461	-228.517859
68	0.053506	750	-1.375616	-229.893475
69	0.049295	750	-1.319705	-231.213180
70	0.045289	750	-1.246769	-232.459949
71	0.041485	750	-1.201925	-233.661874
72	0.037880	750	-1.126224	-234.788098
73	0.034469	750	-1.078464	-235.866562
74	0.031250	750	-1.082617	-236.949179
75	0.028218	750	-0.972577	-237.921755
76	0.025370	750	-0.912271	-238.834027
77	0.022702	750	-0.860992	-239.695019
78	0.020209	750	-0.829151	-240.524170
79	0.017889	750	-0.770930	-241.295100
80	0.015736	750	-0.747415	-242.042515
81	0.013746	750	-0.698906	-242.741421
82	0.011916	750	-0.645851	-243.387272
83	0.010240	750	-0.561713	-243.948985
84	0.008714	750	-0.552786	-244.501771
85	0.007334	750	-0.524166	-245.025936
86	0.006093	750	-0.475517	-245.501453
87	0.004988	750	-0.429533	-245.930986
88	0.004013	750	-0.363626	-246.294611
89	0.003162	750	-0.333373	-246.627985
90	0.002430	750	-0.278584	-246.906568
91	0.001810	750	-0.272684	-247.179253
92	0.001296	750	-0.208069	-247.387322
93	0.000882	750	-0.166530	-247.553851
94	0.000559	750	-0.130952	-247.684803
95	0.000320	750	-0.100575	-247.785378
96	0.000156	750	-0.067176	-247.852554
97	0.000057	750	-0.039178	-247.891732
98	0.000010	750	-0.018602	-247.910334
99	0.000000	750	-0.004057	-247.914391
Log marginal likelihood:	-247.914391
0	0.975187	750	-6.052824	-6.052824
1	0.950747	750	-5.993715	-12.046539
2	0.926679	750	-5.854095	-17.900634
3	0.902980	750	-5.779189	-23.679823
4	0.879648	750	-5.702837	-29.382660
5	0.856682	750	-5.605324	-34.987984
6	0.834079	750	-5.559660	-40.547644
7	0.811838	750	-5.451641	-45.999285
8	0.789957	750	-5.385996	-51.385281
9	0.768433	750	-5.293402	-56.678683
10	0.747266	750	-5.193431	-61.872113
11	0.726452	750	-5.107069	-66.979182
12	0.705989	750	-5.009831	-71.989013
13	0.685877	750	-4.946552	-76.935565
14	0.666112	750	-4.879932	-81.815497
15	0.646693	750	-4.790865	-86.606362
16	0.627618	750	-4.698989	-91.305351
17	0.608884	750	-4.609050	-95.914401
18	0.590490	750	-4.521331	-100.435732
19	0.572433	750	-4.453168	-104.888901
20	0.554712	750	-4.358359	-109.247260
21	0.537324	750	-4.310210	-113.557470
22	0.520268	750	-4.179545	-117.737014
23	0.503540	750	-4.127115	-121.864130
24	0.487139	750	-4.052598	-125.916728
25	0.471063	750	-3.954109	-129.870837
26	0.455310	750	-3.907535	-133.778372
27	0.439877	750	-3.806915	-137.585287
28	0.424762	750	-3.777217	-141.362503
29	0.409963	750	-3.705428	-145.067932
30	0.395478	750	-3.610080	-148.678012
31	0.381305	750	-3.535691	-152.213703
32	0.367440	750	-3.482261	-155.695964
33	0.353883	750	-3.425927	-159.121891
34	0.340630	750	-3.340906	-162.462798
35	0.327680	750	-3.289353	-165.752150
36	0.315030	750	-3.199206	-168.951356
37	0.302677	750	-3.203955	-172.155312
38	0.290619	750	-3.075625	-175.230936
39	0.278855	750	-3.064286	-178.295222
40	0.267381	750	-3.124247	-181.419469
41	0.256195	750	-2.875013	-184.294483
42	0.245294	750	-2.911092	-187.205575
43	0.234677	750	-2.860961	-190.066535
44	0.224340	750	-2.772257	-192.838793
45	0.214281	750	-2.868880	-195.707673
46	0.204498	750	-2.585891	-198.293563
47	0.194988	750	-2.574437	-200.868000
48	0.185749	750	-2.566415	-203.434415
49	0.176777	750	-2.550203	-205.984618
50	0.168070	750	-2.471465	-208.456083
51	0.159626	750	-2.429109	-210.885193
52	0.151441	750	-2.128560	-213.013753
53	0.143514	750	-2.264280	-215.278032
54	0.135841	750	-2.219799	-217.497832
55	0.128420	750	-2.085095	-219.582926
56	0.121247	750	-2.091838	-221.674764
57	0.114320	750	-2.017330	-223.692094
58	0.107637	750	-1.905432	-225.597527
59	0.101193	750	-1.880390	-227.477917
60	0.094986	750	-1.817216	-229.295133
61	0.089014	750	-1.777493	-231.072626
62	0.083273	750	-1.679635	-232.752261
63	0.077760	750	-1.639282	-234.391543
64	0.072472	750	-1.561567	-235.953110
65	0.067406	750	-1.480785	-237.433894
66	0.062558	750	-1.458796	-238.892690
67	0.057926	750	-1.420483	-240.313174
68	0.053506	750	-1.351887	-241.665061
69	0.049295	750	-1.293428	-242.958489
70	0.045289	750	-1.245061	-244.203550
71	0.041485	750	-1.167354	-245.370904
72	0.037880	750	-1.111636	-246.482540
73	0.034469	750	-1.083932	-247.566472
74	0.031250	750	-1.035695	-248.602167
75	0.028218	750	-0.996332	-249.598500
76	0.025370	750	-0.905349	-250.503848
77	0.022702	750	-0.867200	-251.371048
78	0.020209	750	-0.800398	-252.171446
79	0.017889	750	-0.772597	-252.944043
80	0.015736	750	-0.714716	-253.658759
81	0.013746	750	-0.683173	-254.341932
82	0.011916	750	-0.628268	-254.970200
83	0.010240	750	-0.588595	-255.558795
84	0.008714	750	-0.577886	-256.136681
85	0.007334	750	-0.508011	-256.644693
86	0.006093	750	-0.437969	-257.082662
87	0.004988	750	-0.408577	-257.491239
88	0.004013	750	-0.373518	-257.864757
89	0.003162	750	-0.343026	-258.207782
90	0.002430	750	-0.276486	-258.484268
91	0.001810	750	-0.251569	-258.735837
92	0.001296	750	-0.200461	-258.936298
93	0.000882	750	-0.159772	-259.096070
94	0.000559	750	-0.128863	-259.224933
95	0.000320	750	-0.091682	-259.316615
96	0.000156	750	-0.065801	-259.382417
97	0.000057	750	-0.039565	-259.421982
98	0.000010	750	-0.020093	-259.442075
99	0.000000	750	-0.003846	-259.445921
Log marginal likelihood:	-259.445921
0	0.975187	750	-5.626822	-5.626822
1	0.950747	750	-5.547947	-11.174769
2	0.926679	750	-5.488486	-16.663255
3	0.902980	750	-5.379785	-22.043040
4	0.879648	750	-5.310765	-27.353805
5	0.856682	750	-5.270745	-32.624550
6	0.834079	750	-5.184755	-37.809305
7	0.811838	750	-5.094043	-42.903348
8	0.789957	750	-5.017536	-47.920885
9	0.768433	750	-4.926696	-52.847581
10	0.747266	750	-4.855856	-57.703437
11	0.726452	750	-4.783794	-62.487230
12	0.705989	750	-4.703107	-67.190337
13	0.685877	750	-4.626495	-71.816833
14	0.666112	750	-4.565309	-76.382141
15	0.646693	750	-4.511823	-80.893964
16	0.627618	750	-4.392789	-85.286753
17	0.608884	750	-4.326309	-89.613062
18	0.590490	750	-4.232002	-93.845064
19	0.572433	750	-4.243631	-98.088695
20	0.554712	750	-4.120561	-102.209256
21	0.537324	750	-4.016595	-106.225851
22	0.520268	750	-3.960863	-110.186714
23	0.503540	750	-3.924818	-114.111532
24	0.487139	750	-3.840995	-117.952528
25	0.471063	750	-3.745296	-121.697824
26	0.455310	750	-3.690202	-125.388026
27	0.439877	750	-3.603494	-128.991520
28	0.424762	750	-3.591601	-132.583121
29	0.409963	750	-3.530309	-136.113430
30	0.395478	750	-3.470609	-139.584038
31	0.381305	750	-3.380729	-142.964768
32	0.367440	750	-3.373669	-146.338437
33	0.353883	750	-3.190948	-149.529385
34	0.340630	750	-3.180850	-152.710235
35	0.327680	750	-3.113943	-155.824179
36	0.315030	750	-3.009125	-158.833304
37	0.302677	750	-2.975237	-161.808541
38	0.290619	750	-2.976286	-164.784827
39	0.278855	750	-3.004159	-167.788986
40	0.267381	750	-2.802495	-170.591481
41	0.256195	750	-2.807159	-173.398640
42	0.245294	750	-2.683788	-176.082428
43	0.234677	750	-2.681277	-178.763705
44	0.224340	750	-2.535316	-181.299021
45	0.214281	750	-2.551704	-183.850724
46	0.204498	750	-2.587345	-186.438069
47	0.194988	750	-2.462306	-188.900375
48	0.185749	750	-2.457416	-191.357791
49	0.176777	750	-2.299084	-193.656875
50	0.168070	750	-2.293693	-195.950568
51	0.159626	750	-2.230484	-198.181051
52	0.151441	750	-2.265067	-200.446118
53	0.143514	750	-2.154667	-202.600786
54	0.135841	750	-2.200498	-204.801284
55	0.128420	750	-2.118533	-206.919817
56	0.121247	750	-2.022799	-208.942615
57	0.114320	750	-1.925826	-210.868441
58	0.107637	750	-1.887791	-212.756232
59	0.101193	750	-1.786963	-214.543195
60	0.094986	750	-1.782527	-216.325722
61	0.089014	750	-1.706010	-218.031731
62	0.083273	750	-1.614982	-219.646713
63	0.077760	750	-1.562505	-221.209218
64	0.072472	750	-1.587473	-222.796691
65	0.067406	750	-1.502261	-224.298952
66	0.062558	750	-1.393057	-225.692009
67	0.057926	750	-1.383103	-227.075112
68	0.053506	750	-1.346900	-228.422012
69	0.049295	750	-1.274850	-229.696862
70	0.045289	750	-1.249574	-230.946436
71	0.041485	750	-1.204811	-232.151247
72	0.037880	750	-1.126716	-233.277963
73	0.034469	750	-1.064867	-234.342830
74	0.031250	750	-1.029497	-235.372327
75	0.028218	750	-0.977781	-236.350108
76	0.025370	750	-0.895841	-237.245949
77	0.022702	750	-0.902379	-238.148328
78	0.020209	750	-0.799985	-238.948313
79	0.017889	750	-0.781108	-239.729420
80	0.015736	750	-0.713560	-240.442980
81	0.013746	750	-0.673916	-241.116897
82	0.011916	750	-0.683192	-241.800088
83	0.010240	750	-0.595029	-242.395118
84	0.008714	750	-0.538408	-242.933526
85	0.007334	750	-0.510457	-243.443983
86	0.006093	750	-0.451570	-243.895553
87	0.004988	750	-0.399930	-244.295483
88	0.004013	750	-0.370602	-244.666085
89	0.003162	750	-0.339794	-245.005879
90	0.002430	750	-0.286201	-245.292080
91	0.001810	750	-0.237559	-245.529639
92	0.001296	750	-0.205245	-245.734884
93	0.000882	750	-0.180650	-245.915533
94	0.000559	750	-0.131711	-246.047244
95	0.000320	750	-0.088484	-246.135728
96	0.000156	750	-0.071567	-246.207295
97	0.000057	750	-0.042834	-246.250130
98	0.000010	750	-0.018650	-246.268779
99	0.000000	750	-0.004207	-246.272986
Log marginal likelihood:	-246.272986
0	0.975187	750	-6.129817	-6.129817
1	0.950747	750	-5.956693	-12.086509
2	0.926679	750	-5.904200	-17.990709
3	0.902980	750	-5.824440	-23.815149
4	0.879648	750	-5.724298	-29.539446
5	0.856682	750	-5.669065	-35.208511
6	0.834079	750	-5.599033	-40.807544
7	0.811838	750	-5.445723	-46.253267
8	0.789957	750	-5.361231	-51.614498
9	0.768433	750	-5.312583	-56.927081
10	0.747266	750	-5.235772	-62.162853
11	0.726452	750	-5.170483	-67.333337
12	0.705989	750	-5.069817	-72.403154
13	0.685877	750	-4.986100	-77.389254
14	0.666112	750	-4.848554	-82.237808
15	0.646693	750	-4.796132	-87.033940
16	0.627618	750	-4.719652	-91.753592
17	0.608884	750	-4.644883	-96.398475
18	0.590490	750	-4.565669	-100.964144
19	0.572433	750	-4.528391	-105.492535
20	0.554712	750	-4.379653	-109.872188
21	0.537324	750	-4.386086	-114.258275
22	0.520268	750	-4.262029	-118.520304
23	0.503540	750	-4.228831	-122.749135
24	0.487139	750	-4.116690	-126.865825
25	0.471063	750	-4.036301	-130.902126
26	0.455310	750	-3.975025	-134.877151
27	0.439877	750	-3.881259	-138.758410
28	0.424762	750	-3.820519	-142.578929
29	0.409963	750	-3.712778	-146.291707
30	0.395478	750	-3.669378	-149.961085
31	0.381305	750	-3.653754	-153.614839
32	0.367440	750	-3.593530	-157.208369
33	0.353883	750	-3.480108	-160.688477
34	0.340630	750	-3.362751	-164.051228
35	0.327680	750	-3.332416	-167.383643
36	0.315030	750	-3.250666	-170.634309
37	0.302677	750	-3.203544	-173.837853
38	0.290619	750	-3.098220	-176.936073
39	0.278855	750	-3.003145	-179.939218
40	0.267381	750	-2.940502	-182.879720
41	0.256195	750	-3.031964	-185.911685
42	0.245294	750	-3.018306	-188.929990
43	0.234677	750	-3.037707	-191.967697
44	0.224340	750	-2.704366	-194.672063
45	0.214281	750	-2.703530	-197.375592
46	0.204498	750	-2.648594	-200.024186
47	0.194988	750	-2.566379	-202.590565
48	0.185749	750	-2.544506	-205.135071
49	0.176777	750	-2.594553	-207.729624
50	0.168070	750	-2.544129	-210.273753
51	0.159626	750	-2.419251	-212.693004
52	0.151441	750	-2.391914	-215.084918
53	0.143514	750	-2.219883	-217.304801
54	0.135841	750	-2.169906	-219.474707
55	0.128420	750	-2.134089	-221.608795
56	0.121247	750	-2.099745	-223.708541
57	0.114320	750	-1.998854	-225.707394
58	0.107637	750	-1.939404	-227.646799
59	0.101193	750	-1.916479	-229.563277
60	0.094986	750	-1.815277	-231.378554
61	0.089014	750	-1.771367	-233.149921
62	0.083273	750	-1.726887	-234.876808
63	0.077760	750	-1.626112	-236.502920
64	0.072472	750	-1.585855	-238.088775
65	0.067406	750	-1.504750	-239.593524
66	0.062558	750	-1.475635	-241.069160
67	0.057926	750	-1.414202	-242.483362
68	0.053506	750	-1.346421	-243.829783
69	0.049295	750	-1.253497	-245.083280
70	0.045289	750	-1.222908	-246.306188
71	0.041485	750	-1.159838	-247.466025
72	0.037880	750	-1.139504	-248.605530
73	0.034469	750	-1.083978	-249.689507
74	0.031250	750	-1.021116	-250.710624
75	0.028218	750	-0.976259	-251.686883
76	0.025370	750	-0.938056	-252.624938
77	0.022702	750	-0.877471	-253.502409
78	0.020209	750	-0.822339	-254.324748
79	0.017889	750	-0.817387	-255.142135
80	0.015736	750	-0.757082	-255.899217
81	0.013746	750	-0.737045	-256.636262
82	0.011916	750	-0.642920	-257.279182
83	0.010240	750	-0.594013	-257.873195
84	0.008714	750	-0.536804	-258.409999
85	0.007334	750	-0.498904	-258.908903
86	0.006093	750	-0.486097	-259.395000
87	0.004988	750	-0.409682	-259.804682
88	0.004013	750	-0.379293	-260.183975
89	0.003162	750	-0.346543	-260.530518
90	0.002430	750	-0.283529	-260.814047
91	0.001810	750	-0.248074	-261.062121
92	0.001296	750	-0.205705	-261.267826
93	0.000882	750	-0.170351	-261.438177
94	0.000559	750	-0.126025	-261.564201
95	0.000320	750	-0.102071	-261.666272
96	0.000156	750	-0.078517	-261.744789
97	0.000057	750	-0.044904	-261.789693
98	0.000010	750	-0.020397	-261.810090
99	0.000000	750	-0.004474	-261.814564
Log marginal likelihood:	-261.814564
0	0.975187	750	-5.956336	-5.956336
1	0.950747	750	-5.824562	-11.780898
2	0.926679	750	-5.759876	-17.540774
3	0.902980	750	-5.678158	-23.218932
4	0.879648	750	-5.605752	-28.824684
5	0.856682	750	-5.485616	-34.310301
6	0.834079	750	-5.430297	-39.740598
7	0.811838	750	-5.311205	-45.051802
8	0.789957	750	-5.228500	-50.280303
9	0.768433	750	-5.168552	-55.448854
10	0.747266	750	-5.094575	-60.543429
11	0.726452	750	-4.987203	-65.530633
12	0.705989	750	-4.911613	-70.442246
13	0.685877	750	-4.841799	-75.284045
14	0.666112	750	-4.783022	-80.067067
15	0.646693	750	-4.698590	-84.765657
16	0.627618	750	-4.594775	-89.360432
17	0.608884	750	-4.496391	-93.856823
18	0.590490	750	-4.420353	-98.277176
19	0.572433	750	-4.350471	-102.627647
20	0.554712	750	-4.288029	-106.915676
21	0.537324	750	-4.198308	-111.113984
22	0.520268	750	-4.142348	-115.256332
23	0.503540	750	-4.058342	-119.314674
24	0.487139	750	-3.977205	-123.291879
25	0.471063	750	-3.906655	-127.198534
26	0.455310	750	-3.821175	-131.019708
27	0.439877	750	-3.747672	-134.767380
28	0.424762	750	-3.735611	-138.502991
29	0.409963	750	-3.778217	-142.281208
30	0.395478	750	-3.535903	-145.817111
31	0.381305	750	-3.480327	-149.297438
32	0.367440	750	-3.351310	-152.648748
33	0.353883	750	-3.342375	-155.991123
34	0.340630	750	-3.358188	-159.349310
35	0.327680	750	-3.248958	-162.598269
36	0.315030	750	-3.114279	-165.712548
37	0.302677	750	-3.066645	-168.779193
38	0.290619	750	-3.033991	-171.813183
39	0.278855	750	-2.977473	-174.790656
40	0.267381	750	-2.888375	-177.679032
41	0.256195	750	-2.902605	-180.581637
42	0.245294	750	-2.724422	-183.306058
43	0.234677	750	-2.625679	-185.931737
44	0.224340	750	-2.825448	-188.757185
45	0.214281	750	-2.576376	-191.333561
46	0.204498	750	-2.471002	-193.804563
47	0.194988	750	-2.510400	-196.314964
48	0.185749	750	-2.507468	-198.822431
49	0.176777	750	-2.458761	-201.281193
50	0.168070	750	-2.560489	-203.841682
51	0.159626	750	-2.332235	-206.173916
52	0.151441	750	-2.381271	-208.555187
53	0.143514	750	-2.332132	-210.887318
54	0.135841	750	-2.298095	-213.185414
55	0.128420	750	-2.170219	-215.355633
56	0.121247	750	-2.132969	-217.488602
57	0.114320	750	-2.081660	-219.570262
58	0.107637	750	-1.988387	-221.558649
59	0.101193	750	-1.910358	-223.469007
60	0.094986	750	-1.875653	-225.344660
61	0.089014	750	-1.779630	-227.124290
62	0.083273	750	-1.767985	-228.892276
63	0.077760	750	-1.671901	-230.564177
64	0.072472	750	-1.564592	-232.128769
65	0.067406	750	-1.541464	-233.670233
66	0.062558	750	-1.476745	-235.146978
67	0.057926	750	-1.417146	-236.564124
68	0.053506	750	-1.368842	-237.932966
69	0.049295	750	-1.298377	-239.231343
70	0.045289	750	-1.246184	-240.477527
71	0.041485	750	-1.198688	-241.676216
72	0.037880	750	-1.134791	-242.811006
73	0.034469	750	-1.159110	-243.970116
74	0.031250	750	-1.048615	-245.018732
75	0.028218	750	-0.994046	-246.012778
76	0.025370	750	-0.944787	-246.957565
77	0.022702	750	-0.898077	-247.855641
78	0.020209	750	-0.873072	-248.728713
79	0.017889	750	-0.818769	-249.547481
80	0.015736	750	-0.730501	-250.277983
81	0.013746	750	-0.722015	-250.999998
82	0.011916	750	-0.643827	-251.643825
83	0.010240	750	-0.607360	-252.251185
84	0.008714	750	-0.564984	-252.816169
85	0.007334	750	-0.491217	-253.307386
86	0.006093	750	-0.511556	-253.818942
87	0.004988	750	-0.425238	-254.244180
88	0.004013	750	-0.370911	-254.615091
89	0.003162	750	-0.317916	-254.933007
90	0.002430	750	-0.300776	-255.233784
91	0.001810	750	-0.239975	-255.473759
92	0.001296	750	-0.213128	-255.686887
93	0.000882	750	-0.173213	-255.860100
94	0.000559	750	-0.135628	-255.995729
95	0.000320	750	-0.095874	-256.091603
96	0.000156	750	-0.065895	-256.157498
97	0.000057	750	-0.041676	-256.199174
98	0.000010	750	-0.019201	-256.218375
99	0.000000	750	-0.004467	-256.222841
Log marginal likelihood:	-256.222841
0	0.975187	750	-5.691110	-5.691110
1	0.950747	750	-5.652059	-11.343169
2	0.926679	750	-5.522615	-16.865785
3	0.902980	750	-5.466402	-22.332187
4	0.879648	750	-5.376200	-27.708387
5	0.856682	750	-5.308818	-33.017205
6	0.834079	750	-5.215183	-38.232388
7	0.811838	750	-5.132052	-43.364440
8	0.789957	750	-5.045189	-48.409629
9	0.768433	750	-4.972420	-53.382049
10	0.747266	750	-4.896646	-58.278695
11	0.726452	750	-4.832847	-63.111542
12	0.705989	750	-4.731809	-67.843351
13	0.685877	750	-4.652228	-72.495579
14	0.666112	750	-4.555899	-77.051478
15	0.646693	750	-4.515515	-81.566992
16	0.627618	750	-4.417814	-85.984807
17	0.608884	750	-4.376053	-90.360860
18	0.590490	750	-4.348878	-94.709738
19	0.572433	750	-4.225561	-98.935299
20	0.554712	750	-4.099893	-103.035192
21	0.537324	750	-4.091274	-107.126467
22	0.520268	750	-4.092561	-111.219027
23	0.503540	750	-3.946988	-115.166015
24	0.487139	750	-3.873222	-119.039237
25	0.471063	750	-3.768325	-122.807562
26	0.455310	750	-3.712340	-126.519902
27	0.439877	750	-3.633671	-130.153573
28	0.424762	750	-3.593150	-133.746723
29	0.409963	750	-3.511989	-137.258712
30	0.395478	750	-3.424647	-140.683359
31	0.381305	750	-3.429483	-144.112842
32	0.367440	750	-3.326583	-147.439425
33	0.353883	750	-3.290832	-150.730257
34	0.340630	750	-3.180547	-153.910805
35	0.327680	750	-3.161544	-157.072349
36	0.315030	750	-3.098537	-160.170887
37	0.302677	750	-2.994196	-163.165083
38	0.290619	750	-2.977142	-166.142225
39	0.278855	750	-2.867916	-169.010141
40	0.267381	750	-2.821785	-171.831926
41	0.256195	750	-2.843175	-174.675101
42	0.245294	750	-2.782388	-177.457489
43	0.234677	750	-2.720753	-180.178242
44	0.224340	750	-2.598508	-182.776751
45	0.214281	750	-2.565756	-185.342507
46	0.204498	750	-2.532358	-187.874865
47	0.194988	750	-2.385113	-190.259978
48	0.185749	750	-2.656032	-192.916010
49	0.176777	750	-2.611769	-195.527779
50	0.168070	750	-2.508263	-198.036043
51	0.159626	750	-2.346540	-200.382583
52	0.151441	750	-2.263819	-202.646402
53	0.143514	750	-2.320276	-204.966678
54	0.135841	750	-2.190831	-207.157509
55	0.128420	750	-2.161956	-209.319464
56	0.121247	750	-1.991706	-211.311171
57	0.114320	750	-1.951040	-213.262211
58	0.107637	750	-1.966661	-215.228872
59	0.101193	750	-1.922240	-217.151111
60	0.094986	750	-1.854809	-219.005920
61	0.089014	750	-1.779888	-220.785808
62	0.083273	750	-1.724512	-222.510320
63	0.077760	750	-1.651422	-224.161742
64	0.072472	750	-1.598862	-225.760605
65	0.067406	750	-1.538026	-227.298631
66	0.062558	750	-1.480727	-228.779358
67	0.057926	750	-1.435642	-230.215000
68	0.053506	750	-1.354876	-231.569876
69	0.049295	750	-1.278980	-232.848856
70	0.045289	750	-1.218745	-234.067601
71	0.041485	750	-1.185593	-235.253194
72	0.037880	750	-1.145376	-236.398570
73	0.034469	750	-1.074151	-237.472721
74	0.031250	750	-1.048180	-238.520902
75	0.028218	750	-0.966641	-239.487543
76	0.025370	750	-0.941123	-240.428666
77	0.022702	750	-0.865879	-241.294545
78	0.020209	750	-0.820340	-242.114886
79	0.017889	750	-0.805366	-242.920251
80	0.015736	750	-0.734818	-243.655069
81	0.013746	750	-0.680340	-244.335409
82	0.011916	750	-0.613870	-244.949279
83	0.010240	750	-0.596636	-245.545914
84	0.008714	750	-0.574625	-246.120540
85	0.007334	750	-0.514477	-246.635017
86	0.006093	750	-0.451195	-247.086213
87	0.004988	750	-0.420786	-247.506999
88	0.004013	750	-0.361663	-247.868662
89	0.003162	750	-0.328908	-248.197570
90	0.002430	750	-0.286635	-248.484205
91	0.001810	750	-0.238426	-248.722631
92	0.001296	750	-0.231316	-248.953947
93	0.000882	750	-0.176731	-249.130678
94	0.000559	750	-0.136807	-249.267485
95	0.000320	750	-0.101509	-249.368994
96	0.000156	750	-0.081041	-249.450035
97	0.000057	750	-0.044561	-249.494596
98	0.000010	750	-0.019871	-249.514467
99	0.000000	750	-0.004061	-249.518528
Log marginal likelihood:	-249.518528
0	0.975187	750	-5.611346	-5.611346
1	0.950747	750	-5.602384	-11.213730
2	0.926679	750	-5.593157	-16.806886
3	0.902980	750	-5.480118	-22.287004
4	0.879648	750	-5.353585	-27.640589
5	0.856682	750	-5.216131	-32.856720
6	0.834079	750	-5.239747	-38.096466
7	0.811838	750	-5.051661	-43.148127
8	0.789957	750	-5.073718	-48.221845
9	0.768433	750	-5.022698	-53.244544
10	0.747266	750	-4.922096	-58.166639
11	0.726452	750	-4.819824	-62.986464
12	0.705989	750	-4.743646	-67.730109
13	0.685877	750	-4.660184	-72.390293
14	0.666112	750	-4.588913	-76.979206
15	0.646693	750	-4.551567	-81.530773
16	0.627618	750	-4.486015	-86.016787
17	0.608884	750	-4.380212	-90.397000
18	0.590490	750	-4.301368	-94.698368
19	0.572433	750	-4.263131	-98.961498
20	0.554712	750	-4.187018	-103.148516
21	0.537324	750	-4.197573	-107.346089
22	0.520268	750	-4.019646	-111.365734
23	0.503540	750	-3.956880	-115.322614
24	0.487139	750	-3.868985	-119.191599
25	0.471063	750	-3.804019	-122.995618
26	0.455310	750	-3.719244	-126.714862
27	0.439877	750	-3.671830	-130.386692
28	0.424762	750	-3.543534	-133.930225
29	0.409963	750	-3.529756	-137.459981
30	0.395478	750	-3.453231	-140.913212
31	0.381305	750	-3.386536	-144.299748
32	0.367440	750	-3.334513	-147.634261
33	0.353883	750	-3.231658	-150.865919
34	0.340630	750	-3.167199	-154.033118
35	0.327680	750	-3.130479	-157.163597
36	0.315030	750	-3.046789	-160.210386
37	0.302677	750	-2.972694	-163.183080
38	0.290619	750	-2.990470	-166.173551
39	0.278855	750	-2.859360	-169.032911
40	0.267381	750	-2.838626	-171.871537
41	0.256195	750	-2.725040	-174.596577
42	0.245294	750	-2.770726	-177.367303
43	0.234677	750	-2.761000	-180.128303
44	0.224340	750	-2.799759	-182.928062
45	0.214281	750	-2.482681	-185.410743
46	0.204498	750	-2.471911	-187.882654
47	0.194988	750	-2.363985	-190.246639
48	0.185749	750	-2.473763	-192.720403
49	0.176777	750	-2.554773	-195.275176
50	0.168070	750	-2.445817	-197.720993
51	0.159626	750	-2.370183	-200.091176
52	0.151441	750	-2.191529	-202.282704
53	0.143514	750	-2.177354	-204.460058
54	0.135841	750	-2.102958	-206.563016
55	0.128420	750	-2.160408	-208.723424
56	0.121247	750	-2.011735	-210.735159
57	0.114320	750	-1.953049	-212.688208
58	0.107637	750	-1.954748	-214.642956
59	0.101193	750	-1.893946	-216.536902
60	0.094986	750	-1.798764	-218.335666
61	0.089014	750	-1.694773	-220.030439
62	0.083273	750	-1.678107	-221.708546
63	0.077760	750	-1.634271	-223.342817
64	0.072472	750	-1.560439	-224.903255
65	0.067406	750	-1.481298	-226.384554
66	0.062558	750	-1.437034	-227.821588
67	0.057926	750	-1.410673	-229.232261
68	0.053506	750	-1.344805	-230.577065
69	0.049295	750	-1.276332	-231.853397
70	0.045289	750	-1.220655	-233.074052
71	0.041485	750	-1.199881	-234.273933
72	0.037880	750	-1.118495	-235.392428
73	0.034469	750	-1.098693	-236.491121
74	0.031250	750	-1.082702	-237.573823
75	0.028218	750	-0.963246	-238.537069
76	0.025370	750	-0.896898	-239.433967
77	0.022702	750	-0.859582	-240.293549
78	0.020209	750	-0.819227	-241.112775
79	0.017889	750	-0.802912	-241.915687
80	0.015736	750	-0.737581	-242.653268
81	0.013746	750	-0.682989	-243.336257
82	0.011916	750	-0.630602	-243.966859
83	0.010240	750	-0.579228	-244.546087
84	0.008714	750	-0.550473	-245.096560
85	0.007334	750	-0.531830	-245.628390
86	0.006093	750	-0.451804	-246.080193
87	0.004988	750	-0.418391	-246.498584
88	0.004013	750	-0.349698	-246.848282
89	0.003162	750	-0.321760	-247.170042
90	0.002430	750	-0.284344	-247.454386
91	0.001810	750	-0.226986	-247.681372
92	0.001296	750	-0.204275	-247.885648
93	0.000882	750	-0.166029	-248.051676
94	0.000559	750	-0.125590	-248.177266
95	0.000320	750	-0.104323	-248.281590
96	0.000156	750	-0.067141	-248.348730
97	0.000057	750	-0.043201	-248.391931
98	0.000010	750	-0.019468	-248.411399
99	0.000000	750	-0.003912	-248.415312
Log marginal likelihood:	-248.415312
0	0.975187	750	-5.941962	-5.941962
1	0.950747	750	-5.794509	-11.736470
2	0.926679	750	-5.709780	-17.446250
3	0.902980	750	-5.601596	-23.047846
4	0.879648	750	-5.498157	-28.546003
5	0.856682	750	-5.410052	-33.956055
6	0.834079	750	-5.421714	-39.377769
7	0.811838	750	-5.309479	-44.687248
8	0.789957	750	-5.193328	-49.880577
9	0.768433	750	-5.095466	-54.976042
10	0.747266	750	-5.049794	-60.025836
11	0.726452	750	-4.989154	-65.014991
12	0.705989	750	-4.879481	-69.894472
13	0.685877	750	-4.845199	-74.739671
14	0.666112	750	-4.769976	-79.509646
15	0.646693	750	-4.646857	-84.156504
16	0.627618	750	-4.536304	-88.692807
17	0.608884	750	-4.526288	-93.219096
18	0.590490	750	-4.389451	-97.608547
19	0.572433	750	-4.405310	-102.013857
20	0.554712	750	-4.279985	-106.293842
21	0.537324	750	-4.219545	-110.513387
22	0.520268	750	-4.107200	-114.620586
23	0.503540	750	-4.035374	-118.655960
24	0.487139	750	-3.971897	-122.627857
25	0.471063	750	-3.927406	-126.555263
26	0.455310	750	-3.888965	-130.444228
27	0.439877	750	-3.788092	-134.232320
28	0.424762	750	-3.675298	-137.907618
29	0.409963	750	-3.579730	-141.487348
30	0.395478	750	-3.530134	-145.017482
31	0.381305	750	-3.468966	-148.486449
32	0.367440	750	-3.353967	-151.840416
33	0.353883	750	-3.338317	-155.178733
34	0.340630	750	-3.300730	-158.479463
35	0.327680	750	-3.192646	-161.672109
36	0.315030	750	-3.221364	-164.893474
37	0.302677	750	-3.090193	-167.983667
38	0.290619	750	-2.958532	-170.942199
39	0.278855	750	-3.188523	-174.130722
40	0.267381	750	-2.876364	-177.007086
41	0.256195	750	-2.785087	-179.792173
42	0.245294	750	-2.719145	-182.511318
43	0.234677	750	-2.851010	-185.362328
44	0.224340	750	-2.640147	-188.002475
45	0.214281	750	-2.535279	-190.537753
46	0.204498	750	-2.557278	-193.095031
47	0.194988	750	-2.406820	-195.501851
48	0.185749	750	-2.352232	-197.854084
49	0.176777	750	-2.400632	-200.254715
50	0.168070	750	-2.361038	-202.615753
51	0.159626	750	-2.400985	-205.016738
52	0.151441	750	-2.147392	-207.164130
53	0.143514	750	-2.278498	-209.442628
54	0.135841	750	-2.301672	-211.744299
55	0.128420	750	-2.199675	-213.943974
56	0.121247	750	-2.081893	-216.025868
57	0.114320	750	-2.048103	-218.073971
58	0.107637	750	-1.965263	-220.039233
59	0.101193	750	-1.882519	-221.921752
60	0.094986	750	-1.818744	-223.740496
61	0.089014	750	-1.783819	-225.524315
62	0.083273	750	-1.738404	-227.262719
63	0.077760	750	-1.628822	-228.891541
64	0.072472	750	-1.597813	-230.489354
65	0.067406	750	-1.533589	-232.022942
66	0.062558	750	-1.465041	-233.487983
67	0.057926	750	-1.433681	-234.921664
68	0.053506	750	-1.331626	-236.253290
69	0.049295	750	-1.334210	-237.587500
70	0.045289	750	-1.277463	-238.864963
71	0.041485	750	-1.175527	-240.040490
72	0.037880	750	-1.137238	-241.177728
73	0.034469	750	-1.043636	-242.221363
74	0.031250	750	-0.999990	-243.221354
75	0.028218	750	-0.976652	-244.198005
76	0.025370	750	-0.903686	-245.101691
77	0.022702	750	-0.876062	-245.977753
78	0.020209	750	-0.849454	-246.827207
79	0.017889	750	-0.770248	-247.597455
80	0.015736	750	-0.708791	-248.306246
81	0.013746	750	-0.659419	-248.965666
82	0.011916	750	-0.649914	-249.615580
83	0.010240	750	-0.618796	-250.234375
84	0.008714	750	-0.540515	-250.774890
85	0.007334	750	-0.483317	-251.258207
86	0.006093	750	-0.448147	-251.706354
87	0.004988	750	-0.433073	-252.139427
88	0.004013	750	-0.397651	-252.537079
89	0.003162	750	-0.327480	-252.864559
90	0.002430	750	-0.286317	-253.150875
91	0.001810	750	-0.249799	-253.400675
92	0.001296	750	-0.199301	-253.599975
93	0.000882	750	-0.189736	-253.789711
94	0.000559	750	-0.139023	-253.928734
95	0.000320	750	-0.104162	-254.032897
96	0.000156	750	-0.069069	-254.101965
97	0.000057	750	-0.039349	-254.141314
98	0.000010	750	-0.019490	-254.160803
99	0.000000	750	-0.004128	-254.164931
Log marginal likelihood:	-254.164931
0	0.975187	750	-6.113220	-6.113220
1	0.950747	750	-6.040520	-12.153740
2	0.926679	750	-5.920759	-18.074498
3	0.902980	750	-5.824126	-23.898624
4	0.879648	750	-5.778365	-29.676989
5	0.856682	750	-5.645520	-35.322509
6	0.834079	750	-5.605107	-40.927616
7	0.811838	750	-5.502281	-46.429897
8	0.789957	750	-5.409940	-51.839837
9	0.768433	750	-5.340473	-57.180310
10	0.747266	750	-5.229779	-62.410089
11	0.726452	750	-5.187896	-67.597984
12	0.705989	750	-5.061728	-72.659712
13	0.685877	750	-5.016020	-77.675733
14	0.666112	750	-4.906486	-82.582219
15	0.646693	750	-4.890803	-87.473022
16	0.627618	750	-4.758576	-92.231598
17	0.608884	750	-4.650930	-96.882528
18	0.590490	750	-4.605021	-101.487549
19	0.572433	750	-4.532333	-106.019882
20	0.554712	750	-4.442708	-110.462590
21	0.537324	750	-4.321832	-114.784422
22	0.520268	750	-4.294198	-119.078620
23	0.503540	750	-4.208563	-123.287183
24	0.487139	750	-4.118828	-127.406011
25	0.471063	750	-4.071158	-131.477169
26	0.455310	750	-4.008570	-135.485739
27	0.439877	750	-3.901202	-139.386941
28	0.424762	750	-3.833824	-143.220765
29	0.409963	750	-3.696131	-146.916896
30	0.395478	750	-3.725762	-150.642658
31	0.381305	750	-3.674240	-154.316898
32	0.367440	750	-3.557928	-157.874826
33	0.353883	750	-3.435146	-161.309972
34	0.340630	750	-3.398970	-164.708942
35	0.327680	750	-3.306450	-168.015392
36	0.315030	750	-3.266742	-171.282133
37	0.302677	750	-3.156780	-174.438913
38	0.290619	750	-3.189075	-177.627988
39	0.278855	750	-3.136699	-180.764687
40	0.267381	750	-2.962250	-183.726937
41	0.256195	750	-2.891511	-186.618449
42	0.245294	750	-2.800138	-189.418587
43	0.234677	750	-2.728091	-192.146678
44	0.224340	750	-2.699538	-194.846217
45	0.214281	750	-2.632656	-197.478873
46	0.204498	750	-2.619408	-200.098281
47	0.194988	750	-2.621410	-202.719691
48	0.185749	750	-2.570103	-205.289794
49	0.176777	750	-2.447358	-207.737152
50	0.168070	750	-2.419418	-210.156570
51	0.159626	750	-2.356907	-212.513477
52	0.151441	750	-2.427929	-214.941406
53	0.143514	750	-2.317869	-217.259275
54	0.135841	750	-2.190458	-219.449733
55	0.128420	750	-2.109140	-221.558874
56	0.121247	750	-2.074868	-223.633742
57	0.114320	750	-2.081717	-225.715458
58	0.107637	750	-1.992757	-227.708215
59	0.101193	750	-1.934853	-229.643068
60	0.094986	750	-1.863954	-231.507023
61	0.089014	750	-1.798056	-233.305079
62	0.083273	750	-1.785111	-235.090190
63	0.077760	750	-1.689027	-236.779217
64	0.072472	750	-1.574950	-238.354167
65	0.067406	750	-1.563178	-239.917344
66	0.062558	750	-1.516667	-241.434011
67	0.057926	750	-1.468846	-242.902857
68	0.053506	750	-1.378592	-244.281449
69	0.049295	750	-1.331173	-245.612622
70	0.045289	750	-1.260016	-246.872638
71	0.041485	750	-1.217506	-248.090144
72	0.037880	750	-1.136056	-249.226200
73	0.034469	750	-1.109515	-250.335715
74	0.031250	750	-1.024785	-251.360499
75	0.028218	750	-0.955470	-252.315970
76	0.025370	750	-0.949311	-253.265281
77	0.022702	750	-0.894975	-254.160256
78	0.020209	750	-0.838889	-254.999145
79	0.017889	750	-0.800735	-255.799880
80	0.015736	750	-0.735532	-256.535412
81	0.013746	750	-0.678098	-257.213510
82	0.011916	750	-0.646990	-257.860500
83	0.010240	750	-0.617879	-258.478379
84	0.008714	750	-0.531600	-259.009979
85	0.007334	750	-0.509312	-259.519292
86	0.006093	750	-0.468166	-259.987457
87	0.004988	750	-0.426429	-260.413886
88	0.004013	750	-0.388996	-260.802883
89	0.003162	750	-0.335834	-261.138717
90	0.002430	750	-0.301107	-261.439824
91	0.001810	750	-0.259327	-261.699151
92	0.001296	750	-0.204724	-261.903874
93	0.000882	750	-0.171203	-262.075078
94	0.000559	750	-0.143066	-262.218144
95	0.000320	750	-0.100409	-262.318553
96	0.000156	750	-0.067293	-262.385846
97	0.000057	750	-0.044103	-262.429950
98	0.000010	750	-0.018304	-262.448253
99	0.000000	750	-0.004190	-262.452443
Log marginal likelihood:	-262.452443
0	0.975187	750	-5.636776	-5.636776
1	0.950747	750	-5.581745	-11.218521
2	0.926679	750	-5.474071	-16.692591
3	0.902980	750	-5.432947	-22.125539
4	0.879648	750	-5.341048	-27.466587
5	0.856682	750	-5.268405	-32.734993
6	0.834079	750	-5.213147	-37.948140
7	0.811838	750	-5.038614	-42.986754
8	0.789957	750	-5.034041	-48.020795
9	0.768433	750	-4.921036	-52.941831
10	0.747266	750	-4.920001	-57.861832
11	0.726452	750	-4.783101	-62.644933
12	0.705989	750	-4.769584	-67.414517
13	0.685877	750	-4.631357	-72.045875
14	0.666112	750	-4.568900	-76.614775
15	0.646693	750	-4.582297	-81.197072
16	0.627618	750	-4.543511	-85.740583
17	0.608884	750	-4.390412	-90.130995
18	0.590490	750	-4.223637	-94.354632
19	0.572433	750	-4.268507	-98.623139
20	0.554712	750	-4.250741	-102.873879
21	0.537324	750	-4.093143	-106.967023
22	0.520268	750	-3.975012	-110.942034
23	0.503540	750	-3.910004	-114.852038
24	0.487139	750	-3.845834	-118.697872
25	0.471063	750	-3.823622	-122.521494
26	0.455310	750	-3.830617	-126.352112
27	0.439877	750	-3.680280	-130.032392
28	0.424762	750	-3.617802	-133.650194
29	0.409963	750	-3.635181	-137.285375
30	0.395478	750	-3.493003	-140.778379
31	0.381305	750	-3.457650	-144.236029
32	0.367440	750	-3.408141	-147.644170
33	0.353883	750	-3.328722	-150.972892
34	0.340630	750	-3.283589	-154.256481
35	0.327680	750	-3.224277	-157.480758
36	0.315030	750	-3.064461	-160.545219
37	0.302677	750	-3.014841	-163.560061
38	0.290619	750	-2.956726	-166.516787
39	0.278855	750	-2.966676	-169.483463
40	0.267381	750	-2.810784	-172.294247
41	0.256195	750	-2.847444	-175.141690
42	0.245294	750	-2.744090	-177.885780
43	0.234677	750	-2.772140	-180.657921
44	0.224340	750	-2.725280	-183.383201
45	0.214281	750	-2.582305	-185.965506
46	0.204498	750	-2.421532	-188.387037
47	0.194988	750	-2.406514	-190.793551
48	0.185749	750	-2.382195	-193.175747
49	0.176777	750	-2.457683	-195.633430
50	0.168070	750	-2.215148	-197.848578
51	0.159626	750	-2.248675	-200.097253
52	0.151441	750	-2.340205	-202.437458
53	0.143514	750	-2.172466	-204.609924
54	0.135841	750	-2.230264	-206.840188
55	0.128420	750	-2.110473	-208.950661
56	0.121247	750	-2.071084	-211.021745
57	0.114320	750	-1.962681	-212.984426
58	0.107637	750	-1.939551	-214.923977
59	0.101193	750	-1.835312	-216.759288
60	0.094986	750	-1.773075	-218.532363
61	0.089014	750	-1.749512	-220.281875
62	0.083273	750	-1.677312	-221.959188
63	0.077760	750	-1.621657	-223.580844
64	0.072472	750	-1.492499	-225.073343
65	0.067406	750	-1.553392	-226.626735
66	0.062558	750	-1.452184	-228.078919
67	0.057926	750	-1.411945	-229.490864
68	0.053506	750	-1.363542	-230.854406
69	0.049295	750	-1.266167	-232.120573
70	0.045289	750	-1.238619	-233.359192
71	0.041485	750	-1.159445	-234.518638
72	0.037880	750	-1.127108	-235.645746
73	0.034469	750	-1.081358	-236.727103
74	0.031250	750	-1.021888	-237.748991
75	0.028218	750	-0.936955	-238.685946
76	0.025370	750	-0.941096	-239.627041
77	0.022702	750	-0.889327	-240.516368
78	0.020209	750	-0.848446	-241.364814
79	0.017889	750	-0.760406	-242.125220
80	0.015736	750	-0.722366	-242.847586
81	0.013746	750	-0.685806	-243.533393
82	0.011916	750	-0.639539	-244.172932
83	0.010240	750	-0.581196	-244.754128
84	0.008714	750	-0.542018	-245.296146
85	0.007334	750	-0.487947	-245.784093
86	0.006093	750	-0.458476	-246.242570
87	0.004988	750	-0.444050	-246.686620
88	0.004013	750	-0.365667	-247.052286
89	0.003162	750	-0.336436	-247.388723
90	0.002430	750	-0.268683	-247.657406
91	0.001810	750	-0.240661	-247.898066
92	0.001296	750	-0.220327	-248.118393
93	0.000882	750	-0.171840	-248.290233
94	0.000559	750	-0.125230	-248.415463
95	0.000320	750	-0.091581	-248.507043
96	0.000156	750	-0.069411	-248.576454
97	0.000057	750	-0.043436	-248.619891
98	0.000010	750	-0.019500	-248.639391
99	0.000000	750	-0.003967	-248.643358
Log marginal likelihood:	-248.643358
0	0.975187	750	-6.244645	-6.244645
1	0.950747	750	-6.192121	-12.436766
2	0.926679	750	-5.998540	-18.435306
3	0.902980	750	-5.930226	-24.365532
4	0.879648	750	-5.880019	-30.245551
5	0.856682	750	-5.744978	-35.990529
6	0.834079	750	-5.687932	-41.678461
7	0.811838	750	-5.591126	-47.269587
8	0.789957	750	-5.498279	-52.767866
9	0.768433	750	-5.424337	-58.192203
10	0.747266	750	-5.299024	-63.491227
11	0.726452	750	-5.232601	-68.723827
12	0.705989	750	-5.142576	-73.866403
13	0.685877	750	-5.060038	-78.926441
14	0.666112	750	-4.961267	-83.887708
15	0.646693	750	-4.874374	-88.762083
16	0.627618	750	-4.803225	-93.565308
17	0.608884	750	-4.697315	-98.262622
18	0.590490	750	-4.671943	-102.934565
19	0.572433	750	-4.539827	-107.474392
20	0.554712	750	-4.492402	-111.966794
21	0.537324	750	-4.416078	-116.382873
22	0.520268	750	-4.307366	-120.690239
23	0.503540	750	-4.213221	-124.903460
24	0.487139	750	-4.125999	-129.029459
25	0.471063	750	-4.088991	-133.118450
26	0.455310	750	-4.014824	-137.133274
27	0.439877	750	-3.908991	-141.042265
28	0.424762	750	-3.934056	-144.976321
29	0.409963	750	-3.776637	-148.752958
30	0.395478	750	-3.753043	-152.506001
31	0.381305	750	-3.631609	-156.137610
32	0.367440	750	-3.531152	-159.668762
33	0.353883	750	-3.470823	-163.139585
34	0.340630	750	-3.459528	-166.599113
35	0.327680	750	-3.380830	-169.979943
36	0.315030	750	-3.251252	-173.231195
37	0.302677	750	-3.475125	-176.706320
38	0.290619	750	-3.157311	-179.863631
39	0.278855	750	-3.073279	-182.936910
40	0.267381	750	-3.332580	-186.269490
41	0.256195	750	-2.935981	-189.205470
42	0.245294	750	-2.823812	-192.029283
43	0.234677	750	-2.947152	-194.976435
44	0.224340	750	-2.879513	-197.855947
45	0.214281	750	-2.853787	-200.709734
46	0.204498	750	-2.755906	-203.465640
47	0.194988	750	-2.570455	-206.036096
48	0.185749	750	-2.680107	-208.716202
49	0.176777	750	-2.494836	-211.211038
50	0.168070	750	-2.439630	-213.650669
51	0.159626	750	-2.378337	-216.029005
52	0.151441	750	-2.288777	-218.317783
53	0.143514	750	-2.311198	-220.628981
54	0.135841	750	-2.138300	-222.767281
55	0.128420	750	-2.149922	-224.917203
56	0.121247	750	-2.068502	-226.985705
57	0.114320	750	-2.021877	-229.007582
58	0.107637	750	-1.961576	-230.969159
59	0.101193	750	-1.904741	-232.873900
60	0.094986	750	-1.852828	-234.726728
61	0.089014	750	-1.784737	-236.511466
62	0.083273	750	-1.722916	-238.234382
63	0.077760	750	-1.679689	-239.914071
64	0.072472	750	-1.580325	-241.494396
65	0.067406	750	-1.546317	-243.040713
66	0.062558	750	-1.478909	-244.519622
67	0.057926	750	-1.420086	-245.939708
68	0.053506	750	-1.346100	-247.285808
69	0.049295	750	-1.282585	-248.568394
70	0.045289	750	-1.276186	-249.844580
71	0.041485	750	-1.178230	-251.022810
72	0.037880	750	-1.117603	-252.140413
73	0.034469	750	-1.073092	-253.213505
74	0.031250	750	-1.036070	-254.249575
75	0.028218	750	-1.034690	-255.284265
76	0.025370	750	-0.959341	-256.243605
77	0.022702	750	-0.904263	-257.147868
78	0.020209	750	-0.834554	-257.982422
79	0.017889	750	-0.782923	-258.765345
80	0.015736	750	-0.772528	-259.537873
81	0.013746	750	-0.706333	-260.244206
82	0.011916	750	-0.644846	-260.889051
83	0.010240	750	-0.581929	-261.470980
84	0.008714	750	-0.555250	-262.026230
85	0.007334	750	-0.509936	-262.536166
86	0.006093	750	-0.446618	-262.982784
87	0.004988	750	-0.420330	-263.403114
88	0.004013	750	-0.400625	-263.803739
89	0.003162	750	-0.345156	-264.148895
90	0.002430	750	-0.280189	-264.429084
91	0.001810	750	-0.241201	-264.670285
92	0.001296	750	-0.214062	-264.884347
93	0.000882	750	-0.160967	-265.045314
94	0.000559	750	-0.117787	-265.163101
95	0.000320	750	-0.095770	-265.258870
96	0.000156	750	-0.065763	-265.324634
97	0.000057	750	-0.039452	-265.364085
98	0.000010	750	-0.018560	-265.382646
99	0.000000	750	-0.004299	-265.386945
Log marginal likelihood:	-265.386945
0	0.975187	750	-6.051659	-6.051659
1	0.950747	750	-5.962121	-12.013780
2	0.926679	750	-5.865927	-17.879707
3	0.902980	750	-5.785271	-23.664978
4	0.879648	750	-5.637339	-29.302318
5	0.856682	750	-5.635938	-34.938255
6	0.834079	750	-5.514469	-40.452724
7	0.811838	750	-5.467122	-45.919846
8	0.789957	750	-5.307667	-51.227513
9	0.768433	750	-5.318094	-56.545607
10	0.747266	750	-5.293947	-61.839554
11	0.726452	750	-5.181316	-67.020870
12	0.705989	750	-4.997569	-72.018439
13	0.685877	750	-4.954084	-76.972523
14	0.666112	750	-4.865407	-81.837930
15	0.646693	750	-4.857562	-86.695492
16	0.627618	750	-4.687989	-91.383481
17	0.608884	750	-4.680464	-96.063945
18	0.590490	750	-4.605168	-100.669112
19	0.572433	750	-4.438236	-105.107348
20	0.554712	750	-4.458714	-109.566062
21	0.537324	750	-4.347329	-113.913391
22	0.520268	750	-4.272243	-118.185634
23	0.503540	750	-4.190671	-122.376305
24	0.487139	750	-4.082717	-126.459022
25	0.471063	750	-4.026395	-130.485417
26	0.455310	750	-3.981874	-134.467291
27	0.439877	750	-3.932038	-138.399329
28	0.424762	750	-3.839560	-142.238889
29	0.409963	750	-3.720007	-145.958896
30	0.395478	750	-3.665357	-149.624253
31	0.381305	750	-3.585861	-153.210114
32	0.367440	750	-3.532549	-156.742663
33	0.353883	750	-3.393446	-160.136109
34	0.340630	750	-3.413484	-163.549593
35	0.327680	750	-3.269013	-166.818606
36	0.315030	750	-3.204769	-170.023375
37	0.302677	750	-3.115485	-173.138860
38	0.290619	750	-3.164940	-176.303800
39	0.278855	750	-3.002711	-179.306511
40	0.267381	750	-2.947764	-182.254275
41	0.256195	750	-2.858828	-185.113103
42	0.245294	750	-2.870142	-187.983244
43	0.234677	750	-2.842324	-190.825568
44	0.224340	750	-2.679946	-193.505514
45	0.214281	750	-2.612250	-196.117764
46	0.204498	750	-2.627006	-198.744770
47	0.194988	750	-2.669826	-201.414597
48	0.185749	750	-2.498934	-203.913530
49	0.176777	750	-2.357148	-206.270678
50	0.168070	750	-2.471719	-208.742397
51	0.159626	750	-2.404238	-211.146635
52	0.151441	750	-2.323557	-213.470192
53	0.143514	750	-2.231753	-215.701945
54	0.135841	750	-2.151226	-217.853171
55	0.128420	750	-2.135177	-219.988348
56	0.121247	750	-2.059162	-222.047510
57	0.114320	750	-2.016047	-224.063557
58	0.107637	750	-1.931728	-225.995286
59	0.101193	750	-1.881453	-227.876739
60	0.094986	750	-1.791469	-229.668208
61	0.089014	750	-1.755768	-231.423976
62	0.083273	750	-1.664787	-233.088763
63	0.077760	750	-1.637706	-234.726469
64	0.072472	750	-1.566796	-236.293265
65	0.067406	750	-1.521037	-237.814302
66	0.062558	750	-1.482939	-239.297241
67	0.057926	750	-1.403649	-240.700890
68	0.053506	750	-1.323080	-242.023970
69	0.049295	750	-1.272602	-243.296572
70	0.045289	750	-1.262463	-244.559035
71	0.041485	750	-1.186824	-245.745859
72	0.037880	750	-1.113147	-246.859007
73	0.034469	750	-1.069355	-247.928362
74	0.031250	750	-1.002069	-248.930431
75	0.028218	750	-0.998542	-249.928973
76	0.025370	750	-0.911379	-250.840352
77	0.022702	750	-0.859423	-251.699775
78	0.020209	750	-0.838143	-252.537918
79	0.017889	750	-0.811573	-253.349491
80	0.015736	750	-0.730036	-254.079527
81	0.013746	750	-0.701161	-254.780688
82	0.011916	750	-0.673585	-255.454273
83	0.010240	750	-0.593121	-256.047394
84	0.008714	750	-0.547396	-256.594791
85	0.007334	750	-0.525429	-257.120219
86	0.006093	750	-0.461722	-257.581942
87	0.004988	750	-0.438395	-258.020337
88	0.004013	750	-0.362367	-258.382703
89	0.003162	750	-0.339164	-258.721867
90	0.002430	750	-0.283716	-259.005584
91	0.001810	750	-0.262607	-259.268191
92	0.001296	750	-0.215167	-259.483358
93	0.000882	750	-0.166493	-259.649850
94	0.000559	750	-0.160322	-259.810172
95	0.000320	750	-0.106509	-259.916682
96	0.000156	750	-0.067113	-259.983795
97	0.000057	750	-0.039778	-260.023572
98	0.000010	750	-0.020472	-260.044044
99	0.000000	750	-0.004156	-260.048201
Log marginal likelihood:	-260.048201
0	0.975187	750	-6.219161	-6.219161
1	0.950747	750	-6.108459	-12.327620
2	0.926679	750	-6.029874	-18.357493
3	0.902980	750	-5.968629	-24.326122
4	0.879648	750	-5.862795	-30.188917
5	0.856682	750	-5.782978	-35.971895
6	0.834079	750	-5.687489	-41.659384
7	0.811838	750	-5.558476	-47.217861
8	0.789957	750	-5.539779	-52.757640
9	0.768433	750	-5.427997	-58.185637
10	0.747266	750	-5.333482	-63.519118
11	0.726452	750	-5.252124	-68.771242
12	0.705989	750	-5.197936	-73.969178
13	0.685877	750	-5.092768	-79.061945
14	0.666112	750	-5.007129	-84.069074
15	0.646693	750	-4.924631	-88.993705
16	0.627618	750	-4.814839	-93.808544
17	0.608884	750	-4.801942	-98.610486
18	0.590490	750	-4.674393	-103.284879
19	0.572433	750	-4.598733	-107.883612
20	0.554712	750	-4.552172	-112.435784
21	0.537324	750	-4.505782	-116.941566
22	0.520268	750	-4.344435	-121.286001
23	0.503540	750	-4.268829	-125.554831
24	0.487139	750	-4.289008	-129.843839
25	0.471063	750	-4.148210	-133.992049
26	0.455310	750	-4.087129	-138.079178
27	0.439877	750	-3.996877	-142.076056
28	0.424762	750	-3.928958	-146.005014
29	0.409963	750	-3.854269	-149.859283
30	0.395478	750	-3.765994	-153.625277
31	0.381305	750	-3.712937	-157.338214
32	0.367440	750	-3.652016	-160.990231
33	0.353883	750	-3.562845	-164.553076
34	0.340630	750	-3.476851	-168.029926
35	0.327680	750	-3.426097	-171.456024
36	0.315030	750	-3.483519	-174.939543
37	0.302677	750	-3.286228	-178.225771
38	0.290619	750	-3.160216	-181.385987
39	0.278855	750	-3.252876	-184.638863
40	0.267381	750	-3.209304	-187.848167
41	0.256195	750	-2.947719	-190.795886
42	0.245294	750	-2.928018	-193.723903
43	0.234677	750	-2.823007	-196.546911
44	0.224340	750	-2.807518	-199.354429
45	0.214281	750	-2.690548	-202.044977
46	0.204498	750	-2.686006	-204.730983
47	0.194988	750	-2.592656	-207.323639
48	0.185749	750	-2.549272	-209.872911
49	0.176777	750	-2.614001	-212.486912
50	0.168070	750	-2.523243	-215.010155
51	0.159626	750	-2.356862	-217.367017
52	0.151441	750	-2.368622	-219.735639
53	0.143514	750	-2.356428	-222.092066
54	0.135841	750	-2.267157	-224.359223
55	0.128420	750	-2.173238	-226.532461
56	0.121247	750	-2.141933	-228.674394
57	0.114320	750	-2.083331	-230.757725
58	0.107637	750	-2.018820	-232.776545
59	0.101193	750	-1.922495	-234.699041
60	0.094986	750	-1.863168	-236.562209
61	0.089014	750	-1.791645	-238.353854
62	0.083273	750	-1.681752	-240.035606
63	0.077760	750	-1.693773	-241.729379
64	0.072472	750	-1.609626	-243.339005
65	0.067406	750	-1.554150	-244.893155
66	0.062558	750	-1.503745	-246.396900
67	0.057926	750	-1.456621	-247.853521
68	0.053506	750	-1.404409	-249.257930
69	0.049295	750	-1.332355	-250.590286
70	0.045289	750	-1.253494	-251.843779
71	0.041485	750	-1.197359	-253.041138
72	0.037880	750	-1.168456	-254.209594
73	0.034469	750	-1.111165	-255.320759
74	0.031250	750	-1.055467	-256.376225
75	0.028218	750	-0.979932	-257.356158
76	0.025370	750	-0.974403	-258.330560
77	0.022702	750	-0.887682	-259.218242
78	0.020209	750	-0.840074	-260.058316
79	0.017889	750	-0.810159	-260.868475
80	0.015736	750	-0.761494	-261.629969
81	0.013746	750	-0.671238	-262.301207
82	0.011916	750	-0.675663	-262.976870
83	0.010240	750	-0.630545	-263.607415
84	0.008714	750	-0.573922	-264.181337
85	0.007334	750	-0.516276	-264.697613
86	0.006093	750	-0.469386	-265.166999
87	0.004988	750	-0.407688	-265.574686
88	0.004013	750	-0.394878	-265.969564
89	0.003162	750	-0.338850	-266.308414
90	0.002430	750	-0.309498	-266.617912
91	0.001810	750	-0.249905	-266.867817
92	0.001296	750	-0.230555	-267.098372
93	0.000882	750	-0.161899	-267.260271
94	0.000559	750	-0.125699	-267.385970
95	0.000320	750	-0.106860	-267.492830
96	0.000156	750	-0.073520	-267.566350
97	0.000057	750	-0.042972	-267.609322
98	0.000010	750	-0.021665	-267.630987
99	0.000000	750	-0.004314	-267.635301
Log marginal likelihood:	-267.635301
0	0.975187	750	-5.910874	-5.910874
1	0.950747	750	-5.801349	-11.712223
2	0.926679	750	-5.710882	-17.423105
3	0.902980	750	-5.633634	-23.056739
4	0.879648	750	-5.539625	-28.596364
5	0.856682	750	-5.479942	-34.076306
6	0.834079	750	-5.382084	-39.458390
7	0.811838	750	-5.286679	-44.745069
8	0.789957	750	-5.208338	-49.953407
9	0.768433	750	-5.127428	-55.080835
10	0.747266	750	-5.056003	-60.136838
11	0.726452	750	-4.985047	-65.121885
12	0.705989	750	-4.878954	-70.000838
13	0.685877	750	-4.795042	-74.795881
14	0.666112	750	-4.721760	-79.517641
15	0.646693	750	-4.631933	-84.149573
16	0.627618	750	-4.558338	-88.707911
17	0.608884	750	-4.474262	-93.182173
18	0.590490	750	-4.410195	-97.592369
19	0.572433	750	-4.501861	-102.094230
20	0.554712	750	-4.255735	-106.349965
21	0.537324	750	-4.160178	-110.510143
22	0.520268	750	-4.095012	-114.605155
23	0.503540	750	-4.014293	-118.619449
24	0.487139	750	-3.940819	-122.560267
25	0.471063	750	-3.858535	-126.418803
26	0.455310	750	-3.780692	-130.199494
27	0.439877	750	-3.703920	-133.903414
28	0.424762	750	-3.648296	-137.551710
29	0.409963	750	-3.583378	-141.135088
30	0.395478	750	-3.548575	-144.683663
31	0.381305	750	-3.405461	-148.089124
32	0.367440	750	-3.359895	-151.449019
33	0.353883	750	-3.295111	-154.744130
34	0.340630	750	-3.228151	-157.972280
35	0.327680	750	-3.232028	-161.204308
36	0.315030	750	-3.089699	-164.294008
37	0.302677	750	-3.032410	-167.326417
38	0.290619	750	-2.966484	-170.292902
39	0.278855	750	-2.877391	-173.170293
40	0.267381	750	-2.825390	-175.995683
41	0.256195	750	-2.760903	-178.756585
42	0.245294	750	-2.774353	-181.530939
43	0.234677	750	-2.661897	-184.192835
44	0.224340	750	-2.597301	-186.790137
45	0.214281	750	-2.558536	-189.348673
46	0.204498	750	-2.526821	-191.875493
47	0.194988	750	-2.508785	-194.384278
48	0.185749	750	-2.377629	-196.761907
49	0.176777	750	-2.550202	-199.312109
50	0.168070	750	-2.415531	-201.727640
51	0.159626	750	-2.275907	-204.003547
52	0.151441	750	-2.168527	-206.172075
53	0.143514	750	-2.323159	-208.495234
54	0.135841	750	-2.109106	-210.604340
55	0.128420	750	-2.043373	-212.647713
56	0.121247	750	-1.845499	-214.493212
57	0.114320	750	-2.044417	-216.537629
58	0.107637	750	-1.903485	-218.441114
59	0.101193	750	-1.894267	-220.335381
60	0.094986	750	-1.818039	-222.153420
61	0.089014	750	-1.782967	-223.936387
62	0.083273	750	-1.712316	-225.648703
63	0.077760	750	-1.557107	-227.205810
64	0.072472	750	-1.573794	-228.779604
65	0.067406	750	-1.507894	-230.287498
66	0.062558	750	-1.455263	-231.742761
67	0.057926	750	-1.418299	-233.161060
68	0.053506	750	-1.324881	-234.485941
69	0.049295	750	-1.275114	-235.761055
70	0.045289	750	-1.224613	-236.985668
71	0.041485	750	-1.169235	-238.154903
72	0.037880	750	-1.115378	-239.270281
73	0.034469	750	-1.099237	-240.369517
74	0.031250	750	-1.005698	-241.375216
75	0.028218	750	-0.974603	-242.349819
76	0.025370	750	-0.908244	-243.258063
77	0.022702	750	-0.898641	-244.156704
78	0.020209	750	-0.832577	-244.989281
79	0.017889	750	-0.764257	-245.753538
80	0.015736	750	-0.759540	-246.513078
81	0.013746	750	-0.686581	-247.199659
82	0.011916	750	-0.662568	-247.862227
83	0.010240	750	-0.599136	-248.461364
84	0.008714	750	-0.546500	-249.007864
85	0.007334	750	-0.492530	-249.500394
86	0.006093	750	-0.447938	-249.948332
87	0.004988	750	-0.404822	-250.353154
88	0.004013	750	-0.373257	-250.726411
89	0.003162	750	-0.353568	-251.079979
90	0.002430	750	-0.301708	-251.381687
91	0.001810	750	-0.239246	-251.620934
92	0.001296	750	-0.192233	-251.813167
93	0.000882	750	-0.170754	-251.983921
94	0.000559	750	-0.137121	-252.121042
95	0.000320	750	-0.105879	-252.226921
96	0.000156	750	-0.070475	-252.297396
97	0.000057	750	-0.038733	-252.336129
98	0.000010	750	-0.019230	-252.355358
99	0.000000	750	-0.004085	-252.359444
Log marginal likelihood:	-252.359444
0	0.975187	750	-5.921914	-5.921914
1	0.950747	750	-5.823864	-11.745778
2	0.926679	750	-5.726790	-17.472568
3	0.902980	750	-5.659439	-23.132007
4	0.879648	750	-5.533625	-28.665632
5	0.856682	750	-5.492027	-34.157659
6	0.834079	750	-5.403021	-39.560680
7	0.811838	750	-5.316958	-44.877639
8	0.789957	750	-5.238071	-50.115710
9	0.768433	750	-5.172352	-55.288062
10	0.747266	750	-5.087270	-60.375332
11	0.726452	750	-4.978815	-65.354147
12	0.705989	750	-4.908132	-70.262279
13	0.685877	750	-4.807960	-75.070240
14	0.666112	750	-4.838928	-79.909168
15	0.646693	750	-4.686629	-84.595797
16	0.627618	750	-4.579986	-89.175783
17	0.608884	750	-4.517728	-93.693510
18	0.590490	750	-4.413881	-98.107392
19	0.572433	750	-4.368619	-102.476011
20	0.554712	750	-4.333525	-106.809536
21	0.537324	750	-4.230802	-111.040338
22	0.520268	750	-4.268476	-115.308814
23	0.503540	750	-4.042443	-119.351257
24	0.487139	750	-4.015354	-123.366611
25	0.471063	750	-3.975861	-127.342472
26	0.455310	750	-3.880627	-131.223098
27	0.439877	750	-3.762492	-134.985590
28	0.424762	750	-3.718953	-138.704543
29	0.409963	750	-3.637628	-142.342171
30	0.395478	750	-3.600108	-145.942279
31	0.381305	750	-3.445168	-149.387447
32	0.367440	750	-3.421647	-152.809095
33	0.353883	750	-3.363879	-156.172973
34	0.340630	750	-3.313432	-159.486405
35	0.327680	750	-3.210120	-162.696525
36	0.315030	750	-3.290973	-165.987498
37	0.302677	750	-3.118792	-169.106290
38	0.290619	750	-3.052168	-172.158458
39	0.278855	750	-3.099802	-175.258260
40	0.267381	750	-3.177057	-178.435317
41	0.256195	750	-2.956677	-181.391994
42	0.245294	750	-2.846603	-184.238598
43	0.234677	750	-2.704664	-186.943262
44	0.224340	750	-2.824880	-189.768142
45	0.214281	750	-2.755329	-192.523471
46	0.204498	750	-2.720969	-195.244440
47	0.194988	750	-2.669461	-197.913901
48	0.185749	750	-2.530580	-200.444481
49	0.176777	750	-2.581612	-203.026093
50	0.168070	750	-2.526132	-205.552225
51	0.159626	750	-2.422100	-207.974325
52	0.151441	750	-2.391572	-210.365898
53	0.143514	750	-2.182630	-212.548528
54	0.135841	750	-2.171693	-214.720221
55	0.128420	750	-2.170235	-216.890456
56	0.121247	750	-2.109519	-218.999975
57	0.114320	750	-1.997329	-220.997304
58	0.107637	750	-1.978598	-222.975902
59	0.101193	750	-1.915986	-224.891888
60	0.094986	750	-1.812529	-226.704417
61	0.089014	750	-1.786097	-228.490514
62	0.083273	750	-1.699157	-230.189670
63	0.077760	750	-1.586419	-231.776089
64	0.072472	750	-1.552409	-233.328498
65	0.067406	750	-1.513194	-234.841692
66	0.062558	750	-1.470702	-236.312394
67	0.057926	750	-1.397880	-237.710274
68	0.053506	750	-1.315007	-239.025281
69	0.049295	750	-1.279330	-240.304611
70	0.045289	750	-1.237273	-241.541884
71	0.041485	750	-1.181319	-242.723202
72	0.037880	750	-1.135149	-243.858351
73	0.034469	750	-1.072982	-244.931333
74	0.031250	750	-1.038008	-245.969342
75	0.028218	750	-0.988588	-246.957930
76	0.025370	750	-0.905713	-247.863642
77	0.022702	750	-0.874407	-248.738049
78	0.020209	750	-0.892705	-249.630754
79	0.017889	750	-0.771844	-250.402598
80	0.015736	750	-0.707469	-251.110067
81	0.013746	750	-0.712365	-251.822432
82	0.011916	750	-0.604796	-252.427228
83	0.010240	750	-0.615991	-253.043220
84	0.008714	750	-0.574773	-253.617993
85	0.007334	750	-0.502070	-254.120063
86	0.006093	750	-0.484343	-254.604406
87	0.004988	750	-0.422928	-255.027333
88	0.004013	750	-0.355374	-255.382708
89	0.003162	750	-0.327688	-255.710396
90	0.002430	750	-0.322011	-256.032407
91	0.001810	750	-0.236020	-256.268427
92	0.001296	750	-0.218621	-256.487048
93	0.000882	750	-0.163980	-256.651028
94	0.000559	750	-0.137856	-256.788884
95	0.000320	750	-0.106822	-256.895706
96	0.000156	750	-0.073868	-256.969573
97	0.000057	750	-0.040145	-257.009719
98	0.000010	750	-0.019973	-257.029692
99	0.000000	750	-0.004350	-257.034042
Log marginal likelihood:	-257.034042
0	0.975187	750	-6.293793	-6.293793
1	0.950747	750	-6.205304	-12.499096
2	0.926679	750	-6.138568	-18.637665
3	0.902980	750	-6.025186	-24.662851
4	0.879648	750	-5.940369	-30.603220
5	0.856682	750	-5.830523	-36.433743
6	0.834079	750	-5.770331	-42.204074
7	0.811838	750	-5.668428	-47.872502
8	0.789957	750	-5.590203	-53.462705
9	0.768433	750	-5.488506	-58.951211
10	0.747266	750	-5.394080	-64.345291
11	0.726452	750	-5.326268	-69.671559
12	0.705989	750	-5.199393	-74.870952
13	0.685877	750	-5.150146	-80.021098
14	0.666112	750	-5.099864	-85.120962
15	0.646693	750	-4.964539	-90.085501
16	0.627618	750	-4.861678	-94.947179
17	0.608884	750	-4.795018	-99.742197
18	0.590490	750	-4.722323	-104.464519
19	0.572433	750	-4.630774	-109.095293
20	0.554712	750	-4.540294	-113.635588
21	0.537324	750	-4.462618	-118.098205
22	0.520268	750	-4.425760	-122.523966
23	0.503540	750	-4.296520	-126.820485
24	0.487139	750	-4.194994	-131.015480
25	0.471063	750	-4.153266	-135.168746
26	0.455310	750	-4.051213	-139.219959
27	0.439877	750	-3.984827	-143.204785
28	0.424762	750	-3.917751	-147.122537
29	0.409963	750	-3.873374	-150.995910
30	0.395478	750	-3.790998	-154.786908
31	0.381305	750	-3.636949	-158.423857
32	0.367440	750	-3.631680	-162.055537
33	0.353883	750	-3.534874	-165.590411
34	0.340630	750	-3.436099	-169.026510
35	0.327680	750	-3.637917	-172.664428
36	0.315030	750	-3.308791	-175.973218
37	0.302677	750	-3.263631	-179.236849
38	0.290619	750	-3.246166	-182.483015
39	0.278855	750	-3.098300	-185.581315
40	0.267381	750	-3.051340	-188.632655
41	0.256195	750	-3.085035	-191.717691
42	0.245294	750	-3.142229	-194.859920
43	0.234677	750	-3.012273	-197.872193
44	0.224340	750	-2.754800	-200.626993
45	0.214281	750	-2.691733	-203.318726
46	0.204498	750	-2.817725	-206.136451
47	0.194988	750	-2.789110	-208.925561
48	0.185749	750	-2.703575	-211.629136
49	0.176777	750	-2.648284	-214.277420
50	0.168070	750	-2.561233	-216.838654
51	0.159626	750	-2.344460	-219.183113
52	0.151441	750	-2.380821	-221.563935
53	0.143514	750	-2.322375	-223.886310
54	0.135841	750	-2.254478	-226.140787
55	0.128420	750	-2.174257	-228.315044
56	0.121247	750	-2.119679	-230.434723
57	0.114320	750	-2.055713	-232.490436
58	0.107637	750	-2.010066	-234.500503
59	0.101193	750	-1.932545	-236.433048
60	0.094986	750	-1.820944	-238.253992
61	0.089014	750	-1.800183	-240.054175
62	0.083273	750	-1.715320	-241.769496
63	0.077760	750	-1.645473	-243.414968
64	0.072472	750	-1.587218	-245.002186
65	0.067406	750	-1.524281	-246.526467
66	0.062558	750	-1.476575	-248.003042
67	0.057926	750	-1.441347	-249.444388
68	0.053506	750	-1.357114	-250.801502
69	0.049295	750	-1.296184	-252.097686
70	0.045289	750	-1.230981	-253.328667
71	0.041485	750	-1.177288	-254.505955
72	0.037880	750	-1.133077	-255.639031
73	0.034469	750	-1.085306	-256.724337
74	0.031250	750	-1.042164	-257.766501
75	0.028218	750	-0.982919	-258.749420
76	0.025370	750	-0.926600	-259.676020
77	0.022702	750	-0.882699	-260.558718
78	0.020209	750	-0.823424	-261.382142
79	0.017889	750	-0.798414	-262.180556
80	0.015736	750	-0.714331	-262.894888
81	0.013746	750	-0.692616	-263.587503
82	0.011916	750	-0.667794	-264.255297
83	0.010240	750	-0.594423	-264.849720
84	0.008714	750	-0.565527	-265.415247
85	0.007334	750	-0.505849	-265.921095
86	0.006093	750	-0.464076	-266.385171
87	0.004988	750	-0.440764	-266.825935
88	0.004013	750	-0.382685	-267.208620
89	0.003162	750	-0.318456	-267.527076
90	0.002430	750	-0.287605	-267.814681
91	0.001810	750	-0.278739	-268.093420
92	0.001296	750	-0.204932	-268.298352
93	0.000882	750	-0.174053	-268.472405
94	0.000559	750	-0.126402	-268.598807
95	0.000320	750	-0.097312	-268.696119
96	0.000156	750	-0.068817	-268.764935
97	0.000057	750	-0.037603	-268.802539
98	0.000010	750	-0.018943	-268.821482
99	0.000000	750	-0.004220	-268.825702
Log marginal likelihood:	-268.825702
0	0.975187	750	-6.199684	-6.199684
1	0.950747	750	-6.099469	-12.299153
2	0.926679	750	-6.062625	-18.361778
3	0.902980	750	-5.941176	-24.302955
4	0.879648	750	-5.820734	-30.123688
5	0.856682	750	-5.719783	-35.843471
6	0.834079	750	-5.649491	-41.492962
7	0.811838	750	-5.535807	-47.028769
8	0.789957	750	-5.477858	-52.506626
9	0.768433	750	-5.423649	-57.930275
10	0.747266	750	-5.363967	-63.294242
11	0.726452	750	-5.241970	-68.536212
12	0.705989	750	-5.192957	-73.729169
13	0.685877	750	-5.084341	-78.813510
14	0.666112	750	-5.001915	-83.815425
15	0.646693	750	-4.904610	-88.720035
16	0.627618	750	-4.851919	-93.571954
17	0.608884	750	-4.739336	-98.311290
18	0.590490	750	-4.623073	-102.934364
19	0.572433	750	-4.587473	-107.521837
20	0.554712	750	-4.518045	-112.039882
21	0.537324	750	-4.371972	-116.411853
22	0.520268	750	-4.328009	-120.739863
23	0.503540	750	-4.314908	-125.054770
24	0.487139	750	-4.223588	-129.278358
25	0.471063	750	-4.096334	-133.374692
26	0.455310	750	-4.018005	-137.392697
27	0.439877	750	-3.938355	-141.331052
28	0.424762	750	-3.860217	-145.191269
29	0.409963	750	-3.790492	-148.981761
30	0.395478	750	-3.694714	-152.676475
31	0.381305	750	-3.628699	-156.305174
32	0.367440	750	-3.513803	-159.818977
33	0.353883	750	-3.479930	-163.298907
34	0.340630	750	-3.422565	-166.721472
35	0.327680	750	-3.348476	-170.069948
36	0.315030	750	-3.299005	-173.368953
37	0.302677	750	-3.182879	-176.551832
38	0.290619	750	-3.205412	-179.757244
39	0.278855	750	-3.062731	-182.819974
40	0.267381	750	-3.197748	-186.017723
41	0.256195	750	-3.203100	-189.220822
42	0.245294	750	-3.063820	-192.284642
43	0.234677	750	-2.885008	-195.169650
44	0.224340	750	-2.719054	-197.888704
45	0.214281	750	-2.746056	-200.634760
46	0.204498	750	-2.649718	-203.284478
47	0.194988	750	-2.606485	-205.890963
48	0.185749	750	-2.531298	-208.422261
49	0.176777	750	-2.536608	-210.958869
50	0.168070	750	-2.527955	-213.486825
51	0.159626	750	-2.460103	-215.946927
52	0.151441	750	-2.376010	-218.322937
53	0.143514	750	-2.278980	-220.601917
54	0.135841	750	-2.180902	-222.782820
55	0.128420	750	-2.147449	-224.930269
56	0.121247	750	-2.115321	-227.045590
57	0.114320	750	-1.972160	-229.017750
58	0.107637	750	-1.949383	-230.967133
59	0.101193	750	-1.885485	-232.852618
60	0.094986	750	-1.795476	-234.648094
61	0.089014	750	-1.760110	-236.408204
62	0.083273	750	-1.725735	-238.133939
63	0.077760	750	-1.620362	-239.754302
64	0.072472	750	-1.600138	-241.354440
65	0.067406	750	-1.539192	-242.893632
66	0.062558	750	-1.449813	-244.343444
67	0.057926	750	-1.376830	-245.720274
68	0.053506	750	-1.367814	-247.088088
69	0.049295	750	-1.292662	-248.380750
70	0.045289	750	-1.216835	-249.597585
71	0.041485	750	-1.167387	-250.764972
72	0.037880	750	-1.132101	-251.897073
73	0.034469	750	-1.098372	-252.995445
74	0.031250	750	-1.016240	-254.011685
75	0.028218	750	-0.945151	-254.956837
76	0.025370	750	-0.937996	-255.894833
77	0.022702	750	-0.898935	-256.793768
78	0.020209	750	-0.787487	-257.581255
79	0.017889	750	-0.775313	-258.356568
80	0.015736	750	-0.740663	-259.097231
81	0.013746	750	-0.669790	-259.767021
82	0.011916	750	-0.675417	-260.442438
83	0.010240	750	-0.589462	-261.031900
84	0.008714	750	-0.529954	-261.561854
85	0.007334	750	-0.474764	-262.036617
86	0.006093	750	-0.459817	-262.496435
87	0.004988	750	-0.423585	-262.920020
88	0.004013	750	-0.352696	-263.272716
89	0.003162	750	-0.343867	-263.616583
90	0.002430	750	-0.275168	-263.891751
91	0.001810	750	-0.262948	-264.154699
92	0.001296	750	-0.199627	-264.354326
93	0.000882	750	-0.153182	-264.507508
94	0.000559	750	-0.126022	-264.633529
95	0.000320	750	-0.092995	-264.726525
96	0.000156	750	-0.067248	-264.793773
97	0.000057	750	-0.044229	-264.838002
98	0.000010	750	-0.018823	-264.856825
99	0.000000	750	-0.004101	-264.860926
Log marginal likelihood:	-264.860926
0	0.975187	750	-5.669553	-5.669553
1	0.950747	750	-5.585727	-11.255280
2	0.926679	750	-5.499871	-16.755151
3	0.902980	750	-5.422948	-22.178099
4	0.879648	750	-5.352668	-27.530767
5	0.856682	750	-5.256417	-32.787184
6	0.834079	750	-5.177622	-37.964806
7	0.811838	750	-5.090187	-43.054993
8	0.789957	750	-5.039921	-48.094914
9	0.768433	750	-4.933724	-53.028638
10	0.747266	750	-4.898865	-57.927502
11	0.726452	750	-4.777134	-62.704637
12	0.705989	750	-4.701228	-67.405865
13	0.685877	750	-4.620215	-72.026080
14	0.666112	750	-4.566533	-76.592613
15	0.646693	750	-4.475192	-81.067806
16	0.627618	750	-4.391930	-85.459736
17	0.608884	750	-4.318395	-89.778131
18	0.590490	750	-4.266204	-94.044335
19	0.572433	750	-4.163841	-98.208176
20	0.554712	750	-4.215803	-102.423979
21	0.537324	750	-4.030470	-106.454449
22	0.520268	750	-3.968060	-110.422509
23	0.503540	750	-3.910834	-114.333343
24	0.487139	750	-4.046552	-118.379895
25	0.471063	750	-3.840505	-122.220400
26	0.455310	750	-3.703138	-125.923538
27	0.439877	750	-3.699759	-129.623296
28	0.424762	750	-3.576121	-133.199417
29	0.409963	750	-3.547733	-136.747150
30	0.395478	750	-3.390442	-140.137593
31	0.381305	750	-3.391926	-143.529519
32	0.367440	750	-3.287633	-146.817152
33	0.353883	750	-3.245940	-150.063092
34	0.340630	750	-3.251386	-153.314477
35	0.327680	750	-3.265582	-156.580059
36	0.315030	750	-3.147033	-159.727093
37	0.302677	750	-2.996395	-162.723488
38	0.290619	750	-2.929020	-165.652507
39	0.278855	750	-2.896950	-168.549457
40	0.267381	750	-2.785206	-171.334663
41	0.256195	750	-2.828503	-174.163166
42	0.245294	750	-2.723183	-176.886349
43	0.234677	750	-2.718876	-179.605226
44	0.224340	750	-2.646113	-182.251339
45	0.214281	750	-2.607689	-184.859028
46	0.204498	750	-2.553338	-187.412366
47	0.194988	750	-2.527236	-189.939602
48	0.185749	750	-2.351596	-192.291198
49	0.176777	750	-2.329968	-194.621166
50	0.168070	750	-2.335552	-196.956719
51	0.159626	750	-2.199013	-199.155731
52	0.151441	750	-2.219077	-201.374808
53	0.143514	750	-2.223227	-203.598035
54	0.135841	750	-2.156051	-205.754086
55	0.128420	750	-2.104392	-207.858479
56	0.121247	750	-2.011884	-209.870363
57	0.114320	750	-1.944730	-211.815093
58	0.107637	750	-1.938836	-213.753929
59	0.101193	750	-1.763496	-215.517425
60	0.094986	750	-1.820027	-217.337452
61	0.089014	750	-1.781269	-219.118721
62	0.083273	750	-1.666409	-220.785130
63	0.077760	750	-1.606909	-222.392039
64	0.072472	750	-1.546762	-223.938802
65	0.067406	750	-1.469070	-225.407871
66	0.062558	750	-1.444364	-226.852235
67	0.057926	750	-1.341870	-228.194106
68	0.053506	750	-1.340975	-229.535081
69	0.049295	750	-1.282579	-230.817660
70	0.045289	750	-1.215492	-232.033153
71	0.041485	750	-1.151832	-233.184985
72	0.037880	750	-1.117800	-234.302785
73	0.034469	750	-1.086959	-235.389744
74	0.031250	750	-1.017088	-236.406832
75	0.028218	750	-0.966147	-237.372979
76	0.025370	750	-0.897004	-238.269983
77	0.022702	750	-0.839685	-239.109668
78	0.020209	750	-0.811896	-239.921564
79	0.017889	750	-0.798690	-240.720254
80	0.015736	750	-0.735140	-241.455394
81	0.013746	750	-0.666941	-242.122335
82	0.011916	750	-0.615966	-242.738300
83	0.010240	750	-0.609165	-243.347465
84	0.008714	750	-0.537315	-243.884780
85	0.007334	750	-0.513011	-244.397791
86	0.006093	750	-0.473379	-244.871170
87	0.004988	750	-0.402046	-245.273217
88	0.004013	750	-0.366551	-245.639767
89	0.003162	750	-0.348981	-245.988748
90	0.002430	750	-0.301372	-246.290120
91	0.001810	750	-0.244341	-246.534461
92	0.001296	750	-0.215592	-246.750053
93	0.000882	750	-0.175846	-246.925899
94	0.000559	750	-0.135404	-247.061304
95	0.000320	750	-0.092640	-247.153944
96	0.000156	750	-0.073028	-247.226972
97	0.000057	750	-0.042040	-247.269013
98	0.000010	750	-0.018949	-247.287961
99	0.000000	750	-0.004560	-247.292521
Log marginal likelihood:	-247.292521
0	0.975187	750	-5.625357	-5.625357
1	0.950747	750	-5.477298	-11.102655
2	0.926679	750	-5.462568	-16.565223
3	0.902980	750	-5.328696	-21.893919
4	0.879648	750	-5.283474	-27.177393
5	0.856682	750	-5.172722	-32.350115
6	0.834079	750	-5.136691	-37.486806
7	0.811838	750	-5.055328	-42.542134
8	0.789957	750	-4.987125	-47.529259
9	0.768433	750	-4.923736	-52.452995
10	0.747266	750	-4.766353	-57.219348
11	0.726452	750	-4.758065	-61.977414
12	0.705989	750	-4.674469	-66.651883
13	0.685877	750	-4.580307	-71.232190
14	0.666112	750	-4.454715	-75.686904
15	0.646693	750	-4.389477	-80.076382
16	0.627618	750	-4.337961	-84.414343
17	0.608884	750	-4.282428	-88.696771
18	0.590490	750	-4.183517	-92.880288
19	0.572433	750	-4.207795	-97.088083
20	0.554712	750	-4.104314	-101.192397
21	0.537324	750	-4.029145	-105.221542
22	0.520268	750	-3.968997	-109.190539
23	0.503540	750	-3.871637	-113.062176
24	0.487139	750	-3.799337	-116.861513
25	0.471063	750	-3.729825	-120.591338
26	0.455310	750	-3.649608	-124.240946
27	0.439877	750	-3.588245	-127.829191
28	0.424762	750	-3.528353	-131.357544
29	0.409963	750	-3.472908	-134.830452
30	0.395478	750	-3.409763	-138.240215
31	0.381305	750	-3.370642	-141.610857
32	0.367440	750	-3.270936	-144.881794
33	0.353883	750	-3.217614	-148.099408
34	0.340630	750	-3.176228	-151.275636
35	0.327680	750	-3.076349	-154.351985
36	0.315030	750	-2.980195	-157.332180
37	0.302677	750	-2.888430	-160.220610
38	0.290619	750	-2.871845	-163.092455
39	0.278855	750	-2.937592	-166.030047
40	0.267381	750	-2.908123	-168.938170
41	0.256195	750	-2.674277	-171.612447
42	0.245294	750	-2.607096	-174.219542
43	0.234677	750	-2.669782	-176.889324
44	0.224340	750	-2.540914	-179.430238
45	0.214281	750	-2.479855	-181.910093
46	0.204498	750	-2.419474	-184.329567
47	0.194988	750	-2.351843	-186.681411
48	0.185749	750	-2.591071	-189.272482
49	0.176777	750	-2.452533	-191.725014
50	0.168070	750	-2.359112	-194.084126
51	0.159626	750	-2.197191	-196.281317
52	0.151441	750	-2.119846	-198.401164
53	0.143514	750	-2.170825	-200.571989
54	0.135841	750	-2.197033	-202.769022
55	0.128420	750	-2.122861	-204.891883
56	0.121247	750	-2.083436	-206.975320
57	0.114320	750	-1.983875	-208.959194
58	0.107637	750	-1.926333	-210.885527
59	0.101193	750	-1.878368	-212.763895
60	0.094986	750	-1.701174	-214.465069
61	0.089014	750	-1.784181	-216.249250
62	0.083273	750	-1.653411	-217.902661
63	0.077760	750	-1.626358	-219.529019
64	0.072472	750	-1.594281	-221.123300
65	0.067406	750	-1.524935	-222.648235
66	0.062558	750	-1.478219	-224.126454
67	0.057926	750	-1.398448	-225.524901
68	0.053506	750	-1.347136	-226.872037
69	0.049295	750	-1.281709	-228.153746
70	0.045289	750	-1.224025	-229.377770
71	0.041485	750	-1.194945	-230.572716
72	0.037880	750	-1.114550	-231.687266
73	0.034469	750	-1.057484	-232.744750
74	0.031250	750	-1.012320	-233.757070
75	0.028218	750	-0.980115	-234.737185
76	0.025370	750	-0.911316	-235.648501
77	0.022702	750	-0.858374	-236.506875
78	0.020209	750	-0.845943	-237.352817
79	0.017889	750	-0.786145	-238.138963
80	0.015736	750	-0.741087	-238.880050
81	0.013746	750	-0.692676	-239.572726
82	0.011916	750	-0.643650	-240.216376
83	0.010240	750	-0.611761	-240.828137
84	0.008714	750	-0.588091	-241.416227
85	0.007334	750	-0.501136	-241.917363
86	0.006093	750	-0.463456	-242.380820
87	0.004988	750	-0.402339	-242.783159
88	0.004013	750	-0.359728	-243.142886
89	0.003162	750	-0.321591	-243.464477
90	0.002430	750	-0.287222	-243.751699
91	0.001810	750	-0.255159	-244.006858
92	0.001296	750	-0.224351	-244.231209
93	0.000882	750	-0.166965	-244.398174
94	0.000559	750	-0.123457	-244.521631
95	0.000320	750	-0.102180	-244.623811
96	0.000156	750	-0.066646	-244.690457
97	0.000057	750	-0.037973	-244.728430
98	0.000010	750	-0.018588	-244.747018
99	0.000000	750	-0.004065	-244.751083
Log marginal likelihood:	-244.751083
0	0.975187	750	-5.931009	-5.931009
1	0.950747	750	-5.850060	-11.781069
2	0.926679	750	-5.779237	-17.560306
3	0.902980	750	-5.633118	-23.193424
4	0.879648	750	-5.601264	-28.794688
5	0.856682	750	-5.460507	-34.255195
6	0.834079	750	-5.433804	-39.688999
7	0.811838	750	-5.349523	-45.038522
8	0.789957	750	-5.285009	-50.323530
9	0.768433	750	-5.184816	-55.508346
10	0.747266	750	-5.074186	-60.582532
11	0.726452	750	-5.002494	-65.585026
12	0.705989	750	-4.935874	-70.520900
13	0.685877	750	-4.856616	-75.377516
14	0.666112	750	-4.733047	-80.110563
15	0.646693	750	-4.636446	-84.747010
16	0.627618	750	-4.603261	-89.350270
17	0.608884	750	-4.496812	-93.847082
18	0.590490	750	-4.424934	-98.272016
19	0.572433	750	-4.394472	-102.666488
20	0.554712	750	-4.293225	-106.959713
21	0.537324	750	-4.216182	-111.175895
22	0.520268	750	-4.141224	-115.317119
23	0.503540	750	-4.062682	-119.379801
24	0.487139	750	-3.996958	-123.376759
25	0.471063	750	-3.906958	-127.283717
26	0.455310	750	-3.858965	-131.142682
27	0.439877	750	-3.751211	-134.893893
28	0.424762	750	-3.710702	-138.604595
29	0.409963	750	-3.622182	-142.226777
30	0.395478	750	-3.513490	-145.740267
31	0.381305	750	-3.462050	-149.202317
32	0.367440	750	-3.392836	-152.595153
33	0.353883	750	-3.317380	-155.912533
34	0.340630	750	-3.240168	-159.152701
35	0.327680	750	-3.196139	-162.348840
36	0.315030	750	-3.131729	-165.480569
37	0.302677	750	-3.030205	-168.510774
38	0.290619	750	-2.993575	-171.504349
39	0.278855	750	-2.958759	-174.463108
40	0.267381	750	-2.867674	-177.330782
41	0.256195	750	-2.763442	-180.094224
42	0.245294	750	-2.706234	-182.800458
43	0.234677	750	-2.696553	-185.497011
44	0.224340	750	-2.809223	-188.306234
45	0.214281	750	-2.523877	-190.830111
46	0.204498	750	-2.644214	-193.474325
47	0.194988	750	-2.437023	-195.911348
48	0.185749	750	-2.505002	-198.416350
49	0.176777	750	-2.465513	-200.881863
50	0.168070	750	-2.382008	-203.263871
51	0.159626	750	-2.426664	-205.690534
52	0.151441	750	-2.241784	-207.932319
53	0.143514	750	-2.264425	-210.196743
54	0.135841	750	-2.206554	-212.403298
55	0.128420	750	-2.039015	-214.442313
56	0.121247	750	-2.037321	-216.479634
57	0.114320	750	-2.051306	-218.530941
58	0.107637	750	-1.982854	-220.513795
59	0.101193	750	-1.905263	-222.419058
60	0.094986	750	-1.814917	-224.233974
61	0.089014	750	-1.735188	-225.969162
62	0.083273	750	-1.681087	-227.650249
63	0.077760	750	-1.661927	-229.312176
64	0.072472	750	-1.580208	-230.892385
65	0.067406	750	-1.505233	-232.397617
66	0.062558	750	-1.469983	-233.867600
67	0.057926	750	-1.400845	-235.268445
68	0.053506	750	-1.334377	-236.602822
69	0.049295	750	-1.280555	-237.883377
70	0.045289	750	-1.231227	-239.114604
71	0.041485	750	-1.188061	-240.302665
72	0.037880	750	-1.132667	-241.435332
73	0.034469	750	-1.055760	-242.491092
74	0.031250	750	-1.025941	-243.517033
75	0.028218	750	-0.973621	-244.490654
76	0.025370	750	-0.915961	-245.406615
77	0.022702	750	-0.876138	-246.282753
78	0.020209	750	-0.835310	-247.118063
79	0.017889	750	-0.738627	-247.856689
80	0.015736	750	-0.720551	-248.577241
81	0.013746	750	-0.683855	-249.261096
82	0.011916	750	-0.642968	-249.904063
83	0.010240	750	-0.578206	-250.482270
84	0.008714	750	-0.555811	-251.038081
85	0.007334	750	-0.503598	-251.541679
86	0.006093	750	-0.441293	-251.982972
87	0.004988	750	-0.421864	-252.404836
88	0.004013	750	-0.372815	-252.777651
89	0.003162	750	-0.329009	-253.106660
90	0.002430	750	-0.278046	-253.384705
91	0.001810	750	-0.256666	-253.641371
92	0.001296	750	-0.210865	-253.852236
93	0.000882	750	-0.160892	-254.013128
94	0.000559	750	-0.135319	-254.148447
95	0.000320	750	-0.101037	-254.249484
96	0.000156	750	-0.069982	-254.319466
97	0.000057	750	-0.041009	-254.360475
98	0.000010	750	-0.018604	-254.379079
99	0.000000	750	-0.004262	-254.383341
Log marginal likelihood:	-254.383341
0	0.975187	750	-6.105012	-6.105012
1	0.950747	750	-6.005041	-12.110053
2	0.926679	750	-5.909938	-18.019991
3	0.902980	750	-5.817357	-23.837347
4	0.879648	750	-5.738825	-29.576172
5	0.856682	750	-5.644489	-35.220661
6	0.834079	750	-5.556012	-40.776673
7	0.811838	750	-5.467084	-46.243757
8	0.789957	750	-5.379585	-51.623342
9	0.768433	750	-5.357383	-56.980725
10	0.747266	750	-5.196031	-62.176756
11	0.726452	750	-5.143815	-67.320571
12	0.705989	750	-5.121205	-72.441776
13	0.685877	750	-4.974281	-77.416057
14	0.666112	750	-4.950268	-82.366325
15	0.646693	750	-4.837495	-87.203820
16	0.627618	750	-4.708257	-91.912077
17	0.608884	750	-4.658339	-96.570416
18	0.590490	750	-4.549122	-101.119538
19	0.572433	750	-4.515933	-105.635471
20	0.554712	750	-4.476128	-110.111599
21	0.537324	750	-4.391395	-114.502994
22	0.520268	750	-4.322267	-118.825260
23	0.503540	750	-4.185024	-123.010284
24	0.487139	750	-4.184276	-127.194560
25	0.471063	750	-4.064384	-131.258943
26	0.455310	750	-3.973519	-135.232462
27	0.439877	750	-3.905424	-139.137886
28	0.424762	750	-3.834947	-142.972833
29	0.409963	750	-3.779335	-146.752168
30	0.395478	750	-3.688922	-150.441090
31	0.381305	750	-3.689943	-154.131033
32	0.367440	750	-3.480711	-157.611743
33	0.353883	750	-3.620422	-161.232165
34	0.340630	750	-3.417358	-164.649523
35	0.327680	750	-3.314317	-167.963840
36	0.315030	750	-3.404727	-171.368567
37	0.302677	750	-3.170052	-174.538619
38	0.290619	750	-3.059089	-177.597708
39	0.278855	750	-3.164378	-180.762087
40	0.267381	750	-3.036303	-183.798390
41	0.256195	750	-2.958531	-186.756921
42	0.245294	750	-2.986482	-189.743403
43	0.234677	750	-2.947666	-192.691069
44	0.224340	750	-2.701297	-195.392366
45	0.214281	750	-2.676028	-198.068394
46	0.204498	750	-2.715685	-200.784079
47	0.194988	750	-2.647581	-203.431659
48	0.185749	750	-2.431135	-205.862795
49	0.176777	750	-2.537665	-208.400460
50	0.168070	750	-2.316730	-210.717190
51	0.159626	750	-2.375853	-213.093043
52	0.151441	750	-2.293809	-215.386852
53	0.143514	750	-2.250998	-217.637850
54	0.135841	750	-2.195036	-219.832886
55	0.128420	750	-2.042977	-221.875863
56	0.121247	750	-2.027656	-223.903519
57	0.114320	750	-1.983356	-225.886876
58	0.107637	750	-1.893739	-227.780615
59	0.101193	750	-1.808921	-229.589536
60	0.094986	750	-1.765445	-231.354981
61	0.089014	750	-1.669610	-233.024592
62	0.083273	750	-1.694130	-234.718721
63	0.077760	750	-1.644652	-236.363374
64	0.072472	750	-1.535961	-237.899335
65	0.067406	750	-1.458409	-239.357744
66	0.062558	750	-1.436361	-240.794105
67	0.057926	750	-1.367576	-242.161682
68	0.053506	750	-1.301504	-243.463186
69	0.049295	750	-1.257598	-244.720784
70	0.045289	750	-1.217189	-245.937973
71	0.041485	750	-1.146760	-247.084733
72	0.037880	750	-1.102465	-248.187199
73	0.034469	750	-1.051164	-249.238363
74	0.031250	750	-0.985179	-250.223541
75	0.028218	750	-0.960929	-251.184471
76	0.025370	750	-0.904262	-252.088732
77	0.022702	750	-0.831673	-252.920406
78	0.020209	750	-0.782864	-253.703270
79	0.017889	750	-0.783156	-254.486426
80	0.015736	750	-0.747341	-255.233767
81	0.013746	750	-0.681895	-255.915662
82	0.011916	750	-0.619675	-256.535337
83	0.010240	750	-0.583653	-257.118990
84	0.008714	750	-0.523216	-257.642206
85	0.007334	750	-0.475679	-258.117886
86	0.006093	750	-0.463299	-258.581185
87	0.004988	750	-0.416352	-258.997537
88	0.004013	750	-0.360806	-259.358342
89	0.003162	750	-0.312529	-259.670871
90	0.002430	750	-0.291116	-259.961987
91	0.001810	750	-0.277166	-260.239153
92	0.001296	750	-0.195153	-260.434306
93	0.000882	750	-0.183722	-260.618028
94	0.000559	750	-0.131545	-260.749573
95	0.000320	750	-0.090057	-260.839630
96	0.000156	750	-0.063449	-260.903079
97	0.000057	750	-0.040405	-260.943484
98	0.000010	750	-0.018787	-260.962271
99	0.000000	750	-0.004005	-260.966276
Log marginal likelihood:	-260.966276
0	0.975187	750	-6.243903	-6.243903
1	0.950747	750	-6.139470	-12.383373
2	0.926679	750	-5.981160	-18.364533
3	0.902980	750	-6.000950	-24.365482
4	0.879648	750	-5.806827	-30.172309
5	0.856682	750	-5.756461	-35.928770
6	0.834079	750	-5.717739	-41.646509
7	0.811838	750	-5.661347	-47.307857
8	0.789957	750	-5.507789	-52.815646
9	0.768433	750	-5.489685	-58.305330
10	0.747266	750	-5.451929	-63.757259
11	0.726452	750	-5.253354	-69.010613
12	0.705989	750	-5.202393	-74.213006
13	0.685877	750	-5.134499	-79.347506
14	0.666112	750	-5.081076	-84.428581
15	0.646693	750	-4.890528	-89.319110
16	0.627618	750	-4.842234	-94.161343
17	0.608884	750	-4.813737	-98.975081
18	0.590490	750	-4.737126	-103.712206
19	0.572433	750	-4.608416	-108.320622
20	0.554712	750	-4.476375	-112.796997
21	0.537324	750	-4.465384	-117.262381
22	0.520268	750	-4.351960	-121.614341
23	0.503540	750	-4.304896	-125.919237
24	0.487139	750	-4.179333	-130.098570
25	0.471063	750	-4.184546	-134.283117
26	0.455310	750	-4.002709	-138.285825
27	0.439877	750	-4.058348	-142.344174
28	0.424762	750	-3.901025	-146.245199
29	0.409963	750	-3.839842	-150.085041
30	0.395478	750	-3.749427	-153.834468
31	0.381305	750	-3.668782	-157.503250
32	0.367440	750	-3.605348	-161.108597
33	0.353883	750	-3.690778	-164.799375
34	0.340630	750	-3.525352	-168.324728
35	0.327680	750	-3.380274	-171.705002
36	0.315030	750	-3.427077	-175.132079
37	0.302677	750	-3.249407	-178.381486
38	0.290619	750	-3.151680	-181.533167
39	0.278855	750	-3.100405	-184.633572
40	0.267381	750	-3.039997	-187.673568
41	0.256195	750	-2.967795	-190.641364
42	0.245294	750	-3.099034	-193.740398
43	0.234677	750	-2.820416	-196.560814
44	0.224340	750	-2.772032	-199.332846
45	0.214281	750	-2.776299	-202.109145
46	0.204498	750	-2.775683	-204.884828
47	0.194988	750	-2.544760	-207.429588
48	0.185749	750	-2.664445	-210.094033
49	0.176777	750	-2.645570	-212.739603
50	0.168070	750	-2.439103	-215.178707
51	0.159626	750	-2.455650	-217.634356
52	0.151441	750	-2.437873	-220.072229
53	0.143514	750	-2.172683	-222.244912
54	0.135841	750	-2.255204	-224.500116
55	0.128420	750	-2.217786	-226.717902
56	0.121247	750	-2.138920	-228.856821
57	0.114320	750	-2.076321	-230.933143
58	0.107637	750	-2.000784	-232.933926
59	0.101193	750	-1.861334	-234.795260
60	0.094986	750	-1.844559	-236.639819
61	0.089014	750	-1.805017	-238.444836
62	0.083273	750	-1.758015	-240.202851
63	0.077760	750	-1.650061	-241.852911
64	0.072472	750	-1.645053	-243.497964
65	0.067406	750	-1.577989	-245.075953
66	0.062558	750	-1.482525	-246.558478
67	0.057926	750	-1.439261	-247.997739
68	0.053506	750	-1.391961	-249.389700
69	0.049295	750	-1.327583	-250.717283
70	0.045289	750	-1.253309	-251.970592
71	0.041485	750	-1.200207	-253.170799
72	0.037880	750	-1.125272	-254.296072
73	0.034469	750	-1.066246	-255.362318
74	0.031250	750	-1.063906	-256.426224
75	0.028218	750	-0.995558	-257.421782
76	0.025370	750	-0.916593	-258.338375
77	0.022702	750	-0.874883	-259.213258
78	0.020209	750	-0.817812	-260.031069
79	0.017889	750	-0.825755	-260.856824
80	0.015736	750	-0.722492	-261.579317
81	0.013746	750	-0.736907	-262.316223
82	0.011916	750	-0.652212	-262.968436
83	0.010240	750	-0.628792	-263.597228
84	0.008714	750	-0.563795	-264.161023
85	0.007334	750	-0.545581	-264.706604
86	0.006093	750	-0.466351	-265.172955
87	0.004988	750	-0.418733	-265.591688
88	0.004013	750	-0.412368	-266.004057
89	0.003162	750	-0.323236	-266.327293
90	0.002430	750	-0.299244	-266.626537
91	0.001810	750	-0.297042	-266.923579
92	0.001296	750	-0.226969	-267.150548
93	0.000882	750	-0.167104	-267.317652
94	0.000559	750	-0.138996	-267.456647
95	0.000320	750	-0.100503	-267.557150
96	0.000156	750	-0.067297	-267.624447
97	0.000057	750	-0.046126	-267.670572
98	0.000010	750	-0.020826	-267.691398
99	0.000000	750	-0.004416	-267.695814
Log marginal likelihood:	-267.695814
0	0.975187	750	-6.098639	-6.098639
1	0.950747	750	-5.994808	-12.093448
2	0.926679	750	-5.902150	-17.995598
3	0.902980	750	-5.817116	-23.812714
4	0.879648	750	-5.715727	-29.528441
5	0.856682	750	-5.633929	-35.162370
6	0.834079	750	-5.532475	-40.694845
7	0.811838	750	-5.478712	-46.173556
8	0.789957	750	-5.367869	-51.541425
9	0.768433	750	-5.296066	-56.837491
10	0.747266	750	-5.215727	-62.053218
11	0.726452	750	-5.122382	-67.175601
12	0.705989	750	-5.042679	-72.218280
13	0.685877	750	-4.944974	-77.163254
14	0.666112	750	-4.917581	-82.080835
15	0.646693	750	-4.806840	-86.887675
16	0.627618	750	-4.710036	-91.597711
17	0.608884	750	-4.645236	-96.242947
18	0.590490	750	-4.542254	-100.785202
19	0.572433	750	-4.473013	-105.258215
20	0.554712	750	-4.394684	-109.652899
21	0.537324	750	-4.281927	-113.934826
22	0.520268	750	-4.242351	-118.177177
23	0.503540	750	-4.152279	-122.329456
24	0.487139	750	-4.082858	-126.412314
25	0.471063	750	-3.983976	-130.396290
26	0.455310	750	-3.903052	-134.299342
27	0.439877	750	-3.833937	-138.133280
28	0.424762	750	-3.774726	-141.908006
29	0.409963	750	-3.687355	-145.595361
30	0.395478	750	-3.626738	-149.222099
31	0.381305	750	-3.540599	-152.762698
32	0.367440	750	-3.535130	-156.297829
33	0.353883	750	-3.388537	-159.686366
34	0.340630	750	-3.335841	-163.022207
35	0.327680	750	-3.273666	-166.295873
36	0.315030	750	-3.185290	-169.481163
37	0.302677	750	-3.183242	-172.664405
38	0.290619	750	-3.117196	-175.781601
39	0.278855	750	-3.005616	-178.787217
40	0.267381	750	-2.920925	-181.708142
41	0.256195	750	-2.808420	-184.516562
42	0.245294	750	-2.780875	-187.297437
43	0.234677	750	-2.825100	-190.122537
44	0.224340	750	-2.751921	-192.874458
45	0.214281	750	-2.626539	-195.500998
46	0.204498	750	-2.597192	-198.098189
47	0.194988	750	-2.534745	-200.632934
48	0.185749	750	-2.466797	-203.099732
49	0.176777	750	-2.311596	-205.411328
50	0.168070	750	-2.466344	-207.877671
51	0.159626	750	-2.430870	-210.308542
52	0.151441	750	-2.401594	-212.710136
53	0.143514	750	-2.285432	-214.995568
54	0.135841	750	-2.217803	-217.213371
55	0.128420	750	-2.071824	-219.285195
56	0.121247	750	-2.091234	-221.376429
57	0.114320	750	-2.017863	-223.394292
58	0.107637	750	-1.938413	-225.332705
59	0.101193	750	-1.870403	-227.203108
60	0.094986	750	-1.784767	-228.987875
61	0.089014	750	-1.696886	-230.684762
62	0.083273	750	-1.705123	-232.389884
63	0.077760	750	-1.609033	-233.998917
64	0.072472	750	-1.595543	-235.594461
65	0.067406	750	-1.519536	-237.113996
66	0.062558	750	-1.457074	-238.571070
67	0.057926	750	-1.394663	-239.965733
68	0.053506	750	-1.352326	-241.318059
69	0.049295	750	-1.300547	-242.618606
70	0.045289	750	-1.200030	-243.818636
71	0.041485	750	-1.203005	-245.021640
72	0.037880	750	-1.138816	-246.160456
73	0.034469	750	-1.084008	-247.244464
74	0.031250	750	-1.083091	-248.327555
75	0.028218	750	-0.989447	-249.317002
76	0.025370	750	-0.924851	-250.241853
77	0.022702	750	-0.873545	-251.115398
78	0.020209	750	-0.873226	-251.988624
79	0.017889	750	-0.784288	-252.772912
80	0.015736	750	-0.737257	-253.510170
81	0.013746	750	-0.710554	-254.220724
82	0.011916	750	-0.652739	-254.873463
83	0.010240	750	-0.614377	-255.487840
84	0.008714	750	-0.570156	-256.057997
85	0.007334	750	-0.537935	-256.595932
86	0.006093	750	-0.465476	-257.061408
87	0.004988	750	-0.417835	-257.479242
88	0.004013	750	-0.359973	-257.839216
89	0.003162	750	-0.325037	-258.164253
90	0.002430	750	-0.284366	-258.448619
91	0.001810	750	-0.253886	-258.702505
92	0.001296	750	-0.210446	-258.912951
93	0.000882	750	-0.165909	-259.078860
94	0.000559	750	-0.137796	-259.216656
95	0.000320	750	-0.099683	-259.316339
96	0.000156	750	-0.068206	-259.384545
97	0.000057	750	-0.042800	-259.427345
98	0.000010	750	-0.019580	-259.446925
99	0.000000	750	-0.003914	-259.450839
Log marginal likelihood:	-259.450839
0	0.975187	750	-6.158185	-6.158185
1	0.950747	750	-6.069422	-12.227607
2	0.926679	750	-5.961347	-18.188954
3	0.902980	750	-5.861488	-24.050442
4	0.879648	750	-5.770033	-29.820474
5	0.856682	750	-5.691273	-35.511748
6	0.834079	750	-5.627800	-41.139548
7	0.811838	750	-5.520023	-46.659571
8	0.789957	750	-5.442834	-52.102404
9	0.768433	750	-5.355078	-57.457482
10	0.747266	750	-5.256571	-62.714053
11	0.726452	750	-5.179856	-67.893909
12	0.705989	750	-5.086841	-72.980750
13	0.685877	750	-4.999242	-77.979992
14	0.666112	750	-4.931547	-82.911538
15	0.646693	750	-4.859995	-87.771533
16	0.627618	750	-4.774992	-92.546526
17	0.608884	750	-4.688730	-97.235256
18	0.590490	750	-4.593424	-101.828680
19	0.572433	750	-4.516189	-106.344869
20	0.554712	750	-4.449161	-110.794030
21	0.537324	750	-4.341758	-115.135789
22	0.520268	750	-4.260785	-119.396573
23	0.503540	750	-4.207388	-123.603962
24	0.487139	750	-4.118123	-127.722084
25	0.471063	750	-4.018731	-131.740815
26	0.455310	750	-3.960311	-135.701126
27	0.439877	750	-3.921959	-139.623085
28	0.424762	750	-3.816960	-143.440045
29	0.409963	750	-3.734401	-147.174446
30	0.395478	750	-3.658711	-150.833157
31	0.381305	750	-3.702885	-154.536041
32	0.367440	750	-3.525780	-158.061821
33	0.353883	750	-3.445138	-161.506959
34	0.340630	750	-3.423217	-164.930176
35	0.327680	750	-3.407544	-168.337721
36	0.315030	750	-3.200802	-171.538523
37	0.302677	750	-3.217543	-174.756066
38	0.290619	750	-3.102416	-177.858482
39	0.278855	750	-2.996772	-180.855254
40	0.267381	750	-3.064999	-183.920253
41	0.256195	750	-2.888609	-186.808862
42	0.245294	750	-2.807537	-189.616399
43	0.234677	750	-2.862635	-192.479034
44	0.224340	750	-2.929951	-195.408985
45	0.214281	750	-2.655538	-198.064523
46	0.204498	750	-2.683239	-200.747762
47	0.194988	750	-2.535006	-203.282768
48	0.185749	750	-2.673659	-205.956427
49	0.176777	750	-2.540289	-208.496716
50	0.168070	750	-2.578682	-211.075398
51	0.159626	750	-2.396838	-213.472237
52	0.151441	750	-2.413657	-215.885894
53	0.143514	750	-2.313197	-218.199091
54	0.135841	750	-2.181399	-220.380490
55	0.128420	750	-2.075920	-222.456409
56	0.121247	750	-2.111676	-224.568085
57	0.114320	750	-2.027319	-226.595404
58	0.107637	750	-1.988772	-228.584176
59	0.101193	750	-1.882350	-230.466526
60	0.094986	750	-1.817378	-232.283904
61	0.089014	750	-1.804412	-234.088316
62	0.083273	750	-1.709076	-235.797393
63	0.077760	750	-1.616447	-237.413840
64	0.072472	750	-1.622365	-239.036205
65	0.067406	750	-1.581117	-240.617322
66	0.062558	750	-1.460991	-242.078313
67	0.057926	750	-1.468031	-243.546345
68	0.053506	750	-1.359956	-244.906301
69	0.049295	750	-1.319490	-246.225791
70	0.045289	750	-1.262911	-247.488703
71	0.041485	750	-1.193635	-248.682337
72	0.037880	750	-1.141637	-249.823974
73	0.034469	750	-1.152164	-250.976138
74	0.031250	750	-1.042005	-252.018143
75	0.028218	750	-0.978094	-252.996237
76	0.025370	750	-0.940592	-253.936829
77	0.022702	750	-0.920317	-254.857146
78	0.020209	750	-0.855987	-255.713133
79	0.017889	750	-0.792625	-256.505758
80	0.015736	750	-0.738026	-257.243784
81	0.013746	750	-0.687540	-257.931325
82	0.011916	750	-0.640967	-258.572292
83	0.010240	750	-0.595923	-259.168214
84	0.008714	750	-0.518570	-259.686784
85	0.007334	750	-0.559248	-260.246032
86	0.006093	750	-0.471447	-260.717479
87	0.004988	750	-0.447203	-261.164681
88	0.004013	750	-0.366318	-261.530999
89	0.003162	750	-0.353196	-261.884195
90	0.002430	750	-0.279077	-262.163272
91	0.001810	750	-0.246739	-262.410011
92	0.001296	750	-0.219676	-262.629687
93	0.000882	750	-0.171172	-262.800859
94	0.000559	750	-0.128202	-262.929061
95	0.000320	750	-0.094461	-263.023522
96	0.000156	750	-0.071397	-263.094919
97	0.000057	750	-0.041178	-263.136097
98	0.000010	750	-0.019755	-263.155852
99	0.000000	750	-0.003952	-263.159804
Log marginal likelihood:	-263.159804
0	0.975187	750	-5.846814	-5.846814
1	0.950747	750	-5.801811	-11.648626
2	0.926679	750	-5.657665	-17.306290
3	0.902980	750	-5.596636	-22.902926
4	0.879648	750	-5.502056	-28.404982
5	0.856682	750	-5.524769	-33.929751
6	0.834079	750	-5.450995	-39.380746
7	0.811838	750	-5.380017	-44.760763
8	0.789957	750	-5.198785	-49.959548
9	0.768433	750	-5.087799	-55.047347
10	0.747266	750	-5.015510	-60.062857
11	0.726452	750	-4.934277	-64.997134
12	0.705989	750	-4.817145	-69.814278
13	0.685877	750	-4.813166	-74.627444
14	0.666112	750	-4.693569	-79.321013
15	0.646693	750	-4.681846	-84.002859
16	0.627618	750	-4.568705	-88.571564
17	0.608884	750	-4.477129	-93.048693
18	0.590490	750	-4.421026	-97.469719
19	0.572433	750	-4.298012	-101.767731
20	0.554712	750	-4.307074	-106.074806
21	0.537324	750	-4.174235	-110.249041
22	0.520268	750	-4.078879	-114.327919
23	0.503540	750	-4.065709	-118.393629
24	0.487139	750	-3.981561	-122.375190
25	0.471063	750	-4.001931	-126.377121
26	0.455310	750	-3.815460	-130.192581
27	0.439877	750	-3.777435	-133.970016
28	0.424762	750	-3.650048	-137.620064
29	0.409963	750	-3.644923	-141.264987
30	0.395478	750	-3.518933	-144.783920
31	0.381305	750	-3.481028	-148.264948
32	0.367440	750	-3.443801	-151.708750
33	0.353883	750	-3.326225	-155.034975
34	0.340630	750	-3.307673	-158.342648
35	0.327680	750	-3.207722	-161.550371
36	0.315030	750	-3.154324	-164.704695
37	0.302677	750	-3.037024	-167.741719
38	0.290619	750	-2.949660	-170.691378
39	0.278855	750	-2.918022	-173.609401
40	0.267381	750	-2.886320	-176.495721
41	0.256195	750	-2.801277	-179.296998
42	0.245294	750	-2.702597	-181.999595
43	0.234677	750	-2.643890	-184.643486
44	0.224340	750	-2.646573	-187.290058
45	0.214281	750	-2.538263	-189.828321
46	0.204498	750	-2.623497	-192.451818
47	0.194988	750	-2.420196	-194.872014
48	0.185749	750	-2.438855	-197.310869
49	0.176777	750	-2.461601	-199.772470
50	0.168070	750	-2.296986	-202.069457
51	0.159626	750	-2.352721	-204.422178
52	0.151441	750	-2.279118	-206.701296
53	0.143514	750	-2.032509	-208.733805
54	0.135841	750	-2.109644	-210.843449
55	0.128420	750	-1.969436	-212.812885
56	0.121247	750	-2.086714	-214.899599
57	0.114320	750	-1.819602	-216.719201
58	0.107637	750	-1.916670	-218.635871
59	0.101193	750	-1.873225	-220.509096
60	0.094986	750	-1.820639	-222.329736
61	0.089014	750	-1.737995	-224.067731
62	0.083273	750	-1.720166	-225.787897
63	0.077760	750	-1.639622	-227.427519
64	0.072472	750	-1.599145	-229.026664
65	0.067406	750	-1.475670	-230.502334
66	0.062558	750	-1.470241	-231.972575
67	0.057926	750	-1.409411	-233.381985
68	0.053506	750	-1.342672	-234.724658
69	0.049295	750	-1.301407	-236.026064
70	0.045289	750	-1.226497	-237.252561
71	0.041485	750	-1.197030	-238.449591
72	0.037880	750	-1.094302	-239.543894
73	0.034469	750	-1.091790	-240.635684
74	0.031250	750	-1.031885	-241.667569
75	0.028218	750	-1.000711	-242.668280
76	0.025370	750	-0.959408	-243.627688
77	0.022702	750	-0.865067	-244.492754
78	0.020209	750	-0.819540	-245.312294
79	0.017889	750	-0.812365	-246.124659
80	0.015736	750	-0.777719	-246.902378
81	0.013746	750	-0.686748	-247.589126
82	0.011916	750	-0.628156	-248.217282
83	0.010240	750	-0.590302	-248.807584
84	0.008714	750	-0.555178	-249.362762
85	0.007334	750	-0.484520	-249.847282
86	0.006093	750	-0.449829	-250.297111
87	0.004988	750	-0.433967	-250.731078
88	0.004013	750	-0.390377	-251.121455
89	0.003162	750	-0.316281	-251.437736
90	0.002430	750	-0.306080	-251.743816
91	0.001810	750	-0.250646	-251.994462
92	0.001296	750	-0.196512	-252.190974
93	0.000882	750	-0.163715	-252.354689
94	0.000559	750	-0.131758	-252.486448
95	0.000320	750	-0.097332	-252.583780
96	0.000156	750	-0.068906	-252.652686
97	0.000057	750	-0.038703	-252.691389
98	0.000010	750	-0.018954	-252.710343
99	0.000000	750	-0.004510	-252.714853
Log marginal likelihood:	-252.714853
0	0.975187	750	-6.280492	-6.280492
1	0.950747	750	-6.291855	-12.572347
2	0.926679	750	-6.200912	-18.773259
3	0.902980	750	-6.074103	-24.847362
4	0.879648	750	-5.994861	-30.842222
5	0.856682	750	-5.885843	-36.728065
6	0.834079	750	-5.769373	-42.497438
7	0.811838	750	-5.705884	-48.203321
8	0.789957	750	-5.592216	-53.795537
9	0.768433	750	-5.480815	-59.276352
10	0.747266	750	-5.477167	-64.753519
11	0.726452	750	-5.315841	-70.069360
12	0.705989	750	-5.255762	-75.325122
13	0.685877	750	-5.184928	-80.510050
14	0.666112	750	-5.086952	-85.597002
15	0.646693	750	-5.001204	-90.598206
16	0.627618	750	-4.902968	-95.501174
17	0.608884	750	-4.834050	-100.335225
18	0.590490	750	-4.749347	-105.084572
19	0.572433	750	-4.705348	-109.789920
20	0.554712	750	-4.582679	-114.372599
21	0.537324	750	-4.509388	-118.881988
22	0.520268	750	-4.421271	-123.303258
23	0.503540	750	-4.352512	-127.655770
24	0.487139	750	-4.268576	-131.924346
25	0.471063	750	-4.178212	-136.102559
26	0.455310	750	-4.097106	-140.199664
27	0.439877	750	-4.023123	-144.222788
28	0.424762	750	-3.959902	-148.182690
29	0.409963	750	-3.864764	-152.047454
30	0.395478	750	-3.774899	-155.822353
31	0.381305	750	-3.688953	-159.511305
32	0.367440	750	-3.622045	-163.133351
33	0.353883	750	-3.520003	-166.653354
34	0.340630	750	-3.484486	-170.137841
35	0.327680	750	-3.387681	-173.525521
36	0.315030	750	-3.324052	-176.849573
37	0.302677	750	-3.268110	-180.117684
38	0.290619	750	-3.189472	-183.307156
39	0.278855	750	-3.087772	-186.394928
40	0.267381	750	-3.056500	-189.451427
41	0.256195	750	-2.955245	-192.406672
42	0.245294	750	-2.990741	-195.397414
43	0.234677	750	-2.928582	-198.325996
44	0.224340	750	-2.980472	-201.306467
45	0.214281	750	-2.889730	-204.196197
46	0.204498	750	-2.699689	-206.895886
47	0.194988	750	-2.834146	-209.730033
48	0.185749	750	-2.685285	-212.415318
49	0.176777	750	-2.592276	-215.007594
50	0.168070	750	-2.597735	-217.605329
51	0.159626	750	-2.519172	-220.124501
52	0.151441	750	-2.468770	-222.593271
53	0.143514	750	-2.395362	-224.988633
54	0.135841	750	-2.168131	-227.156764
55	0.128420	750	-2.147150	-229.303914
56	0.121247	750	-2.151071	-231.454984
57	0.114320	750	-2.062229	-233.517214
58	0.107637	750	-2.011613	-235.528827
59	0.101193	750	-1.887927	-237.416755
60	0.094986	750	-1.878621	-239.295375
61	0.089014	750	-1.824932	-241.120307
62	0.083273	750	-1.787692	-242.907999
63	0.077760	750	-1.678088	-244.586087
64	0.072472	750	-1.623013	-246.209100
65	0.067406	750	-1.579462	-247.788561
66	0.062558	750	-1.506465	-249.295026
67	0.057926	750	-1.424972	-250.719998
68	0.053506	750	-1.376754	-252.096752
69	0.049295	750	-1.320607	-253.417359
70	0.045289	750	-1.280795	-254.698153
71	0.041485	750	-1.226507	-255.924660
72	0.037880	750	-1.153312	-257.077972
73	0.034469	750	-1.168964	-258.246936
74	0.031250	750	-1.049381	-259.296317
75	0.028218	750	-1.019235	-260.315553
76	0.025370	750	-0.949623	-261.265176
77	0.022702	750	-0.914010	-262.179186
78	0.020209	750	-0.859892	-263.039078
79	0.017889	750	-0.819539	-263.858616
80	0.015736	750	-0.737181	-264.595797
81	0.013746	750	-0.755432	-265.351230
82	0.011916	750	-0.635212	-265.986442
83	0.010240	750	-0.602483	-266.588925
84	0.008714	750	-0.541677	-267.130601
85	0.007334	750	-0.512602	-267.643203
86	0.006093	750	-0.485485	-268.128688
87	0.004988	750	-0.417077	-268.545766
88	0.004013	750	-0.380240	-268.926005
89	0.003162	750	-0.322545	-269.248550
90	0.002430	750	-0.307428	-269.555978
91	0.001810	750	-0.244303	-269.800280
92	0.001296	750	-0.205812	-270.006092
93	0.000882	750	-0.178351	-270.184444
94	0.000559	750	-0.138663	-270.323107
95	0.000320	750	-0.096604	-270.419711
96	0.000156	750	-0.064284	-270.483995
97	0.000057	750	-0.042280	-270.526275
98	0.000010	750	-0.021497	-270.547772
99	0.000000	750	-0.004680	-270.552452
Log marginal likelihood:	-270.552452
0	0.975187	750	-5.934766	-5.934766
1	0.950747	750	-5.855641	-11.790407
2	0.926679	750	-5.788849	-17.579257
3	0.902980	750	-5.733578	-23.312835
4	0.879648	750	-5.633446	-28.946281
5	0.856682	750	-5.499173	-34.445454
6	0.834079	750	-5.449408	-39.894862
7	0.811838	750	-5.369604	-45.264466
8	0.789957	750	-5.294318	-50.558784
9	0.768433	750	-5.185228	-55.744012
10	0.747266	750	-5.126929	-60.870941
11	0.726452	750	-5.042884	-65.913825
12	0.705989	750	-4.934164	-70.847989
13	0.685877	750	-4.869117	-75.717106
14	0.666112	750	-4.769365	-80.486471
15	0.646693	750	-4.693405	-85.179876
16	0.627618	750	-4.619938	-89.799814
17	0.608884	750	-4.542872	-94.342686
18	0.590490	750	-4.460631	-98.803317
19	0.572433	750	-4.384217	-103.187534
20	0.554712	750	-4.302954	-107.490489
21	0.537324	750	-4.214531	-111.705019
22	0.520268	750	-4.141615	-115.846634
23	0.503540	750	-4.092751	-119.939385
24	0.487139	750	-4.004144	-123.943529
25	0.471063	750	-3.893462	-127.836991
26	0.455310	750	-3.825300	-131.662291
27	0.439877	750	-3.786963	-135.449255
28	0.424762	750	-3.686770	-139.136025
29	0.409963	750	-3.636585	-142.772609
30	0.395478	750	-3.562146	-146.334755
31	0.381305	750	-3.504542	-149.839296
32	0.367440	750	-3.444726	-153.284023
33	0.353883	750	-3.338363	-156.622386
34	0.340630	750	-3.270956	-159.893342
35	0.327680	750	-3.232869	-163.126210
36	0.315030	750	-3.197275	-166.323485
37	0.302677	750	-3.055489	-169.378974
38	0.290619	750	-3.035725	-172.414699
39	0.278855	750	-2.898606	-175.313304
40	0.267381	750	-2.866645	-178.179949
41	0.256195	750	-2.824492	-181.004441
42	0.245294	750	-2.735274	-183.739715
43	0.234677	750	-2.747195	-186.486910
44	0.224340	750	-2.572589	-189.059499
45	0.214281	750	-2.566140	-191.625639
46	0.204498	750	-2.786557	-194.412196
47	0.194988	750	-2.465608	-196.877803
48	0.185749	750	-2.562096	-199.439900
49	0.176777	750	-2.405629	-201.845528
50	0.168070	750	-2.260808	-204.106336
51	0.159626	750	-2.386733	-206.493070
52	0.151441	750	-2.295103	-208.788172
53	0.143514	750	-2.246973	-211.035145
54	0.135841	750	-2.211913	-213.247058
55	0.128420	750	-2.139809	-215.386867
56	0.121247	750	-2.106444	-217.493310
57	0.114320	750	-1.982970	-219.476281
58	0.107637	750	-1.945972	-221.422253
59	0.101193	750	-1.867584	-223.289837
60	0.094986	750	-1.753972	-225.043809
61	0.089014	750	-1.759968	-226.803777
62	0.083273	750	-1.717968	-228.521745
63	0.077760	750	-1.647266	-230.169011
64	0.072472	750	-1.577057	-231.746069
65	0.067406	750	-1.553576	-233.299644
66	0.062558	750	-1.460459	-234.760103
67	0.057926	750	-1.388327	-236.148430
68	0.053506	750	-1.342775	-237.491205
69	0.049295	750	-1.280006	-238.771211
70	0.045289	750	-1.253036	-240.024247
71	0.041485	750	-1.147337	-241.171584
72	0.037880	750	-1.144044	-242.315628
73	0.034469	750	-1.077547	-243.393175
74	0.031250	750	-1.050901	-244.444076
75	0.028218	750	-0.982950	-245.427026
76	0.025370	750	-0.923375	-246.350402
77	0.022702	750	-0.853643	-247.204044
78	0.020209	750	-0.852566	-248.056610
79	0.017889	750	-0.815764	-248.872374
80	0.015736	750	-0.731554	-249.603928
81	0.013746	750	-0.661823	-250.265751
82	0.011916	750	-0.660168	-250.925919
83	0.010240	750	-0.609043	-251.534962
84	0.008714	750	-0.559234	-252.094196
85	0.007334	750	-0.483725	-252.577921
86	0.006093	750	-0.445149	-253.023070
87	0.004988	750	-0.420613	-253.443683
88	0.004013	750	-0.377805	-253.821488
89	0.003162	750	-0.336662	-254.158151
90	0.002430	750	-0.306698	-254.464849
91	0.001810	750	-0.229443	-254.694292
92	0.001296	750	-0.210348	-254.904640
93	0.000882	750	-0.172151	-255.076792
94	0.000559	750	-0.124384	-255.201176
95	0.000320	750	-0.108346	-255.309522
96	0.000156	750	-0.065169	-255.374691
97	0.000057	750	-0.044663	-255.419354
98	0.000010	750	-0.019315	-255.438669
99	0.000000	750	-0.004782	-255.443451
Log marginal likelihood:	-255.443451
