Steppingstone sampler:
        No Stones:                  100
        Start It:                   1010001
        It Per Stone:               1000
        Sample Freq:                1
        Dist:                       Beta(0.400000,1.000000)
Stone No	Power	N	Stone MLh	Running MLh
0	0.975187	750	-3.687219	-3.687219
1	0.950747	750	-3.635443	-7.322662
2	0.926679	750	-3.590936	-10.913598
3	0.902980	750	-3.529836	-14.443434
4	0.879648	750	-3.483851	-17.927285
5	0.856682	750	-3.415871	-21.343156
6	0.834079	750	-3.373987	-24.717143
7	0.811838	750	-3.315009	-28.032152
8	0.789957	750	-3.269979	-31.302131
9	0.768433	750	-3.221962	-34.524094
10	0.747266	750	-3.173389	-37.697483
11	0.726452	750	-3.116881	-40.814363
12	0.705989	750	-3.070198	-43.884562
13	0.685877	750	-3.017133	-46.901694
14	0.666112	750	-2.946420	-49.848115
15	0.646693	750	-2.916500	-52.764615
16	0.627618	750	-2.858043	-55.622658
17	0.608884	750	-2.815807	-58.438465
18	0.590490	750	-2.774235	-61.212700
19	0.572433	750	-2.718974	-63.931674
20	0.554712	750	-2.659491	-66.591165
21	0.537324	750	-2.619402	-69.210567
22	0.520268	750	-2.566888	-71.777455
23	0.503540	750	-2.512170	-74.289625
24	0.487139	750	-2.479684	-76.769309
25	0.471063	750	-2.446895	-79.216204
26	0.455310	750	-2.397125	-81.613329
27	0.439877	750	-2.347553	-83.960882
28	0.424762	750	-2.298056	-86.258938
29	0.409963	750	-2.252816	-88.511755
30	0.395478	750	-2.199819	-90.711574
31	0.381305	750	-2.138916	-92.850490
32	0.367440	750	-2.123677	-94.974168
33	0.353883	750	-2.071935	-97.046102
34	0.340630	750	-2.038292	-99.084394
35	0.327680	750	-2.000187	-101.084581
36	0.315030	750	-1.930110	-103.014691
37	0.302677	750	-1.895378	-104.910069
38	0.290619	750	-1.870049	-106.780118
39	0.278855	750	-1.831154	-108.611272
40	0.267381	750	-1.840290	-110.451562
41	0.256195	750	-1.766261	-112.217823
42	0.245294	750	-1.763284	-113.981107
43	0.234677	750	-1.693158	-115.674266
44	0.224340	750	-1.841053	-117.515319
45	0.214281	750	-1.645968	-119.161287
46	0.204498	750	-1.635089	-120.796376
47	0.194988	750	-1.506059	-122.302435
48	0.185749	750	-1.572587	-123.875021
49	0.176777	750	-1.477635	-125.352656
50	0.168070	750	-1.547331	-126.899988
51	0.159626	750	-1.427036	-128.327024
52	0.151441	750	-1.342541	-129.669566
53	0.143514	750	-1.443940	-131.113505
54	0.135841	750	-1.530145	-132.643651
55	0.128420	750	-1.480818	-134.124469
56	0.121247	750	-1.376711	-135.501179
57	0.114320	750	-1.448421	-136.949600
58	0.107637	750	-1.261876	-138.211476
59	0.101193	750	-1.256680	-139.468156
60	0.094986	750	-1.278597	-140.746753
61	0.089014	750	-1.323182	-142.069935
62	0.083273	750	-1.243740	-143.313674
63	0.077760	750	-1.241738	-144.555412
64	0.072472	750	-1.186066	-145.741478
65	0.067406	750	-1.134797	-146.876274
66	0.062558	750	-1.034490	-147.910764
67	0.057926	750	-1.042960	-148.953724
68	0.053506	750	-1.043354	-149.997079
69	0.049295	750	-0.999062	-150.996141
70	0.045289	750	-0.956304	-151.952446
71	0.041485	750	-0.898914	-152.851360
72	0.037880	750	-0.854411	-153.705771
73	0.034469	750	-0.847276	-154.553047
74	0.031250	750	-0.795615	-155.348661
75	0.028218	750	-0.767666	-156.116327
76	0.025370	750	-0.701260	-156.817586
77	0.022702	750	-0.676399	-157.493986
78	0.020209	750	-0.651713	-158.145699
79	0.017889	750	-0.592381	-158.738080
80	0.015736	750	-0.557556	-159.295635
81	0.013746	750	-0.525386	-159.821022
82	0.011916	750	-0.500185	-160.321207
83	0.010240	750	-0.465709	-160.786916
84	0.008714	750	-0.424328	-161.211244
85	0.007334	750	-0.403227	-161.614471
86	0.006093	750	-0.361477	-161.975949
87	0.004988	750	-0.344008	-162.319957
88	0.004013	750	-0.298055	-162.618012
89	0.003162	750	-0.273496	-162.891507
90	0.002430	750	-0.255304	-163.146811
91	0.001810	750	-0.201473	-163.348284
92	0.001296	750	-0.172520	-163.520804
93	0.000882	750	-0.136735	-163.657539
94	0.000559	750	-0.116058	-163.773596
95	0.000320	750	-0.086517	-163.860113
96	0.000156	750	-0.062084	-163.922197
97	0.000057	750	-0.035284	-163.957482
98	0.000010	750	-0.015173	-163.972655
99	0.000000	750	-0.003705	-163.976359
Log marginal likelihood:	-163.976359
0	0.975187	750	-3.861951	-3.861951
1	0.950747	750	-3.821815	-7.683766
2	0.926679	750	-3.788658	-11.472424
3	0.902980	750	-3.711948	-15.184373
4	0.879648	750	-3.664240	-18.848612
5	0.856682	750	-3.595698	-22.444310
6	0.834079	750	-3.532371	-25.976682
7	0.811838	750	-3.489256	-29.465937
8	0.789957	750	-3.448365	-32.914302
9	0.768433	750	-3.399136	-36.313438
10	0.747266	750	-3.325559	-39.638997
11	0.726452	750	-3.262649	-42.901646
12	0.705989	750	-3.230923	-46.132569
13	0.685877	750	-3.166309	-49.298878
14	0.666112	750	-3.131308	-52.430186
15	0.646693	750	-3.050814	-55.481001
16	0.627618	750	-3.006902	-58.487903
17	0.608884	750	-2.960799	-61.448702
18	0.590490	750	-2.909963	-64.358665
19	0.572433	750	-2.889001	-67.247666
20	0.554712	750	-2.797424	-70.045089
21	0.537324	750	-2.752917	-72.798007
22	0.520268	750	-2.698732	-75.496739
23	0.503540	750	-2.638016	-78.134755
24	0.487139	750	-2.609542	-80.744297
25	0.471063	750	-2.557075	-83.301372
26	0.455310	750	-2.515702	-85.817074
27	0.439877	750	-2.472416	-88.289489
28	0.424762	750	-2.419146	-90.708636
29	0.409963	750	-2.361270	-93.069905
30	0.395478	750	-2.301505	-95.371410
31	0.381305	750	-2.270628	-97.642038
32	0.367440	750	-2.243121	-99.885159
33	0.353883	750	-2.176738	-102.061897
34	0.340630	750	-2.130615	-104.192512
35	0.327680	750	-2.085788	-106.278300
36	0.315030	750	-2.068287	-108.346588
37	0.302677	750	-2.022421	-110.369009
38	0.290619	750	-1.972394	-112.341403
39	0.278855	750	-1.946848	-114.288251
40	0.267381	750	-1.915876	-116.204126
41	0.256195	750	-1.844699	-118.048825
42	0.245294	750	-1.790911	-119.839736
43	0.234677	750	-1.879039	-121.718775
44	0.224340	750	-1.729045	-123.447820
45	0.214281	750	-1.702155	-125.149975
46	0.204498	750	-1.666221	-126.816195
47	0.194988	750	-1.604960	-128.421156
48	0.185749	750	-1.605250	-130.026406
49	0.176777	750	-1.715968	-131.742373
50	0.168070	750	-1.618542	-133.360915
51	0.159626	750	-1.512507	-134.873422
52	0.151441	750	-1.569207	-136.442629
53	0.143514	750	-1.672533	-138.115162
54	0.135841	750	-1.553737	-139.668899
55	0.128420	750	-1.531459	-141.200358
56	0.121247	750	-1.522927	-142.723284
57	0.114320	750	-1.444482	-144.167766
58	0.107637	750	-1.399471	-145.567237
59	0.101193	750	-1.348085	-146.915322
60	0.094986	750	-1.275779	-148.191101
61	0.089014	750	-1.272767	-149.463868
62	0.083273	750	-1.288811	-150.752679
63	0.077760	750	-1.180980	-151.933659
64	0.072472	750	-1.140931	-153.074590
65	0.067406	750	-1.161465	-154.236055
66	0.062558	750	-1.088406	-155.324461
67	0.057926	750	-1.105620	-156.430081
68	0.053506	750	-1.040694	-157.470775
69	0.049295	750	-0.992940	-158.463715
70	0.045289	750	-0.949170	-159.412885
71	0.041485	750	-0.908208	-160.321093
72	0.037880	750	-0.868757	-161.189849
73	0.034469	750	-0.821770	-162.011619
74	0.031250	750	-0.785374	-162.796993
75	0.028218	750	-0.752699	-163.549692
76	0.025370	750	-0.710947	-164.260639
77	0.022702	750	-0.698102	-164.958741
78	0.020209	750	-0.641119	-165.599860
79	0.017889	750	-0.619791	-166.219651
80	0.015736	750	-0.550254	-166.769905
81	0.013746	750	-0.531977	-167.301883
82	0.011916	750	-0.505826	-167.807708
83	0.010240	750	-0.449979	-168.257687
84	0.008714	750	-0.423679	-168.681366
85	0.007334	750	-0.391717	-169.073083
86	0.006093	750	-0.369758	-169.442841
87	0.004988	750	-0.331809	-169.774651
88	0.004013	750	-0.306171	-170.080821
89	0.003162	750	-0.263821	-170.344642
90	0.002430	750	-0.234142	-170.578784
91	0.001810	750	-0.190460	-170.769244
92	0.001296	750	-0.167085	-170.936329
93	0.000882	750	-0.131353	-171.067682
94	0.000559	750	-0.122043	-171.189725
95	0.000320	750	-0.085479	-171.275203
96	0.000156	750	-0.058182	-171.333386
97	0.000057	750	-0.035783	-171.369168
98	0.000010	750	-0.017527	-171.386695
99	0.000000	750	-0.003526	-171.390220
Log marginal likelihood:	-171.390220
0	0.975187	750	-3.901785	-3.901785
1	0.950747	750	-3.840954	-7.742739
2	0.926679	750	-3.787294	-11.530032
3	0.902980	750	-3.730258	-15.260290
4	0.879648	750	-3.670221	-18.930511
5	0.856682	750	-3.616688	-22.547199
6	0.834079	750	-3.574570	-26.121769
7	0.811838	750	-3.508251	-29.630020
8	0.789957	750	-3.459360	-33.089380
9	0.768433	750	-3.404208	-36.493587
10	0.747266	750	-3.344183	-39.837770
11	0.726452	750	-3.273410	-43.111180
12	0.705989	750	-3.254491	-46.365672
13	0.685877	750	-3.170341	-49.536013
14	0.666112	750	-3.122878	-52.658891
15	0.646693	750	-3.083562	-55.742454
16	0.627618	750	-3.033116	-58.775569
17	0.608884	750	-2.982266	-61.757836
18	0.590490	750	-2.923669	-64.681505
19	0.572433	750	-2.878199	-67.559704
20	0.554712	750	-2.822590	-70.382294
21	0.537324	750	-2.764678	-73.146972
22	0.520268	750	-2.707307	-75.854279
23	0.503540	750	-2.680538	-78.534818
24	0.487139	750	-2.619133	-81.153950
25	0.471063	750	-2.570631	-83.724581
26	0.455310	750	-2.527186	-86.251768
27	0.439877	750	-2.505139	-88.756907
28	0.424762	750	-2.412527	-91.169434
29	0.409963	750	-2.385617	-93.555051
30	0.395478	750	-2.329519	-95.884571
31	0.381305	750	-2.285493	-98.170064
32	0.367440	750	-2.255242	-100.425305
33	0.353883	750	-2.194424	-102.619730
34	0.340630	750	-2.138450	-104.758180
35	0.327680	750	-2.101177	-106.859357
36	0.315030	750	-2.059341	-108.918697
37	0.302677	750	-1.992069	-110.910766
38	0.290619	750	-1.961658	-112.872424
39	0.278855	750	-1.993193	-114.865617
40	0.267381	750	-1.939613	-116.805230
41	0.256195	750	-1.853399	-118.658628
42	0.245294	750	-1.833109	-120.491738
43	0.234677	750	-1.807388	-122.299126
44	0.224340	750	-1.705470	-124.004595
45	0.214281	750	-1.714942	-125.719537
46	0.204498	750	-1.664070	-127.383607
47	0.194988	750	-1.677184	-129.060791
48	0.185749	750	-1.722042	-130.782833
49	0.176777	750	-1.597831	-132.380663
50	0.168070	750	-1.578781	-133.959445
51	0.159626	750	-1.572358	-135.531802
52	0.151441	750	-1.479193	-137.010995
53	0.143514	750	-1.520303	-138.531298
54	0.135841	750	-1.544012	-140.075310
55	0.128420	750	-1.537924	-141.613233
56	0.121247	750	-1.617469	-143.230702
57	0.114320	750	-1.421213	-144.651915
58	0.107637	750	-1.318588	-145.970504
59	0.101193	750	-1.378250	-147.348754
60	0.094986	750	-1.345960	-148.694714
61	0.089014	750	-1.313403	-150.008117
62	0.083273	750	-1.299964	-151.308081
63	0.077760	750	-1.185321	-152.493402
64	0.072472	750	-1.192088	-153.685490
65	0.067406	750	-1.198251	-154.883741
66	0.062558	750	-1.095021	-155.978762
67	0.057926	750	-1.056810	-157.035572
68	0.053506	750	-1.037356	-158.072928
69	0.049295	750	-0.981080	-159.054008
70	0.045289	750	-0.958850	-160.012858
71	0.041485	750	-0.919841	-160.932700
72	0.037880	750	-0.859059	-161.791759
73	0.034469	750	-0.829685	-162.621444
74	0.031250	750	-0.797363	-163.418807
75	0.028218	750	-0.756393	-164.175200
76	0.025370	750	-0.711126	-164.886325
77	0.022702	750	-0.672593	-165.558918
78	0.020209	750	-0.637536	-166.196454
79	0.017889	750	-0.612342	-166.808796
80	0.015736	750	-0.586424	-167.395221
81	0.013746	750	-0.530568	-167.925789
82	0.011916	750	-0.512086	-168.437876
83	0.010240	750	-0.449156	-168.887032
84	0.008714	750	-0.420499	-169.307531
85	0.007334	750	-0.392301	-169.699832
86	0.006093	750	-0.374469	-170.074301
87	0.004988	750	-0.335231	-170.409532
88	0.004013	750	-0.300035	-170.709568
89	0.003162	750	-0.279186	-170.988753
90	0.002430	750	-0.235177	-171.223930
91	0.001810	750	-0.202063	-171.425993
92	0.001296	750	-0.178762	-171.604755
93	0.000882	750	-0.146408	-171.751163
94	0.000559	750	-0.117978	-171.869141
95	0.000320	750	-0.088162	-171.957303
96	0.000156	750	-0.053985	-172.011288
97	0.000057	750	-0.033168	-172.044456
98	0.000010	750	-0.017362	-172.061818
99	0.000000	750	-0.003922	-172.065739
Log marginal likelihood:	-172.065739
0	0.975187	750	-3.787291	-3.787291
1	0.950747	750	-3.739097	-7.526388
2	0.926679	750	-3.690407	-11.216796
3	0.902980	750	-3.626889	-14.843685
4	0.879648	750	-3.587809	-18.431494
5	0.856682	750	-3.519865	-21.951359
6	0.834079	750	-3.464704	-25.416064
7	0.811838	750	-3.413242	-28.829306
8	0.789957	750	-3.363937	-32.193243
9	0.768433	750	-3.307995	-35.501238
10	0.747266	750	-3.254957	-38.756195
11	0.726452	750	-3.212332	-41.968527
12	0.705989	750	-3.153055	-45.121582
13	0.685877	750	-3.099239	-48.220821
14	0.666112	750	-3.050901	-51.271722
15	0.646693	750	-2.993345	-54.265068
16	0.627618	750	-2.955457	-57.220525
17	0.608884	750	-2.886478	-60.107003
18	0.590490	750	-2.843446	-62.950449
19	0.572433	750	-2.793504	-65.743953
20	0.554712	750	-2.742368	-68.486321
21	0.537324	750	-2.681034	-71.167355
22	0.520268	750	-2.670272	-73.837627
23	0.503540	750	-2.620782	-76.458409
24	0.487139	750	-2.559267	-79.017676
25	0.471063	750	-2.501457	-81.519133
26	0.455310	750	-2.461244	-83.980377
27	0.439877	750	-2.389197	-86.369574
28	0.424762	750	-2.361112	-88.730687
29	0.409963	750	-2.321056	-91.051743
30	0.395478	750	-2.272206	-93.323948
31	0.381305	750	-2.253463	-95.577411
32	0.367440	750	-2.192894	-97.770305
33	0.353883	750	-2.142478	-99.912783
34	0.340630	750	-2.100565	-102.013348
35	0.327680	750	-2.049840	-104.063188
36	0.315030	750	-1.999027	-106.062215
37	0.302677	750	-1.955391	-108.017607
38	0.290619	750	-1.924865	-109.942471
39	0.278855	750	-1.895140	-111.837611
40	0.267381	750	-1.840962	-113.678573
41	0.256195	750	-1.803132	-115.481705
42	0.245294	750	-1.794266	-117.275972
43	0.234677	750	-1.725669	-119.001641
44	0.224340	750	-1.799726	-120.801366
45	0.214281	750	-1.621389	-122.422755
46	0.204498	750	-1.635077	-124.057832
47	0.194988	750	-1.651159	-125.708991
48	0.185749	750	-1.618095	-127.327086
49	0.176777	750	-1.550872	-128.877958
50	0.168070	750	-1.690202	-130.568159
51	0.159626	750	-1.427900	-131.996059
52	0.151441	750	-1.478177	-133.474236
53	0.143514	750	-1.490479	-134.964716
54	0.135841	750	-1.514014	-136.478730
55	0.128420	750	-1.348227	-137.826957
56	0.121247	750	-1.465216	-139.292172
57	0.114320	750	-1.371698	-140.663871
58	0.107637	750	-1.386621	-142.050491
59	0.101193	750	-1.348735	-143.399226
60	0.094986	750	-1.361099	-144.760325
61	0.089014	750	-1.373044	-146.133369
62	0.083273	750	-1.263465	-147.396834
63	0.077760	750	-1.207225	-148.604059
64	0.072472	750	-1.097758	-149.701817
65	0.067406	750	-1.178977	-150.880794
66	0.062558	750	-1.119138	-151.999932
67	0.057926	750	-1.042715	-153.042647
68	0.053506	750	-1.023805	-154.066452
69	0.049295	750	-1.015979	-155.082430
70	0.045289	750	-0.946073	-156.028503
71	0.041485	750	-0.922286	-156.950789
72	0.037880	750	-0.869085	-157.819874
73	0.034469	750	-0.828993	-158.648866
74	0.031250	750	-0.801073	-159.449940
75	0.028218	750	-0.750784	-160.200724
76	0.025370	750	-0.721785	-160.922510
77	0.022702	750	-0.659546	-161.582056
78	0.020209	750	-0.648686	-162.230742
79	0.017889	750	-0.603937	-162.834679
80	0.015736	750	-0.572342	-163.407021
81	0.013746	750	-0.528363	-163.935384
82	0.011916	750	-0.487528	-164.422912
83	0.010240	750	-0.486116	-164.909028
84	0.008714	750	-0.443779	-165.352807
85	0.007334	750	-0.385032	-165.737839
86	0.006093	750	-0.369515	-166.107355
87	0.004988	750	-0.328682	-166.436037
88	0.004013	750	-0.313576	-166.749613
89	0.003162	750	-0.265685	-167.015298
90	0.002430	750	-0.231066	-167.246364
91	0.001810	750	-0.214673	-167.461037
92	0.001296	750	-0.163419	-167.624455
93	0.000882	750	-0.136436	-167.760892
94	0.000559	750	-0.117108	-167.878000
95	0.000320	750	-0.079519	-167.957519
96	0.000156	750	-0.056649	-168.014168
97	0.000057	750	-0.035117	-168.049285
98	0.000010	750	-0.018337	-168.067622
99	0.000000	750	-0.003346	-168.070968
Log marginal likelihood:	-168.070968
0	0.975187	750	-3.676622	-3.676622
1	0.950747	750	-3.633615	-7.310237
2	0.926679	750	-3.569748	-10.879985
3	0.902980	750	-3.505268	-14.385253
4	0.879648	750	-3.463052	-17.848305
5	0.856682	750	-3.402397	-21.250702
6	0.834079	750	-3.373044	-24.623746
7	0.811838	750	-3.296558	-27.920304
8	0.789957	750	-3.258393	-31.178696
9	0.768433	750	-3.194679	-34.373375
10	0.747266	750	-3.141565	-37.514940
11	0.726452	750	-3.109291	-40.624231
12	0.705989	750	-3.039422	-43.663653
13	0.685877	750	-3.004879	-46.668532
14	0.666112	750	-2.941549	-49.610081
15	0.646693	750	-2.902858	-52.512939
16	0.627618	750	-2.873391	-55.386330
17	0.608884	750	-2.794674	-58.181005
18	0.590490	750	-2.760406	-60.941411
19	0.572433	750	-2.719490	-63.660901
20	0.554712	750	-2.660353	-66.321254
21	0.537324	750	-2.618055	-68.939309
22	0.520268	750	-2.552988	-71.492297
23	0.503540	750	-2.521484	-74.013782
24	0.487139	750	-2.489403	-76.503184
25	0.471063	750	-2.426225	-78.929409
26	0.455310	750	-2.365352	-81.294761
27	0.439877	750	-2.352627	-83.647388
28	0.424762	750	-2.297535	-85.944923
29	0.409963	750	-2.265862	-88.210785
30	0.395478	750	-2.217424	-90.428209
31	0.381305	750	-2.161747	-92.589955
32	0.367440	750	-2.112180	-94.702135
33	0.353883	750	-2.115774	-96.817909
34	0.340630	750	-2.030822	-98.848731
35	0.327680	750	-2.026678	-100.875409
36	0.315030	750	-1.925203	-102.800612
37	0.302677	750	-1.922001	-104.722613
38	0.290619	750	-1.854598	-106.577211
39	0.278855	750	-1.803012	-108.380223
40	0.267381	750	-1.822226	-110.202449
41	0.256195	750	-1.796640	-111.999089
42	0.245294	750	-1.821021	-113.820110
43	0.234677	750	-1.661817	-115.481927
44	0.224340	750	-1.634742	-117.116669
45	0.214281	750	-1.663275	-118.779944
46	0.204498	750	-1.638051	-120.417994
47	0.194988	750	-1.597418	-122.015412
48	0.185749	750	-1.561305	-123.576717
49	0.176777	750	-1.567308	-125.144025
50	0.168070	750	-1.580736	-126.724761
51	0.159626	750	-1.500690	-128.225451
52	0.151441	750	-1.519201	-129.744651
53	0.143514	750	-1.610002	-131.354654
54	0.135841	750	-1.506073	-132.860726
55	0.128420	750	-1.407938	-134.268664
56	0.121247	750	-1.377829	-135.646494
57	0.114320	750	-1.359637	-137.006131
58	0.107637	750	-1.339103	-138.345234
59	0.101193	750	-1.338283	-139.683517
60	0.094986	750	-1.322404	-141.005921
61	0.089014	750	-1.244506	-142.250427
62	0.083273	750	-1.179319	-143.429747
63	0.077760	750	-1.189097	-144.618844
64	0.072472	750	-1.176038	-145.794882
65	0.067406	750	-1.118878	-146.913760
66	0.062558	750	-1.093211	-148.006971
67	0.057926	750	-1.080160	-149.087131
68	0.053506	750	-0.996828	-150.083959
69	0.049295	750	-0.973188	-151.057147
70	0.045289	750	-0.956385	-152.013531
71	0.041485	750	-0.926168	-152.939699
72	0.037880	750	-0.851246	-153.790945
73	0.034469	750	-0.807317	-154.598262
74	0.031250	750	-0.777010	-155.375272
75	0.028218	750	-0.733767	-156.109040
76	0.025370	750	-0.718215	-156.827254
77	0.022702	750	-0.673812	-157.501067
78	0.020209	750	-0.633472	-158.134539
79	0.017889	750	-0.602657	-158.737196
80	0.015736	750	-0.564746	-159.301942
81	0.013746	750	-0.527698	-159.829640
82	0.011916	750	-0.512827	-160.342467
83	0.010240	750	-0.466749	-160.809216
84	0.008714	750	-0.459509	-161.268726
85	0.007334	750	-0.398119	-161.666845
86	0.006093	750	-0.380120	-162.046965
87	0.004988	750	-0.310502	-162.357466
88	0.004013	750	-0.314909	-162.672376
89	0.003162	750	-0.265181	-162.937557
90	0.002430	750	-0.244140	-163.181697
91	0.001810	750	-0.205712	-163.387408
92	0.001296	750	-0.160958	-163.548367
93	0.000882	750	-0.135671	-163.684038
94	0.000559	750	-0.112273	-163.796310
95	0.000320	750	-0.086652	-163.882962
96	0.000156	750	-0.058561	-163.941524
97	0.000057	750	-0.035425	-163.976949
98	0.000010	750	-0.018201	-163.995150
99	0.000000	750	-0.003693	-163.998843
Log marginal likelihood:	-163.998843
0	0.975187	750	-3.615265	-3.615265
1	0.950747	750	-3.561170	-7.176435
2	0.926679	750	-3.520073	-10.696507
3	0.902980	750	-3.472789	-14.169297
4	0.879648	750	-3.413712	-17.583008
5	0.856682	750	-3.366922	-20.949931
6	0.834079	750	-3.306523	-24.256453
7	0.811838	750	-3.247160	-27.503614
8	0.789957	750	-3.211814	-30.715428
9	0.768433	750	-3.163017	-33.878445
10	0.747266	750	-3.112258	-36.990703
11	0.726452	750	-3.045819	-40.036522
12	0.705989	750	-3.019214	-43.055736
13	0.685877	750	-2.976035	-46.031771
14	0.666112	750	-2.925685	-48.957455
15	0.646693	750	-2.859934	-51.817390
16	0.627618	750	-2.812731	-54.630120
17	0.608884	750	-2.764853	-57.394973
18	0.590490	750	-2.717211	-60.112185
19	0.572433	750	-2.655398	-62.767583
20	0.554712	750	-2.618625	-65.386208
21	0.537324	750	-2.570555	-67.956763
22	0.520268	750	-2.536032	-70.492795
23	0.503540	750	-2.498433	-72.991228
24	0.487139	750	-2.433727	-75.424955
25	0.471063	750	-2.401892	-77.826847
26	0.455310	750	-2.344514	-80.171361
27	0.439877	750	-2.297664	-82.469025
28	0.424762	750	-2.258559	-84.727584
29	0.409963	750	-2.216703	-86.944287
30	0.395478	750	-2.176656	-89.120943
31	0.381305	750	-2.131218	-91.252161
32	0.367440	750	-2.079378	-93.331539
33	0.353883	750	-2.037294	-95.368833
34	0.340630	750	-2.008593	-97.377426
35	0.327680	750	-1.957254	-99.334680
36	0.315030	750	-1.930123	-101.264803
37	0.302677	750	-1.872566	-103.137369
38	0.290619	750	-1.833930	-104.971299
39	0.278855	750	-1.835429	-106.806728
40	0.267381	750	-1.850295	-108.657023
41	0.256195	750	-1.706519	-110.363543
42	0.245294	750	-1.704801	-112.068344
43	0.234677	750	-1.700447	-113.768791
44	0.224340	750	-1.620590	-115.389381
45	0.214281	750	-1.604511	-116.993891
46	0.204498	750	-1.569185	-118.563076
47	0.194988	750	-1.669114	-120.232190
48	0.185749	750	-1.478861	-121.711052
49	0.176777	750	-1.545789	-123.256840
50	0.168070	750	-1.466136	-124.722977
51	0.159626	750	-1.364860	-126.087837
52	0.151441	750	-1.313991	-127.401828
53	0.143514	750	-1.447614	-128.849442
54	0.135841	750	-1.433123	-130.282565
55	0.128420	750	-1.494456	-131.777021
56	0.121247	750	-1.328458	-133.105479
57	0.114320	750	-1.299981	-134.405459
58	0.107637	750	-1.331629	-135.737088
59	0.101193	750	-1.320891	-137.057979
60	0.094986	750	-1.248721	-138.306700
61	0.089014	750	-1.242853	-139.549553
62	0.083273	750	-1.228071	-140.777625
63	0.077760	750	-1.138480	-141.916105
64	0.072472	750	-1.111232	-143.027338
65	0.067406	750	-1.130334	-144.157671
66	0.062558	750	-1.062978	-145.220649
67	0.057926	750	-1.077291	-146.297940
68	0.053506	750	-1.025854	-147.323794
69	0.049295	750	-1.004314	-148.328108
70	0.045289	750	-0.920959	-149.249067
71	0.041485	750	-0.892863	-150.141930
72	0.037880	750	-0.872490	-151.014419
73	0.034469	750	-0.793929	-151.808348
74	0.031250	750	-0.786545	-152.594893
75	0.028218	750	-0.727242	-153.322135
76	0.025370	750	-0.719395	-154.041530
77	0.022702	750	-0.642569	-154.684099
78	0.020209	750	-0.621698	-155.305797
79	0.017889	750	-0.596377	-155.902174
80	0.015736	750	-0.574317	-156.476490
81	0.013746	750	-0.527492	-157.003982
82	0.011916	750	-0.491454	-157.495436
83	0.010240	750	-0.461079	-157.956516
84	0.008714	750	-0.441348	-158.397864
85	0.007334	750	-0.401221	-158.799085
86	0.006093	750	-0.347914	-159.146999
87	0.004988	750	-0.315145	-159.462144
88	0.004013	750	-0.302842	-159.764986
89	0.003162	750	-0.266844	-160.031830
90	0.002430	750	-0.240616	-160.272446
91	0.001810	750	-0.188803	-160.461249
92	0.001296	750	-0.184657	-160.645905
93	0.000882	750	-0.149158	-160.795064
94	0.000559	750	-0.110921	-160.905985
95	0.000320	750	-0.089036	-160.995021
96	0.000156	750	-0.053736	-161.048757
97	0.000057	750	-0.035551	-161.084309
98	0.000010	750	-0.015851	-161.100160
99	0.000000	750	-0.003940	-161.104100
Log marginal likelihood:	-161.104100
0	0.975187	750	-3.017884	-3.017884
1	0.950747	750	-2.976729	-5.994613
2	0.926679	750	-2.933933	-8.928546
3	0.902980	750	-2.897997	-11.826544
4	0.879648	750	-2.849677	-14.676221
5	0.856682	750	-2.814925	-17.491146
6	0.834079	750	-2.757803	-20.248949
7	0.811838	750	-2.717055	-22.966004
8	0.789957	750	-2.700389	-25.666393
9	0.768433	750	-2.636658	-28.303051
10	0.747266	750	-2.596960	-30.900011
11	0.726452	750	-2.562702	-33.462713
12	0.705989	750	-2.509131	-35.971844
13	0.685877	750	-2.452932	-38.424776
14	0.666112	750	-2.422057	-40.846833
15	0.646693	750	-2.382314	-43.229147
16	0.627618	750	-2.339115	-45.568262
17	0.608884	750	-2.295268	-47.863529
18	0.590490	750	-2.276234	-50.139764
19	0.572433	750	-2.243353	-52.383116
20	0.554712	750	-2.188917	-54.572033
21	0.537324	750	-2.154173	-56.726206
22	0.520268	750	-2.102824	-58.829030
23	0.503540	750	-2.083404	-60.912434
24	0.487139	750	-2.043656	-62.956090
25	0.471063	750	-2.011501	-64.967591
26	0.455310	750	-1.963640	-66.931231
27	0.439877	750	-1.918468	-68.849699
28	0.424762	750	-1.875930	-70.725630
29	0.409963	750	-1.822196	-72.547825
30	0.395478	750	-1.813845	-74.361671
31	0.381305	750	-1.807083	-76.168754
32	0.367440	750	-1.748304	-77.917058
33	0.353883	750	-1.699010	-79.616069
34	0.340630	750	-1.682974	-81.299042
35	0.327680	750	-1.636165	-82.935207
36	0.315030	750	-1.624523	-84.559730
37	0.302677	750	-1.606157	-86.165888
38	0.290619	750	-1.547402	-87.713290
39	0.278855	750	-1.522118	-89.235408
40	0.267381	750	-1.482593	-90.718002
41	0.256195	750	-1.479785	-92.197787
42	0.245294	750	-1.461608	-93.659395
43	0.234677	750	-1.376472	-95.035867
44	0.224340	750	-1.338578	-96.374445
45	0.214281	750	-1.302985	-97.677430
46	0.204498	750	-1.318895	-98.996325
47	0.194988	750	-1.260175	-100.256500
48	0.185749	750	-1.268838	-101.525338
49	0.176777	750	-1.225461	-102.750799
50	0.168070	750	-1.238739	-103.989537
51	0.159626	750	-1.216314	-105.205852
52	0.151441	750	-1.358222	-106.564074
53	0.143514	750	-1.231504	-107.795578
54	0.135841	750	-1.229038	-109.024616
55	0.128420	750	-1.158206	-110.182822
56	0.121247	750	-1.129812	-111.312633
57	0.114320	750	-1.158445	-112.471078
58	0.107637	750	-1.208186	-113.679264
59	0.101193	750	-1.134998	-114.814262
60	0.094986	750	-1.173519	-115.987781
61	0.089014	750	-1.127051	-117.114832
62	0.083273	750	-1.090999	-118.205831
63	0.077760	750	-0.991139	-119.196970
64	0.072472	750	-1.086645	-120.283615
65	0.067406	750	-0.964167	-121.247782
66	0.062558	750	-1.025125	-122.272907
67	0.057926	750	-1.003932	-123.276840
68	0.053506	750	-0.888708	-124.165547
69	0.049295	750	-0.931841	-125.097388
70	0.045289	750	-0.876774	-125.974163
71	0.041485	750	-0.874600	-126.848762
72	0.037880	750	-0.798817	-127.647580
73	0.034469	750	-0.812754	-128.460334
74	0.031250	750	-0.749159	-129.209493
75	0.028218	750	-0.740437	-129.949930
76	0.025370	750	-0.686400	-130.636331
77	0.022702	750	-0.661699	-131.298029
78	0.020209	750	-0.603991	-131.902020
79	0.017889	750	-0.585335	-132.487354
80	0.015736	750	-0.557810	-133.045164
81	0.013746	750	-0.522332	-133.567496
82	0.011916	750	-0.466886	-134.034382
83	0.010240	750	-0.454812	-134.489194
84	0.008714	750	-0.413227	-134.902421
85	0.007334	750	-0.379456	-135.281877
86	0.006093	750	-0.362271	-135.644147
87	0.004988	750	-0.310937	-135.955084
88	0.004013	750	-0.297372	-136.252456
89	0.003162	750	-0.259545	-136.512001
90	0.002430	750	-0.231885	-136.743886
91	0.001810	750	-0.199594	-136.943481
92	0.001296	750	-0.163366	-137.106846
93	0.000882	750	-0.143905	-137.250752
94	0.000559	750	-0.119164	-137.369916
95	0.000320	750	-0.085304	-137.455220
96	0.000156	750	-0.055715	-137.510935
97	0.000057	750	-0.036017	-137.546952
98	0.000010	750	-0.015605	-137.562558
99	0.000000	750	-0.003607	-137.566164
Log marginal likelihood:	-137.566164
0	0.975187	750	-3.635580	-3.635580
1	0.950747	750	-3.597539	-7.233120
2	0.926679	750	-3.538298	-10.771418
3	0.902980	750	-3.493615	-14.265032
4	0.879648	750	-3.461296	-17.726328
5	0.856682	750	-3.383441	-21.109769
6	0.834079	750	-3.348897	-24.458666
7	0.811838	750	-3.292882	-27.751548
8	0.789957	750	-3.232865	-30.984413
9	0.768433	750	-3.186010	-34.170423
10	0.747266	750	-3.138059	-37.308483
11	0.726452	750	-3.072922	-40.381405
12	0.705989	750	-3.029294	-43.410699
13	0.685877	750	-2.988495	-46.399194
14	0.666112	750	-2.930402	-49.329596
15	0.646693	750	-2.874194	-52.203790
16	0.627618	750	-2.844111	-55.047901
17	0.608884	750	-2.800523	-57.848424
18	0.590490	750	-2.752721	-60.601145
19	0.572433	750	-2.677851	-63.278996
20	0.554712	750	-2.642089	-65.921086
21	0.537324	750	-2.604968	-68.526054
22	0.520268	750	-2.559568	-71.085621
23	0.503540	750	-2.515271	-73.600893
24	0.487139	750	-2.460591	-76.061483
25	0.471063	750	-2.413765	-78.475248
26	0.455310	750	-2.365366	-80.840614
27	0.439877	750	-2.325324	-83.165938
28	0.424762	750	-2.271522	-85.437460
29	0.409963	750	-2.239339	-87.676799
30	0.395478	750	-2.189768	-89.866567
31	0.381305	750	-2.131967	-91.998534
32	0.367440	750	-2.096267	-94.094802
33	0.353883	750	-2.053216	-96.148017
34	0.340630	750	-2.027786	-98.175803
35	0.327680	750	-1.979822	-100.155625
36	0.315030	750	-1.950058	-102.105683
37	0.302677	750	-1.893713	-103.999396
38	0.290619	750	-1.872647	-105.872043
39	0.278855	750	-1.811459	-107.683502
40	0.267381	750	-1.781406	-109.464908
41	0.256195	750	-1.749603	-111.214511
42	0.245294	750	-1.682834	-112.897346
43	0.234677	750	-1.679895	-114.577241
44	0.224340	750	-1.615031	-116.192273
45	0.214281	750	-1.630471	-117.822743
46	0.204498	750	-1.571004	-119.393748
47	0.194988	750	-1.550790	-120.944537
48	0.185749	750	-1.536944	-122.481481
49	0.176777	750	-1.600183	-124.081664
50	0.168070	750	-1.527489	-125.609152
51	0.159626	750	-1.552399	-127.161551
52	0.151441	750	-1.518356	-128.679907
53	0.143514	750	-1.421301	-130.101208
54	0.135841	750	-1.381532	-131.482741
55	0.128420	750	-1.373850	-132.856591
56	0.121247	750	-1.380800	-134.237391
57	0.114320	750	-1.388470	-135.625861
58	0.107637	750	-1.303569	-136.929430
59	0.101193	750	-1.327627	-138.257057
60	0.094986	750	-1.247209	-139.504266
61	0.089014	750	-1.358232	-140.862498
62	0.083273	750	-1.338087	-142.200585
63	0.077760	750	-1.258039	-143.458624
64	0.072472	750	-1.204542	-144.663166
65	0.067406	750	-1.184219	-145.847385
66	0.062558	750	-1.093194	-146.940579
67	0.057926	750	-1.066857	-148.007435
68	0.053506	750	-1.065495	-149.072930
69	0.049295	750	-0.983569	-150.056499
70	0.045289	750	-0.948309	-151.004808
71	0.041485	750	-0.905211	-151.910019
72	0.037880	750	-0.874630	-152.784649
73	0.034469	750	-0.848652	-153.633301
74	0.031250	750	-0.791876	-154.425177
75	0.028218	750	-0.778749	-155.203926
76	0.025370	750	-0.713424	-155.917350
77	0.022702	750	-0.676717	-156.594067
78	0.020209	750	-0.641147	-157.235215
79	0.017889	750	-0.614316	-157.849531
80	0.015736	750	-0.574685	-158.424216
81	0.013746	750	-0.521605	-158.945821
82	0.011916	750	-0.513633	-159.459454
83	0.010240	750	-0.457768	-159.917222
84	0.008714	750	-0.423914	-160.341136
85	0.007334	750	-0.387195	-160.728331
86	0.006093	750	-0.369549	-161.097879
87	0.004988	750	-0.380599	-161.478478
88	0.004013	750	-0.300198	-161.778676
89	0.003162	750	-0.267890	-162.046565
90	0.002430	750	-0.226724	-162.273289
91	0.001810	750	-0.203166	-162.476455
92	0.001296	750	-0.178034	-162.654489
93	0.000882	750	-0.134426	-162.788914
94	0.000559	750	-0.120186	-162.909100
95	0.000320	750	-0.079251	-162.988352
96	0.000156	750	-0.062208	-163.050560
97	0.000057	750	-0.037154	-163.087714
98	0.000010	750	-0.017548	-163.105262
99	0.000000	750	-0.003491	-163.108753
Log marginal likelihood:	-163.108753
0	0.975187	750	-3.413128	-3.413128
1	0.950747	750	-3.346965	-6.760092
2	0.926679	750	-3.318810	-10.078902
3	0.902980	750	-3.261855	-13.340757
4	0.879648	750	-3.233043	-16.573800
5	0.856682	750	-3.169914	-19.743714
6	0.834079	750	-3.106828	-22.850542
7	0.811838	750	-3.077859	-25.928402
8	0.789957	750	-3.036231	-28.964633
9	0.768433	750	-2.983673	-31.948305
10	0.747266	750	-2.928213	-34.876519
11	0.726452	750	-2.874053	-37.750571
12	0.705989	750	-2.862166	-40.612737
13	0.685877	750	-2.783473	-43.396210
14	0.666112	750	-2.747526	-46.143736
15	0.646693	750	-2.696986	-48.840722
16	0.627618	750	-2.630073	-51.470795
17	0.608884	750	-2.608716	-54.079511
18	0.590490	750	-2.572007	-56.651518
19	0.572433	750	-2.520691	-59.172209
20	0.554712	750	-2.483823	-61.656032
21	0.537324	750	-2.428580	-64.084612
22	0.520268	750	-2.401385	-66.485997
23	0.503540	750	-2.353112	-68.839109
24	0.487139	750	-2.304628	-71.143737
25	0.471063	750	-2.262433	-73.406170
26	0.455310	750	-2.218582	-75.624752
27	0.439877	750	-2.165232	-77.789984
28	0.424762	750	-2.124426	-79.914410
29	0.409963	750	-2.074159	-81.988569
30	0.395478	750	-2.064625	-84.053194
31	0.381305	750	-1.998225	-86.051419
32	0.367440	750	-1.967512	-88.018931
33	0.353883	750	-1.937249	-89.956180
34	0.340630	750	-1.868924	-91.825104
35	0.327680	750	-1.827368	-93.652473
36	0.315030	750	-1.795970	-95.448443
37	0.302677	750	-1.777867	-97.226310
38	0.290619	750	-1.726743	-98.953053
39	0.278855	750	-1.693731	-100.646784
40	0.267381	750	-1.658827	-102.305611
41	0.256195	750	-1.621387	-103.926998
42	0.245294	750	-1.610928	-105.537926
43	0.234677	750	-1.564757	-107.102684
44	0.224340	750	-1.525470	-108.628153
45	0.214281	750	-1.474547	-110.102700
46	0.204498	750	-1.450704	-111.553405
47	0.194988	750	-1.404268	-112.957673
48	0.185749	750	-1.423441	-114.381113
49	0.176777	750	-1.500465	-115.881578
50	0.168070	750	-1.415482	-117.297060
51	0.159626	750	-1.371626	-118.668686
52	0.151441	750	-1.303800	-119.972486
53	0.143514	750	-1.217438	-121.189924
54	0.135841	750	-1.340928	-122.530852
55	0.128420	750	-1.335861	-123.866713
56	0.121247	750	-1.357854	-125.224567
57	0.114320	750	-1.356673	-126.581240
58	0.107637	750	-1.339485	-127.920726
59	0.101193	750	-1.241020	-129.161745
60	0.094986	750	-1.337443	-130.499188
61	0.089014	750	-1.284807	-131.783995
62	0.083273	750	-1.153562	-132.937557
63	0.077760	750	-1.190780	-134.128337
64	0.072472	750	-1.124062	-135.252399
65	0.067406	750	-1.141489	-136.393888
66	0.062558	750	-1.078569	-137.472457
67	0.057926	750	-1.088493	-138.560950
68	0.053506	750	-1.028003	-139.588953
69	0.049295	750	-0.923691	-140.512644
70	0.045289	750	-0.951308	-141.463952
71	0.041485	750	-0.904894	-142.368846
72	0.037880	750	-0.884029	-143.252875
73	0.034469	750	-0.843139	-144.096014
74	0.031250	750	-0.798814	-144.894828
75	0.028218	750	-0.743911	-145.638739
76	0.025370	750	-0.720929	-146.359668
77	0.022702	750	-0.675775	-147.035443
78	0.020209	750	-0.638654	-147.674097
79	0.017889	750	-0.615480	-148.289577
80	0.015736	750	-0.563732	-148.853309
81	0.013746	750	-0.545070	-149.398379
82	0.011916	750	-0.482427	-149.880807
83	0.010240	750	-0.467367	-150.348173
84	0.008714	750	-0.428697	-150.776870
85	0.007334	750	-0.398021	-151.174891
86	0.006093	750	-0.359281	-151.534171
87	0.004988	750	-0.334245	-151.868416
88	0.004013	750	-0.302246	-152.170662
89	0.003162	750	-0.268561	-152.439222
90	0.002430	750	-0.230302	-152.669524
91	0.001810	750	-0.199187	-152.868711
92	0.001296	750	-0.188438	-153.057148
93	0.000882	750	-0.130336	-153.187484
94	0.000559	750	-0.113700	-153.301184
95	0.000320	750	-0.084364	-153.385548
96	0.000156	750	-0.056894	-153.442442
97	0.000057	750	-0.038141	-153.480583
98	0.000010	750	-0.016152	-153.496735
99	0.000000	750	-0.003613	-153.500348
Log marginal likelihood:	-153.500348
0	0.975187	750	-3.580677	-3.580677
1	0.950747	750	-3.521102	-7.101780
2	0.926679	750	-3.468817	-10.570596
3	0.902980	750	-3.422490	-13.993086
4	0.879648	750	-3.368703	-17.361789
5	0.856682	750	-3.317051	-20.678840
6	0.834079	750	-3.254564	-23.933404
7	0.811838	750	-3.200878	-27.134282
8	0.789957	750	-3.165989	-30.300271
9	0.768433	750	-3.109986	-33.410256
10	0.747266	750	-3.072590	-36.482847
11	0.726452	750	-3.003424	-39.486271
12	0.705989	750	-2.961166	-42.447437
13	0.685877	750	-2.910476	-45.357913
14	0.666112	750	-2.866564	-48.224477
15	0.646693	750	-2.823573	-51.048049
16	0.627618	750	-2.762135	-53.810185
17	0.608884	750	-2.721918	-56.532103
18	0.590490	750	-2.672931	-59.205033
19	0.572433	750	-2.628201	-61.833234
20	0.554712	750	-2.570775	-64.404009
21	0.537324	750	-2.527215	-66.931224
22	0.520268	750	-2.488473	-69.419697
23	0.503540	750	-2.437117	-71.856813
24	0.487139	750	-2.396248	-74.253062
25	0.471063	750	-2.350879	-76.603940
26	0.455310	750	-2.314890	-78.918831
27	0.439877	750	-2.282598	-81.201429
28	0.424762	750	-2.210378	-83.411807
29	0.409963	750	-2.164981	-85.576789
30	0.395478	750	-2.131369	-87.708157
31	0.381305	750	-2.097384	-89.805542
32	0.367440	750	-2.061290	-91.866831
33	0.353883	750	-2.005765	-93.872597
34	0.340630	750	-1.949416	-95.822012
35	0.327680	750	-1.940900	-97.762912
36	0.315030	750	-1.886148	-99.649061
37	0.302677	750	-1.825997	-101.475058
38	0.290619	750	-1.806532	-103.281590
39	0.278855	750	-1.831938	-105.113528
40	0.267381	750	-1.712064	-106.825592
41	0.256195	750	-1.681378	-108.506970
42	0.245294	750	-1.683434	-110.190404
43	0.234677	750	-1.655300	-111.845704
44	0.224340	750	-1.610200	-113.455904
45	0.214281	750	-1.580843	-115.036747
46	0.204498	750	-1.529550	-116.566296
47	0.194988	750	-1.506730	-118.073027
48	0.185749	750	-1.478576	-119.551603
49	0.176777	750	-1.394557	-120.946160
50	0.168070	750	-1.502283	-122.448443
51	0.159626	750	-1.432159	-123.880602
52	0.151441	750	-1.432162	-125.312764
53	0.143514	750	-1.386384	-126.699148
54	0.135841	750	-1.340321	-128.039470
55	0.128420	750	-1.367920	-129.407390
56	0.121247	750	-1.569748	-130.977138
57	0.114320	750	-1.225993	-132.203132
58	0.107637	750	-1.314046	-133.517177
59	0.101193	750	-1.298208	-134.815385
60	0.094986	750	-1.160527	-135.975912
61	0.089014	750	-1.305435	-137.281348
62	0.083273	750	-1.179907	-138.461255
63	0.077760	750	-1.160951	-139.622206
64	0.072472	750	-1.161072	-140.783278
65	0.067406	750	-1.064684	-141.847961
66	0.062558	750	-1.049468	-142.897429
67	0.057926	750	-1.026813	-143.924242
68	0.053506	750	-1.012569	-144.936812
69	0.049295	750	-0.961527	-145.898339
70	0.045289	750	-0.933718	-146.832057
71	0.041485	750	-0.914396	-147.746453
72	0.037880	750	-0.806674	-148.553127
73	0.034469	750	-0.842617	-149.395744
74	0.031250	750	-0.752031	-150.147775
75	0.028218	750	-0.758631	-150.906407
76	0.025370	750	-0.658719	-151.565126
77	0.022702	750	-0.656381	-152.221507
78	0.020209	750	-0.628568	-152.850075
79	0.017889	750	-0.582334	-153.432409
80	0.015736	750	-0.541102	-153.973511
81	0.013746	750	-0.510988	-154.484499
82	0.011916	750	-0.486866	-154.971365
83	0.010240	750	-0.464346	-155.435711
84	0.008714	750	-0.421253	-155.856964
85	0.007334	750	-0.396073	-156.253037
86	0.006093	750	-0.362933	-156.615970
87	0.004988	750	-0.318387	-156.934357
88	0.004013	750	-0.289941	-157.224299
89	0.003162	750	-0.250378	-157.474677
90	0.002430	750	-0.233355	-157.708032
91	0.001810	750	-0.206801	-157.914833
92	0.001296	750	-0.163634	-158.078467
93	0.000882	750	-0.133717	-158.212184
94	0.000559	750	-0.122087	-158.334270
95	0.000320	750	-0.081952	-158.416222
96	0.000156	750	-0.061427	-158.477649
97	0.000057	750	-0.035173	-158.512823
98	0.000010	750	-0.018776	-158.531598
99	0.000000	750	-0.003647	-158.535245
Log marginal likelihood:	-158.535245
0	0.975187	750	-4.361789	-4.361789
1	0.950747	750	-4.289414	-8.651203
2	0.926679	750	-4.225108	-12.876311
3	0.902980	750	-4.163641	-17.039952
4	0.879648	750	-4.101158	-21.141110
5	0.856682	750	-4.042125	-25.183236
6	0.834079	750	-3.977597	-29.160833
7	0.811838	750	-3.921042	-33.081876
8	0.789957	750	-3.859860	-36.941736
9	0.768433	750	-3.786205	-40.727941
10	0.747266	750	-3.738281	-44.466222
11	0.726452	750	-3.673155	-48.139377
12	0.705989	750	-3.612829	-51.752206
13	0.685877	750	-3.551845	-55.304052
14	0.666112	750	-3.484374	-58.788426
15	0.646693	750	-3.426516	-62.214942
16	0.627618	750	-3.377322	-65.592265
17	0.608884	750	-3.318738	-68.911003
18	0.590490	750	-3.259610	-72.170613
19	0.572433	750	-3.196458	-75.367070
20	0.554712	750	-3.157079	-78.524150
21	0.537324	750	-3.093959	-81.618108
22	0.520268	750	-3.032107	-84.650216
23	0.503540	750	-2.976679	-87.626894
24	0.487139	750	-2.922704	-90.549598
25	0.471063	750	-2.864934	-93.414532
26	0.455310	750	-2.792813	-96.207346
27	0.439877	750	-2.752891	-98.960236
28	0.424762	750	-2.703205	-101.663442
29	0.409963	750	-2.683736	-104.347178
30	0.395478	750	-2.590632	-106.937810
31	0.381305	750	-2.551070	-109.488880
32	0.367440	750	-2.490788	-111.979667
33	0.353883	750	-2.441259	-114.420927
34	0.340630	750	-2.399866	-116.820793
35	0.327680	750	-2.333946	-119.154740
36	0.315030	750	-2.303669	-121.458409
37	0.302677	750	-2.425805	-123.884213
38	0.290619	750	-2.184249	-126.068462
39	0.278855	750	-2.157931	-128.226394
40	0.267381	750	-2.190669	-130.417063
41	0.256195	750	-2.068703	-132.485765
42	0.245294	750	-1.992069	-134.477835
43	0.234677	750	-1.945146	-136.422981
44	0.224340	750	-1.979144	-138.402125
45	0.214281	750	-2.255338	-140.657463
46	0.204498	750	-2.110287	-142.767750
47	0.194988	750	-1.770580	-144.538330
48	0.185749	750	-1.832730	-146.371060
49	0.176777	750	-1.770652	-148.141712
50	0.168070	750	-1.906059	-150.047771
51	0.159626	750	-1.716217	-151.763987
52	0.151441	750	-1.600958	-153.364946
53	0.143514	750	-1.802857	-155.167802
54	0.135841	750	-1.597727	-156.765529
55	0.128420	750	-1.498420	-158.263949
56	0.121247	750	-1.523587	-159.787536
57	0.114320	750	-1.535169	-161.322705
58	0.107637	750	-1.499132	-162.821837
59	0.101193	750	-1.484267	-164.306105
60	0.094986	750	-1.392147	-165.698252
61	0.089014	750	-1.236621	-166.934872
62	0.083273	750	-1.323021	-168.257893
63	0.077760	750	-1.298252	-169.556145
64	0.072472	750	-1.160030	-170.716175
65	0.067406	750	-1.207753	-171.923929
66	0.062558	750	-1.175059	-173.098988
67	0.057926	750	-1.105475	-174.204463
68	0.053506	750	-1.086817	-175.291280
69	0.049295	750	-1.037168	-176.328448
70	0.045289	750	-0.999547	-177.327995
71	0.041485	750	-0.952373	-178.280368
72	0.037880	750	-0.891143	-179.171511
73	0.034469	750	-0.869107	-180.040618
74	0.031250	750	-0.830681	-180.871299
75	0.028218	750	-0.776213	-181.647513
76	0.025370	750	-0.745003	-182.392515
77	0.022702	750	-0.706587	-183.099102
78	0.020209	750	-0.665309	-183.764411
79	0.017889	750	-0.616761	-184.381172
80	0.015736	750	-0.580872	-184.962045
81	0.013746	750	-0.548153	-185.510197
82	0.011916	750	-0.519744	-186.029942
83	0.010240	750	-0.468444	-186.498385
84	0.008714	750	-0.448371	-186.946757
85	0.007334	750	-0.418940	-187.365696
86	0.006093	750	-0.358559	-187.724255
87	0.004988	750	-0.341710	-188.065965
88	0.004013	750	-0.305657	-188.371623
89	0.003162	750	-0.272773	-188.644395
90	0.002430	750	-0.226508	-188.870903
91	0.001810	750	-0.195531	-189.066434
92	0.001296	750	-0.179016	-189.245450
93	0.000882	750	-0.148688	-189.394139
94	0.000559	750	-0.131929	-189.526067
95	0.000320	750	-0.080119	-189.606186
96	0.000156	750	-0.063826	-189.670012
97	0.000057	750	-0.036695	-189.706707
98	0.000010	750	-0.019353	-189.726060
99	0.000000	750	-0.003665	-189.729725
Log marginal likelihood:	-189.729725
0	0.975187	750	-3.830258	-3.830258
1	0.950747	750	-3.765517	-7.595776
2	0.926679	750	-3.710262	-11.306038
3	0.902980	750	-3.649514	-14.955553
4	0.879648	750	-3.602129	-18.557681
5	0.856682	750	-3.540656	-22.098338
6	0.834079	750	-3.465519	-25.563857
7	0.811838	750	-3.442704	-29.006561
8	0.789957	750	-3.388080	-32.394641
9	0.768433	750	-3.320857	-35.715498
10	0.747266	750	-3.260942	-38.976441
11	0.726452	750	-3.187387	-42.163827
12	0.705989	750	-3.175199	-45.339026
13	0.685877	750	-3.126861	-48.465887
14	0.666112	750	-3.068490	-51.534377
15	0.646693	750	-3.025982	-54.560359
16	0.627618	750	-2.962108	-57.522467
17	0.608884	750	-2.878782	-60.401249
18	0.590490	750	-2.867953	-63.269203
19	0.572433	750	-2.812970	-66.082173
20	0.554712	750	-2.757217	-68.839390
21	0.537324	750	-2.714384	-71.553775
22	0.520268	750	-2.648861	-74.202636
23	0.503540	750	-2.592246	-76.794882
24	0.487139	750	-2.571706	-79.366587
25	0.471063	750	-2.504397	-81.870984
26	0.455310	750	-2.468825	-84.339809
27	0.439877	750	-2.418045	-86.757855
28	0.424762	750	-2.374378	-89.132232
29	0.409963	750	-2.321893	-91.454125
30	0.395478	750	-2.281345	-93.735470
31	0.381305	750	-2.227366	-95.962836
32	0.367440	750	-2.170890	-98.133726
33	0.353883	750	-2.132301	-100.266028
34	0.340630	750	-2.081165	-102.347193
35	0.327680	750	-2.053106	-104.400298
36	0.315030	750	-2.033001	-106.433299
37	0.302677	750	-1.987581	-108.420880
38	0.290619	750	-1.922264	-110.343144
39	0.278855	750	-1.890318	-112.233462
40	0.267381	750	-1.869971	-114.103433
41	0.256195	750	-1.807836	-115.911269
42	0.245294	750	-1.815005	-117.726274
43	0.234677	750	-1.730359	-119.456633
44	0.224340	750	-1.701502	-121.158136
45	0.214281	750	-1.665866	-122.824002
46	0.204498	750	-1.597597	-124.421598
47	0.194988	750	-1.583645	-126.005243
48	0.185749	750	-1.548902	-127.554145
49	0.176777	750	-1.516640	-129.070786
50	0.168070	750	-1.474572	-130.545358
51	0.159626	750	-1.647832	-132.193190
52	0.151441	750	-1.540817	-133.734007
53	0.143514	750	-1.418645	-135.152652
54	0.135841	750	-1.630106	-136.782758
55	0.128420	750	-1.319222	-138.101980
56	0.121247	750	-1.512750	-139.614730
57	0.114320	750	-1.368627	-140.983357
58	0.107637	750	-1.411937	-142.395294
59	0.101193	750	-1.412310	-143.807605
60	0.094986	750	-1.378071	-145.185676
61	0.089014	750	-1.298244	-146.483920
62	0.083273	750	-1.234869	-147.718789
63	0.077760	750	-1.275395	-148.994184
64	0.072472	750	-1.133022	-150.127206
65	0.067406	750	-1.155659	-151.282865
66	0.062558	750	-1.118328	-152.401193
67	0.057926	750	-1.106328	-153.507520
68	0.053506	750	-0.996959	-154.504479
69	0.049295	750	-0.995407	-155.499887
70	0.045289	750	-0.933030	-156.432916
71	0.041485	750	-0.896461	-157.329377
72	0.037880	750	-0.891919	-158.221296
73	0.034469	750	-0.835085	-159.056381
74	0.031250	750	-0.800529	-159.856910
75	0.028218	750	-0.746907	-160.603817
76	0.025370	750	-0.703315	-161.307132
77	0.022702	750	-0.686994	-161.994126
78	0.020209	750	-0.643298	-162.637424
79	0.017889	750	-0.574475	-163.211898
80	0.015736	750	-0.559279	-163.771177
81	0.013746	750	-0.541892	-164.313069
82	0.011916	750	-0.493496	-164.806565
83	0.010240	750	-0.450055	-165.256619
84	0.008714	750	-0.438517	-165.695137
85	0.007334	750	-0.408155	-166.103291
86	0.006093	750	-0.362444	-166.465736
87	0.004988	750	-0.316829	-166.782564
88	0.004013	750	-0.298535	-167.081100
89	0.003162	750	-0.265651	-167.346751
90	0.002430	750	-0.237861	-167.584612
91	0.001810	750	-0.188792	-167.773404
92	0.001296	750	-0.156019	-167.929423
93	0.000882	750	-0.146280	-168.075703
94	0.000559	750	-0.115571	-168.191274
95	0.000320	750	-0.088597	-168.279871
96	0.000156	750	-0.058975	-168.338846
97	0.000057	750	-0.033357	-168.372203
98	0.000010	750	-0.017176	-168.389379
99	0.000000	750	-0.003413	-168.392792
Log marginal likelihood:	-168.392792
0	0.975187	750	-3.433768	-3.433768
1	0.950747	750	-3.375931	-6.809699
2	0.926679	750	-3.332097	-10.141796
3	0.902980	750	-3.280629	-13.422425
4	0.879648	750	-3.217934	-16.640359
5	0.856682	750	-3.175331	-19.815690
6	0.834079	750	-3.128722	-22.944412
7	0.811838	750	-3.083373	-26.027785
8	0.789957	750	-3.030749	-29.058534
9	0.768433	750	-2.978043	-32.036577
10	0.747266	750	-2.944069	-34.980646
11	0.726452	750	-2.886713	-37.867358
12	0.705989	750	-2.843274	-40.710632
13	0.685877	750	-2.797247	-43.507879
14	0.666112	750	-2.749644	-46.257524
15	0.646693	750	-2.704603	-48.962127
16	0.627618	750	-2.648214	-51.610340
17	0.608884	750	-2.608961	-54.219301
18	0.590490	750	-2.574175	-56.793476
19	0.572433	750	-2.517461	-59.310937
20	0.554712	750	-2.485507	-61.796444
21	0.537324	750	-2.429229	-64.225673
22	0.520268	750	-2.397182	-66.622855
23	0.503540	750	-2.351872	-68.974727
24	0.487139	750	-2.301275	-71.276003
25	0.471063	750	-2.251269	-73.527272
26	0.455310	750	-2.219956	-75.747228
27	0.439877	750	-2.174088	-77.921316
28	0.424762	750	-2.127707	-80.049023
29	0.409963	750	-2.085134	-82.134157
30	0.395478	750	-2.039415	-84.173572
31	0.381305	750	-1.995601	-86.169173
32	0.367440	750	-1.980175	-88.149348
33	0.353883	750	-1.929946	-90.079294
34	0.340630	750	-1.879434	-91.958728
35	0.327680	750	-1.845588	-93.804316
36	0.315030	750	-1.822058	-95.626374
37	0.302677	750	-1.781790	-97.408165
38	0.290619	750	-1.736486	-99.144650
39	0.278855	750	-1.688121	-100.832771
40	0.267381	750	-1.660183	-102.492954
41	0.256195	750	-1.627569	-104.120522
42	0.245294	750	-1.580945	-105.701468
43	0.234677	750	-1.597011	-107.298479
44	0.224340	750	-1.531590	-108.830069
45	0.214281	750	-1.523913	-110.353982
46	0.204498	750	-1.453886	-111.807868
47	0.194988	750	-1.411875	-113.219744
48	0.185749	750	-1.380616	-114.600359
49	0.176777	750	-1.348977	-115.949337
50	0.168070	750	-1.591818	-117.541155
51	0.159626	750	-1.360119	-118.901274
52	0.151441	750	-1.394342	-120.295616
53	0.143514	750	-1.319227	-121.614843
54	0.135841	750	-1.399201	-123.014043
55	0.128420	750	-1.445979	-124.460022
56	0.121247	750	-1.342960	-125.802983
57	0.114320	750	-1.453282	-127.256265
58	0.107637	750	-1.292349	-128.548614
59	0.101193	750	-1.301067	-129.849681
60	0.094986	750	-1.156437	-131.006119
61	0.089014	750	-1.329935	-132.336053
62	0.083273	750	-1.179169	-133.515223
63	0.077760	750	-1.125418	-134.640641
64	0.072472	750	-1.129632	-135.770273
65	0.067406	750	-1.093963	-136.864236
66	0.062558	750	-1.104006	-137.968242
67	0.057926	750	-0.985410	-138.953652
68	0.053506	750	-1.044878	-139.998530
69	0.049295	750	-0.981305	-140.979834
70	0.045289	750	-0.968613	-141.948447
71	0.041485	750	-0.890465	-142.838912
72	0.037880	750	-0.864698	-143.703610
73	0.034469	750	-0.808783	-144.512393
74	0.031250	750	-0.811989	-145.324382
75	0.028218	750	-0.746583	-146.070965
76	0.025370	750	-0.709592	-146.780557
77	0.022702	750	-0.660582	-147.441139
78	0.020209	750	-0.632576	-148.073715
79	0.017889	750	-0.601535	-148.675250
80	0.015736	750	-0.567173	-149.242424
81	0.013746	750	-0.549119	-149.791543
82	0.011916	750	-0.513785	-150.305328
83	0.010240	750	-0.469593	-150.774921
84	0.008714	750	-0.438026	-151.212947
85	0.007334	750	-0.401706	-151.614652
86	0.006093	750	-0.400580	-152.015232
87	0.004988	750	-0.311328	-152.326560
88	0.004013	750	-0.316315	-152.642875
89	0.003162	750	-0.248243	-152.891118
90	0.002430	750	-0.234577	-153.125696
91	0.001810	750	-0.215970	-153.341665
92	0.001296	750	-0.183694	-153.525359
93	0.000882	750	-0.153201	-153.678560
94	0.000559	750	-0.124653	-153.803214
95	0.000320	750	-0.099380	-153.902593
96	0.000156	750	-0.062854	-153.965447
97	0.000057	750	-0.033840	-153.999287
98	0.000010	750	-0.017004	-154.016291
99	0.000000	750	-0.003379	-154.019670
Log marginal likelihood:	-154.019670
0	0.975187	750	-3.335122	-3.335122
1	0.950747	750	-3.289700	-6.624822
2	0.926679	750	-3.240634	-9.865455
3	0.902980	750	-3.198903	-13.064359
4	0.879648	750	-3.154956	-16.219315
5	0.856682	750	-3.121318	-19.340632
6	0.834079	750	-3.050180	-22.390813
7	0.811838	750	-3.037312	-25.428125
8	0.789957	750	-2.983198	-28.411323
9	0.768433	750	-2.928495	-31.339817
10	0.747266	750	-2.872991	-34.212808
11	0.726452	750	-2.846799	-37.059607
12	0.705989	750	-2.778476	-39.838083
13	0.685877	750	-2.732987	-42.571070
14	0.666112	750	-2.688168	-45.259237
15	0.646693	750	-2.658132	-47.917370
16	0.627618	750	-2.631798	-50.549167
17	0.608884	750	-2.546524	-53.095692
18	0.590490	750	-2.519941	-55.615632
19	0.572433	750	-2.470542	-58.086175
20	0.554712	750	-2.421523	-60.507698
21	0.537324	750	-2.382227	-62.889925
22	0.520268	750	-2.333550	-65.223475
23	0.503540	750	-2.301436	-67.524911
24	0.487139	750	-2.268227	-69.793138
25	0.471063	750	-2.230159	-72.023296
26	0.455310	750	-2.176879	-74.200175
27	0.439877	750	-2.156059	-76.356235
28	0.424762	750	-2.091188	-78.447423
29	0.409963	750	-2.072926	-80.520349
30	0.395478	750	-2.023656	-82.544005
31	0.381305	750	-1.970545	-84.514550
32	0.367440	750	-1.933817	-86.448367
33	0.353883	750	-1.899817	-88.348184
34	0.340630	750	-1.825575	-90.173759
35	0.327680	750	-1.913733	-92.087491
36	0.315030	750	-1.787706	-93.875197
37	0.302677	750	-1.744339	-95.619537
38	0.290619	750	-1.710103	-97.329640
39	0.278855	750	-1.663346	-98.992986
40	0.267381	750	-1.648306	-100.641292
41	0.256195	750	-1.592732	-102.234024
42	0.245294	750	-1.583461	-103.817485
43	0.234677	750	-1.616980	-105.434465
44	0.224340	750	-1.587111	-107.021576
45	0.214281	750	-1.462467	-108.484043
46	0.204498	750	-1.439204	-109.923248
47	0.194988	750	-1.503686	-111.426934
48	0.185749	750	-1.364158	-112.791092
49	0.176777	750	-1.512621	-114.303713
50	0.168070	750	-1.300255	-115.603967
51	0.159626	750	-1.382338	-116.986305
52	0.151441	750	-1.261277	-118.247582
53	0.143514	750	-1.357512	-119.605093
54	0.135841	750	-1.306167	-120.911260
55	0.128420	750	-1.373286	-122.284546
56	0.121247	750	-1.232594	-123.517140
57	0.114320	750	-1.336345	-124.853485
58	0.107637	750	-1.496210	-126.349695
59	0.101193	750	-1.328979	-127.678675
60	0.094986	750	-1.202379	-128.881054
61	0.089014	750	-1.190698	-130.071752
62	0.083273	750	-1.129541	-131.201293
63	0.077760	750	-1.186573	-132.387867
64	0.072472	750	-1.197404	-133.585270
65	0.067406	750	-1.143506	-134.728776
66	0.062558	750	-1.129448	-135.858225
67	0.057926	750	-1.071916	-136.930140
68	0.053506	750	-0.948995	-137.879135
69	0.049295	750	-0.963977	-138.843112
70	0.045289	750	-0.935747	-139.778859
71	0.041485	750	-0.899764	-140.678623
72	0.037880	750	-0.872541	-141.551164
73	0.034469	750	-0.846384	-142.397548
74	0.031250	750	-0.765197	-143.162745
75	0.028218	750	-0.722760	-143.885505
76	0.025370	750	-0.721468	-144.606973
77	0.022702	750	-0.663563	-145.270536
78	0.020209	750	-0.670578	-145.941114
79	0.017889	750	-0.610604	-146.551718
80	0.015736	750	-0.569225	-147.120943
81	0.013746	750	-0.534964	-147.655907
82	0.011916	750	-0.492714	-148.148620
83	0.010240	750	-0.463454	-148.612075
84	0.008714	750	-0.425718	-149.037792
85	0.007334	750	-0.386748	-149.424540
86	0.006093	750	-0.369398	-149.793938
87	0.004988	750	-0.332920	-150.126858
88	0.004013	750	-0.300481	-150.427339
89	0.003162	750	-0.259554	-150.686893
90	0.002430	750	-0.241870	-150.928763
91	0.001810	750	-0.203845	-151.132608
92	0.001296	750	-0.169022	-151.301630
93	0.000882	750	-0.130736	-151.432367
94	0.000559	750	-0.118483	-151.550849
95	0.000320	750	-0.086836	-151.637686
96	0.000156	750	-0.067722	-151.705407
97	0.000057	750	-0.032308	-151.737715
98	0.000010	750	-0.015016	-151.752731
99	0.000000	750	-0.003783	-151.756514
Log marginal likelihood:	-151.756514
0	0.975187	750	-3.773732	-3.773732
1	0.950747	750	-3.713227	-7.486960
2	0.926679	750	-3.673942	-11.160901
3	0.902980	750	-3.611133	-14.772034
4	0.879648	750	-3.548923	-18.320958
5	0.856682	750	-3.510887	-21.831845
6	0.834079	750	-3.448964	-25.280809
7	0.811838	750	-3.383241	-28.664050
8	0.789957	750	-3.343304	-32.007354
9	0.768433	750	-3.277783	-35.285138
10	0.747266	750	-3.244949	-38.530086
11	0.726452	750	-3.180978	-41.711064
12	0.705989	750	-3.130865	-44.841929
13	0.685877	750	-3.088630	-47.930559
14	0.666112	750	-3.046954	-50.977513
15	0.646693	750	-2.972300	-53.949813
16	0.627618	750	-2.919449	-56.869262
17	0.608884	750	-2.872987	-59.742249
18	0.590490	750	-2.827195	-62.569444
19	0.572433	750	-2.769001	-65.338446
20	0.554712	750	-2.723413	-68.061859
21	0.537324	750	-2.675964	-70.737823
22	0.520268	750	-2.623834	-73.361657
23	0.503540	750	-2.586722	-75.948379
24	0.487139	750	-2.529186	-78.477565
25	0.471063	750	-2.490469	-80.968034
26	0.455310	750	-2.443407	-83.411442
27	0.439877	750	-2.383643	-85.795084
28	0.424762	750	-2.345066	-88.140150
29	0.409963	750	-2.306745	-90.446895
30	0.395478	750	-2.249111	-92.696006
31	0.381305	750	-2.204489	-94.900495
32	0.367440	750	-2.157863	-97.058358
33	0.353883	750	-2.127912	-99.186270
34	0.340630	750	-2.100071	-101.286341
35	0.327680	750	-2.032653	-103.318994
36	0.315030	750	-2.023984	-105.342979
37	0.302677	750	-2.130691	-107.473670
38	0.290619	750	-1.892899	-109.366569
39	0.278855	750	-1.860289	-111.226859
40	0.267381	750	-1.827877	-113.054735
41	0.256195	750	-1.778613	-114.833349
42	0.245294	750	-1.754552	-116.587900
43	0.234677	750	-1.702033	-118.289933
44	0.224340	750	-1.673309	-119.963242
45	0.214281	750	-1.632056	-121.595298
46	0.204498	750	-1.634879	-123.230177
47	0.194988	750	-1.812129	-125.042306
48	0.185749	750	-1.642710	-126.685017
49	0.176777	750	-1.492209	-128.177225
50	0.168070	750	-1.546975	-129.724200
51	0.159626	750	-1.579691	-131.303891
52	0.151441	750	-1.586478	-132.890370
53	0.143514	750	-1.686250	-134.576619
54	0.135841	750	-1.574023	-136.150642
55	0.128420	750	-1.431779	-137.582421
56	0.121247	750	-1.390275	-138.972696
57	0.114320	750	-1.443778	-140.416474
58	0.107637	750	-1.453553	-141.870028
59	0.101193	750	-1.410949	-143.280977
60	0.094986	750	-1.399664	-144.680641
61	0.089014	750	-1.262533	-145.943174
62	0.083273	750	-1.299055	-147.242229
63	0.077760	750	-1.184439	-148.426668
64	0.072472	750	-1.225312	-149.651980
65	0.067406	750	-1.181466	-150.833446
66	0.062558	750	-1.104091	-151.937537
67	0.057926	750	-1.084059	-153.021596
68	0.053506	750	-1.031570	-154.053165
69	0.049295	750	-0.990711	-155.043877
70	0.045289	750	-0.953918	-155.997795
71	0.041485	750	-0.920453	-156.918248
72	0.037880	750	-0.830664	-157.748912
73	0.034469	750	-0.824202	-158.573113
74	0.031250	750	-0.804227	-159.377340
75	0.028218	750	-0.760069	-160.137409
76	0.025370	750	-0.725026	-160.862435
77	0.022702	750	-0.671432	-161.533868
78	0.020209	750	-0.643043	-162.176911
79	0.017889	750	-0.608976	-162.785886
80	0.015736	750	-0.553962	-163.339849
81	0.013746	750	-0.536998	-163.876847
82	0.011916	750	-0.510855	-164.387702
83	0.010240	750	-0.460534	-164.848236
84	0.008714	750	-0.441190	-165.289427
85	0.007334	750	-0.398468	-165.687895
86	0.006093	750	-0.355996	-166.043891
87	0.004988	750	-0.326692	-166.370583
88	0.004013	750	-0.297661	-166.668245
89	0.003162	750	-0.277130	-166.945375
90	0.002430	750	-0.226170	-167.171546
91	0.001810	750	-0.223777	-167.395323
92	0.001296	750	-0.163268	-167.558591
93	0.000882	750	-0.138343	-167.696934
94	0.000559	750	-0.118444	-167.815379
95	0.000320	750	-0.081509	-167.896888
96	0.000156	750	-0.065296	-167.962184
97	0.000057	750	-0.038174	-168.000358
98	0.000010	750	-0.019617	-168.019975
99	0.000000	750	-0.003930	-168.023905
Log marginal likelihood:	-168.023905
0	0.975187	750	-3.901423	-3.901423
1	0.950747	750	-3.831217	-7.732640
2	0.926679	750	-3.768465	-11.501105
3	0.902980	750	-3.705880	-15.206985
4	0.879648	750	-3.668548	-18.875533
5	0.856682	750	-3.588646	-22.464179
6	0.834079	750	-3.537686	-26.001865
7	0.811838	750	-3.494508	-29.496373
8	0.789957	750	-3.424274	-32.920647
9	0.768433	750	-3.374200	-36.294847
10	0.747266	750	-3.325470	-39.620318
11	0.726452	750	-3.273153	-42.893470
12	0.705989	750	-3.216694	-46.110164
13	0.685877	750	-3.164332	-49.274496
14	0.666112	750	-3.128305	-52.402802
15	0.646693	750	-3.066082	-55.468884
16	0.627618	750	-3.008175	-58.477059
17	0.608884	750	-2.957474	-61.434533
18	0.590490	750	-2.909828	-64.344362
19	0.572433	750	-2.860157	-67.204518
20	0.554712	750	-2.799750	-70.004268
21	0.537324	750	-2.759047	-72.763315
22	0.520268	750	-2.705212	-75.468527
23	0.503540	750	-2.644535	-78.113062
24	0.487139	750	-2.608341	-80.721403
25	0.471063	750	-2.550724	-83.272126
26	0.455310	750	-2.512864	-85.784990
27	0.439877	750	-2.469240	-88.254230
28	0.424762	750	-2.413836	-90.668066
29	0.409963	750	-2.360682	-93.028748
30	0.395478	750	-2.314800	-95.343548
31	0.381305	750	-2.286192	-97.629740
32	0.367440	750	-2.229145	-99.858885
33	0.353883	750	-2.199545	-102.058430
34	0.340630	750	-2.129954	-104.188383
35	0.327680	750	-2.083211	-106.271594
36	0.315030	750	-2.038856	-108.310450
37	0.302677	750	-2.014154	-110.324605
38	0.290619	750	-1.969431	-112.294035
39	0.278855	750	-1.937484	-114.231519
40	0.267381	750	-1.900064	-116.131583
41	0.256195	750	-1.890262	-118.021845
42	0.245294	750	-1.772870	-119.794715
43	0.234677	750	-1.740795	-121.535510
44	0.224340	750	-1.803362	-123.338873
45	0.214281	750	-1.685544	-125.024416
46	0.204498	750	-1.837429	-126.861845
47	0.194988	750	-1.669811	-128.531656
48	0.185749	750	-1.667446	-130.199102
49	0.176777	750	-1.721335	-131.920437
50	0.168070	750	-1.579572	-133.500009
51	0.159626	750	-1.654589	-135.154598
52	0.151441	750	-1.570797	-136.725395
53	0.143514	750	-1.554019	-138.279414
54	0.135841	750	-1.576280	-139.855694
55	0.128420	750	-1.505606	-141.361300
56	0.121247	750	-1.530730	-142.892030
57	0.114320	750	-1.494787	-144.386817
58	0.107637	750	-1.373115	-145.759931
59	0.101193	750	-1.321307	-147.081238
60	0.094986	750	-1.259005	-148.340243
61	0.089014	750	-1.327754	-149.667997
62	0.083273	750	-1.315029	-150.983027
63	0.077760	750	-1.245974	-152.229001
64	0.072472	750	-1.236144	-153.465145
65	0.067406	750	-1.165081	-154.630227
66	0.062558	750	-1.101139	-155.731366
67	0.057926	750	-1.069945	-156.801311
68	0.053506	750	-1.042143	-157.843454
69	0.049295	750	-1.000815	-158.844269
70	0.045289	750	-0.959138	-159.803407
71	0.041485	750	-0.921999	-160.725406
72	0.037880	750	-0.879562	-161.604967
73	0.034469	750	-0.842926	-162.447893
74	0.031250	750	-0.795263	-163.243156
75	0.028218	750	-0.762235	-164.005391
76	0.025370	750	-0.730516	-164.735908
77	0.022702	750	-0.681354	-165.417262
78	0.020209	750	-0.656692	-166.073954
79	0.017889	750	-0.613863	-166.687817
80	0.015736	750	-0.577945	-167.265762
81	0.013746	750	-0.543620	-167.809382
82	0.011916	750	-0.496952	-168.306334
83	0.010240	750	-0.457842	-168.764176
84	0.008714	750	-0.432256	-169.196433
85	0.007334	750	-0.410095	-169.606528
86	0.006093	750	-0.375881	-169.982408
87	0.004988	750	-0.343723	-170.326132
88	0.004013	750	-0.341268	-170.667400
89	0.003162	750	-0.255918	-170.923318
90	0.002430	750	-0.221083	-171.144400
91	0.001810	750	-0.195221	-171.339622
92	0.001296	750	-0.169151	-171.508773
93	0.000882	750	-0.133637	-171.642410
94	0.000559	750	-0.112566	-171.754976
95	0.000320	750	-0.082962	-171.837938
96	0.000156	750	-0.057453	-171.895391
97	0.000057	750	-0.033521	-171.928912
98	0.000010	750	-0.016800	-171.945712
99	0.000000	750	-0.003798	-171.949510
Log marginal likelihood:	-171.949510
0	0.975187	750	-3.891594	-3.891594
1	0.950747	750	-3.835104	-7.726698
2	0.926679	750	-3.776798	-11.503496
3	0.902980	750	-3.717611	-15.221108
4	0.879648	750	-3.662304	-18.883412
5	0.856682	750	-3.604453	-22.487865
6	0.834079	750	-3.559374	-26.047239
7	0.811838	750	-3.494041	-29.541280
8	0.789957	750	-3.421114	-32.962394
9	0.768433	750	-3.383640	-36.346034
10	0.747266	750	-3.356315	-39.702349
11	0.726452	750	-3.280199	-42.982548
12	0.705989	750	-3.227153	-46.209702
13	0.685877	750	-3.178376	-49.388077
14	0.666112	750	-3.115585	-52.503662
15	0.646693	750	-3.064742	-55.568404
16	0.627618	750	-3.016775	-58.585179
17	0.608884	750	-2.955551	-61.540729
18	0.590490	750	-2.912187	-64.452916
19	0.572433	750	-2.858114	-67.311030
20	0.554712	750	-2.809321	-70.120352
21	0.537324	750	-2.760528	-72.880880
22	0.520268	750	-2.708218	-75.589098
23	0.503540	750	-2.652890	-78.241989
24	0.487139	750	-2.605544	-80.847533
25	0.471063	750	-2.562344	-83.409876
26	0.455310	750	-2.516025	-85.925901
27	0.439877	750	-2.446585	-88.372486
28	0.424762	750	-2.411438	-90.783924
29	0.409963	750	-2.364971	-93.148896
30	0.395478	750	-2.326461	-95.475356
31	0.381305	750	-2.274703	-97.750060
32	0.367440	750	-2.244572	-99.994631
33	0.353883	750	-2.173882	-102.168513
34	0.340630	750	-2.146050	-104.314563
35	0.327680	750	-2.097747	-106.412310
36	0.315030	750	-2.043858	-108.456168
37	0.302677	750	-1.992034	-110.448202
38	0.290619	750	-1.963562	-112.411764
39	0.278855	750	-1.908943	-114.320707
40	0.267381	750	-1.898470	-116.219177
41	0.256195	750	-1.844150	-118.063327
42	0.245294	750	-1.786644	-119.849971
43	0.234677	750	-1.865827	-121.715798
44	0.224340	750	-1.693741	-123.409539
45	0.214281	750	-1.944802	-125.354341
46	0.204498	750	-1.645588	-126.999929
47	0.194988	750	-1.698424	-128.698352
48	0.185749	750	-1.677242	-130.375595
49	0.176777	750	-1.702469	-132.078064
50	0.168070	750	-1.699486	-133.777550
51	0.159626	750	-1.746680	-135.524229
52	0.151441	750	-1.528437	-137.052666
53	0.143514	750	-1.539662	-138.592329
54	0.135841	750	-1.646520	-140.238849
55	0.128420	750	-1.480470	-141.719318
56	0.121247	750	-1.324226	-143.043545
57	0.114320	750	-1.360042	-144.403587
58	0.107637	750	-1.408671	-145.812257
59	0.101193	750	-1.392426	-147.204683
60	0.094986	750	-1.412629	-148.617312
61	0.089014	750	-1.341939	-149.959251
62	0.083273	750	-1.250411	-151.209663
63	0.077760	750	-1.261355	-152.471018
64	0.072472	750	-1.204335	-153.675353
65	0.067406	750	-1.177418	-154.852771
66	0.062558	750	-1.136951	-155.989722
67	0.057926	750	-1.080471	-157.070193
68	0.053506	750	-1.021240	-158.091433
69	0.049295	750	-0.976743	-159.068176
70	0.045289	750	-0.956855	-160.025031
71	0.041485	750	-0.901458	-160.926489
72	0.037880	750	-0.844699	-161.771188
73	0.034469	750	-0.827605	-162.598793
74	0.031250	750	-0.803844	-163.402637
75	0.028218	750	-0.752850	-164.155488
76	0.025370	750	-0.702067	-164.857555
77	0.022702	750	-0.673314	-165.530869
78	0.020209	750	-0.627978	-166.158847
79	0.017889	750	-0.597375	-166.756222
80	0.015736	750	-0.554201	-167.310423
81	0.013746	750	-0.518392	-167.828815
82	0.011916	750	-0.499082	-168.327897
83	0.010240	750	-0.473107	-168.801004
84	0.008714	750	-0.416067	-169.217071
85	0.007334	750	-0.398064	-169.615134
86	0.006093	750	-0.358717	-169.973852
87	0.004988	750	-0.352311	-170.326162
88	0.004013	750	-0.294553	-170.620716
89	0.003162	750	-0.258677	-170.879393
90	0.002430	750	-0.236068	-171.115461
91	0.001810	750	-0.215575	-171.331036
92	0.001296	750	-0.163363	-171.494400
93	0.000882	750	-0.135164	-171.629563
94	0.000559	750	-0.107822	-171.737386
95	0.000320	750	-0.080856	-171.818241
96	0.000156	750	-0.060228	-171.878470
97	0.000057	750	-0.038255	-171.916725
98	0.000010	750	-0.016999	-171.933724
99	0.000000	750	-0.003702	-171.937426
Log marginal likelihood:	-171.937426
0	0.975187	750	-4.165644	-4.165644
1	0.950747	750	-4.100631	-8.266275
2	0.926679	750	-4.036360	-12.302635
3	0.902980	750	-3.973599	-16.276234
4	0.879648	750	-3.906472	-20.182706
5	0.856682	750	-3.854276	-24.036982
6	0.834079	750	-3.795314	-27.832295
7	0.811838	750	-3.732135	-31.564430
8	0.789957	750	-3.674967	-35.239397
9	0.768433	750	-3.607100	-38.846497
10	0.747266	750	-3.552175	-42.398672
11	0.726452	750	-3.504457	-45.903129
12	0.705989	750	-3.435648	-49.338777
13	0.685877	750	-3.381567	-52.720345
14	0.666112	750	-3.333784	-56.054128
15	0.646693	750	-3.276606	-59.330734
16	0.627618	750	-3.241714	-62.572448
17	0.608884	750	-3.154382	-65.726830
18	0.590490	750	-3.111614	-68.838444
19	0.572433	750	-3.038235	-71.876678
20	0.554712	750	-2.994543	-74.871222
21	0.537324	750	-2.953144	-77.824366
22	0.520268	750	-2.884592	-80.708959
23	0.503540	750	-2.830263	-83.539221
24	0.487139	750	-2.781617	-86.320838
25	0.471063	750	-2.716650	-89.037488
26	0.455310	750	-2.697360	-91.734848
27	0.439877	750	-2.639360	-94.374208
28	0.424762	750	-2.582644	-96.956852
29	0.409963	750	-2.512753	-99.469605
30	0.395478	750	-2.463388	-101.932993
31	0.381305	750	-2.422218	-104.355212
32	0.367440	750	-2.411037	-106.766248
33	0.353883	750	-2.339014	-109.105262
34	0.340630	750	-2.293324	-111.398586
35	0.327680	750	-2.249940	-113.648526
36	0.315030	750	-2.185820	-115.834346
37	0.302677	750	-2.131310	-117.965656
38	0.290619	750	-2.096551	-120.062207
39	0.278855	750	-2.146745	-122.208952
40	0.267381	750	-2.032418	-124.241370
41	0.256195	750	-1.976883	-126.218252
42	0.245294	750	-1.925925	-128.144177
43	0.234677	750	-1.888745	-130.032922
44	0.224340	750	-1.859612	-131.892535
45	0.214281	750	-1.893483	-133.786018
46	0.204498	750	-1.810100	-135.596118
47	0.194988	750	-1.790892	-137.387010
48	0.185749	750	-1.824277	-139.211287
49	0.176777	750	-1.967404	-141.178691
50	0.168070	750	-1.723410	-142.902100
51	0.159626	750	-1.762045	-144.664146
52	0.151441	750	-1.706118	-146.370264
53	0.143514	750	-1.690505	-148.060768
54	0.135841	750	-1.707250	-149.768018
55	0.128420	750	-1.553807	-151.321825
56	0.121247	750	-1.510905	-152.832730
57	0.114320	750	-1.505758	-154.338488
58	0.107637	750	-1.493164	-155.831651
59	0.101193	750	-1.468695	-157.300347
60	0.094986	750	-1.395651	-158.695997
61	0.089014	750	-1.378246	-160.074243
62	0.083273	750	-1.275296	-161.349538
63	0.077760	750	-1.266629	-162.616167
64	0.072472	750	-1.210521	-163.826689
65	0.067406	750	-1.164595	-164.991284
66	0.062558	750	-1.134830	-166.126114
67	0.057926	750	-1.106433	-167.232547
68	0.053506	750	-1.066128	-168.298675
69	0.049295	750	-1.014220	-169.312895
70	0.045289	750	-0.955689	-170.268584
71	0.041485	750	-0.929046	-171.197631
72	0.037880	750	-0.872489	-172.070120
73	0.034469	750	-0.861684	-172.931803
74	0.031250	750	-0.790993	-173.722796
75	0.028218	750	-0.765219	-174.488015
76	0.025370	750	-0.713927	-175.201942
77	0.022702	750	-0.664431	-175.866373
78	0.020209	750	-0.647098	-176.513471
79	0.017889	750	-0.576058	-177.089529
80	0.015736	750	-0.563886	-177.653415
81	0.013746	750	-0.552249	-178.205664
82	0.011916	750	-0.502039	-178.707703
83	0.010240	750	-0.478047	-179.185750
84	0.008714	750	-0.436717	-179.622467
85	0.007334	750	-0.401281	-180.023748
86	0.006093	750	-0.363846	-180.387594
87	0.004988	750	-0.337650	-180.725243
88	0.004013	750	-0.289770	-181.015013
89	0.003162	750	-0.286887	-181.301900
90	0.002430	750	-0.243552	-181.545452
91	0.001810	750	-0.204877	-181.750329
92	0.001296	750	-0.197430	-181.947759
93	0.000882	750	-0.153337	-182.101096
94	0.000559	750	-0.153673	-182.254769
95	0.000320	750	-0.083941	-182.338710
96	0.000156	750	-0.059538	-182.398248
97	0.000057	750	-0.034024	-182.432273
98	0.000010	750	-0.015521	-182.447794
99	0.000000	750	-0.003701	-182.451495
Log marginal likelihood:	-182.451495
0	0.975187	750	-3.686294	-3.686294
1	0.950747	750	-3.650686	-7.336980
2	0.926679	750	-3.588900	-10.925880
3	0.902980	750	-3.542214	-14.468095
4	0.879648	750	-3.477376	-17.945471
5	0.856682	750	-3.429226	-21.374697
6	0.834079	750	-3.362143	-24.736840
7	0.811838	750	-3.345062	-28.081902
8	0.789957	750	-3.286719	-31.368621
9	0.768433	750	-3.273116	-34.641737
10	0.747266	750	-3.164741	-37.806478
11	0.726452	750	-3.135327	-40.941805
12	0.705989	750	-3.084793	-44.026598
13	0.685877	750	-3.070900	-47.097498
14	0.666112	750	-2.980353	-50.077851
15	0.646693	750	-2.945500	-53.023351
16	0.627618	750	-2.887672	-55.911023
17	0.608884	750	-2.791126	-58.702148
18	0.590490	750	-2.771900	-61.474049
19	0.572433	750	-2.726844	-64.200893
20	0.554712	750	-2.685565	-66.886458
21	0.537324	750	-2.614834	-69.501293
22	0.520268	750	-2.604864	-72.106157
23	0.503540	750	-2.600271	-74.706427
24	0.487139	750	-2.491838	-77.198265
25	0.471063	750	-2.471155	-79.669420
26	0.455310	750	-2.395210	-82.064630
27	0.439877	750	-2.367602	-84.432232
28	0.424762	750	-2.314881	-86.747113
29	0.409963	750	-2.296179	-89.043293
30	0.395478	750	-2.207882	-91.251175
31	0.381305	750	-2.196641	-93.447817
32	0.367440	750	-2.179518	-95.627335
33	0.353883	750	-2.110012	-97.737347
34	0.340630	750	-2.085618	-99.822965
35	0.327680	750	-2.002913	-101.825878
36	0.315030	750	-1.950523	-103.776401
37	0.302677	750	-1.958463	-105.734864
38	0.290619	750	-1.936125	-107.670989
39	0.278855	750	-1.865568	-109.536557
40	0.267381	750	-1.851587	-111.388144
41	0.256195	750	-1.767141	-113.155285
42	0.245294	750	-1.708166	-114.863451
43	0.234677	750	-1.670332	-116.533783
44	0.224340	750	-1.862982	-118.396764
45	0.214281	750	-1.649991	-120.046756
46	0.204498	750	-1.596966	-121.643722
47	0.194988	750	-1.576234	-123.219956
48	0.185749	750	-1.491481	-124.711437
49	0.176777	750	-1.449193	-126.160631
50	0.168070	750	-1.554376	-127.715007
51	0.159626	750	-1.579772	-129.294778
52	0.151441	750	-1.608281	-130.903059
53	0.143514	750	-1.408676	-132.311735
54	0.135841	750	-1.435463	-133.747198
55	0.128420	750	-1.429816	-135.177014
56	0.121247	750	-1.445221	-136.622236
57	0.114320	750	-1.292445	-137.914681
58	0.107637	750	-1.416032	-139.330713
59	0.101193	750	-1.405026	-140.735739
60	0.094986	750	-1.255292	-141.991031
61	0.089014	750	-1.232634	-143.223665
62	0.083273	750	-1.223736	-144.447400
63	0.077760	750	-1.252218	-145.699618
64	0.072472	750	-1.123043	-146.822661
65	0.067406	750	-1.123407	-147.946068
66	0.062558	750	-1.066628	-149.012696
67	0.057926	750	-1.063489	-150.076186
68	0.053506	750	-1.036951	-151.113136
69	0.049295	750	-0.931121	-152.044257
70	0.045289	750	-0.941502	-152.985760
71	0.041485	750	-0.927933	-153.913692
72	0.037880	750	-0.870477	-154.784169
73	0.034469	750	-0.796756	-155.580925
74	0.031250	750	-0.797292	-156.378217
75	0.028218	750	-0.738648	-157.116865
76	0.025370	750	-0.703782	-157.820647
77	0.022702	750	-0.676327	-158.496975
78	0.020209	750	-0.625416	-159.122391
79	0.017889	750	-0.611646	-159.734036
80	0.015736	750	-0.583129	-160.317166
81	0.013746	750	-0.533863	-160.851028
82	0.011916	750	-0.506575	-161.357603
83	0.010240	750	-0.467046	-161.824650
84	0.008714	750	-0.435411	-162.260061
85	0.007334	750	-0.422565	-162.682626
86	0.006093	750	-0.368525	-163.051150
87	0.004988	750	-0.323956	-163.375107
88	0.004013	750	-0.304279	-163.679386
89	0.003162	750	-0.260964	-163.940350
90	0.002430	750	-0.235857	-164.176207
91	0.001810	750	-0.205554	-164.381762
92	0.001296	750	-0.167829	-164.549590
93	0.000882	750	-0.138347	-164.687937
94	0.000559	750	-0.114424	-164.802361
95	0.000320	750	-0.084877	-164.887238
96	0.000156	750	-0.057597	-164.944835
97	0.000057	750	-0.035365	-164.980200
98	0.000010	750	-0.016258	-164.996458
99	0.000000	750	-0.003506	-164.999964
Log marginal likelihood:	-164.999964
0	0.975187	750	-3.618920	-3.618920
1	0.950747	750	-3.572584	-7.191505
2	0.926679	750	-3.530207	-10.721711
3	0.902980	750	-3.467101	-14.188813
4	0.879648	750	-3.414894	-17.603707
5	0.856682	750	-3.368270	-20.971976
6	0.834079	750	-3.303706	-24.275682
7	0.811838	750	-3.247824	-27.523506
8	0.789957	750	-3.200809	-30.724315
9	0.768433	750	-3.157278	-33.881593
10	0.747266	750	-3.122245	-37.003838
11	0.726452	750	-3.061664	-40.065502
12	0.705989	750	-3.005320	-43.070822
13	0.685877	750	-2.968389	-46.039211
14	0.666112	750	-2.910578	-48.949789
15	0.646693	750	-2.865102	-51.814891
16	0.627618	750	-2.806350	-54.621241
17	0.608884	750	-2.768805	-57.390045
18	0.590490	750	-2.723734	-60.113779
19	0.572433	750	-2.661940	-62.775719
20	0.554712	750	-2.625254	-65.400973
21	0.537324	750	-2.572905	-67.973878
22	0.520268	750	-2.514267	-70.488144
23	0.503540	750	-2.477868	-72.966013
24	0.487139	750	-2.471778	-75.437791
25	0.471063	750	-2.392282	-77.830072
26	0.455310	750	-2.325119	-80.155192
27	0.439877	750	-2.292979	-82.448171
28	0.424762	750	-2.267029	-84.715200
29	0.409963	750	-2.198996	-86.914196
30	0.395478	750	-2.180081	-89.094277
31	0.381305	750	-2.146385	-91.240662
32	0.367440	750	-2.090908	-93.331571
33	0.353883	750	-2.070867	-95.402438
34	0.340630	750	-2.020827	-97.423265
35	0.327680	750	-1.985333	-99.408598
36	0.315030	750	-1.907731	-101.316329
37	0.302677	750	-1.863737	-103.180065
38	0.290619	750	-1.893669	-105.073734
39	0.278855	750	-1.799336	-106.873070
40	0.267381	750	-1.755812	-108.628882
41	0.256195	750	-1.719333	-110.348215
42	0.245294	750	-1.692095	-112.040310
43	0.234677	750	-1.663471	-113.703781
44	0.224340	750	-1.683621	-115.387403
45	0.214281	750	-1.641903	-117.029306
46	0.204498	750	-1.650494	-118.679800
47	0.194988	750	-1.520371	-120.200171
48	0.185749	750	-1.481774	-121.681945
49	0.176777	750	-1.471631	-123.153576
50	0.168070	750	-1.782235	-124.935812
51	0.159626	750	-1.539531	-126.475342
52	0.151441	750	-1.501999	-127.977341
53	0.143514	750	-1.375908	-129.353249
54	0.135841	750	-1.485250	-130.838499
55	0.128420	750	-1.384925	-132.223423
56	0.121247	750	-1.286382	-133.509806
57	0.114320	750	-1.438552	-134.948357
58	0.107637	750	-1.517574	-136.465931
59	0.101193	750	-1.258273	-137.724205
60	0.094986	750	-1.393075	-139.117279
61	0.089014	750	-1.266696	-140.383975
62	0.083273	750	-1.367145	-141.751120
63	0.077760	750	-1.234354	-142.985474
64	0.072472	750	-1.262397	-144.247870
65	0.067406	750	-1.151600	-145.399471
66	0.062558	750	-1.086808	-146.486279
67	0.057926	750	-1.057944	-147.544223
68	0.053506	750	-1.019203	-148.563426
69	0.049295	750	-0.999993	-149.563419
70	0.045289	750	-0.965675	-150.529094
71	0.041485	750	-0.930520	-151.459615
72	0.037880	750	-0.868472	-152.328086
73	0.034469	750	-0.857347	-153.185433
74	0.031250	750	-0.809709	-153.995143
75	0.028218	750	-0.741311	-154.736454
76	0.025370	750	-0.741216	-155.477669
77	0.022702	750	-0.671229	-156.148899
78	0.020209	750	-0.660250	-156.809149
79	0.017889	750	-0.591763	-157.400912
80	0.015736	750	-0.571093	-157.972005
81	0.013746	750	-0.548431	-158.520436
82	0.011916	750	-0.503788	-159.024224
83	0.010240	750	-0.463948	-159.488173
84	0.008714	750	-0.430463	-159.918636
85	0.007334	750	-0.405967	-160.324603
86	0.006093	750	-0.362899	-160.687502
87	0.004988	750	-0.332838	-161.020340
88	0.004013	750	-0.289709	-161.310048
89	0.003162	750	-0.253206	-161.563254
90	0.002430	750	-0.233796	-161.797050
91	0.001810	750	-0.221582	-162.018632
92	0.001296	750	-0.180063	-162.198695
93	0.000882	750	-0.159715	-162.358410
94	0.000559	750	-0.108221	-162.466631
95	0.000320	750	-0.088342	-162.554973
96	0.000156	750	-0.057876	-162.612849
97	0.000057	750	-0.037359	-162.650208
98	0.000010	750	-0.017048	-162.667256
99	0.000000	750	-0.003383	-162.670639
Log marginal likelihood:	-162.670639
0	0.975187	750	-3.653730	-3.653730
1	0.950747	750	-3.601592	-7.255322
2	0.926679	750	-3.549016	-10.804338
3	0.902980	750	-3.495377	-14.299715
4	0.879648	750	-3.444106	-17.743822
5	0.856682	750	-3.390221	-21.134043
6	0.834079	750	-3.334892	-24.468935
7	0.811838	750	-3.287121	-27.756056
8	0.789957	750	-3.240039	-30.996095
9	0.768433	750	-3.181051	-34.177147
10	0.747266	750	-3.137907	-37.315053
11	0.726452	750	-3.081185	-40.396239
12	0.705989	750	-3.023650	-43.419888
13	0.685877	750	-2.989245	-46.409133
14	0.666112	750	-2.921882	-49.331015
15	0.646693	750	-2.876659	-52.207674
16	0.627618	750	-2.834146	-55.041821
17	0.608884	750	-2.776169	-57.817990
18	0.590490	750	-2.732920	-60.550910
19	0.572433	750	-2.694070	-63.244980
20	0.554712	750	-2.627586	-65.872567
21	0.537324	750	-2.591270	-68.463837
22	0.520268	750	-2.541087	-71.004924
23	0.503540	750	-2.492536	-73.497460
24	0.487139	750	-2.436571	-75.934031
25	0.471063	750	-2.403318	-78.337350
26	0.455310	750	-2.368555	-80.705905
27	0.439877	750	-2.316622	-83.022527
28	0.424762	750	-2.277911	-85.300438
29	0.409963	750	-2.214874	-87.515312
30	0.395478	750	-2.176883	-89.692195
31	0.381305	750	-2.182912	-91.875107
32	0.367440	750	-2.160741	-94.035848
33	0.353883	750	-2.061703	-96.097551
34	0.340630	750	-2.040771	-98.138322
35	0.327680	750	-1.962131	-100.100453
36	0.315030	750	-1.941910	-102.042363
37	0.302677	750	-1.959046	-104.001409
38	0.290619	750	-1.833707	-105.835116
39	0.278855	750	-1.850694	-107.685810
40	0.267381	750	-1.778076	-109.463886
41	0.256195	750	-1.716616	-111.180502
42	0.245294	750	-1.753433	-112.933935
43	0.234677	750	-1.863395	-114.797330
44	0.224340	750	-1.595318	-116.392648
45	0.214281	750	-1.673698	-118.066346
46	0.204498	750	-1.626251	-119.692597
47	0.194988	750	-1.532158	-121.224755
48	0.185749	750	-1.483490	-122.708245
49	0.176777	750	-1.667724	-124.375968
50	0.168070	750	-1.497656	-125.873624
51	0.159626	750	-1.470702	-127.344327
52	0.151441	750	-1.461482	-128.805809
53	0.143514	750	-1.375058	-130.180867
54	0.135841	750	-1.386948	-131.567815
55	0.128420	750	-1.322676	-132.890491
56	0.121247	750	-1.409805	-134.300296
57	0.114320	750	-1.208145	-135.508442
58	0.107637	750	-1.308009	-136.816450
59	0.101193	750	-1.288203	-138.104654
60	0.094986	750	-1.219641	-139.324295
61	0.089014	750	-1.188899	-140.513194
62	0.083273	750	-1.220471	-141.733665
63	0.077760	750	-1.148450	-142.882115
64	0.072472	750	-1.153301	-144.035416
65	0.067406	750	-1.135906	-145.171322
66	0.062558	750	-1.060006	-146.231328
67	0.057926	750	-1.056926	-147.288254
68	0.053506	750	-0.976111	-148.264365
69	0.049295	750	-0.946234	-149.210599
70	0.045289	750	-0.886093	-150.096692
71	0.041485	750	-0.906517	-151.003209
72	0.037880	750	-0.864696	-151.867906
73	0.034469	750	-0.771253	-152.639158
74	0.031250	750	-0.761340	-153.400498
75	0.028218	750	-0.738316	-154.138814
76	0.025370	750	-0.690437	-154.829252
77	0.022702	750	-0.646488	-155.475739
78	0.020209	750	-0.623734	-156.099473
79	0.017889	750	-0.587242	-156.686715
80	0.015736	750	-0.578601	-157.265316
81	0.013746	750	-0.532936	-157.798252
82	0.011916	750	-0.499109	-158.297360
83	0.010240	750	-0.443853	-158.741213
84	0.008714	750	-0.437442	-159.178655
85	0.007334	750	-0.406154	-159.584809
86	0.006093	750	-0.340881	-159.925690
87	0.004988	750	-0.334384	-160.260074
88	0.004013	750	-0.294352	-160.554426
89	0.003162	750	-0.250245	-160.804671
90	0.002430	750	-0.233801	-161.038472
91	0.001810	750	-0.189376	-161.227849
92	0.001296	750	-0.174929	-161.402777
93	0.000882	750	-0.145402	-161.548179
94	0.000559	750	-0.108780	-161.656959
95	0.000320	750	-0.084624	-161.741583
96	0.000156	750	-0.061879	-161.803462
97	0.000057	750	-0.038607	-161.842069
98	0.000010	750	-0.015015	-161.857084
99	0.000000	750	-0.003560	-161.860644
Log marginal likelihood:	-161.860644
0	0.975187	750	-3.460277	-3.460277
1	0.950747	750	-3.410468	-6.870745
2	0.926679	750	-3.355256	-10.226001
3	0.902980	750	-3.309926	-13.535927
4	0.879648	750	-3.265398	-16.801325
5	0.856682	750	-3.212039	-20.013364
6	0.834079	750	-3.157469	-23.170833
7	0.811838	750	-3.106855	-26.277688
8	0.789957	750	-3.065029	-29.342717
9	0.768433	750	-3.022727	-32.365444
10	0.747266	750	-2.963865	-35.329308
11	0.726452	750	-2.918897	-38.248205
12	0.705989	750	-2.864850	-41.113055
13	0.685877	750	-2.825853	-43.938908
14	0.666112	750	-2.763898	-46.702806
15	0.646693	750	-2.722225	-49.425031
16	0.627618	750	-2.682399	-52.107430
17	0.608884	750	-2.632109	-54.739539
18	0.590490	750	-2.591016	-57.330555
19	0.572433	750	-2.550444	-59.881000
20	0.554712	750	-2.502667	-62.383666
21	0.537324	750	-2.446026	-64.829693
22	0.520268	750	-2.419920	-67.249612
23	0.503540	750	-2.359784	-69.609396
24	0.487139	750	-2.326519	-71.935915
25	0.471063	750	-2.288059	-74.223974
26	0.455310	750	-2.223650	-76.447623
27	0.439877	750	-2.192360	-78.639984
28	0.424762	750	-2.151899	-80.791882
29	0.409963	750	-2.101650	-82.893532
30	0.395478	750	-2.061194	-84.954726
31	0.381305	750	-2.108676	-87.063402
32	0.367440	750	-2.004702	-89.068104
33	0.353883	750	-1.932443	-91.000547
34	0.340630	750	-1.923466	-92.924013
35	0.327680	750	-1.909838	-94.833851
36	0.315030	750	-1.830502	-96.664353
37	0.302677	750	-1.804058	-98.468410
38	0.290619	750	-1.770444	-100.238854
39	0.278855	750	-1.708537	-101.947392
40	0.267381	750	-1.668654	-103.616045
41	0.256195	750	-1.655341	-105.271387
42	0.245294	750	-1.598853	-106.870240
43	0.234677	750	-1.565051	-108.435291
44	0.224340	750	-1.726709	-110.161999
45	0.214281	750	-1.518049	-111.680048
46	0.204498	750	-1.458189	-113.138237
47	0.194988	750	-1.548018	-114.686255
48	0.185749	750	-1.465350	-116.151605
49	0.176777	750	-1.464075	-117.615681
50	0.168070	750	-1.390574	-119.006254
51	0.159626	750	-1.361699	-120.367954
52	0.151441	750	-1.357783	-121.725737
53	0.143514	750	-1.371279	-123.097016
54	0.135841	750	-1.299960	-124.396976
55	0.128420	750	-1.268072	-125.665049
56	0.121247	750	-1.309396	-126.974444
57	0.114320	750	-1.260959	-128.235403
58	0.107637	750	-1.332167	-129.567571
59	0.101193	750	-1.264117	-130.831688
60	0.094986	750	-1.202061	-132.033748
61	0.089014	750	-1.182843	-133.216591
62	0.083273	750	-1.155645	-134.372236
63	0.077760	750	-1.188732	-135.560967
64	0.072472	750	-1.071718	-136.632685
65	0.067406	750	-1.014331	-137.647016
66	0.062558	750	-1.037013	-138.684029
67	0.057926	750	-0.954631	-139.638660
68	0.053506	750	-1.032202	-140.670862
69	0.049295	750	-0.952944	-141.623806
70	0.045289	750	-0.926701	-142.550506
71	0.041485	750	-0.879990	-143.430496
72	0.037880	750	-0.846336	-144.276832
73	0.034469	750	-0.794470	-145.071302
74	0.031250	750	-0.781656	-145.852958
75	0.028218	750	-0.749620	-146.602578
76	0.025370	750	-0.697778	-147.300356
77	0.022702	750	-0.668531	-147.968887
78	0.020209	750	-0.651904	-148.620790
79	0.017889	750	-0.599608	-149.220398
80	0.015736	750	-0.557796	-149.778194
81	0.013746	750	-0.531010	-150.309205
82	0.011916	750	-0.478527	-150.787732
83	0.010240	750	-0.443083	-151.230814
84	0.008714	750	-0.434711	-151.665526
85	0.007334	750	-0.387541	-152.053066
86	0.006093	750	-0.370567	-152.423633
87	0.004988	750	-0.314872	-152.738505
88	0.004013	750	-0.289609	-153.028114
89	0.003162	750	-0.281772	-153.309885
90	0.002430	750	-0.228189	-153.538074
91	0.001810	750	-0.191277	-153.729351
92	0.001296	750	-0.178719	-153.908069
93	0.000882	750	-0.130248	-154.038317
94	0.000559	750	-0.100652	-154.138970
95	0.000320	750	-0.089613	-154.228583
96	0.000156	750	-0.054379	-154.282962
97	0.000057	750	-0.035064	-154.318026
98	0.000010	750	-0.015820	-154.333846
99	0.000000	750	-0.003684	-154.337530
Log marginal likelihood:	-154.337530
0	0.975187	750	-3.934763	-3.934763
1	0.950747	750	-3.886044	-7.820808
2	0.926679	750	-3.834895	-11.655702
3	0.902980	750	-3.780524	-15.436226
4	0.879648	750	-3.706221	-19.142447
5	0.856682	750	-3.650905	-22.793352
6	0.834079	750	-3.602210	-26.395562
7	0.811838	750	-3.537416	-29.932978
8	0.789957	750	-3.493011	-33.425989
9	0.768433	750	-3.443404	-36.869394
10	0.747266	750	-3.367758	-40.237152
11	0.726452	750	-3.319723	-43.556875
12	0.705989	750	-3.268562	-46.825437
13	0.685877	750	-3.213832	-50.039269
14	0.666112	750	-3.159020	-53.198289
15	0.646693	750	-3.117713	-56.316002
16	0.627618	750	-3.059528	-59.375531
17	0.608884	750	-2.994891	-62.370422
18	0.590490	750	-2.961119	-65.331541
19	0.572433	750	-2.912371	-68.243912
20	0.554712	750	-2.840609	-71.084521
21	0.537324	750	-2.791129	-73.875650
22	0.520268	750	-2.746916	-76.622566
23	0.503540	750	-2.705166	-79.327732
24	0.487139	750	-2.635456	-81.963187
25	0.471063	750	-2.590780	-84.553967
26	0.455310	750	-2.541422	-87.095389
27	0.439877	750	-2.515796	-89.611185
28	0.424762	750	-2.448792	-92.059977
29	0.409963	750	-2.456300	-94.516277
30	0.395478	750	-2.367163	-96.883440
31	0.381305	750	-2.306449	-99.189889
32	0.367440	750	-2.257476	-101.447365
33	0.353883	750	-2.236643	-103.684008
34	0.340630	750	-2.219881	-105.903889
35	0.327680	750	-2.122836	-108.026725
36	0.315030	750	-2.087001	-110.113726
37	0.302677	750	-2.047880	-112.161606
38	0.290619	750	-1.999919	-114.161525
39	0.278855	750	-1.972233	-116.133758
40	0.267381	750	-1.925748	-118.059506
41	0.256195	750	-1.904281	-119.963787
42	0.245294	750	-2.014233	-121.978019
43	0.234677	750	-1.815879	-123.793899
44	0.224340	750	-1.780275	-125.574174
45	0.214281	750	-1.876143	-127.450317
46	0.204498	750	-1.665581	-129.115898
47	0.194988	750	-1.683369	-130.799267
48	0.185749	750	-1.699695	-132.498962
49	0.176777	750	-1.651697	-134.150659
50	0.168070	750	-1.533313	-135.683972
51	0.159626	750	-1.716867	-137.400839
52	0.151441	750	-1.744957	-139.145796
53	0.143514	750	-1.586677	-140.732473
54	0.135841	750	-1.509709	-142.242183
55	0.128420	750	-1.495786	-143.737969
56	0.121247	750	-1.671796	-145.409764
57	0.114320	750	-1.439964	-146.849728
58	0.107637	750	-1.534673	-148.384401
59	0.101193	750	-1.470081	-149.854482
60	0.094986	750	-1.310628	-151.165110
61	0.089014	750	-1.390743	-152.555854
62	0.083273	750	-1.301097	-153.856950
63	0.077760	750	-1.294865	-155.151815
64	0.072472	750	-1.176777	-156.328592
65	0.067406	750	-1.127096	-157.455688
66	0.062558	750	-1.070079	-158.525766
67	0.057926	750	-1.110214	-159.635980
68	0.053506	750	-1.040147	-160.676127
69	0.049295	750	-0.996316	-161.672443
70	0.045289	750	-0.958720	-162.631162
71	0.041485	750	-0.935928	-163.567090
72	0.037880	750	-0.873288	-164.440378
73	0.034469	750	-0.831710	-165.272088
74	0.031250	750	-0.778511	-166.050599
75	0.028218	750	-0.751496	-166.802094
76	0.025370	750	-0.712520	-167.514614
77	0.022702	750	-0.675464	-168.190078
78	0.020209	750	-0.634917	-168.824996
79	0.017889	750	-0.607859	-169.432855
80	0.015736	750	-0.575661	-170.008516
81	0.013746	750	-0.540388	-170.548904
82	0.011916	750	-0.501217	-171.050121
83	0.010240	750	-0.478527	-171.528648
84	0.008714	750	-0.456136	-171.984784
85	0.007334	750	-0.383826	-172.368610
86	0.006093	750	-0.348122	-172.716732
87	0.004988	750	-0.326062	-173.042794
88	0.004013	750	-0.305550	-173.348343
89	0.003162	750	-0.277544	-173.625887
90	0.002430	750	-0.231068	-173.856955
91	0.001810	750	-0.210231	-174.067187
92	0.001296	750	-0.173996	-174.241182
93	0.000882	750	-0.137229	-174.378411
94	0.000559	750	-0.125091	-174.503502
95	0.000320	750	-0.079374	-174.582876
96	0.000156	750	-0.055605	-174.638481
97	0.000057	750	-0.032201	-174.670682
98	0.000010	750	-0.021702	-174.692384
99	0.000000	750	-0.003464	-174.695848
Log marginal likelihood:	-174.695848
0	0.975187	750	-4.414384	-4.414384
1	0.950747	750	-4.359067	-8.773451
2	0.926679	750	-4.276892	-13.050343
3	0.902980	750	-4.210917	-17.261261
4	0.879648	750	-4.154406	-21.415667
5	0.856682	750	-4.100219	-25.515886
6	0.834079	750	-4.031425	-29.547311
7	0.811838	750	-3.964122	-33.511433
8	0.789957	750	-3.907531	-37.418964
9	0.768433	750	-3.842130	-41.261094
10	0.747266	750	-3.776489	-45.037584
11	0.726452	750	-3.715939	-48.753522
12	0.705989	750	-3.672419	-52.425941
13	0.685877	750	-3.612488	-56.038429
14	0.666112	750	-3.544929	-59.583358
15	0.646693	750	-3.484889	-63.068247
16	0.627618	750	-3.423552	-66.491798
17	0.608884	750	-3.363425	-69.855223
18	0.590490	750	-3.319461	-73.174684
19	0.572433	750	-3.244157	-76.418841
20	0.554712	750	-3.201197	-79.620038
21	0.537324	750	-3.136828	-82.756866
22	0.520268	750	-3.075432	-85.832299
23	0.503540	750	-2.994746	-88.827045
24	0.487139	750	-2.963068	-91.790114
25	0.471063	750	-2.908029	-94.698143
26	0.455310	750	-2.844087	-97.542230
27	0.439877	750	-2.799973	-100.342203
28	0.424762	750	-2.739374	-103.081577
29	0.409963	750	-2.726604	-105.808181
30	0.395478	750	-2.642213	-108.450394
31	0.381305	750	-2.577470	-111.027864
32	0.367440	750	-2.527206	-113.555070
33	0.353883	750	-2.480755	-116.035825
34	0.340630	750	-2.429768	-118.465593
35	0.327680	750	-2.390022	-120.855615
36	0.315030	750	-2.349824	-123.205439
37	0.302677	750	-2.409357	-125.614796
38	0.290619	750	-2.230069	-127.844865
39	0.278855	750	-2.257984	-130.102849
40	0.267381	750	-2.366112	-132.468960
41	0.256195	750	-2.249316	-134.718276
42	0.245294	750	-2.217019	-136.935295
43	0.234677	750	-2.032540	-138.967835
44	0.224340	750	-1.939017	-140.906852
45	0.214281	750	-2.034499	-142.941351
46	0.204498	750	-1.877346	-144.818697
47	0.194988	750	-1.866551	-146.685248
48	0.185749	750	-2.003901	-148.689148
49	0.176777	750	-1.885395	-150.574543
50	0.168070	750	-1.888411	-152.462954
51	0.159626	750	-1.780859	-154.243813
52	0.151441	750	-1.813311	-156.057124
53	0.143514	750	-1.839921	-157.897045
54	0.135841	750	-1.747674	-159.644719
55	0.128420	750	-1.631649	-161.276368
56	0.121247	750	-1.684408	-162.960776
57	0.114320	750	-1.561924	-164.522700
58	0.107637	750	-1.552043	-166.074742
59	0.101193	750	-1.513919	-167.588662
60	0.094986	750	-1.458219	-169.046881
61	0.089014	750	-1.412424	-170.459305
62	0.083273	750	-1.280485	-171.739790
63	0.077760	750	-1.305092	-173.044882
64	0.072472	750	-1.216551	-174.261433
65	0.067406	750	-1.205652	-175.467085
66	0.062558	750	-1.188663	-176.655748
67	0.057926	750	-1.131202	-177.786951
68	0.053506	750	-1.050398	-178.837349
69	0.049295	750	-1.012271	-179.849620
70	0.045289	750	-0.959713	-180.809333
71	0.041485	750	-0.943393	-181.752726
72	0.037880	750	-0.877978	-182.630704
73	0.034469	750	-0.847425	-183.478129
74	0.031250	750	-0.823765	-184.301894
75	0.028218	750	-0.772844	-185.074738
76	0.025370	750	-0.738311	-185.813049
77	0.022702	750	-0.704538	-186.517587
78	0.020209	750	-0.649863	-187.167450
79	0.017889	750	-0.634445	-187.801895
80	0.015736	750	-0.592577	-188.394472
81	0.013746	750	-0.554433	-188.948905
82	0.011916	750	-0.504780	-189.453685
83	0.010240	750	-0.480590	-189.934274
84	0.008714	750	-0.412602	-190.346876
85	0.007334	750	-0.389309	-190.736185
86	0.006093	750	-0.400505	-191.136690
87	0.004988	750	-0.334585	-191.471276
88	0.004013	750	-0.314353	-191.785629
89	0.003162	750	-0.284387	-192.070016
90	0.002430	750	-0.265854	-192.335870
91	0.001810	750	-0.206530	-192.542400
92	0.001296	750	-0.164021	-192.706421
93	0.000882	750	-0.143735	-192.850155
94	0.000559	750	-0.121084	-192.971240
95	0.000320	750	-0.082482	-193.053722
96	0.000156	750	-0.055583	-193.109305
97	0.000057	750	-0.034338	-193.143643
98	0.000010	750	-0.017689	-193.161332
99	0.000000	750	-0.003679	-193.165011
Log marginal likelihood:	-193.165011
0	0.975187	750	-4.310562	-4.310562
1	0.950747	750	-4.237757	-8.548319
2	0.926679	750	-4.182419	-12.730739
3	0.902980	750	-4.116020	-16.846758
4	0.879648	750	-4.056725	-20.903483
5	0.856682	750	-3.986269	-24.889752
6	0.834079	750	-3.926875	-28.816626
7	0.811838	750	-3.866007	-32.682633
8	0.789957	750	-3.808360	-36.490993
9	0.768433	750	-3.751844	-40.242837
10	0.747266	750	-3.695855	-43.938692
11	0.726452	750	-3.624194	-47.562887
12	0.705989	750	-3.562085	-51.124971
13	0.685877	750	-3.511853	-54.636824
14	0.666112	750	-3.437454	-58.074279
15	0.646693	750	-3.390240	-61.464519
16	0.627618	750	-3.323086	-64.787605
17	0.608884	750	-3.274045	-68.061650
18	0.590490	750	-3.236763	-71.298414
19	0.572433	750	-3.155485	-74.453899
20	0.554712	750	-3.120428	-77.574327
21	0.537324	750	-3.042625	-80.616952
22	0.520268	750	-2.981019	-83.597971
23	0.503540	750	-2.937735	-86.535705
24	0.487139	750	-2.891452	-89.427157
25	0.471063	750	-2.817424	-92.244581
26	0.455310	750	-2.773631	-95.018212
27	0.439877	750	-2.703421	-97.721632
28	0.424762	750	-2.659729	-100.381361
29	0.409963	750	-2.608171	-102.989532
30	0.395478	750	-2.549869	-105.539400
31	0.381305	750	-2.505192	-108.044593
32	0.367440	750	-2.456225	-110.500818
33	0.353883	750	-2.400620	-112.901438
34	0.340630	750	-2.351712	-115.253150
35	0.327680	750	-2.297297	-117.550447
36	0.315030	750	-2.250463	-119.800909
37	0.302677	750	-2.191180	-121.992089
38	0.290619	750	-2.180035	-124.172124
39	0.278855	750	-2.109362	-126.281486
40	0.267381	750	-2.048913	-128.330399
41	0.256195	750	-2.058177	-130.388576
42	0.245294	750	-1.985029	-132.373604
43	0.234677	750	-1.983224	-134.356828
44	0.224340	750	-1.940436	-136.297264
45	0.214281	750	-1.979784	-138.277048
46	0.204498	750	-1.977427	-140.254476
47	0.194988	750	-1.928272	-142.182747
48	0.185749	750	-1.957467	-144.140215
49	0.176777	750	-1.813603	-145.953817
50	0.168070	750	-1.890113	-147.843931
51	0.159626	750	-1.742956	-149.586887
52	0.151441	750	-1.759026	-151.345913
53	0.143514	750	-1.570770	-152.916683
54	0.135841	750	-1.640105	-154.556788
55	0.128420	750	-1.666982	-156.223770
56	0.121247	750	-1.594184	-157.817955
57	0.114320	750	-1.636960	-159.454914
58	0.107637	750	-1.542166	-160.997081
59	0.101193	750	-1.451318	-162.448399
60	0.094986	750	-1.443306	-163.891705
61	0.089014	750	-1.405001	-165.296706
62	0.083273	750	-1.361031	-166.657738
63	0.077760	750	-1.327505	-167.985242
64	0.072472	750	-1.264252	-169.249495
65	0.067406	750	-1.229473	-170.478968
66	0.062558	750	-1.178125	-171.657093
67	0.057926	750	-1.128566	-172.785658
68	0.053506	750	-1.088531	-173.874189
69	0.049295	750	-1.056448	-174.930637
70	0.045289	750	-0.960772	-175.891409
71	0.041485	750	-0.956613	-176.848022
72	0.037880	750	-0.908229	-177.756250
73	0.034469	750	-0.865271	-178.621521
74	0.031250	750	-0.799377	-179.420898
75	0.028218	750	-0.800503	-180.221401
76	0.025370	750	-0.748633	-180.970034
77	0.022702	750	-0.685914	-181.655948
78	0.020209	750	-0.662508	-182.318457
79	0.017889	750	-0.623192	-182.941649
80	0.015736	750	-0.592628	-183.534276
81	0.013746	750	-0.553212	-184.087488
82	0.011916	750	-0.528667	-184.616156
83	0.010240	750	-0.501374	-185.117530
84	0.008714	750	-0.459891	-185.577421
85	0.007334	750	-0.410929	-185.988349
86	0.006093	750	-0.373797	-186.362147
87	0.004988	750	-0.339800	-186.701947
88	0.004013	750	-0.330794	-187.032740
89	0.003162	750	-0.276405	-187.309146
90	0.002430	750	-0.253050	-187.562195
91	0.001810	750	-0.206615	-187.768810
92	0.001296	750	-0.187166	-187.955976
93	0.000882	750	-0.137054	-188.093030
94	0.000559	750	-0.114404	-188.207434
95	0.000320	750	-0.082959	-188.290393
96	0.000156	750	-0.059486	-188.349879
97	0.000057	750	-0.031292	-188.381171
98	0.000010	750	-0.019032	-188.400203
99	0.000000	750	-0.003693	-188.403896
Log marginal likelihood:	-188.403896
0	0.975187	750	-3.529617	-3.529617
1	0.950747	750	-3.467839	-6.997456
2	0.926679	750	-3.432616	-10.430072
3	0.902980	750	-3.373351	-13.803422
4	0.879648	750	-3.322351	-17.125774
5	0.856682	750	-3.269837	-20.395611
6	0.834079	750	-3.212426	-23.608037
7	0.811838	750	-3.161298	-26.769335
8	0.789957	750	-3.113488	-29.882823
9	0.768433	750	-3.090734	-32.973557
10	0.747266	750	-3.007917	-35.981474
11	0.726452	750	-2.982387	-38.963860
12	0.705989	750	-2.927962	-41.891823
13	0.685877	750	-2.864495	-44.756318
14	0.666112	750	-2.833082	-47.589399
15	0.646693	750	-2.790768	-50.380167
16	0.627618	750	-2.741972	-53.122139
17	0.608884	750	-2.670870	-55.793009
18	0.590490	750	-2.650143	-58.443153
19	0.572433	750	-2.603892	-61.047045
20	0.554712	750	-2.544634	-63.591679
21	0.537324	750	-2.502646	-66.094325
22	0.520268	750	-2.465770	-68.560095
23	0.503540	750	-2.400218	-70.960313
24	0.487139	750	-2.367863	-73.328176
25	0.471063	750	-2.330309	-75.658485
26	0.455310	750	-2.279468	-77.937953
27	0.439877	750	-2.241005	-80.178958
28	0.424762	750	-2.197980	-82.376937
29	0.409963	750	-2.137972	-84.514909
30	0.395478	750	-2.099481	-86.614390
31	0.381305	750	-2.065326	-88.679717
32	0.367440	750	-2.033589	-90.713306
33	0.353883	750	-1.997857	-92.711163
34	0.340630	750	-1.929694	-94.640857
35	0.327680	750	-1.899648	-96.540505
36	0.315030	750	-1.854725	-98.395231
37	0.302677	750	-1.816889	-100.212120
38	0.290619	750	-1.788094	-102.000214
39	0.278855	750	-1.760470	-103.760684
40	0.267381	750	-1.709077	-105.469762
41	0.256195	750	-1.658522	-107.128284
42	0.245294	750	-1.641811	-108.770094
43	0.234677	750	-1.602256	-110.372350
44	0.224340	750	-1.552693	-111.925043
45	0.214281	750	-1.518290	-113.443332
46	0.204498	750	-1.467537	-114.910869
47	0.194988	750	-1.447711	-116.358580
48	0.185749	750	-1.448743	-117.807322
49	0.176777	750	-1.406212	-119.213534
50	0.168070	750	-1.355697	-120.569231
51	0.159626	750	-1.320629	-121.889860
52	0.151441	750	-1.404895	-123.294755
53	0.143514	750	-1.238345	-124.533100
54	0.135841	750	-1.310781	-125.843880
55	0.128420	750	-1.244093	-127.087973
56	0.121247	750	-1.344867	-128.432841
57	0.114320	750	-1.299730	-129.732570
58	0.107637	750	-1.211846	-130.944416
59	0.101193	750	-1.309340	-132.253756
60	0.094986	750	-1.405139	-133.658896
61	0.089014	750	-1.271385	-134.930280
62	0.083273	750	-1.251555	-136.181835
63	0.077760	750	-1.203631	-137.385465
64	0.072472	750	-1.176586	-138.562051
65	0.067406	750	-1.178115	-139.740166
66	0.062558	750	-1.082796	-140.822963
67	0.057926	750	-1.074500	-141.897463
68	0.053506	750	-1.010740	-142.908204
69	0.049295	750	-0.969162	-143.877365
70	0.045289	750	-0.937548	-144.814913
71	0.041485	750	-0.906599	-145.721512
72	0.037880	750	-0.879043	-146.600555
73	0.034469	750	-0.845006	-147.445561
74	0.031250	750	-0.793063	-148.238624
75	0.028218	750	-0.731407	-148.970031
76	0.025370	750	-0.717140	-149.687171
77	0.022702	750	-0.683908	-150.371079
78	0.020209	750	-0.656301	-151.027379
79	0.017889	750	-0.613478	-151.640858
80	0.015736	750	-0.567686	-152.208543
81	0.013746	750	-0.546979	-152.755523
82	0.011916	750	-0.490553	-153.246076
83	0.010240	750	-0.475926	-153.722002
84	0.008714	750	-0.438082	-154.160084
85	0.007334	750	-0.401748	-154.561832
86	0.006093	750	-0.358783	-154.920615
87	0.004988	750	-0.332551	-155.253165
88	0.004013	750	-0.302456	-155.555622
89	0.003162	750	-0.268441	-155.824062
90	0.002430	750	-0.245148	-156.069210
91	0.001810	750	-0.231075	-156.300285
92	0.001296	750	-0.179969	-156.480254
93	0.000882	750	-0.155691	-156.635944
94	0.000559	750	-0.115259	-156.751203
95	0.000320	750	-0.082839	-156.834043
96	0.000156	750	-0.059867	-156.893910
97	0.000057	750	-0.033468	-156.927378
98	0.000010	750	-0.016591	-156.943969
99	0.000000	750	-0.003684	-156.947653
Log marginal likelihood:	-156.947653
0	0.975187	750	-3.616119	-3.616119
1	0.950747	750	-3.549901	-7.166020
2	0.926679	750	-3.513561	-10.679582
3	0.902980	750	-3.455316	-14.134897
4	0.879648	750	-3.420696	-17.555593
5	0.856682	750	-3.329296	-20.884889
6	0.834079	750	-3.300484	-24.185373
7	0.811838	750	-3.263268	-27.448641
8	0.789957	750	-3.220288	-30.668929
9	0.768433	750	-3.148366	-33.817294
10	0.747266	750	-3.091329	-36.908623
11	0.726452	750	-3.064488	-39.973111
12	0.705989	750	-2.992770	-42.965880
13	0.685877	750	-2.948577	-45.914457
14	0.666112	750	-2.903418	-48.817875
15	0.646693	750	-2.875988	-51.693863
16	0.627618	750	-2.816004	-54.509867
17	0.608884	750	-2.775027	-57.284894
18	0.590490	750	-2.720574	-60.005468
19	0.572433	750	-2.661833	-62.667302
20	0.554712	750	-2.641619	-65.308921
21	0.537324	750	-2.563786	-67.872706
22	0.520268	750	-2.500756	-70.373462
23	0.503540	750	-2.490248	-72.863710
24	0.487139	750	-2.417338	-75.281049
25	0.471063	750	-2.366130	-77.647178
26	0.455310	750	-2.360307	-80.007485
27	0.439877	750	-2.296107	-82.303592
28	0.424762	750	-2.258121	-84.561713
29	0.409963	750	-2.198739	-86.760452
30	0.395478	750	-2.173894	-88.934346
31	0.381305	750	-2.123831	-91.058176
32	0.367440	750	-2.097594	-93.155771
33	0.353883	750	-2.027229	-95.183000
34	0.340630	750	-1.996140	-97.179139
35	0.327680	750	-1.965441	-99.144580
36	0.315030	750	-1.938274	-101.082854
37	0.302677	750	-1.862851	-102.945705
38	0.290619	750	-1.842814	-104.788519
39	0.278855	750	-1.791090	-106.579609
40	0.267381	750	-1.763248	-108.342857
41	0.256195	750	-1.739296	-110.082153
42	0.245294	750	-1.717497	-111.799650
43	0.234677	750	-1.651955	-113.451605
44	0.224340	750	-1.760976	-115.212581
45	0.214281	750	-1.554851	-116.767431
46	0.204498	750	-1.537414	-118.304845
47	0.194988	750	-1.487818	-119.792664
48	0.185749	750	-1.490731	-121.283395
49	0.176777	750	-1.585638	-122.869033
50	0.168070	750	-1.518026	-124.387059
51	0.159626	750	-1.407283	-125.794342
52	0.151441	750	-1.419590	-127.213931
53	0.143514	750	-1.336624	-128.550555
54	0.135841	750	-1.383610	-129.934165
55	0.128420	750	-1.322190	-131.256355
56	0.121247	750	-1.297574	-132.553929
57	0.114320	750	-1.193324	-133.747253
58	0.107637	750	-1.323438	-135.070691
59	0.101193	750	-1.254400	-136.325092
60	0.094986	750	-1.308775	-137.633867
61	0.089014	750	-1.283553	-138.917419
62	0.083273	750	-1.241308	-140.158727
63	0.077760	750	-1.219890	-141.378617
64	0.072472	750	-1.172054	-142.550671
65	0.067406	750	-1.101432	-143.652103
66	0.062558	750	-1.100156	-144.752259
67	0.057926	750	-1.033078	-145.785337
68	0.053506	750	-1.015892	-146.801229
69	0.049295	750	-0.958336	-147.759566
70	0.045289	750	-0.964414	-148.723980
71	0.041485	750	-0.870787	-149.594767
72	0.037880	750	-0.852747	-150.447513
73	0.034469	750	-0.817063	-151.264576
74	0.031250	750	-0.761598	-152.026175
75	0.028218	750	-0.738503	-152.764678
76	0.025370	750	-0.686995	-153.451673
77	0.022702	750	-0.658315	-154.109988
78	0.020209	750	-0.626756	-154.736745
79	0.017889	750	-0.594784	-155.331529
80	0.015736	750	-0.557285	-155.888814
81	0.013746	750	-0.520982	-156.409796
82	0.011916	750	-0.502366	-156.912162
83	0.010240	750	-0.466183	-157.378345
84	0.008714	750	-0.433224	-157.811568
85	0.007334	750	-0.375147	-158.186716
86	0.006093	750	-0.376029	-158.562745
87	0.004988	750	-0.344788	-158.907533
88	0.004013	750	-0.292022	-159.199556
89	0.003162	750	-0.266879	-159.466435
90	0.002430	750	-0.262499	-159.728934
91	0.001810	750	-0.210451	-159.939385
92	0.001296	750	-0.169260	-160.108645
93	0.000882	750	-0.135504	-160.244149
94	0.000559	750	-0.105263	-160.349413
95	0.000320	750	-0.085758	-160.435171
96	0.000156	750	-0.060555	-160.495726
97	0.000057	750	-0.030682	-160.526408
98	0.000010	750	-0.017134	-160.543542
99	0.000000	750	-0.003353	-160.546895
Log marginal likelihood:	-160.546895
0	0.975187	750	-3.919860	-3.919860
1	0.950747	750	-3.884108	-7.803969
2	0.926679	750	-3.829010	-11.632978
3	0.902980	750	-3.761509	-15.394487
4	0.879648	750	-3.710451	-19.104938
5	0.856682	750	-3.620422	-22.725360
6	0.834079	750	-3.592148	-26.317508
7	0.811838	750	-3.512672	-29.830180
8	0.789957	750	-3.471222	-33.301402
9	0.768433	750	-3.439004	-36.740407
10	0.747266	750	-3.353859	-40.094265
11	0.726452	750	-3.340980	-43.435245
12	0.705989	750	-3.251982	-46.687227
13	0.685877	750	-3.179092	-49.866319
14	0.666112	750	-3.157001	-53.023320
15	0.646693	750	-3.110285	-56.133605
16	0.627618	750	-3.058927	-59.192531
17	0.608884	750	-2.988051	-62.180582
18	0.590490	750	-2.939394	-65.119976
19	0.572433	750	-2.905965	-68.025942
20	0.554712	750	-2.833103	-70.859044
21	0.537324	750	-2.806305	-73.665349
22	0.520268	750	-2.740797	-76.406146
23	0.503540	750	-2.692860	-79.099006
24	0.487139	750	-2.628291	-81.727297
25	0.471063	750	-2.586257	-84.313553
26	0.455310	750	-2.557501	-86.871054
27	0.439877	750	-2.493571	-89.364625
28	0.424762	750	-2.450956	-91.815581
29	0.409963	750	-2.384781	-94.200362
30	0.395478	750	-2.348107	-96.548469
31	0.381305	750	-2.317749	-98.866218
32	0.367440	750	-2.273024	-101.139242
33	0.353883	750	-2.190863	-103.330105
34	0.340630	750	-2.149473	-105.479578
35	0.327680	750	-2.110363	-107.589941
36	0.315030	750	-2.078056	-109.667997
37	0.302677	750	-2.018252	-111.686249
38	0.290619	750	-1.998242	-113.684492
39	0.278855	750	-1.950300	-115.634791
40	0.267381	750	-1.902809	-117.537601
41	0.256195	750	-1.860186	-119.397787
42	0.245294	750	-1.827615	-121.225402
43	0.234677	750	-1.788620	-123.014022
44	0.224340	750	-1.759875	-124.773896
45	0.214281	750	-1.702653	-126.476550
46	0.204498	750	-1.660637	-128.137186
47	0.194988	750	-1.606106	-129.743293
48	0.185749	750	-1.631074	-131.374367
49	0.176777	750	-1.758709	-133.133076
50	0.168070	750	-1.583456	-134.716532
51	0.159626	750	-1.710638	-136.427170
52	0.151441	750	-1.642565	-138.069735
53	0.143514	750	-1.457320	-139.527055
54	0.135841	750	-1.484322	-141.011377
55	0.128420	750	-1.584437	-142.595815
56	0.121247	750	-1.425268	-144.021082
57	0.114320	750	-1.565926	-145.587008
58	0.107637	750	-1.522284	-147.109292
59	0.101193	750	-1.387758	-148.497050
60	0.094986	750	-1.448276	-149.945326
61	0.089014	750	-1.341986	-151.287311
62	0.083273	750	-1.352316	-152.639627
63	0.077760	750	-1.293881	-153.933508
64	0.072472	750	-1.212655	-155.146163
65	0.067406	750	-1.198427	-156.344590
66	0.062558	750	-1.157741	-157.502331
67	0.057926	750	-1.088869	-158.591200
68	0.053506	750	-1.052420	-159.643620
69	0.049295	750	-0.954319	-160.597940
70	0.045289	750	-0.957827	-161.555766
71	0.041485	750	-0.905803	-162.461569
72	0.037880	750	-0.875251	-163.336820
73	0.034469	750	-0.854420	-164.191240
74	0.031250	750	-0.801605	-164.992845
75	0.028218	750	-0.757201	-165.750046
76	0.025370	750	-0.701398	-166.451444
77	0.022702	750	-0.665264	-167.116708
78	0.020209	750	-0.637721	-167.754429
79	0.017889	750	-0.601323	-168.355752
80	0.015736	750	-0.566862	-168.922614
81	0.013746	750	-0.533561	-169.456174
82	0.011916	750	-0.497332	-169.953506
83	0.010240	750	-0.465339	-170.418846
84	0.008714	750	-0.415557	-170.834403
85	0.007334	750	-0.386359	-171.220762
86	0.006093	750	-0.354924	-171.575686
87	0.004988	750	-0.338961	-171.914647
88	0.004013	750	-0.302212	-172.216859
89	0.003162	750	-0.260991	-172.477850
90	0.002430	750	-0.224110	-172.701960
91	0.001810	750	-0.198890	-172.900850
92	0.001296	750	-0.181573	-173.082423
93	0.000882	750	-0.141979	-173.224402
94	0.000559	750	-0.109209	-173.333611
95	0.000320	750	-0.085322	-173.418933
96	0.000156	750	-0.055340	-173.474273
97	0.000057	750	-0.034383	-173.508655
98	0.000010	750	-0.017770	-173.526425
99	0.000000	750	-0.003548	-173.529973
Log marginal likelihood:	-173.529973
0	0.975187	750	-3.841881	-3.841881
1	0.950747	750	-3.788639	-7.630521
2	0.926679	750	-3.736983	-11.367504
3	0.902980	750	-3.677737	-15.045240
4	0.879648	750	-3.620516	-18.665757
5	0.856682	750	-3.571726	-22.237482
6	0.834079	750	-3.506577	-25.744060
7	0.811838	750	-3.455412	-29.199472
8	0.789957	750	-3.407103	-32.606575
9	0.768433	750	-3.348583	-35.955158
10	0.747266	750	-3.285632	-39.240790
11	0.726452	750	-3.244205	-42.484996
12	0.705989	750	-3.193926	-45.678922
13	0.685877	750	-3.123331	-48.802253
14	0.666112	750	-3.083133	-51.885386
15	0.646693	750	-3.021158	-54.906545
16	0.627618	750	-2.977911	-57.884456
17	0.608884	750	-2.915427	-60.799882
18	0.590490	750	-2.878094	-63.677976
19	0.572433	750	-2.825226	-66.503203
20	0.554712	750	-2.762492	-69.265694
21	0.537324	750	-2.729079	-71.994774
22	0.520268	750	-2.680311	-74.675085
23	0.503540	750	-2.607787	-77.282871
24	0.487139	750	-2.582702	-79.865573
25	0.471063	750	-2.528933	-82.394507
26	0.455310	750	-2.472575	-84.867082
27	0.439877	750	-2.432259	-87.299341
28	0.424762	750	-2.372322	-89.671663
29	0.409963	750	-2.335612	-92.007275
30	0.395478	750	-2.291186	-94.298462
31	0.381305	750	-2.238624	-96.537086
32	0.367440	750	-2.213676	-98.750762
33	0.353883	750	-2.163947	-100.914709
34	0.340630	750	-2.124256	-103.038965
35	0.327680	750	-2.064097	-105.103062
36	0.315030	750	-2.013894	-107.116956
37	0.302677	750	-1.973961	-109.090917
38	0.290619	750	-1.938550	-111.029467
39	0.278855	750	-1.884617	-112.914083
40	0.267381	750	-1.858356	-114.772440
41	0.256195	750	-1.808260	-116.580699
42	0.245294	750	-1.775507	-118.356206
43	0.234677	750	-1.741840	-120.098047
44	0.224340	750	-1.697662	-121.795708
45	0.214281	750	-1.629175	-123.424884
46	0.204498	750	-1.631617	-125.056501
47	0.194988	750	-1.606258	-126.662759
48	0.185749	750	-1.564762	-128.227521
49	0.176777	750	-1.644212	-129.871733
50	0.168070	750	-1.677313	-131.549046
51	0.159626	750	-1.457722	-133.006768
52	0.151441	750	-1.454971	-134.461739
53	0.143514	750	-1.516952	-135.978691
54	0.135841	750	-1.596215	-137.574906
55	0.128420	750	-1.447798	-139.022704
56	0.121247	750	-1.379878	-140.402582
57	0.114320	750	-1.363089	-141.765671
58	0.107637	750	-1.446259	-143.211930
59	0.101193	750	-1.400621	-144.612550
60	0.094986	750	-1.282738	-145.895289
61	0.089014	750	-1.346479	-147.241768
62	0.083273	750	-1.160725	-148.402493
63	0.077760	750	-1.187178	-149.589671
64	0.072472	750	-1.165497	-150.755168
65	0.067406	750	-1.168768	-151.923935
66	0.062558	750	-1.098237	-153.022172
67	0.057926	750	-1.085680	-154.107852
68	0.053506	750	-1.008958	-155.116810
69	0.049295	750	-0.956977	-156.073787
70	0.045289	750	-0.933690	-157.007477
71	0.041485	750	-0.911387	-157.918864
72	0.037880	750	-0.858380	-158.777244
73	0.034469	750	-0.810774	-159.588018
74	0.031250	750	-0.768166	-160.356185
75	0.028218	750	-0.732756	-161.088941
76	0.025370	750	-0.710996	-161.799937
77	0.022702	750	-0.673306	-162.473242
78	0.020209	750	-0.643606	-163.116849
79	0.017889	750	-0.608961	-163.725809
80	0.015736	750	-0.548899	-164.274709
81	0.013746	750	-0.499104	-164.773813
82	0.011916	750	-0.488197	-165.262010
83	0.010240	750	-0.488198	-165.750208
84	0.008714	750	-0.423935	-166.174144
85	0.007334	750	-0.386994	-166.561137
86	0.006093	750	-0.357182	-166.918319
87	0.004988	750	-0.319953	-167.238273
88	0.004013	750	-0.342125	-167.580397
89	0.003162	750	-0.271408	-167.851805
90	0.002430	750	-0.242016	-168.093821
91	0.001810	750	-0.217735	-168.311556
92	0.001296	750	-0.169843	-168.481399
93	0.000882	750	-0.146252	-168.627651
94	0.000559	750	-0.113905	-168.741556
95	0.000320	750	-0.083531	-168.825087
96	0.000156	750	-0.052421	-168.877508
97	0.000057	750	-0.035463	-168.912972
98	0.000010	750	-0.018662	-168.931634
99	0.000000	750	-0.003332	-168.934966
Log marginal likelihood:	-168.934966
0	0.975187	750	-3.463568	-3.463568
1	0.950747	750	-3.415325	-6.878894
2	0.926679	750	-3.367557	-10.246451
3	0.902980	750	-3.312329	-13.558780
4	0.879648	750	-3.259698	-16.818477
5	0.856682	750	-3.232534	-20.051012
6	0.834079	750	-3.161427	-23.212439
7	0.811838	750	-3.130717	-26.343156
8	0.789957	750	-3.078098	-29.421254
9	0.768433	750	-3.024327	-32.445581
10	0.747266	750	-2.979738	-35.425319
11	0.726452	750	-2.929749	-38.355068
12	0.705989	750	-2.884240	-41.239308
13	0.685877	750	-2.863331	-44.102640
14	0.666112	750	-2.786667	-46.889307
15	0.646693	750	-2.738708	-49.628015
16	0.627618	750	-2.702284	-52.330298
17	0.608884	750	-2.648998	-54.979296
18	0.590490	750	-2.590603	-57.569899
19	0.572433	750	-2.552391	-60.122290
20	0.554712	750	-2.507144	-62.629435
21	0.537324	750	-2.464094	-65.093528
22	0.520268	750	-2.428818	-67.522347
23	0.503540	750	-2.371356	-69.893702
24	0.487139	750	-2.338434	-72.232137
25	0.471063	750	-2.266389	-74.498526
26	0.455310	750	-2.254450	-76.752976
27	0.439877	750	-2.221716	-78.974692
28	0.424762	750	-2.182903	-81.157595
29	0.409963	750	-2.127075	-83.284669
30	0.395478	750	-2.077029	-85.361699
31	0.381305	750	-2.046791	-87.408490
32	0.367440	750	-2.002668	-89.411158
33	0.353883	750	-1.981431	-91.392589
34	0.340630	750	-1.933294	-93.325883
35	0.327680	750	-1.885642	-95.211525
36	0.315030	750	-1.836965	-97.048490
37	0.302677	750	-1.816610	-98.865100
38	0.290619	750	-1.761247	-100.626347
39	0.278855	750	-1.761613	-102.387960
40	0.267381	750	-1.693561	-104.081521
41	0.256195	750	-1.647532	-105.729053
42	0.245294	750	-1.643682	-107.372735
43	0.234677	750	-1.575353	-108.948089
44	0.224340	750	-1.549912	-110.498001
45	0.214281	750	-1.523000	-112.021001
46	0.204498	750	-1.513047	-113.534048
47	0.194988	750	-1.423979	-114.958027
48	0.185749	750	-1.607949	-116.565977
49	0.176777	750	-1.525738	-118.091714
50	0.168070	750	-1.452982	-119.544697
51	0.159626	750	-1.416805	-120.961502
52	0.151441	750	-1.383416	-122.344917
53	0.143514	750	-1.225994	-123.570911
54	0.135841	750	-1.444539	-125.015450
55	0.128420	750	-1.295786	-126.311235
56	0.121247	750	-1.429440	-127.740675
57	0.114320	750	-1.523038	-129.263714
58	0.107637	750	-1.300464	-130.564177
59	0.101193	750	-1.267650	-131.831828
60	0.094986	750	-1.223414	-133.055242
61	0.089014	750	-1.220771	-134.276013
62	0.083273	750	-1.244898	-135.520911
63	0.077760	750	-1.179170	-136.700081
64	0.072472	750	-1.119957	-137.820038
65	0.067406	750	-1.048172	-138.868211
66	0.062558	750	-1.082270	-139.950481
67	0.057926	750	-1.068347	-141.018828
68	0.053506	750	-0.965062	-141.983890
69	0.049295	750	-0.916687	-142.900577
70	0.045289	750	-0.946163	-143.846740
71	0.041485	750	-0.902228	-144.748968
72	0.037880	750	-0.872891	-145.621859
73	0.034469	750	-0.780007	-146.401866
74	0.031250	750	-0.754384	-147.156250
75	0.028218	750	-0.740300	-147.896550
76	0.025370	750	-0.702861	-148.599411
77	0.022702	750	-0.684016	-149.283427
78	0.020209	750	-0.623764	-149.907191
79	0.017889	750	-0.590606	-150.497797
80	0.015736	750	-0.565761	-151.063558
81	0.013746	750	-0.539703	-151.603261
82	0.011916	750	-0.510151	-152.113412
83	0.010240	750	-0.464565	-152.577977
84	0.008714	750	-0.414156	-152.992134
85	0.007334	750	-0.394103	-153.386237
86	0.006093	750	-0.371636	-153.757873
87	0.004988	750	-0.354475	-154.112349
88	0.004013	750	-0.288246	-154.400595
89	0.003162	750	-0.262024	-154.662619
90	0.002430	750	-0.228249	-154.890868
91	0.001810	750	-0.202431	-155.093299
92	0.001296	750	-0.202460	-155.295759
93	0.000882	750	-0.149010	-155.444769
94	0.000559	750	-0.114833	-155.559602
95	0.000320	750	-0.078330	-155.637932
96	0.000156	750	-0.059663	-155.697595
97	0.000057	750	-0.035157	-155.732752
98	0.000010	750	-0.016375	-155.749128
99	0.000000	750	-0.003653	-155.752780
Log marginal likelihood:	-155.752780
0	0.975187	750	-3.775626	-3.775626
1	0.950747	750	-3.733364	-7.508990
2	0.926679	750	-3.655178	-11.164168
3	0.902980	750	-3.634894	-14.799062
4	0.879648	750	-3.566719	-18.365781
5	0.856682	750	-3.493882	-21.859663
6	0.834079	750	-3.448605	-25.308268
7	0.811838	750	-3.409914	-28.718183
8	0.789957	750	-3.337686	-32.055869
9	0.768433	750	-3.293916	-35.349785
10	0.747266	750	-3.249309	-38.599094
11	0.726452	750	-3.191162	-41.790255
12	0.705989	750	-3.147094	-44.937350
13	0.685877	750	-3.082134	-48.019484
14	0.666112	750	-3.051825	-51.071309
15	0.646693	750	-2.975221	-54.046530
16	0.627618	750	-2.935280	-56.981810
17	0.608884	750	-2.890991	-59.872801
18	0.590490	750	-2.847944	-62.720745
19	0.572433	750	-2.790382	-65.511127
20	0.554712	750	-2.743623	-68.254750
21	0.537324	750	-2.685109	-70.939860
22	0.520268	750	-2.636477	-73.576336
23	0.503540	750	-2.582604	-76.158940
24	0.487139	750	-2.545988	-78.704929
25	0.471063	750	-2.484201	-81.189130
26	0.455310	750	-2.444527	-83.633657
27	0.439877	750	-2.382183	-86.015839
28	0.424762	750	-2.351003	-88.366842
29	0.409963	750	-2.303334	-90.670176
30	0.395478	750	-2.254779	-92.924955
31	0.381305	750	-2.198440	-95.123395
32	0.367440	750	-2.140377	-97.263772
33	0.353883	750	-2.120221	-99.383993
34	0.340630	750	-2.073945	-101.457938
35	0.327680	750	-2.030899	-103.488838
36	0.315030	750	-1.983396	-105.472234
37	0.302677	750	-1.956618	-107.428852
38	0.290619	750	-1.883146	-109.311998
39	0.278855	750	-1.864545	-111.176542
40	0.267381	750	-1.824051	-113.000593
41	0.256195	750	-1.778000	-114.778593
42	0.245294	750	-1.757115	-116.535708
43	0.234677	750	-1.706988	-118.242695
44	0.224340	750	-1.682806	-119.925501
45	0.214281	750	-1.673071	-121.598572
46	0.204498	750	-1.608543	-123.207115
47	0.194988	750	-1.618462	-124.825577
48	0.185749	750	-1.677207	-126.502784
49	0.176777	750	-1.643612	-128.146396
50	0.168070	750	-1.521492	-129.667887
51	0.159626	750	-1.557407	-131.225294
52	0.151441	750	-1.529097	-132.754391
53	0.143514	750	-1.487394	-134.241785
54	0.135841	750	-1.466944	-135.708729
55	0.128420	750	-1.540084	-137.248813
56	0.121247	750	-1.609393	-138.858207
57	0.114320	750	-1.351603	-140.209809
58	0.107637	750	-1.447035	-141.656844
59	0.101193	750	-1.317230	-142.974074
60	0.094986	750	-1.355788	-144.329862
61	0.089014	750	-1.346023	-145.675885
62	0.083273	750	-1.247760	-146.923645
63	0.077760	750	-1.219811	-148.143456
64	0.072472	750	-1.247948	-149.391403
65	0.067406	750	-1.129216	-150.520620
66	0.062558	750	-1.100845	-151.621465
67	0.057926	750	-1.081516	-152.702981
68	0.053506	750	-1.011614	-153.714595
69	0.049295	750	-0.991224	-154.705819
70	0.045289	750	-0.957974	-155.663793
71	0.041485	750	-0.912656	-156.576449
72	0.037880	750	-0.900387	-157.476836
73	0.034469	750	-0.829743	-158.306578
74	0.031250	750	-0.787717	-159.094295
75	0.028218	750	-0.754694	-159.848989
76	0.025370	750	-0.719336	-160.568325
77	0.022702	750	-0.675933	-161.244258
78	0.020209	750	-0.616793	-161.861051
79	0.017889	750	-0.605418	-162.466469
80	0.015736	750	-0.568445	-163.034915
81	0.013746	750	-0.523990	-163.558905
82	0.011916	750	-0.505665	-164.064570
83	0.010240	750	-0.458193	-164.522763
84	0.008714	750	-0.417228	-164.939991
85	0.007334	750	-0.408250	-165.348241
86	0.006093	750	-0.348798	-165.697040
87	0.004988	750	-0.327527	-166.024566
88	0.004013	750	-0.300063	-166.324630
89	0.003162	750	-0.261682	-166.586311
90	0.002430	750	-0.250008	-166.836319
91	0.001810	750	-0.211055	-167.047374
92	0.001296	750	-0.174303	-167.221677
93	0.000882	750	-0.156205	-167.377882
94	0.000559	750	-0.111024	-167.488906
95	0.000320	750	-0.081614	-167.570519
96	0.000156	750	-0.058099	-167.628618
97	0.000057	750	-0.035192	-167.663810
98	0.000010	750	-0.017025	-167.680835
99	0.000000	750	-0.003564	-167.684400
Log marginal likelihood:	-167.684400
0	0.975187	750	-3.864451	-3.864451
1	0.950747	750	-3.795399	-7.659850
2	0.926679	750	-3.739954	-11.399805
3	0.902980	750	-3.691460	-15.091265
4	0.879648	750	-3.628440	-18.719705
5	0.856682	750	-3.573596	-22.293301
6	0.834079	750	-3.522669	-25.815971
7	0.811838	750	-3.476361	-29.292331
8	0.789957	750	-3.409627	-32.701958
9	0.768433	750	-3.352036	-36.053993
10	0.747266	750	-3.300391	-39.354385
11	0.726452	750	-3.257990	-42.612375
12	0.705989	750	-3.197761	-45.810137
13	0.685877	750	-3.152785	-48.962921
14	0.666112	750	-3.100784	-52.063705
15	0.646693	750	-3.029824	-55.093529
16	0.627618	750	-2.992244	-58.085773
17	0.608884	750	-2.947507	-61.033280
18	0.590490	750	-2.879804	-63.913084
19	0.572433	750	-2.825858	-66.738942
20	0.554712	750	-2.790183	-69.529125
21	0.537324	750	-2.745592	-72.274717
22	0.520268	750	-2.684195	-74.958913
23	0.503540	750	-2.654161	-77.613073
24	0.487139	750	-2.580486	-80.193559
25	0.471063	750	-2.547809	-82.741368
26	0.455310	750	-2.498335	-85.239703
27	0.439877	750	-2.437628	-87.677331
28	0.424762	750	-2.396348	-90.073679
29	0.409963	750	-2.348195	-92.421875
30	0.395478	750	-2.291495	-94.713370
31	0.381305	750	-2.270136	-96.983506
32	0.367440	750	-2.218910	-99.202416
33	0.353883	750	-2.156020	-101.358436
34	0.340630	750	-2.135189	-103.493625
35	0.327680	750	-2.071145	-105.564770
36	0.315030	750	-2.035083	-107.599853
37	0.302677	750	-2.081373	-109.681226
38	0.290619	750	-1.935751	-111.616978
39	0.278855	750	-1.928516	-113.545493
40	0.267381	750	-1.857618	-115.403111
41	0.256195	750	-1.799143	-117.202254
42	0.245294	750	-1.808383	-119.010636
43	0.234677	750	-1.763283	-120.773919
44	0.224340	750	-1.806232	-122.580151
45	0.214281	750	-1.718351	-124.298501
46	0.204498	750	-1.720262	-126.018763
47	0.194988	750	-1.636239	-127.655002
48	0.185749	750	-1.572130	-129.227131
49	0.176777	750	-1.546388	-130.773519
50	0.168070	750	-1.524712	-132.298231
51	0.159626	750	-1.579696	-133.877927
52	0.151441	750	-1.629383	-135.507310
53	0.143514	750	-1.517513	-137.024823
54	0.135841	750	-1.475224	-138.500047
55	0.128420	750	-1.428885	-139.928932
56	0.121247	750	-1.384502	-141.313434
57	0.114320	750	-1.477069	-142.790503
58	0.107637	750	-1.420267	-144.210770
59	0.101193	750	-1.365358	-145.576128
60	0.094986	750	-1.292655	-146.868784
61	0.089014	750	-1.309689	-148.178472
62	0.083273	750	-1.285829	-149.464301
63	0.077760	750	-1.262658	-150.726960
64	0.072472	750	-1.217582	-151.944542
65	0.067406	750	-1.142259	-153.086800
66	0.062558	750	-1.073730	-154.160530
67	0.057926	750	-1.048378	-155.208908
68	0.053506	750	-1.032051	-156.240959
69	0.049295	750	-1.014180	-157.255139
70	0.045289	750	-0.953567	-158.208707
71	0.041485	750	-0.943450	-159.152156
72	0.037880	750	-0.856274	-160.008430
73	0.034469	750	-0.830700	-160.839129
74	0.031250	750	-0.814812	-161.653942
75	0.028218	750	-0.751834	-162.405775
76	0.025370	750	-0.685998	-163.091773
77	0.022702	750	-0.664554	-163.756327
78	0.020209	750	-0.609870	-164.366197
79	0.017889	750	-0.617266	-164.983463
80	0.015736	750	-0.566860	-165.550324
81	0.013746	750	-0.532156	-166.082479
82	0.011916	750	-0.494785	-166.577265
83	0.010240	750	-0.476353	-167.053618
84	0.008714	750	-0.423197	-167.476815
85	0.007334	750	-0.391581	-167.868397
86	0.006093	750	-0.377071	-168.245468
87	0.004988	750	-0.320731	-168.566199
88	0.004013	750	-0.312467	-168.878665
89	0.003162	750	-0.265116	-169.143781
90	0.002430	750	-0.237699	-169.381480
91	0.001810	750	-0.194420	-169.575900
92	0.001296	750	-0.176678	-169.752578
93	0.000882	750	-0.132919	-169.885497
94	0.000559	750	-0.105634	-169.991131
95	0.000320	750	-0.082965	-170.074095
96	0.000156	750	-0.064712	-170.138807
97	0.000057	750	-0.035890	-170.174697
98	0.000010	750	-0.015569	-170.190266
99	0.000000	750	-0.003687	-170.193953
Log marginal likelihood:	-170.193953
0	0.975187	750	-3.760738	-3.760738
1	0.950747	750	-3.683535	-7.444273
2	0.926679	750	-3.649933	-11.094207
3	0.902980	750	-3.576910	-14.671116
4	0.879648	750	-3.523566	-18.194683
5	0.856682	750	-3.487075	-21.681758
6	0.834079	750	-3.429136	-25.110894
7	0.811838	750	-3.369220	-28.480114
8	0.789957	750	-3.319119	-31.799233
9	0.768433	750	-3.271725	-35.070958
10	0.747266	750	-3.201177	-38.272135
11	0.726452	750	-3.162636	-41.434771
12	0.705989	750	-3.114172	-44.548943
13	0.685877	750	-3.071828	-47.620771
14	0.666112	750	-3.010784	-50.631555
15	0.646693	750	-2.938995	-53.570551
16	0.627618	750	-2.889969	-56.460520
17	0.608884	750	-2.857048	-59.317568
18	0.590490	750	-2.795732	-62.113300
19	0.572433	750	-2.744680	-64.857980
20	0.554712	750	-2.708147	-67.566128
21	0.537324	750	-2.651477	-70.217605
22	0.520268	750	-2.607399	-72.825004
23	0.503540	750	-2.565258	-75.390262
24	0.487139	750	-2.506616	-77.896877
25	0.471063	750	-2.460352	-80.357229
26	0.455310	750	-2.413456	-82.770686
27	0.439877	750	-2.360945	-85.131631
28	0.424762	750	-2.309219	-87.440850
29	0.409963	750	-2.271210	-89.712060
30	0.395478	750	-2.232913	-91.944972
31	0.381305	750	-2.200450	-94.145423
32	0.367440	750	-2.159216	-96.304639
33	0.353883	750	-2.089393	-98.394032
34	0.340630	750	-2.047246	-100.441279
35	0.327680	750	-2.029859	-102.471137
36	0.315030	750	-1.975173	-104.446311
37	0.302677	750	-1.921163	-106.367473
38	0.290619	750	-1.860915	-108.228388
39	0.278855	750	-1.843811	-110.072198
40	0.267381	750	-1.808145	-111.880343
41	0.256195	750	-1.780174	-113.660517
42	0.245294	750	-1.723017	-115.383534
43	0.234677	750	-1.683134	-117.066668
44	0.224340	750	-1.659299	-118.725967
45	0.214281	750	-1.598119	-120.324086
46	0.204498	750	-1.575093	-121.899179
47	0.194988	750	-1.569936	-123.469115
48	0.185749	750	-1.512575	-124.981690
49	0.176777	750	-1.543470	-126.525160
50	0.168070	750	-1.635426	-128.160586
51	0.159626	750	-1.541487	-129.702073
52	0.151441	750	-1.583818	-131.285890
53	0.143514	750	-1.386501	-132.672391
54	0.135841	750	-1.424370	-134.096762
55	0.128420	750	-1.337270	-135.434032
56	0.121247	750	-1.270683	-136.704714
57	0.114320	750	-1.323871	-138.028585
58	0.107637	750	-1.430326	-139.458911
59	0.101193	750	-1.311010	-140.769920
60	0.094986	750	-1.257833	-142.027753
61	0.089014	750	-1.317724	-143.345476
62	0.083273	750	-1.306085	-144.651562
63	0.077760	750	-1.202167	-145.853729
64	0.072472	750	-1.192447	-147.046176
65	0.067406	750	-1.181583	-148.227759
66	0.062558	750	-1.141660	-149.369419
67	0.057926	750	-1.076892	-150.446310
68	0.053506	750	-0.980876	-151.427186
69	0.049295	750	-0.998437	-152.425623
70	0.045289	750	-0.916632	-153.342255
71	0.041485	750	-0.886893	-154.229148
72	0.037880	750	-0.884271	-155.113418
73	0.034469	750	-0.834953	-155.948371
74	0.031250	750	-0.787798	-156.736169
75	0.028218	750	-0.764378	-157.500548
76	0.025370	750	-0.703731	-158.204279
77	0.022702	750	-0.670070	-158.874349
78	0.020209	750	-0.643673	-159.518021
79	0.017889	750	-0.597991	-160.116012
80	0.015736	750	-0.579504	-160.695516
81	0.013746	750	-0.510316	-161.205832
82	0.011916	750	-0.497517	-161.703350
83	0.010240	750	-0.465430	-162.168780
84	0.008714	750	-0.425086	-162.593865
85	0.007334	750	-0.409112	-163.002977
86	0.006093	750	-0.371671	-163.374648
87	0.004988	750	-0.338830	-163.713478
88	0.004013	750	-0.312932	-164.026410
89	0.003162	750	-0.267941	-164.294351
90	0.002430	750	-0.237748	-164.532099
91	0.001810	750	-0.206015	-164.738114
92	0.001296	750	-0.165950	-164.904065
93	0.000882	750	-0.144618	-165.048682
94	0.000559	750	-0.117305	-165.165987
95	0.000320	750	-0.082015	-165.248002
96	0.000156	750	-0.059881	-165.307884
97	0.000057	750	-0.032447	-165.340330
98	0.000010	750	-0.016850	-165.357181
99	0.000000	750	-0.003636	-165.360816
Log marginal likelihood:	-165.360816
0	0.975187	750	-3.701685	-3.701685
1	0.950747	750	-3.649609	-7.351294
2	0.926679	750	-3.589705	-10.941000
3	0.902980	750	-3.548189	-14.489189
4	0.879648	750	-3.504600	-17.993789
5	0.856682	750	-3.435033	-21.428822
6	0.834079	750	-3.392861	-24.821683
7	0.811838	750	-3.362259	-28.183942
8	0.789957	750	-3.275009	-31.458951
9	0.768433	750	-3.211356	-34.670307
10	0.747266	750	-3.166230	-37.836537
11	0.726452	750	-3.125266	-40.961803
12	0.705989	750	-3.088803	-44.050605
13	0.685877	750	-3.020973	-47.071578
14	0.666112	750	-2.969366	-50.040943
15	0.646693	750	-2.920711	-52.961654
16	0.627618	750	-2.866059	-55.827714
17	0.608884	750	-2.815931	-58.643644
18	0.590490	750	-2.764236	-61.407880
19	0.572433	750	-2.723689	-64.131569
20	0.554712	750	-2.664743	-66.796312
21	0.537324	750	-2.622749	-69.419061
22	0.520268	750	-2.583388	-72.002449
23	0.503540	750	-2.545072	-74.547521
24	0.487139	750	-2.495015	-77.042536
25	0.471063	750	-2.443609	-79.486145
26	0.455310	750	-2.417546	-81.903691
27	0.439877	750	-2.347855	-84.251546
28	0.424762	750	-2.293550	-86.545096
29	0.409963	750	-2.278148	-88.823244
30	0.395478	750	-2.203892	-91.027136
31	0.381305	750	-2.174256	-93.201392
32	0.367440	750	-2.137037	-95.338430
33	0.353883	750	-2.064993	-97.403422
34	0.340630	750	-2.027419	-99.430842
35	0.327680	750	-1.998273	-101.429115
36	0.315030	750	-1.946921	-103.376036
37	0.302677	750	-1.922661	-105.298697
38	0.290619	750	-1.882755	-107.181452
39	0.278855	750	-1.839166	-109.020618
40	0.267381	750	-1.778660	-110.799279
41	0.256195	750	-1.776657	-112.575935
42	0.245294	750	-1.802518	-114.378453
43	0.234677	750	-1.671484	-116.049937
44	0.224340	750	-1.633616	-117.683553
45	0.214281	750	-1.646575	-119.330128
46	0.204498	750	-1.594820	-120.924949
47	0.194988	750	-1.556994	-122.481943
48	0.185749	750	-1.533845	-124.015788
49	0.176777	750	-1.638565	-125.654353
50	0.168070	750	-1.685559	-127.339912
51	0.159626	750	-1.570926	-128.910838
52	0.151441	750	-1.503931	-130.414769
53	0.143514	750	-1.435423	-131.850192
54	0.135841	750	-1.357095	-133.207286
55	0.128420	750	-1.408892	-134.616178
56	0.121247	750	-1.365637	-135.981815
57	0.114320	750	-1.388173	-137.369988
58	0.107637	750	-1.419050	-138.789038
59	0.101193	750	-1.307774	-140.096812
60	0.094986	750	-1.311024	-141.407836
61	0.089014	750	-1.316818	-142.724654
62	0.083273	750	-1.287380	-144.012034
63	0.077760	750	-1.245039	-145.257073
64	0.072472	750	-1.231407	-146.488480
65	0.067406	750	-1.066634	-147.555115
66	0.062558	750	-1.087921	-148.643036
67	0.057926	750	-1.052812	-149.695848
68	0.053506	750	-1.036101	-150.731949
69	0.049295	750	-0.968363	-151.700311
70	0.045289	750	-0.945849	-152.646161
71	0.041485	750	-0.902945	-153.549106
72	0.037880	750	-0.886841	-154.435947
73	0.034469	750	-0.810409	-155.246357
74	0.031250	750	-0.782935	-156.029292
75	0.028218	750	-0.741441	-156.770733
76	0.025370	750	-0.697359	-157.468091
77	0.022702	750	-0.660479	-158.128570
78	0.020209	750	-0.632537	-158.761107
79	0.017889	750	-0.599672	-159.360779
80	0.015736	750	-0.566381	-159.927159
81	0.013746	750	-0.528640	-160.455800
82	0.011916	750	-0.515526	-160.971325
83	0.010240	750	-0.471227	-161.442552
84	0.008714	750	-0.441415	-161.883968
85	0.007334	750	-0.384098	-162.268066
86	0.006093	750	-0.370691	-162.638758
87	0.004988	750	-0.329863	-162.968620
88	0.004013	750	-0.292206	-163.260827
89	0.003162	750	-0.246136	-163.506962
90	0.002430	750	-0.238920	-163.745882
91	0.001810	750	-0.201413	-163.947296
92	0.001296	750	-0.172802	-164.120098
93	0.000882	750	-0.152120	-164.272218
94	0.000559	750	-0.100102	-164.372320
95	0.000320	750	-0.083720	-164.456039
96	0.000156	750	-0.058944	-164.514983
97	0.000057	750	-0.036112	-164.551095
98	0.000010	750	-0.017362	-164.568458
99	0.000000	750	-0.003463	-164.571921
Log marginal likelihood:	-164.571921
0	0.975187	750	-3.845248	-3.845248
1	0.950747	750	-3.800662	-7.645910
2	0.926679	750	-3.754530	-11.400440
3	0.902980	750	-3.683166	-15.083606
4	0.879648	750	-3.606134	-18.689740
5	0.856682	750	-3.558292	-22.248032
6	0.834079	750	-3.509152	-25.757184
7	0.811838	750	-3.475252	-29.232436
8	0.789957	750	-3.399163	-32.631599
9	0.768433	750	-3.350657	-35.982256
10	0.747266	750	-3.290196	-39.272452
11	0.726452	750	-3.260317	-42.532769
12	0.705989	750	-3.195170	-45.727939
13	0.685877	750	-3.148048	-48.875987
14	0.666112	750	-3.087624	-51.963611
15	0.646693	750	-3.034126	-54.997737
16	0.627618	750	-2.975126	-57.972864
17	0.608884	750	-2.937639	-60.910502
18	0.590490	750	-2.878452	-63.788954
19	0.572433	750	-2.841902	-66.630856
20	0.554712	750	-2.795254	-69.426110
21	0.537324	750	-2.731214	-72.157324
22	0.520268	750	-2.667485	-74.824808
23	0.503540	750	-2.631209	-77.456017
24	0.487139	750	-2.590200	-80.046217
25	0.471063	750	-2.506815	-82.553032
26	0.455310	750	-2.506616	-85.059647
27	0.439877	750	-2.449617	-87.509265
28	0.424762	750	-2.416574	-89.925839
29	0.409963	750	-2.329188	-92.255027
30	0.395478	750	-2.324361	-94.579388
31	0.381305	750	-2.256579	-96.835967
32	0.367440	750	-2.214610	-99.050577
33	0.353883	750	-2.185167	-101.235744
34	0.340630	750	-2.129865	-103.365610
35	0.327680	750	-2.071066	-105.436675
36	0.315030	750	-2.060992	-107.497667
37	0.302677	750	-2.015809	-109.513477
38	0.290619	750	-1.966479	-111.479956
39	0.278855	750	-1.934653	-113.414608
40	0.267381	750	-1.878267	-115.292875
41	0.256195	750	-1.856840	-117.149715
42	0.245294	750	-1.794083	-118.943798
43	0.234677	750	-1.762215	-120.706013
44	0.224340	750	-1.720958	-122.426970
45	0.214281	750	-1.761889	-124.188859
46	0.204498	750	-1.674252	-125.863111
47	0.194988	750	-1.698075	-127.561186
48	0.185749	750	-1.619591	-129.180777
49	0.176777	750	-1.804682	-130.985460
50	0.168070	750	-1.612212	-132.597672
51	0.159626	750	-1.686719	-134.284391
52	0.151441	750	-1.526083	-135.810473
53	0.143514	750	-1.382621	-137.193094
54	0.135841	750	-1.465197	-138.658292
55	0.128420	750	-1.560627	-140.218919
56	0.121247	750	-1.476256	-141.695175
57	0.114320	750	-1.508689	-143.203864
58	0.107637	750	-1.349306	-144.553170
59	0.101193	750	-1.384060	-145.937230
60	0.094986	750	-1.450957	-147.388187
61	0.089014	750	-1.407536	-148.795723
62	0.083273	750	-1.268967	-150.064690
63	0.077760	750	-1.207972	-151.272662
64	0.072472	750	-1.140597	-152.413259
65	0.067406	750	-1.150152	-153.563412
66	0.062558	750	-1.096497	-154.659909
67	0.057926	750	-1.098002	-155.757911
68	0.053506	750	-1.024959	-156.782870
69	0.049295	750	-1.008193	-157.791063
70	0.045289	750	-0.950326	-158.741389
71	0.041485	750	-0.919331	-159.660720
72	0.037880	750	-0.895062	-160.555782
73	0.034469	750	-0.805039	-161.360821
74	0.031250	750	-0.813119	-162.173940
75	0.028218	750	-0.747710	-162.921650
76	0.025370	750	-0.709117	-163.630767
77	0.022702	750	-0.669930	-164.300698
78	0.020209	750	-0.631946	-164.932644
79	0.017889	750	-0.602625	-165.535269
80	0.015736	750	-0.585662	-166.120931
81	0.013746	750	-0.534641	-166.655572
82	0.011916	750	-0.498624	-167.154196
83	0.010240	750	-0.461683	-167.615879
84	0.008714	750	-0.424193	-168.040072
85	0.007334	750	-0.400997	-168.441069
86	0.006093	750	-0.384636	-168.825704
87	0.004988	750	-0.323188	-169.148892
88	0.004013	750	-0.287013	-169.435905
89	0.003162	750	-0.284416	-169.720321
90	0.002430	750	-0.219413	-169.939734
91	0.001810	750	-0.205843	-170.145577
92	0.001296	750	-0.181389	-170.326965
93	0.000882	750	-0.143934	-170.470899
94	0.000559	750	-0.115894	-170.586793
95	0.000320	750	-0.089901	-170.676694
96	0.000156	750	-0.056218	-170.732911
97	0.000057	750	-0.036359	-170.769270
98	0.000010	750	-0.015974	-170.785244
99	0.000000	750	-0.003957	-170.789201
Log marginal likelihood:	-170.789201
0	0.975187	750	-3.639463	-3.639463
1	0.950747	750	-3.604423	-7.243886
2	0.926679	750	-3.542873	-10.786758
3	0.902980	750	-3.477249	-14.264007
4	0.879648	750	-3.445641	-17.709649
5	0.856682	750	-3.380971	-21.090619
6	0.834079	750	-3.311424	-24.402044
7	0.811838	750	-3.300025	-27.702069
8	0.789957	750	-3.237892	-30.939961
9	0.768433	750	-3.168347	-34.108308
10	0.747266	750	-3.139653	-37.247961
11	0.726452	750	-3.079374	-40.327335
12	0.705989	750	-3.041522	-43.368856
13	0.685877	750	-2.985491	-46.354347
14	0.666112	750	-2.919613	-49.273960
15	0.646693	750	-2.889928	-52.163888
16	0.627618	750	-2.829313	-54.993200
17	0.608884	750	-2.778291	-57.771491
18	0.590490	750	-2.714028	-60.485520
19	0.572433	750	-2.675174	-63.160693
20	0.554712	750	-2.632569	-65.793262
21	0.537324	750	-2.586020	-68.379282
22	0.520268	750	-2.550456	-70.929737
23	0.503540	750	-2.493194	-73.422931
24	0.487139	750	-2.457106	-75.880037
25	0.471063	750	-2.394780	-78.274817
26	0.455310	750	-2.370929	-80.645746
27	0.439877	750	-2.317840	-82.963586
28	0.424762	750	-2.259333	-85.222919
29	0.409963	750	-2.224653	-87.447573
30	0.395478	750	-2.207205	-89.654778
31	0.381305	750	-2.147311	-91.802089
32	0.367440	750	-2.100811	-93.902901
33	0.353883	750	-2.044420	-95.947321
34	0.340630	750	-1.997208	-97.944529
35	0.327680	750	-2.048278	-99.992807
36	0.315030	750	-1.946194	-101.939002
37	0.302677	750	-1.881527	-103.820529
38	0.290619	750	-1.827220	-105.647749
39	0.278855	750	-1.804726	-107.452474
40	0.267381	750	-1.797289	-109.249764
41	0.256195	750	-1.711818	-110.961581
42	0.245294	750	-1.750746	-112.712328
43	0.234677	750	-1.664667	-114.376994
44	0.224340	750	-1.702452	-116.079446
45	0.214281	750	-1.553901	-117.633347
46	0.204498	750	-1.576216	-119.209563
47	0.194988	750	-1.537769	-120.747333
48	0.185749	750	-1.508311	-122.255644
49	0.176777	750	-1.451709	-123.707352
50	0.168070	750	-1.392731	-125.100083
51	0.159626	750	-1.387448	-126.487530
52	0.151441	750	-1.475620	-127.963151
53	0.143514	750	-1.395122	-129.358273
54	0.135841	750	-1.346763	-130.705036
55	0.128420	750	-1.306935	-132.011971
56	0.121247	750	-1.317895	-133.329866
57	0.114320	750	-1.386729	-134.716595
58	0.107637	750	-1.365692	-136.082287
59	0.101193	750	-1.207081	-137.289368
60	0.094986	750	-1.301758	-138.591126
61	0.089014	750	-1.181088	-139.772214
62	0.083273	750	-1.113126	-140.885340
63	0.077760	750	-1.209658	-142.094998
64	0.072472	750	-1.172304	-143.267302
65	0.067406	750	-1.039998	-144.307299
66	0.062558	750	-1.084864	-145.392164
67	0.057926	750	-1.035099	-146.427263
68	0.053506	750	-0.942234	-147.369497
69	0.049295	750	-0.955813	-148.325310
70	0.045289	750	-0.932835	-149.258146
71	0.041485	750	-0.907315	-150.165461
72	0.037880	750	-0.806709	-150.972170
73	0.034469	750	-0.788053	-151.760223
74	0.031250	750	-0.763926	-152.524149
75	0.028218	750	-0.759115	-153.283264
76	0.025370	750	-0.705316	-153.988581
77	0.022702	750	-0.672724	-154.661305
78	0.020209	750	-0.634062	-155.295367
79	0.017889	750	-0.612976	-155.908343
80	0.015736	750	-0.583482	-156.491825
81	0.013746	750	-0.520074	-157.011900
82	0.011916	750	-0.512342	-157.524242
83	0.010240	750	-0.462473	-157.986714
84	0.008714	750	-0.411891	-158.398605
85	0.007334	750	-0.405558	-158.804164
86	0.006093	750	-0.359482	-159.163646
87	0.004988	750	-0.333772	-159.497418
88	0.004013	750	-0.300087	-159.797505
89	0.003162	750	-0.271737	-160.069242
90	0.002430	750	-0.225491	-160.294732
91	0.001810	750	-0.187439	-160.482172
92	0.001296	750	-0.172888	-160.655060
93	0.000882	750	-0.132409	-160.787470
94	0.000559	750	-0.117345	-160.904814
95	0.000320	750	-0.098880	-161.003694
96	0.000156	750	-0.058077	-161.061771
97	0.000057	750	-0.037134	-161.098905
98	0.000010	750	-0.017168	-161.116073
99	0.000000	750	-0.003640	-161.119713
Log marginal likelihood:	-161.119713
0	0.975187	750	-3.416153	-3.416153
1	0.950747	750	-3.373151	-6.789304
2	0.926679	750	-3.328544	-10.117848
3	0.902980	750	-3.276839	-13.394688
4	0.879648	750	-3.236620	-16.631308
5	0.856682	750	-3.180332	-19.811640
6	0.834079	750	-3.127580	-22.939220
7	0.811838	750	-3.090713	-26.029933
8	0.789957	750	-3.046297	-29.076230
9	0.768433	750	-2.971149	-32.047380
10	0.747266	750	-2.938786	-34.986166
11	0.726452	750	-2.897331	-37.883497
12	0.705989	750	-2.852830	-40.736327
13	0.685877	750	-2.788585	-43.524912
14	0.666112	750	-2.750980	-46.275892
15	0.646693	750	-2.704569	-48.980461
16	0.627618	750	-2.642980	-51.623441
17	0.608884	750	-2.614028	-54.237469
18	0.590490	750	-2.569066	-56.806535
19	0.572433	750	-2.516893	-59.323427
20	0.554712	750	-2.488443	-61.811871
21	0.537324	750	-2.426847	-64.238718
22	0.520268	750	-2.390306	-66.629023
23	0.503540	750	-2.356121	-68.985145
24	0.487139	750	-2.298007	-71.283152
25	0.471063	750	-2.255523	-73.538675
26	0.455310	750	-2.230114	-75.768788
27	0.439877	750	-2.183505	-77.952294
28	0.424762	750	-2.127225	-80.079519
29	0.409963	750	-2.094715	-82.174233
30	0.395478	750	-2.067064	-84.241297
31	0.381305	750	-1.995698	-86.236995
32	0.367440	750	-1.970131	-88.207126
33	0.353883	750	-1.913113	-90.120238
34	0.340630	750	-1.878953	-91.999192
35	0.327680	750	-1.844921	-93.844112
36	0.315030	750	-1.809022	-95.653134
37	0.302677	750	-1.787711	-97.440846
38	0.290619	750	-1.726044	-99.166889
39	0.278855	750	-1.686605	-100.853494
40	0.267381	750	-1.655931	-102.509425
41	0.256195	750	-1.615390	-104.124815
42	0.245294	750	-1.596074	-105.720890
43	0.234677	750	-1.537882	-107.258771
44	0.224340	750	-1.565788	-108.824559
45	0.214281	750	-1.488610	-110.313169
46	0.204498	750	-1.451026	-111.764195
47	0.194988	750	-1.399876	-113.164071
48	0.185749	750	-1.432779	-114.596850
49	0.176777	750	-1.477959	-116.074809
50	0.168070	750	-1.370137	-117.444947
51	0.159626	750	-1.359260	-118.804207
52	0.151441	750	-1.454413	-120.258620
53	0.143514	750	-1.377033	-121.635653
54	0.135841	750	-1.319662	-122.955315
55	0.128420	750	-1.326784	-124.282098
56	0.121247	750	-1.337677	-125.619776
57	0.114320	750	-1.269283	-126.889059
58	0.107637	750	-1.319082	-128.208141
59	0.101193	750	-1.296829	-129.504970
60	0.094986	750	-1.279910	-130.784881
61	0.089014	750	-1.131040	-131.915921
62	0.083273	750	-1.231234	-133.147155
63	0.077760	750	-1.163652	-134.310807
64	0.072472	750	-1.186383	-135.497190
65	0.067406	750	-1.068508	-136.565698
66	0.062558	750	-1.074455	-137.640153
67	0.057926	750	-1.013155	-138.653308
68	0.053506	750	-0.985699	-139.639007
69	0.049295	750	-0.980347	-140.619354
70	0.045289	750	-0.936558	-141.555912
71	0.041485	750	-0.889412	-142.445323
72	0.037880	750	-0.877585	-143.322909
73	0.034469	750	-0.797640	-144.120549
74	0.031250	750	-0.739096	-144.859645
75	0.028218	750	-0.737160	-145.596805
76	0.025370	750	-0.710300	-146.307105
77	0.022702	750	-0.668253	-146.975358
78	0.020209	750	-0.609263	-147.584621
79	0.017889	750	-0.590850	-148.175471
80	0.015736	750	-0.567440	-148.742912
81	0.013746	750	-0.534754	-149.277666
82	0.011916	750	-0.492257	-149.769923
83	0.010240	750	-0.457050	-150.226973
84	0.008714	750	-0.430843	-150.657816
85	0.007334	750	-0.387321	-151.045137
86	0.006093	750	-0.365640	-151.410777
87	0.004988	750	-0.341749	-151.752526
88	0.004013	750	-0.289426	-152.041952
89	0.003162	750	-0.249897	-152.291849
90	0.002430	750	-0.237380	-152.529230
91	0.001810	750	-0.195839	-152.725069
92	0.001296	750	-0.161304	-152.886373
93	0.000882	750	-0.133409	-153.019782
94	0.000559	750	-0.116112	-153.135893
95	0.000320	750	-0.083761	-153.219654
96	0.000156	750	-0.067892	-153.287546
97	0.000057	750	-0.031006	-153.318552
98	0.000010	750	-0.017737	-153.336289
99	0.000000	750	-0.003475	-153.339764
Log marginal likelihood:	-153.339764
0	0.975187	750	-3.890484	-3.890484
1	0.950747	750	-3.826880	-7.717364
2	0.926679	750	-3.779482	-11.496846
3	0.902980	750	-3.724323	-15.221168
4	0.879648	750	-3.665763	-18.886931
5	0.856682	750	-3.597057	-22.483989
6	0.834079	750	-3.546518	-26.030507
7	0.811838	750	-3.498990	-29.529497
8	0.789957	750	-3.429344	-32.958841
9	0.768433	750	-3.387479	-36.346320
10	0.747266	750	-3.334061	-39.680381
11	0.726452	750	-3.279051	-42.959432
12	0.705989	750	-3.226125	-46.185557
13	0.685877	750	-3.163426	-49.348982
14	0.666112	750	-3.124392	-52.473375
15	0.646693	750	-3.064213	-55.537588
16	0.627618	750	-3.006321	-58.543909
17	0.608884	750	-2.953495	-61.497404
18	0.590490	750	-2.907821	-64.405226
19	0.572433	750	-2.860560	-67.265785
20	0.554712	750	-2.812211	-70.077997
21	0.537324	750	-2.760839	-72.838836
22	0.520268	750	-2.696129	-75.534965
23	0.503540	750	-2.651567	-78.186532
24	0.487139	750	-2.609293	-80.795826
25	0.471063	750	-2.553273	-83.349099
26	0.455310	750	-2.518040	-85.867139
27	0.439877	750	-2.462751	-88.329890
28	0.424762	750	-2.411035	-90.740925
29	0.409963	750	-2.369585	-93.110509
30	0.395478	750	-2.323523	-95.434032
31	0.381305	750	-2.266689	-97.700721
32	0.367440	750	-2.228267	-99.928988
33	0.353883	750	-2.177023	-102.106010
34	0.340630	750	-2.138219	-104.244229
35	0.327680	750	-2.082869	-106.327098
36	0.315030	750	-2.036950	-108.364048
37	0.302677	750	-1.986657	-110.350704
38	0.290619	750	-1.969179	-112.319883
39	0.278855	750	-1.924124	-114.244007
40	0.267381	750	-1.894856	-116.138863
41	0.256195	750	-1.830638	-117.969501
42	0.245294	750	-1.833463	-119.802964
43	0.234677	750	-1.744644	-121.547608
44	0.224340	750	-1.818872	-123.366481
45	0.214281	750	-1.655053	-125.021534
46	0.204498	750	-1.627234	-126.648768
47	0.194988	750	-1.614655	-128.263423
48	0.185749	750	-1.828725	-130.092147
49	0.176777	750	-1.593460	-131.685607
50	0.168070	750	-1.593406	-133.279013
51	0.159626	750	-1.487432	-134.766445
52	0.151441	750	-1.754460	-136.520906
53	0.143514	750	-1.519110	-138.040016
54	0.135841	750	-1.544158	-139.584174
55	0.128420	750	-1.467667	-141.051840
56	0.121247	750	-1.401095	-142.452935
57	0.114320	750	-1.307776	-143.760711
58	0.107637	750	-1.439420	-145.200132
59	0.101193	750	-1.372017	-146.572149
60	0.094986	750	-1.300989	-147.873138
61	0.089014	750	-1.395780	-149.268919
62	0.083273	750	-1.348085	-150.617004
63	0.077760	750	-1.124994	-151.741998
64	0.072472	750	-1.224338	-152.966336
65	0.067406	750	-1.093018	-154.059354
66	0.062558	750	-1.133853	-155.193207
67	0.057926	750	-1.004305	-156.197513
68	0.053506	750	-1.002289	-157.199802
69	0.049295	750	-1.001150	-158.200952
70	0.045289	750	-0.968843	-159.169795
71	0.041485	750	-0.930423	-160.100218
72	0.037880	750	-0.876385	-160.976604
73	0.034469	750	-0.858536	-161.835140
74	0.031250	750	-0.807737	-162.642877
75	0.028218	750	-0.766750	-163.409627
76	0.025370	750	-0.724903	-164.134530
77	0.022702	750	-0.683376	-164.817906
78	0.020209	750	-0.653642	-165.471548
79	0.017889	750	-0.639688	-166.111236
80	0.015736	750	-0.564841	-166.676077
81	0.013746	750	-0.526509	-167.202586
82	0.011916	750	-0.512477	-167.715063
83	0.010240	750	-0.473608	-168.188671
84	0.008714	750	-0.430643	-168.619314
85	0.007334	750	-0.397402	-169.016716
86	0.006093	750	-0.366747	-169.383463
87	0.004988	750	-0.346662	-169.730125
88	0.004013	750	-0.317454	-170.047578
89	0.003162	750	-0.279075	-170.326654
90	0.002430	750	-0.244219	-170.570873
91	0.001810	750	-0.197840	-170.768713
92	0.001296	750	-0.178684	-170.947397
93	0.000882	750	-0.138862	-171.086259
94	0.000559	750	-0.116090	-171.202349
95	0.000320	750	-0.078670	-171.281019
96	0.000156	750	-0.057650	-171.338669
97	0.000057	750	-0.038777	-171.377446
98	0.000010	750	-0.016523	-171.393969
99	0.000000	750	-0.003360	-171.397329
Log marginal likelihood:	-171.397329
0	0.975187	750	-4.008165	-4.008165
1	0.950747	750	-3.931283	-7.939448
2	0.926679	750	-3.876322	-11.815770
3	0.902980	750	-3.812020	-15.627790
4	0.879648	750	-3.759133	-19.386923
5	0.856682	750	-3.702720	-23.089643
6	0.834079	750	-3.645672	-26.735315
7	0.811838	750	-3.596073	-30.331388
8	0.789957	750	-3.531364	-33.862753
9	0.768433	750	-3.475243	-37.337996
10	0.747266	750	-3.422374	-40.760370
11	0.726452	750	-3.368886	-44.129255
12	0.705989	750	-3.307512	-47.436768
13	0.685877	750	-3.252848	-50.689616
14	0.666112	750	-3.193203	-53.882819
15	0.646693	750	-3.141583	-57.024402
16	0.627618	750	-3.091302	-60.115705
17	0.608884	750	-3.031799	-63.147503
18	0.590490	750	-2.973096	-66.120599
19	0.572433	750	-2.928425	-69.049024
20	0.554712	750	-2.887712	-71.936736
21	0.537324	750	-2.864953	-74.801690
22	0.520268	750	-2.770791	-77.572480
23	0.503540	750	-2.727285	-80.299765
24	0.487139	750	-2.671672	-82.971438
25	0.471063	750	-2.623178	-85.594616
26	0.455310	750	-2.572197	-88.166813
27	0.439877	750	-2.528373	-90.695185
28	0.424762	750	-2.484247	-93.179432
29	0.409963	750	-2.427746	-95.607178
30	0.395478	750	-2.371581	-97.978760
31	0.381305	750	-2.314148	-100.292907
32	0.367440	750	-2.269908	-102.562815
33	0.353883	750	-2.248022	-104.810837
34	0.340630	750	-2.199867	-107.010704
35	0.327680	750	-2.121634	-109.132338
36	0.315030	750	-2.120337	-111.252675
37	0.302677	750	-2.043473	-113.296148
38	0.290619	750	-2.012801	-115.308948
39	0.278855	750	-1.985415	-117.294364
40	0.267381	750	-1.946702	-119.241066
41	0.256195	750	-2.006258	-121.247324
42	0.245294	750	-1.879032	-123.126355
43	0.234677	750	-1.795989	-124.922345
44	0.224340	750	-1.856246	-126.778591
45	0.214281	750	-1.761529	-128.540120
46	0.204498	750	-1.844444	-130.384564
47	0.194988	750	-1.644422	-132.028986
48	0.185749	750	-1.621286	-133.650272
49	0.176777	750	-1.683370	-135.333642
50	0.168070	750	-1.763694	-137.097335
51	0.159626	750	-1.790637	-138.887973
52	0.151441	750	-1.685058	-140.573031
53	0.143514	750	-1.608751	-142.181782
54	0.135841	750	-1.533277	-143.715059
55	0.128420	750	-1.536769	-145.251828
56	0.121247	750	-1.426062	-146.677890
57	0.114320	750	-1.531977	-148.209867
58	0.107637	750	-1.336906	-149.546773
59	0.101193	750	-1.391835	-150.938608
60	0.094986	750	-1.320088	-152.258696
61	0.089014	750	-1.312358	-153.571054
62	0.083273	750	-1.235640	-154.806694
63	0.077760	750	-1.260377	-156.067071
64	0.072472	750	-1.171339	-157.238410
65	0.067406	750	-1.108143	-158.346553
66	0.062558	750	-1.140246	-159.486799
67	0.057926	750	-1.047429	-160.534228
68	0.053506	750	-1.058466	-161.592694
69	0.049295	750	-0.985779	-162.578473
70	0.045289	750	-0.949657	-163.528130
71	0.041485	750	-0.904286	-164.432416
72	0.037880	750	-0.869683	-165.302099
73	0.034469	750	-0.807529	-166.109628
74	0.031250	750	-0.777909	-166.887537
75	0.028218	750	-0.732754	-167.620291
76	0.025370	750	-0.687394	-168.307685
77	0.022702	750	-0.649407	-168.957092
78	0.020209	750	-0.619218	-169.576310
79	0.017889	750	-0.573874	-170.150184
80	0.015736	750	-0.565387	-170.715570
81	0.013746	750	-0.560980	-171.276551
82	0.011916	750	-0.489657	-171.766208
83	0.010240	750	-0.477776	-172.243984
84	0.008714	750	-0.429231	-172.673215
85	0.007334	750	-0.385010	-173.058225
86	0.006093	750	-0.363082	-173.421307
87	0.004988	750	-0.310509	-173.731815
88	0.004013	750	-0.300171	-174.031986
89	0.003162	750	-0.266191	-174.298177
90	0.002430	750	-0.226396	-174.524573
91	0.001810	750	-0.222356	-174.746928
92	0.001296	750	-0.177350	-174.924278
93	0.000882	750	-0.140240	-175.064518
94	0.000559	750	-0.110799	-175.175317
95	0.000320	750	-0.085347	-175.260664
96	0.000156	750	-0.055846	-175.316510
97	0.000057	750	-0.033570	-175.350081
98	0.000010	750	-0.014886	-175.364967
99	0.000000	750	-0.003516	-175.368483
Log marginal likelihood:	-175.368483
0	0.975187	750	-3.551049	-3.551049
1	0.950747	750	-3.506232	-7.057281
2	0.926679	750	-3.443919	-10.501199
3	0.902980	750	-3.387998	-13.889198
4	0.879648	750	-3.336353	-17.225551
5	0.856682	750	-3.286542	-20.512093
6	0.834079	750	-3.239498	-23.751591
7	0.811838	750	-3.191208	-26.942799
8	0.789957	750	-3.125323	-30.068122
9	0.768433	750	-3.087909	-33.156031
10	0.747266	750	-3.047179	-36.203211
11	0.726452	750	-2.998611	-39.201822
12	0.705989	750	-2.958408	-42.160230
13	0.685877	750	-2.906574	-45.066804
14	0.666112	750	-2.842431	-47.909235
15	0.646693	750	-2.817558	-50.726793
16	0.627618	750	-2.749261	-53.476054
17	0.608884	750	-2.726466	-56.202520
18	0.590490	750	-2.655789	-58.858309
19	0.572433	750	-2.614745	-61.473054
20	0.554712	750	-2.551617	-64.024671
21	0.537324	750	-2.527468	-66.552139
22	0.520268	750	-2.476019	-69.028158
23	0.503540	750	-2.433398	-71.461556
24	0.487139	750	-2.390448	-73.852003
25	0.471063	750	-2.333437	-76.185441
26	0.455310	750	-2.294551	-78.479991
27	0.439877	750	-2.250763	-80.730755
28	0.424762	750	-2.210058	-82.940813
29	0.409963	750	-2.158981	-85.099794
30	0.395478	750	-2.125132	-87.224926
31	0.381305	750	-2.066126	-89.291052
32	0.367440	750	-2.036299	-91.327351
33	0.353883	750	-1.998503	-93.325854
34	0.340630	750	-1.956756	-95.282610
35	0.327680	750	-1.919306	-97.201916
36	0.315030	750	-1.879333	-99.081249
37	0.302677	750	-1.823529	-100.904778
38	0.290619	750	-1.806115	-102.710893
39	0.278855	750	-1.760588	-104.471482
40	0.267381	750	-1.727026	-106.198508
41	0.256195	750	-1.680013	-107.878521
42	0.245294	750	-1.632327	-109.510849
43	0.234677	750	-1.638317	-111.149166
44	0.224340	750	-1.582306	-112.731471
45	0.214281	750	-1.598620	-114.330091
46	0.204498	750	-1.527293	-115.857384
47	0.194988	750	-1.459020	-117.316403
48	0.185749	750	-1.435310	-118.751713
49	0.176777	750	-1.415697	-120.167411
50	0.168070	750	-1.536454	-121.703865
51	0.159626	750	-1.442694	-123.146559
52	0.151441	750	-1.474338	-124.620896
53	0.143514	750	-1.372927	-125.993823
54	0.135841	750	-1.395693	-127.389517
55	0.128420	750	-1.423379	-128.812896
56	0.121247	750	-1.231432	-130.044328
57	0.114320	750	-1.250817	-131.295145
58	0.107637	750	-1.239547	-132.534692
59	0.101193	750	-1.226130	-133.760822
60	0.094986	750	-1.243515	-135.004337
61	0.089014	750	-1.096622	-136.100958
62	0.083273	750	-1.182731	-137.283690
63	0.077760	750	-1.157390	-138.441080
64	0.072472	750	-1.171685	-139.612765
65	0.067406	750	-1.175816	-140.788581
66	0.062558	750	-1.097062	-141.885643
67	0.057926	750	-1.059310	-142.944953
68	0.053506	750	-0.972025	-143.916978
69	0.049295	750	-0.958983	-144.875961
70	0.045289	750	-0.951738	-145.827699
71	0.041485	750	-0.910167	-146.737866
72	0.037880	750	-0.855547	-147.593413
73	0.034469	750	-0.850086	-148.443499
74	0.031250	750	-0.771631	-149.215130
75	0.028218	750	-0.772131	-149.987261
76	0.025370	750	-0.727035	-150.714296
77	0.022702	750	-0.673479	-151.387774
78	0.020209	750	-0.638057	-152.025832
79	0.017889	750	-0.612036	-152.637868
80	0.015736	750	-0.565287	-153.203156
81	0.013746	750	-0.522619	-153.725775
82	0.011916	750	-0.507674	-154.233448
83	0.010240	750	-0.458634	-154.692082
84	0.008714	750	-0.441197	-155.133279
85	0.007334	750	-0.391615	-155.524894
86	0.006093	750	-0.390192	-155.915086
87	0.004988	750	-0.336983	-156.252069
88	0.004013	750	-0.317662	-156.569731
89	0.003162	750	-0.273443	-156.843174
90	0.002430	750	-0.225041	-157.068215
91	0.001810	750	-0.211348	-157.279563
92	0.001296	750	-0.168175	-157.447739
93	0.000882	750	-0.144709	-157.592447
94	0.000559	750	-0.113903	-157.706351
95	0.000320	750	-0.082185	-157.788536
96	0.000156	750	-0.063337	-157.851873
97	0.000057	750	-0.037262	-157.889135
98	0.000010	750	-0.018205	-157.907340
99	0.000000	750	-0.003555	-157.910896
Log marginal likelihood:	-157.910896
0	0.975187	750	-3.591174	-3.591174
1	0.950747	750	-3.535107	-7.126281
2	0.926679	750	-3.483550	-10.609832
3	0.902980	750	-3.433773	-14.043605
4	0.879648	750	-3.379106	-17.422711
5	0.856682	750	-3.320181	-20.742891
6	0.834079	750	-3.274102	-24.016993
7	0.811838	750	-3.227586	-27.244579
8	0.789957	750	-3.170226	-30.414805
9	0.768433	750	-3.134563	-33.549368
10	0.747266	750	-3.077932	-36.627300
11	0.726452	750	-3.025538	-39.652838
12	0.705989	750	-2.987959	-42.640797
13	0.685877	750	-2.924352	-45.565149
14	0.666112	750	-2.878766	-48.443915
15	0.646693	750	-2.837068	-51.280982
16	0.627618	750	-2.788675	-54.069657
17	0.608884	750	-2.738950	-56.808606
18	0.590490	750	-2.676486	-59.485092
19	0.572433	750	-2.638866	-62.123958
20	0.554712	750	-2.592066	-64.716024
21	0.537324	750	-2.531522	-67.247546
22	0.520268	750	-2.511783	-69.759330
23	0.503540	750	-2.457957	-72.217287
24	0.487139	750	-2.412880	-74.630167
25	0.471063	750	-2.368801	-76.998968
26	0.455310	750	-2.309183	-79.308151
27	0.439877	750	-2.277277	-81.585427
28	0.424762	750	-2.237343	-83.822770
29	0.409963	750	-2.194899	-86.017669
30	0.395478	750	-2.156650	-88.174319
31	0.381305	750	-2.099270	-90.273590
32	0.367440	750	-2.057652	-92.331242
33	0.353883	750	-2.023639	-94.354881
34	0.340630	750	-2.005034	-96.359915
35	0.327680	750	-1.935626	-98.295542
36	0.315030	750	-1.887687	-100.183229
37	0.302677	750	-1.860395	-102.043624
38	0.290619	750	-1.804034	-103.847657
39	0.278855	750	-1.793959	-105.641616
40	0.267381	750	-1.729283	-107.370899
41	0.256195	750	-1.713440	-109.084339
42	0.245294	750	-1.730117	-110.814455
43	0.234677	750	-1.670072	-112.484528
44	0.224340	750	-1.673192	-114.157719
45	0.214281	750	-1.707794	-115.865513
46	0.204498	750	-1.611974	-117.477487
47	0.194988	750	-1.689794	-119.167282
48	0.185749	750	-1.574626	-120.741908
49	0.176777	750	-1.739011	-122.480919
50	0.168070	750	-1.356573	-123.837492
51	0.159626	750	-1.656786	-125.494278
52	0.151441	750	-1.594450	-127.088728
53	0.143514	750	-1.569616	-128.658343
54	0.135841	750	-1.373347	-130.031691
55	0.128420	750	-1.544593	-131.576284
56	0.121247	750	-1.349227	-132.925511
57	0.114320	750	-1.259022	-134.184533
58	0.107637	750	-1.356747	-135.541281
59	0.101193	750	-1.219373	-136.760654
60	0.094986	750	-1.235139	-137.995793
61	0.089014	750	-1.278170	-139.273963
62	0.083273	750	-1.279268	-140.553231
63	0.077760	750	-1.194114	-141.747346
64	0.072472	750	-1.130246	-142.877592
65	0.067406	750	-1.069147	-143.946739
66	0.062558	750	-1.112617	-145.059356
67	0.057926	750	-1.049623	-146.108978
68	0.053506	750	-0.991439	-147.100418
69	0.049295	750	-0.972131	-148.072549
70	0.045289	750	-0.898720	-148.971269
71	0.041485	750	-0.879556	-149.850825
72	0.037880	750	-0.847109	-150.697934
73	0.034469	750	-0.800503	-151.498437
74	0.031250	750	-0.743723	-152.242160
75	0.028218	750	-0.725306	-152.967466
76	0.025370	750	-0.709005	-153.676471
77	0.022702	750	-0.651613	-154.328084
78	0.020209	750	-0.621082	-154.949166
79	0.017889	750	-0.596148	-155.545314
80	0.015736	750	-0.554098	-156.099412
81	0.013746	750	-0.528997	-156.628410
82	0.011916	750	-0.487221	-157.115631
83	0.010240	750	-0.433731	-157.549362
84	0.008714	750	-0.401955	-157.951318
85	0.007334	750	-0.377882	-158.329200
86	0.006093	750	-0.327092	-158.656292
87	0.004988	750	-0.330636	-158.986929
88	0.004013	750	-0.284025	-159.270953
89	0.003162	750	-0.258194	-159.529147
90	0.002430	750	-0.229101	-159.758248
91	0.001810	750	-0.206062	-159.964310
92	0.001296	750	-0.168982	-160.133292
93	0.000882	750	-0.142325	-160.275617
94	0.000559	750	-0.141626	-160.417243
95	0.000320	750	-0.100279	-160.517522
96	0.000156	750	-0.054776	-160.572298
97	0.000057	750	-0.034934	-160.607232
98	0.000010	750	-0.014688	-160.621920
99	0.000000	750	-0.003512	-160.625432
Log marginal likelihood:	-160.625432
0	0.975187	750	-3.186560	-3.186560
1	0.950747	750	-3.147808	-6.334368
2	0.926679	750	-3.094877	-9.429245
3	0.902980	750	-3.058219	-12.487464
4	0.879648	750	-3.001957	-15.489421
5	0.856682	750	-2.976655	-18.466076
6	0.834079	750	-2.933680	-21.399756
7	0.811838	750	-2.884650	-24.284405
8	0.789957	750	-2.820363	-27.104769
9	0.768433	750	-2.757643	-29.862411
10	0.747266	750	-2.731225	-32.593636
11	0.726452	750	-2.709898	-35.303535
12	0.705989	750	-2.655154	-37.958689
13	0.685877	750	-2.604383	-40.563072
14	0.666112	750	-2.549921	-43.112993
15	0.646693	750	-2.533205	-45.646198
16	0.627618	750	-2.470946	-48.117144
17	0.608884	750	-2.442703	-50.559847
18	0.590490	750	-2.395155	-52.955002
19	0.572433	750	-2.375465	-55.330467
20	0.554712	750	-2.322763	-57.653231
21	0.537324	750	-2.288384	-59.941615
22	0.520268	750	-2.228489	-62.170103
23	0.503540	750	-2.185191	-64.355295
24	0.487139	750	-2.152975	-66.508270
25	0.471063	750	-2.104093	-68.612363
26	0.455310	750	-2.080702	-70.693065
27	0.439877	750	-2.014402	-72.707468
28	0.424762	750	-2.003139	-74.710606
29	0.409963	750	-1.963069	-76.673675
30	0.395478	750	-1.908304	-78.581980
31	0.381305	750	-1.861630	-80.443610
32	0.367440	750	-1.874000	-82.317610
33	0.353883	750	-1.811850	-84.129460
34	0.340630	750	-1.778166	-85.907626
35	0.327680	750	-1.746712	-87.654338
36	0.315030	750	-1.723674	-89.378011
37	0.302677	750	-1.667559	-91.045570
38	0.290619	750	-1.633665	-92.679235
39	0.278855	750	-1.577736	-94.256971
40	0.267381	750	-1.571523	-95.828494
41	0.256195	750	-1.545685	-97.374178
42	0.245294	750	-1.538656	-98.912834
43	0.234677	750	-1.480655	-100.393489
44	0.224340	750	-1.459323	-101.852812
45	0.214281	750	-1.422042	-103.274853
46	0.204498	750	-1.415559	-104.690412
47	0.194988	750	-1.313173	-106.003585
48	0.185749	750	-1.408265	-107.411851
49	0.176777	750	-1.319800	-108.731651
50	0.168070	750	-1.315708	-110.047359
51	0.159626	750	-1.364671	-111.412030
52	0.151441	750	-1.513580	-112.925611
53	0.143514	750	-1.342703	-114.268313
54	0.135841	750	-1.311219	-115.579533
55	0.128420	750	-1.093525	-116.673058
56	0.121247	750	-1.325279	-117.998336
57	0.114320	750	-1.198897	-119.197233
58	0.107637	750	-1.291844	-120.489077
59	0.101193	750	-1.072245	-121.561322
60	0.094986	750	-1.175954	-122.737276
61	0.089014	750	-1.132926	-123.870202
62	0.083273	750	-1.217010	-125.087212
63	0.077760	750	-1.157249	-126.244462
64	0.072472	750	-1.114588	-127.359049
65	0.067406	750	-1.040210	-128.399260
66	0.062558	750	-1.064367	-129.463627
67	0.057926	750	-1.022304	-130.485931
68	0.053506	750	-1.002662	-131.488592
69	0.049295	750	-0.988655	-132.477248
70	0.045289	750	-0.956948	-133.434196
71	0.041485	750	-0.889262	-134.323458
72	0.037880	750	-0.834250	-135.157708
73	0.034469	750	-0.789862	-135.947570
74	0.031250	750	-0.760477	-136.708048
75	0.028218	750	-0.773635	-137.481682
76	0.025370	750	-0.696027	-138.177709
77	0.022702	750	-0.670423	-138.848133
78	0.020209	750	-0.646529	-139.494662
79	0.017889	750	-0.595780	-140.090442
80	0.015736	750	-0.571298	-140.661740
81	0.013746	750	-0.530403	-141.192143
82	0.011916	750	-0.484576	-141.676720
83	0.010240	750	-0.481216	-142.157936
84	0.008714	750	-0.422556	-142.580491
85	0.007334	750	-0.376062	-142.956553
86	0.006093	750	-0.381665	-143.338219
87	0.004988	750	-0.322838	-143.661056
88	0.004013	750	-0.291884	-143.952941
89	0.003162	750	-0.271924	-144.224864
90	0.002430	750	-0.234048	-144.458913
91	0.001810	750	-0.201577	-144.660489
92	0.001296	750	-0.175369	-144.835859
93	0.000882	750	-0.152511	-144.988370
94	0.000559	750	-0.101351	-145.089721
95	0.000320	750	-0.081001	-145.170722
96	0.000156	750	-0.060537	-145.231259
97	0.000057	750	-0.032772	-145.264031
98	0.000010	750	-0.016238	-145.280269
99	0.000000	750	-0.003602	-145.283871
Log marginal likelihood:	-145.283871
0	0.975187	750	-3.969644	-3.969644
1	0.950747	750	-3.914281	-7.883926
2	0.926679	750	-3.877275	-11.761201
3	0.902980	750	-3.798202	-15.559403
4	0.879648	750	-3.739541	-19.298943
5	0.856682	750	-3.688562	-22.987505
6	0.834079	750	-3.639425	-26.626930
7	0.811838	750	-3.580355	-30.207286
8	0.789957	750	-3.519519	-33.726805
9	0.768433	750	-3.465364	-37.192168
10	0.747266	750	-3.417343	-40.609511
11	0.726452	750	-3.370518	-43.980028
12	0.705989	750	-3.302654	-47.282682
13	0.685877	750	-3.246780	-50.529463
14	0.666112	750	-3.189628	-53.719091
15	0.646693	750	-3.123071	-56.842162
16	0.627618	750	-3.076322	-59.918484
17	0.608884	750	-3.020878	-62.939362
18	0.590490	750	-2.966858	-65.906220
19	0.572433	750	-2.915303	-68.821523
20	0.554712	750	-2.869339	-71.690862
21	0.537324	750	-2.823409	-74.514272
22	0.520268	750	-2.764580	-77.278852
23	0.503540	750	-2.709312	-79.988164
24	0.487139	750	-2.675164	-82.663327
25	0.471063	750	-2.616348	-85.279675
26	0.455310	750	-2.559360	-87.839035
27	0.439877	750	-2.513362	-90.352397
28	0.424762	750	-2.455766	-92.808163
29	0.409963	750	-2.405481	-95.213643
30	0.395478	750	-2.363129	-97.576772
31	0.381305	750	-2.317280	-99.894052
32	0.367440	750	-2.272528	-102.166580
33	0.353883	750	-2.250878	-104.417458
34	0.340630	750	-2.184401	-106.601859
35	0.327680	750	-2.130212	-108.732072
36	0.315030	750	-2.101232	-110.833304
37	0.302677	750	-2.052560	-112.885864
38	0.290619	750	-2.004897	-114.890761
39	0.278855	750	-1.972107	-116.862868
40	0.267381	750	-1.943310	-118.806178
41	0.256195	750	-1.911316	-120.717494
42	0.245294	750	-1.863671	-122.581165
43	0.234677	750	-1.883034	-124.464198
44	0.224340	750	-1.817642	-126.281841
45	0.214281	750	-1.766398	-128.048239
46	0.204498	750	-1.781079	-129.829318
47	0.194988	750	-1.840245	-131.669564
48	0.185749	750	-1.640946	-133.310510
49	0.176777	750	-1.637199	-134.947708
50	0.168070	750	-1.753352	-136.701060
51	0.159626	750	-1.489052	-138.190112
52	0.151441	750	-1.670633	-139.860746
53	0.143514	750	-1.484367	-141.345113
54	0.135841	750	-1.453061	-142.798174
55	0.128420	750	-1.471166	-144.269339
56	0.121247	750	-1.551878	-145.821218
57	0.114320	750	-1.612953	-147.434170
58	0.107637	750	-1.426274	-148.860444
59	0.101193	750	-1.483723	-150.344168
60	0.094986	750	-1.372682	-151.716850
61	0.089014	750	-1.434414	-153.151264
62	0.083273	750	-1.339094	-154.490357
63	0.077760	750	-1.218520	-155.708877
64	0.072472	750	-1.222074	-156.930951
65	0.067406	750	-1.218615	-158.149566
66	0.062558	750	-1.141908	-159.291474
67	0.057926	750	-1.116669	-160.408142
68	0.053506	750	-1.076906	-161.485048
69	0.049295	750	-1.023368	-162.508416
70	0.045289	750	-0.981160	-163.489576
71	0.041485	750	-0.935284	-164.424860
72	0.037880	750	-0.899903	-165.324763
73	0.034469	750	-0.872942	-166.197705
74	0.031250	750	-0.824070	-167.021775
75	0.028218	750	-0.762591	-167.784365
76	0.025370	750	-0.730962	-168.515327
77	0.022702	750	-0.710591	-169.225919
78	0.020209	750	-0.669308	-169.895226
79	0.017889	750	-0.614238	-170.509464
80	0.015736	750	-0.579389	-171.088854
81	0.013746	750	-0.571856	-171.660710
82	0.011916	750	-0.502287	-172.162996
83	0.010240	750	-0.473383	-172.636379
84	0.008714	750	-0.436132	-173.072512
85	0.007334	750	-0.414163	-173.486675
86	0.006093	750	-0.377259	-173.863933
87	0.004988	750	-0.322631	-174.186564
88	0.004013	750	-0.299003	-174.485567
89	0.003162	750	-0.284915	-174.770482
90	0.002430	750	-0.255535	-175.026018
91	0.001810	750	-0.203623	-175.229640
92	0.001296	750	-0.172692	-175.402332
93	0.000882	750	-0.131986	-175.534317
94	0.000559	750	-0.113593	-175.647910
95	0.000320	750	-0.092536	-175.740446
96	0.000156	750	-0.055363	-175.795810
97	0.000057	750	-0.035885	-175.831695
98	0.000010	750	-0.016697	-175.848392
99	0.000000	750	-0.003586	-175.851978
Log marginal likelihood:	-175.851978
0	0.975187	750	-3.820434	-3.820434
1	0.950747	750	-3.783371	-7.603805
2	0.926679	750	-3.713349	-11.317153
3	0.902980	750	-3.665863	-14.983016
4	0.879648	750	-3.598723	-18.581738
5	0.856682	750	-3.547899	-22.129638
6	0.834079	750	-3.505569	-25.635207
7	0.811838	750	-3.442877	-29.078084
8	0.789957	750	-3.394463	-32.472547
9	0.768433	750	-3.328353	-35.800901
10	0.747266	750	-3.282247	-39.083148
11	0.726452	750	-3.219970	-42.303117
12	0.705989	750	-3.199368	-45.502486
13	0.685877	750	-3.123543	-48.626029
14	0.666112	750	-3.080953	-51.706982
15	0.646693	750	-3.019011	-54.725993
16	0.627618	750	-2.965822	-57.691815
17	0.608884	750	-2.918384	-60.610199
18	0.590490	750	-2.884820	-63.495019
19	0.572433	750	-2.825791	-66.320810
20	0.554712	750	-2.772064	-69.092874
21	0.537324	750	-2.729357	-71.822231
22	0.520268	750	-2.676580	-74.498811
23	0.503540	750	-2.626816	-77.125627
24	0.487139	750	-2.569928	-79.695555
25	0.471063	750	-2.529334	-82.224889
26	0.455310	750	-2.465502	-84.690390
27	0.439877	750	-2.422787	-87.113177
28	0.424762	750	-2.379821	-89.492999
29	0.409963	750	-2.343035	-91.836034
30	0.395478	750	-2.301913	-94.137947
31	0.381305	750	-2.255964	-96.393910
32	0.367440	750	-2.218689	-98.612599
33	0.353883	750	-2.158033	-100.770632
34	0.340630	750	-2.124830	-102.895462
35	0.327680	750	-2.054090	-104.949552
36	0.315030	750	-2.002838	-106.952390
37	0.302677	750	-1.986395	-108.938785
38	0.290619	750	-1.961198	-110.899983
39	0.278855	750	-1.873182	-112.773165
40	0.267381	750	-1.872534	-114.645698
41	0.256195	750	-1.895849	-116.541548
42	0.245294	750	-1.753868	-118.295416
43	0.234677	750	-1.736491	-120.031907
44	0.224340	750	-1.692841	-121.724749
45	0.214281	750	-1.762020	-123.486768
46	0.204498	750	-1.623443	-125.110211
47	0.194988	750	-1.719457	-126.829669
48	0.185749	750	-1.624394	-128.454063
49	0.176777	750	-1.636356	-130.090419
50	0.168070	750	-1.661457	-131.751876
51	0.159626	750	-1.646695	-133.398570
52	0.151441	750	-1.474001	-134.872571
53	0.143514	750	-1.516496	-136.389067
54	0.135841	750	-1.683303	-138.072370
55	0.128420	750	-1.530870	-139.603240
56	0.121247	750	-1.430569	-141.033809
57	0.114320	750	-1.507540	-142.541349
58	0.107637	750	-1.423486	-143.964834
59	0.101193	750	-1.342515	-145.307349
60	0.094986	750	-1.329649	-146.636998
61	0.089014	750	-1.429874	-148.066873
62	0.083273	750	-1.366648	-149.433521
63	0.077760	750	-1.279146	-150.712667
64	0.072472	750	-1.230630	-151.943296
65	0.067406	750	-1.161918	-153.105215
66	0.062558	750	-1.166723	-154.271938
67	0.057926	750	-1.095933	-155.367871
68	0.053506	750	-1.098930	-156.466801
69	0.049295	750	-0.997237	-157.464039
70	0.045289	750	-0.966055	-158.430094
71	0.041485	750	-0.919811	-159.349905
72	0.037880	750	-0.903830	-160.253735
73	0.034469	750	-0.861306	-161.115041
74	0.031250	750	-0.830207	-161.945248
75	0.028218	750	-0.801766	-162.747014
76	0.025370	750	-0.726723	-163.473737
77	0.022702	750	-0.695922	-164.169658
78	0.020209	750	-0.638505	-164.808163
79	0.017889	750	-0.619896	-165.428059
80	0.015736	750	-0.573300	-166.001359
81	0.013746	750	-0.542423	-166.543782
82	0.011916	750	-0.508740	-167.052522
83	0.010240	750	-0.458929	-167.511450
84	0.008714	750	-0.452476	-167.963927
85	0.007334	750	-0.397281	-168.361208
86	0.006093	750	-0.362556	-168.723763
87	0.004988	750	-0.331920	-169.055684
88	0.004013	750	-0.295802	-169.351486
89	0.003162	750	-0.272886	-169.624372
90	0.002430	750	-0.248250	-169.872621
91	0.001810	750	-0.219373	-170.091994
92	0.001296	750	-0.196750	-170.288744
93	0.000882	750	-0.150295	-170.439039
94	0.000559	750	-0.124340	-170.563379
95	0.000320	750	-0.087082	-170.650461
96	0.000156	750	-0.060931	-170.711392
97	0.000057	750	-0.035199	-170.746591
98	0.000010	750	-0.015752	-170.762343
99	0.000000	750	-0.003641	-170.765984
Log marginal likelihood:	-170.765984
0	0.975187	750	-3.000129	-3.000129
1	0.950747	750	-2.962050	-5.962179
2	0.926679	750	-2.911490	-8.873670
3	0.902980	750	-2.890219	-11.763889
4	0.879648	750	-2.840137	-14.604026
5	0.856682	750	-2.814349	-17.418376
6	0.834079	750	-2.758096	-20.176472
7	0.811838	750	-2.722039	-22.898511
8	0.789957	750	-2.683102	-25.581612
9	0.768433	750	-2.650430	-28.232042
10	0.747266	750	-2.610623	-30.842665
11	0.726452	750	-2.531991	-33.374656
12	0.705989	750	-2.518509	-35.893165
13	0.685877	750	-2.479687	-38.372852
14	0.666112	750	-2.457125	-40.829977
15	0.646693	750	-2.397602	-43.227579
16	0.627618	750	-2.355306	-45.582884
17	0.608884	750	-2.295496	-47.878380
18	0.590490	750	-2.267309	-50.145689
19	0.572433	750	-2.237940	-52.383629
20	0.554712	750	-2.201932	-54.585560
21	0.537324	750	-2.137871	-56.723431
22	0.520268	750	-2.114198	-58.837629
23	0.503540	750	-2.069574	-60.907203
24	0.487139	750	-2.067087	-62.974290
25	0.471063	750	-2.002188	-64.976479
26	0.455310	750	-1.957828	-66.934306
27	0.439877	750	-1.946860	-68.881166
28	0.424762	750	-1.881260	-70.762426
29	0.409963	750	-1.875752	-72.638178
30	0.395478	750	-1.822280	-74.460457
31	0.381305	750	-1.789929	-76.250387
32	0.367440	750	-1.747751	-77.998138
33	0.353883	750	-1.697329	-79.695466
34	0.340630	750	-1.665836	-81.361303
35	0.327680	750	-1.662270	-83.023573
36	0.315030	750	-1.618629	-84.642202
37	0.302677	750	-1.578670	-86.220872
38	0.290619	750	-1.543385	-87.764257
39	0.278855	750	-1.551043	-89.315300
40	0.267381	750	-1.482745	-90.798045
41	0.256195	750	-1.457230	-92.255275
42	0.245294	750	-1.459851	-93.715126
43	0.234677	750	-1.431624	-95.146751
44	0.224340	750	-1.351062	-96.497813
45	0.214281	750	-1.302026	-97.799839
46	0.204498	750	-1.318708	-99.118546
47	0.194988	750	-1.274561	-100.393108
48	0.185749	750	-1.299329	-101.692437
49	0.176777	750	-1.207136	-102.899573
50	0.168070	750	-1.306562	-104.206135
51	0.159626	750	-1.249693	-105.455828
52	0.151441	750	-1.208807	-106.664635
53	0.143514	750	-1.253576	-107.918211
54	0.135841	750	-1.210460	-109.128671
55	0.128420	750	-1.257438	-110.386108
56	0.121247	750	-1.227338	-111.613447
57	0.114320	750	-1.167834	-112.781281
58	0.107637	750	-0.990904	-113.772185
59	0.101193	750	-1.216864	-114.989049
60	0.094986	750	-1.192748	-116.181797
61	0.089014	750	-1.056276	-117.238074
62	0.083273	750	-1.068990	-118.307063
63	0.077760	750	-1.117787	-119.424851
64	0.072472	750	-0.939614	-120.364465
65	0.067406	750	-1.068041	-121.432506
66	0.062558	750	-1.064759	-122.497265
67	0.057926	750	-0.997573	-123.494838
68	0.053506	750	-0.993602	-124.488440
69	0.049295	750	-0.961553	-125.449994
70	0.045289	750	-0.927038	-126.377031
71	0.041485	750	-0.898290	-127.275321
72	0.037880	750	-0.863444	-128.138765
73	0.034469	750	-0.832949	-128.971714
74	0.031250	750	-0.789958	-129.761672
75	0.028218	750	-0.745054	-130.506726
76	0.025370	750	-0.695595	-131.202321
77	0.022702	750	-0.683369	-131.885690
78	0.020209	750	-0.627210	-132.512900
79	0.017889	750	-0.591969	-133.104869
80	0.015736	750	-0.566702	-133.671571
81	0.013746	750	-0.548271	-134.219842
82	0.011916	750	-0.531001	-134.750843
83	0.010240	750	-0.474361	-135.225205
84	0.008714	750	-0.425661	-135.650865
85	0.007334	750	-0.393922	-136.044788
86	0.006093	750	-0.364218	-136.409006
87	0.004988	750	-0.313261	-136.722267
88	0.004013	750	-0.297379	-137.019646
89	0.003162	750	-0.275696	-137.295341
90	0.002430	750	-0.236256	-137.531598
91	0.001810	750	-0.200391	-137.731988
92	0.001296	750	-0.172745	-137.904733
93	0.000882	750	-0.134493	-138.039227
94	0.000559	750	-0.116755	-138.155982
95	0.000320	750	-0.097674	-138.253656
96	0.000156	750	-0.054212	-138.307867
97	0.000057	750	-0.037372	-138.345240
98	0.000010	750	-0.017080	-138.362319
99	0.000000	750	-0.003793	-138.366112
Log marginal likelihood:	-138.366112
0	0.975187	750	-4.066055	-4.066055
1	0.950747	750	-4.003266	-8.069321
2	0.926679	750	-3.944600	-12.013921
3	0.902980	750	-3.893652	-15.907572
4	0.879648	750	-3.836315	-19.743888
5	0.856682	750	-3.771604	-23.515491
6	0.834079	750	-3.712177	-27.227668
7	0.811838	750	-3.654453	-30.882121
8	0.789957	750	-3.597233	-34.479355
9	0.768433	750	-3.543161	-38.022516
10	0.747266	750	-3.481822	-41.504338
11	0.726452	750	-3.425769	-44.930106
12	0.705989	750	-3.367664	-48.297770
13	0.685877	750	-3.313880	-51.611651
14	0.666112	750	-3.253020	-54.864671
15	0.646693	750	-3.199901	-58.064571
16	0.627618	750	-3.144360	-61.208932
17	0.608884	750	-3.092332	-64.301264
18	0.590490	750	-3.042312	-67.343576
19	0.572433	750	-2.998709	-70.342286
20	0.554712	750	-2.929600	-73.271886
21	0.537324	750	-2.897702	-76.169588
22	0.520268	750	-2.818705	-78.988294
23	0.503540	750	-2.780601	-81.768895
24	0.487139	750	-2.740146	-84.509041
25	0.471063	750	-2.675486	-87.184527
26	0.455310	750	-2.604017	-89.788544
27	0.439877	750	-2.583177	-92.371722
28	0.424762	750	-2.516260	-94.887982
29	0.409963	750	-2.478109	-97.366091
30	0.395478	750	-2.419956	-99.786047
31	0.381305	750	-2.387521	-102.173569
32	0.367440	750	-2.340729	-104.514298
33	0.353883	750	-2.282930	-106.797228
34	0.340630	750	-2.249854	-109.047082
35	0.327680	750	-2.179923	-111.227005
36	0.315030	750	-2.132376	-113.359380
37	0.302677	750	-2.091577	-115.450957
38	0.290619	750	-2.112665	-117.563623
39	0.278855	750	-1.991352	-119.554974
40	0.267381	750	-1.944170	-121.499144
41	0.256195	750	-1.995758	-123.494902
42	0.245294	750	-1.873166	-125.368069
43	0.234677	750	-1.844343	-127.212412
44	0.224340	750	-1.783795	-128.996208
45	0.214281	750	-1.738151	-130.734358
46	0.204498	750	-1.731761	-132.466119
47	0.194988	750	-1.655756	-134.121875
48	0.185749	750	-1.653497	-135.775372
49	0.176777	750	-1.850731	-137.626103
50	0.168070	750	-1.672366	-139.298469
51	0.159626	750	-1.689600	-140.988069
52	0.151441	750	-1.552177	-142.540245
53	0.143514	750	-1.673276	-144.213521
54	0.135841	750	-1.473835	-145.687357
55	0.128420	750	-1.586441	-147.273798
56	0.121247	750	-1.483398	-148.757196
57	0.114320	750	-1.518384	-150.275580
58	0.107637	750	-1.448254	-151.723834
59	0.101193	750	-1.406094	-153.129927
60	0.094986	750	-1.345054	-154.474981
61	0.089014	750	-1.309963	-155.784944
62	0.083273	750	-1.251409	-157.036353
63	0.077760	750	-1.158580	-158.194933
64	0.072472	750	-1.201275	-159.396208
65	0.067406	750	-1.130304	-160.526512
66	0.062558	750	-1.148115	-161.674627
67	0.057926	750	-1.094167	-162.768794
68	0.053506	750	-1.038620	-163.807415
69	0.049295	750	-0.983964	-164.791379
70	0.045289	750	-0.942561	-165.733939
71	0.041485	750	-0.894873	-166.628812
72	0.037880	750	-0.852076	-167.480888
73	0.034469	750	-0.847445	-168.328334
74	0.031250	750	-0.798951	-169.127285
75	0.028218	750	-0.750371	-169.877656
76	0.025370	750	-0.708747	-170.586403
77	0.022702	750	-0.653465	-171.239868
78	0.020209	750	-0.627207	-171.867075
79	0.017889	750	-0.589693	-172.456768
80	0.015736	750	-0.563395	-173.020163
81	0.013746	750	-0.525728	-173.545891
82	0.011916	750	-0.496973	-174.042864
83	0.010240	750	-0.457952	-174.500816
84	0.008714	750	-0.410077	-174.910893
85	0.007334	750	-0.417345	-175.328238
86	0.006093	750	-0.369948	-175.698186
87	0.004988	750	-0.328695	-176.026881
88	0.004013	750	-0.287487	-176.314368
89	0.003162	750	-0.265253	-176.579621
90	0.002430	750	-0.229792	-176.809413
91	0.001810	750	-0.195214	-177.004627
92	0.001296	750	-0.169263	-177.173890
93	0.000882	750	-0.139502	-177.313391
94	0.000559	750	-0.112467	-177.425858
95	0.000320	750	-0.080575	-177.506433
96	0.000156	750	-0.059836	-177.566270
97	0.000057	750	-0.039733	-177.606003
98	0.000010	750	-0.016220	-177.622223
99	0.000000	750	-0.003971	-177.626194
Log marginal likelihood:	-177.626194
0	0.975187	750	-3.550220	-3.550220
1	0.950747	750	-3.504791	-7.055010
2	0.926679	750	-3.453402	-10.508412
3	0.902980	750	-3.394586	-13.902999
4	0.879648	750	-3.349909	-17.252908
5	0.856682	750	-3.294101	-20.547008
6	0.834079	750	-3.245827	-23.792835
7	0.811838	750	-3.193147	-26.985982
8	0.789957	750	-3.160225	-30.146207
9	0.768433	750	-3.091709	-33.237916
10	0.747266	750	-3.057547	-36.295463
11	0.726452	750	-2.998210	-39.293673
12	0.705989	750	-2.957461	-42.251134
13	0.685877	750	-2.912421	-45.163555
14	0.666112	750	-2.845696	-48.009251
15	0.646693	750	-2.799244	-50.808495
16	0.627618	750	-2.747138	-53.555633
17	0.608884	750	-2.714179	-56.269812
18	0.590490	750	-2.675471	-58.945283
19	0.572433	750	-2.620719	-61.566002
20	0.554712	750	-2.587433	-64.153435
21	0.537324	750	-2.521012	-66.674447
22	0.520268	750	-2.482323	-69.156770
23	0.503540	750	-2.447105	-71.603874
24	0.487139	750	-2.386185	-73.990059
25	0.471063	750	-2.357148	-76.347207
26	0.455310	750	-2.299695	-78.646901
27	0.439877	750	-2.257238	-80.904140
28	0.424762	750	-2.208464	-83.112604
29	0.409963	750	-2.152888	-85.265492
30	0.395478	750	-2.130941	-87.396433
31	0.381305	750	-2.087482	-89.483915
32	0.367440	750	-2.027241	-91.511155
33	0.353883	750	-1.995158	-93.506313
34	0.340630	750	-1.962424	-95.468737
35	0.327680	750	-1.924992	-97.393729
36	0.315030	750	-1.885273	-99.279002
37	0.302677	750	-1.867158	-101.146159
38	0.290619	750	-1.813865	-102.960025
39	0.278855	750	-1.797564	-104.757589
40	0.267381	750	-1.738765	-106.496354
41	0.256195	750	-1.684803	-108.181157
42	0.245294	750	-1.705069	-109.886226
43	0.234677	750	-1.645470	-111.531697
44	0.224340	750	-1.627710	-113.159406
45	0.214281	750	-1.558516	-114.717923
46	0.204498	750	-1.518971	-116.236893
47	0.194988	750	-1.556796	-117.793689
48	0.185749	750	-1.465014	-119.258703
49	0.176777	750	-1.411343	-120.670046
50	0.168070	750	-1.526772	-122.196818
51	0.159626	750	-1.324939	-123.521757
52	0.151441	750	-1.322969	-124.844726
53	0.143514	750	-1.388861	-126.233587
54	0.135841	750	-1.254182	-127.487769
55	0.128420	750	-1.397619	-128.885388
56	0.121247	750	-1.570902	-130.456291
57	0.114320	750	-1.452973	-131.909264
58	0.107637	750	-1.112315	-133.021579
59	0.101193	750	-1.188647	-134.210226
60	0.094986	750	-1.213914	-135.424139
61	0.089014	750	-1.310196	-136.734336
62	0.083273	750	-1.153983	-137.888318
63	0.077760	750	-1.254248	-139.142566
64	0.072472	750	-1.190427	-140.332993
65	0.067406	750	-1.107935	-141.440928
66	0.062558	750	-1.103775	-142.544703
67	0.057926	750	-1.054390	-143.599093
68	0.053506	750	-1.025101	-144.624194
69	0.049295	750	-0.959059	-145.583252
70	0.045289	750	-0.858798	-146.442050
71	0.041485	750	-0.871525	-147.313575
72	0.037880	750	-0.886698	-148.200272
73	0.034469	750	-0.834135	-149.034407
74	0.031250	750	-0.758855	-149.793262
75	0.028218	750	-0.745383	-150.538645
76	0.025370	750	-0.705530	-151.244175
77	0.022702	750	-0.676650	-151.920825
78	0.020209	750	-0.657702	-152.578527
79	0.017889	750	-0.580322	-153.158849
80	0.015736	750	-0.586665	-153.745514
81	0.013746	750	-0.522019	-154.267533
82	0.011916	750	-0.506318	-154.773851
83	0.010240	750	-0.459471	-155.233322
84	0.008714	750	-0.408718	-155.642040
85	0.007334	750	-0.390965	-156.033005
86	0.006093	750	-0.357206	-156.390211
87	0.004988	750	-0.336055	-156.726266
88	0.004013	750	-0.306526	-157.032792
89	0.003162	750	-0.276851	-157.309643
90	0.002430	750	-0.235147	-157.544790
91	0.001810	750	-0.194905	-157.739695
92	0.001296	750	-0.164203	-157.903898
93	0.000882	750	-0.127189	-158.031087
94	0.000559	750	-0.116311	-158.147398
95	0.000320	750	-0.085288	-158.232686
96	0.000156	750	-0.055840	-158.288526
97	0.000057	750	-0.035747	-158.324273
98	0.000010	750	-0.016683	-158.340956
99	0.000000	750	-0.003684	-158.344640
Log marginal likelihood:	-158.344640
0	0.975187	750	-3.604106	-3.604106
1	0.950747	750	-3.542083	-7.146189
2	0.926679	750	-3.497868	-10.644057
3	0.902980	750	-3.454722	-14.098779
4	0.879648	750	-3.391407	-17.490186
5	0.856682	750	-3.334121	-20.824307
6	0.834079	750	-3.281276	-24.105583
7	0.811838	750	-3.247703	-27.353286
8	0.789957	750	-3.179048	-30.532334
9	0.768433	750	-3.114785	-33.647119
10	0.747266	750	-3.104726	-36.751845
11	0.726452	750	-3.044491	-39.796336
12	0.705989	750	-2.966812	-42.763148
13	0.685877	750	-2.956336	-45.719484
14	0.666112	750	-2.900274	-48.619758
15	0.646693	750	-2.830639	-51.450397
16	0.627618	750	-2.798562	-54.248959
17	0.608884	750	-2.739716	-56.988675
18	0.590490	750	-2.689751	-59.678426
19	0.572433	750	-2.653911	-62.332338
20	0.554712	750	-2.605499	-64.937836
21	0.537324	750	-2.568598	-67.506435
22	0.520268	750	-2.518240	-70.024675
23	0.503540	750	-2.467317	-72.491992
24	0.487139	750	-2.413540	-74.905532
25	0.471063	750	-2.374493	-77.280025
26	0.455310	750	-2.332715	-79.612740
27	0.439877	750	-2.276948	-81.889688
28	0.424762	750	-2.240494	-84.130182
29	0.409963	750	-2.201154	-86.331336
30	0.395478	750	-2.142681	-88.474017
31	0.381305	750	-2.111919	-90.585936
32	0.367440	750	-2.087092	-92.673029
33	0.353883	750	-2.008340	-94.681368
34	0.340630	750	-1.992844	-96.674212
35	0.327680	750	-1.940967	-98.615179
36	0.315030	750	-1.890760	-100.505939
37	0.302677	750	-1.880147	-102.386086
38	0.290619	750	-1.823156	-104.209243
39	0.278855	750	-1.787459	-105.996701
40	0.267381	750	-1.751054	-107.747756
41	0.256195	750	-1.765252	-109.513008
42	0.245294	750	-1.675310	-111.188318
43	0.234677	750	-1.680628	-112.868946
44	0.224340	750	-1.648759	-114.517705
45	0.214281	750	-1.632549	-116.150254
46	0.204498	750	-1.542607	-117.692861
47	0.194988	750	-1.625296	-119.318157
48	0.185749	750	-1.650651	-120.968808
49	0.176777	750	-1.452818	-122.421627
50	0.168070	750	-1.507636	-123.929263
51	0.159626	750	-1.422090	-125.351352
52	0.151441	750	-1.433497	-126.784850
53	0.143514	750	-1.422952	-128.207802
54	0.135841	750	-1.377678	-129.585480
55	0.128420	750	-1.278315	-130.863795
56	0.121247	750	-1.312716	-132.176510
57	0.114320	750	-1.274115	-133.450625
58	0.107637	750	-1.205901	-134.656526
59	0.101193	750	-1.286085	-135.942611
60	0.094986	750	-1.216326	-137.158937
61	0.089014	750	-1.178084	-138.337021
62	0.083273	750	-1.203100	-139.540120
63	0.077760	750	-1.152585	-140.692706
64	0.072472	750	-1.156051	-141.848757
65	0.067406	750	-1.033651	-142.882408
66	0.062558	750	-1.009233	-143.891641
67	0.057926	750	-1.025636	-144.917277
68	0.053506	750	-1.036995	-145.954273
69	0.049295	750	-0.968058	-146.922331
70	0.045289	750	-0.903833	-147.826163
71	0.041485	750	-0.919159	-148.745323
72	0.037880	750	-0.857408	-149.602731
73	0.034469	750	-0.812737	-150.415468
74	0.031250	750	-0.776911	-151.192379
75	0.028218	750	-0.722186	-151.914565
76	0.025370	750	-0.697859	-152.612424
77	0.022702	750	-0.667790	-153.280214
78	0.020209	750	-0.638744	-153.918958
79	0.017889	750	-0.616342	-154.535300
80	0.015736	750	-0.582332	-155.117632
81	0.013746	750	-0.535760	-155.653393
82	0.011916	750	-0.493825	-156.147217
83	0.010240	750	-0.466840	-156.614057
84	0.008714	750	-0.435680	-157.049737
85	0.007334	750	-0.377202	-157.426939
86	0.006093	750	-0.349406	-157.776345
87	0.004988	750	-0.330909	-158.107254
88	0.004013	750	-0.306389	-158.413643
89	0.003162	750	-0.247332	-158.660975
90	0.002430	750	-0.232274	-158.893249
91	0.001810	750	-0.206523	-159.099772
92	0.001296	750	-0.162046	-159.261818
93	0.000882	750	-0.145948	-159.407766
94	0.000559	750	-0.105448	-159.513214
95	0.000320	750	-0.084278	-159.597492
96	0.000156	750	-0.052591	-159.650083
97	0.000057	750	-0.035928	-159.686011
98	0.000010	750	-0.015900	-159.701911
99	0.000000	750	-0.003374	-159.705285
Log marginal likelihood:	-159.705285
0	0.975187	750	-3.927229	-3.927229
1	0.950747	750	-3.865921	-7.793150
2	0.926679	750	-3.778234	-11.571384
3	0.902980	750	-3.732839	-15.304223
4	0.879648	750	-3.674065	-18.978288
5	0.856682	750	-3.614961	-22.593250
6	0.834079	750	-3.576934	-26.170184
7	0.811838	750	-3.525145	-29.695329
8	0.789957	750	-3.461054	-33.156383
9	0.768433	750	-3.412740	-36.569123
10	0.747266	750	-3.364252	-39.933375
11	0.726452	750	-3.322082	-43.255457
12	0.705989	750	-3.240050	-46.495507
13	0.685877	750	-3.194198	-49.689705
14	0.666112	750	-3.131494	-52.821199
15	0.646693	750	-3.095248	-55.916447
16	0.627618	750	-3.030220	-58.946667
17	0.608884	750	-2.972825	-61.919492
18	0.590490	750	-2.931909	-64.851400
19	0.572433	750	-2.881988	-67.733388
20	0.554712	750	-2.821424	-70.554812
21	0.537324	750	-2.792172	-73.346984
22	0.520268	750	-2.719212	-76.066196
23	0.503540	750	-2.675364	-78.741561
24	0.487139	750	-2.639445	-81.381006
25	0.471063	750	-2.568123	-83.949129
26	0.455310	750	-2.549417	-86.498546
27	0.439877	750	-2.483683	-88.982229
28	0.424762	750	-2.415557	-91.397786
29	0.409963	750	-2.405327	-93.803114
30	0.395478	750	-2.334575	-96.137689
31	0.381305	750	-2.275741	-98.413430
32	0.367440	750	-2.239662	-100.653092
33	0.353883	750	-2.204845	-102.857937
34	0.340630	750	-2.136594	-104.994531
35	0.327680	750	-2.134171	-107.128702
36	0.315030	750	-2.084810	-109.213512
37	0.302677	750	-2.009635	-111.223146
38	0.290619	750	-1.979425	-113.202572
39	0.278855	750	-1.967333	-115.169905
40	0.267381	750	-1.928210	-117.098115
41	0.256195	750	-1.910360	-119.008475
42	0.245294	750	-1.889173	-120.897648
43	0.234677	750	-1.770753	-122.668401
44	0.224340	750	-1.774079	-124.442480
45	0.214281	750	-1.848507	-126.290987
46	0.204498	750	-1.689426	-127.980413
47	0.194988	750	-1.599536	-129.579950
48	0.185749	750	-1.826287	-131.406236
49	0.176777	750	-1.628435	-133.034672
50	0.168070	750	-1.767339	-134.802011
51	0.159626	750	-1.635122	-136.437133
52	0.151441	750	-1.576051	-138.013184
53	0.143514	750	-1.597332	-139.610516
54	0.135841	750	-1.659330	-141.269846
55	0.128420	750	-1.598737	-142.868583
56	0.121247	750	-1.590321	-144.458904
57	0.114320	750	-1.528090	-145.986994
58	0.107637	750	-1.568260	-147.555254
59	0.101193	750	-1.453046	-149.008301
60	0.094986	750	-1.479027	-150.487327
61	0.089014	750	-1.373924	-151.861251
62	0.083273	750	-1.346975	-153.208226
63	0.077760	750	-1.255032	-154.463258
64	0.072472	750	-1.252803	-155.716061
65	0.067406	750	-1.218681	-156.934742
66	0.062558	750	-1.158376	-158.093117
67	0.057926	750	-1.096618	-159.189736
68	0.053506	750	-1.035949	-160.225684
69	0.049295	750	-0.993235	-161.218920
70	0.045289	750	-0.973674	-162.192594
71	0.041485	750	-0.934180	-163.126774
72	0.037880	750	-0.870863	-163.997637
73	0.034469	750	-0.835788	-164.833425
74	0.031250	750	-0.806369	-165.639794
75	0.028218	750	-0.776821	-166.416615
76	0.025370	750	-0.711417	-167.128032
77	0.022702	750	-0.690600	-167.818632
78	0.020209	750	-0.653114	-168.471745
79	0.017889	750	-0.615867	-169.087613
80	0.015736	750	-0.584195	-169.671808
81	0.013746	750	-0.549508	-170.221316
82	0.011916	750	-0.500247	-170.721563
83	0.010240	750	-0.453021	-171.174584
84	0.008714	750	-0.431532	-171.606115
85	0.007334	750	-0.414949	-172.021064
86	0.006093	750	-0.360370	-172.381435
87	0.004988	750	-0.333842	-172.715277
88	0.004013	750	-0.287539	-173.002816
89	0.003162	750	-0.263284	-173.266100
90	0.002430	750	-0.251658	-173.517758
91	0.001810	750	-0.232943	-173.750701
92	0.001296	750	-0.177271	-173.927972
93	0.000882	750	-0.146495	-174.074467
94	0.000559	750	-0.112910	-174.187377
95	0.000320	750	-0.080900	-174.268277
96	0.000156	750	-0.074173	-174.342450
97	0.000057	750	-0.037120	-174.379570
98	0.000010	750	-0.017036	-174.396606
99	0.000000	750	-0.003657	-174.400263
Log marginal likelihood:	-174.400263
0	0.975187	750	-3.656733	-3.656733
1	0.950747	750	-3.610534	-7.267266
2	0.926679	750	-3.577395	-10.844661
3	0.902980	750	-3.500744	-14.345405
4	0.879648	750	-3.433908	-17.779313
5	0.856682	750	-3.398532	-21.177845
6	0.834079	750	-3.339808	-24.517653
7	0.811838	750	-3.301394	-27.819047
8	0.789957	750	-3.219939	-31.038986
9	0.768433	750	-3.184111	-34.223098
10	0.747266	750	-3.138720	-37.361817
11	0.726452	750	-3.093056	-40.454873
12	0.705989	750	-3.018197	-43.473070
13	0.685877	750	-2.984119	-46.457189
14	0.666112	750	-2.949218	-49.406408
15	0.646693	750	-2.909882	-52.316289
16	0.627618	750	-2.839325	-55.155614
17	0.608884	750	-2.795446	-57.951060
18	0.590490	750	-2.745467	-60.696527
19	0.572433	750	-2.716898	-63.413426
20	0.554712	750	-2.667721	-66.081147
21	0.537324	750	-2.591091	-68.672238
22	0.520268	750	-2.552002	-71.224240
23	0.503540	750	-2.491167	-73.715407
24	0.487139	750	-2.470770	-76.186177
25	0.471063	750	-2.409752	-78.595930
26	0.455310	750	-2.365160	-80.961089
27	0.439877	750	-2.340278	-83.301368
28	0.424762	750	-2.273314	-85.574681
29	0.409963	750	-2.225633	-87.800314
30	0.395478	750	-2.182019	-89.982333
31	0.381305	750	-2.138815	-92.121149
32	0.367440	750	-2.103035	-94.224184
33	0.353883	750	-2.068156	-96.292340
34	0.340630	750	-1.998898	-98.291238
35	0.327680	750	-1.980737	-100.271975
36	0.315030	750	-1.932343	-102.204318
37	0.302677	750	-1.917353	-104.121671
38	0.290619	750	-1.845714	-105.967385
39	0.278855	750	-1.796517	-107.763901
40	0.267381	750	-1.799906	-109.563808
41	0.256195	750	-1.744101	-111.307909
42	0.245294	750	-1.703733	-113.011642
43	0.234677	750	-1.672713	-114.684355
44	0.224340	750	-1.668090	-116.352446
45	0.214281	750	-1.636125	-117.988570
46	0.204498	750	-1.763843	-119.752413
47	0.194988	750	-1.489710	-121.242123
48	0.185749	750	-1.471647	-122.713769
49	0.176777	750	-1.432166	-124.145935
50	0.168070	750	-1.450561	-125.596496
51	0.159626	750	-1.514934	-127.111430
52	0.151441	750	-1.370366	-128.481796
53	0.143514	750	-1.466931	-129.948727
54	0.135841	750	-1.266610	-131.215337
55	0.128420	750	-1.397950	-132.613287
56	0.121247	750	-1.298507	-133.911794
57	0.114320	750	-1.406371	-135.318165
58	0.107637	750	-1.290439	-136.608605
59	0.101193	750	-1.142826	-137.751430
60	0.094986	750	-1.292610	-139.044040
61	0.089014	750	-1.276387	-140.320428
62	0.083273	750	-1.261358	-141.581786
63	0.077760	750	-1.184043	-142.765829
64	0.072472	750	-1.178510	-143.944339
65	0.067406	750	-1.089539	-145.033878
66	0.062558	750	-1.122991	-146.156870
67	0.057926	750	-1.056770	-147.213640
68	0.053506	750	-1.015192	-148.228832
69	0.049295	750	-0.957744	-149.186576
70	0.045289	750	-0.958686	-150.145261
71	0.041485	750	-0.905948	-151.051209
72	0.037880	750	-0.832734	-151.883944
73	0.034469	750	-0.845105	-152.729049
74	0.031250	750	-0.795548	-153.524596
75	0.028218	750	-0.763066	-154.287663
76	0.025370	750	-0.720181	-155.007843
77	0.022702	750	-0.682418	-155.690262
78	0.020209	750	-0.626375	-156.316636
79	0.017889	750	-0.622788	-156.939425
80	0.015736	750	-0.567793	-157.507218
81	0.013746	750	-0.519242	-158.026460
82	0.011916	750	-0.505946	-158.532406
83	0.010240	750	-0.465441	-158.997848
84	0.008714	750	-0.441509	-159.439357
85	0.007334	750	-0.410015	-159.849372
86	0.006093	750	-0.361586	-160.210958
87	0.004988	750	-0.338236	-160.549195
88	0.004013	750	-0.331429	-160.880624
89	0.003162	750	-0.290012	-161.170635
90	0.002430	750	-0.241232	-161.411867
91	0.001810	750	-0.224298	-161.636165
92	0.001296	750	-0.192697	-161.828862
93	0.000882	750	-0.143102	-161.971964
94	0.000559	750	-0.124334	-162.096298
95	0.000320	750	-0.083574	-162.179872
96	0.000156	750	-0.056443	-162.236314
97	0.000057	750	-0.038797	-162.275111
98	0.000010	750	-0.016675	-162.291786
99	0.000000	750	-0.003723	-162.295509
Log marginal likelihood:	-162.295509
0	0.975187	750	-4.304106	-4.304106
1	0.950747	750	-4.242055	-8.546161
2	0.926679	750	-4.170629	-12.716790
3	0.902980	750	-4.119412	-16.836202
4	0.879648	750	-4.044481	-20.880683
5	0.856682	750	-3.984011	-24.864694
6	0.834079	750	-3.940019	-28.804713
7	0.811838	750	-3.867389	-32.672102
8	0.789957	750	-3.802389	-36.474491
9	0.768433	750	-3.752844	-40.227335
10	0.747266	750	-3.689009	-43.916345
11	0.726452	750	-3.636523	-47.552868
12	0.705989	750	-3.556429	-51.109297
13	0.685877	750	-3.502418	-54.611715
14	0.666112	750	-3.438385	-58.050100
15	0.646693	750	-3.390614	-61.440714
16	0.627618	750	-3.327994	-64.768708
17	0.608884	750	-3.268828	-68.037537
18	0.590490	750	-3.206092	-71.243629
19	0.572433	750	-3.169163	-74.412792
20	0.554712	750	-3.098355	-77.511147
21	0.537324	750	-3.049005	-80.560152
22	0.520268	750	-2.984858	-83.545010
23	0.503540	750	-2.943707	-86.488717
24	0.487139	750	-2.874387	-89.363104
25	0.471063	750	-2.821928	-92.185032
26	0.455310	750	-2.761940	-94.946972
27	0.439877	750	-2.728174	-97.675146
28	0.424762	750	-2.674511	-100.349658
29	0.409963	750	-2.612155	-102.961813
30	0.395478	750	-2.562718	-105.524531
31	0.381305	750	-2.501065	-108.025596
32	0.367440	750	-2.438366	-110.463962
33	0.353883	750	-2.408640	-112.872602
34	0.340630	750	-2.344816	-115.217418
35	0.327680	750	-2.313588	-117.531006
36	0.315030	750	-2.267522	-119.798528
37	0.302677	750	-2.199056	-121.997585
38	0.290619	750	-2.209797	-124.207382
39	0.278855	750	-2.104612	-126.311993
40	0.267381	750	-2.051208	-128.363201
41	0.256195	750	-2.150987	-130.514188
42	0.245294	750	-2.003845	-132.518033
43	0.234677	750	-1.953547	-134.471579
44	0.224340	750	-1.954625	-136.426204
45	0.214281	750	-1.906905	-138.333109
46	0.204498	750	-2.007743	-140.340852
47	0.194988	750	-1.869147	-142.209999
48	0.185749	750	-1.889030	-144.099028
49	0.176777	750	-1.949336	-146.048364
50	0.168070	750	-1.916934	-147.965298
51	0.159626	750	-1.885440	-149.850739
52	0.151441	750	-1.711916	-151.562654
53	0.143514	750	-1.708702	-153.271356
54	0.135841	750	-1.619108	-154.890464
55	0.128420	750	-1.712885	-156.603349
56	0.121247	750	-1.668211	-158.271560
57	0.114320	750	-1.623625	-159.895186
58	0.107637	750	-1.464265	-161.359451
59	0.101193	750	-1.508172	-162.867623
60	0.094986	750	-1.477916	-164.345539
61	0.089014	750	-1.350912	-165.696452
62	0.083273	750	-1.337065	-167.033516
63	0.077760	750	-1.330901	-168.364417
64	0.072472	750	-1.258751	-169.623168
65	0.067406	750	-1.233750	-170.856917
66	0.062558	750	-1.189265	-172.046182
67	0.057926	750	-1.115699	-173.161881
68	0.053506	750	-1.052770	-174.214651
69	0.049295	750	-1.048614	-175.263265
70	0.045289	750	-0.985162	-176.248427
71	0.041485	750	-0.935178	-177.183605
72	0.037880	750	-0.890565	-178.074170
73	0.034469	750	-0.855572	-178.929742
74	0.031250	750	-0.846279	-179.776020
75	0.028218	750	-0.781705	-180.557725
76	0.025370	750	-0.765723	-181.323448
77	0.022702	750	-0.703973	-182.027421
78	0.020209	750	-0.665745	-182.693165
79	0.017889	750	-0.625564	-183.318729
80	0.015736	750	-0.577161	-183.895890
81	0.013746	750	-0.546434	-184.442324
82	0.011916	750	-0.532713	-184.975037
83	0.010240	750	-0.484107	-185.459144
84	0.008714	750	-0.438045	-185.897189
85	0.007334	750	-0.395530	-186.292719
86	0.006093	750	-0.367137	-186.659856
87	0.004988	750	-0.355007	-187.014863
88	0.004013	750	-0.342037	-187.356900
89	0.003162	750	-0.267022	-187.623923
90	0.002430	750	-0.248820	-187.872743
91	0.001810	750	-0.227467	-188.100210
92	0.001296	750	-0.196705	-188.296915
93	0.000882	750	-0.163621	-188.460536
94	0.000559	750	-0.107602	-188.568137
95	0.000320	750	-0.084829	-188.652966
96	0.000156	750	-0.062117	-188.715084
97	0.000057	750	-0.037385	-188.752469
98	0.000010	750	-0.018183	-188.770652
99	0.000000	750	-0.003470	-188.774121
Log marginal likelihood:	-188.774121
0	0.975187	750	-4.018054	-4.018054
1	0.950747	750	-3.957768	-7.975822
2	0.926679	750	-3.914098	-11.889920
3	0.902980	750	-3.845266	-15.735186
4	0.879648	750	-3.789766	-19.524952
5	0.856682	750	-3.719945	-23.244897
6	0.834079	750	-3.675753	-26.920650
7	0.811838	750	-3.608634	-30.529284
8	0.789957	750	-3.559692	-34.088976
9	0.768433	750	-3.505639	-37.594615
10	0.747266	750	-3.446169	-41.040783
11	0.726452	750	-3.388291	-44.429074
12	0.705989	750	-3.336585	-47.765659
13	0.685877	750	-3.288584	-51.054243
14	0.666112	750	-3.225538	-54.279781
15	0.646693	750	-3.169251	-57.449032
16	0.627618	750	-3.119547	-60.568579
17	0.608884	750	-3.068427	-63.637006
18	0.590490	750	-3.011796	-66.648802
19	0.572433	750	-2.958942	-69.607744
20	0.554712	750	-2.906375	-72.514118
21	0.537324	750	-2.855724	-75.369842
22	0.520268	750	-2.811033	-78.180875
23	0.503540	750	-2.752256	-80.933131
24	0.487139	750	-2.699024	-83.632154
25	0.471063	750	-2.656698	-86.288853
26	0.455310	750	-2.592468	-88.881321
27	0.439877	750	-2.558877	-91.440198
28	0.424762	750	-2.498809	-93.939007
29	0.409963	750	-2.455782	-96.394790
30	0.395478	750	-2.382622	-98.777412
31	0.381305	750	-2.369232	-101.146644
32	0.367440	750	-2.295348	-103.441991
33	0.353883	750	-2.274729	-105.716720
34	0.340630	750	-2.213118	-107.929839
35	0.327680	750	-2.174049	-110.103888
36	0.315030	750	-2.107302	-112.211189
37	0.302677	750	-2.212392	-114.423582
38	0.290619	750	-2.193743	-116.617325
39	0.278855	750	-2.001120	-118.618445
40	0.267381	750	-2.050920	-120.669365
41	0.256195	750	-2.011097	-122.680462
42	0.245294	750	-1.949214	-124.629677
43	0.234677	750	-1.817571	-126.447248
44	0.224340	750	-1.846082	-128.293329
45	0.214281	750	-1.711649	-130.004978
46	0.204498	750	-1.666639	-131.671618
47	0.194988	750	-1.682921	-133.354538
48	0.185749	750	-1.731111	-135.085650
49	0.176777	750	-1.666369	-136.752019
50	0.168070	750	-1.530815	-138.282834
51	0.159626	750	-1.846523	-140.129357
52	0.151441	750	-1.640140	-141.769497
53	0.143514	750	-1.664651	-143.434148
54	0.135841	750	-1.455724	-144.889872
55	0.128420	750	-1.503222	-146.393093
56	0.121247	750	-1.600191	-147.993284
57	0.114320	750	-1.497798	-149.491082
58	0.107637	750	-1.372453	-150.863535
59	0.101193	750	-1.437598	-152.301134
60	0.094986	750	-1.353018	-153.654152
61	0.089014	750	-1.286155	-154.940307
62	0.083273	750	-1.300151	-156.240457
63	0.077760	750	-1.169827	-157.410285
64	0.072472	750	-1.181512	-158.591797
65	0.067406	750	-1.165354	-159.757152
66	0.062558	750	-1.105435	-160.862587
67	0.057926	750	-1.079548	-161.942135
68	0.053506	750	-1.065557	-163.007692
69	0.049295	750	-1.001398	-164.009090
70	0.045289	750	-0.949624	-164.958714
71	0.041485	750	-0.889954	-165.848668
72	0.037880	750	-0.866365	-166.715033
73	0.034469	750	-0.831754	-167.546787
74	0.031250	750	-0.799120	-168.345907
75	0.028218	750	-0.731615	-169.077522
76	0.025370	750	-0.706546	-169.784068
77	0.022702	750	-0.694612	-170.478679
78	0.020209	750	-0.619870	-171.098549
79	0.017889	750	-0.596536	-171.695085
80	0.015736	750	-0.563577	-172.258662
81	0.013746	750	-0.521503	-172.780165
82	0.011916	750	-0.521733	-173.301898
83	0.010240	750	-0.461755	-173.763653
84	0.008714	750	-0.431188	-174.194841
85	0.007334	750	-0.418743	-174.613584
86	0.006093	750	-0.366036	-174.979619
87	0.004988	750	-0.306199	-175.285818
88	0.004013	750	-0.304589	-175.590406
89	0.003162	750	-0.268936	-175.859342
90	0.002430	750	-0.243248	-176.102590
91	0.001810	750	-0.209996	-176.312587
92	0.001296	750	-0.167200	-176.479786
93	0.000882	750	-0.147409	-176.627195
94	0.000559	750	-0.120556	-176.747751
95	0.000320	750	-0.081039	-176.828790
96	0.000156	750	-0.056866	-176.885656
97	0.000057	750	-0.037355	-176.923011
98	0.000010	750	-0.017819	-176.940831
99	0.000000	750	-0.003630	-176.944461
Log marginal likelihood:	-176.944461
0	0.975187	750	-3.802486	-3.802486
1	0.950747	750	-3.750200	-7.552686
2	0.926679	750	-3.687534	-11.240220
3	0.902980	750	-3.654322	-14.894542
4	0.879648	750	-3.595507	-18.490048
5	0.856682	750	-3.531585	-22.021633
6	0.834079	750	-3.478906	-25.500539
7	0.811838	750	-3.434212	-28.934751
8	0.789957	750	-3.351565	-32.286316
9	0.768433	750	-3.312293	-35.598609
10	0.747266	750	-3.266510	-38.865119
11	0.726452	750	-3.215388	-42.080507
12	0.705989	750	-3.153073	-45.233580
13	0.685877	750	-3.099592	-48.333171
14	0.666112	750	-3.044403	-51.377574
15	0.646693	750	-2.999193	-54.376767
16	0.627618	750	-2.952846	-57.329613
17	0.608884	750	-2.894515	-60.224129
18	0.590490	750	-2.839703	-63.063831
19	0.572433	750	-2.804943	-65.868775
20	0.554712	750	-2.749282	-68.618056
21	0.537324	750	-2.695133	-71.313189
22	0.520268	750	-2.643070	-73.956259
23	0.503540	750	-2.590127	-76.546386
24	0.487139	750	-2.540151	-79.086537
25	0.471063	750	-2.490116	-81.576653
26	0.455310	750	-2.448886	-84.025540
27	0.439877	750	-2.411395	-86.436935
28	0.424762	750	-2.365475	-88.802410
29	0.409963	750	-2.310418	-91.112828
30	0.395478	750	-2.276147	-93.388975
31	0.381305	750	-2.203215	-95.592190
32	0.367440	750	-2.170042	-97.762232
33	0.353883	750	-2.133997	-99.896229
34	0.340630	750	-2.072949	-101.969177
35	0.327680	750	-2.036530	-104.005707
36	0.315030	750	-1.978751	-105.984458
37	0.302677	750	-1.980125	-107.964583
38	0.290619	750	-1.909883	-109.874466
39	0.278855	750	-1.869647	-111.744113
40	0.267381	750	-1.824001	-113.568114
41	0.256195	750	-1.778102	-115.346217
42	0.245294	750	-1.742207	-117.088424
43	0.234677	750	-1.699266	-118.787690
44	0.224340	750	-1.732798	-120.520489
45	0.214281	750	-1.703079	-122.223567
46	0.204498	750	-1.671195	-123.894762
47	0.194988	750	-1.590341	-125.485103
48	0.185749	750	-1.514407	-126.999510
49	0.176777	750	-1.478728	-128.478238
50	0.168070	750	-1.483664	-129.961902
51	0.159626	750	-1.445627	-131.407528
52	0.151441	750	-1.489447	-132.896975
53	0.143514	750	-1.347521	-134.244496
54	0.135841	750	-1.501107	-135.745604
55	0.128420	750	-1.511936	-137.257539
56	0.121247	750	-1.416441	-138.673980
57	0.114320	750	-1.459541	-140.133521
58	0.107637	750	-1.304653	-141.438175
59	0.101193	750	-1.301983	-142.740158
60	0.094986	750	-1.317090	-144.057247
61	0.089014	750	-1.250422	-145.307670
62	0.083273	750	-1.192466	-146.500136
63	0.077760	750	-1.255029	-147.755164
64	0.072472	750	-1.159902	-148.915066
65	0.067406	750	-1.179282	-150.094349
66	0.062558	750	-1.078074	-151.172423
67	0.057926	750	-1.074032	-152.246455
68	0.053506	750	-1.056341	-153.302796
69	0.049295	750	-0.978895	-154.281691
70	0.045289	750	-0.950376	-155.232067
71	0.041485	750	-0.934904	-156.166971
72	0.037880	750	-0.882199	-157.049170
73	0.034469	750	-0.832415	-157.881585
74	0.031250	750	-0.810986	-158.692572
75	0.028218	750	-0.747066	-159.439637
76	0.025370	750	-0.693238	-160.132875
77	0.022702	750	-0.682478	-160.815353
78	0.020209	750	-0.654159	-161.469512
79	0.017889	750	-0.622419	-162.091931
80	0.015736	750	-0.580152	-162.672083
81	0.013746	750	-0.545352	-163.217435
82	0.011916	750	-0.510478	-163.727913
83	0.010240	750	-0.456417	-164.184330
84	0.008714	750	-0.426666	-164.610996
85	0.007334	750	-0.408386	-165.019382
86	0.006093	750	-0.353590	-165.372972
87	0.004988	750	-0.328803	-165.701775
88	0.004013	750	-0.283826	-165.985601
89	0.003162	750	-0.271462	-166.257063
90	0.002430	750	-0.228834	-166.485897
91	0.001810	750	-0.212785	-166.698682
92	0.001296	750	-0.164795	-166.863477
93	0.000882	750	-0.148398	-167.011875
94	0.000559	750	-0.114364	-167.126239
95	0.000320	750	-0.081354	-167.207593
96	0.000156	750	-0.063275	-167.270868
97	0.000057	750	-0.036160	-167.307028
98	0.000010	750	-0.017595	-167.324623
99	0.000000	750	-0.003379	-167.328003
Log marginal likelihood:	-167.328003
0	0.975187	750	-4.078304	-4.078304
1	0.950747	750	-3.969145	-8.047448
2	0.926679	750	-3.920185	-11.967633
3	0.902980	750	-3.874442	-15.842075
4	0.879648	750	-3.805835	-19.647911
5	0.856682	750	-3.745179	-23.393089
6	0.834079	750	-3.693841	-27.086930
7	0.811838	750	-3.618564	-30.705495
8	0.789957	750	-3.617202	-34.322696
9	0.768433	750	-3.527045	-37.849742
10	0.747266	750	-3.474139	-41.323881
11	0.726452	750	-3.439061	-44.762942
12	0.705989	750	-3.368131	-48.131074
13	0.685877	750	-3.321427	-51.452501
14	0.666112	750	-3.257863	-54.710364
15	0.646693	750	-3.184267	-57.894631
16	0.627618	750	-3.145227	-61.039858
17	0.608884	750	-3.099143	-64.139002
18	0.590490	750	-3.025829	-67.164831
19	0.572433	750	-2.978066	-70.142897
20	0.554712	750	-2.919729	-73.062626
21	0.537324	750	-2.868158	-75.930784
22	0.520268	750	-2.805068	-78.735852
23	0.503540	750	-2.762576	-81.498428
24	0.487139	750	-2.733060	-84.231487
25	0.471063	750	-2.665775	-86.897262
26	0.455310	750	-2.632081	-89.529343
27	0.439877	750	-2.562802	-92.092145
28	0.424762	750	-2.526464	-94.618609
29	0.409963	750	-2.459209	-97.077818
30	0.395478	750	-2.419368	-99.497186
31	0.381305	750	-2.412728	-101.909914
32	0.367440	750	-2.336102	-104.246016
33	0.353883	750	-2.279561	-106.525577
34	0.340630	750	-2.244606	-108.770183
35	0.327680	750	-2.273717	-111.043900
36	0.315030	750	-2.168399	-113.212300
37	0.302677	750	-2.204416	-115.416716
38	0.290619	750	-2.044818	-117.461533
39	0.278855	750	-2.067965	-119.529499
40	0.267381	750	-2.064142	-121.593641
41	0.256195	750	-1.913259	-123.506900
42	0.245294	750	-1.937728	-125.444628
43	0.234677	750	-1.928848	-127.373476
44	0.224340	750	-1.826422	-129.199897
45	0.214281	750	-1.745611	-130.945509
46	0.204498	750	-1.832216	-132.777725
47	0.194988	750	-1.814881	-134.592606
48	0.185749	750	-1.737863	-136.330469
49	0.176777	750	-1.647586	-137.978055
50	0.168070	750	-1.666273	-139.644327
51	0.159626	750	-1.681476	-141.325803
52	0.151441	750	-1.556795	-142.882598
53	0.143514	750	-1.567343	-144.449942
54	0.135841	750	-1.609006	-146.058948
55	0.128420	750	-1.589285	-147.648234
56	0.121247	750	-1.531055	-149.179288
57	0.114320	750	-1.472942	-150.652230
58	0.107637	750	-1.459024	-152.111253
59	0.101193	750	-1.344001	-153.455254
60	0.094986	750	-1.320307	-154.775562
61	0.089014	750	-1.307080	-156.082641
62	0.083273	750	-1.265382	-157.348023
63	0.077760	750	-1.211871	-158.559895
64	0.072472	750	-1.189563	-159.749458
65	0.067406	750	-1.131127	-160.880585
66	0.062558	750	-1.121833	-162.002419
67	0.057926	750	-1.054451	-163.056870
68	0.053506	750	-1.052988	-164.109857
69	0.049295	750	-0.994357	-165.104215
70	0.045289	750	-0.924306	-166.028521
71	0.041485	750	-0.894655	-166.923176
72	0.037880	750	-0.852936	-167.776112
73	0.034469	750	-0.837146	-168.613257
74	0.031250	750	-0.762490	-169.375747
75	0.028218	750	-0.734381	-170.110128
76	0.025370	750	-0.698395	-170.808523
77	0.022702	750	-0.650709	-171.459232
78	0.020209	750	-0.646408	-172.105640
79	0.017889	750	-0.585993	-172.691633
80	0.015736	750	-0.565888	-173.257521
81	0.013746	750	-0.527852	-173.785373
82	0.011916	750	-0.485963	-174.271336
83	0.010240	750	-0.468222	-174.739558
84	0.008714	750	-0.432806	-175.172364
85	0.007334	750	-0.400941	-175.573305
86	0.006093	750	-0.344381	-175.917687
87	0.004988	750	-0.334683	-176.252370
88	0.004013	750	-0.284018	-176.536387
89	0.003162	750	-0.258477	-176.794865
90	0.002430	750	-0.227237	-177.022102
91	0.001810	750	-0.213566	-177.235668
92	0.001296	750	-0.169855	-177.405523
93	0.000882	750	-0.135294	-177.540817
94	0.000559	750	-0.105526	-177.646344
95	0.000320	750	-0.080081	-177.726425
96	0.000156	750	-0.060469	-177.786893
97	0.000057	750	-0.034363	-177.821256
98	0.000010	750	-0.016964	-177.838221
99	0.000000	750	-0.003573	-177.841794
Log marginal likelihood:	-177.841794
0	0.975187	750	-3.884646	-3.884646
1	0.950747	750	-3.822090	-7.706736
2	0.926679	750	-3.765884	-11.472620
3	0.902980	750	-3.706889	-15.179509
4	0.879648	750	-3.646827	-18.826337
5	0.856682	750	-3.593333	-22.419670
6	0.834079	750	-3.539101	-25.958771
7	0.811838	750	-3.479473	-29.438244
8	0.789957	750	-3.432797	-32.871041
9	0.768433	750	-3.369981	-36.241022
10	0.747266	750	-3.315327	-39.556349
11	0.726452	750	-3.258022	-42.814371
12	0.705989	750	-3.208741	-46.023112
13	0.685877	750	-3.161222	-49.184334
14	0.666112	750	-3.095696	-52.280030
15	0.646693	750	-3.051673	-55.331703
16	0.627618	750	-2.994436	-58.326139
17	0.608884	750	-2.948644	-61.274783
18	0.590490	750	-2.911986	-64.186769
19	0.572433	750	-2.854047	-67.040816
20	0.554712	750	-2.791873	-69.832690
21	0.537324	750	-2.740883	-72.573573
22	0.520268	750	-2.698322	-75.271895
23	0.503540	750	-2.641482	-77.913377
24	0.487139	750	-2.589214	-80.502591
25	0.471063	750	-2.546187	-83.048778
26	0.455310	750	-2.490204	-85.538982
27	0.439877	750	-2.447974	-87.986956
28	0.424762	750	-2.399730	-90.386686
29	0.409963	750	-2.361115	-92.747801
30	0.395478	750	-2.305636	-95.053437
31	0.381305	750	-2.252841	-97.306278
32	0.367440	750	-2.212585	-99.518863
33	0.353883	750	-2.165462	-101.684326
34	0.340630	750	-2.109699	-103.794025
35	0.327680	750	-2.074234	-105.868259
36	0.315030	750	-2.055381	-107.923640
37	0.302677	750	-2.004614	-109.928254
38	0.290619	750	-1.946548	-111.874803
39	0.278855	750	-1.938684	-113.813487
40	0.267381	750	-1.868588	-115.682075
41	0.256195	750	-1.850656	-117.532731
42	0.245294	750	-1.814910	-119.347641
43	0.234677	750	-1.781929	-121.129570
44	0.224340	750	-1.805243	-122.934813
45	0.214281	750	-1.754180	-124.688993
46	0.204498	750	-1.752930	-126.441922
47	0.194988	750	-1.662039	-128.103962
48	0.185749	750	-1.639560	-129.743522
49	0.176777	750	-1.545798	-131.289320
50	0.168070	750	-1.501525	-132.790845
51	0.159626	750	-1.571520	-134.362365
52	0.151441	750	-1.537146	-135.899511
53	0.143514	750	-1.548969	-137.448480
54	0.135841	750	-1.619370	-139.067850
55	0.128420	750	-1.476710	-140.544561
56	0.121247	750	-1.383086	-141.927647
57	0.114320	750	-1.489486	-143.417133
58	0.107637	750	-1.459959	-144.877093
59	0.101193	750	-1.408367	-146.285460
60	0.094986	750	-1.268257	-147.553716
61	0.089014	750	-1.284852	-148.838568
62	0.083273	750	-1.283310	-150.121878
63	0.077760	750	-1.251998	-151.373876
64	0.072472	750	-1.170170	-152.544046
65	0.067406	750	-1.151143	-153.695189
66	0.062558	750	-1.108272	-154.803460
67	0.057926	750	-1.099423	-155.902883
68	0.053506	750	-0.994154	-156.897038
69	0.049295	750	-1.004323	-157.901361
70	0.045289	750	-0.937049	-158.838409
71	0.041485	750	-0.878196	-159.716606
72	0.037880	750	-0.889349	-160.605954
73	0.034469	750	-0.815730	-161.421685
74	0.031250	750	-0.781457	-162.203142
75	0.028218	750	-0.748779	-162.951921
76	0.025370	750	-0.720174	-163.672095
77	0.022702	750	-0.673198	-164.345293
78	0.020209	750	-0.645100	-164.990394
79	0.017889	750	-0.614958	-165.605352
80	0.015736	750	-0.559616	-166.164968
81	0.013746	750	-0.522997	-166.687964
82	0.011916	750	-0.516483	-167.204447
83	0.010240	750	-0.462099	-167.666547
84	0.008714	750	-0.426360	-168.092907
85	0.007334	750	-0.378761	-168.471668
86	0.006093	750	-0.358706	-168.830374
87	0.004988	750	-0.327977	-169.158350
88	0.004013	750	-0.294386	-169.452736
89	0.003162	750	-0.271697	-169.724434
90	0.002430	750	-0.246630	-169.971064
91	0.001810	750	-0.198732	-170.169795
92	0.001296	750	-0.176889	-170.346685
93	0.000882	750	-0.145252	-170.491936
94	0.000559	750	-0.112654	-170.604591
95	0.000320	750	-0.076422	-170.681012
96	0.000156	750	-0.056872	-170.737884
97	0.000057	750	-0.035245	-170.773130
98	0.000010	750	-0.015663	-170.788793
99	0.000000	750	-0.003941	-170.792733
Log marginal likelihood:	-170.792733
0	0.975187	750	-4.174937	-4.174937
1	0.950747	750	-4.121968	-8.296905
2	0.926679	750	-4.053862	-12.350767
3	0.902980	750	-3.996376	-16.347143
4	0.879648	750	-3.930904	-20.278047
5	0.856682	750	-3.868363	-24.146410
6	0.834079	750	-3.806893	-27.953303
7	0.811838	750	-3.759518	-31.712821
8	0.789957	750	-3.688135	-35.400956
9	0.768433	750	-3.641178	-39.042134
10	0.747266	750	-3.563532	-42.605666
11	0.726452	750	-3.523144	-46.128809
12	0.705989	750	-3.456348	-49.585158
13	0.685877	750	-3.403443	-52.988601
14	0.666112	750	-3.337071	-56.325672
15	0.646693	750	-3.283834	-59.609506
16	0.627618	750	-3.226856	-62.836361
17	0.608884	750	-3.169943	-66.006304
18	0.590490	750	-3.124948	-69.131252
19	0.572433	750	-3.068138	-72.199390
20	0.554712	750	-3.021591	-75.220981
21	0.537324	750	-2.948947	-78.169928
22	0.520268	750	-2.886645	-81.056573
23	0.503540	750	-2.836741	-83.893314
24	0.487139	750	-2.797250	-86.690564
25	0.471063	750	-2.741807	-89.432371
26	0.455310	750	-2.706924	-92.139295
27	0.439877	750	-2.648174	-94.787469
28	0.424762	750	-2.575231	-97.362700
29	0.409963	750	-2.539135	-99.901835
30	0.395478	750	-2.487267	-102.389102
31	0.381305	750	-2.434404	-104.823506
32	0.367440	750	-2.369911	-107.193417
33	0.353883	750	-2.350497	-109.543914
34	0.340630	750	-2.276447	-111.820362
35	0.327680	750	-2.291971	-114.112333
36	0.315030	750	-2.205689	-116.318022
37	0.302677	750	-2.139643	-118.457665
38	0.290619	750	-2.095369	-120.553034
39	0.278855	750	-2.061596	-122.614630
40	0.267381	750	-2.024288	-124.638918
41	0.256195	750	-1.963957	-126.602874
42	0.245294	750	-2.086240	-128.689114
43	0.234677	750	-1.863122	-130.552236
44	0.224340	750	-1.883563	-132.435799
45	0.214281	750	-1.959857	-134.395657
46	0.204498	750	-1.798862	-136.194519
47	0.194988	750	-1.720267	-137.914786
48	0.185749	750	-1.796316	-139.711102
49	0.176777	750	-1.890406	-141.601508
50	0.168070	750	-1.815605	-143.417114
51	0.159626	750	-1.727820	-145.144933
52	0.151441	750	-1.534790	-146.679723
53	0.143514	750	-1.717365	-148.397089
54	0.135841	750	-1.582430	-149.979519
55	0.128420	750	-1.598276	-151.577795
56	0.121247	750	-1.536539	-153.114334
57	0.114320	750	-1.484111	-154.598445
58	0.107637	750	-1.492512	-156.090956
59	0.101193	750	-1.426997	-157.517953
60	0.094986	750	-1.363348	-158.881301
61	0.089014	750	-1.354263	-160.235564
62	0.083273	750	-1.290826	-161.526389
63	0.077760	750	-1.303255	-162.829645
64	0.072472	750	-1.227290	-164.056934
65	0.067406	750	-1.177121	-165.234055
66	0.062558	750	-1.153133	-166.387188
67	0.057926	750	-1.128770	-167.515958
68	0.053506	750	-1.018484	-168.534442
69	0.049295	750	-1.020784	-169.555225
70	0.045289	750	-0.998208	-170.553433
71	0.041485	750	-0.892897	-171.446330
72	0.037880	750	-0.886477	-172.332807
73	0.034469	750	-0.835403	-173.168211
74	0.031250	750	-0.820993	-173.989203
75	0.028218	750	-0.758035	-174.747239
76	0.025370	750	-0.720343	-175.467582
77	0.022702	750	-0.674423	-176.142005
78	0.020209	750	-0.651129	-176.793134
79	0.017889	750	-0.604000	-177.397135
80	0.015736	750	-0.593463	-177.990598
81	0.013746	750	-0.548189	-178.538787
82	0.011916	750	-0.501768	-179.040555
83	0.010240	750	-0.458740	-179.499295
84	0.008714	750	-0.446665	-179.945960
85	0.007334	750	-0.399122	-180.345083
86	0.006093	750	-0.375887	-180.720970
87	0.004988	750	-0.313580	-181.034549
88	0.004013	750	-0.307592	-181.342142
89	0.003162	750	-0.283243	-181.625384
90	0.002430	750	-0.241031	-181.866416
91	0.001810	750	-0.220067	-182.086482
92	0.001296	750	-0.168747	-182.255229
93	0.000882	750	-0.139532	-182.394761
94	0.000559	750	-0.116618	-182.511379
95	0.000320	750	-0.081738	-182.593117
96	0.000156	750	-0.055376	-182.648493
97	0.000057	750	-0.040362	-182.688855
98	0.000010	750	-0.017064	-182.705919
99	0.000000	750	-0.003519	-182.709438
Log marginal likelihood:	-182.709438
0	0.975187	750	-3.775198	-3.775198
1	0.950747	750	-3.731042	-7.506241
2	0.926679	750	-3.666162	-11.172403
3	0.902980	750	-3.615357	-14.787760
4	0.879648	750	-3.563676	-18.351436
5	0.856682	750	-3.517426	-21.868861
6	0.834079	750	-3.445122	-25.313984
7	0.811838	750	-3.395974	-28.709957
8	0.789957	750	-3.348459	-32.058416
9	0.768433	750	-3.286473	-35.344890
10	0.747266	750	-3.234767	-38.579656
11	0.726452	750	-3.178075	-41.757731
12	0.705989	750	-3.132983	-44.890715
13	0.685877	750	-3.088490	-47.979205
14	0.666112	750	-3.025347	-51.004552
15	0.646693	750	-2.972277	-53.976829
16	0.627618	750	-2.935608	-56.912437
17	0.608884	750	-2.875587	-59.788023
18	0.590490	750	-2.822759	-62.610782
19	0.572433	750	-2.774352	-65.385134
20	0.554712	750	-2.717911	-68.103045
21	0.537324	750	-2.673788	-70.776833
22	0.520268	750	-2.628823	-73.405656
23	0.503540	750	-2.584756	-75.990412
24	0.487139	750	-2.541560	-78.531972
25	0.471063	750	-2.481200	-81.013172
26	0.455310	750	-2.433690	-83.446861
27	0.439877	750	-2.387560	-85.834421
28	0.424762	750	-2.336024	-88.170445
29	0.409963	750	-2.294856	-90.465301
30	0.395478	750	-2.239112	-92.704413
31	0.381305	750	-2.197730	-94.902143
32	0.367440	750	-2.169831	-97.071974
33	0.353883	750	-2.101108	-99.173082
34	0.340630	750	-2.065470	-101.238552
35	0.327680	750	-2.022579	-103.261131
36	0.315030	750	-1.997696	-105.258827
37	0.302677	750	-1.949240	-107.208067
38	0.290619	750	-1.907283	-109.115351
39	0.278855	750	-1.859987	-110.975338
40	0.267381	750	-1.828576	-112.803914
41	0.256195	750	-1.762471	-114.566385
42	0.245294	750	-1.738443	-116.304828
43	0.234677	750	-1.748847	-118.053675
44	0.224340	750	-1.792175	-119.845849
45	0.214281	750	-1.782157	-121.628006
46	0.204498	750	-1.581851	-123.209857
47	0.194988	750	-1.657428	-124.867285
48	0.185749	750	-1.591883	-126.459168
49	0.176777	750	-1.542733	-128.001901
50	0.168070	750	-1.741827	-129.743727
51	0.159626	750	-1.624318	-131.368046
52	0.151441	750	-1.458474	-132.826519
53	0.143514	750	-1.545081	-134.371600
54	0.135841	750	-1.572787	-135.944387
55	0.128420	750	-1.417060	-137.361446
56	0.121247	750	-1.467228	-138.828674
57	0.114320	750	-1.320978	-140.149652
58	0.107637	750	-1.369604	-141.519256
59	0.101193	750	-1.381858	-142.901114
60	0.094986	750	-1.296485	-144.197599
61	0.089014	750	-1.317918	-145.515516
62	0.083273	750	-1.201265	-146.716781
63	0.077760	750	-1.211450	-147.928231
64	0.072472	750	-1.215927	-149.144158
65	0.067406	750	-1.191204	-150.335362
66	0.062558	750	-1.118172	-151.453534
67	0.057926	750	-1.043795	-152.497329
68	0.053506	750	-1.009487	-153.506816
69	0.049295	750	-0.992872	-154.499688
70	0.045289	750	-0.949672	-155.449360
71	0.041485	750	-0.916672	-156.366033
72	0.037880	750	-0.837473	-157.203505
73	0.034469	750	-0.823841	-158.027346
74	0.031250	750	-0.800648	-158.827994
75	0.028218	750	-0.731234	-159.559229
76	0.025370	750	-0.725215	-160.284443
77	0.022702	750	-0.670294	-160.954738
78	0.020209	750	-0.641427	-161.596165
79	0.017889	750	-0.585596	-162.181761
80	0.015736	750	-0.552064	-162.733825
81	0.013746	750	-0.519155	-163.252980
82	0.011916	750	-0.497052	-163.750032
83	0.010240	750	-0.464318	-164.214351
84	0.008714	750	-0.413934	-164.628285
85	0.007334	750	-0.385535	-165.013820
86	0.006093	750	-0.363620	-165.377439
87	0.004988	750	-0.337001	-165.714441
88	0.004013	750	-0.295455	-166.009895
89	0.003162	750	-0.255170	-166.265065
90	0.002430	750	-0.247192	-166.512257
91	0.001810	750	-0.228624	-166.740880
92	0.001296	750	-0.173469	-166.914349
93	0.000882	750	-0.152744	-167.067093
94	0.000559	750	-0.110991	-167.178084
95	0.000320	750	-0.094037	-167.272121
96	0.000156	750	-0.061328	-167.333449
97	0.000057	750	-0.036433	-167.369882
98	0.000010	750	-0.018237	-167.388119
99	0.000000	750	-0.004796	-167.392915
Log marginal likelihood:	-167.392915
0	0.975187	750	-3.888538	-3.888538
1	0.950747	750	-3.823919	-7.712458
2	0.926679	750	-3.757527	-11.469985
3	0.902980	750	-3.686654	-15.156639
4	0.879648	750	-3.660010	-18.816649
5	0.856682	750	-3.619185	-22.435834
6	0.834079	750	-3.552117	-25.987951
7	0.811838	750	-3.501919	-29.489870
8	0.789957	750	-3.423096	-32.912966
9	0.768433	750	-3.366288	-36.279254
10	0.747266	750	-3.342511	-39.621765
11	0.726452	750	-3.289817	-42.911582
12	0.705989	750	-3.227366	-46.138949
13	0.685877	750	-3.170415	-49.309363
14	0.666112	750	-3.127738	-52.437101
15	0.646693	750	-3.072939	-55.510040
16	0.627618	750	-3.016490	-58.526530
17	0.608884	750	-2.953032	-61.479562
18	0.590490	750	-2.933841	-64.413403
19	0.572433	750	-2.865224	-67.278627
20	0.554712	750	-2.796833	-70.075460
21	0.537324	750	-2.773583	-72.849043
22	0.520268	750	-2.710014	-75.559056
23	0.503540	750	-2.664574	-78.223630
24	0.487139	750	-2.630817	-80.854447
25	0.471063	750	-2.567873	-83.422320
26	0.455310	750	-2.504688	-85.927009
27	0.439877	750	-2.473247	-88.400256
28	0.424762	750	-2.446552	-90.846808
29	0.409963	750	-2.380272	-93.227080
30	0.395478	750	-2.321756	-95.548836
31	0.381305	750	-2.293209	-97.842045
32	0.367440	750	-2.253143	-100.095188
33	0.353883	750	-2.196792	-102.291980
34	0.340630	750	-2.154879	-104.446859
35	0.327680	750	-2.112911	-106.559769
36	0.315030	750	-2.079955	-108.639724
37	0.302677	750	-2.037681	-110.677405
38	0.290619	750	-1.959284	-112.636689
39	0.278855	750	-1.961794	-114.598483
40	0.267381	750	-1.870060	-116.468543
41	0.256195	750	-1.828887	-118.297430
42	0.245294	750	-1.812516	-120.109945
43	0.234677	750	-1.864430	-121.974375
44	0.224340	750	-1.752096	-123.726472
45	0.214281	750	-1.711804	-125.438276
46	0.204498	750	-1.841937	-127.280212
47	0.194988	750	-1.777557	-129.057770
48	0.185749	750	-1.716128	-130.773898
49	0.176777	750	-1.587703	-132.361601
50	0.168070	750	-1.666527	-134.028127
51	0.159626	750	-1.800735	-135.828863
52	0.151441	750	-1.525617	-137.354479
53	0.143514	750	-1.483276	-138.837755
54	0.135841	750	-1.610749	-140.448504
55	0.128420	750	-1.665174	-142.113678
56	0.121247	750	-1.498428	-143.612106
57	0.114320	750	-1.527497	-145.139603
58	0.107637	750	-1.442437	-146.582041
59	0.101193	750	-1.402681	-147.984722
60	0.094986	750	-1.337978	-149.322700
61	0.089014	750	-1.382136	-150.704835
62	0.083273	750	-1.347539	-152.052375
63	0.077760	750	-1.252679	-153.305054
64	0.072472	750	-1.179501	-154.484556
65	0.067406	750	-1.204395	-155.688950
66	0.062558	750	-1.138997	-156.827947
67	0.057926	750	-1.050824	-157.878772
68	0.053506	750	-1.030673	-158.909445
69	0.049295	750	-1.008639	-159.918084
70	0.045289	750	-0.960902	-160.878986
71	0.041485	750	-0.907658	-161.786645
72	0.037880	750	-0.871653	-162.658298
73	0.034469	750	-0.823692	-163.481989
74	0.031250	750	-0.772558	-164.254547
75	0.028218	750	-0.754476	-165.009023
76	0.025370	750	-0.739963	-165.748987
77	0.022702	750	-0.685474	-166.434460
78	0.020209	750	-0.651427	-167.085887
79	0.017889	750	-0.595188	-167.681075
80	0.015736	750	-0.574148	-168.255223
81	0.013746	750	-0.538289	-168.793513
82	0.011916	750	-0.529015	-169.322527
83	0.010240	750	-0.462790	-169.785317
84	0.008714	750	-0.438547	-170.223864
85	0.007334	750	-0.392358	-170.616223
86	0.006093	750	-0.348856	-170.965078
87	0.004988	750	-0.344987	-171.310065
88	0.004013	750	-0.298625	-171.608690
89	0.003162	750	-0.276994	-171.885683
90	0.002430	750	-0.231830	-172.117513
91	0.001810	750	-0.201590	-172.319103
92	0.001296	750	-0.157611	-172.476714
93	0.000882	750	-0.150104	-172.626819
94	0.000559	750	-0.128131	-172.754950
95	0.000320	750	-0.096042	-172.850991
96	0.000156	750	-0.057133	-172.908124
97	0.000057	750	-0.038124	-172.946249
98	0.000010	750	-0.016587	-172.962836
99	0.000000	750	-0.003566	-172.966402
Log marginal likelihood:	-172.966402
0	0.975187	750	-3.329415	-3.329415
1	0.950747	750	-3.282624	-6.612039
2	0.926679	750	-3.230704	-9.842743
3	0.902980	750	-3.192999	-13.035742
4	0.879648	750	-3.136501	-16.172243
5	0.856682	750	-3.082278	-19.254521
6	0.834079	750	-3.034951	-22.289472
7	0.811838	750	-2.993126	-25.282598
8	0.789957	750	-2.944842	-28.227439
9	0.768433	750	-2.887572	-31.115011
10	0.747266	750	-2.855059	-33.970070
11	0.726452	750	-2.804888	-36.774957
12	0.705989	750	-2.755938	-39.530895
13	0.685877	750	-2.714201	-42.245096
14	0.666112	750	-2.660505	-44.905601
15	0.646693	750	-2.619865	-47.525466
16	0.627618	750	-2.580019	-50.105485
17	0.608884	750	-2.522319	-52.627803
18	0.590490	750	-2.503832	-55.131635
19	0.572433	750	-2.446382	-57.578018
20	0.554712	750	-2.406923	-59.984941
21	0.537324	750	-2.370728	-62.355669
22	0.520268	750	-2.317649	-64.673318
23	0.503540	750	-2.268446	-66.941765
24	0.487139	750	-2.236890	-69.178654
25	0.471063	750	-2.205352	-71.384006
26	0.455310	750	-2.146693	-73.530700
27	0.439877	750	-2.111152	-75.641851
28	0.424762	750	-2.081647	-77.723499
29	0.409963	750	-2.033228	-79.756727
30	0.395478	750	-1.984423	-81.741150
31	0.381305	750	-1.958973	-83.700123
32	0.367440	750	-1.912418	-85.612541
33	0.353883	750	-1.861632	-87.474172
34	0.340630	750	-1.836721	-89.310893
35	0.327680	750	-1.791861	-91.102754
36	0.315030	750	-1.777925	-92.880679
37	0.302677	750	-1.714768	-94.595447
38	0.290619	750	-1.694103	-96.289550
39	0.278855	750	-1.646206	-97.935757
40	0.267381	750	-1.621980	-99.557736
41	0.256195	750	-1.582952	-101.140688
42	0.245294	750	-1.562463	-102.703151
43	0.234677	750	-1.506118	-104.209269
44	0.224340	750	-1.466800	-105.676069
45	0.214281	750	-1.511458	-107.187527
46	0.204498	750	-1.436065	-108.623593
47	0.194988	750	-1.477403	-110.100996
48	0.185749	750	-1.522774	-111.623770
49	0.176777	750	-1.396171	-113.019941
50	0.168070	750	-1.301516	-114.321457
51	0.159626	750	-1.390593	-115.712050
52	0.151441	750	-1.246577	-116.958627
53	0.143514	750	-1.195330	-118.153957
54	0.135841	750	-1.339866	-119.493823
55	0.128420	750	-1.250200	-120.744023
56	0.121247	750	-1.321726	-122.065749
57	0.114320	750	-1.162616	-123.228365
58	0.107637	750	-1.242315	-124.470680
59	0.101193	750	-1.207665	-125.678345
60	0.094986	750	-1.150844	-126.829190
61	0.089014	750	-1.179026	-128.008216
62	0.083273	750	-1.212999	-129.221215
63	0.077760	750	-1.033561	-130.254776
64	0.072472	750	-1.110243	-131.365019
65	0.067406	750	-1.117580	-132.482599
66	0.062558	750	-1.145798	-133.628397
67	0.057926	750	-1.021615	-134.650013
68	0.053506	750	-1.032102	-135.682114
69	0.049295	750	-0.993317	-136.675432
70	0.045289	750	-0.935525	-137.610957
71	0.041485	750	-0.893873	-138.504830
72	0.037880	750	-0.876746	-139.381576
73	0.034469	750	-0.815499	-140.197075
74	0.031250	750	-0.785848	-140.982923
75	0.028218	750	-0.757096	-141.740019
76	0.025370	750	-0.720124	-142.460143
77	0.022702	750	-0.689377	-143.149521
78	0.020209	750	-0.639496	-143.789017
79	0.017889	750	-0.593392	-144.382409
80	0.015736	750	-0.552728	-144.935137
81	0.013746	750	-0.549005	-145.484142
82	0.011916	750	-0.503574	-145.987716
83	0.010240	750	-0.472334	-146.460050
84	0.008714	750	-0.415758	-146.875808
85	0.007334	750	-0.414943	-147.290751
86	0.006093	750	-0.390308	-147.681059
87	0.004988	750	-0.333790	-148.014849
88	0.004013	750	-0.330450	-148.345300
89	0.003162	750	-0.263636	-148.608935
90	0.002430	750	-0.252484	-148.861420
91	0.001810	750	-0.192827	-149.054247
92	0.001296	750	-0.179225	-149.233472
93	0.000882	750	-0.139561	-149.373033
94	0.000559	750	-0.106352	-149.479385
95	0.000320	750	-0.089823	-149.569208
96	0.000156	750	-0.057254	-149.626462
97	0.000057	750	-0.034957	-149.661420
98	0.000010	750	-0.015907	-149.677327
99	0.000000	750	-0.003588	-149.680915
Log marginal likelihood:	-149.680915
0	0.975187	750	-3.694111	-3.694111
1	0.950747	750	-3.637057	-7.331168
2	0.926679	750	-3.589907	-10.921075
3	0.902980	750	-3.531798	-14.452873
4	0.879648	750	-3.479160	-17.932033
5	0.856682	750	-3.416429	-21.348462
6	0.834079	750	-3.364045	-24.712507
7	0.811838	750	-3.318863	-28.031370
8	0.789957	750	-3.265245	-31.296615
9	0.768433	750	-3.206576	-34.503191
10	0.747266	750	-3.155315	-37.658506
11	0.726452	750	-3.101112	-40.759618
12	0.705989	750	-3.064245	-43.823863
13	0.685877	750	-3.015420	-46.839282
14	0.666112	750	-2.959031	-49.798313
15	0.646693	750	-2.905866	-52.704179
16	0.627618	750	-2.854363	-55.558542
17	0.608884	750	-2.806634	-58.365176
18	0.590490	750	-2.747595	-61.112771
19	0.572433	750	-2.710596	-63.823367
20	0.554712	750	-2.674647	-66.498014
21	0.537324	750	-2.625859	-69.123874
22	0.520268	750	-2.554129	-71.678003
23	0.503540	750	-2.520761	-74.198763
24	0.487139	750	-2.478973	-76.677736
25	0.471063	750	-2.432495	-79.110231
26	0.455310	750	-2.400813	-81.511044
27	0.439877	750	-2.351515	-83.862559
28	0.424762	750	-2.301431	-86.163990
29	0.409963	750	-2.250072	-88.414062
30	0.395478	750	-2.208373	-90.622436
31	0.381305	750	-2.151962	-92.774397
32	0.367440	750	-2.106528	-94.880925
33	0.353883	750	-2.097746	-96.978672
34	0.340630	750	-2.011480	-98.990151
35	0.327680	750	-1.988756	-100.978907
36	0.315030	750	-1.948179	-102.927086
37	0.302677	750	-1.887411	-104.814497
38	0.290619	750	-1.866732	-106.681229
39	0.278855	750	-1.808076	-108.489306
40	0.267381	750	-1.776804	-110.266110
41	0.256195	750	-1.800868	-112.066978
42	0.245294	750	-1.707366	-113.774344
43	0.234677	750	-1.662533	-115.436876
44	0.224340	750	-1.675512	-117.112388
45	0.214281	750	-1.620265	-118.732653
46	0.204498	750	-1.596946	-120.329599
47	0.194988	750	-1.614170	-121.943769
48	0.185749	750	-1.779952	-123.723721
49	0.176777	750	-1.596120	-125.319841
50	0.168070	750	-1.442593	-126.762434
51	0.159626	750	-1.579374	-128.341808
52	0.151441	750	-1.654203	-129.996011
53	0.143514	750	-1.539644	-131.535655
54	0.135841	750	-1.456897	-132.992552
55	0.128420	750	-1.455855	-134.448407
56	0.121247	750	-1.371325	-135.819732
57	0.114320	750	-1.379590	-137.199322
58	0.107637	750	-1.352751	-138.552073
59	0.101193	750	-1.362266	-139.914339
60	0.094986	750	-1.356397	-141.270735
61	0.089014	750	-1.283502	-142.554237
62	0.083273	750	-1.268739	-143.822976
63	0.077760	750	-1.250168	-145.073144
64	0.072472	750	-1.240601	-146.313745
65	0.067406	750	-1.142085	-147.455830
66	0.062558	750	-1.044586	-148.500417
67	0.057926	750	-1.051169	-149.551586
68	0.053506	750	-1.027876	-150.579462
69	0.049295	750	-0.980205	-151.559667
70	0.045289	750	-0.944111	-152.503777
71	0.041485	750	-0.921372	-153.425149
72	0.037880	750	-0.873785	-154.298934
73	0.034469	750	-0.825073	-155.124006
74	0.031250	750	-0.806666	-155.930672
75	0.028218	750	-0.753576	-156.684248
76	0.025370	750	-0.702052	-157.386301
77	0.022702	750	-0.681675	-158.067976
78	0.020209	750	-0.615083	-158.683060
79	0.017889	750	-0.591820	-159.274880
80	0.015736	750	-0.579255	-159.854135
81	0.013746	750	-0.557041	-160.411176
82	0.011916	750	-0.487057	-160.898232
83	0.010240	750	-0.478989	-161.377222
84	0.008714	750	-0.432285	-161.809506
85	0.007334	750	-0.398641	-162.208147
86	0.006093	750	-0.364724	-162.572871
87	0.004988	750	-0.308411	-162.881282
88	0.004013	750	-0.285305	-163.166587
89	0.003162	750	-0.266431	-163.433018
90	0.002430	750	-0.250386	-163.683404
91	0.001810	750	-0.216505	-163.899908
92	0.001296	750	-0.169170	-164.069078
93	0.000882	750	-0.146424	-164.215502
94	0.000559	750	-0.101952	-164.317455
95	0.000320	750	-0.086440	-164.403895
96	0.000156	750	-0.056729	-164.460624
97	0.000057	750	-0.042901	-164.503525
98	0.000010	750	-0.015885	-164.519410
99	0.000000	750	-0.003796	-164.523207
Log marginal likelihood:	-164.523207
0	0.975187	750	-4.338967	-4.338967
1	0.950747	750	-4.290191	-8.629158
2	0.926679	750	-4.210889	-12.840047
3	0.902980	750	-4.152101	-16.992148
4	0.879648	750	-4.082017	-21.074165
5	0.856682	750	-4.026397	-25.100562
6	0.834079	750	-3.981771	-29.082332
7	0.811838	750	-3.904274	-32.986607
8	0.789957	750	-3.838689	-36.825295
9	0.768433	750	-3.792959	-40.618254
10	0.747266	750	-3.706530	-44.324784
11	0.726452	750	-3.656549	-47.981332
12	0.705989	750	-3.609071	-51.590404
13	0.685877	750	-3.522888	-55.113292
14	0.666112	750	-3.476149	-58.589441
15	0.646693	750	-3.418666	-62.008107
16	0.627618	750	-3.372596	-65.380703
17	0.608884	750	-3.301748	-68.682451
18	0.590490	750	-3.233790	-71.916242
19	0.572433	750	-3.187706	-75.103947
20	0.554712	750	-3.128668	-78.232615
21	0.537324	750	-3.077311	-81.309926
22	0.520268	750	-3.008727	-84.318652
23	0.503540	750	-2.965655	-87.284307
24	0.487139	750	-2.892767	-90.177074
25	0.471063	750	-2.843698	-93.020771
26	0.455310	750	-2.792888	-95.813659
27	0.439877	750	-2.747010	-98.560669
28	0.424762	750	-2.691348	-101.252017
29	0.409963	750	-2.620285	-103.872303
30	0.395478	750	-2.565794	-106.438097
31	0.381305	750	-2.538121	-108.976217
32	0.367440	750	-2.483362	-111.459579
33	0.353883	750	-2.411497	-113.871076
34	0.340630	750	-2.370263	-116.241339
35	0.327680	750	-2.414955	-118.656294
36	0.315030	750	-2.265388	-120.921682
37	0.302677	750	-2.226494	-123.148176
38	0.290619	750	-2.164041	-125.312217
39	0.278855	750	-2.113881	-127.426098
40	0.267381	750	-2.113079	-129.539177
41	0.256195	750	-2.027074	-131.566251
42	0.245294	750	-2.044105	-133.610356
43	0.234677	750	-2.005273	-135.615630
44	0.224340	750	-1.963675	-137.579305
45	0.214281	750	-1.902763	-139.482067
46	0.204498	750	-1.964966	-141.447033
47	0.194988	750	-1.784381	-143.231414
48	0.185749	750	-1.807565	-145.038979
49	0.176777	750	-1.862688	-146.901667
50	0.168070	750	-1.758512	-148.660179
51	0.159626	750	-1.838868	-150.499047
52	0.151441	750	-1.707651	-152.206698
53	0.143514	750	-1.730825	-153.937523
54	0.135841	750	-1.719298	-155.656821
55	0.128420	750	-1.616677	-157.273499
56	0.121247	750	-1.632649	-158.906148
57	0.114320	750	-1.579126	-160.485273
58	0.107637	750	-1.486468	-161.971742
59	0.101193	750	-1.525690	-163.497432
60	0.094986	750	-1.483618	-164.981050
61	0.089014	750	-1.399317	-166.380367
62	0.083273	750	-1.361891	-167.742258
63	0.077760	750	-1.276148	-169.018406
64	0.072472	750	-1.247294	-170.265700
65	0.067406	750	-1.220487	-171.486187
66	0.062558	750	-1.170233	-172.656420
67	0.057926	750	-1.122651	-173.779072
68	0.053506	750	-1.074487	-174.853559
69	0.049295	750	-0.973906	-175.827464
70	0.045289	750	-0.983948	-176.811412
71	0.041485	750	-0.920082	-177.731494
72	0.037880	750	-0.885178	-178.616672
73	0.034469	750	-0.856136	-179.472808
74	0.031250	750	-0.806509	-180.279317
75	0.028218	750	-0.778082	-181.057398
76	0.025370	750	-0.724401	-181.781800
77	0.022702	750	-0.696453	-182.478252
78	0.020209	750	-0.655688	-183.133940
79	0.017889	750	-0.614664	-183.748604
80	0.015736	750	-0.570890	-184.319493
81	0.013746	750	-0.548796	-184.868289
82	0.011916	750	-0.514477	-185.382766
83	0.010240	750	-0.461735	-185.844502
84	0.008714	750	-0.447562	-186.292063
85	0.007334	750	-0.390561	-186.682624
86	0.006093	750	-0.367574	-187.050197
87	0.004988	750	-0.340229	-187.390426
88	0.004013	750	-0.313548	-187.703975
89	0.003162	750	-0.283699	-187.987674
90	0.002430	750	-0.236835	-188.224509
91	0.001810	750	-0.208442	-188.432951
92	0.001296	750	-0.178422	-188.611372
93	0.000882	750	-0.147570	-188.758942
94	0.000559	750	-0.114654	-188.873596
95	0.000320	750	-0.080573	-188.954169
96	0.000156	750	-0.057068	-189.011238
97	0.000057	750	-0.033813	-189.045050
98	0.000010	750	-0.015696	-189.060746
99	0.000000	750	-0.003866	-189.064613
Log marginal likelihood:	-189.064613
0	0.975187	750	-3.662736	-3.662736
1	0.950747	750	-3.637373	-7.300110
2	0.926679	750	-3.555106	-10.855216
3	0.902980	750	-3.507634	-14.362850
4	0.879648	750	-3.467436	-17.830285
5	0.856682	750	-3.400832	-21.231117
6	0.834079	750	-3.356214	-24.587331
7	0.811838	750	-3.306923	-27.894254
8	0.789957	750	-3.254297	-31.148551
9	0.768433	750	-3.208048	-34.356599
10	0.747266	750	-3.151203	-37.507802
11	0.726452	750	-3.085523	-40.593326
12	0.705989	750	-3.049303	-43.642629
13	0.685877	750	-3.011910	-46.654539
14	0.666112	750	-2.951827	-49.606366
15	0.646693	750	-2.913184	-52.519550
16	0.627618	750	-2.881198	-55.400748
17	0.608884	750	-2.807542	-58.208291
18	0.590490	750	-2.780653	-60.988944
19	0.572433	750	-2.698251	-63.687195
20	0.554712	750	-2.659014	-66.346209
21	0.537324	750	-2.626046	-68.972256
22	0.520268	750	-2.562478	-71.534734
23	0.503540	750	-2.525822	-74.060556
24	0.487139	750	-2.458040	-76.518596
25	0.471063	750	-2.405915	-78.924511
26	0.455310	750	-2.370522	-81.295033
27	0.439877	750	-2.332555	-83.627588
28	0.424762	750	-2.319071	-85.946659
29	0.409963	750	-2.247565	-88.194224
30	0.395478	750	-2.189394	-90.383618
31	0.381305	750	-2.155268	-92.538887
32	0.367440	750	-2.112635	-94.651522
33	0.353883	750	-2.085285	-96.736807
34	0.340630	750	-2.041141	-98.777948
35	0.327680	750	-1.998126	-100.776074
36	0.315030	750	-1.942946	-102.719020
37	0.302677	750	-1.887143	-104.606163
38	0.290619	750	-1.855783	-106.461945
39	0.278855	750	-1.806050	-108.267996
40	0.267381	750	-1.800335	-110.068331
41	0.256195	750	-1.732854	-111.801186
42	0.245294	750	-1.734701	-113.535887
43	0.234677	750	-1.670907	-115.206794
44	0.224340	750	-1.639460	-116.846254
45	0.214281	750	-1.589427	-118.435681
46	0.204498	750	-1.652179	-120.087860
47	0.194988	750	-1.531072	-121.618932
48	0.185749	750	-1.606958	-123.225890
49	0.176777	750	-1.450458	-124.676348
50	0.168070	750	-1.518798	-126.195146
51	0.159626	750	-1.462421	-127.657567
52	0.151441	750	-1.444261	-129.101827
53	0.143514	750	-1.573836	-130.675664
54	0.135841	750	-1.413070	-132.088733
55	0.128420	750	-1.461716	-133.550449
56	0.121247	750	-1.362033	-134.912483
57	0.114320	750	-1.389755	-136.302237
58	0.107637	750	-1.501398	-137.803636
59	0.101193	750	-1.455912	-139.259548
60	0.094986	750	-1.255035	-140.514582
61	0.089014	750	-1.337996	-141.852579
62	0.083273	750	-1.350026	-143.202605
63	0.077760	750	-1.228141	-144.430746
64	0.072472	750	-1.245572	-145.676319
65	0.067406	750	-1.176283	-146.852601
66	0.062558	750	-1.128189	-147.980791
67	0.057926	750	-1.097374	-149.078165
68	0.053506	750	-1.056603	-150.134767
69	0.049295	750	-0.985362	-151.120129
70	0.045289	750	-0.966365	-152.086495
71	0.041485	750	-0.936190	-153.022685
72	0.037880	750	-0.870058	-153.892743
73	0.034469	750	-0.842663	-154.735405
74	0.031250	750	-0.794786	-155.530191
75	0.028218	750	-0.755799	-156.285990
76	0.025370	750	-0.704257	-156.990247
77	0.022702	750	-0.677845	-157.668092
78	0.020209	750	-0.641600	-158.309692
79	0.017889	750	-0.601998	-158.911690
80	0.015736	750	-0.576506	-159.488196
81	0.013746	750	-0.532780	-160.020976
82	0.011916	750	-0.494732	-160.515709
83	0.010240	750	-0.468197	-160.983906
84	0.008714	750	-0.431698	-161.415604
85	0.007334	750	-0.413082	-161.828686
86	0.006093	750	-0.373407	-162.202093
87	0.004988	750	-0.324431	-162.526523
88	0.004013	750	-0.294763	-162.821286
89	0.003162	750	-0.263034	-163.084320
90	0.002430	750	-0.236665	-163.320985
91	0.001810	750	-0.212045	-163.533030
92	0.001296	750	-0.164026	-163.697056
93	0.000882	750	-0.132333	-163.829389
94	0.000559	750	-0.119348	-163.948737
95	0.000320	750	-0.080229	-164.028966
96	0.000156	750	-0.056235	-164.085201
97	0.000057	750	-0.033912	-164.119113
98	0.000010	750	-0.016019	-164.135131
99	0.000000	750	-0.003878	-164.139010
Log marginal likelihood:	-164.139010
0	0.975187	750	-3.727779	-3.727779
1	0.950747	750	-3.658915	-7.386694
2	0.926679	750	-3.629440	-11.016134
3	0.902980	750	-3.577479	-14.593612
4	0.879648	750	-3.498777	-18.092389
5	0.856682	750	-3.452205	-21.544594
6	0.834079	750	-3.405735	-24.950329
7	0.811838	750	-3.355451	-28.305779
8	0.789957	750	-3.317557	-31.623337
9	0.768433	750	-3.242742	-34.866078
10	0.747266	750	-3.197722	-38.063801
11	0.726452	750	-3.134193	-41.197994
12	0.705989	750	-3.111809	-44.309802
13	0.685877	750	-3.033472	-47.343275
14	0.666112	750	-3.001033	-50.344307
15	0.646693	750	-2.937955	-53.282262
16	0.627618	750	-2.894803	-56.177066
17	0.608884	750	-2.829574	-59.006639
18	0.590490	750	-2.805979	-61.812619
19	0.572433	750	-2.743328	-64.555947
20	0.554712	750	-2.692795	-67.248742
21	0.537324	750	-2.651715	-69.900457
22	0.520268	750	-2.590649	-72.491106
23	0.503540	750	-2.555615	-75.046722
24	0.487139	750	-2.491448	-77.538170
25	0.471063	750	-2.460329	-79.998499
26	0.455310	750	-2.397632	-82.396130
27	0.439877	750	-2.366843	-84.762973
28	0.424762	750	-2.327829	-87.090802
29	0.409963	750	-2.265777	-89.356579
30	0.395478	750	-2.230974	-91.587553
31	0.381305	750	-2.204811	-93.792364
32	0.367440	750	-2.137555	-95.929919
33	0.353883	750	-2.109666	-98.039584
34	0.340630	750	-2.086561	-100.126145
35	0.327680	750	-2.014184	-102.140329
36	0.315030	750	-1.992234	-104.132563
37	0.302677	750	-1.927185	-106.059749
38	0.290619	750	-1.884352	-107.944101
39	0.278855	750	-1.877527	-109.821628
40	0.267381	750	-1.849891	-111.671519
41	0.256195	750	-1.776119	-113.447637
42	0.245294	750	-1.738600	-115.186237
43	0.234677	750	-1.694752	-116.880989
44	0.224340	750	-1.759839	-118.640827
45	0.214281	750	-1.701642	-120.342469
46	0.204498	750	-1.602984	-121.945454
47	0.194988	750	-1.549966	-123.495420
48	0.185749	750	-1.512567	-125.007987
49	0.176777	750	-1.677279	-126.685266
50	0.168070	750	-1.583312	-128.268578
51	0.159626	750	-1.398175	-129.666754
52	0.151441	750	-1.469036	-131.135790
53	0.143514	750	-1.494982	-132.630772
54	0.135841	750	-1.391863	-134.022635
55	0.128420	750	-1.512360	-135.534994
56	0.121247	750	-1.431903	-136.966897
57	0.114320	750	-1.516966	-138.483863
58	0.107637	750	-1.361689	-139.845552
59	0.101193	750	-1.372599	-141.218151
60	0.094986	750	-1.448559	-142.666709
61	0.089014	750	-1.285782	-143.952491
62	0.083273	750	-1.330276	-145.282767
63	0.077760	750	-1.297913	-146.580680
64	0.072472	750	-1.184016	-147.764696
65	0.067406	750	-1.117529	-148.882225
66	0.062558	750	-1.047939	-149.930164
67	0.057926	750	-1.096373	-151.026537
68	0.053506	750	-1.013909	-152.040446
69	0.049295	750	-1.018639	-153.059085
70	0.045289	750	-0.974776	-154.033861
71	0.041485	750	-0.906202	-154.940063
72	0.037880	750	-0.875974	-155.816037
73	0.034469	750	-0.832257	-156.648294
74	0.031250	750	-0.807889	-157.456183
75	0.028218	750	-0.743666	-158.199850
76	0.025370	750	-0.714425	-158.914274
77	0.022702	750	-0.681897	-159.596171
78	0.020209	750	-0.638240	-160.234412
79	0.017889	750	-0.599210	-160.833622
80	0.015736	750	-0.576265	-161.409886
81	0.013746	750	-0.528655	-161.938541
82	0.011916	750	-0.507505	-162.446047
83	0.010240	750	-0.447702	-162.893749
84	0.008714	750	-0.427889	-163.321638
85	0.007334	750	-0.408940	-163.730578
86	0.006093	750	-0.360888	-164.091467
87	0.004988	750	-0.328848	-164.420315
88	0.004013	750	-0.297160	-164.717475
89	0.003162	750	-0.286405	-165.003880
90	0.002430	750	-0.248688	-165.252568
91	0.001810	750	-0.193494	-165.446062
92	0.001296	750	-0.183994	-165.630055
93	0.000882	750	-0.138217	-165.768273
94	0.000559	750	-0.117007	-165.885280
95	0.000320	750	-0.085026	-165.970305
96	0.000156	750	-0.058501	-166.028806
97	0.000057	750	-0.034366	-166.063172
98	0.000010	750	-0.016664	-166.079836
99	0.000000	750	-0.003534	-166.083369
Log marginal likelihood:	-166.083369
0	0.975187	750	-4.237510	-4.237510
1	0.950747	750	-4.155623	-8.393134
2	0.926679	750	-4.097325	-12.490458
3	0.902980	750	-4.055358	-16.545816
4	0.879648	750	-3.968118	-20.513934
5	0.856682	750	-3.944067	-24.458001
6	0.834079	750	-3.858021	-28.316022
7	0.811838	750	-3.798855	-32.114877
8	0.789957	750	-3.741686	-35.856563
9	0.768433	750	-3.672633	-39.529197
10	0.747266	750	-3.629340	-43.158536
11	0.726452	750	-3.621658	-46.780195
12	0.705989	750	-3.507351	-50.287545
13	0.685877	750	-3.436296	-53.723841
14	0.666112	750	-3.405892	-57.129733
15	0.646693	750	-3.333627	-60.463361
16	0.627618	750	-3.265345	-63.728705
17	0.608884	750	-3.219091	-66.947796
18	0.590490	750	-3.161360	-70.109156
19	0.572433	750	-3.127886	-73.237041
20	0.554712	750	-3.044949	-76.281990
21	0.537324	750	-3.006645	-79.288636
22	0.520268	750	-2.950564	-82.239200
23	0.503540	750	-2.881542	-85.120742
24	0.487139	750	-2.837864	-87.958606
25	0.471063	750	-2.779292	-90.737898
26	0.455310	750	-2.725620	-93.463518
27	0.439877	750	-2.690726	-96.154243
28	0.424762	750	-2.613160	-98.767403
29	0.409963	750	-2.557906	-101.325309
30	0.395478	750	-2.524632	-103.849942
31	0.381305	750	-2.462654	-106.312595
32	0.367440	750	-2.449634	-108.762229
33	0.353883	750	-2.400494	-111.162723
34	0.340630	750	-2.369652	-113.532375
35	0.327680	750	-2.307048	-115.839423
36	0.315030	750	-2.304432	-118.143855
37	0.302677	750	-2.211781	-120.355635
38	0.290619	750	-2.120872	-122.476507
39	0.278855	750	-2.147172	-124.623679
40	0.267381	750	-2.088835	-126.712514
41	0.256195	750	-2.077838	-128.790352
42	0.245294	750	-1.969714	-130.760066
43	0.234677	750	-1.986660	-132.746726
44	0.224340	750	-1.859554	-134.606280
45	0.214281	750	-1.889197	-136.495477
46	0.204498	750	-1.856723	-138.352201
47	0.194988	750	-1.839446	-140.191647
48	0.185749	750	-1.752044	-141.943691
49	0.176777	750	-1.784631	-143.728322
50	0.168070	750	-1.758953	-145.487275
51	0.159626	750	-1.715919	-147.203194
52	0.151441	750	-1.713593	-148.916787
53	0.143514	750	-1.651275	-150.568061
54	0.135841	750	-1.652793	-152.220854
55	0.128420	750	-1.523015	-153.743869
56	0.121247	750	-1.531850	-155.275719
57	0.114320	750	-1.513462	-156.789181
58	0.107637	750	-1.466190	-158.255371
59	0.101193	750	-1.472865	-159.728236
60	0.094986	750	-1.446459	-161.174695
61	0.089014	750	-1.285509	-162.460205
62	0.083273	750	-1.293225	-163.753430
63	0.077760	750	-1.271080	-165.024510
64	0.072472	750	-1.191519	-166.216029
65	0.067406	750	-1.192047	-167.408076
66	0.062558	750	-1.132177	-168.540253
67	0.057926	750	-1.114512	-169.654765
68	0.053506	750	-1.045182	-170.699946
69	0.049295	750	-0.987859	-171.687805
70	0.045289	750	-0.931317	-172.619122
71	0.041485	750	-0.892692	-173.511814
72	0.037880	750	-0.844538	-174.356352
73	0.034469	750	-0.832594	-175.188945
74	0.031250	750	-0.803503	-175.992449
75	0.028218	750	-0.755968	-176.748417
76	0.025370	750	-0.692716	-177.441133
77	0.022702	750	-0.675958	-178.117090
78	0.020209	750	-0.638682	-178.755772
79	0.017889	750	-0.602532	-179.358304
80	0.015736	750	-0.557917	-179.916221
81	0.013746	750	-0.525658	-180.441879
82	0.011916	750	-0.486245	-180.928124
83	0.010240	750	-0.445198	-181.373322
84	0.008714	750	-0.426173	-181.799496
85	0.007334	750	-0.397951	-182.197447
86	0.006093	750	-0.390318	-182.587764
87	0.004988	750	-0.340218	-182.927982
88	0.004013	750	-0.296153	-183.224135
89	0.003162	750	-0.266736	-183.490871
90	0.002430	750	-0.242082	-183.732953
91	0.001810	750	-0.200397	-183.933350
92	0.001296	750	-0.162971	-184.096321
93	0.000882	750	-0.141595	-184.237916
94	0.000559	750	-0.116911	-184.354827
95	0.000320	750	-0.086481	-184.441307
96	0.000156	750	-0.066111	-184.507419
97	0.000057	750	-0.039388	-184.546806
98	0.000010	750	-0.016248	-184.563054
99	0.000000	750	-0.003783	-184.566837
Log marginal likelihood:	-184.566837
0	0.975187	750	-3.777855	-3.777855
1	0.950747	750	-3.716470	-7.494325
2	0.926679	750	-3.670892	-11.165217
3	0.902980	750	-3.602695	-14.767912
4	0.879648	750	-3.560394	-18.328306
5	0.856682	750	-3.499990	-21.828295
6	0.834079	750	-3.452103	-25.280399
7	0.811838	750	-3.408175	-28.688574
8	0.789957	750	-3.342933	-32.031507
9	0.768433	750	-3.285384	-35.316891
10	0.747266	750	-3.234043	-38.550934
11	0.726452	750	-3.175747	-41.726681
12	0.705989	750	-3.127561	-44.854243
13	0.685877	750	-3.084693	-47.938936
14	0.666112	750	-3.025813	-50.964749
15	0.646693	750	-2.976576	-53.941326
16	0.627618	750	-2.923600	-56.864926
17	0.608884	750	-2.873171	-59.738096
18	0.590490	750	-2.837145	-62.575242
19	0.572433	750	-2.785546	-65.360787
20	0.554712	750	-2.726097	-68.086884
21	0.537324	750	-2.672233	-70.759117
22	0.520268	750	-2.642102	-73.401219
23	0.503540	750	-2.578056	-75.979275
24	0.487139	750	-2.520516	-78.499791
25	0.471063	750	-2.479720	-80.979511
26	0.455310	750	-2.432374	-83.411885
27	0.439877	750	-2.371871	-85.783755
28	0.424762	750	-2.346714	-88.130469
29	0.409963	750	-2.310870	-90.441339
30	0.395478	750	-2.257898	-92.699236
31	0.381305	750	-2.203368	-94.902604
32	0.367440	750	-2.167693	-97.070297
33	0.353883	750	-2.125403	-99.195700
34	0.340630	750	-2.064901	-101.260601
35	0.327680	750	-2.034635	-103.295236
36	0.315030	750	-2.239874	-105.535110
37	0.302677	750	-1.955968	-107.491078
38	0.290619	750	-1.915470	-109.406548
39	0.278855	750	-1.853497	-111.260045
40	0.267381	750	-1.825677	-113.085722
41	0.256195	750	-1.798823	-114.884545
42	0.245294	750	-1.758325	-116.642870
43	0.234677	750	-1.697553	-118.340423
44	0.224340	750	-1.653370	-119.993793
45	0.214281	750	-1.682384	-121.676176
46	0.204498	750	-1.752002	-123.428179
47	0.194988	750	-1.716687	-125.144866
48	0.185749	750	-1.584192	-126.729058
49	0.176777	750	-1.510028	-128.239086
50	0.168070	750	-1.554641	-129.793727
51	0.159626	750	-1.544854	-131.338582
52	0.151441	750	-1.497826	-132.836408
53	0.143514	750	-1.440549	-134.276957
54	0.135841	750	-1.404741	-135.681699
55	0.128420	750	-1.340947	-137.022646
56	0.121247	750	-1.364014	-138.386660
57	0.114320	750	-1.463672	-139.850332
58	0.107637	750	-1.339544	-141.189876
59	0.101193	750	-1.241749	-142.431625
60	0.094986	750	-1.248025	-143.679650
61	0.089014	750	-1.286444	-144.966095
62	0.083273	750	-1.280693	-146.246788
63	0.077760	750	-1.235323	-147.482111
64	0.072472	750	-1.170014	-148.652125
65	0.067406	750	-1.123467	-149.775592
66	0.062558	750	-1.071444	-150.847036
67	0.057926	750	-1.067616	-151.914652
68	0.053506	750	-1.003303	-152.917955
69	0.049295	750	-0.946771	-153.864725
70	0.045289	750	-0.933486	-154.798212
71	0.041485	750	-0.914125	-155.712337
72	0.037880	750	-0.857400	-156.569737
73	0.034469	750	-0.846020	-157.415756
74	0.031250	750	-0.792633	-158.208389
75	0.028218	750	-0.716606	-158.924995
76	0.025370	750	-0.684264	-159.609259
77	0.022702	750	-0.653071	-160.262330
78	0.020209	750	-0.632575	-160.894905
79	0.017889	750	-0.595477	-161.490382
80	0.015736	750	-0.549534	-162.039916
81	0.013746	750	-0.529955	-162.569871
82	0.011916	750	-0.497837	-163.067707
83	0.010240	750	-0.475379	-163.543087
84	0.008714	750	-0.438882	-163.981969
85	0.007334	750	-0.416611	-164.398579
86	0.006093	750	-0.363259	-164.761839
87	0.004988	750	-0.326197	-165.088035
88	0.004013	750	-0.284562	-165.372597
89	0.003162	750	-0.268638	-165.641235
90	0.002430	750	-0.229472	-165.870707
91	0.001810	750	-0.209213	-166.079920
92	0.001296	750	-0.165839	-166.245760
93	0.000882	750	-0.129561	-166.375321
94	0.000559	750	-0.109890	-166.485211
95	0.000320	750	-0.077649	-166.562860
96	0.000156	750	-0.055676	-166.618536
97	0.000057	750	-0.034732	-166.653268
98	0.000010	750	-0.019675	-166.672943
99	0.000000	750	-0.003493	-166.676436
Log marginal likelihood:	-166.676436
0	0.975187	750	-4.018046	-4.018046
1	0.950747	750	-3.956227	-7.974272
2	0.926679	750	-3.898267	-11.872539
3	0.902980	750	-3.825276	-15.697815
4	0.879648	750	-3.774096	-19.471911
5	0.856682	750	-3.709406	-23.181318
6	0.834079	750	-3.647143	-26.828461
7	0.811838	750	-3.620794	-30.449255
8	0.789957	750	-3.556192	-34.005446
9	0.768433	750	-3.507306	-37.512753
10	0.747266	750	-3.440599	-40.953351
11	0.726452	750	-3.386789	-44.340141
12	0.705989	750	-3.336451	-47.676591
13	0.685877	750	-3.260819	-50.937411
14	0.666112	750	-3.221375	-54.158785
15	0.646693	750	-3.158445	-57.317230
16	0.627618	750	-3.104758	-60.421988
17	0.608884	750	-3.062379	-63.484367
18	0.590490	750	-3.000148	-66.484515
19	0.572433	750	-2.939045	-69.423560
20	0.554712	750	-2.897821	-72.321381
21	0.537324	750	-2.853304	-75.174685
22	0.520268	750	-2.804153	-77.978838
23	0.503540	750	-2.746992	-80.725830
24	0.487139	750	-2.693639	-83.419469
25	0.471063	750	-2.636645	-86.056114
26	0.455310	750	-2.611121	-88.667235
27	0.439877	750	-2.545936	-91.213171
28	0.424762	750	-2.477220	-93.690392
29	0.409963	750	-2.433054	-96.123446
30	0.395478	750	-2.407053	-98.530499
31	0.381305	750	-2.358816	-100.889315
32	0.367440	750	-2.307046	-103.196361
33	0.353883	750	-2.275297	-105.471658
34	0.340630	750	-2.209056	-107.680714
35	0.327680	750	-2.172293	-109.853006
36	0.315030	750	-2.177452	-112.030458
37	0.302677	750	-2.081824	-114.112283
38	0.290619	750	-2.069156	-116.181438
39	0.278855	750	-1.998147	-118.179586
40	0.267381	750	-1.971971	-120.151557
41	0.256195	750	-1.916867	-122.068424
42	0.245294	750	-1.921419	-123.989843
43	0.234677	750	-1.904140	-125.893983
44	0.224340	750	-1.782475	-127.676458
45	0.214281	750	-2.004589	-129.681047
46	0.204498	750	-1.838528	-131.519574
47	0.194988	750	-1.978788	-133.498362
48	0.185749	750	-1.693859	-135.192221
49	0.176777	750	-1.650216	-136.842437
50	0.168070	750	-1.642873	-138.485310
51	0.159626	750	-1.665879	-140.151188
52	0.151441	750	-1.763968	-141.915156
53	0.143514	750	-1.597362	-143.512518
54	0.135841	750	-1.606846	-145.119364
55	0.128420	750	-1.599674	-146.719038
56	0.121247	750	-1.560408	-148.279446
57	0.114320	750	-1.326912	-149.606358
58	0.107637	750	-1.427345	-151.033704
59	0.101193	750	-1.405941	-152.439644
60	0.094986	750	-1.416011	-153.855655
61	0.089014	750	-1.343580	-155.199234
62	0.083273	750	-1.266255	-156.465489
63	0.077760	750	-1.291344	-157.756834
64	0.072472	750	-1.171467	-158.928300
65	0.067406	750	-1.114294	-160.042594
66	0.062558	750	-1.105228	-161.147822
67	0.057926	750	-1.093570	-162.241391
68	0.053506	750	-1.026011	-163.267403
69	0.049295	750	-0.982554	-164.249956
70	0.045289	750	-0.956543	-165.206499
71	0.041485	750	-0.930058	-166.136556
72	0.037880	750	-0.876490	-167.013046
73	0.034469	750	-0.836850	-167.849896
74	0.031250	750	-0.799792	-168.649688
75	0.028218	750	-0.762255	-169.411943
76	0.025370	750	-0.723903	-170.135846
77	0.022702	750	-0.671771	-170.807617
78	0.020209	750	-0.667837	-171.475454
79	0.017889	750	-0.603773	-172.079226
80	0.015736	750	-0.555711	-172.634937
81	0.013746	750	-0.544543	-173.179480
82	0.011916	750	-0.502270	-173.681750
83	0.010240	750	-0.471160	-174.152910
84	0.008714	750	-0.413963	-174.566873
85	0.007334	750	-0.408048	-174.974921
86	0.006093	750	-0.361645	-175.336566
87	0.004988	750	-0.341339	-175.677905
88	0.004013	750	-0.300263	-175.978168
89	0.003162	750	-0.296707	-176.274875
90	0.002430	750	-0.229872	-176.504747
91	0.001810	750	-0.208133	-176.712880
92	0.001296	750	-0.176128	-176.889007
93	0.000882	750	-0.156791	-177.045798
94	0.000559	750	-0.121116	-177.166914
95	0.000320	750	-0.088866	-177.255780
96	0.000156	750	-0.054143	-177.309923
97	0.000057	750	-0.037112	-177.347035
98	0.000010	750	-0.016893	-177.363928
99	0.000000	750	-0.003394	-177.367322
Log marginal likelihood:	-177.367322
0	0.975187	750	-3.807347	-3.807347
1	0.950747	750	-3.754678	-7.562025
2	0.926679	750	-3.718327	-11.280351
3	0.902980	750	-3.635531	-14.915882
4	0.879648	750	-3.600534	-18.516416
5	0.856682	750	-3.543950	-22.060366
6	0.834079	750	-3.470967	-25.531333
7	0.811838	750	-3.433229	-28.964562
8	0.789957	750	-3.370033	-32.334595
9	0.768433	750	-3.330219	-35.664814
10	0.747266	750	-3.273724	-38.938538
11	0.726452	750	-3.209431	-42.147968
12	0.705989	750	-3.163947	-45.311915
13	0.685877	750	-3.122965	-48.434881
14	0.666112	750	-3.055097	-51.489978
15	0.646693	750	-2.999000	-54.488978
16	0.627618	750	-2.955270	-57.444248
17	0.608884	750	-2.901272	-60.345520
18	0.590490	750	-2.837983	-63.183503
19	0.572433	750	-2.805263	-65.988766
20	0.554712	750	-2.754132	-68.742898
21	0.537324	750	-2.708076	-71.450974
22	0.520268	750	-2.649183	-74.100157
23	0.503540	750	-2.599194	-76.699351
24	0.487139	750	-2.559061	-79.258412
25	0.471063	750	-2.498372	-81.756784
26	0.455310	750	-2.449867	-84.206651
27	0.439877	750	-2.409153	-86.615805
28	0.424762	750	-2.371684	-88.987488
29	0.409963	750	-2.310583	-91.298072
30	0.395478	750	-2.279535	-93.577607
31	0.381305	750	-2.232034	-95.809641
32	0.367440	750	-2.193768	-98.003409
33	0.353883	750	-2.125741	-100.129150
34	0.340630	750	-2.082208	-102.211358
35	0.327680	750	-2.040174	-104.251531
36	0.315030	750	-2.042906	-106.294438
37	0.302677	750	-1.972836	-108.267273
38	0.290619	750	-1.937353	-110.204626
39	0.278855	750	-1.883030	-112.087656
40	0.267381	750	-1.825718	-113.913374
41	0.256195	750	-1.804856	-115.718230
42	0.245294	750	-1.767888	-117.486117
43	0.234677	750	-1.710330	-119.196448
44	0.224340	750	-1.711850	-120.908298
45	0.214281	750	-1.651116	-122.559414
46	0.204498	750	-1.735501	-124.294914
47	0.194988	750	-1.650687	-125.945601
48	0.185749	750	-1.593945	-127.539546
49	0.176777	750	-1.582113	-129.121659
50	0.168070	750	-1.540964	-130.662623
51	0.159626	750	-1.517488	-132.180111
52	0.151441	750	-1.558266	-133.738377
53	0.143514	750	-1.642314	-135.380691
54	0.135841	750	-1.589757	-136.970448
55	0.128420	750	-1.382715	-138.353163
56	0.121247	750	-1.493689	-139.846852
57	0.114320	750	-1.568652	-141.415504
58	0.107637	750	-1.462591	-142.878095
59	0.101193	750	-1.271502	-144.149596
60	0.094986	750	-1.302269	-145.451865
61	0.089014	750	-1.366465	-146.818330
62	0.083273	750	-1.145179	-147.963509
63	0.077760	750	-1.212436	-149.175945
64	0.072472	750	-1.215095	-150.391040
65	0.067406	750	-1.102439	-151.493479
66	0.062558	750	-1.102421	-152.595900
67	0.057926	750	-1.077043	-153.672944
68	0.053506	750	-1.057925	-154.730869
69	0.049295	750	-0.985646	-155.716515
70	0.045289	750	-0.971048	-156.687563
71	0.041485	750	-0.910853	-157.598416
72	0.037880	750	-0.863320	-158.461737
73	0.034469	750	-0.834700	-159.296436
74	0.031250	750	-0.741136	-160.037572
75	0.028218	750	-0.761077	-160.798649
76	0.025370	750	-0.728800	-161.527449
77	0.022702	750	-0.690093	-162.217542
78	0.020209	750	-0.634910	-162.852452
79	0.017889	750	-0.590741	-163.443193
80	0.015736	750	-0.570046	-164.013239
81	0.013746	750	-0.537474	-164.550713
82	0.011916	750	-0.510006	-165.060719
83	0.010240	750	-0.448056	-165.508775
84	0.008714	750	-0.428975	-165.937750
85	0.007334	750	-0.396559	-166.334309
86	0.006093	750	-0.373763	-166.708073
87	0.004988	750	-0.324138	-167.032211
88	0.004013	750	-0.293181	-167.325392
89	0.003162	750	-0.264506	-167.589898
90	0.002430	750	-0.249407	-167.839305
91	0.001810	750	-0.195932	-168.035237
92	0.001296	750	-0.182117	-168.217354
93	0.000882	750	-0.134932	-168.352287
94	0.000559	750	-0.100088	-168.452374
95	0.000320	750	-0.081944	-168.534319
96	0.000156	750	-0.060383	-168.594701
97	0.000057	750	-0.034588	-168.629290
98	0.000010	750	-0.016879	-168.646169
99	0.000000	750	-0.003870	-168.650039
Log marginal likelihood:	-168.650039
0	0.975187	750	-3.448269	-3.448269
1	0.950747	750	-3.400044	-6.848313
2	0.926679	750	-3.331371	-10.179684
3	0.902980	750	-3.291652	-13.471336
4	0.879648	750	-3.251588	-16.722923
5	0.856682	750	-3.187161	-19.910084
6	0.834079	750	-3.140495	-23.050579
7	0.811838	750	-3.089347	-26.139926
8	0.789957	750	-3.065073	-29.204999
9	0.768433	750	-3.003602	-32.208600
10	0.747266	750	-2.938454	-35.147055
11	0.726452	750	-2.912350	-38.059405
12	0.705989	750	-2.850815	-40.910220
13	0.685877	750	-2.819451	-43.729671
14	0.666112	750	-2.773081	-46.502752
15	0.646693	750	-2.708919	-49.211671
16	0.627618	750	-2.684529	-51.896200
17	0.608884	750	-2.637414	-54.533614
18	0.590490	750	-2.575849	-57.109463
19	0.572433	750	-2.552209	-59.661672
20	0.554712	750	-2.500936	-62.162608
21	0.537324	750	-2.448995	-64.611602
22	0.520268	750	-2.399351	-67.010953
23	0.503540	750	-2.358235	-69.369188
24	0.487139	750	-2.300650	-71.669839
25	0.471063	750	-2.270532	-73.940371
26	0.455310	750	-2.233690	-76.174061
27	0.439877	750	-2.205701	-78.379762
28	0.424762	750	-2.164325	-80.544087
29	0.409963	750	-2.112389	-82.656476
30	0.395478	750	-2.053409	-84.709885
31	0.381305	750	-2.013868	-86.723753
32	0.367440	750	-1.980306	-88.704059
33	0.353883	750	-1.924775	-90.628834
34	0.340630	750	-1.905225	-92.534059
35	0.327680	750	-1.884283	-94.418341
36	0.315030	750	-1.828207	-96.246549
37	0.302677	750	-1.773140	-98.019689
38	0.290619	750	-1.735060	-99.754749
39	0.278855	750	-1.724772	-101.479520
40	0.267381	750	-1.683516	-103.163036
41	0.256195	750	-1.637516	-104.800552
42	0.245294	750	-1.628524	-106.429076
43	0.234677	750	-1.716494	-108.145570
44	0.224340	750	-1.543876	-109.689447
45	0.214281	750	-1.516035	-111.205482
46	0.204498	750	-1.462988	-112.668470
47	0.194988	750	-1.405744	-114.074214
48	0.185749	750	-1.402712	-115.476926
49	0.176777	750	-1.454678	-116.931604
50	0.168070	750	-1.368616	-118.300220
51	0.159626	750	-1.370493	-119.670713
52	0.151441	750	-1.480793	-121.151505
53	0.143514	750	-1.423548	-122.575053
54	0.135841	750	-1.305309	-123.880363
55	0.128420	750	-1.207480	-125.087843
56	0.121247	750	-1.351739	-126.439582
57	0.114320	750	-1.370307	-127.809888
58	0.107637	750	-1.385441	-129.195330
59	0.101193	750	-1.242008	-130.437337
60	0.094986	750	-1.393919	-131.831256
61	0.089014	750	-1.217852	-133.049108
62	0.083273	750	-1.104881	-134.153989
63	0.077760	750	-1.250568	-135.404557
64	0.072472	750	-1.100527	-136.505083
65	0.067406	750	-1.139995	-137.645078
66	0.062558	750	-1.078760	-138.723838
67	0.057926	750	-1.036230	-139.760068
68	0.053506	750	-0.971246	-140.731314
69	0.049295	750	-0.983797	-141.715110
70	0.045289	750	-0.940439	-142.655549
71	0.041485	750	-0.894810	-143.550359
72	0.037880	750	-0.870039	-144.420398
73	0.034469	750	-0.821484	-145.241883
74	0.031250	750	-0.782356	-146.024239
75	0.028218	750	-0.722477	-146.746716
76	0.025370	750	-0.707181	-147.453897
77	0.022702	750	-0.664838	-148.118735
78	0.020209	750	-0.633966	-148.752701
79	0.017889	750	-0.604080	-149.356781
80	0.015736	750	-0.567081	-149.923862
81	0.013746	750	-0.520380	-150.444242
82	0.011916	750	-0.505267	-150.949509
83	0.010240	750	-0.459647	-151.409156
84	0.008714	750	-0.429500	-151.838657
85	0.007334	750	-0.399791	-152.238447
86	0.006093	750	-0.361600	-152.600048
87	0.004988	750	-0.332682	-152.932730
88	0.004013	750	-0.286204	-153.218934
89	0.003162	750	-0.251927	-153.470861
90	0.002430	750	-0.233274	-153.704135
91	0.001810	750	-0.222722	-153.926858
92	0.001296	750	-0.170261	-154.097118
93	0.000882	750	-0.133656	-154.230774
94	0.000559	750	-0.104845	-154.335619
95	0.000320	750	-0.088522	-154.424141
96	0.000156	750	-0.062004	-154.486145
97	0.000057	750	-0.038742	-154.524887
98	0.000010	750	-0.017965	-154.542852
99	0.000000	750	-0.003598	-154.546450
Log marginal likelihood:	-154.546450
0	0.975187	750	-3.823584	-3.823584
1	0.950747	750	-3.779535	-7.603119
2	0.926679	750	-3.706880	-11.309999
3	0.902980	750	-3.647949	-14.957948
4	0.879648	750	-3.594834	-18.552782
5	0.856682	750	-3.541038	-22.093820
6	0.834079	750	-3.494761	-25.588581
7	0.811838	750	-3.436577	-29.025158
8	0.789957	750	-3.372809	-32.397967
9	0.768433	750	-3.324906	-35.722873
10	0.747266	750	-3.268084	-38.990957
11	0.726452	750	-3.219100	-42.210057
12	0.705989	750	-3.170004	-45.380061
13	0.685877	750	-3.122068	-48.502129
14	0.666112	750	-3.070074	-51.572203
15	0.646693	750	-3.012335	-54.584538
16	0.627618	750	-2.959804	-57.544342
17	0.608884	750	-2.906209	-60.450551
18	0.590490	750	-2.863161	-63.313712
19	0.572433	750	-2.804507	-66.118219
20	0.554712	750	-2.760069	-68.878289
21	0.537324	750	-2.702093	-71.580382
22	0.520268	750	-2.659715	-74.240097
23	0.503540	750	-2.617701	-76.857798
24	0.487139	750	-2.560388	-79.418186
25	0.471063	750	-2.523251	-81.941437
26	0.455310	750	-2.461958	-84.403395
27	0.439877	750	-2.411984	-86.815379
28	0.424762	750	-2.374494	-89.189873
29	0.409963	750	-2.331688	-91.521560
30	0.395478	750	-2.265055	-93.786615
31	0.381305	750	-2.239354	-96.025969
32	0.367440	750	-2.199857	-98.225826
33	0.353883	750	-2.134103	-100.359929
34	0.340630	750	-2.097037	-102.456965
35	0.327680	750	-2.065065	-104.522030
36	0.315030	750	-1.997081	-106.519111
37	0.302677	750	-1.986560	-108.505671
38	0.290619	750	-1.915438	-110.421109
39	0.278855	750	-1.897812	-112.318921
40	0.267381	750	-1.838312	-114.157233
41	0.256195	750	-1.816411	-115.973644
42	0.245294	750	-1.814057	-117.787701
43	0.234677	750	-1.718544	-119.506244
44	0.224340	750	-1.768979	-121.275223
45	0.214281	750	-1.629046	-122.904269
46	0.204498	750	-1.693246	-124.597515
47	0.194988	750	-1.657915	-126.255430
48	0.185749	750	-1.595093	-127.850523
49	0.176777	750	-1.565982	-129.416505
50	0.168070	750	-1.655257	-131.071763
51	0.159626	750	-1.574155	-132.645917
52	0.151441	750	-1.517641	-134.163558
53	0.143514	750	-1.573809	-135.737367
54	0.135841	750	-1.595557	-137.332925
55	0.128420	750	-1.449955	-138.782880
56	0.121247	750	-1.407107	-140.189987
57	0.114320	750	-1.429442	-141.619429
58	0.107637	750	-1.520229	-143.139658
59	0.101193	750	-1.426565	-144.566223
60	0.094986	750	-1.336313	-145.902536
61	0.089014	750	-1.311903	-147.214439
62	0.083273	750	-1.329946	-148.544386
63	0.077760	750	-1.225575	-149.769960
64	0.072472	750	-1.145350	-150.915310
65	0.067406	750	-1.204143	-152.119453
66	0.062558	750	-1.151229	-153.270682
67	0.057926	750	-1.118294	-154.388976
68	0.053506	750	-1.061852	-155.450828
69	0.049295	750	-0.991917	-156.442745
70	0.045289	750	-0.979306	-157.422051
71	0.041485	750	-0.920268	-158.342320
72	0.037880	750	-0.860092	-159.202411
73	0.034469	750	-0.849485	-160.051896
74	0.031250	750	-0.798505	-160.850401
75	0.028218	750	-0.771277	-161.621678
76	0.025370	750	-0.716615	-162.338293
77	0.022702	750	-0.678601	-163.016894
78	0.020209	750	-0.663242	-163.680137
79	0.017889	750	-0.624126	-164.304263
80	0.015736	750	-0.550740	-164.855002
81	0.013746	750	-0.535417	-165.390420
82	0.011916	750	-0.484821	-165.875240
83	0.010240	750	-0.471724	-166.346965
84	0.008714	750	-0.440662	-166.787627
85	0.007334	750	-0.395007	-167.182634
86	0.006093	750	-0.348010	-167.530644
87	0.004988	750	-0.345709	-167.876353
88	0.004013	750	-0.281425	-168.157778
89	0.003162	750	-0.271361	-168.429139
90	0.002430	750	-0.250462	-168.679601
91	0.001810	750	-0.204371	-168.883972
92	0.001296	750	-0.179422	-169.063395
93	0.000882	750	-0.133653	-169.197047
94	0.000559	750	-0.128521	-169.325568
95	0.000320	750	-0.083865	-169.409433
96	0.000156	750	-0.059212	-169.468645
97	0.000057	750	-0.041348	-169.509993
98	0.000010	750	-0.015768	-169.525761
99	0.000000	750	-0.004093	-169.529855
Log marginal likelihood:	-169.529855
0	0.975187	750	-3.923840	-3.923840
1	0.950747	750	-3.881049	-7.804889
2	0.926679	750	-3.817867	-11.622756
3	0.902980	750	-3.765700	-15.388456
4	0.879648	750	-3.712440	-19.100896
5	0.856682	750	-3.656897	-22.757794
6	0.834079	750	-3.587708	-26.345501
7	0.811838	750	-3.537999	-29.883500
8	0.789957	750	-3.484715	-33.368215
9	0.768433	750	-3.426776	-36.794992
10	0.747266	750	-3.370749	-40.165741
11	0.726452	750	-3.310796	-43.476538
12	0.705989	750	-3.252563	-46.729100
13	0.685877	750	-3.221029	-49.950129
14	0.666112	750	-3.149997	-53.100127
15	0.646693	750	-3.094223	-56.194349
16	0.627618	750	-3.034785	-59.229134
17	0.608884	750	-2.986327	-62.215461
18	0.590490	750	-2.941738	-65.157200
19	0.572433	750	-2.891741	-68.048941
20	0.554712	750	-2.843100	-70.892041
21	0.537324	750	-2.780412	-73.672453
22	0.520268	750	-2.743503	-76.415956
23	0.503540	750	-2.687423	-79.103380
24	0.487139	750	-2.635884	-81.739264
25	0.471063	750	-2.593863	-84.333127
26	0.455310	750	-2.533013	-86.866139
27	0.439877	750	-2.495823	-89.361962
28	0.424762	750	-2.445627	-91.807589
29	0.409963	750	-2.410894	-94.218482
30	0.395478	750	-2.331596	-96.550078
31	0.381305	750	-2.287492	-98.837570
32	0.367440	750	-2.255893	-101.093464
33	0.353883	750	-2.196609	-103.290073
34	0.340630	750	-2.166215	-105.456287
35	0.327680	750	-2.098341	-107.554628
36	0.315030	750	-2.105316	-109.659944
37	0.302677	750	-2.027215	-111.687159
38	0.290619	750	-1.998255	-113.685413
39	0.278855	750	-1.933047	-115.618460
40	0.267381	750	-1.922327	-117.540788
41	0.256195	750	-1.881296	-119.422083
42	0.245294	750	-1.814835	-121.236918
43	0.234677	750	-1.770475	-123.007393
44	0.224340	750	-1.830192	-124.837585
45	0.214281	750	-1.861458	-126.699044
46	0.204498	750	-1.681899	-128.380943
47	0.194988	750	-1.851558	-130.232501
48	0.185749	750	-1.829522	-132.062023
49	0.176777	750	-1.667288	-133.729311
50	0.168070	750	-1.533420	-135.262731
51	0.159626	750	-1.705313	-136.968044
52	0.151441	750	-1.570855	-138.538900
53	0.143514	750	-1.559389	-140.098289
54	0.135841	750	-1.517757	-141.616045
55	0.128420	750	-1.474804	-143.090849
56	0.121247	750	-1.465685	-144.556534
57	0.114320	750	-1.442256	-145.998790
58	0.107637	750	-1.438413	-147.437203
59	0.101193	750	-1.441109	-148.878312
60	0.094986	750	-1.413670	-150.291983
61	0.089014	750	-1.428485	-151.720467
62	0.083273	750	-1.365783	-153.086250
63	0.077760	750	-1.235542	-154.321792
64	0.072472	750	-1.250430	-155.572222
65	0.067406	750	-1.177881	-156.750103
66	0.062558	750	-1.137615	-157.887718
67	0.057926	750	-1.094933	-158.982651
68	0.053506	750	-1.084487	-160.067138
69	0.049295	750	-1.025840	-161.092978
70	0.045289	750	-0.964920	-162.057897
71	0.041485	750	-0.939185	-162.997082
72	0.037880	750	-0.905941	-163.903023
73	0.034469	750	-0.845528	-164.748551
74	0.031250	750	-0.796826	-165.545377
75	0.028218	750	-0.781467	-166.326844
76	0.025370	750	-0.752955	-167.079799
77	0.022702	750	-0.694934	-167.774733
78	0.020209	750	-0.632037	-168.406770
79	0.017889	750	-0.624107	-169.030876
80	0.015736	750	-0.587875	-169.618751
81	0.013746	750	-0.578234	-170.196985
82	0.011916	750	-0.497308	-170.694293
83	0.010240	750	-0.476107	-171.170400
84	0.008714	750	-0.448068	-171.618468
85	0.007334	750	-0.406343	-172.024811
86	0.006093	750	-0.358548	-172.383359
87	0.004988	750	-0.333491	-172.716850
88	0.004013	750	-0.298237	-173.015087
89	0.003162	750	-0.273224	-173.288311
90	0.002430	750	-0.237695	-173.526006
91	0.001810	750	-0.205378	-173.731384
92	0.001296	750	-0.180447	-173.911831
93	0.000882	750	-0.147402	-174.059232
94	0.000559	750	-0.103555	-174.162787
95	0.000320	750	-0.090716	-174.253504
96	0.000156	750	-0.062535	-174.316039
97	0.000057	750	-0.032737	-174.348776
98	0.000010	750	-0.016300	-174.365076
99	0.000000	750	-0.003629	-174.368705
Log marginal likelihood:	-174.368705
0	0.975187	750	-3.462596	-3.462596
1	0.950747	750	-3.394969	-6.857565
2	0.926679	750	-3.359353	-10.216918
3	0.902980	750	-3.306847	-13.523765
4	0.879648	750	-3.257177	-16.780942
5	0.856682	750	-3.206523	-19.987466
6	0.834079	750	-3.168837	-23.156303
7	0.811838	750	-3.117817	-26.274120
8	0.789957	750	-3.050514	-29.324634
9	0.768433	750	-3.016039	-32.340673
10	0.747266	750	-2.968851	-35.309524
11	0.726452	750	-2.922214	-38.231738
12	0.705989	750	-2.872756	-41.104494
13	0.685877	750	-2.828283	-43.932778
14	0.666112	750	-2.767630	-46.700408
15	0.646693	750	-2.734764	-49.435172
16	0.627618	750	-2.688428	-52.123600
17	0.608884	750	-2.638245	-54.761844
18	0.590490	750	-2.578668	-57.340512
19	0.572433	750	-2.539017	-59.879530
20	0.554712	750	-2.504829	-62.384359
21	0.537324	750	-2.463586	-64.847945
22	0.520268	750	-2.408953	-67.256899
23	0.503540	750	-2.362936	-69.619835
24	0.487139	750	-2.312794	-71.932629
25	0.471063	750	-2.277759	-74.210388
26	0.455310	750	-2.217665	-76.428053
27	0.439877	750	-2.205488	-78.633541
28	0.424762	750	-2.158128	-80.791669
29	0.409963	750	-2.102402	-82.894071
30	0.395478	750	-2.060255	-84.954326
31	0.381305	750	-2.008446	-86.962772
32	0.367440	750	-1.972617	-88.935389
33	0.353883	750	-1.936945	-90.872334
34	0.340630	750	-1.902465	-92.774799
35	0.327680	750	-1.857099	-94.631898
36	0.315030	750	-1.835050	-96.466948
37	0.302677	750	-1.794879	-98.261827
38	0.290619	750	-1.756011	-100.017838
39	0.278855	750	-1.695833	-101.713671
40	0.267381	750	-1.678461	-103.392133
41	0.256195	750	-1.626432	-105.018565
42	0.245294	750	-1.618420	-106.636985
43	0.234677	750	-1.593003	-108.229988
44	0.224340	750	-1.522472	-109.752460
45	0.214281	750	-1.521234	-111.273694
46	0.204498	750	-1.562362	-112.836056
47	0.194988	750	-1.432056	-114.268113
48	0.185749	750	-1.451736	-115.719848
49	0.176777	750	-1.520933	-117.240781
50	0.168070	750	-1.490234	-118.731015
51	0.159626	750	-1.404022	-120.135037
52	0.151441	750	-1.423927	-121.558964
53	0.143514	750	-1.343429	-122.902393
54	0.135841	750	-1.383000	-124.285393
55	0.128420	750	-1.307536	-125.592929
56	0.121247	750	-1.443908	-127.036837
57	0.114320	750	-1.288973	-128.325810
58	0.107637	750	-1.275847	-129.601657
59	0.101193	750	-1.312599	-130.914256
60	0.094986	750	-1.288482	-132.202738
61	0.089014	750	-1.086446	-133.289184
62	0.083273	750	-1.162412	-134.451596
63	0.077760	750	-1.129842	-135.581438
64	0.072472	750	-1.120102	-136.701541
65	0.067406	750	-1.035677	-137.737217
66	0.062558	750	-1.081028	-138.818245
67	0.057926	750	-1.068287	-139.886532
68	0.053506	750	-0.979087	-140.865619
69	0.049295	750	-0.966084	-141.831704
70	0.045289	750	-0.911545	-142.743249
71	0.041485	750	-0.889698	-143.632947
72	0.037880	750	-0.848885	-144.481832
73	0.034469	750	-0.811994	-145.293826
74	0.031250	750	-0.783733	-146.077559
75	0.028218	750	-0.710576	-146.788135
76	0.025370	750	-0.698265	-147.486400
77	0.022702	750	-0.670786	-148.157186
78	0.020209	750	-0.615450	-148.772636
79	0.017889	750	-0.615161	-149.387797
80	0.015736	750	-0.564422	-149.952219
81	0.013746	750	-0.541875	-150.494094
82	0.011916	750	-0.483954	-150.978048
83	0.010240	750	-0.465571	-151.443620
84	0.008714	750	-0.415157	-151.858776
85	0.007334	750	-0.384764	-152.243540
86	0.006093	750	-0.353944	-152.597484
87	0.004988	750	-0.339612	-152.937096
88	0.004013	750	-0.303947	-153.241044
89	0.003162	750	-0.247374	-153.488417
90	0.002430	750	-0.228108	-153.716525
91	0.001810	750	-0.199916	-153.916441
92	0.001296	750	-0.180619	-154.097060
93	0.000882	750	-0.134007	-154.231067
94	0.000559	750	-0.122605	-154.353672
95	0.000320	750	-0.085748	-154.439420
96	0.000156	750	-0.057201	-154.496621
97	0.000057	750	-0.033654	-154.530275
98	0.000010	750	-0.016261	-154.546536
99	0.000000	750	-0.003604	-154.550140
Log marginal likelihood:	-154.550140
0	0.975187	750	-3.574733	-3.574733
1	0.950747	750	-3.519688	-7.094421
2	0.926679	750	-3.475531	-10.569952
3	0.902980	750	-3.425461	-13.995412
4	0.879648	750	-3.351148	-17.346560
5	0.856682	750	-3.301041	-20.647601
6	0.834079	750	-3.283830	-23.931431
7	0.811838	750	-3.215615	-27.147045
8	0.789957	750	-3.156388	-30.303433
9	0.768433	750	-3.118907	-33.422340
10	0.747266	750	-3.057332	-36.479673
11	0.726452	750	-3.017681	-39.497354
12	0.705989	750	-2.972078	-42.469431
13	0.685877	750	-2.910725	-45.380156
14	0.666112	750	-2.864347	-48.244503
15	0.646693	750	-2.801170	-51.045673
16	0.627618	750	-2.768302	-53.813975
17	0.608884	750	-2.735780	-56.549756
18	0.590490	750	-2.672368	-59.222123
19	0.572433	750	-2.626730	-61.848853
20	0.554712	750	-2.577801	-64.426654
21	0.537324	750	-2.542551	-66.969205
22	0.520268	750	-2.491367	-69.460572
23	0.503540	750	-2.451890	-71.912462
24	0.487139	750	-2.390113	-74.302575
25	0.471063	750	-2.341605	-76.644180
26	0.455310	750	-2.314022	-78.958202
27	0.439877	750	-2.273931	-81.232133
28	0.424762	750	-2.216577	-83.448711
29	0.409963	750	-2.182542	-85.631253
30	0.395478	750	-2.141728	-87.772981
31	0.381305	750	-2.098341	-89.871322
32	0.367440	750	-2.043767	-91.915089
33	0.353883	750	-2.001508	-93.916597
34	0.340630	750	-1.998440	-95.915037
35	0.327680	750	-1.940233	-97.855271
36	0.315030	750	-1.886914	-99.742185
37	0.302677	750	-1.860614	-101.602799
38	0.290619	750	-1.812851	-103.415650
39	0.278855	750	-1.758749	-105.174399
40	0.267381	750	-1.708445	-106.882845
41	0.256195	750	-1.689333	-108.572178
42	0.245294	750	-1.644970	-110.217148
43	0.234677	750	-1.617231	-111.834379
44	0.224340	750	-1.620166	-113.454545
45	0.214281	750	-1.706211	-115.160755
46	0.204498	750	-1.531790	-116.692545
47	0.194988	750	-1.470668	-118.163213
48	0.185749	750	-1.588037	-119.751251
49	0.176777	750	-1.461261	-121.212512
50	0.168070	750	-1.556911	-122.769422
51	0.159626	750	-1.540719	-124.310142
52	0.151441	750	-1.417032	-125.727174
53	0.143514	750	-1.463333	-127.190507
54	0.135841	750	-1.275510	-128.466017
55	0.128420	750	-1.316005	-129.782022
56	0.121247	750	-1.343128	-131.125150
57	0.114320	750	-1.351218	-132.476368
58	0.107637	750	-1.306925	-133.783293
59	0.101193	750	-1.241827	-135.025119
60	0.094986	750	-1.305067	-136.330186
61	0.089014	750	-1.306050	-137.636236
62	0.083273	750	-1.265590	-138.901826
63	0.077760	750	-1.175428	-140.077254
64	0.072472	750	-1.225917	-141.303170
65	0.067406	750	-1.140711	-142.443881
66	0.062558	750	-1.043401	-143.487282
67	0.057926	750	-1.074865	-144.562147
68	0.053506	750	-1.060113	-145.622260
69	0.049295	750	-0.990154	-146.612414
70	0.045289	750	-0.978747	-147.591161
71	0.041485	750	-0.918734	-148.509895
72	0.037880	750	-0.879242	-149.389137
73	0.034469	750	-0.825555	-150.214691
74	0.031250	750	-0.789814	-151.004506
75	0.028218	750	-0.742079	-151.746584
76	0.025370	750	-0.701548	-152.448132
77	0.022702	750	-0.675083	-153.123215
78	0.020209	750	-0.642849	-153.766063
79	0.017889	750	-0.608084	-154.374148
80	0.015736	750	-0.576252	-154.950400
81	0.013746	750	-0.555822	-155.506222
82	0.011916	750	-0.498610	-156.004831
83	0.010240	750	-0.462174	-156.467005
84	0.008714	750	-0.443559	-156.910564
85	0.007334	750	-0.403347	-157.313912
86	0.006093	750	-0.371357	-157.685268
87	0.004988	750	-0.335141	-158.020409
88	0.004013	750	-0.330040	-158.350450
89	0.003162	750	-0.266803	-158.617252
90	0.002430	750	-0.230121	-158.847373
91	0.001810	750	-0.245925	-159.093298
92	0.001296	750	-0.164171	-159.257469
93	0.000882	750	-0.133230	-159.390699
94	0.000559	750	-0.114194	-159.504893
95	0.000320	750	-0.080176	-159.585069
96	0.000156	750	-0.067030	-159.652099
97	0.000057	750	-0.033595	-159.685694
98	0.000010	750	-0.018433	-159.704127
99	0.000000	750	-0.003605	-159.707732
Log marginal likelihood:	-159.707732
0	0.975187	750	-3.397080	-3.397080
1	0.950747	750	-3.380524	-6.777604
2	0.926679	750	-3.355043	-10.132648
3	0.902980	750	-3.267547	-13.400195
4	0.879648	750	-3.242847	-16.643042
5	0.856682	750	-3.187649	-19.830691
6	0.834079	750	-3.135141	-22.965831
7	0.811838	750	-3.075912	-26.041744
8	0.789957	750	-3.050762	-29.092506
9	0.768433	750	-3.017213	-32.109718
10	0.747266	750	-2.957131	-35.066849
11	0.726452	750	-2.882315	-37.949164
12	0.705989	750	-2.834315	-40.783479
13	0.685877	750	-2.818463	-43.601942
14	0.666112	750	-2.750227	-46.352168
15	0.646693	750	-2.699264	-49.051432
16	0.627618	750	-2.670893	-51.722325
17	0.608884	750	-2.636687	-54.359012
18	0.590490	750	-2.569575	-56.928587
19	0.572433	750	-2.539257	-59.467844
20	0.554712	750	-2.495807	-61.963651
21	0.537324	750	-2.438430	-64.402081
22	0.520268	750	-2.398359	-66.800440
23	0.503540	750	-2.354113	-69.154553
24	0.487139	750	-2.296272	-71.450825
25	0.471063	750	-2.255979	-73.706804
26	0.455310	750	-2.227142	-75.933946
27	0.439877	750	-2.168451	-78.102396
28	0.424762	750	-2.139548	-80.241944
29	0.409963	750	-2.105363	-82.347307
30	0.395478	750	-2.043487	-84.390794
31	0.381305	750	-2.016040	-86.406834
32	0.367440	750	-1.970659	-88.377493
33	0.353883	750	-1.916630	-90.294123
34	0.340630	750	-1.898654	-92.192778
35	0.327680	750	-1.861845	-94.054623
36	0.315030	750	-1.834097	-95.888721
37	0.302677	750	-1.780279	-97.669000
38	0.290619	750	-1.745175	-99.414175
39	0.278855	750	-1.710918	-101.125092
40	0.267381	750	-1.668263	-102.793355
41	0.256195	750	-1.608838	-104.402193
42	0.245294	750	-1.588500	-105.990692
43	0.234677	750	-1.572890	-107.563582
44	0.224340	750	-1.704591	-109.268173
45	0.214281	750	-1.534210	-110.802384
46	0.204498	750	-1.489883	-112.292267
47	0.194988	750	-1.524650	-113.816917
48	0.185749	750	-1.440028	-115.256945
49	0.176777	750	-1.389411	-116.646356
50	0.168070	750	-1.295769	-117.942125
51	0.159626	750	-1.431119	-119.373243
52	0.151441	750	-1.378674	-120.751917
53	0.143514	750	-1.323113	-122.075031
54	0.135841	750	-1.366250	-123.441281
55	0.128420	750	-1.342589	-124.783870
56	0.121247	750	-1.332534	-126.116404
57	0.114320	750	-1.343968	-127.460372
58	0.107637	750	-1.094986	-128.555358
59	0.101193	750	-1.281191	-129.836548
60	0.094986	750	-1.213882	-131.050430
61	0.089014	750	-1.123414	-132.173844
62	0.083273	750	-1.119863	-133.293707
63	0.077760	750	-1.135895	-134.429602
64	0.072472	750	-1.103192	-135.532794
65	0.067406	750	-0.989087	-136.521881
66	0.062558	750	-0.987309	-137.509190
67	0.057926	750	-1.037979	-138.547169
68	0.053506	750	-1.017098	-139.564267
69	0.049295	750	-0.933240	-140.497507
70	0.045289	750	-0.926317	-141.423824
71	0.041485	750	-0.834305	-142.258129
72	0.037880	750	-0.857363	-143.115492
73	0.034469	750	-0.807652	-143.923144
74	0.031250	750	-0.778921	-144.702065
75	0.028218	750	-0.750609	-145.452674
76	0.025370	750	-0.702369	-146.155043
77	0.022702	750	-0.664776	-146.819819
78	0.020209	750	-0.621880	-147.441699
79	0.017889	750	-0.584488	-148.026188
80	0.015736	750	-0.581129	-148.607317
81	0.013746	750	-0.505454	-149.112771
82	0.011916	750	-0.509298	-149.622069
83	0.010240	750	-0.456693	-150.078763
84	0.008714	750	-0.412796	-150.491558
85	0.007334	750	-0.398377	-150.889935
86	0.006093	750	-0.355593	-151.245528
87	0.004988	750	-0.346346	-151.591874
88	0.004013	750	-0.314740	-151.906614
89	0.003162	750	-0.266765	-152.173379
90	0.002430	750	-0.237701	-152.411080
91	0.001810	750	-0.194708	-152.605788
92	0.001296	750	-0.172912	-152.778700
93	0.000882	750	-0.141432	-152.920132
94	0.000559	750	-0.111918	-153.032049
95	0.000320	750	-0.086698	-153.118747
96	0.000156	750	-0.051477	-153.170224
97	0.000057	750	-0.034573	-153.204797
98	0.000010	750	-0.015467	-153.220264
99	0.000000	750	-0.003173	-153.223437
Log marginal likelihood:	-153.223437
0	0.975187	750	-3.405819	-3.405819
1	0.950747	750	-3.363744	-6.769564
2	0.926679	750	-3.318198	-10.087762
3	0.902980	750	-3.261047	-13.348809
4	0.879648	750	-3.216249	-16.565058
5	0.856682	750	-3.160883	-19.725941
6	0.834079	750	-3.117965	-22.843906
7	0.811838	750	-3.062751	-25.906657
8	0.789957	750	-3.021963	-28.928620
9	0.768433	750	-2.965506	-31.894127
10	0.747266	750	-2.921400	-34.815526
11	0.726452	750	-2.880823	-37.696349
12	0.705989	750	-2.832803	-40.529151
13	0.685877	750	-2.777173	-43.306324
14	0.666112	750	-2.719814	-46.026138
15	0.646693	750	-2.686780	-48.712918
16	0.627618	750	-2.647229	-51.360147
17	0.608884	750	-2.589458	-53.949605
18	0.590490	750	-2.543358	-56.492963
19	0.572433	750	-2.505955	-58.998918
20	0.554712	750	-2.467186	-61.466105
21	0.537324	750	-2.431932	-63.898037
22	0.520268	750	-2.373088	-66.271125
23	0.503540	750	-2.327413	-68.598538
24	0.487139	750	-2.286470	-70.885008
25	0.471063	750	-2.257865	-73.142873
26	0.455310	750	-2.195657	-75.338530
27	0.439877	750	-2.157216	-77.495746
28	0.424762	750	-2.135990	-79.631736
29	0.409963	750	-2.076332	-81.708068
30	0.395478	750	-2.040969	-83.749038
31	0.381305	750	-1.995492	-85.744530
32	0.367440	750	-1.956825	-87.701355
33	0.353883	750	-1.915119	-89.616473
34	0.340630	750	-1.869577	-91.486050
35	0.327680	750	-1.837729	-93.323779
36	0.315030	750	-1.796649	-95.120429
37	0.302677	750	-1.788703	-96.909132
38	0.290619	750	-1.733512	-98.642644
39	0.278855	750	-1.678326	-100.320970
40	0.267381	750	-1.628226	-101.949195
41	0.256195	750	-1.613921	-103.563117
42	0.245294	750	-1.564890	-105.128007
43	0.234677	750	-1.544933	-106.672939
44	0.224340	750	-1.534331	-108.207270
45	0.214281	750	-1.525778	-109.733049
46	0.204498	750	-1.440564	-111.173613
47	0.194988	750	-1.400507	-112.574120
48	0.185749	750	-1.536648	-114.110768
49	0.176777	750	-1.340278	-115.451046
50	0.168070	750	-1.389455	-116.840500
51	0.159626	750	-1.448425	-118.288926
52	0.151441	750	-1.433137	-119.722063
53	0.143514	750	-1.424929	-121.146991
54	0.135841	750	-1.257698	-122.404689
55	0.128420	750	-1.393366	-123.798055
56	0.121247	750	-1.173489	-124.971544
57	0.114320	750	-1.199092	-126.170636
58	0.107637	750	-1.126171	-127.296807
59	0.101193	750	-1.314547	-128.611354
60	0.094986	750	-1.147242	-129.758596
61	0.089014	750	-1.204524	-130.963120
62	0.083273	750	-1.009982	-131.973103
63	0.077760	750	-1.076994	-133.050096
64	0.072472	750	-1.145023	-134.195119
65	0.067406	750	-1.164659	-135.359778
66	0.062558	750	-1.081669	-136.441447
67	0.057926	750	-0.971810	-137.413258
68	0.053506	750	-1.051909	-138.465167
69	0.049295	750	-0.996703	-139.461870
70	0.045289	750	-0.922542	-140.384412
71	0.041485	750	-0.893840	-141.278252
72	0.037880	750	-0.766491	-142.044742
73	0.034469	750	-0.813637	-142.858379
74	0.031250	750	-0.786969	-143.645349
75	0.028218	750	-0.731914	-144.377262
76	0.025370	750	-0.696978	-145.074240
77	0.022702	750	-0.655501	-145.729741
78	0.020209	750	-0.638956	-146.368697
79	0.017889	750	-0.589791	-146.958488
80	0.015736	750	-0.567348	-147.525837
81	0.013746	750	-0.536093	-148.061929
82	0.011916	750	-0.505843	-148.567772
83	0.010240	750	-0.456539	-149.024311
84	0.008714	750	-0.424310	-149.448621
85	0.007334	750	-0.382620	-149.831241
86	0.006093	750	-0.348481	-150.179722
87	0.004988	750	-0.320980	-150.500702
88	0.004013	750	-0.299947	-150.800649
89	0.003162	750	-0.263419	-151.064068
90	0.002430	750	-0.230495	-151.294562
91	0.001810	750	-0.224260	-151.518823
92	0.001296	750	-0.163130	-151.681953
93	0.000882	750	-0.147398	-151.829351
94	0.000559	750	-0.115214	-151.944564
95	0.000320	750	-0.089322	-152.033886
96	0.000156	750	-0.052984	-152.086870
97	0.000057	750	-0.035391	-152.122261
98	0.000010	750	-0.018894	-152.141155
99	0.000000	750	-0.003468	-152.144624
Log marginal likelihood:	-152.144624
0	0.975187	750	-3.593815	-3.593815
1	0.950747	750	-3.531493	-7.125308
2	0.926679	750	-3.489049	-10.614357
3	0.902980	750	-3.422745	-14.037102
4	0.879648	750	-3.384679	-17.421781
5	0.856682	750	-3.322485	-20.744266
6	0.834079	750	-3.267384	-24.011649
7	0.811838	750	-3.225358	-27.237007
8	0.789957	750	-3.175317	-30.412324
9	0.768433	750	-3.126654	-33.538978
10	0.747266	750	-3.074993	-36.613971
11	0.726452	750	-3.015960	-39.629931
12	0.705989	750	-2.967885	-42.597816
13	0.685877	750	-2.912650	-45.510466
14	0.666112	750	-2.868413	-48.378878
15	0.646693	750	-2.824896	-51.203774
16	0.627618	750	-2.780431	-53.984206
17	0.608884	750	-2.725645	-56.709851
18	0.590490	750	-2.677791	-59.387642
19	0.572433	750	-2.630069	-62.017711
20	0.554712	750	-2.583865	-64.601576
21	0.537324	750	-2.547668	-67.149244
22	0.520268	750	-2.489384	-69.638628
23	0.503540	750	-2.432776	-72.071404
24	0.487139	750	-2.396927	-74.468331
25	0.471063	750	-2.366296	-76.834627
26	0.455310	750	-2.305340	-79.139967
27	0.439877	750	-2.279387	-81.419354
28	0.424762	750	-2.247089	-83.666443
29	0.409963	750	-2.174876	-85.841319
30	0.395478	750	-2.144930	-87.986249
31	0.381305	750	-2.090759	-90.077008
32	0.367440	750	-2.059885	-92.136893
33	0.353883	750	-2.001672	-94.138564
34	0.340630	750	-1.968243	-96.106808
35	0.327680	750	-1.941435	-98.048243
36	0.315030	750	-1.871228	-99.919471
37	0.302677	750	-1.842697	-101.762168
38	0.290619	750	-1.794192	-103.556360
39	0.278855	750	-1.802358	-105.358718
40	0.267381	750	-1.714334	-107.073052
41	0.256195	750	-1.717250	-108.790302
42	0.245294	750	-1.654770	-110.445072
43	0.234677	750	-1.609833	-112.054906
44	0.224340	750	-1.607313	-113.662219
45	0.214281	750	-1.527708	-115.189927
46	0.204498	750	-1.562230	-116.752157
47	0.194988	750	-1.471277	-118.223434
48	0.185749	750	-1.430382	-119.653816
49	0.176777	750	-1.468262	-121.122078
50	0.168070	750	-1.662049	-122.784127
51	0.159626	750	-1.397156	-124.181283
52	0.151441	750	-1.499351	-125.680634
53	0.143514	750	-1.402858	-127.083492
54	0.135841	750	-1.345141	-128.428633
55	0.128420	750	-1.456515	-129.885148
56	0.121247	750	-1.244149	-131.129296
57	0.114320	750	-1.399439	-132.528736
58	0.107637	750	-1.430973	-133.959708
59	0.101193	750	-1.324260	-135.283968
60	0.094986	750	-1.273029	-136.556997
61	0.089014	750	-1.363998	-137.920994
62	0.083273	750	-1.168302	-139.089297
63	0.077760	750	-1.240686	-140.329983
64	0.072472	750	-1.158558	-141.488541
65	0.067406	750	-1.123462	-142.612003
66	0.062558	750	-1.084758	-143.696761
67	0.057926	750	-1.099049	-144.795810
68	0.053506	750	-0.995221	-145.791031
69	0.049295	750	-1.005998	-146.797029
70	0.045289	750	-0.943823	-147.740852
71	0.041485	750	-0.919092	-148.659944
72	0.037880	750	-0.837270	-149.497214
73	0.034469	750	-0.818435	-150.315649
74	0.031250	750	-0.790959	-151.106608
75	0.028218	750	-0.746551	-151.853160
76	0.025370	750	-0.710691	-152.563851
77	0.022702	750	-0.672580	-153.236431
78	0.020209	750	-0.652128	-153.888558
79	0.017889	750	-0.598268	-154.486826
80	0.015736	750	-0.566413	-155.053239
81	0.013746	750	-0.536419	-155.589659
82	0.011916	750	-0.507264	-156.096923
83	0.010240	750	-0.464004	-156.560927
84	0.008714	750	-0.443443	-157.004370
85	0.007334	750	-0.414114	-157.418484
86	0.006093	750	-0.364934	-157.783418
87	0.004988	750	-0.323534	-158.106952
88	0.004013	750	-0.295769	-158.402721
89	0.003162	750	-0.259176	-158.661897
90	0.002430	750	-0.233112	-158.895009
91	0.001810	750	-0.209808	-159.104817
92	0.001296	750	-0.176708	-159.281526
93	0.000882	750	-0.140136	-159.421661
94	0.000559	750	-0.113701	-159.535362
95	0.000320	750	-0.080159	-159.615521
96	0.000156	750	-0.060213	-159.675734
97	0.000057	750	-0.037638	-159.713372
98	0.000010	750	-0.018466	-159.731838
99	0.000000	750	-0.003457	-159.735295
Log marginal likelihood:	-159.735295
0	0.975187	750	-3.544475	-3.544475
1	0.950747	750	-3.517909	-7.062384
2	0.926679	750	-3.466065	-10.528449
3	0.902980	750	-3.404551	-13.933000
4	0.879648	750	-3.340229	-17.273229
5	0.856682	750	-3.297389	-20.570617
6	0.834079	750	-3.255008	-23.825625
7	0.811838	750	-3.200428	-27.026053
8	0.789957	750	-3.171934	-30.197987
9	0.768433	750	-3.108878	-33.306865
10	0.747266	750	-3.060243	-36.367108
11	0.726452	750	-3.023478	-39.390585
12	0.705989	750	-2.968643	-42.359229
13	0.685877	750	-2.921454	-45.280683
14	0.666112	750	-2.860276	-48.140959
15	0.646693	750	-2.831767	-50.972727
16	0.627618	750	-2.771729	-53.744456
17	0.608884	750	-2.701883	-56.446339
18	0.590490	750	-2.679278	-59.125617
19	0.572433	750	-2.634706	-61.760323
20	0.554712	750	-2.594122	-64.354444
21	0.537324	750	-2.529586	-66.884030
22	0.520268	750	-2.464653	-69.348683
23	0.503540	750	-2.445217	-71.793900
24	0.487139	750	-2.405075	-74.198976
25	0.471063	750	-2.354905	-76.553880
26	0.455310	750	-2.314687	-78.868567
27	0.439877	750	-2.249404	-81.117972
28	0.424762	750	-2.230513	-83.348485
29	0.409963	750	-2.204432	-85.552917
30	0.395478	750	-2.147040	-87.699957
31	0.381305	750	-2.089427	-89.789384
32	0.367440	750	-2.062949	-91.852333
33	0.353883	750	-2.006020	-93.858353
34	0.340630	750	-1.978031	-95.836384
35	0.327680	750	-1.941217	-97.777601
36	0.315030	750	-1.863109	-99.640710
37	0.302677	750	-1.856437	-101.497147
38	0.290619	750	-1.777566	-103.274713
39	0.278855	750	-1.746718	-105.021431
40	0.267381	750	-1.729608	-106.751038
41	0.256195	750	-1.712339	-108.463378
42	0.245294	750	-1.642053	-110.105431
43	0.234677	750	-1.607041	-111.712472
44	0.224340	750	-1.573214	-113.285686
45	0.214281	750	-1.533957	-114.819644
46	0.204498	750	-1.528535	-116.348179
47	0.194988	750	-1.479827	-117.828006
48	0.185749	750	-1.494363	-119.322369
49	0.176777	750	-1.398788	-120.721157
50	0.168070	750	-1.502174	-122.223331
51	0.159626	750	-1.419556	-123.642887
52	0.151441	750	-1.381503	-125.024389
53	0.143514	750	-1.455248	-126.479638
54	0.135841	750	-1.324464	-127.804101
55	0.128420	750	-1.302797	-129.106898
56	0.121247	750	-1.352348	-130.459246
57	0.114320	750	-1.262067	-131.721314
58	0.107637	750	-1.420710	-133.142023
59	0.101193	750	-1.293142	-134.435165
60	0.094986	750	-1.347086	-135.782251
61	0.089014	750	-1.324581	-137.106832
62	0.083273	750	-1.322341	-138.429173
63	0.077760	750	-1.275834	-139.705006
64	0.072472	750	-1.173169	-140.878176
65	0.067406	750	-1.110526	-141.988702
66	0.062558	750	-1.033768	-143.022470
67	0.057926	750	-1.045100	-144.067569
68	0.053506	750	-1.022524	-145.090093
69	0.049295	750	-0.964747	-146.054840
70	0.045289	750	-0.926457	-146.981297
71	0.041485	750	-0.915617	-147.896915
72	0.037880	750	-0.844307	-148.741221
73	0.034469	750	-0.847732	-149.588953
74	0.031250	750	-0.815307	-150.404260
75	0.028218	750	-0.745594	-151.149853
76	0.025370	750	-0.701584	-151.851438
77	0.022702	750	-0.681898	-152.533335
78	0.020209	750	-0.660953	-153.194288
79	0.017889	750	-0.588292	-153.782581
80	0.015736	750	-0.560426	-154.343007
81	0.013746	750	-0.529010	-154.872017
82	0.011916	750	-0.490891	-155.362908
83	0.010240	750	-0.460660	-155.823568
84	0.008714	750	-0.439388	-156.262956
85	0.007334	750	-0.407910	-156.670866
86	0.006093	750	-0.394110	-157.064976
87	0.004988	750	-0.326954	-157.391930
88	0.004013	750	-0.299966	-157.691896
89	0.003162	750	-0.268609	-157.960505
90	0.002430	750	-0.227937	-158.188442
91	0.001810	750	-0.229480	-158.417922
92	0.001296	750	-0.174989	-158.592911
93	0.000882	750	-0.130086	-158.722998
94	0.000559	750	-0.101471	-158.824469
95	0.000320	750	-0.087896	-158.912365
96	0.000156	750	-0.060474	-158.972839
97	0.000057	750	-0.032786	-159.005625
98	0.000010	750	-0.016250	-159.021874
99	0.000000	750	-0.003648	-159.025522
Log marginal likelihood:	-159.025522
0	0.975187	750	-3.922210	-3.922210
1	0.950747	750	-3.862253	-7.784463
2	0.926679	750	-3.802376	-11.586839
3	0.902980	750	-3.744322	-15.331161
4	0.879648	750	-3.699678	-19.030839
5	0.856682	750	-3.648933	-22.679772
6	0.834079	750	-3.581483	-26.261255
7	0.811838	750	-3.519237	-29.780492
8	0.789957	750	-3.473630	-33.254122
9	0.768433	750	-3.409598	-36.663720
10	0.747266	750	-3.352494	-40.016214
11	0.726452	750	-3.303195	-43.319409
12	0.705989	750	-3.249553	-46.568962
13	0.685877	750	-3.184400	-49.753362
14	0.666112	750	-3.146173	-52.899535
15	0.646693	750	-3.078493	-55.978028
16	0.627618	750	-3.033734	-59.011761
17	0.608884	750	-2.971814	-61.983576
18	0.590490	750	-2.919213	-64.902789
19	0.572433	750	-2.878833	-67.781623
20	0.554712	750	-2.823105	-70.604727
21	0.537324	750	-2.786471	-73.391198
22	0.520268	750	-2.721471	-76.112669
23	0.503540	750	-2.676953	-78.789622
24	0.487139	750	-2.633849	-81.423471
25	0.471063	750	-2.564114	-83.987584
26	0.455310	750	-2.526549	-86.514133
27	0.439877	750	-2.480528	-88.994662
28	0.424762	750	-2.437138	-91.431799
29	0.409963	750	-2.367188	-93.798988
30	0.395478	750	-2.343026	-96.142014
31	0.381305	750	-2.282458	-98.424472
32	0.367440	750	-2.220845	-100.645317
33	0.353883	750	-2.184167	-102.829484
34	0.340630	750	-2.165311	-104.994795
35	0.327680	750	-2.087521	-107.082315
36	0.315030	750	-2.048415	-109.130731
37	0.302677	750	-2.025694	-111.156425
38	0.290619	750	-1.955897	-113.112322
39	0.278855	750	-1.912019	-115.024341
40	0.267381	750	-1.905915	-116.930256
41	0.256195	750	-1.825566	-118.755822
42	0.245294	750	-1.783028	-120.538850
43	0.234677	750	-1.756185	-122.295035
44	0.224340	750	-1.909347	-124.204382
45	0.214281	750	-1.847886	-126.052268
46	0.204498	750	-1.684307	-127.736575
47	0.194988	750	-1.587188	-129.323763
48	0.185749	750	-1.584251	-130.908014
49	0.176777	750	-1.602980	-132.510993
50	0.168070	750	-1.500978	-134.011971
51	0.159626	750	-1.545414	-135.557385
52	0.151441	750	-1.442061	-136.999446
53	0.143514	750	-1.743025	-138.742471
54	0.135841	750	-1.461741	-140.204212
55	0.128420	750	-1.437317	-141.641528
56	0.121247	750	-1.441695	-143.083223
57	0.114320	750	-1.568778	-144.652001
58	0.107637	750	-1.410364	-146.062365
59	0.101193	750	-1.494193	-147.556558
60	0.094986	750	-1.315742	-148.872301
61	0.089014	750	-1.274259	-150.146560
62	0.083273	750	-1.247680	-151.394239
63	0.077760	750	-1.245990	-152.640229
64	0.072472	750	-1.217863	-153.858092
65	0.067406	750	-1.170054	-155.028146
66	0.062558	750	-1.119143	-156.147289
67	0.057926	750	-1.057340	-157.204629
68	0.053506	750	-1.009149	-158.213778
69	0.049295	750	-0.998091	-159.211869
70	0.045289	750	-0.938865	-160.150734
71	0.041485	750	-0.898503	-161.049237
72	0.037880	750	-0.872695	-161.921932
73	0.034469	750	-0.839045	-162.760976
74	0.031250	750	-0.770005	-163.530982
75	0.028218	750	-0.768966	-164.299947
76	0.025370	750	-0.725610	-165.025558
77	0.022702	750	-0.653922	-165.679479
78	0.020209	750	-0.640582	-166.320061
79	0.017889	750	-0.617065	-166.937127
80	0.015736	750	-0.561141	-167.498267
81	0.013746	750	-0.521400	-168.019667
82	0.011916	750	-0.504400	-168.524066
83	0.010240	750	-0.488399	-169.012465
84	0.008714	750	-0.440565	-169.453031
85	0.007334	750	-0.402679	-169.855710
86	0.006093	750	-0.392704	-170.248414
87	0.004988	750	-0.350276	-170.598690
88	0.004013	750	-0.302731	-170.901421
89	0.003162	750	-0.271741	-171.173163
90	0.002430	750	-0.235059	-171.408222
91	0.001810	750	-0.209090	-171.617312
92	0.001296	750	-0.194529	-171.811841
93	0.000882	750	-0.147965	-171.959806
94	0.000559	750	-0.099426	-172.059233
95	0.000320	750	-0.086797	-172.146030
96	0.000156	750	-0.059408	-172.205437
97	0.000057	750	-0.036224	-172.241661
98	0.000010	750	-0.016482	-172.258143
99	0.000000	750	-0.003864	-172.262007
Log marginal likelihood:	-172.262007
0	0.975187	750	-3.426613	-3.426613
1	0.950747	750	-3.368640	-6.795253
2	0.926679	750	-3.303555	-10.098808
3	0.902980	750	-3.271233	-13.370042
4	0.879648	750	-3.212550	-16.582591
5	0.856682	750	-3.182305	-19.764896
6	0.834079	750	-3.132131	-22.897026
7	0.811838	750	-3.097671	-25.994697
8	0.789957	750	-3.034947	-29.029644
9	0.768433	750	-2.975288	-32.004931
10	0.747266	750	-2.922941	-34.927872
11	0.726452	750	-2.884243	-37.812116
12	0.705989	750	-2.831361	-40.643477
13	0.685877	750	-2.796951	-43.440427
14	0.666112	750	-2.758514	-46.198941
15	0.646693	750	-2.711357	-48.910298
16	0.627618	750	-2.650099	-51.560397
17	0.608884	750	-2.612811	-54.173208
18	0.590490	750	-2.565893	-56.739101
19	0.572433	750	-2.529875	-59.268976
20	0.554712	750	-2.478158	-61.747135
21	0.537324	750	-2.432337	-64.179471
22	0.520268	750	-2.379011	-66.558482
23	0.503540	750	-2.372531	-68.931013
24	0.487139	750	-2.321583	-71.252597
25	0.471063	750	-2.263820	-73.516417
26	0.455310	750	-2.225606	-75.742023
27	0.439877	750	-2.218102	-77.960125
28	0.424762	750	-2.137200	-80.097325
29	0.409963	750	-2.084450	-82.181775
30	0.395478	750	-2.059161	-84.240936
31	0.381305	750	-2.015185	-86.256121
32	0.367440	750	-1.986571	-88.242691
33	0.353883	750	-1.925089	-90.167780
34	0.340630	750	-1.903300	-92.071080
35	0.327680	750	-1.866342	-93.937423
36	0.315030	750	-1.806180	-95.743603
37	0.302677	750	-1.853902	-97.597504
38	0.290619	750	-1.760183	-99.357687
39	0.278855	750	-1.707373	-101.065061
40	0.267381	750	-1.662495	-102.727556
41	0.256195	750	-1.637626	-104.365182
42	0.245294	750	-1.577978	-105.943160
43	0.234677	750	-1.574569	-107.517729
44	0.224340	750	-1.540269	-109.057999
45	0.214281	750	-1.520118	-110.578117
46	0.204498	750	-1.467955	-112.046071
47	0.194988	750	-1.543361	-113.589432
48	0.185749	750	-1.390013	-114.979444
49	0.176777	750	-1.432716	-116.412160
50	0.168070	750	-1.518178	-117.930339
51	0.159626	750	-1.351396	-119.281735
52	0.151441	750	-1.289841	-120.571576
53	0.143514	750	-1.262807	-121.834384
54	0.135841	750	-1.508076	-123.342460
55	0.128420	750	-1.401988	-124.744448
56	0.121247	750	-1.623742	-126.368190
57	0.114320	750	-1.143521	-127.511711
58	0.107637	750	-1.298125	-128.809836
59	0.101193	750	-1.209531	-130.019366
60	0.094986	750	-1.388998	-131.408364
61	0.089014	750	-1.251681	-132.660045
62	0.083273	750	-1.302370	-133.962415
63	0.077760	750	-1.224310	-135.186724
64	0.072472	750	-1.174916	-136.361640
65	0.067406	750	-1.112142	-137.473782
66	0.062558	750	-1.031645	-138.505428
67	0.057926	750	-1.104408	-139.609836
68	0.053506	750	-1.021825	-140.631661
69	0.049295	750	-0.945300	-141.576961
70	0.045289	750	-0.945673	-142.522633
71	0.041485	750	-0.882843	-143.405476
72	0.037880	750	-0.846408	-144.251884
73	0.034469	750	-0.816164	-145.068049
74	0.031250	750	-0.791119	-145.859168
75	0.028218	750	-0.748553	-146.607720
76	0.025370	750	-0.719795	-147.327516
77	0.022702	750	-0.682896	-148.010412
78	0.020209	750	-0.631368	-148.641780
79	0.017889	750	-0.589601	-149.231381
80	0.015736	750	-0.576805	-149.808186
81	0.013746	750	-0.528567	-150.336753
82	0.011916	750	-0.509719	-150.846472
83	0.010240	750	-0.452590	-151.299062
84	0.008714	750	-0.425046	-151.724108
85	0.007334	750	-0.380088	-152.104197
86	0.006093	750	-0.358729	-152.462925
87	0.004988	750	-0.329253	-152.792178
88	0.004013	750	-0.307900	-153.100078
89	0.003162	750	-0.265103	-153.365181
90	0.002430	750	-0.246980	-153.612161
91	0.001810	750	-0.185824	-153.797985
92	0.001296	750	-0.173295	-153.971281
93	0.000882	750	-0.137493	-154.108774
94	0.000559	750	-0.101270	-154.210044
95	0.000320	750	-0.083649	-154.293693
96	0.000156	750	-0.057769	-154.351462
97	0.000057	750	-0.038629	-154.390090
98	0.000010	750	-0.016396	-154.406486
99	0.000000	750	-0.003760	-154.410246
Log marginal likelihood:	-154.410246
0	0.975187	750	-3.430706	-3.430706
1	0.950747	750	-3.396964	-6.827670
2	0.926679	750	-3.353542	-10.181212
3	0.902980	750	-3.290505	-13.471717
4	0.879648	750	-3.251140	-16.722857
5	0.856682	750	-3.207141	-19.929998
6	0.834079	750	-3.158208	-23.088206
7	0.811838	750	-3.111630	-26.199836
8	0.789957	750	-3.038247	-29.238082
9	0.768433	750	-3.010714	-32.248796
10	0.747266	750	-2.977296	-35.226092
11	0.726452	750	-2.898142	-38.124234
12	0.705989	750	-2.857789	-40.982023
13	0.685877	750	-2.813370	-43.795393
14	0.666112	750	-2.777096	-46.572489
15	0.646693	750	-2.733821	-49.306310
16	0.627618	750	-2.674282	-51.980593
17	0.608884	750	-2.651083	-54.631676
18	0.590490	750	-2.584137	-57.215813
19	0.572433	750	-2.539984	-59.755797
20	0.554712	750	-2.496157	-62.251955
21	0.537324	750	-2.469828	-64.721782
22	0.520268	750	-2.437112	-67.158894
23	0.503540	750	-2.367846	-69.526741
24	0.487139	750	-2.304569	-71.831310
25	0.471063	750	-2.284718	-74.116028
26	0.455310	750	-2.251237	-76.367265
27	0.439877	750	-2.216833	-78.584098
28	0.424762	750	-2.182038	-80.766136
29	0.409963	750	-2.135293	-82.901429
30	0.395478	750	-2.063976	-84.965405
31	0.381305	750	-2.105877	-87.071282
32	0.367440	750	-2.017003	-89.088285
33	0.353883	750	-1.941806	-91.030091
34	0.340630	750	-1.930953	-92.961043
35	0.327680	750	-1.894127	-94.855170
36	0.315030	750	-1.859571	-96.714742
37	0.302677	750	-1.820581	-98.535322
38	0.290619	750	-1.755845	-100.291167
39	0.278855	750	-1.776133	-102.067301
40	0.267381	750	-1.700097	-103.767397
41	0.256195	750	-1.703687	-105.471084
42	0.245294	750	-1.629343	-107.100427
43	0.234677	750	-1.624848	-108.725275
44	0.224340	750	-1.547305	-110.272581
45	0.214281	750	-1.536971	-111.809552
46	0.204498	750	-1.596831	-113.406383
47	0.194988	750	-1.453023	-114.859406
48	0.185749	750	-1.441558	-116.300964
49	0.176777	750	-1.396321	-117.697286
50	0.168070	750	-1.551319	-119.248605
51	0.159626	750	-1.282193	-120.530798
52	0.151441	750	-1.306868	-121.837666
53	0.143514	750	-1.368140	-123.205806
54	0.135841	750	-1.312552	-124.518359
55	0.128420	750	-1.407814	-125.926173
56	0.121247	750	-1.350513	-127.276685
57	0.114320	750	-1.411838	-128.688523
58	0.107637	750	-1.348484	-130.037007
59	0.101193	750	-1.327286	-131.364293
60	0.094986	750	-1.398323	-132.762616
61	0.089014	750	-1.404001	-134.166618
62	0.083273	750	-1.205662	-135.372280
63	0.077760	750	-1.185481	-136.557760
64	0.072472	750	-1.194573	-137.752333
65	0.067406	750	-1.156766	-138.909099
66	0.062558	750	-1.079793	-139.988892
67	0.057926	750	-1.035420	-141.024312
68	0.053506	750	-1.041463	-142.065775
69	0.049295	750	-0.984463	-143.050238
70	0.045289	750	-0.968589	-144.018827
71	0.041485	750	-0.903046	-144.921873
72	0.037880	750	-0.882591	-145.804464
73	0.034469	750	-0.852714	-146.657178
74	0.031250	750	-0.803747	-147.460925
75	0.028218	750	-0.747967	-148.208892
76	0.025370	750	-0.727862	-148.936754
77	0.022702	750	-0.695597	-149.632351
78	0.020209	750	-0.637401	-150.269752
79	0.017889	750	-0.606670	-150.876422
80	0.015736	750	-0.589361	-151.465783
81	0.013746	750	-0.535122	-152.000905
82	0.011916	750	-0.502003	-152.502908
83	0.010240	750	-0.486083	-152.988991
84	0.008714	750	-0.448298	-153.437289
85	0.007334	750	-0.409042	-153.846331
86	0.006093	750	-0.364463	-154.210794
87	0.004988	750	-0.352533	-154.563327
88	0.004013	750	-0.316894	-154.880221
89	0.003162	750	-0.272265	-155.152486
90	0.002430	750	-0.251398	-155.403884
91	0.001810	750	-0.214867	-155.618751
92	0.001296	750	-0.190237	-155.808988
93	0.000882	750	-0.147745	-155.956733
94	0.000559	750	-0.122071	-156.078804
95	0.000320	750	-0.080129	-156.158933
96	0.000156	750	-0.051176	-156.210108
97	0.000057	750	-0.033290	-156.243398
98	0.000010	750	-0.017769	-156.261166
99	0.000000	750	-0.003546	-156.264712
Log marginal likelihood:	-156.264712
0	0.975187	750	-3.500685	-3.500685
1	0.950747	750	-3.445837	-6.946522
2	0.926679	750	-3.397688	-10.344210
3	0.902980	750	-3.343315	-13.687526
4	0.879648	750	-3.291853	-16.979379
5	0.856682	750	-3.232829	-20.212208
6	0.834079	750	-3.206903	-23.419111
7	0.811838	750	-3.139696	-26.558807
8	0.789957	750	-3.091507	-29.650314
9	0.768433	750	-3.039959	-32.690273
10	0.747266	750	-2.995170	-35.685443
11	0.726452	750	-2.939679	-38.625122
12	0.705989	750	-2.902532	-41.527654
13	0.685877	750	-2.853830	-44.381484
14	0.666112	750	-2.796032	-47.177516
15	0.646693	750	-2.764835	-49.942351
16	0.627618	750	-2.704693	-52.647044
17	0.608884	750	-2.671420	-55.318464
18	0.590490	750	-2.616895	-57.935359
19	0.572433	750	-2.563563	-60.498922
20	0.554712	750	-2.521237	-63.020159
21	0.537324	750	-2.483773	-65.503932
22	0.520268	750	-2.435954	-67.939886
23	0.503540	750	-2.386127	-70.326013
24	0.487139	750	-2.348889	-72.674903
25	0.471063	750	-2.299782	-74.974684
26	0.455310	750	-2.250338	-77.225023
27	0.439877	750	-2.221264	-79.446286
28	0.424762	750	-2.166192	-81.612478
29	0.409963	750	-2.140446	-83.752924
30	0.395478	750	-2.092783	-85.845707
31	0.381305	750	-2.039210	-87.884917
32	0.367440	750	-1.995606	-89.880523
33	0.353883	750	-1.962661	-91.843184
34	0.340630	750	-1.943042	-93.786227
35	0.327680	750	-1.877253	-95.663480
36	0.315030	750	-1.829871	-97.493350
37	0.302677	750	-1.801049	-99.294399
38	0.290619	750	-1.771428	-101.065828
39	0.278855	750	-1.724349	-102.790177
40	0.267381	750	-1.678715	-104.468891
41	0.256195	750	-1.661131	-106.130022
42	0.245294	750	-1.620193	-107.750215
43	0.234677	750	-1.582141	-109.332357
44	0.224340	750	-1.527726	-110.860082
45	0.214281	750	-1.548110	-112.408193
46	0.204498	750	-1.461748	-113.869941
47	0.194988	750	-1.480767	-115.350709
48	0.185749	750	-1.453000	-116.803709
49	0.176777	750	-1.411652	-118.215361
50	0.168070	750	-1.480930	-119.696291
51	0.159626	750	-1.550725	-121.247016
52	0.151441	750	-1.521155	-122.768171
53	0.143514	750	-1.289005	-124.057176
54	0.135841	750	-1.348530	-125.405706
55	0.128420	750	-1.287594	-126.693299
56	0.121247	750	-1.275387	-127.968687
57	0.114320	750	-1.215715	-129.184401
58	0.107637	750	-1.241014	-130.425415
59	0.101193	750	-1.364145	-131.789561
60	0.094986	750	-1.169537	-132.959098
61	0.089014	750	-1.134956	-134.094054
62	0.083273	750	-1.204382	-135.298435
63	0.077760	750	-1.183986	-136.482421
64	0.072472	750	-1.056398	-137.538819
65	0.067406	750	-1.104709	-138.643527
66	0.062558	750	-1.028397	-139.671924
67	0.057926	750	-1.039426	-140.711350
68	0.053506	750	-1.031221	-141.742571
69	0.049295	750	-0.978119	-142.720690
70	0.045289	750	-0.895506	-143.616196
71	0.041485	750	-0.894271	-144.510467
72	0.037880	750	-0.881114	-145.391580
73	0.034469	750	-0.815359	-146.206940
74	0.031250	750	-0.788942	-146.995882
75	0.028218	750	-0.743907	-147.739788
76	0.025370	750	-0.716942	-148.456730
77	0.022702	750	-0.694013	-149.150743
78	0.020209	750	-0.635775	-149.786518
79	0.017889	750	-0.595422	-150.381941
80	0.015736	750	-0.576206	-150.958146
81	0.013746	750	-0.529939	-151.488086
82	0.011916	750	-0.499157	-151.987243
83	0.010240	750	-0.449393	-152.436636
84	0.008714	750	-0.426518	-152.863154
85	0.007334	750	-0.396140	-153.259294
86	0.006093	750	-0.366275	-153.625569
87	0.004988	750	-0.351350	-153.976919
88	0.004013	750	-0.294395	-154.271314
89	0.003162	750	-0.265618	-154.536932
90	0.002430	750	-0.226054	-154.762986
91	0.001810	750	-0.195215	-154.958202
92	0.001296	750	-0.173619	-155.131820
93	0.000882	750	-0.141363	-155.273183
94	0.000559	750	-0.127963	-155.401146
95	0.000320	750	-0.082812	-155.483958
96	0.000156	750	-0.054872	-155.538830
97	0.000057	750	-0.035649	-155.574479
98	0.000010	750	-0.020522	-155.595001
99	0.000000	750	-0.004416	-155.599417
Log marginal likelihood:	-155.599417
0	0.975187	750	-3.526686	-3.526686
1	0.950747	750	-3.476500	-7.003186
2	0.926679	750	-3.399072	-10.402258
3	0.902980	750	-3.373683	-13.775942
4	0.879648	750	-3.303388	-17.079329
5	0.856682	750	-3.286441	-20.365770
6	0.834079	750	-3.224393	-23.590163
7	0.811838	750	-3.163090	-26.753252
8	0.789957	750	-3.134903	-29.888155
9	0.768433	750	-3.075919	-32.964074
10	0.747266	750	-3.020584	-35.984658
11	0.726452	750	-2.979035	-38.963694
12	0.705989	750	-2.917779	-41.881473
13	0.685877	750	-2.875417	-44.756891
14	0.666112	750	-2.829118	-47.586009
15	0.646693	750	-2.788717	-50.374725
16	0.627618	750	-2.737974	-53.112699
17	0.608884	750	-2.711616	-55.824315
18	0.590490	750	-2.665123	-58.489438
19	0.572433	750	-2.610639	-61.100077
20	0.554712	750	-2.571732	-63.671809
21	0.537324	750	-2.500740	-66.172549
22	0.520268	750	-2.466033	-68.638583
23	0.503540	750	-2.440473	-71.079056
24	0.487139	750	-2.379849	-73.458905
25	0.471063	750	-2.337363	-75.796269
26	0.455310	750	-2.284964	-78.081232
27	0.439877	750	-2.257410	-80.338642
28	0.424762	750	-2.193834	-82.532476
29	0.409963	750	-2.168252	-84.700729
30	0.395478	750	-2.119983	-86.820711
31	0.381305	750	-2.073064	-88.893775
32	0.367440	750	-2.047376	-90.941151
33	0.353883	750	-1.998824	-92.939975
34	0.340630	750	-1.987326	-94.927301
35	0.327680	750	-1.901148	-96.828449
36	0.315030	750	-1.886631	-98.715080
37	0.302677	750	-1.829772	-100.544851
38	0.290619	750	-1.776290	-102.321141
39	0.278855	750	-1.752977	-104.074118
40	0.267381	750	-1.728436	-105.802554
41	0.256195	750	-1.672126	-107.474680
42	0.245294	750	-1.642865	-109.117545
43	0.234677	750	-1.592110	-110.709655
44	0.224340	750	-1.698053	-112.407708
45	0.214281	750	-1.538171	-113.945879
46	0.204498	750	-1.561962	-115.507841
47	0.194988	750	-1.476877	-116.984718
48	0.185749	750	-1.449706	-118.434424
49	0.176777	750	-1.576518	-120.010941
50	0.168070	750	-1.337241	-121.348182
51	0.159626	750	-1.416483	-122.764665
52	0.151441	750	-1.319520	-124.084185
53	0.143514	750	-1.361555	-125.445740
54	0.135841	750	-1.287152	-126.732892
55	0.128420	750	-1.326651	-128.059543
56	0.121247	750	-1.335064	-129.394607
57	0.114320	750	-1.211464	-130.606070
58	0.107637	750	-1.247580	-131.853650
59	0.101193	750	-1.313080	-133.166731
60	0.094986	750	-1.306691	-134.473422
61	0.089014	750	-1.215501	-135.688922
62	0.083273	750	-1.213875	-136.902798
63	0.077760	750	-1.280192	-138.182990
64	0.072472	750	-1.252016	-139.435006
65	0.067406	750	-1.148854	-140.583860
66	0.062558	750	-1.069965	-141.653826
67	0.057926	750	-1.069001	-142.722826
68	0.053506	750	-0.989015	-143.711842
69	0.049295	750	-0.935295	-144.647137
70	0.045289	750	-0.959843	-145.606980
71	0.041485	750	-0.918270	-146.525250
72	0.037880	750	-0.878760	-147.404010
73	0.034469	750	-0.824077	-148.228087
74	0.031250	750	-0.823148	-149.051234
75	0.028218	750	-0.755013	-149.806248
76	0.025370	750	-0.713743	-150.519991
77	0.022702	750	-0.679361	-151.199352
78	0.020209	750	-0.636294	-151.835647
79	0.017889	750	-0.608094	-152.443741
80	0.015736	750	-0.576356	-153.020097
81	0.013746	750	-0.524978	-153.545075
82	0.011916	750	-0.501771	-154.046846
83	0.010240	750	-0.470455	-154.517301
84	0.008714	750	-0.433003	-154.950304
85	0.007334	750	-0.390659	-155.340963
86	0.006093	750	-0.369031	-155.709994
87	0.004988	750	-0.309686	-156.019680
88	0.004013	750	-0.297886	-156.317566
89	0.003162	750	-0.279791	-156.597357
90	0.002430	750	-0.255885	-156.853242
91	0.001810	750	-0.207492	-157.060733
92	0.001296	750	-0.170581	-157.231315
93	0.000882	750	-0.147962	-157.379277
94	0.000559	750	-0.115994	-157.495271
95	0.000320	750	-0.078476	-157.573746
96	0.000156	750	-0.060968	-157.634714
97	0.000057	750	-0.034350	-157.669064
98	0.000010	750	-0.016625	-157.685689
99	0.000000	750	-0.003934	-157.689623
Log marginal likelihood:	-157.689623
0	0.975187	750	-3.975123	-3.975123
1	0.950747	750	-3.905521	-7.880644
2	0.926679	750	-3.854559	-11.735203
3	0.902980	750	-3.801248	-15.536451
4	0.879648	750	-3.763255	-19.299705
5	0.856682	750	-3.684240	-22.983945
6	0.834079	750	-3.610320	-26.594265
7	0.811838	750	-3.564610	-30.158875
8	0.789957	750	-3.507669	-33.666543
9	0.768433	750	-3.447673	-37.114216
10	0.747266	750	-3.390754	-40.504970
11	0.726452	750	-3.350348	-43.855318
12	0.705989	750	-3.298197	-47.153515
13	0.685877	750	-3.235093	-50.388608
14	0.666112	750	-3.204399	-53.593007
15	0.646693	750	-3.142765	-56.735772
16	0.627618	750	-3.106791	-59.842563
17	0.608884	750	-3.025973	-62.868536
18	0.590490	750	-2.982686	-65.851223
19	0.572433	750	-2.933596	-68.784819
20	0.554712	750	-2.860212	-71.645031
21	0.537324	750	-2.828620	-74.473651
22	0.520268	750	-2.781422	-77.255073
23	0.503540	750	-2.718240	-79.973313
24	0.487139	750	-2.668470	-82.641784
25	0.471063	750	-2.621658	-85.263442
26	0.455310	750	-2.569968	-87.833411
27	0.439877	750	-2.534247	-90.367658
28	0.424762	750	-2.470668	-92.838326
29	0.409963	750	-2.427648	-95.265973
30	0.395478	750	-2.382595	-97.648568
31	0.381305	750	-2.359515	-100.008084
32	0.367440	750	-2.291793	-102.299877
33	0.353883	750	-2.223259	-104.523136
34	0.340630	750	-2.206864	-106.730000
35	0.327680	750	-2.118087	-108.848088
36	0.315030	750	-2.099113	-110.947200
37	0.302677	750	-2.224040	-113.171240
38	0.290619	750	-2.006713	-115.177953
39	0.278855	750	-1.985040	-117.162993
40	0.267381	750	-1.928009	-119.091001
41	0.256195	750	-1.929370	-121.020372
42	0.245294	750	-1.903671	-122.924043
43	0.234677	750	-1.778825	-124.702868
44	0.224340	750	-1.768432	-126.471300
45	0.214281	750	-1.872189	-128.343489
46	0.204498	750	-1.796908	-130.140398
47	0.194988	750	-1.661639	-131.802036
48	0.185749	750	-1.585294	-133.387330
49	0.176777	750	-1.597671	-134.985001
50	0.168070	750	-1.727526	-136.712527
51	0.159626	750	-1.592536	-138.305063
52	0.151441	750	-1.573688	-139.878751
53	0.143514	750	-1.418011	-141.296762
54	0.135841	750	-1.653182	-142.949944
55	0.128420	750	-1.583219	-144.533163
56	0.121247	750	-1.575678	-146.108841
57	0.114320	750	-1.643474	-147.752315
58	0.107637	750	-1.442243	-149.194558
59	0.101193	750	-1.457383	-150.651941
60	0.094986	750	-1.403511	-152.055453
61	0.089014	750	-1.380580	-153.436032
62	0.083273	750	-1.303703	-154.739735
63	0.077760	750	-1.160284	-155.900019
64	0.072472	750	-1.226144	-157.126163
65	0.067406	750	-1.191372	-158.317535
66	0.062558	750	-1.096925	-159.414461
67	0.057926	750	-1.060466	-160.474927
68	0.053506	750	-1.028234	-161.503161
69	0.049295	750	-1.011424	-162.514585
70	0.045289	750	-0.982005	-163.496590
71	0.041485	750	-0.923038	-164.419627
72	0.037880	750	-0.901452	-165.321080
73	0.034469	750	-0.880596	-166.201676
74	0.031250	750	-0.801945	-167.003621
75	0.028218	750	-0.782393	-167.786014
76	0.025370	750	-0.734258	-168.520272
77	0.022702	750	-0.696516	-169.216788
78	0.020209	750	-0.667487	-169.884275
79	0.017889	750	-0.586373	-170.470648
80	0.015736	750	-0.583129	-171.053776
81	0.013746	750	-0.540644	-171.594421
82	0.011916	750	-0.515901	-172.110322
83	0.010240	750	-0.478488	-172.588809
84	0.008714	750	-0.430936	-173.019745
85	0.007334	750	-0.407009	-173.426754
86	0.006093	750	-0.385491	-173.812245
87	0.004988	750	-0.332874	-174.145119
88	0.004013	750	-0.301631	-174.446749
89	0.003162	750	-0.278460	-174.725209
90	0.002430	750	-0.247532	-174.972742
91	0.001810	750	-0.197107	-175.169849
92	0.001296	750	-0.178901	-175.348750
93	0.000882	750	-0.145141	-175.493890
94	0.000559	750	-0.108515	-175.602406
95	0.000320	750	-0.082879	-175.685285
96	0.000156	750	-0.060229	-175.745515
97	0.000057	750	-0.039929	-175.785444
98	0.000010	750	-0.017857	-175.803300
99	0.000000	750	-0.004071	-175.807371
Log marginal likelihood:	-175.807371
0	0.975187	750	-3.726003	-3.726003
1	0.950747	750	-3.670741	-7.396744
2	0.926679	750	-3.605086	-11.001830
3	0.902980	750	-3.556794	-14.558623
4	0.879648	750	-3.498176	-18.056799
5	0.856682	750	-3.468309	-21.525108
6	0.834079	750	-3.388508	-24.913617
7	0.811838	750	-3.343997	-28.257613
8	0.789957	750	-3.292414	-31.550027
9	0.768433	750	-3.242635	-34.792663
10	0.747266	750	-3.191449	-37.984112
11	0.726452	750	-3.129393	-41.113505
12	0.705989	750	-3.090286	-44.203791
13	0.685877	750	-3.029182	-47.232972
14	0.666112	750	-2.968988	-50.201960
15	0.646693	750	-2.924981	-53.126941
16	0.627618	750	-2.871814	-55.998755
17	0.608884	750	-2.830273	-58.829029
18	0.590490	750	-2.784353	-61.613382
19	0.572433	750	-2.743063	-64.356444
20	0.554712	750	-2.674096	-67.030540
21	0.537324	750	-2.623519	-69.654059
22	0.520268	750	-2.587758	-72.241817
23	0.503540	750	-2.528110	-74.769927
24	0.487139	750	-2.483979	-77.253906
25	0.471063	750	-2.448063	-79.701969
26	0.455310	750	-2.385199	-82.087169
27	0.439877	750	-2.350957	-84.438126
28	0.424762	750	-2.300406	-86.738533
29	0.409963	750	-2.251164	-88.989697
30	0.395478	750	-2.217071	-91.206768
31	0.381305	750	-2.174850	-93.381618
32	0.367440	750	-2.121963	-95.503582
33	0.353883	750	-2.082393	-97.585975
34	0.340630	750	-2.026751	-99.612726
35	0.327680	750	-2.013419	-101.626145
36	0.315030	750	-1.966825	-103.592970
37	0.302677	750	-1.918653	-105.511623
38	0.290619	750	-1.906667	-107.418290
39	0.278855	750	-1.959207	-109.377497
40	0.267381	750	-1.825482	-111.202979
41	0.256195	750	-1.837878	-113.040858
42	0.245294	750	-1.702852	-114.743710
43	0.234677	750	-1.715532	-116.459242
44	0.224340	750	-1.635146	-118.094388
45	0.214281	750	-1.672602	-119.766989
46	0.204498	750	-1.699629	-121.466618
47	0.194988	750	-1.569833	-123.036451
48	0.185749	750	-1.530741	-124.567192
49	0.176777	750	-1.464752	-126.031944
50	0.168070	750	-1.561314	-127.593259
51	0.159626	750	-1.547689	-129.140948
52	0.151441	750	-1.528641	-130.669589
53	0.143514	750	-1.451624	-132.121214
54	0.135841	750	-1.465486	-133.586700
55	0.128420	750	-1.524653	-135.111353
56	0.121247	750	-1.441464	-136.552817
57	0.114320	750	-1.426139	-137.978955
58	0.107637	750	-1.339532	-139.318487
59	0.101193	750	-1.376054	-140.694541
60	0.094986	750	-1.262409	-141.956950
61	0.089014	750	-1.295946	-143.252896
62	0.083273	750	-1.231429	-144.484326
63	0.077760	750	-1.199322	-145.683648
64	0.072472	750	-1.183869	-146.867517
65	0.067406	750	-1.085764	-147.953281
66	0.062558	750	-1.046789	-149.000070
67	0.057926	750	-1.050646	-150.050716
68	0.053506	750	-1.012709	-151.063425
69	0.049295	750	-0.993024	-152.056449
70	0.045289	750	-0.968139	-153.024588
71	0.041485	750	-0.895382	-153.919969
72	0.037880	750	-0.882049	-154.802019
73	0.034469	750	-0.843298	-155.645317
74	0.031250	750	-0.785858	-156.431174
75	0.028218	750	-0.756900	-157.188074
76	0.025370	750	-0.725182	-157.913256
77	0.022702	750	-0.673011	-158.586267
78	0.020209	750	-0.632184	-159.218451
79	0.017889	750	-0.603739	-159.822190
80	0.015736	750	-0.558285	-160.380476
81	0.013746	750	-0.543429	-160.923904
82	0.011916	750	-0.501148	-161.425052
83	0.010240	750	-0.460395	-161.885447
84	0.008714	750	-0.430465	-162.315912
85	0.007334	750	-0.407537	-162.723449
86	0.006093	750	-0.376712	-163.100161
87	0.004988	750	-0.368651	-163.468812
88	0.004013	750	-0.296206	-163.765019
89	0.003162	750	-0.269056	-164.034074
90	0.002430	750	-0.238292	-164.272366
91	0.001810	750	-0.223365	-164.495731
92	0.001296	750	-0.158835	-164.654566
93	0.000882	750	-0.137352	-164.791918
94	0.000559	750	-0.114829	-164.906747
95	0.000320	750	-0.079818	-164.986565
96	0.000156	750	-0.053483	-165.040048
97	0.000057	750	-0.031749	-165.071797
98	0.000010	750	-0.015844	-165.087640
99	0.000000	750	-0.003287	-165.090928
Log marginal likelihood:	-165.090928
0	0.975187	750	-3.956030	-3.956030
1	0.950747	750	-3.895401	-7.851432
2	0.926679	750	-3.827420	-11.678852
3	0.902980	750	-3.767814	-15.446666
4	0.879648	750	-3.721508	-19.168174
5	0.856682	750	-3.667309	-22.835483
6	0.834079	750	-3.605518	-26.441001
7	0.811838	750	-3.555100	-29.996101
8	0.789957	750	-3.498668	-33.494769
9	0.768433	750	-3.433962	-36.928730
10	0.747266	750	-3.367911	-40.296641
11	0.726452	750	-3.328310	-43.624951
12	0.705989	750	-3.266358	-46.891310
13	0.685877	750	-3.221784	-50.113094
14	0.666112	750	-3.174830	-53.287923
15	0.646693	750	-3.118704	-56.406627
16	0.627618	750	-3.063911	-59.470538
17	0.608884	750	-3.007474	-62.478011
18	0.590490	750	-2.952382	-65.430393
19	0.572433	750	-2.908255	-68.338648
20	0.554712	750	-2.861615	-71.200263
21	0.537324	750	-2.785195	-73.985457
22	0.520268	750	-2.743656	-76.729113
23	0.503540	750	-2.720115	-79.449228
24	0.487139	750	-2.666454	-82.115682
25	0.471063	750	-2.597195	-84.712877
26	0.455310	750	-2.543198	-87.256075
27	0.439877	750	-2.497241	-89.753316
28	0.424762	750	-2.442535	-92.195851
29	0.409963	750	-2.410206	-94.606057
30	0.395478	750	-2.365031	-96.971088
31	0.381305	750	-2.309213	-99.280301
32	0.367440	750	-2.268018	-101.548319
33	0.353883	750	-2.196734	-103.745053
34	0.340630	750	-2.174722	-105.919776
35	0.327680	750	-2.133671	-108.053447
36	0.315030	750	-2.094940	-110.148387
37	0.302677	750	-2.063389	-112.211776
38	0.290619	750	-2.015307	-114.227083
39	0.278855	750	-1.936786	-116.163869
40	0.267381	750	-1.894413	-118.058283
41	0.256195	750	-1.903551	-119.961834
42	0.245294	750	-1.859833	-121.821667
43	0.234677	750	-1.827325	-123.648992
44	0.224340	750	-1.769495	-125.418487
45	0.214281	750	-1.687262	-127.105748
46	0.204498	750	-1.839770	-128.945518
47	0.194988	750	-1.728594	-130.674112
48	0.185749	750	-1.609761	-132.283873
49	0.176777	750	-1.771807	-134.055679
50	0.168070	750	-1.625228	-135.680908
51	0.159626	750	-1.571015	-137.251923
52	0.151441	750	-1.638182	-138.890106
53	0.143514	750	-1.541781	-140.431886
54	0.135841	750	-1.556594	-141.988481
55	0.128420	750	-1.543263	-143.531743
56	0.121247	750	-1.555193	-145.086936
57	0.114320	750	-1.435604	-146.522540
58	0.107637	750	-1.373033	-147.895573
59	0.101193	750	-1.361908	-149.257481
60	0.094986	750	-1.393879	-150.651359
61	0.089014	750	-1.366038	-152.017397
62	0.083273	750	-1.301991	-153.319389
63	0.077760	750	-1.286398	-154.605787
64	0.072472	750	-1.247148	-155.852935
65	0.067406	750	-1.179522	-157.032457
66	0.062558	750	-1.159553	-158.192010
67	0.057926	750	-1.096247	-159.288257
68	0.053506	750	-1.070051	-160.358308
69	0.049295	750	-1.008925	-161.367233
70	0.045289	750	-0.964043	-162.331276
71	0.041485	750	-0.923104	-163.254379
72	0.037880	750	-0.854638	-164.109017
73	0.034469	750	-0.842530	-164.951547
74	0.031250	750	-0.792243	-165.743790
75	0.028218	750	-0.732346	-166.476137
76	0.025370	750	-0.701456	-167.177593
77	0.022702	750	-0.663965	-167.841557
78	0.020209	750	-0.657290	-168.498848
79	0.017889	750	-0.595696	-169.094544
80	0.015736	750	-0.579897	-169.674441
81	0.013746	750	-0.569447	-170.243888
82	0.011916	750	-0.504686	-170.748574
83	0.010240	750	-0.456874	-171.205448
84	0.008714	750	-0.452441	-171.657889
85	0.007334	750	-0.387462	-172.045351
86	0.006093	750	-0.371304	-172.416654
87	0.004988	750	-0.312823	-172.729477
88	0.004013	750	-0.304504	-173.033982
89	0.003162	750	-0.275274	-173.309256
90	0.002430	750	-0.267044	-173.576300
91	0.001810	750	-0.198385	-173.774685
92	0.001296	750	-0.176857	-173.951542
93	0.000882	750	-0.152507	-174.104049
94	0.000559	750	-0.111940	-174.215989
95	0.000320	750	-0.080001	-174.295990
96	0.000156	750	-0.058983	-174.354974
97	0.000057	750	-0.035006	-174.389979
98	0.000010	750	-0.017664	-174.407643
99	0.000000	750	-0.003575	-174.411218
Log marginal likelihood:	-174.411218
0	0.975187	750	-3.888603	-3.888603
1	0.950747	750	-3.842670	-7.731273
2	0.926679	750	-3.774076	-11.505349
3	0.902980	750	-3.712211	-15.217560
4	0.879648	750	-3.657709	-18.875269
5	0.856682	750	-3.604517	-22.479786
6	0.834079	750	-3.547384	-26.027170
7	0.811838	750	-3.495482	-29.522652
8	0.789957	750	-3.431545	-32.954197
9	0.768433	750	-3.386900	-36.341097
10	0.747266	750	-3.333963	-39.675060
11	0.726452	750	-3.267682	-42.942742
12	0.705989	750	-3.227381	-46.170123
13	0.685877	750	-3.171465	-49.341588
14	0.666112	750	-3.114391	-52.455979
15	0.646693	750	-3.076766	-55.532745
16	0.627618	750	-3.012165	-58.544909
17	0.608884	750	-2.945507	-61.490416
18	0.590490	750	-2.908087	-64.398504
19	0.572433	750	-2.857741	-67.256245
20	0.554712	750	-2.803268	-70.059513
21	0.537324	750	-2.754180	-72.813693
22	0.520268	750	-2.715523	-75.529216
23	0.503540	750	-2.649701	-78.178917
24	0.487139	750	-2.603456	-80.782373
25	0.471063	750	-2.550688	-83.333062
26	0.455310	750	-2.503098	-85.836159
27	0.439877	750	-2.462006	-88.298165
28	0.424762	750	-2.398674	-90.696840
29	0.409963	750	-2.360879	-93.057719
30	0.395478	750	-2.313944	-95.371663
31	0.381305	750	-2.279014	-97.650677
32	0.367440	750	-2.238710	-99.889387
33	0.353883	750	-2.169432	-102.058820
34	0.340630	750	-2.136760	-104.195580
35	0.327680	750	-2.100471	-106.296051
36	0.315030	750	-2.033790	-108.329841
37	0.302677	750	-1.990913	-110.320753
38	0.290619	750	-2.106410	-112.427164
39	0.278855	750	-1.903490	-114.330654
40	0.267381	750	-1.852805	-116.183459
41	0.256195	750	-1.844010	-118.027469
42	0.245294	750	-1.831374	-119.858844
43	0.234677	750	-1.725628	-121.584472
44	0.224340	750	-1.703118	-123.287590
45	0.214281	750	-1.673477	-124.961067
46	0.204498	750	-1.618843	-126.579910
47	0.194988	750	-1.735879	-128.315789
48	0.185749	750	-1.563193	-129.878982
49	0.176777	750	-1.493897	-131.372879
50	0.168070	750	-1.550352	-132.923231
51	0.159626	750	-1.444678	-134.367908
52	0.151441	750	-1.490750	-135.858659
53	0.143514	750	-1.508888	-137.367546
54	0.135841	750	-1.430618	-138.798165
55	0.128420	750	-1.572230	-140.370395
56	0.121247	750	-1.437829	-141.808224
57	0.114320	750	-1.378074	-143.186298
58	0.107637	750	-1.506829	-144.693127
59	0.101193	750	-1.401125	-146.094252
60	0.094986	750	-1.316027	-147.410278
61	0.089014	750	-1.337730	-148.748008
62	0.083273	750	-1.315503	-150.063511
63	0.077760	750	-1.199531	-151.263042
64	0.072472	750	-1.153122	-152.416164
65	0.067406	750	-1.190465	-153.606628
66	0.062558	750	-1.159549	-154.766178
67	0.057926	750	-1.071760	-155.837938
68	0.053506	750	-1.050958	-156.888896
69	0.049295	750	-1.001280	-157.890176
70	0.045289	750	-0.956000	-158.846176
71	0.041485	750	-0.958217	-159.804393
72	0.037880	750	-0.862656	-160.667049
73	0.034469	750	-0.848661	-161.515710
74	0.031250	750	-0.802252	-162.317962
75	0.028218	750	-0.753578	-163.071541
76	0.025370	750	-0.724081	-163.795622
77	0.022702	750	-0.674704	-164.470325
78	0.020209	750	-0.646457	-165.116783
79	0.017889	750	-0.616966	-165.733749
80	0.015736	750	-0.579843	-166.313592
81	0.013746	750	-0.538189	-166.851780
82	0.011916	750	-0.482140	-167.333921
83	0.010240	750	-0.466239	-167.800159
84	0.008714	750	-0.437824	-168.237983
85	0.007334	750	-0.389412	-168.627395
86	0.006093	750	-0.363083	-168.990478
87	0.004988	750	-0.346873	-169.337351
88	0.004013	750	-0.287711	-169.625062
89	0.003162	750	-0.275428	-169.900490
90	0.002430	750	-0.232740	-170.133230
91	0.001810	750	-0.202105	-170.335335
92	0.001296	750	-0.185022	-170.520357
93	0.000882	750	-0.139610	-170.659966
94	0.000559	750	-0.123170	-170.783137
95	0.000320	750	-0.081229	-170.864365
96	0.000156	750	-0.056609	-170.920974
97	0.000057	750	-0.035079	-170.956053
98	0.000010	750	-0.016757	-170.972810
99	0.000000	750	-0.003897	-170.976708
Log marginal likelihood:	-170.976708
0	0.975187	750	-3.777790	-3.777790
1	0.950747	750	-3.716110	-7.493899
2	0.926679	750	-3.682781	-11.176680
3	0.902980	750	-3.604548	-14.781228
4	0.879648	750	-3.558772	-18.340000
5	0.856682	750	-3.508747	-21.848747
6	0.834079	750	-3.452547	-25.301294
7	0.811838	750	-3.389648	-28.690942
8	0.789957	750	-3.353975	-32.044916
9	0.768433	750	-3.293089	-35.338005
10	0.747266	750	-3.241360	-38.579365
11	0.726452	750	-3.187503	-41.766868
12	0.705989	750	-3.126972	-44.893840
13	0.685877	750	-3.081702	-47.975542
14	0.666112	750	-3.030361	-51.005903
15	0.646693	750	-3.003587	-54.009491
16	0.627618	750	-2.940491	-56.949982
17	0.608884	750	-2.884808	-59.834790
18	0.590490	750	-2.827433	-62.662223
19	0.572433	750	-2.774061	-65.436284
20	0.554712	750	-2.749868	-68.186152
21	0.537324	750	-2.700170	-70.886322
22	0.520268	750	-2.640125	-73.526447
23	0.503540	750	-2.585823	-76.112271
24	0.487139	750	-2.549998	-78.662268
25	0.471063	750	-2.495074	-81.157343
26	0.455310	750	-2.447121	-83.604464
27	0.439877	750	-2.394284	-85.998749
28	0.424762	750	-2.356287	-88.355036
29	0.409963	750	-2.314477	-90.669513
30	0.395478	750	-2.248575	-92.918087
31	0.381305	750	-2.212216	-95.130304
32	0.367440	750	-2.178497	-97.308801
33	0.353883	750	-2.120093	-99.428894
34	0.340630	750	-2.100142	-101.529036
35	0.327680	750	-2.059220	-103.588256
36	0.315030	750	-1.997991	-105.586247
37	0.302677	750	-1.988812	-107.575059
38	0.290619	750	-1.931752	-109.506811
39	0.278855	750	-1.865129	-111.371941
40	0.267381	750	-1.808668	-113.180608
41	0.256195	750	-1.801081	-114.981690
42	0.245294	750	-1.740220	-116.721910
43	0.234677	750	-1.728608	-118.450518
44	0.224340	750	-1.679415	-120.129933
45	0.214281	750	-1.619026	-121.748959
46	0.204498	750	-1.604168	-123.353127
47	0.194988	750	-1.562908	-124.916035
48	0.185749	750	-1.651660	-126.567695
49	0.176777	750	-1.603065	-128.170760
50	0.168070	750	-1.577610	-129.748370
51	0.159626	750	-1.574345	-131.322715
52	0.151441	750	-1.455675	-132.778390
53	0.143514	750	-1.655087	-134.433477
54	0.135841	750	-1.682180	-136.115657
55	0.128420	750	-1.392141	-137.507799
56	0.121247	750	-1.498811	-139.006610
57	0.114320	750	-1.458772	-140.465382
58	0.107637	750	-1.366763	-141.832145
59	0.101193	750	-1.351542	-143.183687
60	0.094986	750	-1.362587	-144.546274
61	0.089014	750	-1.376634	-145.922908
62	0.083273	750	-1.337626	-147.260535
63	0.077760	750	-1.271016	-148.531550
64	0.072472	750	-1.192161	-149.723712
65	0.067406	750	-1.122124	-150.845836
66	0.062558	750	-1.138141	-151.983976
67	0.057926	750	-1.081003	-153.064979
68	0.053506	750	-1.071259	-154.136238
69	0.049295	750	-1.022033	-155.158271
70	0.045289	750	-0.969704	-156.127975
71	0.041485	750	-0.948903	-157.076878
72	0.037880	750	-0.888035	-157.964913
73	0.034469	750	-0.845917	-158.810830
74	0.031250	750	-0.815174	-159.626004
75	0.028218	750	-0.780227	-160.406231
76	0.025370	750	-0.718069	-161.124299
77	0.022702	750	-0.709463	-161.833762
78	0.020209	750	-0.655078	-162.488840
79	0.017889	750	-0.597900	-163.086740
80	0.015736	750	-0.576659	-163.663399
81	0.013746	750	-0.563527	-164.226926
82	0.011916	750	-0.512704	-164.739631
83	0.010240	750	-0.456553	-165.196184
84	0.008714	750	-0.442356	-165.638539
85	0.007334	750	-0.413481	-166.052020
86	0.006093	750	-0.371089	-166.423109
87	0.004988	750	-0.359703	-166.782812
88	0.004013	750	-0.320915	-167.103727
89	0.003162	750	-0.265744	-167.369472
90	0.002430	750	-0.243504	-167.612976
91	0.001810	750	-0.227854	-167.840829
92	0.001296	750	-0.178049	-168.018879
93	0.000882	750	-0.137610	-168.156489
94	0.000559	750	-0.112046	-168.268535
95	0.000320	750	-0.085911	-168.354446
96	0.000156	750	-0.063985	-168.418431
97	0.000057	750	-0.037876	-168.456306
98	0.000010	750	-0.017054	-168.473361
99	0.000000	750	-0.003567	-168.476928
Log marginal likelihood:	-168.476928
0	0.975187	750	-3.361306	-3.361306
1	0.950747	750	-3.308228	-6.669533
2	0.926679	750	-3.260080	-9.929613
3	0.902980	750	-3.208414	-13.138028
4	0.879648	750	-3.159692	-16.297720
5	0.856682	750	-3.113024	-19.410744
6	0.834079	750	-3.070052	-22.480796
7	0.811838	750	-3.013836	-25.494633
8	0.789957	750	-2.962664	-28.457297
9	0.768433	750	-2.916388	-31.373685
10	0.747266	750	-2.872627	-34.246311
11	0.726452	750	-2.832783	-37.079094
12	0.705989	750	-2.790728	-39.869822
13	0.685877	750	-2.728633	-42.598455
14	0.666112	750	-2.679596	-45.278051
15	0.646693	750	-2.647618	-47.925669
16	0.627618	750	-2.592301	-50.517970
17	0.608884	750	-2.547413	-53.065384
18	0.590490	750	-2.508643	-55.574026
19	0.572433	750	-2.471253	-58.045279
20	0.554712	750	-2.424621	-60.469900
21	0.537324	750	-2.370967	-62.840867
22	0.520268	750	-2.346339	-65.187207
23	0.503540	750	-2.282546	-67.469753
24	0.487139	750	-2.251289	-69.721041
25	0.471063	750	-2.205018	-71.926059
26	0.455310	750	-2.147697	-74.073757
27	0.439877	750	-2.129098	-76.202855
28	0.424762	750	-2.085356	-78.288211
29	0.409963	750	-2.042817	-80.331028
30	0.395478	750	-2.001984	-82.333013
31	0.381305	750	-1.956890	-84.289903
32	0.367440	750	-1.921057	-86.210959
33	0.353883	750	-1.899389	-88.110348
34	0.340630	750	-1.842815	-89.953163
35	0.327680	750	-1.802024	-91.755187
36	0.315030	750	-1.774189	-93.529376
37	0.302677	750	-1.732506	-95.261883
38	0.290619	750	-1.714044	-96.975927
39	0.278855	750	-1.657549	-98.633476
40	0.267381	750	-1.613072	-100.246548
41	0.256195	750	-1.582673	-101.829221
42	0.245294	750	-1.534363	-103.363583
43	0.234677	750	-1.571150	-104.934734
44	0.224340	750	-1.486953	-106.421687
45	0.214281	750	-1.438828	-107.860515
46	0.204498	750	-1.455493	-109.316008
47	0.194988	750	-1.431821	-110.747829
48	0.185749	750	-1.346032	-112.093861
49	0.176777	750	-1.422680	-113.516541
50	0.168070	750	-1.273898	-114.790440
51	0.159626	750	-1.357365	-116.147805
52	0.151441	750	-1.320659	-117.468464
53	0.143514	750	-1.230968	-118.699432
54	0.135841	750	-1.298917	-119.998349
55	0.128420	750	-1.215636	-121.213985
56	0.121247	750	-1.217999	-122.431984
57	0.114320	750	-1.173882	-123.605865
58	0.107637	750	-1.418770	-125.024635
59	0.101193	750	-1.310229	-126.334864
60	0.094986	750	-1.120491	-127.455355
61	0.089014	750	-1.292546	-128.747901
62	0.083273	750	-1.164122	-129.912023
63	0.077760	750	-1.078805	-130.990828
64	0.072472	750	-1.122207	-132.113035
65	0.067406	750	-1.127879	-133.240914
66	0.062558	750	-1.065485	-134.306399
67	0.057926	750	-1.061979	-135.368378
68	0.053506	750	-1.003900	-136.372278
69	0.049295	750	-0.953242	-137.325521
70	0.045289	750	-0.936791	-138.262311
71	0.041485	750	-0.912879	-139.175190
72	0.037880	750	-0.843799	-140.018989
73	0.034469	750	-0.799584	-140.818573
74	0.031250	750	-0.773759	-141.592332
75	0.028218	750	-0.735540	-142.327873
76	0.025370	750	-0.722952	-143.050824
77	0.022702	750	-0.658332	-143.709157
78	0.020209	750	-0.624388	-144.333545
79	0.017889	750	-0.598144	-144.931689
80	0.015736	750	-0.561972	-145.493661
81	0.013746	750	-0.526914	-146.020575
82	0.011916	750	-0.497296	-146.517871
83	0.010240	750	-0.457699	-146.975570
84	0.008714	750	-0.420814	-147.396384
85	0.007334	750	-0.388259	-147.784642
86	0.006093	750	-0.354950	-148.139592
87	0.004988	750	-0.320516	-148.460108
88	0.004013	750	-0.275229	-148.735337
89	0.003162	750	-0.251660	-148.986997
90	0.002430	750	-0.225937	-149.212934
91	0.001810	750	-0.207473	-149.420407
92	0.001296	750	-0.176497	-149.596903
93	0.000882	750	-0.137836	-149.734739
94	0.000559	750	-0.113267	-149.848006
95	0.000320	750	-0.081137	-149.929143
96	0.000156	750	-0.061717	-149.990859
97	0.000057	750	-0.036449	-150.027308
98	0.000010	750	-0.016179	-150.043487
99	0.000000	750	-0.003397	-150.046884
Log marginal likelihood:	-150.046884
0	0.975187	750	-3.816810	-3.816810
1	0.950747	750	-3.787369	-7.604179
2	0.926679	750	-3.713747	-11.317926
3	0.902980	750	-3.666563	-14.984489
4	0.879648	750	-3.607328	-18.591817
5	0.856682	750	-3.560165	-22.151982
6	0.834079	750	-3.485774	-25.637757
7	0.811838	750	-3.454768	-29.092525
8	0.789957	750	-3.398151	-32.490676
9	0.768433	750	-3.343612	-35.834288
10	0.747266	750	-3.274119	-39.108407
11	0.726452	750	-3.239829	-42.348237
12	0.705989	750	-3.151418	-45.499655
13	0.685877	750	-3.130125	-48.629780
14	0.666112	750	-3.070928	-51.700708
15	0.646693	750	-3.051653	-54.752361
16	0.627618	750	-2.980966	-57.733327
17	0.608884	750	-2.901716	-60.635043
18	0.590490	750	-2.862126	-63.497169
19	0.572433	750	-2.807698	-66.304867
20	0.554712	750	-2.757661	-69.062528
21	0.537324	750	-2.720733	-71.783261
22	0.520268	750	-2.660459	-74.443719
23	0.503540	750	-2.595855	-77.039574
24	0.487139	750	-2.554821	-79.594395
25	0.471063	750	-2.524192	-82.118587
26	0.455310	750	-2.469974	-84.588561
27	0.439877	750	-2.430187	-87.018748
28	0.424762	750	-2.400657	-89.419405
29	0.409963	750	-2.345446	-91.764852
30	0.395478	750	-2.278056	-94.042908
31	0.381305	750	-2.232740	-96.275648
32	0.367440	750	-2.234212	-98.509860
33	0.353883	750	-2.163044	-100.672904
34	0.340630	750	-2.131301	-102.804205
35	0.327680	750	-2.066187	-104.870392
36	0.315030	750	-2.025853	-106.896245
37	0.302677	750	-1.973164	-108.869409
38	0.290619	750	-1.945294	-110.814703
39	0.278855	750	-1.900083	-112.714785
40	0.267381	750	-2.011761	-114.726547
41	0.256195	750	-1.853920	-116.580466
42	0.245294	750	-1.889293	-118.469759
43	0.234677	750	-1.753023	-120.222782
44	0.224340	750	-1.697623	-121.920405
45	0.214281	750	-1.835716	-123.756120
46	0.204498	750	-1.639445	-125.395565
47	0.194988	750	-1.704420	-127.099985
48	0.185749	750	-1.555813	-128.655799
49	0.176777	750	-1.565938	-130.221736
50	0.168070	750	-1.633908	-131.855644
51	0.159626	750	-1.726618	-133.582262
52	0.151441	750	-1.517578	-135.099840
53	0.143514	750	-1.541458	-136.641298
54	0.135841	750	-1.616595	-138.257893
55	0.128420	750	-1.513854	-139.771746
56	0.121247	750	-1.590689	-141.362436
57	0.114320	750	-1.576372	-142.938807
58	0.107637	750	-1.513206	-144.452013
59	0.101193	750	-1.383388	-145.835402
60	0.094986	750	-1.321860	-147.157261
61	0.089014	750	-1.279201	-148.436462
62	0.083273	750	-1.257298	-149.693761
63	0.077760	750	-1.258661	-150.952422
64	0.072472	750	-1.209791	-152.162213
65	0.067406	750	-1.188346	-153.350559
66	0.062558	750	-1.123597	-154.474156
67	0.057926	750	-1.047269	-155.521425
68	0.053506	750	-1.067700	-156.589125
69	0.049295	750	-0.993787	-157.582912
70	0.045289	750	-0.900514	-158.483426
71	0.041485	750	-0.900535	-159.383961
72	0.037880	750	-0.888800	-160.272762
73	0.034469	750	-0.848472	-161.121234
74	0.031250	750	-0.802664	-161.923898
75	0.028218	750	-0.769992	-162.693890
76	0.025370	750	-0.713757	-163.407648
77	0.022702	750	-0.668221	-164.075869
78	0.020209	750	-0.668622	-164.744491
79	0.017889	750	-0.617919	-165.362410
80	0.015736	750	-0.582649	-165.945058
81	0.013746	750	-0.527538	-166.472597
82	0.011916	750	-0.498805	-166.971402
83	0.010240	750	-0.486175	-167.457576
84	0.008714	750	-0.437914	-167.895491
85	0.007334	750	-0.391392	-168.286882
86	0.006093	750	-0.359528	-168.646410
87	0.004988	750	-0.321684	-168.968094
88	0.004013	750	-0.336371	-169.304466
89	0.003162	750	-0.287056	-169.591522
90	0.002430	750	-0.231666	-169.823187
91	0.001810	750	-0.213088	-170.036275
92	0.001296	750	-0.174637	-170.210913
93	0.000882	750	-0.140160	-170.351073
94	0.000559	750	-0.126977	-170.478050
95	0.000320	750	-0.082574	-170.560624
96	0.000156	750	-0.058964	-170.619588
97	0.000057	750	-0.035646	-170.655233
98	0.000010	750	-0.016561	-170.671795
99	0.000000	750	-0.003591	-170.675386
Log marginal likelihood:	-170.675386
0	0.975187	750	-3.893027	-3.893027
1	0.950747	750	-3.836215	-7.729241
2	0.926679	750	-3.772780	-11.502022
3	0.902980	750	-3.727329	-15.229351
4	0.879648	750	-3.652567	-18.881918
5	0.856682	750	-3.624359	-22.506276
6	0.834079	750	-3.529254	-26.035530
7	0.811838	750	-3.504490	-29.540020
8	0.789957	750	-3.439341	-32.979361
9	0.768433	750	-3.381044	-36.360404
10	0.747266	750	-3.339468	-39.699873
11	0.726452	750	-3.265444	-42.965317
12	0.705989	750	-3.235955	-46.201272
13	0.685877	750	-3.176384	-49.377656
14	0.666112	750	-3.135738	-52.513393
15	0.646693	750	-3.048589	-55.561982
16	0.627618	750	-3.016390	-58.578372
17	0.608884	750	-2.951259	-61.529632
18	0.590490	750	-2.920641	-64.450273
19	0.572433	750	-2.853507	-67.303779
20	0.554712	750	-2.826967	-70.130746
21	0.537324	750	-2.787434	-72.918180
22	0.520268	750	-2.722994	-75.641174
23	0.503540	750	-2.684167	-78.325341
24	0.487139	750	-2.620812	-80.946153
25	0.471063	750	-2.565933	-83.512087
26	0.455310	750	-2.539100	-86.051187
27	0.439877	750	-2.476280	-88.527467
28	0.424762	750	-2.425382	-90.952849
29	0.409963	750	-2.374458	-93.327307
30	0.395478	750	-2.340748	-95.668055
31	0.381305	750	-2.292791	-97.960847
32	0.367440	750	-2.242940	-100.203787
33	0.353883	750	-2.177118	-102.380904
34	0.340630	750	-2.146949	-104.527854
35	0.327680	750	-2.103572	-106.631426
36	0.315030	750	-2.070501	-108.701927
37	0.302677	750	-2.026257	-110.728184
38	0.290619	750	-1.975026	-112.703211
39	0.278855	750	-1.924329	-114.627540
40	0.267381	750	-1.864552	-116.492091
41	0.256195	750	-1.837277	-118.329369
42	0.245294	750	-1.806293	-120.135662
43	0.234677	750	-1.752054	-121.887716
44	0.224340	750	-1.738166	-123.625881
45	0.214281	750	-1.693967	-125.319849
46	0.204498	750	-1.952226	-127.272075
47	0.194988	750	-1.653932	-128.926007
48	0.185749	750	-1.594808	-130.520814
49	0.176777	750	-1.558160	-132.078974
50	0.168070	750	-1.548623	-133.627597
51	0.159626	750	-1.667708	-135.295305
52	0.151441	750	-1.763321	-137.058626
53	0.143514	750	-1.579508	-138.638134
54	0.135841	750	-1.578175	-140.216309
55	0.128420	750	-1.615000	-141.831309
56	0.121247	750	-1.543372	-143.374681
57	0.114320	750	-1.591871	-144.966552
58	0.107637	750	-1.448506	-146.415058
59	0.101193	750	-1.460892	-147.875949
60	0.094986	750	-1.365653	-149.241602
61	0.089014	750	-1.258686	-150.500289
62	0.083273	750	-1.333012	-151.833300
63	0.077760	750	-1.309704	-153.143004
64	0.072472	750	-1.264786	-154.407791
65	0.067406	750	-1.112961	-155.520752
66	0.062558	750	-1.102923	-156.623675
67	0.057926	750	-1.095377	-157.719052
68	0.053506	750	-1.046631	-158.765683
69	0.049295	750	-0.958971	-159.724654
70	0.045289	750	-0.923135	-160.647789
71	0.041485	750	-0.899856	-161.547646
72	0.037880	750	-0.894276	-162.441922
73	0.034469	750	-0.841912	-163.283833
74	0.031250	750	-0.795236	-164.079070
75	0.028218	750	-0.759302	-164.838372
76	0.025370	750	-0.738608	-165.576980
77	0.022702	750	-0.686428	-166.263408
78	0.020209	750	-0.643230	-166.906638
79	0.017889	750	-0.632873	-167.539511
80	0.015736	750	-0.563536	-168.103046
81	0.013746	750	-0.529728	-168.632775
82	0.011916	750	-0.508368	-169.141142
83	0.010240	750	-0.457975	-169.599117
84	0.008714	750	-0.437009	-170.036126
85	0.007334	750	-0.400655	-170.436781
86	0.006093	750	-0.383064	-170.819845
87	0.004988	750	-0.342700	-171.162546
88	0.004013	750	-0.310346	-171.472891
89	0.003162	750	-0.258732	-171.731623
90	0.002430	750	-0.233690	-171.965312
91	0.001810	750	-0.209878	-172.175191
92	0.001296	750	-0.178845	-172.354036
93	0.000882	750	-0.160347	-172.514382
94	0.000559	750	-0.114217	-172.628599
95	0.000320	750	-0.084528	-172.713127
96	0.000156	750	-0.055457	-172.768584
97	0.000057	750	-0.035336	-172.803920
98	0.000010	750	-0.016681	-172.820601
99	0.000000	750	-0.003350	-172.823951
Log marginal likelihood:	-172.823951
0	0.975187	750	-3.890969	-3.890969
1	0.950747	750	-3.820971	-7.711940
2	0.926679	750	-3.758534	-11.470474
3	0.902980	750	-3.707722	-15.178196
4	0.879648	750	-3.654326	-18.832522
5	0.856682	750	-3.594218	-22.426739
6	0.834079	750	-3.534767	-25.961506
7	0.811838	750	-3.489202	-29.450708
8	0.789957	750	-3.433796	-32.884505
9	0.768433	750	-3.373401	-36.257906
10	0.747266	750	-3.312879	-39.570785
11	0.726452	750	-3.260676	-42.831461
12	0.705989	750	-3.211795	-46.043256
13	0.685877	750	-3.170577	-49.213833
14	0.666112	750	-3.096814	-52.310646
15	0.646693	750	-3.058047	-55.368694
16	0.627618	750	-3.000151	-58.368845
17	0.608884	750	-2.952467	-61.321312
18	0.590490	750	-2.892808	-64.214120
19	0.572433	750	-2.841614	-67.055735
20	0.554712	750	-2.791243	-69.846977
21	0.537324	750	-2.747803	-72.594781
22	0.520268	750	-2.693107	-75.287888
23	0.503540	750	-2.625121	-77.913009
24	0.487139	750	-2.601736	-80.514746
25	0.471063	750	-2.552580	-83.067326
26	0.455310	750	-2.506923	-85.574249
27	0.439877	750	-2.446727	-88.020977
28	0.424762	750	-2.413723	-90.434699
29	0.409963	750	-2.349735	-92.784434
30	0.395478	750	-2.301535	-95.085969
31	0.381305	750	-2.271550	-97.357519
32	0.367440	750	-2.215868	-99.573386
33	0.353883	750	-2.177421	-101.750807
34	0.340630	750	-2.122410	-103.873217
35	0.327680	750	-2.091289	-105.964506
36	0.315030	750	-2.051451	-108.015956
37	0.302677	750	-1.972602	-109.988559
38	0.290619	750	-1.976430	-111.964989
39	0.278855	750	-1.894544	-113.859533
40	0.267381	750	-1.858135	-115.717668
41	0.256195	750	-1.823042	-117.540709
42	0.245294	750	-1.974163	-119.514873
43	0.234677	750	-1.745471	-121.260344
44	0.224340	750	-1.815104	-123.075448
45	0.214281	750	-1.650954	-124.726402
46	0.204498	750	-1.787504	-126.513906
47	0.194988	750	-1.984898	-128.498804
48	0.185749	750	-1.538661	-130.037465
49	0.176777	750	-1.585961	-131.623426
50	0.168070	750	-1.584088	-133.207514
51	0.159626	750	-1.689856	-134.897370
52	0.151441	750	-1.513677	-136.411048
53	0.143514	750	-1.663136	-138.074184
54	0.135841	750	-1.534280	-139.608464
55	0.128420	750	-1.471407	-141.079870
56	0.121247	750	-1.425883	-142.505753
57	0.114320	750	-1.392821	-143.898575
58	0.107637	750	-1.441474	-145.340048
59	0.101193	750	-1.439332	-146.779380
60	0.094986	750	-1.386555	-148.165935
61	0.089014	750	-1.293145	-149.459080
62	0.083273	750	-1.279922	-150.739002
63	0.077760	750	-1.225622	-151.964624
64	0.072472	750	-1.143527	-153.108152
65	0.067406	750	-1.143913	-154.252065
66	0.062558	750	-1.078725	-155.330790
67	0.057926	750	-1.034393	-156.365183
68	0.053506	750	-1.024514	-157.389697
69	0.049295	750	-0.982284	-158.371981
70	0.045289	750	-0.944483	-159.316464
71	0.041485	750	-0.889553	-160.206017
72	0.037880	750	-0.861195	-161.067212
73	0.034469	750	-0.829718	-161.896930
74	0.031250	750	-0.762833	-162.659763
75	0.028218	750	-0.737772	-163.397535
76	0.025370	750	-0.696478	-164.094012
77	0.022702	750	-0.653977	-164.747989
78	0.020209	750	-0.636984	-165.384973
79	0.017889	750	-0.598700	-165.983672
80	0.015736	750	-0.585871	-166.569543
81	0.013746	750	-0.518953	-167.088496
82	0.011916	750	-0.488909	-167.577406
83	0.010240	750	-0.455926	-168.033332
84	0.008714	750	-0.416739	-168.450071
85	0.007334	750	-0.397534	-168.847605
86	0.006093	750	-0.362905	-169.210510
87	0.004988	750	-0.340806	-169.551316
88	0.004013	750	-0.288259	-169.839575
89	0.003162	750	-0.263024	-170.102598
90	0.002430	750	-0.245218	-170.347816
91	0.001810	750	-0.202643	-170.550459
92	0.001296	750	-0.166323	-170.716783
93	0.000882	750	-0.131346	-170.848129
94	0.000559	750	-0.121449	-170.969578
95	0.000320	750	-0.087921	-171.057498
96	0.000156	750	-0.058698	-171.116196
97	0.000057	750	-0.034864	-171.151060
98	0.000010	750	-0.016201	-171.167261
99	0.000000	750	-0.003569	-171.170830
Log marginal likelihood:	-171.170830
0	0.975187	750	-3.634122	-3.634122
1	0.950747	750	-3.587300	-7.221423
2	0.926679	750	-3.539254	-10.760676
3	0.902980	750	-3.486355	-14.247032
4	0.879648	750	-3.415921	-17.662953
5	0.856682	750	-3.368514	-21.031466
6	0.834079	750	-3.326887	-24.358354
7	0.811838	750	-3.263961	-27.622314
8	0.789957	750	-3.222653	-30.844967
9	0.768433	750	-3.166906	-34.011873
10	0.747266	750	-3.117026	-37.128899
11	0.726452	750	-3.070306	-40.199205
12	0.705989	750	-3.013946	-43.213151
13	0.685877	750	-2.965911	-46.179061
14	0.666112	750	-2.912074	-49.091135
15	0.646693	750	-2.865051	-51.956186
16	0.627618	750	-2.827414	-54.783600
17	0.608884	750	-2.764836	-57.548435
18	0.590490	750	-2.712496	-60.260931
19	0.572433	750	-2.670846	-62.931777
20	0.554712	750	-2.623472	-65.555249
21	0.537324	750	-2.583307	-68.138556
22	0.520268	750	-2.536529	-70.675085
23	0.503540	750	-2.490451	-73.165537
24	0.487139	750	-2.439148	-75.604685
25	0.471063	750	-2.392554	-77.997239
26	0.455310	750	-2.355313	-80.352552
27	0.439877	750	-2.311425	-82.663977
28	0.424762	750	-2.272613	-84.936590
29	0.409963	750	-2.211008	-87.147598
30	0.395478	750	-2.169918	-89.317516
31	0.381305	750	-2.129046	-91.446562
32	0.367440	750	-2.082715	-93.529277
33	0.353883	750	-2.056097	-95.585374
34	0.340630	750	-1.997593	-97.582967
35	0.327680	750	-1.963774	-99.546740
36	0.315030	750	-1.922661	-101.469401
37	0.302677	750	-1.889613	-103.359014
38	0.290619	750	-1.863020	-105.222034
39	0.278855	750	-1.790445	-107.012479
40	0.267381	750	-1.752414	-108.764893
41	0.256195	750	-1.774279	-110.539172
42	0.245294	750	-1.699524	-112.238696
43	0.234677	750	-1.634599	-113.873295
44	0.224340	750	-1.575825	-115.449120
45	0.214281	750	-1.578456	-117.027575
46	0.204498	750	-1.581015	-118.608590
47	0.194988	750	-1.543712	-120.152302
48	0.185749	750	-1.476152	-121.628454
49	0.176777	750	-1.590844	-123.219297
50	0.168070	750	-1.470860	-124.690157
51	0.159626	750	-1.496137	-126.186294
52	0.151441	750	-1.502846	-127.689140
53	0.143514	750	-1.360483	-129.049623
54	0.135841	750	-1.477117	-130.526740
55	0.128420	750	-1.410481	-131.937221
56	0.121247	750	-1.425108	-133.362329
57	0.114320	750	-1.257743	-134.620073
58	0.107637	750	-1.264123	-135.884196
59	0.101193	750	-1.305666	-137.189863
60	0.094986	750	-1.246156	-138.436019
61	0.089014	750	-1.328980	-139.764998
62	0.083273	750	-1.097958	-140.862957
63	0.077760	750	-1.196138	-142.059095
64	0.072472	750	-1.128960	-143.188055
65	0.067406	750	-1.104943	-144.292998
66	0.062558	750	-1.113864	-145.406863
67	0.057926	750	-1.032569	-146.439431
68	0.053506	750	-1.019805	-147.459236
69	0.049295	750	-0.980675	-148.439912
70	0.045289	750	-0.940291	-149.380203
71	0.041485	750	-0.900482	-150.280686
72	0.037880	750	-0.857345	-151.138031
73	0.034469	750	-0.785595	-151.923625
74	0.031250	750	-0.793567	-152.717193
75	0.028218	750	-0.748834	-153.466026
76	0.025370	750	-0.700875	-154.166902
77	0.022702	750	-0.666406	-154.833308
78	0.020209	750	-0.621499	-155.454806
79	0.017889	750	-0.608050	-156.062856
80	0.015736	750	-0.561896	-156.624752
81	0.013746	750	-0.525176	-157.149928
82	0.011916	750	-0.485835	-157.635763
83	0.010240	750	-0.459168	-158.094931
84	0.008714	750	-0.412375	-158.507306
85	0.007334	750	-0.394150	-158.901456
86	0.006093	750	-0.357526	-159.258982
87	0.004988	750	-0.330627	-159.589609
88	0.004013	750	-0.283053	-159.872662
89	0.003162	750	-0.253287	-160.125948
90	0.002430	750	-0.245570	-160.371518
91	0.001810	750	-0.211897	-160.583415
92	0.001296	750	-0.171063	-160.754479
93	0.000882	750	-0.140419	-160.894897
94	0.000559	750	-0.101798	-160.996695
95	0.000320	750	-0.085540	-161.082235
96	0.000156	750	-0.062650	-161.144886
97	0.000057	750	-0.035687	-161.180573
98	0.000010	750	-0.017114	-161.197687
99	0.000000	750	-0.003981	-161.201668
Log marginal likelihood:	-161.201668
0	0.975187	750	-3.532324	-3.532324
1	0.950747	750	-3.471803	-7.004127
2	0.926679	750	-3.421027	-10.425155
3	0.902980	750	-3.371280	-13.796435
4	0.879648	750	-3.317679	-17.114114
5	0.856682	750	-3.285658	-20.399772
6	0.834079	750	-3.226802	-23.626575
7	0.811838	750	-3.175247	-26.801822
8	0.789957	750	-3.117970	-29.919792
9	0.768433	750	-3.075878	-32.995669
10	0.747266	750	-3.023648	-36.019317
11	0.726452	750	-2.972052	-38.991369
12	0.705989	750	-2.926471	-41.917841
13	0.685877	750	-2.874509	-44.792349
14	0.666112	750	-2.830256	-47.622606
15	0.646693	750	-2.776504	-50.399109
16	0.627618	750	-2.732741	-53.131850
17	0.608884	750	-2.688498	-55.820348
18	0.590490	750	-2.630126	-58.450474
19	0.572433	750	-2.591627	-61.042101
20	0.554712	750	-2.545857	-63.587958
21	0.537324	750	-2.512346	-66.100304
22	0.520268	750	-2.455068	-68.555372
23	0.503540	750	-2.405357	-70.960729
24	0.487139	750	-2.354236	-73.314965
25	0.471063	750	-2.330970	-75.645935
26	0.455310	750	-2.274077	-77.920012
27	0.439877	750	-2.222863	-80.142875
28	0.424762	750	-2.183527	-82.326402
29	0.409963	750	-2.139019	-84.465421
30	0.395478	750	-2.094796	-86.560217
31	0.381305	750	-2.069755	-88.629972
32	0.367440	750	-2.008001	-90.637974
33	0.353883	750	-1.974708	-92.612682
34	0.340630	750	-1.942771	-94.555452
35	0.327680	750	-1.905353	-96.460805
36	0.315030	750	-1.868507	-98.329312
37	0.302677	750	-1.807946	-100.137258
38	0.290619	750	-1.779478	-101.916737
39	0.278855	750	-1.735850	-103.652586
40	0.267381	750	-1.702471	-105.355057
41	0.256195	750	-1.672455	-107.027512
42	0.245294	750	-1.636343	-108.663855
43	0.234677	750	-1.581489	-110.245344
44	0.224340	750	-1.552399	-111.797743
45	0.214281	750	-1.520161	-113.317904
46	0.204498	750	-1.549052	-114.866956
47	0.194988	750	-1.458814	-116.325770
48	0.185749	750	-1.456785	-117.782555
49	0.176777	750	-1.563526	-119.346081
50	0.168070	750	-1.362745	-120.708826
51	0.159626	750	-1.419696	-122.128522
52	0.151441	750	-1.251552	-123.380074
53	0.143514	750	-1.359247	-124.739321
54	0.135841	750	-1.407753	-126.147073
55	0.128420	750	-1.268307	-127.415381
56	0.121247	750	-1.247797	-128.663178
57	0.114320	750	-1.356760	-130.019938
58	0.107637	750	-1.284647	-131.304585
59	0.101193	750	-1.205556	-132.510141
60	0.094986	750	-1.160509	-133.670650
61	0.089014	750	-1.300399	-134.971049
62	0.083273	750	-1.242006	-136.213056
63	0.077760	750	-1.136424	-137.349480
64	0.072472	750	-1.133627	-138.483107
65	0.067406	750	-1.133031	-139.616138
66	0.062558	750	-1.152725	-140.768863
67	0.057926	750	-1.083291	-141.852154
68	0.053506	750	-1.014343	-142.866497
69	0.049295	750	-0.970401	-143.836898
70	0.045289	750	-0.923632	-144.760530
71	0.041485	750	-0.894318	-145.654848
72	0.037880	750	-0.858531	-146.513379
73	0.034469	750	-0.837505	-147.350883
74	0.031250	750	-0.792840	-148.143723
75	0.028218	750	-0.765954	-148.909677
76	0.025370	750	-0.716090	-149.625767
77	0.022702	750	-0.678630	-150.304397
78	0.020209	750	-0.637224	-150.941621
79	0.017889	750	-0.614353	-151.555974
80	0.015736	750	-0.565822	-152.121796
81	0.013746	750	-0.531512	-152.653308
82	0.011916	750	-0.507356	-153.160664
83	0.010240	750	-0.466407	-153.627071
84	0.008714	750	-0.431962	-154.059033
85	0.007334	750	-0.417794	-154.476826
86	0.006093	750	-0.378087	-154.854913
87	0.004988	750	-0.335885	-155.190797
88	0.004013	750	-0.296494	-155.487291
89	0.003162	750	-0.252988	-155.740279
90	0.002430	750	-0.234635	-155.974913
91	0.001810	750	-0.217655	-156.192568
92	0.001296	750	-0.173588	-156.366157
93	0.000882	750	-0.142715	-156.508871
94	0.000559	750	-0.128058	-156.636929
95	0.000320	750	-0.080613	-156.717542
96	0.000156	750	-0.061159	-156.778701
97	0.000057	750	-0.034817	-156.813517
98	0.000010	750	-0.017185	-156.830703
99	0.000000	750	-0.003549	-156.834251
Log marginal likelihood:	-156.834251
0	0.975187	750	-3.565708	-3.565708
1	0.950747	750	-3.510482	-7.076190
2	0.926679	750	-3.464109	-10.540298
3	0.902980	750	-3.414079	-13.954378
4	0.879648	750	-3.378936	-17.333314
5	0.856682	750	-3.308451	-20.641764
6	0.834079	750	-3.251045	-23.892809
7	0.811838	750	-3.204959	-27.097767
8	0.789957	750	-3.159508	-30.257275
9	0.768433	750	-3.105590	-33.362865
10	0.747266	750	-3.046510	-36.409376
11	0.726452	750	-3.006287	-39.415662
12	0.705989	750	-2.956228	-42.371890
13	0.685877	750	-2.906434	-45.278324
14	0.666112	750	-2.869341	-48.147665
15	0.646693	750	-2.804347	-50.952012
16	0.627618	750	-2.755744	-53.707756
17	0.608884	750	-2.715262	-56.423019
18	0.590490	750	-2.668089	-59.091108
19	0.572433	750	-2.621657	-61.712764
20	0.554712	750	-2.586333	-64.299097
21	0.537324	750	-2.530792	-66.829889
22	0.520268	750	-2.474580	-69.304469
23	0.503540	750	-2.429829	-71.734298
24	0.487139	750	-2.395117	-74.129416
25	0.471063	750	-2.346534	-76.475950
26	0.455310	750	-2.295869	-78.771819
27	0.439877	750	-2.252401	-81.024220
28	0.424762	750	-2.218712	-83.242931
29	0.409963	750	-2.171201	-85.414132
30	0.395478	750	-2.127224	-87.541356
31	0.381305	750	-2.090607	-89.631963
32	0.367440	750	-2.029073	-91.661037
33	0.353883	750	-2.001499	-93.662536
34	0.340630	750	-1.955601	-95.618137
35	0.327680	750	-1.925181	-97.543318
36	0.315030	750	-1.881843	-99.425160
37	0.302677	750	-1.839095	-101.264255
38	0.290619	750	-1.794148	-103.058403
39	0.278855	750	-1.774023	-104.832427
40	0.267381	750	-1.708093	-106.540520
41	0.256195	750	-1.666938	-108.207457
42	0.245294	750	-1.719386	-109.926843
43	0.234677	750	-1.653662	-111.580505
44	0.224340	750	-1.574685	-113.155190
45	0.214281	750	-1.562358	-114.717548
46	0.204498	750	-1.639853	-116.357401
47	0.194988	750	-1.545087	-117.902489
48	0.185749	750	-1.400478	-119.302966
49	0.176777	750	-1.426468	-120.729434
50	0.168070	750	-1.559349	-122.288783
51	0.159626	750	-1.487315	-123.776099
52	0.151441	750	-1.365535	-125.141634
53	0.143514	750	-1.471817	-126.613451
54	0.135841	750	-1.344478	-127.957929
55	0.128420	750	-1.394881	-129.352810
56	0.121247	750	-1.269973	-130.622782
57	0.114320	750	-1.312174	-131.934957
58	0.107637	750	-1.276953	-133.211910
59	0.101193	750	-1.315657	-134.527567
60	0.094986	750	-1.238680	-135.766247
61	0.089014	750	-1.287705	-137.053952
62	0.083273	750	-1.241595	-138.295547
63	0.077760	750	-1.189097	-139.484644
64	0.072472	750	-1.171745	-140.656388
65	0.067406	750	-1.080942	-141.737330
66	0.062558	750	-1.122442	-142.859772
67	0.057926	750	-1.070390	-143.930162
68	0.053506	750	-1.012539	-144.942702
69	0.049295	750	-0.950626	-145.893328
70	0.045289	750	-0.951603	-146.844931
71	0.041485	750	-0.896711	-147.741641
72	0.037880	750	-0.855298	-148.596939
73	0.034469	750	-0.812812	-149.409751
74	0.031250	750	-0.811017	-150.220767
75	0.028218	750	-0.750707	-150.971475
76	0.025370	750	-0.688202	-151.659676
77	0.022702	750	-0.665220	-152.324896
78	0.020209	750	-0.631358	-152.956254
79	0.017889	750	-0.585866	-153.542119
80	0.015736	750	-0.563719	-154.105838
81	0.013746	750	-0.518183	-154.624021
82	0.011916	750	-0.480853	-155.104875
83	0.010240	750	-0.466853	-155.571727
84	0.008714	750	-0.412757	-155.984484
85	0.007334	750	-0.403963	-156.388447
86	0.006093	750	-0.363918	-156.752365
87	0.004988	750	-0.343141	-157.095506
88	0.004013	750	-0.315771	-157.411277
89	0.003162	750	-0.280527	-157.691804
90	0.002430	750	-0.219947	-157.911751
91	0.001810	750	-0.208820	-158.120571
92	0.001296	750	-0.188142	-158.308713
93	0.000882	750	-0.144489	-158.453202
94	0.000559	750	-0.108232	-158.561434
95	0.000320	750	-0.079627	-158.641061
96	0.000156	750	-0.059010	-158.700072
97	0.000057	750	-0.039628	-158.739699
98	0.000010	750	-0.015262	-158.754962
99	0.000000	750	-0.003821	-158.758782
Log marginal likelihood:	-158.758782
0	0.975187	750	-4.173441	-4.173441
1	0.950747	750	-4.121017	-8.294457
2	0.926679	750	-4.055599	-12.350057
3	0.902980	750	-3.998574	-16.348631
4	0.879648	750	-3.936541	-20.285172
5	0.856682	750	-3.877650	-24.162822
6	0.834079	750	-3.809870	-27.972692
7	0.811838	750	-3.752100	-31.724791
8	0.789957	750	-3.698357	-35.423148
9	0.768433	750	-3.638345	-39.061493
10	0.747266	750	-3.574015	-42.635508
11	0.726452	750	-3.525677	-46.161186
12	0.705989	750	-3.475043	-49.636228
13	0.685877	750	-3.407055	-53.043283
14	0.666112	750	-3.358161	-56.401445
15	0.646693	750	-3.299967	-59.701412
16	0.627618	750	-3.230377	-62.931789
17	0.608884	750	-3.189781	-66.121571
18	0.590490	750	-3.119656	-69.241226
19	0.572433	750	-3.072602	-72.313828
20	0.554712	750	-3.011606	-75.325434
21	0.537324	750	-2.961917	-78.287351
22	0.520268	750	-2.897324	-81.184675
23	0.503540	750	-2.856100	-84.040775
24	0.487139	750	-2.805822	-86.846597
25	0.471063	750	-2.748717	-89.595314
26	0.455310	750	-2.699437	-92.294751
27	0.439877	750	-2.638688	-94.933439
28	0.424762	750	-2.601118	-97.534557
29	0.409963	750	-2.562532	-100.097089
30	0.395478	750	-2.488765	-102.585854
31	0.381305	750	-2.431281	-105.017135
32	0.367440	750	-2.413841	-107.430976
33	0.353883	750	-2.352325	-109.783301
34	0.340630	750	-2.316773	-112.100074
35	0.327680	750	-2.304716	-114.404789
36	0.315030	750	-2.207793	-116.612583
37	0.302677	750	-2.181832	-118.794415
38	0.290619	750	-2.145787	-120.940202
39	0.278855	750	-2.236581	-123.176784
40	0.267381	750	-2.120561	-125.297345
41	0.256195	750	-2.042227	-127.339572
42	0.245294	750	-2.050005	-129.389577
43	0.234677	750	-1.945969	-131.335546
44	0.224340	750	-2.069564	-133.405110
45	0.214281	750	-1.959349	-135.364459
46	0.204498	750	-1.882263	-137.246723
47	0.194988	750	-1.886832	-139.133554
48	0.185749	750	-1.744663	-140.878217
49	0.176777	750	-1.884580	-142.762797
50	0.168070	750	-1.735268	-144.498064
51	0.159626	750	-1.706029	-146.204093
52	0.151441	750	-1.627047	-147.831141
53	0.143514	750	-1.637706	-149.468847
54	0.135841	750	-1.611455	-151.080301
55	0.128420	750	-1.558097	-152.638398
56	0.121247	750	-1.537851	-154.176249
57	0.114320	750	-1.479685	-155.655934
58	0.107637	750	-1.377570	-157.033504
59	0.101193	750	-1.415120	-158.448624
60	0.094986	750	-1.350749	-159.799373
61	0.089014	750	-1.310017	-161.109389
62	0.083273	750	-1.291392	-162.400782
63	0.077760	750	-1.255010	-163.655792
64	0.072472	750	-1.169800	-164.825592
65	0.067406	750	-1.172640	-165.998232
66	0.062558	750	-1.102318	-167.100549
67	0.057926	750	-1.065303	-168.165853
68	0.053506	750	-1.028540	-169.194393
69	0.049295	750	-0.978563	-170.172957
70	0.045289	750	-0.945504	-171.118460
71	0.041485	750	-0.893012	-172.011473
72	0.037880	750	-0.851097	-172.862570
73	0.034469	750	-0.825292	-173.687862
74	0.031250	750	-0.786038	-174.473900
75	0.028218	750	-0.741578	-175.215478
76	0.025370	750	-0.711445	-175.926923
77	0.022702	750	-0.655502	-176.582425
78	0.020209	750	-0.617775	-177.200200
79	0.017889	750	-0.589086	-177.789287
80	0.015736	750	-0.563663	-178.352950
81	0.013746	750	-0.511864	-178.864813
82	0.011916	750	-0.478805	-179.343619
83	0.010240	750	-0.449605	-179.793224
84	0.008714	750	-0.450662	-180.243886
85	0.007334	750	-0.402304	-180.646190
86	0.006093	750	-0.362435	-181.008625
87	0.004988	750	-0.350768	-181.359394
88	0.004013	750	-0.297464	-181.656858
89	0.003162	750	-0.262718	-181.919576
90	0.002430	750	-0.236610	-182.156186
91	0.001810	750	-0.205221	-182.361407
92	0.001296	750	-0.162965	-182.524372
93	0.000882	750	-0.153627	-182.677999
94	0.000559	750	-0.113307	-182.791306
95	0.000320	750	-0.079582	-182.870888
96	0.000156	750	-0.060014	-182.930903
97	0.000057	750	-0.043584	-182.974487
98	0.000010	750	-0.017494	-182.991981
99	0.000000	750	-0.003550	-182.995531
Log marginal likelihood:	-182.995531
0	0.975187	750	-4.154298	-4.154298
1	0.950747	750	-4.087531	-8.241830
2	0.926679	750	-4.032249	-12.274078
3	0.902980	750	-3.967418	-16.241496
4	0.879648	750	-3.908070	-20.149565
5	0.856682	750	-3.852747	-24.002312
6	0.834079	750	-3.793286	-27.795599
7	0.811838	750	-3.730800	-31.526398
8	0.789957	750	-3.674121	-35.200520
9	0.768433	750	-3.624900	-38.825420
10	0.747266	750	-3.558882	-42.384301
11	0.726452	750	-3.496946	-45.881248
12	0.705989	750	-3.449483	-49.330731
13	0.685877	750	-3.383302	-52.714033
14	0.666112	750	-3.332021	-56.046053
15	0.646693	750	-3.266610	-59.312663
16	0.627618	750	-3.237112	-62.549775
17	0.608884	750	-3.167503	-65.717278
18	0.590490	750	-3.107737	-68.825015
19	0.572433	750	-3.047903	-71.872919
20	0.554712	750	-2.992930	-74.865849
21	0.537324	750	-2.951966	-77.817815
22	0.520268	750	-2.891313	-80.709128
23	0.503540	750	-2.847570	-83.556698
24	0.487139	750	-2.772551	-86.329250
25	0.471063	750	-2.726010	-89.055259
26	0.455310	750	-2.661284	-91.716544
27	0.439877	750	-2.637238	-94.353782
28	0.424762	750	-2.565442	-96.919224
29	0.409963	750	-2.516117	-99.435340
30	0.395478	750	-2.487912	-101.923252
31	0.381305	750	-2.415563	-104.338815
32	0.367440	750	-2.361716	-106.700531
33	0.353883	750	-2.315371	-109.015902
34	0.340630	750	-2.308915	-111.324817
35	0.327680	750	-2.234382	-113.559199
36	0.315030	750	-2.184787	-115.743986
37	0.302677	750	-2.125584	-117.869570
38	0.290619	750	-2.075469	-119.945038
39	0.278855	750	-2.031964	-121.977003
40	0.267381	750	-2.046902	-124.023904
41	0.256195	750	-2.061260	-126.085164
42	0.245294	750	-1.894485	-127.979650
43	0.234677	750	-1.912273	-129.891923
44	0.224340	750	-1.907094	-131.799017
45	0.214281	750	-1.814868	-133.613885
46	0.204498	750	-1.734712	-135.348597
47	0.194988	750	-2.037910	-137.386507
48	0.185749	750	-1.844247	-139.230754
49	0.176777	750	-1.714297	-140.945050
50	0.168070	750	-1.736907	-142.681957
51	0.159626	750	-1.750927	-144.432885
52	0.151441	750	-1.646616	-146.079500
53	0.143514	750	-1.540162	-147.619663
54	0.135841	750	-1.688197	-149.307860
55	0.128420	750	-1.640366	-150.948226
56	0.121247	750	-1.572188	-152.520413
57	0.114320	750	-1.409854	-153.930267
58	0.107637	750	-1.536536	-155.466804
59	0.101193	750	-1.374647	-156.841450
60	0.094986	750	-1.382255	-158.223705
61	0.089014	750	-1.257860	-159.481565
62	0.083273	750	-1.338013	-160.819578
63	0.077760	750	-1.318442	-162.138020
64	0.072472	750	-1.197677	-163.335698
65	0.067406	750	-1.164584	-164.500281
66	0.062558	750	-1.151046	-165.651327
67	0.057926	750	-1.088581	-166.739908
68	0.053506	750	-1.040452	-167.780360
69	0.049295	750	-1.015488	-168.795848
70	0.045289	750	-0.968070	-169.763918
71	0.041485	750	-0.932522	-170.696440
72	0.037880	750	-0.891597	-171.588037
73	0.034469	750	-0.831333	-172.419370
74	0.031250	750	-0.799469	-173.218839
75	0.028218	750	-0.737442	-173.956281
76	0.025370	750	-0.732088	-174.688369
77	0.022702	750	-0.685917	-175.374287
78	0.020209	750	-0.645183	-176.019470
79	0.017889	750	-0.611655	-176.631125
80	0.015736	750	-0.562275	-177.193399
81	0.013746	750	-0.516143	-177.709542
82	0.011916	750	-0.498044	-178.207586
83	0.010240	750	-0.465331	-178.672917
84	0.008714	750	-0.445177	-179.118094
85	0.007334	750	-0.382829	-179.500923
86	0.006093	750	-0.364167	-179.865090
87	0.004988	750	-0.345449	-180.210538
88	0.004013	750	-0.323350	-180.533888
89	0.003162	750	-0.273490	-180.807378
90	0.002430	750	-0.238866	-181.046245
91	0.001810	750	-0.197107	-181.243352
92	0.001296	750	-0.163207	-181.406558
93	0.000882	750	-0.159217	-181.565775
94	0.000559	750	-0.121663	-181.687439
95	0.000320	750	-0.104209	-181.791648
96	0.000156	750	-0.055820	-181.847468
97	0.000057	750	-0.035810	-181.883278
98	0.000010	750	-0.017005	-181.900283
99	0.000000	750	-0.003555	-181.903837
Log marginal likelihood:	-181.903837
0	0.975187	750	-3.762615	-3.762615
1	0.950747	750	-3.712989	-7.475604
2	0.926679	750	-3.655438	-11.131043
3	0.902980	750	-3.593131	-14.724173
4	0.879648	750	-3.547637	-18.271811
5	0.856682	750	-3.490925	-21.762736
6	0.834079	750	-3.442782	-25.205517
7	0.811838	750	-3.383390	-28.588907
8	0.789957	750	-3.330734	-31.919640
9	0.768433	750	-3.286441	-35.206082
10	0.747266	750	-3.220398	-38.426480
11	0.726452	750	-3.171921	-41.598401
12	0.705989	750	-3.120509	-44.718910
13	0.685877	750	-3.073895	-47.792805
14	0.666112	750	-3.020463	-50.813268
15	0.646693	750	-2.957307	-53.770575
16	0.627618	750	-2.919865	-56.690440
17	0.608884	750	-2.872690	-59.563130
18	0.590490	750	-2.815136	-62.378266
19	0.572433	750	-2.763991	-65.142258
20	0.554712	750	-2.714976	-67.857234
21	0.537324	750	-2.673065	-70.530299
22	0.520268	750	-2.612664	-73.142963
23	0.503540	750	-2.578684	-75.721647
24	0.487139	750	-2.518443	-78.240090
25	0.471063	750	-2.477955	-80.718044
26	0.455310	750	-2.457307	-83.175352
27	0.439877	750	-2.385034	-85.560386
28	0.424762	750	-2.336099	-87.896484
29	0.409963	750	-2.307188	-90.203672
30	0.395478	750	-2.232559	-92.436231
31	0.381305	750	-2.213282	-94.649514
32	0.367440	750	-2.160436	-96.809950
33	0.353883	750	-2.112274	-98.922224
34	0.340630	750	-2.086892	-101.009116
35	0.327680	750	-2.017696	-103.026812
36	0.315030	750	-1.993395	-105.020207
37	0.302677	750	-1.925043	-106.945250
38	0.290619	750	-1.891427	-108.836677
39	0.278855	750	-1.847616	-110.684292
40	0.267381	750	-1.804010	-112.488303
41	0.256195	750	-1.778413	-114.266716
42	0.245294	750	-1.731445	-115.998161
43	0.234677	750	-1.877487	-117.875647
44	0.224340	750	-1.651272	-119.526919
45	0.214281	750	-1.611802	-121.138721
46	0.204498	750	-1.622546	-122.761267
47	0.194988	750	-1.619788	-124.381055
48	0.185749	750	-1.497251	-125.878307
49	0.176777	750	-1.598594	-127.476900
50	0.168070	750	-1.475634	-128.952535
51	0.159626	750	-1.608204	-130.560739
52	0.151441	750	-1.491611	-132.052350
53	0.143514	750	-1.353856	-133.406206
54	0.135841	750	-1.505501	-134.911707
55	0.128420	750	-1.532600	-136.444307
56	0.121247	750	-1.396885	-137.841192
57	0.114320	750	-1.400096	-139.241288
58	0.107637	750	-1.350268	-140.591556
59	0.101193	750	-1.367444	-141.959000
60	0.094986	750	-1.361949	-143.320949
61	0.089014	750	-1.227493	-144.548442
62	0.083273	750	-1.266684	-145.815126
63	0.077760	750	-1.188704	-147.003830
64	0.072472	750	-1.122486	-148.126316
65	0.067406	750	-1.153027	-149.279342
66	0.062558	750	-1.105311	-150.384654
67	0.057926	750	-1.086404	-151.471058
68	0.053506	750	-0.969265	-152.440323
69	0.049295	750	-0.960738	-153.401061
70	0.045289	750	-0.941368	-154.342429
71	0.041485	750	-0.884568	-155.226996
72	0.037880	750	-0.871375	-156.098371
73	0.034469	750	-0.808843	-156.907214
74	0.031250	750	-0.777541	-157.684755
75	0.028218	750	-0.757113	-158.441869
76	0.025370	750	-0.698355	-159.140224
77	0.022702	750	-0.672212	-159.812435
78	0.020209	750	-0.632468	-160.444904
79	0.017889	750	-0.591517	-161.036421
80	0.015736	750	-0.602048	-161.638469
81	0.013746	750	-0.533191	-162.171660
82	0.011916	750	-0.481634	-162.653294
83	0.010240	750	-0.450783	-163.104077
84	0.008714	750	-0.412952	-163.517029
85	0.007334	750	-0.372358	-163.889386
86	0.006093	750	-0.347413	-164.236799
87	0.004988	750	-0.333033	-164.569832
88	0.004013	750	-0.309398	-164.879230
89	0.003162	750	-0.258999	-165.138228
90	0.002430	750	-0.231176	-165.369404
91	0.001810	750	-0.216565	-165.585969
92	0.001296	750	-0.175152	-165.761121
93	0.000882	750	-0.162499	-165.923620
94	0.000559	750	-0.116151	-166.039771
95	0.000320	750	-0.085693	-166.125464
96	0.000156	750	-0.054525	-166.179989
97	0.000057	750	-0.036189	-166.216178
98	0.000010	750	-0.017368	-166.233546
99	0.000000	750	-0.003604	-166.237150
Log marginal likelihood:	-166.237150
0	0.975187	750	-3.775650	-3.775650
1	0.950747	750	-3.703701	-7.479351
2	0.926679	750	-3.666553	-11.145904
3	0.902980	750	-3.598623	-14.744527
4	0.879648	750	-3.540185	-18.284712
5	0.856682	750	-3.480827	-21.765539
6	0.834079	750	-3.435485	-25.201024
7	0.811838	750	-3.389805	-28.590829
8	0.789957	750	-3.344763	-31.935592
9	0.768433	750	-3.281000	-35.216592
10	0.747266	750	-3.242951	-38.459543
11	0.726452	750	-3.171714	-41.631257
12	0.705989	750	-3.138836	-44.770093
13	0.685877	750	-3.088968	-47.859061
14	0.666112	750	-3.005919	-50.864979
15	0.646693	750	-2.967187	-53.832166
16	0.627618	750	-2.922806	-56.754973
17	0.608884	750	-2.863812	-59.618785
18	0.590490	750	-2.839590	-62.458375
19	0.572433	750	-2.777860	-65.236235
20	0.554712	750	-2.735113	-67.971347
21	0.537324	750	-2.651312	-70.622659
22	0.520268	750	-2.600301	-73.222960
23	0.503540	750	-2.550401	-75.773361
24	0.487139	750	-2.512748	-78.286110
25	0.471063	750	-2.478904	-80.765013
26	0.455310	750	-2.422071	-83.187085
27	0.439877	750	-2.383996	-85.571081
28	0.424762	750	-2.353995	-87.925076
29	0.409963	750	-2.294780	-90.219857
30	0.395478	750	-2.259039	-92.478895
31	0.381305	750	-2.208969	-94.687865
32	0.367440	750	-2.163212	-96.851076
33	0.353883	750	-2.116239	-98.967315
34	0.340630	750	-2.107784	-101.075099
35	0.327680	750	-2.050826	-103.125925
36	0.315030	750	-1.965705	-105.091630
37	0.302677	750	-1.976964	-107.068595
38	0.290619	750	-1.969221	-109.037816
39	0.278855	750	-1.903068	-110.940884
40	0.267381	750	-1.811936	-112.752820
41	0.256195	750	-1.798582	-114.551402
42	0.245294	750	-1.730200	-116.281601
43	0.234677	750	-1.690644	-117.972246
44	0.224340	750	-1.693299	-119.665545
45	0.214281	750	-1.614545	-121.280089
46	0.204498	750	-1.786934	-123.067024
47	0.194988	750	-1.744924	-124.811947
48	0.185749	750	-1.502023	-126.313970
49	0.176777	750	-1.533266	-127.847236
50	0.168070	750	-1.619012	-129.466249
51	0.159626	750	-1.625325	-131.091573
52	0.151441	750	-1.594485	-132.686058
53	0.143514	750	-1.505745	-134.191803
54	0.135841	750	-1.484981	-135.676784
55	0.128420	750	-1.552402	-137.229186
56	0.121247	750	-1.492251	-138.721437
57	0.114320	750	-1.515098	-140.236536
58	0.107637	750	-1.393124	-141.629660
59	0.101193	750	-1.386967	-143.016628
60	0.094986	750	-1.374444	-144.391072
61	0.089014	750	-1.389228	-145.780299
62	0.083273	750	-1.216748	-146.997047
63	0.077760	750	-1.277708	-148.274755
64	0.072472	750	-1.218875	-149.493630
65	0.067406	750	-1.171631	-150.665260
66	0.062558	750	-1.153432	-151.818692
67	0.057926	750	-1.105078	-152.923770
68	0.053506	750	-1.033222	-153.956993
69	0.049295	750	-0.989173	-154.946166
70	0.045289	750	-0.960125	-155.906291
71	0.041485	750	-0.930305	-156.836596
72	0.037880	750	-0.885852	-157.722448
73	0.034469	750	-0.839728	-158.562176
74	0.031250	750	-0.802783	-159.364959
75	0.028218	750	-0.768448	-160.133407
76	0.025370	750	-0.713680	-160.847088
77	0.022702	750	-0.698696	-161.545783
78	0.020209	750	-0.632840	-162.178623
79	0.017889	750	-0.603422	-162.782045
80	0.015736	750	-0.574969	-163.357014
81	0.013746	750	-0.530997	-163.888011
82	0.011916	750	-0.513446	-164.401457
83	0.010240	750	-0.474762	-164.876220
84	0.008714	750	-0.426147	-165.302366
85	0.007334	750	-0.410100	-165.712466
86	0.006093	750	-0.385917	-166.098383
87	0.004988	750	-0.324858	-166.423241
88	0.004013	750	-0.317933	-166.741174
89	0.003162	750	-0.277908	-167.019081
90	0.002430	750	-0.237274	-167.256355
91	0.001810	750	-0.209047	-167.465403
92	0.001296	750	-0.159514	-167.624917
93	0.000882	750	-0.144375	-167.769292
94	0.000559	750	-0.110011	-167.879303
95	0.000320	750	-0.081779	-167.961082
96	0.000156	750	-0.056476	-168.017558
97	0.000057	750	-0.035726	-168.053283
98	0.000010	750	-0.017636	-168.070920
99	0.000000	750	-0.004192	-168.075112
Log marginal likelihood:	-168.075112
0	0.975187	750	-3.768867	-3.768867
1	0.950747	750	-3.696935	-7.465802
2	0.926679	750	-3.650500	-11.116302
3	0.902980	750	-3.612048	-14.728349
4	0.879648	750	-3.553626	-18.281975
5	0.856682	750	-3.498086	-21.780062
6	0.834079	750	-3.437092	-25.217154
7	0.811838	750	-3.389441	-28.606594
8	0.789957	750	-3.326625	-31.933219
9	0.768433	750	-3.278293	-35.211512
10	0.747266	750	-3.227988	-38.439500
11	0.726452	750	-3.169457	-41.608956
12	0.705989	750	-3.118106	-44.727062
13	0.685877	750	-3.080400	-47.807463
14	0.666112	750	-3.017836	-50.825298
15	0.646693	750	-2.962287	-53.787586
16	0.627618	750	-2.911000	-56.698585
17	0.608884	750	-2.862875	-59.561461
18	0.590490	750	-2.824126	-62.385587
19	0.572433	750	-2.767477	-65.153065
20	0.554712	750	-2.724060	-67.877125
21	0.537324	750	-2.664398	-70.541523
22	0.520268	750	-2.614536	-73.156060
23	0.503540	750	-2.565515	-75.721574
24	0.487139	750	-2.506736	-78.228310
25	0.471063	750	-2.481830	-80.710140
26	0.455310	750	-2.426857	-83.136997
27	0.439877	750	-2.380427	-85.517424
28	0.424762	750	-2.351077	-87.868501
29	0.409963	750	-2.298336	-90.166836
30	0.395478	750	-2.240501	-92.407337
31	0.381305	750	-2.200252	-94.607589
32	0.367440	750	-2.141536	-96.749125
33	0.353883	750	-2.098352	-98.847477
34	0.340630	750	-2.068197	-100.915675
35	0.327680	750	-2.027522	-102.943197
36	0.315030	750	-1.998249	-104.941446
37	0.302677	750	-1.943309	-106.884755
38	0.290619	750	-1.895731	-108.780486
39	0.278855	750	-1.861269	-110.641755
40	0.267381	750	-1.800773	-112.442528
41	0.256195	750	-1.819403	-114.261931
42	0.245294	750	-1.763396	-116.025327
43	0.234677	750	-1.752221	-117.777548
44	0.224340	750	-1.685949	-119.463497
45	0.214281	750	-1.647190	-121.110688
46	0.204498	750	-1.564445	-122.675133
47	0.194988	750	-1.678100	-124.353232
48	0.185749	750	-1.777271	-126.130503
49	0.176777	750	-1.621502	-127.752005
50	0.168070	750	-1.535137	-129.287142
51	0.159626	750	-1.495988	-130.783130
52	0.151441	750	-1.494151	-132.277280
53	0.143514	750	-1.385743	-133.663023
54	0.135841	750	-1.487325	-135.150348
55	0.128420	750	-1.419389	-136.569737
56	0.121247	750	-1.421306	-137.991043
57	0.114320	750	-1.271294	-139.262337
58	0.107637	750	-1.309651	-140.571989
59	0.101193	750	-1.289908	-141.861896
60	0.094986	750	-1.284176	-143.146072
61	0.089014	750	-1.323357	-144.469430
62	0.083273	750	-1.229754	-145.699183
63	0.077760	750	-1.240655	-146.939838
64	0.072472	750	-1.124084	-148.063922
65	0.067406	750	-1.184196	-149.248118
66	0.062558	750	-1.130195	-150.378313
67	0.057926	750	-1.045643	-151.423956
68	0.053506	750	-1.063704	-152.487659
69	0.049295	750	-0.985603	-153.473262
70	0.045289	750	-0.879793	-154.353055
71	0.041485	750	-0.875828	-155.228884
72	0.037880	750	-0.869894	-156.098778
73	0.034469	750	-0.796215	-156.894993
74	0.031250	750	-0.762112	-157.657105
75	0.028218	750	-0.764939	-158.422044
76	0.025370	750	-0.748655	-159.170699
77	0.022702	750	-0.686677	-159.857376
78	0.020209	750	-0.657787	-160.515163
79	0.017889	750	-0.596496	-161.111660
80	0.015736	750	-0.555402	-161.667062
81	0.013746	750	-0.540771	-162.207833
82	0.011916	750	-0.506002	-162.713834
83	0.010240	750	-0.490896	-163.204730
84	0.008714	750	-0.449010	-163.653740
85	0.007334	750	-0.397958	-164.051698
86	0.006093	750	-0.366086	-164.417785
87	0.004988	750	-0.325105	-164.742890
88	0.004013	750	-0.311694	-165.054584
89	0.003162	750	-0.272577	-165.327161
90	0.002430	750	-0.240160	-165.567321
91	0.001810	750	-0.205415	-165.772735
92	0.001296	750	-0.181459	-165.954195
93	0.000882	750	-0.156263	-166.110457
94	0.000559	750	-0.109072	-166.219530
95	0.000320	750	-0.081324	-166.300854
96	0.000156	750	-0.065064	-166.365918
97	0.000057	750	-0.035805	-166.401722
98	0.000010	750	-0.016824	-166.418546
99	0.000000	750	-0.003559	-166.422104
Log marginal likelihood:	-166.422104
0	0.975187	750	-4.070910	-4.070910
1	0.950747	750	-4.009936	-8.080847
2	0.926679	750	-3.953833	-12.034679
3	0.902980	750	-3.894480	-15.929159
4	0.879648	750	-3.830589	-19.759748
5	0.856682	750	-3.770139	-23.529887
6	0.834079	750	-3.714842	-27.244730
7	0.811838	750	-3.659560	-30.904290
8	0.789957	750	-3.605588	-34.509878
9	0.768433	750	-3.536087	-38.045965
10	0.747266	750	-3.483864	-41.529829
11	0.726452	750	-3.425907	-44.955735
12	0.705989	750	-3.368750	-48.324485
13	0.685877	750	-3.310125	-51.634611
14	0.666112	750	-3.263439	-54.898049
15	0.646693	750	-3.200774	-58.098823
16	0.627618	750	-3.144357	-61.243180
17	0.608884	750	-3.094147	-64.337327
18	0.590490	750	-3.030490	-67.367818
19	0.572433	750	-2.974653	-70.342470
20	0.554712	750	-2.926999	-73.269469
21	0.537324	750	-2.872540	-76.142009
22	0.520268	750	-2.828338	-78.970347
23	0.503540	750	-2.763635	-81.733982
24	0.487139	750	-2.730304	-84.464286
25	0.471063	750	-2.669162	-87.133448
26	0.455310	750	-2.645600	-89.779047
27	0.439877	750	-2.557907	-92.336954
28	0.424762	750	-2.519431	-94.856385
29	0.409963	750	-2.474745	-97.331130
30	0.395478	750	-2.411207	-99.742337
31	0.381305	750	-2.381158	-102.123495
32	0.367440	750	-2.329203	-104.452698
33	0.353883	750	-2.290743	-106.743441
34	0.340630	750	-2.216751	-108.960192
35	0.327680	750	-2.166818	-111.127010
36	0.315030	750	-2.131359	-113.258369
37	0.302677	750	-2.080062	-115.338431
38	0.290619	750	-2.039840	-117.378271
39	0.278855	750	-2.086863	-119.465134
40	0.267381	750	-1.931881	-121.397015
41	0.256195	750	-1.914427	-123.311443
42	0.245294	750	-1.880555	-125.191997
43	0.234677	750	-1.799695	-126.991692
44	0.224340	750	-1.927321	-128.919013
45	0.214281	750	-1.957354	-130.876367
46	0.204498	750	-1.963800	-132.840167
47	0.194988	750	-1.767159	-134.607326
48	0.185749	750	-1.636149	-136.243475
49	0.176777	750	-1.812685	-138.056160
50	0.168070	750	-1.612507	-139.668666
51	0.159626	750	-1.656248	-141.324915
52	0.151441	750	-1.524882	-142.849797
53	0.143514	750	-1.652036	-144.501834
54	0.135841	750	-1.532385	-146.034219
55	0.128420	750	-1.569126	-147.603345
56	0.121247	750	-1.633512	-149.236857
57	0.114320	750	-1.500486	-150.737343
58	0.107637	750	-1.496140	-152.233482
59	0.101193	750	-1.427647	-153.661129
60	0.094986	750	-1.481025	-155.142155
61	0.089014	750	-1.270268	-156.412422
62	0.083273	750	-1.321299	-157.733721
63	0.077760	750	-1.249740	-158.983461
64	0.072472	750	-1.169974	-160.153435
65	0.067406	750	-1.188700	-161.342136
66	0.062558	750	-1.131013	-162.473149
67	0.057926	750	-1.056474	-163.529622
68	0.053506	750	-1.070207	-164.599829
69	0.049295	750	-1.038835	-165.638664
70	0.045289	750	-0.944626	-166.583290
71	0.041485	750	-0.926506	-167.509796
72	0.037880	750	-0.885622	-168.395418
73	0.034469	750	-0.852841	-169.248259
74	0.031250	750	-0.822393	-170.070652
75	0.028218	750	-0.783896	-170.854549
76	0.025370	750	-0.743016	-171.597565
77	0.022702	750	-0.697415	-172.294980
78	0.020209	750	-0.649766	-172.944746
79	0.017889	750	-0.621573	-173.566319
80	0.015736	750	-0.581037	-174.147357
81	0.013746	750	-0.557997	-174.705354
82	0.011916	750	-0.492946	-175.198300
83	0.010240	750	-0.475504	-175.673804
84	0.008714	750	-0.457260	-176.131064
85	0.007334	750	-0.389690	-176.520754
86	0.006093	750	-0.396208	-176.916962
87	0.004988	750	-0.344694	-177.261656
88	0.004013	750	-0.284343	-177.545998
89	0.003162	750	-0.286501	-177.832499
90	0.002430	750	-0.238690	-178.071189
91	0.001810	750	-0.183931	-178.255120
92	0.001296	750	-0.168584	-178.423703
93	0.000882	750	-0.141564	-178.565267
94	0.000559	750	-0.125411	-178.690677
95	0.000320	750	-0.081973	-178.772650
96	0.000156	750	-0.059400	-178.832050
97	0.000057	750	-0.035218	-178.867268
98	0.000010	750	-0.020165	-178.887432
99	0.000000	750	-0.003504	-178.890936
Log marginal likelihood:	-178.890936
0	0.975187	750	-3.555723	-3.555723
1	0.950747	750	-3.470385	-7.026108
2	0.926679	750	-3.417798	-10.443906
3	0.902980	750	-3.409366	-13.853273
4	0.879648	750	-3.345691	-17.198964
5	0.856682	750	-3.279424	-20.478388
6	0.834079	750	-3.255887	-23.734275
7	0.811838	750	-3.210287	-26.944562
8	0.789957	750	-3.122905	-30.067468
9	0.768433	750	-3.086585	-33.154053
10	0.747266	750	-3.037426	-36.191479
11	0.726452	750	-2.986016	-39.177495
12	0.705989	750	-2.934599	-42.112093
13	0.685877	750	-2.887164	-44.999257
14	0.666112	750	-2.855379	-47.854636
15	0.646693	750	-2.809683	-50.664319
16	0.627618	750	-2.748458	-53.412776
17	0.608884	750	-2.732554	-56.145331
18	0.590490	750	-2.666248	-58.811579
19	0.572433	750	-2.608739	-61.420318
20	0.554712	750	-2.566289	-63.986606
21	0.537324	750	-2.518954	-66.505560
22	0.520268	750	-2.486358	-68.991918
23	0.503540	750	-2.437104	-71.429022
24	0.487139	750	-2.390352	-73.819374
25	0.471063	750	-2.349894	-76.169268
26	0.455310	750	-2.325710	-78.494978
27	0.439877	750	-2.245988	-80.740967
28	0.424762	750	-2.212742	-82.953709
29	0.409963	750	-2.167239	-85.120948
30	0.395478	750	-2.132214	-87.253162
31	0.381305	750	-2.075970	-89.329132
32	0.367440	750	-2.067233	-91.396366
33	0.353883	750	-2.005233	-93.401598
34	0.340630	750	-1.984884	-95.386482
35	0.327680	750	-1.930525	-97.317008
36	0.315030	750	-1.902638	-99.219645
37	0.302677	750	-1.855795	-101.075440
38	0.290619	750	-1.784496	-102.859936
39	0.278855	750	-1.762474	-104.622410
40	0.267381	750	-1.710333	-106.332743
41	0.256195	750	-1.689248	-108.021992
42	0.245294	750	-1.639981	-109.661973
43	0.234677	750	-1.616065	-111.278038
44	0.224340	750	-1.659150	-112.937188
45	0.214281	750	-1.570629	-114.507817
46	0.204498	750	-1.587453	-116.095270
47	0.194988	750	-1.511167	-117.606437
48	0.185749	750	-1.461982	-119.068419
49	0.176777	750	-1.535810	-120.604229
50	0.168070	750	-1.589621	-122.193850
51	0.159626	750	-1.425273	-123.619122
52	0.151441	750	-1.412819	-125.031941
53	0.143514	750	-1.438331	-126.470272
54	0.135841	750	-1.416417	-127.886689
55	0.128420	750	-1.521462	-129.408152
56	0.121247	750	-1.346676	-130.754828
57	0.114320	750	-1.302479	-132.057306
58	0.107637	750	-1.175643	-133.232949
59	0.101193	750	-1.230805	-134.463754
60	0.094986	750	-1.239970	-135.703724
61	0.089014	750	-1.109076	-136.812800
62	0.083273	750	-1.065903	-137.878703
63	0.077760	750	-1.227403	-139.106107
64	0.072472	750	-1.189541	-140.295648
65	0.067406	750	-1.125037	-141.420685
66	0.062558	750	-1.061281	-142.481966
67	0.057926	750	-1.054719	-143.536685
68	0.053506	750	-0.971474	-144.508159
69	0.049295	750	-0.997875	-145.506034
70	0.045289	750	-0.918460	-146.424494
71	0.041485	750	-0.901163	-147.325657
72	0.037880	750	-0.841457	-148.167114
73	0.034469	750	-0.805213	-148.972327
74	0.031250	750	-0.736099	-149.708426
75	0.028218	750	-0.732872	-150.441298
76	0.025370	750	-0.669300	-151.110598
77	0.022702	750	-0.658986	-151.769584
78	0.020209	750	-0.607826	-152.377409
79	0.017889	750	-0.556521	-152.933930
80	0.015736	750	-0.568311	-153.502241
81	0.013746	750	-0.517137	-154.019379
82	0.011916	750	-0.491337	-154.510716
83	0.010240	750	-0.457865	-154.968581
84	0.008714	750	-0.430872	-155.399453
85	0.007334	750	-0.399151	-155.798604
86	0.006093	750	-0.341884	-156.140488
87	0.004988	750	-0.353768	-156.494256
88	0.004013	750	-0.291828	-156.786085
89	0.003162	750	-0.258330	-157.044415
90	0.002430	750	-0.239201	-157.283616
91	0.001810	750	-0.206199	-157.489815
92	0.001296	750	-0.173424	-157.663239
93	0.000882	750	-0.146930	-157.810170
94	0.000559	750	-0.111664	-157.921834
95	0.000320	750	-0.085670	-158.007504
96	0.000156	750	-0.060576	-158.068080
97	0.000057	750	-0.034057	-158.102137
98	0.000010	750	-0.016489	-158.118626
99	0.000000	750	-0.003373	-158.121999
Log marginal likelihood:	-158.121999
