Steppingstone sampler:
        No Stones:                  100
        Start It:                   1010001
        It Per Stone:               1000
        Sample Freq:                1
        Dist:                       Beta(0.400000,1.000000)
Stone No	Power	N	Stone MLh	Running MLh
0	0.975187	750	-3.415022	-3.415022
1	0.950747	750	-3.357125	-6.772147
2	0.926679	750	-3.247046	-10.019193
3	0.902980	750	-3.218650	-13.237843
4	0.879648	750	-3.171992	-16.409835
5	0.856682	750	-3.141454	-19.551289
6	0.834079	750	-3.095443	-22.646732
7	0.811838	750	-3.048783	-25.695515
8	0.789957	750	-3.017352	-28.712867
9	0.768433	750	-3.010363	-31.723230
10	0.747266	750	-2.913010	-34.636241
11	0.726452	750	-2.851952	-37.488193
12	0.705989	750	-2.834564	-40.322757
13	0.685877	750	-2.787457	-43.110213
14	0.666112	750	-2.717931	-45.828145
15	0.646693	750	-2.697943	-48.526088
16	0.627618	750	-2.621622	-51.147710
17	0.608884	750	-2.605142	-53.752852
18	0.590490	750	-2.579095	-56.331947
19	0.572433	750	-2.506965	-58.838913
20	0.554712	750	-2.465999	-61.304912
21	0.537324	750	-2.442173	-63.747085
22	0.520268	750	-2.403785	-66.150869
23	0.503540	750	-2.320083	-68.470952
24	0.487139	750	-2.277866	-70.748818
25	0.471063	750	-2.244824	-72.993642
26	0.455310	750	-2.219919	-75.213561
27	0.439877	750	-2.167109	-77.380670
28	0.424762	750	-2.128272	-79.508942
29	0.409963	750	-2.084842	-81.593785
30	0.395478	750	-2.066349	-83.660133
31	0.381305	750	-2.004020	-85.664153
32	0.367440	750	-1.973973	-87.638126
33	0.353883	750	-1.991857	-89.629983
34	0.340630	750	-1.896411	-91.526394
35	0.327680	750	-1.861500	-93.387895
36	0.315030	750	-1.804736	-95.192630
37	0.302677	750	-1.777285	-96.969915
38	0.290619	750	-1.754422	-98.724337
39	0.278855	750	-1.689904	-100.414240
40	0.267381	750	-1.704245	-102.118485
41	0.256195	750	-1.673873	-103.792359
42	0.245294	750	-1.634394	-105.426753
43	0.234677	750	-1.586318	-107.013071
44	0.224340	750	-1.580045	-108.593116
45	0.214281	750	-1.637641	-110.230757
46	0.204498	750	-1.503540	-111.734297
47	0.194988	750	-1.437034	-113.171331
48	0.185749	750	-1.439854	-114.611186
49	0.176777	750	-1.555517	-116.166703
50	0.168070	750	-1.402231	-117.568933
51	0.159626	750	-1.313861	-118.882794
52	0.151441	750	-1.243373	-120.126167
53	0.143514	750	-1.293538	-121.419706
54	0.135841	750	-1.314611	-122.734317
55	0.128420	750	-1.319890	-124.054207
56	0.121247	750	-1.281917	-125.336125
57	0.114320	750	-1.241006	-126.577131
58	0.107637	750	-1.240727	-127.817858
59	0.101193	750	-1.195900	-129.013758
60	0.094986	750	-1.177533	-130.191291
61	0.089014	750	-1.171519	-131.362810
62	0.083273	750	-1.074416	-132.437226
63	0.077760	750	-1.077447	-133.514673
64	0.072472	750	-1.092859	-134.607532
65	0.067406	750	-1.007882	-135.615414
66	0.062558	750	-0.964180	-136.579595
67	0.057926	750	-0.934468	-137.514062
68	0.053506	750	-0.922503	-138.436565
69	0.049295	750	-0.876074	-139.312639
70	0.045289	750	-0.856097	-140.168736
71	0.041485	750	-0.799196	-140.967932
72	0.037880	750	-0.792373	-141.760305
73	0.034469	750	-0.744056	-142.504361
74	0.031250	750	-0.721009	-143.225370
75	0.028218	750	-0.704137	-143.929507
76	0.025370	750	-0.664782	-144.594290
77	0.022702	750	-0.602962	-145.197251
78	0.020209	750	-0.592806	-145.790058
79	0.017889	750	-0.543620	-146.333678
80	0.015736	750	-0.519973	-146.853651
81	0.013746	750	-0.486200	-147.339850
82	0.011916	750	-0.475594	-147.815445
83	0.010240	750	-0.422918	-148.238362
84	0.008714	750	-0.402212	-148.640574
85	0.007334	750	-0.365647	-149.006221
86	0.006093	750	-0.324805	-149.331026
87	0.004988	750	-0.297160	-149.628186
88	0.004013	750	-0.267980	-149.896166
89	0.003162	750	-0.234822	-150.130988
90	0.002430	750	-0.223192	-150.354180
91	0.001810	750	-0.178549	-150.532729
92	0.001296	750	-0.168824	-150.701553
93	0.000882	750	-0.126114	-150.827667
94	0.000559	750	-0.099969	-150.927636
95	0.000320	750	-0.077301	-151.004937
96	0.000156	750	-0.051097	-151.056034
97	0.000057	750	-0.031714	-151.087747
98	0.000010	750	-0.014055	-151.101803
99	0.000000	750	-0.003137	-151.104939
Log marginal likelihood:	-151.104939
0	0.975187	750	-3.392203	-3.392203
1	0.950747	750	-3.326942	-6.719145
2	0.926679	750	-3.283035	-10.002180
3	0.902980	750	-3.245788	-13.247967
4	0.879648	750	-3.165529	-16.413496
5	0.856682	750	-3.135986	-19.549482
6	0.834079	750	-3.086457	-22.635939
7	0.811838	750	-3.076156	-25.712095
8	0.789957	750	-3.035594	-28.747689
9	0.768433	750	-2.984324	-31.732013
10	0.747266	750	-2.922178	-34.654191
11	0.726452	750	-2.863417	-37.517608
12	0.705989	750	-2.839113	-40.356721
13	0.685877	750	-2.816675	-43.173396
14	0.666112	750	-2.747242	-45.920638
15	0.646693	750	-2.709270	-48.629907
16	0.627618	750	-2.671040	-51.300947
17	0.608884	750	-2.637168	-53.938115
18	0.590490	750	-2.609804	-56.547919
19	0.572433	750	-2.564600	-59.112520
20	0.554712	750	-2.503079	-61.615599
21	0.537324	750	-2.468194	-64.083792
22	0.520268	750	-2.388793	-66.472585
23	0.503540	750	-2.370073	-68.842659
24	0.487139	750	-2.312983	-71.155641
25	0.471063	750	-2.333060	-73.488701
26	0.455310	750	-2.238313	-75.727014
27	0.439877	750	-2.202622	-77.929636
28	0.424762	750	-2.148795	-80.078431
29	0.409963	750	-2.174494	-82.252925
30	0.395478	750	-2.070846	-84.323771
31	0.381305	750	-2.025816	-86.349587
32	0.367440	750	-2.023054	-88.372642
33	0.353883	750	-1.961273	-90.333915
34	0.340630	750	-1.943935	-92.277850
35	0.327680	750	-1.957958	-94.235808
36	0.315030	750	-1.866202	-96.102010
37	0.302677	750	-1.810856	-97.912866
38	0.290619	750	-1.830193	-99.743059
39	0.278855	750	-1.741613	-101.484671
40	0.267381	750	-1.690214	-103.174886
41	0.256195	750	-1.674812	-104.849697
42	0.245294	750	-1.623230	-106.472928
43	0.234677	750	-1.609370	-108.082298
44	0.224340	750	-1.584457	-109.666755
45	0.214281	750	-1.623616	-111.290371
46	0.204498	750	-1.522143	-112.812514
47	0.194988	750	-1.497648	-114.310162
48	0.185749	750	-1.480189	-115.790352
49	0.176777	750	-1.552168	-117.342519
50	0.168070	750	-1.414501	-118.757021
51	0.159626	750	-1.442990	-120.200010
52	0.151441	750	-1.368294	-121.568304
53	0.143514	750	-1.257041	-122.825345
54	0.135841	750	-1.266051	-124.091396
55	0.128420	750	-1.330757	-125.422153
56	0.121247	750	-1.166420	-126.588573
57	0.114320	750	-1.240573	-127.829146
58	0.107637	750	-1.229683	-129.058829
59	0.101193	750	-1.192846	-130.251675
60	0.094986	750	-1.229440	-131.481115
61	0.089014	750	-1.154422	-132.635538
62	0.083273	750	-1.084377	-133.719915
63	0.077760	750	-1.113318	-134.833233
64	0.072472	750	-1.060684	-135.893917
65	0.067406	750	-1.031565	-136.925482
66	0.062558	750	-0.993641	-137.919123
67	0.057926	750	-0.932674	-138.851797
68	0.053506	750	-0.895324	-139.747120
69	0.049295	750	-0.926134	-140.673254
70	0.045289	750	-0.863394	-141.536648
71	0.041485	750	-0.813707	-142.350355
72	0.037880	750	-0.754824	-143.105179
73	0.034469	750	-0.778905	-143.884084
74	0.031250	750	-0.735923	-144.620007
75	0.028218	750	-0.694009	-145.314015
76	0.025370	750	-0.646658	-145.960673
77	0.022702	750	-0.634547	-146.595220
78	0.020209	750	-0.605991	-147.201211
79	0.017889	750	-0.519874	-147.721085
80	0.015736	750	-0.528297	-148.249382
81	0.013746	750	-0.498120	-148.747503
82	0.011916	750	-0.447461	-149.194963
83	0.010240	750	-0.434823	-149.629786
84	0.008714	750	-0.436514	-150.066300
85	0.007334	750	-0.400646	-150.466946
86	0.006093	750	-0.347802	-150.814747
87	0.004988	750	-0.314612	-151.129359
88	0.004013	750	-0.297258	-151.426617
89	0.003162	750	-0.256550	-151.683167
90	0.002430	750	-0.224148	-151.907315
91	0.001810	750	-0.178920	-152.086235
92	0.001296	750	-0.171717	-152.257951
93	0.000882	750	-0.125497	-152.383448
94	0.000559	750	-0.108812	-152.492260
95	0.000320	750	-0.072545	-152.564805
96	0.000156	750	-0.055350	-152.620155
97	0.000057	750	-0.032626	-152.652781
98	0.000010	750	-0.015184	-152.667966
99	0.000000	750	-0.003251	-152.671216
Log marginal likelihood:	-152.671216
0	0.975187	750	-3.455235	-3.455235
1	0.950747	750	-3.415881	-6.871116
2	0.926679	750	-3.347442	-10.218557
3	0.902980	750	-3.340387	-13.558944
4	0.879648	750	-3.243953	-16.802897
5	0.856682	750	-3.239245	-20.042143
6	0.834079	750	-3.177402	-23.219545
7	0.811838	750	-3.110444	-26.329989
8	0.789957	750	-3.071190	-29.401179
9	0.768433	750	-3.037286	-32.438464
10	0.747266	750	-2.976357	-35.414821
11	0.726452	750	-2.929092	-38.343913
12	0.705989	750	-2.870322	-41.214235
13	0.685877	750	-2.841664	-44.055900
14	0.666112	750	-2.778606	-46.834505
15	0.646693	750	-2.751968	-49.586474
16	0.627618	750	-2.700410	-52.286884
17	0.608884	750	-2.663054	-54.949938
18	0.590490	750	-2.618865	-57.568802
19	0.572433	750	-2.565998	-60.134800
20	0.554712	750	-2.498538	-62.633339
21	0.537324	750	-2.472583	-65.105922
22	0.520268	750	-2.429111	-67.535033
23	0.503540	750	-2.374104	-69.909137
24	0.487139	750	-2.353721	-72.262858
25	0.471063	750	-2.324454	-74.587312
26	0.455310	750	-2.271708	-76.859020
27	0.439877	750	-2.218249	-79.077269
28	0.424762	750	-2.164683	-81.241952
29	0.409963	750	-2.128913	-83.370865
30	0.395478	750	-2.107796	-85.478660
31	0.381305	750	-2.090571	-87.569231
32	0.367440	750	-1.993620	-89.562851
33	0.353883	750	-1.956395	-91.519247
34	0.340630	750	-1.921054	-93.440301
35	0.327680	750	-1.934389	-95.374690
36	0.315030	750	-1.844513	-97.219202
37	0.302677	750	-1.868478	-99.087680
38	0.290619	750	-1.810941	-100.898621
39	0.278855	750	-1.751981	-102.650602
40	0.267381	750	-1.683572	-104.334174
41	0.256195	750	-1.669438	-106.003613
42	0.245294	750	-1.651909	-107.655522
43	0.234677	750	-1.639464	-109.294986
44	0.224340	750	-1.622813	-110.917799
45	0.214281	750	-1.549670	-112.467470
46	0.204498	750	-1.543014	-114.010484
47	0.194988	750	-1.534823	-115.545306
48	0.185749	750	-1.447887	-116.993193
49	0.176777	750	-1.413883	-118.407077
50	0.168070	750	-1.558620	-119.965697
51	0.159626	750	-1.381752	-121.347449
52	0.151441	750	-1.401534	-122.748982
53	0.143514	750	-1.355827	-124.104809
54	0.135841	750	-1.496011	-125.600820
55	0.128420	750	-1.307120	-126.907940
56	0.121247	750	-1.314630	-128.222570
57	0.114320	750	-1.258150	-129.480720
58	0.107637	750	-1.294352	-130.775072
59	0.101193	750	-1.216908	-131.991980
60	0.094986	750	-1.229511	-133.221490
61	0.089014	750	-1.144372	-134.365862
62	0.083273	750	-1.092981	-135.458843
63	0.077760	750	-1.072597	-136.531439
64	0.072472	750	-1.112355	-137.643794
65	0.067406	750	-1.027952	-138.671747
66	0.062558	750	-0.988406	-139.660153
67	0.057926	750	-1.004086	-140.664239
68	0.053506	750	-0.925928	-141.590166
69	0.049295	750	-0.894549	-142.484716
70	0.045289	750	-0.873215	-143.357931
71	0.041485	750	-0.810047	-144.167978
72	0.037880	750	-0.807413	-144.975391
73	0.034469	750	-0.774010	-145.749401
74	0.031250	750	-0.724502	-146.473903
75	0.028218	750	-0.664430	-147.138333
76	0.025370	750	-0.632590	-147.770922
77	0.022702	750	-0.644578	-148.415501
78	0.020209	750	-0.641750	-149.057251
79	0.017889	750	-0.568306	-149.625557
80	0.015736	750	-0.531249	-150.156805
81	0.013746	750	-0.528880	-150.685685
82	0.011916	750	-0.478197	-151.163883
83	0.010240	750	-0.407614	-151.571497
84	0.008714	750	-0.388951	-151.960448
85	0.007334	750	-0.373699	-152.334147
86	0.006093	750	-0.335093	-152.669240
87	0.004988	750	-0.338205	-153.007445
88	0.004013	750	-0.288292	-153.295737
89	0.003162	750	-0.264761	-153.560497
90	0.002430	750	-0.231773	-153.792271
91	0.001810	750	-0.185689	-153.977959
92	0.001296	750	-0.159408	-154.137367
93	0.000882	750	-0.137790	-154.275157
94	0.000559	750	-0.104637	-154.379794
95	0.000320	750	-0.083109	-154.462902
96	0.000156	750	-0.056111	-154.519013
97	0.000057	750	-0.035054	-154.554067
98	0.000010	750	-0.014384	-154.568451
99	0.000000	750	-0.003371	-154.571822
Log marginal likelihood:	-154.571822
0	0.975187	750	-3.610034	-3.610034
1	0.950747	750	-3.492833	-7.102866
2	0.926679	750	-3.439325	-10.542192
3	0.902980	750	-3.345524	-13.887716
4	0.879648	750	-3.356021	-17.243737
5	0.856682	750	-3.242545	-20.486282
6	0.834079	750	-3.233101	-23.719383
7	0.811838	750	-3.187783	-26.907166
8	0.789957	750	-3.120262	-30.027427
9	0.768433	750	-3.102077	-33.129504
10	0.747266	750	-3.024149	-36.153654
11	0.726452	750	-2.988631	-39.142285
12	0.705989	750	-2.928048	-42.070333
13	0.685877	750	-2.908038	-44.978371
14	0.666112	750	-2.891779	-47.870150
15	0.646693	750	-2.895494	-50.765645
16	0.627618	750	-2.775525	-53.541170
17	0.608884	750	-2.710538	-56.251707
18	0.590490	750	-2.728224	-58.979932
19	0.572433	750	-2.632754	-61.612686
20	0.554712	750	-2.625841	-64.238527
21	0.537324	750	-2.577754	-66.816281
22	0.520268	750	-2.548704	-69.364986
23	0.503540	750	-2.489463	-71.854449
24	0.487139	750	-2.433953	-74.288402
25	0.471063	750	-2.390529	-76.678931
26	0.455310	750	-2.310852	-78.989782
27	0.439877	750	-2.286889	-81.276672
28	0.424762	750	-2.297182	-83.573854
29	0.409963	750	-2.228358	-85.802212
30	0.395478	750	-2.172840	-87.975052
31	0.381305	750	-2.121005	-90.096057
32	0.367440	750	-2.100529	-92.196585
33	0.353883	750	-2.047077	-94.243662
34	0.340630	750	-2.002869	-96.246531
35	0.327680	750	-1.956432	-98.202963
36	0.315030	750	-1.941520	-100.144483
37	0.302677	750	-1.886450	-102.030933
38	0.290619	750	-1.861856	-103.892789
39	0.278855	750	-1.893898	-105.786687
40	0.267381	750	-1.777435	-107.564122
41	0.256195	750	-1.728575	-109.292696
42	0.245294	750	-1.720597	-111.013293
43	0.234677	750	-1.725037	-112.738330
44	0.224340	750	-1.651293	-114.389622
45	0.214281	750	-1.603927	-115.993550
46	0.204498	750	-1.561393	-117.554943
47	0.194988	750	-1.617850	-119.172793
48	0.185749	750	-1.517967	-120.690760
49	0.176777	750	-1.463171	-122.153931
50	0.168070	750	-1.548215	-123.702146
51	0.159626	750	-1.477679	-125.179825
52	0.151441	750	-1.364568	-126.544393
53	0.143514	750	-1.498542	-128.042935
54	0.135841	750	-1.449986	-129.492920
55	0.128420	750	-1.341114	-130.834034
56	0.121247	750	-1.315561	-132.149596
57	0.114320	750	-1.333763	-133.483358
58	0.107637	750	-1.297385	-134.780744
59	0.101193	750	-1.181160	-135.961904
60	0.094986	750	-1.213896	-137.175800
61	0.089014	750	-1.142514	-138.318314
62	0.083273	750	-1.138831	-139.457144
63	0.077760	750	-1.066948	-140.524092
64	0.072472	750	-1.110829	-141.634921
65	0.067406	750	-1.014505	-142.649426
66	0.062558	750	-0.975413	-143.624839
67	0.057926	750	-0.976438	-144.601277
68	0.053506	750	-0.931348	-145.532625
69	0.049295	750	-0.899739	-146.432363
70	0.045289	750	-0.894124	-147.326487
71	0.041485	750	-0.798922	-148.125409
72	0.037880	750	-0.776698	-148.902107
73	0.034469	750	-0.787799	-149.689906
74	0.031250	750	-0.709917	-150.399824
75	0.028218	750	-0.680723	-151.080547
76	0.025370	750	-0.658514	-151.739060
77	0.022702	750	-0.627501	-152.366561
78	0.020209	750	-0.605697	-152.972258
79	0.017889	750	-0.552346	-153.524604
80	0.015736	750	-0.542007	-154.066611
81	0.013746	750	-0.518672	-154.585284
82	0.011916	750	-0.500408	-155.085691
83	0.010240	750	-0.434839	-155.520530
84	0.008714	750	-0.397858	-155.918388
85	0.007334	750	-0.401589	-156.319977
86	0.006093	750	-0.347259	-156.667236
87	0.004988	750	-0.324478	-156.991713
88	0.004013	750	-0.289817	-157.281530
89	0.003162	750	-0.237447	-157.518977
90	0.002430	750	-0.210229	-157.729206
91	0.001810	750	-0.199233	-157.928439
92	0.001296	750	-0.159494	-158.087933
93	0.000882	750	-0.129601	-158.217534
94	0.000559	750	-0.105464	-158.322997
95	0.000320	750	-0.079338	-158.402335
96	0.000156	750	-0.050107	-158.452443
97	0.000057	750	-0.035339	-158.487781
98	0.000010	750	-0.014546	-158.502327
99	0.000000	750	-0.003247	-158.505575
Log marginal likelihood:	-158.505575
0	0.975187	750	-3.351406	-3.351406
1	0.950747	750	-3.387908	-6.739313
2	0.926679	750	-3.347689	-10.087002
3	0.902980	750	-3.293848	-13.380850
4	0.879648	750	-3.286180	-16.667030
5	0.856682	750	-3.209656	-19.876686
6	0.834079	750	-3.141265	-23.017951
7	0.811838	750	-3.083657	-26.101609
8	0.789957	750	-3.114132	-29.215741
9	0.768433	750	-3.072326	-32.288067
10	0.747266	750	-2.965779	-35.253846
11	0.726452	750	-2.861764	-38.115610
12	0.705989	750	-2.937602	-41.053212
13	0.685877	750	-2.805816	-43.859028
14	0.666112	750	-2.808335	-46.667363
15	0.646693	750	-2.717623	-49.384985
16	0.627618	750	-2.741853	-52.126839
17	0.608884	750	-2.670011	-54.796850
18	0.590490	750	-2.665964	-57.462814
19	0.572433	750	-2.520064	-59.982878
20	0.554712	750	-2.541996	-62.524874
21	0.537324	750	-2.500180	-65.025054
22	0.520268	750	-2.433944	-67.458997
23	0.503540	750	-2.388594	-69.847591
24	0.487139	750	-2.360183	-72.207774
25	0.471063	750	-2.348866	-74.556640
26	0.455310	750	-2.323662	-76.880302
27	0.439877	750	-2.258860	-79.139162
28	0.424762	750	-2.167998	-81.307160
29	0.409963	750	-2.216791	-83.523952
30	0.395478	750	-2.115553	-85.639505
31	0.381305	750	-2.068686	-87.708190
32	0.367440	750	-2.023190	-89.731381
33	0.353883	750	-1.996106	-91.727486
34	0.340630	750	-1.953746	-93.681232
35	0.327680	750	-1.963503	-95.644735
36	0.315030	750	-1.891530	-97.536265
37	0.302677	750	-1.836097	-99.372362
38	0.290619	750	-1.853611	-101.225973
39	0.278855	750	-1.775690	-103.001664
40	0.267381	750	-1.703892	-104.705555
41	0.256195	750	-1.701628	-106.407183
42	0.245294	750	-1.655861	-108.063044
43	0.234677	750	-1.644968	-109.708012
44	0.224340	750	-1.547065	-111.255077
45	0.214281	750	-1.608960	-112.864037
46	0.204498	750	-1.509009	-114.373046
47	0.194988	750	-1.484754	-115.857800
48	0.185749	750	-1.489750	-117.347550
49	0.176777	750	-1.564285	-118.911836
50	0.168070	750	-1.403445	-120.315281
51	0.159626	750	-1.398635	-121.713915
52	0.151441	750	-1.394628	-123.108543
53	0.143514	750	-1.329596	-124.438139
54	0.135841	750	-1.300655	-125.738794
55	0.128420	750	-1.323493	-127.062287
56	0.121247	750	-1.267925	-128.330212
57	0.114320	750	-1.275448	-129.605660
58	0.107637	750	-1.235665	-130.841325
59	0.101193	750	-1.221175	-132.062500
60	0.094986	750	-1.223481	-133.285981
61	0.089014	750	-1.149941	-134.435921
62	0.083273	750	-1.155752	-135.591674
63	0.077760	750	-1.034792	-136.626465
64	0.072472	750	-1.046677	-137.673142
65	0.067406	750	-1.030805	-138.703947
66	0.062558	750	-1.014408	-139.718355
67	0.057926	750	-0.950593	-140.668948
68	0.053506	750	-0.921557	-141.590505
69	0.049295	750	-0.880473	-142.470978
70	0.045289	750	-0.835495	-143.306473
71	0.041485	750	-0.814319	-144.120792
72	0.037880	750	-0.787833	-144.908626
73	0.034469	750	-0.731789	-145.640415
74	0.031250	750	-0.727415	-146.367830
75	0.028218	750	-0.701372	-147.069202
76	0.025370	750	-0.638865	-147.708067
77	0.022702	750	-0.618922	-148.326989
78	0.020209	750	-0.607394	-148.934384
79	0.017889	750	-0.562108	-149.496492
80	0.015736	750	-0.539404	-150.035895
81	0.013746	750	-0.514592	-150.550487
82	0.011916	750	-0.488211	-151.038698
83	0.010240	750	-0.436279	-151.474977
84	0.008714	750	-0.419302	-151.894279
85	0.007334	750	-0.366800	-152.261078
86	0.006093	750	-0.336431	-152.597509
87	0.004988	750	-0.314930	-152.912439
88	0.004013	750	-0.294890	-153.207329
89	0.003162	750	-0.254913	-153.462242
90	0.002430	750	-0.213313	-153.675555
91	0.001810	750	-0.192884	-153.868439
92	0.001296	750	-0.152003	-154.020443
93	0.000882	750	-0.127231	-154.147674
94	0.000559	750	-0.112445	-154.260119
95	0.000320	750	-0.082421	-154.342541
96	0.000156	750	-0.049059	-154.391600
97	0.000057	750	-0.038622	-154.430222
98	0.000010	750	-0.014454	-154.444675
99	0.000000	750	-0.003084	-154.447759
Log marginal likelihood:	-154.447759
0	0.975187	750	-3.403833	-3.403833
1	0.950747	750	-3.294200	-6.698033
2	0.926679	750	-3.228015	-9.926049
3	0.902980	750	-3.205686	-13.131735
4	0.879648	750	-3.166405	-16.298140
5	0.856682	750	-3.120108	-19.418248
6	0.834079	750	-3.062000	-22.480248
7	0.811838	750	-3.060280	-25.540528
8	0.789957	750	-2.997713	-28.538241
9	0.768433	750	-2.997132	-31.535373
10	0.747266	750	-2.955856	-34.491229
11	0.726452	750	-2.991542	-37.482771
12	0.705989	750	-2.916557	-40.399329
13	0.685877	750	-2.798172	-43.197501
14	0.666112	750	-2.677373	-45.874874
15	0.646693	750	-2.692689	-48.567562
16	0.627618	750	-2.683326	-51.250888
17	0.608884	750	-2.694879	-53.945767
18	0.590490	750	-2.580626	-56.526393
19	0.572433	750	-2.578698	-59.105091
20	0.554712	750	-2.503265	-61.608356
21	0.537324	750	-2.511408	-64.119764
22	0.520268	750	-2.385953	-66.505717
23	0.503540	750	-2.368221	-68.873939
24	0.487139	750	-2.363309	-71.237248
25	0.471063	750	-2.301762	-73.539009
26	0.455310	750	-2.286551	-75.825560
27	0.439877	750	-2.183191	-78.008751
28	0.424762	750	-2.230042	-80.238793
29	0.409963	750	-2.193497	-82.432290
30	0.395478	750	-2.124770	-84.557061
31	0.381305	750	-2.093326	-86.650387
32	0.367440	750	-2.057525	-88.707911
33	0.353883	750	-2.021477	-90.729388
34	0.340630	750	-2.023738	-92.753126
35	0.327680	750	-1.980969	-94.734095
36	0.315030	750	-1.983006	-96.717100
37	0.302677	750	-1.837718	-98.554818
38	0.290619	750	-1.845806	-100.400624
39	0.278855	750	-1.806648	-102.207272
40	0.267381	750	-1.729599	-103.936871
41	0.256195	750	-1.748828	-105.685699
42	0.245294	750	-1.685696	-107.371395
43	0.234677	750	-1.699253	-109.070647
44	0.224340	750	-1.637261	-110.707908
45	0.214281	750	-1.619374	-112.327282
46	0.204498	750	-1.630168	-113.957450
47	0.194988	750	-1.540473	-115.497923
48	0.185749	750	-1.438096	-116.936019
49	0.176777	750	-1.523447	-118.459466
50	0.168070	750	-1.469753	-119.929219
51	0.159626	750	-1.482016	-121.411235
52	0.151441	750	-1.486094	-122.897329
53	0.143514	750	-1.399936	-124.297264
54	0.135841	750	-1.372900	-125.670164
55	0.128420	750	-1.239009	-126.909173
56	0.121247	750	-1.336749	-128.245922
57	0.114320	750	-1.284268	-129.530190
58	0.107637	750	-1.263717	-130.793907
59	0.101193	750	-1.226061	-132.019968
60	0.094986	750	-1.098360	-133.118328
61	0.089014	750	-1.177261	-134.295588
62	0.083273	750	-1.160058	-135.455646
63	0.077760	750	-1.048581	-136.504227
64	0.072472	750	-1.095787	-137.600014
65	0.067406	750	-1.031352	-138.631366
66	0.062558	750	-0.983068	-139.614434
67	0.057926	750	-0.921647	-140.536081
68	0.053506	750	-0.919813	-141.455894
69	0.049295	750	-0.880481	-142.336375
70	0.045289	750	-0.843900	-143.180275
71	0.041485	750	-0.789719	-143.969994
72	0.037880	750	-0.800943	-144.770937
73	0.034469	750	-0.729862	-145.500798
74	0.031250	750	-0.713964	-146.214763
75	0.028218	750	-0.689319	-146.904082
76	0.025370	750	-0.680495	-147.584577
77	0.022702	750	-0.614451	-148.199028
78	0.020209	750	-0.594502	-148.793530
79	0.017889	750	-0.553130	-149.346659
80	0.015736	750	-0.541603	-149.888263
81	0.013746	750	-0.497536	-150.385798
82	0.011916	750	-0.484527	-150.870326
83	0.010240	750	-0.420293	-151.290618
84	0.008714	750	-0.386009	-151.676628
85	0.007334	750	-0.380329	-152.056957
86	0.006093	750	-0.329302	-152.386259
87	0.004988	750	-0.308355	-152.694614
88	0.004013	750	-0.290328	-152.984942
89	0.003162	750	-0.256574	-153.241516
90	0.002430	750	-0.222408	-153.463924
91	0.001810	750	-0.198334	-153.662258
92	0.001296	750	-0.150185	-153.812444
93	0.000882	750	-0.134995	-153.947439
94	0.000559	750	-0.102174	-154.049613
95	0.000320	750	-0.081000	-154.130613
96	0.000156	750	-0.054186	-154.184798
97	0.000057	750	-0.031793	-154.216591
98	0.000010	750	-0.015483	-154.232074
99	0.000000	750	-0.003037	-154.235112
Log marginal likelihood:	-154.235112
0	0.975187	750	-2.792815	-2.792815
1	0.950747	750	-2.790267	-5.583082
2	0.926679	750	-2.740081	-8.323162
3	0.902980	750	-2.887603	-11.210765
4	0.879648	750	-2.643921	-13.854687
5	0.856682	750	-2.648200	-16.502887
6	0.834079	750	-2.547730	-19.050617
7	0.811838	750	-2.609109	-21.659726
8	0.789957	750	-2.623073	-24.282798
9	0.768433	750	-2.483139	-26.765937
10	0.747266	750	-2.473589	-29.239526
11	0.726452	750	-2.419632	-31.659158
12	0.705989	750	-2.428910	-34.088068
13	0.685877	750	-2.311217	-36.399285
14	0.666112	750	-2.300234	-38.699519
15	0.646693	750	-2.319808	-41.019327
16	0.627618	750	-2.285685	-43.305012
17	0.608884	750	-2.238955	-45.543967
18	0.590490	750	-2.209377	-47.753345
19	0.572433	750	-2.224486	-49.977831
20	0.554712	750	-2.078920	-52.056751
21	0.537324	750	-2.102162	-54.158913
22	0.520268	750	-2.074334	-56.233247
23	0.503540	750	-2.020899	-58.254147
24	0.487139	750	-2.072444	-60.326591
25	0.471063	750	-1.994486	-62.321076
26	0.455310	750	-1.931917	-64.252994
27	0.439877	750	-1.939837	-66.192831
28	0.424762	750	-1.948675	-68.141506
29	0.409963	750	-1.939049	-70.080555
30	0.395478	750	-1.864656	-71.945211
31	0.381305	750	-1.793058	-73.738269
32	0.367440	750	-1.847038	-75.585306
33	0.353883	750	-1.756769	-77.342075
34	0.340630	750	-1.727134	-79.069209
35	0.327680	750	-1.748751	-80.817959
36	0.315030	750	-1.704009	-82.521969
37	0.302677	750	-1.720914	-84.242883
38	0.290619	750	-1.683931	-85.926813
39	0.278855	750	-1.591305	-87.518119
40	0.267381	750	-1.528987	-89.047106
41	0.256195	750	-1.545011	-90.592117
42	0.245294	750	-1.471897	-92.064014
43	0.234677	750	-1.476785	-93.540800
44	0.224340	750	-1.440580	-94.981380
45	0.214281	750	-1.417243	-96.398623
46	0.204498	750	-1.389557	-97.788180
47	0.194988	750	-1.360919	-99.149099
48	0.185749	750	-1.265274	-100.414373
49	0.176777	750	-1.319284	-101.733657
50	0.168070	750	-1.275679	-103.009336
51	0.159626	750	-1.237823	-104.247159
52	0.151441	750	-1.231614	-105.478772
53	0.143514	750	-1.177669	-106.656441
54	0.135841	750	-1.185357	-107.841798
55	0.128420	750	-1.143120	-108.984919
56	0.121247	750	-1.148413	-110.133332
57	0.114320	750	-1.113014	-111.246345
58	0.107637	750	-1.133827	-112.380173
59	0.101193	750	-1.012343	-113.392515
60	0.094986	750	-1.097294	-114.489810
61	0.089014	750	-1.052047	-115.541857
62	0.083273	750	-1.047292	-116.589148
63	0.077760	750	-0.989709	-117.578857
64	0.072472	750	-0.931214	-118.510071
65	0.067406	750	-0.969852	-119.479923
66	0.062558	750	-0.859503	-120.339426
67	0.057926	750	-0.899285	-121.238711
68	0.053506	750	-0.885652	-122.124363
69	0.049295	750	-0.866087	-122.990450
70	0.045289	750	-0.827748	-123.818198
71	0.041485	750	-0.768826	-124.587025
72	0.037880	750	-0.769119	-125.356144
73	0.034469	750	-0.728514	-126.084659
74	0.031250	750	-0.736155	-126.820814
75	0.028218	750	-0.654896	-127.475710
76	0.025370	750	-0.616002	-128.091712
77	0.022702	750	-0.637509	-128.729220
78	0.020209	750	-0.572414	-129.301634
79	0.017889	750	-0.545274	-129.846908
80	0.015736	750	-0.539855	-130.386763
81	0.013746	750	-0.491335	-130.878098
82	0.011916	750	-0.437707	-131.315805
83	0.010240	750	-0.430438	-131.746243
84	0.008714	750	-0.400738	-132.146981
85	0.007334	750	-0.367866	-132.514847
86	0.006093	750	-0.334825	-132.849672
87	0.004988	750	-0.306035	-133.155707
88	0.004013	750	-0.287995	-133.443702
89	0.003162	750	-0.236339	-133.680040
90	0.002430	750	-0.206672	-133.886712
91	0.001810	750	-0.177460	-134.064172
92	0.001296	750	-0.167867	-134.232039
93	0.000882	750	-0.128516	-134.360556
94	0.000559	750	-0.103298	-134.463853
95	0.000320	750	-0.080413	-134.544266
96	0.000156	750	-0.054186	-134.598452
97	0.000057	750	-0.034599	-134.633050
98	0.000010	750	-0.016548	-134.649598
99	0.000000	750	-0.002938	-134.652536
Log marginal likelihood:	-134.652536
0	0.975187	750	-3.374375	-3.374375
1	0.950747	750	-3.370668	-6.745044
2	0.926679	750	-3.317818	-10.062861
3	0.902980	750	-3.317686	-13.380548
4	0.879648	750	-3.168788	-16.549336
5	0.856682	750	-3.130028	-19.679364
6	0.834079	750	-3.109423	-22.788787
7	0.811838	750	-3.074798	-25.863584
8	0.789957	750	-3.008014	-28.871598
9	0.768433	750	-2.978786	-31.850384
10	0.747266	750	-2.949771	-34.800155
11	0.726452	750	-2.894111	-37.694265
12	0.705989	750	-2.827776	-40.522042
13	0.685877	750	-2.812156	-43.334197
14	0.666112	750	-2.721019	-46.055216
15	0.646693	750	-2.691420	-48.746636
16	0.627618	750	-2.681905	-51.428541
17	0.608884	750	-2.657275	-54.085816
18	0.590490	750	-2.577081	-56.662897
19	0.572433	750	-2.495409	-59.158306
20	0.554712	750	-2.496864	-61.655170
21	0.537324	750	-2.428087	-64.083257
22	0.520268	750	-2.389835	-66.473092
23	0.503540	750	-2.384140	-68.857233
24	0.487139	750	-2.318460	-71.175692
25	0.471063	750	-2.316563	-73.492255
26	0.455310	750	-2.234184	-75.726439
27	0.439877	750	-2.189052	-77.915491
28	0.424762	750	-2.122326	-80.037817
29	0.409963	750	-2.136755	-82.174572
30	0.395478	750	-2.075920	-84.250492
31	0.381305	750	-2.028669	-86.279160
32	0.367440	750	-2.003472	-88.282633
33	0.353883	750	-1.989930	-90.272563
34	0.340630	750	-1.918252	-92.190815
35	0.327680	750	-1.875102	-94.065917
36	0.315030	750	-1.851273	-95.917189
37	0.302677	750	-1.826840	-97.744029
38	0.290619	750	-1.831372	-99.575401
39	0.278855	750	-1.912463	-101.487864
40	0.267381	750	-1.739523	-103.227387
41	0.256195	750	-1.668027	-104.895414
42	0.245294	750	-1.607612	-106.503026
43	0.234677	750	-1.613187	-108.116213
44	0.224340	750	-1.647872	-109.764085
45	0.214281	750	-1.553521	-111.317606
46	0.204498	750	-1.567481	-112.885086
47	0.194988	750	-1.432369	-114.317455
48	0.185749	750	-1.473414	-115.790870
49	0.176777	750	-1.454977	-117.245847
50	0.168070	750	-1.394771	-118.640618
51	0.159626	750	-1.377605	-120.018223
52	0.151441	750	-1.419742	-121.437965
53	0.143514	750	-1.343087	-122.781053
54	0.135841	750	-1.449155	-124.230207
55	0.128420	750	-1.361695	-125.591902
56	0.121247	750	-1.287203	-126.879105
57	0.114320	750	-1.250818	-128.129922
58	0.107637	750	-1.222042	-129.351964
59	0.101193	750	-1.233966	-130.585930
60	0.094986	750	-1.142089	-131.728019
61	0.089014	750	-1.142754	-132.870773
62	0.083273	750	-1.115451	-133.986223
63	0.077760	750	-1.100386	-135.086609
64	0.072472	750	-1.072912	-136.159521
65	0.067406	750	-1.077121	-137.236642
66	0.062558	750	-1.035533	-138.272175
67	0.057926	750	-0.921245	-139.193420
68	0.053506	750	-0.908369	-140.101789
69	0.049295	750	-0.894856	-140.996645
70	0.045289	750	-0.853723	-141.850368
71	0.041485	750	-0.847979	-142.698347
72	0.037880	750	-0.805410	-143.503758
73	0.034469	750	-0.763851	-144.267609
74	0.031250	750	-0.736757	-145.004366
75	0.028218	750	-0.666407	-145.670773
76	0.025370	750	-0.645924	-146.316697
77	0.022702	750	-0.650571	-146.967268
78	0.020209	750	-0.577050	-147.544318
79	0.017889	750	-0.563004	-148.107322
80	0.015736	750	-0.537832	-148.645154
81	0.013746	750	-0.515729	-149.160883
82	0.011916	750	-0.467208	-149.628090
83	0.010240	750	-0.457106	-150.085196
84	0.008714	750	-0.411421	-150.496617
85	0.007334	750	-0.385337	-150.881953
86	0.006093	750	-0.325006	-151.206960
87	0.004988	750	-0.292174	-151.499134
88	0.004013	750	-0.290485	-151.789618
89	0.003162	750	-0.260806	-152.050425
90	0.002430	750	-0.214959	-152.265383
91	0.001810	750	-0.193361	-152.458745
92	0.001296	750	-0.158969	-152.617714
93	0.000882	750	-0.124916	-152.742630
94	0.000559	750	-0.102258	-152.844888
95	0.000320	750	-0.082547	-152.927435
96	0.000156	750	-0.050620	-152.978055
97	0.000057	750	-0.031853	-153.009908
98	0.000010	750	-0.014856	-153.024764
99	0.000000	750	-0.003214	-153.027979
Log marginal likelihood:	-153.027979
0	0.975187	750	-3.248199	-3.248199
1	0.950747	750	-3.149455	-6.397655
2	0.926679	750	-3.107007	-9.504662
3	0.902980	750	-3.082049	-12.586711
4	0.879648	750	-3.033758	-15.620469
5	0.856682	750	-2.951427	-18.571897
6	0.834079	750	-2.934230	-21.506126
7	0.811838	750	-2.918725	-24.424851
8	0.789957	750	-2.909377	-27.334228
9	0.768433	750	-2.831924	-30.166152
10	0.747266	750	-2.745852	-32.912004
11	0.726452	750	-2.760287	-35.672291
12	0.705989	750	-2.717919	-38.390210
13	0.685877	750	-2.662781	-41.052991
14	0.666112	750	-2.611974	-43.664965
15	0.646693	750	-2.583428	-46.248393
16	0.627618	750	-2.520451	-48.768843
17	0.608884	750	-2.476901	-51.245744
18	0.590490	750	-2.472590	-53.718334
19	0.572433	750	-2.425264	-56.143598
20	0.554712	750	-2.397914	-58.541512
21	0.537324	750	-2.338274	-60.879786
22	0.520268	750	-2.327999	-63.207785
23	0.503540	750	-2.257435	-65.465220
24	0.487139	750	-2.202167	-67.667387
25	0.471063	750	-2.171301	-69.838688
26	0.455310	750	-2.141555	-71.980243
27	0.439877	750	-2.050510	-74.030753
28	0.424762	750	-2.058928	-76.089681
29	0.409963	750	-2.025459	-78.115140
30	0.395478	750	-1.968918	-80.084058
31	0.381305	750	-1.987491	-82.071549
32	0.367440	750	-1.915552	-83.987101
33	0.353883	750	-1.886739	-85.873840
34	0.340630	750	-1.810031	-87.683871
35	0.327680	750	-1.822741	-89.506612
36	0.315030	750	-1.783551	-91.290163
37	0.302677	750	-1.755454	-93.045617
38	0.290619	750	-1.673344	-94.718961
39	0.278855	750	-1.647761	-96.366722
40	0.267381	750	-1.653530	-98.020252
41	0.256195	750	-1.644238	-99.664490
42	0.245294	750	-1.614814	-101.279305
43	0.234677	750	-1.634461	-102.913766
44	0.224340	750	-1.483686	-104.397452
45	0.214281	750	-1.529164	-105.926616
46	0.204498	750	-1.490757	-107.417374
47	0.194988	750	-1.504688	-108.922062
48	0.185749	750	-1.410312	-110.332374
49	0.176777	750	-1.397669	-111.730043
50	0.168070	750	-1.328565	-113.058608
51	0.159626	750	-1.301047	-114.359655
52	0.151441	750	-1.296395	-115.656050
53	0.143514	750	-1.339860	-116.995911
54	0.135841	750	-1.400658	-118.396568
55	0.128420	750	-1.319137	-119.715705
56	0.121247	750	-1.329818	-121.045523
57	0.114320	750	-1.344479	-122.390002
58	0.107637	750	-1.334169	-123.724172
59	0.101193	750	-1.187903	-124.912075
60	0.094986	750	-1.133413	-126.045488
61	0.089014	750	-1.190269	-127.235758
62	0.083273	750	-1.076131	-128.311889
63	0.077760	750	-1.116698	-129.428587
64	0.072472	750	-1.057204	-130.485791
65	0.067406	750	-1.033651	-131.519441
66	0.062558	750	-1.007688	-132.527129
67	0.057926	750	-0.982527	-133.509656
68	0.053506	750	-0.867561	-134.377218
69	0.049295	750	-0.898487	-135.275705
70	0.045289	750	-0.832799	-136.108504
71	0.041485	750	-0.801311	-136.909815
72	0.037880	750	-0.772187	-137.682002
73	0.034469	750	-0.746020	-138.428022
74	0.031250	750	-0.684635	-139.112657
75	0.028218	750	-0.690386	-139.803043
76	0.025370	750	-0.649914	-140.452957
77	0.022702	750	-0.611826	-141.064783
78	0.020209	750	-0.569515	-141.634299
79	0.017889	750	-0.560497	-142.194796
80	0.015736	750	-0.520604	-142.715400
81	0.013746	750	-0.493724	-143.209124
82	0.011916	750	-0.487200	-143.696324
83	0.010240	750	-0.474203	-144.170526
84	0.008714	750	-0.397542	-144.568069
85	0.007334	750	-0.364034	-144.932102
86	0.006093	750	-0.352252	-145.284354
87	0.004988	750	-0.312423	-145.596776
88	0.004013	750	-0.290982	-145.887758
89	0.003162	750	-0.240094	-146.127852
90	0.002430	750	-0.212303	-146.340155
91	0.001810	750	-0.197942	-146.538097
92	0.001296	750	-0.160736	-146.698833
93	0.000882	750	-0.127805	-146.826638
94	0.000559	750	-0.103412	-146.930050
95	0.000320	750	-0.074081	-147.004130
96	0.000156	750	-0.062797	-147.066928
97	0.000057	750	-0.034471	-147.101398
98	0.000010	750	-0.014410	-147.115808
99	0.000000	750	-0.003523	-147.119331
Log marginal likelihood:	-147.119331
0	0.975187	750	-3.213345	-3.213345
1	0.950747	750	-3.168427	-6.381772
2	0.926679	750	-3.129479	-9.511251
3	0.902980	750	-3.149654	-12.660904
4	0.879648	750	-3.068260	-15.729165
5	0.856682	750	-3.022775	-18.751940
6	0.834079	750	-2.980416	-21.732356
7	0.811838	750	-2.979147	-24.711503
8	0.789957	750	-2.900533	-27.612036
9	0.768433	750	-2.855346	-30.467382
10	0.747266	750	-2.827902	-33.295284
11	0.726452	750	-2.796950	-36.092234
12	0.705989	750	-2.743893	-38.836126
13	0.685877	750	-2.687644	-41.523770
14	0.666112	750	-2.659013	-44.182783
15	0.646693	750	-2.598234	-46.781017
16	0.627618	750	-2.569506	-49.350522
17	0.608884	750	-2.514463	-51.864986
18	0.590490	750	-2.481066	-54.346052
19	0.572433	750	-2.412565	-56.758616
20	0.554712	750	-2.391372	-59.149988
21	0.537324	750	-2.353315	-61.503303
22	0.520268	750	-2.307855	-63.811158
23	0.503540	750	-2.268333	-66.079490
24	0.487139	750	-2.253670	-68.333160
25	0.471063	750	-2.183867	-70.517028
26	0.455310	750	-2.142072	-72.659100
27	0.439877	750	-2.124512	-74.783612
28	0.424762	750	-2.076878	-76.860490
29	0.409963	750	-2.057049	-78.917539
30	0.395478	750	-2.027196	-80.944735
31	0.381305	750	-1.955533	-82.900267
32	0.367440	750	-1.928310	-84.828577
33	0.353883	750	-1.916419	-86.744996
34	0.340630	750	-1.853966	-88.598962
35	0.327680	750	-1.827170	-90.426132
36	0.315030	750	-1.772381	-92.198513
37	0.302677	750	-1.776452	-93.974965
38	0.290619	750	-1.715707	-95.690672
39	0.278855	750	-1.662668	-97.353340
40	0.267381	750	-1.657365	-99.010705
41	0.256195	750	-1.621036	-100.631741
42	0.245294	750	-1.569844	-102.201585
43	0.234677	750	-1.547746	-103.749331
44	0.224340	750	-1.504362	-105.253693
45	0.214281	750	-1.517764	-106.771456
46	0.204498	750	-1.488074	-108.259530
47	0.194988	750	-1.457820	-109.717350
48	0.185749	750	-1.495244	-111.212594
49	0.176777	750	-1.395944	-112.608537
50	0.168070	750	-1.361424	-113.969961
51	0.159626	750	-1.388298	-115.358259
52	0.151441	750	-1.343810	-116.702068
53	0.143514	750	-1.345707	-118.047775
54	0.135841	750	-1.313114	-119.360889
55	0.128420	750	-1.222060	-120.582949
56	0.121247	750	-1.280146	-121.863095
57	0.114320	750	-1.210515	-123.073610
58	0.107637	750	-1.207958	-124.281568
59	0.101193	750	-1.075629	-125.357196
60	0.094986	750	-1.203664	-126.560860
61	0.089014	750	-1.102944	-127.663804
62	0.083273	750	-1.124735	-128.788539
63	0.077760	750	-0.982666	-129.771205
64	0.072472	750	-1.063182	-130.834387
65	0.067406	750	-0.998523	-131.832909
66	0.062558	750	-0.918873	-132.751783
67	0.057926	750	-0.866325	-133.618108
68	0.053506	750	-0.920705	-134.538814
69	0.049295	750	-0.857543	-135.396356
70	0.045289	750	-0.853337	-136.249694
71	0.041485	750	-0.829643	-137.079336
72	0.037880	750	-0.773797	-137.853133
73	0.034469	750	-0.753878	-138.607010
74	0.031250	750	-0.729996	-139.337006
75	0.028218	750	-0.647601	-139.984607
76	0.025370	750	-0.659859	-140.644466
77	0.022702	750	-0.581731	-141.226197
78	0.020209	750	-0.566058	-141.792255
79	0.017889	750	-0.538543	-142.330798
80	0.015736	750	-0.508433	-142.839231
81	0.013746	750	-0.498137	-143.337368
82	0.011916	750	-0.454080	-143.791448
83	0.010240	750	-0.426496	-144.217945
84	0.008714	750	-0.388956	-144.606901
85	0.007334	750	-0.367896	-144.974797
86	0.006093	750	-0.353531	-145.328328
87	0.004988	750	-0.301653	-145.629981
88	0.004013	750	-0.303744	-145.933724
89	0.003162	750	-0.269235	-146.202959
90	0.002430	750	-0.218920	-146.421879
91	0.001810	750	-0.208006	-146.629885
92	0.001296	750	-0.155742	-146.785627
93	0.000882	750	-0.141916	-146.927543
94	0.000559	750	-0.103169	-147.030713
95	0.000320	750	-0.089703	-147.120416
96	0.000156	750	-0.053867	-147.174283
97	0.000057	750	-0.034310	-147.208593
98	0.000010	750	-0.015623	-147.224216
99	0.000000	750	-0.003067	-147.227282
Log marginal likelihood:	-147.227282
0	0.975187	750	-3.862737	-3.862737
1	0.950747	750	-3.745225	-7.607962
2	0.926679	750	-3.761032	-11.368994
3	0.902980	750	-3.668343	-15.037337
4	0.879648	750	-3.590202	-18.627539
5	0.856682	750	-3.520055	-22.147594
6	0.834079	750	-3.525274	-25.672868
7	0.811838	750	-3.426990	-29.099859
8	0.789957	750	-3.377676	-32.477535
9	0.768433	750	-3.326162	-35.803696
10	0.747266	750	-3.307106	-39.110802
11	0.726452	750	-3.224764	-42.335566
12	0.705989	750	-3.262455	-45.598021
13	0.685877	750	-3.108451	-48.706472
14	0.666112	750	-3.064602	-51.771074
15	0.646693	750	-3.017931	-54.789005
16	0.627618	750	-2.981807	-57.770812
17	0.608884	750	-2.911454	-60.682266
18	0.590490	750	-2.867083	-63.549349
19	0.572433	750	-2.826306	-66.375655
20	0.554712	750	-2.803066	-69.178720
21	0.537324	750	-2.727360	-71.906080
22	0.520268	750	-2.692978	-74.599058
23	0.503540	750	-2.673016	-77.272074
24	0.487139	750	-2.586615	-79.858689
25	0.471063	750	-2.519619	-82.378308
26	0.455310	750	-2.507735	-84.886043
27	0.439877	750	-2.496625	-87.382668
28	0.424762	750	-2.421588	-89.804256
29	0.409963	750	-2.454287	-92.258543
30	0.395478	750	-2.273473	-94.532016
31	0.381305	750	-2.249909	-96.781924
32	0.367440	750	-2.205243	-98.987168
33	0.353883	750	-2.145759	-101.132927
34	0.340630	750	-2.106020	-103.238947
35	0.327680	750	-2.070900	-105.309847
36	0.315030	750	-2.069260	-107.379107
37	0.302677	750	-1.993377	-109.372484
38	0.290619	750	-1.958190	-111.330675
39	0.278855	750	-1.895529	-113.226204
40	0.267381	750	-1.915958	-115.142162
41	0.256195	750	-1.832741	-116.974903
42	0.245294	750	-1.885544	-118.860447
43	0.234677	750	-1.776238	-120.636685
44	0.224340	750	-1.758710	-122.395394
45	0.214281	750	-1.730499	-124.125894
46	0.204498	750	-1.725470	-125.851363
47	0.194988	750	-1.581051	-127.432414
48	0.185749	750	-1.625832	-129.058247
49	0.176777	750	-1.559174	-130.617421
50	0.168070	750	-1.465506	-132.082927
51	0.159626	750	-1.514361	-133.597288
52	0.151441	750	-1.433309	-135.030597
53	0.143514	750	-1.547426	-136.578023
54	0.135841	750	-1.498254	-138.076277
55	0.128420	750	-1.445909	-139.522186
56	0.121247	750	-1.385579	-140.907765
57	0.114320	750	-1.319483	-142.227248
58	0.107637	750	-1.342392	-143.569640
59	0.101193	750	-1.249505	-144.819145
60	0.094986	750	-1.256192	-146.075337
61	0.089014	750	-1.179363	-147.254700
62	0.083273	750	-1.095596	-148.350296
63	0.077760	750	-1.141367	-149.491664
64	0.072472	750	-1.076804	-150.568467
65	0.067406	750	-1.059063	-151.627530
66	0.062558	750	-1.037819	-152.665350
67	0.057926	750	-1.006505	-153.671855
68	0.053506	750	-0.961893	-154.633748
69	0.049295	750	-0.925422	-155.559170
70	0.045289	750	-0.885930	-156.445100
71	0.041485	750	-0.840126	-157.285226
72	0.037880	750	-0.817044	-158.102270
73	0.034469	750	-0.793102	-158.895372
74	0.031250	750	-0.717999	-159.613372
75	0.028218	750	-0.738162	-160.351534
76	0.025370	750	-0.674920	-161.026454
77	0.022702	750	-0.704177	-161.730631
78	0.020209	750	-0.641341	-162.371972
79	0.017889	750	-0.597376	-162.969348
80	0.015736	750	-0.514522	-163.483870
81	0.013746	750	-0.493119	-163.976990
82	0.011916	750	-0.491637	-164.468626
83	0.010240	750	-0.468171	-164.936798
84	0.008714	750	-0.407484	-165.344281
85	0.007334	750	-0.376908	-165.721189
86	0.006093	750	-0.332187	-166.053376
87	0.004988	750	-0.306611	-166.359987
88	0.004013	750	-0.287381	-166.647367
89	0.003162	750	-0.260003	-166.907370
90	0.002430	750	-0.216760	-167.124130
91	0.001810	750	-0.195149	-167.319279
92	0.001296	750	-0.148091	-167.467371
93	0.000882	750	-0.122176	-167.589547
94	0.000559	750	-0.100647	-167.690194
95	0.000320	750	-0.084564	-167.774758
96	0.000156	750	-0.048979	-167.823737
97	0.000057	750	-0.034238	-167.857975
98	0.000010	750	-0.015409	-167.873384
99	0.000000	750	-0.003552	-167.876936
Log marginal likelihood:	-167.876936
0	0.975187	750	-3.452302	-3.452302
1	0.950747	750	-3.416401	-6.868703
2	0.926679	750	-3.340240	-10.208943
3	0.902980	750	-3.321006	-13.529949
4	0.879648	750	-3.285474	-16.815423
5	0.856682	750	-3.240734	-20.056157
6	0.834079	750	-3.257833	-23.313990
7	0.811838	750	-3.193971	-26.507962
8	0.789957	750	-3.082060	-29.590022
9	0.768433	750	-3.035600	-32.625622
10	0.747266	750	-2.987836	-35.613459
11	0.726452	750	-2.953693	-38.567152
12	0.705989	750	-2.851767	-41.418919
13	0.685877	750	-2.882033	-44.300952
14	0.666112	750	-2.799591	-47.100543
15	0.646693	750	-2.802355	-49.902898
16	0.627618	750	-2.806050	-52.708947
17	0.608884	750	-2.655965	-55.364912
18	0.590490	750	-2.645836	-58.010749
19	0.572433	750	-2.631781	-60.642529
20	0.554712	750	-2.534720	-63.177250
21	0.537324	750	-2.488009	-65.665259
22	0.520268	750	-2.449273	-68.114532
23	0.503540	750	-2.425763	-70.540295
24	0.487139	750	-2.373151	-72.913446
25	0.471063	750	-2.356449	-75.269895
26	0.455310	750	-2.325848	-77.595743
27	0.439877	750	-2.266765	-79.862507
28	0.424762	750	-2.246563	-82.109071
29	0.409963	750	-2.157039	-84.266109
30	0.395478	750	-2.123044	-86.389153
31	0.381305	750	-2.108890	-88.498043
32	0.367440	750	-2.062353	-90.560397
33	0.353883	750	-2.017440	-92.577836
34	0.340630	750	-1.993776	-94.571612
35	0.327680	750	-1.968487	-96.540099
36	0.315030	750	-1.964296	-98.504395
37	0.302677	750	-1.888721	-100.393116
38	0.290619	750	-1.804630	-102.197746
39	0.278855	750	-1.751361	-103.949107
40	0.267381	750	-1.803414	-105.752521
41	0.256195	750	-1.726995	-107.479515
42	0.245294	750	-1.675830	-109.155346
43	0.234677	750	-1.679708	-110.835054
44	0.224340	750	-1.586903	-112.421958
45	0.214281	750	-1.558994	-113.980952
46	0.204498	750	-1.730958	-115.711910
47	0.194988	750	-1.591106	-117.303015
48	0.185749	750	-1.569996	-118.873011
49	0.176777	750	-1.572572	-120.445583
50	0.168070	750	-1.397398	-121.842981
51	0.159626	750	-1.375039	-123.218020
52	0.151441	750	-1.356219	-124.574239
53	0.143514	750	-1.359072	-125.933311
54	0.135841	750	-1.322984	-127.256295
55	0.128420	750	-1.441128	-128.697423
56	0.121247	750	-1.275666	-129.973089
57	0.114320	750	-1.264547	-131.237636
58	0.107637	750	-1.266736	-132.504372
59	0.101193	750	-1.236308	-133.740680
60	0.094986	750	-1.170027	-134.910707
61	0.089014	750	-1.098164	-136.008871
62	0.083273	750	-1.170150	-137.179021
63	0.077760	750	-1.101729	-138.280750
64	0.072472	750	-1.046094	-139.326844
65	0.067406	750	-1.020428	-140.347272
66	0.062558	750	-0.984244	-141.331515
67	0.057926	750	-0.920338	-142.251853
68	0.053506	750	-0.881990	-143.133843
69	0.049295	750	-0.889186	-144.023029
70	0.045289	750	-0.824978	-144.848007
71	0.041485	750	-0.794534	-145.642541
72	0.037880	750	-0.823201	-146.465742
73	0.034469	750	-0.789167	-147.254910
74	0.031250	750	-0.724405	-147.979315
75	0.028218	750	-0.680344	-148.659659
76	0.025370	750	-0.634941	-149.294600
77	0.022702	750	-0.607336	-149.901935
78	0.020209	750	-0.585075	-150.487010
79	0.017889	750	-0.541026	-151.028037
80	0.015736	750	-0.529703	-151.557740
81	0.013746	750	-0.513835	-152.071575
82	0.011916	750	-0.462028	-152.533603
83	0.010240	750	-0.445841	-152.979444
84	0.008714	750	-0.377718	-153.357162
85	0.007334	750	-0.379206	-153.736368
86	0.006093	750	-0.371129	-154.107497
87	0.004988	750	-0.329083	-154.436580
88	0.004013	750	-0.321660	-154.758239
89	0.003162	750	-0.260066	-155.018306
90	0.002430	750	-0.211495	-155.229801
91	0.001810	750	-0.164174	-155.393975
92	0.001296	750	-0.161809	-155.555783
93	0.000882	750	-0.134844	-155.690628
94	0.000559	750	-0.103048	-155.793675
95	0.000320	750	-0.087264	-155.880939
96	0.000156	750	-0.059359	-155.940298
97	0.000057	750	-0.033148	-155.973447
98	0.000010	750	-0.016016	-155.989463
99	0.000000	750	-0.003672	-155.993136
Log marginal likelihood:	-155.993136
0	0.975187	750	-3.255044	-3.255044
1	0.950747	750	-3.225172	-6.480216
2	0.926679	750	-3.176916	-9.657132
3	0.902980	750	-3.121594	-12.778726
4	0.879648	750	-3.074477	-15.853203
5	0.856682	750	-3.044794	-18.897997
6	0.834079	750	-2.955232	-21.853230
7	0.811838	750	-2.942057	-24.795286
8	0.789957	750	-2.905589	-27.700875
9	0.768433	750	-2.839705	-30.540580
10	0.747266	750	-2.790939	-33.331519
11	0.726452	750	-2.762836	-36.094355
12	0.705989	750	-2.700593	-38.794948
13	0.685877	750	-2.639054	-41.434002
14	0.666112	750	-2.574335	-44.008337
15	0.646693	750	-2.594202	-46.602539
16	0.627618	750	-2.562859	-49.165397
17	0.608884	750	-2.481486	-51.646884
18	0.590490	750	-2.494617	-54.141501
19	0.572433	750	-2.449150	-56.590651
20	0.554712	750	-2.381599	-58.972250
21	0.537324	750	-2.356111	-61.328361
22	0.520268	750	-2.303586	-63.631948
23	0.503540	750	-2.309088	-65.941036
24	0.487139	750	-2.221170	-68.162207
25	0.471063	750	-2.173730	-70.335937
26	0.455310	750	-2.195336	-72.531273
27	0.439877	750	-2.073357	-74.604630
28	0.424762	750	-2.057195	-76.661825
29	0.409963	750	-2.051131	-78.712956
30	0.395478	750	-2.020202	-80.733159
31	0.381305	750	-1.976166	-82.709324
32	0.367440	750	-2.000539	-84.709863
33	0.353883	750	-1.912489	-86.622352
34	0.340630	750	-1.841159	-88.463511
35	0.327680	750	-1.873209	-90.336720
36	0.315030	750	-1.778181	-92.114901
37	0.302677	750	-1.839870	-93.954772
38	0.290619	750	-1.739085	-95.693857
39	0.278855	750	-1.755959	-97.449816
40	0.267381	750	-1.673557	-99.123373
41	0.256195	750	-1.681523	-100.804896
42	0.245294	750	-1.579157	-102.384053
43	0.234677	750	-1.517350	-103.901403
44	0.224340	750	-1.532518	-105.433921
45	0.214281	750	-1.482965	-106.916887
46	0.204498	750	-1.507174	-108.424061
47	0.194988	750	-1.592334	-110.016395
48	0.185749	750	-1.408755	-111.425149
49	0.176777	750	-1.383727	-112.808877
50	0.168070	750	-1.398359	-114.207236
51	0.159626	750	-1.403944	-115.611180
52	0.151441	750	-1.399340	-117.010521
53	0.143514	750	-1.287655	-118.298176
54	0.135841	750	-1.257930	-119.556106
55	0.128420	750	-1.257252	-120.813358
56	0.121247	750	-1.279643	-122.093002
57	0.114320	750	-1.198250	-123.291252
58	0.107637	750	-1.210825	-124.502077
59	0.101193	750	-1.156420	-125.658498
60	0.094986	750	-1.139089	-126.797587
61	0.089014	750	-1.123123	-127.920709
62	0.083273	750	-1.137908	-129.058617
63	0.077760	750	-1.089084	-130.147702
64	0.072472	750	-1.065057	-131.212759
65	0.067406	750	-0.984382	-132.197141
66	0.062558	750	-0.999430	-133.196571
67	0.057926	750	-0.972399	-134.168970
68	0.053506	750	-0.956703	-135.125673
69	0.049295	750	-0.872398	-135.998070
70	0.045289	750	-0.871567	-136.869637
71	0.041485	750	-0.825896	-137.695534
72	0.037880	750	-0.785344	-138.480877
73	0.034469	750	-0.733304	-139.214181
74	0.031250	750	-0.784681	-139.998862
75	0.028218	750	-0.679054	-140.677916
76	0.025370	750	-0.647573	-141.325488
77	0.022702	750	-0.616357	-141.941845
78	0.020209	750	-0.580055	-142.521900
79	0.017889	750	-0.556077	-143.077978
80	0.015736	750	-0.508137	-143.586114
81	0.013746	750	-0.491218	-144.077332
82	0.011916	750	-0.544619	-144.621951
83	0.010240	750	-0.443601	-145.065552
84	0.008714	750	-0.413332	-145.478884
85	0.007334	750	-0.381458	-145.860342
86	0.006093	750	-0.354727	-146.215069
87	0.004988	750	-0.317740	-146.532808
88	0.004013	750	-0.299821	-146.832629
89	0.003162	750	-0.247411	-147.080041
90	0.002430	750	-0.223664	-147.303705
91	0.001810	750	-0.173901	-147.477606
92	0.001296	750	-0.163401	-147.641006
93	0.000882	750	-0.127689	-147.768695
94	0.000559	750	-0.099000	-147.867695
95	0.000320	750	-0.073004	-147.940699
96	0.000156	750	-0.062179	-148.002878
97	0.000057	750	-0.034170	-148.037048
98	0.000010	750	-0.015928	-148.052975
99	0.000000	750	-0.003163	-148.056138
Log marginal likelihood:	-148.056138
0	0.975187	750	-3.129121	-3.129121
1	0.950747	750	-3.078552	-6.207672
2	0.926679	750	-3.066975	-9.274647
3	0.902980	750	-3.048223	-12.322870
4	0.879648	750	-3.041659	-15.364529
5	0.856682	750	-2.894634	-18.259163
6	0.834079	750	-2.912144	-21.171307
7	0.811838	750	-2.881004	-24.052311
8	0.789957	750	-2.859481	-26.911793
9	0.768433	750	-2.845057	-29.756850
10	0.747266	750	-2.809171	-32.566021
11	0.726452	750	-2.778904	-35.344925
12	0.705989	750	-2.647239	-37.992164
13	0.685877	750	-2.693842	-40.686006
14	0.666112	750	-2.601855	-43.287861
15	0.646693	750	-2.571253	-45.859114
16	0.627618	750	-2.516233	-48.375347
17	0.608884	750	-2.462348	-50.837695
18	0.590490	750	-2.472226	-53.309921
19	0.572433	750	-2.416331	-55.726252
20	0.554712	750	-2.378406	-58.104658
21	0.537324	750	-2.335870	-60.440528
22	0.520268	750	-2.274733	-62.715261
23	0.503540	750	-2.234541	-64.949802
24	0.487139	750	-2.198875	-67.148676
25	0.471063	750	-2.168259	-69.316936
26	0.455310	750	-2.146138	-71.463073
27	0.439877	750	-2.082366	-73.545440
28	0.424762	750	-2.053291	-75.598731
29	0.409963	750	-2.059232	-77.657963
30	0.395478	750	-1.969138	-79.627100
31	0.381305	750	-1.959166	-81.586266
32	0.367440	750	-1.927151	-83.513418
33	0.353883	750	-1.866924	-85.380342
34	0.340630	750	-1.891827	-87.272169
35	0.327680	750	-1.794860	-89.067029
36	0.315030	750	-1.794890	-90.861919
37	0.302677	750	-1.706318	-92.568238
38	0.290619	750	-1.695042	-94.263280
39	0.278855	750	-1.663290	-95.926569
40	0.267381	750	-1.632539	-97.559108
41	0.256195	750	-1.598570	-99.157678
42	0.245294	750	-1.622801	-100.780479
43	0.234677	750	-1.534222	-102.314701
44	0.224340	750	-1.556914	-103.871615
45	0.214281	750	-1.506683	-105.378298
46	0.204498	750	-1.494440	-106.872739
47	0.194988	750	-1.462212	-108.334950
48	0.185749	750	-1.422319	-109.757269
49	0.176777	750	-1.389316	-111.146585
50	0.168070	750	-1.383582	-112.530167
51	0.159626	750	-1.376015	-113.906182
52	0.151441	750	-1.267429	-115.173611
53	0.143514	750	-1.263626	-116.437237
54	0.135841	750	-1.413467	-117.850704
55	0.128420	750	-1.210890	-119.061594
56	0.121247	750	-1.214352	-120.275946
57	0.114320	750	-1.172701	-121.448647
58	0.107637	750	-1.256099	-122.704746
59	0.101193	750	-1.226780	-123.931526
60	0.094986	750	-1.181665	-125.113191
61	0.089014	750	-1.014046	-126.127237
62	0.083273	750	-1.032669	-127.159906
63	0.077760	750	-1.063363	-128.223269
64	0.072472	750	-1.071230	-129.294499
65	0.067406	750	-1.061888	-130.356387
66	0.062558	750	-0.951344	-131.307731
67	0.057926	750	-0.922215	-132.229946
68	0.053506	750	-0.899208	-133.129155
69	0.049295	750	-0.838790	-133.967944
70	0.045289	750	-0.870337	-134.838281
71	0.041485	750	-0.826401	-135.664682
72	0.037880	750	-0.791712	-136.456394
73	0.034469	750	-0.747519	-137.203913
74	0.031250	750	-0.732583	-137.936497
75	0.028218	750	-0.632879	-138.569376
76	0.025370	750	-0.660572	-139.229947
77	0.022702	750	-0.606670	-139.836618
78	0.020209	750	-0.630894	-140.467512
79	0.017889	750	-0.592189	-141.059700
80	0.015736	750	-0.536548	-141.596249
81	0.013746	750	-0.492507	-142.088756
82	0.011916	750	-0.449524	-142.538280
83	0.010240	750	-0.420494	-142.958774
84	0.008714	750	-0.435850	-143.394623
85	0.007334	750	-0.390851	-143.785475
86	0.006093	750	-0.362927	-144.148402
87	0.004988	750	-0.305514	-144.453916
88	0.004013	750	-0.272600	-144.726515
89	0.003162	750	-0.248357	-144.974872
90	0.002430	750	-0.232836	-145.207708
91	0.001810	750	-0.203291	-145.410999
92	0.001296	750	-0.158392	-145.569391
93	0.000882	750	-0.122113	-145.691504
94	0.000559	750	-0.116632	-145.808136
95	0.000320	750	-0.088259	-145.896396
96	0.000156	750	-0.051152	-145.947548
97	0.000057	750	-0.036328	-145.983875
98	0.000010	750	-0.018632	-146.002507
99	0.000000	750	-0.003353	-146.005860
Log marginal likelihood:	-146.005860
0	0.975187	750	-3.603238	-3.603238
1	0.950747	750	-3.487925	-7.091163
2	0.926679	750	-3.509159	-10.600323
3	0.902980	750	-3.395169	-13.995492
4	0.879648	750	-3.371562	-17.367054
5	0.856682	750	-3.323616	-20.690670
6	0.834079	750	-3.269901	-23.960571
7	0.811838	750	-3.275531	-27.236103
8	0.789957	750	-3.193033	-30.429136
9	0.768433	750	-3.169750	-33.598886
10	0.747266	750	-3.073583	-36.672469
11	0.726452	750	-3.042470	-39.714939
12	0.705989	750	-2.994806	-42.709745
13	0.685877	750	-2.951246	-45.660991
14	0.666112	750	-2.906341	-48.567332
15	0.646693	750	-2.844327	-51.411659
16	0.627618	750	-2.783090	-54.194749
17	0.608884	750	-2.750355	-56.945105
18	0.590490	750	-2.725053	-59.670158
19	0.572433	750	-2.656620	-62.326778
20	0.554712	750	-2.627063	-64.953841
21	0.537324	750	-2.560089	-67.513930
22	0.520268	750	-2.527367	-70.041298
23	0.503540	750	-2.499176	-72.540474
24	0.487139	750	-2.419894	-74.960368
25	0.471063	750	-2.379824	-77.340191
26	0.455310	750	-2.379350	-79.719541
27	0.439877	750	-2.300001	-82.019542
28	0.424762	750	-2.258395	-84.277938
29	0.409963	750	-2.284858	-86.562796
30	0.395478	750	-2.171479	-88.734275
31	0.381305	750	-2.152806	-90.887081
32	0.367440	750	-2.097513	-92.984594
33	0.353883	750	-2.116096	-95.100690
34	0.340630	750	-2.123994	-97.224684
35	0.327680	750	-1.985586	-99.210270
36	0.315030	750	-1.917739	-101.128009
37	0.302677	750	-1.908760	-103.036769
38	0.290619	750	-1.870051	-104.906821
39	0.278855	750	-1.812016	-106.718837
40	0.267381	750	-1.936184	-108.655021
41	0.256195	750	-1.751307	-110.406327
42	0.245294	750	-1.689776	-112.096104
43	0.234677	750	-1.615606	-113.711709
44	0.224340	750	-1.647800	-115.359509
45	0.214281	750	-1.624224	-116.983733
46	0.204498	750	-1.535941	-118.519674
47	0.194988	750	-1.558196	-120.077869
48	0.185749	750	-1.542593	-121.620462
49	0.176777	750	-1.593720	-123.214182
50	0.168070	750	-1.450313	-124.664495
51	0.159626	750	-1.533752	-126.198248
52	0.151441	750	-1.425125	-127.623373
53	0.143514	750	-1.429230	-129.052603
54	0.135841	750	-1.392370	-130.444972
55	0.128420	750	-1.335186	-131.780158
56	0.121247	750	-1.341253	-133.121411
57	0.114320	750	-1.256354	-134.377765
58	0.107637	750	-1.261265	-135.639031
59	0.101193	750	-1.311907	-136.950938
60	0.094986	750	-1.180551	-138.131489
61	0.089014	750	-1.215874	-139.347363
62	0.083273	750	-1.138643	-140.486005
63	0.077760	750	-1.046320	-141.532325
64	0.072472	750	-1.077946	-142.610272
65	0.067406	750	-1.025034	-143.635306
66	0.062558	750	-1.025460	-144.660766
67	0.057926	750	-0.978515	-145.639281
68	0.053506	750	-0.942277	-146.581557
69	0.049295	750	-0.923512	-147.505070
70	0.045289	750	-0.862874	-148.367944
71	0.041485	750	-0.793582	-149.161526
72	0.037880	750	-0.791934	-149.953460
73	0.034469	750	-0.752321	-150.705781
74	0.031250	750	-0.708676	-151.414457
75	0.028218	750	-0.668278	-152.082735
76	0.025370	750	-0.653341	-152.736076
77	0.022702	750	-0.612246	-153.348322
78	0.020209	750	-0.638831	-153.987153
79	0.017889	750	-0.546906	-154.534060
80	0.015736	750	-0.542296	-155.076356
81	0.013746	750	-0.580274	-155.656630
82	0.011916	750	-0.459114	-156.115744
83	0.010240	750	-0.431141	-156.546885
84	0.008714	750	-0.417907	-156.964792
85	0.007334	750	-0.357486	-157.322277
86	0.006093	750	-0.354742	-157.677019
87	0.004988	750	-0.298818	-157.975837
88	0.004013	750	-0.276554	-158.252391
89	0.003162	750	-0.251715	-158.504107
90	0.002430	750	-0.206442	-158.710548
91	0.001810	750	-0.208550	-158.919099
92	0.001296	750	-0.167475	-159.086574
93	0.000882	750	-0.142260	-159.228833
94	0.000559	750	-0.104883	-159.333717
95	0.000320	750	-0.081324	-159.415041
96	0.000156	750	-0.052582	-159.467622
97	0.000057	750	-0.031497	-159.499119
98	0.000010	750	-0.015752	-159.514871
99	0.000000	750	-0.003313	-159.518184
Log marginal likelihood:	-159.518184
0	0.975187	750	-3.576161	-3.576161
1	0.950747	750	-3.549117	-7.125278
2	0.926679	750	-3.459713	-10.584991
3	0.902980	750	-3.453332	-14.038324
4	0.879648	750	-3.365878	-17.404201
5	0.856682	750	-3.325433	-20.729634
6	0.834079	750	-3.273305	-24.002939
7	0.811838	750	-3.238450	-27.241389
8	0.789957	750	-3.163791	-30.405180
9	0.768433	750	-3.120081	-33.525260
10	0.747266	750	-3.073435	-36.598695
11	0.726452	750	-3.038290	-39.636985
12	0.705989	750	-2.968474	-42.605459
13	0.685877	750	-2.913335	-45.518794
14	0.666112	750	-2.899161	-48.417955
15	0.646693	750	-2.824590	-51.242545
16	0.627618	750	-2.780122	-54.022667
17	0.608884	750	-2.729930	-56.752597
18	0.590490	750	-2.684361	-59.436959
19	0.572433	750	-2.643674	-62.080632
20	0.554712	750	-2.602501	-64.683134
21	0.537324	750	-2.544507	-67.227641
22	0.520268	750	-2.505442	-69.733083
23	0.503540	750	-2.532483	-72.265566
24	0.487139	750	-2.408518	-74.674084
25	0.471063	750	-2.370457	-77.044541
26	0.455310	750	-2.323403	-79.367945
27	0.439877	750	-2.282277	-81.650222
28	0.424762	750	-2.274960	-83.925182
29	0.409963	750	-2.193308	-86.118489
30	0.395478	750	-2.165656	-88.284145
31	0.381305	750	-2.230298	-90.514443
32	0.367440	750	-2.116949	-92.631392
33	0.353883	750	-2.137702	-94.769094
34	0.340630	750	-2.037432	-96.806527
35	0.327680	750	-2.016390	-98.822917
36	0.315030	750	-1.947434	-100.770351
37	0.302677	750	-1.869166	-102.639518
38	0.290619	750	-1.860684	-104.500202
39	0.278855	750	-1.800451	-106.300653
40	0.267381	750	-1.766999	-108.067651
41	0.256195	750	-1.752676	-109.820327
42	0.245294	750	-1.751480	-111.571807
43	0.234677	750	-1.709936	-113.281743
44	0.224340	750	-1.676662	-114.958405
45	0.214281	750	-1.599308	-116.557713
46	0.204498	750	-1.561556	-118.119268
47	0.194988	750	-1.641352	-119.760620
48	0.185749	750	-1.538448	-121.299068
49	0.176777	750	-1.599467	-122.898535
50	0.168070	750	-1.389740	-124.288275
51	0.159626	750	-1.475700	-125.763975
52	0.151441	750	-1.575272	-127.339247
53	0.143514	750	-1.516279	-128.855526
54	0.135841	750	-1.479695	-130.335221
55	0.128420	750	-1.421493	-131.756714
56	0.121247	750	-1.312899	-133.069612
57	0.114320	750	-1.415878	-134.485491
58	0.107637	750	-1.327120	-135.812611
59	0.101193	750	-1.129478	-136.942089
60	0.094986	750	-1.225447	-138.167536
61	0.089014	750	-1.161563	-139.329099
62	0.083273	750	-1.168550	-140.497649
63	0.077760	750	-1.105291	-141.602940
64	0.072472	750	-1.090937	-142.693877
65	0.067406	750	-1.019108	-143.712986
66	0.062558	750	-0.987920	-144.700906
67	0.057926	750	-0.965065	-145.665971
68	0.053506	750	-0.926254	-146.592225
69	0.049295	750	-0.885064	-147.477289
70	0.045289	750	-0.865783	-148.343073
71	0.041485	750	-0.837429	-149.180501
72	0.037880	750	-0.815115	-149.995617
73	0.034469	750	-0.749565	-150.745182
74	0.031250	750	-0.712523	-151.457704
75	0.028218	750	-0.662960	-152.120665
76	0.025370	750	-0.640221	-152.760886
77	0.022702	750	-0.679922	-153.440808
78	0.020209	750	-0.628775	-154.069582
79	0.017889	750	-0.583562	-154.653144
80	0.015736	750	-0.529021	-155.182165
81	0.013746	750	-0.488867	-155.671032
82	0.011916	750	-0.458659	-156.129691
83	0.010240	750	-0.424397	-156.554088
84	0.008714	750	-0.395752	-156.949840
85	0.007334	750	-0.387651	-157.337492
86	0.006093	750	-0.339068	-157.676560
87	0.004988	750	-0.321744	-157.998304
88	0.004013	750	-0.276905	-158.275209
89	0.003162	750	-0.254421	-158.529630
90	0.002430	750	-0.209407	-158.739037
91	0.001810	750	-0.188119	-158.927156
92	0.001296	750	-0.158454	-159.085610
93	0.000882	750	-0.139340	-159.224950
94	0.000559	750	-0.110770	-159.335720
95	0.000320	750	-0.075588	-159.411308
96	0.000156	750	-0.050862	-159.462171
97	0.000057	750	-0.033542	-159.495713
98	0.000010	750	-0.014280	-159.509993
99	0.000000	750	-0.003358	-159.513351
Log marginal likelihood:	-159.513351
0	0.975187	750	-3.427107	-3.427107
1	0.950747	750	-3.394384	-6.821492
2	0.926679	750	-3.346481	-10.167973
3	0.902980	750	-3.291279	-13.459252
4	0.879648	750	-3.229210	-16.688462
5	0.856682	750	-3.184014	-19.872476
6	0.834079	750	-3.119856	-22.992331
7	0.811838	750	-3.058255	-26.050586
8	0.789957	750	-3.028760	-29.079347
9	0.768433	750	-3.022261	-32.101607
10	0.747266	750	-2.939489	-35.041096
11	0.726452	750	-2.923084	-37.964180
12	0.705989	750	-2.856683	-40.820864
13	0.685877	750	-2.817381	-43.638245
14	0.666112	750	-2.752500	-46.390744
15	0.646693	750	-2.734415	-49.125159
16	0.627618	750	-2.662692	-51.787851
17	0.608884	750	-2.640762	-54.428613
18	0.590490	750	-2.565586	-56.994198
19	0.572433	750	-2.534790	-59.528989
20	0.554712	750	-2.548130	-62.077118
21	0.537324	750	-2.456698	-64.533817
22	0.520268	750	-2.457843	-66.991660
23	0.503540	750	-2.339875	-69.331535
24	0.487139	750	-2.344990	-71.676525
25	0.471063	750	-2.290495	-73.967020
26	0.455310	750	-2.247230	-76.214250
27	0.439877	750	-2.202563	-78.416813
28	0.424762	750	-2.186258	-80.603071
29	0.409963	750	-2.191170	-82.794242
30	0.395478	750	-2.101832	-84.896074
31	0.381305	750	-2.009949	-86.906023
32	0.367440	750	-2.023098	-88.929120
33	0.353883	750	-1.939454	-90.868574
34	0.340630	750	-2.006125	-92.874698
35	0.327680	750	-1.921815	-94.796513
36	0.315030	750	-1.898711	-96.695224
37	0.302677	750	-1.781926	-98.477150
38	0.290619	750	-1.814124	-100.291274
39	0.278855	750	-1.790658	-102.081932
40	0.267381	750	-1.826081	-103.908014
41	0.256195	750	-1.674088	-105.582101
42	0.245294	750	-1.632022	-107.214124
43	0.234677	750	-1.602899	-108.817022
44	0.224340	750	-1.690341	-110.507364
45	0.214281	750	-1.501470	-112.008833
46	0.204498	750	-1.511951	-113.520784
47	0.194988	750	-1.526150	-115.046934
48	0.185749	750	-1.429569	-116.476503
49	0.176777	750	-1.450537	-117.927039
50	0.168070	750	-1.447843	-119.374882
51	0.159626	750	-1.513539	-120.888421
52	0.151441	750	-1.474793	-122.363214
53	0.143514	750	-1.267704	-123.630918
54	0.135841	750	-1.250112	-124.881031
55	0.128420	750	-1.266023	-126.147054
56	0.121247	750	-1.423977	-127.571031
57	0.114320	750	-1.287808	-128.858839
58	0.107637	750	-1.296597	-130.155435
59	0.101193	750	-1.181961	-131.337397
60	0.094986	750	-1.152686	-132.490082
61	0.089014	750	-1.156329	-133.646411
62	0.083273	750	-1.112483	-134.758894
63	0.077760	750	-1.142914	-135.901808
64	0.072472	750	-1.071262	-136.973070
65	0.067406	750	-1.018644	-137.991714
66	0.062558	750	-0.983190	-138.974904
67	0.057926	750	-0.922547	-139.897450
68	0.053506	750	-0.918267	-140.815718
69	0.049295	750	-0.903855	-141.719573
70	0.045289	750	-0.831967	-142.551540
71	0.041485	750	-0.822369	-143.373909
72	0.037880	750	-0.773612	-144.147520
73	0.034469	750	-0.722937	-144.870457
74	0.031250	750	-0.755168	-145.625626
75	0.028218	750	-0.667421	-146.293046
76	0.025370	750	-0.627376	-146.920422
77	0.022702	750	-0.610059	-147.530481
78	0.020209	750	-0.583386	-148.113867
79	0.017889	750	-0.536504	-148.650371
80	0.015736	750	-0.530639	-149.181010
81	0.013746	750	-0.514507	-149.695516
82	0.011916	750	-0.460583	-150.156099
83	0.010240	750	-0.448819	-150.604918
84	0.008714	750	-0.397879	-151.002796
85	0.007334	750	-0.422481	-151.425277
86	0.006093	750	-0.378158	-151.803435
87	0.004988	750	-0.273914	-152.077349
88	0.004013	750	-0.270140	-152.347489
89	0.003162	750	-0.248364	-152.595853
90	0.002430	750	-0.202379	-152.798231
91	0.001810	750	-0.181158	-152.979390
92	0.001296	750	-0.166656	-153.146046
93	0.000882	750	-0.132433	-153.278478
94	0.000559	750	-0.126679	-153.405157
95	0.000320	750	-0.079122	-153.484280
96	0.000156	750	-0.056104	-153.540384
97	0.000057	750	-0.033522	-153.573906
98	0.000010	750	-0.016533	-153.590440
99	0.000000	750	-0.003518	-153.593958
Log marginal likelihood:	-153.593958
0	0.975187	750	-3.771598	-3.771598
1	0.950747	750	-3.711831	-7.483429
2	0.926679	750	-3.651522	-11.134951
3	0.902980	750	-3.605769	-14.740720
4	0.879648	750	-3.506414	-18.247135
5	0.856682	750	-3.522835	-21.769970
6	0.834079	750	-3.488433	-25.258403
7	0.811838	750	-3.408453	-28.666856
8	0.789957	750	-3.306223	-31.973079
9	0.768433	750	-3.281659	-35.254738
10	0.747266	750	-3.256406	-38.511144
11	0.726452	750	-3.195771	-41.706915
12	0.705989	750	-3.120268	-44.827183
13	0.685877	750	-3.081077	-47.908260
14	0.666112	750	-3.039590	-50.947849
15	0.646693	750	-2.992585	-53.940434
16	0.627618	750	-2.935237	-56.875672
17	0.608884	750	-2.867996	-59.743668
18	0.590490	750	-2.839121	-62.582789
19	0.572433	750	-2.786251	-65.369040
20	0.554712	750	-2.741099	-68.110140
21	0.537324	750	-2.705939	-70.816078
22	0.520268	750	-2.672214	-73.488292
23	0.503540	750	-2.627937	-76.116229
24	0.487139	750	-2.522290	-78.638519
25	0.471063	750	-2.519333	-81.157852
26	0.455310	750	-2.463701	-83.621553
27	0.439877	750	-2.396774	-86.018327
28	0.424762	750	-2.396728	-88.415054
29	0.409963	750	-2.306783	-90.721837
30	0.395478	750	-2.276368	-92.998205
31	0.381305	750	-2.240391	-95.238596
32	0.367440	750	-2.155736	-97.394332
33	0.353883	750	-2.188280	-99.582612
34	0.340630	750	-2.105975	-101.688587
35	0.327680	750	-2.063593	-103.752180
36	0.315030	750	-2.044209	-105.796389
37	0.302677	750	-1.938814	-107.735203
38	0.290619	750	-1.994399	-109.729602
39	0.278855	750	-1.881277	-111.610879
40	0.267381	750	-1.845871	-113.456750
41	0.256195	750	-1.861242	-115.317992
42	0.245294	750	-1.845585	-117.163577
43	0.234677	750	-1.850141	-119.013718
44	0.224340	750	-1.742507	-120.756226
45	0.214281	750	-1.681726	-122.437952
46	0.204498	750	-1.695012	-124.132964
47	0.194988	750	-1.588666	-125.721630
48	0.185749	750	-1.527272	-127.248902
49	0.176777	750	-1.554088	-128.802990
50	0.168070	750	-1.551812	-130.354802
51	0.159626	750	-1.650175	-132.004976
52	0.151441	750	-1.565638	-133.570615
53	0.143514	750	-1.395657	-134.966272
54	0.135841	750	-1.398700	-136.364972
55	0.128420	750	-1.424619	-137.789591
56	0.121247	750	-1.394651	-139.184242
57	0.114320	750	-1.340797	-140.525039
58	0.107637	750	-1.320201	-141.845240
59	0.101193	750	-1.299536	-143.144776
60	0.094986	750	-1.164743	-144.309519
61	0.089014	750	-1.180566	-145.490085
62	0.083273	750	-1.141843	-146.631928
63	0.077760	750	-1.103427	-147.735355
64	0.072472	750	-1.056015	-148.791370
65	0.067406	750	-1.048145	-149.839514
66	0.062558	750	-1.011932	-150.851446
67	0.057926	750	-0.972120	-151.823566
68	0.053506	750	-0.928309	-152.751875
69	0.049295	750	-0.904433	-153.656308
70	0.045289	750	-0.868816	-154.525124
71	0.041485	750	-0.832550	-155.357674
72	0.037880	750	-0.766107	-156.123781
73	0.034469	750	-0.746207	-156.869988
74	0.031250	750	-0.714707	-157.584695
75	0.028218	750	-0.744821	-158.329516
76	0.025370	750	-0.654175	-158.983692
77	0.022702	750	-0.642404	-159.626096
78	0.020209	750	-0.595092	-160.221188
79	0.017889	750	-0.591720	-160.812908
80	0.015736	750	-0.526824	-161.339732
81	0.013746	750	-0.492216	-161.831948
82	0.011916	750	-0.486399	-162.318348
83	0.010240	750	-0.444348	-162.762696
84	0.008714	750	-0.401168	-163.163864
85	0.007334	750	-0.377945	-163.541809
86	0.006093	750	-0.356903	-163.898713
87	0.004988	750	-0.317659	-164.216372
88	0.004013	750	-0.292765	-164.509137
89	0.003162	750	-0.273501	-164.782637
90	0.002430	750	-0.225390	-165.008027
91	0.001810	750	-0.193897	-165.201924
92	0.001296	750	-0.176614	-165.378539
93	0.000882	750	-0.143863	-165.522401
94	0.000559	750	-0.101451	-165.623852
95	0.000320	750	-0.070150	-165.694002
96	0.000156	750	-0.051182	-165.745184
97	0.000057	750	-0.032080	-165.777264
98	0.000010	750	-0.015535	-165.792799
99	0.000000	750	-0.003142	-165.795941
Log marginal likelihood:	-165.795941
0	0.975187	750	-3.295121	-3.295121
1	0.950747	750	-3.242536	-6.537657
2	0.926679	750	-3.188482	-9.726139
3	0.902980	750	-3.184637	-12.910776
4	0.879648	750	-3.120395	-16.031171
5	0.856682	750	-3.061534	-19.092705
6	0.834079	750	-2.998183	-22.090888
7	0.811838	750	-2.958401	-25.049289
8	0.789957	750	-2.947510	-27.996799
9	0.768433	750	-2.842174	-30.838973
10	0.747266	750	-2.834269	-33.673242
11	0.726452	750	-2.768155	-36.441397
12	0.705989	750	-2.725269	-39.166666
13	0.685877	750	-2.722705	-41.889371
14	0.666112	750	-2.633827	-44.523198
15	0.646693	750	-2.642011	-47.165209
16	0.627618	750	-2.588344	-49.753553
17	0.608884	750	-2.523976	-52.277529
18	0.590490	750	-2.480293	-54.757822
19	0.572433	750	-2.438109	-57.195931
20	0.554712	750	-2.394932	-59.590864
21	0.537324	750	-2.339160	-61.930024
22	0.520268	750	-2.323244	-64.253268
23	0.503540	750	-2.287584	-66.540852
24	0.487139	750	-2.242626	-68.783479
25	0.471063	750	-2.220496	-71.003975
26	0.455310	750	-2.157631	-73.161606
27	0.439877	750	-2.158209	-75.319815
28	0.424762	750	-2.117853	-77.437669
29	0.409963	750	-2.053091	-79.490760
30	0.395478	750	-1.977977	-81.468736
31	0.381305	750	-1.979038	-83.447774
32	0.367440	750	-1.936099	-85.383872
33	0.353883	750	-1.890407	-87.274280
34	0.340630	750	-1.863218	-89.137498
35	0.327680	750	-1.848450	-90.985948
36	0.315030	750	-1.780758	-92.766706
37	0.302677	750	-1.741293	-94.508000
38	0.290619	750	-1.708834	-96.216834
39	0.278855	750	-1.679108	-97.895942
40	0.267381	750	-1.697622	-99.593565
41	0.256195	750	-1.655613	-101.249178
42	0.245294	750	-1.742803	-102.991981
43	0.234677	750	-1.612599	-104.604580
44	0.224340	750	-1.581237	-106.185817
45	0.214281	750	-1.561351	-107.747168
46	0.204498	750	-1.515857	-109.263026
47	0.194988	750	-1.411305	-110.674331
48	0.185749	750	-1.506102	-112.180433
49	0.176777	750	-1.436653	-113.617086
50	0.168070	750	-1.509852	-115.126939
51	0.159626	750	-1.368583	-116.495522
52	0.151441	750	-1.380799	-117.876321
53	0.143514	750	-1.466362	-119.342683
54	0.135841	750	-1.354238	-120.696922
55	0.128420	750	-1.400675	-122.097596
56	0.121247	750	-1.195181	-123.292778
57	0.114320	750	-1.288500	-124.581278
58	0.107637	750	-1.073311	-125.654588
59	0.101193	750	-1.236170	-126.890758
60	0.094986	750	-1.162947	-128.053705
61	0.089014	750	-1.144812	-129.198517
62	0.083273	750	-1.112201	-130.310718
63	0.077760	750	-1.038123	-131.348840
64	0.072472	750	-0.971738	-132.320579
65	0.067406	750	-0.972497	-133.293076
66	0.062558	750	-0.995625	-134.288701
67	0.057926	750	-0.949720	-135.238421
68	0.053506	750	-0.900367	-136.138788
69	0.049295	750	-0.850952	-136.989740
70	0.045289	750	-0.813006	-137.802746
71	0.041485	750	-0.844039	-138.646785
72	0.037880	750	-0.759641	-139.406425
73	0.034469	750	-0.736883	-140.143308
74	0.031250	750	-0.740710	-140.884018
75	0.028218	750	-0.696409	-141.580428
76	0.025370	750	-0.665162	-142.245590
77	0.022702	750	-0.610817	-142.856406
78	0.020209	750	-0.561580	-143.417986
79	0.017889	750	-0.563768	-143.981755
80	0.015736	750	-0.555315	-144.537070
81	0.013746	750	-0.501919	-145.038989
82	0.011916	750	-0.456683	-145.495672
83	0.010240	750	-0.450338	-145.946010
84	0.008714	750	-0.448712	-146.394722
85	0.007334	750	-0.360026	-146.754748
86	0.006093	750	-0.338294	-147.093042
87	0.004988	750	-0.326075	-147.419118
88	0.004013	750	-0.295962	-147.715080
89	0.003162	750	-0.251628	-147.966708
90	0.002430	750	-0.217039	-148.183747
91	0.001810	750	-0.191182	-148.374929
92	0.001296	750	-0.161812	-148.536741
93	0.000882	750	-0.124551	-148.661292
94	0.000559	750	-0.095888	-148.757180
95	0.000320	750	-0.073297	-148.830477
96	0.000156	750	-0.051905	-148.882382
97	0.000057	750	-0.032952	-148.915334
98	0.000010	750	-0.014903	-148.930237
99	0.000000	750	-0.003229	-148.933465
Log marginal likelihood:	-148.933465
0	0.975187	750	-3.388783	-3.388783
1	0.950747	750	-3.385581	-6.774363
2	0.926679	750	-3.315743	-10.090106
3	0.902980	750	-3.260543	-13.350649
4	0.879648	750	-3.242352	-16.593001
5	0.856682	750	-3.170595	-19.763596
6	0.834079	750	-3.156474	-22.920070
7	0.811838	750	-3.141805	-26.061874
8	0.789957	750	-3.053426	-29.115300
9	0.768433	750	-2.980942	-32.096242
10	0.747266	750	-2.924938	-35.021180
11	0.726452	750	-2.900787	-37.921967
12	0.705989	750	-2.858261	-40.780228
13	0.685877	750	-2.809230	-43.589458
14	0.666112	750	-2.734754	-46.324213
15	0.646693	750	-2.719956	-49.044168
16	0.627618	750	-2.710542	-51.754710
17	0.608884	750	-2.632019	-54.386729
18	0.590490	750	-2.610477	-56.997206
19	0.572433	750	-2.548537	-59.545743
20	0.554712	750	-2.515244	-62.060986
21	0.537324	750	-2.481951	-64.542937
22	0.520268	750	-2.400053	-66.942991
23	0.503540	750	-2.404234	-69.347225
24	0.487139	750	-2.331290	-71.678515
25	0.471063	750	-2.319064	-73.997579
26	0.455310	750	-2.250811	-76.248390
27	0.439877	750	-2.187698	-78.436088
28	0.424762	750	-2.184443	-80.620531
29	0.409963	750	-2.117539	-82.738070
30	0.395478	750	-2.062843	-84.800912
31	0.381305	750	-2.053440	-86.854352
32	0.367440	750	-2.022532	-88.876884
33	0.353883	750	-1.951827	-90.828711
34	0.340630	750	-1.946741	-92.775453
35	0.327680	750	-1.904653	-94.680106
36	0.315030	750	-1.819139	-96.499244
37	0.302677	750	-1.794178	-98.293422
38	0.290619	750	-1.754441	-100.047863
39	0.278855	750	-1.741389	-101.789252
40	0.267381	750	-1.719256	-103.508508
41	0.256195	750	-1.713253	-105.221761
42	0.245294	750	-1.655964	-106.877726
43	0.234677	750	-1.585365	-108.463090
44	0.224340	750	-1.568745	-110.031835
45	0.214281	750	-1.560226	-111.592061
46	0.204498	750	-1.491141	-113.083202
47	0.194988	750	-1.499727	-114.582928
48	0.185749	750	-1.455432	-116.038361
49	0.176777	750	-1.376588	-117.414949
50	0.168070	750	-1.440125	-118.855074
51	0.159626	750	-1.389735	-120.244809
52	0.151441	750	-1.394032	-121.638840
53	0.143514	750	-1.315118	-122.953958
54	0.135841	750	-1.367081	-124.321039
55	0.128420	750	-1.194489	-125.515528
56	0.121247	750	-1.315384	-126.830912
57	0.114320	750	-1.164225	-127.995137
58	0.107637	750	-1.276335	-129.271473
59	0.101193	750	-1.219605	-130.491078
60	0.094986	750	-1.183691	-131.674769
61	0.089014	750	-1.105943	-132.780711
62	0.083273	750	-1.081005	-133.861716
63	0.077760	750	-1.061957	-134.923673
64	0.072472	750	-1.042688	-135.966362
65	0.067406	750	-1.058292	-137.024653
66	0.062558	750	-0.991739	-138.016392
67	0.057926	750	-0.937017	-138.953409
68	0.053506	750	-0.955244	-139.908653
69	0.049295	750	-0.877690	-140.786343
70	0.045289	750	-0.891460	-141.677804
71	0.041485	750	-0.846467	-142.524270
72	0.037880	750	-0.801426	-143.325697
73	0.034469	750	-0.741604	-144.067301
74	0.031250	750	-0.712086	-144.779387
75	0.028218	750	-0.698580	-145.477967
76	0.025370	750	-0.678957	-146.156924
77	0.022702	750	-0.625889	-146.782813
78	0.020209	750	-0.637602	-147.420415
79	0.017889	750	-0.586925	-148.007340
80	0.015736	750	-0.529585	-148.536925
81	0.013746	750	-0.516062	-149.052987
82	0.011916	750	-0.456407	-149.509395
83	0.010240	750	-0.421362	-149.930757
84	0.008714	750	-0.395066	-150.325823
85	0.007334	750	-0.385541	-150.711363
86	0.006093	750	-0.351112	-151.062476
87	0.004988	750	-0.292177	-151.354653
88	0.004013	750	-0.293664	-151.648317
89	0.003162	750	-0.257639	-151.905956
90	0.002430	750	-0.265718	-152.171674
91	0.001810	750	-0.210404	-152.382078
92	0.001296	750	-0.152889	-152.534967
93	0.000882	750	-0.112053	-152.647019
94	0.000559	750	-0.102417	-152.749436
95	0.000320	750	-0.075014	-152.824451
96	0.000156	750	-0.054508	-152.878959
97	0.000057	750	-0.034873	-152.913832
98	0.000010	750	-0.014390	-152.928222
99	0.000000	750	-0.003034	-152.931256
Log marginal likelihood:	-152.931256
0	0.975187	750	-3.383024	-3.383024
1	0.950747	750	-3.381987	-6.765011
2	0.926679	750	-3.320926	-10.085937
3	0.902980	750	-3.217252	-13.303189
4	0.879648	750	-3.210597	-16.513786
5	0.856682	750	-3.131422	-19.645208
6	0.834079	750	-3.224344	-22.869552
7	0.811838	750	-3.111101	-25.980653
8	0.789957	750	-3.034119	-29.014772
9	0.768433	750	-3.041600	-32.056373
10	0.747266	750	-2.964328	-35.020700
11	0.726452	750	-2.860103	-37.880804
12	0.705989	750	-2.851097	-40.731900
13	0.685877	750	-2.838660	-43.570560
14	0.666112	750	-2.841126	-46.411686
15	0.646693	750	-2.728593	-49.140280
16	0.627618	750	-2.726874	-51.867154
17	0.608884	750	-2.637062	-54.504216
18	0.590490	750	-2.651944	-57.156160
19	0.572433	750	-2.595749	-59.751909
20	0.554712	750	-2.552485	-62.304393
21	0.537324	750	-2.465888	-64.770281
22	0.520268	750	-2.446132	-67.216413
23	0.503540	750	-2.413502	-69.629915
24	0.487139	750	-2.376358	-72.006274
25	0.471063	750	-2.371302	-74.377576
26	0.455310	750	-2.295084	-76.672660
27	0.439877	750	-2.239636	-78.912296
28	0.424762	750	-2.207275	-81.119570
29	0.409963	750	-2.183054	-83.302625
30	0.395478	750	-2.114051	-85.416676
31	0.381305	750	-2.049524	-87.466201
32	0.367440	750	-2.038982	-89.505183
33	0.353883	750	-2.026120	-91.531302
34	0.340630	750	-1.919685	-93.450987
35	0.327680	750	-1.912738	-95.363724
36	0.315030	750	-1.868939	-97.232664
37	0.302677	750	-1.818721	-99.051385
38	0.290619	750	-1.776710	-100.828095
39	0.278855	750	-1.742461	-102.570555
40	0.267381	750	-1.691693	-104.262248
41	0.256195	750	-1.665743	-105.927991
42	0.245294	750	-1.624135	-107.552127
43	0.234677	750	-1.600352	-109.152478
44	0.224340	750	-1.561210	-110.713689
45	0.214281	750	-1.524825	-112.238513
46	0.204498	750	-1.508618	-113.747131
47	0.194988	750	-1.492482	-115.239613
48	0.185749	750	-1.397808	-116.637421
49	0.176777	750	-1.419870	-118.057291
50	0.168070	750	-1.408529	-119.465821
51	0.159626	750	-1.378275	-120.844095
52	0.151441	750	-1.369436	-122.213531
53	0.143514	750	-1.297814	-123.511346
54	0.135841	750	-1.368968	-124.880313
55	0.128420	750	-1.285115	-126.165428
56	0.121247	750	-1.172702	-127.338130
57	0.114320	750	-1.205328	-128.543457
58	0.107637	750	-1.233578	-129.777035
59	0.101193	750	-1.199868	-130.976903
60	0.094986	750	-1.156381	-132.133285
61	0.089014	750	-1.068657	-133.201942
62	0.083273	750	-1.103216	-134.305158
63	0.077760	750	-1.020410	-135.325568
64	0.072472	750	-1.031148	-136.356716
65	0.067406	750	-1.039719	-137.396435
66	0.062558	750	-0.955397	-138.351832
67	0.057926	750	-0.961264	-139.313096
68	0.053506	750	-0.840687	-140.153783
69	0.049295	750	-0.904550	-141.058333
70	0.045289	750	-0.822855	-141.881189
71	0.041485	750	-0.805311	-142.686500
72	0.037880	750	-0.739997	-143.426497
73	0.034469	750	-0.745768	-144.172265
74	0.031250	750	-0.736849	-144.909114
75	0.028218	750	-0.700232	-145.609347
76	0.025370	750	-0.655123	-146.264470
77	0.022702	750	-0.609666	-146.874136
78	0.020209	750	-0.597415	-147.471551
79	0.017889	750	-0.585239	-148.056790
80	0.015736	750	-0.532304	-148.589095
81	0.013746	750	-0.502144	-149.091238
82	0.011916	750	-0.467321	-149.558559
83	0.010240	750	-0.416987	-149.975546
84	0.008714	750	-0.416558	-150.392105
85	0.007334	750	-0.356765	-150.748870
86	0.006093	750	-0.349692	-151.098562
87	0.004988	750	-0.337826	-151.436388
88	0.004013	750	-0.279392	-151.715780
89	0.003162	750	-0.232742	-151.948522
90	0.002430	750	-0.213888	-152.162410
91	0.001810	750	-0.173552	-152.335962
92	0.001296	750	-0.163180	-152.499142
93	0.000882	750	-0.134789	-152.633931
94	0.000559	750	-0.102718	-152.736649
95	0.000320	750	-0.071058	-152.807707
96	0.000156	750	-0.054829	-152.862535
97	0.000057	750	-0.034959	-152.897495
98	0.000010	750	-0.015209	-152.912704
99	0.000000	750	-0.002978	-152.915682
Log marginal likelihood:	-152.915682
0	0.975187	750	-3.264193	-3.264193
1	0.950747	750	-3.243676	-6.507868
2	0.926679	750	-3.224028	-9.731896
3	0.902980	750	-3.156494	-12.888391
4	0.879648	750	-3.156811	-16.045202
5	0.856682	750	-3.111171	-19.156372
6	0.834079	750	-3.030684	-22.187056
7	0.811838	750	-2.976760	-25.163817
8	0.789957	750	-2.926156	-28.089973
9	0.768433	750	-2.854817	-30.944789
10	0.747266	750	-2.858280	-33.803070
11	0.726452	750	-2.787789	-36.590859
12	0.705989	750	-2.728860	-39.319719
13	0.685877	750	-2.741330	-42.061048
14	0.666112	750	-2.693067	-44.754115
15	0.646693	750	-2.650102	-47.404217
16	0.627618	750	-2.596350	-50.000567
17	0.608884	750	-2.556143	-52.556710
18	0.590490	750	-2.506147	-55.062857
19	0.572433	750	-2.453149	-57.516006
20	0.554712	750	-2.416531	-59.932537
21	0.537324	750	-2.356655	-62.289193
22	0.520268	750	-2.361709	-64.650901
23	0.503540	750	-2.311046	-66.961947
24	0.487139	750	-2.273825	-69.235772
25	0.471063	750	-2.233350	-71.469123
26	0.455310	750	-2.209312	-73.678435
27	0.439877	750	-2.141843	-75.820278
28	0.424762	750	-2.091647	-77.911925
29	0.409963	750	-2.053157	-79.965082
30	0.395478	750	-1.998887	-81.963970
31	0.381305	750	-2.011811	-83.975780
32	0.367440	750	-1.932629	-85.908409
33	0.353883	750	-1.905000	-87.813409
34	0.340630	750	-1.846828	-89.660237
35	0.327680	750	-1.872361	-91.532598
36	0.315030	750	-1.837126	-93.369724
37	0.302677	750	-1.755952	-95.125676
38	0.290619	750	-1.751743	-96.877419
39	0.278855	750	-1.719651	-98.597070
40	0.267381	750	-1.654222	-100.251293
41	0.256195	750	-1.656089	-101.907382
42	0.245294	750	-1.638948	-103.546330
43	0.234677	750	-1.557169	-105.103499
44	0.224340	750	-1.550283	-106.653783
45	0.214281	750	-1.509376	-108.163159
46	0.204498	750	-1.504343	-109.667502
47	0.194988	750	-1.454321	-111.121822
48	0.185749	750	-1.429475	-112.551297
49	0.176777	750	-1.443776	-113.995073
50	0.168070	750	-1.403941	-115.399014
51	0.159626	750	-1.393820	-116.792833
52	0.151441	750	-1.282050	-118.074883
53	0.143514	750	-1.292284	-119.367167
54	0.135841	750	-1.262664	-120.629832
55	0.128420	750	-1.284034	-121.913866
56	0.121247	750	-1.254267	-123.168133
57	0.114320	750	-1.242343	-124.410476
58	0.107637	750	-1.200168	-125.610643
59	0.101193	750	-1.205666	-126.816309
60	0.094986	750	-1.159709	-127.976018
61	0.089014	750	-1.112128	-129.088146
62	0.083273	750	-1.076409	-130.164555
63	0.077760	750	-1.027901	-131.192456
64	0.072472	750	-1.040379	-132.232835
65	0.067406	750	-1.009544	-133.242379
66	0.062558	750	-0.912549	-134.154928
67	0.057926	750	-0.938717	-135.093644
68	0.053506	750	-0.878237	-135.971882
69	0.049295	750	-0.870071	-136.841952
70	0.045289	750	-0.853630	-137.695583
71	0.041485	750	-0.791991	-138.487573
72	0.037880	750	-0.755187	-139.242760
73	0.034469	750	-0.742816	-139.985576
74	0.031250	750	-0.708473	-140.694049
75	0.028218	750	-0.666580	-141.360629
76	0.025370	750	-0.609155	-141.969784
77	0.022702	750	-0.640131	-142.609915
78	0.020209	750	-0.544850	-143.154764
79	0.017889	750	-0.541895	-143.696659
80	0.015736	750	-0.566366	-144.263025
81	0.013746	750	-0.475477	-144.738502
82	0.011916	750	-0.444503	-145.183005
83	0.010240	750	-0.428440	-145.611446
84	0.008714	750	-0.381477	-145.992922
85	0.007334	750	-0.453444	-146.446366
86	0.006093	750	-0.354922	-146.801288
87	0.004988	750	-0.321616	-147.122904
88	0.004013	750	-0.300386	-147.423290
89	0.003162	750	-0.231753	-147.655043
90	0.002430	750	-0.205175	-147.860219
91	0.001810	750	-0.192607	-148.052825
92	0.001296	750	-0.164023	-148.216849
93	0.000882	750	-0.121294	-148.338142
94	0.000559	750	-0.101501	-148.439643
95	0.000320	750	-0.080269	-148.519913
96	0.000156	750	-0.055358	-148.575271
97	0.000057	750	-0.033965	-148.609235
98	0.000010	750	-0.015612	-148.624847
99	0.000000	750	-0.003105	-148.627952
Log marginal likelihood:	-148.627952
0	0.975187	750	-3.528429	-3.528429
1	0.950747	750	-3.449871	-6.978300
2	0.926679	750	-3.391642	-10.369942
3	0.902980	750	-3.345198	-13.715139
4	0.879648	750	-3.304812	-17.019951
5	0.856682	750	-3.245777	-20.265728
6	0.834079	750	-3.210759	-23.476487
7	0.811838	750	-3.134007	-26.610494
8	0.789957	750	-3.105513	-29.716008
9	0.768433	750	-3.042586	-32.758593
10	0.747266	750	-3.010171	-35.768764
11	0.726452	750	-2.959345	-38.728109
12	0.705989	750	-2.904977	-41.633086
13	0.685877	750	-2.862813	-44.495899
14	0.666112	750	-2.830852	-47.326751
15	0.646693	750	-2.759495	-50.086245
16	0.627618	750	-2.733194	-52.819439
17	0.608884	750	-2.661411	-55.480850
18	0.590490	750	-2.631624	-58.112474
19	0.572433	750	-2.583716	-60.696189
20	0.554712	750	-2.553687	-63.249877
21	0.537324	750	-2.490782	-65.740659
22	0.520268	750	-2.458121	-68.198780
23	0.503540	750	-2.410262	-70.609042
24	0.487139	750	-2.364774	-72.973816
25	0.471063	750	-2.370035	-75.343851
26	0.455310	750	-2.259404	-77.603255
27	0.439877	750	-2.231526	-79.834780
28	0.424762	750	-2.204172	-82.038953
29	0.409963	750	-2.151652	-84.190605
30	0.395478	750	-2.164236	-86.354841
31	0.381305	750	-2.066092	-88.420933
32	0.367440	750	-2.006987	-90.427920
33	0.353883	750	-1.984722	-92.412642
34	0.340630	750	-1.999383	-94.412025
35	0.327680	750	-1.942577	-96.354601
36	0.315030	750	-1.956136	-98.310737
37	0.302677	750	-1.837897	-100.148634
38	0.290619	750	-1.856464	-102.005098
39	0.278855	750	-1.734211	-103.739309
40	0.267381	750	-1.750831	-105.490141
41	0.256195	750	-1.699019	-107.189160
42	0.245294	750	-1.721444	-108.910604
43	0.234677	750	-1.649970	-110.560574
44	0.224340	750	-1.598739	-112.159313
45	0.214281	750	-1.626048	-113.785362
46	0.204498	750	-1.539518	-115.324880
47	0.194988	750	-1.565551	-116.890431
48	0.185749	750	-1.463497	-118.353928
49	0.176777	750	-1.404473	-119.758401
50	0.168070	750	-1.443259	-121.201660
51	0.159626	750	-1.421992	-122.623652
52	0.151441	750	-1.459579	-124.083231
53	0.143514	750	-1.364815	-125.448045
54	0.135841	750	-1.388845	-126.836891
55	0.128420	750	-1.432251	-128.269142
56	0.121247	750	-1.304814	-129.573956
57	0.114320	750	-1.263747	-130.837703
58	0.107637	750	-1.282800	-132.120503
59	0.101193	750	-1.267777	-133.388280
60	0.094986	750	-1.225441	-134.613722
61	0.089014	750	-1.116261	-135.729983
62	0.083273	750	-1.075392	-136.805375
63	0.077760	750	-1.132890	-137.938265
64	0.072472	750	-1.054011	-138.992276
65	0.067406	750	-1.030189	-140.022465
66	0.062558	750	-0.954921	-140.977386
67	0.057926	750	-0.959016	-141.936402
68	0.053506	750	-0.937319	-142.873721
69	0.049295	750	-0.901701	-143.775422
70	0.045289	750	-0.857288	-144.632710
71	0.041485	750	-0.838814	-145.471524
72	0.037880	750	-0.768589	-146.240113
73	0.034469	750	-0.758246	-146.998358
74	0.031250	750	-0.698384	-147.696742
75	0.028218	750	-0.681700	-148.378442
76	0.025370	750	-0.661946	-149.040388
77	0.022702	750	-0.595370	-149.635757
78	0.020209	750	-0.610138	-150.245895
79	0.017889	750	-0.544550	-150.790446
80	0.015736	750	-0.476080	-151.266526
81	0.013746	750	-0.516741	-151.783267
82	0.011916	750	-0.451773	-152.235040
83	0.010240	750	-0.421535	-152.656576
84	0.008714	750	-0.432297	-153.088872
85	0.007334	750	-0.363637	-153.452509
86	0.006093	750	-0.357801	-153.810311
87	0.004988	750	-0.328097	-154.138407
88	0.004013	750	-0.260991	-154.399399
89	0.003162	750	-0.267576	-154.666975
90	0.002430	750	-0.229955	-154.896930
91	0.001810	750	-0.187968	-155.084898
92	0.001296	750	-0.153802	-155.238700
93	0.000882	750	-0.114531	-155.353230
94	0.000559	750	-0.107566	-155.460796
95	0.000320	750	-0.075494	-155.536290
96	0.000156	750	-0.054878	-155.591168
97	0.000057	750	-0.041307	-155.632474
98	0.000010	750	-0.015051	-155.647525
99	0.000000	750	-0.003109	-155.650634
Log marginal likelihood:	-155.650634
0	0.975187	750	-3.893391	-3.893391
1	0.950747	750	-3.870228	-7.763619
2	0.926679	750	-3.770033	-11.533652
3	0.902980	750	-3.793480	-15.327133
4	0.879648	750	-3.685652	-19.012785
5	0.856682	750	-3.636146	-22.648931
6	0.834079	750	-3.560303	-26.209233
7	0.811838	750	-3.519038	-29.728271
8	0.789957	750	-3.440141	-33.168412
9	0.768433	750	-3.415634	-36.584046
10	0.747266	750	-3.363616	-39.947662
11	0.726452	750	-3.328082	-43.275743
12	0.705989	750	-3.267337	-46.543080
13	0.685877	750	-3.212907	-49.755987
14	0.666112	750	-3.163003	-52.918990
15	0.646693	750	-3.108266	-56.027256
16	0.627618	750	-3.046062	-59.073319
17	0.608884	750	-3.015895	-62.089214
18	0.590490	750	-2.940213	-65.029428
19	0.572433	750	-2.872023	-67.901451
20	0.554712	750	-2.830532	-70.731983
21	0.537324	750	-2.820335	-73.552319
22	0.520268	750	-2.731301	-76.283619
23	0.503540	750	-2.698663	-78.982283
24	0.487139	750	-2.634054	-81.616337
25	0.471063	750	-2.590832	-84.207169
26	0.455310	750	-2.531627	-86.738797
27	0.439877	750	-2.480431	-89.219228
28	0.424762	750	-2.469362	-91.688590
29	0.409963	750	-2.404362	-94.092952
30	0.395478	750	-2.345726	-96.438678
31	0.381305	750	-2.304544	-98.743222
32	0.367440	750	-2.286863	-101.030085
33	0.353883	750	-2.211443	-103.241528
34	0.340630	750	-2.197585	-105.439113
35	0.327680	750	-2.088293	-107.527406
36	0.315030	750	-2.086227	-109.613633
37	0.302677	750	-2.059449	-111.673082
38	0.290619	750	-2.005745	-113.678827
39	0.278855	750	-1.950650	-115.629477
40	0.267381	750	-1.928388	-117.557866
41	0.256195	750	-1.892202	-119.450067
42	0.245294	750	-1.824217	-121.274284
43	0.234677	750	-1.829025	-123.103309
44	0.224340	750	-1.890285	-124.993594
45	0.214281	750	-1.793541	-126.787135
46	0.204498	750	-1.730539	-128.517675
47	0.194988	750	-1.657903	-130.175578
48	0.185749	750	-1.626606	-131.802184
49	0.176777	750	-1.590419	-133.392603
50	0.168070	750	-1.511931	-134.904535
51	0.159626	750	-1.576206	-136.480741
52	0.151441	750	-1.474992	-137.955733
53	0.143514	750	-1.537558	-139.493292
54	0.135841	750	-1.383824	-140.877116
55	0.128420	750	-1.466528	-142.343644
56	0.121247	750	-1.395357	-143.739001
57	0.114320	750	-1.311758	-145.050759
58	0.107637	750	-1.224255	-146.275014
59	0.101193	750	-1.277226	-147.552240
60	0.094986	750	-1.256203	-148.808443
61	0.089014	750	-1.198684	-150.007128
62	0.083273	750	-1.204203	-151.211331
63	0.077760	750	-1.143788	-152.355119
64	0.072472	750	-1.104917	-153.460036
65	0.067406	750	-1.060041	-154.520076
66	0.062558	750	-1.042528	-155.562604
67	0.057926	750	-1.014998	-156.577602
68	0.053506	750	-0.996407	-157.574009
69	0.049295	750	-0.921875	-158.495884
70	0.045289	750	-0.879033	-159.374917
71	0.041485	750	-0.862096	-160.237013
72	0.037880	750	-0.875435	-161.112449
73	0.034469	750	-0.776849	-161.889298
74	0.031250	750	-0.736889	-162.626187
75	0.028218	750	-0.720054	-163.346241
76	0.025370	750	-0.694438	-164.040679
77	0.022702	750	-0.630494	-164.671173
78	0.020209	750	-0.591785	-165.262958
79	0.017889	750	-0.581807	-165.844765
80	0.015736	750	-0.528656	-166.373421
81	0.013746	750	-0.504036	-166.877457
82	0.011916	750	-0.495422	-167.372879
83	0.010240	750	-0.459083	-167.831962
84	0.008714	750	-0.415622	-168.247584
85	0.007334	750	-0.394081	-168.641665
86	0.006093	750	-0.372792	-169.014458
87	0.004988	750	-0.311581	-169.326038
88	0.004013	750	-0.297141	-169.623179
89	0.003162	750	-0.243379	-169.866558
90	0.002430	750	-0.200204	-170.066762
91	0.001810	750	-0.193380	-170.260142
92	0.001296	750	-0.161717	-170.421860
93	0.000882	750	-0.128255	-170.550114
94	0.000559	750	-0.108914	-170.659028
95	0.000320	750	-0.078578	-170.737607
96	0.000156	750	-0.054030	-170.791636
97	0.000057	750	-0.032096	-170.823733
98	0.000010	750	-0.014888	-170.838620
99	0.000000	750	-0.003426	-170.842046
Log marginal likelihood:	-170.842046
0	0.975187	750	-3.868764	-3.868764
1	0.950747	750	-3.796051	-7.664815
2	0.926679	750	-3.765410	-11.430225
3	0.902980	750	-3.677671	-15.107896
4	0.879648	750	-3.646571	-18.754468
5	0.856682	750	-3.619035	-22.373503
6	0.834079	750	-3.551336	-25.924839
7	0.811838	750	-3.490737	-29.415576
8	0.789957	750	-3.452334	-32.867910
9	0.768433	750	-3.370451	-36.238361
10	0.747266	750	-3.322755	-39.561116
11	0.726452	750	-3.260289	-42.821405
12	0.705989	750	-3.246194	-46.067599
13	0.685877	750	-3.212107	-49.279707
14	0.666112	750	-3.171848	-52.451555
15	0.646693	750	-3.050996	-55.502551
16	0.627618	750	-3.022420	-58.524971
17	0.608884	750	-3.050256	-61.575228
18	0.590490	750	-2.918043	-64.493271
19	0.572433	750	-2.875112	-67.368383
20	0.554712	750	-2.810588	-70.178970
21	0.537324	750	-2.764502	-72.943473
22	0.520268	750	-2.717243	-75.660716
23	0.503540	750	-2.667272	-78.327988
24	0.487139	750	-2.633771	-80.961759
25	0.471063	750	-2.604755	-83.566515
26	0.455310	750	-2.517023	-86.083538
27	0.439877	750	-2.527226	-88.610764
28	0.424762	750	-2.519012	-91.129775
29	0.409963	750	-2.447792	-93.577567
30	0.395478	750	-2.375065	-95.952632
31	0.381305	750	-2.329347	-98.281980
32	0.367440	750	-2.313949	-100.595929
33	0.353883	750	-2.255970	-102.851899
34	0.340630	750	-2.263293	-105.115192
35	0.327680	750	-2.145907	-107.261099
36	0.315030	750	-2.067295	-109.328394
37	0.302677	750	-2.036684	-111.365078
38	0.290619	750	-2.041086	-113.406164
39	0.278855	750	-1.973849	-115.380013
40	0.267381	750	-1.921370	-117.301382
41	0.256195	750	-1.859046	-119.160428
42	0.245294	750	-1.846688	-121.007116
43	0.234677	750	-1.846528	-122.853645
44	0.224340	750	-1.874891	-124.728536
45	0.214281	750	-1.692444	-126.420980
46	0.204498	750	-1.744016	-128.164996
47	0.194988	750	-1.748808	-129.913803
48	0.185749	750	-1.690988	-131.604791
49	0.176777	750	-1.525857	-133.130648
50	0.168070	750	-1.624867	-134.755516
51	0.159626	750	-1.601681	-136.357197
52	0.151441	750	-1.555388	-137.912585
53	0.143514	750	-1.445982	-139.358567
54	0.135841	750	-1.446904	-140.805471
55	0.128420	750	-1.376848	-142.182320
56	0.121247	750	-1.373163	-143.555483
57	0.114320	750	-1.374627	-144.930110
58	0.107637	750	-1.395580	-146.325691
59	0.101193	750	-1.291769	-147.617460
60	0.094986	750	-1.306797	-148.924257
61	0.089014	750	-1.244523	-150.168780
62	0.083273	750	-1.219797	-151.388577
63	0.077760	750	-1.136441	-152.525018
64	0.072472	750	-1.125481	-153.650499
65	0.067406	750	-1.091422	-154.741921
66	0.062558	750	-1.041547	-155.783468
67	0.057926	750	-0.993014	-156.776482
68	0.053506	750	-0.988444	-157.764926
69	0.049295	750	-0.956509	-158.721435
70	0.045289	750	-0.922583	-159.644018
71	0.041485	750	-0.854812	-160.498830
72	0.037880	750	-0.839971	-161.338800
73	0.034469	750	-0.792045	-162.130845
74	0.031250	750	-0.735902	-162.866748
75	0.028218	750	-0.720401	-163.587149
76	0.025370	750	-0.651355	-164.238503
77	0.022702	750	-0.631802	-164.870305
78	0.020209	750	-0.623392	-165.493696
79	0.017889	750	-0.578141	-166.071838
80	0.015736	750	-0.560458	-166.632295
81	0.013746	750	-0.514760	-167.147055
82	0.011916	750	-0.443817	-167.590872
83	0.010240	750	-0.449695	-168.040568
84	0.008714	750	-0.396639	-168.437206
85	0.007334	750	-0.376215	-168.813421
86	0.006093	750	-0.378174	-169.191595
87	0.004988	750	-0.293649	-169.485244
88	0.004013	750	-0.298318	-169.783562
89	0.003162	750	-0.262525	-170.046087
90	0.002430	750	-0.233811	-170.279898
91	0.001810	750	-0.189657	-170.469555
92	0.001296	750	-0.176839	-170.646394
93	0.000882	750	-0.131847	-170.778241
94	0.000559	750	-0.114444	-170.892684
95	0.000320	750	-0.084487	-170.977171
96	0.000156	750	-0.057812	-171.034983
97	0.000057	750	-0.034180	-171.069162
98	0.000010	750	-0.017356	-171.086519
99	0.000000	750	-0.002901	-171.089420
Log marginal likelihood:	-171.089420
0	0.975187	750	-3.324289	-3.324289
1	0.950747	750	-3.418579	-6.742868
2	0.926679	750	-3.277296	-10.020165
3	0.902980	750	-3.271710	-13.291875
4	0.879648	750	-3.276789	-16.568664
5	0.856682	750	-3.149555	-19.718219
6	0.834079	750	-3.105681	-22.823901
7	0.811838	750	-3.074144	-25.898045
8	0.789957	750	-2.978125	-28.876170
9	0.768433	750	-2.938451	-31.814621
10	0.747266	750	-2.933363	-34.747984
11	0.726452	750	-2.922495	-37.670479
12	0.705989	750	-2.860247	-40.530725
13	0.685877	750	-2.789145	-43.319870
14	0.666112	750	-2.772982	-46.092851
15	0.646693	750	-2.754829	-48.847680
16	0.627618	750	-2.691393	-51.539073
17	0.608884	750	-2.638948	-54.178021
18	0.590490	750	-2.593574	-56.771595
19	0.572433	750	-2.539589	-59.311184
20	0.554712	750	-2.535912	-61.847096
21	0.537324	750	-2.449467	-64.296563
22	0.520268	750	-2.421427	-66.717990
23	0.503540	750	-2.359961	-69.077951
24	0.487139	750	-2.341467	-71.419418
25	0.471063	750	-2.301864	-73.721282
26	0.455310	750	-2.250431	-75.971712
27	0.439877	750	-2.220662	-78.192374
28	0.424762	750	-2.116205	-80.308579
29	0.409963	750	-2.161146	-82.469726
30	0.395478	750	-2.094494	-84.564220
31	0.381305	750	-2.058673	-86.622893
32	0.367440	750	-2.064182	-88.687075
33	0.353883	750	-2.022804	-90.709879
34	0.340630	750	-1.899814	-92.609692
35	0.327680	750	-1.879906	-94.489598
36	0.315030	750	-1.920451	-96.410049
37	0.302677	750	-1.824893	-98.234942
38	0.290619	750	-1.763827	-99.998769
39	0.278855	750	-1.802777	-101.801546
40	0.267381	750	-1.700605	-103.502151
41	0.256195	750	-1.724781	-105.226932
42	0.245294	750	-1.617992	-106.844924
43	0.234677	750	-1.629170	-108.474094
44	0.224340	750	-1.581580	-110.055673
45	0.214281	750	-1.540262	-111.595936
46	0.204498	750	-1.479253	-113.075189
47	0.194988	750	-1.499814	-114.575003
48	0.185749	750	-1.447949	-116.022951
49	0.176777	750	-1.421486	-117.444438
50	0.168070	750	-1.425899	-118.870337
51	0.159626	750	-1.366947	-120.237284
52	0.151441	750	-1.328187	-121.565470
53	0.143514	750	-1.326782	-122.892252
54	0.135841	750	-1.303053	-124.195304
55	0.128420	750	-1.391944	-125.587249
56	0.121247	750	-1.254804	-126.842053
57	0.114320	750	-1.206958	-128.049011
58	0.107637	750	-1.200326	-129.249337
59	0.101193	750	-1.205537	-130.454874
60	0.094986	750	-1.163116	-131.617991
61	0.089014	750	-1.083015	-132.701005
62	0.083273	750	-1.168563	-133.869568
63	0.077760	750	-1.156220	-135.025788
64	0.072472	750	-0.982768	-136.008556
65	0.067406	750	-1.045413	-137.053969
66	0.062558	750	-0.973810	-138.027779
67	0.057926	750	-0.994360	-139.022140
68	0.053506	750	-0.957025	-139.979164
69	0.049295	750	-0.900659	-140.879823
70	0.045289	750	-0.869295	-141.749118
71	0.041485	750	-0.828778	-142.577896
72	0.037880	750	-0.788182	-143.366079
73	0.034469	750	-0.735402	-144.101480
74	0.031250	750	-0.710700	-144.812180
75	0.028218	750	-0.690474	-145.502654
76	0.025370	750	-0.663108	-146.165762
77	0.022702	750	-0.660670	-146.826432
78	0.020209	750	-0.528995	-147.355428
79	0.017889	750	-0.546174	-147.901602
80	0.015736	750	-0.531273	-148.432874
81	0.013746	750	-0.517373	-148.950247
82	0.011916	750	-0.480671	-149.430919
83	0.010240	750	-0.412304	-149.843223
84	0.008714	750	-0.384706	-150.227929
85	0.007334	750	-0.402106	-150.630035
86	0.006093	750	-0.368630	-150.998665
87	0.004988	750	-0.319411	-151.318076
88	0.004013	750	-0.259672	-151.577747
89	0.003162	750	-0.257721	-151.835468
90	0.002430	750	-0.221216	-152.056685
91	0.001810	750	-0.177777	-152.234462
92	0.001296	750	-0.180166	-152.414628
93	0.000882	750	-0.132457	-152.547085
94	0.000559	750	-0.106591	-152.653676
95	0.000320	750	-0.078143	-152.731819
96	0.000156	750	-0.053416	-152.785236
97	0.000057	750	-0.033824	-152.819059
98	0.000010	750	-0.017306	-152.836365
99	0.000000	750	-0.003183	-152.839548
Log marginal likelihood:	-152.839548
0	0.975187	750	-3.257159	-3.257159
1	0.950747	750	-3.259521	-6.516680
2	0.926679	750	-3.220177	-9.736857
3	0.902980	750	-3.159601	-12.896458
4	0.879648	750	-3.152634	-16.049093
5	0.856682	750	-3.070942	-19.120035
6	0.834079	750	-3.020361	-22.140396
7	0.811838	750	-2.929060	-25.069456
8	0.789957	750	-2.876502	-27.945958
9	0.768433	750	-2.899686	-30.845644
10	0.747266	750	-2.855743	-33.701387
11	0.726452	750	-2.771839	-36.473227
12	0.705989	750	-2.788757	-39.261984
13	0.685877	750	-2.762619	-42.024603
14	0.666112	750	-2.615438	-44.640041
15	0.646693	750	-2.618187	-47.258228
16	0.627618	750	-2.625075	-49.883303
17	0.608884	750	-2.570732	-52.454036
18	0.590490	750	-2.469770	-54.923806
19	0.572433	750	-2.466122	-57.389927
20	0.554712	750	-2.462534	-59.852461
21	0.537324	750	-2.372543	-62.225004
22	0.520268	750	-2.335396	-64.560400
23	0.503540	750	-2.321887	-66.882287
24	0.487139	750	-2.280065	-69.162352
25	0.471063	750	-2.221493	-71.383845
26	0.455310	750	-2.223257	-73.607102
27	0.439877	750	-2.169370	-75.776472
28	0.424762	750	-2.106045	-77.882517
29	0.409963	750	-2.068408	-79.950925
30	0.395478	750	-2.026725	-81.977650
31	0.381305	750	-2.010897	-83.988547
32	0.367440	750	-1.970380	-85.958927
33	0.353883	750	-1.919651	-87.878578
34	0.340630	750	-1.902497	-89.781075
35	0.327680	750	-1.890429	-91.671504
36	0.315030	750	-1.847680	-93.519184
37	0.302677	750	-1.793640	-95.312824
38	0.290619	750	-1.725557	-97.038381
39	0.278855	750	-1.733705	-98.772086
40	0.267381	750	-1.688541	-100.460627
41	0.256195	750	-1.651720	-102.112347
42	0.245294	750	-1.597246	-103.709593
43	0.234677	750	-1.598998	-105.308591
44	0.224340	750	-1.535577	-106.844168
45	0.214281	750	-1.462113	-108.306281
46	0.204498	750	-1.566343	-109.872624
47	0.194988	750	-1.526501	-111.399126
48	0.185749	750	-1.423271	-112.822396
49	0.176777	750	-1.401055	-114.223451
50	0.168070	750	-1.392290	-115.615741
51	0.159626	750	-1.479404	-117.095146
52	0.151441	750	-1.293586	-118.388732
53	0.143514	750	-1.247098	-119.635830
54	0.135841	750	-1.348253	-120.984083
55	0.128420	750	-1.242637	-122.226720
56	0.121247	750	-1.197133	-123.423853
57	0.114320	750	-1.206404	-124.630257
58	0.107637	750	-1.196061	-125.826318
59	0.101193	750	-1.196391	-127.022709
60	0.094986	750	-1.052514	-128.075223
61	0.089014	750	-1.085855	-129.161077
62	0.083273	750	-1.046191	-130.207268
63	0.077760	750	-1.115119	-131.322388
64	0.072472	750	-1.075135	-132.397523
65	0.067406	750	-1.004233	-133.401755
66	0.062558	750	-1.011746	-134.413501
67	0.057926	750	-0.961237	-135.374739
68	0.053506	750	-0.890891	-136.265630
69	0.049295	750	-0.895581	-137.161211
70	0.045289	750	-0.870651	-138.031862
71	0.041485	750	-0.807104	-138.838965
72	0.037880	750	-0.797909	-139.636874
73	0.034469	750	-0.728472	-140.365346
74	0.031250	750	-0.704595	-141.069941
75	0.028218	750	-0.676967	-141.746908
76	0.025370	750	-0.670597	-142.417505
77	0.022702	750	-0.617177	-143.034682
78	0.020209	750	-0.591912	-143.626594
79	0.017889	750	-0.576738	-144.203332
80	0.015736	750	-0.548030	-144.751362
81	0.013746	750	-0.474792	-145.226154
82	0.011916	750	-0.450558	-145.676713
83	0.010240	750	-0.499447	-146.176159
84	0.008714	750	-0.397550	-146.573709
85	0.007334	750	-0.357320	-146.931030
86	0.006093	750	-0.336514	-147.267543
87	0.004988	750	-0.326170	-147.593713
88	0.004013	750	-0.286059	-147.879772
89	0.003162	750	-0.237598	-148.117370
90	0.002430	750	-0.252727	-148.370097
91	0.001810	750	-0.208350	-148.578448
92	0.001296	750	-0.149279	-148.727726
93	0.000882	750	-0.128406	-148.856132
94	0.000559	750	-0.106982	-148.963114
95	0.000320	750	-0.076090	-149.039204
96	0.000156	750	-0.052460	-149.091664
97	0.000057	750	-0.028725	-149.120389
98	0.000010	750	-0.013175	-149.133563
99	0.000000	750	-0.003136	-149.136700
Log marginal likelihood:	-149.136700
0	0.975187	750	-3.558232	-3.558232
1	0.950747	750	-3.488757	-7.046989
2	0.926679	750	-3.447951	-10.494940
3	0.902980	750	-3.395810	-13.890750
4	0.879648	750	-3.340707	-17.231457
5	0.856682	750	-3.258038	-20.489496
6	0.834079	750	-3.278282	-23.767777
7	0.811838	750	-3.189545	-26.957323
8	0.789957	750	-3.143357	-30.100680
9	0.768433	750	-3.060713	-33.161394
10	0.747266	750	-3.041990	-36.203383
11	0.726452	750	-3.014231	-39.217615
12	0.705989	750	-2.962154	-42.179769
13	0.685877	750	-2.917576	-45.097345
14	0.666112	750	-2.861753	-47.959098
15	0.646693	750	-2.796212	-50.755310
16	0.627618	750	-2.812874	-53.568184
17	0.608884	750	-2.709925	-56.278109
18	0.590490	750	-2.653416	-58.931524
19	0.572433	750	-2.682071	-61.613595
20	0.554712	750	-2.615458	-64.229053
21	0.537324	750	-2.558441	-66.787494
22	0.520268	750	-2.491216	-69.278711
23	0.503540	750	-2.453250	-71.731961
24	0.487139	750	-2.380843	-74.112804
25	0.471063	750	-2.350160	-76.462964
26	0.455310	750	-2.321049	-78.784013
27	0.439877	750	-2.286565	-81.070578
28	0.424762	750	-2.270119	-83.340697
29	0.409963	750	-2.225025	-85.565722
30	0.395478	750	-2.151612	-87.717334
31	0.381305	750	-2.138009	-89.855343
32	0.367440	750	-2.101153	-91.956496
33	0.353883	750	-2.010452	-93.966948
34	0.340630	750	-1.988324	-95.955271
35	0.327680	750	-1.955757	-97.911029
36	0.315030	750	-1.950265	-99.861294
37	0.302677	750	-1.914253	-101.775547
38	0.290619	750	-1.848900	-103.624447
39	0.278855	750	-1.785181	-105.409629
40	0.267381	750	-1.766992	-107.176621
41	0.256195	750	-1.836840	-109.013461
42	0.245294	750	-1.759707	-110.773168
43	0.234677	750	-1.679066	-112.452234
44	0.224340	750	-1.628038	-114.080272
45	0.214281	750	-1.572023	-115.652296
46	0.204498	750	-1.567974	-117.220270
47	0.194988	750	-1.537784	-118.758054
48	0.185749	750	-1.554615	-120.312669
49	0.176777	750	-1.609597	-121.922266
50	0.168070	750	-1.516502	-123.438768
51	0.159626	750	-1.580656	-125.019425
52	0.151441	750	-1.498923	-126.518347
53	0.143514	750	-1.435741	-127.954088
54	0.135841	750	-1.379764	-129.333852
55	0.128420	750	-1.369841	-130.703693
56	0.121247	750	-1.315076	-132.018770
57	0.114320	750	-1.294773	-133.313542
58	0.107637	750	-1.303266	-134.616808
59	0.101193	750	-1.192918	-135.809727
60	0.094986	750	-1.162887	-136.972614
61	0.089014	750	-1.213426	-138.186040
62	0.083273	750	-1.153380	-139.339420
63	0.077760	750	-1.108725	-140.448145
64	0.072472	750	-1.065350	-141.513495
65	0.067406	750	-1.038530	-142.552025
66	0.062558	750	-1.041042	-143.593067
67	0.057926	750	-0.976891	-144.569958
68	0.053506	750	-0.928949	-145.498908
69	0.049295	750	-0.909968	-146.408875
70	0.045289	750	-0.856032	-147.264907
71	0.041485	750	-0.835563	-148.100470
72	0.037880	750	-0.772486	-148.872956
73	0.034469	750	-0.774459	-149.647415
74	0.031250	750	-0.713709	-150.361124
75	0.028218	750	-0.659485	-151.020609
76	0.025370	750	-0.628311	-151.648920
77	0.022702	750	-0.607732	-152.256652
78	0.020209	750	-0.608820	-152.865471
79	0.017889	750	-0.569695	-153.435166
80	0.015736	750	-0.517460	-153.952626
81	0.013746	750	-0.496676	-154.449302
82	0.011916	750	-0.483545	-154.932848
83	0.010240	750	-0.533127	-155.465975
84	0.008714	750	-0.400279	-155.866253
85	0.007334	750	-0.407003	-156.273257
86	0.006093	750	-0.347188	-156.620445
87	0.004988	750	-0.307818	-156.928263
88	0.004013	750	-0.265789	-157.194052
89	0.003162	750	-0.260716	-157.454768
90	0.002430	750	-0.259967	-157.714735
91	0.001810	750	-0.199113	-157.913848
92	0.001296	750	-0.153707	-158.067555
93	0.000882	750	-0.154267	-158.221822
94	0.000559	750	-0.123055	-158.344877
95	0.000320	750	-0.075505	-158.420382
96	0.000156	750	-0.051860	-158.472242
97	0.000057	750	-0.032140	-158.504382
98	0.000010	750	-0.015255	-158.519636
99	0.000000	750	-0.003290	-158.522926
Log marginal likelihood:	-158.522926
0	0.975187	750	-3.624361	-3.624361
1	0.950747	750	-3.596326	-7.220687
2	0.926679	750	-3.542903	-10.763590
3	0.902980	750	-3.472521	-14.236111
4	0.879648	750	-3.446073	-17.682184
5	0.856682	750	-3.362035	-21.044219
6	0.834079	750	-3.378825	-24.423045
7	0.811838	750	-3.286713	-27.709758
8	0.789957	750	-3.231505	-30.941263
9	0.768433	750	-3.215272	-34.156535
10	0.747266	750	-3.209722	-37.366257
11	0.726452	750	-3.094281	-40.460538
12	0.705989	750	-3.063967	-43.524505
13	0.685877	750	-3.000707	-46.525213
14	0.666112	750	-2.873871	-49.399083
15	0.646693	750	-2.965742	-52.364826
16	0.627618	750	-2.832274	-55.197100
17	0.608884	750	-2.771459	-57.968559
18	0.590490	750	-2.838529	-60.807088
19	0.572433	750	-2.694767	-63.501855
20	0.554712	750	-2.663500	-66.165355
21	0.537324	750	-2.646927	-68.812281
22	0.520268	750	-2.646225	-71.458507
23	0.503540	750	-2.551428	-74.009935
24	0.487139	750	-2.477169	-76.487104
25	0.471063	750	-2.429972	-78.917076
26	0.455310	750	-2.382525	-81.299601
27	0.439877	750	-2.374702	-83.674303
28	0.424762	750	-2.338926	-86.013229
29	0.409963	750	-2.278231	-88.291459
30	0.395478	750	-2.220893	-90.512353
31	0.381305	750	-2.190991	-92.703343
32	0.367440	750	-2.156929	-94.860272
33	0.353883	750	-2.092977	-96.953250
34	0.340630	750	-2.067808	-99.021057
35	0.327680	750	-2.017481	-101.038539
36	0.315030	750	-1.983456	-103.021995
37	0.302677	750	-1.993821	-105.015815
38	0.290619	750	-1.915845	-106.931660
39	0.278855	750	-1.811935	-108.743595
40	0.267381	750	-1.850992	-110.594587
41	0.256195	750	-1.865641	-112.460228
42	0.245294	750	-1.744358	-114.204586
43	0.234677	750	-1.708682	-115.913268
44	0.224340	750	-1.656895	-117.570163
45	0.214281	750	-1.621791	-119.191954
46	0.204498	750	-1.669012	-120.860967
47	0.194988	750	-1.559515	-122.420481
48	0.185749	750	-1.561274	-123.981755
49	0.176777	750	-1.592924	-125.574679
50	0.168070	750	-1.495125	-127.069805
51	0.159626	750	-1.484609	-128.554413
52	0.151441	750	-1.468221	-130.022634
53	0.143514	750	-1.428014	-131.450648
54	0.135841	750	-1.404071	-132.854718
55	0.128420	750	-1.431469	-134.286187
56	0.121247	750	-1.325730	-135.611917
57	0.114320	750	-1.285293	-136.897210
58	0.107637	750	-1.321074	-138.218284
59	0.101193	750	-1.308112	-139.526396
60	0.094986	750	-1.182091	-140.708487
61	0.089014	750	-1.178673	-141.887160
62	0.083273	750	-1.113545	-143.000706
63	0.077760	750	-1.109772	-144.110477
64	0.072472	750	-1.055172	-145.165650
65	0.067406	750	-1.014276	-146.179925
66	0.062558	750	-0.973119	-147.153044
67	0.057926	750	-0.976451	-148.129495
68	0.053506	750	-0.926582	-149.056077
69	0.049295	750	-0.882337	-149.938414
70	0.045289	750	-0.834595	-150.773009
71	0.041485	750	-0.811918	-151.584927
72	0.037880	750	-0.807097	-152.392024
73	0.034469	750	-0.735964	-153.127988
74	0.031250	750	-0.698645	-153.826633
75	0.028218	750	-0.669122	-154.495754
76	0.025370	750	-0.673962	-155.169716
77	0.022702	750	-0.606690	-155.776406
78	0.020209	750	-0.595907	-156.372313
79	0.017889	750	-0.557425	-156.929738
80	0.015736	750	-0.540013	-157.469751
81	0.013746	750	-0.521244	-157.990995
82	0.011916	750	-0.476050	-158.467044
83	0.010240	750	-0.438002	-158.905046
84	0.008714	750	-0.404730	-159.309776
85	0.007334	750	-0.373560	-159.683336
86	0.006093	750	-0.348188	-160.031524
87	0.004988	750	-0.330125	-160.361649
88	0.004013	750	-0.267653	-160.629302
89	0.003162	750	-0.248264	-160.877566
90	0.002430	750	-0.216085	-161.093651
91	0.001810	750	-0.203862	-161.297513
92	0.001296	750	-0.147690	-161.445203
93	0.000882	750	-0.121405	-161.566608
94	0.000559	750	-0.100220	-161.666828
95	0.000320	750	-0.080512	-161.747340
96	0.000156	750	-0.053154	-161.800495
97	0.000057	750	-0.040793	-161.841287
98	0.000010	750	-0.013570	-161.854858
99	0.000000	750	-0.003550	-161.858407
Log marginal likelihood:	-161.858407
0	0.975187	750	-3.086965	-3.086965
1	0.950747	750	-3.083767	-6.170732
2	0.926679	750	-3.046889	-9.217621
3	0.902980	750	-3.019155	-12.236776
4	0.879648	750	-3.068333	-15.305109
5	0.856682	750	-3.013648	-18.318757
6	0.834079	750	-2.957716	-21.276473
7	0.811838	750	-2.912271	-24.188744
8	0.789957	750	-2.857977	-27.046721
9	0.768433	750	-2.795131	-29.841852
10	0.747266	750	-2.799610	-32.641462
11	0.726452	750	-2.748275	-35.389737
12	0.705989	750	-2.719190	-38.108926
13	0.685877	750	-2.659635	-40.768562
14	0.666112	750	-2.629320	-43.397882
15	0.646693	750	-2.588753	-45.986634
16	0.627618	750	-2.576198	-48.562832
17	0.608884	750	-2.489354	-51.052186
18	0.590490	750	-2.434222	-53.486408
19	0.572433	750	-2.427952	-55.914361
20	0.554712	750	-2.361652	-58.276012
21	0.537324	750	-2.343523	-60.619536
22	0.520268	750	-2.265729	-62.885265
23	0.503540	750	-2.244961	-65.130226
24	0.487139	750	-2.171728	-67.301953
25	0.471063	750	-2.220187	-69.522140
26	0.455310	750	-2.190745	-71.712885
27	0.439877	750	-2.082905	-73.795789
28	0.424762	750	-2.125751	-75.921541
29	0.409963	750	-2.041704	-77.963244
30	0.395478	750	-2.020339	-79.983583
31	0.381305	750	-1.913355	-81.896938
32	0.367440	750	-1.942769	-83.839707
33	0.353883	750	-1.846591	-85.686298
34	0.340630	750	-1.833105	-87.519403
35	0.327680	750	-1.897049	-89.416452
36	0.315030	750	-1.744632	-91.161084
37	0.302677	750	-1.705667	-92.866750
38	0.290619	750	-1.732400	-94.599150
39	0.278855	750	-1.684755	-96.283905
40	0.267381	750	-1.655252	-97.939157
41	0.256195	750	-1.591861	-99.531018
42	0.245294	750	-1.529682	-101.060701
43	0.234677	750	-1.521896	-102.582597
44	0.224340	750	-1.474511	-104.057108
45	0.214281	750	-1.492647	-105.549755
46	0.204498	750	-1.446411	-106.996166
47	0.194988	750	-1.423453	-108.419620
48	0.185749	750	-1.525878	-109.945497
49	0.176777	750	-1.581953	-111.527451
50	0.168070	750	-1.445441	-112.972892
51	0.159626	750	-1.542756	-114.515647
52	0.151441	750	-1.416927	-115.932575
53	0.143514	750	-1.281035	-117.213610
54	0.135841	750	-1.323269	-118.536879
55	0.128420	750	-1.436674	-119.973553
56	0.121247	750	-1.218901	-121.192454
57	0.114320	750	-1.336604	-122.529058
58	0.107637	750	-1.238904	-123.767962
59	0.101193	750	-1.207804	-124.975765
60	0.094986	750	-1.107685	-126.083450
61	0.089014	750	-1.145809	-127.229260
62	0.083273	750	-1.063877	-128.293137
63	0.077760	750	-1.001516	-129.294653
64	0.072472	750	-1.027906	-130.322559
65	0.067406	750	-1.047563	-131.370122
66	0.062558	750	-0.955565	-132.325687
67	0.057926	750	-0.949379	-133.275066
68	0.053506	750	-0.900159	-134.175225
69	0.049295	750	-0.862393	-135.037619
70	0.045289	750	-0.861989	-135.899608
71	0.041485	750	-0.836476	-136.736084
72	0.037880	750	-0.758913	-137.494998
73	0.034469	750	-0.757199	-138.252197
74	0.031250	750	-0.699873	-138.952070
75	0.028218	750	-0.700768	-139.652838
76	0.025370	750	-0.678495	-140.331333
77	0.022702	750	-0.611760	-140.943093
78	0.020209	750	-0.596874	-141.539967
79	0.017889	750	-0.560997	-142.100964
80	0.015736	750	-0.547693	-142.648657
81	0.013746	750	-0.512031	-143.160689
82	0.011916	750	-0.465259	-143.625948
83	0.010240	750	-0.451185	-144.077133
84	0.008714	750	-0.383651	-144.460784
85	0.007334	750	-0.396029	-144.856813
86	0.006093	750	-0.322583	-145.179396
87	0.004988	750	-0.335482	-145.514878
88	0.004013	750	-0.271126	-145.786005
89	0.003162	750	-0.270598	-146.056602
90	0.002430	750	-0.254007	-146.310609
91	0.001810	750	-0.216745	-146.527354
92	0.001296	750	-0.157986	-146.685340
93	0.000882	750	-0.139605	-146.824945
94	0.000559	750	-0.102203	-146.927148
95	0.000320	750	-0.082311	-147.009459
96	0.000156	750	-0.058393	-147.067852
97	0.000057	750	-0.033701	-147.101553
98	0.000010	750	-0.014618	-147.116171
99	0.000000	750	-0.003098	-147.119269
Log marginal likelihood:	-147.119269
0	0.975187	750	-3.601325	-3.601325
1	0.950747	750	-3.539259	-7.140584
2	0.926679	750	-3.528346	-10.668930
3	0.902980	750	-3.347566	-14.016496
4	0.879648	750	-3.321212	-17.337707
5	0.856682	750	-3.239083	-20.576790
6	0.834079	750	-3.237628	-23.814418
7	0.811838	750	-3.213229	-27.027647
8	0.789957	750	-3.160821	-30.188468
9	0.768433	750	-3.147811	-33.336280
10	0.747266	750	-3.095352	-36.431632
11	0.726452	750	-3.027887	-39.459519
12	0.705989	750	-2.999637	-42.459156
13	0.685877	750	-2.959768	-45.418924
14	0.666112	750	-2.887718	-48.306642
15	0.646693	750	-2.898432	-51.205074
16	0.627618	750	-2.830000	-54.035073
17	0.608884	750	-2.751798	-56.786871
18	0.590490	750	-2.756272	-59.543143
19	0.572433	750	-2.689058	-62.232201
20	0.554712	750	-2.677946	-64.910147
21	0.537324	750	-2.604123	-67.514271
22	0.520268	750	-2.565810	-70.080081
23	0.503540	750	-2.509279	-72.589360
24	0.487139	750	-2.465253	-75.054612
25	0.471063	750	-2.466972	-77.521584
26	0.455310	750	-2.443433	-79.965017
27	0.439877	750	-2.351453	-82.316470
28	0.424762	750	-2.262124	-84.578593
29	0.409963	750	-2.237952	-86.816546
30	0.395478	750	-2.252238	-89.068784
31	0.381305	750	-2.198957	-91.267741
32	0.367440	750	-2.105124	-93.372866
33	0.353883	750	-2.081906	-95.454772
34	0.340630	750	-2.119791	-97.574563
35	0.327680	750	-2.057214	-99.631777
36	0.315030	750	-1.936495	-101.568271
37	0.302677	750	-1.950529	-103.518801
38	0.290619	750	-1.922897	-105.441697
39	0.278855	750	-1.965769	-107.407467
40	0.267381	750	-1.833832	-109.241298
41	0.256195	750	-1.779752	-111.021050
42	0.245294	750	-1.696112	-112.717162
43	0.234677	750	-1.789646	-114.506808
44	0.224340	750	-1.639640	-116.146448
45	0.214281	750	-1.765446	-117.911895
46	0.204498	750	-1.658250	-119.570145
47	0.194988	750	-1.726174	-121.296319
48	0.185749	750	-1.593109	-122.889429
49	0.176777	750	-1.582700	-124.472129
50	0.168070	750	-1.559179	-126.031307
51	0.159626	750	-1.638237	-127.669545
52	0.151441	750	-1.497547	-129.167091
53	0.143514	750	-1.379677	-130.546769
54	0.135841	750	-1.465904	-132.012673
55	0.128420	750	-1.344886	-133.357559
56	0.121247	750	-1.361591	-134.719150
57	0.114320	750	-1.311387	-136.030536
58	0.107637	750	-1.348227	-137.378764
59	0.101193	750	-1.280403	-138.659167
60	0.094986	750	-1.247147	-139.906314
61	0.089014	750	-1.183610	-141.089924
62	0.083273	750	-1.185416	-142.275340
63	0.077760	750	-1.080738	-143.356078
64	0.072472	750	-1.057178	-144.413256
65	0.067406	750	-1.009433	-145.422688
66	0.062558	750	-1.000971	-146.423660
67	0.057926	750	-0.956509	-147.380169
68	0.053506	750	-0.933228	-148.313396
69	0.049295	750	-0.867278	-149.180674
70	0.045289	750	-0.894192	-150.074866
71	0.041485	750	-0.799710	-150.874576
72	0.037880	750	-0.795823	-151.670399
73	0.034469	750	-0.750085	-152.420484
74	0.031250	750	-0.706376	-153.126860
75	0.028218	750	-0.709933	-153.836793
76	0.025370	750	-0.659955	-154.496747
77	0.022702	750	-0.627131	-155.123878
78	0.020209	750	-0.591864	-155.715742
79	0.017889	750	-0.581082	-156.296824
80	0.015736	750	-0.550576	-156.847400
81	0.013746	750	-0.526602	-157.374002
82	0.011916	750	-0.455420	-157.829423
83	0.010240	750	-0.429368	-158.258791
84	0.008714	750	-0.432994	-158.691784
85	0.007334	750	-0.402179	-159.093963
86	0.006093	750	-0.326947	-159.420910
87	0.004988	750	-0.307988	-159.728898
88	0.004013	750	-0.299278	-160.028176
89	0.003162	750	-0.238457	-160.266633
90	0.002430	750	-0.216665	-160.483298
91	0.001810	750	-0.200364	-160.683661
92	0.001296	750	-0.146478	-160.830140
93	0.000882	750	-0.124143	-160.954282
94	0.000559	750	-0.090679	-161.044962
95	0.000320	750	-0.071197	-161.116159
96	0.000156	750	-0.052322	-161.168481
97	0.000057	750	-0.029383	-161.197863
98	0.000010	750	-0.017427	-161.215290
99	0.000000	750	-0.003213	-161.218503
Log marginal likelihood:	-161.218503
0	0.975187	750	-3.487446	-3.487446
1	0.950747	750	-3.308764	-6.796210
2	0.926679	750	-3.342244	-10.138454
3	0.902980	750	-3.301637	-13.440091
4	0.879648	750	-3.234004	-16.674095
5	0.856682	750	-3.282773	-19.956868
6	0.834079	750	-3.171489	-23.128357
7	0.811838	750	-3.115009	-26.243366
8	0.789957	750	-3.023077	-29.266443
9	0.768433	750	-2.995156	-32.261598
10	0.747266	750	-3.008661	-35.270260
11	0.726452	750	-2.905734	-38.175994
12	0.705989	750	-2.947451	-41.123445
13	0.685877	750	-2.793714	-43.917159
14	0.666112	750	-2.772422	-46.689581
15	0.646693	750	-2.791367	-49.480948
16	0.627618	750	-2.741427	-52.222374
17	0.608884	750	-2.646062	-54.868437
18	0.590490	750	-2.589988	-57.458424
19	0.572433	750	-2.582491	-60.040916
20	0.554712	750	-2.504732	-62.545647
21	0.537324	750	-2.493125	-65.038772
22	0.520268	750	-2.493699	-67.532472
23	0.503540	750	-2.439480	-69.971952
24	0.487139	750	-2.350117	-72.322069
25	0.471063	750	-2.357205	-74.679273
26	0.455310	750	-2.286447	-76.965720
27	0.439877	750	-2.257185	-79.222906
28	0.424762	750	-2.202194	-81.425100
29	0.409963	750	-2.165560	-83.590659
30	0.395478	750	-2.137279	-85.727938
31	0.381305	750	-2.057923	-87.785861
32	0.367440	750	-2.073830	-89.859691
33	0.353883	750	-2.002405	-91.862096
34	0.340630	750	-1.935801	-93.797897
35	0.327680	750	-1.879588	-95.677485
36	0.315030	750	-1.920799	-97.598284
37	0.302677	750	-1.916085	-99.514369
38	0.290619	750	-1.840401	-101.354770
39	0.278855	750	-1.781591	-103.136361
40	0.267381	750	-1.741939	-104.878301
41	0.256195	750	-1.669180	-106.547481
42	0.245294	750	-1.681408	-108.228889
43	0.234677	750	-1.714402	-109.943291
44	0.224340	750	-1.677179	-111.620471
45	0.214281	750	-1.606529	-113.226999
46	0.204498	750	-1.501529	-114.728529
47	0.194988	750	-1.571465	-116.299994
48	0.185749	750	-1.581808	-117.881802
49	0.176777	750	-1.441954	-119.323756
50	0.168070	750	-1.450861	-120.774617
51	0.159626	750	-1.566233	-122.340850
52	0.151441	750	-1.446813	-123.787663
53	0.143514	750	-1.404398	-125.192061
54	0.135841	750	-1.436723	-126.628784
55	0.128420	750	-1.446948	-128.075733
56	0.121247	750	-1.401286	-129.477019
57	0.114320	750	-1.329317	-130.806336
58	0.107637	750	-1.214895	-132.021231
59	0.101193	750	-1.206559	-133.227789
60	0.094986	750	-1.242719	-134.470508
61	0.089014	750	-1.216584	-135.687092
62	0.083273	750	-1.105129	-136.792221
63	0.077760	750	-1.136303	-137.928524
64	0.072472	750	-1.001687	-138.930211
65	0.067406	750	-1.018379	-139.948590
66	0.062558	750	-0.941739	-140.890329
67	0.057926	750	-0.966898	-141.857227
68	0.053506	750	-0.983922	-142.841148
69	0.049295	750	-0.880925	-143.722073
70	0.045289	750	-0.842748	-144.564821
71	0.041485	750	-0.828765	-145.393586
72	0.037880	750	-0.810985	-146.204571
73	0.034469	750	-0.791564	-146.996135
74	0.031250	750	-0.724714	-147.720849
75	0.028218	750	-0.680199	-148.401049
76	0.025370	750	-0.650338	-149.051387
77	0.022702	750	-0.594165	-149.645552
78	0.020209	750	-0.562436	-150.207988
79	0.017889	750	-0.550611	-150.758599
80	0.015736	750	-0.520290	-151.278890
81	0.013746	750	-0.503258	-151.782148
82	0.011916	750	-0.449904	-152.232052
83	0.010240	750	-0.430502	-152.662554
84	0.008714	750	-0.390065	-153.052620
85	0.007334	750	-0.352867	-153.405486
86	0.006093	750	-0.345812	-153.751298
87	0.004988	750	-0.386503	-154.137802
88	0.004013	750	-0.269928	-154.407729
89	0.003162	750	-0.255132	-154.662861
90	0.002430	750	-0.215682	-154.878544
91	0.001810	750	-0.207213	-155.085757
92	0.001296	750	-0.162950	-155.248706
93	0.000882	750	-0.159609	-155.408316
94	0.000559	750	-0.097946	-155.506262
95	0.000320	750	-0.080180	-155.586442
96	0.000156	750	-0.051767	-155.638209
97	0.000057	750	-0.030663	-155.668872
98	0.000010	750	-0.015562	-155.684434
99	0.000000	750	-0.003138	-155.687572
Log marginal likelihood:	-155.687572
0	0.975187	750	-3.473667	-3.473667
1	0.950747	750	-3.334563	-6.808229
2	0.926679	750	-3.321939	-10.130168
3	0.902980	750	-3.376370	-13.506538
4	0.879648	750	-3.210657	-16.717195
5	0.856682	750	-3.160825	-19.878020
6	0.834079	750	-3.146144	-23.024164
7	0.811838	750	-3.126460	-26.150624
8	0.789957	750	-3.175693	-29.326317
9	0.768433	750	-3.099157	-32.425474
10	0.747266	750	-2.936932	-35.362406
11	0.726452	750	-2.958979	-38.321384
12	0.705989	750	-2.987195	-41.308579
13	0.685877	750	-2.955763	-44.264343
14	0.666112	750	-2.828268	-47.092610
15	0.646693	750	-2.770183	-49.862793
16	0.627618	750	-2.694056	-52.556849
17	0.608884	750	-2.750566	-55.307415
18	0.590490	750	-2.715583	-58.022998
19	0.572433	750	-2.672093	-60.695090
20	0.554712	750	-2.601851	-63.296942
21	0.537324	750	-2.604904	-65.901845
22	0.520268	750	-2.511052	-68.412897
23	0.503540	750	-2.472499	-70.885396
24	0.487139	750	-2.405788	-73.291184
25	0.471063	750	-2.411991	-75.703175
26	0.455310	750	-2.310818	-78.013993
27	0.439877	750	-2.275226	-80.289219
28	0.424762	750	-2.260763	-82.549981
29	0.409963	750	-2.214407	-84.764388
30	0.395478	750	-2.175043	-86.939431
31	0.381305	750	-2.170585	-89.110017
32	0.367440	750	-2.080511	-91.190528
33	0.353883	750	-2.057433	-93.247960
34	0.340630	750	-2.021333	-95.269293
35	0.327680	750	-2.067439	-97.336732
36	0.315030	750	-1.918225	-99.254958
37	0.302677	750	-1.891339	-101.146296
38	0.290619	750	-1.900975	-103.047271
39	0.278855	750	-1.812332	-104.859604
40	0.267381	750	-1.821750	-106.681354
41	0.256195	750	-1.773754	-108.455108
42	0.245294	750	-1.681779	-110.136887
43	0.234677	750	-1.695388	-111.832275
44	0.224340	750	-1.599396	-113.431671
45	0.214281	750	-1.597132	-115.028803
46	0.204498	750	-1.624168	-116.652971
47	0.194988	750	-1.549110	-118.202081
48	0.185749	750	-1.485180	-119.687262
49	0.176777	750	-1.417043	-121.104305
50	0.168070	750	-1.520541	-122.624847
51	0.159626	750	-1.482598	-124.107445
52	0.151441	750	-1.383385	-125.490830
53	0.143514	750	-1.343579	-126.834409
54	0.135841	750	-1.305735	-128.140144
55	0.128420	750	-1.291067	-129.431211
56	0.121247	750	-1.237700	-130.668911
57	0.114320	750	-1.338363	-132.007274
58	0.107637	750	-1.211365	-133.218639
59	0.101193	750	-1.206132	-134.424772
60	0.094986	750	-1.107818	-135.532589
61	0.089014	750	-1.098349	-136.630939
62	0.083273	750	-1.105079	-137.736018
63	0.077760	750	-1.046957	-138.782975
64	0.072472	750	-1.041114	-139.824089
65	0.067406	750	-1.025439	-140.849528
66	0.062558	750	-1.029375	-141.878903
67	0.057926	750	-0.967269	-142.846171
68	0.053506	750	-0.946285	-143.792456
69	0.049295	750	-0.891169	-144.683626
70	0.045289	750	-0.862607	-145.546233
71	0.041485	750	-0.830619	-146.376851
72	0.037880	750	-0.761695	-147.138546
73	0.034469	750	-0.765777	-147.904323
74	0.031250	750	-0.697353	-148.601675
75	0.028218	750	-0.675386	-149.277062
76	0.025370	750	-0.629517	-149.906579
77	0.022702	750	-0.627703	-150.534282
78	0.020209	750	-0.590360	-151.124642
79	0.017889	750	-0.567844	-151.692486
80	0.015736	750	-0.499273	-152.191759
81	0.013746	750	-0.456648	-152.648407
82	0.011916	750	-0.456002	-153.104408
83	0.010240	750	-0.433266	-153.537674
84	0.008714	750	-0.412388	-153.950062
85	0.007334	750	-0.364403	-154.314465
86	0.006093	750	-0.349073	-154.663538
87	0.004988	750	-0.306737	-154.970275
88	0.004013	750	-0.299575	-155.269849
89	0.003162	750	-0.259987	-155.529836
90	0.002430	750	-0.217956	-155.747792
91	0.001810	750	-0.193401	-155.941193
92	0.001296	750	-0.150782	-156.091975
93	0.000882	750	-0.126533	-156.218508
94	0.000559	750	-0.108329	-156.326837
95	0.000320	750	-0.073194	-156.400031
96	0.000156	750	-0.052617	-156.452648
97	0.000057	750	-0.032196	-156.484844
98	0.000010	750	-0.016719	-156.501563
99	0.000000	750	-0.003109	-156.504672
Log marginal likelihood:	-156.504672
0	0.975187	750	-3.448933	-3.448933
1	0.950747	750	-3.502117	-6.951050
2	0.926679	750	-3.278531	-10.229581
3	0.902980	750	-3.273492	-13.503073
4	0.879648	750	-3.220619	-16.723692
5	0.856682	750	-3.274080	-19.997772
6	0.834079	750	-3.149148	-23.146920
7	0.811838	750	-3.083083	-26.230003
8	0.789957	750	-3.095080	-29.325083
9	0.768433	750	-3.035752	-32.360835
10	0.747266	750	-2.952742	-35.313577
11	0.726452	750	-2.991613	-38.305190
12	0.705989	750	-2.890320	-41.195510
13	0.685877	750	-2.836594	-44.032104
14	0.666112	750	-2.833676	-46.865781
15	0.646693	750	-2.824764	-49.690545
16	0.627618	750	-2.798028	-52.488573
17	0.608884	750	-2.669231	-55.157804
18	0.590490	750	-2.614996	-57.772800
19	0.572433	750	-2.601253	-60.374053
20	0.554712	750	-2.539011	-62.913064
21	0.537324	750	-2.578824	-65.491888
22	0.520268	750	-2.481297	-67.973184
23	0.503540	750	-2.487662	-70.460846
24	0.487139	750	-2.405719	-72.866566
25	0.471063	750	-2.420471	-75.287036
26	0.455310	750	-2.336169	-77.623206
27	0.439877	750	-2.299847	-79.923053
28	0.424762	750	-2.254526	-82.177579
29	0.409963	750	-2.192282	-84.369861
30	0.395478	750	-2.207046	-86.576907
31	0.381305	750	-2.124653	-88.701560
32	0.367440	750	-2.145120	-90.846680
33	0.353883	750	-2.082017	-92.928697
34	0.340630	750	-1.997794	-94.926491
35	0.327680	750	-2.036012	-96.962503
36	0.315030	750	-1.970865	-98.933368
37	0.302677	750	-1.868784	-100.802152
38	0.290619	750	-1.841622	-102.643774
39	0.278855	750	-1.813424	-104.457197
40	0.267381	750	-1.828546	-106.285743
41	0.256195	750	-1.766129	-108.051872
42	0.245294	750	-1.726402	-109.778274
43	0.234677	750	-1.676306	-111.454580
44	0.224340	750	-1.725209	-113.179789
45	0.214281	750	-1.610059	-114.789848
46	0.204498	750	-1.545741	-116.335589
47	0.194988	750	-1.557322	-117.892912
48	0.185749	750	-1.551968	-119.444880
49	0.176777	750	-1.563660	-121.008540
50	0.168070	750	-1.466691	-122.475230
51	0.159626	750	-1.404835	-123.880065
52	0.151441	750	-1.409541	-125.289606
53	0.143514	750	-1.311077	-126.600682
54	0.135841	750	-1.378218	-127.978901
55	0.128420	750	-1.314112	-129.293013
56	0.121247	750	-1.282153	-130.575166
57	0.114320	750	-1.286339	-131.861505
58	0.107637	750	-1.160547	-133.022052
59	0.101193	750	-1.218709	-134.240761
60	0.094986	750	-1.126856	-135.367616
61	0.089014	750	-1.165331	-136.532947
62	0.083273	750	-1.120058	-137.653005
63	0.077760	750	-1.104530	-138.757534
64	0.072472	750	-0.985159	-139.742693
65	0.067406	750	-0.944930	-140.687623
66	0.062558	750	-0.994226	-141.681848
67	0.057926	750	-0.960532	-142.642380
68	0.053506	750	-0.923248	-143.565628
69	0.049295	750	-0.867123	-144.432751
70	0.045289	750	-0.838515	-145.271266
71	0.041485	750	-0.819944	-146.091210
72	0.037880	750	-0.805582	-146.896793
73	0.034469	750	-0.749203	-147.645996
74	0.031250	750	-0.713076	-148.359072
75	0.028218	750	-0.696350	-149.055421
76	0.025370	750	-0.633291	-149.688712
77	0.022702	750	-0.600983	-150.289695
78	0.020209	750	-0.645738	-150.935433
79	0.017889	750	-0.574823	-151.510256
80	0.015736	750	-0.529355	-152.039611
81	0.013746	750	-0.486026	-152.525637
82	0.011916	750	-0.478066	-153.003703
83	0.010240	750	-0.440880	-153.444582
84	0.008714	750	-0.392279	-153.836861
85	0.007334	750	-0.365714	-154.202575
86	0.006093	750	-0.327494	-154.530069
87	0.004988	750	-0.322721	-154.852790
88	0.004013	750	-0.292299	-155.145089
89	0.003162	750	-0.252151	-155.397240
90	0.002430	750	-0.209888	-155.607128
91	0.001810	750	-0.209198	-155.816326
92	0.001296	750	-0.171170	-155.987496
93	0.000882	750	-0.147369	-156.134866
94	0.000559	750	-0.102123	-156.236989
95	0.000320	750	-0.080451	-156.317440
96	0.000156	750	-0.051407	-156.368847
97	0.000057	750	-0.034283	-156.403130
98	0.000010	750	-0.014774	-156.417904
99	0.000000	750	-0.003281	-156.421185
Log marginal likelihood:	-156.421185
0	0.975187	750	-3.464013	-3.464013
1	0.950747	750	-3.418517	-6.882530
2	0.926679	750	-3.411401	-10.293931
3	0.902980	750	-3.322338	-13.616269
4	0.879648	750	-3.266061	-16.882331
5	0.856682	750	-3.213534	-20.095865
6	0.834079	750	-3.180471	-23.276336
7	0.811838	750	-3.148266	-26.424602
8	0.789957	750	-3.078235	-29.502837
9	0.768433	750	-3.060192	-32.563029
10	0.747266	750	-3.003102	-35.566131
11	0.726452	750	-2.947324	-38.513455
12	0.705989	750	-2.890372	-41.403827
13	0.685877	750	-2.863891	-44.267717
14	0.666112	750	-2.842251	-47.109968
15	0.646693	750	-2.766410	-49.876378
16	0.627618	750	-2.724717	-52.601095
17	0.608884	750	-2.663783	-55.264878
18	0.590490	750	-2.658185	-57.923064
19	0.572433	750	-2.615244	-60.538307
20	0.554712	750	-2.530449	-63.068757
21	0.537324	750	-2.536148	-65.604905
22	0.520268	750	-2.434229	-68.039134
23	0.503540	750	-2.481987	-70.521121
24	0.487139	750	-2.345825	-72.866946
25	0.471063	750	-2.307136	-75.174081
26	0.455310	750	-2.281248	-77.455329
27	0.439877	750	-2.226036	-79.681366
28	0.424762	750	-2.169575	-81.850941
29	0.409963	750	-2.167424	-84.018365
30	0.395478	750	-2.109462	-86.127827
31	0.381305	750	-2.112033	-88.239860
32	0.367440	750	-2.040092	-90.279952
33	0.353883	750	-1.992186	-92.272138
34	0.340630	750	-1.968350	-94.240488
35	0.327680	750	-1.943991	-96.184479
36	0.315030	750	-1.896408	-98.080887
37	0.302677	750	-1.854945	-99.935832
38	0.290619	750	-1.793210	-101.729042
39	0.278855	750	-1.747812	-103.476855
40	0.267381	750	-1.813571	-105.290426
41	0.256195	750	-1.741124	-107.031550
42	0.245294	750	-1.652832	-108.684382
43	0.234677	750	-1.634030	-110.318412
44	0.224340	750	-1.633879	-111.952291
45	0.214281	750	-1.591021	-113.543312
46	0.204498	750	-1.467684	-115.010996
47	0.194988	750	-1.521621	-116.532616
48	0.185749	750	-1.543677	-118.076293
49	0.176777	750	-1.462719	-119.539012
50	0.168070	750	-1.623826	-121.162838
51	0.159626	750	-1.454963	-122.617801
52	0.151441	750	-1.272290	-123.890090
53	0.143514	750	-1.320018	-125.210109
54	0.135841	750	-1.398783	-126.608891
55	0.128420	750	-1.235559	-127.844450
56	0.121247	750	-1.359150	-129.203600
57	0.114320	750	-1.306545	-130.510145
58	0.107637	750	-1.184899	-131.695044
59	0.101193	750	-1.230514	-132.925557
60	0.094986	750	-1.285365	-134.210923
61	0.089014	750	-1.199412	-135.410334
62	0.083273	750	-1.108021	-136.518355
63	0.077760	750	-1.100602	-137.618957
64	0.072472	750	-1.007907	-138.626864
65	0.067406	750	-1.032196	-139.659061
66	0.062558	750	-0.979015	-140.638075
67	0.057926	750	-0.996044	-141.634119
68	0.053506	750	-0.894791	-142.528910
69	0.049295	750	-0.878929	-143.407839
70	0.045289	750	-0.872497	-144.280337
71	0.041485	750	-0.822300	-145.102637
72	0.037880	750	-0.803505	-145.906142
73	0.034469	750	-0.788492	-146.694634
74	0.031250	750	-0.689637	-147.384271
75	0.028218	750	-0.683503	-148.067774
76	0.025370	750	-0.664326	-148.732100
77	0.022702	750	-0.653048	-149.385148
78	0.020209	750	-0.605887	-149.991035
79	0.017889	750	-0.595333	-150.586368
80	0.015736	750	-0.511480	-151.097849
81	0.013746	750	-0.542118	-151.639967
82	0.011916	750	-0.516660	-152.156627
83	0.010240	750	-0.443776	-152.600404
84	0.008714	750	-0.429225	-153.029628
85	0.007334	750	-0.367793	-153.397422
86	0.006093	750	-0.345640	-153.743061
87	0.004988	750	-0.313537	-154.056598
88	0.004013	750	-0.268265	-154.324862
89	0.003162	750	-0.262920	-154.587782
90	0.002430	750	-0.237127	-154.824909
91	0.001810	750	-0.179917	-155.004826
92	0.001296	750	-0.186883	-155.191709
93	0.000882	750	-0.137091	-155.328800
94	0.000559	750	-0.099121	-155.427921
95	0.000320	750	-0.089519	-155.517440
96	0.000156	750	-0.049820	-155.567259
97	0.000057	750	-0.033757	-155.601017
98	0.000010	750	-0.014693	-155.615709
99	0.000000	750	-0.003313	-155.619022
Log marginal likelihood:	-155.619022
0	0.975187	750	-3.378150	-3.378150
1	0.950747	750	-3.289831	-6.667981
2	0.926679	750	-3.315799	-9.983780
3	0.902980	750	-3.236234	-13.220015
4	0.879648	750	-3.203091	-16.423105
5	0.856682	750	-3.132430	-19.555536
6	0.834079	750	-3.129416	-22.684951
7	0.811838	750	-3.039643	-25.724594
8	0.789957	750	-3.012831	-28.737425
9	0.768433	750	-2.972109	-31.709534
10	0.747266	750	-2.931767	-34.641301
11	0.726452	750	-2.909243	-37.550544
12	0.705989	750	-2.802727	-40.353271
13	0.685877	750	-2.824964	-43.178235
14	0.666112	750	-2.762383	-45.940618
15	0.646693	750	-2.660151	-48.600769
16	0.627618	750	-2.666832	-51.267601
17	0.608884	750	-2.605294	-53.872895
18	0.590490	750	-2.606184	-56.479079
19	0.572433	750	-2.594860	-59.073939
20	0.554712	750	-2.498685	-61.572624
21	0.537324	750	-2.427045	-63.999669
22	0.520268	750	-2.423736	-66.423405
23	0.503540	750	-2.363302	-68.786707
24	0.487139	750	-2.323710	-71.110417
25	0.471063	750	-2.257835	-73.368252
26	0.455310	750	-2.249176	-75.617428
27	0.439877	750	-2.163425	-77.780852
28	0.424762	750	-2.128080	-79.908932
29	0.409963	750	-2.096844	-82.005776
30	0.395478	750	-2.034300	-84.040077
31	0.381305	750	-2.033108	-86.073184
32	0.367440	750	-1.975456	-88.048640
33	0.353883	750	-1.947022	-89.995662
34	0.340630	750	-1.894774	-91.890436
35	0.327680	750	-1.882686	-93.773122
36	0.315030	750	-1.862368	-95.635490
37	0.302677	750	-1.789261	-97.424751
38	0.290619	750	-1.761165	-99.185916
39	0.278855	750	-1.716855	-100.902771
40	0.267381	750	-1.680032	-102.582803
41	0.256195	750	-1.646719	-104.229522
42	0.245294	750	-1.620049	-105.849571
43	0.234677	750	-1.591463	-107.441034
44	0.224340	750	-1.520321	-108.961355
45	0.214281	750	-1.542437	-110.503792
46	0.204498	750	-1.500035	-112.003828
47	0.194988	750	-1.494346	-113.498174
48	0.185749	750	-1.379149	-114.877323
49	0.176777	750	-1.404808	-116.282131
50	0.168070	750	-1.389148	-117.671279
51	0.159626	750	-1.327195	-118.998474
52	0.151441	750	-1.406631	-120.405105
53	0.143514	750	-1.385653	-121.790758
54	0.135841	750	-1.229781	-123.020538
55	0.128420	750	-1.272528	-124.293066
56	0.121247	750	-1.149338	-125.442404
57	0.114320	750	-1.192113	-126.634517
58	0.107637	750	-1.263405	-127.897921
59	0.101193	750	-1.089743	-128.987664
60	0.094986	750	-1.085205	-130.072869
61	0.089014	750	-1.070281	-131.143150
62	0.083273	750	-1.023772	-132.166922
63	0.077760	750	-0.991234	-133.158155
64	0.072472	750	-0.988166	-134.146321
65	0.067406	750	-1.014740	-135.161061
66	0.062558	750	-0.957829	-136.118890
67	0.057926	750	-0.884901	-137.003791
68	0.053506	750	-0.907633	-137.911423
69	0.049295	750	-0.879685	-138.791109
70	0.045289	750	-0.808640	-139.599748
71	0.041485	750	-0.791413	-140.391162
72	0.037880	750	-0.810426	-141.201588
73	0.034469	750	-0.725330	-141.926917
74	0.031250	750	-0.710511	-142.637428
75	0.028218	750	-0.641925	-143.279353
76	0.025370	750	-0.667560	-143.946914
77	0.022702	750	-0.603721	-144.550634
78	0.020209	750	-0.590744	-145.141379
79	0.017889	750	-0.559188	-145.700567
80	0.015736	750	-0.526539	-146.227106
81	0.013746	750	-0.518385	-146.745491
82	0.011916	750	-0.447919	-147.193410
83	0.010240	750	-0.437801	-147.631211
84	0.008714	750	-0.370778	-148.001989
85	0.007334	750	-0.369556	-148.371545
86	0.006093	750	-0.355348	-148.726894
87	0.004988	750	-0.313916	-149.040810
88	0.004013	750	-0.276894	-149.317704
89	0.003162	750	-0.280636	-149.598340
90	0.002430	750	-0.215981	-149.814321
91	0.001810	750	-0.176482	-149.990803
92	0.001296	750	-0.171206	-150.162009
93	0.000882	750	-0.158800	-150.320810
94	0.000559	750	-0.110477	-150.431286
95	0.000320	750	-0.079735	-150.511021
96	0.000156	750	-0.053760	-150.564781
97	0.000057	750	-0.033358	-150.598138
98	0.000010	750	-0.014540	-150.612678
99	0.000000	750	-0.003445	-150.616123
Log marginal likelihood:	-150.616123
0	0.975187	750	-3.252205	-3.252205
1	0.950747	750	-3.280254	-6.532459
2	0.926679	750	-3.184912	-9.717370
3	0.902980	750	-3.121607	-12.838977
4	0.879648	750	-3.105255	-15.944233
5	0.856682	750	-3.056400	-19.000633
6	0.834079	750	-2.970836	-21.971468
7	0.811838	750	-2.925287	-24.896755
8	0.789957	750	-2.900814	-27.797569
9	0.768433	750	-2.846461	-30.644030
10	0.747266	750	-2.800605	-33.444635
11	0.726452	750	-2.757841	-36.202477
12	0.705989	750	-2.692115	-38.894591
13	0.685877	750	-2.643668	-41.538259
14	0.666112	750	-2.624028	-44.162287
15	0.646693	750	-2.637871	-46.800159
16	0.627618	750	-2.538701	-49.338859
17	0.608884	750	-2.511325	-51.850185
18	0.590490	750	-2.436202	-54.286386
19	0.572433	750	-2.431049	-56.717435
20	0.554712	750	-2.416964	-59.134399
21	0.537324	750	-2.366579	-61.500977
22	0.520268	750	-2.306089	-63.807067
23	0.503540	750	-2.272293	-66.079359
24	0.487139	750	-2.228727	-68.308086
25	0.471063	750	-2.206354	-70.514441
26	0.455310	750	-2.123255	-72.637696
27	0.439877	750	-2.112759	-74.750456
28	0.424762	750	-2.078294	-76.828750
29	0.409963	750	-2.025405	-78.854155
30	0.395478	750	-2.015853	-80.870008
31	0.381305	750	-1.960808	-82.830816
32	0.367440	750	-1.971372	-84.802188
33	0.353883	750	-1.936493	-86.738681
34	0.340630	750	-1.848450	-88.587131
35	0.327680	750	-1.802675	-90.389806
36	0.315030	750	-1.765329	-92.155135
37	0.302677	750	-1.779475	-93.934610
38	0.290619	750	-1.695713	-95.630323
39	0.278855	750	-1.646925	-97.277248
40	0.267381	750	-1.653075	-98.930324
41	0.256195	750	-1.574218	-100.504542
42	0.245294	750	-1.587700	-102.092242
43	0.234677	750	-1.539349	-103.631591
44	0.224340	750	-1.492885	-105.124477
45	0.214281	750	-1.571992	-106.696469
46	0.204498	750	-1.471653	-108.168122
47	0.194988	750	-1.390503	-109.558625
48	0.185749	750	-1.423002	-110.981627
49	0.176777	750	-1.412012	-112.393639
50	0.168070	750	-1.297494	-113.691133
51	0.159626	750	-1.374958	-115.066091
52	0.151441	750	-1.315380	-116.381471
53	0.143514	750	-1.341230	-117.722702
54	0.135841	750	-1.281222	-119.003923
55	0.128420	750	-1.179640	-120.183563
56	0.121247	750	-1.266177	-121.449740
57	0.114320	750	-1.211941	-122.661681
58	0.107637	750	-1.196790	-123.858471
59	0.101193	750	-1.146645	-125.005116
60	0.094986	750	-1.199832	-126.204948
61	0.089014	750	-1.156755	-127.361703
62	0.083273	750	-1.113597	-128.475300
63	0.077760	750	-1.048522	-129.523822
64	0.072472	750	-1.070922	-130.594744
65	0.067406	750	-1.018854	-131.613598
66	0.062558	750	-0.984310	-132.597908
67	0.057926	750	-0.945415	-133.543323
68	0.053506	750	-0.907717	-134.451040
69	0.049295	750	-0.871516	-135.322556
70	0.045289	750	-0.843898	-136.166454
71	0.041485	750	-0.827031	-136.993485
72	0.037880	750	-0.781282	-137.774767
73	0.034469	750	-0.726917	-138.501684
74	0.031250	750	-0.727766	-139.229450
75	0.028218	750	-0.671491	-139.900941
76	0.025370	750	-0.652214	-140.553154
77	0.022702	750	-0.617269	-141.170424
78	0.020209	750	-0.609652	-141.780076
79	0.017889	750	-0.570407	-142.350483
80	0.015736	750	-0.528869	-142.879352
81	0.013746	750	-0.486683	-143.366035
82	0.011916	750	-0.483788	-143.849823
83	0.010240	750	-0.431699	-144.281522
84	0.008714	750	-0.393731	-144.675253
85	0.007334	750	-0.363264	-145.038517
86	0.006093	750	-0.339656	-145.378173
87	0.004988	750	-0.318166	-145.696338
88	0.004013	750	-0.272312	-145.968650
89	0.003162	750	-0.241295	-146.209945
90	0.002430	750	-0.209372	-146.419317
91	0.001810	750	-0.194395	-146.613712
92	0.001296	750	-0.159798	-146.773510
93	0.000882	750	-0.132315	-146.905825
94	0.000559	750	-0.111844	-147.017669
95	0.000320	750	-0.079849	-147.097518
96	0.000156	750	-0.051941	-147.149460
97	0.000057	750	-0.029269	-147.178729
98	0.000010	750	-0.014056	-147.192785
99	0.000000	750	-0.003073	-147.195857
Log marginal likelihood:	-147.195857
0	0.975187	750	-3.634255	-3.634255
1	0.950747	750	-3.599469	-7.233723
2	0.926679	750	-3.546342	-10.780066
3	0.902980	750	-3.436045	-14.216111
4	0.879648	750	-3.430594	-17.646705
5	0.856682	750	-3.360497	-21.007202
6	0.834079	750	-3.315574	-24.322777
7	0.811838	750	-3.307943	-27.630720
8	0.789957	750	-3.259657	-30.890377
9	0.768433	750	-3.159464	-34.049840
10	0.747266	750	-3.103155	-37.152995
11	0.726452	750	-3.062203	-40.215199
12	0.705989	750	-3.001593	-43.216791
13	0.685877	750	-3.034718	-46.251509
14	0.666112	750	-2.928230	-49.179739
15	0.646693	750	-2.874448	-52.054187
16	0.627618	750	-2.833932	-54.888118
17	0.608884	750	-2.800832	-57.688950
18	0.590490	750	-2.738156	-60.427106
19	0.572433	750	-2.680465	-63.107571
20	0.554712	750	-2.665405	-65.772977
21	0.537324	750	-2.624267	-68.397243
22	0.520268	750	-2.545982	-70.943225
23	0.503540	750	-2.496306	-73.439531
24	0.487139	750	-2.451207	-75.890739
25	0.471063	750	-2.485950	-78.376688
26	0.455310	750	-2.445564	-80.822252
27	0.439877	750	-2.356148	-83.178400
28	0.424762	750	-2.306430	-85.484830
29	0.409963	750	-2.298562	-87.783392
30	0.395478	750	-2.240794	-90.024186
31	0.381305	750	-2.178090	-92.202276
32	0.367440	750	-2.164131	-94.366407
33	0.353883	750	-2.060399	-96.426806
34	0.340630	750	-2.100275	-98.527081
35	0.327680	750	-2.050320	-100.577401
36	0.315030	750	-1.926343	-102.503744
37	0.302677	750	-1.999476	-104.503220
38	0.290619	750	-1.890189	-106.393409
39	0.278855	750	-1.817384	-108.210793
40	0.267381	750	-1.853833	-110.064627
41	0.256195	750	-1.749323	-111.813950
42	0.245294	750	-1.750732	-113.564682
43	0.234677	750	-1.707154	-115.271836
44	0.224340	750	-1.692683	-116.964519
45	0.214281	750	-1.620299	-118.584818
46	0.204498	750	-1.596740	-120.181558
47	0.194988	750	-1.596606	-121.778164
48	0.185749	750	-1.537058	-123.315222
49	0.176777	750	-1.583035	-124.898257
50	0.168070	750	-1.456220	-126.354477
51	0.159626	750	-1.524202	-127.878679
52	0.151441	750	-1.410422	-129.289101
53	0.143514	750	-1.431468	-130.720569
54	0.135841	750	-1.418866	-132.139435
55	0.128420	750	-1.255840	-133.395275
56	0.121247	750	-1.337736	-134.733011
57	0.114320	750	-1.283457	-136.016468
58	0.107637	750	-1.271326	-137.287794
59	0.101193	750	-1.264849	-138.552643
60	0.094986	750	-1.145715	-139.698358
61	0.089014	750	-1.171773	-140.870131
62	0.083273	750	-1.135228	-142.005359
63	0.077760	750	-1.119260	-143.124618
64	0.072472	750	-1.070925	-144.195544
65	0.067406	750	-0.958644	-145.154187
66	0.062558	750	-0.984053	-146.138241
67	0.057926	750	-0.947409	-147.085649
68	0.053506	750	-0.958548	-148.044198
69	0.049295	750	-0.873546	-148.917744
70	0.045289	750	-0.851579	-149.769323
71	0.041485	750	-0.837309	-150.606631
72	0.037880	750	-0.797658	-151.404289
73	0.034469	750	-0.770075	-152.174364
74	0.031250	750	-0.703443	-152.877807
75	0.028218	750	-0.712289	-153.590096
76	0.025370	750	-0.680448	-154.270544
77	0.022702	750	-0.610637	-154.881181
78	0.020209	750	-0.596749	-155.477930
79	0.017889	750	-0.543623	-156.021553
80	0.015736	750	-0.527332	-156.548885
81	0.013746	750	-0.501251	-157.050136
82	0.011916	750	-0.460248	-157.510384
83	0.010240	750	-0.424247	-157.934631
84	0.008714	750	-0.398810	-158.333441
85	0.007334	750	-0.368753	-158.702194
86	0.006093	750	-0.345390	-159.047583
87	0.004988	750	-0.308463	-159.356047
88	0.004013	750	-0.299126	-159.655173
89	0.003162	750	-0.270718	-159.925891
90	0.002430	750	-0.245308	-160.171199
91	0.001810	750	-0.212083	-160.383281
92	0.001296	750	-0.164302	-160.547584
93	0.000882	750	-0.123018	-160.670602
94	0.000559	750	-0.117119	-160.787721
95	0.000320	750	-0.101712	-160.889434
96	0.000156	750	-0.049876	-160.939310
97	0.000057	750	-0.028233	-160.967543
98	0.000010	750	-0.015032	-160.982575
99	0.000000	750	-0.003458	-160.986033
Log marginal likelihood:	-160.986033
0	0.975187	750	-3.518794	-3.518794
1	0.950747	750	-3.488788	-7.007582
2	0.926679	750	-3.415017	-10.422599
3	0.902980	750	-3.391324	-13.813923
4	0.879648	750	-3.327310	-17.141233
5	0.856682	750	-3.265395	-20.406628
6	0.834079	750	-3.245676	-23.652304
7	0.811838	750	-3.190465	-26.842768
8	0.789957	750	-3.124879	-29.967648
9	0.768433	750	-3.084540	-33.052188
10	0.747266	750	-3.039976	-36.092164
11	0.726452	750	-2.980665	-39.072829
12	0.705989	750	-2.947419	-42.020248
13	0.685877	750	-2.881337	-44.901586
14	0.666112	750	-2.837823	-47.739408
15	0.646693	750	-2.788760	-50.528169
16	0.627618	750	-2.734322	-53.262491
17	0.608884	750	-2.698058	-55.960549
18	0.590490	750	-2.666003	-58.626553
19	0.572433	750	-2.629904	-61.256456
20	0.554712	750	-2.552596	-63.809053
21	0.537324	750	-2.501385	-66.310438
22	0.520268	750	-2.456351	-68.766789
23	0.503540	750	-2.410709	-71.177499
24	0.487139	750	-2.409212	-73.586710
25	0.471063	750	-2.336440	-75.923151
26	0.455310	750	-2.325944	-78.249094
27	0.439877	750	-2.321564	-80.570658
28	0.424762	750	-2.197707	-82.768366
29	0.409963	750	-2.160069	-84.928434
30	0.395478	750	-2.128390	-87.056825
31	0.381305	750	-2.074647	-89.131472
32	0.367440	750	-2.066447	-91.197918
33	0.353883	750	-2.010684	-93.208603
34	0.340630	750	-1.968272	-95.176875
35	0.327680	750	-1.915043	-97.091918
36	0.315030	750	-2.071084	-99.163002
37	0.302677	750	-1.899382	-101.062384
38	0.290619	750	-1.844952	-102.907335
39	0.278855	750	-1.854765	-104.762101
40	0.267381	750	-1.837389	-106.599489
41	0.256195	750	-1.735662	-108.335151
42	0.245294	750	-1.753507	-110.088659
43	0.234677	750	-1.824227	-111.912886
44	0.224340	750	-1.719839	-113.632725
45	0.214281	750	-1.640893	-115.273618
46	0.204498	750	-1.604336	-116.877954
47	0.194988	750	-1.613365	-118.491319
48	0.185749	750	-1.509970	-120.001289
49	0.176777	750	-1.479633	-121.480922
50	0.168070	750	-1.565412	-123.046333
51	0.159626	750	-1.431835	-124.478168
52	0.151441	750	-1.363296	-125.841464
53	0.143514	750	-1.419632	-127.261096
54	0.135841	750	-1.344561	-128.605656
55	0.128420	750	-1.373068	-129.978724
56	0.121247	750	-1.286049	-131.264773
57	0.114320	750	-1.263382	-132.528154
58	0.107637	750	-1.303504	-133.831658
59	0.101193	750	-1.286408	-135.118067
60	0.094986	750	-1.230498	-136.348565
61	0.089014	750	-1.142395	-137.490960
62	0.083273	750	-1.101642	-138.592602
63	0.077760	750	-1.083127	-139.675729
64	0.072472	750	-1.046481	-140.722210
65	0.067406	750	-1.029056	-141.751266
66	0.062558	750	-0.968344	-142.719609
67	0.057926	750	-0.932507	-143.652116
68	0.053506	750	-0.910565	-144.562681
69	0.049295	750	-0.875755	-145.438436
70	0.045289	750	-0.843420	-146.281856
71	0.041485	750	-0.806001	-147.087857
72	0.037880	750	-0.770930	-147.858787
73	0.034469	750	-0.738432	-148.597218
74	0.031250	750	-0.741478	-149.338696
75	0.028218	750	-0.740224	-150.078920
76	0.025370	750	-0.649346	-150.728266
77	0.022702	750	-0.646441	-151.374707
78	0.020209	750	-0.591045	-151.965752
79	0.017889	750	-0.575389	-152.541141
80	0.015736	750	-0.496639	-153.037780
81	0.013746	750	-0.505743	-153.543523
82	0.011916	750	-0.427593	-153.971115
83	0.010240	750	-0.431964	-154.403079
84	0.008714	750	-0.434273	-154.837352
85	0.007334	750	-0.371041	-155.208393
86	0.006093	750	-0.332657	-155.541050
87	0.004988	750	-0.313295	-155.854345
88	0.004013	750	-0.293611	-156.147956
89	0.003162	750	-0.228862	-156.376818
90	0.002430	750	-0.190083	-156.566901
91	0.001810	750	-0.181767	-156.748667
92	0.001296	750	-0.157674	-156.906342
93	0.000882	750	-0.113529	-157.019871
94	0.000559	750	-0.101754	-157.121625
95	0.000320	750	-0.077940	-157.199565
96	0.000156	750	-0.054718	-157.254283
97	0.000057	750	-0.036063	-157.290345
98	0.000010	750	-0.016127	-157.306472
99	0.000000	750	-0.003418	-157.309890
Log marginal likelihood:	-157.309890
0	0.975187	750	-3.227095	-3.227095
1	0.950747	750	-3.217934	-6.445029
2	0.926679	750	-3.264829	-9.709858
3	0.902980	750	-3.041711	-12.751569
4	0.879648	750	-3.015684	-15.767253
5	0.856682	750	-3.008297	-18.775551
6	0.834079	750	-2.908627	-21.684178
7	0.811838	750	-2.979538	-24.663715
8	0.789957	750	-2.886547	-27.550263
9	0.768433	750	-2.855120	-30.405382
10	0.747266	750	-2.815498	-33.220880
11	0.726452	750	-2.701603	-35.922483
12	0.705989	750	-2.706927	-38.629410
13	0.685877	750	-2.615899	-41.245309
14	0.666112	750	-2.658382	-43.903691
15	0.646693	750	-2.615528	-46.519220
16	0.627618	750	-2.525681	-49.044901
17	0.608884	750	-2.533312	-51.578213
18	0.590490	750	-2.444356	-54.022569
19	0.572433	750	-2.441895	-56.464464
20	0.554712	750	-2.370251	-58.834716
21	0.537324	750	-2.427669	-61.262384
22	0.520268	750	-2.292130	-63.554514
23	0.503540	750	-2.318228	-65.872742
24	0.487139	750	-2.235673	-68.108415
25	0.471063	750	-2.191374	-70.299789
26	0.455310	750	-2.126315	-72.426104
27	0.439877	750	-2.168128	-74.594233
28	0.424762	750	-2.115825	-76.710058
29	0.409963	750	-2.151762	-78.861820
30	0.395478	750	-2.018585	-80.880404
31	0.381305	750	-1.995776	-82.876181
32	0.367440	750	-2.002564	-84.878745
33	0.353883	750	-1.960450	-86.839195
34	0.340630	750	-1.904287	-88.743482
35	0.327680	750	-1.879814	-90.623296
36	0.315030	750	-1.819023	-92.442319
37	0.302677	750	-1.781457	-94.223776
38	0.290619	750	-1.828437	-96.052213
39	0.278855	750	-1.711699	-97.763913
40	0.267381	750	-1.702418	-99.466331
41	0.256195	750	-1.626441	-101.092771
42	0.245294	750	-1.675379	-102.768150
43	0.234677	750	-1.591995	-104.360145
44	0.224340	750	-1.541743	-105.901888
45	0.214281	750	-1.507564	-107.409452
46	0.204498	750	-1.504632	-108.914083
47	0.194988	750	-1.462194	-110.376277
48	0.185749	750	-1.405085	-111.781362
49	0.176777	750	-1.407726	-113.189088
50	0.168070	750	-1.392483	-114.581571
51	0.159626	750	-1.419127	-116.000698
52	0.151441	750	-1.291629	-117.292327
53	0.143514	750	-1.377956	-118.670283
54	0.135841	750	-1.261561	-119.931844
55	0.128420	750	-1.257166	-121.189010
56	0.121247	750	-1.242048	-122.431058
57	0.114320	750	-1.216867	-123.647925
58	0.107637	750	-1.274239	-124.922163
59	0.101193	750	-1.178607	-126.100771
60	0.094986	750	-1.217722	-127.318493
61	0.089014	750	-1.149960	-128.468453
62	0.083273	750	-1.181705	-129.650158
63	0.077760	750	-1.070846	-130.721004
64	0.072472	750	-1.057329	-131.778332
65	0.067406	750	-0.996947	-132.775279
66	0.062558	750	-0.996159	-133.771438
67	0.057926	750	-0.950932	-134.722370
68	0.053506	750	-0.937409	-135.659779
69	0.049295	750	-0.887610	-136.547390
70	0.045289	750	-0.886278	-137.433667
71	0.041485	750	-0.823485	-138.257152
72	0.037880	750	-0.754642	-139.011795
73	0.034469	750	-0.754164	-139.765958
74	0.031250	750	-0.750647	-140.516606
75	0.028218	750	-0.685419	-141.202025
76	0.025370	750	-0.652171	-141.854196
77	0.022702	750	-0.608780	-142.462976
78	0.020209	750	-0.609849	-143.072825
79	0.017889	750	-0.545747	-143.618572
80	0.015736	750	-0.535547	-144.154119
81	0.013746	750	-0.520854	-144.674973
82	0.011916	750	-0.476793	-145.151766
83	0.010240	750	-0.455017	-145.606784
84	0.008714	750	-0.410961	-146.017745
85	0.007334	750	-0.371904	-146.389649
86	0.006093	750	-0.364046	-146.753696
87	0.004988	750	-0.324473	-147.078169
88	0.004013	750	-0.298092	-147.376261
89	0.003162	750	-0.281947	-147.658208
90	0.002430	750	-0.280623	-147.938831
91	0.001810	750	-0.195233	-148.134064
92	0.001296	750	-0.164488	-148.298552
93	0.000882	750	-0.120700	-148.419252
94	0.000559	750	-0.097488	-148.516739
95	0.000320	750	-0.091643	-148.608382
96	0.000156	750	-0.052354	-148.660736
97	0.000057	750	-0.034093	-148.694829
98	0.000010	750	-0.015686	-148.710515
99	0.000000	750	-0.003873	-148.714388
Log marginal likelihood:	-148.714388
0	0.975187	750	-3.348536	-3.348536
1	0.950747	750	-3.301514	-6.650050
2	0.926679	750	-3.277696	-9.927746
3	0.902980	750	-3.177522	-13.105268
4	0.879648	750	-3.282423	-16.387691
5	0.856682	750	-3.195804	-19.583495
6	0.834079	750	-3.121275	-22.704770
7	0.811838	750	-3.021742	-25.726513
8	0.789957	750	-3.002825	-28.729337
9	0.768433	750	-2.942503	-31.671840
10	0.747266	750	-2.891343	-34.563183
11	0.726452	750	-2.892819	-37.456001
12	0.705989	750	-2.878563	-40.334564
13	0.685877	750	-2.739888	-43.074452
14	0.666112	750	-2.749018	-45.823471
15	0.646693	750	-2.740101	-48.563571
16	0.627618	750	-2.664992	-51.228564
17	0.608884	750	-2.644846	-53.873410
18	0.590490	750	-2.611744	-56.485154
19	0.572433	750	-2.538563	-59.023717
20	0.554712	750	-2.532322	-61.556039
21	0.537324	750	-2.460783	-64.016822
22	0.520268	750	-2.428513	-66.445335
23	0.503540	750	-2.384952	-68.830287
24	0.487139	750	-2.393905	-71.224192
25	0.471063	750	-2.263879	-73.488071
26	0.455310	750	-2.265815	-75.753885
27	0.439877	750	-2.267863	-78.021748
28	0.424762	750	-2.176436	-80.198184
29	0.409963	750	-2.153924	-82.352108
30	0.395478	750	-2.132324	-84.484432
31	0.381305	750	-2.061837	-86.546269
32	0.367440	750	-2.002648	-88.548917
33	0.353883	750	-2.008408	-90.557325
34	0.340630	750	-1.948500	-92.505826
35	0.327680	750	-1.967481	-94.473307
36	0.315030	750	-1.881678	-96.354985
37	0.302677	750	-1.867822	-98.222806
38	0.290619	750	-1.833658	-100.056464
39	0.278855	750	-1.778714	-101.835178
40	0.267381	750	-1.733307	-103.568486
41	0.256195	750	-1.689664	-105.258150
42	0.245294	750	-1.710620	-106.968770
43	0.234677	750	-1.650317	-108.619086
44	0.224340	750	-1.704892	-110.323978
45	0.214281	750	-1.548865	-111.872843
46	0.204498	750	-1.572735	-113.445579
47	0.194988	750	-1.515372	-114.960951
48	0.185749	750	-1.417792	-116.378743
49	0.176777	750	-1.451424	-117.830166
50	0.168070	750	-1.439606	-119.269772
51	0.159626	750	-1.404287	-120.674059
52	0.151441	750	-1.535273	-122.209332
53	0.143514	750	-1.400678	-123.610010
54	0.135841	750	-1.227179	-124.837189
55	0.128420	750	-1.358087	-126.195275
56	0.121247	750	-1.362187	-127.557463
57	0.114320	750	-1.321753	-128.879216
58	0.107637	750	-1.250977	-130.130194
59	0.101193	750	-1.173962	-131.304156
60	0.094986	750	-1.205314	-132.509470
61	0.089014	750	-1.096837	-133.606306
62	0.083273	750	-1.110738	-134.717045
63	0.077760	750	-1.038917	-135.755962
64	0.072472	750	-1.060780	-136.816742
65	0.067406	750	-1.013836	-137.830578
66	0.062558	750	-0.973229	-138.803807
67	0.057926	750	-0.945105	-139.748913
68	0.053506	750	-0.944044	-140.692957
69	0.049295	750	-0.860558	-141.553515
70	0.045289	750	-0.816182	-142.369697
71	0.041485	750	-0.814933	-143.184629
72	0.037880	750	-0.758467	-143.943097
73	0.034469	750	-0.737917	-144.681013
74	0.031250	750	-0.717372	-145.398385
75	0.028218	750	-0.657544	-146.055929
76	0.025370	750	-0.650325	-146.706254
77	0.022702	750	-0.602908	-147.309161
78	0.020209	750	-0.513747	-147.822908
79	0.017889	750	-0.570565	-148.393474
80	0.015736	750	-0.531859	-148.925332
81	0.013746	750	-0.503025	-149.428357
82	0.011916	750	-0.432665	-149.861022
83	0.010240	750	-0.434281	-150.295303
84	0.008714	750	-0.395185	-150.690487
85	0.007334	750	-0.356163	-151.046651
86	0.006093	750	-0.327491	-151.374141
87	0.004988	750	-0.280980	-151.655121
88	0.004013	750	-0.281128	-151.936249
89	0.003162	750	-0.242790	-152.179038
90	0.002430	750	-0.224952	-152.403990
91	0.001810	750	-0.164469	-152.568459
92	0.001296	750	-0.152535	-152.720994
93	0.000882	750	-0.124770	-152.845764
94	0.000559	750	-0.102356	-152.948120
95	0.000320	750	-0.077571	-153.025691
96	0.000156	750	-0.051098	-153.076789
97	0.000057	750	-0.033725	-153.110514
98	0.000010	750	-0.017771	-153.128285
99	0.000000	750	-0.003437	-153.131722
Log marginal likelihood:	-153.131722
0	0.975187	750	-3.070348	-3.070348
1	0.950747	750	-3.020153	-6.090501
2	0.926679	750	-2.958871	-9.049372
3	0.902980	750	-2.942633	-11.992005
4	0.879648	750	-2.872859	-14.864864
5	0.856682	750	-2.847903	-17.712767
6	0.834079	750	-2.816007	-20.528774
7	0.811838	750	-2.767614	-23.296389
8	0.789957	750	-2.737216	-26.033605
9	0.768433	750	-2.648486	-28.682091
10	0.747266	750	-2.654631	-31.336722
11	0.726452	750	-2.625765	-33.962487
12	0.705989	750	-2.588541	-36.551028
13	0.685877	750	-2.522397	-39.073425
14	0.666112	750	-2.480996	-41.554421
15	0.646693	750	-2.458366	-44.012787
16	0.627618	750	-2.432109	-46.444896
17	0.608884	750	-2.399376	-48.844272
18	0.590490	750	-2.344245	-51.188516
19	0.572433	750	-2.297213	-53.485729
20	0.554712	750	-2.235498	-55.721227
21	0.537324	750	-2.212102	-57.933329
22	0.520268	750	-2.193963	-60.127291
23	0.503540	750	-2.100349	-62.227641
24	0.487139	750	-2.094878	-64.322519
25	0.471063	750	-2.063636	-66.386155
26	0.455310	750	-2.007765	-68.393920
27	0.439877	750	-1.984771	-70.378691
28	0.424762	750	-1.960173	-72.338864
29	0.409963	750	-1.927330	-74.266193
30	0.395478	750	-1.894139	-76.160332
31	0.381305	750	-1.851047	-78.011379
32	0.367440	750	-1.825303	-79.836681
33	0.353883	750	-1.737843	-81.574524
34	0.340630	750	-1.746465	-83.320989
35	0.327680	750	-1.737115	-85.058104
36	0.315030	750	-1.696527	-86.754631
37	0.302677	750	-1.617479	-88.372110
38	0.290619	750	-1.601426	-89.973536
39	0.278855	750	-1.645427	-91.618963
40	0.267381	750	-1.531145	-93.150108
41	0.256195	750	-1.506780	-94.656888
42	0.245294	750	-1.477871	-96.134759
43	0.234677	750	-1.527014	-97.661773
44	0.224340	750	-1.389076	-99.050849
45	0.214281	750	-1.426144	-100.476993
46	0.204498	750	-1.433512	-101.910505
47	0.194988	750	-1.352825	-103.263330
48	0.185749	750	-1.310366	-104.573695
49	0.176777	750	-1.310338	-105.884034
50	0.168070	750	-1.283563	-107.167597
51	0.159626	750	-1.265802	-108.433398
52	0.151441	750	-1.242595	-109.675994
53	0.143514	750	-1.277880	-110.953874
54	0.135841	750	-1.219948	-112.173822
55	0.128420	750	-1.177614	-113.351436
56	0.121247	750	-1.278265	-114.629701
57	0.114320	750	-1.182326	-115.812026
58	0.107637	750	-1.096342	-116.908368
59	0.101193	750	-1.129048	-118.037416
60	0.094986	750	-1.206522	-119.243938
61	0.089014	750	-1.145715	-120.389654
62	0.083273	750	-1.056839	-121.446493
63	0.077760	750	-1.076260	-122.522753
64	0.072472	750	-1.020734	-123.543487
65	0.067406	750	-0.982219	-124.525706
66	0.062558	750	-0.976622	-125.502328
67	0.057926	750	-0.964529	-126.466858
68	0.053506	750	-0.951527	-127.418385
69	0.049295	750	-0.889978	-128.308362
70	0.045289	750	-0.833741	-129.142104
71	0.041485	750	-0.794961	-129.937065
72	0.037880	750	-0.798975	-130.736040
73	0.034469	750	-0.744889	-131.480929
74	0.031250	750	-0.719009	-132.199938
75	0.028218	750	-0.667533	-132.867471
76	0.025370	750	-0.696718	-133.564189
77	0.022702	750	-0.620032	-134.184220
78	0.020209	750	-0.576187	-134.760407
79	0.017889	750	-0.544682	-135.305088
80	0.015736	750	-0.567444	-135.872532
81	0.013746	750	-0.474059	-136.346591
82	0.011916	750	-0.444937	-136.791529
83	0.010240	750	-0.442244	-137.233773
84	0.008714	750	-0.409290	-137.643063
85	0.007334	750	-0.377485	-138.020547
86	0.006093	750	-0.368998	-138.389545
87	0.004988	750	-0.318628	-138.708173
88	0.004013	750	-0.298099	-139.006272
89	0.003162	750	-0.237851	-139.244124
90	0.002430	750	-0.235085	-139.479209
91	0.001810	750	-0.191939	-139.671148
92	0.001296	750	-0.158534	-139.829681
93	0.000882	750	-0.131197	-139.960878
94	0.000559	750	-0.095537	-140.056415
95	0.000320	750	-0.069515	-140.125930
96	0.000156	750	-0.051329	-140.177259
97	0.000057	750	-0.036867	-140.214125
98	0.000010	750	-0.014234	-140.228359
99	0.000000	750	-0.002876	-140.231235
Log marginal likelihood:	-140.231235
0	0.975187	750	-3.596704	-3.596704
1	0.950747	750	-3.536312	-7.133016
2	0.926679	750	-3.488695	-10.621711
3	0.902980	750	-3.439354	-14.061065
4	0.879648	750	-3.435146	-17.496211
5	0.856682	750	-3.360790	-20.857001
6	0.834079	750	-3.327514	-24.184515
7	0.811838	750	-3.270434	-27.454950
8	0.789957	750	-3.205657	-30.660607
9	0.768433	750	-3.146994	-33.807601
10	0.747266	750	-3.092434	-36.900034
11	0.726452	750	-3.062465	-39.962499
12	0.705989	750	-3.021663	-42.984162
13	0.685877	750	-2.963370	-45.947532
14	0.666112	750	-2.922991	-48.870523
15	0.646693	750	-2.856285	-51.726808
16	0.627618	750	-2.821040	-54.547848
17	0.608884	750	-2.760884	-57.308732
18	0.590490	750	-2.726656	-60.035388
19	0.572433	750	-2.663563	-62.698950
20	0.554712	750	-2.627066	-65.326016
21	0.537324	750	-2.559328	-67.885344
22	0.520268	750	-2.541147	-70.426491
23	0.503540	750	-2.489986	-72.916476
24	0.487139	750	-2.439149	-75.355626
25	0.471063	750	-2.439303	-77.794929
26	0.455310	750	-2.358773	-80.153702
27	0.439877	750	-2.334362	-82.488064
28	0.424762	750	-2.341248	-84.829313
29	0.409963	750	-2.257684	-87.086997
30	0.395478	750	-2.192504	-89.279501
31	0.381305	750	-2.146997	-91.426498
32	0.367440	750	-2.091954	-93.518452
33	0.353883	750	-2.081528	-95.599980
34	0.340630	750	-2.031098	-97.631079
35	0.327680	750	-2.017117	-99.648195
36	0.315030	750	-1.963238	-101.611433
37	0.302677	750	-1.946780	-103.558213
38	0.290619	750	-1.890056	-105.448269
39	0.278855	750	-1.836975	-107.285245
40	0.267381	750	-1.761526	-109.046771
41	0.256195	750	-1.751450	-110.798220
42	0.245294	750	-1.731601	-112.529821
43	0.234677	750	-1.684841	-114.214663
44	0.224340	750	-1.651686	-115.866348
45	0.214281	750	-1.570068	-117.436416
46	0.204498	750	-1.551505	-118.987920
47	0.194988	750	-1.588449	-120.576369
48	0.185749	750	-1.622605	-122.198974
49	0.176777	750	-1.435952	-123.634927
50	0.168070	750	-1.466443	-125.101370
51	0.159626	750	-1.467054	-126.568425
52	0.151441	750	-1.354948	-127.923373
53	0.143514	750	-1.520250	-129.443623
54	0.135841	750	-1.375390	-130.819012
55	0.128420	750	-1.347406	-132.166418
56	0.121247	750	-1.407153	-133.573571
57	0.114320	750	-1.286969	-134.860540
58	0.107637	750	-1.358068	-136.218608
59	0.101193	750	-1.110774	-137.329383
60	0.094986	750	-1.263768	-138.593151
61	0.089014	750	-1.252739	-139.845890
62	0.083273	750	-1.100240	-140.946130
63	0.077760	750	-1.020988	-141.967119
64	0.072472	750	-1.082072	-143.049191
65	0.067406	750	-1.035590	-144.084781
66	0.062558	750	-1.013273	-145.098054
67	0.057926	750	-1.012146	-146.110200
68	0.053506	750	-0.966544	-147.076744
69	0.049295	750	-0.925748	-148.002492
70	0.045289	750	-0.885570	-148.888062
71	0.041485	750	-0.846146	-149.734208
72	0.037880	750	-0.797619	-150.531827
73	0.034469	750	-0.762236	-151.294063
74	0.031250	750	-0.739963	-152.034026
75	0.028218	750	-0.702779	-152.736805
76	0.025370	750	-0.654635	-153.391440
77	0.022702	750	-0.636134	-154.027574
78	0.020209	750	-0.605402	-154.632976
79	0.017889	750	-0.571325	-155.204301
80	0.015736	750	-0.546527	-155.750828
81	0.013746	750	-0.521964	-156.272792
82	0.011916	750	-0.476256	-156.749047
83	0.010240	750	-0.469522	-157.218569
84	0.008714	750	-0.448969	-157.667539
85	0.007334	750	-0.396490	-158.064029
86	0.006093	750	-0.344578	-158.408607
87	0.004988	750	-0.320738	-158.729345
88	0.004013	750	-0.280331	-159.009676
89	0.003162	750	-0.272802	-159.282479
90	0.002430	750	-0.235688	-159.518167
91	0.001810	750	-0.191242	-159.709409
92	0.001296	750	-0.165233	-159.874642
93	0.000882	750	-0.132276	-160.006918
94	0.000559	750	-0.106286	-160.113204
95	0.000320	750	-0.073674	-160.186877
96	0.000156	750	-0.055167	-160.242044
97	0.000057	750	-0.032533	-160.274577
98	0.000010	750	-0.015270	-160.289847
99	0.000000	750	-0.003239	-160.293086
Log marginal likelihood:	-160.293086
0	0.975187	750	-3.458835	-3.458835
1	0.950747	750	-3.434236	-6.893071
2	0.926679	750	-3.381907	-10.274978
3	0.902980	750	-3.345012	-13.619990
4	0.879648	750	-3.253926	-16.873916
5	0.856682	750	-3.226647	-20.100563
6	0.834079	750	-3.165985	-23.266548
7	0.811838	750	-3.158159	-26.424707
8	0.789957	750	-3.249433	-29.674140
9	0.768433	750	-3.020158	-32.694298
10	0.747266	750	-2.981243	-35.675541
11	0.726452	750	-3.007074	-38.682615
12	0.705989	750	-2.914552	-41.597167
13	0.685877	750	-2.830156	-44.427323
14	0.666112	750	-2.806203	-47.233526
15	0.646693	750	-2.943029	-50.176555
16	0.627618	750	-2.770796	-52.947350
17	0.608884	750	-2.774674	-55.722024
18	0.590490	750	-2.760721	-58.482745
19	0.572433	750	-2.662643	-61.145388
20	0.554712	750	-2.681776	-63.827163
21	0.537324	750	-2.594742	-66.421906
22	0.520268	750	-2.540500	-68.962406
23	0.503540	750	-2.479282	-71.441688
24	0.487139	750	-2.410385	-73.852073
25	0.471063	750	-2.463412	-76.315485
26	0.455310	750	-2.378342	-78.693827
27	0.439877	750	-2.323167	-81.016994
28	0.424762	750	-2.310685	-83.327678
29	0.409963	750	-2.247996	-85.575675
30	0.395478	750	-2.221869	-87.797543
31	0.381305	750	-2.178897	-89.976441
32	0.367440	750	-2.150382	-92.126822
33	0.353883	750	-2.114259	-94.241081
34	0.340630	750	-2.068501	-96.309583
35	0.327680	750	-2.015492	-98.325075
36	0.315030	750	-1.960293	-100.285367
37	0.302677	750	-1.917161	-102.202528
38	0.290619	750	-1.920916	-104.123444
39	0.278855	750	-1.864906	-105.988349
40	0.267381	750	-1.830630	-107.818979
41	0.256195	750	-1.876104	-109.695083
42	0.245294	750	-1.732128	-111.427211
43	0.234677	750	-1.675571	-113.102782
44	0.224340	750	-1.674747	-114.777529
45	0.214281	750	-1.628367	-116.405896
46	0.204498	750	-1.612502	-118.018398
47	0.194988	750	-1.549238	-119.567636
48	0.185749	750	-1.523780	-121.091415
49	0.176777	750	-1.459104	-122.550519
50	0.168070	750	-1.562602	-124.113121
51	0.159626	750	-1.439181	-125.552302
52	0.151441	750	-1.620722	-127.173023
53	0.143514	750	-1.429221	-128.602245
54	0.135841	750	-1.364856	-129.967100
55	0.128420	750	-1.398791	-131.365891
56	0.121247	750	-1.411568	-132.777459
57	0.114320	750	-1.392691	-134.170150
58	0.107637	750	-1.240983	-135.411133
59	0.101193	750	-1.248741	-136.659874
60	0.094986	750	-1.309656	-137.969529
61	0.089014	750	-1.240863	-139.210392
62	0.083273	750	-1.235396	-140.445789
63	0.077760	750	-1.170802	-141.616590
64	0.072472	750	-1.099418	-142.716008
65	0.067406	750	-1.060390	-143.776399
66	0.062558	750	-1.013288	-144.789687
67	0.057926	750	-0.982527	-145.772214
68	0.053506	750	-0.942737	-146.714951
69	0.049295	750	-0.935445	-147.650396
70	0.045289	750	-0.863733	-148.514128
71	0.041485	750	-0.856214	-149.370342
72	0.037880	750	-0.800128	-150.170470
73	0.034469	750	-0.787039	-150.957509
74	0.031250	750	-0.733181	-151.690690
75	0.028218	750	-0.737119	-152.427809
76	0.025370	750	-0.685241	-153.113050
77	0.022702	750	-0.651567	-153.764617
78	0.020209	750	-0.637145	-154.401762
79	0.017889	750	-0.569625	-154.971387
80	0.015736	750	-0.566918	-155.538305
81	0.013746	750	-0.535172	-156.073476
82	0.011916	750	-0.500707	-156.574183
83	0.010240	750	-0.441087	-157.015270
84	0.008714	750	-0.434839	-157.450109
85	0.007334	750	-0.373199	-157.823308
86	0.006093	750	-0.345761	-158.169070
87	0.004988	750	-0.319987	-158.489057
88	0.004013	750	-0.298862	-158.787919
89	0.003162	750	-0.233544	-159.021462
90	0.002430	750	-0.267470	-159.288932
91	0.001810	750	-0.189122	-159.478055
92	0.001296	750	-0.158196	-159.636251
93	0.000882	750	-0.132255	-159.768506
94	0.000559	750	-0.105731	-159.874237
95	0.000320	750	-0.081832	-159.956069
96	0.000156	750	-0.050924	-160.006994
97	0.000057	750	-0.032959	-160.039953
98	0.000010	750	-0.017479	-160.057432
99	0.000000	750	-0.003363	-160.060795
Log marginal likelihood:	-160.060795
0	0.975187	750	-2.872238	-2.872238
1	0.950747	750	-2.817508	-5.689746
2	0.926679	750	-2.763200	-8.452946
3	0.902980	750	-2.786199	-11.239145
4	0.879648	750	-2.724923	-13.964067
5	0.856682	750	-2.658575	-16.622642
6	0.834079	750	-2.653920	-19.276562
7	0.811838	750	-2.671611	-21.948173
8	0.789957	750	-2.567390	-24.515563
9	0.768433	750	-2.513173	-27.028736
10	0.747266	750	-2.483252	-29.511989
11	0.726452	750	-2.487816	-31.999805
12	0.705989	750	-2.458018	-34.457823
13	0.685877	750	-2.352742	-36.810565
14	0.666112	750	-2.350237	-39.160803
15	0.646693	750	-2.311894	-41.472696
16	0.627618	750	-2.303323	-43.776020
17	0.608884	750	-2.245290	-46.021309
18	0.590490	750	-2.205966	-48.227275
19	0.572433	750	-2.169338	-50.396613
20	0.554712	750	-2.149332	-52.545945
21	0.537324	750	-2.102894	-54.648840
22	0.520268	750	-2.093715	-56.742555
23	0.503540	750	-2.001178	-58.743733
24	0.487139	750	-2.014417	-60.758150
25	0.471063	750	-1.959022	-62.717171
26	0.455310	750	-1.945309	-64.662481
27	0.439877	750	-1.914971	-66.577452
28	0.424762	750	-1.865984	-68.443435
29	0.409963	750	-1.846047	-70.289482
30	0.395478	750	-1.842631	-72.132113
31	0.381305	750	-1.776135	-73.908248
32	0.367440	750	-1.784730	-75.692978
33	0.353883	750	-1.702951	-77.395929
34	0.340630	750	-1.656016	-79.051944
35	0.327680	750	-1.637955	-80.689900
36	0.315030	750	-1.679564	-82.369464
37	0.302677	750	-1.582950	-83.952414
38	0.290619	750	-1.563380	-85.515794
39	0.278855	750	-1.564823	-87.080616
40	0.267381	750	-1.490767	-88.571383
41	0.256195	750	-1.441617	-90.013001
42	0.245294	750	-1.437970	-91.450970
43	0.234677	750	-1.403837	-92.854807
44	0.224340	750	-1.422469	-94.277276
45	0.214281	750	-1.418930	-95.696206
46	0.204498	750	-1.346438	-97.042644
47	0.194988	750	-1.347371	-98.390015
48	0.185749	750	-1.451810	-99.841825
49	0.176777	750	-1.359843	-101.201667
50	0.168070	750	-1.254431	-102.456098
51	0.159626	750	-1.171103	-103.627201
52	0.151441	750	-1.271832	-104.899033
53	0.143514	750	-1.182615	-106.081647
54	0.135841	750	-1.149765	-107.231412
55	0.128420	750	-1.176245	-108.407658
56	0.121247	750	-1.083450	-109.491108
57	0.114320	750	-1.060394	-110.551502
58	0.107637	750	-1.061939	-111.613441
59	0.101193	750	-1.174185	-112.787626
60	0.094986	750	-1.194470	-113.982096
61	0.089014	750	-1.113403	-115.095500
62	0.083273	750	-0.962936	-116.058435
63	0.077760	750	-0.971030	-117.029465
64	0.072472	750	-1.033544	-118.063009
65	0.067406	750	-0.957048	-119.020057
66	0.062558	750	-0.960070	-119.980127
67	0.057926	750	-0.881255	-120.861382
68	0.053506	750	-0.855816	-121.717198
69	0.049295	750	-0.883390	-122.600589
70	0.045289	750	-0.803547	-123.404135
71	0.041485	750	-0.810760	-124.214895
72	0.037880	750	-0.749667	-124.964562
73	0.034469	750	-0.695298	-125.659860
74	0.031250	750	-0.714208	-126.374068
75	0.028218	750	-0.706617	-127.080685
76	0.025370	750	-0.654289	-127.734974
77	0.022702	750	-0.592060	-128.327034
78	0.020209	750	-0.569589	-128.896624
79	0.017889	750	-0.544354	-129.440977
80	0.015736	750	-0.531764	-129.972741
81	0.013746	750	-0.512759	-130.485500
82	0.011916	750	-0.460979	-130.946479
83	0.010240	750	-0.441495	-131.387974
84	0.008714	750	-0.383788	-131.771762
85	0.007334	750	-0.386589	-132.158352
86	0.006093	750	-0.348499	-132.506851
87	0.004988	750	-0.296201	-132.803052
88	0.004013	750	-0.303426	-133.106477
89	0.003162	750	-0.247855	-133.354333
90	0.002430	750	-0.233662	-133.587995
91	0.001810	750	-0.193574	-133.781568
92	0.001296	750	-0.158500	-133.940069
93	0.000882	750	-0.132241	-134.072310
94	0.000559	750	-0.098356	-134.170666
95	0.000320	750	-0.073120	-134.243786
96	0.000156	750	-0.050515	-134.294301
97	0.000057	750	-0.033166	-134.327467
98	0.000010	750	-0.014641	-134.342108
99	0.000000	750	-0.003572	-134.345680
Log marginal likelihood:	-134.345680
0	0.975187	750	-3.690156	-3.690156
1	0.950747	750	-3.639057	-7.329212
2	0.926679	750	-3.537586	-10.866799
3	0.902980	750	-3.523389	-14.390188
4	0.879648	750	-3.437401	-17.827589
5	0.856682	750	-3.406848	-21.234437
6	0.834079	750	-3.325062	-24.559499
7	0.811838	750	-3.327105	-27.886604
8	0.789957	750	-3.280175	-31.166779
9	0.768433	750	-3.195063	-34.361842
10	0.747266	750	-3.177703	-37.539545
11	0.726452	750	-3.110319	-40.649863
12	0.705989	750	-3.052186	-43.702049
13	0.685877	750	-3.000063	-46.702112
14	0.666112	750	-2.971433	-49.673545
15	0.646693	750	-2.947061	-52.620606
16	0.627618	750	-2.853917	-55.474523
17	0.608884	750	-2.831263	-58.305786
18	0.590490	750	-2.742202	-61.047987
19	0.572433	750	-2.694149	-63.742136
20	0.554712	750	-2.677189	-66.419325
21	0.537324	750	-2.616370	-69.035696
22	0.520268	750	-2.674319	-71.710014
23	0.503540	750	-2.555853	-74.265868
24	0.487139	750	-2.489855	-76.755723
25	0.471063	750	-2.438869	-79.194592
26	0.455310	750	-2.416948	-81.611540
27	0.439877	750	-2.362009	-83.973549
28	0.424762	750	-2.358538	-86.332087
29	0.409963	750	-2.292360	-88.624447
30	0.395478	750	-2.272946	-90.897392
31	0.381305	750	-2.237518	-93.134910
32	0.367440	750	-2.152791	-95.287701
33	0.353883	750	-2.123040	-97.410741
34	0.340630	750	-2.049931	-99.460672
35	0.327680	750	-2.009298	-101.469970
36	0.315030	750	-2.050442	-103.520412
37	0.302677	750	-1.929092	-105.449504
38	0.290619	750	-1.929749	-107.379253
39	0.278855	750	-1.852405	-109.231658
40	0.267381	750	-1.862692	-111.094350
41	0.256195	750	-1.847009	-112.941359
42	0.245294	750	-1.770145	-114.711504
43	0.234677	750	-1.759330	-116.470834
44	0.224340	750	-1.804888	-118.275722
45	0.214281	750	-1.640526	-119.916248
46	0.204498	750	-1.693409	-121.609657
47	0.194988	750	-1.544055	-123.153712
48	0.185749	750	-1.647456	-124.801168
49	0.176777	750	-1.611866	-126.413035
50	0.168070	750	-1.468813	-127.881847
51	0.159626	750	-1.402344	-129.284192
52	0.151441	750	-1.437148	-130.721339
53	0.143514	750	-1.536165	-132.257505
54	0.135841	750	-1.340985	-133.598490
55	0.128420	750	-1.394327	-134.992816
56	0.121247	750	-1.362247	-136.355063
57	0.114320	750	-1.241027	-137.596090
58	0.107637	750	-1.272265	-138.868356
59	0.101193	750	-1.235641	-140.103996
60	0.094986	750	-1.180624	-141.284620
61	0.089014	750	-1.143165	-142.427785
62	0.083273	750	-1.127510	-143.555294
63	0.077760	750	-1.107395	-144.662689
64	0.072472	750	-1.051285	-145.713974
65	0.067406	750	-1.038987	-146.752961
66	0.062558	750	-1.006606	-147.759567
67	0.057926	750	-0.981418	-148.740985
68	0.053506	750	-0.908672	-149.649657
69	0.049295	750	-0.890562	-150.540219
70	0.045289	750	-0.872984	-151.413203
71	0.041485	750	-0.783003	-152.196206
72	0.037880	750	-0.792792	-152.988998
73	0.034469	750	-0.738452	-153.727450
74	0.031250	750	-0.719811	-154.447261
75	0.028218	750	-0.685369	-155.132631
76	0.025370	750	-0.653857	-155.786488
77	0.022702	750	-0.636678	-156.423166
78	0.020209	750	-0.604983	-157.028149
79	0.017889	750	-0.589029	-157.617178
80	0.015736	750	-0.529002	-158.146181
81	0.013746	750	-0.523701	-158.669881
82	0.011916	750	-0.497446	-159.167328
83	0.010240	750	-0.416969	-159.584296
84	0.008714	750	-0.390864	-159.975160
85	0.007334	750	-0.367805	-160.342965
86	0.006093	750	-0.337644	-160.680609
87	0.004988	750	-0.324435	-161.005044
88	0.004013	750	-0.278554	-161.283598
89	0.003162	750	-0.269897	-161.553495
90	0.002430	750	-0.209182	-161.762677
91	0.001810	750	-0.222596	-161.985273
92	0.001296	750	-0.153000	-162.138273
93	0.000882	750	-0.148481	-162.286754
94	0.000559	750	-0.097504	-162.384258
95	0.000320	750	-0.073758	-162.458016
96	0.000156	750	-0.049503	-162.507520
97	0.000057	750	-0.034675	-162.542195
98	0.000010	750	-0.015351	-162.557546
99	0.000000	750	-0.003256	-162.560802
Log marginal likelihood:	-162.560802
0	0.975187	750	-3.267372	-3.267372
1	0.950747	750	-3.185767	-6.453139
2	0.926679	750	-3.171426	-9.624566
3	0.902980	750	-3.222724	-12.847290
4	0.879648	750	-3.064427	-15.911717
5	0.856682	750	-3.042248	-18.953965
6	0.834079	750	-3.013654	-21.967619
7	0.811838	750	-2.925008	-24.892627
8	0.789957	750	-2.995650	-27.888277
9	0.768433	750	-2.843439	-30.731716
10	0.747266	750	-2.782824	-33.514539
11	0.726452	750	-2.733739	-36.248278
12	0.705989	750	-2.725616	-38.973894
13	0.685877	750	-2.686585	-41.660479
14	0.666112	750	-2.601762	-44.262241
15	0.646693	750	-2.653020	-46.915261
16	0.627618	750	-2.582201	-49.497462
17	0.608884	750	-2.567572	-52.065034
18	0.590490	750	-2.527412	-54.592446
19	0.572433	750	-2.454355	-57.046801
20	0.554712	750	-2.454968	-59.501769
21	0.537324	750	-2.383524	-61.885292
22	0.520268	750	-2.362493	-64.247785
23	0.503540	750	-2.337302	-66.585086
24	0.487139	750	-2.258300	-68.843386
25	0.471063	750	-2.241552	-71.084938
26	0.455310	750	-2.204886	-73.289824
27	0.439877	750	-2.086407	-75.376230
28	0.424762	750	-2.088836	-77.465067
29	0.409963	750	-2.075193	-79.540260
30	0.395478	750	-2.035976	-81.576235
31	0.381305	750	-1.968403	-83.544639
32	0.367440	750	-1.943404	-85.488043
33	0.353883	750	-1.937813	-87.425856
34	0.340630	750	-1.875903	-89.301759
35	0.327680	750	-1.805288	-91.107047
36	0.315030	750	-1.825042	-92.932089
37	0.302677	750	-1.763211	-94.695301
38	0.290619	750	-1.715685	-96.410986
39	0.278855	750	-1.695505	-98.106490
40	0.267381	750	-1.688947	-99.795438
41	0.256195	750	-1.656364	-101.451802
42	0.245294	750	-1.549440	-103.001242
43	0.234677	750	-1.596574	-104.597816
44	0.224340	750	-1.481487	-106.079303
45	0.214281	750	-1.524129	-107.603433
46	0.204498	750	-1.534851	-109.138284
47	0.194988	750	-1.431368	-110.569652
48	0.185749	750	-1.454561	-112.024213
49	0.176777	750	-1.473208	-113.497421
50	0.168070	750	-1.360109	-114.857530
51	0.159626	750	-1.308546	-116.166076
52	0.151441	750	-1.363585	-117.529662
53	0.143514	750	-1.374615	-118.904277
54	0.135841	750	-1.281826	-120.186103
55	0.128420	750	-1.309977	-121.496080
56	0.121247	750	-1.246408	-122.742487
57	0.114320	750	-1.195533	-123.938020
58	0.107637	750	-1.199559	-125.137579
59	0.101193	750	-1.216095	-126.353674
60	0.094986	750	-1.214875	-127.568549
61	0.089014	750	-1.180209	-128.748758
62	0.083273	750	-1.125989	-129.874747
63	0.077760	750	-1.121453	-130.996200
64	0.072472	750	-1.082372	-132.078572
65	0.067406	750	-1.019633	-133.098205
66	0.062558	750	-0.965901	-134.064106
67	0.057926	750	-0.951627	-135.015733
68	0.053506	750	-0.927414	-135.943146
69	0.049295	750	-0.877681	-136.820828
70	0.045289	750	-0.867601	-137.688429
71	0.041485	750	-0.791967	-138.480396
72	0.037880	750	-0.767338	-139.247735
73	0.034469	750	-0.777517	-140.025252
74	0.031250	750	-0.711720	-140.736972
75	0.028218	750	-0.659348	-141.396320
76	0.025370	750	-0.681151	-142.077471
77	0.022702	750	-0.649531	-142.727002
78	0.020209	750	-0.575671	-143.302673
79	0.017889	750	-0.543066	-143.845739
80	0.015736	750	-0.527908	-144.373646
81	0.013746	750	-0.517698	-144.891344
82	0.011916	750	-0.447095	-145.338439
83	0.010240	750	-0.445900	-145.784338
84	0.008714	750	-0.427118	-146.211457
85	0.007334	750	-0.374095	-146.585551
86	0.006093	750	-0.396170	-146.981721
87	0.004988	750	-0.315025	-147.296747
88	0.004013	750	-0.298159	-147.594905
89	0.003162	750	-0.271013	-147.865918
90	0.002430	750	-0.220563	-148.086481
91	0.001810	750	-0.189177	-148.275658
92	0.001296	750	-0.164753	-148.440411
93	0.000882	750	-0.130629	-148.571040
94	0.000559	750	-0.103885	-148.674925
95	0.000320	750	-0.069192	-148.744116
96	0.000156	750	-0.047757	-148.791873
97	0.000057	750	-0.034047	-148.825920
98	0.000010	750	-0.015895	-148.841815
99	0.000000	750	-0.003424	-148.845239
Log marginal likelihood:	-148.845239
0	0.975187	750	-3.192559	-3.192559
1	0.950747	750	-3.142998	-6.335557
2	0.926679	750	-3.106262	-9.441820
3	0.902980	750	-3.062566	-12.504386
4	0.879648	750	-3.069321	-15.573707
5	0.856682	750	-3.012393	-18.586100
6	0.834079	750	-2.979616	-21.565716
7	0.811838	750	-2.959714	-24.525430
8	0.789957	750	-2.891493	-27.416923
9	0.768433	750	-2.869576	-30.286499
10	0.747266	750	-2.763384	-33.049883
11	0.726452	750	-2.770046	-35.819929
12	0.705989	750	-2.744336	-38.564265
13	0.685877	750	-2.714941	-41.279206
14	0.666112	750	-2.646427	-43.925633
15	0.646693	750	-2.590952	-46.516585
16	0.627618	750	-2.538913	-49.055498
17	0.608884	750	-2.515375	-51.570872
18	0.590490	750	-2.436429	-54.007301
19	0.572433	750	-2.460185	-56.467487
20	0.554712	750	-2.369797	-58.837284
21	0.537324	750	-2.404806	-61.242090
22	0.520268	750	-2.340775	-63.582865
23	0.503540	750	-2.306356	-65.889221
24	0.487139	750	-2.232861	-68.122082
25	0.471063	750	-2.181868	-70.303950
26	0.455310	750	-2.179065	-72.483016
27	0.439877	750	-2.107982	-74.590998
28	0.424762	750	-2.116851	-76.707849
29	0.409963	750	-2.040787	-78.748636
30	0.395478	750	-2.045240	-80.793876
31	0.381305	750	-1.970909	-82.764785
32	0.367440	750	-1.940952	-84.705738
33	0.353883	750	-1.934075	-86.639812
34	0.340630	750	-1.847602	-88.487415
35	0.327680	750	-1.848276	-90.335691
36	0.315030	750	-1.774891	-92.110582
37	0.302677	750	-1.776227	-93.886809
38	0.290619	750	-1.706515	-95.593324
39	0.278855	750	-1.714471	-97.307795
40	0.267381	750	-1.645981	-98.953776
41	0.256195	750	-1.630847	-100.584623
42	0.245294	750	-1.582763	-102.167387
43	0.234677	750	-1.547656	-103.715043
44	0.224340	750	-1.573708	-105.288751
45	0.214281	750	-1.508179	-106.796929
46	0.204498	750	-1.462773	-108.259702
47	0.194988	750	-1.407026	-109.666728
48	0.185749	750	-1.409239	-111.075967
49	0.176777	750	-1.358572	-112.434540
50	0.168070	750	-1.446568	-113.881108
51	0.159626	750	-1.367024	-115.248131
52	0.151441	750	-1.306323	-116.554454
53	0.143514	750	-1.235046	-117.789501
54	0.135841	750	-1.335882	-119.125383
55	0.128420	750	-1.186886	-120.312269
56	0.121247	750	-1.192859	-121.505128
57	0.114320	750	-1.207870	-122.712999
58	0.107637	750	-1.088334	-123.801332
59	0.101193	750	-1.068212	-124.869544
60	0.094986	750	-1.147803	-126.017348
61	0.089014	750	-1.045360	-127.062708
62	0.083273	750	-1.074938	-128.137646
63	0.077760	750	-1.067643	-129.205289
64	0.072472	750	-1.073329	-130.278618
65	0.067406	750	-0.970470	-131.249087
66	0.062558	750	-0.953286	-132.202373
67	0.057926	750	-0.922994	-133.125367
68	0.053506	750	-0.874145	-133.999512
69	0.049295	750	-0.850652	-134.850164
70	0.045289	750	-0.862326	-135.712490
71	0.041485	750	-0.796868	-136.509358
72	0.037880	750	-0.759068	-137.268426
73	0.034469	750	-0.761612	-138.030038
74	0.031250	750	-0.742444	-138.772482
75	0.028218	750	-0.660009	-139.432491
76	0.025370	750	-0.609708	-140.042199
77	0.022702	750	-0.618008	-140.660207
78	0.020209	750	-0.612801	-141.273008
79	0.017889	750	-0.566265	-141.839273
80	0.015736	750	-0.569999	-142.409272
81	0.013746	750	-0.529465	-142.938738
82	0.011916	750	-0.456397	-143.395135
83	0.010240	750	-0.440208	-143.835343
84	0.008714	750	-0.450011	-144.285353
85	0.007334	750	-0.360068	-144.645421
86	0.006093	750	-0.386863	-145.032284
87	0.004988	750	-0.291913	-145.324198
88	0.004013	750	-0.273829	-145.598027
89	0.003162	750	-0.239852	-145.837879
90	0.002430	750	-0.235915	-146.073794
91	0.001810	750	-0.196934	-146.270728
92	0.001296	750	-0.154625	-146.425353
93	0.000882	750	-0.134333	-146.559686
94	0.000559	750	-0.112400	-146.672086
95	0.000320	750	-0.074598	-146.746684
96	0.000156	750	-0.049573	-146.796257
97	0.000057	750	-0.031047	-146.827304
98	0.000010	750	-0.014674	-146.841978
99	0.000000	750	-0.003277	-146.845255
Log marginal likelihood:	-146.845255
0	0.975187	750	-3.497225	-3.497225
1	0.950747	750	-3.458969	-6.956194
2	0.926679	750	-3.380606	-10.336799
3	0.902980	750	-3.364333	-13.701132
4	0.879648	750	-3.293283	-16.994415
5	0.856682	750	-3.294473	-20.288888
6	0.834079	750	-3.215854	-23.504742
7	0.811838	750	-3.169343	-26.674085
8	0.789957	750	-3.121929	-29.796014
9	0.768433	750	-3.072162	-32.868176
10	0.747266	750	-3.075663	-35.943839
11	0.726452	750	-2.994160	-38.937999
12	0.705989	750	-2.932450	-41.870449
13	0.685877	750	-2.868671	-44.739120
14	0.666112	750	-2.890576	-47.629695
15	0.646693	750	-2.842575	-50.472270
16	0.627618	750	-2.709019	-53.181290
17	0.608884	750	-2.679096	-55.860386
18	0.590490	750	-2.676624	-58.537010
19	0.572433	750	-2.632269	-61.169279
20	0.554712	750	-2.578690	-63.747969
21	0.537324	750	-2.534736	-66.282705
22	0.520268	750	-2.533669	-68.816374
23	0.503540	750	-2.466603	-71.282977
24	0.487139	750	-2.504953	-73.787931
25	0.471063	750	-2.433383	-76.221313
26	0.455310	750	-2.398818	-78.620131
27	0.439877	750	-2.285154	-80.905285
28	0.424762	750	-2.265735	-83.171020
29	0.409963	750	-2.216843	-85.387863
30	0.395478	750	-2.166400	-87.554263
31	0.381305	750	-2.185263	-89.739525
32	0.367440	750	-2.165987	-91.905513
33	0.353883	750	-2.062632	-93.968144
34	0.340630	750	-2.036710	-96.004854
35	0.327680	750	-1.977244	-97.982098
36	0.315030	750	-1.916169	-99.898266
37	0.302677	750	-1.875142	-101.773408
38	0.290619	750	-1.851785	-103.625194
39	0.278855	750	-1.890430	-105.515624
40	0.267381	750	-1.835973	-107.351597
41	0.256195	750	-1.791295	-109.142892
42	0.245294	750	-1.697545	-110.840438
43	0.234677	750	-1.679811	-112.520249
44	0.224340	750	-1.683230	-114.203479
45	0.214281	750	-1.635011	-115.838490
46	0.204498	750	-1.647802	-117.486292
47	0.194988	750	-1.623864	-119.110156
48	0.185749	750	-1.528320	-120.638476
49	0.176777	750	-1.562157	-122.200632
50	0.168070	750	-1.609883	-123.810516
51	0.159626	750	-1.491502	-125.302018
52	0.151441	750	-1.377362	-126.679379
53	0.143514	750	-1.497626	-128.177006
54	0.135841	750	-1.343249	-129.520254
55	0.128420	750	-1.358911	-130.879165
56	0.121247	750	-1.259538	-132.138703
57	0.114320	750	-1.331558	-133.470261
58	0.107637	750	-1.322780	-134.793040
59	0.101193	750	-1.221113	-136.014153
60	0.094986	750	-1.247729	-137.261883
61	0.089014	750	-1.180945	-138.442828
62	0.083273	750	-1.080270	-139.523098
63	0.077760	750	-1.114172	-140.637270
64	0.072472	750	-1.031014	-141.668284
65	0.067406	750	-1.027581	-142.695865
66	0.062558	750	-0.953699	-143.649564
67	0.057926	750	-0.996466	-144.646030
68	0.053506	750	-0.961670	-145.607699
69	0.049295	750	-0.885104	-146.492803
70	0.045289	750	-0.877692	-147.370496
71	0.041485	750	-0.804150	-148.174646
72	0.037880	750	-0.800608	-148.975254
73	0.034469	750	-0.795304	-149.770558
74	0.031250	750	-0.713333	-150.483891
75	0.028218	750	-0.666055	-151.149946
76	0.025370	750	-0.642044	-151.791990
77	0.022702	750	-0.619603	-152.411593
78	0.020209	750	-0.608416	-153.020009
79	0.017889	750	-0.597537	-153.617546
80	0.015736	750	-0.556978	-154.174524
81	0.013746	750	-0.481180	-154.655704
82	0.011916	750	-0.498333	-155.154037
83	0.010240	750	-0.446743	-155.600780
84	0.008714	750	-0.423449	-156.024229
85	0.007334	750	-0.368290	-156.392519
86	0.006093	750	-0.334614	-156.727133
87	0.004988	750	-0.348040	-157.075173
88	0.004013	750	-0.284866	-157.360039
89	0.003162	750	-0.259189	-157.619228
90	0.002430	750	-0.232883	-157.852111
91	0.001810	750	-0.197686	-158.049797
92	0.001296	750	-0.154845	-158.204643
93	0.000882	750	-0.132662	-158.337305
94	0.000559	750	-0.127166	-158.464470
95	0.000320	750	-0.076204	-158.540674
96	0.000156	750	-0.054591	-158.595265
97	0.000057	750	-0.036898	-158.632163
98	0.000010	750	-0.016190	-158.648353
99	0.000000	750	-0.003550	-158.651902
Log marginal likelihood:	-158.651902
0	0.975187	750	-3.473509	-3.473509
1	0.950747	750	-3.366509	-6.840018
2	0.926679	750	-3.333890	-10.173908
3	0.902980	750	-3.276948	-13.450856
4	0.879648	750	-3.224661	-16.675517
5	0.856682	750	-3.239694	-19.915211
6	0.834079	750	-3.158703	-23.073914
7	0.811838	750	-3.102325	-26.176239
8	0.789957	750	-3.038589	-29.214828
9	0.768433	750	-2.957626	-32.172454
10	0.747266	750	-2.952134	-35.124588
11	0.726452	750	-2.925965	-38.050553
12	0.705989	750	-2.912202	-40.962755
13	0.685877	750	-2.814874	-43.777629
14	0.666112	750	-2.804273	-46.581902
15	0.646693	750	-2.714400	-49.296302
16	0.627618	750	-2.668903	-51.965205
17	0.608884	750	-2.621810	-54.587015
18	0.590490	750	-2.585394	-57.172409
19	0.572433	750	-2.552513	-59.724922
20	0.554712	750	-2.508267	-62.233190
21	0.537324	750	-2.446531	-64.679720
22	0.520268	750	-2.429796	-67.109517
23	0.503540	750	-2.414107	-69.523624
24	0.487139	750	-2.352729	-71.876352
25	0.471063	750	-2.287560	-74.163912
26	0.455310	750	-2.254730	-76.418642
27	0.439877	750	-2.198607	-78.617248
28	0.424762	750	-2.155653	-80.772901
29	0.409963	750	-2.131844	-82.904745
30	0.395478	750	-2.107359	-85.012104
31	0.381305	750	-2.062521	-87.074624
32	0.367440	750	-2.016525	-89.091150
33	0.353883	750	-2.010432	-91.101582
34	0.340630	750	-1.980273	-93.081854
35	0.327680	750	-1.916517	-94.998371
36	0.315030	750	-1.877089	-96.875460
37	0.302677	750	-1.825933	-98.701393
38	0.290619	750	-1.837132	-100.538525
39	0.278855	750	-1.792437	-102.330962
40	0.267381	750	-1.692191	-104.023153
41	0.256195	750	-1.695616	-105.718770
42	0.245294	750	-1.709590	-107.428359
43	0.234677	750	-1.701405	-109.129764
44	0.224340	750	-1.569746	-110.699510
45	0.214281	750	-1.536176	-112.235686
46	0.204498	750	-1.538386	-113.774072
47	0.194988	750	-1.465933	-115.240006
48	0.185749	750	-1.510511	-116.750516
49	0.176777	750	-1.461632	-118.212149
50	0.168070	750	-1.345726	-119.557875
51	0.159626	750	-1.385680	-120.943554
52	0.151441	750	-1.299278	-122.242832
53	0.143514	750	-1.404766	-123.647598
54	0.135841	750	-1.346243	-124.993842
55	0.128420	750	-1.230256	-126.224098
56	0.121247	750	-1.347706	-127.571804
57	0.114320	750	-1.144262	-128.716067
58	0.107637	750	-1.299398	-130.015464
59	0.101193	750	-1.307636	-131.323100
60	0.094986	750	-1.183643	-132.506744
61	0.089014	750	-1.225849	-133.732593
62	0.083273	750	-1.156630	-134.889222
63	0.077760	750	-1.066093	-135.955315
64	0.072472	750	-1.020725	-136.976040
65	0.067406	750	-1.008754	-137.984794
66	0.062558	750	-1.021727	-139.006521
67	0.057926	750	-0.946691	-139.953212
68	0.053506	750	-0.981936	-140.935148
69	0.049295	750	-0.919963	-141.855111
70	0.045289	750	-0.900217	-142.755328
71	0.041485	750	-0.845155	-143.600483
72	0.037880	750	-0.817293	-144.417776
73	0.034469	750	-0.728372	-145.146148
74	0.031250	750	-0.712835	-145.858983
75	0.028218	750	-0.706393	-146.565376
76	0.025370	750	-0.669892	-147.235268
77	0.022702	750	-0.605031	-147.840300
78	0.020209	750	-0.614695	-148.454995
79	0.017889	750	-0.586703	-149.041698
80	0.015736	750	-0.522239	-149.563937
81	0.013746	750	-0.495442	-150.059379
82	0.011916	750	-0.481996	-150.541375
83	0.010240	750	-0.443519	-150.984894
84	0.008714	750	-0.402135	-151.387029
85	0.007334	750	-0.361793	-151.748821
86	0.006093	750	-0.330935	-152.079756
87	0.004988	750	-0.312710	-152.392466
88	0.004013	750	-0.287246	-152.679712
89	0.003162	750	-0.255565	-152.935277
90	0.002430	750	-0.222843	-153.158120
91	0.001810	750	-0.221325	-153.379445
92	0.001296	750	-0.151071	-153.530516
93	0.000882	750	-0.116078	-153.646593
94	0.000559	750	-0.114688	-153.761281
95	0.000320	750	-0.085363	-153.846645
96	0.000156	750	-0.061067	-153.907711
97	0.000057	750	-0.028254	-153.935965
98	0.000010	750	-0.014771	-153.950735
99	0.000000	750	-0.003044	-153.953779
Log marginal likelihood:	-153.953779
0	0.975187	750	-3.692720	-3.692720
1	0.950747	750	-3.642266	-7.334985
2	0.926679	750	-3.611205	-10.946191
3	0.902980	750	-3.553290	-14.499480
4	0.879648	750	-3.503430	-18.002910
5	0.856682	750	-3.445571	-21.448481
6	0.834079	750	-3.382002	-24.830483
7	0.811838	750	-3.352759	-28.183242
8	0.789957	750	-3.285862	-31.469104
9	0.768433	750	-3.231228	-34.700332
10	0.747266	750	-3.211160	-37.911492
11	0.726452	750	-3.230369	-41.141862
12	0.705989	750	-3.080689	-44.222551
13	0.685877	750	-3.005776	-47.228327
14	0.666112	750	-2.976666	-50.204993
15	0.646693	750	-2.958700	-53.163693
16	0.627618	750	-2.872895	-56.036588
17	0.608884	750	-2.848995	-58.885583
18	0.590490	750	-2.794881	-61.680464
19	0.572433	750	-2.730771	-64.411236
20	0.554712	750	-2.684932	-67.096168
21	0.537324	750	-2.709003	-69.805171
22	0.520268	750	-2.606715	-72.411885
23	0.503540	750	-2.557554	-74.969439
24	0.487139	750	-2.521854	-77.491293
25	0.471063	750	-2.449696	-79.940989
26	0.455310	750	-2.445883	-82.386872
27	0.439877	750	-2.376554	-84.763425
28	0.424762	750	-2.377980	-87.141406
29	0.409963	750	-2.316082	-89.457487
30	0.395478	750	-2.314401	-91.771888
31	0.381305	750	-2.229265	-94.001153
32	0.367440	750	-2.176323	-96.177476
33	0.353883	750	-2.090425	-98.267902
34	0.340630	750	-2.071917	-100.339819
35	0.327680	750	-2.020980	-102.360799
36	0.315030	750	-1.963106	-104.323905
37	0.302677	750	-1.973306	-106.297210
38	0.290619	750	-1.969479	-108.266690
39	0.278855	750	-1.945788	-110.212478
40	0.267381	750	-1.863010	-112.075488
41	0.256195	750	-1.758896	-113.834384
42	0.245294	750	-1.833238	-115.667622
43	0.234677	750	-1.910145	-117.577767
44	0.224340	750	-1.788521	-119.366288
45	0.214281	750	-1.618951	-120.985239
46	0.204498	750	-1.706017	-122.691256
47	0.194988	750	-1.655672	-124.346928
48	0.185749	750	-1.671971	-126.018899
49	0.176777	750	-1.518616	-127.537516
50	0.168070	750	-1.495075	-129.032591
51	0.159626	750	-1.591045	-130.623635
52	0.151441	750	-1.539397	-132.163033
53	0.143514	750	-1.560034	-133.723067
54	0.135841	750	-1.580710	-135.303776
55	0.128420	750	-1.435163	-136.738939
56	0.121247	750	-1.425366	-138.164305
57	0.114320	750	-1.281226	-139.445531
58	0.107637	750	-1.406317	-140.851847
59	0.101193	750	-1.282122	-142.133969
60	0.094986	750	-1.249343	-143.383312
61	0.089014	750	-1.259773	-144.643084
62	0.083273	750	-1.149031	-145.792116
63	0.077760	750	-1.140584	-146.932700
64	0.072472	750	-1.134676	-148.067376
65	0.067406	750	-0.975193	-149.042569
66	0.062558	750	-1.030018	-150.072586
67	0.057926	750	-1.013123	-151.085709
68	0.053506	750	-0.957140	-152.042849
69	0.049295	750	-0.900582	-152.943431
70	0.045289	750	-0.888572	-153.832003
71	0.041485	750	-0.865702	-154.697705
72	0.037880	750	-0.838197	-155.535902
73	0.034469	750	-0.827964	-156.363867
74	0.031250	750	-0.738510	-157.102377
75	0.028218	750	-0.724628	-157.827005
76	0.025370	750	-0.678744	-158.505749
77	0.022702	750	-0.651838	-159.157587
78	0.020209	750	-0.575816	-159.733402
79	0.017889	750	-0.605881	-160.339284
80	0.015736	750	-0.569977	-160.909261
81	0.013746	750	-0.529900	-161.439160
82	0.011916	750	-0.476131	-161.915291
83	0.010240	750	-0.458942	-162.374233
84	0.008714	750	-0.416004	-162.790237
85	0.007334	750	-0.374306	-163.164543
86	0.006093	750	-0.352624	-163.517167
87	0.004988	750	-0.326916	-163.844083
88	0.004013	750	-0.280145	-164.124228
89	0.003162	750	-0.267622	-164.391850
90	0.002430	750	-0.221464	-164.613314
91	0.001810	750	-0.183731	-164.797045
92	0.001296	750	-0.154028	-164.951073
93	0.000882	750	-0.119773	-165.070846
94	0.000559	750	-0.111916	-165.182762
95	0.000320	750	-0.077174	-165.259936
96	0.000156	750	-0.051546	-165.311482
97	0.000057	750	-0.031291	-165.342772
98	0.000010	750	-0.015688	-165.358460
99	0.000000	750	-0.003344	-165.361803
Log marginal likelihood:	-165.361803
0	0.975187	750	-3.532680	-3.532680
1	0.950747	750	-3.485953	-7.018634
2	0.926679	750	-3.442627	-10.461261
3	0.902980	750	-3.276495	-13.737756
4	0.879648	750	-3.309705	-17.047461
5	0.856682	750	-3.278269	-20.325729
6	0.834079	750	-3.262110	-23.587839
7	0.811838	750	-3.180136	-26.767975
8	0.789957	750	-3.159254	-29.927230
9	0.768433	750	-3.024883	-32.952113
10	0.747266	750	-3.127722	-36.079835
11	0.726452	750	-3.109042	-39.188877
12	0.705989	750	-3.002694	-42.191572
13	0.685877	750	-2.949936	-45.141508
14	0.666112	750	-2.867476	-48.008984
15	0.646693	750	-2.801607	-50.810591
16	0.627618	750	-2.767609	-53.578199
17	0.608884	750	-2.706162	-56.284362
18	0.590490	750	-2.689179	-58.973541
19	0.572433	750	-2.660659	-61.634200
20	0.554712	750	-2.564114	-64.198313
21	0.537324	750	-2.624076	-66.822390
22	0.520268	750	-2.482368	-69.304758
23	0.503540	750	-2.487879	-71.792636
24	0.487139	750	-2.453494	-74.246130
25	0.471063	750	-2.365129	-76.611260
26	0.455310	750	-2.356315	-78.967575
27	0.439877	750	-2.313803	-81.281378
28	0.424762	750	-2.287524	-83.568901
29	0.409963	750	-2.212116	-85.781017
30	0.395478	750	-2.189643	-87.970660
31	0.381305	750	-2.150389	-90.121049
32	0.367440	750	-2.136047	-92.257096
33	0.353883	750	-2.052938	-94.310035
34	0.340630	750	-2.093206	-96.403241
35	0.327680	750	-2.003886	-98.407127
36	0.315030	750	-1.989274	-100.396400
37	0.302677	750	-1.895692	-102.292092
38	0.290619	750	-1.855122	-104.147214
39	0.278855	750	-1.831525	-105.978739
40	0.267381	750	-1.810134	-107.788873
41	0.256195	750	-1.789789	-109.578662
42	0.245294	750	-1.750186	-111.328849
43	0.234677	750	-1.700730	-113.029579
44	0.224340	750	-1.737211	-114.766790
45	0.214281	750	-1.662145	-116.428935
46	0.204498	750	-1.627127	-118.056062
47	0.194988	750	-1.602742	-119.658804
48	0.185749	750	-1.561960	-121.220764
49	0.176777	750	-1.540246	-122.761010
50	0.168070	750	-1.496652	-124.257662
51	0.159626	750	-1.487361	-125.745022
52	0.151441	750	-1.404381	-127.149403
53	0.143514	750	-1.361014	-128.510418
54	0.135841	750	-1.412615	-129.923033
55	0.128420	750	-1.431471	-131.354504
56	0.121247	750	-1.318316	-132.672820
57	0.114320	750	-1.278649	-133.951469
58	0.107637	750	-1.264659	-135.216128
59	0.101193	750	-1.243359	-136.459487
60	0.094986	750	-1.146700	-137.606187
61	0.089014	750	-1.199566	-138.805753
62	0.083273	750	-1.160748	-139.966502
63	0.077760	750	-1.139341	-141.105843
64	0.072472	750	-1.045319	-142.151162
65	0.067406	750	-1.009975	-143.161138
66	0.062558	750	-0.965930	-144.127068
67	0.057926	750	-0.948356	-145.075424
68	0.053506	750	-0.928067	-146.003491
69	0.049295	750	-0.901144	-146.904635
70	0.045289	750	-0.869091	-147.773726
71	0.041485	750	-0.863083	-148.636809
72	0.037880	750	-0.789313	-149.426122
73	0.034469	750	-0.764899	-150.191021
74	0.031250	750	-0.716619	-150.907639
75	0.028218	750	-0.668093	-151.575733
76	0.025370	750	-0.645926	-152.221658
77	0.022702	750	-0.586412	-152.808071
78	0.020209	750	-0.590141	-153.398211
79	0.017889	750	-0.560199	-153.958410
80	0.015736	750	-0.541524	-154.499934
81	0.013746	750	-0.487465	-154.987400
82	0.011916	750	-0.463392	-155.450792
83	0.010240	750	-0.456311	-155.907103
84	0.008714	750	-0.421732	-156.328835
85	0.007334	750	-0.390002	-156.718836
86	0.006093	750	-0.327938	-157.046775
87	0.004988	750	-0.304478	-157.351253
88	0.004013	750	-0.312196	-157.663448
89	0.003162	750	-0.250889	-157.914337
90	0.002430	750	-0.234308	-158.148645
91	0.001810	750	-0.180391	-158.329035
92	0.001296	750	-0.168815	-158.497851
93	0.000882	750	-0.131746	-158.629597
94	0.000559	750	-0.109592	-158.739189
95	0.000320	750	-0.076404	-158.815593
96	0.000156	750	-0.055738	-158.871330
97	0.000057	750	-0.031389	-158.902719
98	0.000010	750	-0.014633	-158.917352
99	0.000000	750	-0.003348	-158.920701
Log marginal likelihood:	-158.920701
0	0.975187	750	-3.476640	-3.476640
1	0.950747	750	-3.490036	-6.966676
2	0.926679	750	-3.429446	-10.396121
3	0.902980	750	-3.395970	-13.792091
4	0.879648	750	-3.321354	-17.113445
5	0.856682	750	-3.264433	-20.377878
6	0.834079	750	-3.254158	-23.632036
7	0.811838	750	-3.210583	-26.842619
8	0.789957	750	-3.152439	-29.995058
9	0.768433	750	-3.130226	-33.125283
10	0.747266	750	-3.033255	-36.158538
11	0.726452	750	-2.924669	-39.083207
12	0.705989	750	-2.938895	-42.022102
13	0.685877	750	-2.934636	-44.956738
14	0.666112	750	-2.907014	-47.863752
15	0.646693	750	-2.794453	-50.658205
16	0.627618	750	-2.754776	-53.412980
17	0.608884	750	-2.700430	-56.113410
18	0.590490	750	-2.685126	-58.798536
19	0.572433	750	-2.616638	-61.415174
20	0.554712	750	-2.584929	-64.000102
21	0.537324	750	-2.509036	-66.509138
22	0.520268	750	-2.492969	-69.002108
23	0.503540	750	-2.444639	-71.446746
24	0.487139	750	-2.430821	-73.877568
25	0.471063	750	-2.356090	-76.233658
26	0.455310	750	-2.328349	-78.562007
27	0.439877	750	-2.284746	-80.846752
28	0.424762	750	-2.258945	-83.105698
29	0.409963	750	-2.178254	-85.283952
30	0.395478	750	-2.158781	-87.442733
31	0.381305	750	-2.091232	-89.533964
32	0.367440	750	-2.064933	-91.598897
33	0.353883	750	-2.017662	-93.616560
34	0.340630	750	-1.967456	-95.584015
35	0.327680	750	-1.976635	-97.560651
36	0.315030	750	-1.889187	-99.449838
37	0.302677	750	-1.900148	-101.349986
38	0.290619	750	-1.812717	-103.162703
39	0.278855	750	-1.786531	-104.949234
40	0.267381	750	-1.735826	-106.685060
41	0.256195	750	-1.714116	-108.399176
42	0.245294	750	-1.724630	-110.123806
43	0.234677	750	-1.655111	-111.778917
44	0.224340	750	-1.664325	-113.443242
45	0.214281	750	-1.567174	-115.010416
46	0.204498	750	-1.556802	-116.567218
47	0.194988	750	-1.523116	-118.090334
48	0.185749	750	-1.475840	-119.566175
49	0.176777	750	-1.490322	-121.056497
50	0.168070	750	-1.444265	-122.500762
51	0.159626	750	-1.367199	-123.867961
52	0.151441	750	-1.450737	-125.318698
53	0.143514	750	-1.354290	-126.672987
54	0.135841	750	-1.355695	-128.028682
55	0.128420	750	-1.253922	-129.282604
56	0.121247	750	-1.368158	-130.650762
57	0.114320	750	-1.202727	-131.853489
58	0.107637	750	-1.270031	-133.123520
59	0.101193	750	-1.290664	-134.414184
60	0.094986	750	-1.170718	-135.584902
61	0.089014	750	-1.071206	-136.656108
62	0.083273	750	-1.105499	-137.761607
63	0.077760	750	-1.116135	-138.877742
64	0.072472	750	-1.089040	-139.966782
65	0.067406	750	-1.061670	-141.028452
66	0.062558	750	-0.963659	-141.992112
67	0.057926	750	-0.978507	-142.970619
68	0.053506	750	-0.932257	-143.902876
69	0.049295	750	-0.918505	-144.821381
70	0.045289	750	-0.852311	-145.673693
71	0.041485	750	-0.827926	-146.501619
72	0.037880	750	-0.781168	-147.282787
73	0.034469	750	-0.780836	-148.063624
74	0.031250	750	-0.743887	-148.807511
75	0.028218	750	-0.690617	-149.498128
76	0.025370	750	-0.647658	-150.145786
77	0.022702	750	-0.606408	-150.752194
78	0.020209	750	-0.602507	-151.354701
79	0.017889	750	-0.551900	-151.906601
80	0.015736	750	-0.537619	-152.444220
81	0.013746	750	-0.504212	-152.948432
82	0.011916	750	-0.495190	-153.443622
83	0.010240	750	-0.428370	-153.871992
84	0.008714	750	-0.376176	-154.248168
85	0.007334	750	-0.360448	-154.608616
86	0.006093	750	-0.357141	-154.965757
87	0.004988	750	-0.303267	-155.269024
88	0.004013	750	-0.279147	-155.548171
89	0.003162	750	-0.262681	-155.810852
90	0.002430	750	-0.213788	-156.024640
91	0.001810	750	-0.187184	-156.211824
92	0.001296	750	-0.178953	-156.390777
93	0.000882	750	-0.143005	-156.533782
94	0.000559	750	-0.103367	-156.637149
95	0.000320	750	-0.076403	-156.713551
96	0.000156	750	-0.048655	-156.762206
97	0.000057	750	-0.033480	-156.795686
98	0.000010	750	-0.016597	-156.812283
99	0.000000	750	-0.002986	-156.815269
Log marginal likelihood:	-156.815269
0	0.975187	750	-3.574572	-3.574572
1	0.950747	750	-3.568952	-7.143524
2	0.926679	750	-3.468072	-10.611596
3	0.902980	750	-3.416981	-14.028576
4	0.879648	750	-3.392717	-17.421293
5	0.856682	750	-3.325507	-20.746800
6	0.834079	750	-3.281627	-24.028427
7	0.811838	750	-3.243475	-27.271902
8	0.789957	750	-3.216277	-30.488179
9	0.768433	750	-3.177926	-33.666105
10	0.747266	750	-3.058795	-36.724900
11	0.726452	750	-3.022662	-39.747562
12	0.705989	750	-3.013859	-42.761421
13	0.685877	750	-2.924431	-45.685852
14	0.666112	750	-2.937546	-48.623398
15	0.646693	750	-2.808840	-51.432238
16	0.627618	750	-2.771277	-54.203514
17	0.608884	750	-2.784425	-56.987939
18	0.590490	750	-2.694428	-59.682367
19	0.572433	750	-2.630658	-62.313025
20	0.554712	750	-2.684111	-64.997136
21	0.537324	750	-2.717077	-67.714213
22	0.520268	750	-2.511008	-70.225221
23	0.503540	750	-2.507734	-72.732955
24	0.487139	750	-2.462304	-75.195258
25	0.471063	750	-2.454484	-77.649742
26	0.455310	750	-2.370997	-80.020739
27	0.439877	750	-2.325251	-82.345990
28	0.424762	750	-2.306379	-84.652369
29	0.409963	750	-2.320359	-86.972728
30	0.395478	750	-2.221880	-89.194608
31	0.381305	750	-2.174801	-91.369409
32	0.367440	750	-2.133289	-93.502698
33	0.353883	750	-2.129503	-95.632202
34	0.340630	750	-2.068956	-97.701158
35	0.327680	750	-2.037024	-99.738181
36	0.315030	750	-1.995738	-101.733919
37	0.302677	750	-1.901775	-103.635694
38	0.290619	750	-1.873597	-105.509291
39	0.278855	750	-1.873236	-107.382527
40	0.267381	750	-1.844455	-109.226983
41	0.256195	750	-1.784019	-111.011002
42	0.245294	750	-1.803518	-112.814520
43	0.234677	750	-1.801258	-114.615778
44	0.224340	750	-1.745111	-116.360889
45	0.214281	750	-1.684224	-118.045113
46	0.204498	750	-1.641794	-119.686907
47	0.194988	750	-1.598606	-121.285513
48	0.185749	750	-1.585149	-122.870661
49	0.176777	750	-1.491623	-124.362284
50	0.168070	750	-1.622141	-125.984425
51	0.159626	750	-1.531892	-127.516317
52	0.151441	750	-1.439628	-128.955945
53	0.143514	750	-1.505854	-130.461799
54	0.135841	750	-1.462077	-131.923876
55	0.128420	750	-1.459775	-133.383651
56	0.121247	750	-1.333543	-134.717193
57	0.114320	750	-1.340773	-136.057967
58	0.107637	750	-1.197852	-137.255818
59	0.101193	750	-1.254243	-138.510061
60	0.094986	750	-1.190778	-139.700839
61	0.089014	750	-1.164122	-140.864961
62	0.083273	750	-1.147434	-142.012396
63	0.077760	750	-1.064495	-143.076891
64	0.072472	750	-1.069170	-144.146061
65	0.067406	750	-1.022304	-145.168365
66	0.062558	750	-0.995313	-146.163679
67	0.057926	750	-0.938301	-147.101980
68	0.053506	750	-0.925068	-148.027048
69	0.049295	750	-0.878017	-148.905065
70	0.045289	750	-0.839460	-149.744524
71	0.041485	750	-0.804461	-150.548985
72	0.037880	750	-0.759839	-151.308824
73	0.034469	750	-0.738430	-152.047255
74	0.031250	750	-0.681329	-152.728583
75	0.028218	750	-0.652328	-153.380911
76	0.025370	750	-0.636545	-154.017457
77	0.022702	750	-0.630335	-154.647792
78	0.020209	750	-0.591746	-155.239538
79	0.017889	750	-0.558064	-155.797602
80	0.015736	750	-0.533857	-156.331459
81	0.013746	750	-0.465071	-156.796530
82	0.011916	750	-0.466283	-157.262814
83	0.010240	750	-0.412550	-157.675364
84	0.008714	750	-0.395682	-158.071046
85	0.007334	750	-0.356901	-158.427947
86	0.006093	750	-0.319429	-158.747376
87	0.004988	750	-0.312203	-159.059579
88	0.004013	750	-0.271237	-159.330816
89	0.003162	750	-0.234648	-159.565464
90	0.002430	750	-0.233521	-159.798984
91	0.001810	750	-0.193543	-159.992528
92	0.001296	750	-0.139974	-160.132502
93	0.000882	750	-0.126038	-160.258540
94	0.000559	750	-0.099814	-160.358354
95	0.000320	750	-0.069850	-160.428204
96	0.000156	750	-0.052894	-160.481098
97	0.000057	750	-0.029340	-160.510438
98	0.000010	750	-0.014588	-160.525025
99	0.000000	750	-0.003153	-160.528179
Log marginal likelihood:	-160.528179
0	0.975187	750	-3.463350	-3.463350
1	0.950747	750	-3.364357	-6.827707
2	0.926679	750	-3.349565	-10.177273
3	0.902980	750	-3.240587	-13.417859
4	0.879648	750	-3.241051	-16.658910
5	0.856682	750	-3.263424	-19.922334
6	0.834079	750	-3.169311	-23.091645
7	0.811838	750	-3.138229	-26.229874
8	0.789957	750	-3.160789	-29.390663
9	0.768433	750	-3.041196	-32.431859
10	0.747266	750	-3.030687	-35.462546
11	0.726452	750	-3.021987	-38.484533
12	0.705989	750	-2.926435	-41.410969
13	0.685877	750	-2.928582	-44.339551
14	0.666112	750	-2.916170	-47.255721
15	0.646693	750	-2.812740	-50.068461
16	0.627618	750	-2.753145	-52.821606
17	0.608884	750	-2.717522	-55.539128
18	0.590490	750	-2.659698	-58.198827
19	0.572433	750	-2.636231	-60.835058
20	0.554712	750	-2.623244	-63.458302
21	0.537324	750	-2.544399	-66.002701
22	0.520268	750	-2.530308	-68.533009
23	0.503540	750	-2.470697	-71.003706
24	0.487139	750	-2.427875	-73.431581
25	0.471063	750	-2.379082	-75.810662
26	0.455310	750	-2.370712	-78.181375
27	0.439877	750	-2.340420	-80.521794
28	0.424762	750	-2.247037	-82.768831
29	0.409963	750	-2.258520	-85.027352
30	0.395478	750	-2.186249	-87.213601
31	0.381305	750	-2.130061	-89.343662
32	0.367440	750	-2.083486	-91.427148
33	0.353883	750	-2.032849	-93.459997
34	0.340630	750	-2.049712	-95.509709
35	0.327680	750	-1.944960	-97.454669
36	0.315030	750	-1.912597	-99.367266
37	0.302677	750	-1.907810	-101.275076
38	0.290619	750	-1.891752	-103.166828
39	0.278855	750	-1.813010	-104.979838
40	0.267381	750	-1.790994	-106.770832
41	0.256195	750	-1.766950	-108.537782
42	0.245294	750	-1.704185	-110.241967
43	0.234677	750	-1.684791	-111.926758
44	0.224340	750	-1.693497	-113.620255
45	0.214281	750	-1.564104	-115.184359
46	0.204498	750	-1.591632	-116.775991
47	0.194988	750	-1.498968	-118.274959
48	0.185749	750	-1.454898	-119.729857
49	0.176777	750	-1.473482	-121.203339
50	0.168070	750	-1.466051	-122.669391
51	0.159626	750	-1.556731	-124.226121
52	0.151441	750	-1.540235	-125.766356
53	0.143514	750	-1.442244	-127.208600
54	0.135841	750	-1.457434	-128.666034
55	0.128420	750	-1.414983	-130.081016
56	0.121247	750	-1.303266	-131.384282
57	0.114320	750	-1.300498	-132.684780
58	0.107637	750	-1.184743	-133.869523
59	0.101193	750	-1.171589	-135.041112
60	0.094986	750	-1.133833	-136.174945
61	0.089014	750	-1.163517	-137.338462
62	0.083273	750	-1.081335	-138.419797
63	0.077760	750	-1.152304	-139.572100
64	0.072472	750	-1.019160	-140.591261
65	0.067406	750	-1.018845	-141.610106
66	0.062558	750	-0.985086	-142.595191
67	0.057926	750	-0.925777	-143.520968
68	0.053506	750	-0.938011	-144.458979
69	0.049295	750	-0.877416	-145.336396
70	0.045289	750	-0.851175	-146.187571
71	0.041485	750	-0.790411	-146.977982
72	0.037880	750	-0.800312	-147.778294
73	0.034469	750	-0.757574	-148.535868
74	0.031250	750	-0.718379	-149.254247
75	0.028218	750	-0.670666	-149.924913
76	0.025370	750	-0.646608	-150.571521
77	0.022702	750	-0.617715	-151.189236
78	0.020209	750	-0.588748	-151.777984
79	0.017889	750	-0.531482	-152.309465
80	0.015736	750	-0.527058	-152.836523
81	0.013746	750	-0.491554	-153.328077
82	0.011916	750	-0.461653	-153.789730
83	0.010240	750	-0.435600	-154.225330
84	0.008714	750	-0.410479	-154.635809
85	0.007334	750	-0.347355	-154.983163
86	0.006093	750	-0.369190	-155.352354
87	0.004988	750	-0.275672	-155.628026
88	0.004013	750	-0.270877	-155.898903
89	0.003162	750	-0.291286	-156.190189
90	0.002430	750	-0.231228	-156.421417
91	0.001810	750	-0.195070	-156.616488
92	0.001296	750	-0.146719	-156.763206
93	0.000882	750	-0.121083	-156.884289
94	0.000559	750	-0.104688	-156.988977
95	0.000320	750	-0.090456	-157.079432
96	0.000156	750	-0.052721	-157.132154
97	0.000057	750	-0.034299	-157.166453
98	0.000010	750	-0.016493	-157.182946
99	0.000000	750	-0.003312	-157.186259
Log marginal likelihood:	-157.186259
0	0.975187	750	-3.667376	-3.667376
1	0.950747	750	-3.638954	-7.306329
2	0.926679	750	-3.589465	-10.895795
3	0.902980	750	-3.527963	-14.423758
4	0.879648	750	-3.508186	-17.931944
5	0.856682	750	-3.416197	-21.348140
6	0.834079	750	-3.369194	-24.717334
7	0.811838	750	-3.325219	-28.042554
8	0.789957	750	-3.240436	-31.282990
9	0.768433	750	-3.212124	-34.495114
10	0.747266	750	-3.169280	-37.664394
11	0.726452	750	-3.129526	-40.793921
12	0.705989	750	-3.119463	-43.913384
13	0.685877	750	-3.020505	-46.933889
14	0.666112	750	-2.982929	-49.916819
15	0.646693	750	-2.954817	-52.871635
16	0.627618	750	-2.873199	-55.744834
17	0.608884	750	-2.852026	-58.596861
18	0.590490	750	-2.750254	-61.347115
19	0.572433	750	-2.717448	-64.064563
20	0.554712	750	-2.676925	-66.741488
21	0.537324	750	-2.694792	-69.436280
22	0.520268	750	-2.607649	-72.043929
23	0.503540	750	-2.550147	-74.594076
24	0.487139	750	-2.521063	-77.115139
25	0.471063	750	-2.463181	-79.578320
26	0.455310	750	-2.414551	-81.992871
27	0.439877	750	-2.358208	-84.351079
28	0.424762	750	-2.330196	-86.681276
29	0.409963	750	-2.266859	-88.948135
30	0.395478	750	-2.229004	-91.177138
31	0.381305	750	-2.237432	-93.414570
32	0.367440	750	-2.138412	-95.552982
33	0.353883	750	-2.103041	-97.656023
34	0.340630	750	-2.148326	-99.804349
35	0.327680	750	-2.056698	-101.861047
36	0.315030	750	-2.006251	-103.867297
37	0.302677	750	-1.982096	-105.849393
38	0.290619	750	-1.881983	-107.731376
39	0.278855	750	-1.981326	-109.712703
40	0.267381	750	-1.808311	-111.521014
41	0.256195	750	-1.765326	-113.286340
42	0.245294	750	-1.890714	-115.177054
43	0.234677	750	-1.824219	-117.001273
44	0.224340	750	-1.691507	-118.692780
45	0.214281	750	-1.708442	-120.401222
46	0.204498	750	-1.597145	-121.998367
47	0.194988	750	-1.607751	-123.606118
48	0.185749	750	-1.700570	-125.306687
49	0.176777	750	-1.542003	-126.848690
50	0.168070	750	-1.469885	-128.318575
51	0.159626	750	-1.546953	-129.865528
52	0.151441	750	-1.486034	-131.351561
53	0.143514	750	-1.442675	-132.794236
54	0.135841	750	-1.387259	-134.181496
55	0.128420	750	-1.355777	-135.537272
56	0.121247	750	-1.347341	-136.884613
57	0.114320	750	-1.367380	-138.251993
58	0.107637	750	-1.209505	-139.461498
59	0.101193	750	-1.265648	-140.727146
60	0.094986	750	-1.174530	-141.901675
61	0.089014	750	-1.116904	-143.018580
62	0.083273	750	-1.164470	-144.183050
63	0.077760	750	-1.072242	-145.255292
64	0.072472	750	-1.114180	-146.369472
65	0.067406	750	-1.066770	-147.436242
66	0.062558	750	-1.021265	-148.457507
67	0.057926	750	-0.968000	-149.425507
68	0.053506	750	-0.983399	-150.408907
69	0.049295	750	-0.895347	-151.304254
70	0.045289	750	-0.866622	-152.170876
71	0.041485	750	-0.811633	-152.982509
72	0.037880	750	-0.791451	-153.773960
73	0.034469	750	-0.730214	-154.504174
74	0.031250	750	-0.696308	-155.200481
75	0.028218	750	-0.758550	-155.959032
76	0.025370	750	-0.665131	-156.624162
77	0.022702	750	-0.603251	-157.227414
78	0.020209	750	-0.619708	-157.847121
79	0.017889	750	-0.562547	-158.409669
80	0.015736	750	-0.507974	-158.917643
81	0.013746	750	-0.499189	-159.416832
82	0.011916	750	-0.471740	-159.888572
83	0.010240	750	-0.444711	-160.333283
84	0.008714	750	-0.436338	-160.769621
85	0.007334	750	-0.361160	-161.130781
86	0.006093	750	-0.381846	-161.512627
87	0.004988	750	-0.303498	-161.816125
88	0.004013	750	-0.271606	-162.087731
89	0.003162	750	-0.266745	-162.354476
90	0.002430	750	-0.231870	-162.586346
91	0.001810	750	-0.227467	-162.813813
92	0.001296	750	-0.194063	-163.007876
93	0.000882	750	-0.140268	-163.148144
94	0.000559	750	-0.115298	-163.263442
95	0.000320	750	-0.085785	-163.349227
96	0.000156	750	-0.050014	-163.399241
97	0.000057	750	-0.033012	-163.432253
98	0.000010	750	-0.013428	-163.445681
99	0.000000	750	-0.003107	-163.448788
Log marginal likelihood:	-163.448788
0	0.975187	750	-3.411698	-3.411698
1	0.950747	750	-3.351909	-6.763607
2	0.926679	750	-3.330587	-10.094194
3	0.902980	750	-3.341912	-13.436106
4	0.879648	750	-3.218404	-16.654510
5	0.856682	750	-3.192305	-19.846816
6	0.834079	750	-3.133414	-22.980230
7	0.811838	750	-3.077469	-26.057699
8	0.789957	750	-3.033062	-29.090761
9	0.768433	750	-2.969961	-32.060723
10	0.747266	750	-2.951829	-35.012551
11	0.726452	750	-2.892522	-37.905073
12	0.705989	750	-2.840703	-40.745777
13	0.685877	750	-2.784954	-43.530730
14	0.666112	750	-2.775143	-46.305873
15	0.646693	750	-2.698536	-49.004409
16	0.627618	750	-2.668050	-51.672459
17	0.608884	750	-2.593775	-54.266234
18	0.590490	750	-2.616339	-56.882574
19	0.572433	750	-2.548987	-59.431561
20	0.554712	750	-2.512614	-61.944175
21	0.537324	750	-2.463180	-64.407355
22	0.520268	750	-2.427250	-66.834605
23	0.503540	750	-2.428317	-69.262922
24	0.487139	750	-2.364433	-71.627355
25	0.471063	750	-2.284344	-73.911699
26	0.455310	750	-2.218026	-76.129725
27	0.439877	750	-2.187907	-78.317632
28	0.424762	750	-2.171350	-80.488982
29	0.409963	750	-2.083154	-82.572136
30	0.395478	750	-2.086358	-84.658494
31	0.381305	750	-2.035891	-86.694385
32	0.367440	750	-1.976093	-88.670478
33	0.353883	750	-1.952325	-90.622803
34	0.340630	750	-1.925938	-92.548741
35	0.327680	750	-1.886350	-94.435091
36	0.315030	750	-1.832995	-96.268086
37	0.302677	750	-1.880866	-98.148952
38	0.290619	750	-1.819128	-99.968080
39	0.278855	750	-1.755320	-101.723400
40	0.267381	750	-1.674029	-103.397429
41	0.256195	750	-1.650068	-105.047496
42	0.245294	750	-1.646427	-106.693924
43	0.234677	750	-1.624986	-108.318909
44	0.224340	750	-1.518982	-109.837891
45	0.214281	750	-1.592769	-111.430660
46	0.204498	750	-1.536326	-112.966986
47	0.194988	750	-1.484144	-114.451130
48	0.185749	750	-1.441540	-115.892670
49	0.176777	750	-1.422457	-117.315127
50	0.168070	750	-1.421467	-118.736594
51	0.159626	750	-1.378798	-120.115391
52	0.151441	750	-1.361877	-121.477269
53	0.143514	750	-1.356451	-122.833720
54	0.135841	750	-1.352560	-124.186280
55	0.128420	750	-1.308878	-125.495158
56	0.121247	750	-1.196487	-126.691644
57	0.114320	750	-1.355268	-128.046912
58	0.107637	750	-1.251864	-129.298776
59	0.101193	750	-1.187882	-130.486658
60	0.094986	750	-1.186047	-131.672706
61	0.089014	750	-1.082844	-132.755550
62	0.083273	750	-1.096547	-133.852096
63	0.077760	750	-1.099042	-134.951138
64	0.072472	750	-1.101063	-136.052201
65	0.067406	750	-1.009994	-137.062196
66	0.062558	750	-0.953666	-138.015861
67	0.057926	750	-0.975982	-138.991843
68	0.053506	750	-0.941480	-139.933323
69	0.049295	750	-0.837952	-140.771276
70	0.045289	750	-0.868580	-141.639855
71	0.041485	750	-0.803559	-142.443414
72	0.037880	750	-0.808651	-143.252065
73	0.034469	750	-0.730565	-143.982630
74	0.031250	750	-0.732820	-144.715450
75	0.028218	750	-0.738719	-145.454169
76	0.025370	750	-0.646079	-146.100248
77	0.022702	750	-0.627051	-146.727299
78	0.020209	750	-0.568054	-147.295353
79	0.017889	750	-0.571620	-147.866973
80	0.015736	750	-0.516341	-148.383314
81	0.013746	750	-0.491737	-148.875051
82	0.011916	750	-0.446577	-149.321628
83	0.010240	750	-0.458826	-149.780455
84	0.008714	750	-0.387854	-150.168309
85	0.007334	750	-0.378480	-150.546789
86	0.006093	750	-0.354883	-150.901672
87	0.004988	750	-0.320038	-151.221710
88	0.004013	750	-0.266773	-151.488482
89	0.003162	750	-0.244945	-151.733428
90	0.002430	750	-0.209334	-151.942762
91	0.001810	750	-0.183003	-152.125765
92	0.001296	750	-0.148113	-152.273878
93	0.000882	750	-0.131379	-152.405258
94	0.000559	750	-0.108074	-152.513332
95	0.000320	750	-0.086858	-152.600190
96	0.000156	750	-0.055459	-152.655649
97	0.000057	750	-0.036924	-152.692574
98	0.000010	750	-0.015853	-152.708427
99	0.000000	750	-0.003603	-152.712030
Log marginal likelihood:	-152.712030
0	0.975187	750	-3.605206	-3.605206
1	0.950747	750	-3.543378	-7.148583
2	0.926679	750	-3.465523	-10.614106
3	0.902980	750	-3.441209	-14.055315
4	0.879648	750	-3.400254	-17.455569
5	0.856682	750	-3.339718	-20.795287
6	0.834079	750	-3.267347	-24.062634
7	0.811838	750	-3.226414	-27.289048
8	0.789957	750	-3.173869	-30.462917
9	0.768433	750	-3.162320	-33.625237
10	0.747266	750	-3.083844	-36.709081
11	0.726452	750	-3.045025	-39.754107
12	0.705989	750	-2.973342	-42.727449
13	0.685877	750	-2.957544	-45.684993
14	0.666112	750	-2.899690	-48.584683
15	0.646693	750	-2.868236	-51.452919
16	0.627618	750	-2.786803	-54.239722
17	0.608884	750	-2.745522	-56.985244
18	0.590490	750	-2.703038	-59.688282
19	0.572433	750	-2.658385	-62.346667
20	0.554712	750	-2.636824	-64.983492
21	0.537324	750	-2.571332	-67.554824
22	0.520268	750	-2.546104	-70.100928
23	0.503540	750	-2.477321	-72.578248
24	0.487139	750	-2.436390	-75.014638
25	0.471063	750	-2.385760	-77.400399
26	0.455310	750	-2.307374	-79.707773
27	0.439877	750	-2.284164	-81.991936
28	0.424762	750	-2.259419	-84.251355
29	0.409963	750	-2.221945	-86.473300
30	0.395478	750	-2.190281	-88.663581
31	0.381305	750	-2.126975	-90.790555
32	0.367440	750	-2.138156	-92.928711
33	0.353883	750	-2.055824	-94.984535
34	0.340630	750	-1.996869	-96.981404
35	0.327680	750	-1.980469	-98.961873
36	0.315030	750	-1.892987	-100.854861
37	0.302677	750	-1.912021	-102.766881
38	0.290619	750	-1.922135	-104.689017
39	0.278855	750	-1.821304	-106.510321
40	0.267381	750	-1.817071	-108.327392
41	0.256195	750	-1.837138	-110.164531
42	0.245294	750	-1.753331	-111.917861
43	0.234677	750	-1.744114	-113.661975
44	0.224340	750	-1.658239	-115.320215
45	0.214281	750	-1.672231	-116.992446
46	0.204498	750	-1.672139	-118.664585
47	0.194988	750	-1.571818	-120.236403
48	0.185749	750	-1.633729	-121.870132
49	0.176777	750	-1.457455	-123.327587
50	0.168070	750	-1.538981	-124.866568
51	0.159626	750	-1.481468	-126.348036
52	0.151441	750	-1.446279	-127.794315
53	0.143514	750	-1.361814	-129.156129
54	0.135841	750	-1.455674	-130.611803
55	0.128420	750	-1.348546	-131.960348
56	0.121247	750	-1.338882	-133.299230
57	0.114320	750	-1.219343	-134.518573
58	0.107637	750	-1.243417	-135.761989
59	0.101193	750	-1.264539	-137.026529
60	0.094986	750	-1.255483	-138.282012
61	0.089014	750	-1.185472	-139.467484
62	0.083273	750	-1.109157	-140.576641
63	0.077760	750	-1.094922	-141.671563
64	0.072472	750	-1.046393	-142.717956
65	0.067406	750	-1.014615	-143.732571
66	0.062558	750	-0.990778	-144.723349
67	0.057926	750	-0.948429	-145.671778
68	0.053506	750	-0.886200	-146.557979
69	0.049295	750	-0.886086	-147.444065
70	0.045289	750	-0.845679	-148.289744
71	0.041485	750	-0.824760	-149.114504
72	0.037880	750	-0.806408	-149.920912
73	0.034469	750	-0.785821	-150.706733
74	0.031250	750	-0.721897	-151.428630
75	0.028218	750	-0.702712	-152.131342
76	0.025370	750	-0.629493	-152.760835
77	0.022702	750	-0.645709	-153.406543
78	0.020209	750	-0.593466	-154.000010
79	0.017889	750	-0.577866	-154.577876
80	0.015736	750	-0.535671	-155.113547
81	0.013746	750	-0.500918	-155.614465
82	0.011916	750	-0.481687	-156.096152
83	0.010240	750	-0.462137	-156.558289
84	0.008714	750	-0.388220	-156.946509
85	0.007334	750	-0.391340	-157.337849
86	0.006093	750	-0.341516	-157.679364
87	0.004988	750	-0.310875	-157.990239
88	0.004013	750	-0.307979	-158.298218
89	0.003162	750	-0.221237	-158.519456
90	0.002430	750	-0.229975	-158.749431
91	0.001810	750	-0.199652	-158.949083
92	0.001296	750	-0.165388	-159.114471
93	0.000882	750	-0.126699	-159.241170
94	0.000559	750	-0.104481	-159.345652
95	0.000320	750	-0.082883	-159.428534
96	0.000156	750	-0.057610	-159.486144
97	0.000057	750	-0.032534	-159.518679
98	0.000010	750	-0.015438	-159.534117
99	0.000000	750	-0.002933	-159.537050
Log marginal likelihood:	-159.537050
0	0.975187	750	-3.207395	-3.207395
1	0.950747	750	-3.130890	-6.338286
2	0.926679	750	-3.085211	-9.423497
3	0.902980	750	-3.111580	-12.535077
4	0.879648	750	-3.004120	-15.539198
5	0.856682	750	-3.007641	-18.546839
6	0.834079	750	-2.890793	-21.437632
7	0.811838	750	-2.894890	-24.332521
8	0.789957	750	-2.833864	-27.166385
9	0.768433	750	-2.827001	-29.993386
10	0.747266	750	-2.751493	-32.744879
11	0.726452	750	-2.681529	-35.426408
12	0.705989	750	-2.688714	-38.115122
13	0.685877	750	-2.583809	-40.698931
14	0.666112	750	-2.576856	-43.275787
15	0.646693	750	-2.574765	-45.850552
16	0.627618	750	-2.507683	-48.358235
17	0.608884	750	-2.490869	-50.849104
18	0.590490	750	-2.444762	-53.293865
19	0.572433	750	-2.394595	-55.688461
20	0.554712	750	-2.328999	-58.017460
21	0.537324	750	-2.324567	-60.342027
22	0.520268	750	-2.265454	-62.607480
23	0.503540	750	-2.242100	-64.849580
24	0.487139	750	-2.187885	-67.037465
25	0.471063	750	-2.148477	-69.185943
26	0.455310	750	-2.071433	-71.257375
27	0.439877	750	-2.075351	-73.332726
28	0.424762	750	-2.016646	-75.349372
29	0.409963	750	-1.995654	-77.345026
30	0.395478	750	-1.973888	-79.318914
31	0.381305	750	-1.891557	-81.210471
32	0.367440	750	-1.894138	-83.104609
33	0.353883	750	-1.862435	-84.967044
34	0.340630	750	-1.818097	-86.785141
35	0.327680	750	-1.782897	-88.568038
36	0.315030	750	-1.716051	-90.284089
37	0.302677	750	-1.707428	-91.991517
38	0.290619	750	-1.656615	-93.648131
39	0.278855	750	-1.643853	-95.291984
40	0.267381	750	-1.610302	-96.902286
41	0.256195	750	-1.581434	-98.483720
42	0.245294	750	-1.579157	-100.062876
43	0.234677	750	-1.493762	-101.556639
44	0.224340	750	-1.492158	-103.048797
45	0.214281	750	-1.469876	-104.518672
46	0.204498	750	-1.412364	-105.931036
47	0.194988	750	-1.364084	-107.295121
48	0.185749	750	-1.373115	-108.668236
49	0.176777	750	-1.321888	-109.990124
50	0.168070	750	-1.294940	-111.285064
51	0.159626	750	-1.271891	-112.556955
52	0.151441	750	-1.232406	-113.789360
53	0.143514	750	-1.323979	-115.113339
54	0.135841	750	-1.228328	-116.341668
55	0.128420	750	-1.251193	-117.592860
56	0.121247	750	-1.152444	-118.745304
57	0.114320	750	-1.109366	-119.854670
58	0.107637	750	-1.151992	-121.006662
59	0.101193	750	-1.140545	-122.147207
60	0.094986	750	-1.030822	-123.178029
61	0.089014	750	-1.092253	-124.270282
62	0.083273	750	-1.188951	-125.459232
63	0.077760	750	-1.036445	-126.495677
64	0.072472	750	-1.025149	-127.520827
65	0.067406	750	-1.010678	-128.531504
66	0.062558	750	-0.939705	-129.471209
67	0.057926	750	-0.949971	-130.421180
68	0.053506	750	-0.893630	-131.314811
69	0.049295	750	-0.888855	-132.203666
70	0.045289	750	-0.847608	-133.051274
71	0.041485	750	-0.806857	-133.858130
72	0.037880	750	-0.790379	-134.648509
73	0.034469	750	-0.702063	-135.350573
74	0.031250	750	-0.685244	-136.035817
75	0.028218	750	-0.710573	-136.746389
76	0.025370	750	-0.646483	-137.392872
77	0.022702	750	-0.608158	-138.001030
78	0.020209	750	-0.598924	-138.599954
79	0.017889	750	-0.535284	-139.135238
80	0.015736	750	-0.534060	-139.669298
81	0.013746	750	-0.495760	-140.165058
82	0.011916	750	-0.463558	-140.628616
83	0.010240	750	-0.441515	-141.070131
84	0.008714	750	-0.397561	-141.467691
85	0.007334	750	-0.367964	-141.835655
86	0.006093	750	-0.371725	-142.207381
87	0.004988	750	-0.306147	-142.513527
88	0.004013	750	-0.290303	-142.803830
89	0.003162	750	-0.256580	-143.060410
90	0.002430	750	-0.233345	-143.293755
91	0.001810	750	-0.201005	-143.494760
92	0.001296	750	-0.164610	-143.659370
93	0.000882	750	-0.148103	-143.807472
94	0.000559	750	-0.100669	-143.908141
95	0.000320	750	-0.073345	-143.981486
96	0.000156	750	-0.055257	-144.036743
97	0.000057	750	-0.027464	-144.064206
98	0.000010	750	-0.015405	-144.079612
99	0.000000	750	-0.003063	-144.082675
Log marginal likelihood:	-144.082675
0	0.975187	750	-3.454404	-3.454404
1	0.950747	750	-3.401700	-6.856104
2	0.926679	750	-3.325090	-10.181194
3	0.902980	750	-3.280987	-13.462181
4	0.879648	750	-3.151011	-16.613192
5	0.856682	750	-3.186884	-19.800076
6	0.834079	750	-3.139510	-22.939586
7	0.811838	750	-3.073607	-26.013193
8	0.789957	750	-3.057170	-29.070363
9	0.768433	750	-3.003592	-32.073954
10	0.747266	750	-2.963713	-35.037667
11	0.726452	750	-2.917603	-37.955269
12	0.705989	750	-2.840863	-40.796133
13	0.685877	750	-2.843159	-43.639292
14	0.666112	750	-2.754098	-46.393390
15	0.646693	750	-2.723408	-49.116797
16	0.627618	750	-2.699019	-51.815816
17	0.608884	750	-2.629166	-54.444982
18	0.590490	750	-2.570125	-57.015107
19	0.572433	750	-2.555039	-59.570146
20	0.554712	750	-2.515074	-62.085220
21	0.537324	750	-2.434399	-64.519620
22	0.520268	750	-2.432279	-66.951899
23	0.503540	750	-2.389742	-69.341641
24	0.487139	750	-2.322353	-71.663994
25	0.471063	750	-2.307877	-73.971871
26	0.455310	750	-2.237059	-76.208930
27	0.439877	750	-2.209879	-78.418809
28	0.424762	750	-2.202153	-80.620963
29	0.409963	750	-2.145396	-82.766359
30	0.395478	750	-2.094575	-84.860934
31	0.381305	750	-2.085330	-86.946263
32	0.367440	750	-2.014782	-88.961045
33	0.353883	750	-1.973344	-90.934388
34	0.340630	750	-1.905306	-92.839695
35	0.327680	750	-1.882950	-94.722644
36	0.315030	750	-1.889579	-96.612223
37	0.302677	750	-1.800552	-98.412775
38	0.290619	750	-1.770137	-100.182913
39	0.278855	750	-1.752086	-101.934998
40	0.267381	750	-1.739763	-103.674762
41	0.256195	750	-1.646865	-105.321627
42	0.245294	750	-1.688987	-107.010613
43	0.234677	750	-1.597680	-108.608293
44	0.224340	750	-1.581908	-110.190201
45	0.214281	750	-1.603174	-111.793375
46	0.204498	750	-1.510231	-113.303605
47	0.194988	750	-1.457873	-114.761479
48	0.185749	750	-1.500389	-116.261868
49	0.176777	750	-1.410103	-117.671971
50	0.168070	750	-1.587480	-119.259450
51	0.159626	750	-1.391846	-120.651297
52	0.151441	750	-1.504715	-122.156011
53	0.143514	750	-1.282757	-123.438769
54	0.135841	750	-1.297090	-124.735858
55	0.128420	750	-1.346471	-126.082330
56	0.121247	750	-1.240738	-127.323067
57	0.114320	750	-1.286985	-128.610052
58	0.107637	750	-1.306723	-129.916776
59	0.101193	750	-1.199301	-131.116076
60	0.094986	750	-1.170571	-132.286647
61	0.089014	750	-1.131982	-133.418630
62	0.083273	750	-1.156861	-134.575491
63	0.077760	750	-1.144047	-135.719538
64	0.072472	750	-1.059322	-136.778860
65	0.067406	750	-0.980435	-137.759295
66	0.062558	750	-0.991256	-138.750550
67	0.057926	750	-0.933107	-139.683658
68	0.053506	750	-0.952026	-140.635683
69	0.049295	750	-0.878295	-141.513979
70	0.045289	750	-0.850466	-142.364445
71	0.041485	750	-0.820821	-143.185266
72	0.037880	750	-0.814730	-143.999995
73	0.034469	750	-0.746813	-144.746808
74	0.031250	750	-0.696330	-145.443138
75	0.028218	750	-0.681189	-146.124327
76	0.025370	750	-0.645687	-146.770014
77	0.022702	750	-0.602340	-147.372355
78	0.020209	750	-0.559413	-147.931768
79	0.017889	750	-0.579900	-148.511668
80	0.015736	750	-0.517579	-149.029247
81	0.013746	750	-0.473434	-149.502681
82	0.011916	750	-0.480223	-149.982904
83	0.010240	750	-0.501949	-150.484852
84	0.008714	750	-0.418398	-150.903250
85	0.007334	750	-0.363996	-151.267246
86	0.006093	750	-0.363190	-151.630437
87	0.004988	750	-0.337951	-151.968387
88	0.004013	750	-0.242910	-152.211297
89	0.003162	750	-0.245345	-152.456642
90	0.002430	750	-0.216262	-152.672905
91	0.001810	750	-0.174742	-152.847647
92	0.001296	750	-0.201682	-153.049329
93	0.000882	750	-0.141937	-153.191266
94	0.000559	750	-0.106079	-153.297345
95	0.000320	750	-0.075703	-153.373048
96	0.000156	750	-0.066717	-153.439765
97	0.000057	750	-0.035397	-153.475161
98	0.000010	750	-0.015510	-153.490671
99	0.000000	750	-0.003454	-153.494125
Log marginal likelihood:	-153.494125
0	0.975187	750	-3.788163	-3.788163
1	0.950747	750	-3.770102	-7.558265
2	0.926679	750	-3.698254	-11.256519
3	0.902980	750	-3.634501	-14.891020
4	0.879648	750	-3.591547	-18.482567
5	0.856682	750	-3.522962	-22.005529
6	0.834079	750	-3.459842	-25.465370
7	0.811838	750	-3.417872	-28.883242
8	0.789957	750	-3.370093	-32.253335
9	0.768433	750	-3.338278	-35.591613
10	0.747266	750	-3.288341	-38.879955
11	0.726452	750	-3.207629	-42.087584
12	0.705989	750	-3.168815	-45.256399
13	0.685877	750	-3.109304	-48.365703
14	0.666112	750	-3.056235	-51.421937
15	0.646693	750	-2.988945	-54.410882
16	0.627618	750	-2.957624	-57.368506
17	0.608884	750	-2.911082	-60.279588
18	0.590490	750	-2.859521	-63.139109
19	0.572433	750	-2.818740	-65.957849
20	0.554712	750	-2.746986	-68.704835
21	0.537324	750	-2.693286	-71.398121
22	0.520268	750	-2.659282	-74.057402
23	0.503540	750	-2.608686	-76.666089
24	0.487139	750	-2.552782	-79.218870
25	0.471063	750	-2.529403	-81.748274
26	0.455310	750	-2.481500	-84.229774
27	0.439877	750	-2.407504	-86.637278
28	0.424762	750	-2.374973	-89.012251
29	0.409963	750	-2.418726	-91.430977
30	0.395478	750	-2.285250	-93.716228
31	0.381305	750	-2.278398	-95.994626
32	0.367440	750	-2.368414	-98.363040
33	0.353883	750	-2.130212	-100.493253
34	0.340630	750	-2.113230	-102.606483
35	0.327680	750	-2.073423	-104.679906
36	0.315030	750	-2.026010	-106.705916
37	0.302677	750	-2.095929	-108.801845
38	0.290619	750	-1.929085	-110.730930
39	0.278855	750	-1.935277	-112.666208
40	0.267381	750	-1.892271	-114.558478
41	0.256195	750	-1.879733	-116.438211
42	0.245294	750	-1.827820	-118.266031
43	0.234677	750	-1.774082	-120.040113
44	0.224340	750	-1.871632	-121.911746
45	0.214281	750	-1.727043	-123.638789
46	0.204498	750	-1.740403	-125.379191
47	0.194988	750	-1.625482	-127.004673
48	0.185749	750	-1.577726	-128.582399
49	0.176777	750	-1.586412	-130.168811
50	0.168070	750	-1.544073	-131.712884
51	0.159626	750	-1.497812	-133.210696
52	0.151441	750	-1.467417	-134.678113
53	0.143514	750	-1.529455	-136.207567
54	0.135841	750	-1.367015	-137.574582
55	0.128420	750	-1.468539	-139.043120
56	0.121247	750	-1.411983	-140.455104
57	0.114320	750	-1.380297	-141.835401
58	0.107637	750	-1.339636	-143.175036
59	0.101193	750	-1.297416	-144.472452
60	0.094986	750	-1.221254	-145.693706
61	0.089014	750	-1.245782	-146.939488
62	0.083273	750	-1.167923	-148.107412
63	0.077760	750	-1.187426	-149.294837
64	0.072472	750	-1.114784	-150.409621
65	0.067406	750	-1.093491	-151.503112
66	0.062558	750	-1.043003	-152.546115
67	0.057926	750	-1.001642	-153.547756
68	0.053506	750	-0.982810	-154.530566
69	0.049295	750	-0.923497	-155.454063
70	0.045289	750	-0.901448	-156.355510
71	0.041485	750	-0.839283	-157.194793
72	0.037880	750	-0.827322	-158.022115
73	0.034469	750	-0.763351	-158.785467
74	0.031250	750	-0.758932	-159.544399
75	0.028218	750	-0.696557	-160.240956
76	0.025370	750	-0.660086	-160.901042
77	0.022702	750	-0.686606	-161.587648
78	0.020209	750	-0.609321	-162.196968
79	0.017889	750	-0.596185	-162.793153
80	0.015736	750	-0.537845	-163.330998
81	0.013746	750	-0.536765	-163.867763
82	0.011916	750	-0.470885	-164.338648
83	0.010240	750	-0.431513	-164.770161
84	0.008714	750	-0.403744	-165.173905
85	0.007334	750	-0.341293	-165.515198
86	0.006093	750	-0.340075	-165.855273
87	0.004988	750	-0.321208	-166.176482
88	0.004013	750	-0.281250	-166.457731
89	0.003162	750	-0.284604	-166.742335
90	0.002430	750	-0.248265	-166.990600
91	0.001810	750	-0.195577	-167.186177
92	0.001296	750	-0.141280	-167.327457
93	0.000882	750	-0.129071	-167.456528
94	0.000559	750	-0.106479	-167.563007
95	0.000320	750	-0.080210	-167.643216
96	0.000156	750	-0.063039	-167.706256
97	0.000057	750	-0.032877	-167.739133
98	0.000010	750	-0.016393	-167.755526
99	0.000000	750	-0.003316	-167.758842
Log marginal likelihood:	-167.758842
0	0.975187	750	-3.450568	-3.450568
1	0.950747	750	-3.381789	-6.832358
2	0.926679	750	-3.330726	-10.163083
3	0.902980	750	-3.303543	-13.466626
4	0.879648	750	-3.236030	-16.702656
5	0.856682	750	-3.184152	-19.886808
6	0.834079	750	-3.124479	-23.011287
7	0.811838	750	-3.080930	-26.092217
8	0.789957	750	-3.019157	-29.111374
9	0.768433	750	-2.979802	-32.091176
10	0.747266	750	-2.948250	-35.039426
11	0.726452	750	-2.892971	-37.932397
12	0.705989	750	-2.859879	-40.792276
13	0.685877	750	-2.790209	-43.582484
14	0.666112	750	-2.777717	-46.360202
15	0.646693	750	-2.697952	-49.058154
16	0.627618	750	-2.679666	-51.737821
17	0.608884	750	-2.625024	-54.362845
18	0.590490	750	-2.567257	-56.930101
19	0.572433	750	-2.552598	-59.482699
20	0.554712	750	-2.502773	-61.985473
21	0.537324	750	-2.434566	-64.420039
22	0.520268	750	-2.395659	-66.815698
23	0.503540	750	-2.373637	-69.189335
24	0.487139	750	-2.358950	-71.548285
25	0.471063	750	-2.340608	-73.888893
26	0.455310	750	-2.264467	-76.153360
27	0.439877	750	-2.231196	-78.384555
28	0.424762	750	-2.136323	-80.520879
29	0.409963	750	-2.121861	-82.642740
30	0.395478	750	-2.073403	-84.716143
31	0.381305	750	-2.031750	-86.747893
32	0.367440	750	-1.981368	-88.729261
33	0.353883	750	-1.954625	-90.683886
34	0.340630	750	-1.877644	-92.561530
35	0.327680	750	-1.982619	-94.544149
36	0.315030	750	-1.859500	-96.403649
37	0.302677	750	-1.958966	-98.362616
38	0.290619	750	-1.758719	-100.121335
39	0.278855	750	-1.774944	-101.896279
40	0.267381	750	-1.764175	-103.660454
41	0.256195	750	-1.659930	-105.320384
42	0.245294	750	-1.618589	-106.938972
43	0.234677	750	-1.641280	-108.580252
44	0.224340	750	-1.586626	-110.166878
45	0.214281	750	-1.531883	-111.698762
46	0.204498	750	-1.487915	-113.186676
47	0.194988	750	-1.510596	-114.697272
48	0.185749	750	-1.471759	-116.169031
49	0.176777	750	-1.385542	-117.554573
50	0.168070	750	-1.410391	-118.964965
51	0.159626	750	-1.412673	-120.377637
52	0.151441	750	-1.405751	-121.783388
53	0.143514	750	-1.480599	-123.263987
54	0.135841	750	-1.532267	-124.796254
55	0.128420	750	-1.328841	-126.125094
56	0.121247	750	-1.163834	-127.288929
57	0.114320	750	-1.317112	-128.606041
58	0.107637	750	-1.238567	-129.844609
59	0.101193	750	-1.250129	-131.094738
60	0.094986	750	-1.280083	-132.374821
61	0.089014	750	-1.183545	-133.558366
62	0.083273	750	-1.174527	-134.732893
63	0.077760	750	-1.133254	-135.866147
64	0.072472	750	-1.046544	-136.912691
65	0.067406	750	-1.056468	-137.969159
66	0.062558	750	-1.019518	-138.988677
67	0.057926	750	-0.941290	-139.929967
68	0.053506	750	-0.940898	-140.870865
69	0.049295	750	-0.911752	-141.782617
70	0.045289	750	-0.876057	-142.658674
71	0.041485	750	-0.820191	-143.478864
72	0.037880	750	-0.810870	-144.289735
73	0.034469	750	-0.766522	-145.056257
74	0.031250	750	-0.736772	-145.793028
75	0.028218	750	-0.681258	-146.474287
76	0.025370	750	-0.665684	-147.139971
77	0.022702	750	-0.619543	-147.759514
78	0.020209	750	-0.632749	-148.392263
79	0.017889	750	-0.567465	-148.959728
80	0.015736	750	-0.529991	-149.489719
81	0.013746	750	-0.477102	-149.966821
82	0.011916	750	-0.476461	-150.443282
83	0.010240	750	-0.424455	-150.867737
84	0.008714	750	-0.409753	-151.277490
85	0.007334	750	-0.371197	-151.648687
86	0.006093	750	-0.334450	-151.983137
87	0.004988	750	-0.310048	-152.293185
88	0.004013	750	-0.271723	-152.564908
89	0.003162	750	-0.284240	-152.849148
90	0.002430	750	-0.230852	-153.080000
91	0.001810	750	-0.185203	-153.265203
92	0.001296	750	-0.148717	-153.413919
93	0.000882	750	-0.132807	-153.546727
94	0.000559	750	-0.108080	-153.654806
95	0.000320	750	-0.089480	-153.744287
96	0.000156	750	-0.056332	-153.800618
97	0.000057	750	-0.034853	-153.835472
98	0.000010	750	-0.015157	-153.850628
99	0.000000	750	-0.003221	-153.853849
Log marginal likelihood:	-153.853849
0	0.975187	750	-3.466767	-3.466767
1	0.950747	750	-3.389341	-6.856108
2	0.926679	750	-3.365291	-10.221398
3	0.902980	750	-3.334421	-13.555820
4	0.879648	750	-3.269391	-16.825211
5	0.856682	750	-3.221379	-20.046590
6	0.834079	750	-3.235106	-23.281696
7	0.811838	750	-3.119409	-26.401104
8	0.789957	750	-3.072948	-29.474052
9	0.768433	750	-3.113610	-32.587662
10	0.747266	750	-2.959108	-35.546770
11	0.726452	750	-3.080805	-38.627575
12	0.705989	750	-2.988127	-41.615702
13	0.685877	750	-2.935136	-44.550839
14	0.666112	750	-2.869478	-47.420317
15	0.646693	750	-2.774741	-50.195058
16	0.627618	750	-2.801622	-52.996680
17	0.608884	750	-2.719221	-55.715901
18	0.590490	750	-2.706434	-58.422335
19	0.572433	750	-2.633936	-61.056270
20	0.554712	750	-2.577348	-63.633619
21	0.537324	750	-2.561192	-66.194811
22	0.520268	750	-2.527361	-68.722172
23	0.503540	750	-2.440585	-71.162757
24	0.487139	750	-2.459495	-73.622252
25	0.471063	750	-2.428599	-76.050851
26	0.455310	750	-2.377589	-78.428440
27	0.439877	750	-2.316013	-80.744453
28	0.424762	750	-2.305147	-83.049600
29	0.409963	750	-2.231098	-85.280698
30	0.395478	750	-2.203593	-87.484291
31	0.381305	750	-2.137167	-89.621458
32	0.367440	750	-2.111818	-91.733275
33	0.353883	750	-2.078026	-93.811302
34	0.340630	750	-2.018619	-95.829921
35	0.327680	750	-2.023612	-97.853533
36	0.315030	750	-1.935604	-99.789137
37	0.302677	750	-1.918254	-101.707391
38	0.290619	750	-1.890577	-103.597968
39	0.278855	750	-1.858401	-105.456368
40	0.267381	750	-1.850578	-107.306946
41	0.256195	750	-1.791763	-109.098709
42	0.245294	750	-1.725328	-110.824037
43	0.234677	750	-1.742412	-112.566449
44	0.224340	750	-1.663872	-114.230321
45	0.214281	750	-1.705917	-115.936237
46	0.204498	750	-1.652947	-117.589184
47	0.194988	750	-1.526761	-119.115946
48	0.185749	750	-1.542298	-120.658244
49	0.176777	750	-1.480498	-122.138742
50	0.168070	750	-1.451542	-123.590283
51	0.159626	750	-1.555687	-125.145970
52	0.151441	750	-1.498786	-126.644757
53	0.143514	750	-1.468526	-128.113283
54	0.135841	750	-1.513523	-129.626805
55	0.128420	750	-1.399454	-131.026259
56	0.121247	750	-1.395398	-132.421657
57	0.114320	750	-1.387690	-133.809347
58	0.107637	750	-1.279677	-135.089024
59	0.101193	750	-1.257964	-136.346988
60	0.094986	750	-1.187320	-137.534308
61	0.089014	750	-1.235505	-138.769813
62	0.083273	750	-1.155169	-139.924981
63	0.077760	750	-1.084555	-141.009536
64	0.072472	750	-1.086611	-142.096147
65	0.067406	750	-1.073487	-143.169634
66	0.062558	750	-1.013373	-144.183007
67	0.057926	750	-0.968084	-145.151091
68	0.053506	750	-0.879121	-146.030213
69	0.049295	750	-0.906706	-146.936919
70	0.045289	750	-0.857109	-147.794028
71	0.041485	750	-0.800901	-148.594929
72	0.037880	750	-0.812149	-149.407078
73	0.034469	750	-0.777823	-150.184901
74	0.031250	750	-0.715587	-150.900488
75	0.028218	750	-0.696945	-151.597433
76	0.025370	750	-0.676484	-152.273917
77	0.022702	750	-0.643186	-152.917103
78	0.020209	750	-0.580798	-153.497902
79	0.017889	750	-0.575628	-154.073529
80	0.015736	750	-0.556789	-154.630319
81	0.013746	750	-0.486504	-155.116823
82	0.011916	750	-0.490175	-155.606998
83	0.010240	750	-0.421453	-156.028451
84	0.008714	750	-0.414108	-156.442559
85	0.007334	750	-0.391744	-156.834304
86	0.006093	750	-0.315252	-157.149556
87	0.004988	750	-0.316055	-157.465611
88	0.004013	750	-0.275545	-157.741156
89	0.003162	750	-0.273931	-158.015087
90	0.002430	750	-0.216825	-158.231912
91	0.001810	750	-0.208956	-158.440869
92	0.001296	750	-0.152017	-158.592886
93	0.000882	750	-0.139355	-158.732240
94	0.000559	750	-0.105614	-158.837854
95	0.000320	750	-0.079738	-158.917592
96	0.000156	750	-0.046940	-158.964532
97	0.000057	750	-0.031637	-158.996169
98	0.000010	750	-0.014607	-159.010776
99	0.000000	750	-0.003339	-159.014115
Log marginal likelihood:	-159.014115
0	0.975187	750	-3.854979	-3.854979
1	0.950747	750	-3.730744	-7.585723
2	0.926679	750	-3.721523	-11.307246
3	0.902980	750	-3.676811	-14.984057
4	0.879648	750	-3.593607	-18.577664
5	0.856682	750	-3.599264	-22.176928
6	0.834079	750	-3.484924	-25.661852
7	0.811838	750	-3.424099	-29.085950
8	0.789957	750	-3.381439	-32.467389
9	0.768433	750	-3.346204	-35.813592
10	0.747266	750	-3.297313	-39.110906
11	0.726452	750	-3.272837	-42.383743
12	0.705989	750	-3.172325	-45.556068
13	0.685877	750	-3.173551	-48.729619
14	0.666112	750	-3.098083	-51.827701
15	0.646693	750	-3.068679	-54.896380
16	0.627618	750	-3.009333	-57.905713
17	0.608884	750	-2.921242	-60.826955
18	0.590490	750	-2.893470	-63.720425
19	0.572433	750	-2.842966	-66.563391
20	0.554712	750	-2.799780	-69.363170
21	0.537324	750	-2.778344	-72.141514
22	0.520268	750	-2.683446	-74.824960
23	0.503540	750	-2.675472	-77.500432
24	0.487139	750	-2.599972	-80.100404
25	0.471063	750	-2.570456	-82.670860
26	0.455310	750	-2.539386	-85.210246
27	0.439877	750	-2.482149	-87.692395
28	0.424762	750	-2.418763	-90.111158
29	0.409963	750	-2.363955	-92.475113
30	0.395478	750	-2.315139	-94.790252
31	0.381305	750	-2.320580	-97.110832
32	0.367440	750	-2.231397	-99.342229
33	0.353883	750	-2.204110	-101.546339
34	0.340630	750	-2.149601	-103.695940
35	0.327680	750	-2.148659	-105.844599
36	0.315030	750	-2.074431	-107.919030
37	0.302677	750	-2.082859	-110.001889
38	0.290619	750	-2.063834	-112.065723
39	0.278855	750	-1.929563	-113.995286
40	0.267381	750	-1.920138	-115.915424
41	0.256195	750	-1.880084	-117.795508
42	0.245294	750	-1.840323	-119.635831
43	0.234677	750	-1.808248	-121.444079
44	0.224340	750	-1.777294	-123.221374
45	0.214281	750	-1.718900	-124.940274
46	0.204498	750	-1.738245	-126.678519
47	0.194988	750	-1.655151	-128.333670
48	0.185749	750	-1.624532	-129.958202
49	0.176777	750	-1.593880	-131.552082
50	0.168070	750	-1.530034	-133.082116
51	0.159626	750	-1.543129	-134.625245
52	0.151441	750	-1.476697	-136.101942
53	0.143514	750	-1.459969	-137.561911
54	0.135841	750	-1.457310	-139.019221
55	0.128420	750	-1.448799	-140.468020
56	0.121247	750	-1.363144	-141.831164
57	0.114320	750	-1.308139	-143.139303
58	0.107637	750	-1.272831	-144.412134
59	0.101193	750	-1.269858	-145.681992
60	0.094986	750	-1.199096	-146.881088
61	0.089014	750	-1.191018	-148.072106
62	0.083273	750	-1.143663	-149.215769
63	0.077760	750	-1.110819	-150.326587
64	0.072472	750	-1.068445	-151.395032
65	0.067406	750	-1.050254	-152.445286
66	0.062558	750	-1.041431	-153.486717
67	0.057926	750	-0.952008	-154.438725
68	0.053506	750	-0.941742	-155.380467
69	0.049295	750	-0.890624	-156.271091
70	0.045289	750	-0.888088	-157.159179
71	0.041485	750	-0.796312	-157.955491
72	0.037880	750	-0.804680	-158.760172
73	0.034469	750	-0.739942	-159.500114
74	0.031250	750	-0.720671	-160.220785
75	0.028218	750	-0.683534	-160.904318
76	0.025370	750	-0.669689	-161.574008
77	0.022702	750	-0.636084	-162.210091
78	0.020209	750	-0.604283	-162.814374
79	0.017889	750	-0.569386	-163.383760
80	0.015736	750	-0.540542	-163.924302
81	0.013746	750	-0.487938	-164.412240
82	0.011916	750	-0.492823	-164.905063
83	0.010240	750	-0.410045	-165.315108
84	0.008714	750	-0.383627	-165.698735
85	0.007334	750	-0.353583	-166.052318
86	0.006093	750	-0.354046	-166.406364
87	0.004988	750	-0.330128	-166.736492
88	0.004013	750	-0.257777	-166.994269
89	0.003162	750	-0.226858	-167.221127
90	0.002430	750	-0.233516	-167.454643
91	0.001810	750	-0.192104	-167.646746
92	0.001296	750	-0.155950	-167.802696
93	0.000882	750	-0.136522	-167.939218
94	0.000559	750	-0.102132	-168.041350
95	0.000320	750	-0.080664	-168.122014
96	0.000156	750	-0.057344	-168.179358
97	0.000057	750	-0.035399	-168.214757
98	0.000010	750	-0.014195	-168.228952
99	0.000000	750	-0.003130	-168.232081
Log marginal likelihood:	-168.232081
0	0.975187	750	-3.472130	-3.472130
1	0.950747	750	-3.419228	-6.891358
2	0.926679	750	-3.365006	-10.256364
3	0.902980	750	-3.303000	-13.559364
4	0.879648	750	-3.259922	-16.819286
5	0.856682	750	-3.208816	-20.028102
6	0.834079	750	-3.183017	-23.211119
7	0.811838	750	-3.127624	-26.338743
8	0.789957	750	-3.081687	-29.420431
9	0.768433	750	-3.062193	-32.482624
10	0.747266	750	-3.001470	-35.484094
11	0.726452	750	-2.936425	-38.420519
12	0.705989	750	-2.919329	-41.339848
13	0.685877	750	-2.880760	-44.220608
14	0.666112	750	-2.787683	-47.008291
15	0.646693	750	-2.735198	-49.743489
16	0.627618	750	-2.745050	-52.488539
17	0.608884	750	-2.652402	-55.140941
18	0.590490	750	-2.610461	-57.751403
19	0.572433	750	-2.580351	-60.331754
20	0.554712	750	-2.518759	-62.850513
21	0.537324	750	-2.451522	-65.302035
22	0.520268	750	-2.442950	-67.744984
23	0.503540	750	-2.380330	-70.125315
24	0.487139	750	-2.387694	-72.513009
25	0.471063	750	-2.336668	-74.849676
26	0.455310	750	-2.244240	-77.093916
27	0.439877	750	-2.237871	-79.331787
28	0.424762	750	-2.207824	-81.539611
29	0.409963	750	-2.201394	-83.741005
30	0.395478	750	-2.119167	-85.860171
31	0.381305	750	-2.116735	-87.976906
32	0.367440	750	-2.071180	-90.048087
33	0.353883	750	-2.025183	-92.073270
34	0.340630	750	-1.918410	-93.991680
35	0.327680	750	-1.877240	-95.868920
36	0.315030	750	-1.857928	-97.726848
37	0.302677	750	-1.872847	-99.599695
38	0.290619	750	-1.800435	-101.400130
39	0.278855	750	-1.773519	-103.173649
40	0.267381	750	-1.737211	-104.910859
41	0.256195	750	-1.663300	-106.574159
42	0.245294	750	-1.717779	-108.291938
43	0.234677	750	-1.647987	-109.939925
44	0.224340	750	-1.619340	-111.559265
45	0.214281	750	-1.559363	-113.118628
46	0.204498	750	-1.505225	-114.623853
47	0.194988	750	-1.523702	-116.147555
48	0.185749	750	-1.440188	-117.587743
49	0.176777	750	-1.501995	-119.089738
50	0.168070	750	-1.376028	-120.465766
51	0.159626	750	-1.406549	-121.872315
52	0.151441	750	-1.432016	-123.304331
53	0.143514	750	-1.311483	-124.615814
54	0.135841	750	-1.331859	-125.947674
55	0.128420	750	-1.326383	-127.274057
56	0.121247	750	-1.307525	-128.581582
57	0.114320	750	-1.244482	-129.826063
58	0.107637	750	-1.241744	-131.067807
59	0.101193	750	-1.115040	-132.182847
60	0.094986	750	-1.187138	-133.369985
61	0.089014	750	-1.130077	-134.500062
62	0.083273	750	-1.056954	-135.557016
63	0.077760	750	-1.072388	-136.629404
64	0.072472	750	-1.015401	-137.644805
65	0.067406	750	-1.011321	-138.656126
66	0.062558	750	-0.962070	-139.618196
67	0.057926	750	-0.900586	-140.518782
68	0.053506	750	-0.948459	-141.467241
69	0.049295	750	-0.868731	-142.335972
70	0.045289	750	-0.820362	-143.156335
71	0.041485	750	-0.779241	-143.935576
72	0.037880	750	-0.795140	-144.730716
73	0.034469	750	-0.718656	-145.449372
74	0.031250	750	-0.713937	-146.163309
75	0.028218	750	-0.664670	-146.827979
76	0.025370	750	-0.641535	-147.469514
77	0.022702	750	-0.629347	-148.098861
78	0.020209	750	-0.577643	-148.676503
79	0.017889	750	-0.581860	-149.258364
80	0.015736	750	-0.534315	-149.792679
81	0.013746	750	-0.466804	-150.259483
82	0.011916	750	-0.467131	-150.726613
83	0.010240	750	-0.411373	-151.137987
84	0.008714	750	-0.414855	-151.552841
85	0.007334	750	-0.356521	-151.909362
86	0.006093	750	-0.326139	-152.235501
87	0.004988	750	-0.290859	-152.526360
88	0.004013	750	-0.240864	-152.767224
89	0.003162	750	-0.226900	-152.994124
90	0.002430	750	-0.196918	-153.191042
91	0.001810	750	-0.188843	-153.379885
92	0.001296	750	-0.151012	-153.530896
93	0.000882	750	-0.121991	-153.652888
94	0.000559	750	-0.099763	-153.752650
95	0.000320	750	-0.077901	-153.830551
96	0.000156	750	-0.051805	-153.882357
97	0.000057	750	-0.032269	-153.914626
98	0.000010	750	-0.014141	-153.928767
99	0.000000	750	-0.003161	-153.931928
Log marginal likelihood:	-153.931928
0	0.975187	750	-3.638298	-3.638298
1	0.950747	750	-3.502007	-7.140306
2	0.926679	750	-3.484998	-10.625304
3	0.902980	750	-3.407318	-14.032622
4	0.879648	750	-3.422682	-17.455304
5	0.856682	750	-3.312878	-20.768182
6	0.834079	750	-3.328196	-24.096378
7	0.811838	750	-3.200922	-27.297300
8	0.789957	750	-3.171229	-30.468529
9	0.768433	750	-3.125529	-33.594058
10	0.747266	750	-3.109103	-36.703161
11	0.726452	750	-3.042891	-39.746052
12	0.705989	750	-3.037797	-42.783849
13	0.685877	750	-2.973356	-45.757205
14	0.666112	750	-2.905330	-48.662535
15	0.646693	750	-2.850687	-51.513222
16	0.627618	750	-2.796823	-54.310045
17	0.608884	750	-2.761021	-57.071066
18	0.590490	750	-2.693268	-59.764333
19	0.572433	750	-2.738979	-62.503312
20	0.554712	750	-2.640357	-65.143669
21	0.537324	750	-2.604106	-67.747776
22	0.520268	750	-2.563156	-70.310932
23	0.503540	750	-2.535960	-72.846892
24	0.487139	750	-2.461830	-75.308722
25	0.471063	750	-2.426605	-77.735326
26	0.455310	750	-2.370200	-80.105527
27	0.439877	750	-2.304377	-82.409904
28	0.424762	750	-2.266613	-84.676517
29	0.409963	750	-2.257133	-86.933650
30	0.395478	750	-2.205334	-89.138984
31	0.381305	750	-2.183232	-91.322216
32	0.367440	750	-2.085342	-93.407558
33	0.353883	750	-2.066593	-95.474150
34	0.340630	750	-2.084936	-97.559086
35	0.327680	750	-2.046728	-99.605814
36	0.315030	750	-1.983851	-101.589666
37	0.302677	750	-1.882323	-103.471989
38	0.290619	750	-1.903920	-105.375909
39	0.278855	750	-1.834623	-107.210532
40	0.267381	750	-1.886862	-109.097394
41	0.256195	750	-1.732958	-110.830352
42	0.245294	750	-1.801774	-112.632125
43	0.234677	750	-1.726633	-114.358759
44	0.224340	750	-1.745375	-116.104134
45	0.214281	750	-1.683224	-117.787358
46	0.204498	750	-1.585731	-119.373089
47	0.194988	750	-1.661677	-121.034766
48	0.185749	750	-1.551862	-122.586628
49	0.176777	750	-1.544810	-124.131438
50	0.168070	750	-1.530139	-125.661577
51	0.159626	750	-1.501457	-127.163034
52	0.151441	750	-1.450177	-128.613211
53	0.143514	750	-1.391561	-130.004773
54	0.135841	750	-1.469703	-131.474476
55	0.128420	750	-1.371991	-132.846466
56	0.121247	750	-1.346723	-134.193189
57	0.114320	750	-1.267400	-135.460590
58	0.107637	750	-1.281930	-136.742519
59	0.101193	750	-1.199101	-137.941620
60	0.094986	750	-1.270752	-139.212371
61	0.089014	750	-1.164546	-140.376918
62	0.083273	750	-1.180489	-141.557407
63	0.077760	750	-1.106135	-142.663541
64	0.072472	750	-1.120090	-143.783632
65	0.067406	750	-1.051052	-144.834683
66	0.062558	750	-1.036136	-145.870819
67	0.057926	750	-0.950609	-146.821428
68	0.053506	750	-0.959957	-147.781385
69	0.049295	750	-0.906746	-148.688131
70	0.045289	750	-0.880276	-149.568407
71	0.041485	750	-0.836302	-150.404709
72	0.037880	750	-0.765204	-151.169913
73	0.034469	750	-0.741314	-151.911227
74	0.031250	750	-0.718698	-152.629926
75	0.028218	750	-0.669027	-153.298953
76	0.025370	750	-0.666882	-153.965834
77	0.022702	750	-0.632229	-154.598063
78	0.020209	750	-0.624785	-155.222848
79	0.017889	750	-0.588331	-155.811179
80	0.015736	750	-0.530262	-156.341441
81	0.013746	750	-0.490941	-156.832382
82	0.011916	750	-0.473345	-157.305727
83	0.010240	750	-0.450172	-157.755898
84	0.008714	750	-0.422223	-158.178121
85	0.007334	750	-0.376755	-158.554875
86	0.006093	750	-0.337756	-158.892631
87	0.004988	750	-0.324564	-159.217195
88	0.004013	750	-0.293271	-159.510466
89	0.003162	750	-0.260283	-159.770750
90	0.002430	750	-0.224821	-159.995570
91	0.001810	750	-0.213152	-160.208722
92	0.001296	750	-0.168419	-160.377141
93	0.000882	750	-0.134161	-160.511302
94	0.000559	750	-0.115874	-160.627175
95	0.000320	750	-0.081553	-160.708728
96	0.000156	750	-0.057383	-160.766111
97	0.000057	750	-0.032353	-160.798465
98	0.000010	750	-0.015131	-160.813596
99	0.000000	750	-0.003001	-160.816597
Log marginal likelihood:	-160.816597
0	0.975187	750	-3.442603	-3.442603
1	0.950747	750	-3.388954	-6.831557
2	0.926679	750	-3.337908	-10.169464
3	0.902980	750	-3.287217	-13.456681
4	0.879648	750	-3.252374	-16.709055
5	0.856682	750	-3.213751	-19.922807
6	0.834079	750	-3.144032	-23.066839
7	0.811838	750	-3.074177	-26.141015
8	0.789957	750	-3.021580	-29.162595
9	0.768433	750	-3.041587	-32.204182
10	0.747266	750	-2.968473	-35.172655
11	0.726452	750	-2.944444	-38.117099
12	0.705989	750	-2.870108	-40.987207
13	0.685877	750	-2.841314	-43.828521
14	0.666112	750	-2.760146	-46.588667
15	0.646693	750	-2.742752	-49.331419
16	0.627618	750	-2.683653	-52.015072
17	0.608884	750	-2.609809	-54.624881
18	0.590490	750	-2.626809	-57.251690
19	0.572433	750	-2.547392	-59.799082
20	0.554712	750	-2.502695	-62.301777
21	0.537324	750	-2.473656	-64.775433
22	0.520268	750	-2.401467	-67.176900
23	0.503540	750	-2.341357	-69.518257
24	0.487139	750	-2.319213	-71.837470
25	0.471063	750	-2.265173	-74.102642
26	0.455310	750	-2.222284	-76.324926
27	0.439877	750	-2.204517	-78.529444
28	0.424762	750	-2.174480	-80.703923
29	0.409963	750	-2.110217	-82.814140
30	0.395478	750	-2.069944	-84.884084
31	0.381305	750	-2.068820	-86.952905
32	0.367440	750	-2.043600	-88.996505
33	0.353883	750	-1.968476	-90.964981
34	0.340630	750	-1.932602	-92.897583
35	0.327680	750	-1.899181	-94.796764
36	0.315030	750	-1.836894	-96.633658
37	0.302677	750	-1.815951	-98.449609
38	0.290619	750	-1.806621	-100.256230
39	0.278855	750	-1.687718	-101.943948
40	0.267381	750	-1.721598	-103.665546
41	0.256195	750	-1.654823	-105.320369
42	0.245294	750	-1.691608	-107.011977
43	0.234677	750	-1.595271	-108.607248
44	0.224340	750	-1.571238	-110.178486
45	0.214281	750	-1.585157	-111.763643
46	0.204498	750	-1.610043	-113.373686
47	0.194988	750	-1.489962	-114.863648
48	0.185749	750	-1.507443	-116.371091
49	0.176777	750	-1.539872	-117.910963
50	0.168070	750	-1.506879	-119.417842
51	0.159626	750	-1.362075	-120.779917
52	0.151441	750	-1.399247	-122.179163
53	0.143514	750	-1.298269	-123.477433
54	0.135841	750	-1.409878	-124.887311
55	0.128420	750	-1.330018	-126.217329
56	0.121247	750	-1.288246	-127.505575
57	0.114320	750	-1.334818	-128.840393
58	0.107637	750	-1.193727	-130.034119
59	0.101193	750	-1.275307	-131.309426
60	0.094986	750	-1.218954	-132.528380
61	0.089014	750	-1.151373	-133.679754
62	0.083273	750	-1.165684	-134.845437
63	0.077760	750	-1.112172	-135.957609
64	0.072472	750	-1.079449	-137.037058
65	0.067406	750	-0.982028	-138.019087
66	0.062558	750	-0.991069	-139.010155
67	0.057926	750	-0.984305	-139.994460
68	0.053506	750	-0.925206	-140.919666
69	0.049295	750	-0.852371	-141.772038
70	0.045289	750	-0.872499	-142.644536
71	0.041485	750	-0.838802	-143.483338
72	0.037880	750	-0.790323	-144.273661
73	0.034469	750	-0.737440	-145.011101
74	0.031250	750	-0.728303	-145.739404
75	0.028218	750	-0.664312	-146.403717
76	0.025370	750	-0.682387	-147.086103
77	0.022702	750	-0.647712	-147.733816
78	0.020209	750	-0.581991	-148.315807
79	0.017889	750	-0.558705	-148.874512
80	0.015736	750	-0.544450	-149.418962
81	0.013746	750	-0.517728	-149.936690
82	0.011916	750	-0.461454	-150.398144
83	0.010240	750	-0.428970	-150.827114
84	0.008714	750	-0.398224	-151.225339
85	0.007334	750	-0.351878	-151.577217
86	0.006093	750	-0.320000	-151.897218
87	0.004988	750	-0.290733	-152.187951
88	0.004013	750	-0.313066	-152.501016
89	0.003162	750	-0.251475	-152.752491
90	0.002430	750	-0.219161	-152.971653
91	0.001810	750	-0.184700	-153.156352
92	0.001296	750	-0.152545	-153.308898
93	0.000882	750	-0.111892	-153.420790
94	0.000559	750	-0.090983	-153.511773
95	0.000320	750	-0.074388	-153.586161
96	0.000156	750	-0.051959	-153.638119
97	0.000057	750	-0.033353	-153.671472
98	0.000010	750	-0.014841	-153.686314
99	0.000000	750	-0.003317	-153.689631
Log marginal likelihood:	-153.689631
0	0.975187	750	-3.310578	-3.310578
1	0.950747	750	-3.234311	-6.544890
2	0.926679	750	-3.157753	-9.702643
3	0.902980	750	-3.196405	-12.899048
4	0.879648	750	-3.126038	-16.025086
5	0.856682	750	-3.056292	-19.081378
6	0.834079	750	-3.044193	-22.125571
7	0.811838	750	-2.934270	-25.059841
8	0.789957	750	-2.933101	-27.992942
9	0.768433	750	-2.876506	-30.869448
10	0.747266	750	-2.843773	-33.713221
11	0.726452	750	-2.824917	-36.538138
12	0.705989	750	-2.756721	-39.294859
13	0.685877	750	-2.726850	-42.021709
14	0.666112	750	-2.665049	-44.686758
15	0.646693	750	-2.630564	-47.317322
16	0.627618	750	-2.593015	-49.910336
17	0.608884	750	-2.526950	-52.437287
18	0.590490	750	-2.484764	-54.922051
19	0.572433	750	-2.471273	-57.393324
20	0.554712	750	-2.438157	-59.831482
21	0.537324	750	-2.368328	-62.199809
22	0.520268	750	-2.367731	-64.567540
23	0.503540	750	-2.292953	-66.860494
24	0.487139	750	-2.252815	-69.113309
25	0.471063	750	-2.220778	-71.334087
26	0.455310	750	-2.185485	-73.519571
27	0.439877	750	-2.166166	-75.685738
28	0.424762	750	-2.117725	-77.803462
29	0.409963	750	-2.087037	-79.890499
30	0.395478	750	-2.026013	-81.916512
31	0.381305	750	-1.980735	-83.897247
32	0.367440	750	-1.943149	-85.840396
33	0.353883	750	-1.931454	-87.771850
34	0.340630	750	-1.905779	-89.677629
35	0.327680	750	-1.820479	-91.498109
36	0.315030	750	-1.842896	-93.341005
37	0.302677	750	-1.733209	-95.074215
38	0.290619	750	-1.734395	-96.808610
39	0.278855	750	-1.662734	-98.471344
40	0.267381	750	-1.671861	-100.143205
41	0.256195	750	-1.627467	-101.770672
42	0.245294	750	-1.649639	-103.420312
43	0.234677	750	-1.511891	-104.932203
44	0.224340	750	-1.538917	-106.471120
45	0.214281	750	-1.484350	-107.955470
46	0.204498	750	-1.546184	-109.501654
47	0.194988	750	-1.461455	-110.963108
48	0.185749	750	-1.477139	-112.440247
49	0.176777	750	-1.492278	-113.932526
50	0.168070	750	-1.398929	-115.331455
51	0.159626	750	-1.327314	-116.658769
52	0.151441	750	-1.298445	-117.957214
53	0.143514	750	-1.337816	-119.295031
54	0.135841	750	-1.303008	-120.598039
55	0.128420	750	-1.269702	-121.867741
56	0.121247	750	-1.178309	-123.046049
57	0.114320	750	-1.222626	-124.268675
58	0.107637	750	-1.323239	-125.591914
59	0.101193	750	-1.218121	-126.810036
60	0.094986	750	-1.224936	-128.034972
61	0.089014	750	-1.140053	-129.175025
62	0.083273	750	-1.065222	-130.240248
63	0.077760	750	-1.056033	-131.296281
64	0.072472	750	-1.063662	-132.359943
65	0.067406	750	-1.004653	-133.364596
66	0.062558	750	-0.982717	-134.347313
67	0.057926	750	-0.944930	-135.292243
68	0.053506	750	-0.905591	-136.197834
69	0.049295	750	-0.864519	-137.062353
70	0.045289	750	-0.855870	-137.918224
71	0.041485	750	-0.806066	-138.724290
72	0.037880	750	-0.776218	-139.500508
73	0.034469	750	-0.772851	-140.273359
74	0.031250	750	-0.722594	-140.995953
75	0.028218	750	-0.678883	-141.674836
76	0.025370	750	-0.678615	-142.353451
77	0.022702	750	-0.616129	-142.969580
78	0.020209	750	-0.575679	-143.545259
79	0.017889	750	-0.542702	-144.087960
80	0.015736	750	-0.523982	-144.611943
81	0.013746	750	-0.494819	-145.106762
82	0.011916	750	-0.459816	-145.566578
83	0.010240	750	-0.460427	-146.027005
84	0.008714	750	-0.412744	-146.439749
85	0.007334	750	-0.380672	-146.820421
86	0.006093	750	-0.329708	-147.150129
87	0.004988	750	-0.281082	-147.431211
88	0.004013	750	-0.282042	-147.713253
89	0.003162	750	-0.251438	-147.964690
90	0.002430	750	-0.246620	-148.211310
91	0.001810	750	-0.188433	-148.399743
92	0.001296	750	-0.176793	-148.576536
93	0.000882	750	-0.122911	-148.699447
94	0.000559	750	-0.091813	-148.791260
95	0.000320	750	-0.082932	-148.874192
96	0.000156	750	-0.052627	-148.926819
97	0.000057	750	-0.033326	-148.960145
98	0.000010	750	-0.014701	-148.974846
99	0.000000	750	-0.003662	-148.978508
Log marginal likelihood:	-148.978508
0	0.975187	750	-3.496051	-3.496051
1	0.950747	750	-3.390194	-6.886245
2	0.926679	750	-3.338432	-10.224677
3	0.902980	750	-3.332511	-13.557188
4	0.879648	750	-3.456010	-17.013198
5	0.856682	750	-3.254991	-20.268189
6	0.834079	750	-3.165891	-23.434080
7	0.811838	750	-3.108155	-26.542235
8	0.789957	750	-3.166678	-29.708913
9	0.768433	750	-3.073410	-32.782323
10	0.747266	750	-3.006752	-35.789075
11	0.726452	750	-3.099714	-38.888789
12	0.705989	750	-2.903137	-41.791926
13	0.685877	750	-2.986502	-44.778429
14	0.666112	750	-2.933663	-47.712091
15	0.646693	750	-2.870336	-50.582427
16	0.627618	750	-2.853011	-53.435438
17	0.608884	750	-2.697276	-56.132714
18	0.590490	750	-2.623667	-58.756381
19	0.572433	750	-2.644940	-61.401322
20	0.554712	750	-2.665297	-64.066618
21	0.537324	750	-2.505551	-66.572169
22	0.520268	750	-2.466908	-69.039077
23	0.503540	750	-2.483399	-71.522476
24	0.487139	750	-2.522845	-74.045320
25	0.471063	750	-2.394928	-76.440248
26	0.455310	750	-2.394872	-78.835120
27	0.439877	750	-2.323598	-81.158717
28	0.424762	750	-2.300366	-83.459083
29	0.409963	750	-2.256380	-85.715463
30	0.395478	750	-2.190047	-87.905510
31	0.381305	750	-2.178530	-90.084040
32	0.367440	750	-2.106731	-92.190771
33	0.353883	750	-2.062081	-94.252852
34	0.340630	750	-2.050159	-96.303012
35	0.327680	750	-2.010130	-98.313141
36	0.315030	750	-1.984646	-100.297788
37	0.302677	750	-1.934113	-102.231901
38	0.290619	750	-1.893232	-104.125133
39	0.278855	750	-1.853335	-105.978467
40	0.267381	750	-1.768195	-107.746662
41	0.256195	750	-1.795021	-109.541683
42	0.245294	750	-1.703302	-111.244985
43	0.234677	750	-1.684084	-112.929069
44	0.224340	750	-1.636465	-114.565534
45	0.214281	750	-1.598475	-116.164009
46	0.204498	750	-1.602019	-117.766028
47	0.194988	750	-1.541016	-119.307043
48	0.185749	750	-1.495108	-120.802151
49	0.176777	750	-1.529980	-122.332132
50	0.168070	750	-1.503972	-123.836104
51	0.159626	750	-1.528614	-125.364718
52	0.151441	750	-1.347707	-126.712424
53	0.143514	750	-1.407982	-128.120406
54	0.135841	750	-1.479733	-129.600139
55	0.128420	750	-1.296485	-130.896624
56	0.121247	750	-1.364488	-132.261112
57	0.114320	750	-1.301011	-133.562123
58	0.107637	750	-1.278614	-134.840736
59	0.101193	750	-1.243533	-136.084269
60	0.094986	750	-1.237885	-137.322154
61	0.089014	750	-1.205846	-138.528000
62	0.083273	750	-1.176780	-139.704780
63	0.077760	750	-1.131261	-140.836041
64	0.072472	750	-1.036067	-141.872108
65	0.067406	750	-1.013686	-142.885794
66	0.062558	750	-1.028522	-143.914316
67	0.057926	750	-0.945661	-144.859977
68	0.053506	750	-0.891765	-145.751742
69	0.049295	750	-0.879685	-146.631427
70	0.045289	750	-0.848240	-147.479667
71	0.041485	750	-0.816085	-148.295752
72	0.037880	750	-0.829485	-149.125237
73	0.034469	750	-0.747707	-149.872944
74	0.031250	750	-0.732263	-150.605207
75	0.028218	750	-0.670486	-151.275694
76	0.025370	750	-0.658035	-151.933728
77	0.022702	750	-0.632156	-152.565884
78	0.020209	750	-0.635605	-153.201489
79	0.017889	750	-0.564858	-153.766347
80	0.015736	750	-0.535223	-154.301569
81	0.013746	750	-0.517257	-154.818826
82	0.011916	750	-0.500435	-155.319261
83	0.010240	750	-0.445373	-155.764634
84	0.008714	750	-0.378908	-156.143542
85	0.007334	750	-0.402889	-156.546431
86	0.006093	750	-0.345621	-156.892052
87	0.004988	750	-0.315620	-157.207672
88	0.004013	750	-0.263102	-157.470774
89	0.003162	750	-0.257077	-157.727851
90	0.002430	750	-0.245415	-157.973266
91	0.001810	750	-0.198294	-158.171560
92	0.001296	750	-0.184312	-158.355872
93	0.000882	750	-0.127879	-158.483751
94	0.000559	750	-0.099065	-158.582816
95	0.000320	750	-0.071045	-158.653861
96	0.000156	750	-0.045622	-158.699483
97	0.000057	750	-0.031249	-158.730731
98	0.000010	750	-0.016235	-158.746967
99	0.000000	750	-0.003615	-158.750582
Log marginal likelihood:	-158.750582
0	0.975187	750	-3.501684	-3.501684
1	0.950747	750	-3.467517	-6.969201
2	0.926679	750	-3.383599	-10.352801
3	0.902980	750	-3.373964	-13.726764
4	0.879648	750	-3.306555	-17.033319
5	0.856682	750	-3.248507	-20.281826
6	0.834079	750	-3.219281	-23.501108
7	0.811838	750	-3.158986	-26.660093
8	0.789957	750	-3.099863	-29.759956
9	0.768433	750	-3.048009	-32.807965
10	0.747266	750	-3.018727	-35.826692
11	0.726452	750	-2.963272	-38.789964
12	0.705989	750	-2.912381	-41.702345
13	0.685877	750	-2.876004	-44.578349
14	0.666112	750	-2.868744	-47.447093
15	0.646693	750	-2.781582	-50.228675
16	0.627618	750	-2.743528	-52.972203
17	0.608884	750	-2.701807	-55.674010
18	0.590490	750	-2.628024	-58.302034
19	0.572433	750	-2.646506	-60.948541
20	0.554712	750	-2.553100	-63.501641
21	0.537324	750	-2.538120	-66.039760
22	0.520268	750	-2.447971	-68.487731
23	0.503540	750	-2.404384	-70.892115
24	0.487139	750	-2.379544	-73.271659
25	0.471063	750	-2.347195	-75.618854
26	0.455310	750	-2.304623	-77.923477
27	0.439877	750	-2.285075	-80.208552
28	0.424762	750	-2.215209	-82.423761
29	0.409963	750	-2.160895	-84.584656
30	0.395478	750	-2.133451	-86.718107
31	0.381305	750	-2.089106	-88.807213
32	0.367440	750	-2.115424	-90.922637
33	0.353883	750	-2.011093	-92.933730
34	0.340630	750	-1.950201	-94.883931
35	0.327680	750	-1.954611	-96.838542
36	0.315030	750	-1.864449	-98.702991
37	0.302677	750	-1.846280	-100.549271
38	0.290619	750	-1.840254	-102.389525
39	0.278855	750	-1.815183	-104.204708
40	0.267381	750	-1.798172	-106.002880
41	0.256195	750	-1.721030	-107.723910
42	0.245294	750	-1.688180	-109.412090
43	0.234677	750	-1.618698	-111.030788
44	0.224340	750	-1.605188	-112.635976
45	0.214281	750	-1.514770	-114.150747
46	0.204498	750	-1.591848	-115.742595
47	0.194988	750	-1.494892	-117.237487
48	0.185749	750	-1.446887	-118.684375
49	0.176777	750	-1.465806	-120.150181
50	0.168070	750	-1.441704	-121.591884
51	0.159626	750	-1.429028	-123.020912
52	0.151441	750	-1.463270	-124.484182
53	0.143514	750	-1.391919	-125.876101
54	0.135841	750	-1.356151	-127.232252
55	0.128420	750	-1.376467	-128.608719
56	0.121247	750	-1.400723	-130.009442
57	0.114320	750	-1.378098	-131.387540
58	0.107637	750	-1.234117	-132.621658
59	0.101193	750	-1.199725	-133.821382
60	0.094986	750	-1.221780	-135.043163
61	0.089014	750	-1.227469	-136.270631
62	0.083273	750	-1.156334	-137.426966
63	0.077760	750	-1.097433	-138.524399
64	0.072472	750	-0.995592	-139.519990
65	0.067406	750	-1.030435	-140.550425
66	0.062558	750	-1.014547	-141.564973
67	0.057926	750	-1.007884	-142.572856
68	0.053506	750	-0.996933	-143.569789
69	0.049295	750	-0.917319	-144.487109
70	0.045289	750	-0.908190	-145.395299
71	0.041485	750	-0.830137	-146.225436
72	0.037880	750	-0.823291	-147.048727
73	0.034469	750	-0.809907	-147.858634
74	0.031250	750	-0.708722	-148.567356
75	0.028218	750	-0.698884	-149.266240
76	0.025370	750	-0.679862	-149.946102
77	0.022702	750	-0.647683	-150.593785
78	0.020209	750	-0.621885	-151.215670
79	0.017889	750	-0.585846	-151.801516
80	0.015736	750	-0.569266	-152.370781
81	0.013746	750	-0.539643	-152.910424
82	0.011916	750	-0.458735	-153.369159
83	0.010240	750	-0.487545	-153.856704
84	0.008714	750	-0.442280	-154.298984
85	0.007334	750	-0.384266	-154.683250
86	0.006093	750	-0.384272	-155.067522
87	0.004988	750	-0.342178	-155.409699
88	0.004013	750	-0.291810	-155.701509
89	0.003162	750	-0.264850	-155.966359
90	0.002430	750	-0.218852	-156.185210
91	0.001810	750	-0.196432	-156.381642
92	0.001296	750	-0.169861	-156.551503
93	0.000882	750	-0.136618	-156.688121
94	0.000559	750	-0.116889	-156.805010
95	0.000320	750	-0.086722	-156.891732
96	0.000156	750	-0.056168	-156.947900
97	0.000057	750	-0.029000	-156.976899
98	0.000010	750	-0.017247	-156.994146
99	0.000000	750	-0.002818	-156.996964
Log marginal likelihood:	-156.996964
0	0.975187	750	-3.175823	-3.175823
1	0.950747	750	-3.191067	-6.366891
2	0.926679	750	-3.132101	-9.498992
3	0.902980	750	-3.058312	-12.557303
4	0.879648	750	-2.984233	-15.541536
5	0.856682	750	-3.045145	-18.586681
6	0.834079	750	-3.026006	-21.612687
7	0.811838	750	-2.935289	-24.547976
8	0.789957	750	-2.870548	-27.418524
9	0.768433	750	-2.860226	-30.278750
10	0.747266	750	-2.842690	-33.121440
11	0.726452	750	-2.799675	-35.921114
12	0.705989	750	-2.765543	-38.686657
13	0.685877	750	-2.645254	-41.331911
14	0.666112	750	-2.644315	-43.976225
15	0.646693	750	-2.600110	-46.576336
16	0.627618	750	-2.514684	-49.091020
17	0.608884	750	-2.486394	-51.577414
18	0.590490	750	-2.496628	-54.074042
19	0.572433	750	-2.405023	-56.479065
20	0.554712	750	-2.386069	-58.865134
21	0.537324	750	-2.378076	-61.243210
22	0.520268	750	-2.340011	-63.583221
23	0.503540	750	-2.296348	-65.879569
24	0.487139	750	-2.225627	-68.105196
25	0.471063	750	-2.192897	-70.298094
26	0.455310	750	-2.185824	-72.483917
27	0.439877	750	-2.146387	-74.630304
28	0.424762	750	-2.109221	-76.739526
29	0.409963	750	-2.073570	-78.813096
30	0.395478	750	-2.022951	-80.836047
31	0.381305	750	-2.038124	-82.874171
32	0.367440	750	-1.921417	-84.795589
33	0.353883	750	-1.928349	-86.723937
34	0.340630	750	-1.879079	-88.603016
35	0.327680	750	-1.785888	-90.388903
36	0.315030	750	-1.806494	-92.195398
37	0.302677	750	-1.770140	-93.965538
38	0.290619	750	-1.760257	-95.725795
39	0.278855	750	-1.750400	-97.476194
40	0.267381	750	-1.679790	-99.155984
41	0.256195	750	-1.658214	-100.814198
42	0.245294	750	-1.627764	-102.441963
43	0.234677	750	-1.554994	-103.996957
44	0.224340	750	-1.564702	-105.561658
45	0.214281	750	-1.568011	-107.129669
46	0.204498	750	-1.525746	-108.655415
47	0.194988	750	-1.455459	-110.110874
48	0.185749	750	-1.416617	-111.527491
49	0.176777	750	-1.453085	-112.980576
50	0.168070	750	-1.390988	-114.371564
51	0.159626	750	-1.294653	-115.666217
52	0.151441	750	-1.294842	-116.961059
53	0.143514	750	-1.226907	-118.187966
54	0.135841	750	-1.354489	-119.542456
55	0.128420	750	-1.194461	-120.736917
56	0.121247	750	-1.139047	-121.875964
57	0.114320	750	-1.331761	-123.207725
58	0.107637	750	-1.173294	-124.381018
59	0.101193	750	-1.158585	-125.539604
60	0.094986	750	-1.119658	-126.659262
61	0.089014	750	-1.172829	-127.832091
62	0.083273	750	-1.070027	-128.902118
63	0.077760	750	-1.026545	-129.928663
64	0.072472	750	-1.049765	-130.978427
65	0.067406	750	-0.988963	-131.967390
66	0.062558	750	-0.904825	-132.872216
67	0.057926	750	-0.943994	-133.816210
68	0.053506	750	-0.917451	-134.733661
69	0.049295	750	-0.889034	-135.622695
70	0.045289	750	-0.791829	-136.414524
71	0.041485	750	-0.838239	-137.252763
72	0.037880	750	-0.789390	-138.042152
73	0.034469	750	-0.733635	-138.775787
74	0.031250	750	-0.752916	-139.528704
75	0.028218	750	-0.693382	-140.222085
76	0.025370	750	-0.646316	-140.868401
77	0.022702	750	-0.590510	-141.458911
78	0.020209	750	-0.577948	-142.036860
79	0.017889	750	-0.569306	-142.606166
80	0.015736	750	-0.501553	-143.107719
81	0.013746	750	-0.489926	-143.597645
82	0.011916	750	-0.439149	-144.036794
83	0.010240	750	-0.456092	-144.492886
84	0.008714	750	-0.403054	-144.895940
85	0.007334	750	-0.372691	-145.268632
86	0.006093	750	-0.355061	-145.623692
87	0.004988	750	-0.315061	-145.938753
88	0.004013	750	-0.291264	-146.230017
89	0.003162	750	-0.249088	-146.479105
90	0.002430	750	-0.208230	-146.687335
91	0.001810	750	-0.169506	-146.856841
92	0.001296	750	-0.166580	-147.023421
93	0.000882	750	-0.121494	-147.144915
94	0.000559	750	-0.097886	-147.242801
95	0.000320	750	-0.080161	-147.322963
96	0.000156	750	-0.053926	-147.376888
97	0.000057	750	-0.030819	-147.407707
98	0.000010	750	-0.016845	-147.424552
99	0.000000	750	-0.004387	-147.428939
Log marginal likelihood:	-147.428939
0	0.975187	750	-3.448626	-3.448626
1	0.950747	750	-3.263167	-6.711793
2	0.926679	750	-3.215933	-9.927726
3	0.902980	750	-3.202548	-13.130274
4	0.879648	750	-3.180631	-16.310905
5	0.856682	750	-3.047559	-19.358463
6	0.834079	750	-3.177807	-22.536271
7	0.811838	750	-3.050699	-25.586970
8	0.789957	750	-3.009385	-28.596355
9	0.768433	750	-3.026189	-31.622544
10	0.747266	750	-2.956961	-34.579505
11	0.726452	750	-2.956736	-37.536241
12	0.705989	750	-2.889706	-40.425947
13	0.685877	750	-2.750724	-43.176671
14	0.666112	750	-2.799789	-45.976460
15	0.646693	750	-2.789514	-48.765973
16	0.627618	750	-2.723979	-51.489952
17	0.608884	750	-2.612724	-54.102677
18	0.590490	750	-2.618880	-56.721556
19	0.572433	750	-2.604286	-59.325842
20	0.554712	750	-2.575905	-61.901747
21	0.537324	750	-2.443749	-64.345495
22	0.520268	750	-2.564335	-66.909830
23	0.503540	750	-2.445800	-69.355630
24	0.487139	750	-2.403274	-71.758904
25	0.471063	750	-2.350192	-74.109096
26	0.455310	750	-2.296289	-76.405385
27	0.439877	750	-2.315773	-78.721158
28	0.424762	750	-2.258991	-80.980149
29	0.409963	750	-2.212697	-83.192846
30	0.395478	750	-2.125539	-85.318385
31	0.381305	750	-2.070448	-87.388832
32	0.367440	750	-2.067437	-89.456269
33	0.353883	750	-2.068110	-91.524380
34	0.340630	750	-1.972012	-93.496392
35	0.327680	750	-1.955172	-95.451563
36	0.315030	750	-1.942283	-97.393846
37	0.302677	750	-1.878783	-99.272629
38	0.290619	750	-1.887134	-101.159764
39	0.278855	750	-1.821201	-102.980965
40	0.267381	750	-1.770721	-104.751686
41	0.256195	750	-1.683195	-106.434881
42	0.245294	750	-1.673220	-108.108101
43	0.234677	750	-1.780322	-109.888423
44	0.224340	750	-1.642566	-111.530990
45	0.214281	750	-1.549431	-113.080421
46	0.204498	750	-1.577015	-114.657435
47	0.194988	750	-1.617670	-116.275106
48	0.185749	750	-1.412351	-117.687457
49	0.176777	750	-1.412356	-119.099812
50	0.168070	750	-1.432552	-120.532364
51	0.159626	750	-1.408217	-121.940581
52	0.151441	750	-1.387108	-123.327689
53	0.143514	750	-1.427528	-124.755217
54	0.135841	750	-1.294587	-126.049804
55	0.128420	750	-1.374714	-127.424518
56	0.121247	750	-1.390146	-128.814664
57	0.114320	750	-1.187946	-130.002610
58	0.107637	750	-1.241953	-131.244563
59	0.101193	750	-1.268717	-132.513280
60	0.094986	750	-1.157229	-133.670509
61	0.089014	750	-1.172232	-134.842741
62	0.083273	750	-1.111807	-135.954548
63	0.077760	750	-1.082740	-137.037288
64	0.072472	750	-1.101728	-138.139016
65	0.067406	750	-0.989937	-139.128953
66	0.062558	750	-1.014512	-140.143465
67	0.057926	750	-0.946866	-141.090331
68	0.053506	750	-0.928891	-142.019223
69	0.049295	750	-0.903487	-142.922710
70	0.045289	750	-0.868107	-143.790817
71	0.041485	750	-0.816293	-144.607110
72	0.037880	750	-0.787470	-145.394580
73	0.034469	750	-0.740703	-146.135283
74	0.031250	750	-0.691791	-146.827075
75	0.028218	750	-0.696966	-147.524041
76	0.025370	750	-0.639941	-148.163982
77	0.022702	750	-0.604609	-148.768591
78	0.020209	750	-0.630995	-149.399586
79	0.017889	750	-0.622795	-150.022381
80	0.015736	750	-0.519624	-150.542005
81	0.013746	750	-0.509941	-151.051946
82	0.011916	750	-0.458474	-151.510420
83	0.010240	750	-0.427595	-151.938015
84	0.008714	750	-0.376936	-152.314951
85	0.007334	750	-0.361501	-152.676452
86	0.006093	750	-0.361618	-153.038070
87	0.004988	750	-0.323091	-153.361160
88	0.004013	750	-0.283112	-153.644272
89	0.003162	750	-0.268811	-153.913083
90	0.002430	750	-0.226658	-154.139742
91	0.001810	750	-0.179809	-154.319550
92	0.001296	750	-0.158314	-154.477864
93	0.000882	750	-0.127821	-154.605685
94	0.000559	750	-0.102198	-154.707883
95	0.000320	750	-0.071736	-154.779619
96	0.000156	750	-0.052196	-154.831815
97	0.000057	750	-0.032564	-154.864380
98	0.000010	750	-0.015860	-154.880239
99	0.000000	750	-0.003017	-154.883256
Log marginal likelihood:	-154.883256
0	0.975187	750	-2.984783	-2.984783
1	0.950747	750	-2.984662	-5.969445
2	0.926679	750	-2.936898	-8.906342
3	0.902980	750	-2.964645	-11.870988
4	0.879648	750	-2.896572	-14.767559
5	0.856682	750	-2.802357	-17.569917
6	0.834079	750	-2.762292	-20.332209
7	0.811838	750	-2.747597	-23.079806
8	0.789957	750	-2.713370	-25.793175
9	0.768433	750	-2.670381	-28.463556
10	0.747266	750	-2.602478	-31.066034
11	0.726452	750	-2.600820	-33.666854
12	0.705989	750	-2.556316	-36.223170
13	0.685877	750	-2.487402	-38.710573
14	0.666112	750	-2.453427	-41.164000
15	0.646693	750	-2.489634	-43.653634
16	0.627618	750	-2.471429	-46.125063
17	0.608884	750	-2.454944	-48.580007
18	0.590490	750	-2.423728	-51.003736
19	0.572433	750	-2.286138	-53.289874
20	0.554712	750	-2.265115	-55.554989
21	0.537324	750	-2.216933	-57.771922
22	0.520268	750	-2.261588	-60.033509
23	0.503540	750	-2.214192	-62.247701
24	0.487139	750	-2.154339	-64.402040
25	0.471063	750	-2.095601	-66.497642
26	0.455310	750	-2.044708	-68.542350
27	0.439877	750	-1.990651	-70.533001
28	0.424762	750	-2.003571	-72.536572
29	0.409963	750	-1.993974	-74.530546
30	0.395478	750	-1.959084	-76.489630
31	0.381305	750	-1.902794	-78.392424
32	0.367440	750	-1.872376	-80.264801
33	0.353883	750	-1.795708	-82.060509
34	0.340630	750	-1.828400	-83.888909
35	0.327680	750	-1.781323	-85.670232
36	0.315030	750	-1.730661	-87.400893
37	0.302677	750	-1.743264	-89.144157
38	0.290619	750	-1.670406	-90.814563
39	0.278855	750	-1.613675	-92.428238
40	0.267381	750	-1.601143	-94.029381
41	0.256195	750	-1.613206	-95.642587
42	0.245294	750	-1.586998	-97.229584
43	0.234677	750	-1.532435	-98.762019
44	0.224340	750	-1.464881	-100.226900
45	0.214281	750	-1.447314	-101.674214
46	0.204498	750	-1.560399	-103.234613
47	0.194988	750	-1.383966	-104.618580
48	0.185749	750	-1.383524	-106.002104
49	0.176777	750	-1.422961	-107.425065
50	0.168070	750	-1.329174	-108.754238
51	0.159626	750	-1.286908	-110.041146
52	0.151441	750	-1.284439	-111.325585
53	0.143514	750	-1.372814	-112.698399
54	0.135841	750	-1.300110	-113.998510
55	0.128420	750	-1.240913	-115.239423
56	0.121247	750	-1.207067	-116.446490
57	0.114320	750	-1.177780	-117.624269
58	0.107637	750	-1.204790	-118.829059
59	0.101193	750	-1.153889	-119.982948
60	0.094986	750	-1.068573	-121.051521
61	0.089014	750	-1.151895	-122.203417
62	0.083273	750	-1.066932	-123.270348
63	0.077760	750	-1.034274	-124.304622
64	0.072472	750	-0.917838	-125.222460
65	0.067406	750	-0.990871	-126.213331
66	0.062558	750	-0.943743	-127.157074
67	0.057926	750	-0.940399	-128.097472
68	0.053506	750	-0.923813	-129.021285
69	0.049295	750	-0.848909	-129.870194
70	0.045289	750	-0.828038	-130.698232
71	0.041485	750	-0.786165	-131.484396
72	0.037880	750	-0.765240	-132.249637
73	0.034469	750	-0.755207	-133.004843
74	0.031250	750	-0.706990	-133.711833
75	0.028218	750	-0.699018	-134.410851
76	0.025370	750	-0.653580	-135.064432
77	0.022702	750	-0.624425	-135.688856
78	0.020209	750	-0.557125	-136.245981
79	0.017889	750	-0.561707	-136.807689
80	0.015736	750	-0.519055	-137.326744
81	0.013746	750	-0.522790	-137.849534
82	0.011916	750	-0.438863	-138.288397
83	0.010240	750	-0.437983	-138.726380
84	0.008714	750	-0.406574	-139.132954
85	0.007334	750	-0.395231	-139.528186
86	0.006093	750	-0.349365	-139.877550
87	0.004988	750	-0.352854	-140.230404
88	0.004013	750	-0.278643	-140.509047
89	0.003162	750	-0.261971	-140.771018
90	0.002430	750	-0.204900	-140.975918
91	0.001810	750	-0.195738	-141.171656
92	0.001296	750	-0.166959	-141.338616
93	0.000882	750	-0.143856	-141.482471
94	0.000559	750	-0.101694	-141.584165
95	0.000320	750	-0.094985	-141.679150
96	0.000156	750	-0.050605	-141.729755
97	0.000057	750	-0.030693	-141.760448
98	0.000010	750	-0.014451	-141.774899
99	0.000000	750	-0.002970	-141.777869
Log marginal likelihood:	-141.777869
0	0.975187	750	-3.166743	-3.166743
1	0.950747	750	-3.142621	-6.309364
2	0.926679	750	-3.006108	-9.315473
3	0.902980	750	-2.962062	-12.277534
4	0.879648	750	-2.944430	-15.221964
5	0.856682	750	-2.887997	-18.109961
6	0.834079	750	-2.903899	-21.013860
7	0.811838	750	-2.806691	-23.820552
8	0.789957	750	-2.715599	-26.536151
9	0.768433	750	-2.801538	-29.337688
10	0.747266	750	-2.663028	-32.000716
11	0.726452	750	-2.651242	-34.651958
12	0.705989	750	-2.617606	-37.269564
13	0.685877	750	-2.591628	-39.861192
14	0.666112	750	-2.548086	-42.409278
15	0.646693	750	-2.464299	-44.873577
16	0.627618	750	-2.451559	-47.325136
17	0.608884	750	-2.396926	-49.722062
18	0.590490	750	-2.495723	-52.217784
19	0.572433	750	-2.381351	-54.599135
20	0.554712	750	-2.328425	-56.927560
21	0.537324	750	-2.326618	-59.254178
22	0.520268	750	-2.313925	-61.568103
23	0.503540	750	-2.306615	-63.874718
24	0.487139	750	-2.226126	-66.100844
25	0.471063	750	-2.210547	-68.311391
26	0.455310	750	-2.229260	-70.540651
27	0.439877	750	-2.099533	-72.640184
28	0.424762	750	-2.036560	-74.676744
29	0.409963	750	-2.005710	-76.682454
30	0.395478	750	-1.970891	-78.653345
31	0.381305	750	-1.952845	-80.606190
32	0.367440	750	-1.896443	-82.502633
33	0.353883	750	-1.838478	-84.341111
34	0.340630	750	-1.825971	-86.167082
35	0.327680	750	-1.807389	-87.974471
36	0.315030	750	-1.761897	-89.736369
37	0.302677	750	-1.735651	-91.472020
38	0.290619	750	-1.739974	-93.211994
39	0.278855	750	-1.661819	-94.873813
40	0.267381	750	-1.601546	-96.475359
41	0.256195	750	-1.619702	-98.095060
42	0.245294	750	-1.566153	-99.661213
43	0.234677	750	-1.516361	-101.177574
44	0.224340	750	-1.507411	-102.684985
45	0.214281	750	-1.437012	-104.121998
46	0.204498	750	-1.457042	-105.579039
47	0.194988	750	-1.428434	-107.007474
48	0.185749	750	-1.435750	-108.443224
49	0.176777	750	-1.444678	-109.887902
50	0.168070	750	-1.292637	-111.180539
51	0.159626	750	-1.337809	-112.518348
52	0.151441	750	-1.281218	-113.799566
53	0.143514	750	-1.229783	-115.029349
54	0.135841	750	-1.293651	-116.323000
55	0.128420	750	-1.280365	-117.603365
56	0.121247	750	-1.170692	-118.774058
57	0.114320	750	-1.174286	-119.948344
58	0.107637	750	-1.130640	-121.078984
59	0.101193	750	-1.238139	-122.317123
60	0.094986	750	-1.125329	-123.442452
61	0.089014	750	-1.180837	-124.623289
62	0.083273	750	-1.093844	-125.717133
63	0.077760	750	-1.031616	-126.748749
64	0.072472	750	-0.989687	-127.738435
65	0.067406	750	-0.985064	-128.723499
66	0.062558	750	-0.962800	-129.686300
67	0.057926	750	-0.945207	-130.631507
68	0.053506	750	-0.944550	-131.576057
69	0.049295	750	-0.892414	-132.468471
70	0.045289	750	-0.805181	-133.273652
71	0.041485	750	-0.842312	-134.115963
72	0.037880	750	-0.810455	-134.926418
73	0.034469	750	-0.756228	-135.682646
74	0.031250	750	-0.701937	-136.384584
75	0.028218	750	-0.647658	-137.032241
76	0.025370	750	-0.646606	-137.678848
77	0.022702	750	-0.616253	-138.295101
78	0.020209	750	-0.599300	-138.894401
79	0.017889	750	-0.575341	-139.469742
80	0.015736	750	-0.540067	-140.009808
81	0.013746	750	-0.470722	-140.480530
82	0.011916	750	-0.496977	-140.977507
83	0.010240	750	-0.451232	-141.428739
84	0.008714	750	-0.401594	-141.830334
85	0.007334	750	-0.372308	-142.202642
86	0.006093	750	-0.331626	-142.534267
87	0.004988	750	-0.324824	-142.859092
88	0.004013	750	-0.288939	-143.148031
89	0.003162	750	-0.262370	-143.410400
90	0.002430	750	-0.225482	-143.635883
91	0.001810	750	-0.190733	-143.826615
92	0.001296	750	-0.175393	-144.002008
93	0.000882	750	-0.135151	-144.137160
94	0.000559	750	-0.098038	-144.235198
95	0.000320	750	-0.068209	-144.303407
96	0.000156	750	-0.056628	-144.360036
97	0.000057	750	-0.031741	-144.391777
98	0.000010	750	-0.014229	-144.406005
99	0.000000	750	-0.003173	-144.409179
Log marginal likelihood:	-144.409179
0	0.975187	750	-3.437003	-3.437003
1	0.950747	750	-3.368681	-6.805684
2	0.926679	750	-3.363399	-10.169083
3	0.902980	750	-3.314788	-13.483871
4	0.879648	750	-3.268931	-16.752802
5	0.856682	750	-3.204201	-19.957003
6	0.834079	750	-3.160677	-23.117680
7	0.811838	750	-3.114489	-26.232169
8	0.789957	750	-3.057036	-29.289205
9	0.768433	750	-3.008744	-32.297949
10	0.747266	750	-2.909976	-35.207924
11	0.726452	750	-2.922744	-38.130668
12	0.705989	750	-2.869457	-41.000125
13	0.685877	750	-2.789426	-43.789551
14	0.666112	750	-2.836897	-46.626448
15	0.646693	750	-2.755091	-49.381539
16	0.627618	750	-2.671260	-52.052799
17	0.608884	750	-2.674879	-54.727678
18	0.590490	750	-2.578418	-57.306097
19	0.572433	750	-2.578447	-59.884544
20	0.554712	750	-2.505276	-62.389820
21	0.537324	750	-2.479607	-64.869427
22	0.520268	750	-2.459665	-67.329092
23	0.503540	750	-2.371199	-69.700290
24	0.487139	750	-2.387021	-72.087311
25	0.471063	750	-2.308342	-74.395653
26	0.455310	750	-2.249248	-76.644901
27	0.439877	750	-2.204633	-78.849533
28	0.424762	750	-2.196582	-81.046116
29	0.409963	750	-2.125205	-83.171321
30	0.395478	750	-2.170979	-85.342301
31	0.381305	750	-2.052000	-87.394301
32	0.367440	750	-2.029071	-89.423372
33	0.353883	750	-1.988415	-91.411787
34	0.340630	750	-1.939247	-93.351034
35	0.327680	750	-2.015706	-95.366741
36	0.315030	750	-1.965328	-97.332069
37	0.302677	750	-1.822042	-99.154110
38	0.290619	750	-1.770796	-100.924906
39	0.278855	750	-1.793041	-102.717947
40	0.267381	750	-1.693625	-104.411572
41	0.256195	750	-1.650984	-106.062556
42	0.245294	750	-1.687819	-107.750374
43	0.234677	750	-1.666363	-109.416737
44	0.224340	750	-1.593815	-111.010552
45	0.214281	750	-1.536787	-112.547339
46	0.204498	750	-1.577626	-114.124965
47	0.194988	750	-1.500594	-115.625559
48	0.185749	750	-1.533092	-117.158651
49	0.176777	750	-1.488962	-118.647613
50	0.168070	750	-1.425934	-120.073547
51	0.159626	750	-1.421877	-121.495424
52	0.151441	750	-1.387057	-122.882481
53	0.143514	750	-1.443672	-124.326153
54	0.135841	750	-1.314405	-125.640558
55	0.128420	750	-1.398279	-127.038837
56	0.121247	750	-1.259852	-128.298689
57	0.114320	750	-1.170256	-129.468945
58	0.107637	750	-1.200029	-130.668973
59	0.101193	750	-1.265056	-131.934030
60	0.094986	750	-1.278740	-133.212770
61	0.089014	750	-1.173590	-134.386360
62	0.083273	750	-1.131728	-135.518087
63	0.077760	750	-1.096962	-136.615049
64	0.072472	750	-1.050142	-137.665192
65	0.067406	750	-1.064836	-138.730028
66	0.062558	750	-0.949852	-139.679880
67	0.057926	750	-0.925081	-140.604961
68	0.053506	750	-0.934232	-141.539194
69	0.049295	750	-0.884725	-142.423919
70	0.045289	750	-0.857511	-143.281430
71	0.041485	750	-0.841986	-144.123415
72	0.037880	750	-0.793702	-144.917118
73	0.034469	750	-0.756399	-145.673516
74	0.031250	750	-0.761400	-146.434917
75	0.028218	750	-0.666895	-147.101811
76	0.025370	750	-0.670549	-147.772361
77	0.022702	750	-0.613371	-148.385732
78	0.020209	750	-0.593448	-148.979180
79	0.017889	750	-0.582101	-149.561281
80	0.015736	750	-0.567006	-150.128287
81	0.013746	750	-0.462009	-150.590296
82	0.011916	750	-0.500819	-151.091115
83	0.010240	750	-0.445220	-151.536335
84	0.008714	750	-0.401817	-151.938151
85	0.007334	750	-0.369879	-152.308031
86	0.006093	750	-0.349223	-152.657254
87	0.004988	750	-0.299592	-152.956846
88	0.004013	750	-0.252172	-153.209018
89	0.003162	750	-0.268526	-153.477544
90	0.002430	750	-0.221519	-153.699063
91	0.001810	750	-0.207724	-153.906787
92	0.001296	750	-0.157788	-154.064575
93	0.000882	750	-0.128041	-154.192616
94	0.000559	750	-0.089526	-154.282142
95	0.000320	750	-0.072142	-154.354284
96	0.000156	750	-0.059972	-154.414256
97	0.000057	750	-0.032036	-154.446292
98	0.000010	750	-0.014987	-154.461280
99	0.000000	750	-0.003418	-154.464698
Log marginal likelihood:	-154.464698
0	0.975187	750	-3.330262	-3.330262
1	0.950747	750	-3.348335	-6.678597
2	0.926679	750	-3.188080	-9.866677
3	0.902980	750	-3.243877	-13.110554
4	0.879648	750	-3.167021	-16.277575
5	0.856682	750	-3.096978	-19.374553
6	0.834079	750	-3.031737	-22.406290
7	0.811838	750	-3.016327	-25.422617
8	0.789957	750	-2.952926	-28.375543
9	0.768433	750	-2.998982	-31.374525
10	0.747266	750	-2.941069	-34.315595
11	0.726452	750	-2.867613	-37.183208
12	0.705989	750	-2.783495	-39.966703
13	0.685877	750	-2.795441	-42.762144
14	0.666112	750	-2.720128	-45.482272
15	0.646693	750	-2.696950	-48.179222
16	0.627618	750	-2.652817	-50.832038
17	0.608884	750	-2.554030	-53.386068
18	0.590490	750	-2.540901	-55.926969
19	0.572433	750	-2.510432	-58.437402
20	0.554712	750	-2.496306	-60.933707
21	0.537324	750	-2.454325	-63.388032
22	0.520268	750	-2.396082	-65.784115
23	0.503540	750	-2.336574	-68.120688
24	0.487139	750	-2.305169	-70.425858
25	0.471063	750	-2.268077	-72.693935
26	0.455310	750	-2.213840	-74.907774
27	0.439877	750	-2.169658	-77.077432
28	0.424762	750	-2.157841	-79.235274
29	0.409963	750	-2.112213	-81.347487
30	0.395478	750	-2.045694	-83.393181
31	0.381305	750	-2.021785	-85.414966
32	0.367440	750	-1.997402	-87.412368
33	0.353883	750	-1.963078	-89.375446
34	0.340630	750	-1.910194	-91.285639
35	0.327680	750	-1.891881	-93.177520
36	0.315030	750	-1.845680	-95.023200
37	0.302677	750	-1.798951	-96.822151
38	0.290619	750	-1.756253	-98.578403
39	0.278855	750	-1.743047	-100.321451
40	0.267381	750	-1.691619	-102.013070
41	0.256195	750	-1.684464	-103.697534
42	0.245294	750	-1.645472	-105.343006
43	0.234677	750	-1.667746	-107.010752
44	0.224340	750	-1.569177	-108.579929
45	0.214281	750	-1.486215	-110.066143
46	0.204498	750	-1.496079	-111.562222
47	0.194988	750	-1.452369	-113.014591
48	0.185749	750	-1.405502	-114.420093
49	0.176777	750	-1.350602	-115.770695
50	0.168070	750	-1.421918	-117.192613
51	0.159626	750	-1.326723	-118.519335
52	0.151441	750	-1.301643	-119.820978
53	0.143514	750	-1.284360	-121.105338
54	0.135841	750	-1.205547	-122.310885
55	0.128420	750	-1.260106	-123.570991
56	0.121247	750	-1.153008	-124.723999
57	0.114320	750	-1.195547	-125.919545
58	0.107637	750	-1.205769	-127.125315
59	0.101193	750	-1.235454	-128.360769
60	0.094986	750	-1.162698	-129.523467
61	0.089014	750	-1.204376	-130.727843
62	0.083273	750	-1.112512	-131.840355
63	0.077760	750	-1.058546	-132.898901
64	0.072472	750	-1.077210	-133.976111
65	0.067406	750	-1.036767	-135.012877
66	0.062558	750	-1.028863	-136.041741
67	0.057926	750	-0.940112	-136.981853
68	0.053506	750	-0.877257	-137.859110
69	0.049295	750	-0.891830	-138.750940
70	0.045289	750	-0.813832	-139.564772
71	0.041485	750	-0.767880	-140.332652
72	0.037880	750	-0.802232	-141.134884
73	0.034469	750	-0.724051	-141.858935
74	0.031250	750	-0.704250	-142.563185
75	0.028218	750	-0.670241	-143.233426
76	0.025370	750	-0.650843	-143.884269
77	0.022702	750	-0.598428	-144.482697
78	0.020209	750	-0.589373	-145.072070
79	0.017889	750	-0.563632	-145.635702
80	0.015736	750	-0.536255	-146.171957
81	0.013746	750	-0.529555	-146.701512
82	0.011916	750	-0.453836	-147.155348
83	0.010240	750	-0.428906	-147.584254
84	0.008714	750	-0.393492	-147.977746
85	0.007334	750	-0.373576	-148.351322
86	0.006093	750	-0.342412	-148.693734
87	0.004988	750	-0.301590	-148.995325
88	0.004013	750	-0.299799	-149.295124
89	0.003162	750	-0.222294	-149.517418
90	0.002430	750	-0.222374	-149.739791
91	0.001810	750	-0.196631	-149.936423
92	0.001296	750	-0.166339	-150.102761
93	0.000882	750	-0.129233	-150.231994
94	0.000559	750	-0.100876	-150.332870
95	0.000320	750	-0.081259	-150.414129
96	0.000156	750	-0.054704	-150.468833
97	0.000057	750	-0.033479	-150.502312
98	0.000010	750	-0.015981	-150.518293
99	0.000000	750	-0.003243	-150.521537
Log marginal likelihood:	-150.521537
0	0.975187	750	-3.658715	-3.658715
1	0.950747	750	-3.558325	-7.217040
2	0.926679	750	-3.545414	-10.762454
3	0.902980	750	-3.474101	-14.236555
4	0.879648	750	-3.447657	-17.684212
5	0.856682	750	-3.405023	-21.089235
6	0.834079	750	-3.350608	-24.439843
7	0.811838	750	-3.229755	-27.669598
8	0.789957	750	-3.273095	-30.942693
9	0.768433	750	-3.189337	-34.132030
10	0.747266	750	-3.132013	-37.264043
11	0.726452	750	-3.099536	-40.363579
12	0.705989	750	-3.013419	-43.376998
13	0.685877	750	-3.005454	-46.382452
14	0.666112	750	-2.941577	-49.324030
15	0.646693	750	-2.878274	-52.202303
16	0.627618	750	-2.890855	-55.093158
17	0.608884	750	-2.799367	-57.892525
18	0.590490	750	-2.741920	-60.634445
19	0.572433	750	-2.722075	-63.356520
20	0.554712	750	-2.655140	-66.011660
21	0.537324	750	-2.606832	-68.618492
22	0.520268	750	-2.559167	-71.177658
23	0.503540	750	-2.538244	-73.715902
24	0.487139	750	-2.472979	-76.188881
25	0.471063	750	-2.412753	-78.601634
26	0.455310	750	-2.416429	-81.018063
27	0.439877	750	-2.445420	-83.463483
28	0.424762	750	-2.300452	-85.763935
29	0.409963	750	-2.215359	-87.979294
30	0.395478	750	-2.208175	-90.187469
31	0.381305	750	-2.188309	-92.375778
32	0.367440	750	-2.130334	-94.506112
33	0.353883	750	-2.080562	-96.586674
34	0.340630	750	-2.070374	-98.657048
35	0.327680	750	-1.985513	-100.642561
36	0.315030	750	-1.939039	-102.581600
37	0.302677	750	-1.998834	-104.580434
38	0.290619	750	-1.975370	-106.555804
39	0.278855	750	-1.884328	-108.440132
40	0.267381	750	-1.840627	-110.280759
41	0.256195	750	-1.776286	-112.057045
42	0.245294	750	-1.780269	-113.837314
43	0.234677	750	-1.762372	-115.599687
44	0.224340	750	-1.732986	-117.332672
45	0.214281	750	-1.671129	-119.003802
46	0.204498	750	-1.552965	-120.556766
47	0.194988	750	-1.549676	-122.106442
48	0.185749	750	-1.594273	-123.700716
49	0.176777	750	-1.537743	-125.238459
50	0.168070	750	-1.587680	-126.826139
51	0.159626	750	-1.432399	-128.258538
52	0.151441	750	-1.556982	-129.815521
53	0.143514	750	-1.411697	-131.227218
54	0.135841	750	-1.420942	-132.648160
55	0.128420	750	-1.403171	-134.051331
56	0.121247	750	-1.317598	-135.368929
57	0.114320	750	-1.270992	-136.639921
58	0.107637	750	-1.297297	-137.937217
59	0.101193	750	-1.230273	-139.167490
60	0.094986	750	-1.157343	-140.324833
61	0.089014	750	-1.165219	-141.490053
62	0.083273	750	-1.095325	-142.585377
63	0.077760	750	-1.122082	-143.707459
64	0.072472	750	-1.057076	-144.764534
65	0.067406	750	-1.017456	-145.781990
66	0.062558	750	-1.013228	-146.795218
67	0.057926	750	-0.957475	-147.752693
68	0.053506	750	-0.928508	-148.681202
69	0.049295	750	-0.884828	-149.566030
70	0.045289	750	-0.879013	-150.445043
71	0.041485	750	-0.797032	-151.242075
72	0.037880	750	-0.804461	-152.046536
73	0.034469	750	-0.761102	-152.807638
74	0.031250	750	-0.695946	-153.503584
75	0.028218	750	-0.681379	-154.184963
76	0.025370	750	-0.644478	-154.829440
77	0.022702	750	-0.622380	-155.451820
78	0.020209	750	-0.596264	-156.048084
79	0.017889	750	-0.552202	-156.600286
80	0.015736	750	-0.532431	-157.132717
81	0.013746	750	-0.493173	-157.625890
82	0.011916	750	-0.476531	-158.102421
83	0.010240	750	-0.464188	-158.566609
84	0.008714	750	-0.394239	-158.960848
85	0.007334	750	-0.371016	-159.331865
86	0.006093	750	-0.379137	-159.711001
87	0.004988	750	-0.306330	-160.017331
88	0.004013	750	-0.275354	-160.292685
89	0.003162	750	-0.247130	-160.539815
90	0.002430	750	-0.217194	-160.757009
91	0.001810	750	-0.192959	-160.949968
92	0.001296	750	-0.168421	-161.118389
93	0.000882	750	-0.146685	-161.265073
94	0.000559	750	-0.106919	-161.371993
95	0.000320	750	-0.081822	-161.453815
96	0.000156	750	-0.054476	-161.508291
97	0.000057	750	-0.032891	-161.541182
98	0.000010	750	-0.015015	-161.556197
99	0.000000	750	-0.003622	-161.559819
Log marginal likelihood:	-161.559819
0	0.975187	750	-3.071750	-3.071750
1	0.950747	750	-3.057133	-6.128883
2	0.926679	750	-3.006097	-9.134980
3	0.902980	750	-2.950071	-12.085051
4	0.879648	750	-2.915467	-15.000518
5	0.856682	750	-2.869538	-17.870056
6	0.834079	750	-2.898697	-20.768753
7	0.811838	750	-2.810093	-23.578846
8	0.789957	750	-2.851505	-26.430352
9	0.768433	750	-2.712480	-29.142832
10	0.747266	750	-2.664504	-31.807336
11	0.726452	750	-2.679683	-34.487019
12	0.705989	750	-2.670556	-37.157575
13	0.685877	750	-2.660564	-39.818139
14	0.666112	750	-2.492559	-42.310698
15	0.646693	750	-2.634943	-44.945640
16	0.627618	750	-2.546150	-47.491791
17	0.608884	750	-2.486839	-49.978629
18	0.590490	750	-2.520884	-52.499514
19	0.572433	750	-2.436408	-54.935922
20	0.554712	750	-2.474962	-57.410884
21	0.537324	750	-2.426657	-59.837541
22	0.520268	750	-2.398725	-62.236266
23	0.503540	750	-2.334589	-64.570854
24	0.487139	750	-2.197103	-66.767957
25	0.471063	750	-2.162263	-68.930221
26	0.455310	750	-2.114993	-71.045214
27	0.439877	750	-2.168044	-73.213257
28	0.424762	750	-2.087685	-75.300943
29	0.409963	750	-2.055911	-77.356853
30	0.395478	750	-2.054189	-79.411042
31	0.381305	750	-2.061415	-81.472457
32	0.367440	750	-2.022049	-83.494507
33	0.353883	750	-1.958284	-85.452791
34	0.340630	750	-1.832709	-87.285499
35	0.327680	750	-1.826664	-89.112164
36	0.315030	750	-1.794111	-90.906275
37	0.302677	750	-1.831614	-92.737889
38	0.290619	750	-1.764475	-94.502364
39	0.278855	750	-1.736025	-96.238389
40	0.267381	750	-1.677519	-97.915907
41	0.256195	750	-1.625554	-99.541461
42	0.245294	750	-1.572817	-101.114278
43	0.234677	750	-1.576504	-102.690782
44	0.224340	750	-1.559805	-104.250586
45	0.214281	750	-1.546245	-105.796832
46	0.204498	750	-1.501043	-107.297875
47	0.194988	750	-1.482107	-108.779982
48	0.185749	750	-1.431685	-110.211667
49	0.176777	750	-1.425092	-111.636759
50	0.168070	750	-1.413306	-113.050064
51	0.159626	750	-1.388990	-114.439054
52	0.151441	750	-1.272951	-115.712005
53	0.143514	750	-1.263577	-116.975583
54	0.135841	750	-1.329529	-118.305111
55	0.128420	750	-1.192985	-119.498096
56	0.121247	750	-1.226664	-120.724761
57	0.114320	750	-1.289512	-122.014273
58	0.107637	750	-1.187286	-123.201559
59	0.101193	750	-1.362683	-124.564241
60	0.094986	750	-1.189485	-125.753726
61	0.089014	750	-1.111053	-126.864779
62	0.083273	750	-1.131930	-127.996709
63	0.077760	750	-1.118951	-129.115661
64	0.072472	750	-1.041233	-130.156894
65	0.067406	750	-1.042748	-131.199642
66	0.062558	750	-0.984175	-132.183817
67	0.057926	750	-0.972896	-133.156713
68	0.053506	750	-0.965484	-134.122197
69	0.049295	750	-0.888989	-135.011186
70	0.045289	750	-0.888043	-135.899229
71	0.041485	750	-0.844802	-136.744030
72	0.037880	750	-0.777558	-137.521589
73	0.034469	750	-0.717321	-138.238910
74	0.031250	750	-0.725003	-138.963913
75	0.028218	750	-0.739817	-139.703730
76	0.025370	750	-0.647099	-140.350829
77	0.022702	750	-0.655791	-141.006619
78	0.020209	750	-0.592405	-141.599025
79	0.017889	750	-0.570462	-142.169487
80	0.015736	750	-0.539863	-142.709350
81	0.013746	750	-0.530909	-143.240260
82	0.011916	750	-0.477993	-143.718253
83	0.010240	750	-0.428975	-144.147228
84	0.008714	750	-0.411111	-144.558339
85	0.007334	750	-0.392102	-144.950441
86	0.006093	750	-0.342019	-145.292460
87	0.004988	750	-0.299270	-145.591730
88	0.004013	750	-0.292977	-145.884706
89	0.003162	750	-0.235160	-146.119867
90	0.002430	750	-0.213273	-146.333140
91	0.001810	750	-0.205244	-146.538384
92	0.001296	750	-0.154769	-146.693153
93	0.000882	750	-0.133054	-146.826207
94	0.000559	750	-0.098741	-146.924949
95	0.000320	750	-0.074906	-146.999855
96	0.000156	750	-0.053555	-147.053410
97	0.000057	750	-0.031482	-147.084892
98	0.000010	750	-0.015307	-147.100199
99	0.000000	750	-0.003202	-147.103401
Log marginal likelihood:	-147.103401
0	0.975187	750	-3.196057	-3.196057
1	0.950747	750	-3.221204	-6.417262
2	0.926679	750	-3.182459	-9.599720
3	0.902980	750	-3.086935	-12.686655
4	0.879648	750	-2.974586	-15.661241
5	0.856682	750	-2.929090	-18.590331
6	0.834079	750	-2.981465	-21.571796
7	0.811838	750	-2.907984	-24.479780
8	0.789957	750	-2.850403	-27.330183
9	0.768433	750	-2.740885	-30.071068
10	0.747266	750	-2.801829	-32.872897
11	0.726452	750	-2.798196	-35.671093
12	0.705989	750	-2.753245	-38.424337
13	0.685877	750	-2.679009	-41.103346
14	0.666112	750	-2.675943	-43.779289
15	0.646693	750	-2.545558	-46.324848
16	0.627618	750	-2.535341	-48.860189
17	0.608884	750	-2.512371	-51.372560
18	0.590490	750	-2.449446	-53.822006
19	0.572433	750	-2.449617	-56.271623
20	0.554712	750	-2.350362	-58.621985
21	0.537324	750	-2.331093	-60.953077
22	0.520268	750	-2.299477	-63.252554
23	0.503540	750	-2.315584	-65.568138
24	0.487139	750	-2.213962	-67.782100
25	0.471063	750	-2.175872	-69.957972
26	0.455310	750	-2.138524	-72.096497
27	0.439877	750	-2.160753	-74.257250
28	0.424762	750	-2.069324	-76.326575
29	0.409963	750	-2.046452	-78.373026
30	0.395478	750	-1.959122	-80.332149
31	0.381305	750	-1.990805	-82.322954
32	0.367440	750	-1.918200	-84.241154
33	0.353883	750	-1.908649	-86.149803
34	0.340630	750	-1.819306	-87.969109
35	0.327680	750	-1.820195	-89.789303
36	0.315030	750	-1.820319	-91.609622
37	0.302677	750	-1.750055	-93.359677
38	0.290619	750	-1.749501	-95.109179
39	0.278855	750	-1.643975	-96.753154
40	0.267381	750	-1.722311	-98.475465
41	0.256195	750	-1.691222	-100.166686
42	0.245294	750	-1.570426	-101.737112
43	0.234677	750	-1.547002	-103.284114
44	0.224340	750	-1.563046	-104.847160
45	0.214281	750	-1.549288	-106.396448
46	0.204498	750	-1.505937	-107.902385
47	0.194988	750	-1.516217	-109.418602
48	0.185749	750	-1.419941	-110.838543
49	0.176777	750	-1.300254	-112.138797
50	0.168070	750	-1.390217	-113.529014
51	0.159626	750	-1.402111	-114.931125
52	0.151441	750	-1.295569	-116.226694
53	0.143514	750	-1.280085	-117.506779
54	0.135841	750	-1.327499	-118.834278
55	0.128420	750	-1.364747	-120.199025
56	0.121247	750	-1.248892	-121.447917
57	0.114320	750	-1.249083	-122.697000
58	0.107637	750	-1.238073	-123.935073
59	0.101193	750	-1.163542	-125.098615
60	0.094986	750	-1.184607	-126.283222
61	0.089014	750	-1.210216	-127.493438
62	0.083273	750	-1.156403	-128.649841
63	0.077760	750	-1.109380	-129.759221
64	0.072472	750	-1.096220	-130.855441
65	0.067406	750	-1.012648	-131.868088
66	0.062558	750	-1.020896	-132.888984
67	0.057926	750	-1.007831	-133.896815
68	0.053506	750	-0.964956	-134.861771
69	0.049295	750	-0.867060	-135.728831
70	0.045289	750	-0.838776	-136.567607
71	0.041485	750	-0.839328	-137.406935
72	0.037880	750	-0.791843	-138.198778
73	0.034469	750	-0.753686	-138.952464
74	0.031250	750	-0.701760	-139.654224
75	0.028218	750	-0.682449	-140.336673
76	0.025370	750	-0.677869	-141.014542
77	0.022702	750	-0.637064	-141.651606
78	0.020209	750	-0.612340	-142.263946
79	0.017889	750	-0.553225	-142.817171
80	0.015736	750	-0.567262	-143.384432
81	0.013746	750	-0.528844	-143.913276
82	0.011916	750	-0.441964	-144.355240
83	0.010240	750	-0.445980	-144.801220
84	0.008714	750	-0.385611	-145.186831
85	0.007334	750	-0.387647	-145.574478
86	0.006093	750	-0.328188	-145.902666
87	0.004988	750	-0.333192	-146.235858
88	0.004013	750	-0.263291	-146.499149
89	0.003162	750	-0.248412	-146.747561
90	0.002430	750	-0.221146	-146.968707
91	0.001810	750	-0.213574	-147.182281
92	0.001296	750	-0.147520	-147.329801
93	0.000882	750	-0.134497	-147.464299
94	0.000559	750	-0.105509	-147.569808
95	0.000320	750	-0.086244	-147.656051
96	0.000156	750	-0.051138	-147.707190
97	0.000057	750	-0.033205	-147.740394
98	0.000010	750	-0.013136	-147.753531
99	0.000000	750	-0.003281	-147.756812
Log marginal likelihood:	-147.756812
0	0.975187	750	-3.361851	-3.361851
1	0.950747	750	-3.268470	-6.630321
2	0.926679	750	-3.329072	-9.959393
3	0.902980	750	-3.240579	-13.199972
4	0.879648	750	-3.199334	-16.399306
5	0.856682	750	-3.126575	-19.525881
6	0.834079	750	-3.095127	-22.621008
7	0.811838	750	-3.087712	-25.708720
8	0.789957	750	-2.975388	-28.684108
9	0.768433	750	-2.963090	-31.647198
10	0.747266	750	-2.933649	-34.580847
11	0.726452	750	-2.850492	-37.431339
12	0.705989	750	-2.825932	-40.257271
13	0.685877	750	-2.791661	-43.048931
14	0.666112	750	-2.745186	-45.794117
15	0.646693	750	-2.698055	-48.492172
16	0.627618	750	-2.642984	-51.135157
17	0.608884	750	-2.606005	-53.741161
18	0.590490	750	-2.571212	-56.312373
19	0.572433	750	-2.512257	-58.824630
20	0.554712	750	-2.452928	-61.277558
21	0.537324	750	-2.467065	-63.744623
22	0.520268	750	-2.387963	-66.132585
23	0.503540	750	-2.378099	-68.510684
24	0.487139	750	-2.310441	-70.821125
25	0.471063	750	-2.280337	-73.101462
26	0.455310	750	-2.200343	-75.301806
27	0.439877	750	-2.163427	-77.465232
28	0.424762	750	-2.124618	-79.589851
29	0.409963	750	-2.088719	-81.678570
30	0.395478	750	-2.069353	-83.747923
31	0.381305	750	-2.018918	-85.766840
32	0.367440	750	-2.003040	-87.769880
33	0.353883	750	-1.934836	-89.704716
34	0.340630	750	-1.876235	-91.580951
35	0.327680	750	-1.912070	-93.493021
36	0.315030	750	-1.813459	-95.306480
37	0.302677	750	-1.794569	-97.101049
38	0.290619	750	-1.712789	-98.813838
39	0.278855	750	-1.720959	-100.534797
40	0.267381	750	-1.672083	-102.206881
41	0.256195	750	-1.642804	-103.849685
42	0.245294	750	-1.612077	-105.461762
43	0.234677	750	-1.612791	-107.074553
44	0.224340	750	-1.569716	-108.644269
45	0.214281	750	-1.564080	-110.208349
46	0.204498	750	-1.462000	-111.670349
47	0.194988	750	-1.465766	-113.136115
48	0.185749	750	-1.399033	-114.535148
49	0.176777	750	-1.365980	-115.901129
50	0.168070	750	-1.351567	-117.252695
51	0.159626	750	-1.322133	-118.574828
52	0.151441	750	-1.336563	-119.911391
53	0.143514	750	-1.265679	-121.177070
54	0.135841	750	-1.293201	-122.470271
55	0.128420	750	-1.255547	-123.725818
56	0.121247	750	-1.176068	-124.901886
57	0.114320	750	-1.161675	-126.063561
58	0.107637	750	-1.149524	-127.213085
59	0.101193	750	-1.178084	-128.391169
60	0.094986	750	-1.211327	-129.602496
61	0.089014	750	-1.095581	-130.698077
62	0.083273	750	-1.104905	-131.802982
63	0.077760	750	-1.088520	-132.891502
64	0.072472	750	-1.059627	-133.951128
65	0.067406	750	-1.030895	-134.982023
66	0.062558	750	-0.955760	-135.937783
67	0.057926	750	-0.899425	-136.837208
68	0.053506	750	-0.846407	-137.683615
69	0.049295	750	-0.893121	-138.576736
70	0.045289	750	-0.796485	-139.373222
71	0.041485	750	-0.802429	-140.175651
72	0.037880	750	-0.745870	-140.921521
73	0.034469	750	-0.748884	-141.670405
74	0.031250	750	-0.701901	-142.372306
75	0.028218	750	-0.663079	-143.035385
76	0.025370	750	-0.661057	-143.696442
77	0.022702	750	-0.615708	-144.312150
78	0.020209	750	-0.596146	-144.908296
79	0.017889	750	-0.528698	-145.436993
80	0.015736	750	-0.518577	-145.955570
81	0.013746	750	-0.475354	-146.430925
82	0.011916	750	-0.478227	-146.909152
83	0.010240	750	-0.440836	-147.349988
84	0.008714	750	-0.415408	-147.765396
85	0.007334	750	-0.339106	-148.104502
86	0.006093	750	-0.357781	-148.462283
87	0.004988	750	-0.323872	-148.786155
88	0.004013	750	-0.289053	-149.075208
89	0.003162	750	-0.258243	-149.333450
90	0.002430	750	-0.227497	-149.560948
91	0.001810	750	-0.188107	-149.749055
92	0.001296	750	-0.162261	-149.911316
93	0.000882	750	-0.131052	-150.042367
94	0.000559	750	-0.109612	-150.151979
95	0.000320	750	-0.079057	-150.231036
96	0.000156	750	-0.049626	-150.280662
97	0.000057	750	-0.030509	-150.311171
98	0.000010	750	-0.014735	-150.325907
99	0.000000	750	-0.003133	-150.329040
Log marginal likelihood:	-150.329040
0	0.975187	750	-3.233376	-3.233376
1	0.950747	750	-3.204937	-6.438313
2	0.926679	750	-3.228752	-9.667064
3	0.902980	750	-3.136572	-12.803637
4	0.879648	750	-3.092578	-15.896215
5	0.856682	750	-3.065026	-18.961241
6	0.834079	750	-3.022641	-21.983882
7	0.811838	750	-2.979359	-24.963242
8	0.789957	750	-2.878510	-27.841752
9	0.768433	750	-2.883493	-30.725245
10	0.747266	750	-2.826553	-33.551798
11	0.726452	750	-2.811473	-36.363271
12	0.705989	750	-2.726768	-39.090040
13	0.685877	750	-2.656514	-41.746553
14	0.666112	750	-2.659861	-44.406415
15	0.646693	750	-2.614717	-47.021132
16	0.627618	750	-2.569887	-49.591019
17	0.608884	750	-2.519224	-52.110242
18	0.590490	750	-2.468012	-54.578255
19	0.572433	750	-2.442115	-57.020369
20	0.554712	750	-2.395575	-59.415945
21	0.537324	750	-2.346241	-61.762186
22	0.520268	750	-2.298613	-64.060799
23	0.503540	750	-2.243116	-66.303915
24	0.487139	750	-2.218192	-68.522107
25	0.471063	750	-2.171760	-70.693867
26	0.455310	750	-2.120999	-72.814866
27	0.439877	750	-2.097772	-74.912638
28	0.424762	750	-2.093664	-77.006302
29	0.409963	750	-2.098652	-79.104954
30	0.395478	750	-1.969877	-81.074832
31	0.381305	750	-1.926998	-83.001830
32	0.367440	750	-1.963928	-84.965758
33	0.353883	750	-1.939801	-86.905559
34	0.340630	750	-1.802634	-88.708193
35	0.327680	750	-1.788691	-90.496884
36	0.315030	750	-1.781067	-92.277951
37	0.302677	750	-1.717181	-93.995132
38	0.290619	750	-1.713496	-95.708629
39	0.278855	750	-1.711826	-97.420454
40	0.267381	750	-1.698684	-99.119139
41	0.256195	750	-1.619404	-100.738542
42	0.245294	750	-1.647029	-102.385572
43	0.234677	750	-1.520427	-103.905999
44	0.224340	750	-1.477889	-105.383888
45	0.214281	750	-1.583918	-106.967806
46	0.204498	750	-1.453930	-108.421736
47	0.194988	750	-1.436082	-109.857818
48	0.185749	750	-1.349316	-111.207134
49	0.176777	750	-1.395169	-112.602303
50	0.168070	750	-1.361796	-113.964099
51	0.159626	750	-1.439637	-115.403736
52	0.151441	750	-1.414268	-116.818004
53	0.143514	750	-1.380806	-118.198810
54	0.135841	750	-1.216192	-119.415001
55	0.128420	750	-1.368713	-120.783714
56	0.121247	750	-1.300057	-122.083772
57	0.114320	750	-1.192253	-123.276024
58	0.107637	750	-1.233360	-124.509384
59	0.101193	750	-1.131227	-125.640611
60	0.094986	750	-1.090341	-126.730952
61	0.089014	750	-1.201787	-127.932739
62	0.083273	750	-1.110809	-129.043548
63	0.077760	750	-1.154594	-130.198142
64	0.072472	750	-1.004607	-131.202749
65	0.067406	750	-1.055499	-132.258248
66	0.062558	750	-0.982369	-133.240617
67	0.057926	750	-0.992031	-134.232648
68	0.053506	750	-0.904119	-135.136767
69	0.049295	750	-0.924209	-136.060977
70	0.045289	750	-0.826830	-136.887807
71	0.041485	750	-0.828012	-137.715819
72	0.037880	750	-0.784713	-138.500532
73	0.034469	750	-0.742072	-139.242604
74	0.031250	750	-0.726768	-139.969372
75	0.028218	750	-0.671579	-140.640951
76	0.025370	750	-0.693101	-141.334052
77	0.022702	750	-0.603156	-141.937208
78	0.020209	750	-0.579588	-142.516796
79	0.017889	750	-0.552137	-143.068934
80	0.015736	750	-0.519410	-143.588343
81	0.013746	750	-0.493404	-144.081747
82	0.011916	750	-0.435557	-144.517303
83	0.010240	750	-0.454209	-144.971513
84	0.008714	750	-0.391377	-145.362890
85	0.007334	750	-0.406107	-145.768997
86	0.006093	750	-0.326689	-146.095686
87	0.004988	750	-0.321535	-146.417221
88	0.004013	750	-0.299486	-146.716707
89	0.003162	750	-0.256845	-146.973552
90	0.002430	750	-0.220174	-147.193726
91	0.001810	750	-0.202352	-147.396078
92	0.001296	750	-0.189577	-147.585654
93	0.000882	750	-0.139248	-147.724902
94	0.000559	750	-0.093508	-147.818410
95	0.000320	750	-0.069124	-147.887534
96	0.000156	750	-0.052382	-147.939917
97	0.000057	750	-0.039746	-147.979662
98	0.000010	750	-0.015367	-147.995029
99	0.000000	750	-0.003741	-147.998770
Log marginal likelihood:	-147.998770
0	0.975187	750	-3.578404	-3.578404
1	0.950747	750	-3.516742	-7.095146
2	0.926679	750	-3.528785	-10.623931
3	0.902980	750	-3.428009	-14.051940
4	0.879648	750	-3.397686	-17.449626
5	0.856682	750	-3.342550	-20.792176
6	0.834079	750	-3.291085	-24.083261
7	0.811838	750	-3.226876	-27.310137
8	0.789957	750	-3.205360	-30.515497
9	0.768433	750	-3.134655	-33.650151
10	0.747266	750	-3.104129	-36.754280
11	0.726452	750	-3.012450	-39.766730
12	0.705989	750	-2.988734	-42.755464
13	0.685877	750	-2.913843	-45.669308
14	0.666112	750	-2.891341	-48.560649
15	0.646693	750	-2.847838	-51.408486
16	0.627618	750	-2.784588	-54.193075
17	0.608884	750	-2.749811	-56.942885
18	0.590490	750	-2.709407	-59.652292
19	0.572433	750	-2.645690	-62.297983
20	0.554712	750	-2.617753	-64.915736
21	0.537324	750	-2.580753	-67.496489
22	0.520268	750	-2.508104	-70.004593
23	0.503540	750	-2.476565	-72.481158
24	0.487139	750	-2.419725	-74.900883
25	0.471063	750	-2.392075	-77.292959
26	0.455310	750	-2.382575	-79.675534
27	0.439877	750	-2.393063	-82.068596
28	0.424762	750	-2.257996	-84.326592
29	0.409963	750	-2.198850	-86.525443
30	0.395478	750	-2.236814	-88.762257
31	0.381305	750	-2.230875	-90.993132
32	0.367440	750	-2.088517	-93.081648
33	0.353883	750	-2.127837	-95.209486
34	0.340630	750	-2.043644	-97.253130
35	0.327680	750	-2.021980	-99.275110
36	0.315030	750	-1.923562	-101.198672
37	0.302677	750	-1.920671	-103.119344
38	0.290619	750	-1.890938	-105.010281
39	0.278855	750	-1.819830	-106.830111
40	0.267381	750	-1.782819	-108.612930
41	0.256195	750	-1.770224	-110.383153
42	0.245294	750	-1.835578	-112.218731
43	0.234677	750	-1.667980	-113.886711
44	0.224340	750	-1.655429	-115.542140
45	0.214281	750	-1.646703	-117.188843
46	0.204498	750	-1.669547	-118.858390
47	0.194988	750	-1.596176	-120.454565
48	0.185749	750	-1.514195	-121.968760
49	0.176777	750	-1.576161	-123.544921
50	0.168070	750	-1.479824	-125.024744
51	0.159626	750	-1.509426	-126.534170
52	0.151441	750	-1.418566	-127.952736
53	0.143514	750	-1.334672	-129.287408
54	0.135841	750	-1.330736	-130.618144
55	0.128420	750	-1.340015	-131.958159
56	0.121247	750	-1.439212	-133.397371
57	0.114320	750	-1.246423	-134.643794
58	0.107637	750	-1.273642	-135.917436
59	0.101193	750	-1.265813	-137.183248
60	0.094986	750	-1.201119	-138.384368
61	0.089014	750	-1.146903	-139.531271
62	0.083273	750	-1.196646	-140.727917
63	0.077760	750	-1.077995	-141.805911
64	0.072472	750	-1.058390	-142.864301
65	0.067406	750	-1.031006	-143.895308
66	0.062558	750	-0.975685	-144.870993
67	0.057926	750	-0.920598	-145.791591
68	0.053506	750	-0.940178	-146.731769
69	0.049295	750	-0.923415	-147.655184
70	0.045289	750	-0.844390	-148.499573
71	0.041485	750	-0.840523	-149.340096
72	0.037880	750	-0.776976	-150.117072
73	0.034469	750	-0.738459	-150.855532
74	0.031250	750	-0.741926	-151.597458
75	0.028218	750	-0.708801	-152.306259
76	0.025370	750	-0.588004	-152.894263
77	0.022702	750	-0.661139	-153.555402
78	0.020209	750	-0.587090	-154.142493
79	0.017889	750	-0.611855	-154.754347
80	0.015736	750	-0.546669	-155.301016
81	0.013746	750	-0.514122	-155.815138
82	0.011916	750	-0.462404	-156.277542
83	0.010240	750	-0.460201	-156.737743
84	0.008714	750	-0.436085	-157.173828
85	0.007334	750	-0.393024	-157.566852
86	0.006093	750	-0.359860	-157.926712
87	0.004988	750	-0.300683	-158.227395
88	0.004013	750	-0.288499	-158.515895
89	0.003162	750	-0.290662	-158.806557
90	0.002430	750	-0.217478	-159.024035
91	0.001810	750	-0.201941	-159.225975
92	0.001296	750	-0.167076	-159.393052
93	0.000882	750	-0.127808	-159.520860
94	0.000559	750	-0.106224	-159.627084
95	0.000320	750	-0.084247	-159.711332
96	0.000156	750	-0.053633	-159.764965
97	0.000057	750	-0.032704	-159.797669
98	0.000010	750	-0.014707	-159.812376
99	0.000000	750	-0.003166	-159.815542
Log marginal likelihood:	-159.815542
0	0.975187	750	-3.338517	-3.338517
1	0.950747	750	-3.245417	-6.583934
2	0.926679	750	-3.248522	-9.832455
3	0.902980	750	-3.174173	-13.006628
4	0.879648	750	-3.178905	-16.185532
5	0.856682	750	-3.099732	-19.285264
6	0.834079	750	-3.054209	-22.339473
7	0.811838	750	-3.122531	-25.462005
8	0.789957	750	-2.970598	-28.432603
9	0.768433	750	-2.944912	-31.377516
10	0.747266	750	-2.892155	-34.269671
11	0.726452	750	-2.857526	-37.127197
12	0.705989	750	-2.798209	-39.925406
13	0.685877	750	-2.766367	-42.691773
14	0.666112	750	-2.783288	-45.475061
15	0.646693	750	-2.666069	-48.141130
16	0.627618	750	-2.682604	-50.823734
17	0.608884	750	-2.598733	-53.422467
18	0.590490	750	-2.562654	-55.985121
19	0.572433	750	-2.541095	-58.526215
20	0.554712	750	-2.513359	-61.039574
21	0.537324	750	-2.444088	-63.483662
22	0.520268	750	-2.430153	-65.913814
23	0.503540	750	-2.357979	-68.271794
24	0.487139	750	-2.271443	-70.543236
25	0.471063	750	-2.242303	-72.785539
26	0.455310	750	-2.233002	-75.018541
27	0.439877	750	-2.193272	-77.211813
28	0.424762	750	-2.210512	-79.422325
29	0.409963	750	-2.145041	-81.567366
30	0.395478	750	-2.122141	-83.689506
31	0.381305	750	-2.098764	-85.788270
32	0.367440	750	-2.005355	-87.793626
33	0.353883	750	-1.977959	-89.771584
34	0.340630	750	-1.957247	-91.728832
35	0.327680	750	-1.888926	-93.617757
36	0.315030	750	-1.909160	-95.526917
37	0.302677	750	-1.828334	-97.355251
38	0.290619	750	-1.829595	-99.184847
39	0.278855	750	-1.732389	-100.917236
40	0.267381	750	-1.758259	-102.675495
41	0.256195	750	-1.735825	-104.411320
42	0.245294	750	-1.669296	-106.080616
43	0.234677	750	-1.583498	-107.664114
44	0.224340	750	-1.636358	-109.300473
45	0.214281	750	-1.592845	-110.893318
46	0.204498	750	-1.563457	-112.456775
47	0.194988	750	-1.550890	-114.007664
48	0.185749	750	-1.472821	-115.480485
49	0.176777	750	-1.634282	-117.114767
50	0.168070	750	-1.504374	-118.619141
51	0.159626	750	-1.351200	-119.970341
52	0.151441	750	-1.406113	-121.376454
53	0.143514	750	-1.467828	-122.844282
54	0.135841	750	-1.340666	-124.184948
55	0.128420	750	-1.261042	-125.445990
56	0.121247	750	-1.297907	-126.743896
57	0.114320	750	-1.182483	-127.926380
58	0.107637	750	-1.233910	-129.160290
59	0.101193	750	-1.230037	-130.390326
60	0.094986	750	-1.236476	-131.626802
61	0.089014	750	-1.150978	-132.777781
62	0.083273	750	-1.073576	-133.851356
63	0.077760	750	-1.108962	-134.960318
64	0.072472	750	-1.028808	-135.989126
65	0.067406	750	-1.051921	-137.041047
66	0.062558	750	-0.975421	-138.016468
67	0.057926	750	-0.968821	-138.985289
68	0.053506	750	-0.895644	-139.880933
69	0.049295	750	-0.921608	-140.802541
70	0.045289	750	-0.837200	-141.639741
71	0.041485	750	-0.815568	-142.455309
72	0.037880	750	-0.780207	-143.235516
73	0.034469	750	-0.760003	-143.995519
74	0.031250	750	-0.722949	-144.718468
75	0.028218	750	-0.685400	-145.403867
76	0.025370	750	-0.635204	-146.039071
77	0.022702	750	-0.636803	-146.675874
78	0.020209	750	-0.594399	-147.270274
79	0.017889	750	-0.578720	-147.848994
80	0.015736	750	-0.538770	-148.387764
81	0.013746	750	-0.518868	-148.906631
82	0.011916	750	-0.458792	-149.365423
83	0.010240	750	-0.435196	-149.800620
84	0.008714	750	-0.466562	-150.267181
85	0.007334	750	-0.405691	-150.672872
86	0.006093	750	-0.359765	-151.032638
87	0.004988	750	-0.303758	-151.336396
88	0.004013	750	-0.309538	-151.645934
89	0.003162	750	-0.235315	-151.881249
90	0.002430	750	-0.238812	-152.120061
91	0.001810	750	-0.174879	-152.294939
92	0.001296	750	-0.187115	-152.482054
93	0.000882	750	-0.138739	-152.620794
94	0.000559	750	-0.116474	-152.737268
95	0.000320	750	-0.072152	-152.809420
96	0.000156	750	-0.057287	-152.866707
97	0.000057	750	-0.031994	-152.898701
98	0.000010	750	-0.013873	-152.912574
99	0.000000	750	-0.003068	-152.915642
Log marginal likelihood:	-152.915642
0	0.975187	750	-3.582658	-3.582658
1	0.950747	750	-3.512626	-7.095284
2	0.926679	750	-3.439912	-10.535197
3	0.902980	750	-3.391173	-13.926370
4	0.879648	750	-3.330452	-17.256822
5	0.856682	750	-3.295383	-20.552205
6	0.834079	750	-3.281342	-23.833547
7	0.811838	750	-3.202717	-27.036264
8	0.789957	750	-3.192046	-30.228310
9	0.768433	750	-3.102793	-33.331103
10	0.747266	750	-3.072639	-36.403742
11	0.726452	750	-3.040390	-39.444132
12	0.705989	750	-2.968040	-42.412172
13	0.685877	750	-2.904323	-45.316495
14	0.666112	750	-2.848012	-48.164507
15	0.646693	750	-2.854437	-51.018945
16	0.627618	750	-2.800837	-53.819782
17	0.608884	750	-2.743418	-56.563200
18	0.590490	750	-2.705750	-59.268950
19	0.572433	750	-2.667303	-61.936253
20	0.554712	750	-2.592881	-64.529134
21	0.537324	750	-2.549690	-67.078824
22	0.520268	750	-2.504412	-69.583236
23	0.503540	750	-2.461032	-72.044268
24	0.487139	750	-2.448391	-74.492659
25	0.471063	750	-2.399795	-76.892455
26	0.455310	750	-2.351059	-79.243514
27	0.439877	750	-2.305226	-81.548740
28	0.424762	750	-2.252852	-83.801592
29	0.409963	750	-2.282772	-86.084364
30	0.395478	750	-2.164536	-88.248901
31	0.381305	750	-2.138679	-90.387579
32	0.367440	750	-2.106164	-92.493743
33	0.353883	750	-2.045861	-94.539604
34	0.340630	750	-2.015867	-96.555471
35	0.327680	750	-2.047151	-98.602622
36	0.315030	750	-1.949140	-100.551762
37	0.302677	750	-1.876551	-102.428313
38	0.290619	750	-1.845931	-104.274243
39	0.278855	750	-1.824621	-106.098864
40	0.267381	750	-1.799526	-107.898390
41	0.256195	750	-1.737406	-109.635796
42	0.245294	750	-1.687408	-111.323204
43	0.234677	750	-1.691769	-113.014972
44	0.224340	750	-1.674066	-114.689039
45	0.214281	750	-1.667562	-116.356601
46	0.204498	750	-1.607015	-117.963616
47	0.194988	750	-1.535509	-119.499125
48	0.185749	750	-1.513189	-121.012314
49	0.176777	750	-1.668190	-122.680504
50	0.168070	750	-1.611860	-124.292364
51	0.159626	750	-1.404441	-125.696806
52	0.151441	750	-1.475358	-127.172164
53	0.143514	750	-1.411594	-128.583758
54	0.135841	750	-1.310953	-129.894711
55	0.128420	750	-1.342556	-131.237267
56	0.121247	750	-1.311321	-132.548588
57	0.114320	750	-1.347354	-133.895942
58	0.107637	750	-1.331264	-135.227206
59	0.101193	750	-1.211432	-136.438638
60	0.094986	750	-1.175064	-137.613702
61	0.089014	750	-1.208146	-138.821848
62	0.083273	750	-1.144989	-139.966838
63	0.077760	750	-1.118641	-141.085479
64	0.072472	750	-1.074619	-142.160097
65	0.067406	750	-0.996470	-143.156567
66	0.062558	750	-0.958473	-144.115040
67	0.057926	750	-0.977915	-145.092955
68	0.053506	750	-0.931704	-146.024659
69	0.049295	750	-0.882414	-146.907072
70	0.045289	750	-0.861957	-147.769029
71	0.041485	750	-0.803919	-148.572948
72	0.037880	750	-0.792223	-149.365171
73	0.034469	750	-0.752458	-150.117629
74	0.031250	750	-0.735643	-150.853272
75	0.028218	750	-0.687118	-151.540390
76	0.025370	750	-0.638300	-152.178690
77	0.022702	750	-0.612346	-152.791036
78	0.020209	750	-0.577648	-153.368684
79	0.017889	750	-0.582729	-153.951413
80	0.015736	750	-0.529546	-154.480958
81	0.013746	750	-0.487134	-154.968092
82	0.011916	750	-0.453988	-155.422081
83	0.010240	750	-0.445081	-155.867161
84	0.008714	750	-0.428334	-156.295495
85	0.007334	750	-0.382458	-156.677953
86	0.006093	750	-0.329859	-157.007812
87	0.004988	750	-0.334983	-157.342795
88	0.004013	750	-0.285878	-157.628673
89	0.003162	750	-0.241114	-157.869787
90	0.002430	750	-0.238839	-158.108625
91	0.001810	750	-0.187161	-158.295786
92	0.001296	750	-0.160805	-158.456591
93	0.000882	750	-0.125012	-158.581603
94	0.000559	750	-0.096276	-158.677880
95	0.000320	750	-0.073029	-158.750909
96	0.000156	750	-0.053258	-158.804166
97	0.000057	750	-0.031831	-158.835998
98	0.000010	750	-0.015346	-158.851344
99	0.000000	750	-0.003208	-158.854552
Log marginal likelihood:	-158.854552
0	0.975187	750	-3.584240	-3.584240
1	0.950747	750	-3.526025	-7.110265
2	0.926679	750	-3.471622	-10.581887
3	0.902980	750	-3.393826	-13.975713
4	0.879648	750	-3.401031	-17.376743
5	0.856682	750	-3.320505	-20.697248
6	0.834079	750	-3.298331	-23.995580
7	0.811838	750	-3.273089	-27.268669
8	0.789957	750	-3.191397	-30.460066
9	0.768433	750	-3.159600	-33.619666
10	0.747266	750	-3.094348	-36.714014
11	0.726452	750	-3.019931	-39.733945
12	0.705989	750	-2.968250	-42.702195
13	0.685877	750	-2.963696	-45.665891
14	0.666112	750	-2.939113	-48.605004
15	0.646693	750	-2.860720	-51.465724
16	0.627618	750	-2.812122	-54.277847
17	0.608884	750	-2.748666	-57.026513
18	0.590490	750	-2.706178	-59.732691
19	0.572433	750	-2.659266	-62.391958
20	0.554712	750	-2.603600	-64.995558
21	0.537324	750	-2.581502	-67.577060
22	0.520268	750	-2.515598	-70.092658
23	0.503540	750	-2.469572	-72.562230
24	0.487139	750	-2.433711	-74.995941
25	0.471063	750	-2.378520	-77.374461
26	0.455310	750	-2.339770	-79.714230
27	0.439877	750	-2.286116	-82.000346
28	0.424762	750	-2.278803	-84.279149
29	0.409963	750	-2.181725	-86.460875
30	0.395478	750	-2.232310	-88.693184
31	0.381305	750	-2.116155	-90.809339
32	0.367440	750	-2.079740	-92.889079
33	0.353883	750	-2.072917	-94.961996
34	0.340630	750	-2.000060	-96.962056
35	0.327680	750	-1.987945	-98.950002
36	0.315030	750	-1.887996	-100.837997
37	0.302677	750	-1.927966	-102.765963
38	0.290619	750	-1.854786	-104.620749
39	0.278855	750	-1.815480	-106.436229
40	0.267381	750	-1.797324	-108.233553
41	0.256195	750	-1.698153	-109.931705
42	0.245294	750	-1.708239	-111.639944
43	0.234677	750	-1.688029	-113.327973
44	0.224340	750	-1.689261	-115.017234
45	0.214281	750	-1.590653	-116.607887
46	0.204498	750	-1.566132	-118.174019
47	0.194988	750	-1.492493	-119.666512
48	0.185749	750	-1.480791	-121.147303
49	0.176777	750	-1.571569	-122.718872
50	0.168070	750	-1.596525	-124.315397
51	0.159626	750	-1.593910	-125.909307
52	0.151441	750	-1.339954	-127.249261
53	0.143514	750	-1.391375	-128.640636
54	0.135841	750	-1.404524	-130.045160
55	0.128420	750	-1.427723	-131.472883
56	0.121247	750	-1.409585	-132.882467
57	0.114320	750	-1.233685	-134.116152
58	0.107637	750	-1.167878	-135.284030
59	0.101193	750	-1.259464	-136.543494
60	0.094986	750	-1.249963	-137.793457
61	0.089014	750	-1.204150	-138.997607
62	0.083273	750	-1.103110	-140.100717
63	0.077760	750	-1.124260	-141.224976
64	0.072472	750	-1.038727	-142.263703
65	0.067406	750	-1.019824	-143.283527
66	0.062558	750	-0.988994	-144.272521
67	0.057926	750	-0.952658	-145.225179
68	0.053506	750	-0.962659	-146.187838
69	0.049295	750	-0.867669	-147.055507
70	0.045289	750	-0.896682	-147.952189
71	0.041485	750	-0.837390	-148.789579
72	0.037880	750	-0.789592	-149.579171
73	0.034469	750	-0.783547	-150.362718
74	0.031250	750	-0.704547	-151.067265
75	0.028218	750	-0.687300	-151.754564
76	0.025370	750	-0.682031	-152.436595
77	0.022702	750	-0.644775	-153.081371
78	0.020209	750	-0.579484	-153.660855
79	0.017889	750	-0.552234	-154.213089
80	0.015736	750	-0.536604	-154.749694
81	0.013746	750	-0.514592	-155.264286
82	0.011916	750	-0.491740	-155.756026
83	0.010240	750	-0.453387	-156.209412
84	0.008714	750	-0.399483	-156.608895
85	0.007334	750	-0.371848	-156.980743
86	0.006093	750	-0.340473	-157.321216
87	0.004988	750	-0.314484	-157.635700
88	0.004013	750	-0.316210	-157.951910
89	0.003162	750	-0.262473	-158.214383
90	0.002430	750	-0.238935	-158.453317
91	0.001810	750	-0.193390	-158.646707
92	0.001296	750	-0.163341	-158.810048
93	0.000882	750	-0.126335	-158.936384
94	0.000559	750	-0.102541	-159.038925
95	0.000320	750	-0.088110	-159.127035
96	0.000156	750	-0.050842	-159.177877
97	0.000057	750	-0.034824	-159.212701
98	0.000010	750	-0.015331	-159.228033
99	0.000000	750	-0.003264	-159.231296
Log marginal likelihood:	-159.231296
0	0.975187	750	-3.460409	-3.460409
1	0.950747	750	-3.364776	-6.825185
2	0.926679	750	-3.330500	-10.155685
3	0.902980	750	-3.332575	-13.488260
4	0.879648	750	-3.300831	-16.789091
5	0.856682	750	-3.261841	-20.050932
6	0.834079	750	-3.193879	-23.244812
7	0.811838	750	-3.147002	-26.391814
8	0.789957	750	-3.085829	-29.477642
9	0.768433	750	-3.053395	-32.531038
10	0.747266	750	-2.966232	-35.497269
11	0.726452	750	-2.994156	-38.491425
12	0.705989	750	-2.895433	-41.386858
13	0.685877	750	-2.887997	-44.274855
14	0.666112	750	-2.795749	-47.070603
15	0.646693	750	-2.761070	-49.831673
16	0.627618	750	-2.717199	-52.548872
17	0.608884	750	-2.706323	-55.255195
18	0.590490	750	-2.603926	-57.859121
19	0.572433	750	-2.565393	-60.424514
20	0.554712	750	-2.556836	-62.981349
21	0.537324	750	-2.478087	-65.459437
22	0.520268	750	-2.499653	-67.959089
23	0.503540	750	-2.404541	-70.363630
24	0.487139	750	-2.406781	-72.770411
25	0.471063	750	-2.330424	-75.100835
26	0.455310	750	-2.256448	-77.357283
27	0.439877	750	-2.227641	-79.584924
28	0.424762	750	-2.177291	-81.762215
29	0.409963	750	-2.143019	-83.905234
30	0.395478	750	-2.125466	-86.030700
31	0.381305	750	-2.058647	-88.089346
32	0.367440	750	-2.043717	-90.133064
33	0.353883	750	-1.987940	-92.121004
34	0.340630	750	-1.965571	-94.086575
35	0.327680	750	-1.899085	-95.985659
36	0.315030	750	-1.924823	-97.910483
37	0.302677	750	-1.847339	-99.757822
38	0.290619	750	-1.813167	-101.570988
39	0.278855	750	-1.782554	-103.353542
40	0.267381	750	-1.821751	-105.175293
41	0.256195	750	-1.775796	-106.951089
42	0.245294	750	-1.828522	-108.779610
43	0.234677	750	-1.675749	-110.455359
44	0.224340	750	-1.580332	-112.035691
45	0.214281	750	-1.574687	-113.610378
46	0.204498	750	-1.563378	-115.173756
47	0.194988	750	-1.762910	-116.936666
48	0.185749	750	-1.492464	-118.429130
49	0.176777	750	-1.561812	-119.990941
50	0.168070	750	-1.576369	-121.567311
51	0.159626	750	-1.503400	-123.070710
52	0.151441	750	-1.355366	-124.426076
53	0.143514	750	-1.542701	-125.968777
54	0.135841	750	-1.351475	-127.320252
55	0.128420	750	-1.363110	-128.683362
56	0.121247	750	-1.316343	-129.999705
57	0.114320	750	-1.360728	-131.360433
58	0.107637	750	-1.247660	-132.608093
59	0.101193	750	-1.239190	-133.847283
60	0.094986	750	-1.209866	-135.057149
61	0.089014	750	-1.125458	-136.182606
62	0.083273	750	-1.134838	-137.317445
63	0.077760	750	-1.115799	-138.433244
64	0.072472	750	-1.083625	-139.516869
65	0.067406	750	-1.074714	-140.591583
66	0.062558	750	-1.072224	-141.663808
67	0.057926	750	-1.024565	-142.688372
68	0.053506	750	-0.914651	-143.603023
69	0.049295	750	-0.917363	-144.520387
70	0.045289	750	-0.871998	-145.392384
71	0.041485	750	-0.864747	-146.257131
72	0.037880	750	-0.810633	-147.067764
73	0.034469	750	-0.737683	-147.805447
74	0.031250	750	-0.742300	-148.547746
75	0.028218	750	-0.729121	-149.276867
76	0.025370	750	-0.663715	-149.940582
77	0.022702	750	-0.632662	-150.573244
78	0.020209	750	-0.592073	-151.165317
79	0.017889	750	-0.606977	-151.772294
80	0.015736	750	-0.563722	-152.336016
81	0.013746	750	-0.532939	-152.868955
82	0.011916	750	-0.475276	-153.344231
83	0.010240	750	-0.472944	-153.817175
84	0.008714	750	-0.455017	-154.272191
85	0.007334	750	-0.365502	-154.637693
86	0.006093	750	-0.344982	-154.982675
87	0.004988	750	-0.312739	-155.295414
88	0.004013	750	-0.323041	-155.618455
89	0.003162	750	-0.246126	-155.864581
90	0.002430	750	-0.251071	-156.115653
91	0.001810	750	-0.191408	-156.307061
92	0.001296	750	-0.172318	-156.479379
93	0.000882	750	-0.120529	-156.599909
94	0.000559	750	-0.101946	-156.701854
95	0.000320	750	-0.074170	-156.776024
96	0.000156	750	-0.055642	-156.831666
97	0.000057	750	-0.034590	-156.866256
98	0.000010	750	-0.015297	-156.881553
99	0.000000	750	-0.003416	-156.884969
Log marginal likelihood:	-156.884969
0	0.975187	750	-3.246310	-3.246310
1	0.950747	750	-3.145847	-6.392157
2	0.926679	750	-3.131714	-9.523870
3	0.902980	750	-3.061844	-12.585714
4	0.879648	750	-3.033961	-15.619676
5	0.856682	750	-3.003607	-18.623282
6	0.834079	750	-2.916089	-21.539371
7	0.811838	750	-2.879925	-24.419296
8	0.789957	750	-2.874452	-27.293748
9	0.768433	750	-2.814953	-30.108701
10	0.747266	750	-2.771794	-32.880494
11	0.726452	750	-2.696475	-35.576970
12	0.705989	750	-2.711149	-38.288119
13	0.685877	750	-2.665512	-40.953631
14	0.666112	750	-2.599436	-43.553067
15	0.646693	750	-2.580179	-46.133246
16	0.627618	750	-2.516217	-48.649462
17	0.608884	750	-2.451428	-51.100890
18	0.590490	750	-2.464832	-53.565722
19	0.572433	750	-2.423768	-55.989490
20	0.554712	750	-2.357090	-58.346580
21	0.537324	750	-2.323390	-60.669970
22	0.520268	750	-2.329794	-62.999764
23	0.503540	750	-2.251488	-65.251252
24	0.487139	750	-2.228798	-67.480050
25	0.471063	750	-2.142385	-69.622435
26	0.455310	750	-2.145937	-71.768372
27	0.439877	750	-2.090678	-73.859050
28	0.424762	750	-2.067463	-75.926513
29	0.409963	750	-1.999167	-77.925680
30	0.395478	750	-2.000521	-79.926200
31	0.381305	750	-1.935325	-81.861525
32	0.367440	750	-1.866498	-83.728023
33	0.353883	750	-1.866548	-85.594571
34	0.340630	750	-1.838201	-87.432773
35	0.327680	750	-1.798229	-89.231001
36	0.315030	750	-1.735625	-90.966626
37	0.302677	750	-1.704065	-92.670691
38	0.290619	750	-1.707229	-94.377920
39	0.278855	750	-1.653511	-96.031431
40	0.267381	750	-1.608724	-97.640155
41	0.256195	750	-1.589881	-99.230037
42	0.245294	750	-1.552778	-100.782815
43	0.234677	750	-1.507553	-102.290368
44	0.224340	750	-1.450632	-103.741000
45	0.214281	750	-1.483048	-105.224048
46	0.204498	750	-1.395470	-106.619518
47	0.194988	750	-1.400250	-108.019768
48	0.185749	750	-1.371414	-109.391181
49	0.176777	750	-1.308344	-110.699526
50	0.168070	750	-1.313297	-112.012823
51	0.159626	750	-1.284268	-113.297091
52	0.151441	750	-1.253029	-114.550119
53	0.143514	750	-1.193120	-115.743239
54	0.135841	750	-1.128741	-116.871980
55	0.128420	750	-1.206956	-118.078936
56	0.121247	750	-1.173312	-119.252248
57	0.114320	750	-1.215120	-120.467369
58	0.107637	750	-1.231102	-121.698470
59	0.101193	750	-1.062554	-122.761024
60	0.094986	750	-1.125848	-123.886872
61	0.089014	750	-1.061313	-124.948185
62	0.083273	750	-0.971879	-125.920065
63	0.077760	750	-1.087776	-127.007841
64	0.072472	750	-0.970866	-127.978707
65	0.067406	750	-0.970220	-128.948927
66	0.062558	750	-0.979886	-129.928813
67	0.057926	750	-0.907470	-130.836282
68	0.053506	750	-0.903903	-131.740186
69	0.049295	750	-0.922588	-132.662774
70	0.045289	750	-0.794934	-133.457707
71	0.041485	750	-0.826610	-134.284317
72	0.037880	750	-0.774951	-135.059267
73	0.034469	750	-0.736313	-135.795580
74	0.031250	750	-0.693293	-136.488873
75	0.028218	750	-0.654579	-137.143451
76	0.025370	750	-0.652075	-137.795527
77	0.022702	750	-0.639940	-138.435467
78	0.020209	750	-0.606701	-139.042168
79	0.017889	750	-0.564431	-139.606599
80	0.015736	750	-0.507479	-140.114079
81	0.013746	750	-0.458848	-140.572927
82	0.011916	750	-0.490866	-141.063792
83	0.010240	750	-0.427559	-141.491351
84	0.008714	750	-0.385759	-141.877111
85	0.007334	750	-0.374996	-142.252107
86	0.006093	750	-0.329756	-142.581863
87	0.004988	750	-0.298666	-142.880529
88	0.004013	750	-0.277425	-143.157954
89	0.003162	750	-0.273146	-143.431100
90	0.002430	750	-0.226916	-143.658016
91	0.001810	750	-0.207564	-143.865579
92	0.001296	750	-0.169267	-144.034847
93	0.000882	750	-0.145368	-144.180215
94	0.000559	750	-0.099323	-144.279538
95	0.000320	750	-0.072532	-144.352070
96	0.000156	750	-0.055001	-144.407071
97	0.000057	750	-0.030570	-144.437642
98	0.000010	750	-0.015263	-144.452905
99	0.000000	750	-0.003222	-144.456127
Log marginal likelihood:	-144.456127
0	0.975187	750	-3.408630	-3.408630
1	0.950747	750	-3.467929	-6.876559
2	0.926679	750	-3.401271	-10.277830
3	0.902980	750	-3.302681	-13.580511
4	0.879648	750	-3.319063	-16.899574
5	0.856682	750	-3.271720	-20.171295
6	0.834079	750	-3.145342	-23.316637
7	0.811838	750	-3.174823	-26.491460
8	0.789957	750	-3.098746	-29.590206
9	0.768433	750	-3.067953	-32.658160
10	0.747266	750	-3.065834	-35.723994
11	0.726452	750	-2.956776	-38.680769
12	0.705989	750	-2.930785	-41.611554
13	0.685877	750	-2.851760	-44.463314
14	0.666112	750	-2.797049	-47.260363
15	0.646693	750	-2.782023	-50.042386
16	0.627618	750	-2.743261	-52.785647
17	0.608884	750	-2.686870	-55.472517
18	0.590490	750	-2.650980	-58.123497
19	0.572433	750	-2.601315	-60.724812
20	0.554712	750	-2.581881	-63.306693
21	0.537324	750	-2.549640	-65.856332
22	0.520268	750	-2.474799	-68.331132
23	0.503540	750	-2.480576	-70.811708
24	0.487139	750	-2.404851	-73.216559
25	0.471063	750	-2.336750	-75.553309
26	0.455310	750	-2.362040	-77.915349
27	0.439877	750	-2.290259	-80.205608
28	0.424762	750	-2.185646	-82.391254
29	0.409963	750	-2.203248	-84.594502
30	0.395478	750	-2.163343	-86.757846
31	0.381305	750	-2.160946	-88.918792
32	0.367440	750	-2.077076	-90.995868
33	0.353883	750	-2.025334	-93.021202
34	0.340630	750	-2.016148	-95.037351
35	0.327680	750	-1.957586	-96.994936
36	0.315030	750	-1.943234	-98.938171
37	0.302677	750	-1.898679	-100.836850
38	0.290619	750	-1.823403	-102.660252
39	0.278855	750	-1.841956	-104.502208
40	0.267381	750	-1.725233	-106.227441
41	0.256195	750	-1.729283	-107.956724
42	0.245294	750	-1.684668	-109.641392
43	0.234677	750	-1.669374	-111.310766
44	0.224340	750	-1.696759	-113.007526
45	0.214281	750	-1.570850	-114.578375
46	0.204498	750	-1.526048	-116.104423
47	0.194988	750	-1.540838	-117.645262
48	0.185749	750	-1.574857	-119.220118
49	0.176777	750	-1.382339	-120.602457
50	0.168070	750	-1.409832	-122.012289
51	0.159626	750	-1.462635	-123.474924
52	0.151441	750	-1.399568	-124.874492
53	0.143514	750	-1.378165	-126.252657
54	0.135841	750	-1.265439	-127.518096
55	0.128420	750	-1.268502	-128.786598
56	0.121247	750	-1.342996	-130.129595
57	0.114320	750	-1.329453	-131.459048
58	0.107637	750	-1.268971	-132.728019
59	0.101193	750	-1.287219	-134.015238
60	0.094986	750	-1.224999	-135.240237
61	0.089014	750	-1.182845	-136.423083
62	0.083273	750	-1.160641	-137.583724
63	0.077760	750	-1.087414	-138.671138
64	0.072472	750	-1.065737	-139.736875
65	0.067406	750	-1.064057	-140.800932
66	0.062558	750	-1.002482	-141.803414
67	0.057926	750	-0.953404	-142.756818
68	0.053506	750	-0.935319	-143.692137
69	0.049295	750	-0.915903	-144.608040
70	0.045289	750	-0.894755	-145.502795
71	0.041485	750	-0.804744	-146.307539
72	0.037880	750	-0.823726	-147.131265
73	0.034469	750	-0.764808	-147.896072
74	0.031250	750	-0.754761	-148.650833
75	0.028218	750	-0.724834	-149.375667
76	0.025370	750	-0.669264	-150.044931
77	0.022702	750	-0.646112	-150.691043
78	0.020209	750	-0.583460	-151.274503
79	0.017889	750	-0.600529	-151.875032
80	0.015736	750	-0.527200	-152.402232
81	0.013746	750	-0.501659	-152.903890
82	0.011916	750	-0.460923	-153.364813
83	0.010240	750	-0.416080	-153.780894
84	0.008714	750	-0.430726	-154.211620
85	0.007334	750	-0.387501	-154.599121
86	0.006093	750	-0.327396	-154.926517
87	0.004988	750	-0.304094	-155.230611
88	0.004013	750	-0.274531	-155.505142
89	0.003162	750	-0.296734	-155.801877
90	0.002430	750	-0.209545	-156.011422
91	0.001810	750	-0.193054	-156.204476
92	0.001296	750	-0.172434	-156.376910
93	0.000882	750	-0.126132	-156.503042
94	0.000559	750	-0.100459	-156.603501
95	0.000320	750	-0.084162	-156.687664
96	0.000156	750	-0.053896	-156.741560
97	0.000057	750	-0.032345	-156.773905
98	0.000010	750	-0.016090	-156.789995
99	0.000000	750	-0.003707	-156.793701
Log marginal likelihood:	-156.793701
0	0.975187	750	-3.640709	-3.640709
1	0.950747	750	-3.567443	-7.208151
2	0.926679	750	-3.537248	-10.745399
3	0.902980	750	-3.493768	-14.239167
4	0.879648	750	-3.365834	-17.605000
5	0.856682	750	-3.342704	-20.947705
6	0.834079	750	-3.315992	-24.263696
7	0.811838	750	-3.246257	-27.509953
8	0.789957	750	-3.210254	-30.720207
9	0.768433	750	-3.168783	-33.888990
10	0.747266	750	-3.127082	-37.016072
11	0.726452	750	-3.068625	-40.084697
12	0.705989	750	-3.026487	-43.111184
13	0.685877	750	-2.969689	-46.080873
14	0.666112	750	-2.916355	-48.997229
15	0.646693	750	-2.863298	-51.860526
16	0.627618	750	-2.827868	-54.688395
17	0.608884	750	-2.794694	-57.483089
18	0.590490	750	-2.726383	-60.209472
19	0.572433	750	-2.679967	-62.889439
20	0.554712	750	-2.661202	-65.550641
21	0.537324	750	-2.589566	-68.140207
22	0.520268	750	-2.522762	-70.662968
23	0.503540	750	-2.462218	-73.125187
24	0.487139	750	-2.435409	-75.560596
25	0.471063	750	-2.428284	-77.988880
26	0.455310	750	-2.355402	-80.344282
27	0.439877	750	-2.348222	-82.692505
28	0.424762	750	-2.285075	-84.977579
29	0.409963	750	-2.235664	-87.213243
30	0.395478	750	-2.249852	-89.463095
31	0.381305	750	-2.164396	-91.627491
32	0.367440	750	-2.103917	-93.731408
33	0.353883	750	-2.095862	-95.827270
34	0.340630	750	-2.007093	-97.834363
35	0.327680	750	-1.983238	-99.817601
36	0.315030	750	-1.966973	-101.784574
37	0.302677	750	-1.910115	-103.694689
38	0.290619	750	-1.876872	-105.571561
39	0.278855	750	-1.807511	-107.379072
40	0.267381	750	-1.792233	-109.171306
41	0.256195	750	-1.745375	-110.916681
42	0.245294	750	-1.710213	-112.626894
43	0.234677	750	-1.702730	-114.329624
44	0.224340	750	-1.618310	-115.947935
45	0.214281	750	-1.630918	-117.578852
46	0.204498	750	-1.641366	-119.220218
47	0.194988	750	-1.550023	-120.770241
48	0.185749	750	-1.621331	-122.391572
49	0.176777	750	-1.592628	-123.984200
50	0.168070	750	-1.465391	-125.449592
51	0.159626	750	-1.458840	-126.908431
52	0.151441	750	-1.495652	-128.404084
53	0.143514	750	-1.481513	-129.885596
54	0.135841	750	-1.343375	-131.228971
55	0.128420	750	-1.374051	-132.603022
56	0.121247	750	-1.369673	-133.972695
57	0.114320	750	-1.261087	-135.233782
58	0.107637	750	-1.233299	-136.467081
59	0.101193	750	-1.324261	-137.791342
60	0.094986	750	-1.247168	-139.038509
61	0.089014	750	-1.157638	-140.196147
62	0.083273	750	-1.124898	-141.321045
63	0.077760	750	-1.078752	-142.399797
64	0.072472	750	-1.073499	-143.473296
65	0.067406	750	-1.053982	-144.527278
66	0.062558	750	-0.990085	-145.517363
67	0.057926	750	-0.980920	-146.498283
68	0.053506	750	-0.927253	-147.425536
69	0.049295	750	-0.873487	-148.299023
70	0.045289	750	-0.852815	-149.151837
71	0.041485	750	-0.824950	-149.976788
72	0.037880	750	-0.794732	-150.771520
73	0.034469	750	-0.749510	-151.521030
74	0.031250	750	-0.716177	-152.237207
75	0.028218	750	-0.705117	-152.942324
76	0.025370	750	-0.664609	-153.606933
77	0.022702	750	-0.624954	-154.231887
78	0.020209	750	-0.578234	-154.810121
79	0.017889	750	-0.561143	-155.371264
80	0.015736	750	-0.477924	-155.849188
81	0.013746	750	-0.501873	-156.351060
82	0.011916	750	-0.513608	-156.864668
83	0.010240	750	-0.421034	-157.285702
84	0.008714	750	-0.407392	-157.693094
85	0.007334	750	-0.394061	-158.087154
86	0.006093	750	-0.363799	-158.450954
87	0.004988	750	-0.289994	-158.740948
88	0.004013	750	-0.306151	-159.047099
89	0.003162	750	-0.236876	-159.283974
90	0.002430	750	-0.227319	-159.511293
91	0.001810	750	-0.203342	-159.714635
92	0.001296	750	-0.158352	-159.872987
93	0.000882	750	-0.121388	-159.994375
94	0.000559	750	-0.093375	-160.087749
95	0.000320	750	-0.078631	-160.166380
96	0.000156	750	-0.054809	-160.221189
97	0.000057	750	-0.032604	-160.253793
98	0.000010	750	-0.014653	-160.268446
99	0.000000	750	-0.003136	-160.271582
Log marginal likelihood:	-160.271582
0	0.975187	750	-3.543028	-3.543028
1	0.950747	750	-3.435326	-6.978354
2	0.926679	750	-3.372068	-10.350422
3	0.902980	750	-3.378510	-13.728933
4	0.879648	750	-3.310741	-17.039673
5	0.856682	750	-3.279414	-20.319087
6	0.834079	750	-3.223060	-23.542147
7	0.811838	750	-3.200581	-26.742728
8	0.789957	750	-3.116851	-29.859579
9	0.768433	750	-3.025485	-32.885064
10	0.747266	750	-3.057949	-35.943012
11	0.726452	750	-2.991878	-38.934891
12	0.705989	750	-2.932488	-41.867378
13	0.685877	750	-2.876451	-44.743829
14	0.666112	750	-2.832029	-47.575858
15	0.646693	750	-2.818149	-50.394008
16	0.627618	750	-2.774584	-53.168592
17	0.608884	750	-2.710637	-55.879229
18	0.590490	750	-2.663530	-58.542759
19	0.572433	750	-2.617371	-61.160130
20	0.554712	750	-2.550311	-63.710441
21	0.537324	750	-2.532012	-66.242452
22	0.520268	750	-2.460754	-68.703207
23	0.503540	750	-2.411805	-71.115012
24	0.487139	750	-2.394260	-73.509271
25	0.471063	750	-2.370859	-75.880130
26	0.455310	750	-2.323739	-78.203870
27	0.439877	750	-2.310172	-80.514042
28	0.424762	750	-2.258545	-82.772587
29	0.409963	750	-2.161656	-84.934244
30	0.395478	750	-2.128104	-87.062347
31	0.381305	750	-2.103562	-89.165909
32	0.367440	750	-2.059131	-91.225040
33	0.353883	750	-2.020084	-93.245124
34	0.340630	750	-1.954406	-95.199529
35	0.327680	750	-1.925251	-97.124781
36	0.315030	750	-1.887183	-99.011964
37	0.302677	750	-1.860074	-100.872038
38	0.290619	750	-1.830375	-102.702413
39	0.278855	750	-1.788690	-104.491103
40	0.267381	750	-1.773549	-106.264652
41	0.256195	750	-1.695372	-107.960024
42	0.245294	750	-1.688473	-109.648497
43	0.234677	750	-1.691644	-111.340141
44	0.224340	750	-1.584740	-112.924881
45	0.214281	750	-1.550735	-114.475616
46	0.204498	750	-1.494507	-115.970123
47	0.194988	750	-1.619372	-117.589495
48	0.185749	750	-1.468976	-119.058472
49	0.176777	750	-1.462830	-120.521302
50	0.168070	750	-1.393144	-121.914445
51	0.159626	750	-1.465433	-123.379878
52	0.151441	750	-1.372552	-124.752430
53	0.143514	750	-1.384550	-126.136980
54	0.135841	750	-1.390613	-127.527593
55	0.128420	750	-1.426597	-128.954190
56	0.121247	750	-1.332873	-130.287063
57	0.114320	750	-1.310115	-131.597178
58	0.107637	750	-1.269732	-132.866910
59	0.101193	750	-1.114715	-133.981625
60	0.094986	750	-1.180129	-135.161754
61	0.089014	750	-1.220374	-136.382128
62	0.083273	750	-1.061490	-137.443618
63	0.077760	750	-1.091511	-138.535129
64	0.072472	750	-1.000494	-139.535623
65	0.067406	750	-1.025704	-140.561327
66	0.062558	750	-0.976198	-141.537525
67	0.057926	750	-0.976617	-142.514141
68	0.053506	750	-0.916196	-143.430338
69	0.049295	750	-0.872916	-144.303253
70	0.045289	750	-0.861373	-145.164626
71	0.041485	750	-0.835043	-145.999669
72	0.037880	750	-0.811036	-146.810705
73	0.034469	750	-0.729049	-147.539754
74	0.031250	750	-0.705863	-148.245617
75	0.028218	750	-0.682412	-148.928028
76	0.025370	750	-0.658583	-149.586611
77	0.022702	750	-0.607061	-150.193672
78	0.020209	750	-0.597517	-150.791189
79	0.017889	750	-0.557490	-151.348679
80	0.015736	750	-0.518385	-151.867064
81	0.013746	750	-0.457350	-152.324415
82	0.011916	750	-0.458771	-152.783186
83	0.010240	750	-0.446984	-153.230170
84	0.008714	750	-0.396053	-153.626222
85	0.007334	750	-0.435985	-154.062207
86	0.006093	750	-0.339979	-154.402186
87	0.004988	750	-0.309762	-154.711948
88	0.004013	750	-0.269268	-154.981216
89	0.003162	750	-0.244497	-155.225713
90	0.002430	750	-0.222391	-155.448104
91	0.001810	750	-0.175640	-155.623744
92	0.001296	750	-0.154293	-155.778037
93	0.000882	750	-0.139288	-155.917326
94	0.000559	750	-0.100455	-156.017780
95	0.000320	750	-0.071252	-156.089032
96	0.000156	750	-0.049215	-156.138247
97	0.000057	750	-0.033051	-156.171298
98	0.000010	750	-0.018625	-156.189923
99	0.000000	750	-0.003329	-156.193252
Log marginal likelihood:	-156.193252
0	0.975187	750	-3.270655	-3.270655
1	0.950747	750	-3.281580	-6.552235
2	0.926679	750	-3.201991	-9.754226
3	0.902980	750	-3.159567	-12.913793
4	0.879648	750	-3.158472	-16.072265
5	0.856682	750	-3.058185	-19.130449
6	0.834079	750	-3.012670	-22.143120
7	0.811838	750	-2.984664	-25.127784
8	0.789957	750	-2.921201	-28.048985
9	0.768433	750	-2.884914	-30.933898
10	0.747266	750	-2.833558	-33.767457
11	0.726452	750	-2.811565	-36.579021
12	0.705989	750	-2.774011	-39.353033
13	0.685877	750	-2.704016	-42.057049
14	0.666112	750	-2.692050	-44.749098
15	0.646693	750	-2.639692	-47.388790
16	0.627618	750	-2.583821	-49.972612
17	0.608884	750	-2.557517	-52.530129
18	0.590490	750	-2.483955	-55.014084
19	0.572433	750	-2.455400	-57.469484
20	0.554712	750	-2.454235	-59.923720
21	0.537324	750	-2.406906	-62.330626
22	0.520268	750	-2.340510	-64.671136
23	0.503540	750	-2.310027	-66.981163
24	0.487139	750	-2.227603	-69.208765
25	0.471063	750	-2.213424	-71.422190
26	0.455310	750	-2.226051	-73.648241
27	0.439877	750	-2.123715	-75.771955
28	0.424762	750	-2.134888	-77.906843
29	0.409963	750	-2.069757	-79.976600
30	0.395478	750	-2.024657	-82.001257
31	0.381305	750	-1.983433	-83.984691
32	0.367440	750	-1.963771	-85.948462
33	0.353883	750	-1.902660	-87.851122
34	0.340630	750	-1.904759	-89.755881
35	0.327680	750	-1.895062	-91.650943
36	0.315030	750	-1.823382	-93.474325
37	0.302677	750	-1.906168	-95.380493
38	0.290619	750	-1.699937	-97.080430
39	0.278855	750	-1.762403	-98.842833
40	0.267381	750	-1.700742	-100.543575
41	0.256195	750	-1.644387	-102.187962
42	0.245294	750	-1.663746	-103.851708
43	0.234677	750	-1.586210	-105.437919
44	0.224340	750	-1.573578	-107.011497
45	0.214281	750	-1.516621	-108.528118
46	0.204498	750	-1.432892	-109.961011
47	0.194988	750	-1.459503	-111.420514
48	0.185749	750	-1.431692	-112.852205
49	0.176777	750	-1.378389	-114.230594
50	0.168070	750	-1.369557	-115.600151
51	0.159626	750	-1.352492	-116.952642
52	0.151441	750	-1.322481	-118.275124
53	0.143514	750	-1.301752	-119.576876
54	0.135841	750	-1.269361	-120.846237
55	0.128420	750	-1.285239	-122.131476
56	0.121247	750	-1.229470	-123.360946
57	0.114320	750	-1.147305	-124.508251
58	0.107637	750	-1.252812	-125.761063
59	0.101193	750	-1.101113	-126.862177
60	0.094986	750	-1.057945	-127.920122
61	0.089014	750	-1.120897	-129.041019
62	0.083273	750	-1.101158	-130.142177
63	0.077760	750	-1.082369	-131.224546
64	0.072472	750	-1.024465	-132.249011
65	0.067406	750	-1.027589	-133.276600
66	0.062558	750	-0.953214	-134.229814
67	0.057926	750	-0.970207	-135.200021
68	0.053506	750	-0.883533	-136.083554
69	0.049295	750	-0.897302	-136.980857
70	0.045289	750	-0.822231	-137.803088
71	0.041485	750	-0.840208	-138.643296
72	0.037880	750	-0.758341	-139.401637
73	0.034469	750	-0.751838	-140.153476
74	0.031250	750	-0.729322	-140.882797
75	0.028218	750	-0.654823	-141.537620
76	0.025370	750	-0.634366	-142.171987
77	0.022702	750	-0.608815	-142.780802
78	0.020209	750	-0.586599	-143.367401
79	0.017889	750	-0.580580	-143.947981
80	0.015736	750	-0.513380	-144.461361
81	0.013746	750	-0.563241	-145.024601
82	0.011916	750	-0.466737	-145.491338
83	0.010240	750	-0.417765	-145.909103
84	0.008714	750	-0.395167	-146.304270
85	0.007334	750	-0.385507	-146.689777
86	0.006093	750	-0.340598	-147.030374
87	0.004988	750	-0.299540	-147.329915
88	0.004013	750	-0.314806	-147.644721
89	0.003162	750	-0.283020	-147.927741
90	0.002430	750	-0.228173	-148.155913
91	0.001810	750	-0.192326	-148.348240
92	0.001296	750	-0.161509	-148.509749
93	0.000882	750	-0.122883	-148.632632
94	0.000559	750	-0.117582	-148.750213
95	0.000320	750	-0.083424	-148.833637
96	0.000156	750	-0.051240	-148.884877
97	0.000057	750	-0.030297	-148.915173
98	0.000010	750	-0.014860	-148.930033
99	0.000000	750	-0.003141	-148.933173
Log marginal likelihood:	-148.933173
0	0.975187	750	-3.370702	-3.370702
1	0.950747	750	-3.326449	-6.697151
2	0.926679	750	-3.251283	-9.948434
3	0.902980	750	-3.212715	-13.161149
4	0.879648	750	-3.169717	-16.330866
5	0.856682	750	-3.119378	-19.450244
6	0.834079	750	-3.117545	-22.567789
7	0.811838	750	-3.011579	-25.579368
8	0.789957	750	-2.997204	-28.576572
9	0.768433	750	-2.906420	-31.482992
10	0.747266	750	-2.892682	-34.375674
11	0.726452	750	-2.854549	-37.230223
12	0.705989	750	-2.811132	-40.041355
13	0.685877	750	-2.752555	-42.793910
14	0.666112	750	-2.684958	-45.478868
15	0.646693	750	-2.660015	-48.138884
16	0.627618	750	-2.611380	-50.750264
17	0.608884	750	-2.554601	-53.304864
18	0.590490	750	-2.521336	-55.826201
19	0.572433	750	-2.477175	-58.303376
20	0.554712	750	-2.443775	-60.747151
21	0.537324	750	-2.409317	-63.156468
22	0.520268	750	-2.374226	-65.530693
23	0.503540	750	-2.333961	-67.864655
24	0.487139	750	-2.272619	-70.137274
25	0.471063	750	-2.224606	-72.361880
26	0.455310	750	-2.237747	-74.599627
27	0.439877	750	-2.139311	-76.738938
28	0.424762	750	-2.164397	-78.903334
29	0.409963	750	-2.091695	-80.995030
30	0.395478	750	-2.036600	-83.031630
31	0.381305	750	-2.009043	-85.040672
32	0.367440	750	-1.975422	-87.016094
33	0.353883	750	-1.964937	-88.981031
34	0.340630	750	-1.966322	-90.947352
35	0.327680	750	-1.822384	-92.769736
36	0.315030	750	-1.831463	-94.601199
37	0.302677	750	-1.732726	-96.333925
38	0.290619	750	-1.738152	-98.072078
39	0.278855	750	-1.733927	-99.806004
40	0.267381	750	-1.636474	-101.442478
41	0.256195	750	-1.595298	-103.037776
42	0.245294	750	-1.553561	-104.591337
43	0.234677	750	-1.629159	-106.220495
44	0.224340	750	-1.566121	-107.786616
45	0.214281	750	-1.530118	-109.316735
46	0.204498	750	-1.438279	-110.755013
47	0.194988	750	-1.455821	-112.210834
48	0.185749	750	-1.434426	-113.645260
49	0.176777	750	-1.380944	-115.026204
50	0.168070	750	-1.326329	-116.352533
51	0.159626	750	-1.355330	-117.707863
52	0.151441	750	-1.304558	-119.012421
53	0.143514	750	-1.375551	-120.387972
54	0.135841	750	-1.366937	-121.754909
55	0.128420	750	-1.238988	-122.993897
56	0.121247	750	-1.234341	-124.228238
57	0.114320	750	-1.252171	-125.480408
58	0.107637	750	-1.139859	-126.620267
59	0.101193	750	-1.274029	-127.894296
60	0.094986	750	-1.163738	-129.058034
61	0.089014	750	-1.120220	-130.178254
62	0.083273	750	-1.146088	-131.324341
63	0.077760	750	-1.116569	-132.440910
64	0.072472	750	-1.068534	-133.509444
65	0.067406	750	-0.923848	-134.433292
66	0.062558	750	-0.987091	-135.420383
67	0.057926	750	-0.974063	-136.394446
68	0.053506	750	-0.919000	-137.313446
69	0.049295	750	-0.912681	-138.226127
70	0.045289	750	-0.844017	-139.070145
71	0.041485	750	-0.827317	-139.897461
72	0.037880	750	-0.802395	-140.699856
73	0.034469	750	-0.701483	-141.401339
74	0.031250	750	-0.742335	-142.143674
75	0.028218	750	-0.660756	-142.804430
76	0.025370	750	-0.687767	-143.492196
77	0.022702	750	-0.627600	-144.119796
78	0.020209	750	-0.593747	-144.713544
79	0.017889	750	-0.574350	-145.287894
80	0.015736	750	-0.514417	-145.802311
81	0.013746	750	-0.520511	-146.322821
82	0.011916	750	-0.503266	-146.826088
83	0.010240	750	-0.424610	-147.250697
84	0.008714	750	-0.436252	-147.686949
85	0.007334	750	-0.423025	-148.109974
86	0.006093	750	-0.324571	-148.434545
87	0.004988	750	-0.338199	-148.772744
88	0.004013	750	-0.301946	-149.074690
89	0.003162	750	-0.284457	-149.359147
90	0.002430	750	-0.237313	-149.596460
91	0.001810	750	-0.186145	-149.782604
92	0.001296	750	-0.143757	-149.926362
93	0.000882	750	-0.125690	-150.052051
94	0.000559	750	-0.108039	-150.160090
95	0.000320	750	-0.077570	-150.237660
96	0.000156	750	-0.054539	-150.292198
97	0.000057	750	-0.036645	-150.328843
98	0.000010	750	-0.015088	-150.343931
99	0.000000	750	-0.003384	-150.347315
Log marginal likelihood:	-150.347315
0	0.975187	750	-3.352552	-3.352552
1	0.950747	750	-3.314799	-6.667350
2	0.926679	750	-3.248699	-9.916049
3	0.902980	750	-3.197942	-13.113991
4	0.879648	750	-3.157767	-16.271758
5	0.856682	750	-3.110175	-19.381933
6	0.834079	750	-3.072342	-22.454275
7	0.811838	750	-3.029394	-25.483669
8	0.789957	750	-2.965294	-28.448963
9	0.768433	750	-2.905597	-31.354560
10	0.747266	750	-2.900779	-34.255339
11	0.726452	750	-2.832934	-37.088272
12	0.705989	750	-2.795592	-39.883864
13	0.685877	750	-2.750638	-42.634502
14	0.666112	750	-2.687460	-45.321962
15	0.646693	750	-2.641627	-47.963589
16	0.627618	750	-2.694356	-50.657945
17	0.608884	750	-2.581017	-53.238962
18	0.590490	750	-2.514931	-55.753892
19	0.572433	750	-2.483315	-58.237207
20	0.554712	750	-2.434057	-60.671264
21	0.537324	750	-2.393246	-63.064510
22	0.520268	750	-2.387760	-65.452270
23	0.503540	750	-2.309498	-67.761768
24	0.487139	750	-2.257740	-70.019508
25	0.471063	750	-2.256837	-72.276346
26	0.455310	750	-2.189792	-74.466138
27	0.439877	750	-2.184113	-76.650251
28	0.424762	750	-2.150150	-78.800401
29	0.409963	750	-2.075881	-80.876282
30	0.395478	750	-2.040816	-82.917098
31	0.381305	750	-1.983179	-84.900278
32	0.367440	750	-1.956504	-86.856781
33	0.353883	750	-1.916206	-88.772987
34	0.340630	750	-1.903815	-90.676803
35	0.327680	750	-1.857557	-92.534359
36	0.315030	750	-1.788000	-94.322359
37	0.302677	750	-1.736002	-96.058361
38	0.290619	750	-1.721278	-97.779639
39	0.278855	750	-1.659140	-99.438779
40	0.267381	750	-1.732104	-101.170882
41	0.256195	750	-1.639377	-102.810259
42	0.245294	750	-1.593760	-104.404019
43	0.234677	750	-1.518518	-105.922537
44	0.224340	750	-1.492501	-107.415038
45	0.214281	750	-1.472524	-108.887562
46	0.204498	750	-1.542243	-110.429805
47	0.194988	750	-1.444825	-111.874630
48	0.185749	750	-1.414625	-113.289254
49	0.176777	750	-1.430196	-114.719450
50	0.168070	750	-1.420161	-116.139611
51	0.159626	750	-1.407220	-117.546831
52	0.151441	750	-1.256332	-118.803163
53	0.143514	750	-1.300332	-120.103495
54	0.135841	750	-1.236639	-121.340134
55	0.128420	750	-1.262899	-122.603032
56	0.121247	750	-1.205967	-123.809000
57	0.114320	750	-1.222824	-125.031823
58	0.107637	750	-1.188512	-126.220335
59	0.101193	750	-1.182413	-127.402749
60	0.094986	750	-1.120752	-128.523501
61	0.089014	750	-1.153507	-129.677008
62	0.083273	750	-1.039283	-130.716291
63	0.077760	750	-1.099283	-131.815574
64	0.072472	750	-1.033052	-132.848626
65	0.067406	750	-1.002723	-133.851349
66	0.062558	750	-0.945491	-134.796840
67	0.057926	750	-0.911693	-135.708533
68	0.053506	750	-0.920540	-136.629073
69	0.049295	750	-0.840630	-137.469703
70	0.045289	750	-0.773533	-138.243236
71	0.041485	750	-0.799241	-139.042477
72	0.037880	750	-0.780276	-139.822753
73	0.034469	750	-0.748944	-140.571697
74	0.031250	750	-0.691634	-141.263330
75	0.028218	750	-0.702398	-141.965728
76	0.025370	750	-0.652780	-142.618508
77	0.022702	750	-0.626990	-143.245498
78	0.020209	750	-0.585632	-143.831130
79	0.017889	750	-0.539422	-144.370552
80	0.015736	750	-0.494515	-144.865067
81	0.013746	750	-0.517146	-145.382212
82	0.011916	750	-0.449227	-145.831440
83	0.010240	750	-0.464835	-146.296275
84	0.008714	750	-0.385740	-146.682014
85	0.007334	750	-0.367305	-147.049319
86	0.006093	750	-0.324744	-147.374064
87	0.004988	750	-0.283632	-147.657695
88	0.004013	750	-0.264893	-147.922588
89	0.003162	750	-0.247077	-148.169664
90	0.002430	750	-0.219897	-148.389562
91	0.001810	750	-0.183320	-148.572881
92	0.001296	750	-0.145243	-148.718124
93	0.000882	750	-0.126429	-148.844553
94	0.000559	750	-0.099390	-148.943944
95	0.000320	750	-0.082526	-149.026470
96	0.000156	750	-0.051913	-149.078382
97	0.000057	750	-0.029519	-149.107902
98	0.000010	750	-0.016263	-149.124165
99	0.000000	750	-0.003131	-149.127296
Log marginal likelihood:	-149.127296
0	0.975187	750	-3.738158	-3.738158
1	0.950747	750	-3.665917	-7.404075
2	0.926679	750	-3.615455	-11.019530
3	0.902980	750	-3.582019	-14.601549
4	0.879648	750	-3.509731	-18.111280
5	0.856682	750	-3.468212	-21.579492
6	0.834079	750	-3.401793	-24.981286
7	0.811838	750	-3.344869	-28.326155
8	0.789957	750	-3.309751	-31.635906
9	0.768433	750	-3.269233	-34.905139
10	0.747266	750	-3.216064	-38.121203
11	0.726452	750	-3.165882	-41.287084
12	0.705989	750	-3.098346	-44.385430
13	0.685877	750	-3.058384	-47.443814
14	0.666112	750	-3.005584	-50.449398
15	0.646693	750	-2.949560	-53.398958
16	0.627618	750	-2.900271	-56.299229
17	0.608884	750	-2.841032	-59.140261
18	0.590490	750	-2.795534	-61.935795
19	0.572433	750	-2.747994	-64.683789
20	0.554712	750	-2.712503	-67.396291
21	0.537324	750	-2.633079	-70.029371
22	0.520268	750	-2.616522	-72.645893
23	0.503540	750	-2.596319	-75.242212
24	0.487139	750	-2.550933	-77.793145
25	0.471063	750	-2.460426	-80.253571
26	0.455310	750	-2.458936	-82.712507
27	0.439877	750	-2.376728	-85.089234
28	0.424762	750	-2.376857	-87.466092
29	0.409963	750	-2.298892	-89.764984
30	0.395478	750	-2.281923	-92.046907
31	0.381305	750	-2.190073	-94.236980
32	0.367440	750	-2.191432	-96.428412
33	0.353883	750	-2.125891	-98.554303
34	0.340630	750	-2.106571	-100.660874
35	0.327680	750	-2.072478	-102.733351
36	0.315030	750	-2.004174	-104.737525
37	0.302677	750	-2.046741	-106.784266
38	0.290619	750	-1.954971	-108.739237
39	0.278855	750	-1.900245	-110.639483
40	0.267381	750	-1.859171	-112.498654
41	0.256195	750	-1.854439	-114.353093
42	0.245294	750	-1.772413	-116.125506
43	0.234677	750	-1.724326	-117.849832
44	0.224340	750	-1.784039	-119.633871
45	0.214281	750	-1.702796	-121.336667
46	0.204498	750	-1.609837	-122.946504
47	0.194988	750	-1.571257	-124.517761
48	0.185749	750	-1.610451	-126.128212
49	0.176777	750	-1.481853	-127.610065
50	0.168070	750	-1.505853	-129.115918
51	0.159626	750	-1.490478	-130.606396
52	0.151441	750	-1.487650	-132.094046
53	0.143514	750	-1.356795	-133.450842
54	0.135841	750	-1.362477	-134.813319
55	0.128420	750	-1.334071	-136.147390
56	0.121247	750	-1.274695	-137.422085
57	0.114320	750	-1.222321	-138.644407
58	0.107637	750	-1.228251	-139.872657
59	0.101193	750	-1.242521	-141.115179
60	0.094986	750	-1.183319	-142.298498
61	0.089014	750	-1.099946	-143.398444
62	0.083273	750	-1.146642	-144.545085
63	0.077760	750	-1.088005	-145.633091
64	0.072472	750	-1.041772	-146.674862
65	0.067406	750	-1.006881	-147.681743
66	0.062558	750	-0.982002	-148.663745
67	0.057926	750	-0.920548	-149.584293
68	0.053506	750	-0.872965	-150.457258
69	0.049295	750	-0.849102	-151.306359
70	0.045289	750	-0.842530	-152.148889
71	0.041485	750	-0.815284	-152.964173
72	0.037880	750	-0.782013	-153.746186
73	0.034469	750	-0.712980	-154.459166
74	0.031250	750	-0.711343	-155.170509
75	0.028218	750	-0.683585	-155.854094
76	0.025370	750	-0.638940	-156.493034
77	0.022702	750	-0.608189	-157.101223
78	0.020209	750	-0.619510	-157.720733
79	0.017889	750	-0.567266	-158.287999
80	0.015736	750	-0.512996	-158.800995
81	0.013746	750	-0.514365	-159.315360
82	0.011916	750	-0.495232	-159.810592
83	0.010240	750	-0.396483	-160.207074
84	0.008714	750	-0.407556	-160.614630
85	0.007334	750	-0.374930	-160.989560
86	0.006093	750	-0.327090	-161.316650
87	0.004988	750	-0.302910	-161.619560
88	0.004013	750	-0.263130	-161.882690
89	0.003162	750	-0.241778	-162.124468
90	0.002430	750	-0.245763	-162.370231
91	0.001810	750	-0.233111	-162.603342
92	0.001296	750	-0.156485	-162.759827
93	0.000882	750	-0.120458	-162.880285
94	0.000559	750	-0.105129	-162.985415
95	0.000320	750	-0.068376	-163.053791
96	0.000156	750	-0.052656	-163.106447
97	0.000057	750	-0.031080	-163.137527
98	0.000010	750	-0.015081	-163.152607
99	0.000000	750	-0.003320	-163.155927
Log marginal likelihood:	-163.155927
0	0.975187	750	-3.636373	-3.636373
1	0.950747	750	-3.602411	-7.238784
2	0.926679	750	-3.543704	-10.782488
3	0.902980	750	-3.479364	-14.261852
4	0.879648	750	-3.463564	-17.725416
5	0.856682	750	-3.394379	-21.119796
6	0.834079	750	-3.330953	-24.450749
7	0.811838	750	-3.284715	-27.735464
8	0.789957	750	-3.252744	-30.988208
9	0.768433	750	-3.185640	-34.173848
10	0.747266	750	-3.135059	-37.308908
11	0.726452	750	-3.084761	-40.393668
12	0.705989	750	-3.020839	-43.414508
13	0.685877	750	-2.987137	-46.401645
14	0.666112	750	-2.935179	-49.336824
15	0.646693	750	-2.900835	-52.237659
16	0.627618	750	-2.929403	-55.167062
17	0.608884	750	-2.783828	-57.950891
18	0.590490	750	-2.748515	-60.699406
19	0.572433	750	-2.680704	-63.380110
20	0.554712	750	-2.656682	-66.036792
21	0.537324	750	-2.600597	-68.637389
22	0.520268	750	-2.585494	-71.222883
23	0.503540	750	-2.519383	-73.742266
24	0.487139	750	-2.463195	-76.205461
25	0.471063	750	-2.461197	-78.666658
26	0.455310	750	-2.373830	-81.040487
27	0.439877	750	-2.351333	-83.391820
28	0.424762	750	-2.279986	-85.671806
29	0.409963	750	-2.225373	-87.897179
30	0.395478	750	-2.178051	-90.075229
31	0.381305	750	-2.179247	-92.254477
32	0.367440	750	-2.155376	-94.409852
33	0.353883	750	-2.051743	-96.461595
34	0.340630	750	-2.048977	-98.510572
35	0.327680	750	-1.993550	-100.504122
36	0.315030	750	-1.949239	-102.453361
37	0.302677	750	-1.909386	-104.362747
38	0.290619	750	-1.874308	-106.237055
39	0.278855	750	-1.827578	-108.064633
40	0.267381	750	-1.773465	-109.838098
41	0.256195	750	-1.763256	-111.601354
42	0.245294	750	-1.751687	-113.353041
43	0.234677	750	-1.727557	-115.080598
44	0.224340	750	-1.647801	-116.728399
45	0.214281	750	-1.676311	-118.404711
46	0.204498	750	-1.554107	-119.958817
47	0.194988	750	-1.600320	-121.559138
48	0.185749	750	-1.623093	-123.182231
49	0.176777	750	-1.543595	-124.725825
50	0.168070	750	-1.608006	-126.333831
51	0.159626	750	-1.448682	-127.782513
52	0.151441	750	-1.477333	-129.259846
53	0.143514	750	-1.540526	-130.800372
54	0.135841	750	-1.384846	-132.185217
55	0.128420	750	-1.460872	-133.646089
56	0.121247	750	-1.272251	-134.918341
57	0.114320	750	-1.205715	-136.124056
58	0.107637	750	-1.292588	-137.416644
59	0.101193	750	-1.246509	-138.663153
60	0.094986	750	-1.215007	-139.878160
61	0.089014	750	-1.159086	-141.037246
62	0.083273	750	-1.147877	-142.185123
63	0.077760	750	-1.118280	-143.303403
64	0.072472	750	-1.113396	-144.416799
65	0.067406	750	-1.062032	-145.478831
66	0.062558	750	-0.968367	-146.447198
67	0.057926	750	-0.952576	-147.399774
68	0.053506	750	-0.907833	-148.307607
69	0.049295	750	-0.897006	-149.204613
70	0.045289	750	-0.859871	-150.064484
71	0.041485	750	-0.857078	-150.921562
72	0.037880	750	-0.795857	-151.717419
73	0.034469	750	-0.782320	-152.499738
74	0.031250	750	-0.735930	-153.235668
75	0.028218	750	-0.704919	-153.940587
76	0.025370	750	-0.652408	-154.592995
77	0.022702	750	-0.643362	-155.236357
78	0.020209	750	-0.558559	-155.794915
79	0.017889	750	-0.567050	-156.361965
80	0.015736	750	-0.532463	-156.894428
81	0.013746	750	-0.503824	-157.398252
82	0.011916	750	-0.477184	-157.875436
83	0.010240	750	-0.422746	-158.298181
84	0.008714	750	-0.398172	-158.696353
85	0.007334	750	-0.396704	-159.093057
86	0.006093	750	-0.357731	-159.450788
87	0.004988	750	-0.336340	-159.787129
88	0.004013	750	-0.270462	-160.057591
89	0.003162	750	-0.284138	-160.341728
90	0.002430	750	-0.213886	-160.555614
91	0.001810	750	-0.192016	-160.747630
92	0.001296	750	-0.170584	-160.918214
93	0.000882	750	-0.144646	-161.062861
94	0.000559	750	-0.118153	-161.181014
95	0.000320	750	-0.081853	-161.262867
96	0.000156	750	-0.052641	-161.315508
97	0.000057	750	-0.032943	-161.348451
98	0.000010	750	-0.014361	-161.362812
99	0.000000	750	-0.003367	-161.366179
Log marginal likelihood:	-161.366179
0	0.975187	750	-3.467836	-3.467836
1	0.950747	750	-3.342841	-6.810677
2	0.926679	750	-3.379089	-10.189766
3	0.902980	750	-3.283868	-13.473634
4	0.879648	750	-3.206638	-16.680272
5	0.856682	750	-3.177920	-19.858192
6	0.834079	750	-3.164314	-23.022506
7	0.811838	750	-3.081664	-26.104170
8	0.789957	750	-3.056821	-29.160991
9	0.768433	750	-2.979809	-32.140800
10	0.747266	750	-2.999083	-35.139883
11	0.726452	750	-2.891421	-38.031305
12	0.705989	750	-2.878295	-40.909600
13	0.685877	750	-2.876774	-43.786374
14	0.666112	750	-2.791203	-46.577577
15	0.646693	750	-2.785247	-49.362824
16	0.627618	750	-2.701163	-52.063987
17	0.608884	750	-2.660929	-54.724916
18	0.590490	750	-2.610689	-57.335605
19	0.572433	750	-2.621454	-59.957059
20	0.554712	750	-2.542366	-62.499425
21	0.537324	750	-2.501328	-65.000753
22	0.520268	750	-2.473989	-67.474742
23	0.503540	750	-2.422440	-69.897182
24	0.487139	750	-2.393988	-72.291170
25	0.471063	750	-2.397142	-74.688312
26	0.455310	750	-2.373746	-77.062058
27	0.439877	750	-2.244283	-79.306341
28	0.424762	750	-2.263807	-81.570148
29	0.409963	750	-2.137513	-83.707661
30	0.395478	750	-2.154606	-85.862267
31	0.381305	750	-2.107694	-87.969961
32	0.367440	750	-2.074273	-90.044234
33	0.353883	750	-2.002678	-92.046913
34	0.340630	750	-1.988631	-94.035544
35	0.327680	750	-2.033498	-96.069042
36	0.315030	750	-1.913101	-97.982144
37	0.302677	750	-1.883793	-99.865936
38	0.290619	750	-1.847697	-101.713633
39	0.278855	750	-1.785292	-103.498925
40	0.267381	750	-1.819276	-105.318201
41	0.256195	750	-1.711897	-107.030098
42	0.245294	750	-1.697755	-108.727854
43	0.234677	750	-1.655564	-110.383417
44	0.224340	750	-1.644167	-112.027585
45	0.214281	750	-1.599260	-113.626845
46	0.204498	750	-1.538781	-115.165625
47	0.194988	750	-1.515371	-116.680997
48	0.185749	750	-1.622689	-118.303685
49	0.176777	750	-1.510353	-119.814038
50	0.168070	750	-1.400834	-121.214873
51	0.159626	750	-1.376197	-122.591070
52	0.151441	750	-1.501573	-124.092643
53	0.143514	750	-1.364066	-125.456708
54	0.135841	750	-1.343753	-126.800462
55	0.128420	750	-1.321996	-128.122457
56	0.121247	750	-1.229007	-129.351465
57	0.114320	750	-1.229716	-130.581180
58	0.107637	750	-1.179223	-131.760403
59	0.101193	750	-1.210907	-132.971310
60	0.094986	750	-1.198963	-134.170273
61	0.089014	750	-1.091219	-135.261492
62	0.083273	750	-1.161709	-136.423201
63	0.077760	750	-1.067929	-137.491130
64	0.072472	750	-1.014496	-138.505627
65	0.067406	750	-1.042120	-139.547747
66	0.062558	750	-0.954780	-140.502527
67	0.057926	750	-0.944490	-141.447017
68	0.053506	750	-0.918581	-142.365598
69	0.049295	750	-0.846251	-143.211849
70	0.045289	750	-0.839573	-144.051422
71	0.041485	750	-0.783509	-144.834931
72	0.037880	750	-0.761225	-145.596156
73	0.034469	750	-0.744168	-146.340324
74	0.031250	750	-0.695217	-147.035541
75	0.028218	750	-0.681947	-147.717488
76	0.025370	750	-0.640254	-148.357742
77	0.022702	750	-0.615296	-148.973038
78	0.020209	750	-0.609430	-149.582468
79	0.017889	750	-0.549924	-150.132393
80	0.015736	750	-0.525379	-150.657772
81	0.013746	750	-0.486306	-151.144078
82	0.011916	750	-0.457646	-151.601724
83	0.010240	750	-0.407939	-152.009662
84	0.008714	750	-0.397517	-152.407180
85	0.007334	750	-0.400317	-152.807497
86	0.006093	750	-0.360604	-153.168101
87	0.004988	750	-0.293985	-153.462086
88	0.004013	750	-0.291484	-153.753569
89	0.003162	750	-0.261711	-154.015281
90	0.002430	750	-0.203466	-154.218747
91	0.001810	750	-0.187321	-154.406068
92	0.001296	750	-0.162848	-154.568916
93	0.000882	750	-0.119363	-154.688279
94	0.000559	750	-0.109980	-154.798260
95	0.000320	750	-0.076251	-154.874511
96	0.000156	750	-0.048307	-154.922818
97	0.000057	750	-0.033416	-154.956234
98	0.000010	750	-0.015584	-154.971818
99	0.000000	750	-0.003401	-154.975219
Log marginal likelihood:	-154.975219
0	0.975187	750	-3.317933	-3.317933
1	0.950747	750	-3.295080	-6.613013
2	0.926679	750	-3.227429	-9.840441
3	0.902980	750	-3.247760	-13.088201
4	0.879648	750	-3.241186	-16.329387
5	0.856682	750	-3.220957	-19.550344
6	0.834079	750	-3.183910	-22.734254
7	0.811838	750	-3.078581	-25.812835
8	0.789957	750	-2.981716	-28.794551
9	0.768433	750	-2.956991	-31.751542
10	0.747266	750	-2.913719	-34.665261
11	0.726452	750	-2.896595	-37.561856
12	0.705989	750	-2.859552	-40.421408
13	0.685877	750	-2.819304	-43.240712
14	0.666112	750	-2.762088	-46.002800
15	0.646693	750	-2.718750	-48.721549
16	0.627618	750	-2.670438	-51.391987
17	0.608884	750	-2.630963	-54.022950
18	0.590490	750	-2.576494	-56.599444
19	0.572433	750	-2.574686	-59.174130
20	0.554712	750	-2.502378	-61.676508
21	0.537324	750	-2.461857	-64.138365
22	0.520268	750	-2.401156	-66.539521
23	0.503540	750	-2.400182	-68.939703
24	0.487139	750	-2.314355	-71.254058
25	0.471063	750	-2.304143	-73.558200
26	0.455310	750	-2.234247	-75.792448
27	0.439877	750	-2.213114	-78.005561
28	0.424762	750	-2.187410	-80.192971
29	0.409963	750	-2.134841	-82.327812
30	0.395478	750	-2.099998	-84.427810
31	0.381305	750	-2.018878	-86.446689
32	0.367440	750	-2.035159	-88.481848
33	0.353883	750	-1.953263	-90.435111
34	0.340630	750	-1.947899	-92.383010
35	0.327680	750	-2.008693	-94.391703
36	0.315030	750	-1.832445	-96.224148
37	0.302677	750	-1.848922	-98.073070
38	0.290619	750	-1.855708	-99.928778
39	0.278855	750	-1.740579	-101.669357
40	0.267381	750	-1.874990	-103.544347
41	0.256195	750	-1.699086	-105.243433
42	0.245294	750	-1.673530	-106.916963
43	0.234677	750	-1.699151	-108.616114
44	0.224340	750	-1.730053	-110.346167
45	0.214281	750	-1.608696	-111.954863
46	0.204498	750	-1.539373	-113.494236
47	0.194988	750	-1.572778	-115.067014
48	0.185749	750	-1.514405	-116.581419
49	0.176777	750	-1.508612	-118.090032
50	0.168070	750	-1.434173	-119.524205
51	0.159626	750	-1.391518	-120.915723
52	0.151441	750	-1.470066	-122.385788
53	0.143514	750	-1.388194	-123.773983
54	0.135841	750	-1.303846	-125.077829
55	0.128420	750	-1.405746	-126.483575
56	0.121247	750	-1.348375	-127.831950
57	0.114320	750	-1.259689	-129.091639
58	0.107637	750	-1.355568	-130.447208
59	0.101193	750	-1.251527	-131.698734
60	0.094986	750	-1.187181	-132.885915
61	0.089014	750	-1.178041	-134.063956
62	0.083273	750	-1.151614	-135.215570
63	0.077760	750	-1.108549	-136.324118
64	0.072472	750	-1.126590	-137.450708
65	0.067406	750	-1.066591	-138.517300
66	0.062558	750	-0.947011	-139.464311
67	0.057926	750	-0.955219	-140.419530
68	0.053506	750	-0.968992	-141.388522
69	0.049295	750	-0.898877	-142.287399
70	0.045289	750	-0.816971	-143.104370
71	0.041485	750	-0.831688	-143.936058
72	0.037880	750	-0.810178	-144.746236
73	0.034469	750	-0.746849	-145.493085
74	0.031250	750	-0.716492	-146.209577
75	0.028218	750	-0.698974	-146.908552
76	0.025370	750	-0.668363	-147.576915
77	0.022702	750	-0.621673	-148.198588
78	0.020209	750	-0.579220	-148.777808
79	0.017889	750	-0.581535	-149.359342
80	0.015736	750	-0.519480	-149.878823
81	0.013746	750	-0.515004	-150.393827
82	0.011916	750	-0.466990	-150.860816
83	0.010240	750	-0.481384	-151.342201
84	0.008714	750	-0.421238	-151.763439
85	0.007334	750	-0.373040	-152.136478
86	0.006093	750	-0.345500	-152.481978
87	0.004988	750	-0.348202	-152.830180
88	0.004013	750	-0.267332	-153.097512
89	0.003162	750	-0.277451	-153.374963
90	0.002430	750	-0.253787	-153.628750
91	0.001810	750	-0.207117	-153.835866
92	0.001296	750	-0.156954	-153.992821
93	0.000882	750	-0.138284	-154.131105
94	0.000559	750	-0.107731	-154.238836
95	0.000320	750	-0.080123	-154.318958
96	0.000156	750	-0.056409	-154.375367
97	0.000057	750	-0.032509	-154.407876
98	0.000010	750	-0.015692	-154.423568
99	0.000000	750	-0.003342	-154.426911
Log marginal likelihood:	-154.426911
0	0.975187	750	-3.465146	-3.465146
1	0.950747	750	-3.478296	-6.943442
2	0.926679	750	-3.427791	-10.371233
3	0.902980	750	-3.412979	-13.784212
4	0.879648	750	-3.425465	-17.209677
5	0.856682	750	-3.217743	-20.427420
6	0.834079	750	-3.311598	-23.739018
7	0.811838	750	-3.165363	-26.904381
8	0.789957	750	-3.218063	-30.122443
9	0.768433	750	-3.053485	-33.175928
10	0.747266	750	-3.030404	-36.206332
11	0.726452	750	-3.079530	-39.285862
12	0.705989	750	-2.983932	-42.269794
13	0.685877	750	-2.918535	-45.188329
14	0.666112	750	-2.872924	-48.061253
15	0.646693	750	-2.841681	-50.902934
16	0.627618	750	-2.854182	-53.757116
17	0.608884	750	-2.783778	-56.540894
18	0.590490	750	-2.720393	-59.261287
19	0.572433	750	-2.673621	-61.934908
20	0.554712	750	-2.639559	-64.574467
21	0.537324	750	-2.550761	-67.125228
22	0.520268	750	-2.548684	-69.673912
23	0.503540	750	-2.494116	-72.168028
24	0.487139	750	-2.445503	-74.613531
25	0.471063	750	-2.395862	-77.009393
26	0.455310	750	-2.373614	-79.383007
27	0.439877	750	-2.306464	-81.689471
28	0.424762	750	-2.255864	-83.945335
29	0.409963	750	-2.207030	-86.152365
30	0.395478	750	-2.164969	-88.317334
31	0.381305	750	-2.133657	-90.450991
32	0.367440	750	-2.084889	-92.535881
33	0.353883	750	-2.056433	-94.592314
34	0.340630	750	-1.993169	-96.585483
35	0.327680	750	-1.987261	-98.572744
36	0.315030	750	-1.928455	-100.501199
37	0.302677	750	-1.900583	-102.401781
38	0.290619	750	-1.858830	-104.260611
39	0.278855	750	-1.826879	-106.087490
40	0.267381	750	-1.788395	-107.875885
41	0.256195	750	-1.730677	-109.606562
42	0.245294	750	-1.662104	-111.268666
43	0.234677	750	-1.660191	-112.928857
44	0.224340	750	-1.641517	-114.570374
45	0.214281	750	-1.591676	-116.162051
46	0.204498	750	-1.537598	-117.699648
47	0.194988	750	-1.494974	-119.194623
48	0.185749	750	-1.467137	-120.661760
49	0.176777	750	-1.434579	-122.096338
50	0.168070	750	-1.384008	-123.480347
51	0.159626	750	-1.445147	-124.925494
52	0.151441	750	-1.418765	-126.344259
53	0.143514	750	-1.364818	-127.709077
54	0.135841	750	-1.368414	-129.077491
55	0.128420	750	-1.393595	-130.471086
56	0.121247	750	-1.230105	-131.701191
57	0.114320	750	-1.265608	-132.966800
58	0.107637	750	-1.237257	-134.204057
59	0.101193	750	-1.191125	-135.395182
60	0.094986	750	-1.157657	-136.552839
61	0.089014	750	-1.164111	-137.716950
62	0.083273	750	-1.092827	-138.809777
63	0.077760	750	-1.124134	-139.933911
64	0.072472	750	-1.051174	-140.985085
65	0.067406	750	-1.010889	-141.995973
66	0.062558	750	-0.942516	-142.938489
67	0.057926	750	-0.993149	-143.931638
68	0.053506	750	-0.971085	-144.902723
69	0.049295	750	-0.860633	-145.763356
70	0.045289	750	-0.884675	-146.648031
71	0.041485	750	-0.819458	-147.467488
72	0.037880	750	-0.740647	-148.208136
73	0.034469	750	-0.779649	-148.987785
74	0.031250	750	-0.715979	-149.703764
75	0.028218	750	-0.729394	-150.433158
76	0.025370	750	-0.663677	-151.096835
77	0.022702	750	-0.604173	-151.701008
78	0.020209	750	-0.586089	-152.287097
79	0.017889	750	-0.580638	-152.867736
80	0.015736	750	-0.556614	-153.424349
81	0.013746	750	-0.468712	-153.893061
82	0.011916	750	-0.467664	-154.360725
83	0.010240	750	-0.454972	-154.815697
84	0.008714	750	-0.419067	-155.234764
85	0.007334	750	-0.366605	-155.601369
86	0.006093	750	-0.342246	-155.943614
87	0.004988	750	-0.309677	-156.253292
88	0.004013	750	-0.285552	-156.538844
89	0.003162	750	-0.238645	-156.777489
90	0.002430	750	-0.234048	-157.011537
91	0.001810	750	-0.208739	-157.220277
92	0.001296	750	-0.154980	-157.375256
93	0.000882	750	-0.137088	-157.512345
94	0.000559	750	-0.105940	-157.618285
95	0.000320	750	-0.080219	-157.698504
96	0.000156	750	-0.055795	-157.754298
97	0.000057	750	-0.032365	-157.786664
98	0.000010	750	-0.016773	-157.803437
99	0.000000	750	-0.003354	-157.806790
Log marginal likelihood:	-157.806790
0	0.975187	750	-3.734612	-3.734612
1	0.950747	750	-3.647613	-7.382226
2	0.926679	750	-3.597327	-10.979553
3	0.902980	750	-3.538978	-14.518531
4	0.879648	750	-3.494213	-18.012743
5	0.856682	750	-3.432281	-21.445025
6	0.834079	750	-3.383942	-24.828966
7	0.811838	750	-3.329842	-28.158809
8	0.789957	750	-3.310642	-31.469451
9	0.768433	750	-3.265352	-34.734803
10	0.747266	750	-3.169757	-37.904560
11	0.726452	750	-3.134606	-41.039166
12	0.705989	750	-3.090608	-44.129774
13	0.685877	750	-3.063058	-47.192831
14	0.666112	750	-2.978772	-50.171604
15	0.646693	750	-2.930459	-53.102063
16	0.627618	750	-2.882672	-55.984735
17	0.608884	750	-2.838041	-58.822775
18	0.590490	750	-2.810136	-61.632912
19	0.572433	750	-2.742319	-64.375230
20	0.554712	750	-2.720355	-67.095586
21	0.537324	750	-2.660047	-69.755632
22	0.520268	750	-2.609867	-72.365500
23	0.503540	750	-2.575830	-74.941329
24	0.487139	750	-2.507052	-77.448382
25	0.471063	750	-2.463946	-79.912328
26	0.455310	750	-2.446217	-82.358545
27	0.439877	750	-2.392144	-84.750689
28	0.424762	750	-2.336150	-87.086839
29	0.409963	750	-2.308450	-89.395289
30	0.395478	750	-2.229102	-91.624391
31	0.381305	750	-2.204912	-93.829303
32	0.367440	750	-2.183353	-96.012656
33	0.353883	750	-2.107913	-98.120568
34	0.340630	750	-2.113990	-100.234558
35	0.327680	750	-2.050295	-102.284853
36	0.315030	750	-2.016795	-104.301648
37	0.302677	750	-1.916909	-106.218557
38	0.290619	750	-1.902987	-108.121544
39	0.278855	750	-1.943796	-110.065341
40	0.267381	750	-1.968483	-112.033824
41	0.256195	750	-1.733567	-113.767392
42	0.245294	750	-1.739908	-115.507299
43	0.234677	750	-1.733518	-117.240818
44	0.224340	750	-1.746486	-118.987303
45	0.214281	750	-1.616310	-120.603613
46	0.204498	750	-1.592082	-122.195695
47	0.194988	750	-1.556441	-123.752136
48	0.185749	750	-1.560058	-125.312194
49	0.176777	750	-1.510929	-126.823123
50	0.168070	750	-1.550267	-128.373391
51	0.159626	750	-1.521070	-129.894461
52	0.151441	750	-1.496150	-131.390610
53	0.143514	750	-1.481375	-132.871985
54	0.135841	750	-1.339713	-134.211698
55	0.128420	750	-1.401966	-135.613664
56	0.121247	750	-1.399466	-137.013130
57	0.114320	750	-1.353870	-138.367000
58	0.107637	750	-1.277415	-139.644415
59	0.101193	750	-1.199828	-140.844243
60	0.094986	750	-1.169641	-142.013884
61	0.089014	750	-1.203990	-143.217874
62	0.083273	750	-1.141380	-144.359254
63	0.077760	750	-1.179060	-145.538314
64	0.072472	750	-1.126541	-146.664855
65	0.067406	750	-0.994727	-147.659582
66	0.062558	750	-1.032919	-148.692501
67	0.057926	750	-0.990109	-149.682610
68	0.053506	750	-0.917284	-150.599894
69	0.049295	750	-0.934329	-151.534223
70	0.045289	750	-0.891720	-152.425943
71	0.041485	750	-0.866881	-153.292824
72	0.037880	750	-0.807400	-154.100224
73	0.034469	750	-0.761289	-154.861513
74	0.031250	750	-0.725978	-155.587491
75	0.028218	750	-0.709854	-156.297345
76	0.025370	750	-0.687258	-156.984603
77	0.022702	750	-0.615199	-157.599803
78	0.020209	750	-0.601517	-158.201320
79	0.017889	750	-0.574976	-158.776295
80	0.015736	750	-0.559525	-159.335820
81	0.013746	750	-0.483317	-159.819137
82	0.011916	750	-0.474252	-160.293389
83	0.010240	750	-0.431875	-160.725264
84	0.008714	750	-0.421532	-161.146796
85	0.007334	750	-0.374985	-161.521782
86	0.006093	750	-0.359532	-161.881314
87	0.004988	750	-0.323838	-162.205151
88	0.004013	750	-0.281576	-162.486728
89	0.003162	750	-0.280611	-162.767339
90	0.002430	750	-0.241072	-163.008410
91	0.001810	750	-0.183190	-163.191601
92	0.001296	750	-0.180039	-163.371640
93	0.000882	750	-0.130390	-163.502030
94	0.000559	750	-0.100619	-163.602649
95	0.000320	750	-0.080275	-163.682924
96	0.000156	750	-0.058609	-163.741533
97	0.000057	750	-0.032552	-163.774085
98	0.000010	750	-0.013763	-163.787847
99	0.000000	750	-0.003179	-163.791026
Log marginal likelihood:	-163.791026
0	0.975187	750	-3.245441	-3.245441
1	0.950747	750	-3.240960	-6.486401
2	0.926679	750	-3.124583	-9.610984
3	0.902980	750	-3.089905	-12.700889
4	0.879648	750	-3.004055	-15.704944
5	0.856682	750	-3.015204	-18.720148
6	0.834079	750	-3.040658	-21.760806
7	0.811838	750	-2.976077	-24.736883
8	0.789957	750	-2.919122	-27.656005
9	0.768433	750	-2.835483	-30.491488
10	0.747266	750	-2.806303	-33.297791
11	0.726452	750	-2.786898	-36.084689
12	0.705989	750	-2.749552	-38.834241
13	0.685877	750	-2.677113	-41.511355
14	0.666112	750	-2.676814	-44.188169
15	0.646693	750	-2.594927	-46.783096
16	0.627618	750	-2.524938	-49.308035
17	0.608884	750	-2.527287	-51.835322
18	0.590490	750	-2.468776	-54.304098
19	0.572433	750	-2.409140	-56.713238
20	0.554712	750	-2.371128	-59.084365
21	0.537324	750	-2.363514	-61.447879
22	0.520268	750	-2.325743	-63.773622
23	0.503540	750	-2.292783	-66.066405
24	0.487139	750	-2.266561	-68.332966
25	0.471063	750	-2.249843	-70.582808
26	0.455310	750	-2.229376	-72.812185
27	0.439877	750	-2.166821	-74.979006
28	0.424762	750	-2.067993	-77.046999
29	0.409963	750	-2.058317	-79.105317
30	0.395478	750	-2.010233	-81.115550
31	0.381305	750	-2.052244	-83.167794
32	0.367440	750	-1.932706	-85.100500
33	0.353883	750	-1.926727	-87.027227
34	0.340630	750	-1.829638	-88.856864
35	0.327680	750	-1.888279	-90.745143
36	0.315030	750	-1.846032	-92.591175
37	0.302677	750	-1.751978	-94.343153
38	0.290619	750	-1.803244	-96.146397
39	0.278855	750	-1.674022	-97.820419
40	0.267381	750	-1.707389	-99.527808
41	0.256195	750	-1.597844	-101.125652
42	0.245294	750	-1.662283	-102.787934
43	0.234677	750	-1.608309	-104.396244
44	0.224340	750	-1.555416	-105.951660
45	0.214281	750	-1.497837	-107.449497
46	0.204498	750	-1.578625	-109.028122
47	0.194988	750	-1.490096	-110.518217
48	0.185749	750	-1.473320	-111.991538
49	0.176777	750	-1.465993	-113.457530
50	0.168070	750	-1.399575	-114.857105
51	0.159626	750	-1.385457	-116.242561
52	0.151441	750	-1.276780	-117.519342
53	0.143514	750	-1.344762	-118.864103
54	0.135841	750	-1.333456	-120.197559
55	0.128420	750	-1.349003	-121.546562
56	0.121247	750	-1.264454	-122.811016
57	0.114320	750	-1.280639	-124.091655
58	0.107637	750	-1.197869	-125.289524
59	0.101193	750	-1.239064	-126.528588
60	0.094986	750	-1.152931	-127.681519
61	0.089014	750	-1.142592	-128.824110
62	0.083273	750	-1.064363	-129.888473
63	0.077760	750	-0.990765	-130.879238
64	0.072472	750	-1.007328	-131.886566
65	0.067406	750	-0.998132	-132.884698
66	0.062558	750	-0.949651	-133.834349
67	0.057926	750	-0.858655	-134.693004
68	0.053506	750	-0.896551	-135.589555
69	0.049295	750	-0.906136	-136.495691
70	0.045289	750	-0.833747	-137.329438
71	0.041485	750	-0.765387	-138.094826
72	0.037880	750	-0.774234	-138.869059
73	0.034469	750	-0.731428	-139.600487
74	0.031250	750	-0.716217	-140.316705
75	0.028218	750	-0.650817	-140.967522
76	0.025370	750	-0.709970	-141.677492
77	0.022702	750	-0.612075	-142.289567
78	0.020209	750	-0.570414	-142.859981
79	0.017889	750	-0.539396	-143.399377
80	0.015736	750	-0.528268	-143.927645
81	0.013746	750	-0.477803	-144.405447
82	0.011916	750	-0.469713	-144.875161
83	0.010240	750	-0.460395	-145.335555
84	0.008714	750	-0.423121	-145.758676
85	0.007334	750	-0.375226	-146.133902
86	0.006093	750	-0.342702	-146.476604
87	0.004988	750	-0.319726	-146.796330
88	0.004013	750	-0.302374	-147.098704
89	0.003162	750	-0.241992	-147.340695
90	0.002430	750	-0.220564	-147.561259
91	0.001810	750	-0.177413	-147.738671
92	0.001296	750	-0.148173	-147.886844
93	0.000882	750	-0.136292	-148.023136
94	0.000559	750	-0.094410	-148.117546
95	0.000320	750	-0.090688	-148.208233
96	0.000156	750	-0.054180	-148.262413
97	0.000057	750	-0.035361	-148.297774
98	0.000010	750	-0.015684	-148.313458
99	0.000000	750	-0.003578	-148.317035
Log marginal likelihood:	-148.317035
