Steppingstone sampler:						-188.449863
        No Stones:                  100						-182.797275
        Start It:                   1010001						-188.955333
        It Per Stone:               1000						-178.378966
        Sample Freq:                1						-197.804114
"        Dist:                       Beta(0.400000,1.000000)"						-187.624303
Stone No	Power	N	Stone MLh	Running MLh		-170.582729
0	0.975187	750	-4.297899	-4.297899		-175.42116
1	0.950747	750	-4.29095	-8.588849		-182.445236
2	0.926679	750	-4.156325	-12.745174		-188.883849
3	0.90298	750	-4.080529	-16.825703		-186.889664
4	0.879648	750	-4.115496	-20.941198		-194.137984
5	0.856682	750	-3.994039	-24.935238		-182.722192
6	0.834079	750	-4.025286	-28.960523		-194.225982
7	0.811838	750	-3.996949	-32.957472		-179.033679
8	0.789957	750	-3.867037	-36.824509		-194.400862
9	0.768433	750	-3.780102	-40.604611		-194.630169
10	0.747266	750	-3.762884	-44.367495		-194.935689
11	0.726452	750	-3.682861	-48.050356		-196.364045
12	0.705989	750	-3.657942	-51.708298		-190.249958
13	0.685877	750	-3.523811	-55.232108		-191.675043
14	0.666112	750	-3.633228	-58.865336		-194.14131
15	0.646693	750	-3.491226	-62.356562		-185.184512
16	0.627618	750	-3.431053	-65.787615		-197.882714
17	0.608884	750	-3.371443	-69.159058		-195.217165
18	0.59049	750	-3.286523	-72.445581		-210.821538
19	0.572433	750	-3.21308	-75.658661		-181.116889
20	0.554712	750	-3.158319	-78.81698		-205.684541
21	0.537324	750	-3.111934	-81.928914		-188.336009
22	0.520268	750	-3.097189	-85.026103		-195.421394
23	0.50354	750	-3.086848	-88.112951		-186.259253
24	0.487139	750	-2.993066	-91.106018		-199.446348
25	0.471063	750	-2.892475	-93.998492		-183.268656
26	0.45531	750	-2.966736	-96.965228		-198.838972
27	0.439877	750	-2.838776	-99.804005		-179.526557
28	0.424762	750	-2.791438	-102.595443		-191.599163
29	0.409963	750	-2.718472	-105.313915		-195.82502
30	0.395478	750	-2.721789	-108.035704		-193.475996
31	0.381305	750	-2.645696	-110.6814		-191.617185
32	0.36744	750	-2.568556	-113.249956		-186.877444
33	0.353883	750	-2.563435	-115.81339		-189.974452
34	0.34063	750	-2.576882	-118.390272		-187.578481
35	0.32768	750	-2.379299	-120.769572		-190.549705
36	0.31503	750	-2.450453	-123.220025		-189.250637
37	0.302677	750	-2.469154	-125.689179		-178.531368
38	0.290619	750	-2.407898	-128.097077		-183.907504
39	0.278855	750	-2.245567	-130.342644		-194.292193
40	0.267381	750	-2.184905	-132.52755		-190.342113
41	0.256195	750	-2.199812	-134.727362		-178.815798
42	0.245294	750	-2.149123	-136.876485		-193.318436
43	0.234677	750	-2.10912	-138.985605		-191.821753
44	0.22434	750	-1.951569	-140.937174		-192.56085
45	0.214281	750	-1.963687	-142.900861		-182.014052
46	0.204498	750	-1.942629	-144.84349		-190.558011
47	0.194988	750	-1.907672	-146.751163		-196.433017
48	0.185749	750	-1.837538	-148.588701		-202.169927
49	0.176777	750	-1.821335	-150.410035		-186.187158
50	0.16807	750	-1.759658	-152.169693		-197.080598
51	0.159626	750	-1.712662	-153.882355		-190.335891
52	0.151441	750	-1.626034	-155.508389		-200.468485
53	0.143514	750	-1.612169	-157.120558		-178.283404
54	0.135841	750	-1.541873	-158.662431		-185.486314
55	0.12842	750	-1.51455	-160.176981		-186.194903
56	0.121247	750	-1.482966	-161.659947		-189.772051
57	0.11432	750	-1.4156	-163.075547		-190.475409
58	0.107637	750	-1.36058	-164.436127		-190.46094
59	0.101193	750	-1.331388	-165.767515		-186.413461
60	0.094986	750	-1.267262	-167.034777		-187.077435
61	0.089014	750	-1.258516	-168.293293		-184.514579
62	0.083273	750	-1.21157	-169.504864		-188.979124
63	0.07776	750	-1.149227	-170.654091		-179.92961
64	0.072472	750	-1.130516	-171.784607		-187.817187
65	0.067406	750	-1.091127	-172.875734		-183.882347
66	0.062558	750	-1.04137	-173.917104		-189.768551
67	0.057926	750	-0.989299	-174.906403		-206.751536
68	0.053506	750	-0.928877	-175.835281		-196.713022
69	0.049295	750	-0.939467	-176.774748		-189.949558
70	0.045289	750	-0.86811	-177.642858		-202.584388
71	0.041485	750	-0.846541	-178.489399		-193.264303
72	0.03788	750	-0.78188	-179.271279		-187.853813
73	0.034469	750	-0.763233	-180.034511		-186.973122
74	0.03125	750	-0.736224	-180.770735		-181.218006
75	0.028218	750	-0.685611	-181.456346		-185.76787
76	0.02537	750	-0.651018	-182.107364		-182.444878
77	0.022702	750	-0.626165	-182.733528		-191.803383
78	0.020209	750	-0.611721	-183.345249		-191.518456
79	0.017889	750	-0.590645	-183.935894		-184.154059
80	0.015736	750	-0.515392	-184.451286		-195.242742
81	0.013746	750	-0.490042	-184.941328		-179.392059
82	0.011916	750	-0.442985	-185.384313		-194.67506
83	0.01024	750	-0.397311	-185.781624		-191.202434
84	0.008714	750	-0.385327	-186.166951		-191.29562
85	0.007334	750	-0.34258	-186.509531		-192.96489
86	0.006093	750	-0.315829	-186.82536		-191.550947
87	0.004988	750	-0.289058	-187.114418		-188.316415
88	0.004013	750	-0.249127	-187.363545		-187.207239
89	0.003162	750	-0.225407	-187.588952		-186.000706
90	0.00243	750	-0.195895	-187.784847		-190.113384
91	0.00181	750	-0.163756	-187.948603		-182.943925
92	0.001296	750	-0.141811	-188.090414		-201.64104
93	0.000882	750	-0.121078	-188.211492		-189.6993736
94	0.000559	750	-0.082193	-188.293685		
95	0.00032	750	-0.072053	-188.365738		
96	0.000156	750	-0.043437	-188.409175		
97	0.000057	750	-0.026026	-188.435201		
98	0.00001	750	-0.011752	-188.446953		
99	0	750	-0.00291	-188.449863		
Log marginal likelihood:	-188.449863					
0	0.975187	750	-4.122351	-4.122351		
1	0.950747	750	-4.061193	-8.183544		
2	0.926679	750	-3.998799	-12.182343		
3	0.90298	750	-3.951988	-16.134331		
4	0.879648	750	-3.925272	-20.059603		
5	0.856682	750	-3.890469	-23.950072		
6	0.834079	750	-3.794091	-27.744163		
7	0.811838	750	-3.721693	-31.465856		
8	0.789957	750	-3.654607	-35.120463		
9	0.768433	750	-3.646218	-38.766681		
10	0.747266	750	-3.626593	-42.393273		
11	0.726452	750	-3.64477	-46.038044		
12	0.705989	750	-3.524118	-49.562162		
13	0.685877	750	-3.466369	-53.028531		
14	0.666112	750	-3.39002	-56.41855		
15	0.646693	750	-3.320798	-59.739349		
16	0.627618	750	-3.233131	-62.972479		
17	0.608884	750	-3.275356	-66.247835		
18	0.59049	750	-3.156346	-69.404181		
19	0.572433	750	-3.116399	-72.52058		
20	0.554712	750	-3.048508	-75.569088		
21	0.537324	750	-2.974562	-78.54365		
22	0.520268	750	-2.990111	-81.533761		
23	0.50354	750	-2.974725	-84.508485		
24	0.487139	750	-2.870982	-87.379468		
25	0.471063	750	-2.80568	-90.185148		
26	0.45531	750	-2.768056	-92.953204		
27	0.439877	750	-2.703301	-95.656504		
28	0.424762	750	-2.710533	-98.367037		
29	0.409963	750	-2.620476	-100.987513		
30	0.395478	750	-2.603988	-103.591501		
31	0.381305	750	-2.563038	-106.154539		
32	0.36744	750	-2.480786	-108.635325		
33	0.353883	750	-2.535862	-111.171187		
34	0.34063	750	-2.497914	-113.669101		
35	0.32768	750	-2.296735	-115.965836		
36	0.31503	750	-2.381807	-118.347644		
37	0.302677	750	-2.362337	-120.70998		
38	0.290619	750	-2.232709	-122.942689		
39	0.278855	750	-2.304293	-125.246982		
40	0.267381	750	-2.193899	-127.440882		
41	0.256195	750	-2.197145	-129.638026		
42	0.245294	750	-2.064303	-131.702329		
43	0.234677	750	-2.004214	-133.706544		
44	0.22434	750	-2.009742	-135.716286		
45	0.214281	750	-1.95484	-137.671126		
46	0.204498	750	-1.917227	-139.588353		
47	0.194988	750	-1.870251	-141.458604		
48	0.185749	750	-1.80853	-143.267134		
49	0.176777	750	-1.772957	-145.040091		
50	0.16807	750	-1.686605	-146.726695		
51	0.159626	750	-1.638441	-148.365136		
52	0.151441	750	-1.630321	-149.995457		
53	0.143514	750	-1.579754	-151.575211		
54	0.135841	750	-1.542658	-153.117869		
55	0.12842	750	-1.493903	-154.611772		
56	0.121247	750	-1.436823	-156.048595		
57	0.11432	750	-1.407363	-157.455958		
58	0.107637	750	-1.352314	-158.808272		
59	0.101193	750	-1.321446	-160.129718		
60	0.094986	750	-1.25269	-161.382408		
61	0.089014	750	-1.233302	-162.615711		
62	0.083273	750	-1.187735	-163.803446		
63	0.07776	750	-1.126685	-164.930131		
64	0.072472	750	-1.13604	-166.066171		
65	0.067406	750	-1.087038	-167.153209		
66	0.062558	750	-1.036062	-168.189271		
67	0.057926	750	-0.996122	-169.185394		
68	0.053506	750	-0.950977	-170.13637		
69	0.049295	750	-0.897845	-171.034215		
70	0.045289	750	-0.890079	-171.924294		
71	0.041485	750	-0.84445	-172.768744		
72	0.03788	750	-0.77813	-173.546874		
73	0.034469	750	-0.748459	-174.295333		
74	0.03125	750	-0.728958	-175.024291		
75	0.028218	750	-0.691191	-175.715482		
76	0.02537	750	-0.638945	-176.354428		
77	0.022702	750	-0.631205	-176.985632		
78	0.020209	750	-0.584889	-177.570521		
79	0.017889	750	-0.550352	-178.120873		
80	0.015736	750	-0.502034	-178.622907		
81	0.013746	750	-0.52668	-179.149587		
82	0.011916	750	-0.470782	-179.620369		
83	0.01024	750	-0.421769	-180.042138		
84	0.008714	750	-0.390154	-180.432292		
85	0.007334	750	-0.363912	-180.796204		
86	0.006093	750	-0.314502	-181.110706		
87	0.004988	750	-0.291866	-181.402571		
88	0.004013	750	-0.26495	-181.667521		
89	0.003162	750	-0.220831	-181.888353		
90	0.00243	750	-0.218922	-182.107275		
91	0.00181	750	-0.173433	-182.280708		
92	0.001296	750	-0.148958	-182.429666		
93	0.000882	750	-0.116787	-182.546453		
94	0.000559	750	-0.089016	-182.635469		
95	0.00032	750	-0.069021	-182.704491		
96	0.000156	750	-0.050889	-182.75538		
97	0.000057	750	-0.026247	-182.781626		
98	0.00001	750	-0.012932	-182.794558		
99	0	750	-0.002717	-182.797275		
Log marginal likelihood:	-182.797275					
0	0.975187	750	-4.373744	-4.373744		
1	0.950747	750	-4.270119	-8.643863		
2	0.926679	750	-4.221677	-12.86554		
3	0.90298	750	-4.166991	-17.03253		
4	0.879648	750	-4.133996	-21.166526		
5	0.856682	750	-4.00415	-25.170676		
6	0.834079	750	-3.947958	-29.118633		
7	0.811838	750	-4.026192	-33.144826		
8	0.789957	750	-3.899807	-37.044633		
9	0.768433	750	-3.78504	-40.829673		
10	0.747266	750	-3.729597	-44.55927		
11	0.726452	750	-3.761443	-48.320714		
12	0.705989	750	-3.649291	-51.970004		
13	0.685877	750	-3.545489	-55.515493		
14	0.666112	750	-3.495329	-59.010822		
15	0.646693	750	-3.440119	-62.450941		
16	0.627618	750	-3.421319	-65.87226		
17	0.608884	750	-3.356656	-69.228916		
18	0.59049	750	-3.273692	-72.502608		
19	0.572433	750	-3.230494	-75.733102		
20	0.554712	750	-3.177045	-78.910148		
21	0.537324	750	-3.147752	-82.0579		
22	0.520268	750	-3.045341	-85.103241		
23	0.50354	750	-2.997792	-88.101033		
24	0.487139	750	-2.94475	-91.045783		
25	0.471063	750	-2.926989	-93.972772		
26	0.45531	750	-2.868469	-96.84124		
27	0.439877	750	-2.86428	-99.70552		
28	0.424762	750	-2.704519	-102.410039		
29	0.409963	750	-2.722928	-105.132967		
30	0.395478	750	-2.632689	-107.765655		
31	0.381305	750	-2.587727	-110.353382		
32	0.36744	750	-2.625959	-112.979341		
33	0.353883	750	-2.580397	-115.559738		
34	0.34063	750	-2.546334	-118.106073		
35	0.32768	750	-2.373986	-120.480058		
36	0.31503	750	-2.359834	-122.839892		
37	0.302677	750	-2.437325	-125.277217		
38	0.290619	750	-2.410579	-127.687796		
39	0.278855	750	-2.330258	-130.018054		
40	0.267381	750	-2.273446	-132.2915		
41	0.256195	750	-2.21284	-134.504341		
42	0.245294	750	-2.19592	-136.700261		
43	0.234677	750	-2.14727	-138.847531		
44	0.22434	750	-2.089659	-140.93719		
45	0.214281	750	-2.025439	-142.962629		
46	0.204498	750	-1.962848	-144.925478		
47	0.194988	750	-1.933134	-146.858611		
48	0.185749	750	-1.882606	-148.741218		
49	0.176777	750	-1.838996	-150.580214		
50	0.16807	750	-1.773649	-152.353863		
51	0.159626	750	-1.659371	-154.013235		
52	0.151441	750	-1.667089	-155.680324		
53	0.143514	750	-1.641282	-157.321606		
54	0.135841	750	-1.580817	-158.902423		
55	0.12842	750	-1.529624	-160.432047		
56	0.121247	750	-1.470153	-161.902199		
57	0.11432	750	-1.430113	-163.332312		
58	0.107637	750	-1.380399	-164.712711		
59	0.101193	750	-1.342361	-166.055072		
60	0.094986	750	-1.288041	-167.343113		
61	0.089014	750	-1.261342	-168.604455		
62	0.083273	750	-1.208955	-169.81341		
63	0.07776	750	-1.183774	-170.997184		
64	0.072472	750	-1.118115	-172.115298		
65	0.067406	750	-1.077604	-173.192902		
66	0.062558	750	-1.038437	-174.231339		
67	0.057926	750	-1.007636	-175.238975		
68	0.053506	750	-0.965686	-176.204662		
69	0.049295	750	-0.923159	-177.127821		
70	0.045289	750	-0.880177	-178.007998		
71	0.041485	750	-0.854028	-178.862026		
72	0.03788	750	-0.789565	-179.651591		
73	0.034469	750	-0.768305	-180.419896		
74	0.03125	750	-0.708451	-181.128346		
75	0.028218	750	-0.70491	-181.833256		
76	0.02537	750	-0.67176	-182.505016		
77	0.022702	750	-0.603336	-183.108353		
78	0.020209	750	-0.623833	-183.732186		
79	0.017889	750	-0.556124	-184.288311		
80	0.015736	750	-0.526099	-184.81441		
81	0.013746	750	-0.52202	-185.33643		
82	0.011916	750	-0.479907	-185.816337		
83	0.01024	750	-0.428525	-186.244862		
84	0.008714	750	-0.394871	-186.639733		
85	0.007334	750	-0.361864	-187.001596		
86	0.006093	750	-0.314256	-187.315852		
87	0.004988	750	-0.282976	-187.598828		
88	0.004013	750	-0.257065	-187.855893		
89	0.003162	750	-0.233756	-188.089649		
90	0.00243	750	-0.195388	-188.285037		
91	0.00181	750	-0.171125	-188.456162		
92	0.001296	750	-0.136087	-188.592248		
93	0.000882	750	-0.114756	-188.707004		
94	0.000559	750	-0.092805	-188.799809		
95	0.00032	750	-0.066031	-188.86584		
96	0.000156	750	-0.04652	-188.912361		
97	0.000057	750	-0.02724	-188.939601		
98	0.00001	750	-0.012869	-188.952471		
99	0	750	-0.002863	-188.955333		
Log marginal likelihood:	-188.955333					
0	0.975187	750	-4.085647	-4.085647		
1	0.950747	750	-3.973224	-8.058872		
2	0.926679	750	-3.936011	-11.994883		
3	0.90298	750	-3.887444	-15.882326		
4	0.879648	750	-3.835291	-19.717617		
5	0.856682	750	-3.755036	-23.472652		
6	0.834079	750	-3.659516	-27.132168		
7	0.811838	750	-3.656468	-30.788636		
8	0.789957	750	-3.640127	-34.428763		
9	0.768433	750	-3.544559	-37.973321		
10	0.747266	750	-3.572016	-41.545337		
11	0.726452	750	-3.444907	-44.990244		
12	0.705989	750	-3.363528	-48.353772		
13	0.685877	750	-3.287339	-51.641111		
14	0.666112	750	-3.262174	-54.903285		
15	0.646693	750	-3.271297	-58.174581		
16	0.627618	750	-3.313551	-61.488132		
17	0.608884	750	-3.216457	-64.704589		
18	0.59049	750	-3.025648	-67.730237		
19	0.572433	750	-3.052022	-70.782259		
20	0.554712	750	-3.033546	-73.815805		
21	0.537324	750	-2.976756	-76.792562		
22	0.520268	750	-2.92912	-79.721682		
23	0.50354	750	-2.87717	-82.598852		
24	0.487139	750	-2.770333	-85.369185		
25	0.471063	750	-2.820108	-88.189293		
26	0.45531	750	-2.718875	-90.908168		
27	0.439877	750	-2.680242	-93.58841		
28	0.424762	750	-2.645179	-96.233589		
29	0.409963	750	-2.570249	-98.803839		
30	0.395478	750	-2.553395	-101.357234		
31	0.381305	750	-2.591994	-103.949228		
32	0.36744	750	-2.442953	-106.39218		
33	0.353883	750	-2.555082	-108.947262		
34	0.34063	750	-2.427506	-111.374769		
35	0.32768	750	-2.270006	-113.644775		
36	0.31503	750	-2.251981	-115.896757		
37	0.302677	750	-2.253857	-118.150613		
38	0.290619	750	-2.184259	-120.334872		
39	0.278855	750	-2.185774	-122.520646		
40	0.267381	750	-2.115355	-124.636002		
41	0.256195	750	-2.075353	-126.711355		
42	0.245294	750	-2.085017	-128.796372		
43	0.234677	750	-1.979874	-130.776246		
44	0.22434	750	-1.967614	-132.743861		
45	0.214281	750	-1.843268	-134.587128		
46	0.204498	750	-1.835972	-136.4231		
47	0.194988	750	-1.849101	-138.272201		
48	0.185749	750	-1.759965	-140.032166		
49	0.176777	750	-1.763128	-141.795294		
50	0.16807	750	-1.66234	-143.457633		
51	0.159626	750	-1.581991	-145.039624		
52	0.151441	750	-1.578977	-146.618601		
53	0.143514	750	-1.526332	-148.144933		
54	0.135841	750	-1.512538	-149.657471		
55	0.12842	750	-1.426819	-151.08429		
56	0.121247	750	-1.415238	-152.499527		
57	0.11432	750	-1.382386	-153.881914		
58	0.107637	750	-1.297774	-155.179687		
59	0.101193	750	-1.28398	-156.463668		
60	0.094986	750	-1.24444	-157.708108		
61	0.089014	750	-1.208056	-158.916164		
62	0.083273	750	-1.13791	-160.054073		
63	0.07776	750	-1.104994	-161.159067		
64	0.072472	750	-1.082312	-162.241379		
65	0.067406	750	-1.052739	-163.294118		
66	0.062558	750	-0.991653	-164.285771		
67	0.057926	750	-0.952755	-165.238526		
68	0.053506	750	-0.923295	-166.16182		
69	0.049295	750	-0.887663	-167.049483		
70	0.045289	750	-0.875518	-167.925002		
71	0.041485	750	-0.817926	-168.742927		
72	0.03788	750	-0.768724	-169.511651		
73	0.034469	750	-0.722536	-170.234187		
74	0.03125	750	-0.707663	-170.94185		
75	0.028218	750	-0.670337	-171.612187		
76	0.02537	750	-0.62958	-172.241767		
77	0.022702	750	-0.609725	-172.851492		
78	0.020209	750	-0.540474	-173.391967		
79	0.017889	750	-0.541512	-173.933479		
80	0.015736	750	-0.518765	-174.452244		
81	0.013746	750	-0.454894	-174.907138		
82	0.011916	750	-0.433378	-175.340517		
83	0.01024	750	-0.3935	-175.734017		
84	0.008714	750	-0.395034	-176.129051		
85	0.007334	750	-0.327366	-176.456416		
86	0.006093	750	-0.315152	-176.771569		
87	0.004988	750	-0.299183	-177.070752		
88	0.004013	750	-0.2482	-177.318951		
89	0.003162	750	-0.218242	-177.537194		
90	0.00243	750	-0.196534	-177.733728		
91	0.00181	750	-0.159541	-177.893268		
92	0.001296	750	-0.131245	-178.024513		
93	0.000882	750	-0.109091	-178.133604		
94	0.000559	750	-0.091038	-178.224642		
95	0.00032	750	-0.066391	-178.291032		
96	0.000156	750	-0.045053	-178.336085		
97	0.000057	750	-0.027047	-178.363132		
98	0.00001	750	-0.012884	-178.376016		
99	0	750	-0.00295	-178.378966		
Log marginal likelihood:	-178.378966					
0	0.975187	750	-4.614174	-4.614174		
1	0.950747	750	-4.53065	-9.144824		
2	0.926679	750	-4.49303	-13.637854		
3	0.90298	750	-4.427599	-18.065453		
4	0.879648	750	-4.378586	-22.444039		
5	0.856682	750	-4.352979	-26.797018		
6	0.834079	750	-4.223483	-31.020501		
7	0.811838	750	-4.148442	-35.168943		
8	0.789957	750	-4.105137	-39.27408		
9	0.768433	750	-4.028129	-43.302209		
10	0.747266	750	-3.95925	-47.261459		
11	0.726452	750	-3.961832	-51.223292		
12	0.705989	750	-3.835564	-55.058856		
13	0.685877	750	-3.775824	-58.834679		
14	0.666112	750	-3.760828	-62.595508		
15	0.646693	750	-3.653322	-66.248829		
16	0.627618	750	-3.632431	-69.88126		
17	0.608884	750	-3.527165	-73.408426		
18	0.59049	750	-3.498461	-76.906887		
19	0.572433	750	-3.493626	-80.400514		
20	0.554712	750	-3.367759	-83.768272		
21	0.537324	750	-3.315226	-87.083498		
22	0.520268	750	-3.267428	-90.350926		
23	0.50354	750	-3.292389	-93.643315		
24	0.487139	750	-3.180815	-96.82413		
25	0.471063	750	-3.20575	-100.02988		
26	0.45531	750	-3.085122	-103.115002		
27	0.439877	750	-2.970793	-106.085796		
28	0.424762	750	-2.970244	-109.05604		
29	0.409963	750	-2.99046	-112.0465		
30	0.395478	750	-2.855808	-114.902308		
31	0.381305	750	-2.771282	-117.67359		
32	0.36744	750	-2.727512	-120.401102		
33	0.353883	750	-2.704432	-123.105534		
34	0.34063	750	-2.708005	-125.813539		
35	0.32768	750	-2.615071	-128.42861		
36	0.31503	750	-2.516562	-130.945172		
37	0.302677	750	-2.445756	-133.390927		
38	0.290619	750	-2.379151	-135.770078		
39	0.278855	750	-2.334907	-138.104985		
40	0.267381	750	-2.316252	-140.421237		
41	0.256195	750	-2.260951	-142.682187		
42	0.245294	750	-2.186726	-144.868913		
43	0.234677	750	-2.122766	-146.991679		
44	0.22434	750	-2.106126	-149.097805		
45	0.214281	750	-2.059206	-151.15701		
46	0.204498	750	-1.990585	-153.147595		
47	0.194988	750	-1.948169	-155.095765		
48	0.185749	750	-1.91176	-157.007525		
49	0.176777	750	-1.831271	-158.838796		
50	0.16807	750	-1.813841	-160.652637		
51	0.159626	750	-1.74244	-162.395077		
52	0.151441	750	-1.689754	-164.084831		
53	0.143514	750	-1.641522	-165.726353		
54	0.135841	750	-1.610356	-167.336709		
55	0.12842	750	-1.546686	-168.883395		
56	0.121247	750	-1.511729	-170.395124		
57	0.11432	750	-1.48564	-171.880763		
58	0.107637	750	-1.422544	-173.303308		
59	0.101193	750	-1.358569	-174.661877		
60	0.094986	750	-1.324946	-175.986822		
61	0.089014	750	-1.274108	-177.26093		
62	0.083273	750	-1.228366	-178.489297		
63	0.07776	750	-1.170637	-179.659934		
64	0.072472	750	-1.141435	-180.801369		
65	0.067406	750	-1.089073	-181.890442		
66	0.062558	750	-1.054688	-182.94513		
67	0.057926	750	-1.00686	-183.951991		
68	0.053506	750	-0.968379	-184.920369		
69	0.049295	750	-0.931424	-185.851793		
70	0.045289	750	-0.878367	-186.73016		
71	0.041485	750	-0.856575	-187.586735		
72	0.03788	750	-0.813969	-188.400704		
73	0.034469	750	-0.810441	-189.211145		
74	0.03125	750	-0.761161	-189.972306		
75	0.028218	750	-0.69318	-190.665486		
76	0.02537	750	-0.674177	-191.339662		
77	0.022702	750	-0.628224	-191.967887		
78	0.020209	750	-0.591505	-192.559392		
79	0.017889	750	-0.554495	-193.113887		
80	0.015736	750	-0.551041	-193.664928		
81	0.013746	750	-0.526194	-194.191122		
82	0.011916	750	-0.460569	-194.651691		
83	0.01024	750	-0.429753	-195.081444		
84	0.008714	750	-0.389115	-195.470559		
85	0.007334	750	-0.356571	-195.82713		
86	0.006093	750	-0.314924	-196.142054		
87	0.004988	750	-0.283986	-196.42604		
88	0.004013	750	-0.270768	-196.696809		
89	0.003162	750	-0.214711	-196.911519		
90	0.00243	750	-0.20554	-197.117059		
91	0.00181	750	-0.173454	-197.290513		
92	0.001296	750	-0.148568	-197.439082		
93	0.000882	750	-0.120214	-197.559296		
94	0.000559	750	-0.090923	-197.650219		
95	0.00032	750	-0.066317	-197.716536		
96	0.000156	750	-0.045999	-197.762534		
97	0.000057	750	-0.026031	-197.788565		
98	0.00001	750	-0.012801	-197.801366		
99	0	750	-0.002747	-197.804114		
Log marginal likelihood:	-197.804114					
0	0.975187	750	-4.311883	-4.311883		
1	0.950747	750	-4.296252	-8.608136		
2	0.926679	750	-4.180523	-12.788658		
3	0.90298	750	-4.123458	-16.912116		
4	0.879648	750	-4.073572	-20.985689		
5	0.856682	750	-4.026976	-25.012664		
6	0.834079	750	-3.956219	-28.968884		
7	0.811838	750	-3.86966	-32.838543		
8	0.789957	750	-3.830406	-36.668949		
9	0.768433	750	-3.793802	-40.462751		
10	0.747266	750	-3.711237	-44.173989		
11	0.726452	750	-3.638607	-47.812596		
12	0.705989	750	-3.620675	-51.433271		
13	0.685877	750	-3.52962	-54.962891		
14	0.666112	750	-3.453413	-58.416304		
15	0.646693	750	-3.416856	-61.83316		
16	0.627618	750	-3.379297	-65.212458		
17	0.608884	750	-3.297758	-68.510215		
18	0.59049	750	-3.248113	-71.758328		
19	0.572433	750	-3.28393	-75.042259		
20	0.554712	750	-3.264185	-78.306444		
21	0.537324	750	-3.193902	-81.500346		
22	0.520268	750	-3.043154	-84.5435		
23	0.50354	750	-2.971469	-87.514969		
24	0.487139	750	-2.916949	-90.431918		
25	0.471063	750	-2.870478	-93.302395		
26	0.45531	750	-2.869557	-96.171952		
27	0.439877	750	-2.75724	-98.929191		
28	0.424762	750	-2.813318	-101.742509		
29	0.409963	750	-2.648534	-104.391043		
30	0.395478	750	-2.616311	-107.007354		
31	0.381305	750	-2.714685	-109.722039		
32	0.36744	750	-2.532581	-112.25462		
33	0.353883	750	-2.462751	-114.717371		
34	0.34063	750	-2.486494	-117.203865		
35	0.32768	750	-2.465433	-119.669298		
36	0.31503	750	-2.291126	-121.960424		
37	0.302677	750	-2.467385	-124.427809		
38	0.290619	750	-2.44584	-126.87365		
39	0.278855	750	-2.365861	-129.239511		
40	0.267381	750	-2.248769	-131.48828		
41	0.256195	750	-2.24246	-133.73074		
42	0.245294	750	-2.118708	-135.849448		
43	0.234677	750	-2.07955	-137.928998		
44	0.22434	750	-2.084977	-140.013974		
45	0.214281	750	-2.014679	-142.028653		
46	0.204498	750	-1.954803	-143.983457		
47	0.194988	750	-1.906449	-145.889905		
48	0.185749	750	-1.853179	-147.743084		
49	0.176777	750	-1.797819	-149.540903		
50	0.16807	750	-1.74318	-151.284084		
51	0.159626	750	-1.680678	-152.964762		
52	0.151441	750	-1.674601	-154.639363		
53	0.143514	750	-1.59842	-156.237783		
54	0.135841	750	-1.496297	-157.73408		
55	0.12842	750	-1.549078	-159.283158		
56	0.121247	750	-1.487652	-160.77081		
57	0.11432	750	-1.410189	-162.180999		
58	0.107637	750	-1.400238	-163.581237		
59	0.101193	750	-1.337233	-164.91847		
60	0.094986	750	-1.303543	-166.222013		
61	0.089014	750	-1.244194	-167.466207		
62	0.083273	750	-1.205772	-168.671979		
63	0.07776	750	-1.153041	-169.82502		
64	0.072472	750	-1.120811	-170.94583		
65	0.067406	750	-1.082095	-172.027926		
66	0.062558	750	-1.027161	-173.055087		
67	0.057926	750	-0.993385	-174.048472		
68	0.053506	750	-0.949006	-174.997478		
69	0.049295	750	-0.944349	-175.941827		
70	0.045289	750	-0.875113	-176.81694		
71	0.041485	750	-0.837568	-177.654508		
72	0.03788	750	-0.788949	-178.443457		
73	0.034469	750	-0.772096	-179.215553		
74	0.03125	750	-0.726793	-179.942346		
75	0.028218	750	-0.699401	-180.641747		
76	0.02537	750	-0.666088	-181.307835		
77	0.022702	750	-0.638232	-181.946067		
78	0.020209	750	-0.594555	-182.540622		
79	0.017889	750	-0.550158	-183.090779		
80	0.015736	750	-0.509598	-183.600378		
81	0.013746	750	-0.479099	-184.079476		
82	0.011916	750	-0.441474	-184.52095		
83	0.01024	750	-0.435353	-184.956303		
84	0.008714	750	-0.377172	-185.333475		
85	0.007334	750	-0.34868	-185.682155		
86	0.006093	750	-0.322849	-186.005004		
87	0.004988	750	-0.281788	-186.286792		
88	0.004013	750	-0.265372	-186.552164		
89	0.003162	750	-0.215953	-186.768118		
90	0.00243	750	-0.202336	-186.970454		
91	0.00181	750	-0.165183	-187.135637		
92	0.001296	750	-0.137922	-187.27356		
93	0.000882	750	-0.107305	-187.380865		
94	0.000559	750	-0.087067	-187.467931		
95	0.00032	750	-0.064413	-187.532344		
96	0.000156	750	-0.047438	-187.579782		
97	0.000057	750	-0.028785	-187.608567		
98	0.00001	750	-0.012856	-187.621423		
99	0	750	-0.00288	-187.624303		
Log marginal likelihood:	-187.624303					
0	0.975187	750	-3.769643	-3.769643		
1	0.950747	750	-3.741277	-7.51092		
2	0.926679	750	-3.703892	-11.214813		
3	0.90298	750	-3.673422	-14.888234		
4	0.879648	750	-3.600356	-18.48859		
5	0.856682	750	-3.526522	-22.015112		
6	0.834079	750	-3.544862	-25.559974		
7	0.811838	750	-3.499004	-29.058979		
8	0.789957	750	-3.460272	-32.519251		
9	0.768433	750	-3.343439	-35.86269		
10	0.747266	750	-3.350137	-39.212827		
11	0.726452	750	-3.272135	-42.484961		
12	0.705989	750	-3.159132	-45.644093		
13	0.685877	750	-3.153497	-48.79759		
14	0.666112	750	-3.096134	-51.893725		
15	0.646693	750	-3.022011	-54.915736		
16	0.627618	750	-3.02128	-57.937015		
17	0.608884	750	-2.90893	-60.845946		
18	0.59049	750	-2.897672	-63.743617		
19	0.572433	750	-2.887659	-66.631276		
20	0.554712	750	-2.810689	-69.441965		
21	0.537324	750	-2.737821	-72.179786		
22	0.520268	750	-2.731736	-74.911521		
23	0.50354	750	-2.701277	-77.612799		
24	0.487139	750	-2.654809	-80.267608		
25	0.471063	750	-2.626123	-82.89373		
26	0.45531	750	-2.500591	-85.394321		
27	0.439877	750	-2.535955	-87.930277		
28	0.424762	750	-2.544486	-90.474762		
29	0.409963	750	-2.506395	-92.981157		
30	0.395478	750	-2.313786	-95.294943		
31	0.381305	750	-2.368998	-97.663941		
32	0.36744	750	-2.302504	-99.966446		
33	0.353883	750	-2.218932	-102.185378		
34	0.34063	750	-2.245622	-104.431		
35	0.32768	750	-2.190609	-106.621608		
36	0.31503	750	-2.206381	-108.827989		
37	0.302677	750	-2.066204	-110.894193		
38	0.290619	750	-2.201981	-113.096175		
39	0.278855	750	-2.064491	-115.160666		
40	0.267381	750	-1.962832	-117.123498		
41	0.256195	750	-1.989418	-119.112916		
42	0.245294	750	-1.927349	-121.040265		
43	0.234677	750	-1.882873	-122.923139		
44	0.22434	750	-1.832987	-124.756126		
45	0.214281	750	-1.874604	-126.630729		
46	0.204498	750	-1.878184	-128.508913		
47	0.194988	750	-1.677657	-130.18657		
48	0.185749	750	-1.758984	-131.945554		
49	0.176777	750	-1.733107	-133.678661		
50	0.16807	750	-1.6892	-135.367861		
51	0.159626	750	-1.586101	-136.953962		
52	0.151441	750	-1.538624	-138.492586		
53	0.143514	750	-1.491902	-139.984488		
54	0.135841	750	-1.456507	-141.440996		
55	0.12842	750	-1.481214	-142.92221		
56	0.121247	750	-1.453326	-144.375536		
57	0.11432	750	-1.340208	-145.715744		
58	0.107637	750	-1.34396	-147.059705		
59	0.101193	750	-1.242687	-148.302391		
60	0.094986	750	-1.26238	-149.564771		
61	0.089014	750	-1.223306	-150.788077		
62	0.083273	750	-1.160587	-151.948664		
63	0.07776	750	-1.125612	-153.074276		
64	0.072472	750	-1.064867	-154.139143		
65	0.067406	750	-1.041261	-155.180404		
66	0.062558	750	-0.981566	-156.16197		
67	0.057926	750	-0.998937	-157.160907		
68	0.053506	750	-0.933857	-158.094765		
69	0.049295	750	-0.886472	-158.981236		
70	0.045289	750	-0.851801	-159.833038		
71	0.041485	750	-0.809949	-160.642986		
72	0.03788	750	-0.797529	-161.440515		
73	0.034469	750	-0.737445	-162.17796		
74	0.03125	750	-0.738159	-162.916119		
75	0.028218	750	-0.715069	-163.631188		
76	0.02537	750	-0.652998	-164.284185		
77	0.022702	750	-0.615222	-164.899408		
78	0.020209	750	-0.58969	-165.489097		
79	0.017889	750	-0.547752	-166.036849		
80	0.015736	750	-0.505282	-166.542131		
81	0.013746	750	-0.485503	-167.027634		
82	0.011916	750	-0.452584	-167.480218		
83	0.01024	750	-0.405193	-167.885411		
84	0.008714	750	-0.382171	-168.267583		
85	0.007334	750	-0.36853	-168.636113		
86	0.006093	750	-0.317728	-168.953841		
87	0.004988	750	-0.308089	-169.261929		
88	0.004013	750	-0.247154	-169.509083		
89	0.003162	750	-0.218027	-169.727111		
90	0.00243	750	-0.198386	-169.925497		
91	0.00181	750	-0.167072	-170.092569		
92	0.001296	750	-0.138772	-170.231341		
93	0.000882	750	-0.109637	-170.340977		
94	0.000559	750	-0.087161	-170.428138		
95	0.00032	750	-0.064676	-170.492814		
96	0.000156	750	-0.045848	-170.538661		
97	0.000057	750	-0.028445	-170.567107		
98	0.00001	750	-0.013026	-170.580132		
99	0	750	-0.002597	-170.582729		
Log marginal likelihood:	-170.582729					
0	0.975187	750	-3.996409	-3.996409		
1	0.950747	750	-3.986811	-7.98322		
2	0.926679	750	-3.865745	-11.848964		
3	0.90298	750	-3.837366	-15.686331		
4	0.879648	750	-3.803198	-19.489528		
5	0.856682	750	-3.726593	-23.216122		
6	0.834079	750	-3.650403	-26.866525		
7	0.811838	750	-3.587259	-30.453784		
8	0.789957	750	-3.626067	-34.079851		
9	0.768433	750	-3.487945	-37.567796		
10	0.747266	750	-3.409147	-40.976943		
11	0.726452	750	-3.379723	-44.356666		
12	0.705989	750	-3.357055	-47.713722		
13	0.685877	750	-3.306293	-51.020014		
14	0.666112	750	-3.253422	-54.273436		
15	0.646693	750	-3.211573	-57.485009		
16	0.627618	750	-3.134045	-60.619054		
17	0.608884	750	-3.075968	-63.695022		
18	0.59049	750	-3.081825	-66.776847		
19	0.572433	750	-3.063337	-69.840184		
20	0.554712	750	-2.905152	-72.745336		
21	0.537324	750	-2.867943	-75.61328		
22	0.520268	750	-2.822667	-78.435946		
23	0.50354	750	-2.806126	-81.242072		
24	0.487139	750	-2.701331	-83.943403		
25	0.471063	750	-2.705634	-86.649037		
26	0.45531	750	-2.623655	-89.272693		
27	0.439877	750	-2.618042	-91.890734		
28	0.424762	750	-2.567843	-94.458578		
29	0.409963	750	-2.530196	-96.988773		
30	0.395478	750	-2.439399	-99.428173		
31	0.381305	750	-2.406965	-101.835138		
32	0.36744	750	-2.3275	-104.162638		
33	0.353883	750	-2.3295	-106.492138		
34	0.34063	750	-2.345867	-108.838006		
35	0.32768	750	-2.23417	-111.072176		
36	0.31503	750	-2.189978	-113.262153		
37	0.302677	750	-2.140357	-115.40251		
38	0.290619	750	-2.081196	-117.483706		
39	0.278855	750	-2.122372	-119.606079		
40	0.267381	750	-2.044432	-121.65051		
41	0.256195	750	-2.009867	-123.660377		
42	0.245294	750	-1.96548	-125.625857		
43	0.234677	750	-1.912747	-127.538605		
44	0.22434	750	-1.925746	-129.464351		
45	0.214281	750	-1.886672	-131.351023		
46	0.204498	750	-1.810204	-133.161227		
47	0.194988	750	-1.808162	-134.969389		
48	0.185749	750	-1.740277	-136.709666		
49	0.176777	750	-1.752724	-138.462389		
50	0.16807	750	-1.702613	-140.165002		
51	0.159626	750	-1.652899	-141.817902		
52	0.151441	750	-1.627382	-143.445284		
53	0.143514	750	-1.54462	-144.989904		
54	0.135841	750	-1.506283	-146.496187		
55	0.12842	750	-1.45638	-147.952567		
56	0.121247	750	-1.451018	-149.403586		
57	0.11432	750	-1.390916	-150.794502		
58	0.107637	750	-1.316972	-152.111473		
59	0.101193	750	-1.262388	-153.373861		
60	0.094986	750	-1.258437	-154.632298		
61	0.089014	750	-1.180057	-155.812355		
62	0.083273	750	-1.154007	-156.966362		
63	0.07776	750	-1.125944	-158.092306		
64	0.072472	750	-1.095296	-159.187602		
65	0.067406	750	-1.031698	-160.2193		
66	0.062558	750	-1.011528	-161.230828		
67	0.057926	750	-0.975535	-162.206363		
68	0.053506	750	-0.95262	-163.158983		
69	0.049295	750	-0.880195	-164.039178		
70	0.045289	750	-0.858305	-164.897483		
71	0.041485	750	-0.798193	-165.695676		
72	0.03788	750	-0.799414	-166.49509		
73	0.034469	750	-0.751274	-167.246364		
74	0.03125	750	-0.686105	-167.932469		
75	0.028218	750	-0.678689	-168.611158		
76	0.02537	750	-0.6356	-169.246758		
77	0.022702	750	-0.599504	-169.846262		
78	0.020209	750	-0.567895	-170.414157		
79	0.017889	750	-0.538052	-170.952209		
80	0.015736	750	-0.515527	-171.467736		
81	0.013746	750	-0.461083	-171.928818		
82	0.011916	750	-0.459446	-172.388265		
83	0.01024	750	-0.396412	-172.784677		
84	0.008714	750	-0.389846	-173.174523		
85	0.007334	750	-0.345548	-173.520071		
86	0.006093	750	-0.310042	-173.830113		
87	0.004988	750	-0.280156	-174.110269		
88	0.004013	750	-0.248132	-174.358401		
89	0.003162	750	-0.221371	-174.579772		
90	0.00243	750	-0.1877	-174.767472		
91	0.00181	750	-0.183566	-174.951037		
92	0.001296	750	-0.132985	-175.084022		
93	0.000882	750	-0.105092	-175.189114		
94	0.000559	750	-0.082392	-175.271506		
95	0.00032	750	-0.062296	-175.333801		
96	0.000156	750	-0.043975	-175.377776		
97	0.000057	750	-0.028057	-175.405833		
98	0.00001	750	-0.012714	-175.418547		
99	0	750	-0.002612	-175.42116		
Log marginal likelihood:	-175.42116					
0	0.975187	750	-4.251472	-4.251472		
1	0.950747	750	-4.153947	-8.405419		
2	0.926679	750	-4.089142	-12.494561		
3	0.90298	750	-4.023132	-16.517692		
4	0.879648	750	-3.948006	-20.465698		
5	0.856682	750	-3.890379	-24.356077		
6	0.834079	750	-3.862536	-28.218613		
7	0.811838	750	-3.807103	-32.025716		
8	0.789957	750	-3.736891	-35.762607		
9	0.768433	750	-3.682155	-39.444762		
10	0.747266	750	-3.640663	-43.085425		
11	0.726452	750	-3.547842	-46.633266		
12	0.705989	750	-3.496401	-50.129667		
13	0.685877	750	-3.442451	-53.572119		
14	0.666112	750	-3.362003	-56.934121		
15	0.646693	750	-3.348352	-60.282473		
16	0.627618	750	-3.25869	-63.541163		
17	0.608884	750	-3.214861	-66.756025		
18	0.59049	750	-3.161855	-69.91788		
19	0.572433	750	-3.110346	-73.028226		
20	0.554712	750	-3.067235	-76.09546		
21	0.537324	750	-3.016288	-79.111748		
22	0.520268	750	-2.964523	-82.076272		
23	0.50354	750	-2.916019	-84.992291		
24	0.487139	750	-2.855292	-87.847583		
25	0.471063	750	-2.79435	-90.641933		
26	0.45531	750	-2.854533	-93.496466		
27	0.439877	750	-2.781617	-96.278083		
28	0.424762	750	-2.64196	-98.920043		
29	0.409963	750	-2.680578	-101.60062		
30	0.395478	750	-2.60386	-104.20448		
31	0.381305	750	-2.474726	-106.679206		
32	0.36744	750	-2.503464	-109.18267		
33	0.353883	750	-2.498187	-111.680857		
34	0.34063	750	-2.353571	-114.034427		
35	0.32768	750	-2.365513	-116.399941		
36	0.31503	750	-2.340935	-118.740876		
37	0.302677	750	-2.337048	-121.077923		
38	0.290619	750	-2.349793	-123.427717		
39	0.278855	750	-2.113863	-125.541579		
40	0.267381	750	-2.190637	-127.732216		
41	0.256195	750	-2.056282	-129.788498		
42	0.245294	750	-2.079541	-131.868038		
43	0.234677	750	-2.070655	-133.938693		
44	0.22434	750	-2.012371	-135.951064		
45	0.214281	750	-1.886184	-137.837249		
46	0.204498	750	-1.933946	-139.771194		
47	0.194988	750	-1.782667	-141.553861		
48	0.185749	750	-1.830914	-143.384776		
49	0.176777	750	-1.791724	-145.1765		
50	0.16807	750	-1.624382	-146.800882		
51	0.159626	750	-1.690028	-148.49091		
52	0.151441	750	-1.58923	-150.08014		
53	0.143514	750	-1.595547	-151.675687		
54	0.135841	750	-1.534998	-153.210685		
55	0.12842	750	-1.436283	-154.646968		
56	0.121247	750	-1.452783	-156.09975		
57	0.11432	750	-1.40066	-157.50041		
58	0.107637	750	-1.350198	-158.850608		
59	0.101193	750	-1.308562	-160.15917		
60	0.094986	750	-1.239816	-161.398986		
61	0.089014	750	-1.191691	-162.590677		
62	0.083273	750	-1.203111	-163.793788		
63	0.07776	750	-1.140781	-164.934569		
64	0.072472	750	-1.109456	-166.044025		
65	0.067406	750	-1.053397	-167.097422		
66	0.062558	750	-1.010815	-168.108237		
67	0.057926	750	-0.979387	-169.087624		
68	0.053506	750	-0.919916	-170.007539		
69	0.049295	750	-0.891214	-170.898753		
70	0.045289	750	-0.836832	-171.735586		
71	0.041485	750	-0.813509	-172.549095		
72	0.03788	750	-0.785025	-173.33412		
73	0.034469	750	-0.739468	-174.073588		
74	0.03125	750	-0.719769	-174.793357		
75	0.028218	750	-0.68954	-175.482897		
76	0.02537	750	-0.640879	-176.123775		
77	0.022702	750	-0.61698	-176.740755		
78	0.020209	750	-0.572236	-177.312991		
79	0.017889	750	-0.546981	-177.859973		
80	0.015736	750	-0.537868	-178.397841		
81	0.013746	750	-0.486591	-178.884432		
82	0.011916	750	-0.483063	-179.367495		
83	0.01024	750	-0.407459	-179.774954		
84	0.008714	750	-0.372243	-180.147197		
85	0.007334	750	-0.361774	-180.508971		
86	0.006093	750	-0.325809	-180.83478		
87	0.004988	750	-0.282462	-181.117242		
88	0.004013	750	-0.260133	-181.377376		
89	0.003162	750	-0.229117	-181.606493		
90	0.00243	750	-0.196447	-181.80294		
91	0.00181	750	-0.161042	-181.963983		
92	0.001296	750	-0.135719	-182.099701		
93	0.000882	750	-0.109692	-182.209393		
94	0.000559	750	-0.088347	-182.29774		
95	0.00032	750	-0.061785	-182.359525		
96	0.000156	750	-0.043484	-182.403009		
97	0.000057	750	-0.026298	-182.429307		
98	0.00001	750	-0.012875	-182.442182		
99	0	750	-0.003054	-182.445236		
Log marginal likelihood:	-182.445236					
0	0.975187	750	-4.323779	-4.323779		
1	0.950747	750	-4.269904	-8.593683		
2	0.926679	750	-4.24113	-12.834813		
3	0.90298	750	-4.153712	-16.988525		
4	0.879648	750	-4.076424	-21.064949		
5	0.856682	750	-4.017971	-25.08292		
6	0.834079	750	-4.03968	-29.122601		
7	0.811838	750	-3.906732	-33.029332		
8	0.789957	750	-3.842976	-36.872309		
9	0.768433	750	-3.828335	-40.700644		
10	0.747266	750	-3.786164	-44.486808		
11	0.726452	750	-3.727441	-48.214249		
12	0.705989	750	-3.660105	-51.874353		
13	0.685877	750	-3.626579	-55.500933		
14	0.666112	750	-3.518932	-59.019865		
15	0.646693	750	-3.48646	-62.506325		
16	0.627618	750	-3.363474	-65.869799		
17	0.608884	750	-3.364668	-69.234467		
18	0.59049	750	-3.391415	-72.625882		
19	0.572433	750	-3.249858	-75.875739		
20	0.554712	750	-3.203129	-79.078868		
21	0.537324	750	-3.221626	-82.300494		
22	0.520268	750	-3.110547	-85.411042		
23	0.50354	750	-3.016931	-88.427973		
24	0.487139	750	-2.942863	-91.370836		
25	0.471063	750	-2.920788	-94.291624		
26	0.45531	750	-2.842295	-97.133918		
27	0.439877	750	-2.756136	-99.890054		
28	0.424762	750	-2.82406	-102.714114		
29	0.409963	750	-2.686293	-105.400407		
30	0.395478	750	-2.774431	-108.174838		
31	0.381305	750	-2.594528	-110.769366		
32	0.36744	750	-2.649728	-113.419094		
33	0.353883	750	-2.723047	-116.142141		
34	0.34063	750	-2.628967	-118.771108		
35	0.32768	750	-2.456519	-121.227627		
36	0.31503	750	-2.436442	-123.664069		
37	0.302677	750	-2.3659	-126.029969		
38	0.290619	750	-2.369998	-128.399968		
39	0.278855	750	-2.192571	-130.592539		
40	0.267381	750	-2.218667	-132.811205		
41	0.256195	750	-2.211853	-135.023058		
42	0.245294	750	-2.067667	-137.090725		
43	0.234677	750	-2.118925	-139.20965		
44	0.22434	750	-2.079653	-141.289303		
45	0.214281	750	-2.000721	-143.290024		
46	0.204498	750	-1.955192	-145.245216		
47	0.194988	750	-1.877391	-147.122607		
48	0.185749	750	-1.865984	-148.988591		
49	0.176777	750	-1.811454	-150.800045		
50	0.16807	750	-1.71127	-152.511315		
51	0.159626	750	-1.687038	-154.198354		
52	0.151441	750	-1.666763	-155.865117		
53	0.143514	750	-1.610514	-157.475631		
54	0.135841	750	-1.562459	-159.038091		
55	0.12842	750	-1.513788	-160.551879		
56	0.121247	750	-1.477133	-162.029011		
57	0.11432	750	-1.437572	-163.466584		
58	0.107637	750	-1.348435	-164.815019		
59	0.101193	750	-1.353518	-166.168537		
60	0.094986	750	-1.281493	-167.450031		
61	0.089014	750	-1.265089	-168.71512		
62	0.083273	750	-1.202282	-169.917402		
63	0.07776	750	-1.162483	-171.079885		
64	0.072472	750	-1.118391	-172.198277		
65	0.067406	750	-1.084697	-173.282974		
66	0.062558	750	-1.032502	-174.315475		
67	0.057926	750	-0.972313	-175.287788		
68	0.053506	750	-0.965398	-176.253186		
69	0.049295	750	-0.8828	-177.135986		
70	0.045289	750	-0.876642	-178.012628		
71	0.041485	750	-0.849545	-178.862173		
72	0.03788	750	-0.823583	-179.685757		
73	0.034469	750	-0.777889	-180.463646		
74	0.03125	750	-0.745464	-181.209109		
75	0.028218	750	-0.683572	-181.892682		
76	0.02537	750	-0.670025	-182.562706		
77	0.022702	750	-0.629675	-183.192382		
78	0.020209	750	-0.563417	-183.755798		
79	0.017889	750	-0.547364	-184.303162		
80	0.015736	750	-0.527087	-184.83025		
81	0.013746	750	-0.48633	-185.31658		
82	0.011916	750	-0.44108	-185.75766		
83	0.01024	750	-0.398965	-186.156625		
84	0.008714	750	-0.377803	-186.534427		
85	0.007334	750	-0.355399	-186.889827		
86	0.006093	750	-0.332201	-187.222028		
87	0.004988	750	-0.280264	-187.502292		
88	0.004013	750	-0.236391	-187.738682		
89	0.003162	750	-0.243129	-187.981812		
90	0.00243	750	-0.224315	-188.206126		
91	0.00181	750	-0.170599	-188.376725		
92	0.001296	750	-0.134577	-188.511302		
93	0.000882	750	-0.130281	-188.641583		
94	0.000559	750	-0.081647	-188.723231		
95	0.00032	750	-0.072383	-188.795614		
96	0.000156	750	-0.043788	-188.839402		
97	0.000057	750	-0.029488	-188.86889		
98	0.00001	750	-0.012334	-188.881224		
99	0	750	-0.002625	-188.883849		
Log marginal likelihood:	-188.883849					
0	0.975187	750	-4.252599	-4.252599		
1	0.950747	750	-4.203915	-8.456514		
2	0.926679	750	-4.156785	-12.613299		
3	0.90298	750	-4.131548	-16.744846		
4	0.879648	750	-4.056645	-20.801491		
5	0.856682	750	-3.953005	-24.754496		
6	0.834079	750	-3.966472	-28.720968		
7	0.811838	750	-3.87257	-32.593539		
8	0.789957	750	-3.825726	-36.419265		
9	0.768433	750	-3.762106	-40.181371		
10	0.747266	750	-3.650127	-43.831498		
11	0.726452	750	-3.590798	-47.422296		
12	0.705989	750	-3.593759	-51.016055		
13	0.685877	750	-3.538989	-54.555044		
14	0.666112	750	-3.463642	-58.018686		
15	0.646693	750	-3.397027	-61.415713		
16	0.627618	750	-3.380825	-64.796537		
17	0.608884	750	-3.314698	-68.111235		
18	0.59049	750	-3.233773	-71.345008		
19	0.572433	750	-3.157974	-74.502983		
20	0.554712	750	-3.099001	-77.601984		
21	0.537324	750	-3.061953	-80.663937		
22	0.520268	750	-3.042476	-83.706413		
23	0.50354	750	-3.191718	-86.898131		
24	0.487139	750	-2.961485	-89.859616		
25	0.471063	750	-2.911442	-92.771058		
26	0.45531	750	-2.80892	-95.579978		
27	0.439877	750	-2.782061	-98.362038		
28	0.424762	750	-2.706805	-101.068844		
29	0.409963	750	-2.788166	-103.857009		
30	0.395478	750	-2.649519	-106.506529		
31	0.381305	750	-2.681341	-109.18787		
32	0.36744	750	-2.573561	-111.761431		
33	0.353883	750	-2.471322	-114.232753		
34	0.34063	750	-2.543086	-116.775839		
35	0.32768	750	-2.403209	-119.179049		
36	0.31503	750	-2.406023	-121.585072		
37	0.302677	750	-2.404048	-123.98912		
38	0.290619	750	-2.401494	-126.390613		
39	0.278855	750	-2.313844	-128.704457		
40	0.267381	750	-2.197758	-130.902215		
41	0.256195	750	-2.227219	-133.129434		
42	0.245294	750	-2.147153	-135.276587		
43	0.234677	750	-2.130365	-137.406952		
44	0.22434	750	-2.054673	-139.461625		
45	0.214281	750	-1.984106	-141.445731		
46	0.204498	750	-1.948854	-143.394585		
47	0.194988	750	-1.888086	-145.282671		
48	0.185749	750	-1.844598	-147.127269		
49	0.176777	750	-1.787323	-148.914592		
50	0.16807	750	-1.738999	-150.653591		
51	0.159626	750	-1.699144	-152.352735		
52	0.151441	750	-1.651719	-154.004453		
53	0.143514	750	-1.611617	-155.61607		
54	0.135841	750	-1.548885	-157.164955		
55	0.12842	750	-1.507248	-158.672204		
56	0.121247	750	-1.453053	-160.125257		
57	0.11432	750	-1.424825	-161.550081		
58	0.107637	750	-1.373122	-162.923203		
59	0.101193	750	-1.336501	-164.259704		
60	0.094986	750	-1.280297	-165.540001		
61	0.089014	750	-1.230364	-166.770365		
62	0.083273	750	-1.190947	-167.961312		
63	0.07776	750	-1.155576	-169.116888		
64	0.072472	750	-1.10089	-170.217779		
65	0.067406	750	-1.074691	-171.292469		
66	0.062558	750	-1.053461	-172.34593		
67	0.057926	750	-0.988285	-173.334215		
68	0.053506	750	-0.936801	-174.271016		
69	0.049295	750	-0.905973	-175.176989		
70	0.045289	750	-0.871454	-176.048443		
71	0.041485	750	-0.836709	-176.885152		
72	0.03788	750	-0.817934	-177.703086		
73	0.034469	750	-0.76919	-178.472277		
74	0.03125	750	-0.721933	-179.194209		
75	0.028218	750	-0.679175	-179.873385		
76	0.02537	750	-0.657435	-180.53082		
77	0.022702	750	-0.626343	-181.157163		
78	0.020209	750	-0.579216	-181.736379		
79	0.017889	750	-0.547795	-182.284174		
80	0.015736	750	-0.503113	-182.787286		
81	0.013746	750	-0.513904	-183.301191		
82	0.011916	750	-0.443125	-183.744315		
83	0.01024	750	-0.436787	-184.181102		
84	0.008714	750	-0.357738	-184.538841		
85	0.007334	750	-0.375943	-184.914784		
86	0.006093	750	-0.328243	-185.243027		
87	0.004988	750	-0.317841	-185.560868		
88	0.004013	750	-0.262392	-185.82326		
89	0.003162	750	-0.216361	-186.039621		
90	0.00243	750	-0.188993	-186.228614		
91	0.00181	750	-0.159924	-186.388539		
92	0.001296	750	-0.139695	-186.528234		
93	0.000882	750	-0.11237	-186.640604		
94	0.000559	750	-0.088044	-186.728648		
95	0.00032	750	-0.067903	-186.796551		
96	0.000156	750	-0.048864	-186.845415		
97	0.000057	750	-0.02829	-186.873706		
98	0.00001	750	-0.013383	-186.887089		
99	0	750	-0.002575	-186.889664		
Log marginal likelihood:	-186.889664					
0	0.975187	750	-4.556397	-4.556397		
1	0.950747	750	-4.426509	-8.982906		
2	0.926679	750	-4.393419	-13.376326		
3	0.90298	750	-4.334222	-17.710547		
4	0.879648	750	-4.341389	-22.051936		
5	0.856682	750	-4.298607	-26.350543		
6	0.834079	750	-4.199976	-30.550519		
7	0.811838	750	-4.168804	-34.719323		
8	0.789957	750	-3.984499	-38.703822		
9	0.768433	750	-3.920642	-42.624464		
10	0.747266	750	-3.88859	-46.513054		
11	0.726452	750	-3.858239	-50.371293		
12	0.705989	750	-3.836469	-54.207762		
13	0.685877	750	-3.755997	-57.963759		
14	0.666112	750	-3.799462	-61.763221		
15	0.646693	750	-3.637224	-65.400445		
16	0.627618	750	-3.661004	-69.061449		
17	0.608884	750	-3.5043	-72.565749		
18	0.59049	750	-3.427433	-75.993182		
19	0.572433	750	-3.425735	-79.418917		
20	0.554712	750	-3.366577	-82.785493		
21	0.537324	750	-3.195528	-85.981021		
22	0.520268	750	-3.174746	-89.155767		
23	0.50354	750	-3.137652	-92.293419		
24	0.487139	750	-3.153212	-95.446632		
25	0.471063	750	-3.113278	-98.55991		
26	0.45531	750	-2.983728	-101.543638		
27	0.439877	750	-2.976742	-104.52038		
28	0.424762	750	-2.93773	-107.45811		
29	0.409963	750	-2.883598	-110.341707		
30	0.395478	750	-2.867393	-113.2091		
31	0.381305	750	-2.78905	-115.99815		
32	0.36744	750	-2.656606	-118.654756		
33	0.353883	750	-2.606237	-121.260993		
34	0.34063	750	-2.613996	-123.874989		
35	0.32768	750	-2.440794	-126.315783		
36	0.31503	750	-2.465664	-128.781447		
37	0.302677	750	-2.401278	-131.182725		
38	0.290619	750	-2.402881	-133.585607		
39	0.278855	750	-2.343016	-135.928623		
40	0.267381	750	-2.253241	-138.181864		
41	0.256195	750	-2.226629	-140.408493		
42	0.245294	750	-2.145785	-142.554278		
43	0.234677	750	-2.113671	-144.66795		
44	0.22434	750	-2.074812	-146.742762		
45	0.214281	750	-2.014067	-148.756829		
46	0.204498	750	-1.967575	-150.724405		
47	0.194988	750	-1.864478	-152.588883		
48	0.185749	750	-1.849069	-154.437952		
49	0.176777	750	-1.800838	-156.238789		
50	0.16807	750	-1.783422	-158.022211		
51	0.159626	750	-1.694341	-159.716552		
52	0.151441	750	-1.647779	-161.364331		
53	0.143514	750	-1.606305	-162.970636		
54	0.135841	750	-1.579535	-164.550172		
55	0.12842	750	-1.511453	-166.061624		
56	0.121247	750	-1.462543	-167.524167		
57	0.11432	750	-1.410674	-168.934841		
58	0.107637	750	-1.373397	-170.308238		
59	0.101193	750	-1.348673	-171.656911		
60	0.094986	750	-1.271072	-172.927983		
61	0.089014	750	-1.239829	-174.167811		
62	0.083273	750	-1.196268	-175.364079		
63	0.07776	750	-1.144323	-176.508402		
64	0.072472	750	-1.102988	-177.61139		
65	0.067406	750	-1.068661	-178.680051		
66	0.062558	750	-1.027497	-179.707548		
67	0.057926	750	-0.992203	-180.699751		
68	0.053506	750	-0.934915	-181.634667		
69	0.049295	750	-0.891731	-182.526397		
70	0.045289	750	-0.871954	-183.398351		
71	0.041485	750	-0.828491	-184.226842		
72	0.03788	750	-0.814928	-185.04177		
73	0.034469	750	-0.757725	-185.799494		
74	0.03125	750	-0.72713	-186.526625		
75	0.028218	750	-0.683343	-187.209967		
76	0.02537	750	-0.632902	-187.84287		
77	0.022702	750	-0.62399	-188.46686		
78	0.020209	750	-0.572402	-189.039262		
79	0.017889	750	-0.554837	-189.594099		
80	0.015736	750	-0.540548	-190.134647		
81	0.013746	750	-0.467137	-190.601784		
82	0.011916	750	-0.439285	-191.041069		
83	0.01024	750	-0.429821	-191.47089		
84	0.008714	750	-0.352238	-191.823127		
85	0.007334	750	-0.349465	-192.172593		
86	0.006093	750	-0.32181	-192.494403		
87	0.004988	750	-0.30602	-192.800423		
88	0.004013	750	-0.256249	-193.056672		
89	0.003162	750	-0.225589	-193.282261		
90	0.00243	750	-0.201714	-193.483975		
91	0.00181	750	-0.158882	-193.642857		
92	0.001296	750	-0.155997	-193.798854		
93	0.000882	750	-0.10217	-193.901024		
94	0.000559	750	-0.08979	-193.990813		
95	0.00032	750	-0.063321	-194.054134		
96	0.000156	750	-0.043437	-194.097572		
97	0.000057	750	-0.025858	-194.12343		
98	0.00001	750	-0.011803	-194.135234		
99	0	750	-0.00275	-194.137984		
Log marginal likelihood:	-194.137984					
0	0.975187	750	-4.136282	-4.136282		
1	0.950747	750	-4.112657	-8.248939		
2	0.926679	750	-4.005612	-12.254551		
3	0.90298	750	-3.974072	-16.228623		
4	0.879648	750	-3.959992	-20.188616		
5	0.856682	750	-3.851706	-24.040322		
6	0.834079	750	-3.81189	-27.852212		
7	0.811838	750	-3.753622	-31.605834		
8	0.789957	750	-3.702768	-35.308602		
9	0.768433	750	-3.664758	-38.97336		
10	0.747266	750	-3.595497	-42.568858		
11	0.726452	750	-3.539003	-46.107861		
12	0.705989	750	-3.473968	-49.581829		
13	0.685877	750	-3.448242	-53.030071		
14	0.666112	750	-3.341983	-56.372053		
15	0.646693	750	-3.337478	-59.709532		
16	0.627618	750	-3.373782	-63.083313		
17	0.608884	750	-3.269491	-66.352804		
18	0.59049	750	-3.125222	-69.478025		
19	0.572433	750	-3.150323	-72.628349		
20	0.554712	750	-3.037221	-75.66557		
21	0.537324	750	-2.951746	-78.617316		
22	0.520268	750	-2.960744	-81.57806		
23	0.50354	750	-2.981478	-84.559538		
24	0.487139	750	-2.798911	-87.358449		
25	0.471063	750	-2.826909	-90.185358		
26	0.45531	750	-2.830755	-93.016113		
27	0.439877	750	-2.741374	-95.757487		
28	0.424762	750	-2.661052	-98.41854		
29	0.409963	750	-2.730176	-101.148716		
30	0.395478	750	-2.606499	-103.755214		
31	0.381305	750	-2.443208	-106.198423		
32	0.36744	750	-2.643676	-108.842099		
33	0.353883	750	-2.579947	-111.422046		
34	0.34063	750	-2.521918	-113.943963		
35	0.32768	750	-2.441518	-116.385482		
36	0.31503	750	-2.38381	-118.769291		
37	0.302677	750	-2.303171	-121.072462		
38	0.290619	750	-2.251861	-123.324323		
39	0.278855	750	-2.204942	-125.529265		
40	0.267381	750	-2.227825	-127.75709		
41	0.256195	750	-2.157787	-129.914877		
42	0.245294	750	-2.111824	-132.026701		
43	0.234677	750	-2.079798	-134.106499		
44	0.22434	750	-1.95741	-136.063909		
45	0.214281	750	-2.005251	-138.06916		
46	0.204498	750	-1.892615	-139.961775		
47	0.194988	750	-1.881209	-141.842984		
48	0.185749	750	-1.829814	-143.672797		
49	0.176777	750	-1.789258	-145.462056		
50	0.16807	750	-1.715998	-147.178054		
51	0.159626	750	-1.669535	-148.84759		
52	0.151441	750	-1.639127	-150.486716		
53	0.143514	750	-1.532834	-152.01955		
54	0.135841	750	-1.515798	-153.535348		
55	0.12842	750	-1.47858	-155.013927		
56	0.121247	750	-1.453198	-156.467125		
57	0.11432	750	-1.388266	-157.855391		
58	0.107637	750	-1.355127	-159.210518		
59	0.101193	750	-1.276509	-160.487027		
60	0.094986	750	-1.24877	-161.735798		
61	0.089014	750	-1.2346	-162.970398		
62	0.083273	750	-1.179554	-164.149951		
63	0.07776	750	-1.135758	-165.285709		
64	0.072472	750	-1.085333	-166.371042		
65	0.067406	750	-1.036901	-167.407943		
66	0.062558	750	-1.012575	-168.420519		
67	0.057926	750	-0.967278	-169.387797		
68	0.053506	750	-0.928911	-170.316708		
69	0.049295	750	-0.897318	-171.214026		
70	0.045289	750	-0.863237	-172.077264		
71	0.041485	750	-0.821315	-172.898579		
72	0.03788	750	-0.8026	-173.701179		
73	0.034469	750	-0.740805	-174.441984		
74	0.03125	750	-0.731621	-175.173605		
75	0.028218	750	-0.670775	-175.844379		
76	0.02537	750	-0.633413	-176.477792		
77	0.022702	750	-0.621537	-177.099329		
78	0.020209	750	-0.566107	-177.665436		
79	0.017889	750	-0.549537	-178.214973		
80	0.015736	750	-0.49874	-178.713713		
81	0.013746	750	-0.462909	-179.176622		
82	0.011916	750	-0.45102	-179.627642		
83	0.01024	750	-0.398524	-180.026166		
84	0.008714	750	-0.372977	-180.399143		
85	0.007334	750	-0.368447	-180.76759		
86	0.006093	750	-0.309972	-181.077562		
87	0.004988	750	-0.26619	-181.343752		
88	0.004013	750	-0.256439	-181.600191		
89	0.003162	750	-0.224838	-181.82503		
90	0.00243	750	-0.183419	-182.008449		
91	0.00181	750	-0.19193	-182.200379		
92	0.001296	750	-0.15717	-182.357549		
93	0.000882	750	-0.115424	-182.472974		
94	0.000559	750	-0.090968	-182.563942		
95	0.00032	750	-0.067065	-182.631007		
96	0.000156	750	-0.048283	-182.67929		
97	0.000057	750	-0.026578	-182.705868		
98	0.00001	750	-0.013344	-182.719212		
99	0	750	-0.00298	-182.722192		
Log marginal likelihood:	-182.722192					
0	0.975187	750	-4.55764	-4.55764		
1	0.950747	750	-4.529066	-9.086706		
2	0.926679	750	-4.439936	-13.526642		
3	0.90298	750	-4.385752	-17.912393		
4	0.879648	750	-4.329946	-22.24234		
5	0.856682	750	-4.242257	-26.484596		
6	0.834079	750	-4.183379	-30.667976		
7	0.811838	750	-4.094619	-34.762595		
8	0.789957	750	-4.043849	-38.806444		
9	0.768433	750	-3.993854	-42.800298		
10	0.747266	750	-3.95558	-46.755878		
11	0.726452	750	-3.874055	-50.629933		
12	0.705989	750	-3.786741	-54.416673		
13	0.685877	750	-3.735558	-58.152231		
14	0.666112	750	-3.784743	-61.936974		
15	0.646693	750	-3.616911	-65.553885		
16	0.627618	750	-3.560028	-69.113913		
17	0.608884	750	-3.476525	-72.590438		
18	0.59049	750	-3.465203	-76.055641		
19	0.572433	750	-3.466769	-79.522411		
20	0.554712	750	-3.351212	-82.873622		
21	0.537324	750	-3.299721	-86.173343		
22	0.520268	750	-3.21065	-89.383993		
23	0.50354	750	-3.261085	-92.645078		
24	0.487139	750	-3.143193	-95.788271		
25	0.471063	750	-3.118874	-98.907145		
26	0.45531	750	-3.025976	-101.933121		
27	0.439877	750	-2.978131	-104.911252		
28	0.424762	750	-2.914745	-107.825996		
29	0.409963	750	-2.785837	-110.611833		
30	0.395478	750	-2.802156	-113.41399		
31	0.381305	750	-2.747547	-116.161537		
32	0.36744	750	-2.701325	-118.862862		
33	0.353883	750	-2.630781	-121.493643		
34	0.34063	750	-2.565354	-124.058997		
35	0.32768	750	-2.521995	-126.580992		
36	0.31503	750	-2.471923	-129.052915		
37	0.302677	750	-2.415567	-131.468482		
38	0.290619	750	-2.355126	-133.823609		
39	0.278855	750	-2.28551	-136.109118		
40	0.267381	750	-2.178209	-138.287327		
41	0.256195	750	-2.207842	-140.495169		
42	0.245294	750	-2.159023	-142.654192		
43	0.234677	750	-2.089056	-144.743248		
44	0.22434	750	-2.044167	-146.787415		
45	0.214281	750	-1.992159	-148.779574		
46	0.204498	750	-1.945171	-150.724744		
47	0.194988	750	-1.901641	-152.626386		
48	0.185749	750	-1.836536	-154.462922		
49	0.176777	750	-1.803543	-156.266464		
50	0.16807	750	-1.742621	-158.009085		
51	0.159626	750	-1.714232	-159.723317		
52	0.151441	750	-1.633884	-161.357201		
53	0.143514	750	-1.597335	-162.954536		
54	0.135841	750	-1.570728	-164.525264		
55	0.12842	750	-1.506835	-166.0321		
56	0.121247	750	-1.466584	-167.498683		
57	0.11432	750	-1.413569	-168.912252		
58	0.107637	750	-1.406129	-170.31838		
59	0.101193	750	-1.337195	-171.655575		
60	0.094986	750	-1.281367	-172.936942		
61	0.089014	750	-1.232979	-174.16992		
62	0.083273	750	-1.211822	-175.381742		
63	0.07776	750	-1.143031	-176.524773		
64	0.072472	750	-1.11162	-177.636393		
65	0.067406	750	-1.054789	-178.691182		
66	0.062558	750	-1.039327	-179.730509		
67	0.057926	750	-0.977385	-180.707894		
68	0.053506	750	-0.9383	-181.646194		
69	0.049295	750	-0.914875	-182.561069		
70	0.045289	750	-0.888	-183.449069		
71	0.041485	750	-0.825059	-184.274128		
72	0.03788	750	-0.794407	-185.068535		
73	0.034469	750	-0.763445	-185.83198		
74	0.03125	750	-0.739197	-186.571177		
75	0.028218	750	-0.704132	-187.27531		
76	0.02537	750	-0.645905	-187.921215		
77	0.022702	750	-0.615807	-188.537022		
78	0.020209	750	-0.597712	-189.134734		
79	0.017889	750	-0.545532	-189.680265		
80	0.015736	750	-0.50714	-190.187405		
81	0.013746	750	-0.518616	-190.706022		
82	0.011916	750	-0.445626	-191.151647		
83	0.01024	750	-0.414276	-191.565923		
84	0.008714	750	-0.366558	-191.932481		
85	0.007334	750	-0.368947	-192.301427		
86	0.006093	750	-0.313758	-192.615185		
87	0.004988	750	-0.26788	-192.883065		
88	0.004013	750	-0.253212	-193.136277		
89	0.003162	750	-0.214989	-193.351266		
90	0.00243	750	-0.212966	-193.564233		
91	0.00181	750	-0.168541	-193.732774		
92	0.001296	750	-0.131279	-193.864053		
93	0.000882	750	-0.108135	-193.972188		
94	0.000559	750	-0.09733	-194.069519		
95	0.00032	750	-0.064728	-194.134247		
96	0.000156	750	-0.047011	-194.181258		
97	0.000057	750	-0.029174	-194.210433		
98	0.00001	750	-0.01276	-194.223193		
99	0	750	-0.002789	-194.225982		
Log marginal likelihood:	-194.225982					
0	0.975187	750	-4.081676	-4.081676		
1	0.950747	750	-3.948055	-8.029731		
2	0.926679	750	-3.943674	-11.973405		
3	0.90298	750	-3.877612	-15.851017		
4	0.879648	750	-3.789477	-19.640494		
5	0.856682	750	-3.85495	-23.495444		
6	0.834079	750	-3.766182	-27.261627		
7	0.811838	750	-3.714142	-30.975769		
8	0.789957	750	-3.561255	-34.537024		
9	0.768433	750	-3.61947	-38.156494		
10	0.747266	750	-3.471933	-41.628427		
11	0.726452	750	-3.477965	-45.106392		
12	0.705989	750	-3.406955	-48.513347		
13	0.685877	750	-3.351318	-51.864665		
14	0.666112	750	-3.347698	-55.212362		
15	0.646693	750	-3.233865	-58.446227		
16	0.627618	750	-3.185213	-61.63144		
17	0.608884	750	-3.18436	-64.8158		
18	0.59049	750	-3.122525	-67.938325		
19	0.572433	750	-3.102221	-71.040547		
20	0.554712	750	-2.987134	-74.027681		
21	0.537324	750	-3.002332	-77.030013		
22	0.520268	750	-2.926544	-79.956557		
23	0.50354	750	-2.850403	-82.806959		
24	0.487139	750	-2.850696	-85.657656		
25	0.471063	750	-2.805229	-88.462885		
26	0.45531	750	-2.684883	-91.147768		
27	0.439877	750	-2.738579	-93.886347		
28	0.424762	750	-2.640504	-96.526851		
29	0.409963	750	-2.570801	-99.097652		
30	0.395478	750	-2.507749	-101.605402		
31	0.381305	750	-2.521031	-104.126433		
32	0.36744	750	-2.481442	-106.607875		
33	0.353883	750	-2.362913	-108.970788		
34	0.34063	750	-2.395137	-111.365925		
35	0.32768	750	-2.390813	-113.756738		
36	0.31503	750	-2.384552	-116.141291		
37	0.302677	750	-2.318518	-118.459808		
38	0.290619	750	-2.209058	-120.668867		
39	0.278855	750	-2.110189	-122.779056		
40	0.267381	750	-2.101793	-124.880849		
41	0.256195	750	-2.165824	-127.046673		
42	0.245294	750	-2.02355	-129.070223		
43	0.234677	750	-2.085154	-131.155378		
44	0.22434	750	-1.89177	-133.047148		
45	0.214281	750	-1.912624	-134.959772		
46	0.204498	750	-1.877701	-136.837473		
47	0.194988	750	-1.838453	-138.675926		
48	0.185749	750	-1.76922	-140.445147		
49	0.176777	750	-1.764811	-142.209957		
50	0.16807	750	-1.677832	-143.887789		
51	0.159626	750	-1.580585	-145.468374		
52	0.151441	750	-1.609418	-147.077793		
53	0.143514	750	-1.508487	-148.58628		
54	0.135841	750	-1.492534	-150.078813		
55	0.12842	750	-1.427971	-151.506784		
56	0.121247	750	-1.418837	-152.925621		
57	0.11432	750	-1.354984	-154.280605		
58	0.107637	750	-1.328818	-155.609423		
59	0.101193	750	-1.301371	-156.910794		
60	0.094986	750	-1.245204	-158.155998		
61	0.089014	750	-1.214593	-159.370591		
62	0.083273	750	-1.181536	-160.552127		
63	0.07776	750	-1.150953	-161.70308		
64	0.072472	750	-1.075012	-162.778092		
65	0.067406	750	-1.044303	-163.822395		
66	0.062558	750	-0.988763	-164.811157		
67	0.057926	750	-0.960308	-165.771465		
68	0.053506	750	-0.965402	-166.736867		
69	0.049295	750	-0.892466	-167.629334		
70	0.045289	750	-0.842117	-168.471451		
71	0.041485	750	-0.824512	-169.295963		
72	0.03788	750	-0.792304	-170.088267		
73	0.034469	750	-0.748066	-170.836333		
74	0.03125	750	-0.692593	-171.528926		
75	0.028218	750	-0.681187	-172.210112		
76	0.02537	750	-0.642325	-172.852437		
77	0.022702	750	-0.607456	-173.459893		
78	0.020209	750	-0.567054	-174.026947		
79	0.017889	750	-0.534467	-174.561415		
80	0.015736	750	-0.486449	-175.047864		
81	0.013746	750	-0.476951	-175.524815		
82	0.011916	750	-0.459786	-175.984601		
83	0.01024	750	-0.442263	-176.426864		
84	0.008714	750	-0.390674	-176.817539		
85	0.007334	750	-0.334643	-177.152182		
86	0.006093	750	-0.297689	-177.449871		
87	0.004988	750	-0.282695	-177.732566		
88	0.004013	750	-0.241145	-177.973711		
89	0.003162	750	-0.217529	-178.191241		
90	0.00243	750	-0.190503	-178.381744		
91	0.00181	750	-0.159484	-178.541228		
92	0.001296	750	-0.133196	-178.674424		
93	0.000882	750	-0.111661	-178.786085		
94	0.000559	750	-0.090825	-178.876909		
95	0.00032	750	-0.069694	-178.946603		
96	0.000156	750	-0.043179	-178.989782		
97	0.000057	750	-0.028587	-179.01837		
98	0.00001	750	-0.012573	-179.030943		
99	0	750	-0.002736	-179.033679		
Log marginal likelihood:	-179.033679					
0	0.975187	750	-4.507203	-4.507203		
1	0.950747	750	-4.418561	-8.925764		
2	0.926679	750	-4.322114	-13.247878		
3	0.90298	750	-4.312326	-17.560204		
4	0.879648	750	-4.225232	-21.785437		
5	0.856682	750	-4.27176	-26.057197		
6	0.834079	750	-4.081185	-30.138382		
7	0.811838	750	-4.040917	-34.179299		
8	0.789957	750	-3.966362	-38.14566		
9	0.768433	750	-3.908153	-42.053813		
10	0.747266	750	-3.909471	-45.963284		
11	0.726452	750	-3.794011	-49.757296		
12	0.705989	750	-3.766151	-53.523446		
13	0.685877	750	-3.715287	-57.238733		
14	0.666112	750	-3.625363	-60.864096		
15	0.646693	750	-3.541817	-64.405913		
16	0.627618	750	-3.488608	-67.894521		
17	0.608884	750	-3.466563	-71.361085		
18	0.59049	750	-3.414938	-74.776023		
19	0.572433	750	-3.366606	-78.142629		
20	0.554712	750	-3.327707	-81.470335		
21	0.537324	750	-3.240722	-84.711057		
22	0.520268	750	-3.136129	-87.847186		
23	0.50354	750	-3.126194	-90.97338		
24	0.487139	750	-3.028964	-94.002344		
25	0.471063	750	-2.964819	-96.967163		
26	0.45531	750	-3.03218	-99.999342		
27	0.439877	750	-2.855571	-102.854913		
28	0.424762	750	-2.994042	-105.848955		
29	0.409963	750	-2.963762	-108.812717		
30	0.395478	750	-2.769857	-111.582574		
31	0.381305	750	-2.804378	-114.386952		
32	0.36744	750	-2.790663	-117.177614		
33	0.353883	750	-2.660629	-119.838243		
34	0.34063	750	-2.664598	-122.502841		
35	0.32768	750	-2.494107	-124.996949		
36	0.31503	750	-2.546599	-127.543548		
37	0.302677	750	-2.444084	-129.987632		
38	0.290619	750	-2.393957	-132.381588		
39	0.278855	750	-2.368059	-134.749647		
40	0.267381	750	-2.336944	-137.086591		
41	0.256195	750	-2.286441	-139.373031		
42	0.245294	750	-2.198169	-141.5712		
43	0.234677	750	-2.168717	-143.739918		
44	0.22434	750	-2.121115	-145.861033		
45	0.214281	750	-2.058662	-147.919695		
46	0.204498	750	-1.999892	-149.919586		
47	0.194988	750	-1.961362	-151.880948		
48	0.185749	750	-1.906639	-153.787587		
49	0.176777	750	-1.83936	-155.626947		
50	0.16807	750	-1.78834	-157.415288		
51	0.159626	750	-1.747119	-159.162406		
52	0.151441	750	-1.701301	-160.863708		
53	0.143514	750	-1.648332	-162.51204		
54	0.135841	750	-1.573592	-164.085632		
55	0.12842	750	-1.560084	-165.645716		
56	0.121247	750	-1.500519	-167.146235		
57	0.11432	750	-1.445048	-168.591283		
58	0.107637	750	-1.403723	-169.995007		
59	0.101193	750	-1.377126	-171.372132		
60	0.094986	750	-1.295339	-172.667471		
61	0.089014	750	-1.258435	-173.925906		
62	0.083273	750	-1.208264	-175.13417		
63	0.07776	750	-1.178081	-176.312251		
64	0.072472	750	-1.135801	-177.448052		
65	0.067406	750	-1.099032	-178.547084		
66	0.062558	750	-1.058015	-179.605099		
67	0.057926	750	-1.030777	-180.635876		
68	0.053506	750	-0.95987	-181.595745		
69	0.049295	750	-0.954617	-182.550363		
70	0.045289	750	-0.900796	-183.451159		
71	0.041485	750	-0.843722	-184.29488		
72	0.03788	750	-0.821648	-185.116529		
73	0.034469	750	-0.779245	-185.895773		
74	0.03125	750	-0.738172	-186.633946		
75	0.028218	750	-0.722403	-187.356349		
76	0.02537	750	-0.66808	-188.024428		
77	0.022702	750	-0.623725	-188.648153		
78	0.020209	750	-0.60623	-189.254383		
79	0.017889	750	-0.570677	-189.82506		
80	0.015736	750	-0.530132	-190.355192		
81	0.013746	750	-0.505385	-190.860577		
82	0.011916	750	-0.431487	-191.292064		
83	0.01024	750	-0.42083	-191.712894		
84	0.008714	750	-0.385965	-192.098859		
85	0.007334	750	-0.335797	-192.434656		
86	0.006093	750	-0.335881	-192.770537		
87	0.004988	750	-0.277211	-193.047748		
88	0.004013	750	-0.255143	-193.302891		
89	0.003162	750	-0.225127	-193.528018		
90	0.00243	750	-0.19871	-193.726728		
91	0.00181	750	-0.17401	-193.900738		
92	0.001296	750	-0.138682	-194.03942		
93	0.000882	750	-0.117686	-194.157106		
94	0.000559	750	-0.087255	-194.24436		
95	0.00032	750	-0.068254	-194.312614		
96	0.000156	750	-0.042823	-194.355437		
97	0.000057	750	-0.028946	-194.384383		
98	0.00001	750	-0.013542	-194.397925		
99	0	750	-0.002937	-194.400862		
Log marginal likelihood:	-194.400862					
0	0.975187	750	-4.564017	-4.564017		
1	0.950747	750	-4.532664	-9.096681		
2	0.926679	750	-4.463707	-13.560388		
3	0.90298	750	-4.371398	-17.931786		
4	0.879648	750	-4.33928	-22.271066		
5	0.856682	750	-4.257085	-26.528151		
6	0.834079	750	-4.189117	-30.717268		
7	0.811838	750	-4.075245	-34.792513		
8	0.789957	750	-4.013587	-38.8061		
9	0.768433	750	-3.984713	-42.790813		
10	0.747266	750	-3.954991	-46.745804		
11	0.726452	750	-3.932918	-50.678722		
12	0.705989	750	-3.805232	-54.483954		
13	0.685877	750	-3.74332	-58.227274		
14	0.666112	750	-3.654546	-61.881821		
15	0.646693	750	-3.597288	-65.479108		
16	0.627618	750	-3.586961	-69.066069		
17	0.608884	750	-3.481595	-72.547664		
18	0.59049	750	-3.49507	-76.042734		
19	0.572433	750	-3.497891	-79.540625		
20	0.554712	750	-3.346582	-82.887207		
21	0.537324	750	-3.277011	-86.164217		
22	0.520268	750	-3.229704	-89.393921		
23	0.50354	750	-3.188399	-92.58232		
24	0.487139	750	-3.113117	-95.695437		
25	0.471063	750	-3.12625	-98.821687		
26	0.45531	750	-2.95025	-101.771937		
27	0.439877	750	-3.058716	-104.830652		
28	0.424762	750	-2.881235	-107.711888		
29	0.409963	750	-2.799071	-110.510959		
30	0.395478	750	-2.797571	-113.30853		
31	0.381305	750	-2.790131	-116.09866		
32	0.36744	750	-2.749301	-118.847961		
33	0.353883	750	-2.706899	-121.554859		
34	0.34063	750	-2.571524	-124.126383		
35	0.32768	750	-2.500624	-126.627008		
36	0.31503	750	-2.510912	-129.13792		
37	0.302677	750	-2.419271	-131.557191		
38	0.290619	750	-2.421096	-133.978287		
39	0.278855	750	-2.341091	-136.319378		
40	0.267381	750	-2.29213	-138.611508		
41	0.256195	750	-2.202378	-140.813886		
42	0.245294	750	-2.149392	-142.963278		
43	0.234677	750	-2.101696	-145.064973		
44	0.22434	750	-2.091801	-147.156774		
45	0.214281	750	-2.006597	-149.163371		
46	0.204498	750	-1.954494	-151.117865		
47	0.194988	750	-1.904082	-153.021947		
48	0.185749	750	-1.83187	-154.853816		
49	0.176777	750	-1.793615	-156.647432		
50	0.16807	750	-1.735836	-158.383268		
51	0.159626	750	-1.683153	-160.066421		
52	0.151441	750	-1.633277	-161.699698		
53	0.143514	750	-1.599891	-163.299589		
54	0.135841	750	-1.536531	-164.83612		
55	0.12842	750	-1.516995	-166.353115		
56	0.121247	750	-1.463494	-167.816609		
57	0.11432	750	-1.425386	-169.241995		
58	0.107637	750	-1.376122	-170.618117		
59	0.101193	750	-1.320173	-171.93829		
60	0.094986	750	-1.274683	-173.212973		
61	0.089014	750	-1.245776	-174.458749		
62	0.083273	750	-1.193983	-175.652732		
63	0.07776	750	-1.164371	-176.817103		
64	0.072472	750	-1.087067	-177.90417		
65	0.067406	750	-1.058265	-178.962435		
66	0.062558	750	-1.037529	-179.999964		
67	0.057926	750	-1.001384	-181.001348		
68	0.053506	750	-0.946845	-181.948193		
69	0.049295	750	-0.900453	-182.848646		
70	0.045289	750	-0.883476	-183.732121		
71	0.041485	750	-0.844955	-184.577076		
72	0.03788	750	-0.790866	-185.367943		
73	0.034469	750	-0.766196	-186.134138		
74	0.03125	750	-0.702986	-186.837125		
75	0.028218	750	-0.697164	-187.534288		
76	0.02537	750	-0.648023	-188.182311		
77	0.022702	750	-0.682187	-188.864498		
78	0.020209	750	-0.569269	-189.433767		
79	0.017889	750	-0.542824	-189.97659		
80	0.015736	750	-0.514998	-190.491588		
81	0.013746	750	-0.495198	-190.986786		
82	0.011916	750	-0.431207	-191.417993		
83	0.01024	750	-0.431598	-191.849591		
84	0.008714	750	-0.394077	-192.243668		
85	0.007334	750	-0.390876	-192.634544		
86	0.006093	750	-0.348788	-192.983333		
87	0.004988	750	-0.290564	-193.273897		
88	0.004013	750	-0.258389	-193.532287		
89	0.003162	750	-0.231751	-193.764038		
90	0.00243	750	-0.187453	-193.95149		
91	0.00181	750	-0.172423	-194.123913		
92	0.001296	750	-0.142218	-194.266131		
93	0.000882	750	-0.119362	-194.385493		
94	0.000559	750	-0.089164	-194.474657		
95	0.00032	750	-0.066847	-194.541504		
96	0.000156	750	-0.044679	-194.586183		
97	0.000057	750	-0.02704	-194.613223		
98	0.00001	750	-0.014266	-194.627488		
99	0	750	-0.00268	-194.630169		
Log marginal likelihood:	-194.630169					
0	0.975187	750	-4.54571	-4.54571		
1	0.950747	750	-4.511042	-9.056752		
2	0.926679	750	-4.474823	-13.531575		
3	0.90298	750	-4.385968	-17.917543		
4	0.879648	750	-4.279641	-22.197184		
5	0.856682	750	-4.222799	-26.419983		
6	0.834079	750	-4.174355	-30.594338		
7	0.811838	750	-4.092242	-34.68658		
8	0.789957	750	-4.021351	-38.707931		
9	0.768433	750	-4.002926	-42.710857		
10	0.747266	750	-3.899611	-46.610468		
11	0.726452	750	-3.873052	-50.48352		
12	0.705989	750	-3.834125	-54.317645		
13	0.685877	750	-3.710043	-58.027688		
14	0.666112	750	-3.693797	-61.721485		
15	0.646693	750	-3.6429	-65.364386		
16	0.627618	750	-3.572753	-68.937139		
17	0.608884	750	-3.526426	-72.463565		
18	0.59049	750	-3.61329	-76.076855		
19	0.572433	750	-3.460446	-79.537301		
20	0.554712	750	-3.399195	-82.936496		
21	0.537324	750	-3.309591	-86.246087		
22	0.520268	750	-3.168642	-89.41473		
23	0.50354	750	-3.112467	-92.527197		
24	0.487139	750	-3.088338	-95.615535		
25	0.471063	750	-3.059854	-98.675389		
26	0.45531	750	-2.950497	-101.625886		
27	0.439877	750	-2.923529	-104.549415		
28	0.424762	750	-2.960297	-107.509712		
29	0.409963	750	-2.881434	-110.391146		
30	0.395478	750	-2.86052	-113.251666		
31	0.381305	750	-2.694934	-115.9466		
32	0.36744	750	-2.700412	-118.647012		
33	0.353883	750	-2.708406	-121.355419		
34	0.34063	750	-2.57057	-123.925988		
35	0.32768	750	-2.524445	-126.450433		
36	0.31503	750	-2.488636	-128.939069		
37	0.302677	750	-2.434699	-131.373768		
38	0.290619	750	-2.379218	-133.752985		
39	0.278855	750	-2.350185	-136.10317		
40	0.267381	750	-2.308388	-138.411559		
41	0.256195	750	-2.21527	-140.626829		
42	0.245294	750	-2.192287	-142.819116		
43	0.234677	750	-2.155637	-144.974753		
44	0.22434	750	-2.075628	-147.05038		
45	0.214281	750	-2.054187	-149.104568		
46	0.204498	750	-1.969911	-151.074479		
47	0.194988	750	-1.907872	-152.982351		
48	0.185749	750	-1.86011	-154.842461		
49	0.176777	750	-1.829966	-156.672426		
50	0.16807	750	-1.748308	-158.420734		
51	0.159626	750	-1.707732	-160.128466		
52	0.151441	750	-1.658926	-161.787392		
53	0.143514	750	-1.61376	-163.401153		
54	0.135841	750	-1.554314	-164.955467		
55	0.12842	750	-1.520955	-166.476422		
56	0.121247	750	-1.470438	-167.94686		
57	0.11432	750	-1.440452	-169.387311		
58	0.107637	750	-1.390136	-170.777447		
59	0.101193	750	-1.336077	-172.113525		
60	0.094986	750	-1.302721	-173.416246		
61	0.089014	750	-1.239166	-174.655412		
62	0.083273	750	-1.194605	-175.850017		
63	0.07776	750	-1.165784	-177.0158		
64	0.072472	750	-1.128305	-178.144106		
65	0.067406	750	-1.113885	-179.25799		
66	0.062558	750	-1.042923	-180.300913		
67	0.057926	750	-0.989572	-181.290485		
68	0.053506	750	-0.966986	-182.257471		
69	0.049295	750	-0.908245	-183.165716		
70	0.045289	750	-0.865705	-184.031421		
71	0.041485	750	-0.837104	-184.868525		
72	0.03788	750	-0.806843	-185.675368		
73	0.034469	750	-0.772073	-186.447441		
74	0.03125	750	-0.765576	-187.213017		
75	0.028218	750	-0.699726	-187.912743		
76	0.02537	750	-0.660157	-188.5729		
77	0.022702	750	-0.623568	-189.196468		
78	0.020209	750	-0.605735	-189.802204		
79	0.017889	750	-0.555358	-190.357562		
80	0.015736	750	-0.51498	-190.872542		
81	0.013746	750	-0.482343	-191.354885		
82	0.011916	750	-0.441815	-191.7967		
83	0.01024	750	-0.428352	-192.225051		
84	0.008714	750	-0.407076	-192.632127		
85	0.007334	750	-0.336133	-192.96826		
86	0.006093	750	-0.341689	-193.309949		
87	0.004988	750	-0.283581	-193.593531		
88	0.004013	750	-0.265207	-193.858738		
89	0.003162	750	-0.23053	-194.089269		
90	0.00243	750	-0.181002	-194.270271		
91	0.00181	750	-0.167705	-194.437976		
92	0.001296	750	-0.138039	-194.576014		
93	0.000882	750	-0.116934	-194.692949		
94	0.000559	750	-0.084103	-194.777051		
95	0.00032	750	-0.070898	-194.847949		
96	0.000156	750	-0.042363	-194.890313		
97	0.000057	750	-0.029263	-194.919576		
98	0.00001	750	-0.013196	-194.932772		
99	0	750	-0.002917	-194.935689		
Log marginal likelihood:	-194.935689					
0	0.975187	750	-4.624075	-4.624075		
1	0.950747	750	-4.496794	-9.120868		
2	0.926679	750	-4.510821	-13.631689		
3	0.90298	750	-4.43453	-18.06622		
4	0.879648	750	-4.30878	-22.374999		
5	0.856682	750	-4.237912	-26.612911		
6	0.834079	750	-4.15781	-30.770721		
7	0.811838	750	-4.095332	-34.866053		
8	0.789957	750	-4.072516	-38.938568		
9	0.768433	750	-3.969032	-42.907601		
10	0.747266	750	-3.932223	-46.839824		
11	0.726452	750	-3.850236	-50.69006		
12	0.705989	750	-3.80679	-54.496851		
13	0.685877	750	-3.745869	-58.242719		
14	0.666112	750	-3.697321	-61.940041		
15	0.646693	750	-3.639012	-65.579053		
16	0.627618	750	-3.56823	-69.147283		
17	0.608884	750	-3.495813	-72.643097		
18	0.59049	750	-3.486401	-76.129498		
19	0.572433	750	-3.408906	-79.538403		
20	0.554712	750	-3.323916	-82.862319		
21	0.537324	750	-3.394898	-86.257217		
22	0.520268	750	-3.205563	-89.46278		
23	0.50354	750	-3.130562	-92.593342		
24	0.487139	750	-3.27079	-95.864132		
25	0.471063	750	-3.147715	-99.011847		
26	0.45531	750	-3.065777	-102.077624		
27	0.439877	750	-2.970255	-105.047879		
28	0.424762	750	-2.838651	-107.88653		
29	0.409963	750	-2.785033	-110.671563		
30	0.395478	750	-2.900579	-113.572142		
31	0.381305	750	-2.846913	-116.419055		
32	0.36744	750	-2.747349	-119.166404		
33	0.353883	750	-2.736642	-121.903046		
34	0.34063	750	-2.656435	-124.559481		
35	0.32768	750	-2.57151	-127.130991		
36	0.31503	750	-2.48867	-129.619661		
37	0.302677	750	-2.496837	-132.116499		
38	0.290619	750	-2.404926	-134.521425		
39	0.278855	750	-2.397269	-136.918694		
40	0.267381	750	-2.327083	-139.245777		
41	0.256195	750	-2.252964	-141.498741		
42	0.245294	750	-2.206994	-143.705735		
43	0.234677	750	-2.154219	-145.859954		
44	0.22434	750	-2.09767	-147.957624		
45	0.214281	750	-2.046002	-150.003626		
46	0.204498	750	-1.991458	-151.995084		
47	0.194988	750	-1.932098	-153.927182		
48	0.185749	750	-1.888163	-155.815345		
49	0.176777	750	-1.824657	-157.640001		
50	0.16807	750	-1.781309	-159.421311		
51	0.159626	750	-1.724445	-161.145755		
52	0.151441	750	-1.701966	-162.847721		
53	0.143514	750	-1.634196	-164.481917		
54	0.135841	750	-1.580524	-166.062441		
55	0.12842	750	-1.549024	-167.611465		
56	0.121247	750	-1.486573	-169.098038		
57	0.11432	750	-1.445304	-170.543342		
58	0.107637	750	-1.394074	-171.937415		
59	0.101193	750	-1.366265	-173.303681		
60	0.094986	750	-1.298372	-174.602052		
61	0.089014	750	-1.239668	-175.841721		
62	0.083273	750	-1.212249	-177.053969		
63	0.07776	750	-1.173736	-178.227706		
64	0.072472	750	-1.144409	-179.372114		
65	0.067406	750	-1.097528	-180.469642		
66	0.062558	750	-1.034954	-181.504597		
67	0.057926	750	-1.012971	-182.517567		
68	0.053506	750	-0.954879	-183.472446		
69	0.049295	750	-0.944889	-184.417335		
70	0.045289	750	-0.905534	-185.322869		
71	0.041485	750	-0.87755	-186.200419		
72	0.03788	750	-0.804045	-187.004464		
73	0.034469	750	-0.765844	-187.770308		
74	0.03125	750	-0.733113	-188.50342		
75	0.028218	750	-0.696273	-189.199693		
76	0.02537	750	-0.672674	-189.872368		
77	0.022702	750	-0.642282	-190.51465		
78	0.020209	750	-0.592105	-191.106755		
79	0.017889	750	-0.582443	-191.689198		
80	0.015736	750	-0.54906	-192.238258		
81	0.013746	750	-0.478737	-192.716995		
82	0.011916	750	-0.471294	-193.188289		
83	0.01024	750	-0.426262	-193.614551		
84	0.008714	750	-0.427443	-194.041994		
85	0.007334	750	-0.353537	-194.395531		
86	0.006093	750	-0.329817	-194.725348		
87	0.004988	750	-0.293543	-195.018891		
88	0.004013	750	-0.252906	-195.271797		
89	0.003162	750	-0.216872	-195.488669		
90	0.00243	750	-0.205945	-195.694615		
91	0.00181	750	-0.168681	-195.863295		
92	0.001296	750	-0.136011	-195.999306		
93	0.000882	750	-0.113319	-196.112625		
94	0.000559	750	-0.092433	-196.205058		
95	0.00032	750	-0.068787	-196.273845		
96	0.000156	750	-0.047935	-196.32178		
97	0.000057	750	-0.025816	-196.347596		
98	0.00001	750	-0.013584	-196.36118		
99	0	750	-0.002865	-196.364045		
Log marginal likelihood:	-196.364045					
0	0.975187	750	-4.323155	-4.323155		
1	0.950747	750	-4.304657	-8.627811		
2	0.926679	750	-4.229164	-12.856975		
3	0.90298	750	-4.206715	-17.06369		
4	0.879648	750	-4.0883	-21.15199		
5	0.856682	750	-4.060421	-25.212411		
6	0.834079	750	-3.977148	-29.189559		
7	0.811838	750	-3.929537	-33.119096		
8	0.789957	750	-3.90619	-37.025286		
9	0.768433	750	-3.840622	-40.865908		
10	0.747266	750	-3.831848	-44.697756		
11	0.726452	750	-3.71805	-48.415806		
12	0.705989	750	-3.635442	-52.051248		
13	0.685877	750	-3.561433	-55.612681		
14	0.666112	750	-3.500044	-59.112725		
15	0.646693	750	-3.517752	-62.630477		
16	0.627618	750	-3.464775	-66.095252		
17	0.608884	750	-3.307941	-69.403193		
18	0.59049	750	-3.276113	-72.679306		
19	0.572433	750	-3.206995	-75.886301		
20	0.554712	750	-3.193048	-79.07935		
21	0.537324	750	-3.114115	-82.193465		
22	0.520268	750	-3.222905	-85.41637		
23	0.50354	750	-3.230598	-88.646968		
24	0.487139	750	-2.923201	-91.570169		
25	0.471063	750	-2.944921	-94.51509		
26	0.45531	750	-2.91025	-97.42534		
27	0.439877	750	-2.91039	-100.33573		
28	0.424762	750	-2.80914	-103.144871		
29	0.409963	750	-2.693473	-105.838343		
30	0.395478	750	-2.706324	-108.544667		
31	0.381305	750	-2.774732	-111.319399		
32	0.36744	750	-2.658735	-113.978134		
33	0.353883	750	-2.603326	-116.58146		
34	0.34063	750	-2.631134	-119.212594		
35	0.32768	750	-2.541515	-121.754109		
36	0.31503	750	-2.519721	-124.27383		
37	0.302677	750	-2.446425	-126.720255		
38	0.290619	750	-2.357075	-129.077329		
39	0.278855	750	-2.301273	-131.378602		
40	0.267381	750	-2.320401	-133.699003		
41	0.256195	750	-2.253677	-135.95268		
42	0.245294	750	-2.182718	-138.135398		
43	0.234677	750	-2.128339	-140.263737		
44	0.22434	750	-2.07794	-142.341678		
45	0.214281	750	-2.030855	-144.372533		
46	0.204498	750	-1.976459	-146.348991		
47	0.194988	750	-1.886725	-148.235716		
48	0.185749	750	-1.863108	-150.098824		
49	0.176777	750	-1.801651	-151.900475		
50	0.16807	750	-1.79469	-153.695165		
51	0.159626	750	-1.699749	-155.394914		
52	0.151441	750	-1.675397	-157.070311		
53	0.143514	750	-1.633687	-158.703998		
54	0.135841	750	-1.54753	-160.251528		
55	0.12842	750	-1.541563	-161.793092		
56	0.121247	750	-1.474942	-163.268034		
57	0.11432	750	-1.433459	-164.701493		
58	0.107637	750	-1.382692	-166.084185		
59	0.101193	750	-1.354434	-167.438619		
60	0.094986	750	-1.295964	-168.734583		
61	0.089014	750	-1.249037	-169.98362		
62	0.083273	750	-1.215562	-171.199182		
63	0.07776	750	-1.181733	-172.380915		
64	0.072472	750	-1.121391	-173.502307		
65	0.067406	750	-1.080086	-174.582393		
66	0.062558	750	-1.048003	-175.630396		
67	0.057926	750	-1.004613	-176.63501		
68	0.053506	750	-0.936404	-177.571414		
69	0.049295	750	-0.909312	-178.480726		
70	0.045289	750	-0.881755	-179.362481		
71	0.041485	750	-0.832674	-180.195155		
72	0.03788	750	-0.838266	-181.033421		
73	0.034469	750	-0.749246	-181.782667		
74	0.03125	750	-0.738526	-182.521193		
75	0.028218	750	-0.695332	-183.216524		
76	0.02537	750	-0.64356	-183.860084		
77	0.022702	750	-0.635342	-184.495427		
78	0.020209	750	-0.582665	-185.078091		
79	0.017889	750	-0.562	-185.640092		
80	0.015736	750	-0.52745	-186.167541		
81	0.013746	750	-0.500008	-186.667549		
82	0.011916	750	-0.445137	-187.112686		
83	0.01024	750	-0.417191	-187.529877		
84	0.008714	750	-0.38149	-187.911367		
85	0.007334	750	-0.361687	-188.273055		
86	0.006093	750	-0.317533	-188.590588		
87	0.004988	750	-0.308289	-188.898878		
88	0.004013	750	-0.263256	-189.162133		
89	0.003162	750	-0.230566	-189.392699		
90	0.00243	750	-0.196462	-189.589161		
91	0.00181	750	-0.167973	-189.757134		
92	0.001296	750	-0.144427	-189.90156		
93	0.000882	750	-0.114323	-190.015883		
94	0.000559	750	-0.084603	-190.100486		
95	0.00032	750	-0.060785	-190.161271		
96	0.000156	750	-0.045524	-190.206795		
97	0.000057	750	-0.027594	-190.234389		
98	0.00001	750	-0.012322	-190.246711		
99	0	750	-0.003247	-190.249958		
Log marginal likelihood:	-190.249958					
0	0.975187	750	-4.452284	-4.452284		
1	0.950747	750	-4.37465	-8.826934		
2	0.926679	750	-4.304654	-13.131588		
3	0.90298	750	-4.288199	-17.419788		
4	0.879648	750	-4.197497	-21.617285		
5	0.856682	750	-4.159101	-25.776386		
6	0.834079	750	-4.047261	-29.823647		
7	0.811838	750	-4.035549	-33.859196		
8	0.789957	750	-3.949632	-37.808828		
9	0.768433	750	-3.852541	-41.661369		
10	0.747266	750	-3.918938	-45.580307		
11	0.726452	750	-3.758831	-49.339138		
12	0.705989	750	-3.759992	-53.09913		
13	0.685877	750	-3.707297	-56.806427		
14	0.666112	750	-3.64182	-60.448248		
15	0.646693	750	-3.504889	-63.953137		
16	0.627618	750	-3.582202	-67.53534		
17	0.608884	750	-3.428244	-70.963584		
18	0.59049	750	-3.349348	-74.312932		
19	0.572433	750	-3.318558	-77.63149		
20	0.554712	750	-3.376222	-81.007712		
21	0.537324	750	-3.195223	-84.202934		
22	0.520268	750	-3.156043	-87.358977		
23	0.50354	750	-3.112276	-90.471253		
24	0.487139	750	-3.080755	-93.552008		
25	0.471063	750	-3.034317	-96.586325		
26	0.45531	750	-2.903111	-99.489436		
27	0.439877	750	-2.902901	-102.392338		
28	0.424762	750	-2.912844	-105.305182		
29	0.409963	750	-2.780739	-108.08592		
30	0.395478	750	-2.840408	-110.926328		
31	0.381305	750	-2.670783	-113.597111		
32	0.36744	750	-2.691318	-116.288429		
33	0.353883	750	-2.668662	-118.957091		
34	0.34063	750	-2.599029	-121.55612		
35	0.32768	750	-2.532718	-124.088839		
36	0.31503	750	-2.440618	-126.529457		
37	0.302677	750	-2.340193	-128.869651		
38	0.290619	750	-2.371174	-131.240824		
39	0.278855	750	-2.252846	-133.49367		
40	0.267381	750	-2.242667	-135.736337		
41	0.256195	750	-2.215463	-137.9518		
42	0.245294	750	-2.148669	-140.100469		
43	0.234677	750	-2.056782	-142.157251		
44	0.22434	750	-2.031099	-144.18835		
45	0.214281	750	-1.999262	-146.187611		
46	0.204498	750	-1.928996	-148.116607		
47	0.194988	750	-1.906481	-150.023088		
48	0.185749	750	-1.843372	-151.86646		
49	0.176777	750	-1.794234	-153.660695		
50	0.16807	750	-1.703969	-155.364663		
51	0.159626	750	-1.705028	-157.069691		
52	0.151441	750	-1.657429	-158.72712		
53	0.143514	750	-1.609926	-160.337046		
54	0.135841	750	-1.566037	-161.903083		
55	0.12842	750	-1.503986	-163.407069		
56	0.121247	750	-1.493111	-164.900181		
57	0.11432	750	-1.426482	-166.326662		
58	0.107637	750	-1.36693	-167.693593		
59	0.101193	750	-1.344561	-169.038154		
60	0.094986	750	-1.282433	-170.320586		
61	0.089014	750	-1.234073	-171.554659		
62	0.083273	750	-1.204488	-172.759148		
63	0.07776	750	-1.168642	-173.927789		
64	0.072472	750	-1.096087	-175.023877		
65	0.067406	750	-1.06784	-176.091717		
66	0.062558	750	-1.055634	-177.147351		
67	0.057926	750	-0.972364	-178.119715		
68	0.053506	750	-0.954299	-179.074014		
69	0.049295	750	-0.925275	-179.999289		
70	0.045289	750	-0.870549	-180.869838		
71	0.041485	750	-0.838458	-181.708296		
72	0.03788	750	-0.807333	-182.515629		
73	0.034469	750	-0.732061	-183.24769		
74	0.03125	750	-0.706805	-183.954495		
75	0.028218	750	-0.678475	-184.63297		
76	0.02537	750	-0.646003	-185.278973		
77	0.022702	750	-0.628446	-185.907418		
78	0.020209	750	-0.615512	-186.52293		
79	0.017889	750	-0.536751	-187.059681		
80	0.015736	750	-0.529181	-187.588863		
81	0.013746	750	-0.492481	-188.081343		
82	0.011916	750	-0.45118	-188.532523		
83	0.01024	750	-0.418832	-188.951355		
84	0.008714	750	-0.393941	-189.345296		
85	0.007334	750	-0.348948	-189.694244		
86	0.006093	750	-0.347182	-190.041425		
87	0.004988	750	-0.277386	-190.318811		
88	0.004013	750	-0.250239	-190.56905		
89	0.003162	750	-0.245122	-190.814173		
90	0.00243	750	-0.190004	-191.004177		
91	0.00181	750	-0.172787	-191.176964		
92	0.001296	750	-0.145849	-191.322812		
93	0.000882	750	-0.106533	-191.429346		
94	0.000559	750	-0.090965	-191.520311		
95	0.00032	750	-0.065348	-191.585659		
96	0.000156	750	-0.045038	-191.630697		
97	0.000057	750	-0.027781	-191.658478		
98	0.00001	750	-0.013723	-191.672201		
99	0	750	-0.002842	-191.675043		
Log marginal likelihood:	-191.675043					
0	0.975187	750	-4.501845	-4.501845		
1	0.950747	750	-4.42925	-8.931094		
2	0.926679	750	-4.396127	-13.327221		
3	0.90298	750	-4.35415	-17.681371		
4	0.879648	750	-4.273713	-21.955084		
5	0.856682	750	-4.193776	-26.148861		
6	0.834079	750	-4.160574	-30.309435		
7	0.811838	750	-4.101053	-34.410488		
8	0.789957	750	-4.033433	-38.443921		
9	0.768433	750	-3.95032	-42.394242		
10	0.747266	750	-3.860864	-46.255106		
11	0.726452	750	-3.806403	-50.061509		
12	0.705989	750	-3.754788	-53.816297		
13	0.685877	750	-3.697144	-57.513441		
14	0.666112	750	-3.674163	-61.187604		
15	0.646693	750	-3.552788	-64.740392		
16	0.627618	750	-3.554951	-68.295342		
17	0.608884	750	-3.534836	-71.830178		
18	0.59049	750	-3.388542	-75.21872		
19	0.572433	750	-3.393404	-78.612124		
20	0.554712	750	-3.303999	-81.916122		
21	0.537324	750	-3.19304	-85.109162		
22	0.520268	750	-3.16301	-88.272173		
23	0.50354	750	-3.13818	-91.410353		
24	0.487139	750	-3.125979	-94.536332		
25	0.471063	750	-3.046713	-97.583046		
26	0.45531	750	-3.041459	-100.624504		
27	0.439877	750	-2.876018	-103.500523		
28	0.424762	750	-2.941425	-106.441947		
29	0.409963	750	-2.930948	-109.372895		
30	0.395478	750	-2.845179	-112.218075		
31	0.381305	750	-2.758966	-114.97704		
32	0.36744	750	-2.755877	-117.732917		
33	0.353883	750	-2.623494	-120.356411		
34	0.34063	750	-2.506823	-122.863234		
35	0.32768	750	-2.448262	-125.311496		
36	0.31503	750	-2.42092	-127.732417		
37	0.302677	750	-2.481691	-130.214107		
38	0.290619	750	-2.420118	-132.634226		
39	0.278855	750	-2.382639	-135.016864		
40	0.267381	750	-2.309704	-137.326569		
41	0.256195	750	-2.234202	-139.560771		
42	0.245294	750	-2.198448	-141.759219		
43	0.234677	750	-2.091032	-143.850251		
44	0.22434	750	-2.116444	-145.966696		
45	0.214281	750	-2.045163	-148.011859		
46	0.204498	750	-1.980691	-149.99255		
47	0.194988	750	-1.89382	-151.88637		
48	0.185749	750	-1.868219	-153.75459		
49	0.176777	750	-1.822427	-155.577017		
50	0.16807	750	-1.786126	-157.363143		
51	0.159626	750	-1.732433	-159.095576		
52	0.151441	750	-1.679379	-160.774955		
53	0.143514	750	-1.616962	-162.391917		
54	0.135841	750	-1.569711	-163.961628		
55	0.12842	750	-1.560846	-165.522474		
56	0.121247	750	-1.474328	-166.996802		
57	0.11432	750	-1.436608	-168.43341		
58	0.107637	750	-1.410394	-169.843804		
59	0.101193	750	-1.335743	-171.179547		
60	0.094986	750	-1.297276	-172.476823		
61	0.089014	750	-1.263457	-173.74028		
62	0.083273	750	-1.226821	-174.967101		
63	0.07776	750	-1.173331	-176.140432		
64	0.072472	750	-1.140515	-177.280946		
65	0.067406	750	-1.100828	-178.381775		
66	0.062558	750	-1.060343	-179.442117		
67	0.057926	750	-1.020389	-180.462507		
68	0.053506	750	-0.96079	-181.423296		
69	0.049295	750	-0.933572	-182.356868		
70	0.045289	750	-0.883135	-183.240003		
71	0.041485	750	-0.897031	-184.137034		
72	0.03788	750	-0.83714	-184.974174		
73	0.034469	750	-0.789051	-185.763226		
74	0.03125	750	-0.708548	-186.471773		
75	0.028218	750	-0.720215	-187.191988		
76	0.02537	750	-0.651	-187.842988		
77	0.022702	750	-0.604746	-188.447734		
78	0.020209	750	-0.602716	-189.05045		
79	0.017889	750	-0.564021	-189.614471		
80	0.015736	750	-0.512906	-190.127377		
81	0.013746	750	-0.484539	-190.611915		
82	0.011916	750	-0.461289	-191.073204		
83	0.01024	750	-0.445434	-191.518638		
84	0.008714	750	-0.388473	-191.907111		
85	0.007334	750	-0.346438	-192.253549		
86	0.006093	750	-0.313204	-192.566752		
87	0.004988	750	-0.284613	-192.851365		
88	0.004013	750	-0.235754	-193.087119		
89	0.003162	750	-0.224422	-193.311541		
90	0.00243	750	-0.18639	-193.49793		
91	0.00181	750	-0.153658	-193.651588		
92	0.001296	750	-0.136266	-193.787854		
93	0.000882	750	-0.114011	-193.901865		
94	0.000559	750	-0.085322	-193.987188		
95	0.00032	750	-0.063611	-194.050799		
96	0.000156	750	-0.046105	-194.096904		
97	0.000057	750	-0.028136	-194.12504		
98	0.00001	750	-0.013197	-194.138238		
99	0	750	-0.003073	-194.14131		
Log marginal likelihood:	-194.14131					
0	0.975187	750	-4.200559	-4.200559		
1	0.950747	750	-4.311482	-8.512041		
2	0.926679	750	-4.075962	-12.588003		
3	0.90298	750	-4.068825	-16.656828		
4	0.879648	750	-3.99288	-20.649708		
5	0.856682	750	-4.027629	-24.677337		
6	0.834079	750	-3.90662	-28.583957		
7	0.811838	750	-3.884128	-32.468086		
8	0.789957	750	-3.765199	-36.233284		
9	0.768433	750	-3.712033	-39.945317		
10	0.747266	750	-3.632566	-43.577884		
11	0.726452	750	-3.641669	-47.219553		
12	0.705989	750	-3.593317	-50.812869		
13	0.685877	750	-3.590371	-54.40324		
14	0.666112	750	-3.627343	-58.030583		
15	0.646693	750	-3.356298	-61.386882		
16	0.627618	750	-3.37153	-64.758412		
17	0.608884	750	-3.306725	-68.065137		
18	0.59049	750	-3.177349	-71.242486		
19	0.572433	750	-3.206458	-74.448943		
20	0.554712	750	-3.153418	-77.602362		
21	0.537324	750	-3.060786	-80.663148		
22	0.520268	750	-3.078617	-83.741765		
23	0.50354	750	-2.991936	-86.733701		
24	0.487139	750	-2.960081	-89.693783		
25	0.471063	750	-2.894255	-92.588038		
26	0.45531	750	-2.827834	-95.415872		
27	0.439877	750	-2.751657	-98.167529		
28	0.424762	750	-2.788235	-100.955764		
29	0.409963	750	-2.675621	-103.631384		
30	0.395478	750	-2.693605	-106.32499		
31	0.381305	750	-2.550881	-108.875871		
32	0.36744	750	-2.511602	-111.387473		
33	0.353883	750	-2.505223	-113.892695		
34	0.34063	750	-2.46861	-116.361306		
35	0.32768	750	-2.409704	-118.771009		
36	0.31503	750	-2.323225	-121.094234		
37	0.302677	750	-2.322865	-123.417099		
38	0.290619	750	-2.286367	-125.703465		
39	0.278855	750	-2.145143	-127.848609		
40	0.267381	750	-2.193543	-130.042152		
41	0.256195	750	-2.14294	-132.185092		
42	0.245294	750	-2.087473	-134.272565		
43	0.234677	750	-2.048814	-136.321379		
44	0.22434	750	-2.007223	-138.328603		
45	0.214281	750	-1.930343	-140.258946		
46	0.204498	750	-1.887801	-142.146747		
47	0.194988	750	-1.863418	-144.010165		
48	0.185749	750	-1.796827	-145.806992		
49	0.176777	750	-1.782099	-147.58909		
50	0.16807	750	-1.710681	-149.299771		
51	0.159626	750	-1.648368	-150.948139		
52	0.151441	750	-1.643031	-152.591169		
53	0.143514	750	-1.590831	-154.182001		
54	0.135841	750	-1.530818	-155.712818		
55	0.12842	750	-1.48634	-157.199158		
56	0.121247	750	-1.433784	-158.632942		
57	0.11432	750	-1.377387	-160.010329		
58	0.107637	750	-1.350391	-161.36072		
59	0.101193	750	-1.316456	-162.677176		
60	0.094986	750	-1.265953	-163.943129		
61	0.089014	750	-1.237763	-165.180892		
62	0.083273	750	-1.184358	-166.36525		
63	0.07776	750	-1.161725	-167.526975		
64	0.072472	750	-1.090306	-168.617282		
65	0.067406	750	-1.072753	-169.690035		
66	0.062558	750	-1.031453	-170.721488		
67	0.057926	750	-0.988659	-171.710147		
68	0.053506	750	-0.94733	-172.657477		
69	0.049295	750	-0.898783	-173.556259		
70	0.045289	750	-0.844087	-174.400347		
71	0.041485	750	-0.82071	-175.221057		
72	0.03788	750	-0.787105	-176.008161		
73	0.034469	750	-0.749718	-176.757879		
74	0.03125	750	-0.70881	-177.466689		
75	0.028218	750	-0.695698	-178.162387		
76	0.02537	750	-0.633598	-178.795985		
77	0.022702	750	-0.639423	-179.435408		
78	0.020209	750	-0.60282	-180.038227		
79	0.017889	750	-0.544977	-180.583204		
80	0.015736	750	-0.503349	-181.086553		
81	0.013746	750	-0.533994	-181.620548		
82	0.011916	750	-0.478658	-182.099205		
83	0.01024	750	-0.40622	-182.505425		
84	0.008714	750	-0.37621	-182.881635		
85	0.007334	750	-0.375909	-183.257544		
86	0.006093	750	-0.341757	-183.5993		
87	0.004988	750	-0.302	-183.9013		
88	0.004013	750	-0.230106	-184.131406		
89	0.003162	750	-0.215557	-184.346963		
90	0.00243	750	-0.210239	-184.557202		
91	0.00181	750	-0.148317	-184.705519		
92	0.001296	750	-0.134875	-184.840394		
93	0.000882	750	-0.103844	-184.944239		
94	0.000559	750	-0.090759	-185.034998		
95	0.00032	750	-0.061871	-185.096869		
96	0.000156	750	-0.044376	-185.141245		
97	0.000057	750	-0.0277	-185.168945		
98	0.00001	750	-0.012745	-185.18169		
99	0	750	-0.002823	-185.184512		
Log marginal likelihood:	-185.184512					
0	0.975187	750	-4.677034	-4.677034		
1	0.950747	750	-4.675063	-9.352097		
2	0.926679	750	-4.508423	-13.86052		
3	0.90298	750	-4.419117	-18.279637		
4	0.879648	750	-4.347193	-22.62683		
5	0.856682	750	-4.310476	-26.937306		
6	0.834079	750	-4.20199	-31.139296		
7	0.811838	750	-4.120785	-35.260082		
8	0.789957	750	-4.103342	-39.363424		
9	0.768433	750	-4.066879	-43.430303		
10	0.747266	750	-4.055581	-47.485883		
11	0.726452	750	-3.909004	-51.394888		
12	0.705989	750	-4.013934	-55.408822		
13	0.685877	750	-3.791563	-59.200385		
14	0.666112	750	-3.798489	-62.998874		
15	0.646693	750	-3.636713	-66.635587		
16	0.627618	750	-3.58864	-70.224228		
17	0.608884	750	-3.496499	-73.720726		
18	0.59049	750	-3.460415	-77.181141		
19	0.572433	750	-3.374994	-80.556135		
20	0.554712	750	-3.470503	-84.026638		
21	0.537324	750	-3.370912	-87.39755		
22	0.520268	750	-3.411728	-90.809277		
23	0.50354	750	-3.32568	-94.134958		
24	0.487139	750	-3.293469	-97.428427		
25	0.471063	750	-3.030283	-100.45871		
26	0.45531	750	-3.07797	-103.53668		
27	0.439877	750	-2.929515	-106.466195		
28	0.424762	750	-2.943724	-109.409919		
29	0.409963	750	-2.970165	-112.380084		
30	0.395478	750	-2.836969	-115.217053		
31	0.381305	750	-2.808953	-118.026006		
32	0.36744	750	-2.779293	-120.805299		
33	0.353883	750	-2.713565	-123.518864		
34	0.34063	750	-2.658673	-126.177537		
35	0.32768	750	-2.577226	-128.754762		
36	0.31503	750	-2.547648	-131.30241		
37	0.302677	750	-2.502504	-133.804914		
38	0.290619	750	-2.436692	-136.241606		
39	0.278855	750	-2.382647	-138.624253		
40	0.267381	750	-2.330265	-140.954518		
41	0.256195	750	-2.260802	-143.21532		
42	0.245294	750	-2.217775	-145.433095		
43	0.234677	750	-2.143397	-147.576492		
44	0.22434	750	-2.077664	-149.654156		
45	0.214281	750	-2.036597	-151.690752		
46	0.204498	750	-2.006286	-153.697039		
47	0.194988	750	-1.9443	-155.641339		
48	0.185749	750	-1.875792	-157.517131		
49	0.176777	750	-1.842799	-159.35993		
50	0.16807	750	-1.808105	-161.168035		
51	0.159626	750	-1.735304	-162.903339		
52	0.151441	750	-1.678121	-164.58146		
53	0.143514	750	-1.6439	-166.22536		
54	0.135841	750	-1.591397	-167.816757		
55	0.12842	750	-1.542864	-169.359622		
56	0.121247	750	-1.481619	-170.84124		
57	0.11432	750	-1.452356	-172.293596		
58	0.107637	750	-1.403239	-173.696835		
59	0.101193	750	-1.355322	-175.052157		
60	0.094986	750	-1.288863	-176.34102		
61	0.089014	750	-1.252847	-177.593867		
62	0.083273	750	-1.20906	-178.802927		
63	0.07776	750	-1.155124	-179.958051		
64	0.072472	750	-1.14797	-181.106021		
65	0.067406	750	-1.101928	-182.207949		
66	0.062558	750	-1.032046	-183.239996		
67	0.057926	750	-0.994434	-184.23443		
68	0.053506	750	-0.964282	-185.198712		
69	0.049295	750	-0.915706	-186.114419		
70	0.045289	750	-0.881774	-186.996193		
71	0.041485	750	-0.829152	-187.825345		
72	0.03788	750	-0.798562	-188.623907		
73	0.034469	750	-0.765585	-189.389492		
74	0.03125	750	-0.714787	-190.104279		
75	0.028218	750	-0.678119	-190.782398		
76	0.02537	750	-0.661274	-191.443672		
77	0.022702	750	-0.643351	-192.087022		
78	0.020209	750	-0.590484	-192.677506		
79	0.017889	750	-0.57895	-193.256457		
80	0.015736	750	-0.499314	-193.75577		
81	0.013746	750	-0.497564	-194.253335		
82	0.011916	750	-0.458602	-194.711936		
83	0.01024	750	-0.406653	-195.118589		
84	0.008714	750	-0.381855	-195.500444		
85	0.007334	750	-0.346182	-195.846626		
86	0.006093	750	-0.315887	-196.162513		
87	0.004988	750	-0.306428	-196.468941		
88	0.004013	750	-0.28781	-196.756751		
89	0.003162	750	-0.232669	-196.98942		
90	0.00243	750	-0.219596	-197.209016		
91	0.00181	750	-0.189997	-197.399013		
92	0.001296	750	-0.134738	-197.53375		
93	0.000882	750	-0.108943	-197.642694		
94	0.000559	750	-0.086383	-197.729077		
95	0.00032	750	-0.065334	-197.794411		
96	0.000156	750	-0.045702	-197.840113		
97	0.000057	750	-0.025158	-197.86527		
98	0.00001	750	-0.014654	-197.879924		
99	0	750	-0.00279	-197.882714		
Log marginal likelihood:	-197.882714					
0	0.975187	750	-4.53764	-4.53764		
1	0.950747	750	-4.50306	-9.0407		
2	0.926679	750	-4.45149	-13.49219		
3	0.90298	750	-4.407304	-17.899494		
4	0.879648	750	-4.333993	-22.233487		
5	0.856682	750	-4.221646	-26.455133		
6	0.834079	750	-4.224643	-30.679776		
7	0.811838	750	-4.120715	-34.800491		
8	0.789957	750	-4.088757	-38.889247		
9	0.768433	750	-4.018339	-42.907587		
10	0.747266	750	-3.934183	-46.841769		
11	0.726452	750	-3.901274	-50.743043		
12	0.705989	750	-3.832188	-54.575231		
13	0.685877	750	-3.780733	-58.355964		
14	0.666112	750	-3.75077	-62.106734		
15	0.646693	750	-3.632448	-65.739182		
16	0.627618	750	-3.559525	-69.298707		
17	0.608884	750	-3.539739	-72.838446		
18	0.59049	750	-3.455732	-76.294178		
19	0.572433	750	-3.458202	-79.75238		
20	0.554712	750	-3.370251	-83.122631		
21	0.537324	750	-3.339639	-86.462271		
22	0.520268	750	-3.188975	-89.651245		
23	0.50354	750	-3.161108	-92.812353		
24	0.487139	750	-3.081782	-95.894135		
25	0.471063	750	-3.15293	-99.047065		
26	0.45531	750	-3.027614	-102.074679		
27	0.439877	750	-2.905026	-104.979704		
28	0.424762	750	-2.895079	-107.874783		
29	0.409963	750	-2.875753	-110.750535		
30	0.395478	750	-2.814227	-113.564762		
31	0.381305	750	-2.818976	-116.383738		
32	0.36744	750	-2.702649	-119.086387		
33	0.353883	750	-2.64155	-121.727936		
34	0.34063	750	-2.590726	-124.318662		
35	0.32768	750	-2.490174	-126.808836		
36	0.31503	750	-2.461402	-129.270238		
37	0.302677	750	-2.402816	-131.673054		
38	0.290619	750	-2.355804	-134.028858		
39	0.278855	750	-2.340343	-136.369201		
40	0.267381	750	-2.257012	-138.626213		
41	0.256195	750	-2.21277	-140.838983		
42	0.245294	750	-2.17917	-143.018154		
43	0.234677	750	-2.117348	-145.135501		
44	0.22434	750	-2.071796	-147.207297		
45	0.214281	750	-2.016716	-149.224013		
46	0.204498	750	-1.94683	-151.170844		
47	0.194988	750	-1.945441	-153.116285		
48	0.185749	750	-1.866003	-154.982288		
49	0.176777	750	-1.824103	-156.806391		
50	0.16807	750	-1.762772	-158.569163		
51	0.159626	750	-1.738668	-160.307832		
52	0.151441	750	-1.681988	-161.98982		
53	0.143514	750	-1.631386	-163.621205		
54	0.135841	750	-1.59767	-165.218876		
55	0.12842	750	-1.523166	-166.742041		
56	0.121247	750	-1.489701	-168.231742		
57	0.11432	750	-1.431704	-169.663446		
58	0.107637	750	-1.383217	-171.046663		
59	0.101193	750	-1.348619	-172.395282		
60	0.094986	750	-1.306925	-173.702207		
61	0.089014	750	-1.242194	-174.9444		
62	0.083273	750	-1.214878	-176.159278		
63	0.07776	750	-1.162834	-177.322112		
64	0.072472	750	-1.128509	-178.450621		
65	0.067406	750	-1.082232	-179.532853		
66	0.062558	750	-1.036385	-180.569239		
67	0.057926	750	-1.009643	-181.578881		
68	0.053506	750	-0.961193	-182.540075		
69	0.049295	750	-0.899702	-183.439777		
70	0.045289	750	-0.912418	-184.352195		
71	0.041485	750	-0.859089	-185.211284		
72	0.03788	750	-0.795448	-186.006732		
73	0.034469	750	-0.782098	-186.78883		
74	0.03125	750	-0.737147	-187.525977		
75	0.028218	750	-0.705273	-188.23125		
76	0.02537	750	-0.664654	-188.895903		
77	0.022702	750	-0.617923	-189.513826		
78	0.020209	750	-0.576251	-190.090078		
79	0.017889	750	-0.547788	-190.637866		
80	0.015736	750	-0.497537	-191.135403		
81	0.013746	750	-0.493239	-191.628642		
82	0.011916	750	-0.448633	-192.077275		
83	0.01024	750	-0.440132	-192.517407		
84	0.008714	750	-0.374965	-192.892371		
85	0.007334	750	-0.362233	-193.254605		
86	0.006093	750	-0.320454	-193.575058		
87	0.004988	750	-0.274302	-193.84936		
88	0.004013	750	-0.280791	-194.130151		
89	0.003162	750	-0.221617	-194.351768		
90	0.00243	750	-0.190312	-194.54208		
91	0.00181	750	-0.169176	-194.711256		
92	0.001296	750	-0.13588	-194.847136		
93	0.000882	750	-0.126671	-194.973807		
94	0.000559	750	-0.09024	-195.064046		
95	0.00032	750	-0.06393	-195.127977		
96	0.000156	750	-0.044917	-195.172894		
97	0.000057	750	-0.028138	-195.201033		
98	0.00001	750	-0.01338	-195.214413		
99	0	750	-0.002752	-195.217165		
Log marginal likelihood:	-195.217165					
0	0.975187	750	-4.997809	-4.997809		
1	0.950747	750	-4.886029	-9.883837		
2	0.926679	750	-4.842779	-14.726616		
3	0.90298	750	-4.735831	-19.462447		
4	0.879648	750	-4.699369	-24.161817		
5	0.856682	750	-4.626554	-28.788371		
6	0.834079	750	-4.534608	-33.322979		
7	0.811838	750	-4.504985	-37.827965		
8	0.789957	750	-4.361128	-42.189092		
9	0.768433	750	-4.34725	-46.536343		
10	0.747266	750	-4.272616	-50.808959		
11	0.726452	750	-4.370011	-55.17897		
12	0.705989	750	-4.188289	-59.367258		
13	0.685877	750	-4.110643	-63.477901		
14	0.666112	750	-4.151356	-67.629257		
15	0.646693	750	-4.05696	-71.686218		
16	0.627618	750	-3.997232	-75.68345		
17	0.608884	750	-3.863936	-79.547385		
18	0.59049	750	-3.816087	-83.363472		
19	0.572433	750	-3.671136	-87.034608		
20	0.554712	750	-3.641422	-90.676031		
21	0.537324	750	-3.525162	-94.201192		
22	0.520268	750	-3.58829	-97.789482		
23	0.50354	750	-3.457728	-101.24721		
24	0.487139	750	-3.463968	-104.711178		
25	0.471063	750	-3.377658	-108.088837		
26	0.45531	750	-3.266255	-111.355092		
27	0.439877	750	-3.212069	-114.567161		
28	0.424762	750	-3.195492	-117.762652		
29	0.409963	750	-3.088761	-120.851414		
30	0.395478	750	-3.040892	-123.892305		
31	0.381305	750	-2.981635	-126.87394		
32	0.36744	750	-2.922393	-129.796333		
33	0.353883	750	-2.858038	-132.654371		
34	0.34063	750	-2.799801	-135.454171		
35	0.32768	750	-2.742623	-138.196794		
36	0.31503	750	-2.667812	-140.864606		
37	0.302677	750	-2.608312	-143.472917		
38	0.290619	750	-2.555194	-146.028111		
39	0.278855	750	-2.502819	-148.53093		
40	0.267381	750	-2.439714	-150.970644		
41	0.256195	750	-2.37374	-153.344384		
42	0.245294	750	-2.32108	-155.665464		
43	0.234677	750	-2.253153	-157.918618		
44	0.22434	750	-2.208938	-160.127555		
45	0.214281	750	-2.145365	-162.27292		
46	0.204498	750	-2.107914	-164.380834		
47	0.194988	750	-2.049827	-166.430661		
48	0.185749	750	-1.981638	-168.412299		
49	0.176777	750	-1.916976	-170.329274		
50	0.16807	750	-1.86943	-172.198705		
51	0.159626	750	-1.812683	-174.011388		
52	0.151441	750	-1.766445	-175.777833		
53	0.143514	750	-1.727289	-177.505122		
54	0.135841	750	-1.665373	-179.170495		
55	0.12842	750	-1.605887	-180.776382		
56	0.121247	750	-1.570028	-182.34641		
57	0.11432	750	-1.528344	-183.874754		
58	0.107637	750	-1.476381	-185.351134		
59	0.101193	750	-1.445126	-186.796261		
60	0.094986	750	-1.367744	-188.164005		
61	0.089014	750	-1.33402	-189.498025		
62	0.083273	750	-1.281963	-190.779988		
63	0.07776	750	-1.2115	-191.991487		
64	0.072472	750	-1.174131	-193.165618		
65	0.067406	750	-1.145814	-194.311432		
66	0.062558	750	-1.106893	-195.418325		
67	0.057926	750	-1.064092	-196.482417		
68	0.053506	750	-1.034275	-197.516692		
69	0.049295	750	-0.970658	-198.48735		
70	0.045289	750	-0.900281	-199.38763		
71	0.041485	750	-0.87383	-200.261461		
72	0.03788	750	-0.850205	-201.111666		
73	0.034469	750	-0.849314	-201.96098		
74	0.03125	750	-0.769326	-202.730305		
75	0.028218	750	-0.762332	-203.492638		
76	0.02537	750	-0.693349	-204.185987		
77	0.022702	750	-0.664748	-204.850734		
78	0.020209	750	-0.596719	-205.447453		
79	0.017889	750	-0.559983	-206.007436		
80	0.015736	750	-0.542195	-206.549631		
81	0.013746	750	-0.482937	-207.032568		
82	0.011916	750	-0.484266	-207.516834		
83	0.01024	750	-0.466193	-207.983026		
84	0.008714	750	-0.389216	-208.372242		
85	0.007334	750	-0.380805	-208.753047		
86	0.006093	750	-0.331757	-209.084803		
87	0.004988	750	-0.300627	-209.38543		
88	0.004013	750	-0.279842	-209.665273		
89	0.003162	750	-0.243472	-209.908745		
90	0.00243	750	-0.209302	-210.118046		
91	0.00181	750	-0.17234	-210.290386		
92	0.001296	750	-0.147508	-210.437894		
93	0.000882	750	-0.120315	-210.558209		
94	0.000559	750	-0.093793	-210.652001		
95	0.00032	750	-0.073222	-210.725223		
96	0.000156	750	-0.049819	-210.775042		
97	0.000057	750	-0.02874	-210.803782		
98	0.00001	750	-0.014777	-210.818559		
99	0	750	-0.002979	-210.821538		
Log marginal likelihood:	-210.821538					
0	0.975187	750	-4.104869	-4.104869		
1	0.950747	750	-4.035374	-8.140242		
2	0.926679	750	-4.067636	-12.207878		
3	0.90298	750	-3.942134	-16.150012		
4	0.879648	750	-3.880535	-20.030547		
5	0.856682	750	-3.804548	-23.835095		
6	0.834079	750	-3.796916	-27.632011		
7	0.811838	750	-3.713201	-31.345213		
8	0.789957	750	-3.728755	-35.073967		
9	0.768433	750	-3.572302	-38.646269		
10	0.747266	750	-3.560059	-42.206328		
11	0.726452	750	-3.492612	-45.698941		
12	0.705989	750	-3.468371	-49.167312		
13	0.685877	750	-3.452657	-52.619969		
14	0.666112	750	-3.278403	-55.898372		
15	0.646693	750	-3.314727	-59.2131		
16	0.627618	750	-3.205789	-62.418889		
17	0.608884	750	-3.209053	-65.627942		
18	0.59049	750	-3.090279	-68.718221		
19	0.572433	750	-3.14001	-71.85823		
20	0.554712	750	-3.080997	-74.939227		
21	0.537324	750	-3.068026	-78.007253		
22	0.520268	750	-2.959907	-80.96716		
23	0.50354	750	-2.897468	-83.864628		
24	0.487139	750	-2.925665	-86.790292		
25	0.471063	750	-2.84986	-89.640152		
26	0.45531	750	-2.826811	-92.466964		
27	0.439877	750	-2.7516	-95.218564		
28	0.424762	750	-2.720269	-97.938833		
29	0.409963	750	-2.637082	-100.575915		
30	0.395478	750	-2.606863	-103.182778		
31	0.381305	750	-2.518727	-105.701505		
32	0.36744	750	-2.434848	-108.136353		
33	0.353883	750	-2.463047	-110.5994		
34	0.34063	750	-2.448021	-113.047421		
35	0.32768	750	-2.40063	-115.448051		
36	0.31503	750	-2.237393	-117.685444		
37	0.302677	750	-2.241216	-119.92666		
38	0.290619	750	-2.16673	-122.09339		
39	0.278855	750	-2.218623	-124.312013		
40	0.267381	750	-2.135663	-126.447676		
41	0.256195	750	-2.082233	-128.529909		
42	0.245294	750	-2.045801	-130.57571		
43	0.234677	750	-2.073162	-132.648872		
44	0.22434	750	-2.028702	-134.677574		
45	0.214281	750	-1.935282	-136.612856		
46	0.204498	750	-1.863732	-138.476588		
47	0.194988	750	-1.831902	-140.30849		
48	0.185749	750	-1.785049	-142.093539		
49	0.176777	750	-1.689002	-143.782541		
50	0.16807	750	-1.68124	-145.463781		
51	0.159626	750	-1.67531	-147.139091		
52	0.151441	750	-1.595563	-148.734654		
53	0.143514	750	-1.554778	-150.289432		
54	0.135841	750	-1.490519	-151.77995		
55	0.12842	750	-1.4648	-153.24475		
56	0.121247	750	-1.432972	-154.677722		
57	0.11432	750	-1.404759	-156.082481		
58	0.107637	750	-1.341998	-157.424479		
59	0.101193	750	-1.308412	-158.732892		
60	0.094986	750	-1.292782	-160.025674		
61	0.089014	750	-1.202513	-161.228187		
62	0.083273	750	-1.185811	-162.413997		
63	0.07776	750	-1.150999	-163.564996		
64	0.072472	750	-1.084912	-164.649908		
65	0.067406	750	-1.045723	-165.695631		
66	0.062558	750	-1.012156	-166.707787		
67	0.057926	750	-0.984218	-167.692004		
68	0.053506	750	-0.93836	-168.630365		
69	0.049295	750	-0.893542	-169.523906		
70	0.045289	750	-0.831114	-170.35502		
71	0.041485	750	-0.808834	-171.163854		
72	0.03788	750	-0.791434	-171.955288		
73	0.034469	750	-0.756063	-172.711351		
74	0.03125	750	-0.725644	-173.436995		
75	0.028218	750	-0.687085	-174.12408		
76	0.02537	750	-0.63659	-174.76067		
77	0.022702	750	-0.627096	-175.387766		
78	0.020209	750	-0.578825	-175.966591		
79	0.017889	750	-0.559806	-176.526397		
80	0.015736	750	-0.491721	-177.018118		
81	0.013746	750	-0.488287	-177.506405		
82	0.011916	750	-0.483906	-177.990311		
83	0.01024	750	-0.394928	-178.385238		
84	0.008714	750	-0.397134	-178.782372		
85	0.007334	750	-0.353741	-179.136113		
86	0.006093	750	-0.339685	-179.475798		
87	0.004988	750	-0.292452	-179.76825		
88	0.004013	750	-0.259494	-180.027743		
89	0.003162	750	-0.228252	-180.255996		
90	0.00243	750	-0.200869	-180.456865		
91	0.00181	750	-0.167522	-180.624387		
92	0.001296	750	-0.132806	-180.757193		
93	0.000882	750	-0.111062	-180.868255		
94	0.000559	750	-0.094883	-180.963138		
95	0.00032	750	-0.062747	-181.025885		
96	0.000156	750	-0.048449	-181.074334		
97	0.000057	750	-0.027632	-181.101966		
98	0.00001	750	-0.01212	-181.114086		
99	0	750	-0.002803	-181.116889		
Log marginal likelihood:	-181.116889					
0	0.975187	750	-4.809614	-4.809614		
1	0.950747	750	-4.768164	-9.577778		
2	0.926679	750	-4.688169	-14.265947		
3	0.90298	750	-4.614129	-18.880076		
4	0.879648	750	-4.54788	-23.427956		
5	0.856682	750	-4.474653	-27.902609		
6	0.834079	750	-4.426257	-32.328866		
7	0.811838	750	-4.40097	-36.729836		
8	0.789957	750	-4.313562	-41.043398		
9	0.768433	750	-4.181377	-45.224775		
10	0.747266	750	-4.116511	-49.341286		
11	0.726452	750	-4.23152	-53.572806		
12	0.705989	750	-4.015977	-57.588783		
13	0.685877	750	-4.051399	-61.640182		
14	0.666112	750	-3.942788	-65.58297		
15	0.646693	750	-3.927609	-69.51058		
16	0.627618	750	-3.810154	-73.320733		
17	0.608884	750	-3.76275	-77.083484		
18	0.59049	750	-3.695989	-80.779472		
19	0.572433	750	-3.554169	-84.333641		
20	0.554712	750	-3.55686	-87.890501		
21	0.537324	750	-3.55591	-91.446411		
22	0.520268	750	-3.427522	-94.873933		
23	0.50354	750	-3.402884	-98.276817		
24	0.487139	750	-3.335424	-101.612241		
25	0.471063	750	-3.298994	-104.911235		
26	0.45531	750	-3.257042	-108.168277		
27	0.439877	750	-3.185752	-111.354028		
28	0.424762	750	-3.120352	-114.47438		
29	0.409963	750	-3.026338	-117.500718		
30	0.395478	750	-3.000261	-120.50098		
31	0.381305	750	-2.916012	-123.416992		
32	0.36744	750	-2.857618	-126.27461		
33	0.353883	750	-2.810519	-129.085129		
34	0.34063	750	-2.720799	-131.805928		
35	0.32768	750	-2.689896	-134.495824		
36	0.31503	750	-2.607164	-137.102988		
37	0.302677	750	-2.563316	-139.666304		
38	0.290619	750	-2.492654	-142.158958		
39	0.278855	750	-2.440884	-144.599842		
40	0.267381	750	-2.368966	-146.968808		
41	0.256195	750	-2.321554	-149.290362		
42	0.245294	750	-2.268083	-151.558445		
43	0.234677	750	-2.240136	-153.798581		
44	0.22434	750	-2.171834	-155.970415		
45	0.214281	750	-2.105195	-158.07561		
46	0.204498	750	-2.055441	-160.131051		
47	0.194988	750	-1.978954	-162.110006		
48	0.185749	750	-1.977564	-164.087569		
49	0.176777	750	-1.890307	-165.977876		
50	0.16807	750	-1.835037	-167.812913		
51	0.159626	750	-1.784902	-169.597815		
52	0.151441	750	-1.752412	-171.350227		
53	0.143514	750	-1.678965	-173.029191		
54	0.135841	750	-1.623956	-174.653148		
55	0.12842	750	-1.575961	-176.229108		
56	0.121247	750	-1.531038	-177.760146		
57	0.11432	750	-1.469458	-179.229604		
58	0.107637	750	-1.430335	-180.659939		
59	0.101193	750	-1.406481	-182.06642		
60	0.094986	750	-1.341709	-183.40813		
61	0.089014	750	-1.304271	-184.712401		
62	0.083273	750	-1.235796	-185.948197		
63	0.07776	750	-1.191068	-187.139265		
64	0.072472	750	-1.162935	-188.3022		
65	0.067406	750	-1.132654	-189.434854		
66	0.062558	750	-1.066877	-190.501731		
67	0.057926	750	-1.032758	-191.534488		
68	0.053506	750	-1.022875	-192.557364		
69	0.049295	750	-0.974664	-193.532028		
70	0.045289	750	-0.893642	-194.42567		
71	0.041485	750	-0.879335	-195.305004		
72	0.03788	750	-0.836167	-196.141171		
73	0.034469	750	-0.782642	-196.923814		
74	0.03125	750	-0.770694	-197.694508		
75	0.028218	750	-0.726983	-198.42149		
76	0.02537	750	-0.669779	-199.09127		
77	0.022702	750	-0.635591	-199.726861		
78	0.020209	750	-0.613628	-200.340489		
79	0.017889	750	-0.563504	-200.903993		
80	0.015736	750	-0.536591	-201.440584		
81	0.013746	750	-0.489156	-201.92974		
82	0.011916	750	-0.497349	-202.427089		
83	0.01024	750	-0.44556	-202.872649		
84	0.008714	750	-0.419613	-203.292263		
85	0.007334	750	-0.358137	-203.6504		
86	0.006093	750	-0.335303	-203.985703		
87	0.004988	750	-0.304855	-204.290558		
88	0.004013	750	-0.269214	-204.559771		
89	0.003162	750	-0.252274	-204.812045		
90	0.00243	750	-0.197718	-205.009764		
91	0.00181	750	-0.15487	-205.164634		
92	0.001296	750	-0.140501	-205.305135		
93	0.000882	750	-0.117875	-205.42301		
94	0.000559	750	-0.097674	-205.520683		
95	0.00032	750	-0.065729	-205.586413		
96	0.000156	750	-0.052313	-205.638725		
97	0.000057	750	-0.030397	-205.669122		
98	0.00001	750	-0.012497	-205.68162		
99	0	750	-0.002921	-205.684541		
Log marginal likelihood:	-205.684541					
0	0.975187	750	-4.292741	-4.292741		
1	0.950747	750	-4.268665	-8.561406		
2	0.926679	750	-4.192549	-12.753955		
3	0.90298	750	-4.14133	-16.895285		
4	0.879648	750	-4.115932	-21.011216		
5	0.856682	750	-4.026685	-25.037901		
6	0.834079	750	-4.066628	-29.10453		
7	0.811838	750	-3.888727	-32.993256		
8	0.789957	750	-3.814925	-36.808181		
9	0.768433	750	-3.805894	-40.614075		
10	0.747266	750	-3.710488	-44.324562		
11	0.726452	750	-3.674894	-47.999456		
12	0.705989	750	-3.606691	-51.606147		
13	0.685877	750	-3.579517	-55.185664		
14	0.666112	750	-3.494392	-58.680057		
15	0.646693	750	-3.452472	-62.132528		
16	0.627618	750	-3.420744	-65.553273		
17	0.608884	750	-3.337919	-68.891192		
18	0.59049	750	-3.326377	-72.217569		
19	0.572433	750	-3.193735	-75.411303		
20	0.554712	750	-3.204268	-78.615571		
21	0.537324	750	-3.120667	-81.736238		
22	0.520268	750	-3.029471	-84.76571		
23	0.50354	750	-2.998665	-87.764375		
24	0.487139	750	-3.031413	-90.795788		
25	0.471063	750	-2.890129	-93.685917		
26	0.45531	750	-2.835845	-96.521763		
27	0.439877	750	-2.877344	-99.399107		
28	0.424762	750	-2.736289	-102.135396		
29	0.409963	750	-2.66072	-104.796116		
30	0.395478	750	-2.692395	-107.488511		
31	0.381305	750	-2.513574	-110.002085		
32	0.36744	750	-2.599664	-112.601749		
33	0.353883	750	-2.561071	-115.162821		
34	0.34063	750	-2.503025	-117.665846		
35	0.32768	750	-2.525586	-120.191432		
36	0.31503	750	-2.39474	-122.586172		
37	0.302677	750	-2.337943	-124.924114		
38	0.290619	750	-2.346299	-127.270414		
39	0.278855	750	-2.199372	-129.469785		
40	0.267381	750	-2.302676	-131.772462		
41	0.256195	750	-2.160246	-133.932708		
42	0.245294	750	-2.193501	-136.126209		
43	0.234677	750	-2.111435	-138.237644		
44	0.22434	750	-2.03892	-140.276564		
45	0.214281	750	-2.029986	-142.30655		
46	0.204498	750	-1.980449	-144.286999		
47	0.194988	750	-1.91543	-146.202429		
48	0.185749	750	-1.857507	-148.059936		
49	0.176777	750	-1.812503	-149.872439		
50	0.16807	750	-1.7556	-151.628039		
51	0.159626	750	-1.705064	-153.333103		
52	0.151441	750	-1.673638	-155.006741		
53	0.143514	750	-1.600968	-156.607709		
54	0.135841	750	-1.580574	-158.188284		
55	0.12842	750	-1.544893	-159.733176		
56	0.121247	750	-1.479627	-161.212804		
57	0.11432	750	-1.453092	-162.665895		
58	0.107637	750	-1.395931	-164.061826		
59	0.101193	750	-1.366638	-165.428464		
60	0.094986	750	-1.316161	-166.744625		
61	0.089014	750	-1.257535	-168.00216		
62	0.083273	750	-1.231719	-169.233879		
63	0.07776	750	-1.154724	-170.388603		
64	0.072472	750	-1.139626	-171.52823		
65	0.067406	750	-1.111534	-172.639763		
66	0.062558	750	-1.04544	-173.685203		
67	0.057926	750	-0.993518	-174.678721		
68	0.053506	750	-0.949535	-175.628257		
69	0.049295	750	-0.926046	-176.554302		
70	0.045289	750	-0.897706	-177.452008		
71	0.041485	750	-0.828529	-178.280537		
72	0.03788	750	-0.806056	-179.086593		
73	0.034469	750	-0.772189	-179.858782		
74	0.03125	750	-0.727187	-180.585969		
75	0.028218	750	-0.671437	-181.257407		
76	0.02537	750	-0.666739	-181.924145		
77	0.022702	750	-0.641578	-182.565723		
78	0.020209	750	-0.582967	-183.148691		
79	0.017889	750	-0.55697	-183.705661		
80	0.015736	750	-0.562172	-184.267833		
81	0.013746	750	-0.509234	-184.777067		
82	0.011916	750	-0.444492	-185.221558		
83	0.01024	750	-0.41925	-185.640808		
84	0.008714	750	-0.366128	-186.006936		
85	0.007334	750	-0.35136	-186.358297		
86	0.006093	750	-0.325687	-186.683983		
87	0.004988	750	-0.28999	-186.973973		
88	0.004013	750	-0.26457	-187.238544		
89	0.003162	750	-0.244445	-187.482989		
90	0.00243	750	-0.196477	-187.679466		
91	0.00181	750	-0.160599	-187.840065		
92	0.001296	750	-0.138568	-187.978633		
93	0.000882	750	-0.111011	-188.089643		
94	0.000559	750	-0.08647	-188.176113		
95	0.00032	750	-0.064851	-188.240964		
96	0.000156	750	-0.045582	-188.286545		
97	0.000057	750	-0.033665	-188.320211		
98	0.00001	750	-0.013008	-188.333219		
99	0	750	-0.00279	-188.336009		
Log marginal likelihood:	-188.336009					
0	0.975187	750	-4.525723	-4.525723		
1	0.950747	750	-4.453044	-8.978766		
2	0.926679	750	-4.386365	-13.365132		
3	0.90298	750	-4.324739	-17.689871		
4	0.879648	750	-4.281006	-21.970877		
5	0.856682	750	-4.178525	-26.149402		
6	0.834079	750	-4.134945	-30.284347		
7	0.811838	750	-4.051801	-34.336148		
8	0.789957	750	-4.005801	-38.341949		
9	0.768433	750	-3.954289	-42.296238		
10	0.747266	750	-3.878984	-46.175222		
11	0.726452	750	-3.849029	-50.024251		
12	0.705989	750	-3.738189	-53.76244		
13	0.685877	750	-3.693662	-57.456102		
14	0.666112	750	-3.631975	-61.088077		
15	0.646693	750	-3.612275	-64.700352		
16	0.627618	750	-3.64783	-68.348182		
17	0.608884	750	-3.460472	-71.808654		
18	0.59049	750	-3.451018	-75.259672		
19	0.572433	750	-3.428588	-78.688261		
20	0.554712	750	-3.259303	-81.947564		
21	0.537324	750	-3.278249	-85.225813		
22	0.520268	750	-3.270118	-88.495931		
23	0.50354	750	-3.097443	-91.593373		
24	0.487139	750	-3.1678	-94.761174		
25	0.471063	750	-3.135573	-97.896747		
26	0.45531	750	-3.027958	-100.924705		
27	0.439877	750	-3.091418	-104.016123		
28	0.424762	750	-3.038059	-107.054182		
29	0.409963	750	-2.880063	-109.934245		
30	0.395478	750	-2.793312	-112.727557		
31	0.381305	750	-2.683738	-115.411296		
32	0.36744	750	-2.70762	-118.118916		
33	0.353883	750	-2.701233	-120.820149		
34	0.34063	750	-2.618875	-123.439024		
35	0.32768	750	-2.631195	-126.070219		
36	0.31503	750	-2.579017	-128.649236		
37	0.302677	750	-2.434429	-131.083665		
38	0.290619	750	-2.428752	-133.512417		
39	0.278855	750	-2.40695	-135.919367		
40	0.267381	750	-2.294502	-138.213869		
41	0.256195	750	-2.286029	-140.499898		
42	0.245294	750	-2.192842	-142.69274		
43	0.234677	750	-2.174641	-144.867382		
44	0.22434	750	-2.116703	-146.984085		
45	0.214281	750	-2.034132	-149.018216		
46	0.204498	750	-2.004524	-151.02274		
47	0.194988	750	-1.959033	-152.981773		
48	0.185749	750	-1.849467	-154.83124		
49	0.176777	750	-1.836943	-156.668182		
50	0.16807	750	-1.790846	-158.459028		
51	0.159626	750	-1.727734	-160.186762		
52	0.151441	750	-1.68581	-161.872572		
53	0.143514	750	-1.636712	-163.509284		
54	0.135841	750	-1.598979	-165.108263		
55	0.12842	750	-1.553004	-166.661267		
56	0.121247	750	-1.496477	-168.157744		
57	0.11432	750	-1.443568	-169.601312		
58	0.107637	750	-1.415373	-171.016684		
59	0.101193	750	-1.364002	-172.380686		
60	0.094986	750	-1.301742	-173.682428		
61	0.089014	750	-1.285456	-174.967884		
62	0.083273	750	-1.2263	-176.194183		
63	0.07776	750	-1.187164	-177.381348		
64	0.072472	750	-1.134266	-178.515614		
65	0.067406	750	-1.098026	-179.61364		
66	0.062558	750	-1.040611	-180.65425		
67	0.057926	750	-1.028172	-181.682422		
68	0.053506	750	-0.958977	-182.641399		
69	0.049295	750	-0.924631	-183.566029		
70	0.045289	750	-0.869422	-184.435451		
71	0.041485	750	-0.862943	-185.298395		
72	0.03788	750	-0.817744	-186.116139		
73	0.034469	750	-0.771454	-186.887593		
74	0.03125	750	-0.745563	-187.633156		
75	0.028218	750	-0.708985	-188.342141		
76	0.02537	750	-0.652704	-188.994846		
77	0.022702	750	-0.632	-189.626845		
78	0.020209	750	-0.614358	-190.241203		
79	0.017889	750	-0.546971	-190.788175		
80	0.015736	750	-0.525726	-191.3139		
81	0.013746	750	-0.475834	-191.789734		
82	0.011916	750	-0.449526	-192.239261		
83	0.01024	750	-0.418843	-192.658104		
84	0.008714	750	-0.378107	-193.036211		
85	0.007334	750	-0.357375	-193.393586		
86	0.006093	750	-0.341304	-193.73489		
87	0.004988	750	-0.308924	-194.043814		
88	0.004013	750	-0.248422	-194.292237		
89	0.003162	750	-0.243927	-194.536164		
90	0.00243	750	-0.183615	-194.719779		
91	0.00181	750	-0.170831	-194.89061		
92	0.001296	750	-0.154049	-195.044659		
93	0.000882	750	-0.1184	-195.16306		
94	0.000559	750	-0.097627	-195.260687		
95	0.00032	750	-0.067179	-195.327866		
96	0.000156	750	-0.046932	-195.374797		
97	0.000057	750	-0.029749	-195.404546		
98	0.00001	750	-0.013756	-195.418302		
99	0	750	-0.003092	-195.421394		
Log marginal likelihood:	-195.421394					
0	0.975187	750	-4.259243	-4.259243		
1	0.950747	750	-4.230215	-8.489457		
2	0.926679	750	-4.16081	-12.650268		
3	0.90298	750	-4.119531	-16.769799		
4	0.879648	750	-4.015144	-20.784942		
5	0.856682	750	-3.982756	-24.767699		
6	0.834079	750	-3.95038	-28.718079		
7	0.811838	750	-3.893325	-32.611404		
8	0.789957	750	-3.845825	-36.457229		
9	0.768433	750	-3.727736	-40.184964		
10	0.747266	750	-3.671745	-43.85671		
11	0.726452	750	-3.6163	-47.473009		
12	0.705989	750	-3.591309	-51.064318		
13	0.685877	750	-3.498876	-54.563194		
14	0.666112	750	-3.44595	-58.009143		
15	0.646693	750	-3.405101	-61.414245		
16	0.627618	750	-3.367869	-64.782114		
17	0.608884	750	-3.333153	-68.115267		
18	0.59049	750	-3.238751	-71.354018		
19	0.572433	750	-3.183315	-74.537333		
20	0.554712	750	-3.120489	-77.657822		
21	0.537324	750	-3.052419	-80.710241		
22	0.520268	750	-2.988056	-83.698297		
23	0.50354	750	-2.977372	-86.675669		
24	0.487139	750	-2.909906	-89.585575		
25	0.471063	750	-2.925881	-92.511456		
26	0.45531	750	-2.925983	-95.437439		
27	0.439877	750	-2.821495	-98.258935		
28	0.424762	750	-2.742248	-101.001183		
29	0.409963	750	-2.65036	-103.651543		
30	0.395478	750	-2.595927	-106.24747		
31	0.381305	750	-2.543739	-108.791209		
32	0.36744	750	-2.576991	-111.3682		
33	0.353883	750	-2.549255	-113.917455		
34	0.34063	750	-2.625555	-116.54301		
35	0.32768	750	-2.352085	-118.895094		
36	0.31503	750	-2.390992	-121.286086		
37	0.302677	750	-2.374798	-123.660885		
38	0.290619	750	-2.309379	-125.970263		
39	0.278855	750	-2.255954	-128.226217		
40	0.267381	750	-2.219289	-130.445506		
41	0.256195	750	-2.232328	-132.677834		
42	0.245294	750	-2.104315	-134.782149		
43	0.234677	750	-2.133393	-136.915543		
44	0.22434	750	-2.033627	-138.94917		
45	0.214281	750	-1.986586	-140.935756		
46	0.204498	750	-1.94598	-142.881736		
47	0.194988	750	-1.880783	-144.762519		
48	0.185749	750	-1.789746	-146.552265		
49	0.176777	750	-1.812523	-148.364788		
50	0.16807	750	-1.70084	-150.065628		
51	0.159626	750	-1.705478	-151.771106		
52	0.151441	750	-1.653618	-153.424724		
53	0.143514	750	-1.578329	-155.003053		
54	0.135841	750	-1.568931	-156.571984		
55	0.12842	750	-1.503107	-158.075091		
56	0.121247	750	-1.480726	-159.555817		
57	0.11432	750	-1.408358	-160.964174		
58	0.107637	750	-1.368695	-162.33287		
59	0.101193	750	-1.31638	-163.64925		
60	0.094986	750	-1.275088	-164.924338		
61	0.089014	750	-1.264283	-166.188622		
62	0.083273	750	-1.182782	-167.371404		
63	0.07776	750	-1.158042	-168.529446		
64	0.072472	750	-1.101142	-169.630588		
65	0.067406	750	-1.053855	-170.684443		
66	0.062558	750	-1.007694	-171.692137		
67	0.057926	750	-1.008059	-172.700196		
68	0.053506	750	-0.960234	-173.66043		
69	0.049295	750	-0.899383	-174.559813		
70	0.045289	750	-0.852178	-175.411991		
71	0.041485	750	-0.830092	-176.242083		
72	0.03788	750	-0.813881	-177.055964		
73	0.034469	750	-0.777771	-177.833735		
74	0.03125	750	-0.700984	-178.534719		
75	0.028218	750	-0.718221	-179.252941		
76	0.02537	750	-0.658107	-179.911048		
77	0.022702	750	-0.637248	-180.548296		
78	0.020209	750	-0.572566	-181.120862		
79	0.017889	750	-0.562718	-181.683579		
80	0.015736	750	-0.497537	-182.181117		
81	0.013746	750	-0.477142	-182.658259		
82	0.011916	750	-0.433293	-183.091552		
83	0.01024	750	-0.420349	-183.511901		
84	0.008714	750	-0.406847	-183.918748		
85	0.007334	750	-0.34486	-184.263608		
86	0.006093	750	-0.325044	-184.588652		
87	0.004988	750	-0.291643	-184.880295		
88	0.004013	750	-0.27474	-185.155035		
89	0.003162	750	-0.220839	-185.375874		
90	0.00243	750	-0.18195	-185.557824		
91	0.00181	750	-0.181688	-185.739512		
92	0.001296	750	-0.147447	-185.886959		
93	0.000882	750	-0.122673	-186.009632		
94	0.000559	750	-0.082355	-186.091988		
95	0.00032	750	-0.075064	-186.167052		
96	0.000156	750	-0.048495	-186.215547		
97	0.000057	750	-0.027328	-186.242875		
98	0.00001	750	-0.013282	-186.256157		
99	0	750	-0.003095	-186.259253		
Log marginal likelihood:	-186.259253					
0	0.975187	750	-4.662349	-4.662349		
1	0.950747	750	-4.595171	-9.257519		
2	0.926679	750	-4.537669	-13.795188		
3	0.90298	750	-4.463139	-18.258327		
4	0.879648	750	-4.463365	-22.721692		
5	0.856682	750	-4.49236	-27.214052		
6	0.834079	750	-4.272686	-31.486738		
7	0.811838	750	-4.251185	-35.737922		
8	0.789957	750	-4.18453	-39.922452		
9	0.768433	750	-4.101383	-44.023836		
10	0.747266	750	-4.06497	-48.088805		
11	0.726452	750	-4.087914	-52.17672		
12	0.705989	750	-3.994139	-56.170858		
13	0.685877	750	-3.951803	-60.122661		
14	0.666112	750	-3.75135	-63.87401		
15	0.646693	750	-3.785031	-67.659041		
16	0.627618	750	-3.68246	-71.341501		
17	0.608884	750	-3.707279	-75.04878		
18	0.59049	750	-3.586144	-78.634924		
19	0.572433	750	-3.609896	-82.24482		
20	0.554712	750	-3.520037	-85.764857		
21	0.537324	750	-3.417571	-89.182428		
22	0.520268	750	-3.364284	-92.546712		
23	0.50354	750	-3.293886	-95.840598		
24	0.487139	750	-3.226968	-99.067566		
25	0.471063	750	-3.096435	-102.164001		
26	0.45531	750	-3.13599	-105.299991		
27	0.439877	750	-3.05659	-108.356581		
28	0.424762	750	-3.038104	-111.394685		
29	0.409963	750	-2.909538	-114.304223		
30	0.395478	750	-2.846926	-117.15115		
31	0.381305	750	-2.770257	-119.921407		
32	0.36744	750	-2.791629	-122.713036		
33	0.353883	750	-2.645749	-125.358785		
34	0.34063	750	-2.617753	-127.976537		
35	0.32768	750	-2.550808	-130.527346		
36	0.31503	750	-2.510153	-133.037498		
37	0.302677	750	-2.4736	-135.511099		
38	0.290619	750	-2.4074	-137.918499		
39	0.278855	750	-2.359786	-140.278285		
40	0.267381	750	-2.312625	-142.59091		
41	0.256195	750	-2.254521	-144.845431		
42	0.245294	750	-2.203224	-147.048655		
43	0.234677	750	-2.112761	-149.161415		
44	0.22434	750	-2.088623	-151.250038		
45	0.214281	750	-2.044805	-153.294843		
46	0.204498	750	-1.993019	-155.287863		
47	0.194988	750	-1.927766	-157.215629		
48	0.185749	750	-1.885021	-159.10065		
49	0.176777	750	-1.830823	-160.931472		
50	0.16807	750	-1.770899	-162.702371		
51	0.159626	750	-1.723727	-164.426097		
52	0.151441	750	-1.688	-166.114097		
53	0.143514	750	-1.61796	-167.732057		
54	0.135841	750	-1.598319	-169.330376		
55	0.12842	750	-1.548409	-170.878786		
56	0.121247	750	-1.480083	-172.358869		
57	0.11432	750	-1.443654	-173.802523		
58	0.107637	750	-1.394553	-175.197077		
59	0.101193	750	-1.345211	-176.542288		
60	0.094986	750	-1.29339	-177.835678		
61	0.089014	750	-1.256699	-179.092377		
62	0.083273	750	-1.247392	-180.339769		
63	0.07776	750	-1.164353	-181.504123		
64	0.072472	750	-1.127584	-182.631706		
65	0.067406	750	-1.081769	-183.713475		
66	0.062558	750	-1.048955	-184.76243		
67	0.057926	750	-0.996957	-185.759387		
68	0.053506	750	-0.984464	-186.743851		
69	0.049295	750	-0.917547	-187.661398		
70	0.045289	750	-0.913799	-188.575197		
71	0.041485	750	-0.849234	-189.424431		
72	0.03788	750	-0.809607	-190.234037		
73	0.034469	750	-0.777437	-191.011474		
74	0.03125	750	-0.725155	-191.73663		
75	0.028218	750	-0.693343	-192.429973		
76	0.02537	750	-0.648276	-193.078249		
77	0.022702	750	-0.635146	-193.713395		
78	0.020209	750	-0.601833	-194.315229		
79	0.017889	750	-0.590861	-194.906089		
80	0.015736	750	-0.528352	-195.434441		
81	0.013746	750	-0.479201	-195.913642		
82	0.011916	750	-0.450595	-196.364238		
83	0.01024	750	-0.418657	-196.782895		
84	0.008714	750	-0.382095	-197.164989		
85	0.007334	750	-0.334067	-197.499056		
86	0.006093	750	-0.304371	-197.803427		
87	0.004988	750	-0.284654	-198.088081		
88	0.004013	750	-0.257529	-198.34561		
89	0.003162	750	-0.224779	-198.57039		
90	0.00243	750	-0.19501	-198.7654		
91	0.00181	750	-0.174997	-198.940397		
92	0.001296	750	-0.129706	-199.070102		
93	0.000882	750	-0.127333	-199.197435		
94	0.000559	750	-0.096447	-199.293882		
95	0.00032	750	-0.063615	-199.357497		
96	0.000156	750	-0.04629	-199.403788		
97	0.000057	750	-0.026205	-199.429992		
98	0.00001	750	-0.01356	-199.443553		
99	0	750	-0.002796	-199.446348		
Log marginal likelihood:	-199.446348					
0	0.975187	750	-4.162919	-4.162919		
1	0.950747	750	-4.155907	-8.318826		
2	0.926679	750	-4.088648	-12.407474		
3	0.90298	750	-3.971663	-16.379137		
4	0.879648	750	-3.991718	-20.370854		
5	0.856682	750	-3.921499	-24.292354		
6	0.834079	750	-3.832676	-28.12503		
7	0.811838	750	-3.776428	-31.901458		
8	0.789957	750	-3.753522	-35.65498		
9	0.768433	750	-3.683848	-39.338828		
10	0.747266	750	-3.58376	-42.922588		
11	0.726452	750	-3.528955	-46.451543		
12	0.705989	750	-3.46439	-49.915933		
13	0.685877	750	-3.45512	-53.371053		
14	0.666112	750	-3.38851	-56.759563		
15	0.646693	750	-3.310627	-60.07019		
16	0.627618	750	-3.276716	-63.346906		
17	0.608884	750	-3.244331	-66.591237		
18	0.59049	750	-3.174782	-69.766019		
19	0.572433	750	-3.089894	-72.855914		
20	0.554712	750	-3.0448	-75.900714		
21	0.537324	750	-3.079713	-78.980427		
22	0.520268	750	-2.9657	-81.946126		
23	0.50354	750	-2.97468	-84.920807		
24	0.487139	750	-2.808599	-87.729406		
25	0.471063	750	-2.829353	-90.558759		
26	0.45531	750	-2.741627	-93.300386		
27	0.439877	750	-2.690517	-95.990904		
28	0.424762	750	-2.688701	-98.679605		
29	0.409963	750	-2.609894	-101.289499		
30	0.395478	750	-2.538644	-103.828143		
31	0.381305	750	-2.689289	-106.517432		
32	0.36744	750	-2.592632	-109.110064		
33	0.353883	750	-2.42457	-111.534635		
34	0.34063	750	-2.471501	-114.006135		
35	0.32768	750	-2.406858	-116.412993		
36	0.31503	750	-2.364214	-118.777207		
37	0.302677	750	-2.299503	-121.076711		
38	0.290619	750	-2.189837	-123.266548		
39	0.278855	750	-2.206924	-125.473472		
40	0.267381	750	-2.287746	-127.761218		
41	0.256195	750	-2.182795	-129.944014		
42	0.245294	750	-2.153607	-132.097621		
43	0.234677	750	-2.097192	-134.194813		
44	0.22434	750	-1.919128	-136.113941		
45	0.214281	750	-1.961224	-138.075165		
46	0.204498	750	-1.916473	-139.991638		
47	0.194988	750	-1.805548	-141.797186		
48	0.185749	750	-1.855895	-143.653081		
49	0.176777	750	-1.797331	-145.450412		
50	0.16807	750	-1.740514	-147.190926		
51	0.159626	750	-1.67832	-148.869246		
52	0.151441	750	-1.661775	-150.531022		
53	0.143514	750	-1.586435	-152.117457		
54	0.135841	750	-1.514296	-153.631753		
55	0.12842	750	-1.505065	-155.136818		
56	0.121247	750	-1.441299	-156.578117		
57	0.11432	750	-1.405494	-157.983612		
58	0.107637	750	-1.380378	-159.36399		
59	0.101193	750	-1.353391	-160.717381		
60	0.094986	750	-1.278892	-161.996273		
61	0.089014	750	-1.233412	-163.229685		
62	0.083273	750	-1.19787	-164.427555		
63	0.07776	750	-1.147161	-165.574716		
64	0.072472	750	-1.096955	-166.671671		
65	0.067406	750	-1.059476	-167.731147		
66	0.062558	750	-1.020811	-168.751958		
67	0.057926	750	-0.970877	-169.722835		
68	0.053506	750	-0.952975	-170.675809		
69	0.049295	750	-0.916359	-171.592168		
70	0.045289	750	-0.849392	-172.44156		
71	0.041485	750	-0.840731	-173.282291		
72	0.03788	750	-0.78866	-174.070951		
73	0.034469	750	-0.76826	-174.839211		
74	0.03125	750	-0.716386	-175.555598		
75	0.028218	750	-0.668787	-176.224385		
76	0.02537	750	-0.66609	-176.890475		
77	0.022702	750	-0.618857	-177.509332		
78	0.020209	750	-0.577825	-178.087157		
79	0.017889	750	-0.553738	-178.640895		
80	0.015736	750	-0.544717	-179.185612		
81	0.013746	750	-0.457658	-179.643271		
82	0.011916	750	-0.452354	-180.095625		
83	0.01024	750	-0.435206	-180.53083		
84	0.008714	750	-0.375164	-180.905994		
85	0.007334	750	-0.369708	-181.275702		
86	0.006093	750	-0.335227	-181.610929		
87	0.004988	750	-0.28708	-181.898009		
88	0.004013	750	-0.260763	-182.158773		
89	0.003162	750	-0.22577	-182.384542		
90	0.00243	750	-0.191876	-182.576418		
91	0.00181	750	-0.172386	-182.748804		
92	0.001296	750	-0.149277	-182.898081		
93	0.000882	750	-0.12252	-183.020601		
94	0.000559	750	-0.090924	-183.111525		
95	0.00032	750	-0.062779	-183.174304		
96	0.000156	750	-0.049242	-183.223546		
97	0.000057	750	-0.028203	-183.251749		
98	0.00001	750	-0.014136	-183.265885		
99	0	750	-0.002771	-183.268656		
Log marginal likelihood:	-183.268656					
0	0.975187	750	-4.718196	-4.718196		
1	0.950747	750	-4.598668	-9.316864		
2	0.926679	750	-4.507535	-13.824399		
3	0.90298	750	-4.493392	-18.317792		
4	0.879648	750	-4.543866	-22.861657		
5	0.856682	750	-4.342306	-27.203963		
6	0.834079	750	-4.26498	-31.468943		
7	0.811838	750	-4.169067	-35.63801		
8	0.789957	750	-4.149107	-39.787117		
9	0.768433	750	-4.060808	-43.847925		
10	0.747266	750	-4.043498	-47.891423		
11	0.726452	750	-3.917367	-51.80879		
12	0.705989	750	-3.87174	-55.68053		
13	0.685877	750	-3.897487	-59.578017		
14	0.666112	750	-3.807666	-63.385683		
15	0.646693	750	-3.706082	-67.091764		
16	0.627618	750	-3.706502	-70.798266		
17	0.608884	750	-3.611804	-74.41007		
18	0.59049	750	-3.541306	-77.951376		
19	0.572433	750	-3.484435	-81.435811		
20	0.554712	750	-3.423381	-84.859192		
21	0.537324	750	-3.369924	-88.229116		
22	0.520268	750	-3.333973	-91.563089		
23	0.50354	750	-3.263524	-94.826613		
24	0.487139	750	-3.204689	-98.031302		
25	0.471063	750	-3.186817	-101.218119		
26	0.45531	750	-3.061859	-104.279978		
27	0.439877	750	-3.024128	-107.304106		
28	0.424762	750	-3.031453	-110.335559		
29	0.409963	750	-2.957214	-113.292773		
30	0.395478	750	-2.805355	-116.098128		
31	0.381305	750	-2.811806	-118.909934		
32	0.36744	750	-2.780773	-121.690707		
33	0.353883	750	-2.654843	-124.34555		
34	0.34063	750	-2.659171	-127.004722		
35	0.32768	750	-2.581375	-129.586097		
36	0.31503	750	-2.562175	-132.148272		
37	0.302677	750	-2.478198	-134.62647		
38	0.290619	750	-2.42651	-137.052981		
39	0.278855	750	-2.358892	-139.411873		
40	0.267381	750	-2.333298	-141.74517		
41	0.256195	750	-2.25585	-144.001021		
42	0.245294	750	-2.211934	-146.212954		
43	0.234677	750	-2.164354	-148.377309		
44	0.22434	750	-2.090037	-150.467346		
45	0.214281	750	-2.027775	-152.495121		
46	0.204498	750	-1.989912	-154.485032		
47	0.194988	750	-1.95109	-156.436123		
48	0.185749	750	-1.886644	-158.322767		
49	0.176777	750	-1.842262	-160.165029		
50	0.16807	750	-1.78333	-161.948359		
51	0.159626	750	-1.731597	-163.679956		
52	0.151441	750	-1.687545	-165.367501		
53	0.143514	750	-1.655453	-167.022954		
54	0.135841	750	-1.596811	-168.619764		
55	0.12842	750	-1.546134	-170.165899		
56	0.121247	750	-1.493227	-171.659125		
57	0.11432	750	-1.423726	-173.082851		
58	0.107637	750	-1.390637	-174.473489		
59	0.101193	750	-1.365109	-175.838598		
60	0.094986	750	-1.302774	-177.141372		
61	0.089014	750	-1.282319	-178.423691		
62	0.083273	750	-1.201625	-179.625316		
63	0.07776	750	-1.157561	-180.782877		
64	0.072472	750	-1.124726	-181.907603		
65	0.067406	750	-1.076051	-182.983654		
66	0.062558	750	-1.047838	-184.031492		
67	0.057926	750	-1.002003	-185.033494		
68	0.053506	750	-0.982683	-186.016177		
69	0.049295	750	-0.919541	-186.935718		
70	0.045289	750	-0.894822	-187.83054		
71	0.041485	750	-0.845144	-188.675683		
72	0.03788	750	-0.819626	-189.49531		
73	0.034469	750	-0.752955	-190.248265		
74	0.03125	750	-0.713079	-190.961344		
75	0.028218	750	-0.722528	-191.683872		
76	0.02537	750	-0.662387	-192.34626		
77	0.022702	750	-0.632873	-192.979133		
78	0.020209	750	-0.595825	-193.574958		
79	0.017889	750	-0.561759	-194.136716		
80	0.015736	750	-0.552185	-194.688901		
81	0.013746	750	-0.536774	-195.225676		
82	0.011916	750	-0.456254	-195.681929		
83	0.01024	750	-0.429063	-196.110992		
84	0.008714	750	-0.384461	-196.495453		
85	0.007334	750	-0.351442	-196.846895		
86	0.006093	750	-0.31771	-197.164605		
87	0.004988	750	-0.29077	-197.455375		
88	0.004013	750	-0.267648	-197.723023		
89	0.003162	750	-0.237216	-197.960239		
90	0.00243	750	-0.190203	-198.150442		
91	0.00181	750	-0.168546	-198.318988		
92	0.001296	750	-0.16161	-198.480598		
93	0.000882	750	-0.109635	-198.590233		
94	0.000559	750	-0.090867	-198.6811		
95	0.00032	750	-0.066157	-198.747257		
96	0.000156	750	-0.046505	-198.793762		
97	0.000057	750	-0.028457	-198.822219		
98	0.00001	750	-0.013954	-198.836174		
99	0	750	-0.002798	-198.838972		
Log marginal likelihood:	-198.838972					
0	0.975187	750	-4.132041	-4.132041		
1	0.950747	750	-4.031479	-8.16352		
2	0.926679	750	-4.033878	-12.197398		
3	0.90298	750	-3.957558	-16.154957		
4	0.879648	750	-3.834328	-19.989285		
5	0.856682	750	-3.838741	-23.828025		
6	0.834079	750	-3.762447	-27.590473		
7	0.811838	750	-3.728186	-31.318658		
8	0.789957	750	-3.6405	-34.959158		
9	0.768433	750	-3.585258	-38.544416		
10	0.747266	750	-3.509717	-42.054133		
11	0.726452	750	-3.484516	-45.538649		
12	0.705989	750	-3.395047	-48.933696		
13	0.685877	750	-3.389499	-52.323195		
14	0.666112	750	-3.331869	-55.655064		
15	0.646693	750	-3.262267	-58.917331		
16	0.627618	750	-3.21712	-62.134451		
17	0.608884	750	-3.124574	-65.259025		
18	0.59049	750	-3.098379	-68.357405		
19	0.572433	750	-3.02692	-71.384324		
20	0.554712	750	-2.977041	-74.361365		
21	0.537324	750	-2.922613	-77.283978		
22	0.520268	750	-2.967541	-80.251519		
23	0.50354	750	-2.884456	-83.135975		
24	0.487139	750	-2.770498	-85.906473		
25	0.471063	750	-2.73163	-88.638103		
26	0.45531	750	-2.670826	-91.308928		
27	0.439877	750	-2.732862	-94.04179		
28	0.424762	750	-2.645561	-96.687351		
29	0.409963	750	-2.546418	-99.233769		
30	0.395478	750	-2.500528	-101.734297		
31	0.381305	750	-2.560722	-104.295019		
32	0.36744	750	-2.480103	-106.775122		
33	0.353883	750	-2.360727	-109.135849		
34	0.34063	750	-2.428683	-111.564532		
35	0.32768	750	-2.262444	-113.826976		
36	0.31503	750	-2.190086	-116.017063		
37	0.302677	750	-2.23189	-118.248952		
38	0.290619	750	-2.199651	-120.448604		
39	0.278855	750	-2.128082	-122.576686		
40	0.267381	750	-2.150402	-124.727087		
41	0.256195	750	-2.125862	-126.852949		
42	0.245294	750	-2.091552	-128.944501		
43	0.234677	750	-1.986271	-130.930772		
44	0.22434	750	-1.957671	-132.888442		
45	0.214281	750	-1.946014	-134.834457		
46	0.204498	750	-1.883115	-136.717572		
47	0.194988	750	-1.798592	-138.516164		
48	0.185749	750	-1.82986	-140.346025		
49	0.176777	750	-1.746026	-142.09205		
50	0.16807	750	-1.678098	-143.770148		
51	0.159626	750	-1.610683	-145.380831		
52	0.151441	750	-1.586203	-146.967034		
53	0.143514	750	-1.577922	-148.544956		
54	0.135841	750	-1.518044	-150.063		
55	0.12842	750	-1.497259	-151.56026		
56	0.121247	750	-1.44239	-153.00265		
57	0.11432	750	-1.397733	-154.400382		
58	0.107637	750	-1.334146	-155.734528		
59	0.101193	750	-1.316507	-157.051036		
60	0.094986	750	-1.28619	-158.337225		
61	0.089014	750	-1.214079	-159.551305		
62	0.083273	750	-1.189854	-160.741159		
63	0.07776	750	-1.130319	-161.871477		
64	0.072472	750	-1.127477	-162.998954		
65	0.067406	750	-1.046493	-164.045448		
66	0.062558	750	-1.009958	-165.055406		
67	0.057926	750	-0.975126	-166.030532		
68	0.053506	750	-0.938606	-166.969138		
69	0.049295	750	-0.902197	-167.871335		
70	0.045289	750	-0.888816	-168.760151		
71	0.041485	750	-0.836484	-169.596636		
72	0.03788	750	-0.815665	-170.412301		
73	0.034469	750	-0.77257	-171.18487		
74	0.03125	750	-0.708011	-171.892881		
75	0.028218	750	-0.7127	-172.605581		
76	0.02537	750	-0.634069	-173.23965		
77	0.022702	750	-0.603199	-173.842849		
78	0.020209	750	-0.586884	-174.429732		
79	0.017889	750	-0.541678	-174.97141		
80	0.015736	750	-0.511533	-175.482943		
81	0.013746	750	-0.478199	-175.961141		
82	0.011916	750	-0.415293	-176.376434		
83	0.01024	750	-0.417995	-176.794429		
84	0.008714	750	-0.39513	-177.189559		
85	0.007334	750	-0.360537	-177.550096		
86	0.006093	750	-0.324247	-177.874343		
87	0.004988	750	-0.288925	-178.163268		
88	0.004013	750	-0.274183	-178.437451		
89	0.003162	750	-0.232698	-178.67015		
90	0.00243	750	-0.19494	-178.86509		
91	0.00181	750	-0.177912	-179.043002		
92	0.001296	750	-0.145667	-179.188669		
93	0.000882	750	-0.1001	-179.288769		
94	0.000559	750	-0.085504	-179.374273		
95	0.00032	750	-0.062666	-179.436939		
96	0.000156	750	-0.046936	-179.483875		
97	0.000057	750	-0.026969	-179.510843		
98	0.00001	750	-0.013188	-179.524032		
99	0	750	-0.002525	-179.526557		
Log marginal likelihood:	-179.526557					
0	0.975187	750	-4.396586	-4.396586		
1	0.950747	750	-4.347791	-8.744377		
2	0.926679	750	-4.289032	-13.033409		
3	0.90298	750	-4.199628	-17.233036		
4	0.879648	750	-4.171429	-21.404466		
5	0.856682	750	-4.092991	-25.497457		
6	0.834079	750	-4.007411	-29.504868		
7	0.811838	750	-3.928975	-33.433843		
8	0.789957	750	-3.871787	-37.30563		
9	0.768433	750	-3.855671	-41.161301		
10	0.747266	750	-3.836677	-44.997978		
11	0.726452	750	-3.720494	-48.718471		
12	0.705989	750	-3.665687	-52.384158		
13	0.685877	750	-3.65932	-56.043478		
14	0.666112	750	-3.563036	-59.606513		
15	0.646693	750	-3.484752	-63.091266		
16	0.627618	750	-3.474659	-66.565925		
17	0.608884	750	-3.368458	-69.934383		
18	0.59049	750	-3.321727	-73.25611		
19	0.572433	750	-3.233111	-76.489221		
20	0.554712	750	-3.175969	-79.66519		
21	0.537324	750	-3.339996	-83.005186		
22	0.520268	750	-3.092762	-86.097948		
23	0.50354	750	-3.072073	-89.170021		
24	0.487139	750	-2.962106	-92.132127		
25	0.471063	750	-3.056583	-95.18871		
26	0.45531	750	-3.038444	-98.227153		
27	0.439877	750	-2.891232	-101.118385		
28	0.424762	750	-2.818924	-103.93731		
29	0.409963	750	-2.715145	-106.652454		
30	0.395478	750	-2.75679	-109.409244		
31	0.381305	750	-2.728234	-112.137478		
32	0.36744	750	-2.629696	-114.767175		
33	0.353883	750	-2.703064	-117.470239		
34	0.34063	750	-2.614131	-120.08437		
35	0.32768	750	-2.582878	-122.667247		
36	0.31503	750	-2.47903	-125.146278		
37	0.302677	750	-2.466086	-127.612363		
38	0.290619	750	-2.398831	-130.011195		
39	0.278855	750	-2.364941	-132.376136		
40	0.267381	750	-2.282485	-134.658621		
41	0.256195	750	-2.273543	-136.932164		
42	0.245294	750	-2.199667	-139.131831		
43	0.234677	750	-2.126464	-141.258295		
44	0.22434	750	-2.102486	-143.360781		
45	0.214281	750	-2.04452	-145.4053		
46	0.204498	750	-1.996897	-147.402197		
47	0.194988	750	-1.944405	-149.346602		
48	0.185749	750	-1.885071	-151.231673		
49	0.176777	750	-1.833442	-153.065116		
50	0.16807	750	-1.791118	-154.856234		
51	0.159626	750	-1.759903	-156.616136		
52	0.151441	750	-1.670979	-158.287115		
53	0.143514	750	-1.615931	-159.903046		
54	0.135841	750	-1.575373	-161.478419		
55	0.12842	750	-1.510698	-162.989117		
56	0.121247	750	-1.476004	-164.465121		
57	0.11432	750	-1.428624	-165.893745		
58	0.107637	750	-1.372163	-167.265908		
59	0.101193	750	-1.335377	-168.601285		
60	0.094986	750	-1.306073	-169.907358		
61	0.089014	750	-1.25743	-171.164788		
62	0.083273	750	-1.206767	-172.371555		
63	0.07776	750	-1.173103	-173.544659		
64	0.072472	750	-1.140143	-174.684801		
65	0.067406	750	-1.100218	-175.785019		
66	0.062558	750	-1.063665	-176.848684		
67	0.057926	750	-1.000818	-177.849502		
68	0.053506	750	-0.952605	-178.802107		
69	0.049295	750	-0.929839	-179.731946		
70	0.045289	750	-0.875141	-180.607087		
71	0.041485	750	-0.875925	-181.483012		
72	0.03788	750	-0.826256	-182.309267		
73	0.034469	750	-0.756572	-183.065839		
74	0.03125	750	-0.744069	-183.809908		
75	0.028218	750	-0.736382	-184.54629		
76	0.02537	750	-0.663564	-185.209854		
77	0.022702	750	-0.651163	-185.861018		
78	0.020209	750	-0.58486	-186.445878		
79	0.017889	750	-0.54601	-186.991888		
80	0.015736	750	-0.540305	-187.532193		
81	0.013746	750	-0.475386	-188.007579		
82	0.011916	750	-0.444414	-188.451993		
83	0.01024	750	-0.407746	-188.85974		
84	0.008714	750	-0.396891	-189.25663		
85	0.007334	750	-0.349294	-189.605924		
86	0.006093	750	-0.325749	-189.931673		
87	0.004988	750	-0.273416	-190.205089		
88	0.004013	750	-0.251139	-190.456228		
89	0.003162	750	-0.220783	-190.677011		
90	0.00243	750	-0.229533	-190.906544		
91	0.00181	750	-0.168806	-191.07535		
92	0.001296	750	-0.155192	-191.230542		
93	0.000882	750	-0.113871	-191.344413		
94	0.000559	750	-0.092087	-191.4365		
95	0.00032	750	-0.065744	-191.502244		
96	0.000156	750	-0.048744	-191.550988		
97	0.000057	750	-0.031982	-191.582969		
98	0.00001	750	-0.013424	-191.596393		
99	0	750	-0.00277	-191.599163		
Log marginal likelihood:	-191.599163					
0	0.975187	750	-4.549616	-4.549616		
1	0.950747	750	-4.528278	-9.077894		
2	0.926679	750	-4.484869	-13.562763		
3	0.90298	750	-4.456553	-18.019316		
4	0.879648	750	-4.341877	-22.361194		
5	0.856682	750	-4.239838	-26.601032		
6	0.834079	750	-4.167698	-30.768729		
7	0.811838	750	-4.150087	-34.918816		
8	0.789957	750	-4.086996	-39.005812		
9	0.768433	750	-3.996166	-43.001978		
10	0.747266	750	-3.929978	-46.931955		
11	0.726452	750	-3.8794	-50.811355		
12	0.705989	750	-3.829347	-54.640702		
13	0.685877	750	-3.810694	-58.451395		
14	0.666112	750	-3.700304	-62.1517		
15	0.646693	750	-3.645453	-65.797153		
16	0.627618	750	-3.574459	-69.371611		
17	0.608884	750	-3.496084	-72.867695		
18	0.59049	750	-3.439849	-76.307544		
19	0.572433	750	-3.385047	-79.692591		
20	0.554712	750	-3.297307	-82.989898		
21	0.537324	750	-3.257944	-86.247842		
22	0.520268	750	-3.234943	-89.482785		
23	0.50354	750	-3.192496	-92.675281		
24	0.487139	750	-3.144752	-95.820034		
25	0.471063	750	-3.049029	-98.869062		
26	0.45531	750	-3.042666	-101.911728		
27	0.439877	750	-2.954656	-104.866384		
28	0.424762	750	-2.99108	-107.857464		
29	0.409963	750	-2.946799	-110.804263		
30	0.395478	750	-2.828545	-113.632808		
31	0.381305	750	-2.833155	-116.465962		
32	0.36744	750	-2.653925	-119.119888		
33	0.353883	750	-2.735322	-121.85521		
34	0.34063	750	-2.56801	-124.423221		
35	0.32768	750	-2.518093	-126.941314		
36	0.31503	750	-2.505242	-129.446556		
37	0.302677	750	-2.446234	-131.89279		
38	0.290619	750	-2.322269	-134.215059		
39	0.278855	750	-2.362524	-136.577583		
40	0.267381	750	-2.296414	-138.873997		
41	0.256195	750	-2.241404	-141.115401		
42	0.245294	750	-2.166707	-143.282108		
43	0.234677	750	-2.123128	-145.405236		
44	0.22434	750	-2.07934	-147.484576		
45	0.214281	750	-2.035358	-149.519934		
46	0.204498	750	-1.969231	-151.489166		
47	0.194988	750	-1.950795	-153.439961		
48	0.185749	750	-1.900357	-155.340317		
49	0.176777	750	-1.813253	-157.153571		
50	0.16807	750	-1.77908	-158.93265		
51	0.159626	750	-1.761315	-160.693965		
52	0.151441	750	-1.689605	-162.38357		
53	0.143514	750	-1.610426	-163.993996		
54	0.135841	750	-1.591182	-165.585178		
55	0.12842	750	-1.526503	-167.111681		
56	0.121247	750	-1.491261	-168.602941		
57	0.11432	750	-1.44544	-170.048381		
58	0.107637	750	-1.415102	-171.463483		
59	0.101193	750	-1.344564	-172.808047		
60	0.094986	750	-1.288182	-174.096229		
61	0.089014	750	-1.301953	-175.398181		
62	0.083273	750	-1.197884	-176.596066		
63	0.07776	750	-1.193595	-177.78966		
64	0.072472	750	-1.133071	-178.922731		
65	0.067406	750	-1.082233	-180.004964		
66	0.062558	750	-1.036705	-181.041669		
67	0.057926	750	-1.001829	-182.043497		
68	0.053506	750	-0.978637	-183.022134		
69	0.049295	750	-0.919867	-183.942001		
70	0.045289	750	-0.877246	-184.819248		
71	0.041485	750	-0.868843	-185.68809		
72	0.03788	750	-0.799202	-186.487292		
73	0.034469	750	-0.807269	-187.294562		
74	0.03125	750	-0.728654	-188.023216		
75	0.028218	750	-0.676647	-188.699864		
76	0.02537	750	-0.648571	-189.348435		
77	0.022702	750	-0.619605	-189.96804		
78	0.020209	750	-0.621944	-190.589984		
79	0.017889	750	-0.562297	-191.152281		
80	0.015736	750	-0.5188	-191.671082		
81	0.013746	750	-0.519128	-192.19021		
82	0.011916	750	-0.459122	-192.649332		
83	0.01024	750	-0.466527	-193.115859		
84	0.008714	750	-0.378932	-193.494791		
85	0.007334	750	-0.337821	-193.832612		
86	0.006093	750	-0.315558	-194.148169		
87	0.004988	750	-0.288587	-194.436757		
88	0.004013	750	-0.28912	-194.725877		
89	0.003162	750	-0.232327	-194.958203		
90	0.00243	750	-0.195688	-195.153891		
91	0.00181	750	-0.169332	-195.323223		
92	0.001296	750	-0.142695	-195.465918		
93	0.000882	750	-0.110753	-195.576671		
94	0.000559	750	-0.09126	-195.667931		
95	0.00032	750	-0.064095	-195.732027		
96	0.000156	750	-0.045836	-195.777863		
97	0.000057	750	-0.031288	-195.809151		
98	0.00001	750	-0.013136	-195.822287		
99	0	750	-0.002733	-195.82502		
Log marginal likelihood:	-195.82502					
0	0.975187	750	-4.483345	-4.483345		
1	0.950747	750	-4.483533	-8.966878		
2	0.926679	750	-4.305447	-13.272325		
3	0.90298	750	-4.365695	-17.63802		
4	0.879648	750	-4.304289	-21.942309		
5	0.856682	750	-4.159189	-26.101499		
6	0.834079	750	-4.114383	-30.215882		
7	0.811838	750	-4.077029	-34.29291		
8	0.789957	750	-3.955504	-38.248414		
9	0.768433	750	-3.924791	-42.173205		
10	0.747266	750	-3.867677	-46.040883		
11	0.726452	750	-3.923459	-49.964342		
12	0.705989	750	-3.711725	-53.676067		
13	0.685877	750	-3.724593	-57.40066		
14	0.666112	750	-3.608907	-61.009567		
15	0.646693	750	-3.573557	-64.583124		
16	0.627618	750	-3.552825	-68.135949		
17	0.608884	750	-3.511436	-71.647386		
18	0.59049	750	-3.415356	-75.062741		
19	0.572433	750	-3.341491	-78.404233		
20	0.554712	750	-3.293501	-81.697734		
21	0.537324	750	-3.217581	-84.915315		
22	0.520268	750	-3.214915	-88.13023		
23	0.50354	750	-3.260575	-91.390805		
24	0.487139	750	-3.207836	-94.598641		
25	0.471063	750	-2.993416	-97.592057		
26	0.45531	750	-3.077319	-100.669376		
27	0.439877	750	-3.015976	-103.685352		
28	0.424762	750	-2.882647	-106.567998		
29	0.409963	750	-2.820773	-109.388771		
30	0.395478	750	-2.78591	-112.174681		
31	0.381305	750	-2.764721	-114.939402		
32	0.36744	750	-2.64663	-117.586032		
33	0.353883	750	-2.609715	-120.195747		
34	0.34063	750	-2.53616	-122.731907		
35	0.32768	750	-2.498177	-125.230084		
36	0.31503	750	-2.48865	-127.718734		
37	0.302677	750	-2.402213	-130.120947		
38	0.290619	750	-2.354357	-132.475304		
39	0.278855	750	-2.353391	-134.828694		
40	0.267381	750	-2.289036	-137.117731		
41	0.256195	750	-2.230796	-139.348526		
42	0.245294	750	-2.166759	-141.515285		
43	0.234677	750	-2.137356	-143.652641		
44	0.22434	750	-2.04027	-145.692911		
45	0.214281	750	-2.005883	-147.698794		
46	0.204498	750	-1.977015	-149.675809		
47	0.194988	750	-1.920203	-151.596012		
48	0.185749	750	-1.859591	-153.455604		
49	0.176777	750	-1.807271	-155.262874		
50	0.16807	750	-1.759707	-157.022581		
51	0.159626	750	-1.715936	-158.738517		
52	0.151441	750	-1.667743	-160.40626		
53	0.143514	750	-1.578296	-161.984556		
54	0.135841	750	-1.571758	-163.556314		
55	0.12842	750	-1.510146	-165.06646		
56	0.121247	750	-1.461957	-166.528416		
57	0.11432	750	-1.423018	-167.951434		
58	0.107637	750	-1.377217	-169.328652		
59	0.101193	750	-1.3473	-170.675952		
60	0.094986	750	-1.285674	-171.961626		
61	0.089014	750	-1.248284	-173.209911		
62	0.083273	750	-1.192143	-174.402054		
63	0.07776	750	-1.156607	-175.558661		
64	0.072472	750	-1.110792	-176.669454		
65	0.067406	750	-1.080304	-177.749758		
66	0.062558	750	-1.020444	-178.770202		
67	0.057926	750	-0.975475	-179.745677		
68	0.053506	750	-0.959889	-180.705566		
69	0.049295	750	-0.931677	-181.637243		
70	0.045289	750	-0.876769	-182.514012		
71	0.041485	750	-0.845927	-183.359939		
72	0.03788	750	-0.798284	-184.158223		
73	0.034469	750	-0.784297	-184.94252		
74	0.03125	750	-0.740343	-185.682863		
75	0.028218	750	-0.721824	-186.404688		
76	0.02537	750	-0.665437	-187.070124		
77	0.022702	750	-0.677726	-187.74785		
78	0.020209	750	-0.587254	-188.335104		
79	0.017889	750	-0.58253	-188.917634		
80	0.015736	750	-0.500008	-189.417643		
81	0.013746	750	-0.496489	-189.914132		
82	0.011916	750	-0.444927	-190.359058		
83	0.01024	750	-0.405084	-190.764142		
84	0.008714	750	-0.370667	-191.134809		
85	0.007334	750	-0.359203	-191.494012		
86	0.006093	750	-0.325679	-191.819691		
87	0.004988	750	-0.290062	-192.109753		
88	0.004013	750	-0.249566	-192.359318		
89	0.003162	750	-0.232165	-192.591484		
90	0.00243	750	-0.201072	-192.792556		
91	0.00181	750	-0.181569	-192.974125		
92	0.001296	750	-0.139279	-193.113404		
93	0.000882	750	-0.113766	-193.22717		
94	0.000559	750	-0.086375	-193.313545		
95	0.00032	750	-0.072876	-193.386421		
96	0.000156	750	-0.043271	-193.429692		
97	0.000057	750	-0.02969	-193.459382		
98	0.00001	750	-0.013821	-193.473203		
99	0	750	-0.002793	-193.475996		
Log marginal likelihood:	-193.475996					
0	0.975187	750	-4.474895	-4.474895		
1	0.950747	750	-4.391328	-8.866223		
2	0.926679	750	-4.340393	-13.206616		
3	0.90298	750	-4.246162	-17.452778		
4	0.879648	750	-4.164527	-21.617305		
5	0.856682	750	-4.101668	-25.718973		
6	0.834079	750	-4.029826	-29.748799		
7	0.811838	750	-3.991168	-33.739967		
8	0.789957	750	-3.945969	-37.685935		
9	0.768433	750	-3.911413	-41.597348		
10	0.747266	750	-3.803005	-45.400353		
11	0.726452	750	-3.742158	-49.142511		
12	0.705989	750	-3.743758	-52.886269		
13	0.685877	750	-3.621236	-56.507505		
14	0.666112	750	-3.552223	-60.059728		
15	0.646693	750	-3.54525	-63.604978		
16	0.627618	750	-3.475406	-67.080384		
17	0.608884	750	-3.385047	-70.465431		
18	0.59049	750	-3.343774	-73.809205		
19	0.572433	750	-3.319394	-77.128599		
20	0.554712	750	-3.200216	-80.328815		
21	0.537324	750	-3.172069	-83.500883		
22	0.520268	750	-3.209209	-86.710092		
23	0.50354	750	-3.06107	-89.771163		
24	0.487139	750	-3.110013	-92.881176		
25	0.471063	750	-2.987382	-95.868557		
26	0.45531	750	-2.909156	-98.777714		
27	0.439877	750	-2.830134	-101.607848		
28	0.424762	750	-2.975458	-104.583305		
29	0.409963	750	-2.869835	-107.45314		
30	0.395478	750	-2.75046	-110.2036		
31	0.381305	750	-2.777475	-112.981075		
32	0.36744	750	-2.752645	-115.73372		
33	0.353883	750	-2.66219	-118.39591		
34	0.34063	750	-2.583494	-120.979404		
35	0.32768	750	-2.5392	-123.518604		
36	0.31503	750	-2.494966	-126.013571		
37	0.302677	750	-2.441327	-128.454898		
38	0.290619	750	-2.416653	-130.87155		
39	0.278855	750	-2.333111	-133.204661		
40	0.267381	750	-2.277227	-135.481888		
41	0.256195	750	-2.185122	-137.667009		
42	0.245294	750	-2.172698	-139.839707		
43	0.234677	750	-2.021391	-141.861098		
44	0.22434	750	-2.059492	-143.92059		
45	0.214281	750	-2.0082	-145.92879		
46	0.204498	750	-1.974916	-147.903706		
47	0.194988	750	-1.891767	-149.795473		
48	0.185749	750	-1.846797	-151.642269		
49	0.176777	750	-1.810771	-153.45304		
50	0.16807	750	-1.757906	-155.210946		
51	0.159626	750	-1.704986	-156.915932		
52	0.151441	750	-1.656368	-158.5723		
53	0.143514	750	-1.617219	-160.189519		
54	0.135841	750	-1.576585	-161.766104		
55	0.12842	750	-1.513138	-163.279242		
56	0.121247	750	-1.475304	-164.754547		
57	0.11432	750	-1.419939	-166.174486		
58	0.107637	750	-1.390223	-167.564709		
59	0.101193	750	-1.348671	-168.91338		
60	0.094986	750	-1.290729	-170.204109		
61	0.089014	750	-1.236711	-171.44082		
62	0.083273	750	-1.232483	-172.673303		
63	0.07776	750	-1.182374	-173.855677		
64	0.072472	750	-1.10466	-174.960338		
65	0.067406	750	-1.067159	-176.027496		
66	0.062558	750	-1.025147	-177.052644		
67	0.057926	750	-1.001327	-178.053971		
68	0.053506	750	-0.937324	-178.991294		
69	0.049295	750	-0.928772	-179.920066		
70	0.045289	750	-0.87073	-180.790796		
71	0.041485	750	-0.830477	-181.621273		
72	0.03788	750	-0.807468	-182.428741		
73	0.034469	750	-0.767346	-183.196087		
74	0.03125	750	-0.711911	-183.907998		
75	0.028218	750	-0.686351	-184.594349		
76	0.02537	750	-0.678138	-185.272487		
77	0.022702	750	-0.623232	-185.895719		
78	0.020209	750	-0.569126	-186.464845		
79	0.017889	750	-0.545409	-187.010254		
80	0.015736	750	-0.512454	-187.522708		
81	0.013746	750	-0.485914	-188.008622		
82	0.011916	750	-0.466619	-188.475241		
83	0.01024	750	-0.40786	-188.883101		
84	0.008714	750	-0.432473	-189.315574		
85	0.007334	750	-0.341124	-189.656699		
86	0.006093	750	-0.325202	-189.9819		
87	0.004988	750	-0.279089	-190.260989		
88	0.004013	750	-0.249841	-190.510831		
89	0.003162	750	-0.217368	-190.728198		
90	0.00243	750	-0.202047	-190.930245		
91	0.00181	750	-0.177015	-191.107261		
92	0.001296	750	-0.151586	-191.258847		
93	0.000882	750	-0.114738	-191.373585		
94	0.000559	750	-0.084623	-191.458208		
95	0.00032	750	-0.066412	-191.524619		
96	0.000156	750	-0.051007	-191.575626		
97	0.000057	750	-0.026797	-191.602423		
98	0.00001	750	-0.011894	-191.614317		
99	0	750	-0.002868	-191.617185		
Log marginal likelihood:	-191.617185					
0	0.975187	750	-4.320597	-4.320597		
1	0.950747	750	-4.224382	-8.544979		
2	0.926679	750	-4.18829	-12.733269		
3	0.90298	750	-4.121292	-16.854562		
4	0.879648	750	-4.065782	-20.920344		
5	0.856682	750	-4.031678	-24.952022		
6	0.834079	750	-3.938622	-28.890644		
7	0.811838	750	-3.875046	-32.76569		
8	0.789957	750	-3.822229	-36.587919		
9	0.768433	750	-3.742912	-40.330831		
10	0.747266	750	-3.670631	-44.001462		
11	0.726452	750	-3.644822	-47.646284		
12	0.705989	750	-3.563832	-51.210117		
13	0.685877	750	-3.543669	-54.753786		
14	0.666112	750	-3.462255	-58.21604		
15	0.646693	750	-3.405423	-61.621463		
16	0.627618	750	-3.358915	-64.980378		
17	0.608884	750	-3.301389	-68.281767		
18	0.59049	750	-3.245075	-71.526842		
19	0.572433	750	-3.357376	-74.884218		
20	0.554712	750	-3.153189	-78.037407		
21	0.537324	750	-3.061251	-81.098657		
22	0.520268	750	-3.014441	-84.113099		
23	0.50354	750	-2.983475	-87.096574		
24	0.487139	750	-2.905409	-90.001983		
25	0.471063	750	-2.8579	-92.859882		
26	0.45531	750	-2.797311	-95.657194		
27	0.439877	750	-2.823913	-98.481106		
28	0.424762	750	-2.876942	-101.358048		
29	0.409963	750	-2.712598	-104.070647		
30	0.395478	750	-2.735514	-106.80616		
31	0.381305	750	-2.587455	-109.393616		
32	0.36744	750	-2.648117	-112.041733		
33	0.353883	750	-2.648479	-114.690212		
34	0.34063	750	-2.51175	-117.201962		
35	0.32768	750	-2.434501	-119.636463		
36	0.31503	750	-2.418712	-122.055175		
37	0.302677	750	-2.380572	-124.435747		
38	0.290619	750	-2.261875	-126.697621		
39	0.278855	750	-2.326688	-129.02431		
40	0.267381	750	-2.246237	-131.270546		
41	0.256195	750	-2.199894	-133.47044		
42	0.245294	750	-2.100785	-135.571225		
43	0.234677	750	-2.070344	-137.641569		
44	0.22434	750	-2.041438	-139.683007		
45	0.214281	750	-1.930484	-141.613491		
46	0.204498	750	-1.938826	-143.552317		
47	0.194988	750	-1.898188	-145.450505		
48	0.185749	750	-1.801031	-147.251536		
49	0.176777	750	-1.784605	-149.036141		
50	0.16807	750	-1.768117	-150.804258		
51	0.159626	750	-1.66994	-152.474198		
52	0.151441	750	-1.646238	-154.120436		
53	0.143514	750	-1.600235	-155.720671		
54	0.135841	750	-1.540354	-157.261025		
55	0.12842	750	-1.490155	-158.75118		
56	0.121247	750	-1.453643	-160.204823		
57	0.11432	750	-1.423377	-161.628201		
58	0.107637	750	-1.381704	-163.009904		
59	0.101193	750	-1.339537	-164.349442		
60	0.094986	750	-1.262398	-165.611839		
61	0.089014	750	-1.240964	-166.852803		
62	0.083273	750	-1.189526	-168.042329		
63	0.07776	750	-1.145495	-169.187824		
64	0.072472	750	-1.118217	-170.306042		
65	0.067406	750	-1.077058	-171.3831		
66	0.062558	750	-1.017942	-172.401041		
67	0.057926	750	-0.99056	-173.391601		
68	0.053506	750	-0.941637	-174.333238		
69	0.049295	750	-0.889876	-175.223114		
70	0.045289	750	-0.868533	-176.091646		
71	0.041485	750	-0.83595	-176.927596		
72	0.03788	750	-0.791606	-177.719202		
73	0.034469	750	-0.765711	-178.484913		
74	0.03125	750	-0.70463	-179.189544		
75	0.028218	750	-0.687831	-179.877374		
76	0.02537	750	-0.660347	-180.537721		
77	0.022702	750	-0.627017	-181.164738		
78	0.020209	750	-0.572965	-181.737703		
79	0.017889	750	-0.542963	-182.280667		
80	0.015736	750	-0.518072	-182.798739		
81	0.013746	750	-0.477465	-183.276204		
82	0.011916	750	-0.473775	-183.749979		
83	0.01024	750	-0.408375	-184.158354		
84	0.008714	750	-0.389929	-184.548283		
85	0.007334	750	-0.35762	-184.905902		
86	0.006093	750	-0.337804	-185.243706		
87	0.004988	750	-0.269152	-185.512858		
88	0.004013	750	-0.253436	-185.766295		
89	0.003162	750	-0.234727	-186.001021		
90	0.00243	750	-0.200477	-186.201498		
91	0.00181	750	-0.176717	-186.378215		
92	0.001296	750	-0.142363	-186.520578		
93	0.000882	750	-0.119418	-186.639996		
94	0.000559	750	-0.087788	-186.727784		
95	0.00032	750	-0.064574	-186.792358		
96	0.000156	750	-0.042365	-186.834724		
97	0.000057	750	-0.026071	-186.860795		
98	0.00001	750	-0.013757	-186.874552		
99	0	750	-0.002892	-186.877444		
Log marginal likelihood:	-186.877444					
0	0.975187	750	-4.398807	-4.398807		
1	0.950747	750	-4.309646	-8.708453		
2	0.926679	750	-4.221002	-12.929455		
3	0.90298	750	-4.18253	-17.111985		
4	0.879648	750	-4.148833	-21.260819		
5	0.856682	750	-4.075778	-25.336597		
6	0.834079	750	-4.002196	-29.338793		
7	0.811838	750	-3.947789	-33.286582		
8	0.789957	750	-3.901559	-37.188141		
9	0.768433	750	-3.813106	-41.001247		
10	0.747266	750	-3.770977	-44.772223		
11	0.726452	750	-3.697908	-48.470131		
12	0.705989	750	-3.652127	-52.122258		
13	0.685877	750	-3.602068	-55.724326		
14	0.666112	750	-3.549374	-59.2737		
15	0.646693	750	-3.468202	-62.741902		
16	0.627618	750	-3.41779	-66.159692		
17	0.608884	750	-3.366068	-69.52576		
18	0.59049	750	-3.34943	-72.875189		
19	0.572433	750	-3.253827	-76.129016		
20	0.554712	750	-3.228823	-79.357839		
21	0.537324	750	-3.218408	-82.576247		
22	0.520268	750	-3.237039	-85.813287		
23	0.50354	750	-3.190519	-89.003805		
24	0.487139	750	-2.943235	-91.94704		
25	0.471063	750	-2.976102	-94.923143		
26	0.45531	750	-2.937477	-97.860619		
27	0.439877	750	-3.026931	-100.88755		
28	0.424762	750	-2.832924	-103.720474		
29	0.409963	750	-2.818846	-106.53932		
30	0.395478	750	-2.726035	-109.265355		
31	0.381305	750	-2.633944	-111.899299		
32	0.36744	750	-2.711163	-114.610462		
33	0.353883	750	-2.490248	-117.10071		
34	0.34063	750	-2.566961	-119.66767		
35	0.32768	750	-2.508594	-122.176264		
36	0.31503	750	-2.465189	-124.641454		
37	0.302677	750	-2.330373	-126.971826		
38	0.290619	750	-2.372367	-129.344193		
39	0.278855	750	-2.282694	-131.626887		
40	0.267381	750	-2.206531	-133.833419		
41	0.256195	750	-2.212852	-136.046271		
42	0.245294	750	-2.137817	-138.184088		
43	0.234677	750	-2.138733	-140.322821		
44	0.22434	750	-2.062173	-142.384994		
45	0.214281	750	-2.012314	-144.397307		
46	0.204498	750	-1.968118	-146.365425		
47	0.194988	750	-1.920743	-148.286168		
48	0.185749	750	-1.83576	-150.121928		
49	0.176777	750	-1.822513	-151.94444		
50	0.16807	750	-1.701623	-153.646064		
51	0.159626	750	-1.705998	-155.352061		
52	0.151441	750	-1.662211	-157.014272		
53	0.143514	750	-1.58676	-158.601032		
54	0.135841	750	-1.571971	-160.173004		
55	0.12842	750	-1.509953	-161.682957		
56	0.121247	750	-1.463914	-163.146871		
57	0.11432	750	-1.448594	-164.595464		
58	0.107637	750	-1.365322	-165.960786		
59	0.101193	750	-1.337168	-167.297954		
60	0.094986	750	-1.282883	-168.580837		
61	0.089014	750	-1.238225	-169.819062		
62	0.083273	750	-1.202097	-171.021159		
63	0.07776	750	-1.152108	-172.173267		
64	0.072472	750	-1.104948	-173.278215		
65	0.067406	750	-1.096338	-174.374553		
66	0.062558	750	-1.032065	-175.406617		
67	0.057926	750	-0.987823	-176.39444		
68	0.053506	750	-0.949913	-177.344353		
69	0.049295	750	-0.894432	-178.238785		
70	0.045289	750	-0.864289	-179.103074		
71	0.041485	750	-0.845712	-179.948787		
72	0.03788	750	-0.811616	-180.760402		
73	0.034469	750	-0.779495	-181.539898		
74	0.03125	750	-0.73835	-182.278248		
75	0.028218	750	-0.690308	-182.968556		
76	0.02537	750	-0.683832	-183.652388		
77	0.022702	750	-0.634832	-184.287219		
78	0.020209	750	-0.571867	-184.859086		
79	0.017889	750	-0.532455	-185.391542		
80	0.015736	750	-0.503892	-185.895434		
81	0.013746	750	-0.463916	-186.35935		
82	0.011916	750	-0.451298	-186.810649		
83	0.01024	750	-0.418853	-187.229501		
84	0.008714	750	-0.397054	-187.626556		
85	0.007334	750	-0.363794	-187.990349		
86	0.006093	750	-0.312608	-188.302957		
87	0.004988	750	-0.272936	-188.575893		
88	0.004013	750	-0.280851	-188.856744		
89	0.003162	750	-0.233743	-189.090487		
90	0.00243	750	-0.2015	-189.291987		
91	0.00181	750	-0.160582	-189.452569		
92	0.001296	750	-0.144988	-189.597556		
93	0.000882	750	-0.12468	-189.722236		
94	0.000559	750	-0.094729	-189.816964		
95	0.00032	750	-0.070404	-189.887368		
96	0.000156	750	-0.043699	-189.931067		
97	0.000057	750	-0.027018	-189.958085		
98	0.00001	750	-0.013371	-189.971456		
99	0	750	-0.002996	-189.974452		
Log marginal likelihood:	-189.974452					
0	0.975187	750	-4.41665	-4.41665		
1	0.950747	750	-4.297653	-8.714304		
2	0.926679	750	-4.201258	-12.915562		
3	0.90298	750	-4.144649	-17.060211		
4	0.879648	750	-4.092555	-21.152766		
5	0.856682	750	-4.009185	-25.161951		
6	0.834079	750	-3.948177	-29.110128		
7	0.811838	750	-3.932501	-33.042629		
8	0.789957	750	-3.846068	-36.888697		
9	0.768433	750	-3.839057	-40.727754		
10	0.747266	750	-3.734566	-44.46232		
11	0.726452	750	-3.690386	-48.152706		
12	0.705989	750	-3.669508	-51.822214		
13	0.685877	750	-3.528254	-55.350468		
14	0.666112	750	-3.514244	-58.864712		
15	0.646693	750	-3.452993	-62.317705		
16	0.627618	750	-3.384156	-65.701861		
17	0.608884	750	-3.334966	-69.036827		
18	0.59049	750	-3.326084	-72.362911		
19	0.572433	750	-3.36108	-75.723991		
20	0.554712	750	-3.144922	-78.868913		
21	0.537324	750	-3.076309	-81.945222		
22	0.520268	750	-3.119376	-85.064598		
23	0.50354	750	-3.060202	-88.1248		
24	0.487139	750	-3.01041	-91.13521		
25	0.471063	750	-2.914066	-94.049276		
26	0.45531	750	-2.908002	-96.957278		
27	0.439877	750	-2.823914	-99.781192		
28	0.424762	750	-2.749817	-102.531009		
29	0.409963	750	-2.742885	-105.273894		
30	0.395478	750	-2.631674	-107.905568		
31	0.381305	750	-2.642045	-110.547613		
32	0.36744	750	-2.50073	-113.048343		
33	0.353883	750	-2.602356	-115.650699		
34	0.34063	750	-2.534696	-118.185395		
35	0.32768	750	-2.539406	-120.7248		
36	0.31503	750	-2.393993	-123.118793		
37	0.302677	750	-2.337054	-125.455847		
38	0.290619	750	-2.326003	-127.781851		
39	0.278855	750	-2.230725	-130.012576		
40	0.267381	750	-2.189045	-132.201621		
41	0.256195	750	-2.175631	-134.377252		
42	0.245294	750	-2.111564	-136.488816		
43	0.234677	750	-2.057004	-138.54582		
44	0.22434	750	-2.039467	-140.585287		
45	0.214281	750	-1.985631	-142.570918		
46	0.204498	750	-1.868991	-144.439909		
47	0.194988	750	-1.878008	-146.317917		
48	0.185749	750	-1.796084	-148.114001		
49	0.176777	750	-1.788199	-149.9022		
50	0.16807	750	-1.676716	-151.578916		
51	0.159626	750	-1.669339	-153.248255		
52	0.151441	750	-1.65067	-154.898925		
53	0.143514	750	-1.592421	-156.491346		
54	0.135841	750	-1.545989	-158.037335		
55	0.12842	750	-1.493374	-159.530708		
56	0.121247	750	-1.467603	-160.998312		
57	0.11432	750	-1.413073	-162.411385		
58	0.107637	750	-1.386512	-163.797897		
59	0.101193	750	-1.33607	-165.133967		
60	0.094986	750	-1.24651	-166.380476		
61	0.089014	750	-1.236061	-167.616537		
62	0.083273	750	-1.185335	-168.801872		
63	0.07776	750	-1.145584	-169.947456		
64	0.072472	750	-1.106982	-171.054438		
65	0.067406	750	-1.068138	-172.122576		
66	0.062558	750	-1.027828	-173.150404		
67	0.057926	750	-1.005255	-174.155659		
68	0.053506	750	-0.94157	-175.097229		
69	0.049295	750	-0.895652	-175.992881		
70	0.045289	750	-0.856713	-176.849593		
71	0.041485	750	-0.841145	-177.690739		
72	0.03788	750	-0.775424	-178.466163		
73	0.034469	750	-0.740485	-179.206649		
74	0.03125	750	-0.709688	-179.916336		
75	0.028218	750	-0.671727	-180.588063		
76	0.02537	750	-0.663503	-181.251566		
77	0.022702	750	-0.599152	-181.850718		
78	0.020209	750	-0.599537	-182.450255		
79	0.017889	750	-0.576255	-183.02651		
80	0.015736	750	-0.527955	-183.554465		
81	0.013746	750	-0.478443	-184.032908		
82	0.011916	750	-0.434189	-184.467097		
83	0.01024	750	-0.426473	-184.89357		
84	0.008714	750	-0.381328	-185.274898		
85	0.007334	750	-0.358139	-185.633037		
86	0.006093	750	-0.327669	-185.960706		
87	0.004988	750	-0.284454	-186.24516		
88	0.004013	750	-0.253838	-186.498998		
89	0.003162	750	-0.212815	-186.711813		
90	0.00243	750	-0.198668	-186.910481		
91	0.00181	750	-0.154162	-187.064643		
92	0.001296	750	-0.142818	-187.207462		
93	0.000882	750	-0.119847	-187.327309		
94	0.000559	750	-0.098788	-187.426097		
95	0.00032	750	-0.065603	-187.4917		
96	0.000156	750	-0.04385	-187.53555		
97	0.000057	750	-0.027952	-187.563502		
98	0.00001	750	-0.012096	-187.575598		
99	0	750	-0.002883	-187.578481		
Log marginal likelihood:	-187.578481					
0	0.975187	750	-4.403458	-4.403458		
1	0.950747	750	-4.33315	-8.736608		
2	0.926679	750	-4.29399	-13.030599		
3	0.90298	750	-4.230651	-17.261249		
4	0.879648	750	-4.168498	-21.429747		
5	0.856682	750	-4.115749	-25.545496		
6	0.834079	750	-4.026397	-29.571893		
7	0.811838	750	-3.948709	-33.520602		
8	0.789957	750	-3.915035	-37.435638		
9	0.768433	750	-3.888847	-41.324485		
10	0.747266	750	-3.827465	-45.15195		
11	0.726452	750	-3.753242	-48.905192		
12	0.705989	750	-3.71057	-52.615762		
13	0.685877	750	-3.602596	-56.218358		
14	0.666112	750	-3.545146	-59.763504		
15	0.646693	750	-3.579653	-63.343157		
16	0.627618	750	-3.445087	-66.788245		
17	0.608884	750	-3.373625	-70.161869		
18	0.59049	750	-3.339617	-73.501486		
19	0.572433	750	-3.268456	-76.769942		
20	0.554712	750	-3.250078	-80.02002		
21	0.537324	750	-3.184804	-83.204825		
22	0.520268	750	-3.112919	-86.317744		
23	0.50354	750	-3.061928	-89.379672		
24	0.487139	750	-3.020847	-92.400518		
25	0.471063	750	-2.938341	-95.338859		
26	0.45531	750	-2.950664	-98.289523		
27	0.439877	750	-2.88845	-101.177973		
28	0.424762	750	-2.952601	-104.130574		
29	0.409963	750	-2.824506	-106.95508		
30	0.395478	750	-2.76957	-109.72465		
31	0.381305	750	-2.651905	-112.376554		
32	0.36744	750	-2.591437	-114.967991		
33	0.353883	750	-2.56946	-117.537451		
34	0.34063	750	-2.539371	-120.076822		
35	0.32768	750	-2.511222	-122.588044		
36	0.31503	750	-2.512157	-125.100201		
37	0.302677	750	-2.409074	-127.509275		
38	0.290619	750	-2.370753	-129.880028		
39	0.278855	750	-2.224712	-132.10474		
40	0.267381	750	-2.327695	-134.432435		
41	0.256195	750	-2.145891	-136.578327		
42	0.245294	750	-2.130425	-138.708752		
43	0.234677	750	-2.112453	-140.821205		
44	0.22434	750	-2.035893	-142.857098		
45	0.214281	750	-1.981546	-144.838643		
46	0.204498	750	-1.936775	-146.775418		
47	0.194988	750	-1.920198	-148.695616		
48	0.185749	750	-1.792226	-150.487842		
49	0.176777	750	-1.802625	-152.290466		
50	0.16807	750	-1.758777	-154.049244		
51	0.159626	750	-1.662701	-155.711945		
52	0.151441	750	-1.642291	-157.354235		
53	0.143514	750	-1.615882	-158.970117		
54	0.135841	750	-1.574425	-160.544542		
55	0.12842	750	-1.503992	-162.048533		
56	0.121247	750	-1.497516	-163.546049		
57	0.11432	750	-1.468146	-165.014196		
58	0.107637	750	-1.371846	-166.386042		
59	0.101193	750	-1.354386	-167.740427		
60	0.094986	750	-1.283525	-169.023952		
61	0.089014	750	-1.227764	-170.251717		
62	0.083273	750	-1.211614	-171.463331		
63	0.07776	750	-1.152957	-172.616287		
64	0.072472	750	-1.11218	-173.728468		
65	0.067406	750	-1.073826	-174.802294		
66	0.062558	750	-1.064866	-175.86716		
67	0.057926	750	-1.010693	-176.877853		
68	0.053506	750	-0.978376	-177.856229		
69	0.049295	750	-0.901888	-178.758117		
70	0.045289	750	-0.885762	-179.643879		
71	0.041485	750	-0.847163	-180.491042		
72	0.03788	750	-0.800218	-181.29126		
73	0.034469	750	-0.765455	-182.056715		
74	0.03125	750	-0.721702	-182.778417		
75	0.028218	750	-0.669886	-183.448303		
76	0.02537	750	-0.652623	-184.100926		
77	0.022702	750	-0.635793	-184.736719		
78	0.020209	750	-0.595525	-185.332244		
79	0.017889	750	-0.555613	-185.887857		
80	0.015736	750	-0.555326	-186.443183		
81	0.013746	750	-0.514956	-186.958138		
82	0.011916	750	-0.443047	-187.401186		
83	0.01024	750	-0.420085	-187.821271		
84	0.008714	750	-0.399626	-188.220897		
85	0.007334	750	-0.340537	-188.561435		
86	0.006093	750	-0.339911	-188.901345		
87	0.004988	750	-0.281211	-189.182556		
88	0.004013	750	-0.261916	-189.444472		
89	0.003162	750	-0.246933	-189.691405		
90	0.00243	750	-0.193329	-189.884734		
91	0.00181	750	-0.169969	-190.054703		
92	0.001296	750	-0.136733	-190.191436		
93	0.000882	750	-0.107016	-190.298452		
94	0.000559	750	-0.092739	-190.391191		
95	0.00032	750	-0.070183	-190.461374		
96	0.000156	750	-0.04501	-190.506383		
97	0.000057	750	-0.027033	-190.533417		
98	0.00001	750	-0.013164	-190.546581		
99	0	750	-0.003124	-190.549705		
Log marginal likelihood:	-190.549705					
0	0.975187	750	-4.377099	-4.377099		
1	0.950747	750	-4.322843	-8.699942		
2	0.926679	750	-4.309803	-13.009745		
3	0.90298	750	-4.272124	-17.281869		
4	0.879648	750	-4.206203	-21.488071		
5	0.856682	750	-4.09746	-25.585531		
6	0.834079	750	-4.036964	-29.622495		
7	0.811838	750	-3.955141	-33.577636		
8	0.789957	750	-3.880712	-37.458347		
9	0.768433	750	-3.80777	-41.266117		
10	0.747266	750	-3.801755	-45.067871		
11	0.726452	750	-3.739602	-48.807473		
12	0.705989	750	-3.612954	-52.420427		
13	0.685877	750	-3.652384	-56.072811		
14	0.666112	750	-3.635307	-59.708118		
15	0.646693	750	-3.474467	-63.182585		
16	0.627618	750	-3.497349	-66.679934		
17	0.608884	750	-3.393791	-70.073725		
18	0.59049	750	-3.315252	-73.388977		
19	0.572433	750	-3.291435	-76.680412		
20	0.554712	750	-3.261889	-79.942301		
21	0.537324	750	-3.157394	-83.099695		
22	0.520268	750	-3.245662	-86.345357		
23	0.50354	750	-3.120233	-89.46559		
24	0.487139	750	-3.013101	-92.478692		
25	0.471063	750	-3.083988	-95.562679		
26	0.45531	750	-2.939097	-98.501776		
27	0.439877	750	-2.895375	-101.397151		
28	0.424762	750	-2.830334	-104.227485		
29	0.409963	750	-2.754362	-106.981847		
30	0.395478	750	-2.641119	-109.622966		
31	0.381305	750	-2.684446	-112.307412		
32	0.36744	750	-2.587199	-114.89461		
33	0.353883	750	-2.566082	-117.460692		
34	0.34063	750	-2.601905	-120.062597		
35	0.32768	750	-2.462665	-122.525261		
36	0.31503	750	-2.416119	-124.94138		
37	0.302677	750	-2.353072	-127.294453		
38	0.290619	750	-2.340815	-129.635268		
39	0.278855	750	-2.263075	-131.898343		
40	0.267381	750	-2.226973	-134.125316		
41	0.256195	750	-2.177404	-136.30272		
42	0.245294	750	-2.089792	-138.392512		
43	0.234677	750	-2.027264	-140.419776		
44	0.22434	750	-1.976228	-142.396004		
45	0.214281	750	-1.920876	-144.31688		
46	0.204498	750	-1.887658	-146.204538		
47	0.194988	750	-1.846207	-148.050745		
48	0.185749	750	-1.801594	-149.852339		
49	0.176777	750	-1.793822	-151.646161		
50	0.16807	750	-1.69844	-153.344601		
51	0.159626	750	-1.691397	-155.035998		
52	0.151441	750	-1.664992	-156.70099		
53	0.143514	750	-1.596532	-158.297522		
54	0.135841	750	-1.528055	-159.825577		
55	0.12842	750	-1.509379	-161.334956		
56	0.121247	750	-1.472355	-162.807311		
57	0.11432	750	-1.424175	-164.231486		
58	0.107637	750	-1.334776	-165.566262		
59	0.101193	750	-1.314095	-166.880357		
60	0.094986	750	-1.273002	-168.153359		
61	0.089014	750	-1.239559	-169.392918		
62	0.083273	750	-1.181014	-170.573932		
63	0.07776	750	-1.129651	-171.703583		
64	0.072472	750	-1.100851	-172.804433		
65	0.067406	750	-1.066696	-173.87113		
66	0.062558	750	-1.022986	-174.894116		
67	0.057926	750	-0.953515	-175.847631		
68	0.053506	750	-0.943773	-176.791405		
69	0.049295	750	-0.906782	-177.698187		
70	0.045289	750	-0.880892	-178.579079		
71	0.041485	750	-0.841408	-179.420487		
72	0.03788	750	-0.790297	-180.210783		
73	0.034469	750	-0.733537	-180.94432		
74	0.03125	750	-0.71513	-181.65945		
75	0.028218	750	-0.686667	-182.346117		
76	0.02537	750	-0.628829	-182.974946		
77	0.022702	750	-0.592259	-183.567206		
78	0.020209	750	-0.579035	-184.146241		
79	0.017889	750	-0.563497	-184.709738		
80	0.015736	750	-0.528718	-185.238456		
81	0.013746	750	-0.460488	-185.698944		
82	0.011916	750	-0.440651	-186.139595		
83	0.01024	750	-0.408395	-186.547989		
84	0.008714	750	-0.393442	-186.941432		
85	0.007334	750	-0.351625	-187.293056		
86	0.006093	750	-0.330081	-187.623138		
87	0.004988	750	-0.289704	-187.912841		
88	0.004013	750	-0.250798	-188.163639		
89	0.003162	750	-0.236534	-188.400173		
90	0.00243	750	-0.186323	-188.586496		
91	0.00181	750	-0.171624	-188.75812		
92	0.001296	750	-0.137691	-188.895811		
93	0.000882	750	-0.113454	-189.009265		
94	0.000559	750	-0.084353	-189.093618		
95	0.00032	750	-0.066316	-189.159934		
96	0.000156	750	-0.04766	-189.207594		
97	0.000057	750	-0.025843	-189.233438		
98	0.00001	750	-0.013958	-189.247396		
99	0	750	-0.003241	-189.250637		
Log marginal likelihood:	-189.250637					
0	0.975187	750	-4.075832	-4.075832		
1	0.950747	750	-4.000631	-8.076462		
2	0.926679	750	-3.992362	-12.068824		
3	0.90298	750	-3.882669	-15.951493		
4	0.879648	750	-3.84901	-19.800503		
5	0.856682	750	-3.804381	-23.604884		
6	0.834079	750	-3.727462	-27.332345		
7	0.811838	750	-3.696956	-31.029301		
8	0.789957	750	-3.650787	-34.680088		
9	0.768433	750	-3.612005	-38.292093		
10	0.747266	750	-3.524234	-41.816327		
11	0.726452	750	-3.465175	-45.281501		
12	0.705989	750	-3.410011	-48.691512		
13	0.685877	750	-3.346994	-52.038506		
14	0.666112	750	-3.325579	-55.364086		
15	0.646693	750	-3.237833	-58.601918		
16	0.627618	750	-3.189889	-61.791808		
17	0.608884	750	-3.108629	-64.900437		
18	0.59049	750	-3.112182	-68.012619		
19	0.572433	750	-3.065188	-71.077807		
20	0.554712	750	-3.017057	-74.094864		
21	0.537324	750	-3.013172	-77.108036		
22	0.520268	750	-2.84648	-79.954516		
23	0.50354	750	-2.840078	-82.794595		
24	0.487139	750	-2.745236	-85.539831		
25	0.471063	750	-2.746441	-88.286271		
26	0.45531	750	-2.802696	-91.088967		
27	0.439877	750	-2.757325	-93.846292		
28	0.424762	750	-2.631274	-96.477566		
29	0.409963	750	-2.512888	-98.990454		
30	0.395478	750	-2.498831	-101.489285		
31	0.381305	750	-2.440379	-103.929664		
32	0.36744	750	-2.536579	-106.466243		
33	0.353883	750	-2.452103	-108.918346		
34	0.34063	750	-2.370192	-111.288539		
35	0.32768	750	-2.393533	-113.682072		
36	0.31503	750	-2.251889	-115.933961		
37	0.302677	750	-2.254751	-118.188712		
38	0.290619	750	-2.169782	-120.358494		
39	0.278855	750	-2.107409	-122.465903		
40	0.267381	750	-2.078542	-124.544445		
41	0.256195	750	-2.061465	-126.60591		
42	0.245294	750	-2.124528	-128.730438		
43	0.234677	750	-1.924267	-130.654706		
44	0.22434	750	-1.947437	-132.602142		
45	0.214281	750	-1.862265	-134.464407		
46	0.204498	750	-1.861241	-136.325648		
47	0.194988	750	-1.849681	-138.17533		
48	0.185749	750	-1.796447	-139.971777		
49	0.176777	750	-1.677239	-141.649016		
50	0.16807	750	-1.673131	-143.322147		
51	0.159626	750	-1.596892	-144.919039		
52	0.151441	750	-1.615617	-146.534656		
53	0.143514	750	-1.56124	-148.095895		
54	0.135841	750	-1.475805	-149.5717		
55	0.12842	750	-1.441846	-151.013546		
56	0.121247	750	-1.434011	-152.447557		
57	0.11432	750	-1.364602	-153.812159		
58	0.107637	750	-1.333204	-155.145362		
59	0.101193	750	-1.294457	-156.43982		
60	0.094986	750	-1.248664	-157.688484		
61	0.089014	750	-1.183318	-158.871802		
62	0.083273	750	-1.1501	-160.021903		
63	0.07776	750	-1.136887	-161.15879		
64	0.072472	750	-1.088976	-162.247765		
65	0.067406	750	-1.040352	-163.288117		
66	0.062558	750	-0.999072	-164.287189		
67	0.057926	750	-0.964545	-165.251735		
68	0.053506	750	-0.907354	-166.159089		
69	0.049295	750	-0.882499	-167.041588		
70	0.045289	750	-0.871766	-167.913354		
71	0.041485	750	-0.818902	-168.732256		
72	0.03788	750	-0.807314	-169.53957		
73	0.034469	750	-0.742932	-170.282501		
74	0.03125	750	-0.70905	-170.991551		
75	0.028218	750	-0.658746	-171.650297		
76	0.02537	750	-0.655878	-172.306175		
77	0.022702	750	-0.604877	-172.911052		
78	0.020209	750	-0.593585	-173.504637		
79	0.017889	750	-0.543926	-174.048563		
80	0.015736	750	-0.50301	-174.551573		
81	0.013746	750	-0.456231	-175.007804		
82	0.011916	750	-0.461613	-175.469417		
83	0.01024	750	-0.395939	-175.865356		
84	0.008714	750	-0.399537	-176.264893		
85	0.007334	750	-0.354463	-176.619356		
86	0.006093	750	-0.294969	-176.914325		
87	0.004988	750	-0.28419	-177.198515		
88	0.004013	750	-0.253345	-177.45186		
89	0.003162	750	-0.216776	-177.668636		
90	0.00243	750	-0.21331	-177.881946		
91	0.00181	750	-0.157604	-178.03955		
92	0.001296	750	-0.13483	-178.17438		
93	0.000882	750	-0.108589	-178.282969		
94	0.000559	750	-0.091297	-178.374266		
95	0.00032	750	-0.069985	-178.444251		
96	0.000156	750	-0.044787	-178.489038		
97	0.000057	750	-0.026681	-178.515719		
98	0.00001	750	-0.012699	-178.528419		
99	0	750	-0.002949	-178.531368		
Log marginal likelihood:	-178.531368					
0	0.975187	750	-4.204596	-4.204596		
1	0.950747	750	-4.238226	-8.442822		
2	0.926679	750	-4.166652	-12.609473		
3	0.90298	750	-4.062912	-16.672385		
4	0.879648	750	-3.944621	-20.617006		
5	0.856682	750	-3.943362	-24.560368		
6	0.834079	750	-3.929007	-28.489374		
7	0.811838	750	-3.804816	-32.29419		
8	0.789957	750	-3.743569	-36.037759		
9	0.768433	750	-3.70219	-39.739949		
10	0.747266	750	-3.695336	-43.435285		
11	0.726452	750	-3.609564	-47.044849		
12	0.705989	750	-3.528888	-50.573737		
13	0.685877	750	-3.45869	-54.032427		
14	0.666112	750	-3.458628	-57.491055		
15	0.646693	750	-3.462488	-60.953542		
16	0.627618	750	-3.286936	-64.240479		
17	0.608884	750	-3.354311	-67.594789		
18	0.59049	750	-3.265333	-70.860122		
19	0.572433	750	-3.198759	-74.058881		
20	0.554712	750	-3.128325	-77.187206		
21	0.537324	750	-3.032636	-80.219841		
22	0.520268	750	-3.03354	-83.253382		
23	0.50354	750	-2.941648	-86.19503		
24	0.487139	750	-2.885631	-89.080661		
25	0.471063	750	-2.836654	-91.917315		
26	0.45531	750	-2.867313	-94.784628		
27	0.439877	750	-2.705642	-97.49027		
28	0.424762	750	-2.74747	-100.23774		
29	0.409963	750	-2.644718	-102.882458		
30	0.395478	750	-2.624946	-105.507404		
31	0.381305	750	-2.534952	-108.042356		
32	0.36744	750	-2.528868	-110.571224		
33	0.353883	750	-2.43346	-113.004684		
34	0.34063	750	-2.358655	-115.363339		
35	0.32768	750	-2.360195	-117.723534		
36	0.31503	750	-2.320171	-120.043705		
37	0.302677	750	-2.322159	-122.365863		
38	0.290619	750	-2.312936	-124.678799		
39	0.278855	750	-2.28835	-126.967149		
40	0.267381	750	-2.127041	-129.09419		
41	0.256195	750	-2.060362	-131.154552		
42	0.245294	750	-2.006884	-133.161436		
43	0.234677	750	-1.990966	-135.152403		
44	0.22434	750	-1.997898	-137.150301		
45	0.214281	750	-1.946044	-139.096345		
46	0.204498	750	-1.822888	-140.919233		
47	0.194988	750	-1.834194	-142.753427		
48	0.185749	750	-1.785641	-144.539068		
49	0.176777	750	-1.779501	-146.318568		
50	0.16807	750	-1.684009	-148.002578		
51	0.159626	750	-1.688337	-149.690915		
52	0.151441	750	-1.624967	-151.315882		
53	0.143514	750	-1.596053	-152.911935		
54	0.135841	750	-1.520714	-154.432649		
55	0.12842	750	-1.448672	-155.881321		
56	0.121247	750	-1.443531	-157.324853		
57	0.11432	750	-1.36688	-158.691733		
58	0.107637	750	-1.346279	-160.038012		
59	0.101193	750	-1.323905	-161.361917		
60	0.094986	750	-1.277473	-162.63939		
61	0.089014	750	-1.224506	-163.863896		
62	0.083273	750	-1.215815	-165.079712		
63	0.07776	750	-1.147456	-166.227168		
64	0.072472	750	-1.077803	-167.304971		
65	0.067406	750	-1.05366	-168.35863		
66	0.062558	750	-1.014056	-169.372687		
67	0.057926	750	-1.033627	-170.406314		
68	0.053506	750	-0.961502	-171.367816		
69	0.049295	750	-0.915891	-172.283707		
70	0.045289	750	-0.879981	-173.163688		
71	0.041485	750	-0.818212	-173.9819		
72	0.03788	750	-0.816498	-174.798398		
73	0.034469	750	-0.756394	-175.554792		
74	0.03125	750	-0.705414	-176.260206		
75	0.028218	750	-0.682405	-176.942611		
76	0.02537	750	-0.636866	-177.579477		
77	0.022702	750	-0.613581	-178.193059		
78	0.020209	750	-0.555882	-178.74894		
79	0.017889	750	-0.573771	-179.322711		
80	0.015736	750	-0.494978	-179.817689		
81	0.013746	750	-0.476885	-180.294574		
82	0.011916	750	-0.492491	-180.787065		
83	0.01024	750	-0.389507	-181.176572		
84	0.008714	750	-0.37857	-181.555142		
85	0.007334	750	-0.336683	-181.891825		
86	0.006093	750	-0.330905	-182.222729		
87	0.004988	750	-0.282567	-182.505296		
88	0.004013	750	-0.278542	-182.783838		
89	0.003162	750	-0.238563	-183.022401		
90	0.00243	750	-0.198388	-183.220789		
91	0.00181	750	-0.176526	-183.397315		
92	0.001296	750	-0.140573	-183.537887		
93	0.000882	750	-0.114543	-183.65243		
94	0.000559	750	-0.096684	-183.749114		
95	0.00032	750	-0.067644	-183.816757		
96	0.000156	750	-0.048698	-183.865456		
97	0.000057	750	-0.026878	-183.892334		
98	0.00001	750	-0.012468	-183.904802		
99	0	750	-0.002702	-183.907504		
Log marginal likelihood:	-183.907504					
0	0.975187	750	-4.471936	-4.471936		
1	0.950747	750	-4.44783	-8.919767		
2	0.926679	750	-4.396529	-13.316296		
3	0.90298	750	-4.32772	-17.644016		
4	0.879648	750	-4.240013	-21.884029		
5	0.856682	750	-4.162761	-26.04679		
6	0.834079	750	-4.160323	-30.207113		
7	0.811838	750	-4.060274	-34.267387		
8	0.789957	750	-4.005717	-38.273104		
9	0.768433	750	-3.896406	-42.16951		
10	0.747266	750	-3.875157	-46.044667		
11	0.726452	750	-3.91735	-49.962017		
12	0.705989	750	-3.78342	-53.745438		
13	0.685877	750	-3.72106	-57.466498		
14	0.666112	750	-3.655554	-61.122052		
15	0.646693	750	-3.574511	-64.696563		
16	0.627618	750	-3.519282	-68.215845		
17	0.608884	750	-3.455969	-71.671815		
18	0.59049	750	-3.500983	-75.172798		
19	0.572433	750	-3.535435	-78.708233		
20	0.554712	750	-3.373419	-82.081652		
21	0.537324	750	-3.245649	-85.327301		
22	0.520268	750	-3.149554	-88.476855		
23	0.50354	750	-3.07951	-91.556365		
24	0.487139	750	-3.143961	-94.700326		
25	0.471063	750	-2.981462	-97.681788		
26	0.45531	750	-2.956023	-100.637811		
27	0.439877	750	-2.980772	-103.618584		
28	0.424762	750	-2.79908	-106.417664		
29	0.409963	750	-2.850994	-109.268658		
30	0.395478	750	-2.842099	-112.110757		
31	0.381305	750	-2.7071	-114.817857		
32	0.36744	750	-2.72045	-117.538307		
33	0.353883	750	-2.587977	-120.126284		
34	0.34063	750	-2.662307	-122.788591		
35	0.32768	750	-2.465228	-125.253819		
36	0.31503	750	-2.550271	-127.80409		
37	0.302677	750	-2.453935	-130.258024		
38	0.290619	750	-2.425278	-132.683302		
39	0.278855	750	-2.370123	-135.053425		
40	0.267381	750	-2.294599	-137.348025		
41	0.256195	750	-2.193662	-139.541687		
42	0.245294	750	-2.199927	-141.741614		
43	0.234677	750	-2.160679	-143.902293		
44	0.22434	750	-2.108206	-146.010499		
45	0.214281	750	-2.028883	-148.039381		
46	0.204498	750	-1.994262	-150.033643		
47	0.194988	750	-1.927831	-151.961474		
48	0.185749	750	-1.893855	-153.85533		
49	0.176777	750	-1.835673	-155.691002		
50	0.16807	750	-1.765679	-157.456681		
51	0.159626	750	-1.744711	-159.201392		
52	0.151441	750	-1.684007	-160.885399		
53	0.143514	750	-1.634101	-162.5195		
54	0.135841	750	-1.575119	-164.094619		
55	0.12842	750	-1.5383	-165.632919		
56	0.121247	750	-1.493205	-167.126124		
57	0.11432	750	-1.439174	-168.565298		
58	0.107637	750	-1.40425	-169.969548		
59	0.101193	750	-1.360366	-171.329914		
60	0.094986	750	-1.313656	-172.64357		
61	0.089014	750	-1.250621	-173.894191		
62	0.083273	750	-1.222714	-175.116905		
63	0.07776	750	-1.186288	-176.303193		
64	0.072472	750	-1.136037	-177.43923		
65	0.067406	750	-1.099943	-178.539173		
66	0.062558	750	-1.054184	-179.593357		
67	0.057926	750	-1.012894	-180.606251		
68	0.053506	750	-0.96756	-181.573812		
69	0.049295	750	-0.919295	-182.493106		
70	0.045289	750	-0.878503	-183.37161		
71	0.041485	750	-0.839467	-184.211077		
72	0.03788	750	-0.825399	-185.036475		
73	0.034469	750	-0.770675	-185.807151		
74	0.03125	750	-0.74838	-186.555531		
75	0.028218	750	-0.692558	-187.248089		
76	0.02537	750	-0.669887	-187.917976		
77	0.022702	750	-0.631836	-188.549811		
78	0.020209	750	-0.610387	-189.160198		
79	0.017889	750	-0.552361	-189.71256		
80	0.015736	750	-0.529335	-190.241894		
81	0.013746	750	-0.463367	-190.705262		
82	0.011916	750	-0.450942	-191.156204		
83	0.01024	750	-0.463493	-191.619697		
84	0.008714	750	-0.357128	-191.976825		
85	0.007334	750	-0.348766	-192.325591		
86	0.006093	750	-0.324975	-192.650566		
87	0.004988	750	-0.284388	-192.934954		
88	0.004013	750	-0.246871	-193.181826		
89	0.003162	750	-0.232252	-193.414078		
90	0.00243	750	-0.192445	-193.606523		
91	0.00181	750	-0.164906	-193.771429		
92	0.001296	750	-0.140473	-193.911902		
93	0.000882	750	-0.123148	-194.03505		
94	0.000559	750	-0.098432	-194.133482		
95	0.00032	750	-0.070307	-194.203789		
96	0.000156	750	-0.045298	-194.249087		
97	0.000057	750	-0.027336	-194.276423		
98	0.00001	750	-0.012883	-194.289305		
99	0	750	-0.002887	-194.292193		
Log marginal likelihood:	-194.292193					
0	0.975187	750	-4.400077	-4.400077		
1	0.950747	750	-4.360343	-8.760421		
2	0.926679	750	-4.316166	-13.076587		
3	0.90298	750	-4.256877	-17.333464		
4	0.879648	750	-4.202508	-21.535972		
5	0.856682	750	-4.119411	-25.655383		
6	0.834079	750	-4.074462	-29.729845		
7	0.811838	750	-3.974828	-33.704674		
8	0.789957	750	-3.956468	-37.661141		
9	0.768433	750	-3.843426	-41.504567		
10	0.747266	750	-3.792048	-45.296615		
11	0.726452	750	-3.819967	-49.116582		
12	0.705989	750	-3.733572	-52.850153		
13	0.685877	750	-3.645035	-56.495188		
14	0.666112	750	-3.645117	-60.140306		
15	0.646693	750	-3.55059	-63.690896		
16	0.627618	750	-3.444512	-67.135408		
17	0.608884	750	-3.444265	-70.579673		
18	0.59049	750	-3.40123	-73.980903		
19	0.572433	750	-3.388802	-77.369705		
20	0.554712	750	-3.342087	-80.711791		
21	0.537324	750	-3.205779	-83.917571		
22	0.520268	750	-3.270134	-87.187705		
23	0.50354	750	-3.11887	-90.306575		
24	0.487139	750	-3.017875	-93.32445		
25	0.471063	750	-3.013266	-96.337715		
26	0.45531	750	-3.000005	-99.33772		
27	0.439877	750	-2.882113	-102.219834		
28	0.424762	750	-2.918384	-105.138218		
29	0.409963	750	-2.767437	-107.905655		
30	0.395478	750	-2.705775	-110.61143		
31	0.381305	750	-2.757528	-113.368958		
32	0.36744	750	-2.703624	-116.072582		
33	0.353883	750	-2.518718	-118.591301		
34	0.34063	750	-2.560996	-121.152297		
35	0.32768	750	-2.457442	-123.609739		
36	0.31503	750	-2.440631	-126.05037		
37	0.302677	750	-2.418534	-128.468904		
38	0.290619	750	-2.338143	-130.807047		
39	0.278855	750	-2.286827	-133.093874		
40	0.267381	750	-2.193098	-135.286971		
41	0.256195	750	-2.148012	-137.434984		
42	0.245294	750	-2.125421	-139.560404		
43	0.234677	750	-2.063968	-141.624373		
44	0.22434	750	-2.042819	-143.667192		
45	0.214281	750	-1.969665	-145.636857		
46	0.204498	750	-1.895693	-147.53255		
47	0.194988	750	-1.871697	-149.404247		
48	0.185749	750	-1.784112	-151.188359		
49	0.176777	750	-1.761904	-152.950263		
50	0.16807	750	-1.704132	-154.654395		
51	0.159626	750	-1.657281	-156.311676		
52	0.151441	750	-1.622632	-157.934308		
53	0.143514	750	-1.568585	-159.502893		
54	0.135841	750	-1.528946	-161.031839		
55	0.12842	750	-1.487974	-162.519813		
56	0.121247	750	-1.418997	-163.93881		
57	0.11432	750	-1.402951	-165.341761		
58	0.107637	750	-1.350382	-166.692143		
59	0.101193	750	-1.32284	-168.014982		
60	0.094986	750	-1.26255	-169.277532		
61	0.089014	750	-1.213146	-170.490678		
62	0.083273	750	-1.181166	-171.671845		
63	0.07776	750	-1.122242	-172.794087		
64	0.072472	750	-1.080723	-173.87481		
65	0.067406	750	-1.03812	-174.91293		
66	0.062558	750	-1.011378	-175.924308		
67	0.057926	750	-0.984118	-176.908427		
68	0.053506	750	-0.925512	-177.833938		
69	0.049295	750	-0.916624	-178.750562		
70	0.045289	750	-0.891138	-179.6417		
71	0.041485	750	-0.843738	-180.485438		
72	0.03788	750	-0.78384	-181.269277		
73	0.034469	750	-0.72214	-181.991418		
74	0.03125	750	-0.713863	-182.70528		
75	0.028218	750	-0.676372	-183.381652		
76	0.02537	750	-0.660131	-184.041783		
77	0.022702	750	-0.608738	-184.650521		
78	0.020209	750	-0.57767	-185.22819		
79	0.017889	750	-0.540734	-185.768924		
80	0.015736	750	-0.523046	-186.29197		
81	0.013746	750	-0.471576	-186.763547		
82	0.011916	750	-0.453998	-187.217544		
83	0.01024	750	-0.425006	-187.64255		
84	0.008714	750	-0.378686	-188.021237		
85	0.007334	750	-0.341283	-188.36252		
86	0.006093	750	-0.339432	-188.701952		
87	0.004988	750	-0.299945	-189.001898		
88	0.004013	750	-0.259824	-189.261722		
89	0.003162	750	-0.22483	-189.486552		
90	0.00243	750	-0.184953	-189.671506		
91	0.00181	750	-0.180758	-189.852263		
92	0.001296	750	-0.129589	-189.981853		
93	0.000882	750	-0.118175	-190.100028		
94	0.000559	750	-0.089689	-190.189716		
95	0.00032	750	-0.061913	-190.251629		
96	0.000156	750	-0.047053	-190.298682		
97	0.000057	750	-0.028249	-190.326931		
98	0.00001	750	-0.012517	-190.339448		
99	0	750	-0.002665	-190.342113		
Log marginal likelihood:	-190.342113					
0	0.975187	750	-4.093679	-4.093679		
1	0.950747	750	-3.976617	-8.070297		
2	0.926679	750	-3.920389	-11.990685		
3	0.90298	750	-3.882721	-15.873407		
4	0.879648	750	-3.868794	-19.742201		
5	0.856682	750	-3.758089	-23.50029		
6	0.834079	750	-3.725498	-27.225788		
7	0.811838	750	-3.650103	-30.875892		
8	0.789957	750	-3.606585	-34.482477		
9	0.768433	750	-3.520139	-38.002616		
10	0.747266	750	-3.466623	-41.46924		
11	0.726452	750	-3.447884	-44.917124		
12	0.705989	750	-3.360088	-48.277211		
13	0.685877	750	-3.369974	-51.647186		
14	0.666112	750	-3.264397	-54.911583		
15	0.646693	750	-3.257447	-58.16903		
16	0.627618	750	-3.141693	-61.310723		
17	0.608884	750	-3.07811	-64.388833		
18	0.59049	750	-3.037604	-67.426437		
19	0.572433	750	-3.002426	-70.428862		
20	0.554712	750	-2.970916	-73.399778		
21	0.537324	750	-2.921788	-76.321566		
22	0.520268	750	-2.851215	-79.172781		
23	0.50354	750	-2.820412	-81.993193		
24	0.487139	750	-2.721251	-84.714445		
25	0.471063	750	-2.730792	-87.445237		
26	0.45531	750	-2.674459	-90.119696		
27	0.439877	750	-2.606302	-92.725998		
28	0.424762	750	-2.574165	-95.300163		
29	0.409963	750	-2.539609	-97.839772		
30	0.395478	750	-2.483613	-100.323385		
31	0.381305	750	-2.646345	-102.96973		
32	0.36744	750	-2.344003	-105.313733		
33	0.353883	750	-2.33803	-107.651763		
34	0.34063	750	-2.331068	-109.982831		
35	0.32768	750	-2.447558	-112.430389		
36	0.31503	750	-2.30188	-114.732269		
37	0.302677	750	-2.293002	-117.025272		
38	0.290619	750	-2.334316	-119.359588		
39	0.278855	750	-2.225831	-121.585418		
40	0.267381	750	-2.178055	-123.763473		
41	0.256195	750	-2.157211	-125.920685		
42	0.245294	750	-2.072756	-127.993441		
43	0.234677	750	-2.095832	-130.089272		
44	0.22434	750	-1.944449	-132.033722		
45	0.214281	750	-1.896075	-133.929796		
46	0.204498	750	-1.92553	-135.855327		
47	0.194988	750	-1.854691	-137.710017		
48	0.185749	750	-1.796114	-139.506132		
49	0.176777	750	-1.770523	-141.276655		
50	0.16807	750	-1.730802	-143.007457		
51	0.159626	750	-1.683888	-144.691344		
52	0.151441	750	-1.52284	-146.214184		
53	0.143514	750	-1.587522	-147.801706		
54	0.135841	750	-1.532527	-149.334233		
55	0.12842	750	-1.464285	-150.798518		
56	0.121247	750	-1.464733	-152.263251		
57	0.11432	750	-1.440124	-153.703376		
58	0.107637	750	-1.361701	-155.065077		
59	0.101193	750	-1.292807	-156.357884		
60	0.094986	750	-1.262382	-157.620266		
61	0.089014	750	-1.221024	-158.841289		
62	0.083273	750	-1.185007	-160.026296		
63	0.07776	750	-1.132316	-161.158612		
64	0.072472	750	-1.085761	-162.244373		
65	0.067406	750	-1.058225	-163.302598		
66	0.062558	750	-1.016971	-164.319569		
67	0.057926	750	-0.982701	-165.302271		
68	0.053506	750	-0.956961	-166.259232		
69	0.049295	750	-0.907068	-167.1663		
70	0.045289	750	-0.842872	-168.009172		
71	0.041485	750	-0.845585	-168.854757		
72	0.03788	750	-0.790847	-169.645604		
73	0.034469	750	-0.749249	-170.394853		
74	0.03125	750	-0.74884	-171.143693		
75	0.028218	750	-0.672586	-171.81628		
76	0.02537	750	-0.661716	-172.477995		
77	0.022702	750	-0.625959	-173.103954		
78	0.020209	750	-0.575308	-173.679262		
79	0.017889	750	-0.540778	-174.22004		
80	0.015736	750	-0.534027	-174.754068		
81	0.013746	750	-0.489223	-175.24329		
82	0.011916	750	-0.442086	-175.685376		
83	0.01024	750	-0.409085	-176.094461		
84	0.008714	750	-0.383726	-176.478187		
85	0.007334	750	-0.34913	-176.827317		
86	0.006093	750	-0.330534	-177.157851		
87	0.004988	750	-0.308181	-177.466032		
88	0.004013	750	-0.253131	-177.719163		
89	0.003162	750	-0.224611	-177.943774		
90	0.00243	750	-0.214497	-178.158272		
91	0.00181	750	-0.161319	-178.31959		
92	0.001296	750	-0.147722	-178.467312		
93	0.000882	750	-0.103626	-178.570938		
94	0.000559	750	-0.092515	-178.663453		
95	0.00032	750	-0.065423	-178.728876		
96	0.000156	750	-0.04379	-178.772666		
97	0.000057	750	-0.026762	-178.799428		
98	0.00001	750	-0.013741	-178.813169		
99	0	750	-0.00263	-178.815798		
Log marginal likelihood:	-178.815798					
0	0.975187	750	-4.430852	-4.430852		
1	0.950747	750	-4.37971	-8.810562		
2	0.926679	750	-4.308271	-13.118833		
3	0.90298	750	-4.280562	-17.399396		
4	0.879648	750	-4.230098	-21.629493		
5	0.856682	750	-4.140988	-25.770482		
6	0.834079	750	-4.079383	-29.849864		
7	0.811838	750	-4.08289	-33.932754		
8	0.789957	750	-3.999177	-37.931931		
9	0.768433	750	-3.919742	-41.851673		
10	0.747266	750	-3.839432	-45.691105		
11	0.726452	750	-4.006826	-49.697932		
12	0.705989	750	-3.692157	-53.390089		
13	0.685877	750	-3.646446	-57.036535		
14	0.666112	750	-3.584592	-60.621127		
15	0.646693	750	-3.564649	-64.185775		
16	0.627618	750	-3.611834	-67.797609		
17	0.608884	750	-3.369721	-71.16733		
18	0.59049	750	-3.395737	-74.563067		
19	0.572433	750	-3.289458	-77.852525		
20	0.554712	750	-3.314538	-81.167063		
21	0.537324	750	-3.171533	-84.338596		
22	0.520268	750	-3.166057	-87.504653		
23	0.50354	750	-3.107423	-90.612076		
24	0.487139	750	-3.274234	-93.88631		
25	0.471063	750	-2.953256	-96.839566		
26	0.45531	750	-3.141103	-99.980669		
27	0.439877	750	-3.09282	-103.07349		
28	0.424762	750	-2.93095	-106.00444		
29	0.409963	750	-2.836341	-108.840781		
30	0.395478	750	-2.89325	-111.734031		
31	0.381305	750	-2.835186	-114.569217		
32	0.36744	750	-2.654038	-117.223255		
33	0.353883	750	-2.603615	-119.82687		
34	0.34063	750	-2.513696	-122.340566		
35	0.32768	750	-2.491847	-124.832413		
36	0.31503	750	-2.52463	-127.357043		
37	0.302677	750	-2.379283	-129.736326		
38	0.290619	750	-2.369879	-132.106205		
39	0.278855	750	-2.329571	-134.435776		
40	0.267381	750	-2.316873	-136.752649		
41	0.256195	750	-2.268154	-139.020803		
42	0.245294	750	-2.175223	-141.196026		
43	0.234677	750	-2.161695	-143.357721		
44	0.22434	750	-2.095659	-145.45338		
45	0.214281	750	-2.059497	-147.512876		
46	0.204498	750	-1.973931	-149.486808		
47	0.194988	750	-1.927933	-151.41474		
48	0.185749	750	-1.845662	-153.260402		
49	0.176777	750	-1.832448	-155.09285		
50	0.16807	750	-1.769168	-156.862018		
51	0.159626	750	-1.732303	-158.59432		
52	0.151441	750	-1.661193	-160.255514		
53	0.143514	750	-1.57236	-161.827873		
54	0.135841	750	-1.596587	-163.42446		
55	0.12842	750	-1.528827	-164.953288		
56	0.121247	750	-1.483075	-166.436362		
57	0.11432	750	-1.426633	-167.862995		
58	0.107637	750	-1.379276	-169.242271		
59	0.101193	750	-1.351843	-170.594114		
60	0.094986	750	-1.287182	-171.881296		
61	0.089014	750	-1.25492	-173.136216		
62	0.083273	750	-1.207264	-174.34348		
63	0.07776	750	-1.171828	-175.515308		
64	0.072472	750	-1.133623	-176.648931		
65	0.067406	750	-1.058117	-177.707048		
66	0.062558	750	-1.058794	-178.765843		
67	0.057926	750	-0.984904	-179.750747		
68	0.053506	750	-0.969459	-180.720205		
69	0.049295	750	-0.911037	-181.631243		
70	0.045289	750	-0.85271	-182.483953		
71	0.041485	750	-0.845499	-183.329452		
72	0.03788	750	-0.803927	-184.133379		
73	0.034469	750	-0.773616	-184.906996		
74	0.03125	750	-0.749888	-185.656883		
75	0.028218	750	-0.701728	-186.358611		
76	0.02537	750	-0.670288	-187.028899		
77	0.022702	750	-0.609905	-187.638804		
78	0.020209	750	-0.60102	-188.239824		
79	0.017889	750	-0.522382	-188.762206		
80	0.015736	750	-0.535169	-189.297375		
81	0.013746	750	-0.473405	-189.77078		
82	0.011916	750	-0.458864	-190.229644		
83	0.01024	750	-0.396829	-190.626473		
84	0.008714	750	-0.373187	-190.99966		
85	0.007334	750	-0.342817	-191.342477		
86	0.006093	750	-0.310793	-191.65327		
87	0.004988	750	-0.292632	-191.945902		
88	0.004013	750	-0.238469	-192.184372		
89	0.003162	750	-0.231226	-192.415598		
90	0.00243	750	-0.212827	-192.628425		
91	0.00181	750	-0.161969	-192.790394		
92	0.001296	750	-0.15602	-192.946414		
93	0.000882	750	-0.118736	-193.06515		
94	0.000559	750	-0.096515	-193.161665		
95	0.00032	750	-0.068294	-193.229959		
96	0.000156	750	-0.042905	-193.272864		
97	0.000057	750	-0.029978	-193.302842		
98	0.00001	750	-0.012749	-193.315591		
99	0	750	-0.002845	-193.318436		
Log marginal likelihood:	-193.318436					
0	0.975187	750	-4.455557	-4.455557		
1	0.950747	750	-4.356869	-8.812427		
2	0.926679	750	-4.285959	-13.098386		
3	0.90298	750	-4.317102	-17.415488		
4	0.879648	750	-4.18772	-21.603208		
5	0.856682	750	-4.081743	-25.684951		
6	0.834079	750	-4.066772	-29.751723		
7	0.811838	750	-3.999452	-33.751175		
8	0.789957	750	-3.974054	-37.725229		
9	0.768433	750	-3.843738	-41.568967		
10	0.747266	750	-3.861424	-45.43039		
11	0.726452	750	-3.833531	-49.263922		
12	0.705989	750	-3.731073	-52.994994		
13	0.685877	750	-3.656846	-56.65184		
14	0.666112	750	-3.575839	-60.22768		
15	0.646693	750	-3.533947	-63.761627		
16	0.627618	750	-3.454504	-67.216131		
17	0.608884	750	-3.434736	-70.650866		
18	0.59049	750	-3.446521	-74.097388		
19	0.572433	750	-3.437384	-77.534772		
20	0.554712	750	-3.273106	-80.807878		
21	0.537324	750	-3.230414	-84.038292		
22	0.520268	750	-3.17085	-87.209142		
23	0.50354	750	-3.096419	-90.305561		
24	0.487139	750	-3.054922	-93.360483		
25	0.471063	750	-2.952626	-96.313109		
26	0.45531	750	-2.953312	-99.266422		
27	0.439877	750	-2.886007	-102.152429		
28	0.424762	750	-2.87537	-105.027799		
29	0.409963	750	-2.885506	-107.913304		
30	0.395478	750	-2.715194	-110.628498		
31	0.381305	750	-2.746987	-113.375485		
32	0.36744	750	-2.615842	-115.991327		
33	0.353883	750	-2.627858	-118.619185		
34	0.34063	750	-2.589722	-121.208908		
35	0.32768	750	-2.497799	-123.706707		
36	0.31503	750	-2.506162	-126.212869		
37	0.302677	750	-2.402011	-128.61488		
38	0.290619	750	-2.412358	-131.027238		
39	0.278855	750	-2.28793	-133.315168		
40	0.267381	750	-2.270671	-135.585839		
41	0.256195	750	-2.237099	-137.822938		
42	0.245294	750	-2.150328	-139.973266		
43	0.234677	750	-2.126912	-142.100178		
44	0.22434	750	-2.049257	-144.149435		
45	0.214281	750	-2.006446	-146.155881		
46	0.204498	750	-1.983283	-148.139164		
47	0.194988	750	-1.894726	-150.03389		
48	0.185749	750	-1.844372	-151.878263		
49	0.176777	750	-1.801323	-153.679586		
50	0.16807	750	-1.763988	-155.443574		
51	0.159626	750	-1.70169	-157.145264		
52	0.151441	750	-1.629784	-158.775048		
53	0.143514	750	-1.597662	-160.37271		
54	0.135841	750	-1.55925	-161.931961		
55	0.12842	750	-1.525962	-163.457923		
56	0.121247	750	-1.446663	-164.904586		
57	0.11432	750	-1.447573	-166.352159		
58	0.107637	750	-1.402063	-167.754221		
59	0.101193	750	-1.32549	-169.079712		
60	0.094986	750	-1.291946	-170.371657		
61	0.089014	750	-1.258045	-171.629702		
62	0.083273	750	-1.220209	-172.849911		
63	0.07776	750	-1.148157	-173.998068		
64	0.072472	750	-1.14184	-175.139908		
65	0.067406	750	-1.078439	-176.218347		
66	0.062558	750	-1.04704	-177.265387		
67	0.057926	750	-0.993812	-178.259199		
68	0.053506	750	-0.929795	-179.188994		
69	0.049295	750	-0.913983	-180.102977		
70	0.045289	750	-0.86054	-180.963517		
71	0.041485	750	-0.836599	-181.800116		
72	0.03788	750	-0.790084	-182.5902		
73	0.034469	750	-0.755649	-183.345849		
74	0.03125	750	-0.740576	-184.086425		
75	0.028218	750	-0.692136	-184.778561		
76	0.02537	750	-0.657556	-185.436117		
77	0.022702	750	-0.637813	-186.07393		
78	0.020209	750	-0.624575	-186.698505		
79	0.017889	750	-0.555425	-187.253931		
80	0.015736	750	-0.548579	-187.80251		
81	0.013746	750	-0.470762	-188.273272		
82	0.011916	750	-0.451419	-188.724692		
83	0.01024	750	-0.419576	-189.144267		
84	0.008714	750	-0.374758	-189.519025		
85	0.007334	750	-0.348027	-189.867052		
86	0.006093	750	-0.34357	-190.210622		
87	0.004988	750	-0.279286	-190.489908		
88	0.004013	750	-0.282921	-190.772828		
89	0.003162	750	-0.211319	-190.984147		
90	0.00243	750	-0.193274	-191.177421		
91	0.00181	750	-0.158318	-191.335739		
92	0.001296	750	-0.144175	-191.479914		
93	0.000882	750	-0.103778	-191.583692		
94	0.000559	750	-0.087908	-191.6716		
95	0.00032	750	-0.06324	-191.73484		
96	0.000156	750	-0.043041	-191.777881		
97	0.000057	750	-0.028204	-191.806086		
98	0.00001	750	-0.013002	-191.819088		
99	0	750	-0.002665	-191.821753		
Log marginal likelihood:	-191.821753					
0	0.975187	750	-4.462042	-4.462042		
1	0.950747	750	-4.417026	-8.879068		
2	0.926679	750	-4.347059	-13.226127		
3	0.90298	750	-4.299236	-17.525362		
4	0.879648	750	-4.245828	-21.77119		
5	0.856682	750	-4.16027	-25.93146		
6	0.834079	750	-4.102303	-30.033763		
7	0.811838	750	-4.076544	-34.110308		
8	0.789957	750	-3.969626	-38.079934		
9	0.768433	750	-3.929071	-42.009005		
10	0.747266	750	-3.903312	-45.912317		
11	0.726452	750	-3.919388	-49.831705		
12	0.705989	750	-3.713955	-53.545659		
13	0.685877	750	-3.640497	-57.186156		
14	0.666112	750	-3.638182	-60.824338		
15	0.646693	750	-3.592153	-64.416491		
16	0.627618	750	-3.469333	-67.885824		
17	0.608884	750	-3.468174	-71.353998		
18	0.59049	750	-3.518523	-74.872521		
19	0.572433	750	-3.402198	-78.274719		
20	0.554712	750	-3.245975	-81.520694		
21	0.537324	750	-3.219625	-84.740319		
22	0.520268	750	-3.196941	-87.93726		
23	0.50354	750	-3.146106	-91.083367		
24	0.487139	750	-3.111349	-94.194716		
25	0.471063	750	-2.956905	-97.151621		
26	0.45531	750	-3.007492	-100.159113		
27	0.439877	750	-2.941091	-103.100205		
28	0.424762	750	-2.835312	-105.935517		
29	0.409963	750	-2.799353	-108.73487		
30	0.395478	750	-2.758505	-111.493375		
31	0.381305	750	-2.793369	-114.286744		
32	0.36744	750	-2.707766	-116.994509		
33	0.353883	750	-2.629964	-119.624473		
34	0.34063	750	-2.607059	-122.231532		
35	0.32768	750	-2.518901	-124.750433		
36	0.31503	750	-2.456027	-127.20646		
37	0.302677	750	-2.367362	-129.573822		
38	0.290619	750	-2.359932	-131.933754		
39	0.278855	750	-2.310603	-134.244357		
40	0.267381	750	-2.293344	-136.537701		
41	0.256195	750	-2.212312	-138.750013		
42	0.245294	750	-2.156723	-140.906737		
43	0.234677	750	-2.10364	-143.010377		
44	0.22434	750	-2.032026	-145.042403		
45	0.214281	750	-2.003592	-147.045995		
46	0.204498	750	-1.940805	-148.9868		
47	0.194988	750	-1.892502	-150.879302		
48	0.185749	750	-1.86341	-152.742712		
49	0.176777	750	-1.780708	-154.52342		
50	0.16807	750	-1.759624	-156.283044		
51	0.159626	750	-1.691209	-157.974252		
52	0.151441	750	-1.663444	-159.637696		
53	0.143514	750	-1.600985	-161.238682		
54	0.135841	750	-1.567266	-162.805948		
55	0.12842	750	-1.483739	-164.289687		
56	0.121247	750	-1.454771	-165.744459		
57	0.11432	750	-1.407839	-167.152298		
58	0.107637	750	-1.384888	-168.537186		
59	0.101193	750	-1.313724	-169.85091		
60	0.094986	750	-1.27575	-171.126661		
61	0.089014	750	-1.244285	-172.370945		
62	0.083273	750	-1.189836	-173.560781		
63	0.07776	750	-1.173207	-174.733988		
64	0.072472	750	-1.110336	-175.844324		
65	0.067406	750	-1.069358	-176.913682		
66	0.062558	750	-1.020151	-177.933833		
67	0.057926	750	-1.007085	-178.940918		
68	0.053506	750	-0.944931	-179.885849		
69	0.049295	750	-0.903334	-180.789184		
70	0.045289	750	-0.917561	-181.706745		
71	0.041485	750	-0.842761	-182.549506		
72	0.03788	750	-0.800665	-183.350171		
73	0.034469	750	-0.779425	-184.129596		
74	0.03125	750	-0.747967	-184.877563		
75	0.028218	750	-0.680883	-185.558446		
76	0.02537	750	-0.667032	-186.225478		
77	0.022702	750	-0.634035	-186.859513		
78	0.020209	750	-0.601582	-187.461095		
79	0.017889	750	-0.567172	-188.028267		
80	0.015736	750	-0.520583	-188.54885		
81	0.013746	750	-0.488901	-189.037752		
82	0.011916	750	-0.438918	-189.47667		
83	0.01024	750	-0.431404	-189.908074		
84	0.008714	750	-0.389711	-190.297785		
85	0.007334	750	-0.351346	-190.649132		
86	0.006093	750	-0.311706	-190.960837		
87	0.004988	750	-0.268331	-191.229168		
88	0.004013	750	-0.252664	-191.481832		
89	0.003162	750	-0.221109	-191.702941		
90	0.00243	750	-0.209417	-191.912358		
91	0.00181	750	-0.159105	-192.071463		
92	0.001296	750	-0.141061	-192.212524		
93	0.000882	750	-0.109215	-192.321739		
94	0.000559	750	-0.092665	-192.414404		
95	0.00032	750	-0.059539	-192.473943		
96	0.000156	750	-0.045738	-192.51968		
97	0.000057	750	-0.026023	-192.545703		
98	0.00001	750	-0.012246	-192.557949		
99	0	750	-0.0029	-192.56085		
Log marginal likelihood:	-192.56085					
0	0.975187	750	-4.181165	-4.181165		
1	0.950747	750	-4.138691	-8.319856		
2	0.926679	750	-4.100546	-12.420402		
3	0.90298	750	-3.969716	-16.390118		
4	0.879648	750	-3.880665	-20.270784		
5	0.856682	750	-3.885349	-24.156133		
6	0.834079	750	-3.800759	-27.956892		
7	0.811838	750	-3.763068	-31.71996		
8	0.789957	750	-3.686201	-35.406161		
9	0.768433	750	-3.658737	-39.064899		
10	0.747266	750	-3.630158	-42.695057		
11	0.726452	750	-3.532912	-46.227969		
12	0.705989	750	-3.464542	-49.692511		
13	0.685877	750	-3.431772	-53.124283		
14	0.666112	750	-3.373803	-56.498086		
15	0.646693	750	-3.308896	-59.806982		
16	0.627618	750	-3.302041	-63.109023		
17	0.608884	750	-3.20277	-66.311793		
18	0.59049	750	-3.170493	-69.482286		
19	0.572433	750	-3.095361	-72.577647		
20	0.554712	750	-3.069709	-75.647356		
21	0.537324	750	-3.008281	-78.655636		
22	0.520268	750	-3.024706	-81.680342		
23	0.50354	750	-2.928627	-84.60897		
24	0.487139	750	-2.902711	-87.511681		
25	0.471063	750	-2.813342	-90.325023		
26	0.45531	750	-2.772063	-93.097085		
27	0.439877	750	-2.682996	-95.780082		
28	0.424762	750	-2.69463	-98.474711		
29	0.409963	750	-2.572889	-101.0476		
30	0.395478	750	-2.731434	-103.779034		
31	0.381305	750	-2.495348	-106.274382		
32	0.36744	750	-2.46933	-108.743712		
33	0.353883	750	-2.394315	-111.138027		
34	0.34063	750	-2.372399	-113.510426		
35	0.32768	750	-2.375174	-115.8856		
36	0.31503	750	-2.359862	-118.245462		
37	0.302677	750	-2.215888	-120.461349		
38	0.290619	750	-2.182281	-122.64363		
39	0.278855	750	-2.218592	-124.862222		
40	0.267381	750	-2.168407	-127.030629		
41	0.256195	750	-2.157483	-129.188113		
42	0.245294	750	-2.030975	-131.219088		
43	0.234677	750	-2.023667	-133.242755		
44	0.22434	750	-2.060307	-135.303062		
45	0.214281	750	-1.954333	-137.257394		
46	0.204498	750	-1.933705	-139.191099		
47	0.194988	750	-1.816522	-141.007621		
48	0.185749	750	-1.774368	-142.781989		
49	0.176777	750	-1.714204	-144.496193		
50	0.16807	750	-1.697917	-146.19411		
51	0.159626	750	-1.609168	-147.803278		
52	0.151441	750	-1.604642	-149.40792		
53	0.143514	750	-1.581902	-150.989823		
54	0.135841	750	-1.535462	-152.525285		
55	0.12842	750	-1.470294	-153.995579		
56	0.121247	750	-1.464349	-155.459929		
57	0.11432	750	-1.398595	-156.858524		
58	0.107637	750	-1.350082	-158.208605		
59	0.101193	750	-1.334362	-159.542968		
60	0.094986	750	-1.303523	-160.846491		
61	0.089014	750	-1.233913	-162.080403		
62	0.083273	750	-1.185992	-163.266396		
63	0.07776	750	-1.177601	-164.443996		
64	0.072472	750	-1.091554	-165.53555		
65	0.067406	750	-1.061205	-166.596755		
66	0.062558	750	-1.012404	-167.609158		
67	0.057926	750	-0.963831	-168.57299		
68	0.053506	750	-0.932884	-169.505874		
69	0.049295	750	-0.888946	-170.394819		
70	0.045289	750	-0.875073	-171.269892		
71	0.041485	750	-0.828811	-172.098703		
72	0.03788	750	-0.788705	-172.887408		
73	0.034469	750	-0.753562	-173.64097		
74	0.03125	750	-0.754362	-174.395332		
75	0.028218	750	-0.675399	-175.070731		
76	0.02537	750	-0.660873	-175.731604		
77	0.022702	750	-0.617258	-176.348862		
78	0.020209	750	-0.592074	-176.940936		
79	0.017889	750	-0.553681	-177.494617		
80	0.015736	750	-0.492262	-177.98688		
81	0.013746	750	-0.487451	-178.474331		
82	0.011916	750	-0.449409	-178.92374		
83	0.01024	750	-0.401278	-179.325018		
84	0.008714	750	-0.389545	-179.714563		
85	0.007334	750	-0.343368	-180.05793		
86	0.006093	750	-0.311604	-180.369534		
87	0.004988	750	-0.289705	-180.659239		
88	0.004013	750	-0.268346	-180.927585		
89	0.003162	750	-0.225959	-181.153544		
90	0.00243	750	-0.190587	-181.34413		
91	0.00181	750	-0.16992	-181.514051		
92	0.001296	750	-0.141169	-181.655219		
93	0.000882	750	-0.123285	-181.778504		
94	0.000559	750	-0.084842	-181.863346		
95	0.00032	750	-0.064132	-181.927478		
96	0.000156	750	-0.045315	-181.972793		
97	0.000057	750	-0.025563	-181.998356		
98	0.00001	750	-0.012686	-182.011042		
99	0	750	-0.00301	-182.014052		
Log marginal likelihood:	-182.014052					
0	0.975187	750	-4.39586	-4.39586		
1	0.950747	750	-4.356542	-8.752402		
2	0.926679	750	-4.23845	-12.990852		
3	0.90298	750	-4.187429	-17.178281		
4	0.879648	750	-4.117733	-21.296014		
5	0.856682	750	-4.116007	-25.412021		
6	0.834079	750	-3.993954	-29.405975		
7	0.811838	750	-3.97522	-33.381195		
8	0.789957	750	-3.901556	-37.28275		
9	0.768433	750	-3.89697	-41.179721		
10	0.747266	750	-3.78867	-44.968391		
11	0.726452	750	-3.825895	-48.794286		
12	0.705989	750	-3.688914	-52.4832		
13	0.685877	750	-3.678307	-56.161508		
14	0.666112	750	-3.73611	-59.897617		
15	0.646693	750	-3.673049	-63.570666		
16	0.627618	750	-3.421115	-66.991781		
17	0.608884	750	-3.362816	-70.354597		
18	0.59049	750	-3.395414	-73.750012		
19	0.572433	750	-3.323401	-77.073413		
20	0.554712	750	-3.21562	-80.289033		
21	0.537324	750	-3.314775	-83.603808		
22	0.520268	750	-3.157535	-86.761343		
23	0.50354	750	-3.143982	-89.905325		
24	0.487139	750	-3.084949	-92.990274		
25	0.471063	750	-2.984502	-95.974776		
26	0.45531	750	-2.974454	-98.94923		
27	0.439877	750	-2.90217	-101.8514		
28	0.424762	750	-2.866486	-104.717886		
29	0.409963	750	-2.814557	-107.532443		
30	0.395478	750	-2.720244	-110.252686		
31	0.381305	750	-2.692951	-112.945637		
32	0.36744	750	-2.722371	-115.668008		
33	0.353883	750	-2.64159	-118.309598		
34	0.34063	750	-2.529489	-120.839086		
35	0.32768	750	-2.505803	-123.34489		
36	0.31503	750	-2.434819	-125.779709		
37	0.302677	750	-2.397264	-128.176973		
38	0.290619	750	-2.309233	-130.486206		
39	0.278855	750	-2.301481	-132.787687		
40	0.267381	750	-2.196689	-134.984376		
41	0.256195	750	-2.18315	-137.167526		
42	0.245294	750	-2.173405	-139.340931		
43	0.234677	750	-2.101656	-141.442587		
44	0.22434	750	-2.055223	-143.49781		
45	0.214281	750	-1.996411	-145.494221		
46	0.204498	750	-1.929407	-147.423628		
47	0.194988	750	-1.873932	-149.297559		
48	0.185749	750	-1.804896	-151.102456		
49	0.176777	750	-1.790079	-152.892535		
50	0.16807	750	-1.753398	-154.645933		
51	0.159626	750	-1.681259	-156.327192		
52	0.151441	750	-1.634541	-157.961734		
53	0.143514	750	-1.598754	-159.560487		
54	0.135841	750	-1.540914	-161.101401		
55	0.12842	750	-1.513651	-162.615052		
56	0.121247	750	-1.444946	-164.059998		
57	0.11432	750	-1.417923	-165.477921		
58	0.107637	750	-1.368747	-166.846668		
59	0.101193	750	-1.329413	-168.176081		
60	0.094986	750	-1.275494	-169.451575		
61	0.089014	750	-1.23791	-170.689486		
62	0.083273	750	-1.186426	-171.875912		
63	0.07776	750	-1.135552	-173.011464		
64	0.072472	750	-1.111821	-174.123284		
65	0.067406	750	-1.070524	-175.193808		
66	0.062558	750	-1.033132	-176.22694		
67	0.057926	750	-0.98735	-177.21429		
68	0.053506	750	-0.925244	-178.139534		
69	0.049295	750	-0.909996	-179.049531		
70	0.045289	750	-0.878405	-179.927936		
71	0.041485	750	-0.861329	-180.789265		
72	0.03788	750	-0.784037	-181.573303		
73	0.034469	750	-0.737763	-182.311066		
74	0.03125	750	-0.713247	-183.024313		
75	0.028218	750	-0.687329	-183.711641		
76	0.02537	750	-0.638382	-184.350023		
77	0.022702	750	-0.629133	-184.979156		
78	0.020209	750	-0.571375	-185.55053		
79	0.017889	750	-0.541535	-186.092066		
80	0.015736	750	-0.506	-186.598066		
81	0.013746	750	-0.45791	-187.055975		
82	0.011916	750	-0.440157	-187.496132		
83	0.01024	750	-0.404257	-187.900389		
84	0.008714	750	-0.377137	-188.277526		
85	0.007334	750	-0.345497	-188.623023		
86	0.006093	750	-0.310262	-188.933285		
87	0.004988	750	-0.284736	-189.218021		
88	0.004013	750	-0.257771	-189.475792		
89	0.003162	750	-0.226052	-189.701845		
90	0.00243	750	-0.195381	-189.897226		
91	0.00181	750	-0.160281	-190.057507		
92	0.001296	750	-0.137909	-190.195416		
93	0.000882	750	-0.108052	-190.303467		
94	0.000559	750	-0.098231	-190.401698		
95	0.00032	750	-0.066886	-190.468584		
96	0.000156	750	-0.04362	-190.512204		
97	0.000057	750	-0.029672	-190.541876		
98	0.00001	750	-0.013295	-190.555171		
99	0	750	-0.00284	-190.558011		
Log marginal likelihood:	-190.558011					
0	0.975187	750	-4.56692	-4.56692		
1	0.950747	750	-4.539465	-9.106384		
2	0.926679	750	-4.466278	-13.572662		
3	0.90298	750	-4.347854	-17.920516		
4	0.879648	750	-4.285422	-22.205938		
5	0.856682	750	-4.223485	-26.429423		
6	0.834079	750	-4.215152	-30.644576		
7	0.811838	750	-4.137228	-34.781804		
8	0.789957	750	-4.054977	-38.836781		
9	0.768433	750	-4.038799	-42.87558		
10	0.747266	750	-4.020593	-46.896174		
11	0.726452	750	-3.932786	-50.82896		
12	0.705989	750	-3.795267	-54.624227		
13	0.685877	750	-3.739566	-58.363793		
14	0.666112	750	-3.758113	-62.121905		
15	0.646693	750	-3.668557	-65.790462		
16	0.627618	750	-3.618755	-69.409217		
17	0.608884	750	-3.591657	-73.000874		
18	0.59049	750	-3.550297	-76.551171		
19	0.572433	750	-3.455988	-80.007159		
20	0.554712	750	-3.48292	-83.490079		
21	0.537324	750	-3.345126	-86.835206		
22	0.520268	750	-3.230034	-90.065239		
23	0.50354	750	-3.25936	-93.324599		
24	0.487139	750	-3.227639	-96.552238		
25	0.471063	750	-3.116173	-99.668411		
26	0.45531	750	-2.99877	-102.667181		
27	0.439877	750	-2.953513	-105.620694		
28	0.424762	750	-2.939091	-108.559785		
29	0.409963	750	-2.819151	-111.378936		
30	0.395478	750	-2.86112	-114.240055		
31	0.381305	750	-2.769832	-117.009888		
32	0.36744	750	-2.699805	-119.709693		
33	0.353883	750	-2.678331	-122.388023		
34	0.34063	750	-2.60995	-124.997973		
35	0.32768	750	-2.545928	-127.543901		
36	0.31503	750	-2.471555	-130.015456		
37	0.302677	750	-2.440685	-132.456141		
38	0.290619	750	-2.39436	-134.850501		
39	0.278855	750	-2.374686	-137.225187		
40	0.267381	750	-2.304011	-139.529198		
41	0.256195	750	-2.261005	-141.790203		
42	0.245294	750	-2.179479	-143.969681		
43	0.234677	750	-2.12054	-146.090221		
44	0.22434	750	-2.109633	-148.199854		
45	0.214281	750	-2.032166	-150.232021		
46	0.204498	750	-1.981236	-152.213257		
47	0.194988	750	-1.923602	-154.13686		
48	0.185749	750	-1.870674	-156.007534		
49	0.176777	750	-1.805358	-157.812892		
50	0.16807	750	-1.763044	-159.575936		
51	0.159626	750	-1.732049	-161.307984		
52	0.151441	750	-1.663912	-162.971896		
53	0.143514	750	-1.621056	-164.592952		
54	0.135841	750	-1.559126	-166.152079		
55	0.12842	750	-1.561831	-167.713909		
56	0.121247	750	-1.483838	-169.197748		
57	0.11432	750	-1.444864	-170.642612		
58	0.107637	750	-1.375473	-172.018085		
59	0.101193	750	-1.346185	-173.36427		
60	0.094986	750	-1.317235	-174.681505		
61	0.089014	750	-1.265694	-175.947199		
62	0.083273	750	-1.221673	-177.168871		
63	0.07776	750	-1.162587	-178.331458		
64	0.072472	750	-1.163057	-179.494515		
65	0.067406	750	-1.096909	-180.591424		
66	0.062558	750	-1.054596	-181.646019		
67	0.057926	750	-0.981635	-182.627654		
68	0.053506	750	-0.960884	-183.588539		
69	0.049295	750	-0.928997	-184.517536		
70	0.045289	750	-0.88719	-185.404726		
71	0.041485	750	-0.844177	-186.248903		
72	0.03788	750	-0.821532	-187.070435		
73	0.034469	750	-0.794435	-187.86487		
74	0.03125	750	-0.759649	-188.624519		
75	0.028218	750	-0.710044	-189.334563		
76	0.02537	750	-0.643183	-189.977746		
77	0.022702	750	-0.616623	-190.594369		
78	0.020209	750	-0.584842	-191.179212		
79	0.017889	750	-0.568633	-191.747845		
80	0.015736	750	-0.606801	-192.354646		
81	0.013746	750	-0.479681	-192.834327		
82	0.011916	750	-0.486741	-193.321069		
83	0.01024	750	-0.406893	-193.727962		
84	0.008714	750	-0.399333	-194.127295		
85	0.007334	750	-0.341456	-194.468751		
86	0.006093	750	-0.332451	-194.801202		
87	0.004988	750	-0.278695	-195.079897		
88	0.004013	750	-0.274269	-195.354166		
89	0.003162	750	-0.231281	-195.585447		
90	0.00243	750	-0.187962	-195.77341		
91	0.00181	750	-0.161103	-195.934513		
92	0.001296	750	-0.143316	-196.077829		
93	0.000882	750	-0.111033	-196.188862		
94	0.000559	750	-0.081812	-196.270674		
95	0.00032	750	-0.07335	-196.344024		
96	0.000156	750	-0.044602	-196.388626		
97	0.000057	750	-0.028137	-196.416763		
98	0.00001	750	-0.013157	-196.42992		
99	0	750	-0.003096	-196.433017		
Log marginal likelihood:	-196.433017					
0	0.975187	750	-4.693053	-4.693053		
1	0.950747	750	-4.655476	-9.348529		
2	0.926679	750	-4.581939	-13.930467		
3	0.90298	750	-4.515421	-18.445889		
4	0.879648	750	-4.470873	-22.916762		
5	0.856682	750	-4.364474	-27.281236		
6	0.834079	750	-4.28264	-31.563876		
7	0.811838	750	-4.269814	-35.83369		
8	0.789957	750	-4.2489	-40.082591		
9	0.768433	750	-4.10605	-44.188641		
10	0.747266	750	-4.061848	-48.250488		
11	0.726452	750	-4.004602	-52.255091		
12	0.705989	750	-3.923482	-56.178572		
13	0.685877	750	-3.958389	-60.136961		
14	0.666112	750	-3.838123	-63.975084		
15	0.646693	750	-3.938368	-67.913452		
16	0.627618	750	-3.781131	-71.694583		
17	0.608884	750	-3.657663	-75.352246		
18	0.59049	750	-3.534765	-78.887011		
19	0.572433	750	-3.48163	-82.368641		
20	0.554712	750	-3.602153	-85.970794		
21	0.537324	750	-3.508072	-89.478866		
22	0.520268	750	-3.479099	-92.957964		
23	0.50354	750	-3.352396	-96.31036		
24	0.487139	750	-3.334607	-99.644967		
25	0.471063	750	-3.295854	-102.94082		
26	0.45531	750	-3.211363	-106.152183		
27	0.439877	750	-3.047367	-109.19955		
28	0.424762	750	-2.9457	-112.14525		
29	0.409963	750	-2.919045	-115.064294		
30	0.395478	750	-2.968829	-118.033123		
31	0.381305	750	-2.876655	-120.909778		
32	0.36744	750	-2.815291	-123.725069		
33	0.353883	750	-2.76927	-126.494339		
34	0.34063	750	-2.690035	-129.184374		
35	0.32768	750	-2.666691	-131.851065		
36	0.31503	750	-2.596232	-134.447297		
37	0.302677	750	-2.534991	-136.982288		
38	0.290619	750	-2.470175	-139.452463		
39	0.278855	750	-2.417664	-141.870127		
40	0.267381	750	-2.366528	-144.236655		
41	0.256195	750	-2.294673	-146.531328		
42	0.245294	750	-2.26374	-148.795069		
43	0.234677	750	-2.175618	-150.970687		
44	0.22434	750	-2.127092	-153.097779		
45	0.214281	750	-2.103035	-155.200815		
46	0.204498	750	-2.019966	-157.220781		
47	0.194988	750	-1.96889	-159.189672		
48	0.185749	750	-1.939713	-161.129384		
49	0.176777	750	-1.8723	-163.001685		
50	0.16807	750	-1.80759	-164.809275		
51	0.159626	750	-1.749482	-166.558757		
52	0.151441	750	-1.711727	-168.270484		
53	0.143514	750	-1.648423	-169.918907		
54	0.135841	750	-1.603064	-171.521971		
55	0.12842	750	-1.574492	-173.096463		
56	0.121247	750	-1.535821	-174.632284		
57	0.11432	750	-1.464291	-176.096575		
58	0.107637	750	-1.429445	-177.52602		
59	0.101193	750	-1.3709	-178.89692		
60	0.094986	750	-1.337849	-180.234769		
61	0.089014	750	-1.285731	-181.5205		
62	0.083273	750	-1.251987	-182.772487		
63	0.07776	750	-1.213387	-183.985873		
64	0.072472	750	-1.152372	-185.138246		
65	0.067406	750	-1.104539	-186.242785		
66	0.062558	750	-1.075443	-187.318228		
67	0.057926	750	-1.022303	-188.340531		
68	0.053506	750	-0.983406	-189.323937		
69	0.049295	750	-0.9472	-190.271137		
70	0.045289	750	-0.916304	-191.187442		
71	0.041485	750	-0.861487	-192.048929		
72	0.03788	750	-0.81017	-192.859098		
73	0.034469	750	-0.790109	-193.649208		
74	0.03125	750	-0.749008	-194.398216		
75	0.028218	750	-0.695501	-195.093716		
76	0.02537	750	-0.677398	-195.771114		
77	0.022702	750	-0.635747	-196.406861		
78	0.020209	750	-0.56393	-196.970791		
79	0.017889	750	-0.572283	-197.543074		
80	0.015736	750	-0.546678	-198.089753		
81	0.013746	750	-0.484322	-198.574074		
82	0.011916	750	-0.459155	-199.033229		
83	0.01024	750	-0.405881	-199.43911		
84	0.008714	750	-0.370834	-199.809944		
85	0.007334	750	-0.352904	-200.162848		
86	0.006093	750	-0.325926	-200.488775		
87	0.004988	750	-0.299851	-200.788625		
88	0.004013	750	-0.276681	-201.065307		
89	0.003162	750	-0.229497	-201.294804		
90	0.00243	750	-0.197599	-201.492403		
91	0.00181	750	-0.163154	-201.655557		
92	0.001296	750	-0.139279	-201.794836		
93	0.000882	750	-0.120534	-201.915371		
94	0.000559	750	-0.094239	-202.00961		
95	0.00032	750	-0.069963	-202.079573		
96	0.000156	750	-0.046792	-202.126365		
97	0.000057	750	-0.026899	-202.153263		
98	0.00001	750	-0.013798	-202.167062		
99	0	750	-0.002865	-202.169927		
Log marginal likelihood:	-202.169927					
0	0.975187	750	-4.269174	-4.269174		
1	0.950747	750	-4.268824	-8.537998		
2	0.926679	750	-4.178223	-12.716221		
3	0.90298	750	-4.105506	-16.821727		
4	0.879648	750	-4.042082	-20.863809		
5	0.856682	750	-3.996563	-24.860372		
6	0.834079	750	-3.95435	-28.814722		
7	0.811838	750	-3.921783	-32.736506		
8	0.789957	750	-3.826584	-36.563089		
9	0.768433	750	-3.811636	-40.374725		
10	0.747266	750	-3.716068	-44.090793		
11	0.726452	750	-3.614211	-47.705004		
12	0.705989	750	-3.565087	-51.27009		
13	0.685877	750	-3.517121	-54.787212		
14	0.666112	750	-3.47896	-58.266172		
15	0.646693	750	-3.429302	-61.695474		
16	0.627618	750	-3.363435	-65.058909		
17	0.608884	750	-3.337645	-68.396554		
18	0.59049	750	-3.259403	-71.655957		
19	0.572433	750	-3.194451	-74.850408		
20	0.554712	750	-3.111128	-77.961536		
21	0.537324	750	-3.077642	-81.039178		
22	0.520268	750	-3.018457	-84.057635		
23	0.50354	750	-2.954152	-87.011787		
24	0.487139	750	-2.970123	-89.98191		
25	0.471063	750	-3.046149	-93.028059		
26	0.45531	750	-2.864701	-95.89276		
27	0.439877	750	-2.904105	-98.796865		
28	0.424762	750	-2.669678	-101.466543		
29	0.409963	750	-2.725966	-104.192509		
30	0.395478	750	-2.654069	-106.846578		
31	0.381305	750	-2.571385	-109.417963		
32	0.36744	750	-2.617768	-112.035732		
33	0.353883	750	-2.439053	-114.474784		
34	0.34063	750	-2.385068	-116.859852		
35	0.32768	750	-2.520363	-119.380216		
36	0.31503	750	-2.463873	-121.844088		
37	0.302677	750	-2.26224	-124.106328		
38	0.290619	750	-2.34619	-126.452518		
39	0.278855	750	-2.23773	-128.690248		
40	0.267381	750	-2.228883	-130.919131		
41	0.256195	750	-2.110457	-133.029589		
42	0.245294	750	-2.1459	-135.175489		
43	0.234677	750	-2.048779	-137.224267		
44	0.22434	750	-2.003482	-139.227749		
45	0.214281	750	-1.89601	-141.123759		
46	0.204498	750	-1.885	-143.008758		
47	0.194988	750	-1.875232	-144.88399		
48	0.185749	750	-1.77957	-146.663561		
49	0.176777	750	-1.787645	-148.451205		
50	0.16807	750	-1.76004	-150.211246		
51	0.159626	750	-1.672004	-151.88325		
52	0.151441	750	-1.65031	-153.53356		
53	0.143514	750	-1.585283	-155.118843		
54	0.135841	750	-1.518696	-156.637539		
55	0.12842	750	-1.496171	-158.13371		
56	0.121247	750	-1.44454	-159.578251		
57	0.11432	750	-1.406314	-160.984564		
58	0.107637	750	-1.364009	-162.348573		
59	0.101193	750	-1.323134	-163.671708		
60	0.094986	750	-1.247035	-164.918743		
61	0.089014	750	-1.261078	-166.17982		
62	0.083273	750	-1.179812	-167.359632		
63	0.07776	750	-1.137906	-168.497538		
64	0.072472	750	-1.125715	-169.623254		
65	0.067406	750	-1.060515	-170.683769		
66	0.062558	750	-1.033616	-171.717385		
67	0.057926	750	-0.974617	-172.692002		
68	0.053506	750	-0.941085	-173.633087		
69	0.049295	750	-0.922587	-174.555674		
70	0.045289	750	-0.861067	-175.416741		
71	0.041485	750	-0.843434	-176.260175		
72	0.03788	750	-0.796548	-177.056723		
73	0.034469	750	-0.762766	-177.819488		
74	0.03125	750	-0.733822	-178.55331		
75	0.028218	750	-0.684782	-179.238092		
76	0.02537	750	-0.647371	-179.885463		
77	0.022702	750	-0.664063	-180.549526		
78	0.020209	750	-0.565295	-181.114822		
79	0.017889	750	-0.534763	-181.649584		
80	0.015736	750	-0.507136	-182.156721		
81	0.013746	750	-0.47353	-182.63025		
82	0.011916	750	-0.429724	-183.059974		
83	0.01024	750	-0.415804	-183.475779		
84	0.008714	750	-0.392794	-183.868573		
85	0.007334	750	-0.356257	-184.224829		
86	0.006093	750	-0.314061	-184.538891		
87	0.004988	750	-0.277399	-184.81629		
88	0.004013	750	-0.256464	-185.072754		
89	0.003162	750	-0.238117	-185.310871		
90	0.00243	750	-0.199141	-185.510012		
91	0.00181	750	-0.166392	-185.676404		
92	0.001296	750	-0.140236	-185.81664		
93	0.000882	750	-0.124845	-185.941485		
94	0.000559	750	-0.089616	-186.031101		
95	0.00032	750	-0.062651	-186.093753		
96	0.000156	750	-0.048497	-186.14225		
97	0.000057	750	-0.028832	-186.171082		
98	0.00001	750	-0.013078	-186.18416		
99	0	750	-0.002998	-186.187158		
Log marginal likelihood:	-186.187158					
0	0.975187	750	-4.622442	-4.622442		
1	0.950747	750	-4.511298	-9.133739		
2	0.926679	750	-4.448511	-13.58225		
3	0.90298	750	-4.400781	-17.983031		
4	0.879648	750	-4.32765	-22.310681		
5	0.856682	750	-4.292099	-26.60278		
6	0.834079	750	-4.192256	-30.795036		
7	0.811838	750	-4.13488	-34.929917		
8	0.789957	750	-4.061349	-38.991266		
9	0.768433	750	-4.028248	-43.019514		
10	0.747266	750	-4.068652	-47.088166		
11	0.726452	750	-3.98203	-51.070197		
12	0.705989	750	-3.86245	-54.932647		
13	0.685877	750	-3.744944	-58.677591		
14	0.666112	750	-3.723767	-62.401358		
15	0.646693	750	-3.641819	-66.043176		
16	0.627618	750	-3.559066	-69.602242		
17	0.608884	750	-3.55113	-73.153372		
18	0.59049	750	-3.438601	-76.591973		
19	0.572433	750	-3.497628	-80.089601		
20	0.554712	750	-3.343301	-83.432902		
21	0.537324	750	-3.298751	-86.731653		
22	0.520268	750	-3.386347	-90.118		
23	0.50354	750	-3.313441	-93.431441		
24	0.487139	750	-3.152026	-96.583467		
25	0.471063	750	-3.136999	-99.720466		
26	0.45531	750	-3.042117	-102.762583		
27	0.439877	750	-2.9884	-105.750983		
28	0.424762	750	-3.039556	-108.790539		
29	0.409963	750	-2.915079	-111.705618		
30	0.395478	750	-2.925424	-114.631042		
31	0.381305	750	-2.844911	-117.475953		
32	0.36744	750	-2.73202	-120.207974		
33	0.353883	750	-2.654042	-122.862015		
34	0.34063	750	-2.642028	-125.504043		
35	0.32768	750	-2.601051	-128.105094		
36	0.31503	750	-2.529953	-130.635047		
37	0.302677	750	-2.441542	-133.076589		
38	0.290619	750	-2.451999	-135.528588		
39	0.278855	750	-2.358965	-137.887552		
40	0.267381	750	-2.317538	-140.20509		
41	0.256195	750	-2.261532	-142.466622		
42	0.245294	750	-2.211814	-144.678435		
43	0.234677	750	-2.113002	-146.791437		
44	0.22434	750	-2.068912	-148.860348		
45	0.214281	750	-2.044271	-150.904619		
46	0.204498	750	-1.981213	-152.885832		
47	0.194988	750	-1.937119	-154.822952		
48	0.185749	750	-1.886073	-156.709024		
49	0.176777	750	-1.823268	-158.532292		
50	0.16807	750	-1.787437	-160.319729		
51	0.159626	750	-1.743651	-162.06338		
52	0.151441	750	-1.678019	-163.741399		
53	0.143514	750	-1.628338	-165.369737		
54	0.135841	750	-1.598946	-166.968683		
55	0.12842	750	-1.542076	-168.510759		
56	0.121247	750	-1.485711	-169.996471		
57	0.11432	750	-1.426057	-171.422528		
58	0.107637	750	-1.40395	-172.826478		
59	0.101193	750	-1.353928	-174.180406		
60	0.094986	750	-1.310659	-175.491065		
61	0.089014	750	-1.265836	-176.7569		
62	0.083273	750	-1.205177	-177.962077		
63	0.07776	750	-1.16427	-179.126347		
64	0.072472	750	-1.128929	-180.255276		
65	0.067406	750	-1.10597	-181.361246		
66	0.062558	750	-1.029508	-182.390754		
67	0.057926	750	-1.021925	-183.41268		
68	0.053506	750	-0.966048	-184.378728		
69	0.049295	750	-0.945272	-185.324		
70	0.045289	750	-0.886482	-186.210481		
71	0.041485	750	-0.871565	-187.082047		
72	0.03788	750	-0.814351	-187.896398		
73	0.034469	750	-0.763602	-188.66		
74	0.03125	750	-0.71974	-189.379741		
75	0.028218	750	-0.700618	-190.080359		
76	0.02537	750	-0.647409	-190.727768		
77	0.022702	750	-0.625573	-191.353341		
78	0.020209	750	-0.603216	-191.956558		
79	0.017889	750	-0.585531	-192.542089		
80	0.015736	750	-0.525398	-193.067487		
81	0.013746	750	-0.478888	-193.546375		
82	0.011916	750	-0.457612	-194.003987		
83	0.01024	750	-0.42396	-194.427947		
84	0.008714	750	-0.363177	-194.791123		
85	0.007334	750	-0.341631	-195.132754		
86	0.006093	750	-0.348702	-195.481456		
87	0.004988	750	-0.272746	-195.754202		
88	0.004013	750	-0.255712	-196.009913		
89	0.003162	750	-0.230982	-196.240895		
90	0.00243	750	-0.184678	-196.425574		
91	0.00181	750	-0.16295	-196.588524		
92	0.001296	750	-0.140575	-196.729099		
93	0.000882	750	-0.107279	-196.836378		
94	0.000559	750	-0.089709	-196.926087		
95	0.00032	750	-0.065041	-196.991128		
96	0.000156	750	-0.044641	-197.035769		
97	0.000057	750	-0.028103	-197.063872		
98	0.00001	750	-0.014155	-197.078027		
99	0	750	-0.002571	-197.080598		
Log marginal likelihood:	-197.080598					
0	0.975187	750	-4.405827	-4.405827		
1	0.950747	750	-4.374324	-8.780152		
2	0.926679	750	-4.302259	-13.082411		
3	0.90298	750	-4.239791	-17.322201		
4	0.879648	750	-4.179515	-21.501717		
5	0.856682	750	-4.098182	-25.599899		
6	0.834079	750	-4.057811	-29.65771		
7	0.811838	750	-3.988005	-33.645715		
8	0.789957	750	-3.930774	-37.576489		
9	0.768433	750	-3.890792	-41.467281		
10	0.747266	750	-3.793944	-45.261225		
11	0.726452	750	-3.766954	-49.028179		
12	0.705989	750	-3.649786	-52.677965		
13	0.685877	750	-3.769061	-56.447026		
14	0.666112	750	-3.581105	-60.028131		
15	0.646693	750	-3.511411	-63.539543		
16	0.627618	750	-3.446537	-66.986079		
17	0.608884	750	-3.388233	-70.374312		
18	0.59049	750	-3.327079	-73.701391		
19	0.572433	750	-3.269006	-76.970397		
20	0.554712	750	-3.299629	-80.270026		
21	0.537324	750	-3.300099	-83.570125		
22	0.520268	750	-3.118206	-86.688331		
23	0.50354	750	-3.120244	-89.808575		
24	0.487139	750	-3.027336	-92.835911		
25	0.471063	750	-2.954776	-95.790687		
26	0.45531	750	-2.873877	-98.664564		
27	0.439877	750	-2.93755	-101.602114		
28	0.424762	750	-2.853388	-104.455503		
29	0.409963	750	-2.733868	-107.189371		
30	0.395478	750	-2.680584	-109.869955		
31	0.381305	750	-2.663377	-112.533331		
32	0.36744	750	-2.628853	-115.162184		
33	0.353883	750	-2.628308	-117.790492		
34	0.34063	750	-2.559269	-120.349761		
35	0.32768	750	-2.529434	-122.879195		
36	0.31503	750	-2.4491	-125.328295		
37	0.302677	750	-2.44711	-127.775406		
38	0.290619	750	-2.356878	-130.132283		
39	0.278855	750	-2.226707	-132.35899		
40	0.267381	750	-2.15026	-134.50925		
41	0.256195	750	-2.203313	-136.712564		
42	0.245294	750	-2.184112	-138.896675		
43	0.234677	750	-2.095017	-140.991692		
44	0.22434	750	-2.061593	-143.053286		
45	0.214281	750	-1.906085	-144.95937		
46	0.204498	750	-1.953227	-146.912597		
47	0.194988	750	-1.912691	-148.825289		
48	0.185749	750	-1.811889	-150.637178		
49	0.176777	750	-1.772041	-152.409218		
50	0.16807	750	-1.758184	-154.167402		
51	0.159626	750	-1.689956	-155.857358		
52	0.151441	750	-1.634678	-157.492035		
53	0.143514	750	-1.597503	-159.089538		
54	0.135841	750	-1.55514	-160.644678		
55	0.12842	750	-1.509904	-162.154581		
56	0.121247	750	-1.488722	-163.643303		
57	0.11432	750	-1.426033	-165.069337		
58	0.107637	750	-1.408974	-166.478311		
59	0.101193	750	-1.317206	-167.795517		
60	0.094986	750	-1.289534	-169.085051		
61	0.089014	750	-1.229594	-170.314646		
62	0.083273	750	-1.19868	-171.513326		
63	0.07776	750	-1.162047	-172.675373		
64	0.072472	750	-1.107311	-173.782684		
65	0.067406	750	-1.068129	-174.850814		
66	0.062558	750	-1.008783	-175.859597		
67	0.057926	750	-1.028213	-176.88781		
68	0.053506	750	-0.942018	-177.829829		
69	0.049295	750	-0.905504	-178.735333		
70	0.045289	750	-0.86038	-179.595712		
71	0.041485	750	-0.859829	-180.455541		
72	0.03788	750	-0.803296	-181.258837		
73	0.034469	750	-0.763733	-182.02257		
74	0.03125	750	-0.704018	-182.726588		
75	0.028218	750	-0.698984	-183.425572		
76	0.02537	750	-0.652058	-184.07763		
77	0.022702	750	-0.611492	-184.689122		
78	0.020209	750	-0.565841	-185.254963		
79	0.017889	750	-0.541838	-185.796801		
80	0.015736	750	-0.52846	-186.325261		
81	0.013746	750	-0.469916	-186.795178		
82	0.011916	750	-0.450796	-187.245973		
83	0.01024	750	-0.417016	-187.662989		
84	0.008714	750	-0.410081	-188.07307		
85	0.007334	750	-0.328623	-188.401693		
86	0.006093	750	-0.306483	-188.708177		
87	0.004988	750	-0.275144	-188.983321		
88	0.004013	750	-0.263718	-189.247038		
89	0.003162	750	-0.224427	-189.471465		
90	0.00243	750	-0.192435	-189.6639		
91	0.00181	750	-0.172304	-189.836204		
92	0.001296	750	-0.137424	-189.973628		
93	0.000882	750	-0.116257	-190.089884		
94	0.000559	750	-0.084699	-190.174583		
95	0.00032	750	-0.069278	-190.243861		
96	0.000156	750	-0.047144	-190.291005		
97	0.000057	750	-0.029284	-190.320288		
98	0.00001	750	-0.012548	-190.332837		
99	0	750	-0.003054	-190.335891		
Log marginal likelihood:	-190.335891					
0	0.975187	750	-4.654204	-4.654204		
1	0.950747	750	-4.571564	-9.225768		
2	0.926679	750	-4.513271	-13.739039		
3	0.90298	750	-4.464019	-18.203058		
4	0.879648	750	-4.366066	-22.569124		
5	0.856682	750	-4.291069	-26.860194		
6	0.834079	750	-4.242221	-31.102415		
7	0.811838	750	-4.211205	-35.31362		
8	0.789957	750	-4.124675	-39.438295		
9	0.768433	750	-4.053428	-43.491724		
10	0.747266	750	-3.977466	-47.469189		
11	0.726452	750	-3.895231	-51.36442		
12	0.705989	750	-3.857263	-55.221683		
13	0.685877	750	-3.810778	-59.032461		
14	0.666112	750	-3.766933	-62.799393		
15	0.646693	750	-3.728994	-66.528387		
16	0.627618	750	-3.598114	-70.126501		
17	0.608884	750	-3.593155	-73.719656		
18	0.59049	750	-3.566661	-77.286317		
19	0.572433	750	-3.493016	-80.779333		
20	0.554712	750	-3.387299	-84.166632		
21	0.537324	750	-3.354949	-87.521581		
22	0.520268	750	-3.255124	-90.776705		
23	0.50354	750	-3.236727	-94.013432		
24	0.487139	750	-3.239368	-97.2528		
25	0.471063	750	-3.074191	-100.326991		
26	0.45531	750	-3.067869	-103.39486		
27	0.439877	750	-3.091235	-106.486095		
28	0.424762	750	-3.081193	-109.567288		
29	0.409963	750	-3.039834	-112.607122		
30	0.395478	750	-2.882739	-115.489861		
31	0.381305	750	-2.814896	-118.304758		
32	0.36744	750	-2.838346	-121.143104		
33	0.353883	750	-2.790636	-123.93374		
34	0.34063	750	-2.678406	-126.612146		
35	0.32768	750	-2.645017	-129.257162		
36	0.31503	750	-2.602847	-131.860009		
37	0.302677	750	-2.57896	-134.43897		
38	0.290619	750	-2.510063	-136.949033		
39	0.278855	750	-2.440224	-139.389258		
40	0.267381	750	-2.325004	-141.714261		
41	0.256195	750	-2.355172	-144.069433		
42	0.245294	750	-2.282046	-146.351478		
43	0.234677	750	-2.238002	-148.589481		
44	0.22434	750	-2.172701	-150.762182		
45	0.214281	750	-2.078969	-152.84115		
46	0.204498	750	-2.040088	-154.881238		
47	0.194988	750	-1.988582	-156.86982		
48	0.185749	750	-1.938211	-158.808031		
49	0.176777	750	-1.903902	-160.711933		
50	0.16807	750	-1.830354	-162.542287		
51	0.159626	750	-1.790527	-164.332813		
52	0.151441	750	-1.723816	-166.056629		
53	0.143514	750	-1.698926	-167.755554		
54	0.135841	750	-1.637296	-169.392851		
55	0.12842	750	-1.579808	-170.972658		
56	0.121247	750	-1.521985	-172.494643		
57	0.11432	750	-1.471459	-173.966102		
58	0.107637	750	-1.448206	-175.414308		
59	0.101193	750	-1.402407	-176.816715		
60	0.094986	750	-1.347827	-178.164542		
61	0.089014	750	-1.285476	-179.450018		
62	0.083273	750	-1.26461	-180.714628		
63	0.07776	750	-1.195846	-181.910474		
64	0.072472	750	-1.161656	-183.07213		
65	0.067406	750	-1.107004	-184.179133		
66	0.062558	750	-1.079203	-185.258337		
67	0.057926	750	-1.067451	-186.325788		
68	0.053506	750	-0.979151	-187.304939		
69	0.049295	750	-0.94415	-188.249089		
70	0.045289	750	-0.914098	-189.163187		
71	0.041485	750	-0.887864	-190.051051		
72	0.03788	750	-0.861376	-190.912427		
73	0.034469	750	-0.816937	-191.729364		
74	0.03125	750	-0.740907	-192.470271		
75	0.028218	750	-0.728502	-193.198773		
76	0.02537	750	-0.681479	-193.880252		
77	0.022702	750	-0.646278	-194.52653		
78	0.020209	750	-0.619632	-195.146162		
79	0.017889	750	-0.575419	-195.72158		
80	0.015736	750	-0.534635	-196.256215		
81	0.013746	750	-0.490984	-196.747199		
82	0.011916	750	-0.473177	-197.220376		
83	0.01024	750	-0.428826	-197.649202		
84	0.008714	750	-0.437573	-198.086776		
85	0.007334	750	-0.371539	-198.458315		
86	0.006093	750	-0.314003	-198.772318		
87	0.004988	750	-0.311564	-199.083881		
88	0.004013	750	-0.260783	-199.344664		
89	0.003162	750	-0.229044	-199.573708		
90	0.00243	750	-0.201379	-199.775087		
91	0.00181	750	-0.183064	-199.958152		
92	0.001296	750	-0.141586	-200.099737		
93	0.000882	750	-0.112761	-200.212498		
94	0.000559	750	-0.094977	-200.307475		
95	0.00032	750	-0.073537	-200.381012		
96	0.000156	750	-0.043754	-200.424766		
97	0.000057	750	-0.028712	-200.453479		
98	0.00001	750	-0.012233	-200.465712		
99	0	750	-0.002774	-200.468485		
Log marginal likelihood:	-200.468485					
0	0.975187	750	-3.966518	-3.966518		
1	0.950747	750	-3.924619	-7.891136		
2	0.926679	750	-3.859451	-11.750587		
3	0.90298	750	-3.843671	-15.594259		
4	0.879648	750	-3.842452	-19.436711		
5	0.856682	750	-3.733449	-23.17016		
6	0.834079	750	-3.745262	-26.915421		
7	0.811838	750	-3.696941	-30.612362		
8	0.789957	750	-3.586618	-34.19898		
9	0.768433	750	-3.549521	-37.748501		
10	0.747266	750	-3.50082	-41.249321		
11	0.726452	750	-3.390815	-44.640136		
12	0.705989	750	-3.36511	-48.005246		
13	0.685877	750	-3.364825	-51.370072		
14	0.666112	750	-3.269111	-54.639183		
15	0.646693	750	-3.201604	-57.840786		
16	0.627618	750	-3.132038	-60.972824		
17	0.608884	750	-3.152122	-64.124947		
18	0.59049	750	-3.066077	-67.191024		
19	0.572433	750	-2.983851	-70.174875		
20	0.554712	750	-2.905941	-73.080816		
21	0.537324	750	-2.889874	-75.97069		
22	0.520268	750	-2.945591	-78.916281		
23	0.50354	750	-2.782657	-81.698937		
24	0.487139	750	-2.759043	-84.45798		
25	0.471063	750	-2.687297	-87.145277		
26	0.45531	750	-2.699098	-89.844375		
27	0.439877	750	-2.665709	-92.510083		
28	0.424762	750	-2.555296	-95.065379		
29	0.409963	750	-2.542509	-97.607888		
30	0.395478	750	-2.50776	-100.115648		
31	0.381305	750	-2.585854	-102.701502		
32	0.36744	750	-2.538035	-105.239537		
33	0.353883	750	-2.44708	-107.686618		
34	0.34063	750	-2.41042	-110.097038		
35	0.32768	750	-2.351881	-112.448919		
36	0.31503	750	-2.388245	-114.837163		
37	0.302677	750	-2.253305	-117.090469		
38	0.290619	750	-2.236453	-119.326922		
39	0.278855	750	-2.084923	-121.411844		
40	0.267381	750	-2.024219	-123.436064		
41	0.256195	750	-2.051545	-125.487608		
42	0.245294	750	-2.116036	-127.603644		
43	0.234677	750	-2.040697	-129.644341		
44	0.22434	750	-1.956676	-131.601017		
45	0.214281	750	-1.910696	-133.511713		
46	0.204498	750	-1.873114	-135.384827		
47	0.194988	750	-1.870616	-137.255443		
48	0.185749	750	-1.800051	-139.055494		
49	0.176777	750	-1.730977	-140.78647		
50	0.16807	750	-1.666798	-142.453268		
51	0.159626	750	-1.68513	-144.138398		
52	0.151441	750	-1.644027	-145.782425		
53	0.143514	750	-1.582612	-147.365037		
54	0.135841	750	-1.481944	-148.846981		
55	0.12842	750	-1.495155	-150.342137		
56	0.121247	750	-1.447294	-151.78943		
57	0.11432	750	-1.390034	-153.179464		
58	0.107637	750	-1.375939	-154.555404		
59	0.101193	750	-1.311579	-155.866983		
60	0.094986	750	-1.256621	-157.123604		
61	0.089014	750	-1.22464	-158.348244		
62	0.083273	750	-1.199095	-159.54734		
63	0.07776	750	-1.153718	-160.701057		
64	0.072472	750	-1.083629	-161.784687		
65	0.067406	750	-1.056602	-162.841289		
66	0.062558	750	-1.01742	-163.858709		
67	0.057926	750	-0.985658	-164.844367		
68	0.053506	750	-0.946942	-165.791309		
69	0.049295	750	-0.904171	-166.695479		
70	0.045289	750	-0.873822	-167.569301		
71	0.041485	750	-0.840913	-168.410214		
72	0.03788	750	-0.76909	-169.179304		
73	0.034469	750	-0.780781	-169.960084		
74	0.03125	750	-0.717466	-170.67755		
75	0.028218	750	-0.682575	-171.360126		
76	0.02537	750	-0.641599	-172.001724		
77	0.022702	750	-0.599962	-172.601686		
78	0.020209	750	-0.592313	-173.193999		
79	0.017889	750	-0.57567	-173.769669		
80	0.015736	750	-0.502499	-174.272168		
81	0.013746	750	-0.479526	-174.751694		
82	0.011916	750	-0.432856	-175.18455		
83	0.01024	750	-0.408377	-175.592927		
84	0.008714	750	-0.384207	-175.977134		
85	0.007334	750	-0.364334	-176.341467		
86	0.006093	750	-0.310708	-176.652175		
87	0.004988	750	-0.280754	-176.932929		
88	0.004013	750	-0.267479	-177.200408		
89	0.003162	750	-0.226491	-177.426899		
90	0.00243	750	-0.198406	-177.625305		
91	0.00181	750	-0.173236	-177.79854		
92	0.001296	750	-0.127637	-177.926178		
93	0.000882	750	-0.112756	-178.038934		
94	0.000559	750	-0.092577	-178.131511		
95	0.00032	750	-0.063382	-178.194893		
96	0.000156	750	-0.044693	-178.239586		
97	0.000057	750	-0.028254	-178.26784		
98	0.00001	750	-0.012858	-178.280699		
99	0	750	-0.002706	-178.283404		
Log marginal likelihood:	-178.283404					
0	0.975187	750	-4.233688	-4.233688		
1	0.950747	750	-4.208439	-8.442127		
2	0.926679	750	-4.10417	-12.546298		
3	0.90298	750	-4.068799	-16.615097		
4	0.879648	750	-4.000647	-20.615744		
5	0.856682	750	-4.029126	-24.64487		
6	0.834079	750	-3.878108	-28.522978		
7	0.811838	750	-3.777093	-32.300072		
8	0.789957	750	-3.773448	-36.07352		
9	0.768433	750	-3.721436	-39.794956		
10	0.747266	750	-3.727978	-43.522935		
11	0.726452	750	-3.581814	-47.104749		
12	0.705989	750	-3.577361	-50.68211		
13	0.685877	750	-3.564291	-54.246401		
14	0.666112	750	-3.552156	-57.798557		
15	0.646693	750	-3.368801	-61.167358		
16	0.627618	750	-3.304359	-64.471717		
17	0.608884	750	-3.230379	-67.702096		
18	0.59049	750	-3.233314	-70.93541		
19	0.572433	750	-3.215844	-74.151254		
20	0.554712	750	-3.103474	-77.254728		
21	0.537324	750	-3.086026	-80.340754		
22	0.520268	750	-3.087712	-83.428466		
23	0.50354	750	-2.936767	-86.365233		
24	0.487139	750	-2.916964	-89.282198		
25	0.471063	750	-2.873531	-92.155729		
26	0.45531	750	-2.886515	-95.042244		
27	0.439877	750	-2.767384	-97.809628		
28	0.424762	750	-2.679464	-100.489092		
29	0.409963	750	-2.641183	-103.130275		
30	0.395478	750	-2.650965	-105.78124		
31	0.381305	750	-2.513445	-108.294684		
32	0.36744	750	-2.579234	-110.873918		
33	0.353883	750	-2.498185	-113.372103		
34	0.34063	750	-2.369485	-115.741588		
35	0.32768	750	-2.373261	-118.11485		
36	0.31503	750	-2.49168	-120.60653		
37	0.302677	750	-2.35232	-122.958851		
38	0.290619	750	-2.243059	-125.201909		
39	0.278855	750	-2.288559	-127.490468		
40	0.267381	750	-2.268472	-129.75894		
41	0.256195	750	-2.218756	-131.977696		
42	0.245294	750	-2.095423	-134.073118		
43	0.234677	750	-2.115468	-136.188586		
44	0.22434	750	-2.042489	-138.231075		
45	0.214281	750	-1.96128	-140.192355		
46	0.204498	750	-1.921586	-142.113941		
47	0.194988	750	-1.875459	-143.989401		
48	0.185749	750	-1.836755	-145.826156		
49	0.176777	750	-1.779637	-147.605793		
50	0.16807	750	-1.739627	-149.34542		
51	0.159626	750	-1.701786	-151.047206		
52	0.151441	750	-1.60747	-152.654676		
53	0.143514	750	-1.596329	-154.251005		
54	0.135841	750	-1.519163	-155.770168		
55	0.12842	750	-1.503207	-157.273375		
56	0.121247	750	-1.430516	-158.703891		
57	0.11432	750	-1.417822	-160.121714		
58	0.107637	750	-1.36434	-161.486054		
59	0.101193	750	-1.341958	-162.828012		
60	0.094986	750	-1.32606	-164.154071		
61	0.089014	750	-1.242681	-165.396752		
62	0.083273	750	-1.183706	-166.580458		
63	0.07776	750	-1.158547	-167.739005		
64	0.072472	750	-1.133511	-168.872516		
65	0.067406	750	-1.071721	-169.944237		
66	0.062558	750	-1.037086	-170.981322		
67	0.057926	750	-1.005776	-171.987098		
68	0.053506	750	-0.941382	-172.928481		
69	0.049295	750	-0.922361	-173.850842		
70	0.045289	750	-0.869979	-174.720821		
71	0.041485	750	-0.833288	-175.554109		
72	0.03788	750	-0.805037	-176.359147		
73	0.034469	750	-0.752702	-177.111849		
74	0.03125	750	-0.720636	-177.832485		
75	0.028218	750	-0.676568	-178.509053		
76	0.02537	750	-0.653642	-179.162695		
77	0.022702	750	-0.613514	-179.776209		
78	0.020209	750	-0.599002	-180.37521		
79	0.017889	750	-0.543509	-180.91872		
80	0.015736	750	-0.527011	-181.445731		
81	0.013746	750	-0.486505	-181.932236		
82	0.011916	750	-0.427406	-182.359642		
83	0.01024	750	-0.404484	-182.764126		
84	0.008714	750	-0.405655	-183.169782		
85	0.007334	750	-0.359771	-183.529553		
86	0.006093	750	-0.316584	-183.846137		
87	0.004988	750	-0.276402	-184.122538		
88	0.004013	750	-0.252321	-184.37486		
89	0.003162	750	-0.239865	-184.614725		
90	0.00243	750	-0.195913	-184.810638		
91	0.00181	750	-0.177406	-184.988044		
92	0.001296	750	-0.134486	-185.12253		
93	0.000882	750	-0.115593	-185.238123		
94	0.000559	750	-0.092689	-185.330811		
95	0.00032	750	-0.066724	-185.397536		
96	0.000156	750	-0.046452	-185.443988		
97	0.000057	750	-0.026663	-185.47065		
98	0.00001	750	-0.012978	-185.483628		
99	0	750	-0.002686	-185.486314		
Log marginal likelihood:	-185.486314					
0	0.975187	750	-4.28842	-4.28842		
1	0.950747	750	-4.205857	-8.494277		
2	0.926679	750	-4.176931	-12.671208		
3	0.90298	750	-4.117452	-16.78866		
4	0.879648	750	-4.039143	-20.827803		
5	0.856682	750	-3.990231	-24.818034		
6	0.834079	750	-3.95002	-28.768055		
7	0.811838	750	-3.883081	-32.651135		
8	0.789957	750	-3.807165	-36.4583		
9	0.768433	750	-3.733988	-40.192288		
10	0.747266	750	-3.671678	-43.863965		
11	0.726452	750	-3.628058	-47.492024		
12	0.705989	750	-3.542113	-51.034136		
13	0.685877	750	-3.525616	-54.559752		
14	0.666112	750	-3.439143	-57.998895		
15	0.646693	750	-3.375491	-61.374386		
16	0.627618	750	-3.358872	-64.733258		
17	0.608884	750	-3.284696	-68.017953		
18	0.59049	750	-3.275637	-71.293591		
19	0.572433	750	-3.187537	-74.481127		
20	0.554712	750	-3.115652	-77.596779		
21	0.537324	750	-3.180384	-80.777163		
22	0.520268	750	-3.133884	-83.911047		
23	0.50354	750	-2.928734	-86.839781		
24	0.487139	750	-2.923261	-89.763042		
25	0.471063	750	-2.823726	-92.586769		
26	0.45531	750	-2.833259	-95.420028		
27	0.439877	750	-2.920226	-98.340253		
28	0.424762	750	-2.758862	-101.099115		
29	0.409963	750	-2.732634	-103.83175		
30	0.395478	750	-2.679333	-106.511082		
31	0.381305	750	-2.643601	-109.154684		
32	0.36744	750	-2.65599	-111.810674		
33	0.353883	750	-2.516989	-114.327663		
34	0.34063	750	-2.521901	-116.849563		
35	0.32768	750	-2.332309	-119.181873		
36	0.31503	750	-2.353023	-121.534895		
37	0.302677	750	-2.363604	-123.8985		
38	0.290619	750	-2.275998	-126.174498		
39	0.278855	750	-2.226088	-128.400586		
40	0.267381	750	-2.228251	-130.628837		
41	0.256195	750	-2.179111	-132.807949		
42	0.245294	750	-2.10845	-134.916399		
43	0.234677	750	-2.100311	-137.016711		
44	0.22434	750	-2.05846	-139.07517		
45	0.214281	750	-2.00985	-141.08502		
46	0.204498	750	-1.873203	-142.958222		
47	0.194988	750	-1.910877	-144.869099		
48	0.185749	750	-1.830527	-146.699625		
49	0.176777	750	-1.798186	-148.497811		
50	0.16807	750	-1.742912	-150.240723		
51	0.159626	750	-1.67794	-151.918663		
52	0.151441	750	-1.644617	-153.56328		
53	0.143514	750	-1.57901	-155.14229		
54	0.135841	750	-1.548915	-156.691205		
55	0.12842	750	-1.499924	-158.191129		
56	0.121247	750	-1.46235	-159.653479		
57	0.11432	750	-1.418147	-161.071626		
58	0.107637	750	-1.370083	-162.44171		
59	0.101193	750	-1.317058	-163.758768		
60	0.094986	750	-1.260535	-165.019303		
61	0.089014	750	-1.22039	-166.239692		
62	0.083273	750	-1.174576	-167.414269		
63	0.07776	750	-1.177958	-168.592227		
64	0.072472	750	-1.117641	-169.709868		
65	0.067406	750	-1.057197	-170.767064		
66	0.062558	750	-1.024873	-171.791937		
67	0.057926	750	-0.9938	-172.785738		
68	0.053506	750	-0.940679	-173.726417		
69	0.049295	750	-0.879465	-174.605882		
70	0.045289	750	-0.876375	-175.482257		
71	0.041485	750	-0.831043	-176.313299		
72	0.03788	750	-0.813214	-177.126513		
73	0.034469	750	-0.762333	-177.888847		
74	0.03125	750	-0.711438	-178.600284		
75	0.028218	750	-0.669965	-179.270249		
76	0.02537	750	-0.678849	-179.949099		
77	0.022702	750	-0.60666	-180.555759		
78	0.020209	750	-0.615177	-181.170936		
79	0.017889	750	-0.548094	-181.71903		
80	0.015736	750	-0.515315	-182.234346		
81	0.013746	750	-0.493947	-182.728293		
82	0.011916	750	-0.434187	-183.16248		
83	0.01024	750	-0.412074	-183.574554		
84	0.008714	750	-0.402896	-183.977449		
85	0.007334	750	-0.334872	-184.312322		
86	0.006093	750	-0.321822	-184.634144		
87	0.004988	750	-0.266483	-184.900626		
88	0.004013	750	-0.249457	-185.150083		
89	0.003162	750	-0.215091	-185.365174		
90	0.00243	750	-0.194207	-185.559382		
91	0.00181	750	-0.157247	-185.716628		
92	0.001296	750	-0.131775	-185.848403		
93	0.000882	750	-0.105783	-185.954186		
94	0.000559	750	-0.085175	-186.039361		
95	0.00032	750	-0.068748	-186.108109		
96	0.000156	750	-0.045754	-186.153863		
97	0.000057	750	-0.026065	-186.179928		
98	0.00001	750	-0.012299	-186.192227		
99	0	750	-0.002676	-186.194903		
Log marginal likelihood:	-186.194903					
0	0.975187	750	-4.401751	-4.401751		
1	0.950747	750	-4.327003	-8.728753		
2	0.926679	750	-4.273134	-13.001887		
3	0.90298	750	-4.22412	-17.226008		
4	0.879648	750	-4.197887	-21.423895		
5	0.856682	750	-4.122648	-25.546543		
6	0.834079	750	-4.085472	-29.632015		
7	0.811838	750	-3.964664	-33.596679		
8	0.789957	750	-3.875549	-37.472228		
9	0.768433	750	-3.854541	-41.32677		
10	0.747266	750	-3.836489	-45.163259		
11	0.726452	750	-3.73305	-48.896309		
12	0.705989	750	-3.685391	-52.5817		
13	0.685877	750	-3.62448	-56.20618		
14	0.666112	750	-3.57209	-59.77827		
15	0.646693	750	-3.512226	-63.290496		
16	0.627618	750	-3.428995	-66.719491		
17	0.608884	750	-3.432473	-70.151964		
18	0.59049	750	-3.321874	-73.473837		
19	0.572433	750	-3.243868	-76.717705		
20	0.554712	750	-3.217457	-79.935162		
21	0.537324	750	-3.196813	-83.131975		
22	0.520268	750	-3.159944	-86.291919		
23	0.50354	750	-3.054517	-89.346437		
24	0.487139	750	-3.030436	-92.376873		
25	0.471063	750	-2.98775	-95.364623		
26	0.45531	750	-2.853708	-98.218331		
27	0.439877	750	-2.793512	-101.011843		
28	0.424762	750	-2.834773	-103.846616		
29	0.409963	750	-2.794496	-106.641112		
30	0.395478	750	-2.710452	-109.351565		
31	0.381305	750	-2.709797	-112.061362		
32	0.36744	750	-2.7011	-114.762462		
33	0.353883	750	-2.653244	-117.415706		
34	0.34063	750	-2.590166	-120.005872		
35	0.32768	750	-2.51677	-122.522642		
36	0.31503	750	-2.478666	-125.001308		
37	0.302677	750	-2.422721	-127.424029		
38	0.290619	750	-2.326313	-129.750342		
39	0.278855	750	-2.324239	-132.074581		
40	0.267381	750	-2.183067	-134.257648		
41	0.256195	750	-2.203589	-136.461236		
42	0.245294	750	-2.152543	-138.613779		
43	0.234677	750	-2.073267	-140.687046		
44	0.22434	750	-2.032897	-142.719943		
45	0.214281	750	-1.953313	-144.673257		
46	0.204498	750	-1.918454	-146.591711		
47	0.194988	750	-1.900558	-148.492268		
48	0.185749	750	-1.821318	-150.313587		
49	0.176777	750	-1.794786	-152.108373		
50	0.16807	750	-1.717386	-153.825759		
51	0.159626	750	-1.683521	-155.50928		
52	0.151441	750	-1.646891	-157.156171		
53	0.143514	750	-1.603217	-158.759388		
54	0.135841	750	-1.502298	-160.261686		
55	0.12842	750	-1.517882	-161.779568		
56	0.121247	750	-1.452489	-163.232056		
57	0.11432	750	-1.378801	-164.610857		
58	0.107637	750	-1.364576	-165.975434		
59	0.101193	750	-1.337092	-167.312526		
60	0.094986	750	-1.251533	-168.564059		
61	0.089014	750	-1.242016	-169.806075		
62	0.083273	750	-1.192179	-170.998253		
63	0.07776	750	-1.147342	-172.145595		
64	0.072472	750	-1.100595	-173.24619		
65	0.067406	750	-1.070601	-174.31679		
66	0.062558	750	-1.005407	-175.322197		
67	0.057926	750	-0.976605	-176.298802		
68	0.053506	750	-0.945325	-177.244127		
69	0.049295	750	-0.911759	-178.155886		
70	0.045289	750	-0.87758	-179.033465		
71	0.041485	750	-0.831756	-179.865221		
72	0.03788	750	-0.804069	-180.669291		
73	0.034469	750	-0.773284	-181.442574		
74	0.03125	750	-0.704388	-182.146962		
75	0.028218	750	-0.688859	-182.835821		
76	0.02537	750	-0.651133	-183.486954		
77	0.022702	750	-0.629128	-184.116082		
78	0.020209	750	-0.555054	-184.671136		
79	0.017889	750	-0.549988	-185.221123		
80	0.015736	750	-0.518615	-185.739738		
81	0.013746	750	-0.473789	-186.213527		
82	0.011916	750	-0.443764	-186.657291		
83	0.01024	750	-0.419593	-187.076884		
84	0.008714	750	-0.417476	-187.494361		
85	0.007334	750	-0.335775	-187.830135		
86	0.006093	750	-0.300312	-188.130447		
87	0.004988	750	-0.29084	-188.421288		
88	0.004013	750	-0.253502	-188.674789		
89	0.003162	750	-0.230417	-188.905206		
90	0.00243	750	-0.190799	-189.096006		
91	0.00181	750	-0.173082	-189.269088		
92	0.001296	750	-0.139493	-189.40858		
93	0.000882	750	-0.115215	-189.523796		
94	0.000559	750	-0.091503	-189.615299		
95	0.00032	750	-0.06648	-189.681779		
96	0.000156	750	-0.048186	-189.729964		
97	0.000057	750	-0.02652	-189.756485		
98	0.00001	750	-0.012795	-189.76928		
99	0	750	-0.002771	-189.772051		
Log marginal likelihood:	-189.772051					
0	0.975187	750	-4.353157	-4.353157		
1	0.950747	750	-4.322982	-8.676139		
2	0.926679	750	-4.263511	-12.939649		
3	0.90298	750	-4.156098	-17.095747		
4	0.879648	750	-4.111344	-21.207091		
5	0.856682	750	-4.044246	-25.251337		
6	0.834079	750	-4.006162	-29.257499		
7	0.811838	750	-3.919319	-33.176818		
8	0.789957	750	-3.861083	-37.037901		
9	0.768433	750	-3.801591	-40.839492		
10	0.747266	750	-3.780517	-44.62001		
11	0.726452	750	-3.689413	-48.309423		
12	0.705989	750	-3.611283	-51.920705		
13	0.685877	750	-3.596647	-55.517352		
14	0.666112	750	-3.515447	-59.032799		
15	0.646693	750	-3.47142	-62.504219		
16	0.627618	750	-3.411433	-65.915652		
17	0.608884	750	-3.494276	-69.409928		
18	0.59049	750	-3.365024	-72.774952		
19	0.572433	750	-3.299759	-76.074711		
20	0.554712	750	-3.16362	-79.238331		
21	0.537324	750	-3.086724	-82.325055		
22	0.520268	750	-3.111647	-85.436702		
23	0.50354	750	-3.259609	-88.69631		
24	0.487139	750	-2.996197	-91.692508		
25	0.471063	750	-3.006225	-94.698733		
26	0.45531	750	-2.865416	-97.564149		
27	0.439877	750	-2.965265	-100.529413		
28	0.424762	750	-2.82318	-103.352593		
29	0.409963	750	-2.741654	-106.094247		
30	0.395478	750	-2.83819	-108.932437		
31	0.381305	750	-2.78829	-111.720727		
32	0.36744	750	-2.755435	-114.476163		
33	0.353883	750	-2.696937	-117.173099		
34	0.34063	750	-2.557862	-119.730961		
35	0.32768	750	-2.506051	-122.237012		
36	0.31503	750	-2.517011	-124.754024		
37	0.302677	750	-2.432499	-127.186523		
38	0.290619	750	-2.335218	-129.521741		
39	0.278855	750	-2.331075	-131.852816		
40	0.267381	750	-2.283597	-134.136414		
41	0.256195	750	-2.247999	-136.384412		
42	0.245294	750	-2.181741	-138.566153		
43	0.234677	750	-2.130914	-140.697067		
44	0.22434	750	-2.072137	-142.769204		
45	0.214281	750	-2.001213	-144.770417		
46	0.204498	750	-1.969769	-146.740187		
47	0.194988	750	-1.892783	-148.632969		
48	0.185749	750	-1.850901	-150.48387		
49	0.176777	750	-1.796602	-152.280472		
50	0.16807	750	-1.764055	-154.044527		
51	0.159626	750	-1.669657	-155.714184		
52	0.151441	750	-1.671775	-157.385959		
53	0.143514	750	-1.590479	-158.976438		
54	0.135841	750	-1.568776	-160.545214		
55	0.12842	750	-1.530674	-162.075888		
56	0.121247	750	-1.46403	-163.539918		
57	0.11432	750	-1.434601	-164.974519		
58	0.107637	750	-1.366898	-166.341417		
59	0.101193	750	-1.323313	-167.66473		
60	0.094986	750	-1.291111	-168.955841		
61	0.089014	750	-1.236856	-170.192696		
62	0.083273	750	-1.21174	-171.404436		
63	0.07776	750	-1.17366	-172.578096		
64	0.072472	750	-1.102483	-173.680579		
65	0.067406	750	-1.079753	-174.760332		
66	0.062558	750	-1.031042	-175.791374		
67	0.057926	750	-0.996308	-176.787682		
68	0.053506	750	-0.95542	-177.743102		
69	0.049295	750	-0.9144	-178.657502		
70	0.045289	750	-0.861964	-179.519466		
71	0.041485	750	-0.83592	-180.355386		
72	0.03788	750	-0.800341	-181.155727		
73	0.034469	750	-0.823514	-181.979241		
74	0.03125	750	-0.709596	-182.688837		
75	0.028218	750	-0.685014	-183.373851		
76	0.02537	750	-0.647664	-184.021515		
77	0.022702	750	-0.625497	-184.647013		
78	0.020209	750	-0.60681	-185.253822		
79	0.017889	750	-0.544446	-185.798268		
80	0.015736	750	-0.527602	-186.32587		
81	0.013746	750	-0.50704	-186.83291		
82	0.011916	750	-0.458931	-187.291841		
83	0.01024	750	-0.428167	-187.720008		
84	0.008714	750	-0.38416	-188.104168		
85	0.007334	750	-0.351747	-188.455915		
86	0.006093	750	-0.324549	-188.780465		
87	0.004988	750	-0.310281	-189.090746		
88	0.004013	750	-0.2556	-189.346345		
89	0.003162	750	-0.222539	-189.568884		
90	0.00243	750	-0.213442	-189.782327		
91	0.00181	750	-0.169894	-189.952221		
92	0.001296	750	-0.150935	-190.103156		
93	0.000882	750	-0.121732	-190.224888		
94	0.000559	750	-0.099225	-190.324113		
95	0.00032	750	-0.064501	-190.388614		
96	0.000156	750	-0.043891	-190.432505		
97	0.000057	750	-0.026577	-190.459082		
98	0.00001	750	-0.013338	-190.472421		
99	0	750	-0.002989	-190.475409		
Log marginal likelihood:	-190.475409					
0	0.975187	750	-4.416481	-4.416481		
1	0.950747	750	-4.360596	-8.777076		
2	0.926679	750	-4.353662	-13.130739		
3	0.90298	750	-4.253837	-17.384575		
4	0.879648	750	-4.161521	-21.546096		
5	0.856682	750	-4.153055	-25.699151		
6	0.834079	750	-4.012597	-29.711748		
7	0.811838	750	-3.972114	-33.683862		
8	0.789957	750	-3.911367	-37.59523		
9	0.768433	750	-3.860097	-41.455327		
10	0.747266	750	-3.773168	-45.228495		
11	0.726452	750	-3.766187	-48.994682		
12	0.705989	750	-3.663558	-52.65824		
13	0.685877	750	-3.618749	-56.27699		
14	0.666112	750	-3.545704	-59.822694		
15	0.646693	750	-3.499568	-63.322262		
16	0.627618	750	-3.496141	-66.818403		
17	0.608884	750	-3.420194	-70.238597		
18	0.59049	750	-3.328557	-73.567154		
19	0.572433	750	-3.264059	-76.831213		
20	0.554712	750	-3.227423	-80.058636		
21	0.537324	750	-3.16644	-83.225076		
22	0.520268	750	-3.157686	-86.382762		
23	0.50354	750	-3.063999	-89.446761		
24	0.487139	750	-3.050743	-92.497505		
25	0.471063	750	-2.962595	-95.460099		
26	0.45531	750	-2.903726	-98.363826		
27	0.439877	750	-2.892675	-101.2565		
28	0.424762	750	-2.843905	-104.100405		
29	0.409963	750	-2.73486	-106.835265		
30	0.395478	750	-2.743624	-109.578889		
31	0.381305	750	-2.637156	-112.216045		
32	0.36744	750	-2.614171	-114.830215		
33	0.353883	750	-2.653443	-117.483659		
34	0.34063	750	-2.520549	-120.004208		
35	0.32768	750	-2.435692	-122.4399		
36	0.31503	750	-2.514346	-124.954246		
37	0.302677	750	-2.300604	-127.25485		
38	0.290619	750	-2.34461	-129.599461		
39	0.278855	750	-2.258911	-131.858371		
40	0.267381	750	-2.309545	-134.167917		
41	0.256195	750	-2.247704	-136.41562		
42	0.245294	750	-2.127223	-138.542843		
43	0.234677	750	-2.080387	-140.62323		
44	0.22434	750	-2.045838	-142.669068		
45	0.214281	750	-2.011286	-144.680354		
46	0.204498	750	-1.973877	-146.654231		
47	0.194988	750	-1.911424	-148.565655		
48	0.185749	750	-1.865645	-150.4313		
49	0.176777	750	-1.768707	-152.200007		
50	0.16807	750	-1.744917	-153.944925		
51	0.159626	750	-1.741575	-155.6865		
52	0.151441	750	-1.63404	-157.32054		
53	0.143514	750	-1.604788	-158.925328		
54	0.135841	750	-1.555924	-160.481252		
55	0.12842	750	-1.510169	-161.991421		
56	0.121247	750	-1.499242	-163.490663		
57	0.11432	750	-1.426033	-164.916696		
58	0.107637	750	-1.388625	-166.305321		
59	0.101193	750	-1.325333	-167.630655		
60	0.094986	750	-1.31581	-168.946465		
61	0.089014	750	-1.246291	-170.192756		
62	0.083273	750	-1.203149	-171.395905		
63	0.07776	750	-1.174974	-172.570879		
64	0.072472	750	-1.13654	-173.707419		
65	0.067406	750	-1.074817	-174.782236		
66	0.062558	750	-1.042745	-175.824981		
67	0.057926	750	-0.982197	-176.807179		
68	0.053506	750	-0.946506	-177.753685		
69	0.049295	750	-0.914203	-178.667888		
70	0.045289	750	-0.896575	-179.564463		
71	0.041485	750	-0.84	-180.404463		
72	0.03788	750	-0.817142	-181.221605		
73	0.034469	750	-0.761132	-181.982737		
74	0.03125	750	-0.749093	-182.73183		
75	0.028218	750	-0.674575	-183.406405		
76	0.02537	750	-0.652035	-184.058439		
77	0.022702	750	-0.632926	-184.691365		
78	0.020209	750	-0.596293	-185.287659		
79	0.017889	750	-0.550483	-185.838142		
80	0.015736	750	-0.52521	-186.363353		
81	0.013746	750	-0.481337	-186.844689		
82	0.011916	750	-0.450859	-187.295549		
83	0.01024	750	-0.396212	-187.69176		
84	0.008714	750	-0.409562	-188.101322		
85	0.007334	750	-0.342588	-188.44391		
86	0.006093	750	-0.347628	-188.791538		
87	0.004988	750	-0.28471	-189.076249		
88	0.004013	750	-0.279258	-189.355507		
89	0.003162	750	-0.219931	-189.575438		
90	0.00243	750	-0.210748	-189.786185		
91	0.00181	750	-0.181297	-189.967482		
92	0.001296	750	-0.140779	-190.108262		
93	0.000882	750	-0.119213	-190.227475		
94	0.000559	750	-0.084423	-190.311897		
95	0.00032	750	-0.060439	-190.372337		
96	0.000156	750	-0.042542	-190.414879		
97	0.000057	750	-0.029622	-190.444501		
98	0.00001	750	-0.013449	-190.45795		
99	0	750	-0.00299	-190.46094		
Log marginal likelihood:	-190.46094					
0	0.975187	750	-4.274336	-4.274336		
1	0.950747	750	-4.214052	-8.488387		
2	0.926679	750	-4.146522	-12.634909		
3	0.90298	750	-4.099461	-16.73437		
4	0.879648	750	-4.026542	-20.760913		
5	0.856682	750	-3.970103	-24.731015		
6	0.834079	750	-3.927991	-28.659006		
7	0.811838	750	-3.849727	-32.508733		
8	0.789957	750	-3.828573	-36.337306		
9	0.768433	750	-3.737889	-40.075196		
10	0.747266	750	-3.678124	-43.753319		
11	0.726452	750	-3.632602	-47.385922		
12	0.705989	750	-3.608582	-50.994503		
13	0.685877	750	-3.509548	-54.504051		
14	0.666112	750	-3.432798	-57.93685		
15	0.646693	750	-3.37938	-61.316229		
16	0.627618	750	-3.339149	-64.655378		
17	0.608884	750	-3.245022	-67.900401		
18	0.59049	750	-3.193414	-71.093814		
19	0.572433	750	-3.15259	-74.246405		
20	0.554712	750	-3.129729	-77.376134		
21	0.537324	750	-3.162097	-80.538231		
22	0.520268	750	-3.03531	-83.573541		
23	0.50354	750	-2.975087	-86.548627		
24	0.487139	750	-2.859799	-89.408426		
25	0.471063	750	-2.840161	-92.248587		
26	0.45531	750	-2.797657	-95.046245		
27	0.439877	750	-2.752441	-97.798686		
28	0.424762	750	-2.723183	-100.521869		
29	0.409963	750	-2.688898	-103.210767		
30	0.395478	750	-2.631206	-105.841973		
31	0.381305	750	-2.570603	-108.412576		
32	0.36744	750	-2.524741	-110.937316		
33	0.353883	750	-2.472163	-113.40948		
34	0.34063	750	-2.572024	-115.981504		
35	0.32768	750	-2.482949	-118.464453		
36	0.31503	750	-2.510784	-120.975237		
37	0.302677	750	-2.428509	-123.403746		
38	0.290619	750	-2.162978	-125.566724		
39	0.278855	750	-2.132602	-127.699326		
40	0.267381	750	-2.248671	-129.947997		
41	0.256195	750	-2.098733	-132.04673		
42	0.245294	750	-2.172929	-134.21966		
43	0.234677	750	-1.937571	-136.15723		
44	0.22434	750	-2.115424	-138.272654		
45	0.214281	750	-1.930086	-140.20274		
46	0.204498	750	-1.96371	-142.16645		
47	0.194988	750	-1.997144	-144.163594		
48	0.185749	750	-1.912582	-146.076175		
49	0.176777	750	-1.785541	-147.861716		
50	0.16807	750	-1.691673	-149.553389		
51	0.159626	750	-1.708153	-151.261542		
52	0.151441	750	-1.650015	-152.911558		
53	0.143514	750	-1.635145	-154.546703		
54	0.135841	750	-1.584999	-156.131702		
55	0.12842	750	-1.526361	-157.658063		
56	0.121247	750	-1.494849	-159.152912		
57	0.11432	750	-1.46279	-160.615702		
58	0.107637	750	-1.395456	-162.011158		
59	0.101193	750	-1.353603	-163.364762		
60	0.094986	750	-1.313021	-164.677783		
61	0.089014	750	-1.279971	-165.957754		
62	0.083273	750	-1.223607	-167.181361		
63	0.07776	750	-1.162696	-168.344057		
64	0.072472	750	-1.127277	-169.471334		
65	0.067406	750	-1.076545	-170.547879		
66	0.062558	750	-1.021063	-171.568942		
67	0.057926	750	-1.026954	-172.595896		
68	0.053506	750	-0.982171	-173.578067		
69	0.049295	750	-0.939591	-174.517658		
70	0.045289	750	-0.906912	-175.42457		
71	0.041485	750	-0.822254	-176.246823		
72	0.03788	750	-0.808463	-177.055287		
73	0.034469	750	-0.763245	-177.818532		
74	0.03125	750	-0.761996	-178.580528		
75	0.028218	750	-0.707896	-179.288424		
76	0.02537	750	-0.689271	-179.977695		
77	0.022702	750	-0.657122	-180.634817		
78	0.020209	750	-0.586765	-181.221582		
79	0.017889	750	-0.542982	-181.764564		
80	0.015736	750	-0.525553	-182.290117		
81	0.013746	750	-0.493566	-182.783683		
82	0.011916	750	-0.446452	-183.230134		
83	0.01024	750	-0.445585	-183.675719		
84	0.008714	750	-0.399426	-184.075145		
85	0.007334	750	-0.378735	-184.453879		
86	0.006093	750	-0.309798	-184.763678		
87	0.004988	750	-0.289964	-185.053642		
88	0.004013	750	-0.270481	-185.324123		
89	0.003162	750	-0.227017	-185.551141		
90	0.00243	750	-0.195053	-185.746194		
91	0.00181	750	-0.163373	-185.909567		
92	0.001296	750	-0.14217	-186.051737		
93	0.000882	750	-0.112268	-186.164006		
94	0.000559	750	-0.090419	-186.254425		
95	0.00032	750	-0.06855	-186.322975		
96	0.000156	750	-0.048921	-186.371896		
97	0.000057	750	-0.025997	-186.397893		
98	0.00001	750	-0.012613	-186.410506		
99	0	750	-0.002956	-186.413461		
Log marginal likelihood:	-186.413461					
0	0.975187	750	-4.293117	-4.293117		
1	0.950747	750	-4.253614	-8.546731		
2	0.926679	750	-4.153342	-12.700073		
3	0.90298	750	-4.085317	-16.78539		
4	0.879648	750	-4.058884	-20.844274		
5	0.856682	750	-3.993009	-24.837284		
6	0.834079	750	-3.910862	-28.748146		
7	0.811838	750	-3.874039	-32.622185		
8	0.789957	750	-3.780265	-36.40245		
9	0.768433	750	-3.739019	-40.141469		
10	0.747266	750	-3.710209	-43.851678		
11	0.726452	750	-3.664492	-47.516171		
12	0.705989	750	-3.6098	-51.125971		
13	0.685877	750	-3.51344	-54.63941		
14	0.666112	750	-3.474156	-58.113567		
15	0.646693	750	-3.413433	-61.527		
16	0.627618	750	-3.33836	-64.865359		
17	0.608884	750	-3.329146	-68.194505		
18	0.59049	750	-3.199989	-71.394494		
19	0.572433	750	-3.183213	-74.577708		
20	0.554712	750	-3.142908	-77.720616		
21	0.537324	750	-3.084035	-80.804651		
22	0.520268	750	-3.031371	-83.836022		
23	0.50354	750	-2.974136	-86.810157		
24	0.487139	750	-3.019669	-89.829826		
25	0.471063	750	-2.876496	-92.706323		
26	0.45531	750	-2.909008	-95.615331		
27	0.439877	750	-2.911503	-98.526834		
28	0.424762	750	-2.770284	-101.297118		
29	0.409963	750	-2.74668	-104.043798		
30	0.395478	750	-2.635705	-106.679503		
31	0.381305	750	-2.578151	-109.257654		
32	0.36744	750	-2.566301	-111.823955		
33	0.353883	750	-2.469525	-114.29348		
34	0.34063	750	-2.40399	-116.697471		
35	0.32768	750	-2.448832	-119.146302		
36	0.31503	750	-2.334132	-121.480435		
37	0.302677	750	-2.438181	-123.918616		
38	0.290619	750	-2.276625	-126.195241		
39	0.278855	750	-2.288225	-128.483465		
40	0.267381	750	-2.240001	-130.723467		
41	0.256195	750	-2.216194	-132.93966		
42	0.245294	750	-2.171763	-135.111424		
43	0.234677	750	-2.143138	-137.254562		
44	0.22434	750	-2.054062	-139.308624		
45	0.214281	750	-2.064768	-141.373392		
46	0.204498	750	-1.983976	-143.357368		
47	0.194988	750	-1.834026	-145.191394		
48	0.185749	750	-1.854596	-147.04599		
49	0.176777	750	-1.799604	-148.845594		
50	0.16807	750	-1.776178	-150.621772		
51	0.159626	750	-1.699904	-152.321676		
52	0.151441	750	-1.644642	-153.966318		
53	0.143514	750	-1.578518	-155.544836		
54	0.135841	750	-1.543234	-157.08807		
55	0.12842	750	-1.514044	-158.602113		
56	0.121247	750	-1.499857	-160.101971		
57	0.11432	750	-1.433245	-161.535215		
58	0.107637	750	-1.402664	-162.937879		
59	0.101193	750	-1.341297	-164.279176		
60	0.094986	750	-1.241505	-165.520681		
61	0.089014	750	-1.275986	-166.796668		
62	0.083273	750	-1.195918	-167.992586		
63	0.07776	750	-1.154186	-169.146772		
64	0.072472	750	-1.142538	-170.28931		
65	0.067406	750	-1.077241	-171.36655		
66	0.062558	750	-1.040348	-172.406898		
67	0.057926	750	-1.011798	-173.418696		
68	0.053506	750	-0.970324	-174.38902		
69	0.049295	750	-0.916424	-175.305444		
70	0.045289	750	-0.894874	-176.200318		
71	0.041485	750	-0.848075	-177.048393		
72	0.03788	750	-0.829176	-177.87757		
73	0.034469	750	-0.769409	-178.646978		
74	0.03125	750	-0.693029	-179.340007		
75	0.028218	750	-0.70451	-180.044517		
76	0.02537	750	-0.675419	-180.719936		
77	0.022702	750	-0.610201	-181.330137		
78	0.020209	750	-0.599368	-181.929506		
79	0.017889	750	-0.579875	-182.509381		
80	0.015736	750	-0.50404	-183.01342		
81	0.013746	750	-0.484796	-183.498217		
82	0.011916	750	-0.445255	-183.943472		
83	0.01024	750	-0.410899	-184.354372		
84	0.008714	750	-0.398678	-184.75305		
85	0.007334	750	-0.361865	-185.114914		
86	0.006093	750	-0.317132	-185.432046		
87	0.004988	750	-0.296429	-185.728475		
88	0.004013	750	-0.263183	-185.991658		
89	0.003162	750	-0.221238	-186.212896		
90	0.00243	750	-0.20306	-186.415955		
91	0.00181	750	-0.159562	-186.575518		
92	0.001296	750	-0.132964	-186.708482		
93	0.000882	750	-0.114734	-186.823215		
94	0.000559	750	-0.095433	-186.918649		
95	0.00032	750	-0.06591	-186.984559		
96	0.000156	750	-0.046337	-187.030896		
97	0.000057	750	-0.028929	-187.059825		
98	0.00001	750	-0.014954	-187.074779		
99	0	750	-0.002656	-187.077435		
Log marginal likelihood:	-187.077435					
0	0.975187	750	-4.226926	-4.226926		
1	0.950747	750	-4.182303	-8.409229		
2	0.926679	750	-4.167491	-12.57672		
3	0.90298	750	-4.09844	-16.675161		
4	0.879648	750	-4.050366	-20.725527		
5	0.856682	750	-3.910018	-24.635544		
6	0.834079	750	-3.920653	-28.556198		
7	0.811838	750	-3.811452	-32.367649		
8	0.789957	750	-3.772632	-36.140281		
9	0.768433	750	-3.724177	-39.864458		
10	0.747266	750	-3.619179	-43.483637		
11	0.726452	750	-3.579689	-47.063325		
12	0.705989	750	-3.574104	-50.637429		
13	0.685877	750	-3.486947	-54.124376		
14	0.666112	750	-3.428788	-57.553164		
15	0.646693	750	-3.387323	-60.940487		
16	0.627618	750	-3.361491	-64.301978		
17	0.608884	750	-3.284474	-67.586451		
18	0.59049	750	-3.170675	-70.757126		
19	0.572433	750	-3.144292	-73.901418		
20	0.554712	750	-3.116614	-77.018032		
21	0.537324	750	-3.042701	-80.060734		
22	0.520268	750	-3.031227	-83.091961		
23	0.50354	750	-3.000201	-86.092162		
24	0.487139	750	-2.89146	-88.983622		
25	0.471063	750	-2.856977	-91.840599		
26	0.45531	750	-2.800418	-94.641017		
27	0.439877	750	-2.709614	-97.350631		
28	0.424762	750	-2.721443	-100.072074		
29	0.409963	750	-2.636914	-102.708988		
30	0.395478	750	-2.629931	-105.338919		
31	0.381305	750	-2.546576	-107.885495		
32	0.36744	750	-2.531834	-110.417329		
33	0.353883	750	-2.524173	-112.941502		
34	0.34063	750	-2.437866	-115.379368		
35	0.32768	750	-2.403826	-117.783194		
36	0.31503	750	-2.344049	-120.127242		
37	0.302677	750	-2.33615	-122.463393		
38	0.290619	750	-2.27115	-124.734543		
39	0.278855	750	-2.25424	-126.988783		
40	0.267381	750	-2.110446	-129.099229		
41	0.256195	750	-2.045105	-131.144335		
42	0.245294	750	-2.135189	-133.279523		
43	0.234677	750	-2.078084	-135.357607		
44	0.22434	750	-2.018937	-137.376544		
45	0.214281	750	-2.029849	-139.406393		
46	0.204498	750	-1.94608	-141.352472		
47	0.194988	750	-1.811718	-143.164191		
48	0.185749	750	-1.795753	-144.959943		
49	0.176777	750	-1.727731	-146.687674		
50	0.16807	750	-1.768017	-148.455692		
51	0.159626	750	-1.701775	-150.157467		
52	0.151441	750	-1.640058	-151.797524		
53	0.143514	750	-1.591687	-153.389211		
54	0.135841	750	-1.564185	-154.953396		
55	0.12842	750	-1.468382	-156.421778		
56	0.121247	750	-1.426584	-157.848361		
57	0.11432	750	-1.401534	-159.249896		
58	0.107637	750	-1.384891	-160.634787		
59	0.101193	750	-1.321322	-161.956109		
60	0.094986	750	-1.252586	-163.208695		
61	0.089014	750	-1.235035	-164.44373		
62	0.083273	750	-1.199463	-165.643193		
63	0.07776	750	-1.150141	-166.793334		
64	0.072472	750	-1.097801	-167.891135		
65	0.067406	750	-1.092301	-168.983436		
66	0.062558	750	-1.022631	-170.006068		
67	0.057926	750	-0.964685	-170.970753		
68	0.053506	750	-0.925748	-171.896501		
69	0.049295	750	-0.94888	-172.845381		
70	0.045289	750	-0.866087	-173.711468		
71	0.041485	750	-0.835161	-174.546629		
72	0.03788	750	-0.811179	-175.357808		
73	0.034469	750	-0.74407	-176.101878		
74	0.03125	750	-0.730196	-176.832074		
75	0.028218	750	-0.665469	-177.497543		
76	0.02537	750	-0.67699	-178.174533		
77	0.022702	750	-0.632685	-178.807218		
78	0.020209	750	-0.582647	-179.389865		
79	0.017889	750	-0.551154	-179.941019		
80	0.015736	750	-0.51964	-180.460659		
81	0.013746	750	-0.483589	-180.944248		
82	0.011916	750	-0.459578	-181.403826		
83	0.01024	750	-0.399813	-181.803639		
84	0.008714	750	-0.390643	-182.194282		
85	0.007334	750	-0.342467	-182.536749		
86	0.006093	750	-0.308828	-182.845576		
87	0.004988	750	-0.282812	-183.128388		
88	0.004013	750	-0.262794	-183.391182		
89	0.003162	750	-0.247169	-183.638351		
90	0.00243	750	-0.20413	-183.842481		
91	0.00181	750	-0.163868	-184.006349		
92	0.001296	750	-0.143437	-184.149786		
93	0.000882	750	-0.117016	-184.266802		
94	0.000559	750	-0.08925	-184.356052		
95	0.00032	750	-0.0699	-184.425951		
96	0.000156	750	-0.044283	-184.470234		
97	0.000057	750	-0.028265	-184.498499		
98	0.00001	750	-0.013255	-184.511754		
99	0	750	-0.002825	-184.514579		
Log marginal likelihood:	-184.514579					
0	0.975187	750	-4.357858	-4.357858		
1	0.950747	750	-4.318683	-8.67654		
2	0.926679	750	-4.240844	-12.917384		
3	0.90298	750	-4.166609	-17.083994		
4	0.879648	750	-4.130638	-21.214631		
5	0.856682	750	-4.00254	-25.217172		
6	0.834079	750	-3.974094	-29.191266		
7	0.811838	750	-3.900014	-33.091279		
8	0.789957	750	-3.869706	-36.960985		
9	0.768433	750	-3.799108	-40.760093		
10	0.747266	750	-3.728438	-44.488531		
11	0.726452	750	-3.64536	-48.133891		
12	0.705989	750	-3.621049	-51.75494		
13	0.685877	750	-3.552784	-55.307724		
14	0.666112	750	-3.484055	-58.791779		
15	0.646693	750	-3.436562	-62.228342		
16	0.627618	750	-3.378118	-65.60646		
17	0.608884	750	-3.295904	-68.902364		
18	0.59049	750	-3.289687	-72.192051		
19	0.572433	750	-3.223357	-75.415408		
20	0.554712	750	-3.182911	-78.598319		
21	0.537324	750	-3.154993	-81.753312		
22	0.520268	750	-3.113595	-84.866907		
23	0.50354	750	-3.08806	-87.954967		
24	0.487139	750	-2.937554	-90.892521		
25	0.471063	750	-2.902295	-93.794815		
26	0.45531	750	-2.937865	-96.73268		
27	0.439877	750	-2.799242	-99.531921		
28	0.424762	750	-2.774354	-102.306276		
29	0.409963	750	-2.672413	-104.978688		
30	0.395478	750	-2.622057	-107.600745		
31	0.381305	750	-2.720433	-110.321179		
32	0.36744	750	-2.651289	-112.972468		
33	0.353883	750	-2.533858	-115.506326		
34	0.34063	750	-2.546259	-118.052586		
35	0.32768	750	-2.563747	-120.616332		
36	0.31503	750	-2.438168	-123.0545		
37	0.302677	750	-2.449234	-125.503734		
38	0.290619	750	-2.3955	-127.899234		
39	0.278855	750	-2.23927	-130.138504		
40	0.267381	750	-2.22595	-132.364454		
41	0.256195	750	-2.125928	-134.490382		
42	0.245294	750	-2.20056	-136.690942		
43	0.234677	750	-2.137176	-138.828118		
44	0.22434	750	-2.110293	-140.938411		
45	0.214281	750	-2.030456	-142.968867		
46	0.204498	750	-1.961904	-144.930771		
47	0.194988	750	-1.886279	-146.817049		
48	0.185749	750	-1.88454	-148.701589		
49	0.176777	750	-1.813437	-150.515026		
50	0.16807	750	-1.768083	-152.283109		
51	0.159626	750	-1.721896	-154.005005		
52	0.151441	750	-1.651569	-155.656574		
53	0.143514	750	-1.628983	-157.285557		
54	0.135841	750	-1.594349	-158.879906		
55	0.12842	750	-1.500116	-160.380021		
56	0.121247	750	-1.473239	-161.85326		
57	0.11432	750	-1.435736	-163.288996		
58	0.107637	750	-1.399274	-164.68827		
59	0.101193	750	-1.356597	-166.044866		
60	0.094986	750	-1.315318	-167.360185		
61	0.089014	750	-1.229809	-168.589993		
62	0.083273	750	-1.209328	-169.799321		
63	0.07776	750	-1.171941	-170.971262		
64	0.072472	750	-1.140051	-172.111313		
65	0.067406	750	-1.084559	-173.195872		
66	0.062558	750	-1.054999	-174.250871		
67	0.057926	750	-1.021435	-175.272306		
68	0.053506	750	-0.941417	-176.213722		
69	0.049295	750	-0.919198	-177.13292		
70	0.045289	750	-0.884596	-178.017516		
71	0.041485	750	-0.825321	-178.842837		
72	0.03788	750	-0.797243	-179.640079		
73	0.034469	750	-0.769546	-180.409626		
74	0.03125	750	-0.735284	-181.144909		
75	0.028218	750	-0.666334	-181.811243		
76	0.02537	750	-0.671675	-182.482918		
77	0.022702	750	-0.637964	-183.120882		
78	0.020209	750	-0.594871	-183.715754		
79	0.017889	750	-0.5617	-184.277453		
80	0.015736	750	-0.510791	-184.788245		
81	0.013746	750	-0.504996	-185.29324		
82	0.011916	750	-0.450498	-185.743738		
83	0.01024	750	-0.484911	-186.228649		
84	0.008714	750	-0.386304	-186.614953		
85	0.007334	750	-0.347776	-186.96273		
86	0.006093	750	-0.324033	-187.286762		
87	0.004988	750	-0.284957	-187.57172		
88	0.004013	750	-0.256831	-187.828551		
89	0.003162	750	-0.248311	-188.076862		
90	0.00243	750	-0.208749	-188.285611		
91	0.00181	750	-0.17293	-188.458541		
92	0.001296	750	-0.140697	-188.599237		
93	0.000882	750	-0.127105	-188.726342		
94	0.000559	750	-0.087821	-188.814164		
95	0.00032	750	-0.07093	-188.885093		
96	0.000156	750	-0.048447	-188.933541		
97	0.000057	750	-0.029342	-188.962882		
98	0.00001	750	-0.013524	-188.976407		
99	0	750	-0.002718	-188.979124		
Log marginal likelihood:	-188.979124					
0	0.975187	750	-4.0658	-4.0658		
1	0.950747	750	-3.975273	-8.041073		
2	0.926679	750	-3.949861	-11.990934		
3	0.90298	750	-3.863698	-15.854632		
4	0.879648	750	-3.816605	-19.671237		
5	0.856682	750	-3.772805	-23.444042		
6	0.834079	750	-3.729873	-27.173915		
7	0.811838	750	-3.672978	-30.846893		
8	0.789957	750	-3.609344	-34.456237		
9	0.768433	750	-3.561663	-38.0179		
10	0.747266	750	-3.513271	-41.531171		
11	0.726452	750	-3.421193	-44.952364		
12	0.705989	750	-3.393264	-48.345628		
13	0.685877	750	-3.356088	-51.701716		
14	0.666112	750	-3.305678	-55.007394		
15	0.646693	750	-3.253593	-58.260987		
16	0.627618	750	-3.210193	-61.47118		
17	0.608884	750	-3.113043	-64.584223		
18	0.59049	750	-3.138819	-67.723042		
19	0.572433	750	-3.09821	-70.821252		
20	0.554712	750	-3.012778	-73.83403		
21	0.537324	750	-2.920408	-76.754438		
22	0.520268	750	-2.910619	-79.665057		
23	0.50354	750	-2.8843	-82.549357		
24	0.487139	750	-2.783242	-85.332599		
25	0.471063	750	-2.795088	-88.127687		
26	0.45531	750	-2.772338	-90.900025		
27	0.439877	750	-2.720849	-93.620874		
28	0.424762	750	-2.625304	-96.246178		
29	0.409963	750	-2.620061	-98.866239		
30	0.395478	750	-2.809502	-101.675741		
31	0.381305	750	-2.536526	-104.212267		
32	0.36744	750	-2.540805	-106.753072		
33	0.353883	750	-2.487273	-109.240345		
34	0.34063	750	-2.494715	-111.73506		
35	0.32768	750	-2.369367	-114.104427		
36	0.31503	750	-2.293578	-116.398005		
37	0.302677	750	-2.34064	-118.738644		
38	0.290619	750	-2.1652	-120.903845		
39	0.278855	750	-2.160443	-123.064288		
40	0.267381	750	-2.022202	-125.08649		
41	0.256195	750	-2.153231	-127.23972		
42	0.245294	750	-1.976174	-129.215894		
43	0.234677	750	-1.959263	-131.175157		
44	0.22434	750	-1.954652	-133.129809		
45	0.214281	750	-1.945947	-135.075756		
46	0.204498	750	-1.939062	-137.014818		
47	0.194988	750	-1.833155	-138.847973		
48	0.185749	750	-1.831784	-140.679757		
49	0.176777	750	-1.762603	-142.44236		
50	0.16807	750	-1.68983	-144.13219		
51	0.159626	750	-1.643614	-145.775803		
52	0.151441	750	-1.631556	-147.407359		
53	0.143514	750	-1.579176	-148.986535		
54	0.135841	750	-1.523059	-150.509595		
55	0.12842	750	-1.50383	-152.013425		
56	0.121247	750	-1.456643	-153.470068		
57	0.11432	750	-1.39952	-154.869588		
58	0.107637	750	-1.370189	-156.239777		
59	0.101193	750	-1.297862	-157.537639		
60	0.094986	750	-1.21623	-158.753869		
61	0.089014	750	-1.229466	-159.983334		
62	0.083273	750	-1.185915	-161.169249		
63	0.07776	750	-1.13362	-162.302869		
64	0.072472	750	-1.100365	-163.403235		
65	0.067406	750	-1.051293	-164.454527		
66	0.062558	750	-1.021191	-165.475718		
67	0.057926	750	-0.976347	-166.452064		
68	0.053506	750	-0.945202	-167.397266		
69	0.049295	750	-0.886679	-168.283945		
70	0.045289	750	-0.870617	-169.154561		
71	0.041485	750	-0.816022	-169.970583		
72	0.03788	750	-0.773733	-170.744316		
73	0.034469	750	-0.750416	-171.494731		
74	0.03125	750	-0.711595	-172.206327		
75	0.028218	750	-0.692924	-172.899251		
76	0.02537	750	-0.644632	-173.543882		
77	0.022702	750	-0.640103	-174.183985		
78	0.020209	750	-0.582408	-174.766393		
79	0.017889	750	-0.548206	-175.314599		
80	0.015736	750	-0.500208	-175.814807		
81	0.013746	750	-0.543188	-176.357995		
82	0.011916	750	-0.465163	-176.823158		
83	0.01024	750	-0.38671	-177.209868		
84	0.008714	750	-0.401636	-177.611503		
85	0.007334	750	-0.36886	-177.980364		
86	0.006093	750	-0.305074	-178.285438		
87	0.004988	750	-0.278667	-178.564106		
88	0.004013	750	-0.281542	-178.845647		
89	0.003162	750	-0.216526	-179.062174		
90	0.00243	750	-0.202121	-179.264295		
91	0.00181	750	-0.162659	-179.426954		
92	0.001296	750	-0.131172	-179.558126		
93	0.000882	750	-0.122497	-179.680623		
94	0.000559	750	-0.096285	-179.776908		
95	0.00032	750	-0.065081	-179.841989		
96	0.000156	750	-0.043719	-179.885708		
97	0.000057	750	-0.028339	-179.914046		
98	0.00001	750	-0.012715	-179.926761		
99	0	750	-0.002849	-179.92961		
Log marginal likelihood:	-179.92961					
0	0.975187	750	-4.264805	-4.264805		
1	0.950747	750	-4.157606	-8.422411		
2	0.926679	750	-4.136781	-12.559192		
3	0.90298	750	-4.057621	-16.616813		
4	0.879648	750	-4.019299	-20.636112		
5	0.856682	750	-3.951938	-24.58805		
6	0.834079	750	-3.867834	-28.455884		
7	0.811838	750	-3.957494	-32.413378		
8	0.789957	750	-3.742264	-36.155642		
9	0.768433	750	-3.705373	-39.861015		
10	0.747266	750	-3.647899	-43.508913		
11	0.726452	750	-3.613955	-47.122869		
12	0.705989	750	-3.5617	-50.684569		
13	0.685877	750	-3.596396	-54.280965		
14	0.666112	750	-3.427411	-57.708375		
15	0.646693	750	-3.380618	-61.088993		
16	0.627618	750	-3.345351	-64.434344		
17	0.608884	750	-3.391136	-67.825481		
18	0.59049	750	-3.194274	-71.019755		
19	0.572433	750	-3.225783	-74.245538		
20	0.554712	750	-3.190358	-77.435897		
21	0.537324	750	-3.08172	-80.517617		
22	0.520268	750	-3.119356	-83.636972		
23	0.50354	750	-2.915059	-86.552031		
24	0.487139	750	-3.048668	-89.600699		
25	0.471063	750	-3.086008	-92.686707		
26	0.45531	750	-2.7962	-95.482907		
27	0.439877	750	-2.789181	-98.272088		
28	0.424762	750	-2.819918	-101.092005		
29	0.409963	750	-2.731435	-103.823441		
30	0.395478	750	-2.662656	-106.486096		
31	0.381305	750	-2.758822	-109.244919		
32	0.36744	750	-2.742316	-111.987235		
33	0.353883	750	-2.636632	-114.623867		
34	0.34063	750	-2.602598	-117.226466		
35	0.32768	750	-2.503751	-119.730217		
36	0.31503	750	-2.45843	-122.188647		
37	0.302677	750	-2.373758	-124.562405		
38	0.290619	750	-2.337656	-126.900061		
39	0.278855	750	-2.314924	-129.214985		
40	0.267381	750	-2.261379	-131.476365		
41	0.256195	750	-2.181181	-133.657545		
42	0.245294	750	-2.208415	-135.86596		
43	0.234677	750	-2.09466	-137.96062		
44	0.22434	750	-2.030503	-139.991123		
45	0.214281	750	-1.992816	-141.983939		
46	0.204498	750	-1.95823	-143.942169		
47	0.194988	750	-1.895278	-145.837446		
48	0.185749	750	-1.837638	-147.675084		
49	0.176777	750	-1.811071	-149.486155		
50	0.16807	750	-1.760903	-151.247058		
51	0.159626	750	-1.723897	-152.970955		
52	0.151441	750	-1.658545	-154.6295		
53	0.143514	750	-1.631035	-156.260534		
54	0.135841	750	-1.551571	-157.812105		
55	0.12842	750	-1.502245	-159.314351		
56	0.121247	750	-1.476608	-160.790959		
57	0.11432	750	-1.430348	-162.221307		
58	0.107637	750	-1.39992	-163.621227		
59	0.101193	750	-1.343292	-164.96452		
60	0.094986	750	-1.31124	-166.27576		
61	0.089014	750	-1.255696	-167.531456		
62	0.083273	750	-1.209767	-168.741222		
63	0.07776	750	-1.170021	-169.911243		
64	0.072472	750	-1.139848	-171.051091		
65	0.067406	750	-1.082048	-172.133139		
66	0.062558	750	-1.033323	-173.166462		
67	0.057926	750	-1.009841	-174.176303		
68	0.053506	750	-0.955049	-175.131352		
69	0.049295	750	-0.949791	-176.081143		
70	0.045289	750	-0.859697	-176.94084		
71	0.041485	750	-0.856743	-177.797583		
72	0.03788	750	-0.787382	-178.584965		
73	0.034469	750	-0.750819	-179.335784		
74	0.03125	750	-0.743337	-180.079121		
75	0.028218	750	-0.68777	-180.766891		
76	0.02537	750	-0.673443	-181.440334		
77	0.022702	750	-0.611804	-182.052138		
78	0.020209	750	-0.602729	-182.654866		
79	0.017889	750	-0.563213	-183.21808		
80	0.015736	750	-0.507435	-183.725515		
81	0.013746	750	-0.478625	-184.20414		
82	0.011916	750	-0.469005	-184.673145		
83	0.01024	750	-0.400399	-185.073543		
84	0.008714	750	-0.385499	-185.459042		
85	0.007334	750	-0.349536	-185.808579		
86	0.006093	750	-0.294839	-186.103418		
87	0.004988	750	-0.30102	-186.404438		
88	0.004013	750	-0.295327	-186.699765		
89	0.003162	750	-0.242787	-186.942552		
90	0.00243	750	-0.192635	-187.135187		
91	0.00181	750	-0.171937	-187.307124		
92	0.001296	750	-0.135438	-187.442562		
93	0.000882	750	-0.127122	-187.569684		
94	0.000559	750	-0.095249	-187.664933		
95	0.00032	750	-0.065768	-187.730701		
96	0.000156	750	-0.043557	-187.774258		
97	0.000057	750	-0.026896	-187.801154		
98	0.00001	750	-0.013206	-187.814361		
99	0	750	-0.002826	-187.817187		
Log marginal likelihood:	-187.817187					
0	0.975187	750	-4.16882	-4.16882		
1	0.950747	750	-4.139357	-8.308177		
2	0.926679	750	-4.06051	-12.368687		
3	0.90298	750	-4.015088	-16.383776		
4	0.879648	750	-3.947422	-20.331198		
5	0.856682	750	-3.880757	-24.211955		
6	0.834079	750	-3.924837	-28.136792		
7	0.811838	750	-3.765004	-31.901796		
8	0.789957	750	-3.679182	-35.580978		
9	0.768433	750	-3.679992	-39.26097		
10	0.747266	750	-3.594151	-42.855121		
11	0.726452	750	-3.557653	-46.412773		
12	0.705989	750	-3.469405	-49.882178		
13	0.685877	750	-3.49466	-53.376838		
14	0.666112	750	-3.384836	-56.761673		
15	0.646693	750	-3.359237	-60.12091		
16	0.627618	750	-3.310254	-63.431165		
17	0.608884	750	-3.278178	-66.709343		
18	0.59049	750	-3.230653	-69.939995		
19	0.572433	750	-3.214411	-73.154406		
20	0.554712	750	-3.090645	-76.245051		
21	0.537324	750	-3.004819	-79.24987		
22	0.520268	750	-3.003999	-82.253869		
23	0.50354	750	-2.930651	-85.18452		
24	0.487139	750	-2.877208	-88.061727		
25	0.471063	750	-2.83335	-90.895077		
26	0.45531	750	-2.883285	-93.778363		
27	0.439877	750	-2.73101	-96.509373		
28	0.424762	750	-2.809155	-99.318528		
29	0.409963	750	-2.625511	-101.944039		
30	0.395478	750	-2.608312	-104.552351		
31	0.381305	750	-2.53731	-107.089661		
32	0.36744	750	-2.464503	-109.554164		
33	0.353883	750	-2.50834	-112.062504		
34	0.34063	750	-2.386023	-114.448527		
35	0.32768	750	-2.469671	-116.918199		
36	0.31503	750	-2.352318	-119.270516		
37	0.302677	750	-2.333803	-121.60432		
38	0.290619	750	-2.218214	-123.822533		
39	0.278855	750	-2.145638	-125.968171		
40	0.267381	750	-2.157244	-128.125415		
41	0.256195	750	-2.135085	-130.2605		
42	0.245294	750	-2.121049	-132.381549		
43	0.234677	750	-2.046681	-134.428231		
44	0.22434	750	-1.998156	-136.426387		
45	0.214281	750	-1.980717	-138.407104		
46	0.204498	750	-1.787955	-140.195059		
47	0.194988	750	-1.914	-142.109059		
48	0.185749	750	-1.831295	-143.940354		
49	0.176777	750	-1.839319	-145.779673		
50	0.16807	750	-1.751486	-147.531159		
51	0.159626	750	-1.651702	-149.182861		
52	0.151441	750	-1.684908	-150.867769		
53	0.143514	750	-1.599884	-152.467653		
54	0.135841	750	-1.571417	-154.039071		
55	0.12842	750	-1.521223	-155.560294		
56	0.121247	750	-1.455476	-157.01577		
57	0.11432	750	-1.41327	-158.42904		
58	0.107637	750	-1.363149	-159.792189		
59	0.101193	750	-1.334626	-161.126815		
60	0.094986	750	-1.297738	-162.424554		
61	0.089014	750	-1.248787	-163.673341		
62	0.083273	750	-1.17835	-164.851691		
63	0.07776	750	-1.154777	-166.006467		
64	0.072472	750	-1.131382	-167.137849		
65	0.067406	750	-1.08217	-168.220019		
66	0.062558	750	-1.043578	-169.263597		
67	0.057926	750	-0.986024	-170.249621		
68	0.053506	750	-0.958166	-171.207787		
69	0.049295	750	-0.918653	-172.12644		
70	0.045289	750	-0.884021	-173.01046		
71	0.041485	750	-0.833106	-173.843566		
72	0.03788	750	-0.806584	-174.65015		
73	0.034469	750	-0.780052	-175.430203		
74	0.03125	750	-0.723742	-176.153945		
75	0.028218	750	-0.674461	-176.828406		
76	0.02537	750	-0.644359	-177.472765		
77	0.022702	750	-0.60377	-178.076535		
78	0.020209	750	-0.570984	-178.647519		
79	0.017889	750	-0.580688	-179.228207		
80	0.015736	750	-0.537007	-179.765214		
81	0.013746	750	-0.489683	-180.254896		
82	0.011916	750	-0.510338	-180.765235		
83	0.01024	750	-0.426722	-181.191957		
84	0.008714	750	-0.378833	-181.57079		
85	0.007334	750	-0.363087	-181.933877		
86	0.006093	750	-0.330495	-182.264372		
87	0.004988	750	-0.278074	-182.542446		
88	0.004013	750	-0.244666	-182.787112		
89	0.003162	750	-0.227277	-183.014389		
90	0.00243	750	-0.201178	-183.215566		
91	0.00181	750	-0.169007	-183.384574		
92	0.001296	750	-0.129677	-183.51425		
93	0.000882	750	-0.119858	-183.634109		
94	0.000559	750	-0.08622	-183.720329		
95	0.00032	750	-0.071565	-183.791893		
96	0.000156	750	-0.045642	-183.837536		
97	0.000057	750	-0.026958	-183.864493		
98	0.00001	750	-0.015046	-183.879539		
99	0	750	-0.002807	-183.882347		
Log marginal likelihood:	-183.882347					
0	0.975187	750	-4.353015	-4.353015		
1	0.950747	750	-4.340276	-8.693292		
2	0.926679	750	-4.26765	-12.960942		
3	0.90298	750	-4.158804	-17.119746		
4	0.879648	750	-4.138467	-21.258213		
5	0.856682	750	-4.070882	-25.329095		
6	0.834079	750	-3.996041	-29.325136		
7	0.811838	750	-3.939188	-33.264324		
8	0.789957	750	-3.879723	-37.144047		
9	0.768433	750	-3.825754	-40.969801		
10	0.747266	750	-3.741923	-44.711724		
11	0.726452	750	-3.701868	-48.413592		
12	0.705989	750	-3.638635	-52.052227		
13	0.685877	750	-3.606431	-55.658658		
14	0.666112	750	-3.545429	-59.204087		
15	0.646693	750	-3.50451	-62.708596		
16	0.627618	750	-3.427864	-66.13646		
17	0.608884	750	-3.315466	-69.451927		
18	0.59049	750	-3.283356	-72.735283		
19	0.572433	750	-3.378425	-76.113708		
20	0.554712	750	-3.178915	-79.292623		
21	0.537324	750	-3.137445	-82.430068		
22	0.520268	750	-3.134995	-85.565063		
23	0.50354	750	-3.059717	-88.62478		
24	0.487139	750	-3.050171	-91.674952		
25	0.471063	750	-3.099588	-94.77454		
26	0.45531	750	-2.934036	-97.708575		
27	0.439877	750	-2.853078	-100.561653		
28	0.424762	750	-2.803682	-103.365336		
29	0.409963	750	-2.727717	-106.093053		
30	0.395478	750	-2.680991	-108.774044		
31	0.381305	750	-2.61554	-111.389584		
32	0.36744	750	-2.571933	-113.961517		
33	0.353883	750	-2.5607	-116.522217		
34	0.34063	750	-2.47287	-118.995087		
35	0.32768	750	-2.460125	-121.455212		
36	0.31503	750	-2.477106	-123.932318		
37	0.302677	750	-2.435446	-126.367764		
38	0.290619	750	-2.358737	-128.726501		
39	0.278855	750	-2.227294	-130.953795		
40	0.267381	750	-2.2928	-133.246595		
41	0.256195	750	-2.190129	-135.436724		
42	0.245294	750	-2.17893	-137.615654		
43	0.234677	750	-2.103226	-139.71888		
44	0.22434	750	-2.050262	-141.769142		
45	0.214281	750	-2.026084	-143.795226		
46	0.204498	750	-1.991522	-145.786748		
47	0.194988	750	-1.928145	-147.714892		
48	0.185749	750	-1.867783	-149.582676		
49	0.176777	750	-1.800736	-151.383411		
50	0.16807	750	-1.782886	-153.166297		
51	0.159626	750	-1.690896	-154.857193		
52	0.151441	750	-1.661117	-156.51831		
53	0.143514	750	-1.607991	-158.126301		
54	0.135841	750	-1.56898	-159.695281		
55	0.12842	750	-1.532749	-161.22803		
56	0.121247	750	-1.490616	-162.718645		
57	0.11432	750	-1.43682	-164.155465		
58	0.107637	750	-1.401003	-165.556468		
59	0.101193	750	-1.350595	-166.907063		
60	0.094986	750	-1.305638	-168.212701		
61	0.089014	750	-1.248011	-169.460712		
62	0.083273	750	-1.20319	-170.663902		
63	0.07776	750	-1.170667	-171.834569		
64	0.072472	750	-1.123051	-172.95762		
65	0.067406	750	-1.086366	-174.043986		
66	0.062558	750	-1.04051	-175.084496		
67	0.057926	750	-1.012875	-176.097371		
68	0.053506	750	-0.960928	-177.058299		
69	0.049295	750	-0.917753	-177.976052		
70	0.045289	750	-0.901369	-178.877421		
71	0.041485	750	-0.838546	-179.715967		
72	0.03788	750	-0.785122	-180.501089		
73	0.034469	750	-0.765957	-181.267046		
74	0.03125	750	-0.723903	-181.990949		
75	0.028218	750	-0.692449	-182.683397		
76	0.02537	750	-0.662417	-183.345814		
77	0.022702	750	-0.621264	-183.967079		
78	0.020209	750	-0.587461	-184.55454		
79	0.017889	750	-0.557978	-185.112518		
80	0.015736	750	-0.526229	-185.638747		
81	0.013746	750	-0.510211	-186.148958		
82	0.011916	750	-0.484656	-186.633614		
83	0.01024	750	-0.424244	-187.057859		
84	0.008714	750	-0.380792	-187.43865		
85	0.007334	750	-0.378701	-187.817351		
86	0.006093	750	-0.325196	-188.142547		
87	0.004988	750	-0.287488	-188.430035		
88	0.004013	750	-0.266363	-188.696397		
89	0.003162	750	-0.216846	-188.913243		
90	0.00243	750	-0.190562	-189.103806		
91	0.00181	750	-0.157252	-189.261058		
92	0.001296	750	-0.14458	-189.405638		
93	0.000882	750	-0.114803	-189.520441		
94	0.000559	750	-0.092844	-189.613285		
95	0.00032	750	-0.064028	-189.677313		
96	0.000156	750	-0.04622	-189.723533		
97	0.000057	750	-0.026575	-189.750107		
98	0.00001	750	-0.015766	-189.765873		
99	0	750	-0.002678	-189.768551		
Log marginal likelihood:	-189.768551					
0	0.975187	750	-4.820802	-4.820802		
1	0.950747	750	-4.797922	-9.618725		
2	0.926679	750	-4.763582	-14.382306		
3	0.90298	750	-4.639909	-19.022215		
4	0.879648	750	-4.5797	-23.601916		
5	0.856682	750	-4.512719	-28.114634		
6	0.834079	750	-4.516697	-32.631332		
7	0.811838	750	-4.34024	-36.971571		
8	0.789957	750	-4.252647	-41.224218		
9	0.768433	750	-4.285442	-45.509661		
10	0.747266	750	-4.302619	-49.812279		
11	0.726452	750	-4.28362	-54.095899		
12	0.705989	750	-4.065493	-58.161392		
13	0.685877	750	-3.954308	-62.1157		
14	0.666112	750	-3.914953	-66.030653		
15	0.646693	750	-3.817929	-69.848582		
16	0.627618	750	-3.842507	-73.691089		
17	0.608884	750	-3.829779	-77.520868		
18	0.59049	750	-3.770857	-81.291725		
19	0.572433	750	-3.73135	-85.023076		
20	0.554712	750	-3.670096	-88.693172		
21	0.537324	750	-3.521907	-92.215079		
22	0.520268	750	-3.531511	-95.746589		
23	0.50354	750	-3.455589	-99.202178		
24	0.487139	750	-3.370004	-102.572182		
25	0.471063	750	-3.323707	-105.89589		
26	0.45531	750	-3.245617	-109.141507		
27	0.439877	750	-3.195712	-112.337218		
28	0.424762	750	-3.062944	-115.400163		
29	0.409963	750	-3.057993	-118.458156		
30	0.395478	750	-3.002266	-121.460422		
31	0.381305	750	-2.933366	-124.393789		
32	0.36744	750	-2.85329	-127.247079		
33	0.353883	750	-2.833102	-130.080181		
34	0.34063	750	-2.721135	-132.801316		
35	0.32768	750	-2.656052	-135.457369		
36	0.31503	750	-2.618384	-138.075752		
37	0.302677	750	-2.574725	-140.650478		
38	0.290619	750	-2.489577	-143.140054		
39	0.278855	750	-2.451352	-145.591407		
40	0.267381	750	-2.410457	-148.001863		
41	0.256195	750	-2.333356	-150.33522		
42	0.245294	750	-2.270909	-152.606128		
43	0.234677	750	-2.214589	-154.820717		
44	0.22434	750	-2.174081	-156.994798		
45	0.214281	750	-2.113933	-159.108731		
46	0.204498	750	-2.058496	-161.167227		
47	0.194988	750	-2.00744	-163.174666		
48	0.185749	750	-1.953423	-165.128089		
49	0.176777	750	-1.887447	-167.015537		
50	0.16807	750	-1.836293	-168.85183		
51	0.159626	750	-1.784612	-170.636441		
52	0.151441	750	-1.737253	-172.373695		
53	0.143514	750	-1.693992	-174.067687		
54	0.135841	750	-1.646071	-175.713758		
55	0.12842	750	-1.594675	-177.308433		
56	0.121247	750	-1.540049	-178.848481		
57	0.11432	750	-1.496639	-180.34512		
58	0.107637	750	-1.436525	-181.781645		
59	0.101193	750	-1.384588	-183.166233		
60	0.094986	750	-1.356087	-184.52232		
61	0.089014	750	-1.301115	-185.823435		
62	0.083273	750	-1.245881	-187.069316		
63	0.07776	750	-1.1988	-188.268116		
64	0.072472	750	-1.157122	-189.425238		
65	0.067406	750	-1.113702	-190.53894		
66	0.062558	750	-1.061329	-191.60027		
67	0.057926	750	-1.048442	-192.648712		
68	0.053506	750	-1.010348	-193.65906		
69	0.049295	750	-0.933133	-194.592193		
70	0.045289	750	-0.920178	-195.51237		
71	0.041485	750	-0.874832	-196.387202		
72	0.03788	750	-0.835475	-197.222677		
73	0.034469	750	-0.779393	-198.00207		
74	0.03125	750	-0.754146	-198.756216		
75	0.028218	750	-0.708498	-199.464714		
76	0.02537	750	-0.674886	-200.1396		
77	0.022702	750	-0.640476	-200.780076		
78	0.020209	750	-0.597768	-201.377844		
79	0.017889	750	-0.592094	-201.969938		
80	0.015736	750	-0.528841	-202.498779		
81	0.013746	750	-0.53318	-203.03196		
82	0.011916	750	-0.503152	-203.535112		
83	0.01024	750	-0.436171	-203.971283		
84	0.008714	750	-0.407696	-204.378979		
85	0.007334	750	-0.347753	-204.726732		
86	0.006093	750	-0.347441	-205.074173		
87	0.004988	750	-0.310527	-205.3847		
88	0.004013	750	-0.251161	-205.635861		
89	0.003162	750	-0.24512	-205.880981		
90	0.00243	750	-0.205783	-206.086764		
91	0.00181	750	-0.166887	-206.253651		
92	0.001296	750	-0.145204	-206.398856		
93	0.000882	750	-0.113857	-206.512713		
94	0.000559	750	-0.087938	-206.60065		
95	0.00032	750	-0.064969	-206.665619		
96	0.000156	750	-0.042991	-206.70861		
97	0.000057	750	-0.027113	-206.735724		
98	0.00001	750	-0.012739	-206.748463		
99	0	750	-0.003073	-206.751536		
Log marginal likelihood:	-206.751536					
0	0.975187	750	-4.611166	-4.611166		
1	0.950747	750	-4.513397	-9.124562		
2	0.926679	750	-4.520851	-13.645413		
3	0.90298	750	-4.428829	-18.074242		
4	0.879648	750	-4.316029	-22.390271		
5	0.856682	750	-4.24451	-26.63478		
6	0.834079	750	-4.150959	-30.785739		
7	0.811838	750	-4.07128	-34.857019		
8	0.789957	750	-4.094291	-38.951311		
9	0.768433	750	-3.979573	-42.930883		
10	0.747266	750	-3.93456	-46.865443		
11	0.726452	750	-3.935911	-50.801354		
12	0.705989	750	-3.837233	-54.638587		
13	0.685877	750	-3.761822	-58.400409		
14	0.666112	750	-3.847792	-62.2482		
15	0.646693	750	-3.800199	-66.048399		
16	0.627618	750	-3.73825	-69.786649		
17	0.608884	750	-3.68449	-73.471139		
18	0.59049	750	-3.530755	-77.001894		
19	0.572433	750	-3.542112	-80.544006		
20	0.554712	750	-3.471622	-84.015629		
21	0.537324	750	-3.388498	-87.404127		
22	0.520268	750	-3.342362	-90.746489		
23	0.50354	750	-3.224926	-93.971415		
24	0.487139	750	-3.13802	-97.109434		
25	0.471063	750	-3.02752	-100.136954		
26	0.45531	750	-3.08598	-103.222934		
27	0.439877	750	-3.030345	-106.253279		
28	0.424762	750	-2.994534	-109.247813		
29	0.409963	750	-2.90926	-112.157073		
30	0.395478	750	-2.856325	-115.013398		
31	0.381305	750	-2.775184	-117.788582		
32	0.36744	750	-2.740553	-120.529135		
33	0.353883	750	-2.695467	-123.224602		
34	0.34063	750	-2.615531	-125.840132		
35	0.32768	750	-2.519348	-128.359481		
36	0.31503	750	-2.522415	-130.881895		
37	0.302677	750	-2.381019	-133.262914		
38	0.290619	750	-2.353876	-135.616791		
39	0.278855	750	-2.338508	-137.955299		
40	0.267381	750	-2.304077	-140.259376		
41	0.256195	750	-2.228233	-142.487609		
42	0.245294	750	-2.181615	-144.669224		
43	0.234677	750	-2.106373	-146.775598		
44	0.22434	750	-2.076512	-148.85211		
45	0.214281	750	-2.018728	-150.870837		
46	0.204498	750	-1.963138	-152.833976		
47	0.194988	750	-1.921825	-154.7558		
48	0.185749	750	-1.870029	-156.625829		
49	0.176777	750	-1.807461	-158.43329		
50	0.16807	750	-1.785926	-160.219216		
51	0.159626	750	-1.734815	-161.954031		
52	0.151441	750	-1.694082	-163.648113		
53	0.143514	750	-1.620465	-165.268578		
54	0.135841	750	-1.535702	-166.804279		
55	0.12842	750	-1.530786	-168.335065		
56	0.121247	750	-1.461043	-169.796108		
57	0.11432	750	-1.423804	-171.219912		
58	0.107637	750	-1.379554	-172.599466		
59	0.101193	750	-1.34229	-173.941756		
60	0.094986	750	-1.288634	-175.230391		
61	0.089014	750	-1.234333	-176.464724		
62	0.083273	750	-1.222704	-177.687429		
63	0.07776	750	-1.156312	-178.84374		
64	0.072472	750	-1.128577	-179.972318		
65	0.067406	750	-1.075741	-181.048058		
66	0.062558	750	-1.055968	-182.104027		
67	0.057926	750	-0.988541	-183.092568		
68	0.053506	750	-0.972732	-184.065301		
69	0.049295	750	-0.92028	-184.985581		
70	0.045289	750	-0.89819	-185.883771		
71	0.041485	750	-0.841935	-186.725706		
72	0.03788	750	-0.787356	-187.513062		
73	0.034469	750	-0.778266	-188.291328		
74	0.03125	750	-0.730098	-189.021426		
75	0.028218	750	-0.681876	-189.703302		
76	0.02537	750	-0.679044	-190.382345		
77	0.022702	750	-0.63987	-191.022216		
78	0.020209	750	-0.583671	-191.605886		
79	0.017889	750	-0.565257	-192.171144		
80	0.015736	750	-0.526687	-192.69783		
81	0.013746	750	-0.51202	-193.209851		
82	0.011916	750	-0.432748	-193.642598		
83	0.01024	750	-0.450209	-194.092808		
84	0.008714	750	-0.380521	-194.473329		
85	0.007334	750	-0.339096	-194.812425		
86	0.006093	750	-0.29691	-195.109334		
87	0.004988	750	-0.278849	-195.388183		
88	0.004013	750	-0.244311	-195.632494		
89	0.003162	750	-0.215259	-195.847753		
90	0.00243	750	-0.199476	-196.047229		
91	0.00181	750	-0.167235	-196.214464		
92	0.001296	750	-0.149817	-196.364281		
93	0.000882	750	-0.107625	-196.471906		
94	0.000559	750	-0.081789	-196.553695		
95	0.00032	750	-0.066803	-196.620498		
96	0.000156	750	-0.046432	-196.66693		
97	0.000057	750	-0.028427	-196.695356		
98	0.00001	750	-0.014975	-196.710331		
99	0	750	-0.002691	-196.713022		
Log marginal likelihood:	-196.713022					
0	0.975187	750	-4.373505	-4.373505		
1	0.950747	750	-4.292905	-8.666409		
2	0.926679	750	-4.267716	-12.934126		
3	0.90298	750	-4.173887	-17.108013		
4	0.879648	750	-4.153346	-21.261358		
5	0.856682	750	-4.070278	-25.331637		
6	0.834079	750	-3.999278	-29.330915		
7	0.811838	750	-3.937942	-33.268856		
8	0.789957	750	-3.921663	-37.19052		
9	0.768433	750	-3.836538	-41.027057		
10	0.747266	750	-3.756224	-44.783282		
11	0.726452	750	-3.692633	-48.475915		
12	0.705989	750	-3.687157	-52.163071		
13	0.685877	750	-3.597364	-55.760435		
14	0.666112	750	-3.564993	-59.325428		
15	0.646693	750	-3.4987	-62.824127		
16	0.627618	750	-3.542108	-66.366236		
17	0.608884	750	-3.376421	-69.742657		
18	0.59049	750	-3.322066	-73.064723		
19	0.572433	750	-3.241161	-76.305884		
20	0.554712	750	-3.22918	-79.535063		
21	0.537324	750	-3.123548	-82.658611		
22	0.520268	750	-3.163677	-85.822289		
23	0.50354	750	-3.010972	-88.833261		
24	0.487139	750	-2.986714	-91.819975		
25	0.471063	750	-3.142427	-94.962402		
26	0.45531	750	-2.977337	-97.939739		
27	0.439877	750	-2.951745	-100.891484		
28	0.424762	750	-2.868326	-103.75981		
29	0.409963	750	-2.88135	-106.641161		
30	0.395478	750	-2.704292	-109.345453		
31	0.381305	750	-2.652454	-111.997906		
32	0.36744	750	-2.688662	-114.686568		
33	0.353883	750	-2.636369	-117.322937		
34	0.34063	750	-2.450781	-119.773718		
35	0.32768	750	-2.50478	-122.278498		
36	0.31503	750	-2.482392	-124.76089		
37	0.302677	750	-2.362724	-127.123614		
38	0.290619	750	-2.343908	-129.467522		
39	0.278855	750	-2.348136	-131.815658		
40	0.267381	750	-2.238673	-134.05433		
41	0.256195	750	-2.140569	-136.194899		
42	0.245294	750	-2.126902	-138.321801		
43	0.234677	750	-2.096459	-140.41826		
44	0.22434	750	-2.064277	-142.482537		
45	0.214281	750	-1.993668	-144.476205		
46	0.204498	750	-1.938334	-146.414538		
47	0.194988	750	-1.876224	-148.290762		
48	0.185749	750	-1.844667	-150.135429		
49	0.176777	750	-1.80063	-151.936059		
50	0.16807	750	-1.753666	-153.689726		
51	0.159626	750	-1.689977	-155.379703		
52	0.151441	750	-1.657601	-157.037303		
53	0.143514	750	-1.589539	-158.626842		
54	0.135841	750	-1.567823	-160.194665		
55	0.12842	750	-1.493478	-161.688143		
56	0.121247	750	-1.455818	-163.143962		
57	0.11432	750	-1.417417	-164.561379		
58	0.107637	750	-1.376834	-165.938212		
59	0.101193	750	-1.299255	-167.237467		
60	0.094986	750	-1.288426	-168.525893		
61	0.089014	750	-1.2304	-169.756293		
62	0.083273	750	-1.18926	-170.945553		
63	0.07776	750	-1.170394	-172.115948		
64	0.072472	750	-1.137611	-173.253559		
65	0.067406	750	-1.08054	-174.334099		
66	0.062558	750	-1.01531	-175.349409		
67	0.057926	750	-0.987064	-176.336473		
68	0.053506	750	-0.940869	-177.277342		
69	0.049295	750	-0.912854	-178.190196		
70	0.045289	750	-0.869445	-179.059641		
71	0.041485	750	-0.840638	-179.900279		
72	0.03788	750	-0.822356	-180.722635		
73	0.034469	750	-0.745023	-181.467658		
74	0.03125	750	-0.738341	-182.205999		
75	0.028218	750	-0.711636	-182.917635		
76	0.02537	750	-0.643037	-183.560672		
77	0.022702	750	-0.607791	-184.168463		
78	0.020209	750	-0.581151	-184.749614		
79	0.017889	750	-0.609006	-185.35862		
80	0.015736	750	-0.529565	-185.888184		
81	0.013746	750	-0.507372	-186.395556		
82	0.011916	750	-0.455875	-186.851431		
83	0.01024	750	-0.424157	-187.275589		
84	0.008714	750	-0.412966	-187.688555		
85	0.007334	750	-0.340272	-188.028827		
86	0.006093	750	-0.309654	-188.338481		
87	0.004988	750	-0.280469	-188.61895		
88	0.004013	750	-0.252	-188.87095		
89	0.003162	750	-0.227991	-189.09894		
90	0.00243	750	-0.193071	-189.292011		
91	0.00181	750	-0.166778	-189.458789		
92	0.001296	750	-0.13996	-189.598749		
93	0.000882	750	-0.117043	-189.715792		
94	0.000559	750	-0.080203	-189.795995		
95	0.00032	750	-0.06473	-189.860725		
96	0.000156	750	-0.045314	-189.906039		
97	0.000057	750	-0.027811	-189.93385		
98	0.00001	750	-0.012997	-189.946847		
99	0	750	-0.002711	-189.949558		
Log marginal likelihood:	-189.949558					
0	0.975187	750	-4.797357	-4.797357		
1	0.950747	750	-4.682633	-9.479991		
2	0.926679	750	-4.647787	-14.127778		
3	0.90298	750	-4.685504	-18.813282		
4	0.879648	750	-4.501531	-23.314813		
5	0.856682	750	-4.515901	-27.830714		
6	0.834079	750	-4.483621	-32.314334		
7	0.811838	750	-4.415598	-36.729932		
8	0.789957	750	-4.307179	-41.037111		
9	0.768433	750	-4.191658	-45.228768		
10	0.747266	750	-4.216411	-49.445179		
11	0.726452	750	-4.136472	-53.581651		
12	0.705989	750	-4.053676	-57.635327		
13	0.685877	750	-3.979137	-61.614464		
14	0.666112	750	-3.936265	-65.550729		
15	0.646693	750	-3.858901	-69.40963		
16	0.627618	750	-3.778111	-73.18774		
17	0.608884	750	-3.714006	-76.901747		
18	0.59049	750	-3.646279	-80.548026		
19	0.572433	750	-3.599452	-84.147478		
20	0.554712	750	-3.546322	-87.693799		
21	0.537324	750	-3.481571	-91.17537		
22	0.520268	750	-3.378188	-94.553558		
23	0.50354	750	-3.313696	-97.867253		
24	0.487139	750	-3.219669	-101.086922		
25	0.471063	750	-3.229603	-104.316525		
26	0.45531	750	-3.125063	-107.441588		
27	0.439877	750	-3.098196	-110.539784		
28	0.424762	750	-3.031105	-113.570888		
29	0.409963	750	-2.973965	-116.544854		
30	0.395478	750	-2.923291	-119.468145		
31	0.381305	750	-2.85114	-122.319285		
32	0.36744	750	-2.797612	-125.116897		
33	0.353883	750	-2.71596	-127.832858		
34	0.34063	750	-2.673406	-130.506264		
35	0.32768	750	-2.59168	-133.097944		
36	0.31503	750	-2.537811	-135.635755		
37	0.302677	750	-2.511949	-138.147704		
38	0.290619	750	-2.422737	-140.570441		
39	0.278855	750	-2.383	-142.953441		
40	0.267381	750	-2.320367	-145.273808		
41	0.256195	750	-2.272528	-147.546336		
42	0.245294	750	-2.193539	-149.739875		
43	0.234677	750	-2.16653	-151.906405		
44	0.22434	750	-2.127147	-154.033553		
45	0.214281	750	-2.043989	-156.077542		
46	0.204498	750	-1.996015	-158.073556		
47	0.194988	750	-1.933653	-160.007209		
48	0.185749	750	-1.894738	-161.901947		
49	0.176777	750	-1.820193	-163.72214		
50	0.16807	750	-1.793358	-165.515497		
51	0.159626	750	-1.729095	-167.244592		
52	0.151441	750	-1.67931	-168.923902		
53	0.143514	750	-1.645853	-170.569755		
54	0.135841	750	-1.60066	-172.170415		
55	0.12842	750	-1.550366	-173.720781		
56	0.121247	750	-1.488568	-175.209349		
57	0.11432	750	-1.438118	-176.647467		
58	0.107637	750	-1.391836	-178.039302		
59	0.101193	750	-1.367633	-179.406935		
60	0.094986	750	-1.299659	-180.706595		
61	0.089014	750	-1.282234	-181.988828		
62	0.083273	750	-1.24013	-183.228958		
63	0.07776	750	-1.191577	-184.420535		
64	0.072472	750	-1.116895	-185.53743		
65	0.067406	750	-1.073605	-186.611035		
66	0.062558	750	-1.027322	-187.638357		
67	0.057926	750	-1.006166	-188.644523		
68	0.053506	750	-0.961532	-189.606055		
69	0.049295	750	-0.95138	-190.557435		
70	0.045289	750	-0.873417	-191.430852		
71	0.041485	750	-0.840422	-192.271274		
72	0.03788	750	-0.814937	-193.086211		
73	0.034469	750	-0.791588	-193.877799		
74	0.03125	750	-0.736963	-194.614762		
75	0.028218	750	-0.736087	-195.350849		
76	0.02537	750	-0.688343	-196.039191		
77	0.022702	750	-0.663418	-196.702609		
78	0.020209	750	-0.578987	-197.281596		
79	0.017889	750	-0.596437	-197.878033		
80	0.015736	750	-0.486388	-198.36442		
81	0.013746	750	-0.475853	-198.840273		
82	0.011916	750	-0.475302	-199.315575		
83	0.01024	750	-0.476556	-199.792131		
84	0.008714	750	-0.442382	-200.234513		
85	0.007334	750	-0.342577	-200.57709		
86	0.006093	750	-0.322204	-200.899294		
87	0.004988	750	-0.290815	-201.190109		
88	0.004013	750	-0.261531	-201.45164		
89	0.003162	750	-0.227584	-201.679224		
90	0.00243	750	-0.193285	-201.872509		
91	0.00181	750	-0.17556	-202.048069		
92	0.001296	750	-0.139648	-202.187717		
93	0.000882	750	-0.130317	-202.318034		
94	0.000559	750	-0.097742	-202.415776		
95	0.00032	750	-0.072969	-202.488745		
96	0.000156	750	-0.049333	-202.538078		
97	0.000057	750	-0.029809	-202.567887		
98	0.00001	750	-0.013568	-202.581455		
99	0	750	-0.002933	-202.584388		
Log marginal likelihood:	-202.584388					
0	0.975187	750	-4.55052	-4.55052		
1	0.950747	750	-4.463857	-9.014377		
2	0.926679	750	-4.395549	-13.409927		
3	0.90298	750	-4.363099	-17.773026		
4	0.879648	750	-4.205318	-21.978343		
5	0.856682	750	-4.243728	-26.222071		
6	0.834079	750	-4.0904	-30.312471		
7	0.811838	750	-4.04453	-34.357001		
8	0.789957	750	-4.057771	-38.414772		
9	0.768433	750	-4.085501	-42.500273		
10	0.747266	750	-3.829303	-46.329576		
11	0.726452	750	-3.802187	-50.131763		
12	0.705989	750	-3.775991	-53.907754		
13	0.685877	750	-3.831958	-57.739712		
14	0.666112	750	-3.630247	-61.369958		
15	0.646693	750	-3.542118	-64.912076		
16	0.627618	750	-3.5091	-68.421176		
17	0.608884	750	-3.422333	-71.843509		
18	0.59049	750	-3.462274	-75.305784		
19	0.572433	750	-3.316472	-78.622256		
20	0.554712	750	-3.287036	-81.909292		
21	0.537324	750	-3.280126	-85.189418		
22	0.520268	750	-3.159338	-88.348756		
23	0.50354	750	-3.111288	-91.460044		
24	0.487139	750	-3.015551	-94.475595		
25	0.471063	750	-2.975169	-97.450764		
26	0.45531	750	-3.069058	-100.519822		
27	0.439877	750	-2.981973	-103.501795		
28	0.424762	750	-2.904079	-106.405874		
29	0.409963	750	-2.840594	-109.246468		
30	0.395478	750	-2.720931	-111.9674		
31	0.381305	750	-2.756799	-114.724199		
32	0.36744	750	-2.756177	-117.480375		
33	0.353883	750	-2.650751	-120.131126		
34	0.34063	750	-2.610675	-122.741801		
35	0.32768	750	-2.558874	-125.300675		
36	0.31503	750	-2.4984	-127.799075		
37	0.302677	750	-2.427998	-130.227073		
38	0.290619	750	-2.377156	-132.604229		
39	0.278855	750	-2.317937	-134.922166		
40	0.267381	750	-2.224111	-137.146277		
41	0.256195	750	-2.219699	-139.365976		
42	0.245294	750	-2.184998	-141.550975		
43	0.234677	750	-2.123662	-143.674636		
44	0.22434	750	-2.046432	-145.721069		
45	0.214281	750	-2.011052	-147.73212		
46	0.204498	750	-1.966915	-149.699036		
47	0.194988	750	-1.916908	-151.615944		
48	0.185749	750	-1.856701	-153.472644		
49	0.176777	750	-1.752311	-155.224955		
50	0.16807	750	-1.775688	-157.000643		
51	0.159626	750	-1.708696	-158.709339		
52	0.151441	750	-1.662438	-160.371777		
53	0.143514	750	-1.619876	-161.991654		
54	0.135841	750	-1.550345	-163.541998		
55	0.12842	750	-1.511797	-165.053795		
56	0.121247	750	-1.489722	-166.543517		
57	0.11432	750	-1.4271	-167.970616		
58	0.107637	750	-1.385961	-169.356577		
59	0.101193	750	-1.315989	-170.672566		
60	0.094986	750	-1.308671	-171.981237		
61	0.089014	750	-1.252465	-173.233703		
62	0.083273	750	-1.191318	-174.425021		
63	0.07776	750	-1.145035	-175.570056		
64	0.072472	750	-1.119249	-176.689305		
65	0.067406	750	-1.084118	-177.773423		
66	0.062558	750	-1.020677	-178.7941		
67	0.057926	750	-0.983032	-179.777132		
68	0.053506	750	-0.948683	-180.725815		
69	0.049295	750	-0.916995	-181.64281		
70	0.045289	750	-0.859185	-182.501996		
71	0.041485	750	-0.831866	-183.333862		
72	0.03788	750	-0.790285	-184.124147		
73	0.034469	750	-0.761528	-184.885675		
74	0.03125	750	-0.714432	-185.600107		
75	0.028218	750	-0.700893	-186.301		
76	0.02537	750	-0.650403	-186.951404		
77	0.022702	750	-0.621136	-187.572539		
78	0.020209	750	-0.579985	-188.152524		
79	0.017889	750	-0.574609	-188.727133		
80	0.015736	750	-0.500759	-189.227892		
81	0.013746	750	-0.459497	-189.687389		
82	0.011916	750	-0.445073	-190.132462		
83	0.01024	750	-0.410395	-190.542858		
84	0.008714	750	-0.446611	-190.989469		
85	0.007334	750	-0.364786	-191.354255		
86	0.006093	750	-0.296396	-191.650651		
87	0.004988	750	-0.26999	-191.920642		
88	0.004013	750	-0.265448	-192.18609		
89	0.003162	750	-0.214168	-192.400258		
90	0.00243	750	-0.195762	-192.59602		
91	0.00181	750	-0.169324	-192.765344		
92	0.001296	750	-0.148491	-192.913835		
93	0.000882	750	-0.111217	-193.025052		
94	0.000559	750	-0.080977	-193.106029		
95	0.00032	750	-0.067984	-193.174014		
96	0.000156	750	-0.045469	-193.219482		
97	0.000057	750	-0.030294	-193.249777		
98	0.00001	750	-0.011971	-193.261747		
99	0	750	-0.002556	-193.264303		
Log marginal likelihood:	-193.264303					
0	0.975187	750	-4.320924	-4.320924		
1	0.950747	750	-4.272407	-8.59333		
2	0.926679	750	-4.176707	-12.770037		
3	0.90298	750	-4.148665	-16.918702		
4	0.879648	750	-4.080624	-20.999326		
5	0.856682	750	-3.990716	-24.990041		
6	0.834079	750	-3.946264	-28.936305		
7	0.811838	750	-3.909867	-32.846173		
8	0.789957	750	-3.857872	-36.704044		
9	0.768433	750	-3.770278	-40.474323		
10	0.747266	750	-3.69353	-44.167853		
11	0.726452	750	-3.64135	-47.809203		
12	0.705989	750	-3.658788	-51.46799		
13	0.685877	750	-3.501933	-54.969924		
14	0.666112	750	-3.514944	-58.484867		
15	0.646693	750	-3.445772	-61.93064		
16	0.627618	750	-3.393377	-65.324017		
17	0.608884	750	-3.307858	-68.631875		
18	0.59049	750	-3.305025	-71.9369		
19	0.572433	750	-3.33871	-75.27561		
20	0.554712	750	-3.17605	-78.45166		
21	0.537324	750	-3.075481	-81.527141		
22	0.520268	750	-3.161685	-84.688826		
23	0.50354	750	-3.044231	-87.733057		
24	0.487139	750	-3.076258	-90.809316		
25	0.471063	750	-2.896666	-93.705982		
26	0.45531	750	-2.825138	-96.53112		
27	0.439877	750	-2.825755	-99.356875		
28	0.424762	750	-2.764502	-102.121377		
29	0.409963	750	-2.721393	-104.84277		
30	0.395478	750	-2.702589	-107.545359		
31	0.381305	750	-2.790515	-110.335874		
32	0.36744	750	-2.592694	-112.928568		
33	0.353883	750	-2.590301	-115.51887		
34	0.34063	750	-2.486138	-118.005007		
35	0.32768	750	-2.445036	-120.450043		
36	0.31503	750	-2.351587	-122.80163		
37	0.302677	750	-2.386714	-125.188344		
38	0.290619	750	-2.369658	-127.558002		
39	0.278855	750	-2.241468	-129.79947		
40	0.267381	750	-2.251657	-132.051127		
41	0.256195	750	-2.134461	-134.185588		
42	0.245294	750	-2.177779	-136.363368		
43	0.234677	750	-2.026517	-138.389885		
44	0.22434	750	-2.040424	-140.430309		
45	0.214281	750	-2.003722	-142.434031		
46	0.204498	750	-1.903911	-144.337942		
47	0.194988	750	-1.861663	-146.199605		
48	0.185749	750	-1.844789	-148.044394		
49	0.176777	750	-1.791547	-149.835942		
50	0.16807	750	-1.723403	-151.559345		
51	0.159626	750	-1.699354	-153.258699		
52	0.151441	750	-1.627351	-154.88605		
53	0.143514	750	-1.593158	-156.479208		
54	0.135841	750	-1.566982	-158.04619		
55	0.12842	750	-1.518824	-159.565014		
56	0.121247	750	-1.47026	-161.035274		
57	0.11432	750	-1.43282	-162.468094		
58	0.107637	750	-1.383466	-163.85156		
59	0.101193	750	-1.338684	-165.190244		
60	0.094986	750	-1.24769	-166.437934		
61	0.089014	750	-1.252779	-167.690713		
62	0.083273	750	-1.1913	-168.882013		
63	0.07776	750	-1.144524	-170.026537		
64	0.072472	750	-1.124168	-171.150705		
65	0.067406	750	-1.07946	-172.230166		
66	0.062558	750	-1.02339	-173.253555		
67	0.057926	750	-0.995786	-174.249342		
68	0.053506	750	-0.954538	-175.203879		
69	0.049295	750	-0.933081	-176.13696		
70	0.045289	750	-0.879858	-177.016819		
71	0.041485	750	-0.838069	-177.854888		
72	0.03788	750	-0.785503	-178.640391		
73	0.034469	750	-0.752585	-179.392976		
74	0.03125	750	-0.75976	-180.152736		
75	0.028218	750	-0.6893	-180.842036		
76	0.02537	750	-0.677986	-181.520022		
77	0.022702	750	-0.6249	-182.144921		
78	0.020209	750	-0.584579	-182.7295		
79	0.017889	750	-0.572323	-183.301823		
80	0.015736	750	-0.500945	-183.802768		
81	0.013746	750	-0.492147	-184.294916		
82	0.011916	750	-0.466126	-184.761042		
83	0.01024	750	-0.411275	-185.172317		
84	0.008714	750	-0.37442	-185.546738		
85	0.007334	750	-0.364612	-185.911349		
86	0.006093	750	-0.309125	-186.220474		
87	0.004988	750	-0.280658	-186.501133		
88	0.004013	750	-0.242358	-186.743491		
89	0.003162	750	-0.24175	-186.985241		
90	0.00243	750	-0.192272	-187.177514		
91	0.00181	750	-0.168645	-187.346159		
92	0.001296	750	-0.131725	-187.477884		
93	0.000882	750	-0.121504	-187.599388		
94	0.000559	750	-0.098815	-187.698203		
95	0.00032	750	-0.06534	-187.763543		
96	0.000156	750	-0.047535	-187.811079		
97	0.000057	750	-0.026709	-187.837788		
98	0.00001	750	-0.013405	-187.851193		
99	0	750	-0.00262	-187.853813		
Log marginal likelihood:	-187.853813					
0	0.975187	750	-4.284747	-4.284747		
1	0.950747	750	-4.29935	-8.584097		
2	0.926679	750	-4.228827	-12.812924		
3	0.90298	750	-4.154956	-16.96788		
4	0.879648	750	-4.112135	-21.080015		
5	0.856682	750	-4.064345	-25.14436		
6	0.834079	750	-3.915084	-29.059445		
7	0.811838	750	-3.895893	-32.955338		
8	0.789957	750	-3.839861	-36.795199		
9	0.768433	750	-3.764505	-40.559704		
10	0.747266	750	-3.698849	-44.258552		
11	0.726452	750	-3.660594	-47.919146		
12	0.705989	750	-3.599921	-51.519067		
13	0.685877	750	-3.532957	-55.052024		
14	0.666112	750	-3.524392	-58.576415		
15	0.646693	750	-3.394514	-61.970929		
16	0.627618	750	-3.397983	-65.368913		
17	0.608884	750	-3.331727	-68.70064		
18	0.59049	750	-3.294317	-71.994957		
19	0.572433	750	-3.191922	-75.186878		
20	0.554712	750	-3.136449	-78.323327		
21	0.537324	750	-3.124306	-81.447634		
22	0.520268	750	-3.112921	-84.560555		
23	0.50354	750	-3.040449	-87.601004		
24	0.487139	750	-2.941706	-90.542711		
25	0.471063	750	-2.873517	-93.416227		
26	0.45531	750	-2.843219	-96.259446		
27	0.439877	750	-2.883837	-99.143284		
28	0.424762	750	-2.745775	-101.889058		
29	0.409963	750	-2.746113	-104.635172		
30	0.395478	750	-2.594959	-107.230131		
31	0.381305	750	-2.698997	-109.929128		
32	0.36744	750	-2.577197	-112.506325		
33	0.353883	750	-2.556832	-115.063157		
34	0.34063	750	-2.424072	-117.487229		
35	0.32768	750	-2.540563	-120.027792		
36	0.31503	750	-2.41505	-122.442842		
37	0.302677	750	-2.3494	-124.792241		
38	0.290619	750	-2.35625	-127.148492		
39	0.278855	750	-2.283152	-129.431644		
40	0.267381	750	-2.210603	-131.642247		
41	0.256195	750	-2.204539	-133.846786		
42	0.245294	750	-2.099866	-135.946651		
43	0.234677	750	-2.071237	-138.017888		
44	0.22434	750	-2.006343	-140.024231		
45	0.214281	750	-1.993177	-142.017408		
46	0.204498	750	-1.891927	-143.909335		
47	0.194988	750	-1.883298	-145.792633		
48	0.185749	750	-1.745837	-147.53847		
49	0.176777	750	-1.793465	-149.331935		
50	0.16807	750	-1.729363	-151.061298		
51	0.159626	750	-1.692745	-152.754042		
52	0.151441	750	-1.652337	-154.406379		
53	0.143514	750	-1.569804	-155.976183		
54	0.135841	750	-1.527031	-157.503214		
55	0.12842	750	-1.513059	-159.016273		
56	0.121247	750	-1.440541	-160.456815		
57	0.11432	750	-1.414947	-161.871761		
58	0.107637	750	-1.349671	-163.221433		
59	0.101193	750	-1.307298	-164.528731		
60	0.094986	750	-1.256322	-165.785053		
61	0.089014	750	-1.23426	-167.019313		
62	0.083273	750	-1.199188	-168.218501		
63	0.07776	750	-1.132812	-169.351313		
64	0.072472	750	-1.121081	-170.472394		
65	0.067406	750	-1.036848	-171.509242		
66	0.062558	750	-1.010949	-172.520191		
67	0.057926	750	-1.003017	-173.523208		
68	0.053506	750	-0.95405	-174.477258		
69	0.049295	750	-0.901089	-175.378348		
70	0.045289	750	-0.869783	-176.24813		
71	0.041485	750	-0.853824	-177.101954		
72	0.03788	750	-0.807683	-177.909637		
73	0.034469	750	-0.733221	-178.642858		
74	0.03125	750	-0.722637	-179.365494		
75	0.028218	750	-0.70484	-180.070334		
76	0.02537	750	-0.652702	-180.723036		
77	0.022702	750	-0.586385	-181.309421		
78	0.020209	750	-0.552762	-181.862183		
79	0.017889	750	-0.540512	-182.402695		
80	0.015736	750	-0.505774	-182.908468		
81	0.013746	750	-0.513542	-183.42201		
82	0.011916	750	-0.446881	-183.868891		
83	0.01024	750	-0.416274	-184.285165		
84	0.008714	750	-0.373381	-184.658546		
85	0.007334	750	-0.356929	-185.015475		
86	0.006093	750	-0.312748	-185.328223		
87	0.004988	750	-0.29971	-185.627934		
88	0.004013	750	-0.261495	-185.889429		
89	0.003162	750	-0.214937	-186.104366		
90	0.00243	750	-0.185874	-186.290239		
91	0.00181	750	-0.164929	-186.455168		
92	0.001296	750	-0.150016	-186.605184		
93	0.000882	750	-0.119999	-186.725183		
94	0.000559	750	-0.094412	-186.819594		
95	0.00032	750	-0.067548	-186.887142		
96	0.000156	750	-0.045396	-186.932538		
97	0.000057	750	-0.025705	-186.958243		
98	0.00001	750	-0.011882	-186.970125		
99	0	750	-0.002997	-186.973122		
Log marginal likelihood:	-186.973122					
0	0.975187	750	-4.168016	-4.168016		
1	0.950747	750	-4.108105	-8.276121		
2	0.926679	750	-4.031669	-12.30779		
3	0.90298	750	-3.96904	-16.27683		
4	0.879648	750	-3.910133	-20.186963		
5	0.856682	750	-3.868223	-24.055186		
6	0.834079	750	-3.852115	-27.907301		
7	0.811838	750	-3.724693	-31.631994		
8	0.789957	750	-3.684762	-35.316756		
9	0.768433	750	-3.648453	-38.965209		
10	0.747266	750	-3.572494	-42.537703		
11	0.726452	750	-3.536988	-46.07469		
12	0.705989	750	-3.470909	-49.5456		
13	0.685877	750	-3.411024	-52.956624		
14	0.666112	750	-3.354118	-56.310741		
15	0.646693	750	-3.271784	-59.582525		
16	0.627618	750	-3.251836	-62.834361		
17	0.608884	750	-3.194906	-66.029267		
18	0.59049	750	-3.120375	-69.149642		
19	0.572433	750	-3.06838	-72.218023		
20	0.554712	750	-3.070768	-75.28879		
21	0.537324	750	-2.999952	-78.288742		
22	0.520268	750	-2.911477	-81.20022		
23	0.50354	750	-2.912753	-84.112972		
24	0.487139	750	-2.806754	-86.919727		
25	0.471063	750	-2.769201	-89.688928		
26	0.45531	750	-2.736029	-92.424958		
27	0.439877	750	-2.745589	-95.170547		
28	0.424762	750	-2.637587	-97.808133		
29	0.409963	750	-2.69309	-100.501223		
30	0.395478	750	-2.542626	-103.043849		
31	0.381305	750	-2.543834	-105.587683		
32	0.36744	750	-2.573306	-108.160989		
33	0.353883	750	-2.426333	-110.587322		
34	0.34063	750	-2.319795	-112.907117		
35	0.32768	750	-2.339264	-115.246381		
36	0.31503	750	-2.248118	-117.494499		
37	0.302677	750	-2.310799	-119.805298		
38	0.290619	750	-2.284688	-122.089987		
39	0.278855	750	-2.207485	-124.297471		
40	0.267381	750	-2.23783	-126.535301		
41	0.256195	750	-2.172266	-128.707567		
42	0.245294	750	-2.097977	-130.805544		
43	0.234677	750	-2.06681	-132.872353		
44	0.22434	750	-1.990125	-134.862479		
45	0.214281	750	-1.890469	-136.752948		
46	0.204498	750	-1.916301	-138.669249		
47	0.194988	750	-1.852232	-140.521481		
48	0.185749	750	-1.794732	-142.316213		
49	0.176777	750	-1.763374	-144.079587		
50	0.16807	750	-1.641337	-145.720923		
51	0.159626	750	-1.605375	-147.326299		
52	0.151441	750	-1.623489	-148.949788		
53	0.143514	750	-1.575824	-150.525612		
54	0.135841	750	-1.514589	-152.040202		
55	0.12842	750	-1.503367	-153.543569		
56	0.121247	750	-1.446296	-154.989864		
57	0.11432	750	-1.357077	-156.346941		
58	0.107637	750	-1.328889	-157.675829		
59	0.101193	750	-1.305205	-158.981035		
60	0.094986	750	-1.261423	-160.242457		
61	0.089014	750	-1.228694	-161.471152		
62	0.083273	750	-1.181515	-162.652666		
63	0.07776	750	-1.148285	-163.800951		
64	0.072472	750	-1.090615	-164.891566		
65	0.067406	750	-1.054497	-165.946062		
66	0.062558	750	-1.013242	-166.959305		
67	0.057926	750	-0.971515	-167.93082		
68	0.053506	750	-0.913043	-168.843863		
69	0.049295	750	-0.914621	-169.758484		
70	0.045289	750	-0.853732	-170.612216		
71	0.041485	750	-0.825536	-171.437752		
72	0.03788	750	-0.7768	-172.214552		
73	0.034469	750	-0.728337	-172.942889		
74	0.03125	750	-0.716769	-173.659658		
75	0.028218	750	-0.697052	-174.35671		
76	0.02537	750	-0.648768	-175.005478		
77	0.022702	750	-0.601847	-175.607325		
78	0.020209	750	-0.565447	-176.172772		
79	0.017889	750	-0.522426	-176.695198		
80	0.015736	750	-0.512779	-177.207977		
81	0.013746	750	-0.474845	-177.682822		
82	0.011916	750	-0.427644	-178.110466		
83	0.01024	750	-0.448215	-178.558681		
84	0.008714	750	-0.387096	-178.945777		
85	0.007334	750	-0.360283	-179.30606		
86	0.006093	750	-0.336251	-179.642311		
87	0.004988	750	-0.280146	-179.922457		
88	0.004013	750	-0.235778	-180.158235		
89	0.003162	750	-0.234644	-180.392879		
90	0.00243	750	-0.187656	-180.580535		
91	0.00181	750	-0.170625	-180.751159		
92	0.001296	750	-0.131204	-180.882364		
93	0.000882	750	-0.100481	-180.982845		
94	0.000559	750	-0.08887	-181.071714		
95	0.00032	750	-0.063292	-181.135006		
96	0.000156	750	-0.042052	-181.177058		
97	0.000057	750	-0.025821	-181.202879		
98	0.00001	750	-0.01261	-181.215489		
99	0	750	-0.002516	-181.218006		
Log marginal likelihood:	-181.218006					
0	0.975187	750	-4.184948	-4.184948		
1	0.950747	750	-4.126507	-8.311456		
2	0.926679	750	-4.184945	-12.496401		
3	0.90298	750	-4.020289	-16.51669		
4	0.879648	750	-3.962428	-20.479118		
5	0.856682	750	-3.849789	-24.328908		
6	0.834079	750	-3.863734	-28.192642		
7	0.811838	750	-3.81469	-32.007332		
8	0.789957	750	-3.787692	-35.795024		
9	0.768433	750	-3.663726	-39.45875		
10	0.747266	750	-3.635454	-43.094204		
11	0.726452	750	-3.535569	-46.629773		
12	0.705989	750	-3.488483	-50.118256		
13	0.685877	750	-3.550662	-53.668918		
14	0.666112	750	-3.435217	-57.104135		
15	0.646693	750	-3.376127	-60.480262		
16	0.627618	750	-3.260694	-63.740956		
17	0.608884	750	-3.252157	-66.993113		
18	0.59049	750	-3.266609	-70.259722		
19	0.572433	750	-3.205803	-73.465525		
20	0.554712	750	-3.153957	-76.619482		
21	0.537324	750	-3.059687	-79.67917		
22	0.520268	750	-3.169466	-82.848635		
23	0.50354	750	-3.058162	-85.906797		
24	0.487139	750	-2.903771	-88.810568		
25	0.471063	750	-2.855499	-91.666067		
26	0.45531	750	-2.79738	-94.463448		
27	0.439877	750	-2.781455	-97.244903		
28	0.424762	750	-2.695433	-99.940336		
29	0.409963	750	-2.690467	-102.630803		
30	0.395478	750	-2.631659	-105.262462		
31	0.381305	750	-2.613273	-107.875735		
32	0.36744	750	-2.53842	-110.414154		
33	0.353883	750	-2.579551	-112.993705		
34	0.34063	750	-2.539911	-115.533616		
35	0.32768	750	-2.546136	-118.079752		
36	0.31503	750	-2.341091	-120.420843		
37	0.302677	750	-2.381751	-122.802594		
38	0.290619	750	-2.217944	-125.020538		
39	0.278855	750	-2.31299	-127.333529		
40	0.267381	750	-2.155981	-129.48951		
41	0.256195	750	-2.157243	-131.646752		
42	0.245294	750	-2.104703	-133.751456		
43	0.234677	750	-2.025702	-135.777158		
44	0.22434	750	-2.084621	-137.861779		
45	0.214281	750	-1.999531	-139.86131		
46	0.204498	750	-1.919516	-141.780826		
47	0.194988	750	-1.914233	-143.695059		
48	0.185749	750	-1.869103	-145.564162		
49	0.176777	750	-1.834366	-147.398528		
50	0.16807	750	-1.750422	-149.14895		
51	0.159626	750	-1.713857	-150.862808		
52	0.151441	750	-1.665001	-152.527809		
53	0.143514	750	-1.604583	-154.132392		
54	0.135841	750	-1.578006	-155.710398		
55	0.12842	750	-1.528855	-157.239253		
56	0.121247	750	-1.443354	-158.682607		
57	0.11432	750	-1.426252	-160.108859		
58	0.107637	750	-1.362804	-161.471663		
59	0.101193	750	-1.311778	-162.783441		
60	0.094986	750	-1.281008	-164.064448		
61	0.089014	750	-1.235934	-165.300382		
62	0.083273	750	-1.211226	-166.511608		
63	0.07776	750	-1.161835	-167.673444		
64	0.072472	750	-1.132965	-168.806409		
65	0.067406	750	-1.056701	-169.86311		
66	0.062558	750	-1.030061	-170.893171		
67	0.057926	750	-1.027071	-171.920243		
68	0.053506	750	-0.960499	-172.880741		
69	0.049295	750	-0.929658	-173.810399		
70	0.045289	750	-0.866796	-174.677195		
71	0.041485	750	-0.863978	-175.541173		
72	0.03788	750	-0.817889	-176.359062		
73	0.034469	750	-0.785322	-177.144385		
74	0.03125	750	-0.747933	-177.892318		
75	0.028218	750	-0.678006	-178.570324		
76	0.02537	750	-0.650873	-179.221197		
77	0.022702	750	-0.623828	-179.845025		
78	0.020209	750	-0.641221	-180.486246		
79	0.017889	750	-0.547531	-181.033778		
80	0.015736	750	-0.51456	-181.548338		
81	0.013746	750	-0.510349	-182.058686		
82	0.011916	750	-0.484464	-182.543151		
83	0.01024	750	-0.430431	-182.973581		
84	0.008714	750	-0.386177	-183.359758		
85	0.007334	750	-0.360746	-183.720504		
86	0.006093	750	-0.363761	-184.084264		
87	0.004988	750	-0.284097	-184.368361		
88	0.004013	750	-0.267128	-184.635489		
89	0.003162	750	-0.241604	-184.877093		
90	0.00243	750	-0.216621	-185.093713		
91	0.00181	750	-0.167765	-185.261478		
92	0.001296	750	-0.152001	-185.41348		
93	0.000882	750	-0.11352	-185.527		
94	0.000559	750	-0.086934	-185.613934		
95	0.00032	750	-0.064793	-185.678727		
96	0.000156	750	-0.047218	-185.725945		
97	0.000057	750	-0.027215	-185.75316		
98	0.00001	750	-0.01179	-185.764949		
99	0	750	-0.00292	-185.76787		
Log marginal likelihood:	-185.76787					
0	0.975187	750	-4.153138	-4.153138		
1	0.950747	750	-4.145821	-8.298959		
2	0.926679	750	-4.073884	-12.372843		
3	0.90298	750	-3.991322	-16.364165		
4	0.879648	750	-3.962631	-20.326796		
5	0.856682	750	-3.899158	-24.225954		
6	0.834079	750	-3.828	-28.053955		
7	0.811838	750	-3.772229	-31.826184		
8	0.789957	750	-3.725672	-35.551856		
9	0.768433	750	-3.658134	-39.20999		
10	0.747266	750	-3.593168	-42.803158		
11	0.726452	750	-3.545351	-46.34851		
12	0.705989	750	-3.492906	-49.841416		
13	0.685877	750	-3.439848	-53.281264		
14	0.666112	750	-3.36215	-56.643414		
15	0.646693	750	-3.308443	-59.951857		
16	0.627618	750	-3.250468	-63.202326		
17	0.608884	750	-3.19288	-66.395205		
18	0.59049	750	-3.124835	-69.52004		
19	0.572433	750	-3.10846	-72.628501		
20	0.554712	750	-3.064799	-75.693299		
21	0.537324	750	-2.959309	-78.652609		
22	0.520268	750	-2.913381	-81.56599		
23	0.50354	750	-2.916459	-84.482449		
24	0.487139	750	-2.816107	-87.298556		
25	0.471063	750	-2.78396	-90.082516		
26	0.45531	750	-2.718648	-92.801165		
27	0.439877	750	-2.677134	-95.478298		
28	0.424762	750	-2.614876	-98.093175		
29	0.409963	750	-2.571446	-100.664621		
30	0.395478	750	-2.585631	-103.250252		
31	0.381305	750	-2.466346	-105.716598		
32	0.36744	750	-2.437215	-108.153813		
33	0.353883	750	-2.383218	-110.537032		
34	0.34063	750	-2.428148	-112.965179		
35	0.32768	750	-2.548362	-115.513541		
36	0.31503	750	-2.336965	-117.850506		
37	0.302677	750	-2.394052	-120.244558		
38	0.290619	750	-2.372057	-122.616615		
39	0.278855	750	-2.247735	-124.86435		
40	0.267381	750	-2.152258	-127.016608		
41	0.256195	750	-2.192523	-129.209131		
42	0.245294	750	-2.081273	-131.290405		
43	0.234677	750	-2.119182	-133.409587		
44	0.22434	750	-2.037268	-135.446855		
45	0.214281	750	-1.981728	-137.428583		
46	0.204498	750	-1.930323	-139.358907		
47	0.194988	750	-1.884442	-141.243348		
48	0.185749	750	-1.851159	-143.094507		
49	0.176777	750	-1.795391	-144.889898		
50	0.16807	750	-1.712625	-146.602524		
51	0.159626	750	-1.698414	-148.300937		
52	0.151441	750	-1.639999	-149.940936		
53	0.143514	750	-1.588624	-151.52956		
54	0.135841	750	-1.537852	-153.067412		
55	0.12842	750	-1.517828	-154.58524		
56	0.121247	750	-1.452469	-156.037709		
57	0.11432	750	-1.36279	-157.400499		
58	0.107637	750	-1.340171	-158.74067		
59	0.101193	750	-1.324254	-160.064924		
60	0.094986	750	-1.261806	-161.32673		
61	0.089014	750	-1.243466	-162.570196		
62	0.083273	750	-1.19483	-163.765026		
63	0.07776	750	-1.130623	-164.895649		
64	0.072472	750	-1.108312	-166.003961		
65	0.067406	750	-1.05953	-167.063491		
66	0.062558	750	-1.021988	-168.085479		
67	0.057926	750	-0.974644	-169.060123		
68	0.053506	750	-0.923516	-169.983639		
69	0.049295	750	-0.904592	-170.888231		
70	0.045289	750	-0.843918	-171.732149		
71	0.041485	750	-0.840957	-172.573106		
72	0.03788	750	-0.762973	-173.336079		
73	0.034469	750	-0.742712	-174.078791		
74	0.03125	750	-0.695582	-174.774373		
75	0.028218	750	-0.676534	-175.450907		
76	0.02537	750	-0.631441	-176.082348		
77	0.022702	750	-0.63532	-176.717669		
78	0.020209	750	-0.607725	-177.325394		
79	0.017889	750	-0.560546	-177.88594		
80	0.015736	750	-0.527282	-178.413222		
81	0.013746	750	-0.45991	-178.873132		
82	0.011916	750	-0.455499	-179.328631		
83	0.01024	750	-0.409545	-179.738176		
84	0.008714	750	-0.374252	-180.112427		
85	0.007334	750	-0.361903	-180.47433		
86	0.006093	750	-0.319104	-180.793434		
87	0.004988	750	-0.290584	-181.084018		
88	0.004013	750	-0.258189	-181.342207		
89	0.003162	750	-0.220674	-181.562881		
90	0.00243	750	-0.205939	-181.76882		
91	0.00181	750	-0.166812	-181.935632		
92	0.001296	750	-0.149963	-182.085594		
93	0.000882	750	-0.121202	-182.206796		
94	0.000559	750	-0.086531	-182.293328		
95	0.00032	750	-0.068284	-182.361612		
96	0.000156	750	-0.043615	-182.405227		
97	0.000057	750	-0.025437	-182.430664		
98	0.00001	750	-0.011548	-182.442212		
99	0	750	-0.002667	-182.444878		
Log marginal likelihood:	-182.444878					
0	0.975187	750	-4.40654	-4.40654		
1	0.950747	750	-4.352995	-8.759535		
2	0.926679	750	-4.27197	-13.031505		
3	0.90298	750	-4.238153	-17.269657		
4	0.879648	750	-4.110948	-21.380605		
5	0.856682	750	-4.055234	-25.435839		
6	0.834079	750	-4.129476	-29.565316		
7	0.811838	750	-4.072966	-33.638282		
8	0.789957	750	-3.932457	-37.570738		
9	0.768433	750	-3.89221	-41.462948		
10	0.747266	750	-3.786497	-45.249445		
11	0.726452	750	-3.736398	-48.985842		
12	0.705989	750	-3.742004	-52.727846		
13	0.685877	750	-3.58868	-56.316526		
14	0.666112	750	-3.607359	-59.923884		
15	0.646693	750	-3.469814	-63.393698		
16	0.627618	750	-3.56529	-66.958987		
17	0.608884	750	-3.40752	-70.366508		
18	0.59049	750	-3.33174	-73.698248		
19	0.572433	750	-3.298487	-76.996735		
20	0.554712	750	-3.295193	-80.291928		
21	0.537324	750	-3.234721	-83.526649		
22	0.520268	750	-3.15609	-86.682739		
23	0.50354	750	-3.107711	-89.79045		
24	0.487139	750	-3.110818	-92.901268		
25	0.471063	750	-3.07452	-95.975788		
26	0.45531	750	-3.04236	-99.018148		
27	0.439877	750	-2.968457	-101.986604		
28	0.424762	750	-2.769338	-104.755942		
29	0.409963	750	-2.910006	-107.665949		
30	0.395478	750	-2.789406	-110.455355		
31	0.381305	750	-2.651738	-113.107093		
32	0.36744	750	-2.747981	-115.855074		
33	0.353883	750	-2.603045	-118.458119		
34	0.34063	750	-2.57027	-121.028389		
35	0.32768	750	-2.490219	-123.518608		
36	0.31503	750	-2.397739	-125.916347		
37	0.302677	750	-2.435584	-128.351931		
38	0.290619	750	-2.372654	-130.724585		
39	0.278855	750	-2.342998	-133.067583		
40	0.267381	750	-2.31756	-135.385143		
41	0.256195	750	-2.178524	-137.563667		
42	0.245294	750	-2.187873	-139.75154		
43	0.234677	750	-2.099305	-141.850845		
44	0.22434	750	-2.085466	-143.936312		
45	0.214281	750	-2.025279	-145.961591		
46	0.204498	750	-1.964088	-147.925678		
47	0.194988	750	-1.882145	-149.807823		
48	0.185749	750	-1.856305	-151.664128		
49	0.176777	750	-1.823037	-153.487165		
50	0.16807	750	-1.748525	-155.23569		
51	0.159626	750	-1.701315	-156.937005		
52	0.151441	750	-1.686962	-158.623967		
53	0.143514	750	-1.621707	-160.245675		
54	0.135841	750	-1.575116	-161.82079		
55	0.12842	750	-1.520814	-163.341604		
56	0.121247	750	-1.486514	-164.828118		
57	0.11432	750	-1.425522	-166.25364		
58	0.107637	750	-1.397413	-167.651053		
59	0.101193	750	-1.374056	-169.025109		
60	0.094986	750	-1.301796	-170.326904		
61	0.089014	750	-1.245678	-171.572583		
62	0.083273	750	-1.22303	-172.795612		
63	0.07776	750	-1.166468	-173.96208		
64	0.072472	750	-1.120167	-175.082247		
65	0.067406	750	-1.093927	-176.176174		
66	0.062558	750	-1.025397	-177.201571		
67	0.057926	750	-0.996951	-178.198523		
68	0.053506	750	-0.968898	-179.16742		
69	0.049295	750	-0.91196	-180.07938		
70	0.045289	750	-0.87477	-180.95415		
71	0.041485	750	-0.835184	-181.789335		
72	0.03788	750	-0.786773	-182.576108		
73	0.034469	750	-0.776145	-183.352253		
74	0.03125	750	-0.716225	-184.068478		
75	0.028218	750	-0.682251	-184.750729		
76	0.02537	750	-0.6541	-185.404829		
77	0.022702	750	-0.612938	-186.017767		
78	0.020209	750	-0.569254	-186.587021		
79	0.017889	750	-0.548036	-187.135057		
80	0.015736	750	-0.509777	-187.644834		
81	0.013746	750	-0.525719	-188.170554		
82	0.011916	750	-0.44238	-188.612934		
83	0.01024	750	-0.449914	-189.062848		
84	0.008714	750	-0.40699	-189.469838		
85	0.007334	750	-0.364574	-189.834412		
86	0.006093	750	-0.337266	-190.171679		
87	0.004988	750	-0.297595	-190.469274		
88	0.004013	750	-0.259159	-190.728433		
89	0.003162	750	-0.210392	-190.938825		
90	0.00243	750	-0.20035	-191.139175		
91	0.00181	750	-0.170821	-191.309996		
92	0.001296	750	-0.136808	-191.446804		
93	0.000882	750	-0.110282	-191.557087		
94	0.000559	750	-0.088024	-191.645111		
95	0.00032	750	-0.063721	-191.708832		
96	0.000156	750	-0.049394	-191.758226		
97	0.000057	750	-0.028297	-191.786523		
98	0.00001	750	-0.013869	-191.800391		
99	0	750	-0.002991	-191.803383		
Log marginal likelihood:	-191.803383					
0	0.975187	750	-4.540335	-4.540335		
1	0.950747	750	-4.372371	-8.912706		
2	0.926679	750	-4.315802	-13.228508		
3	0.90298	750	-4.231304	-17.459812		
4	0.879648	750	-4.200218	-21.66003		
5	0.856682	750	-4.098239	-25.758269		
6	0.834079	750	-4.090539	-29.848808		
7	0.811838	750	-4.022527	-33.871336		
8	0.789957	750	-3.99369	-37.865026		
9	0.768433	750	-3.876467	-41.741493		
10	0.747266	750	-3.843223	-45.584716		
11	0.726452	750	-3.774655	-49.359371		
12	0.705989	750	-3.694973	-53.054344		
13	0.685877	750	-3.64323	-56.697574		
14	0.666112	750	-3.621598	-60.319171		
15	0.646693	750	-3.527296	-63.846467		
16	0.627618	750	-3.484645	-67.331112		
17	0.608884	750	-3.461423	-70.792535		
18	0.59049	750	-3.353258	-74.145792		
19	0.572433	750	-3.30027	-77.446062		
20	0.554712	750	-3.303675	-80.749737		
21	0.537324	750	-3.273493	-84.023231		
22	0.520268	750	-3.213236	-87.236466		
23	0.50354	750	-3.169006	-90.405472		
24	0.487139	750	-3.059645	-93.465117		
25	0.471063	750	-3.058755	-96.523872		
26	0.45531	750	-2.939019	-99.462891		
27	0.439877	750	-2.881545	-102.344436		
28	0.424762	750	-2.852634	-105.19707		
29	0.409963	750	-2.762949	-107.960019		
30	0.395478	750	-2.697654	-110.657673		
31	0.381305	750	-2.779315	-113.436988		
32	0.36744	750	-2.628283	-116.065271		
33	0.353883	750	-2.583743	-118.649014		
34	0.34063	750	-2.523225	-121.172239		
35	0.32768	750	-2.529446	-123.701685		
36	0.31503	750	-2.420958	-126.122643		
37	0.302677	750	-2.465096	-128.587739		
38	0.290619	750	-2.365163	-130.952902		
39	0.278855	750	-2.347077	-133.299978		
40	0.267381	750	-2.297938	-135.597916		
41	0.256195	750	-2.186332	-137.784248		
42	0.245294	750	-2.148184	-139.932432		
43	0.234677	750	-2.057503	-141.989935		
44	0.22434	750	-2.088727	-144.078662		
45	0.214281	750	-2.002906	-146.081567		
46	0.204498	750	-1.945776	-148.027343		
47	0.194988	750	-1.862203	-149.889546		
48	0.185749	750	-1.849946	-151.739492		
49	0.176777	750	-1.783596	-153.523088		
50	0.16807	750	-1.724962	-155.24805		
51	0.159626	750	-1.692563	-156.940613		
52	0.151441	750	-1.608913	-158.549526		
53	0.143514	750	-1.5926	-160.142126		
54	0.135841	750	-1.537717	-161.679843		
55	0.12842	750	-1.516939	-163.196782		
56	0.121247	750	-1.467408	-164.66419		
57	0.11432	750	-1.410524	-166.074714		
58	0.107637	750	-1.395924	-167.470638		
59	0.101193	750	-1.329723	-168.800361		
60	0.094986	750	-1.28938	-170.089741		
61	0.089014	750	-1.246628	-171.336369		
62	0.083273	750	-1.194637	-172.531006		
63	0.07776	750	-1.153814	-173.68482		
64	0.072472	750	-1.110956	-174.795775		
65	0.067406	750	-1.111387	-175.907163		
66	0.062558	750	-1.054393	-176.961556		
67	0.057926	750	-0.990259	-177.951815		
68	0.053506	750	-0.957338	-178.909153		
69	0.049295	750	-0.915272	-179.824425		
70	0.045289	750	-0.88199	-180.706414		
71	0.041485	750	-0.822687	-181.529101		
72	0.03788	750	-0.77519	-182.304291		
73	0.034469	750	-0.760991	-183.065282		
74	0.03125	750	-0.739558	-183.80484		
75	0.028218	750	-0.691573	-184.496413		
76	0.02537	750	-0.653133	-185.149547		
77	0.022702	750	-0.626573	-185.776119		
78	0.020209	750	-0.599004	-186.375123		
79	0.017889	750	-0.54843	-186.923553		
80	0.015736	750	-0.501734	-187.425287		
81	0.013746	750	-0.479573	-187.904861		
82	0.011916	750	-0.467394	-188.372254		
83	0.01024	750	-0.420412	-188.792666		
84	0.008714	750	-0.385785	-189.178451		
85	0.007334	750	-0.347807	-189.526258		
86	0.006093	750	-0.337049	-189.863306		
87	0.004988	750	-0.293889	-190.157195		
88	0.004013	750	-0.264015	-190.42121		
89	0.003162	750	-0.215513	-190.636724		
90	0.00243	750	-0.195658	-190.832381		
91	0.00181	750	-0.177244	-191.009625		
92	0.001296	750	-0.134727	-191.144352		
93	0.000882	750	-0.114654	-191.259006		
94	0.000559	750	-0.098363	-191.357368		
95	0.00032	750	-0.06974	-191.427108		
96	0.000156	750	-0.04632	-191.473428		
97	0.000057	750	-0.030338	-191.503766		
98	0.00001	750	-0.011836	-191.515602		
99	0	750	-0.002854	-191.518456		
Log marginal likelihood:	-191.518456					
0	0.975187	750	-4.211353	-4.211353		
1	0.950747	750	-4.189556	-8.400909		
2	0.926679	750	-4.120389	-12.521298		
3	0.90298	750	-4.067135	-16.588433		
4	0.879648	750	-3.979074	-20.567507		
5	0.856682	750	-4.00241	-24.569917		
6	0.834079	750	-3.862225	-28.432142		
7	0.811838	750	-3.788206	-32.220348		
8	0.789957	750	-3.74627	-35.966618		
9	0.768433	750	-3.682872	-39.64949		
10	0.747266	750	-3.676811	-43.326301		
11	0.726452	750	-3.59204	-46.918341		
12	0.705989	750	-3.543491	-50.461832		
13	0.685877	750	-3.44476	-53.906592		
14	0.666112	750	-3.413666	-57.320259		
15	0.646693	750	-3.374882	-60.695141		
16	0.627618	750	-3.297066	-63.992207		
17	0.608884	750	-3.23914	-67.231347		
18	0.59049	750	-3.224998	-70.456345		
19	0.572433	750	-3.118565	-73.57491		
20	0.554712	750	-3.086986	-76.661895		
21	0.537324	750	-3.012042	-79.673937		
22	0.520268	750	-2.968207	-82.642144		
23	0.50354	750	-2.898712	-85.540856		
24	0.487139	750	-2.885121	-88.425978		
25	0.471063	750	-2.859396	-91.285373		
26	0.45531	750	-2.761317	-94.04669		
27	0.439877	750	-2.777421	-96.824112		
28	0.424762	750	-2.692447	-99.516559		
29	0.409963	750	-2.623972	-102.140531		
30	0.395478	750	-2.607832	-104.748363		
31	0.381305	750	-2.52466	-107.273023		
32	0.36744	750	-2.461704	-109.734727		
33	0.353883	750	-2.435745	-112.170473		
34	0.34063	750	-2.443036	-114.613509		
35	0.32768	750	-2.405926	-117.019435		
36	0.31503	750	-2.431807	-119.451242		
37	0.302677	750	-2.394819	-121.846061		
38	0.290619	750	-2.300663	-124.146724		
39	0.278855	750	-2.336326	-126.48305		
40	0.267381	750	-2.186696	-128.669746		
41	0.256195	750	-2.053074	-130.72282		
42	0.245294	750	-2.125038	-132.847858		
43	0.234677	750	-1.995555	-134.843413		
44	0.22434	750	-2.07016	-136.913573		
45	0.214281	750	-2.002992	-138.916564		
46	0.204498	750	-1.933159	-140.849724		
47	0.194988	750	-1.91693	-142.766653		
48	0.185749	750	-1.790278	-144.556931		
49	0.176777	750	-1.787875	-146.344806		
50	0.16807	750	-1.728677	-148.073482		
51	0.159626	750	-1.692425	-149.765907		
52	0.151441	750	-1.649265	-151.415172		
53	0.143514	750	-1.612778	-153.027951		
54	0.135841	750	-1.561961	-154.589911		
55	0.12842	750	-1.500057	-156.089968		
56	0.121247	750	-1.476259	-157.566227		
57	0.11432	750	-1.402997	-158.969224		
58	0.107637	750	-1.377418	-160.346642		
59	0.101193	750	-1.321745	-161.668387		
60	0.094986	750	-1.252622	-162.921009		
61	0.089014	750	-1.249936	-164.170945		
62	0.083273	750	-1.159332	-165.330277		
63	0.07776	750	-1.148149	-166.478426		
64	0.072472	750	-1.118254	-167.59668		
65	0.067406	750	-1.051675	-168.648354		
66	0.062558	750	-1.040957	-169.689311		
67	0.057926	750	-1.016063	-170.705374		
68	0.053506	750	-0.9476	-171.652974		
69	0.049295	750	-0.88623	-172.539203		
70	0.045289	750	-0.860218	-173.399421		
71	0.041485	750	-0.825893	-174.225314		
72	0.03788	750	-0.791136	-175.01645		
73	0.034469	750	-0.77046	-175.78691		
74	0.03125	750	-0.708951	-176.495861		
75	0.028218	750	-0.695972	-177.191833		
76	0.02537	750	-0.637779	-177.829613		
77	0.022702	750	-0.595206	-178.424819		
78	0.020209	750	-0.609068	-179.033887		
79	0.017889	750	-0.550309	-179.584196		
80	0.015736	750	-0.532977	-180.117173		
81	0.013746	750	-0.494062	-180.611235		
82	0.011916	750	-0.448813	-181.060048		
83	0.01024	750	-0.410308	-181.470356		
84	0.008714	750	-0.364915	-181.83527		
85	0.007334	750	-0.368577	-182.203847		
86	0.006093	750	-0.314792	-182.518639		
87	0.004988	750	-0.272666	-182.791305		
88	0.004013	750	-0.28351	-183.074814		
89	0.003162	750	-0.236974	-183.311788		
90	0.00243	750	-0.185808	-183.497597		
91	0.00181	750	-0.165947	-183.663543		
92	0.001296	750	-0.134856	-183.798399		
93	0.000882	750	-0.109842	-183.908241		
94	0.000559	750	-0.085893	-183.994134		
95	0.00032	750	-0.07104	-184.065174		
96	0.000156	750	-0.045039	-184.110213		
97	0.000057	750	-0.028418	-184.13863		
98	0.00001	750	-0.012756	-184.151387		
99	0	750	-0.002673	-184.154059		
Log marginal likelihood:	-184.154059					
0	0.975187	750	-4.519788	-4.519788		
1	0.950747	750	-4.436138	-8.955926		
2	0.926679	750	-4.431306	-13.387232		
3	0.90298	750	-4.33846	-17.725692		
4	0.879648	750	-4.297529	-22.023222		
5	0.856682	750	-4.282692	-26.305914		
6	0.834079	750	-4.119083	-30.424997		
7	0.811838	750	-4.167219	-34.592216		
8	0.789957	750	-3.993015	-38.585231		
9	0.768433	750	-3.914527	-42.499758		
10	0.747266	750	-3.912071	-46.411829		
11	0.726452	750	-3.846409	-50.258238		
12	0.705989	750	-3.868341	-54.126579		
13	0.685877	750	-3.720438	-57.847017		
14	0.666112	750	-3.683796	-61.530813		
15	0.646693	750	-3.632166	-65.162979		
16	0.627618	750	-3.676821	-68.8398		
17	0.608884	750	-3.482167	-72.321967		
18	0.59049	750	-3.428342	-75.750309		
19	0.572433	750	-3.330109	-79.080418		
20	0.554712	750	-3.298692	-82.37911		
21	0.537324	750	-3.294342	-85.673452		
22	0.520268	750	-3.146388	-88.81984		
23	0.50354	750	-3.143478	-91.963319		
24	0.487139	750	-3.055998	-95.019316		
25	0.471063	750	-3.151129	-98.170445		
26	0.45531	750	-2.964158	-101.134602		
27	0.439877	750	-2.999047	-104.133649		
28	0.424762	750	-3.042918	-107.176567		
29	0.409963	750	-2.879662	-110.056229		
30	0.395478	750	-2.88173	-112.937959		
31	0.381305	750	-2.75158	-115.689539		
32	0.36744	750	-2.767219	-118.456758		
33	0.353883	750	-2.677193	-121.133951		
34	0.34063	750	-2.655856	-123.789807		
35	0.32768	750	-2.594798	-126.384605		
36	0.31503	750	-2.418996	-128.803601		
37	0.302677	750	-2.448421	-131.252022		
38	0.290619	750	-2.410403	-133.662425		
39	0.278855	750	-2.259396	-135.921821		
40	0.267381	750	-2.286083	-138.207904		
41	0.256195	750	-2.244575	-140.452479		
42	0.245294	750	-2.209513	-142.661992		
43	0.234677	750	-2.150187	-144.812178		
44	0.22434	750	-2.129185	-146.941363		
45	0.214281	750	-2.022534	-148.963897		
46	0.204498	750	-2.000105	-150.964002		
47	0.194988	750	-1.90717	-152.871172		
48	0.185749	750	-1.890216	-154.761388		
49	0.176777	750	-1.835914	-156.597302		
50	0.16807	750	-1.786472	-158.383774		
51	0.159626	750	-1.725401	-160.109175		
52	0.151441	750	-1.672247	-161.781421		
53	0.143514	750	-1.621852	-163.403273		
54	0.135841	750	-1.574933	-164.978206		
55	0.12842	750	-1.54772	-166.525927		
56	0.121247	750	-1.485686	-168.011613		
57	0.11432	750	-1.442977	-169.45459		
58	0.107637	750	-1.399868	-170.854458		
59	0.101193	750	-1.355315	-172.209773		
60	0.094986	750	-1.324	-173.533774		
61	0.089014	750	-1.266432	-174.800206		
62	0.083273	750	-1.224049	-176.024255		
63	0.07776	750	-1.173037	-177.197292		
64	0.072472	750	-1.151101	-178.348393		
65	0.067406	750	-1.078519	-179.426912		
66	0.062558	750	-1.047332	-180.474244		
67	0.057926	750	-1.011308	-181.485552		
68	0.053506	750	-0.961421	-182.446973		
69	0.049295	750	-0.929988	-183.376961		
70	0.045289	750	-0.868111	-184.245072		
71	0.041485	750	-0.853816	-185.098888		
72	0.03788	750	-0.791116	-185.890004		
73	0.034469	750	-0.781038	-186.671043		
74	0.03125	750	-0.731396	-187.402439		
75	0.028218	750	-0.705761	-188.1082		
76	0.02537	750	-0.693807	-188.802008		
77	0.022702	750	-0.634082	-189.436089		
78	0.020209	750	-0.565707	-190.001796		
79	0.017889	750	-0.574698	-190.576493		
80	0.015736	750	-0.528756	-191.105249		
81	0.013746	750	-0.474247	-191.579496		
82	0.011916	750	-0.456325	-192.035821		
83	0.01024	750	-0.494899	-192.53072		
84	0.008714	750	-0.388596	-192.919317		
85	0.007334	750	-0.342908	-193.262225		
86	0.006093	750	-0.313639	-193.575864		
87	0.004988	750	-0.279699	-193.855563		
88	0.004013	750	-0.284152	-194.139715		
89	0.003162	750	-0.229284	-194.368999		
90	0.00243	750	-0.203866	-194.572866		
91	0.00181	750	-0.169104	-194.741969		
92	0.001296	750	-0.143829	-194.885798		
93	0.000882	750	-0.112308	-194.998106		
94	0.000559	750	-0.085922	-195.084028		
95	0.00032	750	-0.06724	-195.151268		
96	0.000156	750	-0.048011	-195.199278		
97	0.000057	750	-0.02894	-195.228218		
98	0.00001	750	-0.011816	-195.240034		
99	0	750	-0.002708	-195.242742		
Log marginal likelihood:	-195.242742					
0	0.975187	750	-4.144815	-4.144815		
1	0.950747	750	-4.026957	-8.171772		
2	0.926679	750	-3.972102	-12.143874		
3	0.90298	750	-3.914892	-16.058765		
4	0.879648	750	-3.851691	-19.910457		
5	0.856682	750	-3.830081	-23.740538		
6	0.834079	750	-3.725445	-27.465983		
7	0.811838	750	-3.669061	-31.135044		
8	0.789957	750	-3.620712	-34.755756		
9	0.768433	750	-3.563651	-38.319407		
10	0.747266	750	-3.506596	-41.826003		
11	0.726452	750	-3.477466	-45.303469		
12	0.705989	750	-3.392937	-48.696406		
13	0.685877	750	-3.362829	-52.059235		
14	0.666112	750	-3.286444	-55.345679		
15	0.646693	750	-3.265121	-58.6108		
16	0.627618	750	-3.225617	-61.836417		
17	0.608884	750	-3.167146	-65.003563		
18	0.59049	750	-3.044989	-68.048552		
19	0.572433	750	-3.036673	-71.085225		
20	0.554712	750	-2.976378	-74.061603		
21	0.537324	750	-2.919587	-76.981189		
22	0.520268	750	-2.879955	-79.861144		
23	0.50354	750	-2.802646	-82.66379		
24	0.487139	750	-2.796054	-85.459844		
25	0.471063	750	-2.746045	-88.205889		
26	0.45531	750	-2.642362	-90.848251		
27	0.439877	750	-2.605745	-93.453996		
28	0.424762	750	-2.599325	-96.053321		
29	0.409963	750	-2.511327	-98.564647		
30	0.395478	750	-2.47015	-101.034798		
31	0.381305	750	-2.476129	-103.510927		
32	0.36744	750	-2.39287	-105.903797		
33	0.353883	750	-2.354171	-108.257968		
34	0.34063	750	-2.327697	-110.585665		
35	0.32768	750	-2.512012	-113.097676		
36	0.31503	750	-2.222512	-115.320189		
37	0.302677	750	-2.125443	-117.445632		
38	0.290619	750	-2.115704	-119.561336		
39	0.278855	750	-2.17935	-121.740686		
40	0.267381	750	-1.997155	-123.737841		
41	0.256195	750	-2.04664	-125.784481		
42	0.245294	750	-2.039032	-127.823513		
43	0.234677	750	-2.115192	-129.938705		
44	0.22434	750	-2.091451	-132.030156		
45	0.214281	750	-2.01755	-134.047706		
46	0.204498	750	-1.943342	-135.991049		
47	0.194988	750	-1.877116	-137.868165		
48	0.185749	750	-1.861757	-139.729922		
49	0.176777	750	-1.676775	-141.406697		
50	0.16807	750	-1.723362	-143.130059		
51	0.159626	750	-1.65638	-144.786439		
52	0.151441	750	-1.657551	-146.44399		
53	0.143514	750	-1.589016	-148.033006		
54	0.135841	750	-1.581239	-149.614245		
55	0.12842	750	-1.488441	-151.102686		
56	0.121247	750	-1.440645	-152.543331		
57	0.11432	750	-1.416073	-153.959404		
58	0.107637	750	-1.378511	-155.337915		
59	0.101193	750	-1.309611	-156.647526		
60	0.094986	750	-1.273863	-157.921389		
61	0.089014	750	-1.218952	-159.140341		
62	0.083273	750	-1.180906	-160.321248		
63	0.07776	750	-1.151958	-161.473206		
64	0.072472	750	-1.108051	-162.581257		
65	0.067406	750	-1.065436	-163.646693		
66	0.062558	750	-1.038069	-164.684762		
67	0.057926	750	-0.986915	-165.671676		
68	0.053506	750	-0.949138	-166.620814		
69	0.049295	750	-0.927176	-167.547989		
70	0.045289	750	-0.880529	-168.428518		
71	0.041485	750	-0.837166	-169.265684		
72	0.03788	750	-0.811613	-170.077297		
73	0.034469	750	-0.779707	-170.857004		
74	0.03125	750	-0.731794	-171.588798		
75	0.028218	750	-0.709441	-172.298239		
76	0.02537	750	-0.640996	-172.939235		
77	0.022702	750	-0.656392	-173.595627		
78	0.020209	750	-0.574594	-174.170221		
79	0.017889	750	-0.5905	-174.76072		
80	0.015736	750	-0.53527	-175.295991		
81	0.013746	750	-0.490789	-175.78678		
82	0.011916	750	-0.462606	-176.249385		
83	0.01024	750	-0.421449	-176.670834		
84	0.008714	750	-0.406973	-177.077807		
85	0.007334	750	-0.350251	-177.428058		
86	0.006093	750	-0.318332	-177.74639		
87	0.004988	750	-0.310813	-178.057203		
88	0.004013	750	-0.244808	-178.302012		
89	0.003162	750	-0.23284	-178.534852		
90	0.00243	750	-0.191122	-178.725975		
91	0.00181	750	-0.166056	-178.892031		
92	0.001296	750	-0.139402	-179.031433		
93	0.000882	750	-0.11116	-179.142593		
94	0.000559	750	-0.096314	-179.238907		
95	0.00032	750	-0.065529	-179.304436		
96	0.000156	750	-0.043951	-179.348386		
97	0.000057	750	-0.028849	-179.377235		
98	0.00001	750	-0.012076	-179.389311		
99	0	750	-0.002748	-179.392059		
Log marginal likelihood:	-179.392059					
0	0.975187	750	-4.488313	-4.488313		
1	0.950747	750	-4.432419	-8.920732		
2	0.926679	750	-4.426119	-13.346851		
3	0.90298	750	-4.300532	-17.647383		
4	0.879648	750	-4.344212	-21.991595		
5	0.856682	750	-4.313259	-26.304853		
6	0.834079	750	-4.168026	-30.47288		
7	0.811838	750	-4.057995	-34.530875		
8	0.789957	750	-4.022798	-38.553673		
9	0.768433	750	-3.950246	-42.503919		
10	0.747266	750	-3.878154	-46.382073		
11	0.726452	750	-3.815301	-50.197374		
12	0.705989	750	-3.742006	-53.93938		
13	0.685877	750	-3.70492	-57.6443		
14	0.666112	750	-3.625661	-61.269961		
15	0.646693	750	-3.680407	-64.950368		
16	0.627618	750	-3.575891	-68.526259		
17	0.608884	750	-3.503301	-72.02956		
18	0.59049	750	-3.433279	-75.462838		
19	0.572433	750	-3.419651	-78.882489		
20	0.554712	750	-3.357875	-82.240365		
21	0.537324	750	-3.21262	-85.452985		
22	0.520268	750	-3.190338	-88.643323		
23	0.50354	750	-3.188457	-91.831779		
24	0.487139	750	-3.187143	-95.018923		
25	0.471063	750	-3.162333	-98.181256		
26	0.45531	750	-3.065482	-101.246738		
27	0.439877	750	-3.013953	-104.26069		
28	0.424762	750	-2.934768	-107.195459		
29	0.409963	750	-2.945787	-110.141246		
30	0.395478	750	-2.869008	-113.010254		
31	0.381305	750	-2.778744	-115.788998		
32	0.36744	750	-2.753074	-118.542072		
33	0.353883	750	-2.660881	-121.202953		
34	0.34063	750	-2.599174	-123.802127		
35	0.32768	750	-2.582943	-126.38507		
36	0.31503	750	-2.513908	-128.898978		
37	0.302677	750	-2.428347	-131.327325		
38	0.290619	750	-2.395814	-133.723139		
39	0.278855	750	-2.355582	-136.078721		
40	0.267381	750	-2.276708	-138.35543		
41	0.256195	750	-2.23044	-140.585869		
42	0.245294	750	-2.190696	-142.776566		
43	0.234677	750	-2.134963	-144.911529		
44	0.22434	750	-2.068322	-146.979851		
45	0.214281	750	-2.030711	-149.010562		
46	0.204498	750	-1.991064	-151.001626		
47	0.194988	750	-1.910419	-152.912045		
48	0.185749	750	-1.867542	-154.779586		
49	0.176777	750	-1.812463	-156.59205		
50	0.16807	750	-1.758688	-158.350738		
51	0.159626	750	-1.711496	-160.062234		
52	0.151441	750	-1.673114	-161.735348		
53	0.143514	750	-1.609983	-163.345331		
54	0.135841	750	-1.549566	-164.894896		
55	0.12842	750	-1.520754	-166.41565		
56	0.121247	750	-1.479286	-167.894936		
57	0.11432	750	-1.442766	-169.337702		
58	0.107637	750	-1.367969	-170.705671		
59	0.101193	750	-1.327289	-172.032959		
60	0.094986	750	-1.300243	-173.333202		
61	0.089014	750	-1.240519	-174.573721		
62	0.083273	750	-1.216794	-175.790515		
63	0.07776	750	-1.170624	-176.96114		
64	0.072472	750	-1.132176	-178.093315		
65	0.067406	750	-1.059845	-179.15316		
66	0.062558	750	-1.007577	-180.160737		
67	0.057926	750	-1.014288	-181.175025		
68	0.053506	750	-0.963642	-182.138667		
69	0.049295	750	-0.897183	-183.03585		
70	0.045289	750	-0.884348	-183.920198		
71	0.041485	750	-0.853558	-184.773756		
72	0.03788	750	-0.804923	-185.57868		
73	0.034469	750	-0.735169	-186.313848		
74	0.03125	750	-0.714933	-187.028781		
75	0.028218	750	-0.704322	-187.733104		
76	0.02537	750	-0.650213	-188.383317		
77	0.022702	750	-0.622806	-189.006122		
78	0.020209	750	-0.615946	-189.622069		
79	0.017889	750	-0.547525	-190.169593		
80	0.015736	750	-0.500755	-190.670348		
81	0.013746	750	-0.462123	-191.132471		
82	0.011916	750	-0.451057	-191.583528		
83	0.01024	750	-0.393108	-191.976636		
84	0.008714	750	-0.414643	-192.391278		
85	0.007334	750	-0.344721	-192.735999		
86	0.006093	750	-0.323196	-193.059196		
87	0.004988	750	-0.280959	-193.340154		
88	0.004013	750	-0.256347	-193.596501		
89	0.003162	750	-0.220001	-193.816502		
90	0.00243	750	-0.191089	-194.007591		
91	0.00181	750	-0.177976	-194.185567		
92	0.001296	750	-0.141033	-194.326599		
93	0.000882	750	-0.10801	-194.434609		
94	0.000559	750	-0.082131	-194.51674		
95	0.00032	750	-0.069972	-194.586712		
96	0.000156	750	-0.047014	-194.633727		
97	0.000057	750	-0.026258	-194.659985		
98	0.00001	750	-0.012506	-194.672491		
99	0	750	-0.002569	-194.67506		
Log marginal likelihood:	-194.67506					
0	0.975187	750	-4.422524	-4.422524		
1	0.950747	750	-4.391423	-8.813947		
2	0.926679	750	-4.308694	-13.122641		
3	0.90298	750	-4.2957	-17.418341		
4	0.879648	750	-4.286017	-21.704358		
5	0.856682	750	-4.171919	-25.876278		
6	0.834079	750	-4.104745	-29.981022		
7	0.811838	750	-4.023429	-34.004452		
8	0.789957	750	-3.959607	-37.964059		
9	0.768433	750	-3.889073	-41.853131		
10	0.747266	750	-3.895129	-45.748261		
11	0.726452	750	-3.770099	-49.51836		
12	0.705989	750	-3.846835	-53.365195		
13	0.685877	750	-3.670188	-57.035383		
14	0.666112	750	-3.611783	-60.647166		
15	0.646693	750	-3.515831	-64.162998		
16	0.627618	750	-3.50803	-67.671028		
17	0.608884	750	-3.411604	-71.082632		
18	0.59049	750	-3.516146	-74.598778		
19	0.572433	750	-3.270698	-77.869476		
20	0.554712	750	-3.279086	-81.148562		
21	0.537324	750	-3.345258	-84.493819		
22	0.520268	750	-3.234387	-87.728206		
23	0.50354	750	-3.080187	-90.808394		
24	0.487139	750	-3.03749	-93.845884		
25	0.471063	750	-3.048563	-96.894447		
26	0.45531	750	-3.04861	-99.943057		
27	0.439877	750	-2.863309	-102.806367		
28	0.424762	750	-2.783082	-105.589449		
29	0.409963	750	-2.788355	-108.377804		
30	0.395478	750	-2.781041	-111.158845		
31	0.381305	750	-2.717195	-113.87604		
32	0.36744	750	-2.663092	-116.539132		
33	0.353883	750	-2.616709	-119.155841		
34	0.34063	750	-2.546004	-121.701845		
35	0.32768	750	-2.507356	-124.209201		
36	0.31503	750	-2.461923	-126.671124		
37	0.302677	750	-2.423363	-129.094487		
38	0.290619	750	-2.339697	-131.434184		
39	0.278855	750	-2.241008	-133.675192		
40	0.267381	750	-2.218576	-135.893768		
41	0.256195	750	-2.174284	-138.068052		
42	0.245294	750	-2.11053	-140.178582		
43	0.234677	750	-2.089256	-142.267838		
44	0.22434	750	-2.023465	-144.291302		
45	0.214281	750	-1.972084	-146.263387		
46	0.204498	750	-1.910086	-148.173473		
47	0.194988	750	-1.899481	-150.072953		
48	0.185749	750	-1.823463	-151.896417		
49	0.176777	750	-1.775778	-153.672195		
50	0.16807	750	-1.72973	-155.401925		
51	0.159626	750	-1.682002	-157.083927		
52	0.151441	750	-1.630054	-158.71398		
53	0.143514	750	-1.581163	-160.295143		
54	0.135841	750	-1.538872	-161.834015		
55	0.12842	750	-1.512513	-163.346528		
56	0.121247	750	-1.445347	-164.791875		
57	0.11432	750	-1.413357	-166.205232		
58	0.107637	750	-1.350634	-167.555866		
59	0.101193	750	-1.311468	-168.867334		
60	0.094986	750	-1.263532	-170.130866		
61	0.089014	750	-1.224215	-171.355081		
62	0.083273	750	-1.165507	-172.520587		
63	0.07776	750	-1.148834	-173.669422		
64	0.072472	750	-1.108738	-174.77816		
65	0.067406	750	-1.05984	-175.838		
66	0.062558	750	-1.027094	-176.865094		
67	0.057926	750	-0.973411	-177.838505		
68	0.053506	750	-0.950118	-178.788623		
69	0.049295	750	-0.907494	-179.696117		
70	0.045289	750	-0.878618	-180.574735		
71	0.041485	750	-0.819516	-181.394252		
72	0.03788	750	-0.781957	-182.176209		
73	0.034469	750	-0.739138	-182.915347		
74	0.03125	750	-0.717677	-183.633024		
75	0.028218	750	-0.67953	-184.312554		
76	0.02537	750	-0.643542	-184.956095		
77	0.022702	750	-0.594824	-185.550919		
78	0.020209	750	-0.574574	-186.125494		
79	0.017889	750	-0.577515	-186.703009		
80	0.015736	750	-0.488574	-187.191583		
81	0.013746	750	-0.462632	-187.654215		
82	0.011916	750	-0.446431	-188.100646		
83	0.01024	750	-0.414339	-188.514985		
84	0.008714	750	-0.379521	-188.894505		
85	0.007334	750	-0.353695	-189.248201		
86	0.006093	750	-0.32379	-189.571991		
87	0.004988	750	-0.268882	-189.840873		
88	0.004013	750	-0.259604	-190.100477		
89	0.003162	750	-0.231608	-190.332085		
90	0.00243	750	-0.193523	-190.525608		
91	0.00181	750	-0.194118	-190.719726		
92	0.001296	750	-0.137972	-190.857697		
93	0.000882	750	-0.110756	-190.968454		
94	0.000559	750	-0.082089	-191.050542		
95	0.00032	750	-0.065024	-191.115566		
96	0.000156	750	-0.042524	-191.15809		
97	0.000057	750	-0.027703	-191.185793		
98	0.00001	750	-0.013977	-191.19977		
99	0	750	-0.002664	-191.202434		
Log marginal likelihood:	-191.202434					
0	0.975187	750	-4.33548	-4.33548		
1	0.950747	750	-4.320121	-8.655601		
2	0.926679	750	-4.287015	-12.942616		
3	0.90298	750	-4.199679	-17.142296		
4	0.879648	750	-4.120786	-21.263081		
5	0.856682	750	-4.112498	-25.375579		
6	0.834079	750	-4.018964	-29.394543		
7	0.811838	750	-3.996221	-33.390764		
8	0.789957	750	-3.893146	-37.28391		
9	0.768433	750	-3.906689	-41.190599		
10	0.747266	750	-3.734239	-44.924838		
11	0.726452	750	-3.692334	-48.617172		
12	0.705989	750	-3.644095	-52.261267		
13	0.685877	750	-3.613703	-55.874971		
14	0.666112	750	-3.525142	-59.400113		
15	0.646693	750	-3.471347	-62.87146		
16	0.627618	750	-3.614622	-66.486083		
17	0.608884	750	-3.363403	-69.849485		
18	0.59049	750	-3.348156	-73.197641		
19	0.572433	750	-3.291623	-76.489264		
20	0.554712	750	-3.22977	-79.719033		
21	0.537324	750	-3.400565	-83.119599		
22	0.520268	750	-3.332365	-86.451964		
23	0.50354	750	-3.150537	-89.602501		
24	0.487139	750	-3.048459	-92.650959		
25	0.471063	750	-2.93441	-95.585369		
26	0.45531	750	-2.942419	-98.527788		
27	0.439877	750	-2.912983	-101.440771		
28	0.424762	750	-2.790467	-104.231238		
29	0.409963	750	-2.86317	-107.094408		
30	0.395478	750	-2.687355	-109.781763		
31	0.381305	750	-2.724197	-112.50596		
32	0.36744	750	-2.633709	-115.13967		
33	0.353883	750	-2.675437	-117.815106		
34	0.34063	750	-2.641598	-120.456705		
35	0.32768	750	-2.566193	-123.022898		
36	0.31503	750	-2.465939	-125.488837		
37	0.302677	750	-2.452314	-127.941152		
38	0.290619	750	-2.417641	-130.358792		
39	0.278855	750	-2.355384	-132.714176		
40	0.267381	750	-2.249489	-134.963665		
41	0.256195	750	-2.227864	-137.19153		
42	0.245294	750	-2.172813	-139.364343		
43	0.234677	750	-2.12474	-141.489082		
44	0.22434	750	-2.027585	-143.516667		
45	0.214281	750	-2.011393	-145.528061		
46	0.204498	750	-1.963538	-147.491599		
47	0.194988	750	-1.906172	-149.397771		
48	0.185749	750	-1.871851	-151.269621		
49	0.176777	750	-1.810057	-153.079678		
50	0.16807	750	-1.786642	-154.86632		
51	0.159626	750	-1.695924	-156.562245		
52	0.151441	750	-1.669858	-158.232103		
53	0.143514	750	-1.618559	-159.850662		
54	0.135841	750	-1.578183	-161.428844		
55	0.12842	750	-1.518787	-162.947632		
56	0.121247	750	-1.488488	-164.43612		
57	0.11432	750	-1.448062	-165.884182		
58	0.107637	750	-1.371746	-167.255928		
59	0.101193	750	-1.319049	-168.574978		
60	0.094986	750	-1.306321	-169.881299		
61	0.089014	750	-1.233532	-171.114831		
62	0.083273	750	-1.206246	-172.321077		
63	0.07776	750	-1.163347	-173.484424		
64	0.072472	750	-1.14269	-174.627114		
65	0.067406	750	-1.072897	-175.700011		
66	0.062558	750	-1.038013	-176.738024		
67	0.057926	750	-0.997776	-177.7358		
68	0.053506	750	-0.957736	-178.693536		
69	0.049295	750	-0.911973	-179.605509		
70	0.045289	750	-0.87438	-180.47989		
71	0.041485	750	-0.840587	-181.320476		
72	0.03788	750	-0.794492	-182.114968		
73	0.034469	750	-0.769742	-182.88471		
74	0.03125	750	-0.711378	-183.596088		
75	0.028218	750	-0.714764	-184.310852		
76	0.02537	750	-0.660802	-184.971654		
77	0.022702	750	-0.621916	-185.59357		
78	0.020209	750	-0.57606	-186.169629		
79	0.017889	750	-0.533921	-186.70355		
80	0.015736	750	-0.508096	-187.211646		
81	0.013746	750	-0.500216	-187.711862		
82	0.011916	750	-0.455921	-188.167783		
83	0.01024	750	-0.427568	-188.595351		
84	0.008714	750	-0.371982	-188.967332		
85	0.007334	750	-0.336692	-189.304024		
86	0.006093	750	-0.327804	-189.631828		
87	0.004988	750	-0.30018	-189.932007		
88	0.004013	750	-0.266174	-190.198182		
89	0.003162	750	-0.230317	-190.428499		
90	0.00243	750	-0.210055	-190.638554		
91	0.00181	750	-0.166332	-190.804886		
92	0.001296	750	-0.142638	-190.947524		
93	0.000882	750	-0.109418	-191.056941		
94	0.000559	750	-0.08866	-191.145602		
95	0.00032	750	-0.063047	-191.208649		
96	0.000156	750	-0.045757	-191.254406		
97	0.000057	750	-0.026462	-191.280869		
98	0.00001	750	-0.01191	-191.292778		
99	0	750	-0.002841	-191.29562		
Log marginal likelihood:	-191.29562					
0	0.975187	750	-4.458897	-4.458897		
1	0.950747	750	-4.526246	-8.985143		
2	0.926679	750	-4.355932	-13.341075		
3	0.90298	750	-4.289858	-17.630933		
4	0.879648	750	-4.250491	-21.881423		
5	0.856682	750	-4.194412	-26.075835		
6	0.834079	750	-4.102875	-30.17871		
7	0.811838	750	-4.029738	-34.208448		
8	0.789957	750	-3.971285	-38.179733		
9	0.768433	750	-3.923069	-42.102802		
10	0.747266	750	-3.963147	-46.065949		
11	0.726452	750	-3.805218	-49.871168		
12	0.705989	750	-3.741496	-53.612664		
13	0.685877	750	-3.745105	-57.357769		
14	0.666112	750	-3.683276	-61.041045		
15	0.646693	750	-3.642565	-64.68361		
16	0.627618	750	-3.542337	-68.225946		
17	0.608884	750	-3.480208	-71.706154		
18	0.59049	750	-3.344369	-75.050523		
19	0.572433	750	-3.398187	-78.44871		
20	0.554712	750	-3.288606	-81.737316		
21	0.537324	750	-3.281296	-85.018611		
22	0.520268	750	-3.149811	-88.168422		
23	0.50354	750	-3.095428	-91.263851		
24	0.487139	750	-3.080439	-94.34429		
25	0.471063	750	-3.045298	-97.389588		
26	0.45531	750	-2.928176	-100.317764		
27	0.439877	750	-2.912833	-103.230597		
28	0.424762	750	-2.953045	-106.183642		
29	0.409963	750	-2.847075	-109.030717		
30	0.395478	750	-2.834614	-111.865331		
31	0.381305	750	-2.80972	-114.675052		
32	0.36744	750	-2.718063	-117.393114		
33	0.353883	750	-2.642181	-120.035296		
34	0.34063	750	-2.587597	-122.622893		
35	0.32768	750	-2.576593	-125.199486		
36	0.31503	750	-2.428112	-127.627598		
37	0.302677	750	-2.410033	-130.037631		
38	0.290619	750	-2.399576	-132.437207		
39	0.278855	750	-2.334674	-134.771881		
40	0.267381	750	-2.262322	-137.034203		
41	0.256195	750	-2.207891	-139.242093		
42	0.245294	750	-2.149531	-141.391625		
43	0.234677	750	-2.129565	-143.521189		
44	0.22434	750	-2.088064	-145.609254		
45	0.214281	750	-1.991539	-147.600792		
46	0.204498	750	-1.94008	-149.540872		
47	0.194988	750	-1.902396	-151.443268		
48	0.185749	750	-1.85134	-153.294608		
49	0.176777	750	-1.789573	-155.084181		
50	0.16807	750	-1.748606	-156.832787		
51	0.159626	750	-1.678029	-158.510816		
52	0.151441	750	-1.656659	-160.167475		
53	0.143514	750	-1.619142	-161.786616		
54	0.135841	750	-1.561264	-163.34788		
55	0.12842	750	-1.516186	-164.864066		
56	0.121247	750	-1.464575	-166.328641		
57	0.11432	750	-1.410417	-167.739059		
58	0.107637	750	-1.379429	-169.118488		
59	0.101193	750	-1.322646	-170.441135		
60	0.094986	750	-1.287197	-171.728331		
61	0.089014	750	-1.253079	-172.98141		
62	0.083273	750	-1.194164	-174.175575		
63	0.07776	750	-1.138492	-175.314067		
64	0.072472	750	-1.089118	-176.403184		
65	0.067406	750	-1.055836	-177.45902		
66	0.062558	750	-1.021293	-178.480313		
67	0.057926	750	-1.008139	-179.488452		
68	0.053506	750	-0.933316	-180.421768		
69	0.049295	750	-0.905441	-181.327209		
70	0.045289	750	-0.859175	-182.186384		
71	0.041485	750	-0.830652	-183.017036		
72	0.03788	750	-0.821375	-183.838411		
73	0.034469	750	-0.760973	-184.599384		
74	0.03125	750	-0.718772	-185.318156		
75	0.028218	750	-0.661346	-185.979502		
76	0.02537	750	-0.657465	-186.636967		
77	0.022702	750	-0.623334	-187.260301		
78	0.020209	750	-0.562473	-187.822774		
79	0.017889	750	-0.520308	-188.343082		
80	0.015736	750	-0.506096	-188.849178		
81	0.013746	750	-0.502139	-189.351317		
82	0.011916	750	-0.441007	-189.792324		
83	0.01024	750	-0.422371	-190.214695		
84	0.008714	750	-0.378555	-190.593249		
85	0.007334	750	-0.365983	-190.959232		
86	0.006093	750	-0.317446	-191.276678		
87	0.004988	750	-0.316264	-191.592942		
88	0.004013	750	-0.2643	-191.857242		
89	0.003162	750	-0.22204	-192.079281		
90	0.00243	750	-0.204908	-192.28419		
91	0.00181	750	-0.179053	-192.463243		
92	0.001296	750	-0.149091	-192.612334		
93	0.000882	750	-0.108113	-192.720447		
94	0.000559	750	-0.081852	-192.802298		
95	0.00032	750	-0.072829	-192.875127		
96	0.000156	750	-0.046439	-192.921566		
97	0.000057	750	-0.027094	-192.948661		
98	0.00001	750	-0.013334	-192.961995		
99	0	750	-0.002894	-192.96489		
Log marginal likelihood:	-192.96489					
0	0.975187	750	-4.466979	-4.466979		
1	0.950747	750	-4.380477	-8.847456		
2	0.926679	750	-4.325166	-13.172622		
3	0.90298	750	-4.271071	-17.443693		
4	0.879648	750	-4.2306	-21.674293		
5	0.856682	750	-4.144688	-25.818981		
6	0.834079	750	-4.070206	-29.889186		
7	0.811838	750	-4.037061	-33.926248		
8	0.789957	750	-3.929965	-37.856212		
9	0.768433	750	-3.899408	-41.75562		
10	0.747266	750	-3.819118	-45.574738		
11	0.726452	750	-3.768219	-49.342957		
12	0.705989	750	-3.717833	-53.06079		
13	0.685877	750	-3.658686	-56.719476		
14	0.666112	750	-3.630249	-60.349725		
15	0.646693	750	-3.517788	-63.867513		
16	0.627618	750	-3.461622	-67.329135		
17	0.608884	750	-3.426089	-70.755224		
18	0.59049	750	-3.352016	-74.10724		
19	0.572433	750	-3.263605	-77.370845		
20	0.554712	750	-3.222199	-80.593044		
21	0.537324	750	-3.184964	-83.778009		
22	0.520268	750	-3.112377	-86.890386		
23	0.50354	750	-3.075061	-89.965447		
24	0.487139	750	-3.060565	-93.026012		
25	0.471063	750	-2.935993	-95.962005		
26	0.45531	750	-2.977334	-98.939339		
27	0.439877	750	-2.864104	-101.803443		
28	0.424762	750	-2.769875	-104.573317		
29	0.409963	750	-2.744316	-107.317634		
30	0.395478	750	-2.77783	-110.095464		
31	0.381305	750	-2.688136	-112.7836		
32	0.36744	750	-2.589703	-115.373303		
33	0.353883	750	-2.70115	-118.074453		
34	0.34063	750	-2.540309	-120.614762		
35	0.32768	750	-2.449895	-123.064658		
36	0.31503	750	-2.533565	-125.598223		
37	0.302677	750	-2.411028	-128.009251		
38	0.290619	750	-2.348915	-130.358166		
39	0.278855	750	-2.369005	-132.727171		
40	0.267381	750	-2.310202	-135.037374		
41	0.256195	750	-2.220696	-137.25807		
42	0.245294	750	-2.197753	-139.455823		
43	0.234677	750	-2.14401	-141.599833		
44	0.22434	750	-2.092237	-143.69207		
45	0.214281	750	-2.050255	-145.742324		
46	0.204498	750	-1.992623	-147.734948		
47	0.194988	750	-1.860604	-149.595551		
48	0.185749	750	-1.892702	-151.488254		
49	0.176777	750	-1.780193	-153.268447		
50	0.16807	750	-1.756302	-155.024748		
51	0.159626	750	-1.720736	-156.745484		
52	0.151441	750	-1.679979	-158.425463		
53	0.143514	750	-1.630005	-160.055468		
54	0.135841	750	-1.576356	-161.631824		
55	0.12842	750	-1.48711	-163.118934		
56	0.121247	750	-1.48772	-164.606654		
57	0.11432	750	-1.427034	-166.033688		
58	0.107637	750	-1.393603	-167.427292		
59	0.101193	750	-1.347723	-168.775015		
60	0.094986	750	-1.308026	-170.083041		
61	0.089014	750	-1.255943	-171.338984		
62	0.083273	750	-1.20025	-172.539235		
63	0.07776	750	-1.155693	-173.694928		
64	0.072472	750	-1.137559	-174.832487		
65	0.067406	750	-1.059896	-175.892383		
66	0.062558	750	-1.030441	-176.922824		
67	0.057926	750	-0.995393	-177.918217		
68	0.053506	750	-0.957346	-178.875563		
69	0.049295	750	-0.919854	-179.795417		
70	0.045289	750	-0.896263	-180.69168		
71	0.041485	750	-0.849397	-181.541077		
72	0.03788	750	-0.829818	-182.370895		
73	0.034469	750	-0.772311	-183.143206		
74	0.03125	750	-0.720805	-183.864011		
75	0.028218	750	-0.689647	-184.553658		
76	0.02537	750	-0.64989	-185.203548		
77	0.022702	750	-0.612356	-185.815904		
78	0.020209	750	-0.595325	-186.411229		
79	0.017889	750	-0.543587	-186.954816		
80	0.015736	750	-0.525	-187.479817		
81	0.013746	750	-0.470284	-187.9501		
82	0.011916	750	-0.454006	-188.404106		
83	0.01024	750	-0.434018	-188.838124		
84	0.008714	750	-0.388286	-189.22641		
85	0.007334	750	-0.375802	-189.602212		
86	0.006093	750	-0.333852	-189.936065		
87	0.004988	750	-0.301821	-190.237886		
88	0.004013	750	-0.249604	-190.48749		
89	0.003162	750	-0.218242	-190.705732		
90	0.00243	750	-0.198415	-190.904147		
91	0.00181	750	-0.161482	-191.065629		
92	0.001296	750	-0.138495	-191.204125		
93	0.000882	750	-0.111329	-191.315453		
94	0.000559	750	-0.084961	-191.400415		
95	0.00032	750	-0.06287	-191.463285		
96	0.000156	750	-0.043114	-191.506399		
97	0.000057	750	-0.027232	-191.533631		
98	0.00001	750	-0.014704	-191.548335		
99	0	750	-0.002612	-191.550947		
Log marginal likelihood:	-191.550947					
0	0.975187	750	-4.289118	-4.289118		
1	0.950747	750	-4.228806	-8.517924		
2	0.926679	750	-4.163258	-12.681183		
3	0.90298	750	-4.109497	-16.79068		
4	0.879648	750	-4.150629	-20.941309		
5	0.856682	750	-4.024941	-24.96625		
6	0.834079	750	-3.917725	-28.883975		
7	0.811838	750	-3.920866	-32.80484		
8	0.789957	750	-3.91737	-36.722211		
9	0.768433	750	-3.837525	-40.559735		
10	0.747266	750	-3.697904	-44.25764		
11	0.726452	750	-3.708132	-47.965772		
12	0.705989	750	-3.671243	-51.637015		
13	0.685877	750	-3.670022	-55.307037		
14	0.666112	750	-3.561933	-58.868971		
15	0.646693	750	-3.439886	-62.308856		
16	0.627618	750	-3.422813	-65.731669		
17	0.608884	750	-3.363656	-69.095325		
18	0.59049	750	-3.235239	-72.330564		
19	0.572433	750	-3.279692	-75.610256		
20	0.554712	750	-3.259274	-78.86953		
21	0.537324	750	-3.087817	-81.957347		
22	0.520268	750	-3.056951	-85.014298		
23	0.50354	750	-2.999711	-88.014009		
24	0.487139	750	-2.972325	-90.986334		
25	0.471063	750	-2.923116	-93.909451		
26	0.45531	750	-2.987006	-96.896456		
27	0.439877	750	-2.829577	-99.726033		
28	0.424762	750	-2.778944	-102.504977		
29	0.409963	750	-2.801241	-105.306217		
30	0.395478	750	-2.747582	-108.0538		
31	0.381305	750	-2.657965	-110.711765		
32	0.36744	750	-2.655261	-113.367026		
33	0.353883	750	-2.600595	-115.96762		
34	0.34063	750	-2.420507	-118.388127		
35	0.32768	750	-2.448132	-120.836259		
36	0.31503	750	-2.322407	-123.158666		
37	0.302677	750	-2.283964	-125.44263		
38	0.290619	750	-2.278116	-127.720746		
39	0.278855	750	-2.238585	-129.959331		
40	0.267381	750	-2.181026	-132.140356		
41	0.256195	750	-2.237222	-134.377579		
42	0.245294	750	-2.14928	-136.526858		
43	0.234677	750	-2.139527	-138.666385		
44	0.22434	750	-2.03827	-140.704655		
45	0.214281	750	-1.996562	-142.701218		
46	0.204498	750	-1.962842	-144.66406		
47	0.194988	750	-1.891375	-146.555435		
48	0.185749	750	-1.870091	-148.425526		
49	0.176777	750	-1.782559	-150.208085		
50	0.16807	750	-1.726582	-151.934667		
51	0.159626	750	-1.70635	-153.641017		
52	0.151441	750	-1.658319	-155.299336		
53	0.143514	750	-1.627591	-156.926926		
54	0.135841	750	-1.577716	-158.504642		
55	0.12842	750	-1.51825	-160.022892		
56	0.121247	750	-1.478595	-161.501487		
57	0.11432	750	-1.421752	-162.923239		
58	0.107637	750	-1.371681	-164.29492		
59	0.101193	750	-1.328738	-165.623659		
60	0.094986	750	-1.30474	-166.928398		
61	0.089014	750	-1.218172	-168.14657		
62	0.083273	750	-1.210926	-169.357496		
63	0.07776	750	-1.163557	-170.521053		
64	0.072472	750	-1.117303	-171.638356		
65	0.067406	750	-1.05429	-172.692646		
66	0.062558	750	-1.02486	-173.717506		
67	0.057926	750	-0.982073	-174.699579		
68	0.053506	750	-0.957771	-175.65735		
69	0.049295	750	-0.932681	-176.590031		
70	0.045289	750	-0.897577	-177.487608		
71	0.041485	750	-0.852058	-178.339665		
72	0.03788	750	-0.810907	-179.150573		
73	0.034469	750	-0.770819	-179.921392		
74	0.03125	750	-0.733675	-180.655067		
75	0.028218	750	-0.686025	-181.341092		
76	0.02537	750	-0.655261	-181.996353		
77	0.022702	750	-0.610166	-182.606519		
78	0.020209	750	-0.568841	-183.175361		
79	0.017889	750	-0.550338	-183.725699		
80	0.015736	750	-0.532609	-184.258308		
81	0.013746	750	-0.473135	-184.731443		
82	0.011916	750	-0.44649	-185.177933		
83	0.01024	750	-0.405991	-185.583924		
84	0.008714	750	-0.387731	-185.971656		
85	0.007334	750	-0.364704	-186.33636		
86	0.006093	750	-0.313714	-186.650074		
87	0.004988	750	-0.313045	-186.963119		
88	0.004013	750	-0.258595	-187.221714		
89	0.003162	750	-0.234389	-187.456103		
90	0.00243	750	-0.182797	-187.6389		
91	0.00181	750	-0.166562	-187.805462		
92	0.001296	750	-0.149957	-187.955419		
93	0.000882	750	-0.116537	-188.071957		
94	0.000559	750	-0.093968	-188.165925		
95	0.00032	750	-0.062003	-188.227928		
96	0.000156	750	-0.043999	-188.271927		
97	0.000057	750	-0.026811	-188.298738		
98	0.00001	750	-0.01502	-188.313758		
99	0	750	-0.002657	-188.316415		
Log marginal likelihood:	-188.316415					
0	0.975187	750	-4.353451	-4.353451		
1	0.950747	750	-4.29509	-8.648541		
2	0.926679	750	-4.217891	-12.866432		
3	0.90298	750	-4.183612	-17.050044		
4	0.879648	750	-4.077383	-21.127427		
5	0.856682	750	-4.057197	-25.184624		
6	0.834079	750	-3.941334	-29.125958		
7	0.811838	750	-3.900049	-33.026007		
8	0.789957	750	-3.836705	-36.862713		
9	0.768433	750	-3.806188	-40.6689		
10	0.747266	750	-3.73252	-44.40142		
11	0.726452	750	-3.671024	-48.072444		
12	0.705989	750	-3.612252	-51.684696		
13	0.685877	750	-3.536507	-55.221204		
14	0.666112	750	-3.523674	-58.744878		
15	0.646693	750	-3.458138	-62.203016		
16	0.627618	750	-3.377428	-65.580444		
17	0.608884	750	-3.333218	-68.913662		
18	0.59049	750	-3.295428	-72.20909		
19	0.572433	750	-3.207528	-75.416618		
20	0.554712	750	-3.196008	-78.612626		
21	0.537324	750	-3.090631	-81.703257		
22	0.520268	750	-3.051746	-84.755003		
23	0.50354	750	-2.997108	-87.752112		
24	0.487139	750	-3.056981	-90.809093		
25	0.471063	750	-2.900456	-93.709548		
26	0.45531	750	-2.853876	-96.563424		
27	0.439877	750	-2.816597	-99.380021		
28	0.424762	750	-2.774048	-102.154069		
29	0.409963	750	-2.671641	-104.82571		
30	0.395478	750	-2.608896	-107.434606		
31	0.381305	750	-2.526943	-109.96155		
32	0.36744	750	-2.598935	-112.560485		
33	0.353883	750	-2.512858	-115.073343		
34	0.34063	750	-2.558231	-117.631574		
35	0.32768	750	-2.436173	-120.067747		
36	0.31503	750	-2.409845	-122.477592		
37	0.302677	750	-2.428128	-124.90572		
38	0.290619	750	-2.317995	-127.223715		
39	0.278855	750	-2.214616	-129.43833		
40	0.267381	750	-2.222594	-131.660925		
41	0.256195	750	-2.114176	-133.775101		
42	0.245294	750	-2.112767	-135.887868		
43	0.234677	750	-2.100113	-137.987981		
44	0.22434	750	-2.030184	-140.018165		
45	0.214281	750	-2.008629	-142.026794		
46	0.204498	750	-1.902985	-143.929779		
47	0.194988	750	-1.902442	-145.832221		
48	0.185749	750	-1.851213	-147.683434		
49	0.176777	750	-1.766705	-149.45014		
50	0.16807	750	-1.763771	-151.21391		
51	0.159626	750	-1.695311	-152.909221		
52	0.151441	750	-1.653651	-154.562872		
53	0.143514	750	-1.588473	-156.151346		
54	0.135841	750	-1.55977	-157.711116		
55	0.12842	750	-1.479068	-159.190183		
56	0.121247	750	-1.42797	-160.618153		
57	0.11432	750	-1.410492	-162.028645		
58	0.107637	750	-1.343391	-163.372036		
59	0.101193	750	-1.332466	-164.704502		
60	0.094986	750	-1.26465	-165.969152		
61	0.089014	750	-1.229832	-167.198984		
62	0.083273	750	-1.184512	-168.383495		
63	0.07776	750	-1.138618	-169.522113		
64	0.072472	750	-1.10776	-170.629873		
65	0.067406	750	-1.070351	-171.700224		
66	0.062558	750	-1.028495	-172.728718		
67	0.057926	750	-0.972377	-173.701095		
68	0.053506	750	-0.932741	-174.633836		
69	0.049295	750	-0.903309	-175.537145		
70	0.045289	750	-0.870544	-176.407688		
71	0.041485	750	-0.836759	-177.244448		
72	0.03788	750	-0.804367	-178.048815		
73	0.034469	750	-0.783834	-178.832649		
74	0.03125	750	-0.715508	-179.548157		
75	0.028218	750	-0.689001	-180.237158		
76	0.02537	750	-0.662369	-180.899527		
77	0.022702	750	-0.635902	-181.535429		
78	0.020209	750	-0.584268	-182.119696		
79	0.017889	750	-0.566192	-182.685888		
80	0.015736	750	-0.50915	-183.195038		
81	0.013746	750	-0.47121	-183.666248		
82	0.011916	750	-0.458273	-184.124521		
83	0.01024	750	-0.428959	-184.55348		
84	0.008714	750	-0.397967	-184.951447		
85	0.007334	750	-0.351974	-185.303421		
86	0.006093	750	-0.295813	-185.599234		
87	0.004988	750	-0.278633	-185.877867		
88	0.004013	750	-0.263603	-186.14147		
89	0.003162	750	-0.217985	-186.359455		
90	0.00243	750	-0.198236	-186.557691		
91	0.00181	750	-0.165522	-186.723213		
92	0.001296	750	-0.125901	-186.849114		
93	0.000882	750	-0.112768	-186.961882		
94	0.000559	750	-0.08939	-187.051273		
95	0.00032	750	-0.059851	-187.111124		
96	0.000156	750	-0.051868	-187.162991		
97	0.000057	750	-0.027888	-187.190879		
98	0.00001	750	-0.013581	-187.204461		
99	0	750	-0.002778	-187.207239		
Log marginal likelihood:	-187.207239					
0	0.975187	750	-4.358707	-4.358707		
1	0.950747	750	-4.257681	-8.616387		
2	0.926679	750	-4.189122	-12.805509		
3	0.90298	750	-4.106748	-16.912257		
4	0.879648	750	-4.062787	-20.975044		
5	0.856682	750	-3.994693	-24.969737		
6	0.834079	750	-4.046468	-29.016206		
7	0.811838	750	-3.891563	-32.907768		
8	0.789957	750	-3.854022	-36.76179		
9	0.768433	750	-3.738787	-40.500577		
10	0.747266	750	-3.718719	-44.219296		
11	0.726452	750	-3.661828	-47.881125		
12	0.705989	750	-3.621999	-51.503124		
13	0.685877	750	-3.54368	-55.046804		
14	0.666112	750	-3.489636	-58.53644		
15	0.646693	750	-3.438488	-61.974929		
16	0.627618	750	-3.381036	-65.355964		
17	0.608884	750	-3.283131	-68.639095		
18	0.59049	750	-3.264001	-71.903096		
19	0.572433	750	-3.193378	-75.096473		
20	0.554712	750	-3.1496	-78.246073		
21	0.537324	750	-3.105742	-81.351815		
22	0.520268	750	-3.065196	-84.417011		
23	0.50354	750	-3.079466	-87.496477		
24	0.487139	750	-2.93396	-90.430437		
25	0.471063	750	-2.907238	-93.337674		
26	0.45531	750	-2.830191	-96.167865		
27	0.439877	750	-2.782055	-98.949921		
28	0.424762	750	-2.739589	-101.689509		
29	0.409963	750	-2.756908	-104.446417		
30	0.395478	750	-2.638407	-107.084824		
31	0.381305	750	-2.617999	-109.702823		
32	0.36744	750	-2.636655	-112.339478		
33	0.353883	750	-2.545036	-114.884514		
34	0.34063	750	-2.517531	-117.402045		
35	0.32768	750	-2.440661	-119.842706		
36	0.31503	750	-2.393122	-122.235827		
37	0.302677	750	-2.334965	-124.570792		
38	0.290619	750	-2.348689	-126.919481		
39	0.278855	750	-2.249654	-129.169136		
40	0.267381	750	-2.183521	-131.352657		
41	0.256195	750	-2.100477	-133.453134		
42	0.245294	750	-2.108395	-135.561528		
43	0.234677	750	-2.02497	-137.586498		
44	0.22434	750	-1.916104	-139.502602		
45	0.214281	750	-1.943588	-141.44619		
46	0.204498	750	-1.900177	-143.346367		
47	0.194988	750	-1.863385	-145.209752		
48	0.185749	750	-1.780855	-146.990607		
49	0.176777	750	-1.785431	-148.776038		
50	0.16807	750	-1.725991	-150.502029		
51	0.159626	750	-1.693881	-152.19591		
52	0.151441	750	-1.603171	-153.799081		
53	0.143514	750	-1.570641	-155.369722		
54	0.135841	750	-1.541373	-156.911095		
55	0.12842	750	-1.469516	-158.380611		
56	0.121247	750	-1.426287	-159.806898		
57	0.11432	750	-1.380925	-161.187824		
58	0.107637	750	-1.351531	-162.539354		
59	0.101193	750	-1.308958	-163.848312		
60	0.094986	750	-1.257451	-165.105763		
61	0.089014	750	-1.212827	-166.31859		
62	0.083273	750	-1.185418	-167.504008		
63	0.07776	750	-1.176464	-168.680473		
64	0.072472	750	-1.112725	-169.793198		
65	0.067406	750	-1.024443	-170.817641		
66	0.062558	750	-1.02084	-171.838481		
67	0.057926	750	-0.986554	-172.825035		
68	0.053506	750	-0.923516	-173.748551		
69	0.049295	750	-0.88293	-174.631481		
70	0.045289	750	-0.864728	-175.496209		
71	0.041485	750	-0.838448	-176.334657		
72	0.03788	750	-0.778506	-177.113163		
73	0.034469	750	-0.741939	-177.855102		
74	0.03125	750	-0.704538	-178.559639		
75	0.028218	750	-0.664513	-179.224152		
76	0.02537	750	-0.648806	-179.872958		
77	0.022702	750	-0.614171	-180.487129		
78	0.020209	750	-0.553848	-181.040977		
79	0.017889	750	-0.536639	-181.577616		
80	0.015736	750	-0.513495	-182.091111		
81	0.013746	750	-0.470352	-182.561464		
82	0.011916	750	-0.439511	-183.000974		
83	0.01024	750	-0.398724	-183.399699		
84	0.008714	750	-0.371528	-183.771227		
85	0.007334	750	-0.348214	-184.119441		
86	0.006093	750	-0.326012	-184.445453		
87	0.004988	750	-0.275668	-184.72112		
88	0.004013	750	-0.234347	-184.955468		
89	0.003162	750	-0.210598	-185.166065		
90	0.00243	750	-0.185664	-185.351729		
91	0.00181	750	-0.172207	-185.523936		
92	0.001296	750	-0.134541	-185.658478		
93	0.000882	750	-0.106291	-185.764769		
94	0.000559	750	-0.089518	-185.854287		
95	0.00032	750	-0.06125	-185.915537		
96	0.000156	750	-0.043453	-185.95899		
97	0.000057	750	-0.026952	-185.985942		
98	0.00001	750	-0.012141	-185.998083		
99	0	750	-0.002622	-186.000706		
Log marginal likelihood:	-186.000706					
0	0.975187	750	-4.368146	-4.368146		
1	0.950747	750	-4.397436	-8.765583		
2	0.926679	750	-4.2946	-13.060182		
3	0.90298	750	-4.243122	-17.303304		
4	0.879648	750	-4.153054	-21.456358		
5	0.856682	750	-4.095392	-25.55175		
6	0.834079	750	-4.024074	-29.575824		
7	0.811838	750	-3.9622	-33.538024		
8	0.789957	750	-3.876207	-37.414231		
9	0.768433	750	-3.890988	-41.305219		
10	0.747266	750	-3.783237	-45.088455		
11	0.726452	750	-3.730736	-48.819192		
12	0.705989	750	-3.65855	-52.477742		
13	0.685877	750	-3.628883	-56.106625		
14	0.666112	750	-3.535589	-59.642214		
15	0.646693	750	-3.503619	-63.145833		
16	0.627618	750	-3.475538	-66.621371		
17	0.608884	750	-3.368934	-69.990305		
18	0.59049	750	-3.308477	-73.298782		
19	0.572433	750	-3.269611	-76.568393		
20	0.554712	750	-3.219875	-79.788268		
21	0.537324	750	-3.227054	-83.015322		
22	0.520268	750	-3.103939	-86.119261		
23	0.50354	750	-3.152114	-89.271375		
24	0.487139	750	-3.006194	-92.277569		
25	0.471063	750	-3.009707	-95.287276		
26	0.45531	750	-2.910038	-98.197314		
27	0.439877	750	-2.838611	-101.035925		
28	0.424762	750	-2.81689	-103.852815		
29	0.409963	750	-2.858255	-106.71107		
30	0.395478	750	-2.774094	-109.485165		
31	0.381305	750	-2.709494	-112.194659		
32	0.36744	750	-2.673904	-114.868563		
33	0.353883	750	-2.516907	-117.38547		
34	0.34063	750	-2.554422	-119.939892		
35	0.32768	750	-2.547216	-122.487108		
36	0.31503	750	-2.432867	-124.919975		
37	0.302677	750	-2.375253	-127.295228		
38	0.290619	750	-2.330581	-129.625809		
39	0.278855	750	-2.299691	-131.9255		
40	0.267381	750	-2.241671	-134.167171		
41	0.256195	750	-2.153943	-136.321114		
42	0.245294	750	-2.136785	-138.457899		
43	0.234677	750	-2.077736	-140.535635		
44	0.22434	750	-2.030895	-142.56653		
45	0.214281	750	-1.993324	-144.559854		
46	0.204498	750	-1.952346	-146.512201		
47	0.194988	750	-1.890772	-148.402973		
48	0.185749	750	-1.851262	-150.254234		
49	0.176777	750	-1.797225	-152.051459		
50	0.16807	750	-1.743973	-153.795432		
51	0.159626	750	-1.70535	-155.500783		
52	0.151441	750	-1.66086	-157.161643		
53	0.143514	750	-1.59754	-158.759183		
54	0.135841	750	-1.558663	-160.317846		
55	0.12842	750	-1.520245	-161.838091		
56	0.121247	750	-1.458903	-163.296994		
57	0.11432	750	-1.424158	-164.721152		
58	0.107637	750	-1.384958	-166.10611		
59	0.101193	750	-1.32774	-167.43385		
60	0.094986	750	-1.286342	-168.720191		
61	0.089014	750	-1.240132	-169.960323		
62	0.083273	750	-1.19864	-171.158964		
63	0.07776	750	-1.147127	-172.306091		
64	0.072472	750	-1.113748	-173.419839		
65	0.067406	750	-1.070758	-174.490597		
66	0.062558	750	-1.033647	-175.524244		
67	0.057926	750	-0.996873	-176.521118		
68	0.053506	750	-0.940514	-177.461632		
69	0.049295	750	-0.91819	-178.379822		
70	0.045289	750	-0.923288	-179.30311		
71	0.041485	750	-0.863389	-180.166499		
72	0.03788	750	-0.804877	-180.971376		
73	0.034469	750	-0.749359	-181.720735		
74	0.03125	750	-0.71305	-182.433785		
75	0.028218	750	-0.686954	-183.120739		
76	0.02537	750	-0.658156	-183.778895		
77	0.022702	750	-0.623778	-184.402673		
78	0.020209	750	-0.578269	-184.980942		
79	0.017889	750	-0.541512	-185.522454		
80	0.015736	750	-0.518295	-186.040749		
81	0.013746	750	-0.480652	-186.521401		
82	0.011916	750	-0.471988	-186.993389		
83	0.01024	750	-0.417441	-187.410831		
84	0.008714	750	-0.370481	-187.781312		
85	0.007334	750	-0.381124	-188.162436		
86	0.006093	750	-0.31518	-188.477616		
87	0.004988	750	-0.291041	-188.768657		
88	0.004013	750	-0.254386	-189.023043		
89	0.003162	750	-0.23765	-189.260693		
90	0.00243	750	-0.195228	-189.455922		
91	0.00181	750	-0.15965	-189.615571		
92	0.001296	750	-0.132553	-189.748124		
93	0.000882	750	-0.11628	-189.864404		
94	0.000559	750	-0.092531	-189.956935		
95	0.00032	750	-0.068126	-190.025061		
96	0.000156	750	-0.046847	-190.071908		
97	0.000057	750	-0.026636	-190.098544		
98	0.00001	750	-0.012085	-190.110629		
99	0	750	-0.002754	-190.113384		
Log marginal likelihood:	-190.113384					
0	0.975187	750	-4.322641	-4.322641		
1	0.950747	750	-4.186999	-8.50964		
2	0.926679	750	-4.147177	-12.656817		
3	0.90298	750	-4.121449	-16.778266		
4	0.879648	750	-4.022541	-20.800807		
5	0.856682	750	-3.945732	-24.746539		
6	0.834079	750	-3.905781	-28.65232		
7	0.811838	750	-3.834645	-32.486964		
8	0.789957	750	-3.7643	-36.251264		
9	0.768433	750	-3.715585	-39.966849		
10	0.747266	750	-3.645092	-43.611941		
11	0.726452	750	-3.614682	-47.226623		
12	0.705989	750	-3.534366	-50.76099		
13	0.685877	750	-3.505208	-54.266198		
14	0.666112	750	-3.450072	-57.71627		
15	0.646693	750	-3.393771	-61.110041		
16	0.627618	750	-3.30017	-64.410211		
17	0.608884	750	-3.245575	-67.655785		
18	0.59049	750	-3.234251	-70.890036		
19	0.572433	750	-3.154522	-74.044558		
20	0.554712	750	-3.100259	-77.144817		
21	0.537324	750	-3.002024	-80.146841		
22	0.520268	750	-3.032222	-83.179063		
23	0.50354	750	-2.945442	-86.124506		
24	0.487139	750	-2.889977	-89.014483		
25	0.471063	750	-2.831353	-91.845835		
26	0.45531	750	-2.864323	-94.710159		
27	0.439877	750	-2.760309	-97.470468		
28	0.424762	750	-2.720852	-100.19132		
29	0.409963	750	-2.611642	-102.802962		
30	0.395478	750	-2.626394	-105.429356		
31	0.381305	750	-2.549248	-107.978603		
32	0.36744	750	-2.47568	-110.454283		
33	0.353883	750	-2.434812	-112.889095		
34	0.34063	750	-2.413208	-115.302303		
35	0.32768	750	-2.375876	-117.67818		
36	0.31503	750	-2.378946	-120.057125		
37	0.302677	750	-2.320163	-122.377288		
38	0.290619	750	-2.243099	-124.620386		
39	0.278855	750	-2.259842	-126.880229		
40	0.267381	750	-2.069989	-128.950218		
41	0.256195	750	-2.051083	-131.0013		
42	0.245294	750	-2.035918	-133.037218		
43	0.234677	750	-1.990236	-135.027454		
44	0.22434	750	-1.926905	-136.954359		
45	0.214281	750	-1.866716	-138.821075		
46	0.204498	750	-1.90569	-140.726765		
47	0.194988	750	-1.81691	-142.543675		
48	0.185749	750	-1.755639	-144.299314		
49	0.176777	750	-1.720983	-146.020297		
50	0.16807	750	-1.692938	-147.713235		
51	0.159626	750	-1.661044	-149.374279		
52	0.151441	750	-1.60003	-150.974309		
53	0.143514	750	-1.560301	-152.53461		
54	0.135841	750	-1.489777	-154.024386		
55	0.12842	750	-1.445094	-155.469481		
56	0.121247	750	-1.409188	-156.878669		
57	0.11432	750	-1.358205	-158.236874		
58	0.107637	750	-1.35305	-159.589924		
59	0.101193	750	-1.286731	-160.876655		
60	0.094986	750	-1.267137	-162.143792		
61	0.089014	750	-1.198154	-163.341946		
62	0.083273	750	-1.159474	-164.50142		
63	0.07776	750	-1.121505	-165.622925		
64	0.072472	750	-1.069598	-166.692523		
65	0.067406	750	-1.062089	-167.754612		
66	0.062558	750	-0.998738	-168.75335		
67	0.057926	750	-0.983595	-169.736945		
68	0.053506	750	-0.916615	-170.65356		
69	0.049295	750	-0.877767	-171.531327		
70	0.045289	750	-0.857413	-172.38874		
71	0.041485	750	-0.827793	-173.216532		
72	0.03788	750	-0.779057	-173.995589		
73	0.034469	750	-0.718764	-174.714353		
74	0.03125	750	-0.711926	-175.426279		
75	0.028218	750	-0.663459	-176.089738		
76	0.02537	750	-0.651581	-176.741319		
77	0.022702	750	-0.60561	-177.346929		
78	0.020209	750	-0.565168	-177.912097		
79	0.017889	750	-0.542191	-178.454288		
80	0.015736	750	-0.494973	-178.94926		
81	0.013746	750	-0.481031	-179.430292		
82	0.011916	750	-0.451613	-179.881904		
83	0.01024	750	-0.393031	-180.274935		
84	0.008714	750	-0.382283	-180.657218		
85	0.007334	750	-0.345412	-181.002629		
86	0.006093	750	-0.311991	-181.31462		
87	0.004988	750	-0.272348	-181.586968		
88	0.004013	750	-0.265514	-181.852482		
89	0.003162	750	-0.223039	-182.075521		
90	0.00243	750	-0.204026	-182.279546		
91	0.00181	750	-0.176124	-182.455671		
92	0.001296	750	-0.135923	-182.591593		
93	0.000882	750	-0.111959	-182.703553		
94	0.000559	750	-0.087754	-182.791307		
95	0.00032	750	-0.066557	-182.857864		
96	0.000156	750	-0.040977	-182.898841		
97	0.000057	750	-0.029761	-182.928602		
98	0.00001	750	-0.0127	-182.941302		
99	0	750	-0.002623	-182.943925		
Log marginal likelihood:	-182.943925					
0	0.975187	750	-4.716936	-4.716936		
1	0.950747	750	-4.7607	-9.477636		
2	0.926679	750	-4.603065	-14.080701		
3	0.90298	750	-4.598884	-18.679586		
4	0.879648	750	-4.518238	-23.197824		
5	0.856682	750	-4.42328	-27.621104		
6	0.834079	750	-4.304657	-31.92576		
7	0.811838	750	-4.254781	-36.180541		
8	0.789957	750	-4.188432	-40.368973		
9	0.768433	750	-4.159089	-44.528062		
10	0.747266	750	-4.099286	-48.627349		
11	0.726452	750	-4.015652	-52.643001		
12	0.705989	750	-3.987025	-56.630026		
13	0.685877	750	-4.019397	-60.649422		
14	0.666112	750	-3.888031	-64.537453		
15	0.646693	750	-3.770966	-68.30842		
16	0.627618	750	-3.838779	-72.147199		
17	0.608884	750	-3.77857	-75.92577		
18	0.59049	750	-3.618922	-79.544692		
19	0.572433	750	-3.618236	-83.162928		
20	0.554712	750	-3.467747	-86.630676		
21	0.537324	750	-3.421047	-90.051723		
22	0.520268	750	-3.372045	-93.423768		
23	0.50354	750	-3.283621	-96.70739		
24	0.487139	750	-3.265721	-99.97311		
25	0.471063	750	-3.209466	-103.182576		
26	0.45531	750	-3.172129	-106.354704		
27	0.439877	750	-3.059345	-109.41405		
28	0.424762	750	-2.941367	-112.355417		
29	0.409963	750	-2.997088	-115.352505		
30	0.395478	750	-2.88522	-118.237726		
31	0.381305	750	-2.851488	-121.089214		
32	0.36744	750	-2.771052	-123.860266		
33	0.353883	750	-2.750904	-126.61117		
34	0.34063	750	-2.712379	-129.323548		
35	0.32768	750	-2.636136	-131.959685		
36	0.31503	750	-2.581053	-134.540738		
37	0.302677	750	-2.446126	-136.986864		
38	0.290619	750	-2.46185	-139.448713		
39	0.278855	750	-2.3642	-141.812914		
40	0.267381	750	-2.334889	-144.147802		
41	0.256195	750	-2.271655	-146.419457		
42	0.245294	750	-2.236484	-148.655941		
43	0.234677	750	-2.186697	-150.842638		
44	0.22434	750	-2.13155	-152.974189		
45	0.214281	750	-2.064926	-155.039115		
46	0.204498	750	-2.007382	-157.046497		
47	0.194988	750	-1.983018	-159.029515		
48	0.185749	750	-1.909596	-160.939111		
49	0.176777	750	-1.847917	-162.787028		
50	0.16807	750	-1.796573	-164.5836		
51	0.159626	750	-1.742865	-166.326466		
52	0.151441	750	-1.694365	-168.020831		
53	0.143514	750	-1.660284	-169.681115		
54	0.135841	750	-1.61066	-171.291775		
55	0.12842	750	-1.529182	-172.820957		
56	0.121247	750	-1.486803	-174.30776		
57	0.11432	750	-1.453852	-175.761612		
58	0.107637	750	-1.398842	-177.160454		
59	0.101193	750	-1.360982	-178.521436		
60	0.094986	750	-1.311095	-179.832532		
61	0.089014	750	-1.278576	-181.111108		
62	0.083273	750	-1.224787	-182.335895		
63	0.07776	750	-1.16165	-183.497545		
64	0.072472	750	-1.140344	-184.637889		
65	0.067406	750	-1.093913	-185.731802		
66	0.062558	750	-1.058241	-186.790043		
67	0.057926	750	-1.024985	-187.815028		
68	0.053506	750	-0.973349	-188.788377		
69	0.049295	750	-0.961189	-189.749566		
70	0.045289	750	-0.899482	-190.649048		
71	0.041485	750	-0.874518	-191.523565		
72	0.03788	750	-0.831995	-192.355561		
73	0.034469	750	-0.760379	-193.11594		
74	0.03125	750	-0.74135	-193.85729		
75	0.028218	750	-0.754798	-194.612088		
76	0.02537	750	-0.670435	-195.282523		
77	0.022702	750	-0.641931	-195.924454		
78	0.020209	750	-0.588522	-196.512976		
79	0.017889	750	-0.570815	-197.083791		
80	0.015736	750	-0.523712	-197.607502		
81	0.013746	750	-0.467341	-198.074843		
82	0.011916	750	-0.44585	-198.520693		
83	0.01024	750	-0.423918	-198.944611		
84	0.008714	750	-0.386789	-199.331399		
85	0.007334	750	-0.381013	-199.712412		
86	0.006093	750	-0.325776	-200.038189		
87	0.004988	750	-0.284619	-200.322807		
88	0.004013	750	-0.236862	-200.559669		
89	0.003162	750	-0.221113	-200.780782		
90	0.00243	750	-0.207335	-200.988117		
91	0.00181	750	-0.16949	-201.157607		
92	0.001296	750	-0.139439	-201.297046		
93	0.000882	750	-0.106435	-201.403481		
94	0.000559	750	-0.084322	-201.487803		
95	0.00032	750	-0.066361	-201.554164		
96	0.000156	750	-0.045351	-201.599515		
97	0.000057	750	-0.026668	-201.626183		
98	0.00001	750	-0.012092	-201.638275		
99	0	750	-0.002764	-201.64104		
Log marginal likelihood:	-201.64104					
