Steppingstone sampler:						-87.991998
        No Stones:                  100						-92.550178
        Start It:                   1010001						-87.591594
        It Per Stone:               1000						-84.280338
        Sample Freq:                1						-86.087348
"        Dist:                       Beta(0.400000,1.000000)"						-91.355677
Stone No	Power	N	Stone MLh	Running MLh		-90.158947
0	0.975187	750	-1.999108	-1.999108		-81.622369
1	0.950747	750	-1.966127	-3.965235		-88.300703
2	0.926679	750	-1.953607	-5.918842		-81.316779
3	0.90298	750	-1.90925	-7.828092		-76.526299
4	0.879648	750	-1.946032	-9.774124		-89.317576
5	0.856682	750	-1.86723	-11.641354		-88.790462
6	0.834079	750	-1.850598	-13.491952		-84.906018
7	0.811838	750	-1.793562	-15.285514		-82.556257
8	0.789957	750	-1.796108	-17.081622		-90.670297
9	0.768433	750	-1.799618	-18.88124		-74.72678
10	0.747266	750	-1.725572	-20.606813		-90.498953
11	0.726452	750	-1.761585	-22.368397		-83.617315
12	0.705989	750	-1.665245	-24.033642		-88.525547
13	0.685877	750	-1.662747	-25.696389		-84.623248
14	0.666112	750	-1.672508	-27.368897		-88.72621
15	0.646693	750	-1.649535	-29.018433		-93.126505
16	0.627618	750	-1.620997	-30.63943		-85.71334
17	0.608884	750	-1.611882	-32.251311		-88.196225
18	0.59049	750	-1.527852	-33.779164		-82.187471
19	0.572433	750	-1.592324	-35.371488		-75.163223
20	0.554712	750	-1.57608	-36.947569		-85.945649
21	0.537324	750	-1.473406	-38.420975		-79.841117
22	0.520268	750	-1.42706	-39.848034		-91.813172
23	0.50354	750	-1.474132	-41.322166		-83.417613
24	0.487139	750	-1.441116	-42.763282		-88.153339
25	0.471063	750	-1.335772	-44.099054		-85.527442
26	0.45531	750	-1.359688	-45.458742		-85.80396
27	0.439877	750	-1.347509	-46.806251		-83.710132
28	0.424762	750	-1.35817	-48.164421		-87.676453
29	0.409963	750	-1.32936	-49.493781		-83.921385
30	0.395478	750	-1.263982	-50.757763		-87.956912
31	0.381305	750	-1.276989	-52.034752		-96.609602
32	0.36744	750	-1.256759	-53.29151		-86.440465
33	0.353883	750	-1.205873	-54.497383		-83.24664
34	0.34063	750	-1.184771	-55.682155		-76.965755
35	0.32768	750	-1.153125	-56.83528		-79.750892
36	0.31503	750	-1.132326	-57.967606		-83.749749
37	0.302677	750	-1.117893	-59.085498		-86.031012
38	0.290619	750	-1.090991	-60.176489		-80.748117
39	0.278855	750	-1.072639	-61.249128		-84.636003
40	0.267381	750	-1.040823	-62.289951		-80.485683
41	0.256195	750	-1.023229	-63.31318		-88.806092
42	0.245294	750	-0.991195	-64.304375		-85.04288
43	0.234677	750	-0.971144	-65.275519		-83.765542
44	0.22434	750	-0.93203	-66.207549		-89.019602
45	0.214281	750	-0.893639	-67.101188		-90.621303
46	0.204498	750	-0.893788	-67.994976		-84.105716
47	0.194988	750	-0.871811	-68.866788		-84.810493
48	0.185749	750	-0.842497	-69.709285		-81.184655
49	0.176777	750	-0.836821	-70.546106		-77.203764
50	0.16807	750	-0.805649	-71.351755		-86.19832
51	0.159626	750	-0.781919	-72.133674		-84.38983
52	0.151441	750	-0.751748	-72.885423		-83.278426
53	0.143514	750	-0.735225	-73.620647		-75.280111
54	0.135841	750	-0.713167	-74.333814		-89.332061
55	0.12842	750	-0.694322	-75.028137		-86.873308
56	0.121247	750	-0.66286	-75.690996		-85.533175
57	0.11432	750	-0.648134	-76.33913		-80.725754
58	0.107637	750	-0.635382	-76.974512		-86.749399
59	0.101193	750	-0.613341	-77.587853		-83.483285
60	0.094986	750	-0.587092	-78.174945		-82.62998
61	0.089014	750	-0.57811	-78.753055		-90.573701
62	0.083273	750	-0.550396	-79.303451		-87.065009
63	0.07776	750	-0.530305	-79.833756		-85.957926
64	0.072472	750	-0.518804	-80.35256		-84.639014
65	0.067406	750	-0.4973	-80.84986		-89.775682
66	0.062558	750	-0.480399	-81.330259		-85.387022
67	0.057926	750	-0.465554	-81.795812		-89.544146
68	0.053506	750	-0.444418	-82.240231		-79.504003
69	0.049295	750	-0.41635	-82.656581		-86.116761
70	0.045289	750	-0.400954	-83.057535		-81.726342
71	0.041485	750	-0.387966	-83.445501		-82.901857
72	0.03788	750	-0.367696	-83.813197		-88.450969
73	0.034469	750	-0.355101	-84.168298		-81.421567
74	0.03125	750	-0.340442	-84.50874		-88.449552
75	0.028218	750	-0.32899	-84.837731		-87.415189
76	0.02537	750	-0.306523	-85.144253		-79.329458
77	0.022702	750	-0.288255	-85.432508		-88.961703
78	0.020209	750	-0.264896	-85.697404		-88.268053
79	0.017889	750	-0.255701	-85.953105		-83.070618
80	0.015736	750	-0.233595	-86.1867		-88.729316
81	0.013746	750	-0.216808	-86.403507		-89.113082
82	0.011916	750	-0.199789	-86.603296		-80.672503
83	0.01024	750	-0.189092	-86.792388		-86.111758
84	0.008714	750	-0.166097	-86.958485		-89.675489
85	0.007334	750	-0.168043	-87.126528		-79.831841
86	0.006093	750	-0.14173	-87.268258		-89.065268
87	0.004988	750	-0.127611	-87.395869		-77.437695
88	0.004013	750	-0.112928	-87.508797		-88.479213
89	0.003162	750	-0.098557	-87.607353		-80.160924
90	0.00243	750	-0.090365	-87.697718		-81.507059
91	0.00181	750	-0.07293	-87.770648		-83.924528
92	0.001296	750	-0.065496	-87.836144		-86.73886
93	0.000882	750	-0.051617	-87.887761		-85.20598553
94	0.000559	750	-0.036188	-87.923949		
95	0.00032	750	-0.029569	-87.953517		
96	0.000156	750	-0.019954	-87.973471		
97	0.000057	750	-0.011552	-87.985023		
98	0.00001	750	-0.005646	-87.990669		
99	0	750	-0.001329	-87.991998		
Log marginal likelihood:	-87.991998					
0	0.975187	750	-2.196201	-2.196201		
1	0.950747	750	-2.147902	-4.344103		
2	0.926679	750	-2.139108	-6.483211		
3	0.90298	750	-2.109469	-8.59268		
4	0.879648	750	-2.080167	-10.672847		
5	0.856682	750	-2.067068	-12.739916		
6	0.834079	750	-2.001245	-14.74116		
7	0.811838	750	-2.006988	-16.748148		
8	0.789957	750	-1.950447	-18.698596		
9	0.768433	750	-1.915137	-20.613732		
10	0.747266	750	-1.901242	-22.514974		
11	0.726452	750	-1.841147	-24.356121		
12	0.705989	750	-1.838922	-26.195043		
13	0.685877	750	-1.809763	-28.004806		
14	0.666112	750	-1.772506	-29.777313		
15	0.646693	750	-1.750196	-31.527509		
16	0.627618	750	-1.714565	-33.242074		
17	0.608884	750	-1.685078	-34.927152		
18	0.59049	750	-1.666469	-36.593621		
19	0.572433	750	-1.624891	-38.218513		
20	0.554712	750	-1.594029	-39.812542		
21	0.537324	750	-1.565887	-41.37843		
22	0.520268	750	-1.540736	-42.919165		
23	0.50354	750	-1.506458	-44.425623		
24	0.487139	750	-1.479838	-45.905461		
25	0.471063	750	-1.447551	-47.353013		
26	0.45531	750	-1.43738	-48.790393		
27	0.439877	750	-1.392906	-50.183299		
28	0.424762	750	-1.376528	-51.559826		
29	0.409963	750	-1.34391	-52.903736		
30	0.395478	750	-1.318991	-54.222727		
31	0.381305	750	-1.298806	-55.521533		
32	0.36744	750	-1.265685	-56.787219		
33	0.353883	750	-1.248374	-58.035592		
34	0.34063	750	-1.231537	-59.267129		
35	0.32768	750	-1.190124	-60.457253		
36	0.31503	750	-1.175646	-61.632899		
37	0.302677	750	-1.131246	-62.764145		
38	0.290619	750	-1.115122	-63.879267		
39	0.278855	750	-1.080802	-64.960069		
40	0.267381	750	-1.072305	-66.032373		
41	0.256195	750	-1.038601	-67.070975		
42	0.245294	750	-1.018267	-68.089242		
43	0.234677	750	-0.995376	-69.084617		
44	0.22434	750	-0.969315	-70.053932		
45	0.214281	750	-0.930422	-70.984354		
46	0.204498	750	-0.9162	-71.900554		
47	0.194988	750	-0.892438	-72.792992		
48	0.185749	750	-0.870709	-73.663701		
49	0.176777	750	-0.844271	-74.507971		
50	0.16807	750	-0.830489	-75.338461		
51	0.159626	750	-0.80214	-76.140601		
52	0.151441	750	-0.782602	-76.923203		
53	0.143514	750	-0.759361	-77.682564		
54	0.135841	750	-0.739042	-78.421607		
55	0.12842	750	-0.710827	-79.132434		
56	0.121247	750	-0.689033	-79.821467		
57	0.11432	750	-0.667667	-80.489134		
58	0.107637	750	-0.647168	-81.136302		
59	0.101193	750	-0.649547	-81.785849		
60	0.094986	750	-0.620292	-82.406141		
61	0.089014	750	-0.5994	-83.005541		
62	0.083273	750	-0.578541	-83.584082		
63	0.07776	750	-0.560893	-84.144974		
64	0.072472	750	-0.531606	-84.67658		
65	0.067406	750	-0.517056	-85.193636		
66	0.062558	750	-0.491833	-85.685469		
67	0.057926	750	-0.467427	-86.152897		
68	0.053506	750	-0.457958	-86.610854		
69	0.049295	750	-0.438404	-87.049259		
70	0.045289	750	-0.41367	-87.462929		
71	0.041485	750	-0.398756	-87.861686		
72	0.03788	750	-0.383392	-88.245078		
73	0.034469	750	-0.370329	-88.615407		
74	0.03125	750	-0.339757	-88.955164		
75	0.028218	750	-0.325787	-89.280952		
76	0.02537	750	-0.318198	-89.59915		
77	0.022702	750	-0.291902	-89.891052		
78	0.020209	750	-0.267184	-90.158236		
79	0.017889	750	-0.255208	-90.413443		
80	0.015736	750	-0.23727	-90.650713		
81	0.013746	750	-0.229262	-90.879975		
82	0.011916	750	-0.212714	-91.092689		
83	0.01024	750	-0.200082	-91.292771		
84	0.008714	750	-0.178018	-91.470789		
85	0.007334	750	-0.170225	-91.641015		
86	0.006093	750	-0.150244	-91.791259		
87	0.004988	750	-0.137276	-91.928535		
88	0.004013	750	-0.120376	-92.04891		
89	0.003162	750	-0.109898	-92.158808		
90	0.00243	750	-0.087902	-92.24671		
91	0.00181	750	-0.079723	-92.326434		
92	0.001296	750	-0.060029	-92.386463		
93	0.000882	750	-0.054191	-92.440654		
94	0.000559	750	-0.04044	-92.481094		
95	0.00032	750	-0.029969	-92.511063		
96	0.000156	750	-0.020197	-92.53126		
97	0.000057	750	-0.011998	-92.543258		
98	0.00001	750	-0.00572	-92.548979		
99	0	750	-0.0012	-92.550178		
Log marginal likelihood:	-92.550178					
0	0.975187	750	-2.029841	-2.029841		
1	0.950747	750	-1.996741	-4.026582		
2	0.926679	750	-2.002004	-6.028586		
3	0.90298	750	-1.943047	-7.971632		
4	0.879648	750	-1.946093	-9.917726		
5	0.856682	750	-1.936071	-11.853796		
6	0.834079	750	-1.919624	-13.77342		
7	0.811838	750	-1.883969	-15.657389		
8	0.789957	750	-1.81077	-17.468158		
9	0.768433	750	-1.808818	-19.276976		
10	0.747266	750	-1.800541	-21.077518		
11	0.726452	750	-1.784632	-22.862149		
12	0.705989	750	-1.71105	-24.573199		
13	0.685877	750	-1.686263	-26.259463		
14	0.666112	750	-1.651762	-27.911225		
15	0.646693	750	-1.655936	-29.567161		
16	0.627618	750	-1.63599	-31.203151		
17	0.608884	750	-1.596292	-32.799443		
18	0.59049	750	-1.610394	-34.409837		
19	0.572433	750	-1.526438	-35.936275		
20	0.554712	750	-1.493656	-37.429931		
21	0.537324	750	-1.520424	-38.950355		
22	0.520268	750	-1.465771	-40.416126		
23	0.50354	750	-1.439383	-41.855509		
24	0.487139	750	-1.446918	-43.302427		
25	0.471063	750	-1.4013	-44.703727		
26	0.45531	750	-1.33893	-46.042658		
27	0.439877	750	-1.350273	-47.392931		
28	0.424762	750	-1.27095	-48.663881		
29	0.409963	750	-1.2832	-49.947081		
30	0.395478	750	-1.268982	-51.216063		
31	0.381305	750	-1.24017	-52.456233		
32	0.36744	750	-1.198982	-53.655214		
33	0.353883	750	-1.183527	-54.838741		
34	0.34063	750	-1.159907	-55.998648		
35	0.32768	750	-1.141056	-57.139704		
36	0.31503	750	-1.116465	-58.256168		
37	0.302677	750	-1.091562	-59.34773		
38	0.290619	750	-1.044135	-60.391865		
39	0.278855	750	-1.041016	-61.432881		
40	0.267381	750	-1.012445	-62.445325		
41	0.256195	750	-0.971654	-63.416979		
42	0.245294	750	-0.967676	-64.384655		
43	0.234677	750	-0.939264	-65.323919		
44	0.22434	750	-0.927484	-66.251402		
45	0.214281	750	-0.905171	-67.156573		
46	0.204498	750	-0.876652	-68.033226		
47	0.194988	750	-0.858202	-68.891428		
48	0.185749	750	-0.831433	-69.722861		
49	0.176777	750	-0.81743	-70.540292		
50	0.16807	750	-0.784006	-71.324297		
51	0.159626	750	-0.765406	-72.089704		
52	0.151441	750	-0.747045	-72.836749		
53	0.143514	750	-0.718217	-73.554965		
54	0.135841	750	-0.697958	-74.252923		
55	0.12842	750	-0.676876	-74.929799		
56	0.121247	750	-0.667457	-75.597256		
57	0.11432	750	-0.637695	-76.234951		
58	0.107637	750	-0.614528	-76.849479		
59	0.101193	750	-0.597452	-77.446931		
60	0.094986	750	-0.578881	-78.025811		
61	0.089014	750	-0.551551	-78.577362		
62	0.083273	750	-0.527133	-79.104495		
63	0.07776	750	-0.524039	-79.628534		
64	0.072472	750	-0.508905	-80.137439		
65	0.067406	750	-0.489303	-80.626742		
66	0.062558	750	-0.468406	-81.095148		
67	0.057926	750	-0.446866	-81.542013		
68	0.053506	750	-0.433332	-81.975345		
69	0.049295	750	-0.413176	-82.388522		
70	0.045289	750	-0.398563	-82.787085		
71	0.041485	750	-0.386889	-83.173974		
72	0.03788	750	-0.353416	-83.527391		
73	0.034469	750	-0.340875	-83.868265		
74	0.03125	750	-0.331257	-84.199522		
75	0.028218	750	-0.311584	-84.511105		
76	0.02537	750	-0.295258	-84.806363		
77	0.022702	750	-0.287007	-85.09337		
78	0.020209	750	-0.254888	-85.348258		
79	0.017889	750	-0.25244	-85.600699		
80	0.015736	750	-0.228985	-85.829684		
81	0.013746	750	-0.212457	-86.04214		
82	0.011916	750	-0.195346	-86.237486		
83	0.01024	750	-0.188293	-86.425779		
84	0.008714	750	-0.168558	-86.594337		
85	0.007334	750	-0.156664	-86.751001		
86	0.006093	750	-0.140153	-86.891154		
87	0.004988	750	-0.123228	-87.014382		
88	0.004013	750	-0.110309	-87.124691		
89	0.003162	750	-0.103776	-87.228466		
90	0.00243	750	-0.08091	-87.309376		
91	0.00181	750	-0.074094	-87.383469		
92	0.001296	750	-0.059277	-87.442747		
93	0.000882	750	-0.047161	-87.489908		
94	0.000559	750	-0.035894	-87.525802		
95	0.00032	750	-0.02883	-87.554632		
96	0.000156	750	-0.018822	-87.573454		
97	0.000057	750	-0.011527	-87.584981		
98	0.00001	750	-0.005437	-87.590418		
99	0	750	-0.001175	-87.591594		
Log marginal likelihood:	-87.591594					
0	0.975187	750	-1.948179	-1.948179		
1	0.950747	750	-1.945525	-3.893704		
2	0.926679	750	-1.896911	-5.790615		
3	0.90298	750	-1.859504	-7.650119		
4	0.879648	750	-1.850267	-9.500386		
5	0.856682	750	-1.813771	-11.314157		
6	0.834079	750	-1.826817	-13.140973		
7	0.811838	750	-1.772896	-14.913869		
8	0.789957	750	-1.76201	-16.675879		
9	0.768433	750	-1.775693	-18.451572		
10	0.747266	750	-1.690475	-20.142047		
11	0.726452	750	-1.643806	-21.785853		
12	0.705989	750	-1.618775	-23.404628		
13	0.685877	750	-1.59928	-25.003909		
14	0.666112	750	-1.581919	-26.585827		
15	0.646693	750	-1.60331	-28.189137		
16	0.627618	750	-1.602029	-29.791166		
17	0.608884	750	-1.564242	-31.355408		
18	0.59049	750	-1.46477	-32.820178		
19	0.572433	750	-1.466217	-34.286395		
20	0.554712	750	-1.464362	-35.750757		
21	0.537324	750	-1.402122	-37.152879		
22	0.520268	750	-1.40263	-38.555509		
23	0.50354	750	-1.401711	-39.95722		
24	0.487139	750	-1.337448	-41.294668		
25	0.471063	750	-1.353744	-42.648413		
26	0.45531	750	-1.305127	-43.953539		
27	0.439877	750	-1.281627	-45.235166		
28	0.424762	750	-1.249072	-46.484238		
29	0.409963	750	-1.256737	-47.740975		
30	0.395478	750	-1.223383	-48.964357		
31	0.381305	750	-1.189447	-50.153804		
32	0.36744	750	-1.181664	-51.335468		
33	0.353883	750	-1.139244	-52.474712		
34	0.34063	750	-1.133715	-53.608427		
35	0.32768	750	-1.087399	-54.695826		
36	0.31503	750	-1.081431	-55.777257		
37	0.302677	750	-1.035258	-56.812515		
38	0.290619	750	-1.031497	-57.844012		
39	0.278855	750	-1.002882	-58.846894		
40	0.267381	750	-0.985839	-59.832733		
41	0.256195	750	-0.960228	-60.792961		
42	0.245294	750	-0.937974	-61.730935		
43	0.234677	750	-0.910836	-62.64177		
44	0.22434	750	-0.89868	-63.54045		
45	0.214281	750	-0.858969	-64.39942		
46	0.204498	750	-0.852827	-65.252246		
47	0.194988	750	-0.821312	-66.073558		
48	0.185749	750	-0.809345	-66.882903		
49	0.176777	750	-0.788348	-67.671251		
50	0.16807	750	-0.764994	-68.436245		
51	0.159626	750	-0.733014	-69.169259		
52	0.151441	750	-0.718855	-69.888114		
53	0.143514	750	-0.692833	-70.580947		
54	0.135841	750	-0.676321	-71.257268		
55	0.12842	750	-0.665406	-71.922673		
56	0.121247	750	-0.655464	-72.578137		
57	0.11432	750	-0.615341	-73.193478		
58	0.107637	750	-0.59846	-73.791939		
59	0.101193	750	-0.579577	-74.371516		
60	0.094986	750	-0.567224	-74.93874		
61	0.089014	750	-0.536747	-75.475487		
62	0.083273	750	-0.52475	-76.000237		
63	0.07776	750	-0.519337	-76.519574		
64	0.072472	750	-0.490855	-77.010429		
65	0.067406	750	-0.47015	-77.480578		
66	0.062558	750	-0.457279	-77.937857		
67	0.057926	750	-0.429454	-78.367311		
68	0.053506	750	-0.418785	-78.786096		
69	0.049295	750	-0.405439	-79.191534		
70	0.045289	750	-0.380815	-79.572349		
71	0.041485	750	-0.366831	-79.93918		
72	0.03788	750	-0.351905	-80.291086		
73	0.034469	750	-0.333075	-80.624161		
74	0.03125	750	-0.316117	-80.940278		
75	0.028218	750	-0.302442	-81.24272		
76	0.02537	750	-0.297801	-81.540521		
77	0.022702	750	-0.280314	-81.820835		
78	0.020209	750	-0.25409	-82.074925		
79	0.017889	750	-0.237187	-82.312112		
80	0.015736	750	-0.221242	-82.533354		
81	0.013746	750	-0.204268	-82.737622		
82	0.011916	750	-0.203262	-82.940884		
83	0.01024	750	-0.18497	-83.125855		
84	0.008714	750	-0.163838	-83.289693		
85	0.007334	750	-0.15087	-83.440563		
86	0.006093	750	-0.139797	-83.58036		
87	0.004988	750	-0.127036	-83.707396		
88	0.004013	750	-0.111164	-83.81856		
89	0.003162	750	-0.099691	-83.918251		
90	0.00243	750	-0.080003	-83.998254		
91	0.00181	750	-0.071909	-84.070163		
92	0.001296	750	-0.059877	-84.13004		
93	0.000882	750	-0.047876	-84.177916		
94	0.000559	750	-0.039186	-84.217102		
95	0.00032	750	-0.026266	-84.243368		
96	0.000156	750	-0.018765	-84.262133		
97	0.000057	750	-0.011464	-84.273597		
98	0.00001	750	-0.00552	-84.279117		
99	0	750	-0.001222	-84.280338		
Log marginal likelihood:	-84.280338					
0	0.975187	750	-1.9945	-1.9945		
1	0.950747	750	-1.969564	-3.964064		
2	0.926679	750	-1.930002	-5.894066		
3	0.90298	750	-1.928362	-7.822428		
4	0.879648	750	-1.904362	-9.72679		
5	0.856682	750	-1.850079	-11.576869		
6	0.834079	750	-1.822704	-13.399573		
7	0.811838	750	-1.804295	-15.203869		
8	0.789957	750	-1.789274	-16.993142		
9	0.768433	750	-1.732544	-18.725686		
10	0.747266	750	-1.706082	-20.431768		
11	0.726452	750	-1.6877	-22.119468		
12	0.705989	750	-1.712547	-23.832015		
13	0.685877	750	-1.65408	-25.486095		
14	0.666112	750	-1.614982	-27.101077		
15	0.646693	750	-1.629614	-28.730691		
16	0.627618	750	-1.567209	-30.2979		
17	0.608884	750	-1.569713	-31.867613		
18	0.59049	750	-1.529068	-33.396681		
19	0.572433	750	-1.474857	-34.871538		
20	0.554712	750	-1.483035	-36.354572		
21	0.537324	750	-1.444225	-37.798798		
22	0.520268	750	-1.40887	-39.207667		
23	0.50354	750	-1.418019	-40.625686		
24	0.487139	750	-1.380775	-42.006461		
25	0.471063	750	-1.372003	-43.378464		
26	0.45531	750	-1.323127	-44.701591		
27	0.439877	750	-1.305277	-46.006868		
28	0.424762	750	-1.310801	-47.317669		
29	0.409963	750	-1.283164	-48.600833		
30	0.395478	750	-1.261687	-49.86252		
31	0.381305	750	-1.233112	-51.095632		
32	0.36744	750	-1.193556	-52.289188		
33	0.353883	750	-1.163669	-53.452856		
34	0.34063	750	-1.136812	-54.589669		
35	0.32768	750	-1.117435	-55.707104		
36	0.31503	750	-1.09666	-56.803764		
37	0.302677	750	-1.082205	-57.885968		
38	0.290619	750	-1.037461	-58.92343		
39	0.278855	750	-1.020994	-59.944424		
40	0.267381	750	-0.994102	-60.938525		
41	0.256195	750	-0.975815	-61.91434		
42	0.245294	750	-0.962578	-62.876918		
43	0.234677	750	-0.939084	-63.816002		
44	0.22434	750	-0.910604	-64.726605		
45	0.214281	750	-0.877419	-65.604025		
46	0.204498	750	-0.870027	-66.474052		
47	0.194988	750	-0.850915	-67.324967		
48	0.185749	750	-0.82579	-68.150757		
49	0.176777	750	-0.799612	-68.950368		
50	0.16807	750	-0.779853	-69.730222		
51	0.159626	750	-0.763169	-70.49339		
52	0.151441	750	-0.730394	-71.223784		
53	0.143514	750	-0.718352	-71.942137		
54	0.135841	750	-0.689179	-72.631315		
55	0.12842	750	-0.672515	-73.30383		
56	0.121247	750	-0.664325	-73.968156		
57	0.11432	750	-0.647258	-74.615414		
58	0.107637	750	-0.631758	-75.247172		
59	0.101193	750	-0.597717	-75.84489		
60	0.094986	750	-0.579529	-76.424419		
61	0.089014	750	-0.548661	-76.97308		
62	0.083273	750	-0.531878	-77.504957		
63	0.07776	750	-0.526391	-78.031348		
64	0.072472	750	-0.507589	-78.538937		
65	0.067406	750	-0.484991	-79.023927		
66	0.062558	750	-0.466892	-79.490819		
67	0.057926	750	-0.450199	-79.941019		
68	0.053506	750	-0.430607	-80.371626		
69	0.049295	750	-0.417282	-80.788908		
70	0.045289	750	-0.396493	-81.1854		
71	0.041485	750	-0.377837	-81.563237		
72	0.03788	750	-0.372409	-81.935646		
73	0.034469	750	-0.355662	-82.291308		
74	0.03125	750	-0.320009	-82.611317		
75	0.028218	750	-0.325541	-82.936858		
76	0.02537	750	-0.29258	-83.229438		
77	0.022702	750	-0.277856	-83.507294		
78	0.020209	750	-0.264432	-83.771726		
79	0.017889	750	-0.249154	-84.02088		
80	0.015736	750	-0.239442	-84.260322		
81	0.013746	750	-0.222801	-84.483123		
82	0.011916	750	-0.208773	-84.691895		
83	0.01024	750	-0.189919	-84.881814		
84	0.008714	750	-0.169129	-85.050943		
85	0.007334	750	-0.164588	-85.215531		
86	0.006093	750	-0.149861	-85.365392		
87	0.004988	750	-0.125795	-85.491188		
88	0.004013	750	-0.108845	-85.600033		
89	0.003162	750	-0.106098	-85.706131		
90	0.00243	750	-0.087536	-85.793667		
91	0.00181	750	-0.078383	-85.87205		
92	0.001296	750	-0.059656	-85.931706		
93	0.000882	750	-0.049474	-85.98118		
94	0.000559	750	-0.039678	-86.020858		
95	0.00032	750	-0.028993	-86.04985		
96	0.000156	750	-0.018291	-86.068141		
97	0.000057	750	-0.012321	-86.080462		
98	0.00001	750	-0.005625	-86.086087		
99	0	750	-0.001261	-86.087348		
Log marginal likelihood:	-86.087348					
0	0.975187	750	-2.124853	-2.124853		
1	0.950747	750	-2.181986	-4.306838		
2	0.926679	750	-2.065329	-6.372168		
3	0.90298	750	-2.044292	-8.41646		
4	0.879648	750	-2.020529	-10.436988		
5	0.856682	750	-2.01299	-12.449978		
6	0.834079	750	-2.007778	-14.457756		
7	0.811838	750	-1.954946	-16.412702		
8	0.789957	750	-1.942228	-18.35493		
9	0.768433	750	-1.898806	-20.253736		
10	0.747266	750	-1.860855	-22.11459		
11	0.726452	750	-1.849172	-23.963762		
12	0.705989	750	-1.782071	-25.745833		
13	0.685877	750	-1.746508	-27.492341		
14	0.666112	750	-1.732834	-29.225174		
15	0.646693	750	-1.739575	-30.964749		
16	0.627618	750	-1.709627	-32.674376		
17	0.608884	750	-1.686257	-34.360633		
18	0.59049	750	-1.644434	-36.005067		
19	0.572433	750	-1.631887	-37.636954		
20	0.554712	750	-1.551334	-39.188288		
21	0.537324	750	-1.571175	-40.759463		
22	0.520268	750	-1.532143	-42.291605		
23	0.50354	750	-1.522391	-43.813996		
24	0.487139	750	-1.477125	-45.291121		
25	0.471063	750	-1.459929	-46.751049		
26	0.45531	750	-1.406046	-48.157096		
27	0.439877	750	-1.377681	-49.534776		
28	0.424762	750	-1.365011	-50.899787		
29	0.409963	750	-1.345242	-52.245029		
30	0.395478	750	-1.312327	-53.557356		
31	0.381305	750	-1.29249	-54.849846		
32	0.36744	750	-1.26511	-56.114956		
33	0.353883	750	-1.228949	-57.343905		
34	0.34063	750	-1.215164	-58.559068		
35	0.32768	750	-1.181717	-59.740785		
36	0.31503	750	-1.155865	-60.89665		
37	0.302677	750	-1.127897	-62.024547		
38	0.290619	750	-1.110993	-63.13554		
39	0.278855	750	-1.078485	-64.214025		
40	0.267381	750	-1.053946	-65.267971		
41	0.256195	750	-1.02844	-66.296411		
42	0.245294	750	-0.999236	-67.295647		
43	0.234677	750	-0.976332	-68.271979		
44	0.22434	750	-0.949797	-69.221776		
45	0.214281	750	-0.924265	-70.146042		
46	0.204498	750	-0.904866	-71.050908		
47	0.194988	750	-0.886305	-71.937213		
48	0.185749	750	-0.862881	-72.800094		
49	0.176777	750	-0.84486	-73.644954		
50	0.16807	750	-0.81291	-74.457864		
51	0.159626	750	-0.793304	-75.251167		
52	0.151441	750	-0.773112	-76.024279		
53	0.143514	750	-0.74665	-76.770929		
54	0.135841	750	-0.723099	-77.494028		
55	0.12842	750	-0.710857	-78.204885		
56	0.121247	750	-0.68196	-78.886845		
57	0.11432	750	-0.668385	-79.55523		
58	0.107637	750	-0.636491	-80.191722		
59	0.101193	750	-0.621467	-80.813189		
60	0.094986	750	-0.60689	-81.420079		
61	0.089014	750	-0.577864	-81.997942		
62	0.083273	750	-0.550463	-82.548405		
63	0.07776	750	-0.54406	-83.092465		
64	0.072472	750	-0.521415	-83.61388		
65	0.067406	750	-0.502673	-84.116553		
66	0.062558	750	-0.48933	-84.605882		
67	0.057926	750	-0.467062	-85.072945		
68	0.053506	750	-0.45048	-85.523425		
69	0.049295	750	-0.425977	-85.949401		
70	0.045289	750	-0.404453	-86.353854		
71	0.041485	750	-0.393233	-86.747087		
72	0.03788	750	-0.376087	-87.123174		
73	0.034469	750	-0.360094	-87.483268		
74	0.03125	750	-0.331712	-87.81498		
75	0.028218	750	-0.322089	-88.137069		
76	0.02537	750	-0.310265	-88.447334		
77	0.022702	750	-0.278537	-88.725871		
78	0.020209	750	-0.270931	-88.996802		
79	0.017889	750	-0.257932	-89.254734		
80	0.015736	750	-0.249342	-89.504076		
81	0.013746	750	-0.240957	-89.745033		
82	0.011916	750	-0.20579	-89.950824		
83	0.01024	750	-0.197428	-90.148251		
84	0.008714	750	-0.179417	-90.327669		
85	0.007334	750	-0.160218	-90.487887		
86	0.006093	750	-0.139228	-90.627115		
87	0.004988	750	-0.126416	-90.753531		
88	0.004013	750	-0.120405	-90.873936		
89	0.003162	750	-0.100684	-90.97462		
90	0.00243	750	-0.086657	-91.061278		
91	0.00181	750	-0.077998	-91.139276		
92	0.001296	750	-0.059529	-91.198805		
93	0.000882	750	-0.05125	-91.250055		
94	0.000559	750	-0.037371	-91.287425		
95	0.00032	750	-0.028586	-91.316012		
96	0.000156	750	-0.020019	-91.336031		
97	0.000057	750	-0.012714	-91.348745		
98	0.00001	750	-0.005713	-91.354458		
99	0	750	-0.001219	-91.355677		
Log marginal likelihood:	-91.355677					
0	0.975187	750	-2.104064	-2.104064		
1	0.950747	750	-2.150734	-4.254798		
2	0.926679	750	-2.088246	-6.343044		
3	0.90298	750	-2.086456	-8.4295		
4	0.879648	750	-2.062535	-10.492036		
5	0.856682	750	-1.960013	-12.452048		
6	0.834079	750	-1.992141	-14.444189		
7	0.811838	750	-1.928872	-16.373061		
8	0.789957	750	-1.844332	-18.217393		
9	0.768433	750	-1.860308	-20.077702		
10	0.747266	750	-1.779873	-21.857575		
11	0.726452	750	-1.814057	-23.671632		
12	0.705989	750	-1.815605	-25.487237		
13	0.685877	750	-1.783515	-27.270752		
14	0.666112	750	-1.746072	-29.016824		
15	0.646693	750	-1.721807	-30.738631		
16	0.627618	750	-1.687572	-32.426203		
17	0.608884	750	-1.663646	-34.089849		
18	0.59049	750	-1.59452	-35.684369		
19	0.572433	750	-1.59444	-37.278808		
20	0.554712	750	-1.578738	-38.857546		
21	0.537324	750	-1.548246	-40.405792		
22	0.520268	750	-1.519995	-41.925787		
23	0.50354	750	-1.450255	-43.376042		
24	0.487139	750	-1.452079	-44.828121		
25	0.471063	750	-1.436127	-46.264248		
26	0.45531	750	-1.406007	-47.670255		
27	0.439877	750	-1.377834	-49.048089		
28	0.424762	750	-1.340977	-50.389067		
29	0.409963	750	-1.321249	-51.710316		
30	0.395478	750	-1.289002	-52.999318		
31	0.381305	750	-1.26632	-54.265638		
32	0.36744	750	-1.245751	-55.511389		
33	0.353883	750	-1.202407	-56.713796		
34	0.34063	750	-1.183331	-57.897127		
35	0.32768	750	-1.167646	-59.064773		
36	0.31503	750	-1.133838	-60.198611		
37	0.302677	750	-1.1108	-61.309411		
38	0.290619	750	-1.07787	-62.387281		
39	0.278855	750	-1.065618	-63.452899		
40	0.267381	750	-1.024664	-64.477563		
41	0.256195	750	-1.018681	-65.496244		
42	0.245294	750	-0.994305	-66.490549		
43	0.234677	750	-0.962897	-67.453446		
44	0.22434	750	-0.949453	-68.402898		
45	0.214281	750	-0.914158	-69.317057		
46	0.204498	750	-0.894374	-70.21143		
47	0.194988	750	-0.868002	-71.079432		
48	0.185749	750	-0.842427	-71.921859		
49	0.176777	750	-0.826284	-72.748143		
50	0.16807	750	-0.803548	-73.551691		
51	0.159626	750	-0.773369	-74.325059		
52	0.151441	750	-0.754069	-75.079128		
53	0.143514	750	-0.734204	-75.813333		
54	0.135841	750	-0.724213	-76.537545		
55	0.12842	750	-0.693502	-77.231047		
56	0.121247	750	-0.6679	-77.898947		
57	0.11432	750	-0.650709	-78.549655		
58	0.107637	750	-0.62845	-79.178105		
59	0.101193	750	-0.61127	-79.789375		
60	0.094986	750	-0.599165	-80.38854		
61	0.089014	750	-0.563204	-80.951743		
62	0.083273	750	-0.549968	-81.501711		
63	0.07776	750	-0.528601	-82.030312		
64	0.072472	750	-0.50771	-82.538022		
65	0.067406	750	-0.488246	-83.026268		
66	0.062558	750	-0.483455	-83.509723		
67	0.057926	750	-0.464972	-83.974695		
68	0.053506	750	-0.443537	-84.418231		
69	0.049295	750	-0.421764	-84.839996		
70	0.045289	750	-0.401848	-85.241844		
71	0.041485	750	-0.381172	-85.623016		
72	0.03788	750	-0.366217	-85.989232		
73	0.034469	750	-0.351056	-86.340288		
74	0.03125	750	-0.329251	-86.669539		
75	0.028218	750	-0.323681	-86.99322		
76	0.02537	750	-0.299917	-87.293137		
77	0.022702	750	-0.291433	-87.584569		
78	0.020209	750	-0.272905	-87.857475		
79	0.017889	750	-0.253141	-88.110615		
80	0.015736	750	-0.236423	-88.347038		
81	0.013746	750	-0.218887	-88.565925		
82	0.011916	750	-0.208133	-88.774058		
83	0.01024	750	-0.190741	-88.964798		
84	0.008714	750	-0.172151	-89.136949		
85	0.007334	750	-0.157051	-89.294		
86	0.006093	750	-0.144252	-89.438252		
87	0.004988	750	-0.126922	-89.565173		
88	0.004013	750	-0.111122	-89.676295		
89	0.003162	750	-0.094822	-89.771117		
90	0.00243	750	-0.088619	-89.859736		
91	0.00181	750	-0.076544	-89.93628		
92	0.001296	750	-0.060547	-89.996827		
93	0.000882	750	-0.052252	-90.049079		
94	0.000559	750	-0.040985	-90.090064		
95	0.00032	750	-0.029515	-90.119579		
96	0.000156	750	-0.020111	-90.13969		
97	0.000057	750	-0.012285	-90.151975		
98	0.00001	750	-0.00571	-90.157685		
99	0	750	-0.001262	-90.158947		
Log marginal likelihood:	-90.158947					
0	0.975187	750	-1.791435	-1.791435		
1	0.950747	750	-1.78703	-3.578465		
2	0.926679	750	-1.780503	-5.358968		
3	0.90298	750	-1.759056	-7.118024		
4	0.879648	750	-1.701422	-8.819446		
5	0.856682	750	-1.726749	-10.546195		
6	0.834079	750	-1.686454	-12.232649		
7	0.811838	750	-1.671635	-13.904284		
8	0.789957	750	-1.633122	-15.537407		
9	0.768433	750	-1.638218	-17.175625		
10	0.747266	750	-1.5684	-18.744025		
11	0.726452	750	-1.551708	-20.295733		
12	0.705989	750	-1.493445	-21.789178		
13	0.685877	750	-1.505015	-23.294194		
14	0.666112	750	-1.506171	-24.800364		
15	0.646693	750	-1.48445	-26.284814		
16	0.627618	750	-1.459654	-27.744468		
17	0.608884	750	-1.420275	-29.164743		
18	0.59049	750	-1.394144	-30.558887		
19	0.572433	750	-1.391002	-31.949889		
20	0.554712	750	-1.341529	-33.291418		
21	0.537324	750	-1.31697	-34.608388		
22	0.520268	750	-1.302802	-35.91119		
23	0.50354	750	-1.284695	-37.195886		
24	0.487139	750	-1.267811	-38.463696		
25	0.471063	750	-1.252035	-39.715731		
26	0.45531	750	-1.252526	-40.968257		
27	0.439877	750	-1.226425	-42.194682		
28	0.424762	750	-1.224314	-43.418996		
29	0.409963	750	-1.202799	-44.621795		
30	0.395478	750	-1.13941	-45.761206		
31	0.381305	750	-1.150464	-46.91167		
32	0.36744	750	-1.123684	-48.035354		
33	0.353883	750	-1.122141	-49.157495		
34	0.34063	750	-1.077541	-50.235036		
35	0.32768	750	-1.122038	-51.357074		
36	0.31503	750	-1.061782	-52.418856		
37	0.302677	750	-1.091025	-53.509881		
38	0.290619	750	-0.973142	-54.483023		
39	0.278855	750	-1.067668	-55.550691		
40	0.267381	750	-0.971924	-56.522615		
41	0.256195	750	-0.949966	-57.472581		
42	0.245294	750	-0.962251	-58.434832		
43	0.234677	750	-0.937462	-59.372294		
44	0.22434	750	-0.902221	-60.274515		
45	0.214281	750	-0.884947	-61.159463		
46	0.204498	750	-0.862824	-62.022287		
47	0.194988	750	-0.835867	-62.858154		
48	0.185749	750	-0.821046	-63.6792		
49	0.176777	750	-0.80942	-64.48862		
50	0.16807	750	-0.781399	-65.27002		
51	0.159626	750	-0.749053	-66.019073		
52	0.151441	750	-0.746896	-66.765969		
53	0.143514	750	-0.744161	-67.51013		
54	0.135841	750	-0.685909	-68.19604		
55	0.12842	750	-0.6913	-68.88734		
56	0.121247	750	-0.660391	-69.547731		
57	0.11432	750	-0.648803	-70.196534		
58	0.107637	750	-0.623576	-70.82011		
59	0.101193	750	-0.592569	-71.412679		
60	0.094986	750	-0.575311	-71.987989		
61	0.089014	750	-0.572252	-72.560242		
62	0.083273	750	-0.556791	-73.117032		
63	0.07776	750	-0.528436	-73.645468		
64	0.072472	750	-0.501642	-74.147111		
65	0.067406	750	-0.474113	-74.621223		
66	0.062558	750	-0.477	-75.098223		
67	0.057926	750	-0.447673	-75.545896		
68	0.053506	750	-0.434339	-75.980235		
69	0.049295	750	-0.418608	-76.398843		
70	0.045289	750	-0.389516	-76.788359		
71	0.041485	750	-0.37797	-77.166329		
72	0.03788	750	-0.358953	-77.525282		
73	0.034469	750	-0.349813	-77.875095		
74	0.03125	750	-0.332426	-78.20752		
75	0.028218	750	-0.307906	-78.515426		
76	0.02537	750	-0.301287	-78.816713		
77	0.022702	750	-0.275497	-79.09221		
78	0.020209	750	-0.272695	-79.364905		
79	0.017889	750	-0.24863	-79.613535		
80	0.015736	750	-0.231309	-79.844844		
81	0.013746	750	-0.215011	-80.059854		
82	0.011916	750	-0.200851	-80.260705		
83	0.01024	750	-0.190165	-80.45087		
84	0.008714	750	-0.16853	-80.619399		
85	0.007334	750	-0.15459	-80.773989		
86	0.006093	750	-0.14015	-80.91414		
87	0.004988	750	-0.121328	-81.035468		
88	0.004013	750	-0.108305	-81.143772		
89	0.003162	750	-0.098266	-81.242038		
90	0.00243	750	-0.084659	-81.326697		
91	0.00181	750	-0.077494	-81.404191		
92	0.001296	750	-0.063572	-81.467763		
93	0.000882	750	-0.050736	-81.518499		
94	0.000559	750	-0.03692	-81.55542		
95	0.00032	750	-0.0285	-81.58392		
96	0.000156	750	-0.019725	-81.603645		
97	0.000057	750	-0.011778	-81.615423		
98	0.00001	750	-0.005755	-81.621179		
99	0	750	-0.00119	-81.622369		
Log marginal likelihood:	-81.622369					
0	0.975187	750	-2.06394	-2.06394		
1	0.950747	750	-2.036292	-4.100232		
2	0.926679	750	-2.072189	-6.172421		
3	0.90298	750	-1.958611	-8.131032		
4	0.879648	750	-1.930668	-10.0617		
5	0.856682	750	-1.935466	-11.997166		
6	0.834079	750	-1.915095	-13.912261		
7	0.811838	750	-1.917853	-15.830114		
8	0.789957	750	-1.810686	-17.6408		
9	0.768433	750	-1.812745	-19.453545		
10	0.747266	750	-1.823678	-21.277223		
11	0.726452	750	-1.750207	-23.027431		
12	0.705989	750	-1.725875	-24.753306		
13	0.685877	750	-1.710232	-26.463538		
14	0.666112	750	-1.697858	-28.161397		
15	0.646693	750	-1.634428	-29.795825		
16	0.627618	750	-1.638505	-31.434329		
17	0.608884	750	-1.639055	-33.073384		
18	0.59049	750	-1.60387	-34.677254		
19	0.572433	750	-1.587202	-36.264456		
20	0.554712	750	-1.551053	-37.815509		
21	0.537324	750	-1.484824	-39.300333		
22	0.520268	750	-1.500988	-40.80132		
23	0.50354	750	-1.443797	-42.245118		
24	0.487139	750	-1.437007	-43.682125		
25	0.471063	750	-1.412095	-45.09422		
26	0.45531	750	-1.332964	-46.427184		
27	0.439877	750	-1.364408	-47.791592		
28	0.424762	750	-1.319717	-49.111309		
29	0.409963	750	-1.304507	-50.415815		
30	0.395478	750	-1.252756	-51.668572		
31	0.381305	750	-1.258772	-52.927343		
32	0.36744	750	-1.223386	-54.150729		
33	0.353883	750	-1.195623	-55.346352		
34	0.34063	750	-1.171164	-56.517516		
35	0.32768	750	-1.144408	-57.661924		
36	0.31503	750	-1.122687	-58.784611		
37	0.302677	750	-1.070481	-59.855092		
38	0.290619	750	-1.067368	-60.92246		
39	0.278855	750	-1.039979	-61.962438		
40	0.267381	750	-1.026522	-62.98896		
41	0.256195	750	-0.995027	-63.983988		
42	0.245294	750	-0.968579	-64.952567		
43	0.234677	750	-0.959167	-65.911733		
44	0.22434	750	-0.924935	-66.836669		
45	0.214281	750	-0.906637	-67.743306		
46	0.204498	750	-0.875136	-68.618441		
47	0.194988	750	-0.851476	-69.469917		
48	0.185749	750	-0.828904	-70.298821		
49	0.176777	750	-0.826182	-71.125002		
50	0.16807	750	-0.782681	-71.907683		
51	0.159626	750	-0.767072	-72.674756		
52	0.151441	750	-0.752888	-73.427644		
53	0.143514	750	-0.723993	-74.151636		
54	0.135841	750	-0.703275	-74.854912		
55	0.12842	750	-0.688456	-75.543367		
56	0.121247	750	-0.669694	-76.213061		
57	0.11432	750	-0.651591	-76.864652		
58	0.107637	750	-0.616871	-77.481523		
59	0.101193	750	-0.611135	-78.092657		
60	0.094986	750	-0.576453	-78.66911		
61	0.089014	750	-0.560107	-79.229218		
62	0.083273	750	-0.545183	-79.774401		
63	0.07776	750	-0.517083	-80.291484		
64	0.072472	750	-0.502363	-80.793847		
65	0.067406	750	-0.493487	-81.287334		
66	0.062558	750	-0.463859	-81.751193		
67	0.057926	750	-0.454838	-82.206031		
68	0.053506	750	-0.42751	-82.633541		
69	0.049295	750	-0.413164	-83.046705		
70	0.045289	750	-0.39913	-83.445835		
71	0.041485	750	-0.374381	-83.820216		
72	0.03788	750	-0.357696	-84.177912		
73	0.034469	750	-0.339983	-84.517895		
74	0.03125	750	-0.326955	-84.844849		
75	0.028218	750	-0.323297	-85.168147		
76	0.02537	750	-0.299136	-85.467283		
77	0.022702	750	-0.277309	-85.744593		
78	0.020209	750	-0.270059	-86.014652		
79	0.017889	750	-0.250033	-86.264685		
80	0.015736	750	-0.224176	-86.48886		
81	0.013746	750	-0.207118	-86.695978		
82	0.011916	750	-0.208061	-86.90404		
83	0.01024	750	-0.183735	-87.087774		
84	0.008714	750	-0.175254	-87.263028		
85	0.007334	750	-0.150883	-87.413911		
86	0.006093	750	-0.150823	-87.564734		
87	0.004988	750	-0.138439	-87.703173		
88	0.004013	750	-0.116393	-87.819566		
89	0.003162	750	-0.101315	-87.920881		
90	0.00243	750	-0.084921	-88.005802		
91	0.00181	750	-0.071801	-88.077603		
92	0.001296	750	-0.062791	-88.140394		
93	0.000882	750	-0.051244	-88.191638		
94	0.000559	750	-0.041437	-88.233075		
95	0.00032	750	-0.028877	-88.261952		
96	0.000156	750	-0.020432	-88.282384		
97	0.000057	750	-0.01148	-88.293864		
98	0.00001	750	-0.005706	-88.29957		
99	0	750	-0.001134	-88.300703		
Log marginal likelihood:	-88.300703					
0	0.975187	750	-1.792936	-1.792936		
1	0.950747	750	-1.73462	-3.527556		
2	0.926679	750	-1.729026	-5.256582		
3	0.90298	750	-1.711279	-6.96786		
4	0.879648	750	-1.723995	-8.691855		
5	0.856682	750	-1.788071	-10.479926		
6	0.834079	750	-1.629731	-12.109657		
7	0.811838	750	-1.638266	-13.747923		
8	0.789957	750	-1.630107	-15.37803		
9	0.768433	750	-1.584105	-16.962134		
10	0.747266	750	-1.621927	-18.584062		
11	0.726452	750	-1.623454	-20.207516		
12	0.705989	750	-1.586097	-21.793612		
13	0.685877	750	-1.497353	-23.290965		
14	0.666112	750	-1.472067	-24.763032		
15	0.646693	750	-1.487149	-26.250181		
16	0.627618	750	-1.562476	-27.812656		
17	0.608884	750	-1.464891	-29.277548		
18	0.59049	750	-1.354703	-30.632251		
19	0.572433	750	-1.391096	-32.023347		
20	0.554712	750	-1.436082	-33.459428		
21	0.537324	750	-1.339299	-34.798727		
22	0.520268	750	-1.366616	-36.165343		
23	0.50354	750	-1.337794	-37.503137		
24	0.487139	750	-1.282539	-38.785676		
25	0.471063	750	-1.301455	-40.087131		
26	0.45531	750	-1.298244	-41.385375		
27	0.439877	750	-1.262004	-42.647379		
28	0.424762	750	-1.234608	-43.881987		
29	0.409963	750	-1.219251	-45.101237		
30	0.395478	750	-1.208601	-46.309838		
31	0.381305	750	-1.136906	-47.446744		
32	0.36744	750	-1.099419	-48.546163		
33	0.353883	750	-1.119948	-49.666111		
34	0.34063	750	-1.101736	-50.767847		
35	0.32768	750	-1.052422	-51.820268		
36	0.31503	750	-1.072874	-52.893143		
37	0.302677	750	-1.023797	-53.916939		
38	0.290619	750	-1.020247	-54.937187		
39	0.278855	750	-1.013684	-55.950871		
40	0.267381	750	-0.957673	-56.908544		
41	0.256195	750	-0.940456	-57.849001		
42	0.245294	750	-0.914264	-58.763265		
43	0.234677	750	-0.918953	-59.682218		
44	0.22434	750	-0.875596	-60.557814		
45	0.214281	750	-0.863048	-61.420861		
46	0.204498	750	-0.849228	-62.27009		
47	0.194988	750	-0.830913	-63.101002		
48	0.185749	750	-0.802144	-63.903147		
49	0.176777	750	-0.780826	-64.683972		
50	0.16807	750	-0.767243	-65.451215		
51	0.159626	750	-0.742337	-66.193552		
52	0.151441	750	-0.724566	-66.918118		
53	0.143514	750	-0.687915	-67.606033		
54	0.135841	750	-0.686288	-68.292321		
55	0.12842	750	-0.66546	-68.957781		
56	0.121247	750	-0.642596	-69.600377		
57	0.11432	750	-0.611617	-70.211995		
58	0.107637	750	-0.591002	-70.802997		
59	0.101193	750	-0.584038	-71.387035		
60	0.094986	750	-0.562567	-71.949602		
61	0.089014	750	-0.54784	-72.497442		
62	0.083273	750	-0.522284	-73.019726		
63	0.07776	750	-0.501807	-73.521532		
64	0.072472	750	-0.486451	-74.007984		
65	0.067406	750	-0.470151	-74.478135		
66	0.062558	750	-0.45063	-74.928765		
67	0.057926	750	-0.433139	-75.361905		
68	0.053506	750	-0.431447	-75.793352		
69	0.049295	750	-0.399271	-76.192623		
70	0.045289	750	-0.381488	-76.574111		
71	0.041485	750	-0.376074	-76.950185		
72	0.03788	750	-0.344673	-77.294858		
73	0.034469	750	-0.346569	-77.641427		
74	0.03125	750	-0.316096	-77.957523		
75	0.028218	750	-0.309498	-78.26702		
76	0.02537	750	-0.289651	-78.556672		
77	0.022702	750	-0.269642	-78.826314		
78	0.020209	750	-0.251334	-79.077647		
79	0.017889	750	-0.253155	-79.330802		
80	0.015736	750	-0.217258	-79.548061		
81	0.013746	750	-0.219952	-79.768012		
82	0.011916	750	-0.20603	-79.974042		
83	0.01024	750	-0.180553	-80.154596		
84	0.008714	750	-0.162019	-80.316615		
85	0.007334	750	-0.151256	-80.467871		
86	0.006093	750	-0.128989	-80.596859		
87	0.004988	750	-0.125065	-80.721924		
88	0.004013	750	-0.113525	-80.835448		
89	0.003162	750	-0.098155	-80.933603		
90	0.00243	750	-0.091225	-81.024828		
91	0.00181	750	-0.071457	-81.096285		
92	0.001296	750	-0.063277	-81.159562		
93	0.000882	750	-0.054189	-81.213751		
94	0.000559	750	-0.037171	-81.250923		
95	0.00032	750	-0.027691	-81.278614		
96	0.000156	750	-0.020122	-81.298736		
97	0.000057	750	-0.011615	-81.310351		
98	0.00001	750	-0.005336	-81.315687		
99	0	750	-0.001092	-81.316779		
Log marginal likelihood:	-81.316779					
0	0.975187	750	-1.682598	-1.682598		
1	0.950747	750	-1.652126	-3.334724		
2	0.926679	750	-1.621348	-4.956071		
3	0.90298	750	-1.64822	-6.604291		
4	0.879648	750	-1.623552	-8.227843		
5	0.856682	750	-1.557262	-9.785105		
6	0.834079	750	-1.579835	-11.364939		
7	0.811838	750	-1.52116	-12.886099		
8	0.789957	750	-1.513925	-14.400025		
9	0.768433	750	-1.495112	-15.895137		
10	0.747266	750	-1.491894	-17.38703		
11	0.726452	750	-1.457179	-18.84421		
12	0.705989	750	-1.413229	-20.257439		
13	0.685877	750	-1.412454	-21.669893		
14	0.666112	750	-1.384525	-23.054419		
15	0.646693	750	-1.386139	-24.440558		
16	0.627618	750	-1.323815	-25.764373		
17	0.608884	750	-1.314976	-27.079349		
18	0.59049	750	-1.319979	-28.399328		
19	0.572433	750	-1.295575	-29.694903		
20	0.554712	750	-1.26698	-30.961883		
21	0.537324	750	-1.254812	-32.216696		
22	0.520268	750	-1.234469	-33.451165		
23	0.50354	750	-1.246185	-34.697349		
24	0.487139	750	-1.16146	-35.858809		
25	0.471063	750	-1.155661	-37.014469		
26	0.45531	750	-1.164202	-38.178671		
27	0.439877	750	-1.173819	-39.35249		
28	0.424762	750	-1.194773	-40.547262		
29	0.409963	750	-1.069717	-41.616979		
30	0.395478	750	-1.078068	-42.695047		
31	0.381305	750	-1.101002	-43.796049		
32	0.36744	750	-1.070749	-44.866798		
33	0.353883	750	-1.03896	-45.905758		
34	0.34063	750	-1.023835	-46.929592		
35	0.32768	750	-1.032145	-47.961737		
36	0.31503	750	-0.986443	-48.94818		
37	0.302677	750	-1.045276	-49.993456		
38	0.290619	750	-1.002911	-50.996367		
39	0.278855	750	-0.933844	-51.930211		
40	0.267381	750	-0.954998	-52.885209		
41	0.256195	750	-0.838739	-53.723948		
42	0.245294	750	-0.890476	-54.614424		
43	0.234677	750	-0.870756	-55.48518		
44	0.22434	750	-0.836051	-56.321231		
45	0.214281	750	-0.804374	-57.125605		
46	0.204498	750	-0.818079	-57.943685		
47	0.194988	750	-0.786261	-58.729946		
48	0.185749	750	-0.786534	-59.51648		
49	0.176777	750	-0.742484	-60.258964		
50	0.16807	750	-0.757529	-61.016493		
51	0.159626	750	-0.68936	-61.705853		
52	0.151441	750	-0.707218	-62.413071		
53	0.143514	750	-0.686072	-63.099143		
54	0.135841	750	-0.631881	-63.731024		
55	0.12842	750	-0.6407	-64.371724		
56	0.121247	750	-0.621275	-64.992999		
57	0.11432	750	-0.613883	-65.606882		
58	0.107637	750	-0.576744	-66.183626		
59	0.101193	750	-0.55619	-66.739816		
60	0.094986	750	-0.553619	-67.293435		
61	0.089014	750	-0.559606	-67.853041		
62	0.083273	750	-0.514253	-68.367294		
63	0.07776	750	-0.495456	-68.862751		
64	0.072472	750	-0.479175	-69.341926		
65	0.067406	750	-0.467187	-69.809113		
66	0.062558	750	-0.440041	-70.249154		
67	0.057926	750	-0.431326	-70.68048		
68	0.053506	750	-0.4079	-71.08838		
69	0.049295	750	-0.387286	-71.475666		
70	0.045289	750	-0.380604	-71.85627		
71	0.041485	750	-0.358294	-72.214563		
72	0.03788	750	-0.343789	-72.558353		
73	0.034469	750	-0.333244	-72.891597		
74	0.03125	750	-0.319376	-73.210972		
75	0.028218	750	-0.293829	-73.504802		
76	0.02537	750	-0.289105	-73.793907		
77	0.022702	750	-0.263438	-74.057345		
78	0.020209	750	-0.259521	-74.316866		
79	0.017889	750	-0.246738	-74.563604		
80	0.015736	750	-0.223394	-74.786997		
81	0.013746	750	-0.214137	-75.001134		
82	0.011916	750	-0.201551	-75.202685		
83	0.01024	750	-0.176122	-75.378808		
84	0.008714	750	-0.159522	-75.53833		
85	0.007334	750	-0.145825	-75.684155		
86	0.006093	750	-0.138846	-75.823		
87	0.004988	750	-0.120501	-75.943501		
88	0.004013	750	-0.109955	-76.053456		
89	0.003162	750	-0.095479	-76.148935		
90	0.00243	750	-0.084756	-76.233691		
91	0.00181	750	-0.080314	-76.314005		
92	0.001296	750	-0.061279	-76.375285		
93	0.000882	750	-0.047913	-76.423198		
94	0.000559	750	-0.039431	-76.462629		
95	0.00032	750	-0.027532	-76.490161		
96	0.000156	750	-0.01821	-76.50837		
97	0.000057	750	-0.011482	-76.519852		
98	0.00001	750	-0.005322	-76.525174		
99	0	750	-0.001125	-76.526299		
Log marginal likelihood:	-76.526299					
0	0.975187	750	-2.050759	-2.050759		
1	0.950747	750	-2.025023	-4.075782		
2	0.926679	750	-2.027933	-6.103714		
3	0.90298	750	-1.971016	-8.07473		
4	0.879648	750	-1.938597	-10.013327		
5	0.856682	750	-1.995004	-12.008331		
6	0.834079	750	-1.891476	-13.899806		
7	0.811838	750	-1.982623	-15.882429		
8	0.789957	750	-1.827816	-17.710245		
9	0.768433	750	-1.796106	-19.506351		
10	0.747266	750	-1.865056	-21.371406		
11	0.726452	750	-1.752467	-23.123873		
12	0.705989	750	-1.819603	-24.943476		
13	0.685877	750	-1.692567	-26.636043		
14	0.666112	750	-1.661481	-28.297524		
15	0.646693	750	-1.65263	-29.950155		
16	0.627618	750	-1.630519	-31.580673		
17	0.608884	750	-1.674624	-33.255297		
18	0.59049	750	-1.647783	-34.90308		
19	0.572433	750	-1.581734	-36.484813		
20	0.554712	750	-1.492816	-37.97763		
21	0.537324	750	-1.489416	-39.467046		
22	0.520268	750	-1.494541	-40.961586		
23	0.50354	750	-1.464708	-42.426294		
24	0.487139	750	-1.414676	-43.840969		
25	0.471063	750	-1.442475	-45.283444		
26	0.45531	750	-1.417195	-46.700639		
27	0.439877	750	-1.332179	-48.032818		
28	0.424762	750	-1.3331	-49.365918		
29	0.409963	750	-1.306335	-50.672253		
30	0.395478	750	-1.283823	-51.956076		
31	0.381305	750	-1.249547	-53.205623		
32	0.36744	750	-1.21941	-54.425033		
33	0.353883	750	-1.225517	-55.65055		
34	0.34063	750	-1.205103	-56.855653		
35	0.32768	750	-1.170111	-58.025764		
36	0.31503	750	-1.144614	-59.170379		
37	0.302677	750	-1.118124	-60.288502		
38	0.290619	750	-1.082875	-61.371377		
39	0.278855	750	-1.072035	-62.443412		
40	0.267381	750	-1.040954	-63.484366		
41	0.256195	750	-1.022777	-64.507143		
42	0.245294	750	-0.980999	-65.488142		
43	0.234677	750	-0.963247	-66.451389		
44	0.22434	750	-0.937789	-67.389177		
45	0.214281	750	-0.896875	-68.286053		
46	0.204498	750	-0.900913	-69.186965		
47	0.194988	750	-0.880629	-70.067594		
48	0.185749	750	-0.838172	-70.905766		
49	0.176777	750	-0.822501	-71.728267		
50	0.16807	750	-0.801973	-72.53024		
51	0.159626	750	-0.784152	-73.314392		
52	0.151441	750	-0.768141	-74.082534		
53	0.143514	750	-0.745759	-74.828293		
54	0.135841	750	-0.716962	-75.545255		
55	0.12842	750	-0.702294	-76.247549		
56	0.121247	750	-0.670108	-76.917657		
57	0.11432	750	-0.653543	-77.571201		
58	0.107637	750	-0.640045	-78.211246		
59	0.101193	750	-0.614492	-78.825738		
60	0.094986	750	-0.594311	-79.420049		
61	0.089014	750	-0.581972	-80.00202		
62	0.083273	750	-0.5569	-80.55892		
63	0.07776	750	-0.53631	-81.09523		
64	0.072472	750	-0.510954	-81.606184		
65	0.067406	750	-0.490816	-82.097001		
66	0.062558	750	-0.486684	-82.583685		
67	0.057926	750	-0.459902	-83.043587		
68	0.053506	750	-0.438824	-83.482411		
69	0.049295	750	-0.42411	-83.906522		
70	0.045289	750	-0.39904	-84.305561		
71	0.041485	750	-0.40234	-84.707901		
72	0.03788	750	-0.376622	-85.084523		
73	0.034469	750	-0.353969	-85.438492		
74	0.03125	750	-0.351118	-85.78961		
75	0.028218	750	-0.323456	-86.113066		
76	0.02537	750	-0.30209	-86.415157		
77	0.022702	750	-0.283105	-86.698261		
78	0.020209	750	-0.276873	-86.975135		
79	0.017889	750	-0.246492	-87.221627		
80	0.015736	750	-0.231958	-87.453585		
81	0.013746	750	-0.219781	-87.673366		
82	0.011916	750	-0.204986	-87.878352		
83	0.01024	750	-0.204655	-88.083007		
84	0.008714	750	-0.181305	-88.264312		
85	0.007334	750	-0.160412	-88.424724		
86	0.006093	750	-0.145923	-88.570647		
87	0.004988	750	-0.133194	-88.703841		
88	0.004013	750	-0.114384	-88.818225		
89	0.003162	750	-0.100275	-88.9185		
90	0.00243	750	-0.107497	-89.025997		
91	0.00181	750	-0.072353	-89.09835		
92	0.001296	750	-0.062784	-89.161134		
93	0.000882	750	-0.047817	-89.208951		
94	0.000559	750	-0.038662	-89.247613		
95	0.00032	750	-0.030143	-89.277756		
96	0.000156	750	-0.020446	-89.298202		
97	0.000057	750	-0.012492	-89.310694		
98	0.00001	750	-0.005616	-89.31631		
99	0	750	-0.001267	-89.317576		
Log marginal likelihood:	-89.317576					
0	0.975187	750	-2.019222	-2.019222		
1	0.950747	750	-2.043939	-4.063161		
2	0.926679	750	-1.957942	-6.021103		
3	0.90298	750	-1.998049	-8.019153		
4	0.879648	750	-1.893679	-9.912832		
5	0.856682	750	-1.930229	-11.843061		
6	0.834079	750	-1.839165	-13.682226		
7	0.811838	750	-1.808798	-15.491024		
8	0.789957	750	-1.909924	-17.400948		
9	0.768433	750	-1.917066	-19.318015		
10	0.747266	750	-1.884847	-21.202862		
11	0.726452	750	-1.759399	-22.962261		
12	0.705989	750	-1.720923	-24.683184		
13	0.685877	750	-1.645998	-26.329182		
14	0.666112	750	-1.696197	-28.02538		
15	0.646693	750	-1.650585	-29.675965		
16	0.627618	750	-1.58673	-31.262695		
17	0.608884	750	-1.573786	-32.836481		
18	0.59049	750	-1.641339	-34.47782		
19	0.572433	750	-1.521961	-35.999781		
20	0.554712	750	-1.521814	-37.521595		
21	0.537324	750	-1.508113	-39.029707		
22	0.520268	750	-1.409632	-40.43934		
23	0.50354	750	-1.452693	-41.892033		
24	0.487139	750	-1.373652	-43.265685		
25	0.471063	750	-1.400765	-44.66645		
26	0.45531	750	-1.418239	-46.084689		
27	0.439877	750	-1.391507	-47.476196		
28	0.424762	750	-1.367227	-48.843423		
29	0.409963	750	-1.300294	-50.143717		
30	0.395478	750	-1.278622	-51.422339		
31	0.381305	750	-1.276177	-52.698516		
32	0.36744	750	-1.262678	-53.961193		
33	0.353883	750	-1.230077	-55.19127		
34	0.34063	750	-1.205538	-56.396808		
35	0.32768	750	-1.158506	-57.555315		
36	0.31503	750	-1.126309	-58.681624		
37	0.302677	750	-1.112363	-59.793987		
38	0.290619	750	-1.083487	-60.877474		
39	0.278855	750	-1.060208	-61.937682		
40	0.267381	750	-1.042698	-62.980381		
41	0.256195	750	-0.995888	-63.976269		
42	0.245294	750	-0.977909	-64.954178		
43	0.234677	750	-0.961442	-65.91562		
44	0.22434	750	-0.946309	-66.861929		
45	0.214281	750	-0.926342	-67.788271		
46	0.204498	750	-0.907169	-68.695439		
47	0.194988	750	-0.869897	-69.565336		
48	0.185749	750	-0.84866	-70.413996		
49	0.176777	750	-0.830387	-71.244383		
50	0.16807	750	-0.798575	-72.042958		
51	0.159626	750	-0.782754	-72.825712		
52	0.151441	750	-0.765885	-73.591597		
53	0.143514	750	-0.755496	-74.347093		
54	0.135841	750	-0.726131	-75.073224		
55	0.12842	750	-0.704609	-75.777833		
56	0.121247	750	-0.67325	-76.451083		
57	0.11432	750	-0.653412	-77.104495		
58	0.107637	750	-0.639032	-77.743527		
59	0.101193	750	-0.60625	-78.349777		
60	0.094986	750	-0.59526	-78.945037		
61	0.089014	750	-0.570765	-79.515801		
62	0.083273	750	-0.555052	-80.070853		
63	0.07776	750	-0.53887	-80.609723		
64	0.072472	750	-0.515609	-81.125332		
65	0.067406	750	-0.497386	-81.622719		
66	0.062558	750	-0.485905	-82.108623		
67	0.057926	750	-0.450577	-82.5592		
68	0.053506	750	-0.434929	-82.994129		
69	0.049295	750	-0.432404	-83.426534		
70	0.045289	750	-0.401268	-83.827802		
71	0.041485	750	-0.402484	-84.230286		
72	0.03788	750	-0.376412	-84.606698		
73	0.034469	750	-0.343741	-84.950439		
74	0.03125	750	-0.337954	-85.288393		
75	0.028218	750	-0.328466	-85.616859		
76	0.02537	750	-0.304783	-85.921642		
77	0.022702	750	-0.286874	-86.208517		
78	0.020209	750	-0.265949	-86.474466		
79	0.017889	750	-0.242347	-86.716813		
80	0.015736	750	-0.235643	-86.952456		
81	0.013746	750	-0.227967	-87.180424		
82	0.011916	750	-0.214665	-87.395089		
83	0.01024	750	-0.194179	-87.589268		
84	0.008714	750	-0.18119	-87.770458		
85	0.007334	750	-0.155897	-87.926355		
86	0.006093	750	-0.145027	-88.071382		
87	0.004988	750	-0.123063	-88.194445		
88	0.004013	750	-0.120958	-88.315403		
89	0.003162	750	-0.097374	-88.412777		
90	0.00243	750	-0.086874	-88.499651		
91	0.00181	750	-0.075154	-88.574804		
92	0.001296	750	-0.060013	-88.634817		
93	0.000882	750	-0.050597	-88.685414		
94	0.000559	750	-0.03819	-88.723604		
95	0.00032	750	-0.02776	-88.751364		
96	0.000156	750	-0.020149	-88.771513		
97	0.000057	750	-0.011994	-88.783507		
98	0.00001	750	-0.005658	-88.789164		
99	0	750	-0.001298	-88.790462		
Log marginal likelihood:	-88.790462					
0	0.975187	750	-1.994881	-1.994881		
1	0.950747	750	-1.985484	-3.980366		
2	0.926679	750	-1.944948	-5.925314		
3	0.90298	750	-1.931819	-7.857133		
4	0.879648	750	-1.900349	-9.757482		
5	0.856682	750	-1.873352	-11.630834		
6	0.834079	750	-1.831032	-13.461866		
7	0.811838	750	-1.795288	-15.257154		
8	0.789957	750	-1.781464	-17.038618		
9	0.768433	750	-1.773167	-18.811785		
10	0.747266	750	-1.756599	-20.568384		
11	0.726452	750	-1.713192	-22.281575		
12	0.705989	750	-1.691254	-23.972829		
13	0.685877	750	-1.63174	-25.604569		
14	0.666112	750	-1.646961	-27.25153		
15	0.646693	750	-1.609905	-28.861435		
16	0.627618	750	-1.589226	-30.450662		
17	0.608884	750	-1.562998	-32.013659		
18	0.59049	750	-1.519564	-33.533223		
19	0.572433	750	-1.49222	-35.025443		
20	0.554712	750	-1.472801	-36.498244		
21	0.537324	750	-1.443291	-37.941536		
22	0.520268	750	-1.414536	-39.356072		
23	0.50354	750	-1.394412	-40.750484		
24	0.487139	750	-1.36995	-42.120434		
25	0.471063	750	-1.324575	-43.445009		
26	0.45531	750	-1.31426	-44.759269		
27	0.439877	750	-1.298928	-46.058197		
28	0.424762	750	-1.270501	-47.328698		
29	0.409963	750	-1.240403	-48.569101		
30	0.395478	750	-1.225317	-49.794419		
31	0.381305	750	-1.185447	-50.979866		
32	0.36744	750	-1.150353	-52.130219		
33	0.353883	750	-1.137528	-53.267747		
34	0.34063	750	-1.119692	-54.387439		
35	0.32768	750	-1.085708	-55.473147		
36	0.31503	750	-1.061704	-56.534851		
37	0.302677	750	-1.053569	-57.58842		
38	0.290619	750	-1.030351	-58.618771		
39	0.278855	750	-1.002447	-59.621219		
40	0.267381	750	-0.969551	-60.59077		
41	0.256195	750	-0.952612	-61.543382		
42	0.245294	750	-0.935369	-62.478751		
43	0.234677	750	-0.904116	-63.382867		
44	0.22434	750	-0.884753	-64.267621		
45	0.214281	750	-0.862086	-65.129707		
46	0.204498	750	-0.849097	-65.978804		
47	0.194988	750	-0.826176	-66.80498		
48	0.185749	750	-0.795709	-67.600689		
49	0.176777	750	-0.786458	-68.387147		
50	0.16807	750	-0.753298	-69.140445		
51	0.159626	750	-0.738941	-69.879386		
52	0.151441	750	-0.720249	-70.599634		
53	0.143514	750	-0.694243	-71.293877		
54	0.135841	750	-0.682886	-71.976763		
55	0.12842	750	-0.650696	-72.627459		
56	0.121247	750	-0.634956	-73.262415		
57	0.11432	750	-0.61866	-73.881075		
58	0.107637	750	-0.601032	-74.482107		
59	0.101193	750	-0.577087	-75.059194		
60	0.094986	750	-0.566271	-75.625465		
61	0.089014	750	-0.546017	-76.171482		
62	0.083273	750	-0.519687	-76.691168		
63	0.07776	750	-0.504273	-77.195441		
64	0.072472	750	-0.486058	-77.681499		
65	0.067406	750	-0.471319	-78.152818		
66	0.062558	750	-0.458498	-78.611316		
67	0.057926	750	-0.428005	-79.039321		
68	0.053506	750	-0.413386	-79.452707		
69	0.049295	750	-0.402576	-79.855283		
70	0.045289	750	-0.383977	-80.23926		
71	0.041485	750	-0.356247	-80.595507		
72	0.03788	750	-0.35444	-80.949948		
73	0.034469	750	-0.344694	-81.294641		
74	0.03125	750	-0.312424	-81.607066		
75	0.028218	750	-0.302358	-81.909424		
76	0.02537	750	-0.292883	-82.202307		
77	0.022702	750	-0.260445	-82.462752		
78	0.020209	750	-0.262159	-82.72491		
79	0.017889	750	-0.235041	-82.959951		
80	0.015736	750	-0.243688	-83.20364		
81	0.013746	750	-0.203984	-83.407624		
82	0.011916	750	-0.201331	-83.608955		
83	0.01024	750	-0.177665	-83.78662		
84	0.008714	750	-0.163018	-83.949637		
85	0.007334	750	-0.14226	-84.091898		
86	0.006093	750	-0.137933	-84.229831		
87	0.004988	750	-0.11861	-84.348441		
88	0.004013	750	-0.111316	-84.459757		
89	0.003162	750	-0.095059	-84.554816		
90	0.00243	750	-0.079738	-84.634554		
91	0.00181	750	-0.066572	-84.701126		
92	0.001296	750	-0.057594	-84.75872		
93	0.000882	750	-0.047396	-84.806116		
94	0.000559	750	-0.035488	-84.841604		
95	0.00032	750	-0.027261	-84.868866		
96	0.000156	750	-0.018487	-84.887353		
97	0.000057	750	-0.01214	-84.899493		
98	0.00001	750	-0.005392	-84.904885		
99	0	750	-0.001133	-84.906018		
Log marginal likelihood:	-84.906018					
0	0.975187	750	-1.901289	-1.901289		
1	0.950747	750	-1.862031	-3.76332		
2	0.926679	750	-1.861247	-5.624568		
3	0.90298	750	-1.812483	-7.437051		
4	0.879648	750	-1.800872	-9.237923		
5	0.856682	750	-1.792865	-11.030788		
6	0.834079	750	-1.728068	-12.758856		
7	0.811838	750	-1.733611	-14.492467		
8	0.789957	750	-1.685411	-16.177878		
9	0.768433	750	-1.65945	-17.837329		
10	0.747266	750	-1.661467	-19.498796		
11	0.726452	750	-1.631126	-21.129922		
12	0.705989	750	-1.582328	-22.71225		
13	0.685877	750	-1.56038	-24.272629		
14	0.666112	750	-1.52692	-25.799549		
15	0.646693	750	-1.497989	-27.297538		
16	0.627618	750	-1.486982	-28.78452		
17	0.608884	750	-1.468905	-30.253425		
18	0.59049	750	-1.456663	-31.710089		
19	0.572433	750	-1.41472	-33.124809		
20	0.554712	750	-1.380601	-34.50541		
21	0.537324	750	-1.402242	-35.907651		
22	0.520268	750	-1.380091	-37.287742		
23	0.50354	750	-1.354193	-38.641935		
24	0.487139	750	-1.316421	-39.958356		
25	0.471063	750	-1.265014	-41.22337		
26	0.45531	750	-1.239031	-42.4624		
27	0.439877	750	-1.238237	-43.700637		
28	0.424762	750	-1.276266	-44.976903		
29	0.409963	750	-1.198075	-46.174977		
30	0.395478	750	-1.208249	-47.383227		
31	0.381305	750	-1.1675	-48.550727		
32	0.36744	750	-1.169032	-49.719759		
33	0.353883	750	-1.157914	-50.877674		
34	0.34063	750	-1.134544	-52.012217		
35	0.32768	750	-1.093598	-53.105815		
36	0.31503	750	-1.070453	-54.176268		
37	0.302677	750	-1.062775	-55.239043		
38	0.290619	750	-1.006754	-56.245797		
39	0.278855	750	-1.003771	-57.249568		
40	0.267381	750	-0.992769	-58.242337		
41	0.256195	750	-0.931912	-59.174249		
42	0.245294	750	-0.927709	-60.101958		
43	0.234677	750	-0.894385	-60.996343		
44	0.22434	750	-0.867859	-61.864202		
45	0.214281	750	-0.86009	-62.724292		
46	0.204498	750	-0.85106	-63.575352		
47	0.194988	750	-0.827433	-64.402785		
48	0.185749	750	-0.809689	-65.212473		
49	0.176777	750	-0.789848	-66.002322		
50	0.16807	750	-0.764174	-66.766496		
51	0.159626	750	-0.729339	-67.495835		
52	0.151441	750	-0.716476	-68.212311		
53	0.143514	750	-0.693697	-68.906008		
54	0.135841	750	-0.682844	-69.588852		
55	0.12842	750	-0.6543	-70.243152		
56	0.121247	750	-0.627818	-70.870969		
57	0.11432	750	-0.620574	-71.491544		
58	0.107637	750	-0.603081	-72.094625		
59	0.101193	750	-0.571681	-72.666306		
60	0.094986	750	-0.557389	-73.223696		
61	0.089014	750	-0.550525	-73.774221		
62	0.083273	750	-0.52749	-74.301711		
63	0.07776	750	-0.505495	-74.807206		
64	0.072472	750	-0.487985	-75.295191		
65	0.067406	750	-0.463447	-75.758638		
66	0.062558	750	-0.448717	-76.207355		
67	0.057926	750	-0.431097	-76.638452		
68	0.053506	750	-0.419035	-77.057487		
69	0.049295	750	-0.3907	-77.448187		
70	0.045289	750	-0.385454	-77.833641		
71	0.041485	750	-0.376011	-78.209652		
72	0.03788	750	-0.345621	-78.555272		
73	0.034469	750	-0.342468	-78.89774		
74	0.03125	750	-0.323802	-79.221543		
75	0.028218	750	-0.307168	-79.528711		
76	0.02537	750	-0.286716	-79.815427		
77	0.022702	750	-0.271008	-80.086435		
78	0.020209	750	-0.248974	-80.335409		
79	0.017889	750	-0.243511	-80.57892		
80	0.015736	750	-0.228931	-80.807851		
81	0.013746	750	-0.220026	-81.027877		
82	0.011916	750	-0.188588	-81.216466		
83	0.01024	750	-0.178423	-81.394889		
84	0.008714	750	-0.176887	-81.571776		
85	0.007334	750	-0.156769	-81.728545		
86	0.006093	750	-0.135677	-81.864222		
87	0.004988	750	-0.116901	-81.981123		
88	0.004013	750	-0.106206	-82.087329		
89	0.003162	750	-0.099556	-82.186885		
90	0.00243	750	-0.090928	-82.277813		
91	0.00181	750	-0.067251	-82.345064		
92	0.001296	750	-0.063034	-82.408098		
93	0.000882	750	-0.045512	-82.453609		
94	0.000559	750	-0.037564	-82.491173		
95	0.00032	750	-0.028627	-82.5198		
96	0.000156	750	-0.017796	-82.537596		
97	0.000057	750	-0.012041	-82.549636		
98	0.00001	750	-0.005473	-82.555109		
99	0	750	-0.001148	-82.556257		
Log marginal likelihood:	-82.556257					
0	0.975187	750	-2.174366	-2.174366		
1	0.950747	750	-2.142398	-4.316764		
2	0.926679	750	-2.117238	-6.434002		
3	0.90298	750	-2.082872	-8.516873		
4	0.879648	750	-2.049361	-10.566234		
5	0.856682	750	-2.01429	-12.580525		
6	0.834079	750	-1.9893	-14.569825		
7	0.811838	750	-1.956909	-16.526734		
8	0.789957	750	-1.93414	-18.460873		
9	0.768433	750	-1.903849	-20.364723		
10	0.747266	750	-1.862649	-22.227371		
11	0.726452	750	-1.833977	-24.061348		
12	0.705989	750	-1.799515	-25.860863		
13	0.685877	750	-1.771561	-27.632424		
14	0.666112	750	-1.750948	-29.383372		
15	0.646693	750	-1.728929	-31.112301		
16	0.627618	750	-1.688626	-32.800927		
17	0.608884	750	-1.658973	-34.4599		
18	0.59049	750	-1.630822	-36.090722		
19	0.572433	750	-1.601096	-37.691818		
20	0.554712	750	-1.569976	-39.261794		
21	0.537324	750	-1.537707	-40.799501		
22	0.520268	750	-1.509683	-42.309184		
23	0.50354	750	-1.486766	-43.79595		
24	0.487139	750	-1.45458	-45.25053		
25	0.471063	750	-1.426619	-46.677149		
26	0.45531	750	-1.400509	-48.077658		
27	0.439877	750	-1.382262	-49.459921		
28	0.424762	750	-1.348817	-50.808737		
29	0.409963	750	-1.32168	-52.130418		
30	0.395478	750	-1.292721	-53.423139		
31	0.381305	750	-1.269659	-54.692798		
32	0.36744	750	-1.238818	-55.931616		
33	0.353883	750	-1.208175	-57.13979		
34	0.34063	750	-1.203491	-58.343282		
35	0.32768	750	-1.172642	-59.515924		
36	0.31503	750	-1.129779	-60.645704		
37	0.302677	750	-1.113056	-61.75876		
38	0.290619	750	-1.09019	-62.84895		
39	0.278855	750	-1.065961	-63.91491		
40	0.267381	750	-1.037516	-64.952426		
41	0.256195	750	-1.023419	-65.975845		
42	0.245294	750	-1.005007	-66.980852		
43	0.234677	750	-0.958517	-67.939369		
44	0.22434	750	-0.946338	-68.885707		
45	0.214281	750	-0.914571	-69.800279		
46	0.204498	750	-0.905607	-70.705886		
47	0.194988	750	-0.869815	-71.575701		
48	0.185749	750	-0.846829	-72.42253		
49	0.176777	750	-0.830447	-73.252977		
50	0.16807	750	-0.801081	-74.054058		
51	0.159626	750	-0.779872	-74.83393		
52	0.151441	750	-0.755852	-75.589782		
53	0.143514	750	-0.735991	-76.325773		
54	0.135841	750	-0.71015	-77.035923		
55	0.12842	750	-0.691838	-77.727761		
56	0.121247	750	-0.680982	-78.408743		
57	0.11432	750	-0.649381	-79.058123		
58	0.107637	750	-0.645285	-79.703408		
59	0.101193	750	-0.612467	-80.315874		
60	0.094986	750	-0.591071	-80.906945		
61	0.089014	750	-0.575811	-81.482756		
62	0.083273	750	-0.553873	-82.036629		
63	0.07776	750	-0.535187	-82.571816		
64	0.072472	750	-0.519813	-83.09163		
65	0.067406	750	-0.493169	-83.584799		
66	0.062558	750	-0.480134	-84.064932		
67	0.057926	750	-0.459602	-84.524535		
68	0.053506	750	-0.436456	-84.96099		
69	0.049295	750	-0.410526	-85.371516		
70	0.045289	750	-0.386913	-85.758429		
71	0.041485	750	-0.379758	-86.138188		
72	0.03788	750	-0.362604	-86.500792		
73	0.034469	750	-0.352384	-86.853176		
74	0.03125	750	-0.342297	-87.195473		
75	0.028218	750	-0.314284	-87.509757		
76	0.02537	750	-0.301717	-87.811474		
77	0.022702	750	-0.299328	-88.110802		
78	0.020209	750	-0.270607	-88.381409		
79	0.017889	750	-0.245827	-88.627236		
80	0.015736	750	-0.232227	-88.859463		
81	0.013746	750	-0.21578	-89.075243		
82	0.011916	750	-0.194032	-89.269275		
83	0.01024	750	-0.189542	-89.458817		
84	0.008714	750	-0.172469	-89.631286		
85	0.007334	750	-0.16407	-89.795356		
86	0.006093	750	-0.143899	-89.939255		
87	0.004988	750	-0.127862	-90.067117		
88	0.004013	750	-0.118089	-90.185206		
89	0.003162	750	-0.102318	-90.287524		
90	0.00243	750	-0.091032	-90.378555		
91	0.00181	750	-0.06991	-90.448466		
92	0.001296	750	-0.062835	-90.511301		
93	0.000882	750	-0.048545	-90.559847		
94	0.000559	750	-0.042006	-90.601852		
95	0.00032	750	-0.029207	-90.63106		
96	0.000156	750	-0.019894	-90.650954		
97	0.000057	750	-0.012053	-90.663007		
98	0.00001	750	-0.005975	-90.668981		
99	0	750	-0.001315	-90.670297		
Log marginal likelihood:	-90.670297					
0	0.975187	750	-1.594369	-1.594369		
1	0.950747	750	-1.569491	-3.16386		
2	0.926679	750	-1.565064	-4.728924		
3	0.90298	750	-1.510751	-6.239675		
4	0.879648	750	-1.497599	-7.737274		
5	0.856682	750	-1.481721	-9.218995		
6	0.834079	750	-1.445729	-10.664724		
7	0.811838	750	-1.43312	-12.097844		
8	0.789957	750	-1.403194	-13.501038		
9	0.768433	750	-1.405019	-14.906057		
10	0.747266	750	-1.367918	-16.273975		
11	0.726452	750	-1.338262	-17.612236		
12	0.705989	750	-1.367367	-18.979603		
13	0.685877	750	-1.310517	-20.29012		
14	0.666112	750	-1.288524	-21.578644		
15	0.646693	750	-1.28627	-22.864914		
16	0.627618	750	-1.267563	-24.132477		
17	0.608884	750	-1.261571	-25.394049		
18	0.59049	750	-1.288112	-26.682161		
19	0.572433	750	-1.195382	-27.877543		
20	0.554712	750	-1.172778	-29.050321		
21	0.537324	750	-1.248515	-30.298836		
22	0.520268	750	-1.119825	-31.418661		
23	0.50354	750	-1.163766	-32.582427		
24	0.487139	750	-1.202516	-33.784942		
25	0.471063	750	-1.136606	-34.921548		
26	0.45531	750	-1.134002	-36.05555		
27	0.439877	750	-1.093199	-37.148749		
28	0.424762	750	-1.115146	-38.263894		
29	0.409963	750	-1.044356	-39.30825		
30	0.395478	750	-1.018387	-40.326637		
31	0.381305	750	-1.115494	-41.442131		
32	0.36744	750	-1.031017	-42.473147		
33	0.353883	750	-1.084237	-43.557384		
34	0.34063	750	-1.029321	-44.586705		
35	0.32768	750	-0.984152	-45.570857		
36	0.31503	750	-0.982392	-46.553249		
37	0.302677	750	-1.037234	-47.590484		
38	0.290619	750	-0.982983	-48.573466		
39	0.278855	750	-0.915418	-49.488884		
40	0.267381	750	-0.89281	-50.381694		
41	0.256195	750	-0.95682	-51.338515		
42	0.245294	750	-0.94897	-52.287485		
43	0.234677	750	-0.892727	-53.180212		
44	0.22434	750	-0.853283	-54.033496		
45	0.214281	750	-0.83501	-54.868506		
46	0.204498	750	-0.823768	-55.692273		
47	0.194988	750	-0.815306	-56.50758		
48	0.185749	750	-0.788281	-57.295861		
49	0.176777	750	-0.763959	-58.05982		
50	0.16807	750	-0.770161	-58.829981		
51	0.159626	750	-0.721214	-59.551195		
52	0.151441	750	-0.72123	-60.272425		
53	0.143514	750	-0.695927	-60.968352		
54	0.135841	750	-0.687885	-61.656237		
55	0.12842	750	-0.662859	-62.319096		
56	0.121247	750	-0.63473	-62.953826		
57	0.11432	750	-0.620849	-63.574675		
58	0.107637	750	-0.599875	-64.17455		
59	0.101193	750	-0.572169	-64.746719		
60	0.094986	750	-0.56963	-65.316348		
61	0.089014	750	-0.544522	-65.86087		
62	0.083273	750	-0.532007	-66.392878		
63	0.07776	750	-0.505521	-66.898398		
64	0.072472	750	-0.483492	-67.38189		
65	0.067406	750	-0.468527	-67.850417		
66	0.062558	750	-0.457254	-68.307671		
67	0.057926	750	-0.435475	-68.743146		
68	0.053506	750	-0.420023	-69.163169		
69	0.049295	750	-0.41327	-69.57644		
70	0.045289	750	-0.393991	-69.97043		
71	0.041485	750	-0.370334	-70.340765		
72	0.03788	750	-0.350526	-70.691291		
73	0.034469	750	-0.351598	-71.042889		
74	0.03125	750	-0.326724	-71.369614		
75	0.028218	750	-0.313974	-71.683588		
76	0.02537	750	-0.287751	-71.971339		
77	0.022702	750	-0.267015	-72.238354		
78	0.020209	750	-0.267109	-72.505463		
79	0.017889	750	-0.239047	-72.74451		
80	0.015736	750	-0.242104	-72.986615		
81	0.013746	750	-0.212055	-73.198669		
82	0.011916	750	-0.189338	-73.388007		
83	0.01024	750	-0.183854	-73.57186		
84	0.008714	750	-0.15745	-73.729311		
85	0.007334	750	-0.150061	-73.879371		
86	0.006093	750	-0.146691	-74.026062		
87	0.004988	750	-0.12334	-74.149402		
88	0.004013	750	-0.112875	-74.262278		
89	0.003162	750	-0.096822	-74.3591		
90	0.00243	750	-0.083306	-74.442406		
91	0.00181	750	-0.079004	-74.52141		
92	0.001296	750	-0.056562	-74.577971		
93	0.000882	750	-0.046158	-74.624129		
94	0.000559	750	-0.035677	-74.659806		
95	0.00032	750	-0.027615	-74.687421		
96	0.000156	750	-0.020149	-74.70757		
97	0.000057	750	-0.01231	-74.71988		
98	0.00001	750	-0.005687	-74.725567		
99	0	750	-0.001213	-74.72678		
Log marginal likelihood:	-74.72678					
0	0.975187	750	-2.155654	-2.155654		
1	0.950747	750	-2.118917	-4.274571		
2	0.926679	750	-2.075239	-6.34981		
3	0.90298	750	-2.063014	-8.412824		
4	0.879648	750	-2.053866	-10.46669		
5	0.856682	750	-1.984356	-12.451047		
6	0.834079	750	-1.983899	-14.434945		
7	0.811838	750	-1.942253	-16.377198		
8	0.789957	750	-1.912522	-18.289721		
9	0.768433	750	-1.889509	-20.179229		
10	0.747266	750	-1.853116	-22.032345		
11	0.726452	750	-1.825059	-23.857404		
12	0.705989	750	-1.808503	-25.665907		
13	0.685877	750	-1.755277	-27.421184		
14	0.666112	750	-1.753288	-29.174472		
15	0.646693	750	-1.710465	-30.884937		
16	0.627618	750	-1.678584	-32.563521		
17	0.608884	750	-1.661924	-34.225445		
18	0.59049	750	-1.637128	-35.862573		
19	0.572433	750	-1.596107	-37.45868		
20	0.554712	750	-1.581196	-39.039876		
21	0.537324	750	-1.552145	-40.592021		
22	0.520268	750	-1.518387	-42.110409		
23	0.50354	750	-1.489366	-43.599774		
24	0.487139	750	-1.458796	-45.058571		
25	0.471063	750	-1.426623	-46.485194		
26	0.45531	750	-1.400486	-47.88568		
27	0.439877	750	-1.378545	-49.264225		
28	0.424762	750	-1.353608	-50.617832		
29	0.409963	750	-1.33092	-51.948752		
30	0.395478	750	-1.290254	-53.239006		
31	0.381305	750	-1.274969	-54.513975		
32	0.36744	750	-1.250078	-55.764053		
33	0.353883	750	-1.212538	-56.97659		
34	0.34063	750	-1.199005	-58.175596		
35	0.32768	750	-1.166394	-59.34199		
36	0.31503	750	-1.136946	-60.478935		
37	0.302677	750	-1.112729	-61.591664		
38	0.290619	750	-1.084415	-62.676079		
39	0.278855	750	-1.048217	-63.724296		
40	0.267381	750	-1.037116	-64.761412		
41	0.256195	750	-1.021443	-65.782855		
42	0.245294	750	-0.992099	-66.774955		
43	0.234677	750	-0.956576	-67.731531		
44	0.22434	750	-0.934557	-68.666088		
45	0.214281	750	-0.917088	-69.583176		
46	0.204498	750	-0.899535	-70.482711		
47	0.194988	750	-0.862506	-71.345218		
48	0.185749	750	-0.845808	-72.191026		
49	0.176777	750	-0.818684	-73.00971		
50	0.16807	750	-0.80041	-73.81012		
51	0.159626	750	-0.79058	-74.600701		
52	0.151441	750	-0.760598	-75.361299		
53	0.143514	750	-0.74099	-76.102289		
54	0.135841	750	-0.724598	-76.826886		
55	0.12842	750	-0.688123	-77.51501		
56	0.121247	750	-0.672377	-78.187387		
57	0.11432	750	-0.659004	-78.846391		
58	0.107637	750	-0.626652	-79.473043		
59	0.101193	750	-0.606741	-80.079783		
60	0.094986	750	-0.598888	-80.678671		
61	0.089014	750	-0.576368	-81.255039		
62	0.083273	750	-0.556766	-81.811805		
63	0.07776	750	-0.532239	-82.344044		
64	0.072472	750	-0.517948	-82.861992		
65	0.067406	750	-0.492282	-83.354274		
66	0.062558	750	-0.482544	-83.836817		
67	0.057926	750	-0.459846	-84.296663		
68	0.053506	750	-0.443787	-84.740451		
69	0.049295	750	-0.429833	-85.170283		
70	0.045289	750	-0.395122	-85.565405		
71	0.041485	750	-0.396194	-85.961599		
72	0.03788	750	-0.358863	-86.320462		
73	0.034469	750	-0.364126	-86.684588		
74	0.03125	750	-0.33666	-87.021249		
75	0.028218	750	-0.323705	-87.344954		
76	0.02537	750	-0.303373	-87.648327		
77	0.022702	750	-0.289744	-87.938071		
78	0.020209	750	-0.258446	-88.196518		
79	0.017889	750	-0.243713	-88.44023		
80	0.015736	750	-0.233017	-88.673248		
81	0.013746	750	-0.212075	-88.885322		
82	0.011916	750	-0.202497	-89.087819		
83	0.01024	750	-0.174567	-89.262386		
84	0.008714	750	-0.183644	-89.446031		
85	0.007334	750	-0.16171	-89.607741		
86	0.006093	750	-0.162431	-89.770172		
87	0.004988	750	-0.129809	-89.899982		
88	0.004013	750	-0.115968	-90.015949		
89	0.003162	750	-0.09831	-90.11426		
90	0.00243	750	-0.086309	-90.200569		
91	0.00181	750	-0.072513	-90.273082		
92	0.001296	750	-0.062499	-90.33558		
93	0.000882	750	-0.053777	-90.389357		
94	0.000559	750	-0.042822	-90.432179		
95	0.00032	750	-0.028007	-90.460186		
96	0.000156	750	-0.020387	-90.480573		
97	0.000057	750	-0.011602	-90.492175		
98	0.00001	750	-0.005646	-90.497822		
99	0	750	-0.001131	-90.498953		
Log marginal likelihood:	-90.498953					
0	0.975187	750	-1.876712	-1.876712		
1	0.950747	750	-1.884523	-3.761235		
2	0.926679	750	-1.833346	-5.594581		
3	0.90298	750	-1.838463	-7.433043		
4	0.879648	750	-1.816834	-9.249877		
5	0.856682	750	-1.819354	-11.069231		
6	0.834079	750	-1.870727	-12.939958		
7	0.811838	750	-1.773544	-14.713502		
8	0.789957	750	-1.706947	-16.420449		
9	0.768433	750	-1.672234	-18.092683		
10	0.747266	750	-1.619471	-19.712154		
11	0.726452	750	-1.638468	-21.350622		
12	0.705989	750	-1.598481	-22.949103		
13	0.685877	750	-1.577012	-24.526115		
14	0.666112	750	-1.636995	-26.16311		
15	0.646693	750	-1.546468	-27.709578		
16	0.627618	750	-1.499584	-29.209162		
17	0.608884	750	-1.518672	-30.727834		
18	0.59049	750	-1.445494	-32.173328		
19	0.572433	750	-1.458993	-33.63232		
20	0.554712	750	-1.414256	-35.046576		
21	0.537324	750	-1.405715	-36.452291		
22	0.520268	750	-1.325995	-37.778286		
23	0.50354	750	-1.369756	-39.148043		
24	0.487139	750	-1.318394	-40.466437		
25	0.471063	750	-1.362757	-41.829193		
26	0.45531	750	-1.327678	-43.156871		
27	0.439877	750	-1.254115	-44.410987		
28	0.424762	750	-1.252418	-45.663405		
29	0.409963	750	-1.276237	-46.939642		
30	0.395478	750	-1.212511	-48.152154		
31	0.381305	750	-1.165218	-49.317372		
32	0.36744	750	-1.145351	-50.462723		
33	0.353883	750	-1.154439	-51.617162		
34	0.34063	750	-1.105932	-52.723094		
35	0.32768	750	-1.097152	-53.820246		
36	0.31503	750	-1.078611	-54.898857		
37	0.302677	750	-1.065878	-55.964735		
38	0.290619	750	-1.02136	-56.986095		
39	0.278855	750	-0.999531	-57.985626		
40	0.267381	750	-0.995667	-58.981293		
41	0.256195	750	-0.966014	-59.947307		
42	0.245294	750	-0.954981	-60.902289		
43	0.234677	750	-0.909325	-61.811613		
44	0.22434	750	-0.890947	-62.702561		
45	0.214281	750	-0.855604	-63.558165		
46	0.204498	750	-0.856	-64.414165		
47	0.194988	750	-0.837641	-65.251806		
48	0.185749	750	-0.822576	-66.074382		
49	0.176777	750	-0.785321	-66.859703		
50	0.16807	750	-0.771844	-67.631547		
51	0.159626	750	-0.748569	-68.380116		
52	0.151441	750	-0.704991	-69.085106		
53	0.143514	750	-0.704355	-69.789462		
54	0.135841	750	-0.686719	-70.476181		
55	0.12842	750	-0.660746	-71.136928		
56	0.121247	750	-0.652432	-71.78936		
57	0.11432	750	-0.629874	-72.419233		
58	0.107637	750	-0.597523	-73.016756		
59	0.101193	750	-0.585949	-73.602706		
60	0.094986	750	-0.563953	-74.166659		
61	0.089014	750	-0.549133	-74.715792		
62	0.083273	750	-0.527109	-75.242901		
63	0.07776	750	-0.508872	-75.751773		
64	0.072472	750	-0.494459	-76.246233		
65	0.067406	750	-0.49083	-76.737063		
66	0.062558	750	-0.461162	-77.198225		
67	0.057926	750	-0.446087	-77.644312		
68	0.053506	750	-0.426998	-78.071309		
69	0.049295	750	-0.399291	-78.4706		
70	0.045289	750	-0.393826	-78.864426		
71	0.041485	750	-0.37087	-79.235296		
72	0.03788	750	-0.347566	-79.582861		
73	0.034469	750	-0.341642	-79.924504		
74	0.03125	750	-0.324644	-80.249148		
75	0.028218	750	-0.300462	-80.549609		
76	0.02537	750	-0.298638	-80.848247		
77	0.022702	750	-0.282082	-81.130329		
78	0.020209	750	-0.2497	-81.380029		
79	0.017889	750	-0.246863	-81.626892		
80	0.015736	750	-0.217947	-81.844839		
81	0.013746	750	-0.208774	-82.053613		
82	0.011916	750	-0.198074	-82.251687		
83	0.01024	750	-0.172227	-82.423914		
84	0.008714	750	-0.185361	-82.609274		
85	0.007334	750	-0.155855	-82.765129		
86	0.006093	750	-0.135902	-82.901031		
87	0.004988	750	-0.145287	-83.046318		
88	0.004013	750	-0.104986	-83.151304		
89	0.003162	750	-0.096439	-83.247744		
90	0.00243	750	-0.087767	-83.335511		
91	0.00181	750	-0.071146	-83.406657		
92	0.001296	750	-0.061551	-83.468208		
93	0.000882	750	-0.048215	-83.516422		
94	0.000559	750	-0.037011	-83.553433		
95	0.00032	750	-0.02782	-83.581253		
96	0.000156	750	-0.017868	-83.599121		
97	0.000057	750	-0.011727	-83.610848		
98	0.00001	750	-0.005234	-83.616082		
99	0	750	-0.001232	-83.617315		
Log marginal likelihood:	-83.617315					
0	0.975187	750	-2.019123	-2.019123		
1	0.950747	750	-2.004636	-4.023759		
2	0.926679	750	-2.013742	-6.037501		
3	0.90298	750	-2.025806	-8.063307		
4	0.879648	750	-1.977197	-10.040505		
5	0.856682	750	-1.919239	-11.959743		
6	0.834079	750	-1.904165	-13.863908		
7	0.811838	750	-1.796081	-15.659988		
8	0.789957	750	-1.888706	-17.548694		
9	0.768433	750	-1.7886	-19.337294		
10	0.747266	750	-1.798103	-21.135398		
11	0.726452	750	-1.771171	-22.906569		
12	0.705989	750	-1.682797	-24.589366		
13	0.685877	750	-1.72895	-26.318316		
14	0.666112	750	-1.716143	-28.034458		
15	0.646693	750	-1.726397	-29.760856		
16	0.627618	750	-1.683741	-31.444597		
17	0.608884	750	-1.659864	-33.104461		
18	0.59049	750	-1.60409	-34.708551		
19	0.572433	750	-1.567842	-36.276393		
20	0.554712	750	-1.491699	-37.768091		
21	0.537324	750	-1.464293	-39.232384		
22	0.520268	750	-1.508596	-40.74098		
23	0.50354	750	-1.461298	-42.202278		
24	0.487139	750	-1.391554	-43.593832		
25	0.471063	750	-1.416859	-45.010691		
26	0.45531	750	-1.397251	-46.407942		
27	0.439877	750	-1.352572	-47.760514		
28	0.424762	750	-1.301671	-49.062185		
29	0.409963	750	-1.268607	-50.330792		
30	0.395478	750	-1.246594	-51.577387		
31	0.381305	750	-1.256643	-52.83403		
32	0.36744	750	-1.207179	-54.041208		
33	0.353883	750	-1.187465	-55.228673		
34	0.34063	750	-1.177118	-56.405792		
35	0.32768	750	-1.13147	-57.537262		
36	0.31503	750	-1.140034	-58.677296		
37	0.302677	750	-1.109274	-59.78657		
38	0.290619	750	-1.080285	-60.866855		
39	0.278855	750	-1.06793	-61.934785		
40	0.267381	750	-1.035804	-62.970589		
41	0.256195	750	-0.995449	-63.966038		
42	0.245294	750	-0.990657	-64.956695		
43	0.234677	750	-0.964716	-65.921411		
44	0.22434	750	-0.940316	-66.861727		
45	0.214281	750	-0.900085	-67.761811		
46	0.204498	750	-0.888689	-68.6505		
47	0.194988	750	-0.86675	-69.51725		
48	0.185749	750	-0.84498	-70.36223		
49	0.176777	750	-0.823356	-71.185586		
50	0.16807	750	-0.807432	-71.993018		
51	0.159626	750	-0.779714	-72.772732		
52	0.151441	750	-0.755266	-73.527998		
53	0.143514	750	-0.731057	-74.259054		
54	0.135841	750	-0.722731	-74.981785		
55	0.12842	750	-0.691342	-75.673127		
56	0.121247	750	-0.678418	-76.351546		
57	0.11432	750	-0.653023	-77.004569		
58	0.107637	750	-0.625117	-77.629685		
59	0.101193	750	-0.60989	-78.239575		
60	0.094986	750	-0.600724	-78.840298		
61	0.089014	750	-0.571855	-79.412153		
62	0.083273	750	-0.543112	-79.955265		
63	0.07776	750	-0.531701	-80.486966		
64	0.072472	750	-0.521386	-81.008352		
65	0.067406	750	-0.491965	-81.500317		
66	0.062558	750	-0.481298	-81.981615		
67	0.057926	750	-0.459579	-82.441194		
68	0.053506	750	-0.435124	-82.876318		
69	0.049295	750	-0.420269	-83.296587		
70	0.045289	750	-0.413457	-83.710044		
71	0.041485	750	-0.37838	-84.088424		
72	0.03788	750	-0.370309	-84.458733		
73	0.034469	750	-0.350256	-84.80899		
74	0.03125	750	-0.323814	-85.132804		
75	0.028218	750	-0.311535	-85.444339		
76	0.02537	750	-0.29866	-85.742998		
77	0.022702	750	-0.284079	-86.027077		
78	0.020209	750	-0.257903	-86.28498		
79	0.017889	750	-0.246586	-86.531567		
80	0.015736	750	-0.228083	-86.75965		
81	0.013746	750	-0.210746	-86.970396		
82	0.011916	750	-0.20137	-87.171766		
83	0.01024	750	-0.187136	-87.358902		
84	0.008714	750	-0.16731	-87.526212		
85	0.007334	750	-0.152198	-87.67841		
86	0.006093	750	-0.134441	-87.81285		
87	0.004988	750	-0.126256	-87.939106		
88	0.004013	750	-0.111944	-88.05105		
89	0.003162	750	-0.098989	-88.150039		
90	0.00243	750	-0.081363	-88.231402		
91	0.00181	750	-0.071578	-88.30298		
92	0.001296	750	-0.065415	-88.368395		
93	0.000882	750	-0.054781	-88.423176		
94	0.000559	750	-0.037146	-88.460323		
95	0.00032	750	-0.027578	-88.4879		
96	0.000156	750	-0.018973	-88.506873		
97	0.000057	750	-0.011425	-88.518298		
98	0.00001	750	-0.006007	-88.524305		
99	0	750	-0.001242	-88.525547		
Log marginal likelihood:	-88.525547					
0	0.975187	750	-1.936015	-1.936015		
1	0.950747	750	-1.898868	-3.834883		
2	0.926679	750	-1.917692	-5.752575		
3	0.90298	750	-1.853161	-7.605735		
4	0.879648	750	-1.826659	-9.432394		
5	0.856682	750	-1.79572	-11.228115		
6	0.834079	750	-1.77303	-13.001144		
7	0.811838	750	-1.748095	-14.74924		
8	0.789957	750	-1.7155	-16.46474		
9	0.768433	750	-1.684674	-18.149414		
10	0.747266	750	-1.662551	-19.811965		
11	0.726452	750	-1.713026	-21.524991		
12	0.705989	750	-1.597417	-23.122407		
13	0.685877	750	-1.578286	-24.700694		
14	0.666112	750	-1.598929	-26.299622		
15	0.646693	750	-1.547002	-27.846625		
16	0.627618	750	-1.504525	-29.351149		
17	0.608884	750	-1.475846	-30.826995		
18	0.59049	750	-1.543417	-32.370412		
19	0.572433	750	-1.473313	-33.843725		
20	0.554712	750	-1.406217	-35.249942		
21	0.537324	750	-1.442579	-36.692521		
22	0.520268	750	-1.460753	-38.153275		
23	0.50354	750	-1.383987	-39.537261		
24	0.487139	750	-1.36803	-40.905291		
25	0.471063	750	-1.360262	-42.265553		
26	0.45531	750	-1.317506	-43.583059		
27	0.439877	750	-1.253017	-44.836075		
28	0.424762	750	-1.266455	-46.102531		
29	0.409963	750	-1.188525	-47.291055		
30	0.395478	750	-1.241604	-48.532659		
31	0.381305	750	-1.250467	-49.783126		
32	0.36744	750	-1.205242	-50.988368		
33	0.353883	750	-1.137354	-52.125722		
34	0.34063	750	-1.104754	-53.230476		
35	0.32768	750	-1.084442	-54.314918		
36	0.31503	750	-1.08159	-55.396508		
37	0.302677	750	-1.065445	-56.461953		
38	0.290619	750	-1.026697	-57.48865		
39	0.278855	750	-1.046749	-58.5354		
40	0.267381	750	-0.959742	-59.495141		
41	0.256195	750	-1.009267	-60.504409		
42	0.245294	750	-0.929484	-61.433893		
43	0.234677	750	-0.93578	-62.369673		
44	0.22434	750	-0.912517	-63.282189		
45	0.214281	750	-0.902605	-64.184794		
46	0.204498	750	-0.860726	-65.04552		
47	0.194988	750	-0.831456	-65.876976		
48	0.185749	750	-0.828035	-66.705012		
49	0.176777	750	-0.810213	-67.515224		
50	0.16807	750	-0.777638	-68.292863		
51	0.159626	750	-0.730327	-69.02319		
52	0.151441	750	-0.753141	-69.776331		
53	0.143514	750	-0.724395	-70.500725		
54	0.135841	750	-0.700786	-71.201511		
55	0.12842	750	-0.695995	-71.897506		
56	0.121247	750	-0.651884	-72.54939		
57	0.11432	750	-0.649245	-73.198635		
58	0.107637	750	-0.615287	-73.813922		
59	0.101193	750	-0.589295	-74.403218		
60	0.094986	750	-0.573706	-74.976924		
61	0.089014	750	-0.55661	-75.533533		
62	0.083273	750	-0.540523	-76.074056		
63	0.07776	750	-0.518214	-76.59227		
64	0.072472	750	-0.504859	-77.09713		
65	0.067406	750	-0.488776	-77.585906		
66	0.062558	750	-0.474893	-78.060799		
67	0.057926	750	-0.45571	-78.516509		
68	0.053506	750	-0.450929	-78.967437		
69	0.049295	750	-0.417247	-79.384684		
70	0.045289	750	-0.386094	-79.770779		
71	0.041485	750	-0.381532	-80.152311		
72	0.03788	750	-0.352632	-80.504942		
73	0.034469	750	-0.353266	-80.858208		
74	0.03125	750	-0.322417	-81.180625		
75	0.028218	750	-0.314774	-81.495399		
76	0.02537	750	-0.291634	-81.787033		
77	0.022702	750	-0.277821	-82.064854		
78	0.020209	750	-0.261482	-82.326336		
79	0.017889	750	-0.246044	-82.57238		
80	0.015736	750	-0.241663	-82.814043		
81	0.013746	750	-0.220591	-83.034634		
82	0.011916	750	-0.202571	-83.237205		
83	0.01024	750	-0.186132	-83.423337		
84	0.008714	750	-0.178511	-83.601848		
85	0.007334	750	-0.156297	-83.758144		
86	0.006093	750	-0.139571	-83.897715		
87	0.004988	750	-0.127389	-84.025104		
88	0.004013	750	-0.118274	-84.143377		
89	0.003162	750	-0.104201	-84.247579		
90	0.00243	750	-0.08522	-84.332798		
91	0.00181	750	-0.071505	-84.404303		
92	0.001296	750	-0.061494	-84.465797		
93	0.000882	750	-0.05077	-84.516568		
94	0.000559	750	-0.039466	-84.556034		
95	0.00032	750	-0.027921	-84.583955		
96	0.000156	750	-0.019682	-84.603637		
97	0.000057	750	-0.011918	-84.615555		
98	0.00001	750	-0.006527	-84.622082		
99	0	750	-0.001166	-84.623248		
Log marginal likelihood:	-84.623248					
0	0.975187	750	-2.068893	-2.068893		
1	0.950747	750	-2.025815	-4.094708		
2	0.926679	750	-2.001263	-6.095971		
3	0.90298	750	-1.978615	-8.074585		
4	0.879648	750	-1.946603	-10.021188		
5	0.856682	750	-1.928376	-11.949565		
6	0.834079	750	-1.951023	-13.900588		
7	0.811838	750	-1.90223	-15.802818		
8	0.789957	750	-1.860615	-17.663433		
9	0.768433	750	-1.831639	-19.495072		
10	0.747266	750	-1.786208	-21.28128		
11	0.726452	750	-1.801002	-23.082282		
12	0.705989	750	-1.733184	-24.815466		
13	0.685877	750	-1.728214	-26.543679		
14	0.666112	750	-1.68892	-28.2326		
15	0.646693	750	-1.662499	-29.895099		
16	0.627618	750	-1.653294	-31.548393		
17	0.608884	750	-1.620804	-33.169197		
18	0.59049	750	-1.615821	-34.785018		
19	0.572433	750	-1.567014	-36.352032		
20	0.554712	750	-1.498536	-37.850569		
21	0.537324	750	-1.496227	-39.346796		
22	0.520268	750	-1.473994	-40.82079		
23	0.50354	750	-1.462808	-42.283598		
24	0.487139	750	-1.445383	-43.728981		
25	0.471063	750	-1.403388	-45.132368		
26	0.45531	750	-1.374439	-46.506807		
27	0.439877	750	-1.370834	-47.877641		
28	0.424762	750	-1.331045	-49.208686		
29	0.409963	750	-1.307674	-50.51636		
30	0.395478	750	-1.27728	-51.79364		
31	0.381305	750	-1.246887	-53.040527		
32	0.36744	750	-1.228174	-54.268701		
33	0.353883	750	-1.188774	-55.457475		
34	0.34063	750	-1.174528	-56.632003		
35	0.32768	750	-1.149836	-57.781838		
36	0.31503	750	-1.129488	-58.911327		
37	0.302677	750	-1.099214	-60.01054		
38	0.290619	750	-1.079796	-61.090336		
39	0.278855	750	-1.059461	-62.149797		
40	0.267381	750	-1.024424	-63.174221		
41	0.256195	750	-0.998598	-64.172818		
42	0.245294	750	-0.992609	-65.165427		
43	0.234677	750	-0.952162	-66.117589		
44	0.22434	750	-0.929508	-67.047097		
45	0.214281	750	-0.909265	-67.956362		
46	0.204498	750	-0.885418	-68.84178		
47	0.194988	750	-0.865857	-69.707638		
48	0.185749	750	-0.847544	-70.555182		
49	0.176777	750	-0.816334	-71.371516		
50	0.16807	750	-0.800435	-72.171951		
51	0.159626	750	-0.774532	-72.946483		
52	0.151441	750	-0.747841	-73.694324		
53	0.143514	750	-0.737117	-74.431441		
54	0.135841	750	-0.70836	-75.139801		
55	0.12842	750	-0.689582	-75.829383		
56	0.121247	750	-0.669383	-76.498766		
57	0.11432	750	-0.641721	-77.140487		
58	0.107637	750	-0.632001	-77.772488		
59	0.101193	750	-0.601698	-78.374185		
60	0.094986	750	-0.584313	-78.958498		
61	0.089014	750	-0.567869	-79.526367		
62	0.083273	750	-0.540425	-80.066792		
63	0.07776	750	-0.528328	-80.59512		
64	0.072472	750	-0.513746	-81.108866		
65	0.067406	750	-0.48091	-81.589775		
66	0.062558	750	-0.48747	-82.077246		
67	0.057926	750	-0.454881	-82.532127		
68	0.053506	750	-0.438703	-82.97083		
69	0.049295	750	-0.408903	-83.379732		
70	0.045289	750	-0.403917	-83.78365		
71	0.041485	750	-0.381998	-84.165648		
72	0.03788	750	-0.369443	-84.535091		
73	0.034469	750	-0.356382	-84.891473		
74	0.03125	750	-0.347913	-85.239386		
75	0.028218	750	-0.317788	-85.557174		
76	0.02537	750	-0.296386	-85.85356		
77	0.022702	750	-0.275078	-86.128638		
78	0.020209	750	-0.279278	-86.407916		
79	0.017889	750	-0.249604	-86.65752		
80	0.015736	750	-0.242759	-86.900279		
81	0.013746	750	-0.215522	-87.115801		
82	0.011916	750	-0.210526	-87.326328		
83	0.01024	750	-0.190479	-87.516807		
84	0.008714	750	-0.182365	-87.699172		
85	0.007334	750	-0.152477	-87.851648		
86	0.006093	750	-0.144	-87.995648		
87	0.004988	750	-0.125679	-88.121328		
88	0.004013	750	-0.112359	-88.233687		
89	0.003162	750	-0.105113	-88.3388		
90	0.00243	750	-0.083888	-88.422688		
91	0.00181	750	-0.077772	-88.50046		
92	0.001296	750	-0.06393	-88.56439		
93	0.000882	750	-0.052469	-88.616859		
94	0.000559	750	-0.040048	-88.656907		
95	0.00032	750	-0.031106	-88.688013		
96	0.000156	750	-0.019409	-88.707421		
97	0.000057	750	-0.011886	-88.719308		
98	0.00001	750	-0.005623	-88.724931		
99	0	750	-0.001279	-88.72621		
Log marginal likelihood:	-88.72621					
0	0.975187	750	-2.162053	-2.162053		
1	0.950747	750	-2.222771	-4.384824		
2	0.926679	750	-2.185527	-6.570351		
3	0.90298	750	-2.086884	-8.657234		
4	0.879648	750	-2.049542	-10.706776		
5	0.856682	750	-2.027982	-12.734758		
6	0.834079	750	-2.052888	-14.787646		
7	0.811838	750	-1.979848	-16.767495		
8	0.789957	750	-2.014626	-18.78212		
9	0.768433	750	-1.905064	-20.687184		
10	0.747266	750	-1.849309	-22.536493		
11	0.726452	750	-1.828256	-24.364748		
12	0.705989	750	-1.842102	-26.20685		
13	0.685877	750	-1.833872	-28.040722		
14	0.666112	750	-1.791539	-29.832261		
15	0.646693	750	-1.714865	-31.547126		
16	0.627618	750	-1.738187	-33.285313		
17	0.608884	750	-1.707798	-34.99311		
18	0.59049	750	-1.688977	-36.682087		
19	0.572433	750	-1.634298	-38.316385		
20	0.554712	750	-1.615954	-39.93234		
21	0.537324	750	-1.558146	-41.490486		
22	0.520268	750	-1.561928	-43.052414		
23	0.50354	750	-1.51283	-44.565244		
24	0.487139	750	-1.505452	-46.070695		
25	0.471063	750	-1.478782	-47.549477		
26	0.45531	750	-1.449918	-48.999395		
27	0.439877	750	-1.429578	-50.428974		
28	0.424762	750	-1.399908	-51.828881		
29	0.409963	750	-1.365484	-53.194366		
30	0.395478	750	-1.335086	-54.529451		
31	0.381305	750	-1.30829	-55.837741		
32	0.36744	750	-1.279509	-57.11725		
33	0.353883	750	-1.257718	-58.374968		
34	0.34063	750	-1.214763	-59.589731		
35	0.32768	750	-1.19997	-60.7897		
36	0.31503	750	-1.17556	-61.965261		
37	0.302677	750	-1.163362	-63.128622		
38	0.290619	750	-1.120739	-64.249361		
39	0.278855	750	-1.104968	-65.354329		
40	0.267381	750	-1.078279	-66.432608		
41	0.256195	750	-1.044985	-67.477592		
42	0.245294	750	-1.021765	-68.499357		
43	0.234677	750	-0.996415	-69.495772		
44	0.22434	750	-0.975853	-70.471626		
45	0.214281	750	-0.941085	-71.41271		
46	0.204498	750	-0.93985	-72.35256		
47	0.194988	750	-0.89376	-73.24632		
48	0.185749	750	-0.888628	-74.134949		
49	0.176777	750	-0.863957	-74.998906		
50	0.16807	750	-0.832912	-75.831818		
51	0.159626	750	-0.820153	-76.65197		
52	0.151441	750	-0.785186	-77.437156		
53	0.143514	750	-0.769837	-78.206994		
54	0.135841	750	-0.741567	-78.948561		
55	0.12842	750	-0.723014	-79.671574		
56	0.121247	750	-0.70134	-80.372914		
57	0.11432	750	-0.681211	-81.054125		
58	0.107637	750	-0.66458	-81.718705		
59	0.101193	750	-0.631286	-82.349992		
60	0.094986	750	-0.612665	-82.962656		
61	0.089014	750	-0.591879	-83.554535		
62	0.083273	750	-0.572533	-84.127068		
63	0.07776	750	-0.54431	-84.671378		
64	0.072472	750	-0.538116	-85.209493		
65	0.067406	750	-0.506713	-85.716206		
66	0.062558	750	-0.491449	-86.207655		
67	0.057926	750	-0.476608	-86.684263		
68	0.053506	750	-0.44906	-87.133323		
69	0.049295	750	-0.440785	-87.574107		
70	0.045289	750	-0.424988	-87.999095		
71	0.041485	750	-0.40316	-88.402255		
72	0.03788	750	-0.3844	-88.786655		
73	0.034469	750	-0.365243	-89.151898		
74	0.03125	750	-0.348886	-89.500784		
75	0.028218	750	-0.357946	-89.858729		
76	0.02537	750	-0.308435	-90.167165		
77	0.022702	750	-0.310209	-90.477374		
78	0.020209	750	-0.275834	-90.753208		
79	0.017889	750	-0.258981	-91.012189		
80	0.015736	750	-0.231942	-91.244131		
81	0.013746	750	-0.230015	-91.474146		
82	0.011916	750	-0.201771	-91.675918		
83	0.01024	750	-0.210064	-91.885982		
84	0.008714	750	-0.177642	-92.063624		
85	0.007334	750	-0.167851	-92.231475		
86	0.006093	750	-0.147815	-92.37929		
87	0.004988	750	-0.133115	-92.512405		
88	0.004013	750	-0.12565	-92.638055		
89	0.003162	750	-0.100599	-92.738654		
90	0.00243	750	-0.087222	-92.825877		
91	0.00181	750	-0.077052	-92.902929		
92	0.001296	750	-0.066625	-92.969554		
93	0.000882	750	-0.050398	-93.019952		
94	0.000559	750	-0.038231	-93.058183		
95	0.00032	750	-0.029672	-93.087855		
96	0.000156	750	-0.019918	-93.107773		
97	0.000057	750	-0.011927	-93.1197		
98	0.00001	750	-0.005597	-93.125296		
99	0	750	-0.001209	-93.126505		
Log marginal likelihood:	-93.126505					
0	0.975187	750	-1.977722	-1.977722		
1	0.950747	750	-1.936603	-3.914325		
2	0.926679	750	-1.915432	-5.829758		
3	0.90298	750	-1.918633	-7.74839		
4	0.879648	750	-1.853495	-9.601886		
5	0.856682	750	-1.82314	-11.425026		
6	0.834079	750	-1.875294	-13.300319		
7	0.811838	750	-1.78699	-15.087309		
8	0.789957	750	-1.780444	-16.867753		
9	0.768433	750	-1.736698	-18.604451		
10	0.747266	750	-1.71601	-20.320461		
11	0.726452	750	-1.740518	-22.060979		
12	0.705989	750	-1.70813	-23.76911		
13	0.685877	750	-1.64966	-25.41877		
14	0.666112	750	-1.657395	-27.076165		
15	0.646693	750	-1.583473	-28.659638		
16	0.627618	750	-1.570577	-30.230215		
17	0.608884	750	-1.572287	-31.802502		
18	0.59049	750	-1.532528	-33.33503		
19	0.572433	750	-1.542009	-34.877038		
20	0.554712	750	-1.445621	-36.322659		
21	0.537324	750	-1.474809	-37.797469		
22	0.520268	750	-1.461461	-39.258929		
23	0.50354	750	-1.42739	-40.686319		
24	0.487139	750	-1.408027	-42.094346		
25	0.471063	750	-1.356304	-43.45065		
26	0.45531	750	-1.336729	-44.787379		
27	0.439877	750	-1.321256	-46.108635		
28	0.424762	750	-1.304627	-47.413262		
29	0.409963	750	-1.259144	-48.672406		
30	0.395478	750	-1.224734	-49.89714		
31	0.381305	750	-1.198229	-51.095369		
32	0.36744	750	-1.167081	-52.262451		
33	0.353883	750	-1.145413	-53.407863		
34	0.34063	750	-1.14892	-54.556783		
35	0.32768	750	-1.107945	-55.664728		
36	0.31503	750	-1.107745	-56.772472		
37	0.302677	750	-1.048349	-57.820821		
38	0.290619	750	-1.04456	-58.865381		
39	0.278855	750	-1.009982	-59.875363		
40	0.267381	750	-0.999502	-60.874865		
41	0.256195	750	-0.973304	-61.848169		
42	0.245294	750	-0.951296	-62.799466		
43	0.234677	750	-0.92574	-63.725205		
44	0.22434	750	-0.894795	-64.620001		
45	0.214281	750	-0.885947	-65.505948		
46	0.204498	750	-0.856597	-66.362545		
47	0.194988	750	-0.832441	-67.194986		
48	0.185749	750	-0.809692	-68.004677		
49	0.176777	750	-0.799682	-68.804359		
50	0.16807	750	-0.775042	-69.579401		
51	0.159626	750	-0.751174	-70.330575		
52	0.151441	750	-0.727118	-71.057692		
53	0.143514	750	-0.719454	-71.777147		
54	0.135841	750	-0.686458	-72.463605		
55	0.12842	750	-0.673446	-73.137051		
56	0.121247	750	-0.644738	-73.781789		
57	0.11432	750	-0.631683	-74.413472		
58	0.107637	750	-0.619846	-75.033319		
59	0.101193	750	-0.584798	-75.618116		
60	0.094986	750	-0.583271	-76.201388		
61	0.089014	750	-0.568338	-76.769726		
62	0.083273	750	-0.541815	-77.311541		
63	0.07776	750	-0.51274	-77.824281		
64	0.072472	750	-0.495723	-78.320004		
65	0.067406	750	-0.480014	-78.800018		
66	0.062558	750	-0.471392	-79.27141		
67	0.057926	750	-0.45277	-79.72418		
68	0.053506	750	-0.420455	-80.144635		
69	0.049295	750	-0.410165	-80.5548		
70	0.045289	750	-0.384174	-80.938974		
71	0.041485	750	-0.3587	-81.297675		
72	0.03788	750	-0.349657	-81.647331		
73	0.034469	750	-0.342334	-81.989665		
74	0.03125	750	-0.328897	-82.318562		
75	0.028218	750	-0.302562	-82.621124		
76	0.02537	750	-0.295836	-82.91696		
77	0.022702	750	-0.285858	-83.202818		
78	0.020209	750	-0.262382	-83.4652		
79	0.017889	750	-0.255327	-83.720527		
80	0.015736	750	-0.226807	-83.947334		
81	0.013746	750	-0.211999	-84.159332		
82	0.011916	750	-0.190778	-84.35011		
83	0.01024	750	-0.181877	-84.531987		
84	0.008714	750	-0.161789	-84.693776		
85	0.007334	750	-0.162283	-84.856059		
86	0.006093	750	-0.135548	-84.991607		
87	0.004988	750	-0.14285	-85.134457		
88	0.004013	750	-0.113498	-85.247955		
89	0.003162	750	-0.097301	-85.345256		
90	0.00243	750	-0.083548	-85.428804		
91	0.00181	750	-0.071738	-85.500542		
92	0.001296	750	-0.061821	-85.562363		
93	0.000882	750	-0.050586	-85.612948		
94	0.000559	750	-0.035697	-85.648645		
95	0.00032	750	-0.027271	-85.675916		
96	0.000156	750	-0.019257	-85.695173		
97	0.000057	750	-0.011254	-85.706427		
98	0.00001	750	-0.005463	-85.71189		
99	0	750	-0.00145	-85.71334		
Log marginal likelihood:	-85.71334					
0	0.975187	750	-2.057395	-2.057395		
1	0.950747	750	-2.077629	-4.135024		
2	0.926679	750	-2.010099	-6.145122		
3	0.90298	750	-2.005758	-8.15088		
4	0.879648	750	-1.941533	-10.092413		
5	0.856682	750	-1.921959	-12.014372		
6	0.834079	750	-1.903204	-13.917576		
7	0.811838	750	-1.869316	-15.786892		
8	0.789957	750	-1.846997	-17.633889		
9	0.768433	750	-1.820811	-19.4547		
10	0.747266	750	-1.800722	-21.255422		
11	0.726452	750	-1.755171	-23.010593		
12	0.705989	750	-1.732269	-24.742862		
13	0.685877	750	-1.719322	-26.462184		
14	0.666112	750	-1.672361	-28.134544		
15	0.646693	750	-1.693393	-29.827937		
16	0.627618	750	-1.614176	-31.442113		
17	0.608884	750	-1.629072	-33.071185		
18	0.59049	750	-1.586814	-34.657999		
19	0.572433	750	-1.577952	-36.235951		
20	0.554712	750	-1.533613	-37.769564		
21	0.537324	750	-1.522044	-39.291609		
22	0.520268	750	-1.449331	-40.74094		
23	0.50354	750	-1.459129	-42.200069		
24	0.487139	750	-1.425975	-43.626044		
25	0.471063	750	-1.413423	-45.039467		
26	0.45531	750	-1.390591	-46.430058		
27	0.439877	750	-1.346862	-47.77692		
28	0.424762	750	-1.321396	-49.098316		
29	0.409963	750	-1.302909	-50.401224		
30	0.395478	750	-1.271716	-51.67294		
31	0.381305	750	-1.248343	-52.921283		
32	0.36744	750	-1.20818	-54.129463		
33	0.353883	750	-1.189893	-55.319356		
34	0.34063	750	-1.165156	-56.484512		
35	0.32768	750	-1.139325	-57.623837		
36	0.31503	750	-1.119131	-58.742968		
37	0.302677	750	-1.093054	-59.836021		
38	0.290619	750	-1.070055	-60.906077		
39	0.278855	750	-1.048168	-61.954245		
40	0.267381	750	-1.014211	-62.968456		
41	0.256195	750	-0.998814	-63.967269		
42	0.245294	750	-0.970051	-64.93732		
43	0.234677	750	-0.945017	-65.882337		
44	0.22434	750	-0.924018	-66.806355		
45	0.214281	750	-0.897483	-67.703839		
46	0.204498	750	-0.892933	-68.596771		
47	0.194988	750	-0.864153	-69.460925		
48	0.185749	750	-0.824219	-70.285144		
49	0.176777	750	-0.816214	-71.101358		
50	0.16807	750	-0.798704	-71.900062		
51	0.159626	750	-0.769686	-72.669747		
52	0.151441	750	-0.74768	-73.417427		
53	0.143514	750	-0.714695	-74.132122		
54	0.135841	750	-0.702349	-74.834471		
55	0.12842	750	-0.679957	-75.514428		
56	0.121247	750	-0.658179	-76.172607		
57	0.11432	750	-0.644272	-76.816879		
58	0.107637	750	-0.622739	-77.439618		
59	0.101193	750	-0.596022	-78.03564		
60	0.094986	750	-0.575768	-78.611408		
61	0.089014	750	-0.558992	-79.170401		
62	0.083273	750	-0.539007	-79.709407		
63	0.07776	750	-0.522948	-80.232355		
64	0.072472	750	-0.508593	-80.740948		
65	0.067406	750	-0.480392	-81.22134		
66	0.062558	750	-0.461729	-81.683069		
67	0.057926	750	-0.442768	-82.125837		
68	0.053506	750	-0.430928	-82.556765		
69	0.049295	750	-0.410292	-82.967057		
70	0.045289	750	-0.398427	-83.365484		
71	0.041485	750	-0.377768	-83.743252		
72	0.03788	750	-0.366986	-84.110237		
73	0.034469	750	-0.346116	-84.456354		
74	0.03125	750	-0.31846	-84.774814		
75	0.028218	750	-0.324578	-85.099392		
76	0.02537	750	-0.282427	-85.381819		
77	0.022702	750	-0.270566	-85.652385		
78	0.020209	750	-0.255381	-85.907766		
79	0.017889	750	-0.252743	-86.160509		
80	0.015736	750	-0.233169	-86.393678		
81	0.013746	750	-0.22201	-86.615689		
82	0.011916	750	-0.194945	-86.810634		
83	0.01024	750	-0.19586	-87.006494		
84	0.008714	750	-0.173482	-87.179976		
85	0.007334	750	-0.148835	-87.328811		
86	0.006093	750	-0.151634	-87.480445		
87	0.004988	750	-0.128952	-87.609397		
88	0.004013	750	-0.10569	-87.715087		
89	0.003162	750	-0.102714	-87.817801		
90	0.00243	750	-0.086066	-87.903867		
91	0.00181	750	-0.074814	-87.978681		
92	0.001296	750	-0.056124	-88.034804		
93	0.000882	750	-0.05089	-88.085694		
94	0.000559	750	-0.043751	-88.129445		
95	0.00032	750	-0.028385	-88.15783		
96	0.000156	750	-0.019562	-88.177392		
97	0.000057	750	-0.012283	-88.189674		
98	0.00001	750	-0.00525	-88.194924		
99	0	750	-0.001301	-88.196225		
Log marginal likelihood:	-88.196225					
0	0.975187	750	-1.796811	-1.796811		
1	0.950747	750	-1.830523	-3.627335		
2	0.926679	750	-1.80043	-5.427765		
3	0.90298	750	-1.7813	-7.209065		
4	0.879648	750	-1.715887	-8.924952		
5	0.856682	750	-1.664201	-10.589152		
6	0.834079	750	-1.69669	-12.285842		
7	0.811838	750	-1.665927	-13.951769		
8	0.789957	750	-1.606625	-15.558395		
9	0.768433	750	-1.591908	-17.150303		
10	0.747266	750	-1.579663	-18.729966		
11	0.726452	750	-1.551616	-20.281582		
12	0.705989	750	-1.566017	-21.847599		
13	0.685877	750	-1.567846	-23.415445		
14	0.666112	750	-1.490568	-24.906013		
15	0.646693	750	-1.49955	-26.405563		
16	0.627618	750	-1.45047	-27.856033		
17	0.608884	750	-1.429189	-29.285221		
18	0.59049	750	-1.440329	-30.725551		
19	0.572433	750	-1.367506	-32.093057		
20	0.554712	750	-1.360652	-33.453709		
21	0.537324	750	-1.330652	-34.78436		
22	0.520268	750	-1.3515	-36.135861		
23	0.50354	750	-1.278046	-37.413907		
24	0.487139	750	-1.322025	-38.735932		
25	0.471063	750	-1.405612	-40.141544		
26	0.45531	750	-1.253574	-41.395118		
27	0.439877	750	-1.231483	-42.626601		
28	0.424762	750	-1.250403	-43.877004		
29	0.409963	750	-1.214466	-45.09147		
30	0.395478	750	-1.191483	-46.282952		
31	0.381305	750	-1.197904	-47.480857		
32	0.36744	750	-1.183502	-48.664358		
33	0.353883	750	-1.138301	-49.80266		
34	0.34063	750	-1.090081	-50.89274		
35	0.32768	750	-1.150072	-52.042813		
36	0.31503	750	-1.063423	-53.106236		
37	0.302677	750	-1.087767	-54.194003		
38	0.290619	750	-1.039779	-55.233782		
39	0.278855	750	-0.985292	-56.219073		
40	0.267381	750	-1.000801	-57.219875		
41	0.256195	750	-0.957681	-58.177555		
42	0.245294	750	-0.939467	-59.117022		
43	0.234677	750	-0.904989	-60.022011		
44	0.22434	750	-0.900463	-60.922474		
45	0.214281	750	-0.89435	-61.816824		
46	0.204498	750	-0.856284	-62.673108		
47	0.194988	750	-0.842569	-63.515677		
48	0.185749	750	-0.795666	-64.311343		
49	0.176777	750	-0.796835	-65.108178		
50	0.16807	750	-0.796291	-65.90447		
51	0.159626	750	-0.749547	-66.654017		
52	0.151441	750	-0.732198	-67.386215		
53	0.143514	750	-0.715433	-68.101648		
54	0.135841	750	-0.683391	-68.785039		
55	0.12842	750	-0.674126	-69.459165		
56	0.121247	750	-0.651947	-70.111112		
57	0.11432	750	-0.619205	-70.730317		
58	0.107637	750	-0.612411	-71.342728		
59	0.101193	750	-0.590807	-71.933535		
60	0.094986	750	-0.579499	-72.513033		
61	0.089014	750	-0.551602	-73.064635		
62	0.083273	750	-0.546295	-73.61093		
63	0.07776	750	-0.515967	-74.126897		
64	0.072472	750	-0.507424	-74.63432		
65	0.067406	750	-0.480116	-75.114437		
66	0.062558	750	-0.468303	-75.58274		
67	0.057926	750	-0.444347	-76.027087		
68	0.053506	750	-0.436909	-76.463996		
69	0.049295	750	-0.412593	-76.876589		
70	0.045289	750	-0.408912	-77.285501		
71	0.041485	750	-0.379583	-77.665084		
72	0.03788	750	-0.36138	-78.026464		
73	0.034469	750	-0.338133	-78.364596		
74	0.03125	750	-0.345103	-78.709699		
75	0.028218	750	-0.310487	-79.020186		
76	0.02537	750	-0.298556	-79.318742		
77	0.022702	750	-0.277308	-79.59605		
78	0.020209	750	-0.291854	-79.887904		
79	0.017889	750	-0.244889	-80.132793		
80	0.015736	750	-0.228289	-80.361082		
81	0.013746	750	-0.235401	-80.596483		
82	0.011916	750	-0.196346	-80.792829		
83	0.01024	750	-0.192689	-80.985518		
84	0.008714	750	-0.173411	-81.158929		
85	0.007334	750	-0.148845	-81.307775		
86	0.006093	750	-0.14111	-81.448884		
87	0.004988	750	-0.13254	-81.581424		
88	0.004013	750	-0.113226	-81.69465		
89	0.003162	750	-0.108984	-81.803634		
90	0.00243	750	-0.091331	-81.894965		
91	0.00181	750	-0.074205	-81.96917		
92	0.001296	750	-0.061209	-82.030379		
93	0.000882	750	-0.049001	-82.079379		
94	0.000559	750	-0.040847	-82.120226		
95	0.00032	750	-0.029005	-82.149231		
96	0.000156	750	-0.019555	-82.168787		
97	0.000057	750	-0.011512	-82.180299		
98	0.00001	750	-0.006006	-82.186304		
99	0	750	-0.001167	-82.187471		
Log marginal likelihood:	-82.187471					
0	0.975187	750	-1.548507	-1.548507		
1	0.950747	750	-1.609042	-3.157549		
2	0.926679	750	-1.495393	-4.652941		
3	0.90298	750	-1.491076	-6.144017		
4	0.879648	750	-1.496165	-7.640182		
5	0.856682	750	-1.525895	-9.166077		
6	0.834079	750	-1.529357	-10.695433		
7	0.811838	750	-1.471357	-12.16679		
8	0.789957	750	-1.486562	-13.653352		
9	0.768433	750	-1.39873	-15.052082		
10	0.747266	750	-1.417019	-16.469101		
11	0.726452	750	-1.451323	-17.920424		
12	0.705989	750	-1.375015	-19.29544		
13	0.685877	750	-1.376637	-20.672076		
14	0.666112	750	-1.333135	-22.005211		
15	0.646693	750	-1.319802	-23.325013		
16	0.627618	750	-1.280159	-24.605173		
17	0.608884	750	-1.287492	-25.892664		
18	0.59049	750	-1.235736	-27.1284		
19	0.572433	750	-1.231357	-28.359758		
20	0.554712	750	-1.276968	-29.636726		
21	0.537324	750	-1.144623	-30.781349		
22	0.520268	750	-1.179227	-31.960575		
23	0.50354	750	-1.163471	-33.124046		
24	0.487139	750	-1.117726	-34.241772		
25	0.471063	750	-1.07903	-35.320802		
26	0.45531	750	-1.07871	-36.399513		
27	0.439877	750	-1.083142	-37.482655		
28	0.424762	750	-1.066412	-38.549067		
29	0.409963	750	-1.081698	-39.630765		
30	0.395478	750	-1.023924	-40.654689		
31	0.381305	750	-1.027645	-41.682333		
32	0.36744	750	-1.030886	-42.71322		
33	0.353883	750	-0.986895	-43.700115		
34	0.34063	750	-0.943052	-44.643167		
35	0.32768	750	-1.04733	-45.690497		
36	0.31503	750	-0.962887	-46.653384		
37	0.302677	750	-1.08461	-47.737994		
38	0.290619	750	-0.92775	-48.665743		
39	0.278855	750	-0.903204	-49.568947		
40	0.267381	750	-0.831854	-50.400801		
41	0.256195	750	-0.92513	-51.325932		
42	0.245294	750	-0.895392	-52.221324		
43	0.234677	750	-0.943344	-53.164667		
44	0.22434	750	-0.905481	-54.070149		
45	0.214281	750	-0.893937	-54.964086		
46	0.204498	750	-0.863246	-55.827332		
47	0.194988	750	-0.831081	-56.658413		
48	0.185749	750	-0.786119	-57.444532		
49	0.176777	750	-0.783151	-58.227683		
50	0.16807	750	-0.764159	-58.991841		
51	0.159626	750	-0.738015	-59.729856		
52	0.151441	750	-0.725691	-60.455548		
53	0.143514	750	-0.715267	-61.170814		
54	0.135841	750	-0.68198	-61.852794		
55	0.12842	750	-0.685604	-62.538398		
56	0.121247	750	-0.644345	-63.182743		
57	0.11432	750	-0.652052	-63.834794		
58	0.107637	750	-0.615367	-64.450162		
59	0.101193	750	-0.59447	-65.044631		
60	0.094986	750	-0.579397	-65.624028		
61	0.089014	750	-0.569385	-66.193414		
62	0.083273	750	-0.541201	-66.734615		
63	0.07776	750	-0.521926	-67.256541		
64	0.072472	750	-0.50874	-67.76528		
65	0.067406	750	-0.475206	-68.240486		
66	0.062558	750	-0.46845	-68.708936		
67	0.057926	750	-0.456548	-69.165484		
68	0.053506	750	-0.430872	-69.596355		
69	0.049295	750	-0.409021	-70.005376		
70	0.045289	750	-0.397577	-70.402953		
71	0.041485	750	-0.374002	-70.776955		
72	0.03788	750	-0.354356	-71.131311		
73	0.034469	750	-0.348182	-71.479492		
74	0.03125	750	-0.326884	-71.806376		
75	0.028218	750	-0.309573	-72.115949		
76	0.02537	750	-0.294987	-72.410935		
77	0.022702	750	-0.266102	-72.677037		
78	0.020209	750	-0.253212	-72.930249		
79	0.017889	750	-0.243748	-73.173997		
80	0.015736	750	-0.230831	-73.404828		
81	0.013746	750	-0.215951	-73.620779		
82	0.011916	750	-0.195974	-73.816753		
83	0.01024	750	-0.179738	-73.996491		
84	0.008714	750	-0.175767	-74.172258		
85	0.007334	750	-0.152567	-74.324825		
86	0.006093	750	-0.135678	-74.460503		
87	0.004988	750	-0.125149	-74.585652		
88	0.004013	750	-0.111962	-74.697615		
89	0.003162	750	-0.094685	-74.7923		
90	0.00243	750	-0.084672	-74.876971		
91	0.00181	750	-0.072232	-74.949204		
92	0.001296	750	-0.060716	-75.009919		
93	0.000882	750	-0.04759	-75.057509		
94	0.000559	750	-0.037683	-75.095192		
95	0.00032	750	-0.028346	-75.123538		
96	0.000156	750	-0.020608	-75.144146		
97	0.000057	750	-0.012067	-75.156212		
98	0.00001	750	-0.005775	-75.161988		
99	0	750	-0.001235	-75.163223		
Log marginal likelihood:	-75.163223					
0	0.975187	750	-2.026913	-2.026913		
1	0.950747	750	-1.979809	-4.006722		
2	0.926679	750	-1.930882	-5.937604		
3	0.90298	750	-1.944384	-7.881988		
4	0.879648	750	-1.90941	-9.791398		
5	0.856682	750	-1.880126	-11.671524		
6	0.834079	750	-1.863342	-13.534866		
7	0.811838	750	-1.853959	-15.388824		
8	0.789957	750	-1.808641	-17.197466		
9	0.768433	750	-1.783649	-18.981115		
10	0.747266	750	-1.741106	-20.722221		
11	0.726452	750	-1.68846	-22.410681		
12	0.705989	750	-1.695855	-24.106536		
13	0.685877	750	-1.644912	-25.751447		
14	0.666112	750	-1.641222	-27.39267		
15	0.646693	750	-1.635117	-29.027786		
16	0.627618	750	-1.587522	-30.615308		
17	0.608884	750	-1.54253	-32.157838		
18	0.59049	750	-1.542367	-33.700205		
19	0.572433	750	-1.484931	-35.185136		
20	0.554712	750	-1.505373	-36.690509		
21	0.537324	750	-1.460886	-38.151395		
22	0.520268	750	-1.442398	-39.593793		
23	0.50354	750	-1.40358	-40.997373		
24	0.487139	750	-1.367693	-42.365066		
25	0.471063	750	-1.349842	-43.714908		
26	0.45531	750	-1.325986	-45.040894		
27	0.439877	750	-1.314474	-46.355367		
28	0.424762	750	-1.310019	-47.665386		
29	0.409963	750	-1.256597	-48.921984		
30	0.395478	750	-1.234002	-50.155986		
31	0.381305	750	-1.204325	-51.360311		
32	0.36744	750	-1.184028	-52.544339		
33	0.353883	750	-1.169639	-53.713978		
34	0.34063	750	-1.143359	-54.857337		
35	0.32768	750	-1.089214	-55.946552		
36	0.31503	750	-1.094327	-57.040878		
37	0.302677	750	-1.070956	-58.111835		
38	0.290619	750	-1.042342	-59.154177		
39	0.278855	750	-1.018286	-60.172462		
40	0.267381	750	-0.991435	-61.163897		
41	0.256195	750	-0.96112	-62.125017		
42	0.245294	750	-0.950628	-63.075645		
43	0.234677	750	-0.932395	-64.00804		
44	0.22434	750	-0.895266	-64.903307		
45	0.214281	750	-0.882362	-65.785669		
46	0.204498	750	-0.860635	-66.646304		
47	0.194988	750	-0.833171	-67.479475		
48	0.185749	750	-0.81738	-68.296855		
49	0.176777	750	-0.800792	-69.097646		
50	0.16807	750	-0.764851	-69.862497		
51	0.159626	750	-0.74717	-70.609667		
52	0.151441	750	-0.72122	-71.330887		
53	0.143514	750	-0.70325	-72.034137		
54	0.135841	750	-0.695739	-72.729876		
55	0.12842	750	-0.673828	-73.403704		
56	0.121247	750	-0.648125	-74.051828		
57	0.11432	750	-0.620458	-74.672286		
58	0.107637	750	-0.607707	-75.279993		
59	0.101193	750	-0.589398	-75.869391		
60	0.094986	750	-0.564003	-76.433395		
61	0.089014	750	-0.543587	-76.976982		
62	0.083273	750	-0.533836	-77.510818		
63	0.07776	750	-0.516772	-78.02759		
64	0.072472	750	-0.502749	-78.530339		
65	0.067406	750	-0.486402	-79.016741		
66	0.062558	750	-0.464471	-79.481211		
67	0.057926	750	-0.433291	-79.914502		
68	0.053506	750	-0.418082	-80.332584		
69	0.049295	750	-0.42081	-80.753394		
70	0.045289	750	-0.396758	-81.150152		
71	0.041485	750	-0.376524	-81.526676		
72	0.03788	750	-0.356936	-81.883612		
73	0.034469	750	-0.337946	-82.221558		
74	0.03125	750	-0.32564	-82.547198		
75	0.028218	750	-0.32388	-82.871078		
76	0.02537	750	-0.299639	-83.170717		
77	0.022702	750	-0.275609	-83.446326		
78	0.020209	750	-0.266289	-83.712615		
79	0.017889	750	-0.242066	-83.954681		
80	0.015736	750	-0.229182	-84.183863		
81	0.013746	750	-0.2102	-84.394063		
82	0.011916	750	-0.205136	-84.5992		
83	0.01024	750	-0.183306	-84.782505		
84	0.008714	750	-0.164148	-84.946653		
85	0.007334	750	-0.154613	-85.101266		
86	0.006093	750	-0.140262	-85.241528		
87	0.004988	750	-0.122552	-85.36408		
88	0.004013	750	-0.106446	-85.470526		
89	0.003162	750	-0.095328	-85.565855		
90	0.00243	750	-0.088676	-85.65453		
91	0.00181	750	-0.073513	-85.728043		
92	0.001296	750	-0.059392	-85.787436		
93	0.000882	750	-0.049842	-85.837278		
94	0.000559	750	-0.042922	-85.8802		
95	0.00032	750	-0.028535	-85.908735		
96	0.000156	750	-0.019329	-85.928065		
97	0.000057	750	-0.011028	-85.939093		
98	0.00001	750	-0.005302	-85.944395		
99	0	750	-0.001254	-85.945649		
Log marginal likelihood:	-85.945649					
0	0.975187	750	-1.766936	-1.766936		
1	0.950747	750	-1.751396	-3.518332		
2	0.926679	750	-1.713968	-5.232301		
3	0.90298	750	-1.726552	-6.958853		
4	0.879648	750	-1.715021	-8.673873		
5	0.856682	750	-1.665637	-10.339511		
6	0.834079	750	-1.652977	-11.992487		
7	0.811838	750	-1.603369	-13.595856		
8	0.789957	750	-1.591442	-15.187298		
9	0.768433	750	-1.58268	-16.769979		
10	0.747266	750	-1.550741	-18.320719		
11	0.726452	750	-1.513834	-19.834553		
12	0.705989	750	-1.510841	-21.345394		
13	0.685877	750	-1.450826	-22.796221		
14	0.666112	750	-1.466146	-24.262366		
15	0.646693	750	-1.431299	-25.693666		
16	0.627618	750	-1.400996	-27.094661		
17	0.608884	750	-1.373746	-28.468407		
18	0.59049	750	-1.372443	-29.84085		
19	0.572433	750	-1.338485	-31.179335		
20	0.554712	750	-1.303728	-32.483063		
21	0.537324	750	-1.288745	-33.771808		
22	0.520268	750	-1.317199	-35.089008		
23	0.50354	750	-1.315052	-36.404059		
24	0.487139	750	-1.222095	-37.626155		
25	0.471063	750	-1.201667	-38.827822		
26	0.45531	750	-1.171036	-39.998857		
27	0.439877	750	-1.254087	-41.252945		
28	0.424762	750	-1.158639	-42.411583		
29	0.409963	750	-1.180907	-43.59249		
30	0.395478	750	-1.111166	-44.703656		
31	0.381305	750	-1.107547	-45.811203		
32	0.36744	750	-1.170767	-46.98197		
33	0.353883	750	-1.176197	-48.158167		
34	0.34063	750	-1.107973	-49.266139		
35	0.32768	750	-1.059023	-50.325163		
36	0.31503	750	-1.107155	-51.432318		
37	0.302677	750	-1.03285	-52.465168		
38	0.290619	750	-0.957037	-53.422205		
39	0.278855	750	-0.978256	-54.400461		
40	0.267381	750	-0.950959	-55.35142		
41	0.256195	750	-0.954795	-56.306215		
42	0.245294	750	-0.906398	-57.212614		
43	0.234677	750	-0.920954	-58.133567		
44	0.22434	750	-0.869147	-59.002714		
45	0.214281	750	-0.850312	-59.853026		
46	0.204498	750	-0.807688	-60.660714		
47	0.194988	750	-0.822465	-61.483179		
48	0.185749	750	-0.818009	-62.301187		
49	0.176777	750	-0.774267	-63.075455		
50	0.16807	750	-0.777155	-63.85261		
51	0.159626	750	-0.759319	-64.611929		
52	0.151441	750	-0.709499	-65.321428		
53	0.143514	750	-0.694717	-66.016144		
54	0.135841	750	-0.68037	-66.696515		
55	0.12842	750	-0.676186	-67.3727		
56	0.121247	750	-0.639709	-68.01241		
57	0.11432	750	-0.617826	-68.630235		
58	0.107637	750	-0.597163	-69.227398		
59	0.101193	750	-0.58911	-69.816508		
60	0.094986	750	-0.559037	-70.375545		
61	0.089014	750	-0.538278	-70.913824		
62	0.083273	750	-0.534154	-71.447978		
63	0.07776	750	-0.516142	-71.96412		
64	0.072472	750	-0.494162	-72.458281		
65	0.067406	750	-0.48329	-72.941571		
66	0.062558	750	-0.459302	-73.400873		
67	0.057926	750	-0.438626	-73.839499		
68	0.053506	750	-0.417941	-74.25744		
69	0.049295	750	-0.418917	-74.676357		
70	0.045289	750	-0.39733	-75.073688		
71	0.041485	750	-0.37354	-75.447227		
72	0.03788	750	-0.361106	-75.808334		
73	0.034469	750	-0.349286	-76.157619		
74	0.03125	750	-0.308798	-76.466417		
75	0.028218	750	-0.302607	-76.769024		
76	0.02537	750	-0.283918	-77.052943		
77	0.022702	750	-0.273417	-77.32636		
78	0.020209	750	-0.267853	-77.594213		
79	0.017889	750	-0.240267	-77.83448		
80	0.015736	750	-0.226456	-78.060936		
81	0.013746	750	-0.208284	-78.26922		
82	0.011916	750	-0.208728	-78.477948		
83	0.01024	750	-0.183001	-78.66095		
84	0.008714	750	-0.170309	-78.831259		
85	0.007334	750	-0.161596	-78.992855		
86	0.006093	750	-0.146188	-79.139043		
87	0.004988	750	-0.126173	-79.265216		
88	0.004013	750	-0.115663	-79.380879		
89	0.003162	750	-0.096981	-79.47786		
90	0.00243	750	-0.082516	-79.560376		
91	0.00181	750	-0.068518	-79.628894		
92	0.001296	750	-0.060051	-79.688944		
93	0.000882	750	-0.047024	-79.735968		
94	0.000559	750	-0.037332	-79.7733		
95	0.00032	750	-0.030565	-79.803865		
96	0.000156	750	-0.017859	-79.821724		
97	0.000057	750	-0.012409	-79.834133		
98	0.00001	750	-0.005778	-79.839911		
99	0	750	-0.001206	-79.841117		
Log marginal likelihood:	-79.841117					
0	0.975187	750	-2.173149	-2.173149		
1	0.950747	750	-2.169318	-4.342466		
2	0.926679	750	-2.13637	-6.478836		
3	0.90298	750	-2.118936	-8.597773		
4	0.879648	750	-2.082478	-10.68025		
5	0.856682	750	-1.995309	-12.675559		
6	0.834079	750	-2.020231	-14.69579		
7	0.811838	750	-1.999562	-16.695352		
8	0.789957	750	-1.943286	-18.638638		
9	0.768433	750	-1.932767	-20.571404		
10	0.747266	750	-1.881797	-22.453201		
11	0.726452	750	-1.869628	-24.32283		
12	0.705989	750	-1.793956	-26.116786		
13	0.685877	750	-1.787642	-27.904428		
14	0.666112	750	-1.77944	-29.683868		
15	0.646693	750	-1.72827	-31.412139		
16	0.627618	750	-1.719188	-33.131327		
17	0.608884	750	-1.671483	-34.802809		
18	0.59049	750	-1.653157	-36.455966		
19	0.572433	750	-1.622709	-38.078675		
20	0.554712	750	-1.599168	-39.677844		
21	0.537324	750	-1.563842	-41.241686		
22	0.520268	750	-1.537847	-42.779533		
23	0.50354	750	-1.506414	-44.285947		
24	0.487139	750	-1.477447	-45.763393		
25	0.471063	750	-1.456003	-47.219396		
26	0.45531	750	-1.429352	-48.648748		
27	0.439877	750	-1.395197	-50.043945		
28	0.424762	750	-1.369722	-51.413667		
29	0.409963	750	-1.344946	-52.758613		
30	0.395478	750	-1.301609	-54.060222		
31	0.381305	750	-1.29403	-55.354251		
32	0.36744	750	-1.258471	-56.612722		
33	0.353883	750	-1.234866	-57.847589		
34	0.34063	750	-1.206863	-59.054452		
35	0.32768	750	-1.1761	-60.230552		
36	0.31503	750	-1.168757	-61.399309		
37	0.302677	750	-1.124505	-62.523814		
38	0.290619	750	-1.099274	-63.623089		
39	0.278855	750	-1.069519	-64.692607		
40	0.267381	750	-1.055694	-65.748301		
41	0.256195	750	-1.027621	-66.775921		
42	0.245294	750	-0.990789	-67.766711		
43	0.234677	750	-0.977538	-68.744249		
44	0.22434	750	-0.958416	-69.702665		
45	0.214281	750	-0.927647	-70.630312		
46	0.204498	750	-0.903852	-71.534164		
47	0.194988	750	-0.87853	-72.412694		
48	0.185749	750	-0.861512	-73.274205		
49	0.176777	750	-0.842282	-74.116487		
50	0.16807	750	-0.823677	-74.940165		
51	0.159626	750	-0.79093	-75.731095		
52	0.151441	750	-0.764763	-76.495857		
53	0.143514	750	-0.743729	-77.239586		
54	0.135841	750	-0.719448	-77.959034		
55	0.12842	750	-0.698821	-78.657855		
56	0.121247	750	-0.691856	-79.349711		
57	0.11432	750	-0.652776	-80.002488		
58	0.107637	750	-0.641554	-80.644042		
59	0.101193	750	-0.620831	-81.264873		
60	0.094986	750	-0.605216	-81.870089		
61	0.089014	750	-0.583436	-82.453525		
62	0.083273	750	-0.556237	-83.009762		
63	0.07776	750	-0.534613	-83.544375		
64	0.072472	750	-0.512282	-84.056658		
65	0.067406	750	-0.485313	-84.541971		
66	0.062558	750	-0.48826	-85.030231		
67	0.057926	750	-0.451588	-85.481819		
68	0.053506	750	-0.436925	-85.918744		
69	0.049295	750	-0.432185	-86.350929		
70	0.045289	750	-0.409073	-86.760002		
71	0.041485	750	-0.38223	-87.142232		
72	0.03788	750	-0.369109	-87.511341		
73	0.034469	750	-0.361631	-87.872972		
74	0.03125	750	-0.339928	-88.2129		
75	0.028218	750	-0.324262	-88.537163		
76	0.02537	750	-0.300677	-88.83784		
77	0.022702	750	-0.29216	-89.13		
78	0.020209	750	-0.294244	-89.424243		
79	0.017889	750	-0.281326	-89.705569		
80	0.015736	750	-0.233759	-89.939328		
81	0.013746	750	-0.221322	-90.16065		
82	0.011916	750	-0.204697	-90.365347		
83	0.01024	750	-0.198703	-90.564049		
84	0.008714	750	-0.181027	-90.745076		
85	0.007334	750	-0.167496	-90.912573		
86	0.006093	750	-0.149898	-91.062471		
87	0.004988	750	-0.12618	-91.188651		
88	0.004013	750	-0.12084	-91.309492		
89	0.003162	750	-0.099447	-91.408938		
90	0.00243	750	-0.091801	-91.500739		
91	0.00181	750	-0.084025	-91.584764		
92	0.001296	750	-0.066484	-91.651247		
93	0.000882	750	-0.049302	-91.70055		
94	0.000559	750	-0.040323	-91.740872		
95	0.00032	750	-0.030274	-91.771147		
96	0.000156	750	-0.020968	-91.792115		
97	0.000057	750	-0.014554	-91.806669		
98	0.00001	750	-0.005277	-91.811946		
99	0	750	-0.001226	-91.813172		
Log marginal likelihood:	-91.813172					
0	0.975187	750	-1.883291	-1.883291		
1	0.950747	750	-1.875352	-3.758643		
2	0.926679	750	-1.866611	-5.625254		
3	0.90298	750	-1.868842	-7.494096		
4	0.879648	750	-1.798856	-9.292952		
5	0.856682	750	-1.776286	-11.069238		
6	0.834079	750	-1.78899	-12.858228		
7	0.811838	750	-1.714108	-14.572336		
8	0.789957	750	-1.677158	-16.249494		
9	0.768433	750	-1.654479	-17.903972		
10	0.747266	750	-1.641531	-19.545503		
11	0.726452	750	-1.633389	-21.178892		
12	0.705989	750	-1.598704	-22.777595		
13	0.685877	750	-1.541877	-24.319472		
14	0.666112	750	-1.555488	-25.874961		
15	0.646693	750	-1.553565	-27.428526		
16	0.627618	750	-1.511765	-28.940292		
17	0.608884	750	-1.479696	-30.419988		
18	0.59049	750	-1.512002	-31.93199		
19	0.572433	750	-1.469385	-33.401375		
20	0.554712	750	-1.476465	-34.87784		
21	0.537324	750	-1.445444	-36.323284		
22	0.520268	750	-1.349922	-37.673207		
23	0.50354	750	-1.331321	-39.004527		
24	0.487139	750	-1.407944	-40.412472		
25	0.471063	750	-1.292349	-41.704821		
26	0.45531	750	-1.25353	-42.95835		
27	0.439877	750	-1.262617	-44.220968		
28	0.424762	750	-1.227386	-45.448353		
29	0.409963	750	-1.189672	-46.638025		
30	0.395478	750	-1.178944	-47.81697		
31	0.381305	750	-1.176236	-48.993206		
32	0.36744	750	-1.150996	-50.144202		
33	0.353883	750	-1.150491	-51.294693		
34	0.34063	750	-1.112647	-52.40734		
35	0.32768	750	-1.092698	-53.500038		
36	0.31503	750	-1.077063	-54.577101		
37	0.302677	750	-1.049461	-55.626562		
38	0.290619	750	-1.0359	-56.662462		
39	0.278855	750	-1.021341	-57.683803		
40	0.267381	750	-0.956096	-58.639899		
41	0.256195	750	-0.944256	-59.584156		
42	0.245294	750	-0.93576	-60.519916		
43	0.234677	750	-0.937676	-61.457591		
44	0.22434	750	-0.905537	-62.363128		
45	0.214281	750	-0.879831	-63.242958		
46	0.204498	750	-0.857334	-64.100293		
47	0.194988	750	-0.853058	-64.953351		
48	0.185749	750	-0.831193	-65.784544		
49	0.176777	750	-0.792221	-66.576765		
50	0.16807	750	-0.75849	-67.335255		
51	0.159626	750	-0.742962	-68.078217		
52	0.151441	750	-0.737969	-68.816186		
53	0.143514	750	-0.714359	-69.530544		
54	0.135841	750	-0.688812	-70.219357		
55	0.12842	750	-0.670925	-70.890281		
56	0.121247	750	-0.638935	-71.529216		
57	0.11432	750	-0.630359	-72.159575		
58	0.107637	750	-0.603941	-72.763516		
59	0.101193	750	-0.588677	-73.352194		
60	0.094986	750	-0.573835	-73.926028		
61	0.089014	750	-0.546882	-74.47291		
62	0.083273	750	-0.532633	-75.005543		
63	0.07776	750	-0.510241	-75.515784		
64	0.072472	750	-0.493827	-76.009611		
65	0.067406	750	-0.473863	-76.483474		
66	0.062558	750	-0.461594	-76.945069		
67	0.057926	750	-0.430538	-77.375606		
68	0.053506	750	-0.423751	-77.799357		
69	0.049295	750	-0.416107	-78.215464		
70	0.045289	750	-0.380538	-78.596002		
71	0.041485	750	-0.372327	-78.968329		
72	0.03788	750	-0.363337	-79.331666		
73	0.034469	750	-0.32958	-79.661246		
74	0.03125	750	-0.326477	-79.987722		
75	0.028218	750	-0.311981	-80.299703		
76	0.02537	750	-0.298677	-80.59838		
77	0.022702	750	-0.277801	-80.876182		
78	0.020209	750	-0.267923	-81.144105		
79	0.017889	750	-0.249214	-81.393319		
80	0.015736	750	-0.229769	-81.623089		
81	0.013746	750	-0.207629	-81.830718		
82	0.011916	750	-0.20169	-82.032408		
83	0.01024	750	-0.191618	-82.224026		
84	0.008714	750	-0.169081	-82.393107		
85	0.007334	750	-0.167416	-82.560523		
86	0.006093	750	-0.146788	-82.707311		
87	0.004988	750	-0.119685	-82.826996		
88	0.004013	750	-0.111305	-82.938301		
89	0.003162	750	-0.099101	-83.037402		
90	0.00243	750	-0.085708	-83.12311		
91	0.00181	750	-0.073981	-83.197091		
92	0.001296	750	-0.057953	-83.255044		
93	0.000882	750	-0.0549	-83.309944		
94	0.000559	750	-0.039337	-83.349281		
95	0.00032	750	-0.029044	-83.378325		
96	0.000156	750	-0.020407	-83.398733		
97	0.000057	750	-0.012192	-83.410924		
98	0.00001	750	-0.005498	-83.416422		
99	0	750	-0.001191	-83.417613		
Log marginal likelihood:	-83.417613					
0	0.975187	750	-2.086535	-2.086535		
1	0.950747	750	-2.073379	-4.159914		
2	0.926679	750	-2.005353	-6.165268		
3	0.90298	750	-1.967258	-8.132526		
4	0.879648	750	-1.972641	-10.105167		
5	0.856682	750	-1.958999	-12.064166		
6	0.834079	750	-1.888025	-13.95219		
7	0.811838	750	-1.910193	-15.862384		
8	0.789957	750	-1.82023	-17.682614		
9	0.768433	750	-1.830258	-19.512872		
10	0.747266	750	-1.762096	-21.274968		
11	0.726452	750	-1.772106	-23.047074		
12	0.705989	750	-1.744211	-24.791285		
13	0.685877	750	-1.726505	-26.51779		
14	0.666112	750	-1.67747	-28.19526		
15	0.646693	750	-1.632567	-29.827827		
16	0.627618	750	-1.596668	-31.424495		
17	0.608884	750	-1.607374	-33.03187		
18	0.59049	750	-1.578351	-34.61022		
19	0.572433	750	-1.543568	-36.153789		
20	0.554712	750	-1.496915	-37.650703		
21	0.537324	750	-1.51128	-39.161984		
22	0.520268	750	-1.510526	-40.67251		
23	0.50354	750	-1.43448	-42.10699		
24	0.487139	750	-1.431012	-43.538002		
25	0.471063	750	-1.394177	-44.932179		
26	0.45531	750	-1.375494	-46.307673		
27	0.439877	750	-1.355855	-47.663527		
28	0.424762	750	-1.326781	-48.990308		
29	0.409963	750	-1.294156	-50.284465		
30	0.395478	750	-1.266772	-51.551237		
31	0.381305	750	-1.246261	-52.797498		
32	0.36744	750	-1.208481	-54.005979		
33	0.353883	750	-1.192026	-55.198005		
34	0.34063	750	-1.162795	-56.3608		
35	0.32768	750	-1.152598	-57.513398		
36	0.31503	750	-1.112811	-58.626208		
37	0.302677	750	-1.084458	-59.710666		
38	0.290619	750	-1.07425	-60.784917		
39	0.278855	750	-1.037823	-61.822739		
40	0.267381	750	-1.025093	-62.847832		
41	0.256195	750	-1.000096	-63.847928		
42	0.245294	750	-0.961068	-64.808997		
43	0.234677	750	-0.945348	-65.754345		
44	0.22434	750	-0.923278	-66.677622		
45	0.214281	750	-0.904903	-67.582525		
46	0.204498	750	-0.89089	-68.473415		
47	0.194988	750	-0.857235	-69.330651		
48	0.185749	750	-0.840458	-70.171109		
49	0.176777	750	-0.809076	-70.980185		
50	0.16807	750	-0.78963	-71.769815		
51	0.159626	750	-0.768887	-72.538703		
52	0.151441	750	-0.741079	-73.279782		
53	0.143514	750	-0.732468	-74.01225		
54	0.135841	750	-0.70749	-74.71974		
55	0.12842	750	-0.68158	-75.40132		
56	0.121247	750	-0.662071	-76.063391		
57	0.11432	750	-0.636287	-76.699678		
58	0.107637	750	-0.628203	-77.327881		
59	0.101193	750	-0.599266	-77.927147		
60	0.094986	750	-0.586046	-78.513193		
61	0.089014	750	-0.566657	-79.07985		
62	0.083273	750	-0.548187	-79.628037		
63	0.07776	750	-0.520561	-80.148598		
64	0.072472	750	-0.502223	-80.65082		
65	0.067406	750	-0.482921	-81.133741		
66	0.062558	750	-0.462942	-81.596684		
67	0.057926	750	-0.465776	-82.06246		
68	0.053506	750	-0.440077	-82.502537		
69	0.049295	750	-0.41082	-82.913357		
70	0.045289	750	-0.396193	-83.30955		
71	0.041485	750	-0.373124	-83.682673		
72	0.03788	750	-0.352479	-84.035152		
73	0.034469	750	-0.340924	-84.376076		
74	0.03125	750	-0.351177	-84.727253		
75	0.028218	750	-0.310135	-85.037387		
76	0.02537	750	-0.290417	-85.327804		
77	0.022702	750	-0.276278	-85.604082		
78	0.020209	750	-0.265579	-85.86966		
79	0.017889	750	-0.247111	-86.116772		
80	0.015736	750	-0.234624	-86.351395		
81	0.013746	750	-0.216861	-86.568256		
82	0.011916	750	-0.198175	-86.766431		
83	0.01024	750	-0.191082	-86.957513		
84	0.008714	750	-0.178173	-87.135686		
85	0.007334	750	-0.149415	-87.285101		
86	0.006093	750	-0.14141	-87.426511		
87	0.004988	750	-0.127508	-87.554018		
88	0.004013	750	-0.123532	-87.67755		
89	0.003162	750	-0.102109	-87.779659		
90	0.00243	750	-0.086176	-87.865835		
91	0.00181	750	-0.0727	-87.938535		
92	0.001296	750	-0.062376	-88.000911		
93	0.000882	750	-0.046026	-88.046937		
94	0.000559	750	-0.039032	-88.085969		
95	0.00032	750	-0.028527	-88.114497		
96	0.000156	750	-0.020629	-88.135126		
97	0.000057	750	-0.010873	-88.145998		
98	0.00001	750	-0.005847	-88.151845		
99	0	750	-0.001494	-88.153339		
Log marginal likelihood:	-88.153339					
0	0.975187	750	-1.96624	-1.96624		
1	0.950747	750	-1.962122	-3.928362		
2	0.926679	750	-1.924789	-5.853152		
3	0.90298	750	-1.887872	-7.741024		
4	0.879648	750	-1.924146	-9.665171		
5	0.856682	750	-1.903365	-11.568536		
6	0.834079	750	-1.817754	-13.38629		
7	0.811838	750	-1.764706	-15.150996		
8	0.789957	750	-1.752107	-16.903103		
9	0.768433	750	-1.773223	-18.676326		
10	0.747266	750	-1.740903	-20.417229		
11	0.726452	750	-1.716616	-22.133845		
12	0.705989	750	-1.657339	-23.791185		
13	0.685877	750	-1.645408	-25.436592		
14	0.666112	750	-1.603037	-27.03963		
15	0.646693	750	-1.627255	-28.666885		
16	0.627618	750	-1.589793	-30.256678		
17	0.608884	750	-1.539696	-31.796374		
18	0.59049	750	-1.52691	-33.323284		
19	0.572433	750	-1.469657	-34.792941		
20	0.554712	750	-1.445408	-36.238349		
21	0.537324	750	-1.465321	-37.70367		
22	0.520268	750	-1.447632	-39.151301		
23	0.50354	750	-1.389843	-40.541145		
24	0.487139	750	-1.362352	-41.903497		
25	0.471063	750	-1.366569	-43.270066		
26	0.45531	750	-1.319071	-44.589137		
27	0.439877	750	-1.32013	-45.909267		
28	0.424762	750	-1.29014	-47.199407		
29	0.409963	750	-1.28593	-48.485337		
30	0.395478	750	-1.227822	-49.713159		
31	0.381305	750	-1.210847	-50.924006		
32	0.36744	750	-1.196553	-52.12056		
33	0.353883	750	-1.1737	-53.29426		
34	0.34063	750	-1.13214	-54.426399		
35	0.32768	750	-1.109656	-55.536056		
36	0.31503	750	-1.092727	-56.628783		
37	0.302677	750	-1.043209	-57.671992		
38	0.290619	750	-1.041058	-58.71305		
39	0.278855	750	-1.033988	-59.747038		
40	0.267381	750	-1.000023	-60.747061		
41	0.256195	750	-0.96601	-61.713071		
42	0.245294	750	-0.940759	-62.65383		
43	0.234677	750	-0.93028	-63.58411		
44	0.22434	750	-0.89474	-64.47885		
45	0.214281	750	-0.892015	-65.370865		
46	0.204498	750	-0.864302	-66.235167		
47	0.194988	750	-0.825532	-67.060699		
48	0.185749	750	-0.810186	-67.870885		
49	0.176777	750	-0.805752	-68.676637		
50	0.16807	750	-0.781115	-69.457752		
51	0.159626	750	-0.758974	-70.216725		
52	0.151441	750	-0.72022	-70.936945		
53	0.143514	750	-0.712289	-71.649234		
54	0.135841	750	-0.700381	-72.349615		
55	0.12842	750	-0.669858	-73.019473		
56	0.121247	750	-0.640698	-73.660171		
57	0.11432	750	-0.631076	-74.291248		
58	0.107637	750	-0.590203	-74.881451		
59	0.101193	750	-0.596223	-75.477674		
60	0.094986	750	-0.568083	-76.045757		
61	0.089014	750	-0.558817	-76.604574		
62	0.083273	750	-0.539297	-77.143871		
63	0.07776	750	-0.507787	-77.651659		
64	0.072472	750	-0.492981	-78.14464		
65	0.067406	750	-0.473748	-78.618388		
66	0.062558	750	-0.464368	-79.082756		
67	0.057926	750	-0.441598	-79.524354		
68	0.053506	750	-0.42627	-79.950624		
69	0.049295	750	-0.406457	-80.357081		
70	0.045289	750	-0.381692	-80.738773		
71	0.041485	750	-0.371796	-81.110569		
72	0.03788	750	-0.355639	-81.466209		
73	0.034469	750	-0.335748	-81.801956		
74	0.03125	750	-0.323012	-82.124968		
75	0.028218	750	-0.307412	-82.43238		
76	0.02537	750	-0.293146	-82.725526		
77	0.022702	750	-0.27939	-83.004916		
78	0.020209	750	-0.270636	-83.275552		
79	0.017889	750	-0.246533	-83.522085		
80	0.015736	750	-0.232091	-83.754175		
81	0.013746	750	-0.217517	-83.971692		
82	0.011916	750	-0.211916	-84.183608		
83	0.01024	750	-0.182892	-84.366499		
84	0.008714	750	-0.173439	-84.539938		
85	0.007334	750	-0.154188	-84.694127		
86	0.006093	750	-0.135639	-84.829765		
87	0.004988	750	-0.112824	-84.942589		
88	0.004013	750	-0.11013	-85.052719		
89	0.003162	750	-0.098755	-85.151474		
90	0.00243	750	-0.095296	-85.246771		
91	0.00181	750	-0.069831	-85.316602		
92	0.001296	750	-0.062124	-85.378726		
93	0.000882	750	-0.044996	-85.423722		
94	0.000559	750	-0.036079	-85.459801		
95	0.00032	750	-0.029403	-85.489204		
96	0.000156	750	-0.01933	-85.508534		
97	0.000057	750	-0.011809	-85.520343		
98	0.00001	750	-0.005877	-85.526219		
99	0	750	-0.001223	-85.527442		
Log marginal likelihood:	-85.527442					
0	0.975187	750	-1.966055	-1.966055		
1	0.950747	750	-1.953081	-3.919136		
2	0.926679	750	-1.991891	-5.911027		
3	0.90298	750	-1.886264	-7.797291		
4	0.879648	750	-1.917655	-9.714946		
5	0.856682	750	-1.84404	-11.558986		
6	0.834079	750	-1.888688	-13.447674		
7	0.811838	750	-1.848589	-15.296264		
8	0.789957	750	-1.736725	-17.032988		
9	0.768433	750	-1.790511	-18.823499		
10	0.747266	750	-1.701433	-20.524932		
11	0.726452	750	-1.698331	-22.223264		
12	0.705989	750	-1.659318	-23.882582		
13	0.685877	750	-1.61081	-25.493392		
14	0.666112	750	-1.62193	-27.115322		
15	0.646693	750	-1.566884	-28.682206		
16	0.627618	750	-1.593185	-30.27539		
17	0.608884	750	-1.592047	-31.867437		
18	0.59049	750	-1.520518	-33.387955		
19	0.572433	750	-1.492187	-34.880142		
20	0.554712	750	-1.483063	-36.363205		
21	0.537324	750	-1.409374	-37.77258		
22	0.520268	750	-1.428238	-39.200817		
23	0.50354	750	-1.43624	-40.637057		
24	0.487139	750	-1.404837	-42.041894		
25	0.471063	750	-1.334344	-43.376238		
26	0.45531	750	-1.324173	-44.700412		
27	0.439877	750	-1.318861	-46.019273		
28	0.424762	750	-1.298064	-47.317337		
29	0.409963	750	-1.232565	-48.549902		
30	0.395478	750	-1.248674	-49.798576		
31	0.381305	750	-1.159016	-50.957592		
32	0.36744	750	-1.195369	-52.152961		
33	0.353883	750	-1.182046	-53.335007		
34	0.34063	750	-1.145894	-54.480901		
35	0.32768	750	-1.141384	-55.622285		
36	0.31503	750	-1.107527	-56.729812		
37	0.302677	750	-1.082595	-57.812407		
38	0.290619	750	-1.043131	-58.855537		
39	0.278855	750	-1.009825	-59.865362		
40	0.267381	750	-1.003862	-60.869224		
41	0.256195	750	-0.976135	-61.845359		
42	0.245294	750	-0.970908	-62.816267		
43	0.234677	750	-0.933526	-63.749794		
44	0.22434	750	-0.917663	-64.667457		
45	0.214281	750	-0.86077	-65.528227		
46	0.204498	750	-0.866008	-66.394234		
47	0.194988	750	-0.844696	-67.23893		
48	0.185749	750	-0.832331	-68.071261		
49	0.176777	750	-0.791112	-68.862374		
50	0.16807	750	-0.776931	-69.639305		
51	0.159626	750	-0.756721	-70.396026		
52	0.151441	750	-0.728497	-71.124523		
53	0.143514	750	-0.714329	-71.838852		
54	0.135841	750	-0.686935	-72.525787		
55	0.12842	750	-0.676072	-73.201859		
56	0.121247	750	-0.653922	-73.85578		
57	0.11432	750	-0.632863	-74.488643		
58	0.107637	750	-0.607735	-75.096378		
59	0.101193	750	-0.595872	-75.69225		
60	0.094986	750	-0.576308	-76.268558		
61	0.089014	750	-0.551501	-76.820059		
62	0.083273	750	-0.538661	-77.358721		
63	0.07776	750	-0.530107	-77.888827		
64	0.072472	750	-0.494993	-78.38382		
65	0.067406	750	-0.478119	-78.861939		
66	0.062558	750	-0.47537	-79.337308		
67	0.057926	750	-0.445483	-79.782791		
68	0.053506	750	-0.42709	-80.209881		
69	0.049295	750	-0.404201	-80.614082		
70	0.045289	750	-0.392712	-81.006794		
71	0.041485	750	-0.384087	-81.390881		
72	0.03788	750	-0.35087	-81.741752		
73	0.034469	750	-0.345358	-82.08711		
74	0.03125	750	-0.316017	-82.403127		
75	0.028218	750	-0.301882	-82.705009		
76	0.02537	750	-0.307864	-83.012872		
77	0.022702	750	-0.283113	-83.295986		
78	0.020209	750	-0.259584	-83.55557		
79	0.017889	750	-0.252122	-83.807692		
80	0.015736	750	-0.231947	-84.039639		
81	0.013746	750	-0.213525	-84.253164		
82	0.011916	750	-0.2033	-84.456464		
83	0.01024	750	-0.184998	-84.641462		
84	0.008714	750	-0.174668	-84.81613		
85	0.007334	750	-0.155968	-84.972098		
86	0.006093	750	-0.143508	-85.115606		
87	0.004988	750	-0.121337	-85.236943		
88	0.004013	750	-0.108691	-85.345634		
89	0.003162	750	-0.093125	-85.43876		
90	0.00243	750	-0.082656	-85.521415		
91	0.00181	750	-0.073833	-85.595248		
92	0.001296	750	-0.055841	-85.651089		
93	0.000882	750	-0.050984	-85.702073		
94	0.000559	750	-0.03759	-85.739663		
95	0.00032	750	-0.027414	-85.767077		
96	0.000156	750	-0.019305	-85.786381		
97	0.000057	750	-0.011114	-85.797495		
98	0.00001	750	-0.005305	-85.8028		
99	0	750	-0.00116	-85.80396		
Log marginal likelihood:	-85.80396					
0	0.975187	750	-1.924758	-1.924758		
1	0.950747	750	-1.998817	-3.923575		
2	0.926679	750	-1.947949	-5.871524		
3	0.90298	750	-1.840068	-7.711592		
4	0.879648	750	-1.855915	-9.567507		
5	0.856682	750	-1.808133	-11.37564		
6	0.834079	750	-1.753376	-13.129016		
7	0.811838	750	-1.798293	-14.927308		
8	0.789957	750	-1.766534	-16.693842		
9	0.768433	750	-1.693616	-18.387459		
10	0.747266	750	-1.668899	-20.056357		
11	0.726452	750	-1.647823	-21.70418		
12	0.705989	750	-1.656301	-23.360481		
13	0.685877	750	-1.616482	-24.976963		
14	0.666112	750	-1.595027	-26.57199		
15	0.646693	750	-1.599881	-28.171871		
16	0.627618	750	-1.517429	-29.689301		
17	0.608884	750	-1.548562	-31.237862		
18	0.59049	750	-1.515218	-32.753081		
19	0.572433	750	-1.484405	-34.237486		
20	0.554712	750	-1.452665	-35.690151		
21	0.537324	750	-1.397533	-37.087683		
22	0.520268	750	-1.405543	-38.493226		
23	0.50354	750	-1.399614	-39.89284		
24	0.487139	750	-1.332243	-41.225082		
25	0.471063	750	-1.323894	-42.548976		
26	0.45531	750	-1.289332	-43.838308		
27	0.439877	750	-1.260821	-45.09913		
28	0.424762	750	-1.246662	-46.345791		
29	0.409963	750	-1.215853	-47.561644		
30	0.395478	750	-1.205925	-48.767569		
31	0.381305	750	-1.195529	-49.963099		
32	0.36744	750	-1.16435	-51.127448		
33	0.353883	750	-1.144432	-52.27188		
34	0.34063	750	-1.108809	-53.380689		
35	0.32768	750	-1.078778	-54.459467		
36	0.31503	750	-1.069438	-55.528904		
37	0.302677	750	-1.029215	-56.55812		
38	0.290619	750	-1.017664	-57.575784		
39	0.278855	750	-0.992823	-58.568607		
40	0.267381	750	-0.976898	-59.545505		
41	0.256195	750	-0.952699	-60.498204		
42	0.245294	750	-0.924419	-61.422624		
43	0.234677	750	-0.899969	-62.322592		
44	0.22434	750	-0.885448	-63.20804		
45	0.214281	750	-0.861889	-64.069929		
46	0.204498	750	-0.827096	-64.897025		
47	0.194988	750	-0.82512	-65.722144		
48	0.185749	750	-0.79424	-66.516384		
49	0.176777	750	-0.785579	-67.301963		
50	0.16807	750	-0.76044	-68.062403		
51	0.159626	750	-0.72248	-68.784883		
52	0.151441	750	-0.718647	-69.503529		
53	0.143514	750	-0.686578	-70.190108		
54	0.135841	750	-0.673087	-70.863195		
55	0.12842	750	-0.657489	-71.520684		
56	0.121247	750	-0.63148	-72.152164		
57	0.11432	750	-0.607475	-72.759639		
58	0.107637	750	-0.59779	-73.357429		
59	0.101193	750	-0.580205	-73.937634		
60	0.094986	750	-0.548434	-74.486068		
61	0.089014	750	-0.531969	-75.018037		
62	0.083273	750	-0.50395	-75.521986		
63	0.07776	750	-0.502299	-76.024286		
64	0.072472	750	-0.477577	-76.501863		
65	0.067406	750	-0.463468	-76.965331		
66	0.062558	750	-0.454233	-77.419564		
67	0.057926	750	-0.432829	-77.852393		
68	0.053506	750	-0.401119	-78.253511		
69	0.049295	750	-0.394934	-78.648445		
70	0.045289	750	-0.392199	-79.040644		
71	0.041485	750	-0.369756	-79.4104		
72	0.03788	750	-0.347815	-79.758215		
73	0.034469	750	-0.330474	-80.088689		
74	0.03125	750	-0.316574	-80.405263		
75	0.028218	750	-0.294586	-80.699849		
76	0.02537	750	-0.285566	-80.985415		
77	0.022702	750	-0.279038	-81.264453		
78	0.020209	750	-0.266008	-81.530461		
79	0.017889	750	-0.233837	-81.764298		
80	0.015736	750	-0.228262	-81.99256		
81	0.013746	750	-0.20287	-82.19543		
82	0.011916	750	-0.193872	-82.389302		
83	0.01024	750	-0.171657	-82.560959		
84	0.008714	750	-0.172294	-82.733253		
85	0.007334	750	-0.141739	-82.874993		
86	0.006093	750	-0.135153	-83.010146		
87	0.004988	750	-0.123551	-83.133696		
88	0.004013	750	-0.10457	-83.238266		
89	0.003162	750	-0.10403	-83.342296		
90	0.00243	750	-0.076666	-83.418961		
91	0.00181	750	-0.07699	-83.495951		
92	0.001296	750	-0.059541	-83.555492		
93	0.000882	750	-0.0514	-83.606891		
94	0.000559	750	-0.035591	-83.642483		
95	0.00032	750	-0.030252	-83.672735		
96	0.000156	750	-0.019106	-83.691841		
97	0.000057	750	-0.011178	-83.703019		
98	0.00001	750	-0.005967	-83.708985		
99	0	750	-0.001146	-83.710132		
Log marginal likelihood:	-83.710132					
0	0.975187	750	-2.021881	-2.021881		
1	0.950747	750	-1.995821	-4.017701		
2	0.926679	750	-1.977592	-5.995293		
3	0.90298	750	-1.930204	-7.925497		
4	0.879648	750	-1.95225	-9.877747		
5	0.856682	750	-1.877245	-11.754992		
6	0.834079	750	-1.884222	-13.639214		
7	0.811838	750	-1.914416	-15.55363		
8	0.789957	750	-1.879586	-17.433216		
9	0.768433	750	-1.831712	-19.264927		
10	0.747266	750	-1.766644	-21.031572		
11	0.726452	750	-1.812192	-22.843763		
12	0.705989	750	-1.742277	-24.58604		
13	0.685877	750	-1.669671	-26.255711		
14	0.666112	750	-1.659654	-27.915365		
15	0.646693	750	-1.613576	-29.528942		
16	0.627618	750	-1.63736	-31.166302		
17	0.608884	750	-1.626187	-32.792489		
18	0.59049	750	-1.582617	-34.375106		
19	0.572433	750	-1.567396	-35.942502		
20	0.554712	750	-1.46801	-37.410512		
21	0.537324	750	-1.501217	-38.911729		
22	0.520268	750	-1.471017	-40.382747		
23	0.50354	750	-1.427301	-41.810048		
24	0.487139	750	-1.420674	-43.230722		
25	0.471063	750	-1.399962	-44.630684		
26	0.45531	750	-1.365933	-45.996617		
27	0.439877	750	-1.347673	-47.34429		
28	0.424762	750	-1.32264	-48.66693		
29	0.409963	750	-1.278871	-49.945801		
30	0.395478	750	-1.275141	-51.220942		
31	0.381305	750	-1.235691	-52.456633		
32	0.36744	750	-1.223371	-53.680004		
33	0.353883	750	-1.195492	-54.875496		
34	0.34063	750	-1.155906	-56.031402		
35	0.32768	750	-1.142101	-57.173503		
36	0.31503	750	-1.114746	-58.288249		
37	0.302677	750	-1.094579	-59.382829		
38	0.290619	750	-1.065683	-60.448512		
39	0.278855	750	-1.047163	-61.495675		
40	0.267381	750	-1.01901	-62.514684		
41	0.256195	750	-0.981655	-63.496339		
42	0.245294	750	-0.970469	-64.466808		
43	0.234677	750	-0.938207	-65.405016		
44	0.22434	750	-0.924012	-66.329028		
45	0.214281	750	-0.898263	-67.227291		
46	0.204498	750	-0.870394	-68.097685		
47	0.194988	750	-0.838791	-68.936476		
48	0.185749	750	-0.833617	-69.770093		
49	0.176777	750	-0.812089	-70.582182		
50	0.16807	750	-0.781113	-71.363295		
51	0.159626	750	-0.761191	-72.124487		
52	0.151441	750	-0.736433	-72.86092		
53	0.143514	750	-0.720256	-73.581175		
54	0.135841	750	-0.699314	-74.28049		
55	0.12842	750	-0.677579	-74.958069		
56	0.121247	750	-0.664829	-75.622898		
57	0.11432	750	-0.636942	-76.25984		
58	0.107637	750	-0.61704	-76.87688		
59	0.101193	750	-0.597961	-77.474841		
60	0.094986	750	-0.580536	-78.055376		
61	0.089014	750	-0.55659	-78.611966		
62	0.083273	750	-0.544323	-79.156289		
63	0.07776	750	-0.511267	-79.667556		
64	0.072472	750	-0.498729	-80.166285		
65	0.067406	750	-0.483505	-80.64979		
66	0.062558	750	-0.460772	-81.110563		
67	0.057926	750	-0.470146	-81.580708		
68	0.053506	750	-0.427165	-82.007873		
69	0.049295	750	-0.4023	-82.410174		
70	0.045289	750	-0.395784	-82.805958		
71	0.041485	750	-0.397198	-83.203155		
72	0.03788	750	-0.357692	-83.560847		
73	0.034469	750	-0.339905	-83.900752		
74	0.03125	750	-0.337847	-84.238599		
75	0.028218	750	-0.311977	-84.550576		
76	0.02537	750	-0.303017	-84.853593		
77	0.022702	750	-0.283131	-85.136723		
78	0.020209	750	-0.272648	-85.409371		
79	0.017889	750	-0.244824	-85.654195		
80	0.015736	750	-0.230228	-85.884422		
81	0.013746	750	-0.221122	-86.105544		
82	0.011916	750	-0.211891	-86.317436		
83	0.01024	750	-0.178884	-86.49632		
84	0.008714	750	-0.177473	-86.673792		
85	0.007334	750	-0.154594	-86.828386		
86	0.006093	750	-0.139499	-86.967885		
87	0.004988	750	-0.126377	-87.094263		
88	0.004013	750	-0.11184	-87.206103		
89	0.003162	750	-0.097617	-87.30372		
90	0.00243	750	-0.085272	-87.388992		
91	0.00181	750	-0.077916	-87.466908		
92	0.001296	750	-0.057896	-87.524804		
93	0.000882	750	-0.047926	-87.57273		
94	0.000559	750	-0.038448	-87.611178		
95	0.00032	750	-0.02827	-87.639448		
96	0.000156	750	-0.01926	-87.658708		
97	0.000057	750	-0.010989	-87.669697		
98	0.00001	750	-0.005593	-87.67529		
99	0	750	-0.001164	-87.676453		
Log marginal likelihood:	-87.676453					
0	0.975187	750	-1.905167	-1.905167		
1	0.950747	750	-1.884266	-3.789433		
2	0.926679	750	-1.867046	-5.656478		
3	0.90298	750	-1.826191	-7.482669		
4	0.879648	750	-1.801513	-9.284182		
5	0.856682	750	-1.768162	-11.052344		
6	0.834079	750	-1.730159	-12.782502		
7	0.811838	750	-1.714418	-14.49692		
8	0.789957	750	-1.689231	-16.186151		
9	0.768433	750	-1.675116	-17.861268		
10	0.747266	750	-1.642924	-19.504191		
11	0.726452	750	-1.699496	-21.203688		
12	0.705989	750	-1.614918	-22.818605		
13	0.685877	750	-1.656692	-24.475298		
14	0.666112	750	-1.534847	-26.010144		
15	0.646693	750	-1.513323	-27.523467		
16	0.627618	750	-1.492077	-29.015544		
17	0.608884	750	-1.44619	-30.461734		
18	0.59049	750	-1.433418	-31.895152		
19	0.572433	750	-1.483085	-33.378237		
20	0.554712	750	-1.439412	-34.817649		
21	0.537324	750	-1.441323	-36.258972		
22	0.520268	750	-1.355173	-37.614145		
23	0.50354	750	-1.353015	-38.96716		
24	0.487139	750	-1.348027	-40.315187		
25	0.471063	750	-1.393787	-41.708974		
26	0.45531	750	-1.314346	-43.023319		
27	0.439877	750	-1.268288	-44.291607		
28	0.424762	750	-1.280918	-45.572525		
29	0.409963	750	-1.271408	-46.843934		
30	0.395478	750	-1.234528	-48.078461		
31	0.381305	750	-1.193109	-49.271571		
32	0.36744	750	-1.194317	-50.465888		
33	0.353883	750	-1.132935	-51.598823		
34	0.34063	750	-1.116411	-52.715235		
35	0.32768	750	-1.080047	-53.795282		
36	0.31503	750	-1.082999	-54.878281		
37	0.302677	750	-1.036115	-55.914396		
38	0.290619	750	-1.021644	-56.93604		
39	0.278855	750	-1.028941	-57.964982		
40	0.267381	750	-1.004527	-58.969509		
41	0.256195	750	-0.988656	-59.958165		
42	0.245294	750	-0.948404	-60.906569		
43	0.234677	750	-0.931912	-61.838481		
44	0.22434	750	-0.906561	-62.745042		
45	0.214281	750	-0.884359	-63.629401		
46	0.204498	750	-0.86366	-64.493061		
47	0.194988	750	-0.849977	-65.343038		
48	0.185749	750	-0.821628	-66.164666		
49	0.176777	750	-0.795231	-66.959897		
50	0.16807	750	-0.785473	-67.745369		
51	0.159626	750	-0.766717	-68.512087		
52	0.151441	750	-0.726021	-69.238108		
53	0.143514	750	-0.715072	-69.95318		
54	0.135841	750	-0.70339	-70.65657		
55	0.12842	750	-0.676273	-71.332843		
56	0.121247	750	-0.648463	-71.981306		
57	0.11432	750	-0.619235	-72.600541		
58	0.107637	750	-0.615772	-73.216313		
59	0.101193	750	-0.598312	-73.814625		
60	0.094986	750	-0.577359	-74.391984		
61	0.089014	750	-0.558335	-74.950319		
62	0.083273	750	-0.538019	-75.488338		
63	0.07776	750	-0.511647	-75.999985		
64	0.072472	750	-0.490342	-76.490327		
65	0.067406	750	-0.483226	-76.973553		
66	0.062558	750	-0.460633	-77.434186		
67	0.057926	750	-0.444125	-77.878311		
68	0.053506	750	-0.425724	-78.304034		
69	0.049295	750	-0.417404	-78.721439		
70	0.045289	750	-0.391798	-79.113237		
71	0.041485	750	-0.378063	-79.4913		
72	0.03788	750	-0.361798	-79.853098		
73	0.034469	750	-0.343181	-80.19628		
74	0.03125	750	-0.322282	-80.518561		
75	0.028218	750	-0.308117	-80.826678		
76	0.02537	750	-0.294131	-81.12081		
77	0.022702	750	-0.267108	-81.387917		
78	0.020209	750	-0.25976	-81.647677		
79	0.017889	750	-0.253839	-81.901516		
80	0.015736	750	-0.232117	-82.133633		
81	0.013746	750	-0.21435	-82.347983		
82	0.011916	750	-0.199923	-82.547906		
83	0.01024	750	-0.200175	-82.748081		
84	0.008714	750	-0.170834	-82.918915		
85	0.007334	750	-0.150344	-83.069258		
86	0.006093	750	-0.146581	-83.215839		
87	0.004988	750	-0.127102	-83.342941		
88	0.004013	750	-0.114216	-83.457157		
89	0.003162	750	-0.096053	-83.55321		
90	0.00243	750	-0.087595	-83.640805		
91	0.00181	750	-0.067883	-83.708688		
92	0.001296	750	-0.057907	-83.766595		
93	0.000882	750	-0.048864	-83.815459		
94	0.000559	750	-0.040474	-83.855933		
95	0.00032	750	-0.02704	-83.882973		
96	0.000156	750	-0.020034	-83.903007		
97	0.000057	750	-0.011735	-83.914742		
98	0.00001	750	-0.005497	-83.920239		
99	0	750	-0.001146	-83.921385		
Log marginal likelihood:	-83.921385					
0	0.975187	750	-2.011778	-2.011778		
1	0.950747	750	-1.985795	-3.997574		
2	0.926679	750	-1.95857	-5.956143		
3	0.90298	750	-1.920958	-7.877102		
4	0.879648	750	-1.899915	-9.777017		
5	0.856682	750	-1.86629	-11.643307		
6	0.834079	750	-1.8565	-13.499807		
7	0.811838	750	-1.869392	-15.369199		
8	0.789957	750	-1.79456	-17.163759		
9	0.768433	750	-1.752629	-18.916387		
10	0.747266	750	-1.7327	-20.649087		
11	0.726452	750	-1.817244	-22.466331		
12	0.705989	750	-1.705342	-24.171673		
13	0.685877	750	-1.645156	-25.816829		
14	0.666112	750	-1.681928	-27.498758		
15	0.646693	750	-1.59762	-29.096378		
16	0.627618	750	-1.689225	-30.785603		
17	0.608884	750	-1.55297	-32.338573		
18	0.59049	750	-1.520981	-33.859554		
19	0.572433	750	-1.490381	-35.349934		
20	0.554712	750	-1.530015	-36.87995		
21	0.537324	750	-1.446955	-38.326905		
22	0.520268	750	-1.427801	-39.754707		
23	0.50354	750	-1.438858	-41.193564		
24	0.487139	750	-1.397815	-42.591379		
25	0.471063	750	-1.410531	-44.00191		
26	0.45531	750	-1.380717	-45.382628		
27	0.439877	750	-1.331003	-46.713631		
28	0.424762	750	-1.301441	-48.015071		
29	0.409963	750	-1.325469	-49.34054		
30	0.395478	750	-1.262983	-50.603523		
31	0.381305	750	-1.273928	-51.87745		
32	0.36744	750	-1.229178	-53.106628		
33	0.353883	750	-1.187908	-54.294536		
34	0.34063	750	-1.1876	-55.482136		
35	0.32768	750	-1.097374	-56.57951		
36	0.31503	750	-1.123495	-57.703006		
37	0.302677	750	-1.094361	-58.797367		
38	0.290619	750	-1.08907	-59.886437		
39	0.278855	750	-1.06346	-60.949897		
40	0.267381	750	-1.046499	-61.996396		
41	0.256195	750	-1.006232	-63.002627		
42	0.245294	750	-0.969183	-63.971811		
43	0.234677	750	-0.98568	-64.957491		
44	0.22434	750	-0.950737	-65.908228		
45	0.214281	750	-0.925349	-66.833576		
46	0.204498	750	-0.914553	-67.748129		
47	0.194988	750	-0.879188	-68.627317		
48	0.185749	750	-0.864881	-69.492198		
49	0.176777	750	-0.834037	-70.326235		
50	0.16807	750	-0.812308	-71.138544		
51	0.159626	750	-0.79733	-71.935874		
52	0.151441	750	-0.769579	-72.705453		
53	0.143514	750	-0.739591	-73.445044		
54	0.135841	750	-0.716843	-74.161887		
55	0.12842	750	-0.693384	-74.855272		
56	0.121247	750	-0.676195	-75.531467		
57	0.11432	750	-0.658542	-76.190008		
58	0.107637	750	-0.629977	-76.819985		
59	0.101193	750	-0.621767	-77.441752		
60	0.094986	750	-0.594688	-78.03644		
61	0.089014	750	-0.575373	-78.611813		
62	0.083273	750	-0.557795	-79.169608		
63	0.07776	750	-0.532901	-79.702509		
64	0.072472	750	-0.513603	-80.216112		
65	0.067406	750	-0.501637	-80.71775		
66	0.062558	750	-0.485128	-81.202878		
67	0.057926	750	-0.454243	-81.657121		
68	0.053506	750	-0.438299	-82.095421		
69	0.049295	750	-0.418902	-82.514323		
70	0.045289	750	-0.407994	-82.922317		
71	0.041485	750	-0.391482	-83.313799		
72	0.03788	750	-0.386642	-83.700442		
73	0.034469	750	-0.354126	-84.054568		
74	0.03125	750	-0.352672	-84.407239		
75	0.028218	750	-0.325085	-84.732324		
76	0.02537	750	-0.300699	-85.033024		
77	0.022702	750	-0.292718	-85.325742		
78	0.020209	750	-0.292818	-85.61856		
79	0.017889	750	-0.250603	-85.869163		
80	0.015736	750	-0.242917	-86.11208		
81	0.013746	750	-0.212932	-86.325012		
82	0.011916	750	-0.20519	-86.530202		
83	0.01024	750	-0.185611	-86.715814		
84	0.008714	750	-0.175531	-86.891344		
85	0.007334	750	-0.171177	-87.062521		
86	0.006093	750	-0.151228	-87.213749		
87	0.004988	750	-0.139379	-87.353129		
88	0.004013	750	-0.114044	-87.467173		
89	0.003162	750	-0.10081	-87.567983		
90	0.00243	750	-0.093599	-87.661581		
91	0.00181	750	-0.074097	-87.735679		
92	0.001296	750	-0.065458	-87.801137		
93	0.000882	750	-0.049327	-87.850463		
94	0.000559	750	-0.037643	-87.888107		
95	0.00032	750	-0.029813	-87.91792		
96	0.000156	750	-0.020408	-87.938327		
97	0.000057	750	-0.012009	-87.950336		
98	0.00001	750	-0.005356	-87.955692		
99	0	750	-0.001219	-87.956912		
Log marginal likelihood:	-87.956912					
0	0.975187	750	-2.326495	-2.326495		
1	0.950747	750	-2.232006	-4.558501		
2	0.926679	750	-2.22826	-6.786761		
3	0.90298	750	-2.199939	-8.986701		
4	0.879648	750	-2.144795	-11.131495		
5	0.856682	750	-2.103449	-13.234944		
6	0.834079	750	-2.128837	-15.363781		
7	0.811838	750	-2.093462	-17.457243		
8	0.789957	750	-2.056019	-19.513262		
9	0.768433	750	-2.008696	-21.521958		
10	0.747266	750	-1.98108	-23.503038		
11	0.726452	750	-1.948864	-25.451903		
12	0.705989	750	-1.932866	-27.384769		
13	0.685877	750	-1.873215	-29.257983		
14	0.666112	750	-1.826257	-31.08424		
15	0.646693	750	-1.830554	-32.914795		
16	0.627618	750	-1.806174	-34.720969		
17	0.608884	750	-1.774235	-36.495204		
18	0.59049	750	-1.757161	-38.252365		
19	0.572433	750	-1.720918	-39.973282		
20	0.554712	750	-1.672339	-41.645621		
21	0.537324	750	-1.657435	-43.303057		
22	0.520268	750	-1.604715	-44.907772		
23	0.50354	750	-1.595486	-46.503257		
24	0.487139	750	-1.578244	-48.081502		
25	0.471063	750	-1.530821	-49.612323		
26	0.45531	750	-1.512238	-51.124561		
27	0.439877	750	-1.476779	-52.60134		
28	0.424762	750	-1.448604	-54.049944		
29	0.409963	750	-1.414692	-55.464636		
30	0.395478	750	-1.382627	-56.847263		
31	0.381305	750	-1.345151	-58.192415		
32	0.36744	750	-1.33254	-59.524955		
33	0.353883	750	-1.30643	-60.831384		
34	0.34063	750	-1.269609	-62.100993		
35	0.32768	750	-1.255911	-63.356905		
36	0.31503	750	-1.216968	-64.573872		
37	0.302677	750	-1.18464	-65.758513		
38	0.290619	750	-1.164174	-66.922687		
39	0.278855	750	-1.137668	-68.060355		
40	0.267381	750	-1.114206	-69.174562		
41	0.256195	750	-1.079489	-70.254051		
42	0.245294	750	-1.053125	-71.307176		
43	0.234677	750	-1.034857	-72.342033		
44	0.22434	750	-1.007446	-73.34948		
45	0.214281	750	-0.978066	-74.327546		
46	0.204498	750	-0.951597	-75.279142		
47	0.194988	750	-0.931038	-76.21018		
48	0.185749	750	-0.906227	-77.116408		
49	0.176777	750	-0.890516	-78.006923		
50	0.16807	750	-0.861089	-78.868012		
51	0.159626	750	-0.833031	-79.701043		
52	0.151441	750	-0.817409	-80.518452		
53	0.143514	750	-0.776104	-81.294557		
54	0.135841	750	-0.761364	-82.05592		
55	0.12842	750	-0.733552	-82.789472		
56	0.121247	750	-0.725832	-83.515304		
57	0.11432	750	-0.687499	-84.202803		
58	0.107637	750	-0.677254	-84.880057		
59	0.101193	750	-0.659709	-85.539765		
60	0.094986	750	-0.624951	-86.164717		
61	0.089014	750	-0.610818	-86.775535		
62	0.083273	750	-0.595585	-87.371119		
63	0.07776	750	-0.567059	-87.938178		
64	0.072472	750	-0.549566	-88.487745		
65	0.067406	750	-0.518549	-89.006293		
66	0.062558	750	-0.50384	-89.510133		
67	0.057926	750	-0.494757	-90.00489		
68	0.053506	750	-0.471209	-90.476099		
69	0.049295	750	-0.442088	-90.918187		
70	0.045289	750	-0.438867	-91.357054		
71	0.041485	750	-0.425073	-91.782127		
72	0.03788	750	-0.380425	-92.162552		
73	0.034469	750	-0.367735	-92.530287		
74	0.03125	750	-0.363472	-92.89376		
75	0.028218	750	-0.337737	-93.231496		
76	0.02537	750	-0.321234	-93.552731		
77	0.022702	750	-0.306135	-93.858866		
78	0.020209	750	-0.274285	-94.133151		
79	0.017889	750	-0.26322	-94.396371		
80	0.015736	750	-0.256368	-94.652739		
81	0.013746	750	-0.239337	-94.892076		
82	0.011916	750	-0.237648	-95.129724		
83	0.01024	750	-0.19888	-95.328604		
84	0.008714	750	-0.184722	-95.513326		
85	0.007334	750	-0.166793	-95.680119		
86	0.006093	750	-0.159727	-95.839846		
87	0.004988	750	-0.131637	-95.971483		
88	0.004013	750	-0.123977	-96.09546		
89	0.003162	750	-0.105313	-96.200774		
90	0.00243	750	-0.088744	-96.289517		
91	0.00181	750	-0.086421	-96.375939		
92	0.001296	750	-0.063633	-96.439571		
93	0.000882	750	-0.056533	-96.496104		
94	0.000559	750	-0.040488	-96.536593		
95	0.00032	750	-0.032697	-96.56929		
96	0.000156	750	-0.020847	-96.590136		
97	0.000057	750	-0.012563	-96.602699		
98	0.00001	750	-0.005609	-96.608308		
99	0	750	-0.001294	-96.609602		
Log marginal likelihood:	-96.609602					
0	0.975187	750	-2.024226	-2.024226		
1	0.950747	750	-2.037262	-4.061488		
2	0.926679	750	-1.981773	-6.043261		
3	0.90298	750	-1.895097	-7.938357		
4	0.879648	750	-1.888926	-9.827283		
5	0.856682	750	-1.870962	-11.698245		
6	0.834079	750	-1.866816	-13.565061		
7	0.811838	750	-1.803133	-15.368194		
8	0.789957	750	-1.758092	-17.126286		
9	0.768433	750	-1.763283	-18.889569		
10	0.747266	750	-1.705288	-20.594856		
11	0.726452	750	-1.709998	-22.304854		
12	0.705989	750	-1.662246	-23.967101		
13	0.685877	750	-1.691356	-25.658457		
14	0.666112	750	-1.613701	-27.272158		
15	0.646693	750	-1.616179	-28.888337		
16	0.627618	750	-1.632591	-30.520927		
17	0.608884	750	-1.601704	-32.122632		
18	0.59049	750	-1.509232	-33.631864		
19	0.572433	750	-1.505424	-35.137288		
20	0.554712	750	-1.486531	-36.623819		
21	0.537324	750	-1.448473	-38.072292		
22	0.520268	750	-1.436747	-39.509039		
23	0.50354	750	-1.357974	-40.867013		
24	0.487139	750	-1.356713	-42.223726		
25	0.471063	750	-1.348128	-43.571854		
26	0.45531	750	-1.357353	-44.929207		
27	0.439877	750	-1.334541	-46.263748		
28	0.424762	750	-1.278743	-47.542491		
29	0.409963	750	-1.270412	-48.812903		
30	0.395478	750	-1.263712	-50.076614		
31	0.381305	750	-1.210778	-51.287392		
32	0.36744	750	-1.226295	-52.513687		
33	0.353883	750	-1.161705	-53.675393		
34	0.34063	750	-1.157641	-54.833034		
35	0.32768	750	-1.114751	-55.947785		
36	0.31503	750	-1.107901	-57.055685		
37	0.302677	750	-1.065728	-58.121414		
38	0.290619	750	-1.066268	-59.187681		
39	0.278855	750	-1.032535	-60.220217		
40	0.267381	750	-1.020241	-61.240458		
41	0.256195	750	-0.986565	-62.227023		
42	0.245294	750	-0.971236	-63.198259		
43	0.234677	750	-0.953205	-64.151464		
44	0.22434	750	-0.894105	-65.045569		
45	0.214281	750	-0.884206	-65.929775		
46	0.204498	750	-0.881456	-66.811231		
47	0.194988	750	-0.852899	-67.66413		
48	0.185749	750	-0.824585	-68.488715		
49	0.176777	750	-0.795046	-69.283761		
50	0.16807	750	-0.783428	-70.067189		
51	0.159626	750	-0.751614	-70.818803		
52	0.151441	750	-0.736468	-71.555271		
53	0.143514	750	-0.723841	-72.279111		
54	0.135841	750	-0.697959	-72.977071		
55	0.12842	750	-0.681239	-73.658309		
56	0.121247	750	-0.663266	-74.321575		
57	0.11432	750	-0.648871	-74.970447		
58	0.107637	750	-0.628552	-75.598998		
59	0.101193	750	-0.596414	-76.195412		
60	0.094986	750	-0.580466	-76.775878		
61	0.089014	750	-0.559066	-77.334944		
62	0.083273	750	-0.540373	-77.875317		
63	0.07776	750	-0.514594	-78.389911		
64	0.072472	750	-0.506068	-78.895979		
65	0.067406	750	-0.484082	-79.380061		
66	0.062558	750	-0.466135	-79.846196		
67	0.057926	750	-0.44472	-80.290916		
68	0.053506	750	-0.425852	-80.716769		
69	0.049295	750	-0.413565	-81.130333		
70	0.045289	750	-0.397037	-81.527371		
71	0.041485	750	-0.409008	-81.936379		
72	0.03788	750	-0.359146	-82.295525		
73	0.034469	750	-0.348057	-82.643582		
74	0.03125	750	-0.335524	-82.979105		
75	0.028218	750	-0.313874	-83.29298		
76	0.02537	750	-0.307945	-83.600925		
77	0.022702	750	-0.273785	-83.87471		
78	0.020209	750	-0.255268	-84.129979		
79	0.017889	750	-0.253935	-84.383913		
80	0.015736	750	-0.231956	-84.615869		
81	0.013746	750	-0.228288	-84.844157		
82	0.011916	750	-0.204888	-85.049045		
83	0.01024	750	-0.179708	-85.228753		
84	0.008714	750	-0.17358	-85.402334		
85	0.007334	750	-0.155338	-85.557671		
86	0.006093	750	-0.142072	-85.699743		
87	0.004988	750	-0.131081	-85.830824		
88	0.004013	750	-0.122161	-85.952985		
89	0.003162	750	-0.113333	-86.066318		
90	0.00243	750	-0.0846	-86.150918		
91	0.00181	750	-0.07361	-86.224528		
92	0.001296	750	-0.062435	-86.286962		
93	0.000882	750	-0.048826	-86.335788		
94	0.000559	750	-0.037757	-86.373545		
95	0.00032	750	-0.029262	-86.402808		
96	0.000156	750	-0.01879	-86.421597		
97	0.000057	750	-0.011649	-86.433247		
98	0.00001	750	-0.005804	-86.43905		
99	0	750	-0.001415	-86.440465		
Log marginal likelihood:	-86.440465					
0	0.975187	750	-1.89323	-1.89323		
1	0.950747	750	-1.899662	-3.792893		
2	0.926679	750	-1.865258	-5.658151		
3	0.90298	750	-1.810343	-7.468494		
4	0.879648	750	-1.793711	-9.262205		
5	0.856682	750	-1.799237	-11.061442		
6	0.834079	750	-1.741805	-12.803247		
7	0.811838	750	-1.711024	-14.514271		
8	0.789957	750	-1.713839	-16.228111		
9	0.768433	750	-1.711421	-17.939532		
10	0.747266	750	-1.613935	-19.553467		
11	0.726452	750	-1.670387	-21.223854		
12	0.705989	750	-1.592194	-22.816048		
13	0.685877	750	-1.536966	-24.353014		
14	0.666112	750	-1.560388	-25.913402		
15	0.646693	750	-1.526818	-27.440221		
16	0.627618	750	-1.542312	-28.982532		
17	0.608884	750	-1.526123	-30.508655		
18	0.59049	750	-1.458569	-31.967225		
19	0.572433	750	-1.427028	-33.394253		
20	0.554712	750	-1.388841	-34.783094		
21	0.537324	750	-1.384682	-36.167776		
22	0.520268	750	-1.340457	-37.508233		
23	0.50354	750	-1.339604	-38.847837		
24	0.487139	750	-1.341968	-40.189805		
25	0.471063	750	-1.347127	-41.536932		
26	0.45531	750	-1.271822	-42.808754		
27	0.439877	750	-1.269711	-44.078465		
28	0.424762	750	-1.27259	-45.351055		
29	0.409963	750	-1.231797	-46.582852		
30	0.395478	750	-1.208306	-47.791158		
31	0.381305	750	-1.201883	-48.993041		
32	0.36744	750	-1.166869	-50.15991		
33	0.353883	750	-1.105608	-51.265517		
34	0.34063	750	-1.139113	-52.40463		
35	0.32768	750	-1.079294	-53.483924		
36	0.31503	750	-1.065162	-54.549086		
37	0.302677	750	-1.076365	-55.625451		
38	0.290619	750	-1.02758	-56.653031		
39	0.278855	750	-1.008728	-57.661759		
40	0.267381	750	-0.980096	-58.641856		
41	0.256195	750	-0.959239	-59.601095		
42	0.245294	750	-0.944394	-60.545489		
43	0.234677	750	-0.916098	-61.461587		
44	0.22434	750	-0.885629	-62.347215		
45	0.214281	750	-0.876069	-63.223284		
46	0.204498	750	-0.850043	-64.073328		
47	0.194988	750	-0.816298	-64.889626		
48	0.185749	750	-0.809713	-65.699339		
49	0.176777	750	-0.765025	-66.464364		
50	0.16807	750	-0.768622	-67.232987		
51	0.159626	750	-0.750412	-67.983399		
52	0.151441	750	-0.734086	-68.717485		
53	0.143514	750	-0.710857	-69.428341		
54	0.135841	750	-0.68273	-70.111072		
55	0.12842	750	-0.659495	-70.770567		
56	0.121247	750	-0.649484	-71.42005		
57	0.11432	750	-0.628226	-72.048277		
58	0.107637	750	-0.601311	-72.649588		
59	0.101193	750	-0.580294	-73.229882		
60	0.094986	750	-0.555865	-73.785746		
61	0.089014	750	-0.553193	-74.338939		
62	0.083273	750	-0.524998	-74.863937		
63	0.07776	750	-0.521168	-75.385105		
64	0.072472	750	-0.497317	-75.882422		
65	0.067406	750	-0.477196	-76.359618		
66	0.062558	750	-0.461225	-76.820842		
67	0.057926	750	-0.442129	-77.262972		
68	0.053506	750	-0.41709	-77.680061		
69	0.049295	750	-0.398272	-78.078333		
70	0.045289	750	-0.396698	-78.475031		
71	0.041485	750	-0.368375	-78.843406		
72	0.03788	750	-0.358494	-79.2019		
73	0.034469	750	-0.34697	-79.54887		
74	0.03125	750	-0.314551	-79.863421		
75	0.028218	750	-0.308195	-80.171616		
76	0.02537	750	-0.298663	-80.470278		
77	0.022702	750	-0.278376	-80.748654		
78	0.020209	750	-0.257472	-81.006126		
79	0.017889	750	-0.250061	-81.256187		
80	0.015736	750	-0.228242	-81.484428		
81	0.013746	750	-0.205472	-81.6899		
82	0.011916	750	-0.204609	-81.894509		
83	0.01024	750	-0.193123	-82.087631		
84	0.008714	750	-0.179248	-82.266879		
85	0.007334	750	-0.15365	-82.42053		
86	0.006093	750	-0.140025	-82.560555		
87	0.004988	750	-0.123197	-82.683752		
88	0.004013	750	-0.105961	-82.789713		
89	0.003162	750	-0.093012	-82.882725		
90	0.00243	750	-0.086606	-82.96933		
91	0.00181	750	-0.071984	-83.041315		
92	0.001296	750	-0.054115	-83.09543		
93	0.000882	750	-0.04715	-83.14258		
94	0.000559	750	-0.036022	-83.178602		
95	0.00032	750	-0.030164	-83.208766		
96	0.000156	750	-0.020114	-83.22888		
97	0.000057	750	-0.011409	-83.240289		
98	0.00001	750	-0.005188	-83.245477		
99	0	750	-0.001163	-83.24664		
Log marginal likelihood:	-83.24664					
0	0.975187	750	-1.654375	-1.654375		
1	0.950747	750	-1.694446	-3.348821		
2	0.926679	750	-1.644256	-4.993077		
3	0.90298	750	-1.605629	-6.598706		
4	0.879648	750	-1.574397	-8.173103		
5	0.856682	750	-1.552102	-9.725205		
6	0.834079	750	-1.532973	-11.258178		
7	0.811838	750	-1.528095	-12.786273		
8	0.789957	750	-1.479097	-14.26537		
9	0.768433	750	-1.470093	-15.735462		
10	0.747266	750	-1.440137	-17.175599		
11	0.726452	750	-1.43718	-18.612779		
12	0.705989	750	-1.404288	-20.017067		
13	0.685877	750	-1.373407	-21.390474		
14	0.666112	750	-1.346661	-22.737135		
15	0.646693	750	-1.352005	-24.089139		
16	0.627618	750	-1.322282	-25.411422		
17	0.608884	750	-1.311654	-26.723076		
18	0.59049	750	-1.309214	-28.032289		
19	0.572433	750	-1.258472	-29.290761		
20	0.554712	750	-1.259144	-30.549905		
21	0.537324	750	-1.236835	-31.786741		
22	0.520268	750	-1.277247	-33.063987		
23	0.50354	750	-1.192881	-34.256868		
24	0.487139	750	-1.219363	-35.476232		
25	0.471063	750	-1.23546	-36.711692		
26	0.45531	750	-1.272079	-37.983771		
27	0.439877	750	-1.246701	-39.230471		
28	0.424762	750	-1.144966	-40.375437		
29	0.409963	750	-1.140775	-41.516212		
30	0.395478	750	-1.130124	-42.646336		
31	0.381305	750	-1.112232	-43.758568		
32	0.36744	750	-1.060319	-44.818887		
33	0.353883	750	-1.130335	-45.949221		
34	0.34063	750	-1.01518	-46.964402		
35	0.32768	750	-1.00859	-47.972992		
36	0.31503	750	-1.062209	-49.035202		
37	0.302677	750	-1.000858	-50.03606		
38	0.290619	750	-0.993225	-51.029284		
39	0.278855	750	-0.95898	-51.988264		
40	0.267381	750	-0.912133	-52.900397		
41	0.256195	750	-0.918293	-53.81869		
42	0.245294	750	-0.901151	-54.719842		
43	0.234677	750	-0.860426	-55.580268		
44	0.22434	750	-0.889028	-56.469296		
45	0.214281	750	-0.834299	-57.303596		
46	0.204498	750	-0.827727	-58.131323		
47	0.194988	750	-0.793682	-58.925005		
48	0.185749	750	-0.765555	-59.69056		
49	0.176777	750	-0.773902	-60.464462		
50	0.16807	750	-0.754333	-61.218796		
51	0.159626	750	-0.737638	-61.956433		
52	0.151441	750	-0.717478	-62.673911		
53	0.143514	750	-0.687875	-63.361787		
54	0.135841	750	-0.671205	-64.032991		
55	0.12842	750	-0.656357	-64.689348		
56	0.121247	750	-0.629017	-65.318366		
57	0.11432	750	-0.625839	-65.944204		
58	0.107637	750	-0.601263	-66.545467		
59	0.101193	750	-0.574866	-67.120334		
60	0.094986	750	-0.563286	-67.68362		
61	0.089014	750	-0.527776	-68.211396		
62	0.083273	750	-0.516125	-68.727521		
63	0.07776	750	-0.49692	-69.224441		
64	0.072472	750	-0.481055	-69.705496		
65	0.067406	750	-0.466257	-70.171753		
66	0.062558	750	-0.44678	-70.618532		
67	0.057926	750	-0.430863	-71.049396		
68	0.053506	750	-0.415438	-71.464834		
69	0.049295	750	-0.40031	-71.865144		
70	0.045289	750	-0.387842	-72.252986		
71	0.041485	750	-0.36178	-72.614767		
72	0.03788	750	-0.350591	-72.965358		
73	0.034469	750	-0.331368	-73.296726		
74	0.03125	750	-0.308808	-73.605534		
75	0.028218	750	-0.298801	-73.904336		
76	0.02537	750	-0.290788	-74.195124		
77	0.022702	750	-0.271553	-74.466676		
78	0.020209	750	-0.260331	-74.727008		
79	0.017889	750	-0.239236	-74.966244		
80	0.015736	750	-0.219541	-75.185785		
81	0.013746	750	-0.204083	-75.389867		
82	0.011916	750	-0.202543	-75.592411		
83	0.01024	750	-0.189999	-75.782409		
84	0.008714	750	-0.165308	-75.947718		
85	0.007334	750	-0.172864	-76.120581		
86	0.006093	750	-0.147917	-76.268499		
87	0.004988	750	-0.122834	-76.391333		
88	0.004013	750	-0.114421	-76.505754		
89	0.003162	750	-0.096922	-76.602676		
90	0.00243	750	-0.084316	-76.686992		
91	0.00181	750	-0.075849	-76.762841		
92	0.001296	750	-0.059857	-76.822698		
93	0.000882	750	-0.044323	-76.867022		
94	0.000559	750	-0.035378	-76.9024		
95	0.00032	750	-0.026381	-76.928781		
96	0.000156	750	-0.019151	-76.947932		
97	0.000057	750	-0.011342	-76.959274		
98	0.00001	750	-0.005311	-76.964584		
99	0	750	-0.001171	-76.965755		
Log marginal likelihood:	-76.965755					
0	0.975187	750	-1.7494	-1.7494		
1	0.950747	750	-1.726027	-3.475427		
2	0.926679	750	-1.721636	-5.197063		
3	0.90298	750	-1.684894	-6.881956		
4	0.879648	750	-1.631227	-8.513183		
5	0.856682	750	-1.626808	-10.139991		
6	0.834079	750	-1.64633	-11.786321		
7	0.811838	750	-1.589385	-13.375706		
8	0.789957	750	-1.541437	-14.917143		
9	0.768433	750	-1.539697	-16.45684		
10	0.747266	750	-1.494585	-17.951425		
11	0.726452	750	-1.516681	-19.468107		
12	0.705989	750	-1.503916	-20.972022		
13	0.685877	750	-1.43191	-22.403932		
14	0.666112	750	-1.450119	-23.854051		
15	0.646693	750	-1.432879	-25.28693		
16	0.627618	750	-1.397044	-26.683973		
17	0.608884	750	-1.391077	-28.07505		
18	0.59049	750	-1.379218	-29.454268		
19	0.572433	750	-1.330235	-30.784503		
20	0.554712	750	-1.394889	-32.179392		
21	0.537324	750	-1.242994	-33.422385		
22	0.520268	750	-1.302336	-34.724721		
23	0.50354	750	-1.331785	-36.056505		
24	0.487139	750	-1.267501	-37.324007		
25	0.471063	750	-1.286646	-38.610652		
26	0.45531	750	-1.224173	-39.834826		
27	0.439877	750	-1.185725	-41.020551		
28	0.424762	750	-1.187187	-42.207738		
29	0.409963	750	-1.152798	-43.360536		
30	0.395478	750	-1.206982	-44.567518		
31	0.381305	750	-1.085913	-45.653431		
32	0.36744	750	-1.144885	-46.798316		
33	0.353883	750	-1.113173	-47.91149		
34	0.34063	750	-1.075547	-48.987036		
35	0.32768	750	-1.07349	-50.060526		
36	0.31503	750	-1.050848	-51.111374		
37	0.302677	750	-1.026174	-52.137548		
38	0.290619	750	-1.006695	-53.144243		
39	0.278855	750	-0.977592	-54.121835		
40	0.267381	750	-0.980497	-55.102332		
41	0.256195	750	-0.929893	-56.032225		
42	0.245294	750	-0.950245	-56.98247		
43	0.234677	750	-0.924576	-57.907046		
44	0.22434	750	-0.905886	-58.812932		
45	0.214281	750	-0.840906	-59.653838		
46	0.204498	750	-0.859619	-60.513458		
47	0.194988	750	-0.821543	-61.335		
48	0.185749	750	-0.806503	-62.141503		
49	0.176777	750	-0.777258	-62.918761		
50	0.16807	750	-0.756231	-63.674992		
51	0.159626	750	-0.747478	-64.42247		
52	0.151441	750	-0.73247	-65.15494		
53	0.143514	750	-0.704164	-65.859104		
54	0.135841	750	-0.693834	-66.552938		
55	0.12842	750	-0.667878	-67.220816		
56	0.121247	750	-0.643598	-67.864415		
57	0.11432	750	-0.624296	-68.488711		
58	0.107637	750	-0.614455	-69.103166		
59	0.101193	750	-0.586685	-69.689851		
60	0.094986	750	-0.56637	-70.256221		
61	0.089014	750	-0.545277	-70.801498		
62	0.083273	750	-0.531949	-71.333447		
63	0.07776	750	-0.512207	-71.845654		
64	0.072472	750	-0.500055	-72.345709		
65	0.067406	750	-0.482063	-72.827772		
66	0.062558	750	-0.459156	-73.286927		
67	0.057926	750	-0.453076	-73.740003		
68	0.053506	750	-0.424171	-74.164174		
69	0.049295	750	-0.408715	-74.572889		
70	0.045289	750	-0.390048	-74.962937		
71	0.041485	750	-0.375943	-75.33888		
72	0.03788	750	-0.350102	-75.688983		
73	0.034469	750	-0.349039	-76.038022		
74	0.03125	750	-0.333915	-76.371936		
75	0.028218	750	-0.305256	-76.677192		
76	0.02537	750	-0.297211	-76.974403		
77	0.022702	750	-0.266633	-77.241036		
78	0.020209	750	-0.254762	-77.495798		
79	0.017889	750	-0.249011	-77.744809		
80	0.015736	750	-0.231952	-77.976761		
81	0.013746	750	-0.224163	-78.200924		
82	0.011916	750	-0.210073	-78.410997		
83	0.01024	750	-0.177354	-78.588351		
84	0.008714	750	-0.169432	-78.757783		
85	0.007334	750	-0.151024	-78.908807		
86	0.006093	750	-0.140765	-79.049572		
87	0.004988	750	-0.119443	-79.169015		
88	0.004013	750	-0.111122	-79.280137		
89	0.003162	750	-0.099429	-79.379566		
90	0.00243	750	-0.085911	-79.465477		
91	0.00181	750	-0.076674	-79.542151		
92	0.001296	750	-0.057625	-79.599776		
93	0.000882	750	-0.045362	-79.645138		
94	0.000559	750	-0.038399	-79.683537		
95	0.00032	750	-0.027461	-79.710998		
96	0.000156	750	-0.020835	-79.731832		
97	0.000057	750	-0.012026	-79.743858		
98	0.00001	750	-0.005809	-79.749667		
99	0	750	-0.001226	-79.750892		
Log marginal likelihood:	-79.750892					
0	0.975187	750	-1.862059	-1.862059		
1	0.950747	750	-1.814592	-3.676651		
2	0.926679	750	-1.829472	-5.506122		
3	0.90298	750	-1.801828	-7.30795		
4	0.879648	750	-1.756445	-9.064395		
5	0.856682	750	-1.716684	-10.781079		
6	0.834079	750	-1.750603	-12.531683		
7	0.811838	750	-1.742863	-14.274546		
8	0.789957	750	-1.67627	-15.950816		
9	0.768433	750	-1.738202	-17.689018		
10	0.747266	750	-1.601627	-19.290645		
11	0.726452	750	-1.5858	-20.876445		
12	0.705989	750	-1.629963	-22.506407		
13	0.685877	750	-1.602744	-24.109151		
14	0.666112	750	-1.539501	-25.648652		
15	0.646693	750	-1.509397	-27.158049		
16	0.627618	750	-1.581372	-28.739421		
17	0.608884	750	-1.423413	-30.162834		
18	0.59049	750	-1.484792	-31.647626		
19	0.572433	750	-1.447336	-33.094962		
20	0.554712	750	-1.402665	-34.497628		
21	0.537324	750	-1.379663	-35.87729		
22	0.520268	750	-1.436289	-37.313579		
23	0.50354	750	-1.441146	-38.754725		
24	0.487139	750	-1.387952	-40.142677		
25	0.471063	750	-1.349956	-41.492633		
26	0.45531	750	-1.295261	-42.787894		
27	0.439877	750	-1.259124	-44.047018		
28	0.424762	750	-1.282179	-45.329197		
29	0.409963	750	-1.268419	-46.597616		
30	0.395478	750	-1.247267	-47.844883		
31	0.381305	750	-1.211742	-49.056625		
32	0.36744	750	-1.191914	-50.248539		
33	0.353883	750	-1.150242	-51.398781		
34	0.34063	750	-1.11625	-52.515031		
35	0.32768	750	-1.099188	-53.61422		
36	0.31503	750	-1.117049	-54.731268		
37	0.302677	750	-1.060209	-55.791477		
38	0.290619	750	-1.019796	-56.811274		
39	0.278855	750	-1.0386	-57.849873		
40	0.267381	750	-0.989363	-58.839237		
41	0.256195	750	-0.986548	-59.825784		
42	0.245294	750	-0.943522	-60.769307		
43	0.234677	750	-0.9349	-61.704207		
44	0.22434	750	-0.922837	-62.627044		
45	0.214281	750	-0.86586	-63.492905		
46	0.204498	750	-0.880232	-64.373137		
47	0.194988	750	-0.845805	-65.218942		
48	0.185749	750	-0.828479	-66.047422		
49	0.176777	750	-0.791562	-66.838984		
50	0.16807	750	-0.780119	-67.619103		
51	0.159626	750	-0.751674	-68.370777		
52	0.151441	750	-0.737152	-69.107929		
53	0.143514	750	-0.705219	-69.813148		
54	0.135841	750	-0.695532	-70.50868		
55	0.12842	750	-0.681313	-71.189993		
56	0.121247	750	-0.651964	-71.841957		
57	0.11432	750	-0.629068	-72.471026		
58	0.107637	750	-0.616341	-73.087367		
59	0.101193	750	-0.594668	-73.682035		
60	0.094986	750	-0.573422	-74.255457		
61	0.089014	750	-0.553971	-74.809429		
62	0.083273	750	-0.536483	-75.345912		
63	0.07776	750	-0.524038	-75.86995		
64	0.072472	750	-0.4992	-76.36915		
65	0.067406	750	-0.476912	-76.846062		
66	0.062558	750	-0.461589	-77.307651		
67	0.057926	750	-0.452968	-77.760619		
68	0.053506	750	-0.411805	-78.172425		
69	0.049295	750	-0.401585	-78.574009		
70	0.045289	750	-0.40179	-78.9758		
71	0.041485	750	-0.383247	-79.359047		
72	0.03788	750	-0.353492	-79.712539		
73	0.034469	750	-0.340684	-80.053224		
74	0.03125	750	-0.322974	-80.376197		
75	0.028218	750	-0.317219	-80.693417		
76	0.02537	750	-0.301293	-80.99471		
77	0.022702	750	-0.279612	-81.274322		
78	0.020209	750	-0.262977	-81.537299		
79	0.017889	750	-0.243785	-81.781084		
80	0.015736	750	-0.230676	-82.011761		
81	0.013746	750	-0.206419	-82.21818		
82	0.011916	750	-0.196323	-82.414503		
83	0.01024	750	-0.182065	-82.596567		
84	0.008714	750	-0.169787	-82.766355		
85	0.007334	750	-0.150566	-82.916921		
86	0.006093	750	-0.138466	-83.055387		
87	0.004988	750	-0.131328	-83.186714		
88	0.004013	750	-0.103372	-83.290086		
89	0.003162	750	-0.095231	-83.385317		
90	0.00243	750	-0.079813	-83.46513		
91	0.00181	750	-0.069621	-83.534751		
92	0.001296	750	-0.066144	-83.600895		
93	0.000882	750	-0.047598	-83.648493		
94	0.000559	750	-0.037472	-83.685965		
95	0.00032	750	-0.026409	-83.712374		
96	0.000156	750	-0.018283	-83.730657		
97	0.000057	750	-0.011978	-83.742635		
98	0.00001	750	-0.00591	-83.748545		
99	0	750	-0.001204	-83.749749		
Log marginal likelihood:	-83.749749					
0	0.975187	750	-1.969298	-1.969298		
1	0.950747	750	-1.934482	-3.90378		
2	0.926679	750	-1.956389	-5.860169		
3	0.90298	750	-1.86741	-7.727579		
4	0.879648	750	-1.866871	-9.59445		
5	0.856682	750	-1.804923	-11.399372		
6	0.834079	750	-1.8125	-13.211873		
7	0.811838	750	-1.769682	-14.981554		
8	0.789957	750	-1.746348	-16.727902		
9	0.768433	750	-1.711738	-18.43964		
10	0.747266	750	-1.704796	-20.144436		
11	0.726452	750	-1.65718	-21.801616		
12	0.705989	750	-1.759977	-23.561592		
13	0.685877	750	-1.744921	-25.306513		
14	0.666112	750	-1.635383	-26.941896		
15	0.646693	750	-1.606563	-28.548459		
16	0.627618	750	-1.641016	-30.189475		
17	0.608884	750	-1.612329	-31.801804		
18	0.59049	750	-1.538605	-33.340409		
19	0.572433	750	-1.462277	-34.802686		
20	0.554712	750	-1.465652	-36.268337		
21	0.537324	750	-1.48932	-37.757657		
22	0.520268	750	-1.416959	-39.174616		
23	0.50354	750	-1.442129	-40.616745		
24	0.487139	750	-1.369005	-41.985751		
25	0.471063	750	-1.388908	-43.374659		
26	0.45531	750	-1.337033	-44.711692		
27	0.439877	750	-1.288392	-46.000083		
28	0.424762	750	-1.311174	-47.311257		
29	0.409963	750	-1.269465	-48.580723		
30	0.395478	750	-1.248205	-49.828928		
31	0.381305	750	-1.2294	-51.058328		
32	0.36744	750	-1.193396	-52.251724		
33	0.353883	750	-1.170165	-53.421889		
34	0.34063	750	-1.157497	-54.579387		
35	0.32768	750	-1.132062	-55.711448		
36	0.31503	750	-1.114334	-56.825782		
37	0.302677	750	-1.059402	-57.885184		
38	0.290619	750	-1.057238	-58.942422		
39	0.278855	750	-1.025226	-59.967648		
40	0.267381	750	-1.012733	-60.980382		
41	0.256195	750	-0.993112	-61.973493		
42	0.245294	750	-0.963792	-62.937285		
43	0.234677	750	-0.937293	-63.874578		
44	0.22434	750	-0.922539	-64.797116		
45	0.214281	750	-0.888592	-65.685709		
46	0.204498	750	-0.857318	-66.543027		
47	0.194988	750	-0.852404	-67.39543		
48	0.185749	750	-0.824098	-68.219529		
49	0.176777	750	-0.786378	-69.005907		
50	0.16807	750	-0.771479	-69.777386		
51	0.159626	750	-0.756072	-70.533458		
52	0.151441	750	-0.744029	-71.277487		
53	0.143514	750	-0.717106	-71.994593		
54	0.135841	750	-0.694546	-72.689139		
55	0.12842	750	-0.674103	-73.363242		
56	0.121247	750	-0.65336	-74.016602		
57	0.11432	750	-0.630147	-74.646749		
58	0.107637	750	-0.610675	-75.257424		
59	0.101193	750	-0.598454	-75.855878		
60	0.094986	750	-0.570871	-76.42675		
61	0.089014	750	-0.55797	-76.98472		
62	0.083273	750	-0.543161	-77.527881		
63	0.07776	750	-0.520948	-78.048828		
64	0.072472	750	-0.493727	-78.542555		
65	0.067406	750	-0.478312	-79.020868		
66	0.062558	750	-0.466339	-79.487206		
67	0.057926	750	-0.439656	-79.926863		
68	0.053506	750	-0.435037	-80.3619		
69	0.049295	750	-0.407281	-80.769181		
70	0.045289	750	-0.39994	-81.169121		
71	0.041485	750	-0.37303	-81.542151		
72	0.03788	750	-0.370559	-81.91271		
73	0.034469	750	-0.337803	-82.250513		
74	0.03125	750	-0.337074	-82.587587		
75	0.028218	750	-0.306383	-82.89397		
76	0.02537	750	-0.292262	-83.186232		
77	0.022702	750	-0.281876	-83.468108		
78	0.020209	750	-0.273701	-83.741809		
79	0.017889	750	-0.252266	-83.994075		
80	0.015736	750	-0.223802	-84.217876		
81	0.013746	750	-0.218713	-84.43659		
82	0.011916	750	-0.191474	-84.628064		
83	0.01024	750	-0.185596	-84.81366		
84	0.008714	750	-0.173264	-84.986924		
85	0.007334	750	-0.184469	-85.171393		
86	0.006093	750	-0.143345	-85.314738		
87	0.004988	750	-0.127721	-85.442459		
88	0.004013	750	-0.104875	-85.547334		
89	0.003162	750	-0.111314	-85.658648		
90	0.00243	750	-0.083891	-85.742538		
91	0.00181	750	-0.072966	-85.815504		
92	0.001296	750	-0.061268	-85.876772		
93	0.000882	750	-0.052486	-85.929258		
94	0.000559	750	-0.036163	-85.96542		
95	0.00032	750	-0.02856	-85.99398		
96	0.000156	750	-0.018143	-86.012123		
97	0.000057	750	-0.012381	-86.024504		
98	0.00001	750	-0.00536	-86.029865		
99	0	750	-0.001147	-86.031012		
Log marginal likelihood:	-86.031012					
0	0.975187	750	-1.804881	-1.804881		
1	0.950747	750	-1.816283	-3.621164		
2	0.926679	750	-1.745047	-5.366211		
3	0.90298	750	-1.721882	-7.088093		
4	0.879648	750	-1.716847	-8.80494		
5	0.856682	750	-1.660658	-10.465597		
6	0.834079	750	-1.629533	-12.09513		
7	0.811838	750	-1.642916	-13.738046		
8	0.789957	750	-1.592267	-15.330313		
9	0.768433	750	-1.561664	-16.891977		
10	0.747266	750	-1.570999	-18.462975		
11	0.726452	750	-1.551956	-20.014931		
12	0.705989	750	-1.49087	-21.505801		
13	0.685877	750	-1.490005	-22.995806		
14	0.666112	750	-1.477369	-24.473175		
15	0.646693	750	-1.432354	-25.905529		
16	0.627618	750	-1.424082	-27.32961		
17	0.608884	750	-1.39376	-28.72337		
18	0.59049	750	-1.367716	-30.091087		
19	0.572433	750	-1.505257	-31.596343		
20	0.554712	750	-1.322937	-32.919281		
21	0.537324	750	-1.353549	-34.27283		
22	0.520268	750	-1.280502	-35.553332		
23	0.50354	750	-1.291873	-36.845205		
24	0.487139	750	-1.236962	-38.082167		
25	0.471063	750	-1.247169	-39.329336		
26	0.45531	750	-1.204344	-40.53368		
27	0.439877	750	-1.265331	-41.799011		
28	0.424762	750	-1.143563	-42.942574		
29	0.409963	750	-1.129291	-44.071865		
30	0.395478	750	-1.126218	-45.198083		
31	0.381305	750	-1.126504	-46.324587		
32	0.36744	750	-1.169894	-47.494481		
33	0.353883	750	-1.074201	-48.568682		
34	0.34063	750	-1.065278	-49.63396		
35	0.32768	750	-1.103465	-50.737425		
36	0.31503	750	-1.034813	-51.772237		
37	0.302677	750	-1.043516	-52.815753		
38	0.290619	750	-1.01824	-53.833993		
39	0.278855	750	-1.048822	-54.882815		
40	0.267381	750	-0.929026	-55.811841		
41	0.256195	750	-0.942041	-56.753882		
42	0.245294	750	-0.973889	-57.727771		
43	0.234677	750	-0.952489	-58.680259		
44	0.22434	750	-0.88114	-59.5614		
45	0.214281	750	-0.866627	-60.428027		
46	0.204498	750	-0.852602	-61.280628		
47	0.194988	750	-0.835851	-62.116479		
48	0.185749	750	-0.811272	-62.927751		
49	0.176777	750	-0.79521	-63.722961		
50	0.16807	750	-0.790379	-64.51334		
51	0.159626	750	-0.766595	-65.279934		
52	0.151441	750	-0.740863	-66.020797		
53	0.143514	750	-0.711123	-66.73192		
54	0.135841	750	-0.699176	-67.431096		
55	0.12842	750	-0.663777	-68.094873		
56	0.121247	750	-0.649629	-68.744503		
57	0.11432	750	-0.636769	-69.381272		
58	0.107637	750	-0.595385	-69.976656		
59	0.101193	750	-0.596937	-70.573594		
60	0.094986	750	-0.577485	-71.151079		
61	0.089014	750	-0.561989	-71.713068		
62	0.083273	750	-0.538062	-72.25113		
63	0.07776	750	-0.520617	-72.771747		
64	0.072472	750	-0.509618	-73.281364		
65	0.067406	750	-0.48171	-73.763074		
66	0.062558	750	-0.465211	-74.228285		
67	0.057926	750	-0.448083	-74.676368		
68	0.053506	750	-0.428291	-75.104659		
69	0.049295	750	-0.412718	-75.517378		
70	0.045289	750	-0.394631	-75.912009		
71	0.041485	750	-0.380112	-76.292121		
72	0.03788	750	-0.359699	-76.651819		
73	0.034469	750	-0.359634	-77.011453		
74	0.03125	750	-0.318985	-77.330438		
75	0.028218	750	-0.311072	-77.64151		
76	0.02537	750	-0.293152	-77.934662		
77	0.022702	750	-0.285169	-78.219831		
78	0.020209	750	-0.259688	-78.479519		
79	0.017889	750	-0.249601	-78.72912		
80	0.015736	750	-0.234352	-78.963472		
81	0.013746	750	-0.214315	-79.177788		
82	0.011916	750	-0.195814	-79.373602		
83	0.01024	750	-0.190152	-79.563754		
84	0.008714	750	-0.18026	-79.744014		
85	0.007334	750	-0.157328	-79.901342		
86	0.006093	750	-0.140652	-80.041994		
87	0.004988	750	-0.122599	-80.164593		
88	0.004013	750	-0.109668	-80.274262		
89	0.003162	750	-0.10386	-80.378122		
90	0.00243	750	-0.086512	-80.464634		
91	0.00181	750	-0.072635	-80.537269		
92	0.001296	750	-0.059667	-80.596935		
93	0.000882	750	-0.047111	-80.644047		
94	0.000559	750	-0.038211	-80.682258		
95	0.00032	750	-0.027452	-80.709709		
96	0.000156	750	-0.020108	-80.729817		
97	0.000057	750	-0.011322	-80.741139		
98	0.00001	750	-0.00579	-80.746929		
99	0	750	-0.001187	-80.748117		
Log marginal likelihood:	-80.748117					
0	0.975187	750	-1.970037	-1.970037		
1	0.950747	750	-1.941913	-3.91195		
2	0.926679	750	-1.887628	-5.799578		
3	0.90298	750	-1.924155	-7.723734		
4	0.879648	750	-1.836035	-9.559768		
5	0.856682	750	-1.811188	-11.370957		
6	0.834079	750	-1.835208	-13.206164		
7	0.811838	750	-1.802043	-15.008207		
8	0.789957	750	-1.737481	-16.745688		
9	0.768433	750	-1.724264	-18.469952		
10	0.747266	750	-1.75276	-20.222712		
11	0.726452	750	-1.647868	-21.870581		
12	0.705989	750	-1.629354	-23.499935		
13	0.685877	750	-1.63505	-25.134985		
14	0.666112	750	-1.570078	-26.705062		
15	0.646693	750	-1.566038	-28.2711		
16	0.627618	750	-1.590868	-29.861968		
17	0.608884	750	-1.49977	-31.361739		
18	0.59049	750	-1.508073	-32.869812		
19	0.572433	750	-1.514247	-34.38406		
20	0.554712	750	-1.464634	-35.848694		
21	0.537324	750	-1.444527	-37.293221		
22	0.520268	750	-1.448039	-38.74126		
23	0.50354	750	-1.367975	-40.109235		
24	0.487139	750	-1.35496	-41.464195		
25	0.471063	750	-1.347748	-42.811943		
26	0.45531	750	-1.345475	-44.157417		
27	0.439877	750	-1.303191	-45.460609		
28	0.424762	750	-1.279765	-46.740374		
29	0.409963	750	-1.223653	-47.964027		
30	0.395478	750	-1.239765	-49.203792		
31	0.381305	750	-1.184957	-50.388749		
32	0.36744	750	-1.171585	-51.560335		
33	0.353883	750	-1.145089	-52.705424		
34	0.34063	750	-1.133525	-53.838949		
35	0.32768	750	-1.122559	-54.961508		
36	0.31503	750	-1.092699	-56.054207		
37	0.302677	750	-1.067789	-57.121996		
38	0.290619	750	-1.036317	-58.158312		
39	0.278855	750	-1.016937	-59.17525		
40	0.267381	750	-0.987468	-60.162718		
41	0.256195	750	-0.965582	-61.1283		
42	0.245294	750	-0.932317	-62.060617		
43	0.234677	750	-0.905324	-62.965941		
44	0.22434	750	-0.899827	-63.865768		
45	0.214281	750	-0.8711	-64.736868		
46	0.204498	750	-0.854815	-65.591682		
47	0.194988	750	-0.838347	-66.430029		
48	0.185749	750	-0.810185	-67.240214		
49	0.176777	750	-0.788568	-68.028782		
50	0.16807	750	-0.749646	-68.778428		
51	0.159626	750	-0.754984	-69.533412		
52	0.151441	750	-0.725193	-70.258604		
53	0.143514	750	-0.702933	-70.961538		
54	0.135841	750	-0.673808	-71.635346		
55	0.12842	750	-0.66763	-72.302975		
56	0.121247	750	-0.648524	-72.951499		
57	0.11432	750	-0.615291	-73.566791		
58	0.107637	750	-0.600205	-74.166996		
59	0.101193	750	-0.587117	-74.754113		
60	0.094986	750	-0.560367	-75.31448		
61	0.089014	750	-0.533655	-75.848136		
62	0.083273	750	-0.525062	-76.373198		
63	0.07776	750	-0.501031	-76.874229		
64	0.072472	750	-0.492194	-77.366423		
65	0.067406	750	-0.477589	-77.844012		
66	0.062558	750	-0.450393	-78.294405		
67	0.057926	750	-0.438277	-78.732682		
68	0.053506	750	-0.421168	-79.15385		
69	0.049295	750	-0.407497	-79.561347		
70	0.045289	750	-0.385312	-79.946659		
71	0.041485	750	-0.361429	-80.308088		
72	0.03788	750	-0.358981	-80.667069		
73	0.034469	750	-0.334766	-81.001835		
74	0.03125	750	-0.322937	-81.324772		
75	0.028218	750	-0.29538	-81.620151		
76	0.02537	750	-0.292086	-81.912237		
77	0.022702	750	-0.263741	-82.175978		
78	0.020209	750	-0.251281	-82.427259		
79	0.017889	750	-0.252929	-82.680188		
80	0.015736	750	-0.225603	-82.905792		
81	0.013746	750	-0.206653	-83.112445		
82	0.011916	750	-0.204798	-83.317243		
83	0.01024	750	-0.17412	-83.491363		
84	0.008714	750	-0.167244	-83.658607		
85	0.007334	750	-0.1433	-83.801908		
86	0.006093	750	-0.141677	-83.943585		
87	0.004988	750	-0.115852	-84.059437		
88	0.004013	750	-0.111586	-84.171023		
89	0.003162	750	-0.09876	-84.269783		
90	0.00243	750	-0.088318	-84.358101		
91	0.00181	750	-0.070201	-84.428302		
92	0.001296	750	-0.059713	-84.488015		
93	0.000882	750	-0.046349	-84.534365		
94	0.000559	750	-0.039015	-84.57338		
95	0.00032	750	-0.02689	-84.60027		
96	0.000156	750	-0.01831	-84.61858		
97	0.000057	750	-0.010813	-84.629393		
98	0.00001	750	-0.005428	-84.634821		
99	0	750	-0.001182	-84.636003		
Log marginal likelihood:	-84.636003					
0	0.975187	750	-1.835923	-1.835923		
1	0.950747	750	-1.81143	-3.647352		
2	0.926679	750	-1.78124	-5.428593		
3	0.90298	750	-1.74533	-7.173923		
4	0.879648	750	-1.721519	-8.895442		
5	0.856682	750	-1.712589	-10.608032		
6	0.834079	750	-1.673663	-12.281694		
7	0.811838	750	-1.657855	-13.93955		
8	0.789957	750	-1.629289	-15.568838		
9	0.768433	750	-1.592926	-17.161764		
10	0.747266	750	-1.565096	-18.72686		
11	0.726452	750	-1.545072	-20.271932		
12	0.705989	750	-1.546385	-21.818317		
13	0.685877	750	-1.521726	-23.340043		
14	0.666112	750	-1.472238	-24.81228		
15	0.646693	750	-1.466132	-26.278412		
16	0.627618	750	-1.420772	-27.699184		
17	0.608884	750	-1.396326	-29.09551		
18	0.59049	750	-1.385741	-30.481251		
19	0.572433	750	-1.344159	-31.82541		
20	0.554712	750	-1.33895	-33.16436		
21	0.537324	750	-1.324669	-34.489029		
22	0.520268	750	-1.328698	-35.817727		
23	0.50354	750	-1.303038	-37.120765		
24	0.487139	750	-1.243008	-38.363773		
25	0.471063	750	-1.258547	-39.62232		
26	0.45531	750	-1.299023	-40.921343		
27	0.439877	750	-1.195917	-42.11726		
28	0.424762	750	-1.142507	-43.259767		
29	0.409963	750	-1.168241	-44.428008		
30	0.395478	750	-1.169907	-45.597915		
31	0.381305	750	-1.144242	-46.742157		
32	0.36744	750	-1.086566	-47.828723		
33	0.353883	750	-1.09072	-48.919442		
34	0.34063	750	-1.048518	-49.96796		
35	0.32768	750	-1.060469	-51.028429		
36	0.31503	750	-1.092666	-52.121095		
37	0.302677	750	-0.999069	-53.120164		
38	0.290619	750	-0.990743	-54.110906		
39	0.278855	750	-1.022995	-55.133901		
40	0.267381	750	-0.949275	-56.083176		
41	0.256195	750	-0.953368	-57.036544		
42	0.245294	750	-0.938415	-57.974959		
43	0.234677	750	-0.911112	-58.886071		
44	0.22434	750	-0.871883	-59.757954		
45	0.214281	750	-0.849079	-60.607033		
46	0.204498	750	-0.836684	-61.443717		
47	0.194988	750	-0.820137	-62.263854		
48	0.185749	750	-0.815168	-63.079022		
49	0.176777	750	-0.773803	-63.852825		
50	0.16807	750	-0.755084	-64.607909		
51	0.159626	750	-0.693401	-65.30131		
52	0.151441	750	-0.717489	-66.018799		
53	0.143514	750	-0.689632	-66.708432		
54	0.135841	750	-0.682427	-67.390859		
55	0.12842	750	-0.673275	-68.064133		
56	0.121247	750	-0.643773	-68.707906		
57	0.11432	750	-0.607049	-69.314955		
58	0.107637	750	-0.617231	-69.932186		
59	0.101193	750	-0.59901	-70.531195		
60	0.094986	750	-0.568442	-71.099637		
61	0.089014	750	-0.54841	-71.648047		
62	0.083273	750	-0.533316	-72.181363		
63	0.07776	750	-0.517321	-72.698684		
64	0.072472	750	-0.489267	-73.187951		
65	0.067406	750	-0.472834	-73.660785		
66	0.062558	750	-0.453317	-74.114102		
67	0.057926	750	-0.444244	-74.558346		
68	0.053506	750	-0.426899	-74.985245		
69	0.049295	750	-0.398007	-75.383252		
70	0.045289	750	-0.388538	-75.77179		
71	0.041485	750	-0.365382	-76.137172		
72	0.03788	750	-0.360194	-76.497366		
73	0.034469	750	-0.327772	-76.825137		
74	0.03125	750	-0.322381	-77.147518		
75	0.028218	750	-0.302313	-77.449831		
76	0.02537	750	-0.289995	-77.739826		
77	0.022702	750	-0.284324	-78.02415		
78	0.020209	750	-0.264662	-78.288812		
79	0.017889	750	-0.241014	-78.529826		
80	0.015736	750	-0.227749	-78.757575		
81	0.013746	750	-0.209769	-78.967344		
82	0.011916	750	-0.189261	-79.156605		
83	0.01024	750	-0.181681	-79.338286		
84	0.008714	750	-0.164582	-79.502868		
85	0.007334	750	-0.144863	-79.647732		
86	0.006093	750	-0.145835	-79.793566		
87	0.004988	750	-0.122161	-79.915728		
88	0.004013	750	-0.11006	-80.025787		
89	0.003162	750	-0.092658	-80.118445		
90	0.00243	750	-0.087801	-80.206246		
91	0.00181	750	-0.068012	-80.274258		
92	0.001296	750	-0.060643	-80.334901		
93	0.000882	750	-0.048191	-80.383092		
94	0.000559	750	-0.039464	-80.422557		
95	0.00032	750	-0.026943	-80.449499		
96	0.000156	750	-0.018733	-80.468233		
97	0.000057	750	-0.010983	-80.479216		
98	0.00001	750	-0.005307	-80.484522		
99	0	750	-0.00116	-80.485683		
Log marginal likelihood:	-80.485683					
0	0.975187	750	-2.11074	-2.11074		
1	0.950747	750	-2.061064	-4.171804		
2	0.926679	750	-2.078805	-6.25061		
3	0.90298	750	-2.049648	-8.300258		
4	0.879648	750	-1.98226	-10.282518		
5	0.856682	750	-1.951266	-12.233784		
6	0.834079	750	-1.941273	-14.175057		
7	0.811838	750	-1.931079	-16.106135		
8	0.789957	750	-1.901356	-18.007491		
9	0.768433	750	-1.866307	-19.873798		
10	0.747266	750	-1.835768	-21.709566		
11	0.726452	750	-1.788507	-23.498073		
12	0.705989	750	-1.759996	-25.258069		
13	0.685877	750	-1.731444	-26.989513		
14	0.666112	750	-1.704711	-28.694223		
15	0.646693	750	-1.689142	-30.383366		
16	0.627618	750	-1.66213	-32.045496		
17	0.608884	750	-1.607546	-33.653042		
18	0.59049	750	-1.590517	-35.243559		
19	0.572433	750	-1.579875	-36.823434		
20	0.554712	750	-1.540339	-38.363773		
21	0.537324	750	-1.51748	-39.881253		
22	0.520268	750	-1.486427	-41.36768		
23	0.50354	750	-1.454938	-42.822619		
24	0.487139	750	-1.423979	-44.246598		
25	0.471063	750	-1.410932	-45.65753		
26	0.45531	750	-1.366282	-47.023813		
27	0.439877	750	-1.350337	-48.37415		
28	0.424762	750	-1.324431	-49.698581		
29	0.409963	750	-1.293491	-50.992071		
30	0.395478	750	-1.267608	-52.25968		
31	0.381305	750	-1.242748	-53.502428		
32	0.36744	750	-1.221813	-54.724241		
33	0.353883	750	-1.191199	-55.915441		
34	0.34063	750	-1.169004	-57.084445		
35	0.32768	750	-1.138231	-58.222675		
36	0.31503	750	-1.117191	-59.339866		
37	0.302677	750	-1.092738	-60.432603		
38	0.290619	750	-1.067526	-61.50013		
39	0.278855	750	-1.043032	-62.543162		
40	0.267381	750	-1.016473	-63.559635		
41	0.256195	750	-1.00057	-64.560205		
42	0.245294	750	-0.979394	-65.539599		
43	0.234677	750	-0.951597	-66.491196		
44	0.22434	750	-0.919211	-67.410407		
45	0.214281	750	-0.900129	-68.310535		
46	0.204498	750	-0.869125	-69.17966		
47	0.194988	750	-0.858438	-70.038098		
48	0.185749	750	-0.830653	-70.868752		
49	0.176777	750	-0.810253	-71.679004		
50	0.16807	750	-0.780645	-72.459649		
51	0.159626	750	-0.76476	-73.224409		
52	0.151441	750	-0.753377	-73.977786		
53	0.143514	750	-0.72347	-74.701256		
54	0.135841	750	-0.712075	-75.413332		
55	0.12842	750	-0.687556	-76.100888		
56	0.121247	750	-0.657971	-76.758858		
57	0.11432	750	-0.631323	-77.390181		
58	0.107637	750	-0.6096	-77.999781		
59	0.101193	750	-0.598353	-78.598133		
60	0.094986	750	-0.582847	-79.180981		
61	0.089014	750	-0.572751	-79.753732		
62	0.083273	750	-0.531709	-80.285441		
63	0.07776	750	-0.518828	-80.804269		
64	0.072472	750	-0.505783	-81.310052		
65	0.067406	750	-0.485324	-81.795376		
66	0.062558	750	-0.474607	-82.269983		
67	0.057926	750	-0.444484	-82.714468		
68	0.053506	750	-0.441565	-83.156033		
69	0.049295	750	-0.39841	-83.554443		
70	0.045289	750	-0.404851	-83.959293		
71	0.041485	750	-0.373032	-84.332326		
72	0.03788	750	-0.365322	-84.697648		
73	0.034469	750	-0.352713	-85.050361		
74	0.03125	750	-0.319748	-85.370109		
75	0.028218	750	-0.312878	-85.682987		
76	0.02537	750	-0.293472	-85.976459		
77	0.022702	750	-0.273794	-86.250252		
78	0.020209	750	-0.273704	-86.523956		
79	0.017889	750	-0.25852	-86.782476		
80	0.015736	750	-0.232175	-87.014651		
81	0.013746	750	-0.203712	-87.218364		
82	0.011916	750	-0.200747	-87.419111		
83	0.01024	750	-0.182317	-87.601428		
84	0.008714	750	-0.169506	-87.770934		
85	0.007334	750	-0.16061	-87.931544		
86	0.006093	750	-0.13453	-88.066074		
87	0.004988	750	-0.128321	-88.194395		
88	0.004013	750	-0.125818	-88.320214		
89	0.003162	750	-0.111122	-88.431336		
90	0.00243	750	-0.086738	-88.518073		
91	0.00181	750	-0.072132	-88.590205		
92	0.001296	750	-0.062325	-88.65253		
93	0.000882	750	-0.047504	-88.700034		
94	0.000559	750	-0.035995	-88.736029		
95	0.00032	750	-0.030364	-88.766393		
96	0.000156	750	-0.019709	-88.786102		
97	0.000057	750	-0.013148	-88.79925		
98	0.00001	750	-0.005662	-88.804912		
99	0	750	-0.00118	-88.806092		
Log marginal likelihood:	-88.806092					
0	0.975187	750	-1.957635	-1.957635		
1	0.950747	750	-1.909657	-3.867292		
2	0.926679	750	-1.920919	-5.788211		
3	0.90298	750	-1.865756	-7.653967		
4	0.879648	750	-1.833691	-9.487657		
5	0.856682	750	-1.846482	-11.334139		
6	0.834079	750	-1.767447	-13.101586		
7	0.811838	750	-1.757971	-14.859557		
8	0.789957	750	-1.72004	-16.579597		
9	0.768433	750	-1.687838	-18.267435		
10	0.747266	750	-1.742653	-20.010088		
11	0.726452	750	-1.657781	-21.667869		
12	0.705989	750	-1.652343	-23.320212		
13	0.685877	750	-1.642821	-24.963033		
14	0.666112	750	-1.597034	-26.560068		
15	0.646693	750	-1.533904	-28.093972		
16	0.627618	750	-1.560982	-29.654954		
17	0.608884	750	-1.602683	-31.257636		
18	0.59049	750	-1.555146	-32.812782		
19	0.572433	750	-1.478322	-34.291104		
20	0.554712	750	-1.455006	-35.74611		
21	0.537324	750	-1.414392	-37.160502		
22	0.520268	750	-1.402344	-38.562846		
23	0.50354	750	-1.432642	-39.995488		
24	0.487139	750	-1.381901	-41.377389		
25	0.471063	750	-1.38603	-42.763419		
26	0.45531	750	-1.32701	-44.090429		
27	0.439877	750	-1.296905	-45.387334		
28	0.424762	750	-1.259108	-46.646441		
29	0.409963	750	-1.262756	-47.909197		
30	0.395478	750	-1.248421	-49.157618		
31	0.381305	750	-1.1707	-50.328319		
32	0.36744	750	-1.170213	-51.498532		
33	0.353883	750	-1.153498	-52.65203		
34	0.34063	750	-1.122983	-53.775013		
35	0.32768	750	-1.088847	-54.86386		
36	0.31503	750	-1.070776	-55.934635		
37	0.302677	750	-1.075877	-57.010512		
38	0.290619	750	-1.029868	-58.04038		
39	0.278855	750	-1.035348	-59.075728		
40	0.267381	750	-1.002091	-60.077819		
41	0.256195	750	-0.96808	-61.045899		
42	0.245294	750	-0.943136	-61.989035		
43	0.234677	750	-0.932871	-62.921905		
44	0.22434	750	-0.913022	-63.834928		
45	0.214281	750	-0.890897	-64.725825		
46	0.204498	750	-0.864121	-65.589946		
47	0.194988	750	-0.839352	-66.429298		
48	0.185749	750	-0.817803	-67.247101		
49	0.176777	750	-0.795742	-68.042843		
50	0.16807	750	-0.777163	-68.820006		
51	0.159626	750	-0.747805	-69.567811		
52	0.151441	750	-0.734131	-70.301942		
53	0.143514	750	-0.715532	-71.017474		
54	0.135841	750	-0.701016	-71.71849		
55	0.12842	750	-0.664859	-72.38335		
56	0.121247	750	-0.660949	-73.044298		
57	0.11432	750	-0.647423	-73.691721		
58	0.107637	750	-0.610214	-74.301935		
59	0.101193	750	-0.609346	-74.911281		
60	0.094986	750	-0.566665	-75.477946		
61	0.089014	750	-0.56239	-76.040336		
62	0.083273	750	-0.540963	-76.581299		
63	0.07776	750	-0.528008	-77.109307		
64	0.072472	750	-0.499087	-77.608394		
65	0.067406	750	-0.483152	-78.091546		
66	0.062558	750	-0.464828	-78.556374		
67	0.057926	750	-0.438706	-78.99508		
68	0.053506	750	-0.423843	-79.418924		
69	0.049295	750	-0.410276	-79.8292		
70	0.045289	750	-0.402246	-80.231445		
71	0.041485	750	-0.365911	-80.597356		
72	0.03788	750	-0.3555	-80.952856		
73	0.034469	750	-0.338975	-81.291831		
74	0.03125	750	-0.320609	-81.61244		
75	0.028218	750	-0.313215	-81.925655		
76	0.02537	750	-0.295815	-82.22147		
77	0.022702	750	-0.276935	-82.498405		
78	0.020209	750	-0.25837	-82.756775		
79	0.017889	750	-0.264743	-83.021518		
80	0.015736	750	-0.243257	-83.264774		
81	0.013746	750	-0.217708	-83.482483		
82	0.011916	750	-0.1931	-83.675583		
83	0.01024	750	-0.193567	-83.86915		
84	0.008714	750	-0.172916	-84.042066		
85	0.007334	750	-0.150336	-84.192401		
86	0.006093	750	-0.143068	-84.33547		
87	0.004988	750	-0.123138	-84.458608		
88	0.004013	750	-0.109472	-84.56808		
89	0.003162	750	-0.09409	-84.66217		
90	0.00243	750	-0.089925	-84.752095		
91	0.00181	750	-0.077516	-84.829611		
92	0.001296	750	-0.062691	-84.892302		
93	0.000882	750	-0.047263	-84.939565		
94	0.000559	750	-0.037203	-84.976768		
95	0.00032	750	-0.027078	-85.003846		
96	0.000156	750	-0.019889	-85.023734		
97	0.000057	750	-0.012291	-85.036025		
98	0.00001	750	-0.0056	-85.041625		
99	0	750	-0.001256	-85.04288		
Log marginal likelihood:	-85.04288					
0	0.975187	750	-1.908049	-1.908049		
1	0.950747	750	-1.861089	-3.769138		
2	0.926679	750	-1.845975	-5.615113		
3	0.90298	750	-1.807957	-7.42307		
4	0.879648	750	-1.797728	-9.220798		
5	0.856682	750	-1.767839	-10.988637		
6	0.834079	750	-1.719548	-12.708186		
7	0.811838	750	-1.708223	-14.416408		
8	0.789957	750	-1.854065	-16.270474		
9	0.768433	750	-1.652886	-17.92336		
10	0.747266	750	-1.722017	-19.645377		
11	0.726452	750	-1.591508	-21.236885		
12	0.705989	750	-1.56272	-22.799605		
13	0.685877	750	-1.603026	-24.402631		
14	0.666112	750	-1.645111	-26.047742		
15	0.646693	750	-1.65282	-27.700562		
16	0.627618	750	-1.488349	-29.188911		
17	0.608884	750	-1.60589	-30.794802		
18	0.59049	750	-1.459653	-32.254454		
19	0.572433	750	-1.476177	-33.730632		
20	0.554712	750	-1.449076	-35.179708		
21	0.537324	750	-1.493086	-36.672794		
22	0.520268	750	-1.411288	-38.084082		
23	0.50354	750	-1.306618	-39.390701		
24	0.487139	750	-1.315984	-40.706684		
25	0.471063	750	-1.331935	-42.03862		
26	0.45531	750	-1.251643	-43.290262		
27	0.439877	750	-1.296554	-44.586817		
28	0.424762	750	-1.196046	-45.782862		
29	0.409963	750	-1.232811	-47.015673		
30	0.395478	750	-1.174488	-48.190161		
31	0.381305	750	-1.191926	-49.382087		
32	0.36744	750	-1.083186	-50.465272		
33	0.353883	750	-1.151083	-51.616355		
34	0.34063	750	-1.140716	-52.757071		
35	0.32768	750	-1.121022	-53.878094		
36	0.31503	750	-1.094792	-54.972886		
37	0.302677	750	-1.07595	-56.048836		
38	0.290619	750	-1.049677	-57.098512		
39	0.278855	750	-1.012527	-58.111039		
40	0.267381	750	-0.987928	-59.098967		
41	0.256195	750	-0.967046	-60.066013		
42	0.245294	750	-0.940701	-61.006714		
43	0.234677	750	-0.931712	-61.938426		
44	0.22434	750	-0.90235	-62.840776		
45	0.214281	750	-0.883716	-63.724492		
46	0.204498	750	-0.864256	-64.588748		
47	0.194988	750	-0.827949	-65.416697		
48	0.185749	750	-0.801436	-66.218133		
49	0.176777	750	-0.800858	-67.018991		
50	0.16807	750	-0.765232	-67.784223		
51	0.159626	750	-0.751711	-68.535934		
52	0.151441	750	-0.727448	-69.263382		
53	0.143514	750	-0.708181	-69.971563		
54	0.135841	750	-0.685709	-70.657272		
55	0.12842	750	-0.670917	-71.328189		
56	0.121247	750	-0.642622	-71.970811		
57	0.11432	750	-0.63743	-72.608241		
58	0.107637	750	-0.604311	-73.212553		
59	0.101193	750	-0.583319	-73.795872		
60	0.094986	750	-0.565918	-74.36179		
61	0.089014	750	-0.542263	-74.904053		
62	0.083273	750	-0.538252	-75.442305		
63	0.07776	750	-0.502339	-75.944644		
64	0.072472	750	-0.485998	-76.430642		
65	0.067406	750	-0.473362	-76.904004		
66	0.062558	750	-0.458163	-77.362167		
67	0.057926	750	-0.434115	-77.796282		
68	0.053506	750	-0.409175	-78.205457		
69	0.049295	750	-0.408986	-78.614443		
70	0.045289	750	-0.387126	-79.00157		
71	0.041485	750	-0.37357	-79.375139		
72	0.03788	750	-0.358588	-79.733728		
73	0.034469	750	-0.340008	-80.073735		
74	0.03125	750	-0.322176	-80.395911		
75	0.028218	750	-0.30982	-80.705731		
76	0.02537	750	-0.289771	-80.995502		
77	0.022702	750	-0.274101	-81.269604		
78	0.020209	750	-0.253666	-81.52327		
79	0.017889	750	-0.251149	-81.774419		
80	0.015736	750	-0.228594	-82.003013		
81	0.013746	750	-0.222356	-82.225369		
82	0.011916	750	-0.188367	-82.413736		
83	0.01024	750	-0.175924	-82.58966		
84	0.008714	750	-0.169243	-82.758902		
85	0.007334	750	-0.15682	-82.915722		
86	0.006093	750	-0.142119	-83.057841		
87	0.004988	750	-0.130749	-83.18859		
88	0.004013	750	-0.111259	-83.299849		
89	0.003162	750	-0.098407	-83.398256		
90	0.00243	750	-0.083959	-83.482215		
91	0.00181	750	-0.072226	-83.554441		
92	0.001296	750	-0.056196	-83.610637		
93	0.000882	750	-0.051266	-83.661903		
94	0.000559	750	-0.036615	-83.698518		
95	0.00032	750	-0.029025	-83.727543		
96	0.000156	750	-0.018237	-83.74578		
97	0.000057	750	-0.013272	-83.759052		
98	0.00001	750	-0.005373	-83.764425		
99	0	750	-0.001117	-83.765542		
Log marginal likelihood:	-83.765542					
0	0.975187	750	-2.115944	-2.115944		
1	0.950747	750	-2.089061	-4.205005		
2	0.926679	750	-2.088548	-6.293554		
3	0.90298	750	-2.068343	-8.361897		
4	0.879648	750	-1.984875	-10.346772		
5	0.856682	750	-1.993843	-12.340615		
6	0.834079	750	-1.928463	-14.269077		
7	0.811838	750	-1.916902	-16.185979		
8	0.789957	750	-1.897786	-18.083765		
9	0.768433	750	-1.849058	-19.932823		
10	0.747266	750	-1.839532	-21.772355		
11	0.726452	750	-1.802518	-23.574873		
12	0.705989	750	-1.766793	-25.341666		
13	0.685877	750	-1.726172	-27.067838		
14	0.666112	750	-1.700336	-28.768174		
15	0.646693	750	-1.681128	-30.449301		
16	0.627618	750	-1.661279	-32.110581		
17	0.608884	750	-1.633098	-33.743679		
18	0.59049	750	-1.602383	-35.346062		
19	0.572433	750	-1.577722	-36.923784		
20	0.554712	750	-1.543435	-38.467219		
21	0.537324	750	-1.48882	-39.956039		
22	0.520268	750	-1.47991	-41.435949		
23	0.50354	750	-1.470436	-42.906384		
24	0.487139	750	-1.432319	-44.338703		
25	0.471063	750	-1.410847	-45.74955		
26	0.45531	750	-1.379552	-47.129102		
27	0.439877	750	-1.346262	-48.475364		
28	0.424762	750	-1.320735	-49.7961		
29	0.409963	750	-1.272726	-51.068826		
30	0.395478	750	-1.269395	-52.338221		
31	0.381305	750	-1.238174	-53.576395		
32	0.36744	750	-1.221436	-54.79783		
33	0.353883	750	-1.190418	-55.988249		
34	0.34063	750	-1.174696	-57.162945		
35	0.32768	750	-1.152718	-58.315662		
36	0.31503	750	-1.123551	-59.439214		
37	0.302677	750	-1.093173	-60.532387		
38	0.290619	750	-1.076563	-61.60895		
39	0.278855	750	-1.050665	-62.659615		
40	0.267381	750	-1.025717	-63.685332		
41	0.256195	750	-0.995534	-64.680867		
42	0.245294	750	-0.970942	-65.651809		
43	0.234677	750	-0.925894	-66.577703		
44	0.22434	750	-0.929124	-67.506826		
45	0.214281	750	-0.899238	-68.406065		
46	0.204498	750	-0.877512	-69.283576		
47	0.194988	750	-0.853826	-70.137403		
48	0.185749	750	-0.838901	-70.976304		
49	0.176777	750	-0.806253	-71.782557		
50	0.16807	750	-0.800513	-72.58307		
51	0.159626	750	-0.769617	-73.352687		
52	0.151441	750	-0.747469	-74.100156		
53	0.143514	750	-0.721681	-74.821837		
54	0.135841	750	-0.71273	-75.534567		
55	0.12842	750	-0.688494	-76.223061		
56	0.121247	750	-0.669854	-76.892915		
57	0.11432	750	-0.649432	-77.542346		
58	0.107637	750	-0.624544	-78.16689		
59	0.101193	750	-0.60189	-78.76878		
60	0.094986	750	-0.587366	-79.356146		
61	0.089014	750	-0.561184	-79.91733		
62	0.083273	750	-0.549651	-80.466981		
63	0.07776	750	-0.523674	-80.990656		
64	0.072472	750	-0.499354	-81.49001		
65	0.067406	750	-0.483297	-81.973307		
66	0.062558	750	-0.459552	-82.432859		
67	0.057926	750	-0.456747	-82.889606		
68	0.053506	750	-0.436896	-83.326502		
69	0.049295	750	-0.411552	-83.738055		
70	0.045289	750	-0.413141	-84.151195		
71	0.041485	750	-0.374429	-84.525624		
72	0.03788	750	-0.358422	-84.884046		
73	0.034469	750	-0.344349	-85.228396		
74	0.03125	750	-0.327257	-85.555652		
75	0.028218	750	-0.313419	-85.869071		
76	0.02537	750	-0.296847	-86.165918		
77	0.022702	750	-0.290232	-86.456149		
78	0.020209	750	-0.265859	-86.722009		
79	0.017889	750	-0.247372	-86.969381		
80	0.015736	750	-0.241254	-87.210635		
81	0.013746	750	-0.219453	-87.430088		
82	0.011916	750	-0.203092	-87.633181		
83	0.01024	750	-0.174392	-87.807572		
84	0.008714	750	-0.172573	-87.980146		
85	0.007334	750	-0.175226	-88.155372		
86	0.006093	750	-0.142408	-88.297779		
87	0.004988	750	-0.122012	-88.419791		
88	0.004013	750	-0.111334	-88.531125		
89	0.003162	750	-0.108304	-88.639429		
90	0.00243	750	-0.090094	-88.729523		
91	0.00181	750	-0.073294	-88.802817		
92	0.001296	750	-0.061001	-88.863818		
93	0.000882	750	-0.052236	-88.916054		
94	0.000559	750	-0.038674	-88.954729		
95	0.00032	750	-0.027363	-88.982092		
96	0.000156	750	-0.018778	-89.000869		
97	0.000057	750	-0.011964	-89.012833		
98	0.00001	750	-0.005618	-89.018451		
99	0	750	-0.001151	-89.019602		
Log marginal likelihood:	-89.019602					
0	0.975187	750	-2.184887	-2.184887		
1	0.950747	750	-2.109891	-4.294779		
2	0.926679	750	-2.045908	-6.340687		
3	0.90298	750	-2.034983	-8.37567		
4	0.879648	750	-1.992442	-10.368112		
5	0.856682	750	-2.008929	-12.377041		
6	0.834079	750	-1.940083	-14.317124		
7	0.811838	750	-1.893951	-16.211075		
8	0.789957	750	-1.927698	-18.138773		
9	0.768433	750	-1.89539	-20.034163		
10	0.747266	750	-1.902961	-21.937124		
11	0.726452	750	-1.855826	-23.79295		
12	0.705989	750	-1.779676	-25.572626		
13	0.685877	750	-1.749699	-27.322325		
14	0.666112	750	-1.768627	-29.090952		
15	0.646693	750	-1.680972	-30.771924		
16	0.627618	750	-1.637219	-32.409143		
17	0.608884	750	-1.651937	-34.06108		
18	0.59049	750	-1.655647	-35.716727		
19	0.572433	750	-1.54666	-37.263386		
20	0.554712	750	-1.56805	-38.831436		
21	0.537324	750	-1.541151	-40.372588		
22	0.520268	750	-1.496307	-41.868895		
23	0.50354	750	-1.506313	-43.375208		
24	0.487139	750	-1.466746	-44.841954		
25	0.471063	750	-1.456541	-46.298495		
26	0.45531	750	-1.418463	-47.716958		
27	0.439877	750	-1.376739	-49.093697		
28	0.424762	750	-1.344194	-50.437891		
29	0.409963	750	-1.324085	-51.761976		
30	0.395478	750	-1.276096	-53.038072		
31	0.381305	750	-1.298347	-54.336418		
32	0.36744	750	-1.241809	-55.578228		
33	0.353883	750	-1.218562	-56.79679		
34	0.34063	750	-1.211919	-58.008709		
35	0.32768	750	-1.170164	-59.178874		
36	0.31503	750	-1.159166	-60.338039		
37	0.302677	750	-1.13058	-61.46862		
38	0.290619	750	-1.072606	-62.541226		
39	0.278855	750	-1.061076	-63.602301		
40	0.267381	750	-1.043734	-64.646035		
41	0.256195	750	-1.016302	-65.662337		
42	0.245294	750	-1.00263	-66.664967		
43	0.234677	750	-0.977012	-67.641979		
44	0.22434	750	-0.955347	-68.597327		
45	0.214281	750	-0.928849	-69.526176		
46	0.204498	750	-0.905585	-70.43176		
47	0.194988	750	-0.884409	-71.31617		
48	0.185749	750	-0.858515	-72.174684		
49	0.176777	750	-0.819114	-72.993798		
50	0.16807	750	-0.803338	-73.797136		
51	0.159626	750	-0.796276	-74.593412		
52	0.151441	750	-0.769286	-75.362698		
53	0.143514	750	-0.756301	-76.118998		
54	0.135841	750	-0.720428	-76.839426		
55	0.12842	750	-0.70406	-77.543487		
56	0.121247	750	-0.682979	-78.226466		
57	0.11432	750	-0.669636	-78.896102		
58	0.107637	750	-0.637738	-79.53384		
59	0.101193	750	-0.602038	-80.135877		
60	0.094986	750	-0.593655	-80.729532		
61	0.089014	750	-0.573978	-81.30351		
62	0.083273	750	-0.555709	-81.859219		
63	0.07776	750	-0.532295	-82.391514		
64	0.072472	750	-0.516666	-82.90818		
65	0.067406	750	-0.501565	-83.409745		
66	0.062558	750	-0.480977	-83.890722		
67	0.057926	750	-0.459191	-84.349913		
68	0.053506	750	-0.44498	-84.794893		
69	0.049295	750	-0.418748	-85.21364		
70	0.045289	750	-0.410606	-85.624246		
71	0.041485	750	-0.391713	-86.015959		
72	0.03788	750	-0.390042	-86.406001		
73	0.034469	750	-0.354847	-86.760848		
74	0.03125	750	-0.327623	-87.088471		
75	0.028218	750	-0.327452	-87.415923		
76	0.02537	750	-0.301197	-87.71712		
77	0.022702	750	-0.289046	-88.006165		
78	0.020209	750	-0.265474	-88.27164		
79	0.017889	750	-0.257149	-88.528789		
80	0.015736	750	-0.231808	-88.760598		
81	0.013746	750	-0.231713	-88.99231		
82	0.011916	750	-0.208737	-89.201047		
83	0.01024	750	-0.201133	-89.40218		
84	0.008714	750	-0.174954	-89.577134		
85	0.007334	750	-0.176969	-89.754103		
86	0.006093	750	-0.141447	-89.89555		
87	0.004988	750	-0.127688	-90.023238		
88	0.004013	750	-0.108612	-90.131849		
89	0.003162	750	-0.095627	-90.227476		
90	0.00243	750	-0.086072	-90.313549		
91	0.00181	750	-0.077788	-90.391337		
92	0.001296	750	-0.069418	-90.460755		
93	0.000882	750	-0.051341	-90.512096		
94	0.000559	750	-0.039686	-90.551782		
95	0.00032	750	-0.02908	-90.580862		
96	0.000156	750	-0.020435	-90.601297		
97	0.000057	750	-0.011838	-90.613135		
98	0.00001	750	-0.007005	-90.62014		
99	0	750	-0.001163	-90.621303		
Log marginal likelihood:	-90.621303					
0	0.975187	750	-1.92317	-1.92317		
1	0.950747	750	-1.895367	-3.818538		
2	0.926679	750	-1.856503	-5.67504		
3	0.90298	750	-1.84193	-7.51697		
4	0.879648	750	-1.829091	-9.346061		
5	0.856682	750	-1.793633	-11.139694		
6	0.834079	750	-1.764446	-12.90414		
7	0.811838	750	-1.798851	-14.702991		
8	0.789957	750	-1.73871	-16.4417		
9	0.768433	750	-1.678295	-18.119995		
10	0.747266	750	-1.648429	-19.768424		
11	0.726452	750	-1.632808	-21.401233		
12	0.705989	750	-1.629445	-23.030677		
13	0.685877	750	-1.617954	-24.648631		
14	0.666112	750	-1.551134	-26.199765		
15	0.646693	750	-1.54966	-27.749425		
16	0.627618	750	-1.540622	-29.290047		
17	0.608884	750	-1.551786	-30.841833		
18	0.59049	750	-1.572784	-32.414617		
19	0.572433	750	-1.537102	-33.95172		
20	0.554712	750	-1.445408	-35.397128		
21	0.537324	750	-1.410419	-36.807546		
22	0.520268	750	-1.430448	-38.237994		
23	0.50354	750	-1.397034	-39.635028		
24	0.487139	750	-1.328862	-40.96389		
25	0.471063	750	-1.312492	-42.276383		
26	0.45531	750	-1.302041	-43.578423		
27	0.439877	750	-1.250972	-44.829395		
28	0.424762	750	-1.243146	-46.072541		
29	0.409963	750	-1.222616	-47.295156		
30	0.395478	750	-1.242229	-48.537386		
31	0.381305	750	-1.209875	-49.74726		
32	0.36744	750	-1.147966	-50.895226		
33	0.353883	750	-1.140427	-52.035653		
34	0.34063	750	-1.141845	-53.177498		
35	0.32768	750	-1.087579	-54.265077		
36	0.31503	750	-1.084789	-55.349866		
37	0.302677	750	-1.056631	-56.406498		
38	0.290619	750	-1.022016	-57.428514		
39	0.278855	750	-1.016591	-58.445105		
40	0.267381	750	-0.968366	-59.41347		
41	0.256195	750	-0.965096	-60.378566		
42	0.245294	750	-0.940004	-61.318571		
43	0.234677	750	-0.929697	-62.248267		
44	0.22434	750	-0.885763	-63.13403		
45	0.214281	750	-0.885461	-64.01949		
46	0.204498	750	-0.859558	-64.879048		
47	0.194988	750	-0.833046	-65.712094		
48	0.185749	750	-0.816652	-66.528746		
49	0.176777	750	-0.79946	-67.328206		
50	0.16807	750	-0.7647	-68.092906		
51	0.159626	750	-0.749531	-68.842436		
52	0.151441	750	-0.730129	-69.572565		
53	0.143514	750	-0.69264	-70.265206		
54	0.135841	750	-0.693541	-70.958746		
55	0.12842	750	-0.667974	-71.62672		
56	0.121247	750	-0.654294	-72.281014		
57	0.11432	750	-0.626971	-72.907985		
58	0.107637	750	-0.614359	-73.522343		
59	0.101193	750	-0.573541	-74.095884		
60	0.094986	750	-0.562072	-74.657957		
61	0.089014	750	-0.545674	-75.203631		
62	0.083273	750	-0.531496	-75.735127		
63	0.07776	750	-0.509739	-76.244866		
64	0.072472	750	-0.492957	-76.737823		
65	0.067406	750	-0.476048	-77.213871		
66	0.062558	750	-0.452431	-77.666301		
67	0.057926	750	-0.435227	-78.101528		
68	0.053506	750	-0.417785	-78.519313		
69	0.049295	750	-0.402383	-78.921696		
70	0.045289	750	-0.397149	-79.318844		
71	0.041485	750	-0.379152	-79.697996		
72	0.03788	750	-0.35734	-80.055336		
73	0.034469	750	-0.345891	-80.401227		
74	0.03125	750	-0.317523	-80.718751		
75	0.028218	750	-0.316592	-81.035342		
76	0.02537	750	-0.286017	-81.321359		
77	0.022702	750	-0.273791	-81.59515		
78	0.020209	750	-0.263528	-81.858678		
79	0.017889	750	-0.24174	-82.100417		
80	0.015736	750	-0.227048	-82.327466		
81	0.013746	750	-0.213521	-82.540986		
82	0.011916	750	-0.201823	-82.742809		
83	0.01024	750	-0.186223	-82.929033		
84	0.008714	750	-0.181954	-83.110987		
85	0.007334	750	-0.148694	-83.25968		
86	0.006093	750	-0.149864	-83.409544		
87	0.004988	750	-0.13001	-83.539554		
88	0.004013	750	-0.10569	-83.645244		
89	0.003162	750	-0.098257	-83.743502		
90	0.00243	750	-0.081786	-83.825288		
91	0.00181	750	-0.072743	-83.898031		
92	0.001296	750	-0.057491	-83.955522		
93	0.000882	750	-0.0473	-84.002822		
94	0.000559	750	-0.037849	-84.040671		
95	0.00032	750	-0.027897	-84.068569		
96	0.000156	750	-0.018739	-84.087308		
97	0.000057	750	-0.011746	-84.099053		
98	0.00001	750	-0.005384	-84.104437		
99	0	750	-0.001279	-84.105716		
Log marginal likelihood:	-84.105716					
0	0.975187	750	-1.928631	-1.928631		
1	0.950747	750	-1.897854	-3.826486		
2	0.926679	750	-1.871595	-5.69808		
3	0.90298	750	-1.837375	-7.535456		
4	0.879648	750	-1.814633	-9.350089		
5	0.856682	750	-1.795608	-11.145697		
6	0.834079	750	-1.769385	-12.915082		
7	0.811838	750	-1.770541	-14.685623		
8	0.789957	750	-1.706857	-16.39248		
9	0.768433	750	-1.682856	-18.075336		
10	0.747266	750	-1.648253	-19.723589		
11	0.726452	750	-1.692081	-21.415669		
12	0.705989	750	-1.610939	-23.026609		
13	0.685877	750	-1.580802	-24.607411		
14	0.666112	750	-1.640796	-26.248207		
15	0.646693	750	-1.53262	-27.780827		
16	0.627618	750	-1.566617	-29.347444		
17	0.608884	750	-1.575266	-30.922709		
18	0.59049	750	-1.457053	-32.379763		
19	0.572433	750	-1.423107	-33.802869		
20	0.554712	750	-1.417584	-35.220453		
21	0.537324	750	-1.410336	-36.630789		
22	0.520268	750	-1.43555	-38.066339		
23	0.50354	750	-1.349691	-39.41603		
24	0.487139	750	-1.336416	-40.752447		
25	0.471063	750	-1.414952	-42.167398		
26	0.45531	750	-1.336696	-43.504094		
27	0.439877	750	-1.312988	-44.817082		
28	0.424762	750	-1.276923	-46.094004		
29	0.409963	750	-1.271853	-47.365858		
30	0.395478	750	-1.210759	-48.576616		
31	0.381305	750	-1.184226	-49.760843		
32	0.36744	750	-1.202363	-50.963206		
33	0.353883	750	-1.140348	-52.103554		
34	0.34063	750	-1.142987	-53.246541		
35	0.32768	750	-1.114225	-54.360766		
36	0.31503	750	-1.125104	-55.485871		
37	0.302677	750	-1.032188	-56.518059		
38	0.290619	750	-1.059954	-57.578013		
39	0.278855	750	-1.05445	-58.632463		
40	0.267381	750	-0.97574	-59.608203		
41	0.256195	750	-0.973971	-60.582174		
42	0.245294	750	-0.940072	-61.522247		
43	0.234677	750	-0.93447	-62.456716		
44	0.22434	750	-0.924685	-63.381402		
45	0.214281	750	-0.896738	-64.27814		
46	0.204498	750	-0.873341	-65.15148		
47	0.194988	750	-0.857233	-66.008714		
48	0.185749	750	-0.821262	-66.829976		
49	0.176777	750	-0.825492	-67.655467		
50	0.16807	750	-0.782354	-68.437821		
51	0.159626	750	-0.760823	-69.198644		
52	0.151441	750	-0.734105	-69.932749		
53	0.143514	750	-0.71583	-70.64858		
54	0.135841	750	-0.706487	-71.355067		
55	0.12842	750	-0.666445	-72.021512		
56	0.121247	750	-0.649761	-72.671273		
57	0.11432	750	-0.65563	-73.326903		
58	0.107637	750	-0.618442	-73.945344		
59	0.101193	750	-0.604875	-74.55022		
60	0.094986	750	-0.579068	-75.129288		
61	0.089014	750	-0.564901	-75.694188		
62	0.083273	750	-0.544714	-76.238903		
63	0.07776	750	-0.520551	-76.759453		
64	0.072472	750	-0.500553	-77.260007		
65	0.067406	750	-0.490161	-77.750168		
66	0.062558	750	-0.477339	-78.227507		
67	0.057926	750	-0.46445	-78.691957		
68	0.053506	750	-0.442222	-79.134179		
69	0.049295	750	-0.42403	-79.558209		
70	0.045289	750	-0.38653	-79.944739		
71	0.041485	750	-0.380403	-80.325142		
72	0.03788	750	-0.367288	-80.69243		
73	0.034469	750	-0.342266	-81.034697		
74	0.03125	750	-0.3322	-81.366896		
75	0.028218	750	-0.307543	-81.674439		
76	0.02537	750	-0.29647	-81.970909		
77	0.022702	750	-0.281459	-82.252369		
78	0.020209	750	-0.279587	-82.531956		
79	0.017889	750	-0.243938	-82.775894		
80	0.015736	750	-0.231296	-83.00719		
81	0.013746	750	-0.214587	-83.221777		
82	0.011916	750	-0.205804	-83.427581		
83	0.01024	750	-0.199273	-83.626854		
84	0.008714	750	-0.175323	-83.802177		
85	0.007334	750	-0.165409	-83.967586		
86	0.006093	750	-0.131814	-84.0994		
87	0.004988	750	-0.117435	-84.216835		
88	0.004013	750	-0.11022	-84.327055		
89	0.003162	750	-0.100909	-84.427964		
90	0.00243	750	-0.090666	-84.51863		
91	0.00181	750	-0.07392	-84.59255		
92	0.001296	750	-0.057403	-84.649953		
93	0.000882	750	-0.052844	-84.702797		
94	0.000559	750	-0.040019	-84.742816		
95	0.00032	750	-0.028808	-84.771624		
96	0.000156	750	-0.01874	-84.790364		
97	0.000057	750	-0.012831	-84.803195		
98	0.00001	750	-0.006119	-84.809314		
99	0	750	-0.001179	-84.810493		
Log marginal likelihood:	-84.810493					
0	0.975187	750	-1.840435	-1.840435		
1	0.950747	750	-1.835432	-3.675867		
2	0.926679	750	-1.73724	-5.413107		
3	0.90298	750	-1.735698	-7.148805		
4	0.879648	750	-1.684134	-8.832939		
5	0.856682	750	-1.681518	-10.514458		
6	0.834079	750	-1.678078	-12.192535		
7	0.811838	750	-1.655703	-13.848238		
8	0.789957	750	-1.588602	-15.43684		
9	0.768433	750	-1.614718	-17.051558		
10	0.747266	750	-1.563846	-18.615404		
11	0.726452	750	-1.55092	-20.166324		
12	0.705989	750	-1.549896	-21.71622		
13	0.685877	750	-1.537727	-23.253947		
14	0.666112	750	-1.476502	-24.730449		
15	0.646693	750	-1.482069	-26.212518		
16	0.627618	750	-1.424975	-27.637493		
17	0.608884	750	-1.41551	-29.053003		
18	0.59049	750	-1.449975	-30.502978		
19	0.572433	750	-1.37939	-31.882368		
20	0.554712	750	-1.360189	-33.242557		
21	0.537324	750	-1.337949	-34.580506		
22	0.520268	750	-1.335066	-35.915572		
23	0.50354	750	-1.340205	-37.255777		
24	0.487139	750	-1.322013	-38.57779		
25	0.471063	750	-1.232277	-39.810067		
26	0.45531	750	-1.236866	-41.046933		
27	0.439877	750	-1.304514	-42.351447		
28	0.424762	750	-1.207397	-43.558845		
29	0.409963	750	-1.253664	-44.812509		
30	0.395478	750	-1.128941	-45.94145		
31	0.381305	750	-1.181437	-47.122887		
32	0.36744	750	-1.123984	-48.246871		
33	0.353883	750	-1.06559	-49.312461		
34	0.34063	750	-1.100394	-50.412855		
35	0.32768	750	-1.058938	-51.471793		
36	0.31503	750	-1.05179	-52.523583		
37	0.302677	750	-1.01789	-53.541473		
38	0.290619	750	-1.017278	-54.558751		
39	0.278855	750	-0.985405	-55.544156		
40	0.267381	750	-0.996174	-56.54033		
41	0.256195	750	-0.964465	-57.504795		
42	0.245294	750	-0.964901	-58.469697		
43	0.234677	750	-0.876317	-59.346013		
44	0.22434	750	-0.914641	-60.260654		
45	0.214281	750	-0.858977	-61.119631		
46	0.204498	750	-0.836315	-61.955946		
47	0.194988	750	-0.833929	-62.789876		
48	0.185749	750	-0.818827	-63.608702		
49	0.176777	750	-0.788143	-64.396846		
50	0.16807	750	-0.774067	-65.170913		
51	0.159626	750	-0.742737	-65.913649		
52	0.151441	750	-0.718618	-66.632267		
53	0.143514	750	-0.715383	-67.34765		
54	0.135841	750	-0.684909	-68.032559		
55	0.12842	750	-0.662376	-68.694935		
56	0.121247	750	-0.636884	-69.331819		
57	0.11432	750	-0.622652	-69.954471		
58	0.107637	750	-0.603103	-70.557574		
59	0.101193	750	-0.579223	-71.136797		
60	0.094986	750	-0.57762	-71.714417		
61	0.089014	750	-0.541894	-72.256311		
62	0.083273	750	-0.521706	-72.778017		
63	0.07776	750	-0.523086	-73.301102		
64	0.072472	750	-0.500997	-73.802099		
65	0.067406	750	-0.479646	-74.281746		
66	0.062558	750	-0.451962	-74.733708		
67	0.057926	750	-0.439689	-75.173397		
68	0.053506	750	-0.423416	-75.596813		
69	0.049295	750	-0.405025	-76.001839		
70	0.045289	750	-0.393051	-76.394889		
71	0.041485	750	-0.377682	-76.772571		
72	0.03788	750	-0.359348	-77.131919		
73	0.034469	750	-0.33412	-77.466039		
74	0.03125	750	-0.331185	-77.797224		
75	0.028218	750	-0.304815	-78.102039		
76	0.02537	750	-0.300395	-78.402434		
77	0.022702	750	-0.274936	-78.67737		
78	0.020209	750	-0.263238	-78.940608		
79	0.017889	750	-0.235925	-79.176533		
80	0.015736	750	-0.226777	-79.40331		
81	0.013746	750	-0.213994	-79.617304		
82	0.011916	750	-0.199806	-79.81711		
83	0.01024	750	-0.190658	-80.007768		
84	0.008714	750	-0.167276	-80.175044		
85	0.007334	750	-0.150726	-80.32577		
86	0.006093	750	-0.148631	-80.474402		
87	0.004988	750	-0.124942	-80.599344		
88	0.004013	750	-0.114855	-80.714198		
89	0.003162	750	-0.09924	-80.813438		
90	0.00243	750	-0.085412	-80.89885		
91	0.00181	750	-0.072098	-80.970947		
92	0.001296	750	-0.060182	-81.03113		
93	0.000882	750	-0.049726	-81.080855		
94	0.000559	750	-0.037333	-81.118188		
95	0.00032	750	-0.029088	-81.147276		
96	0.000156	750	-0.01893	-81.166206		
97	0.000057	750	-0.011855	-81.178061		
98	0.00001	750	-0.005372	-81.183433		
99	0	750	-0.001222	-81.184655		
Log marginal likelihood:	-81.184655					
0	0.975187	750	-1.706472	-1.706472		
1	0.950747	750	-1.615916	-3.322388		
2	0.926679	750	-1.602662	-4.92505		
3	0.90298	750	-1.604581	-6.529631		
4	0.879648	750	-1.581418	-8.111049		
5	0.856682	750	-1.540883	-9.651932		
6	0.834079	750	-1.536373	-11.188306		
7	0.811838	750	-1.517535	-12.705841		
8	0.789957	750	-1.487453	-14.193294		
9	0.768433	750	-1.455803	-15.649098		
10	0.747266	750	-1.43819	-17.087287		
11	0.726452	750	-1.419861	-18.507148		
12	0.705989	750	-1.419486	-19.926634		
13	0.685877	750	-1.378786	-21.30542		
14	0.666112	750	-1.397997	-22.703418		
15	0.646693	750	-1.340969	-24.044386		
16	0.627618	750	-1.353112	-25.397498		
17	0.608884	750	-1.363292	-26.76079		
18	0.59049	750	-1.220949	-27.98174		
19	0.572433	750	-1.287668	-29.269408		
20	0.554712	750	-1.263871	-30.533279		
21	0.537324	750	-1.227177	-31.760456		
22	0.520268	750	-1.225458	-32.985914		
23	0.50354	750	-1.297181	-34.283095		
24	0.487139	750	-1.262567	-35.545661		
25	0.471063	750	-1.159356	-36.705018		
26	0.45531	750	-1.174708	-37.879726		
27	0.439877	750	-1.135559	-39.015285		
28	0.424762	750	-1.173016	-40.188302		
29	0.409963	750	-1.10341	-41.291711		
30	0.395478	750	-1.121854	-42.413565		
31	0.381305	750	-1.071663	-43.485228		
32	0.36744	750	-1.15459	-44.639818		
33	0.353883	750	-1.129797	-45.769614		
34	0.34063	750	-1.013526	-46.78314		
35	0.32768	750	-1.088277	-47.871417		
36	0.31503	750	-1.07791	-48.949327		
37	0.302677	750	-1.017798	-49.967126		
38	0.290619	750	-1.025085	-50.99221		
39	0.278855	750	-0.963307	-51.955518		
40	0.267381	750	-0.934462	-52.88998		
41	0.256195	750	-0.884722	-53.774702		
42	0.245294	750	-0.878296	-54.652998		
43	0.234677	750	-0.876771	-55.529769		
44	0.22434	750	-0.887833	-56.417602		
45	0.214281	750	-0.856163	-57.273765		
46	0.204498	750	-0.828864	-58.102629		
47	0.194988	750	-0.767912	-58.870541		
48	0.185749	750	-0.812621	-59.683162		
49	0.176777	750	-0.801446	-60.484607		
50	0.16807	750	-0.750796	-61.235403		
51	0.159626	750	-0.754206	-61.989609		
52	0.151441	750	-0.701162	-62.690772		
53	0.143514	750	-0.702756	-63.393528		
54	0.135841	750	-0.683035	-64.076563		
55	0.12842	750	-0.669614	-64.746176		
56	0.121247	750	-0.649552	-65.395728		
57	0.11432	750	-0.625483	-66.021211		
58	0.107637	750	-0.606434	-66.627645		
59	0.101193	750	-0.581268	-67.208913		
60	0.094986	750	-0.564969	-67.773882		
61	0.089014	750	-0.554175	-68.328058		
62	0.083273	750	-0.527026	-68.855084		
63	0.07776	750	-0.519073	-69.374157		
64	0.072472	750	-0.489266	-69.863423		
65	0.067406	750	-0.472217	-70.33564		
66	0.062558	750	-0.456039	-70.791679		
67	0.057926	750	-0.440934	-71.232613		
68	0.053506	750	-0.428142	-71.660756		
69	0.049295	750	-0.398525	-72.059281		
70	0.045289	750	-0.391785	-72.451066		
71	0.041485	750	-0.370063	-72.821129		
72	0.03788	750	-0.346121	-73.16725		
73	0.034469	750	-0.337971	-73.50522		
74	0.03125	750	-0.31874	-73.823961		
75	0.028218	750	-0.313939	-74.1379		
76	0.02537	750	-0.289097	-74.426996		
77	0.022702	750	-0.280426	-74.707422		
78	0.020209	750	-0.254104	-74.961526		
79	0.017889	750	-0.244832	-75.206358		
80	0.015736	750	-0.236967	-75.443325		
81	0.013746	750	-0.209295	-75.65262		
82	0.011916	750	-0.205144	-75.857764		
83	0.01024	750	-0.181572	-76.039335		
84	0.008714	750	-0.163101	-76.202436		
85	0.007334	750	-0.153148	-76.355584		
86	0.006093	750	-0.143392	-76.498976		
87	0.004988	750	-0.129113	-76.628089		
88	0.004013	750	-0.109289	-76.737379		
89	0.003162	750	-0.092522	-76.829901		
90	0.00243	750	-0.084198	-76.914099		
91	0.00181	750	-0.077084	-76.991183		
92	0.001296	750	-0.063885	-77.055068		
93	0.000882	750	-0.047106	-77.102174		
94	0.000559	750	-0.034461	-77.136635		
95	0.00032	750	-0.028941	-77.165576		
96	0.000156	750	-0.019463	-77.185039		
97	0.000057	750	-0.011841	-77.19688		
98	0.00001	750	-0.005736	-77.202617		
99	0	750	-0.001148	-77.203764		
Log marginal likelihood:	-77.203764					
0	0.975187	750	-2.045975	-2.045975		
1	0.950747	750	-2.040111	-4.086085		
2	0.926679	750	-1.998007	-6.084093		
3	0.90298	750	-1.971205	-8.055298		
4	0.879648	750	-1.900357	-9.955654		
5	0.856682	750	-1.933505	-11.889159		
6	0.834079	750	-1.866226	-13.755386		
7	0.811838	750	-1.839254	-15.59464		
8	0.789957	750	-1.818912	-17.413552		
9	0.768433	750	-1.776168	-19.189719		
10	0.747266	750	-1.762945	-20.952664		
11	0.726452	750	-1.729903	-22.682567		
12	0.705989	750	-1.722214	-24.404781		
13	0.685877	750	-1.669943	-26.074725		
14	0.666112	750	-1.638547	-27.713272		
15	0.646693	750	-1.632791	-29.346063		
16	0.627618	750	-1.583793	-30.929856		
17	0.608884	750	-1.567493	-32.497349		
18	0.59049	750	-1.547141	-34.04449		
19	0.572433	750	-1.511942	-35.556432		
20	0.554712	750	-1.49384	-37.050272		
21	0.537324	750	-1.478676	-38.528948		
22	0.520268	750	-1.448563	-39.97751		
23	0.50354	750	-1.404815	-41.382325		
24	0.487139	750	-1.39714	-42.779465		
25	0.471063	750	-1.366746	-44.146211		
26	0.45531	750	-1.347584	-45.493795		
27	0.439877	750	-1.296842	-46.790637		
28	0.424762	750	-1.272332	-48.062969		
29	0.409963	750	-1.248388	-49.311357		
30	0.395478	750	-1.231483	-50.542839		
31	0.381305	750	-1.219871	-51.762711		
32	0.36744	750	-1.181632	-52.944343		
33	0.353883	750	-1.157108	-54.101451		
34	0.34063	750	-1.126704	-55.228155		
35	0.32768	750	-1.103453	-56.331608		
36	0.31503	750	-1.092028	-57.423636		
37	0.302677	750	-1.050793	-58.474429		
38	0.290619	750	-1.042794	-59.517223		
39	0.278855	750	-1.018898	-60.536121		
40	0.267381	750	-1.001357	-61.537478		
41	0.256195	750	-0.975083	-62.512561		
42	0.245294	750	-0.939104	-63.451665		
43	0.234677	750	-0.927086	-64.378751		
44	0.22434	750	-0.906735	-65.285486		
45	0.214281	750	-0.876853	-66.162339		
46	0.204498	750	-0.851914	-67.014253		
47	0.194988	750	-0.832299	-67.846552		
48	0.185749	750	-0.808963	-68.655515		
49	0.176777	750	-0.784731	-69.440246		
50	0.16807	750	-0.757309	-70.197555		
51	0.159626	750	-0.743561	-70.941115		
52	0.151441	750	-0.729905	-71.67102		
53	0.143514	750	-0.705303	-72.376323		
54	0.135841	750	-0.693524	-73.069847		
55	0.12842	750	-0.666201	-73.736047		
56	0.121247	750	-0.645756	-74.381803		
57	0.11432	750	-0.620576	-75.002379		
58	0.107637	750	-0.603164	-75.605543		
59	0.101193	750	-0.591961	-76.197505		
60	0.094986	750	-0.571448	-76.768952		
61	0.089014	750	-0.548177	-77.317129		
62	0.083273	750	-0.524798	-77.841926		
63	0.07776	750	-0.506112	-78.348038		
64	0.072472	750	-0.497382	-78.84542		
65	0.067406	750	-0.487628	-79.333049		
66	0.062558	750	-0.463802	-79.796851		
67	0.057926	750	-0.436029	-80.23288		
68	0.053506	750	-0.416553	-80.649433		
69	0.049295	750	-0.396343	-81.045776		
70	0.045289	750	-0.381723	-81.427498		
71	0.041485	750	-0.400915	-81.828413		
72	0.03788	750	-0.355549	-82.183962		
73	0.034469	750	-0.345061	-82.529023		
74	0.03125	750	-0.30674	-82.835763		
75	0.028218	750	-0.29995	-83.135713		
76	0.02537	750	-0.300116	-83.435829		
77	0.022702	750	-0.300282	-83.736112		
78	0.020209	750	-0.254538	-83.990649		
79	0.017889	750	-0.239515	-84.230164		
80	0.015736	750	-0.222022	-84.452187		
81	0.013746	750	-0.207309	-84.659495		
82	0.011916	750	-0.199986	-84.859481		
83	0.01024	750	-0.179745	-85.039227		
84	0.008714	750	-0.16551	-85.204736		
85	0.007334	750	-0.154105	-85.358841		
86	0.006093	750	-0.14248	-85.501321		
87	0.004988	750	-0.123485	-85.624807		
88	0.004013	750	-0.108128	-85.732935		
89	0.003162	750	-0.094105	-85.827039		
90	0.00243	750	-0.082143	-85.909182		
91	0.00181	750	-0.073013	-85.982196		
92	0.001296	750	-0.0573	-86.039495		
93	0.000882	750	-0.057749	-86.097244		
94	0.000559	750	-0.03576	-86.133004		
95	0.00032	750	-0.027377	-86.160381		
96	0.000156	750	-0.018426	-86.178808		
97	0.000057	750	-0.012491	-86.191299		
98	0.00001	750	-0.00583	-86.197129		
99	0	750	-0.001191	-86.19832		
Log marginal likelihood:	-86.19832					
0	0.975187	750	-1.930453	-1.930453		
1	0.950747	750	-1.903403	-3.833856		
2	0.926679	750	-1.879509	-5.713365		
3	0.90298	750	-1.863747	-7.577112		
4	0.879648	750	-1.826082	-9.403194		
5	0.856682	750	-1.788826	-11.19202		
6	0.834079	750	-1.759293	-12.951313		
7	0.811838	750	-1.737939	-14.689252		
8	0.789957	750	-1.706394	-16.395646		
9	0.768433	750	-1.674691	-18.070337		
10	0.747266	750	-1.673928	-19.744265		
11	0.726452	750	-1.631556	-21.37582		
12	0.705989	750	-1.60179	-22.97761		
13	0.685877	750	-1.567972	-24.545582		
14	0.666112	750	-1.602834	-26.148417		
15	0.646693	750	-1.543921	-27.692337		
16	0.627618	750	-1.49827	-29.190607		
17	0.608884	750	-1.48445	-30.675057		
18	0.59049	750	-1.441233	-32.116289		
19	0.572433	750	-1.418934	-33.535224		
20	0.554712	750	-1.442419	-34.977643		
21	0.537324	750	-1.398539	-36.376182		
22	0.520268	750	-1.382395	-37.758577		
23	0.50354	750	-1.335951	-39.094528		
24	0.487139	750	-1.355129	-40.449657		
25	0.471063	750	-1.298067	-41.747724		
26	0.45531	750	-1.394043	-43.141767		
27	0.439877	750	-1.284586	-44.426353		
28	0.424762	750	-1.323533	-45.749886		
29	0.409963	750	-1.262517	-47.012403		
30	0.395478	750	-1.193168	-48.205571		
31	0.381305	750	-1.182447	-49.388018		
32	0.36744	750	-1.207222	-50.59524		
33	0.353883	750	-1.171354	-51.766594		
34	0.34063	750	-1.087377	-52.853971		
35	0.32768	750	-1.122181	-53.976152		
36	0.31503	750	-1.05166	-55.027812		
37	0.302677	750	-1.058054	-56.085865		
38	0.290619	750	-1.0733	-57.159165		
39	0.278855	750	-1.040785	-58.19995		
40	0.267381	750	-1.002323	-59.202273		
41	0.256195	750	-0.971056	-60.173329		
42	0.245294	750	-0.961158	-61.134487		
43	0.234677	750	-0.948793	-62.08328		
44	0.22434	750	-0.875399	-62.958678		
45	0.214281	750	-0.899567	-63.858246		
46	0.204498	750	-0.877953	-64.736199		
47	0.194988	750	-0.819983	-65.556182		
48	0.185749	750	-0.847189	-66.403371		
49	0.176777	750	-0.814056	-67.217427		
50	0.16807	750	-0.796318	-68.013745		
51	0.159626	750	-0.76172	-68.775465		
52	0.151441	750	-0.732756	-69.508221		
53	0.143514	750	-0.736041	-70.244262		
54	0.135841	750	-0.699553	-70.943815		
55	0.12842	750	-0.674107	-71.617922		
56	0.121247	750	-0.656029	-72.273951		
57	0.11432	750	-0.638933	-72.912884		
58	0.107637	750	-0.608849	-73.521734		
59	0.101193	750	-0.606199	-74.127933		
60	0.094986	750	-0.59103	-74.718963		
61	0.089014	750	-0.560086	-75.279049		
62	0.083273	750	-0.537348	-75.816397		
63	0.07776	750	-0.520212	-76.336609		
64	0.072472	750	-0.510899	-76.847507		
65	0.067406	750	-0.486532	-77.33404		
66	0.062558	750	-0.473247	-77.807287		
67	0.057926	750	-0.452328	-78.259615		
68	0.053506	750	-0.435211	-78.694826		
69	0.049295	750	-0.415716	-79.110542		
70	0.045289	750	-0.405064	-79.515606		
71	0.041485	750	-0.379796	-79.895401		
72	0.03788	750	-0.36889	-80.264292		
73	0.034469	750	-0.340208	-80.6045		
74	0.03125	750	-0.329923	-80.934423		
75	0.028218	750	-0.311109	-81.245532		
76	0.02537	750	-0.302576	-81.548108		
77	0.022702	750	-0.275882	-81.823989		
78	0.020209	750	-0.256409	-82.080399		
79	0.017889	750	-0.261898	-82.342297		
80	0.015736	750	-0.238988	-82.581285		
81	0.013746	750	-0.208719	-82.790004		
82	0.011916	750	-0.206984	-82.996988		
83	0.01024	750	-0.191614	-83.188601		
84	0.008714	750	-0.169846	-83.358448		
85	0.007334	750	-0.155148	-83.513595		
86	0.006093	750	-0.146953	-83.660549		
87	0.004988	750	-0.12808	-83.788629		
88	0.004013	750	-0.115746	-83.904375		
89	0.003162	750	-0.099038	-84.003413		
90	0.00243	750	-0.085831	-84.089244		
91	0.00181	750	-0.074061	-84.163305		
92	0.001296	750	-0.067935	-84.23124		
93	0.000882	750	-0.051481	-84.282721		
94	0.000559	750	-0.039814	-84.322535		
95	0.00032	750	-0.027894	-84.350429		
96	0.000156	750	-0.02019	-84.370619		
97	0.000057	750	-0.011991	-84.38261		
98	0.00001	750	-0.006015	-84.388625		
99	0	750	-0.001205	-84.38983		
Log marginal likelihood:	-84.38983					
0	0.975187	750	-1.85114	-1.85114		
1	0.950747	750	-1.88482	-3.73596		
2	0.926679	750	-1.80352	-5.53948		
3	0.90298	750	-1.794696	-7.334176		
4	0.879648	750	-1.770179	-9.104355		
5	0.856682	750	-1.729074	-10.833429		
6	0.834079	750	-1.758038	-12.591467		
7	0.811838	750	-1.676228	-14.267695		
8	0.789957	750	-1.677056	-15.944751		
9	0.768433	750	-1.637073	-17.581825		
10	0.747266	750	-1.639474	-19.221299		
11	0.726452	750	-1.609384	-20.830682		
12	0.705989	750	-1.606329	-22.437011		
13	0.685877	750	-1.55583	-23.99284		
14	0.666112	750	-1.562733	-25.555573		
15	0.646693	750	-1.511955	-27.067528		
16	0.627618	750	-1.453437	-28.520965		
17	0.608884	750	-1.44298	-29.963945		
18	0.59049	750	-1.484857	-31.448802		
19	0.572433	750	-1.400613	-32.849415		
20	0.554712	750	-1.417123	-34.266539		
21	0.537324	750	-1.43854	-35.705078		
22	0.520268	750	-1.315512	-37.02059		
23	0.50354	750	-1.316188	-38.336779		
24	0.487139	750	-1.331954	-39.668732		
25	0.471063	750	-1.290624	-40.959357		
26	0.45531	750	-1.357754	-42.31711		
27	0.439877	750	-1.314518	-43.631628		
28	0.424762	750	-1.308391	-44.94002		
29	0.409963	750	-1.249066	-46.189086		
30	0.395478	750	-1.245736	-47.434822		
31	0.381305	750	-1.166486	-48.601308		
32	0.36744	750	-1.139635	-49.740944		
33	0.353883	750	-1.122153	-50.863097		
34	0.34063	750	-1.140495	-52.003591		
35	0.32768	750	-1.121966	-53.125557		
36	0.31503	750	-1.071391	-54.196948		
37	0.302677	750	-1.069486	-55.266434		
38	0.290619	750	-1.03131	-56.297745		
39	0.278855	750	-1.030415	-57.32816		
40	0.267381	750	-0.99097	-58.31913		
41	0.256195	750	-0.951239	-59.270368		
42	0.245294	750	-0.965467	-60.235835		
43	0.234677	750	-0.93107	-61.166905		
44	0.22434	750	-0.919509	-62.086414		
45	0.214281	750	-0.88998	-62.976394		
46	0.204498	750	-0.851936	-63.82833		
47	0.194988	750	-0.854414	-64.682744		
48	0.185749	750	-0.822671	-65.505415		
49	0.176777	750	-0.798842	-66.304256		
50	0.16807	750	-0.769339	-67.073595		
51	0.159626	750	-0.743827	-67.817423		
52	0.151441	750	-0.730183	-68.547606		
53	0.143514	750	-0.721445	-69.26905		
54	0.135841	750	-0.703168	-69.972219		
55	0.12842	750	-0.662465	-70.634684		
56	0.121247	750	-0.650735	-71.285419		
57	0.11432	750	-0.648894	-71.934312		
58	0.107637	750	-0.618766	-72.553078		
59	0.101193	750	-0.584729	-73.137807		
60	0.094986	750	-0.567912	-73.705719		
61	0.089014	750	-0.555139	-74.260858		
62	0.083273	750	-0.542017	-74.802876		
63	0.07776	750	-0.516137	-75.319012		
64	0.072472	750	-0.513968	-75.832981		
65	0.067406	750	-0.477017	-76.309998		
66	0.062558	750	-0.467349	-76.777348		
67	0.057926	750	-0.449956	-77.227303		
68	0.053506	750	-0.440957	-77.66826		
69	0.049295	750	-0.415599	-78.083859		
70	0.045289	750	-0.382541	-78.4664		
71	0.041485	750	-0.371011	-78.837411		
72	0.03788	750	-0.352012	-79.189424		
73	0.034469	750	-0.33246	-79.521884		
74	0.03125	750	-0.338173	-79.860057		
75	0.028218	750	-0.30989	-80.169947		
76	0.02537	750	-0.29908	-80.469027		
77	0.022702	750	-0.272079	-80.741106		
78	0.020209	750	-0.2548	-80.995906		
79	0.017889	750	-0.231953	-81.227859		
80	0.015736	750	-0.232775	-81.460634		
81	0.013746	750	-0.216103	-81.676737		
82	0.011916	750	-0.220014	-81.896751		
83	0.01024	750	-0.189276	-82.086027		
84	0.008714	750	-0.166509	-82.252536		
85	0.007334	750	-0.159377	-82.411914		
86	0.006093	750	-0.140609	-82.552523		
87	0.004988	750	-0.123085	-82.675607		
88	0.004013	750	-0.122904	-82.798511		
89	0.003162	750	-0.100002	-82.898513		
90	0.00243	750	-0.082552	-82.981065		
91	0.00181	750	-0.078043	-83.059108		
92	0.001296	750	-0.061463	-83.120571		
93	0.000882	750	-0.052858	-83.173429		
94	0.000559	750	-0.039989	-83.213418		
95	0.00032	750	-0.026369	-83.239786		
96	0.000156	750	-0.019148	-83.258934		
97	0.000057	750	-0.012663	-83.271597		
98	0.00001	750	-0.005531	-83.277129		
99	0	750	-0.001297	-83.278426		
Log marginal likelihood:	-83.278426					
0	0.975187	750	-1.599469	-1.599469		
1	0.950747	750	-1.576793	-3.176262		
2	0.926679	750	-1.650924	-4.827186		
3	0.90298	750	-1.579259	-6.406445		
4	0.879648	750	-1.534848	-7.941293		
5	0.856682	750	-1.506272	-9.447564		
6	0.834079	750	-1.476994	-10.924558		
7	0.811838	750	-1.491343	-12.415901		
8	0.789957	750	-1.445788	-13.861689		
9	0.768433	750	-1.443815	-15.305504		
10	0.747266	750	-1.409278	-16.714783		
11	0.726452	750	-1.397431	-18.112214		
12	0.705989	750	-1.348961	-19.461174		
13	0.685877	750	-1.35464	-20.815814		
14	0.666112	750	-1.323841	-22.139656		
15	0.646693	750	-1.364584	-23.50424		
16	0.627618	750	-1.310482	-24.814721		
17	0.608884	750	-1.252412	-26.067133		
18	0.59049	750	-1.275341	-27.342475		
19	0.572433	750	-1.199098	-28.541572		
20	0.554712	750	-1.221832	-29.763405		
21	0.537324	750	-1.237751	-31.001156		
22	0.520268	750	-1.262542	-32.263698		
23	0.50354	750	-1.182718	-33.446416		
24	0.487139	750	-1.135694	-34.58211		
25	0.471063	750	-1.111194	-35.693304		
26	0.45531	750	-1.112087	-36.805391		
27	0.439877	750	-1.232018	-38.037409		
28	0.424762	750	-1.080246	-39.117656		
29	0.409963	750	-1.080554	-40.19821		
30	0.395478	750	-1.05755	-41.25576		
31	0.381305	750	-1.043269	-42.299029		
32	0.36744	750	-1.100789	-43.399818		
33	0.353883	750	-1.040806	-44.440624		
34	0.34063	750	-0.991073	-45.431696		
35	0.32768	750	-0.965887	-46.397584		
36	0.31503	750	-0.963827	-47.361411		
37	0.302677	750	-0.965125	-48.326536		
38	0.290619	750	-1.010727	-49.337263		
39	0.278855	750	-0.993549	-50.330811		
40	0.267381	750	-0.95831	-51.289122		
41	0.256195	750	-0.89813	-52.187252		
42	0.245294	750	-0.904523	-53.091774		
43	0.234677	750	-0.899611	-53.991385		
44	0.22434	750	-0.858871	-54.850256		
45	0.214281	750	-0.850201	-55.700457		
46	0.204498	750	-0.820875	-56.521332		
47	0.194988	750	-0.792235	-57.313567		
48	0.185749	750	-0.805937	-58.119504		
49	0.176777	750	-0.772728	-58.892231		
50	0.16807	750	-0.734103	-59.626334		
51	0.159626	750	-0.723196	-60.34953		
52	0.151441	750	-0.703015	-61.052545		
53	0.143514	750	-0.687014	-61.739559		
54	0.135841	750	-0.667815	-62.407373		
55	0.12842	750	-0.653999	-63.061372		
56	0.121247	750	-0.613088	-63.67446		
57	0.11432	750	-0.612098	-64.286558		
58	0.107637	750	-0.58355	-64.870109		
59	0.101193	750	-0.574539	-65.444648		
60	0.094986	750	-0.55574	-66.000388		
61	0.089014	750	-0.536922	-66.53731		
62	0.083273	750	-0.515322	-67.052632		
63	0.07776	750	-0.511175	-67.563807		
64	0.072472	750	-0.483794	-68.047601		
65	0.067406	750	-0.451199	-68.498799		
66	0.062558	750	-0.446618	-68.945418		
67	0.057926	750	-0.429986	-69.375403		
68	0.053506	750	-0.417148	-69.792551		
69	0.049295	750	-0.393891	-70.186442		
70	0.045289	750	-0.390976	-70.577418		
71	0.041485	750	-0.367196	-70.944614		
72	0.03788	750	-0.343742	-71.288356		
73	0.034469	750	-0.338729	-71.627085		
74	0.03125	750	-0.313811	-71.940896		
75	0.028218	750	-0.30953	-72.250426		
76	0.02537	750	-0.280332	-72.530758		
77	0.022702	750	-0.274566	-72.805324		
78	0.020209	750	-0.263143	-73.068467		
79	0.017889	750	-0.251549	-73.320016		
80	0.015736	750	-0.228778	-73.548794		
81	0.013746	750	-0.202334	-73.751127		
82	0.011916	750	-0.204785	-73.955912		
83	0.01024	750	-0.177336	-74.133249		
84	0.008714	750	-0.155877	-74.289126		
85	0.007334	750	-0.153828	-74.442954		
86	0.006093	750	-0.130813	-74.573767		
87	0.004988	750	-0.127543	-74.70131		
88	0.004013	750	-0.109132	-74.810443		
89	0.003162	750	-0.094602	-74.905045		
90	0.00243	750	-0.08378	-74.988825		
91	0.00181	750	-0.082172	-75.070997		
92	0.001296	750	-0.059225	-75.130222		
93	0.000882	750	-0.050054	-75.180276		
94	0.000559	750	-0.03546	-75.215736		
95	0.00032	750	-0.0268	-75.242535		
96	0.000156	750	-0.01811	-75.260645		
97	0.000057	750	-0.012781	-75.273427		
98	0.00001	750	-0.005565	-75.278991		
99	0	750	-0.00112	-75.280111		
Log marginal likelihood:	-75.280111					
0	0.975187	750	-2.115773	-2.115773		
1	0.950747	750	-2.114061	-4.229835		
2	0.926679	750	-2.084646	-6.314481		
3	0.90298	750	-2.026163	-8.340644		
4	0.879648	750	-2.015161	-10.355805		
5	0.856682	750	-1.95747	-12.313275		
6	0.834079	750	-1.965514	-14.278789		
7	0.811838	750	-1.901743	-16.180532		
8	0.789957	750	-1.91175	-18.092282		
9	0.768433	750	-1.873628	-19.96591		
10	0.747266	750	-1.836193	-21.802103		
11	0.726452	750	-1.794788	-23.596891		
12	0.705989	750	-1.791902	-25.388793		
13	0.685877	750	-1.746236	-27.135029		
14	0.666112	750	-1.685839	-28.820868		
15	0.646693	750	-1.697796	-30.518664		
16	0.627618	750	-1.650348	-32.169012		
17	0.608884	750	-1.647548	-33.81656		
18	0.59049	750	-1.592931	-35.409491		
19	0.572433	750	-1.581711	-36.991202		
20	0.554712	750	-1.536719	-38.52792		
21	0.537324	750	-1.51782	-40.045741		
22	0.520268	750	-1.497419	-41.543159		
23	0.50354	750	-1.469156	-43.012315		
24	0.487139	750	-1.44101	-44.453325		
25	0.471063	750	-1.408754	-45.862079		
26	0.45531	750	-1.38599	-47.248068		
27	0.439877	750	-1.363716	-48.611785		
28	0.424762	750	-1.339876	-49.95166		
29	0.409963	750	-1.31392	-51.265581		
30	0.395478	750	-1.278444	-52.544024		
31	0.381305	750	-1.25144	-53.795464		
32	0.36744	750	-1.216486	-55.011951		
33	0.353883	750	-1.202516	-56.214467		
34	0.34063	750	-1.17062	-57.385087		
35	0.32768	750	-1.145071	-58.530158		
36	0.31503	750	-1.128999	-59.659158		
37	0.302677	750	-1.098728	-60.757885		
38	0.290619	750	-1.078618	-61.836503		
39	0.278855	750	-1.046369	-62.882872		
40	0.267381	750	-1.0266	-63.909473		
41	0.256195	750	-1.004353	-64.913826		
42	0.245294	750	-0.971753	-65.885579		
43	0.234677	750	-0.947088	-66.832667		
44	0.22434	750	-0.927643	-67.76031		
45	0.214281	750	-0.906032	-68.666342		
46	0.204498	750	-0.883506	-69.549848		
47	0.194988	750	-0.862734	-70.412581		
48	0.185749	750	-0.84001	-71.252591		
49	0.176777	750	-0.815971	-72.068562		
50	0.16807	750	-0.795167	-72.863729		
51	0.159626	750	-0.768321	-73.63205		
52	0.151441	750	-0.752148	-74.384198		
53	0.143514	750	-0.728017	-75.112215		
54	0.135841	750	-0.697875	-75.81009		
55	0.12842	750	-0.69096	-76.50105		
56	0.121247	750	-0.658092	-77.159142		
57	0.11432	750	-0.644456	-77.803598		
58	0.107637	750	-0.620997	-78.424595		
59	0.101193	750	-0.606016	-79.030611		
60	0.094986	750	-0.578376	-79.608987		
61	0.089014	750	-0.566239	-80.175226		
62	0.083273	750	-0.560924	-80.73615		
63	0.07776	750	-0.520732	-81.256882		
64	0.072472	750	-0.507886	-81.764768		
65	0.067406	750	-0.49236	-82.257129		
66	0.062558	750	-0.472935	-82.730064		
67	0.057926	750	-0.45049	-83.180553		
68	0.053506	750	-0.439757	-83.62031		
69	0.049295	750	-0.416894	-84.037204		
70	0.045289	750	-0.398889	-84.436093		
71	0.041485	750	-0.381553	-84.817646		
72	0.03788	750	-0.369302	-85.186948		
73	0.034469	750	-0.344503	-85.531451		
74	0.03125	750	-0.323862	-85.855313		
75	0.028218	750	-0.312942	-86.168255		
76	0.02537	750	-0.285842	-86.454097		
77	0.022702	750	-0.285406	-86.739502		
78	0.020209	750	-0.263648	-87.003151		
79	0.017889	750	-0.2591	-87.26225		
80	0.015736	750	-0.24702	-87.509271		
81	0.013746	750	-0.218682	-87.727952		
82	0.011916	750	-0.213135	-87.941087		
83	0.01024	750	-0.19383	-88.134917		
84	0.008714	750	-0.1783	-88.313217		
85	0.007334	750	-0.156746	-88.469963		
86	0.006093	750	-0.147008	-88.616971		
87	0.004988	750	-0.125318	-88.742289		
88	0.004013	750	-0.107376	-88.849666		
89	0.003162	750	-0.103015	-88.95268		
90	0.00243	750	-0.089693	-89.042373		
91	0.00181	750	-0.074845	-89.117218		
92	0.001296	750	-0.061291	-89.17851		
93	0.000882	750	-0.04936	-89.227869		
94	0.000559	750	-0.037803	-89.265672		
95	0.00032	750	-0.028029	-89.293701		
96	0.000156	750	-0.019427	-89.313128		
97	0.000057	750	-0.011403	-89.324531		
98	0.00001	750	-0.006373	-89.330904		
99	0	750	-0.001156	-89.332061		
Log marginal likelihood:	-89.332061					
0	0.975187	750	-1.98036	-1.98036		
1	0.950747	750	-2.013709	-3.994069		
2	0.926679	750	-1.944439	-5.938508		
3	0.90298	750	-1.98668	-7.925188		
4	0.879648	750	-1.958118	-9.883306		
5	0.856682	750	-1.863509	-11.746815		
6	0.834079	750	-1.835791	-13.582606		
7	0.811838	750	-1.80538	-15.387986		
8	0.789957	750	-1.787207	-17.175192		
9	0.768433	750	-1.756998	-18.932191		
10	0.747266	750	-1.739505	-20.671696		
11	0.726452	750	-1.742384	-22.414081		
12	0.705989	750	-1.731505	-24.145586		
13	0.685877	750	-1.678388	-25.823974		
14	0.666112	750	-1.686003	-27.509977		
15	0.646693	750	-1.661715	-29.171692		
16	0.627618	750	-1.611473	-30.783166		
17	0.608884	750	-1.599072	-32.382238		
18	0.59049	750	-1.573984	-33.956222		
19	0.572433	750	-1.559453	-35.515675		
20	0.554712	750	-1.506847	-37.022521		
21	0.537324	750	-1.487492	-38.510013		
22	0.520268	750	-1.473329	-39.983342		
23	0.50354	750	-1.450716	-41.434059		
24	0.487139	750	-1.384991	-42.819049		
25	0.471063	750	-1.385524	-44.204573		
26	0.45531	750	-1.348161	-45.552734		
27	0.439877	750	-1.303411	-46.856145		
28	0.424762	750	-1.307453	-48.163598		
29	0.409963	750	-1.275345	-49.438943		
30	0.395478	750	-1.263266	-50.702209		
31	0.381305	750	-1.245726	-51.947935		
32	0.36744	750	-1.191874	-53.139809		
33	0.353883	750	-1.175408	-54.315217		
34	0.34063	750	-1.147552	-55.462769		
35	0.32768	750	-1.126377	-56.589146		
36	0.31503	750	-1.090758	-57.679903		
37	0.302677	750	-1.086882	-58.766786		
38	0.290619	750	-1.043157	-59.809943		
39	0.278855	750	-1.030733	-60.840676		
40	0.267381	750	-1.0103	-61.850976		
41	0.256195	750	-0.982423	-62.833399		
42	0.245294	750	-0.944454	-63.777853		
43	0.234677	750	-0.941473	-64.719326		
44	0.22434	750	-0.907062	-65.626388		
45	0.214281	750	-0.8875	-66.513888		
46	0.204498	750	-0.876149	-67.390037		
47	0.194988	750	-0.841446	-68.231483		
48	0.185749	750	-0.821225	-69.052708		
49	0.176777	750	-0.79752	-69.850228		
50	0.16807	750	-0.773536	-70.623764		
51	0.159626	750	-0.765583	-71.389347		
52	0.151441	750	-0.736195	-72.125541		
53	0.143514	750	-0.725787	-72.851328		
54	0.135841	750	-0.693184	-73.544512		
55	0.12842	750	-0.668858	-74.21337		
56	0.121247	750	-0.654933	-74.868303		
57	0.11432	750	-0.634651	-75.502954		
58	0.107637	750	-0.60784	-76.110794		
59	0.101193	750	-0.59897	-76.709764		
60	0.094986	750	-0.566502	-77.276266		
61	0.089014	750	-0.559519	-77.835785		
62	0.083273	750	-0.544304	-78.380089		
63	0.07776	750	-0.512546	-78.892634		
64	0.072472	750	-0.510515	-79.40315		
65	0.067406	750	-0.495271	-79.898421		
66	0.062558	750	-0.457576	-80.355997		
67	0.057926	750	-0.453952	-80.809948		
68	0.053506	750	-0.424047	-81.233995		
69	0.049295	750	-0.412187	-81.646182		
70	0.045289	750	-0.402869	-82.049051		
71	0.041485	750	-0.372861	-82.421912		
72	0.03788	750	-0.358186	-82.780098		
73	0.034469	750	-0.345552	-83.12565		
74	0.03125	750	-0.327435	-83.453085		
75	0.028218	750	-0.313208	-83.766293		
76	0.02537	750	-0.296478	-84.062771		
77	0.022702	750	-0.286855	-84.349625		
78	0.020209	750	-0.25993	-84.609555		
79	0.017889	750	-0.250513	-84.860069		
80	0.015736	750	-0.226912	-85.086981		
81	0.013746	750	-0.214585	-85.301566		
82	0.011916	750	-0.211327	-85.512893		
83	0.01024	750	-0.182637	-85.695529		
84	0.008714	750	-0.168879	-85.864409		
85	0.007334	750	-0.153862	-86.01827		
86	0.006093	750	-0.143207	-86.161478		
87	0.004988	750	-0.1213	-86.282778		
88	0.004013	750	-0.110749	-86.393527		
89	0.003162	750	-0.095498	-86.489025		
90	0.00243	750	-0.091821	-86.580846		
91	0.00181	750	-0.077492	-86.658338		
92	0.001296	750	-0.060409	-86.718747		
93	0.000882	750	-0.046618	-86.765364		
94	0.000559	750	-0.038239	-86.803603		
95	0.00032	750	-0.031012	-86.834615		
96	0.000156	750	-0.02019	-86.854805		
97	0.000057	750	-0.011431	-86.866236		
98	0.00001	750	-0.00571	-86.871946		
99	0	750	-0.001362	-86.873308		
Log marginal likelihood:	-86.873308					
0	0.975187	750	-2.006276	-2.006276		
1	0.950747	750	-1.915008	-3.921284		
2	0.926679	750	-1.926983	-5.848267		
3	0.90298	750	-1.857263	-7.70553		
4	0.879648	750	-1.868977	-9.574508		
5	0.856682	750	-1.810897	-11.385404		
6	0.834079	750	-1.780158	-13.165562		
7	0.811838	750	-1.798354	-14.963916		
8	0.789957	750	-1.731793	-16.695708		
9	0.768433	750	-1.754834	-18.450543		
10	0.747266	750	-1.726449	-20.176991		
11	0.726452	750	-1.647289	-21.824281		
12	0.705989	750	-1.639814	-23.464095		
13	0.685877	750	-1.69926	-25.163355		
14	0.666112	750	-1.584151	-26.747506		
15	0.646693	750	-1.566587	-28.314093		
16	0.627618	750	-1.519757	-29.83385		
17	0.608884	750	-1.505925	-31.339775		
18	0.59049	750	-1.566019	-32.905794		
19	0.572433	750	-1.516795	-34.422589		
20	0.554712	750	-1.421384	-35.843974		
21	0.537324	750	-1.501301	-37.345274		
22	0.520268	750	-1.444828	-38.790102		
23	0.50354	750	-1.343981	-40.134083		
24	0.487139	750	-1.404035	-41.538118		
25	0.471063	750	-1.299673	-42.837791		
26	0.45531	750	-1.339138	-44.176929		
27	0.439877	750	-1.302874	-45.479803		
28	0.424762	750	-1.324855	-46.804659		
29	0.409963	750	-1.256317	-48.060976		
30	0.395478	750	-1.273295	-49.334271		
31	0.381305	750	-1.196314	-50.530585		
32	0.36744	750	-1.197432	-51.728017		
33	0.353883	750	-1.13588	-52.863897		
34	0.34063	750	-1.139093	-54.002991		
35	0.32768	750	-1.108277	-55.111268		
36	0.31503	750	-1.108535	-56.219803		
37	0.302677	750	-1.075198	-57.295001		
38	0.290619	750	-1.043247	-58.338249		
39	0.278855	750	-1.040076	-59.378325		
40	0.267381	750	-1.014198	-60.392522		
41	0.256195	750	-0.974591	-61.367113		
42	0.245294	750	-0.962323	-62.329436		
43	0.234677	750	-0.933486	-63.262922		
44	0.22434	750	-0.914769	-64.177691		
45	0.214281	750	-0.895621	-65.073312		
46	0.204498	750	-0.86923	-65.942541		
47	0.194988	750	-0.852129	-66.794671		
48	0.185749	750	-0.838405	-67.633075		
49	0.176777	750	-0.818307	-68.451383		
50	0.16807	750	-0.77271	-69.224093		
51	0.159626	750	-0.770264	-69.994356		
52	0.151441	750	-0.743216	-70.737572		
53	0.143514	750	-0.717216	-71.454788		
54	0.135841	750	-0.701637	-72.156425		
55	0.12842	750	-0.67532	-72.831745		
56	0.121247	750	-0.664561	-73.496306		
57	0.11432	750	-0.649934	-74.14624		
58	0.107637	750	-0.619386	-74.765626		
59	0.101193	750	-0.603224	-75.36885		
60	0.094986	750	-0.575316	-75.944166		
61	0.089014	750	-0.55502	-76.499186		
62	0.083273	750	-0.548015	-77.047201		
63	0.07776	750	-0.522594	-77.569795		
64	0.072472	750	-0.498608	-78.068404		
65	0.067406	750	-0.481531	-78.549935		
66	0.062558	750	-0.457156	-79.007091		
67	0.057926	750	-0.449241	-79.456332		
68	0.053506	750	-0.427178	-79.88351		
69	0.049295	750	-0.421106	-80.304615		
70	0.045289	750	-0.395578	-80.700194		
71	0.041485	750	-0.379853	-81.080047		
72	0.03788	750	-0.354253	-81.4343		
73	0.034469	750	-0.335499	-81.769798		
74	0.03125	750	-0.338137	-82.107935		
75	0.028218	750	-0.311137	-82.419072		
76	0.02537	750	-0.295377	-82.714449		
77	0.022702	750	-0.292732	-83.007181		
78	0.020209	750	-0.260227	-83.267407		
79	0.017889	750	-0.246074	-83.513481		
80	0.015736	750	-0.221985	-83.735466		
81	0.013746	750	-0.234623	-83.970089		
82	0.011916	750	-0.196571	-84.16666		
83	0.01024	750	-0.196266	-84.362926		
84	0.008714	750	-0.173609	-84.536534		
85	0.007334	750	-0.156888	-84.693422		
86	0.006093	750	-0.134743	-84.828165		
87	0.004988	750	-0.127031	-84.955196		
88	0.004013	750	-0.112723	-85.067919		
89	0.003162	750	-0.097247	-85.165167		
90	0.00243	750	-0.082676	-85.247843		
91	0.00181	750	-0.073764	-85.321607		
92	0.001296	750	-0.059003	-85.38061		
93	0.000882	750	-0.046922	-85.427532		
94	0.000559	750	-0.037134	-85.464666		
95	0.00032	750	-0.029853	-85.494519		
96	0.000156	750	-0.019833	-85.514352		
97	0.000057	750	-0.011958	-85.526311		
98	0.00001	750	-0.005644	-85.531954		
99	0	750	-0.001221	-85.533175		
Log marginal likelihood:	-85.533175					
0	0.975187	750	-1.82754	-1.82754		
1	0.950747	750	-1.798758	-3.626297		
2	0.926679	750	-1.771432	-5.397729		
3	0.90298	750	-1.746861	-7.144591		
4	0.879648	750	-1.736575	-8.881165		
5	0.856682	750	-1.694024	-10.575189		
6	0.834079	750	-1.666503	-12.241692		
7	0.811838	750	-1.650444	-13.892137		
8	0.789957	750	-1.674682	-15.566818		
9	0.768433	750	-1.589053	-17.155871		
10	0.747266	750	-1.566558	-18.722429		
11	0.726452	750	-1.541756	-20.264185		
12	0.705989	750	-1.530336	-21.794521		
13	0.685877	750	-1.513655	-23.308176		
14	0.666112	750	-1.476067	-24.784243		
15	0.646693	750	-1.458992	-26.243235		
16	0.627618	750	-1.469651	-27.712887		
17	0.608884	750	-1.407646	-29.120533		
18	0.59049	750	-1.394571	-30.515104		
19	0.572433	750	-1.387663	-31.902767		
20	0.554712	750	-1.341882	-33.244649		
21	0.537324	750	-1.358167	-34.602816		
22	0.520268	750	-1.355624	-35.958441		
23	0.50354	750	-1.277629	-37.23607		
24	0.487139	750	-1.248927	-38.484997		
25	0.471063	750	-1.244382	-39.729379		
26	0.45531	750	-1.250905	-40.980284		
27	0.439877	750	-1.247391	-42.227675		
28	0.424762	750	-1.239962	-43.467637		
29	0.409963	750	-1.160615	-44.628252		
30	0.395478	750	-1.178554	-45.806806		
31	0.381305	750	-1.09929	-46.906096		
32	0.36744	750	-1.126539	-48.032635		
33	0.353883	750	-1.111096	-49.143732		
34	0.34063	750	-1.070696	-50.214428		
35	0.32768	750	-1.098894	-51.313322		
36	0.31503	750	-1.07963	-52.392951		
37	0.302677	750	-1.048299	-53.44125		
38	0.290619	750	-1.009423	-54.450673		
39	0.278855	750	-1.002365	-55.453038		
40	0.267381	750	-0.953944	-56.406982		
41	0.256195	750	-0.973616	-57.380598		
42	0.245294	750	-0.926093	-58.306691		
43	0.234677	750	-0.915545	-59.222236		
44	0.22434	750	-0.890638	-60.112874		
45	0.214281	750	-0.851739	-60.964613		
46	0.204498	750	-0.850292	-61.814904		
47	0.194988	750	-0.809337	-62.624242		
48	0.185749	750	-0.790064	-63.414306		
49	0.176777	750	-0.791	-64.205306		
50	0.16807	750	-0.755678	-64.960984		
51	0.159626	750	-0.742619	-65.703603		
52	0.151441	750	-0.720815	-66.424418		
53	0.143514	750	-0.691885	-67.116303		
54	0.135841	750	-0.680323	-67.796627		
55	0.12842	750	-0.654024	-68.45065		
56	0.121247	750	-0.638352	-69.089002		
57	0.11432	750	-0.614327	-69.703329		
58	0.107637	750	-0.598951	-70.302281		
59	0.101193	750	-0.578712	-70.880993		
60	0.094986	750	-0.556244	-71.437237		
61	0.089014	750	-0.551747	-71.988983		
62	0.083273	750	-0.513479	-72.502462		
63	0.07776	750	-0.511495	-73.013957		
64	0.072472	750	-0.497097	-73.511054		
65	0.067406	750	-0.462935	-73.973989		
66	0.062558	750	-0.452357	-74.426346		
67	0.057926	750	-0.432505	-74.858851		
68	0.053506	750	-0.414953	-75.273804		
69	0.049295	750	-0.403664	-75.677468		
70	0.045289	750	-0.384871	-76.062339		
71	0.041485	750	-0.361921	-76.42426		
72	0.03788	750	-0.346155	-76.770416		
73	0.034469	750	-0.328498	-77.098914		
74	0.03125	750	-0.317717	-77.41663		
75	0.028218	750	-0.302584	-77.719214		
76	0.02537	750	-0.284651	-78.003865		
77	0.022702	750	-0.277504	-78.281369		
78	0.020209	750	-0.25136	-78.53273		
79	0.017889	750	-0.238177	-78.770906		
80	0.015736	750	-0.218798	-78.989704		
81	0.013746	750	-0.205059	-79.194764		
82	0.011916	750	-0.196701	-79.391465		
83	0.01024	750	-0.179189	-79.570654		
84	0.008714	750	-0.162312	-79.732966		
85	0.007334	750	-0.151889	-79.884855		
86	0.006093	750	-0.131338	-80.016193		
87	0.004988	750	-0.125099	-80.141292		
88	0.004013	750	-0.104327	-80.245619		
89	0.003162	750	-0.107384	-80.353003		
90	0.00243	750	-0.080388	-80.43339		
91	0.00181	750	-0.072533	-80.505923		
92	0.001296	750	-0.070038	-80.575962		
93	0.000882	750	-0.04785	-80.623811		
94	0.000559	750	-0.037835	-80.661646		
95	0.00032	750	-0.027383	-80.689029		
96	0.000156	750	-0.019322	-80.708351		
97	0.000057	750	-0.011067	-80.719419		
98	0.00001	750	-0.005207	-80.724625		
99	0	750	-0.001129	-80.725754		
Log marginal likelihood:	-80.725754					
0	0.975187	750	-1.977249	-1.977249		
1	0.950747	750	-1.949566	-3.926815		
2	0.926679	750	-1.932008	-5.858823		
3	0.90298	750	-1.891516	-7.75034		
4	0.879648	750	-1.880861	-9.631201		
5	0.856682	750	-1.861397	-11.492598		
6	0.834079	750	-1.845659	-13.338257		
7	0.811838	750	-1.812597	-15.150854		
8	0.789957	750	-1.787662	-16.938517		
9	0.768433	750	-1.760426	-18.698942		
10	0.747266	750	-1.719058	-20.418		
11	0.726452	750	-1.779446	-22.197446		
12	0.705989	750	-1.715903	-23.913349		
13	0.685877	750	-1.619841	-25.533189		
14	0.666112	750	-1.605811	-27.139001		
15	0.646693	750	-1.563764	-28.702765		
16	0.627618	750	-1.541413	-30.244177		
17	0.608884	750	-1.548022	-31.792199		
18	0.59049	750	-1.567805	-33.360004		
19	0.572433	750	-1.547076	-34.90708		
20	0.554712	750	-1.502021	-36.409101		
21	0.537324	750	-1.460187	-37.869288		
22	0.520268	750	-1.407713	-39.277		
23	0.50354	750	-1.419785	-40.696785		
24	0.487139	750	-1.441516	-42.138301		
25	0.471063	750	-1.393806	-43.532107		
26	0.45531	750	-1.362717	-44.894824		
27	0.439877	750	-1.358983	-46.253808		
28	0.424762	750	-1.266914	-47.520722		
29	0.409963	750	-1.288643	-48.809365		
30	0.395478	750	-1.239809	-50.049174		
31	0.381305	750	-1.220625	-51.269799		
32	0.36744	750	-1.203864	-52.473663		
33	0.353883	750	-1.201953	-53.675616		
34	0.34063	750	-1.175875	-54.851491		
35	0.32768	750	-1.138072	-55.989563		
36	0.31503	750	-1.140433	-57.129996		
37	0.302677	750	-1.078563	-58.208559		
38	0.290619	750	-1.07096	-59.279519		
39	0.278855	750	-1.056093	-60.335613		
40	0.267381	750	-1.005841	-61.341454		
41	0.256195	750	-1.002998	-62.344452		
42	0.245294	750	-0.970026	-63.314478		
43	0.234677	750	-0.95674	-64.271218		
44	0.22434	750	-0.927982	-65.1992		
45	0.214281	750	-0.883934	-66.083134		
46	0.204498	750	-0.890691	-66.973825		
47	0.194988	750	-0.868379	-67.842204		
48	0.185749	750	-0.828492	-68.670696		
49	0.176777	750	-0.818206	-69.488902		
50	0.16807	750	-0.792609	-70.281511		
51	0.159626	750	-0.763832	-71.045343		
52	0.151441	750	-0.745936	-71.791279		
53	0.143514	750	-0.72516	-72.516439		
54	0.135841	750	-0.715503	-73.231942		
55	0.12842	750	-0.6857	-73.917642		
56	0.121247	750	-0.666832	-74.584475		
57	0.11432	750	-0.652981	-75.237456		
58	0.107637	750	-0.631813	-75.869269		
59	0.101193	750	-0.615397	-76.484666		
60	0.094986	750	-0.579783	-77.064449		
61	0.089014	750	-0.558668	-77.623117		
62	0.083273	750	-0.550389	-78.173506		
63	0.07776	750	-0.532389	-78.705895		
64	0.072472	750	-0.51181	-79.217706		
65	0.067406	750	-0.492207	-79.709913		
66	0.062558	750	-0.468503	-80.178416		
67	0.057926	750	-0.459233	-80.637649		
68	0.053506	750	-0.434457	-81.072105		
69	0.049295	750	-0.415814	-81.487919		
70	0.045289	750	-0.392718	-81.880637		
71	0.041485	750	-0.381907	-82.262544		
72	0.03788	750	-0.374363	-82.636907		
73	0.034469	750	-0.343516	-82.980423		
74	0.03125	750	-0.335448	-83.315871		
75	0.028218	750	-0.316455	-83.632327		
76	0.02537	750	-0.292984	-83.925311		
77	0.022702	750	-0.282059	-84.20737		
78	0.020209	750	-0.269975	-84.477345		
79	0.017889	750	-0.243639	-84.720984		
80	0.015736	750	-0.240431	-84.961415		
81	0.013746	750	-0.22735	-85.188765		
82	0.011916	750	-0.193013	-85.381778		
83	0.01024	750	-0.180183	-85.561961		
84	0.008714	750	-0.174471	-85.736431		
85	0.007334	750	-0.154228	-85.89066		
86	0.006093	750	-0.137672	-86.028331		
87	0.004988	750	-0.12208	-86.150412		
88	0.004013	750	-0.122708	-86.27312		
89	0.003162	750	-0.100984	-86.374103		
90	0.00243	750	-0.084285	-86.458389		
91	0.00181	750	-0.074195	-86.532584		
92	0.001296	750	-0.061615	-86.594199		
93	0.000882	750	-0.049994	-86.644193		
94	0.000559	750	-0.035773	-86.679966		
95	0.00032	750	-0.031199	-86.711165		
96	0.000156	750	-0.019448	-86.730613		
97	0.000057	750	-0.012234	-86.742847		
98	0.00001	750	-0.005328	-86.748175		
99	0	750	-0.001224	-86.749399		
Log marginal likelihood:	-86.749399					
0	0.975187	750	-1.914068	-1.914068		
1	0.950747	750	-1.884747	-3.798814		
2	0.926679	750	-1.859825	-5.65864		
3	0.90298	750	-1.831677	-7.490316		
4	0.879648	750	-1.803475	-9.293791		
5	0.856682	750	-1.771533	-11.065324		
6	0.834079	750	-1.748517	-12.813841		
7	0.811838	750	-1.729409	-14.54325		
8	0.789957	750	-1.72422	-16.267469		
9	0.768433	750	-1.683274	-17.950743		
10	0.747266	750	-1.653062	-19.603805		
11	0.726452	750	-1.61058	-21.214385		
12	0.705989	750	-1.589591	-22.803976		
13	0.685877	750	-1.565636	-24.369612		
14	0.666112	750	-1.546748	-25.91636		
15	0.646693	750	-1.532118	-27.448478		
16	0.627618	750	-1.52284	-28.971319		
17	0.608884	750	-1.50775	-30.479069		
18	0.59049	750	-1.441072	-31.920141		
19	0.572433	750	-1.423708	-33.343849		
20	0.554712	750	-1.409047	-34.752896		
21	0.537324	750	-1.419563	-36.172459		
22	0.520268	750	-1.374321	-37.546779		
23	0.50354	750	-1.326467	-38.873246		
24	0.487139	750	-1.318514	-40.19176		
25	0.471063	750	-1.307584	-41.499344		
26	0.45531	750	-1.270638	-42.769982		
27	0.439877	750	-1.311687	-44.081669		
28	0.424762	750	-1.257155	-45.338825		
29	0.409963	750	-1.25757	-46.596395		
30	0.395478	750	-1.251756	-47.848151		
31	0.381305	750	-1.198662	-49.046813		
32	0.36744	750	-1.136109	-50.182922		
33	0.353883	750	-1.111712	-51.294634		
34	0.34063	750	-1.12479	-52.419423		
35	0.32768	750	-1.102667	-53.52209		
36	0.31503	750	-1.091949	-54.61404		
37	0.302677	750	-1.039715	-55.653754		
38	0.290619	750	-1.028263	-56.682017		
39	0.278855	750	-1.001552	-57.683569		
40	0.267381	750	-0.992345	-58.675914		
41	0.256195	750	-0.951354	-59.627269		
42	0.245294	750	-0.951046	-60.578314		
43	0.234677	750	-0.912734	-61.491048		
44	0.22434	750	-0.902474	-62.393522		
45	0.214281	750	-0.86298	-63.256502		
46	0.204498	750	-0.840983	-64.097485		
47	0.194988	750	-0.848884	-64.946369		
48	0.185749	750	-0.809369	-65.755738		
49	0.176777	750	-0.789629	-66.545367		
50	0.16807	750	-0.781586	-67.326953		
51	0.159626	750	-0.75313	-68.080083		
52	0.151441	750	-0.7359	-68.815983		
53	0.143514	750	-0.718804	-69.534787		
54	0.135841	750	-0.685667	-70.220454		
55	0.12842	750	-0.670682	-70.891136		
56	0.121247	750	-0.641941	-71.533077		
57	0.11432	750	-0.626876	-72.159953		
58	0.107637	750	-0.617736	-72.777688		
59	0.101193	750	-0.586661	-73.36435		
60	0.094986	750	-0.576318	-73.940668		
61	0.089014	750	-0.541548	-74.482216		
62	0.083273	750	-0.530215	-75.012431		
63	0.07776	750	-0.512793	-75.525224		
64	0.072472	750	-0.507425	-76.032649		
65	0.067406	750	-0.483442	-76.516091		
66	0.062558	750	-0.462326	-76.978416		
67	0.057926	750	-0.44777	-77.426187		
68	0.053506	750	-0.428002	-77.854188		
69	0.049295	750	-0.426831	-78.28102		
70	0.045289	750	-0.385628	-78.666648		
71	0.041485	750	-0.378562	-79.04521		
72	0.03788	750	-0.350357	-79.395567		
73	0.034469	750	-0.345514	-79.741081		
74	0.03125	750	-0.328897	-80.069978		
75	0.028218	750	-0.309174	-80.379151		
76	0.02537	750	-0.308592	-80.687744		
77	0.022702	750	-0.286122	-80.973866		
78	0.020209	750	-0.263247	-81.237113		
79	0.017889	750	-0.237238	-81.474351		
80	0.015736	750	-0.233739	-81.70809		
81	0.013746	750	-0.207845	-81.915935		
82	0.011916	750	-0.194294	-82.110229		
83	0.01024	750	-0.198703	-82.308932		
84	0.008714	750	-0.165301	-82.474233		
85	0.007334	750	-0.160159	-82.634392		
86	0.006093	750	-0.138449	-82.772841		
87	0.004988	750	-0.12768	-82.900521		
88	0.004013	750	-0.106712	-83.007233		
89	0.003162	750	-0.099283	-83.106516		
90	0.00243	750	-0.080985	-83.187501		
91	0.00181	750	-0.072821	-83.260322		
92	0.001296	750	-0.062014	-83.322336		
93	0.000882	750	-0.056884	-83.37922		
94	0.000559	750	-0.040413	-83.419633		
95	0.00032	750	-0.027237	-83.446871		
96	0.000156	750	-0.019208	-83.466079		
97	0.000057	750	-0.011073	-83.477152		
98	0.00001	750	-0.004986	-83.482138		
99	0	750	-0.001146	-83.483285		
Log marginal likelihood:	-83.483285					
0	0.975187	750	-1.860335	-1.860335		
1	0.950747	750	-1.858131	-3.718467		
2	0.926679	750	-1.833814	-5.55228		
3	0.90298	750	-1.797953	-7.350233		
4	0.879648	750	-1.761951	-9.112183		
5	0.856682	750	-1.735595	-10.847779		
6	0.834079	750	-1.731442	-12.579221		
7	0.811838	750	-1.669571	-14.248792		
8	0.789957	750	-1.679141	-15.927933		
9	0.768433	750	-1.641466	-17.569399		
10	0.747266	750	-1.641748	-19.211147		
11	0.726452	750	-1.573081	-20.784228		
12	0.705989	750	-1.577074	-22.361303		
13	0.685877	750	-1.5486	-23.909903		
14	0.666112	750	-1.538643	-25.448545		
15	0.646693	750	-1.566393	-27.014938		
16	0.627618	750	-1.503117	-28.518055		
17	0.608884	750	-1.526209	-30.044265		
18	0.59049	750	-1.420928	-31.465193		
19	0.572433	750	-1.395153	-32.860346		
20	0.554712	750	-1.41842	-34.278766		
21	0.537324	750	-1.354217	-35.632983		
22	0.520268	750	-1.341915	-36.974898		
23	0.50354	750	-1.309049	-38.283948		
24	0.487139	750	-1.382908	-39.666855		
25	0.471063	750	-1.295937	-40.962792		
26	0.45531	750	-1.252766	-42.215557		
27	0.439877	750	-1.237874	-43.453431		
28	0.424762	750	-1.245148	-44.698579		
29	0.409963	750	-1.236616	-45.935195		
30	0.395478	750	-1.207449	-47.142644		
31	0.381305	750	-1.121731	-48.264375		
32	0.36744	750	-1.118383	-49.382757		
33	0.353883	750	-1.098797	-50.481554		
34	0.34063	750	-1.054057	-51.535611		
35	0.32768	750	-1.144342	-52.679954		
36	0.31503	750	-1.063398	-53.743352		
37	0.302677	750	-1.071758	-54.81511		
38	0.290619	750	-1.008733	-55.823843		
39	0.278855	750	-0.998931	-56.822774		
40	0.267381	750	-0.983588	-57.806361		
41	0.256195	750	-0.898921	-58.705283		
42	0.245294	750	-0.914508	-59.619791		
43	0.234677	750	-0.908296	-60.528087		
44	0.22434	750	-0.906209	-61.434296		
45	0.214281	750	-0.8851	-62.319396		
46	0.204498	750	-0.882498	-63.201895		
47	0.194988	750	-0.827639	-64.029534		
48	0.185749	750	-0.824136	-64.85367		
49	0.176777	750	-0.787337	-65.641007		
50	0.16807	750	-0.756151	-66.397158		
51	0.159626	750	-0.746572	-67.14373		
52	0.151441	750	-0.740445	-67.884175		
53	0.143514	750	-0.71614	-68.600315		
54	0.135841	750	-0.698674	-69.298989		
55	0.12842	750	-0.679844	-69.978832		
56	0.121247	750	-0.657003	-70.635835		
57	0.11432	750	-0.624231	-71.260066		
58	0.107637	750	-0.627146	-71.887212		
59	0.101193	750	-0.599044	-72.486256		
60	0.094986	750	-0.578521	-73.064777		
61	0.089014	750	-0.564282	-73.629059		
62	0.083273	750	-0.54508	-74.17414		
63	0.07776	750	-0.525141	-74.69928		
64	0.072472	750	-0.492649	-75.191929		
65	0.067406	750	-0.476866	-75.668795		
66	0.062558	750	-0.47109	-76.139885		
67	0.057926	750	-0.437569	-76.577453		
68	0.053506	750	-0.422536	-76.99999		
69	0.049295	750	-0.417387	-77.417376		
70	0.045289	750	-0.400489	-77.817865		
71	0.041485	750	-0.382406	-78.200271		
72	0.03788	750	-0.361814	-78.562085		
73	0.034469	750	-0.34342	-78.905505		
74	0.03125	750	-0.330095	-79.2356		
75	0.028218	750	-0.306827	-79.542427		
76	0.02537	750	-0.291118	-79.833544		
77	0.022702	750	-0.276802	-80.110346		
78	0.020209	750	-0.261202	-80.371548		
79	0.017889	750	-0.237632	-80.60918		
80	0.015736	750	-0.233569	-80.842749		
81	0.013746	750	-0.217649	-81.060398		
82	0.011916	750	-0.202603	-81.263001		
83	0.01024	750	-0.180601	-81.443602		
84	0.008714	750	-0.170617	-81.614218		
85	0.007334	750	-0.162844	-81.777062		
86	0.006093	750	-0.138307	-81.915369		
87	0.004988	750	-0.128209	-82.043578		
88	0.004013	750	-0.116358	-82.159936		
89	0.003162	750	-0.100442	-82.260378		
90	0.00243	750	-0.085873	-82.346251		
91	0.00181	750	-0.071438	-82.417689		
92	0.001296	750	-0.060036	-82.477725		
93	0.000882	750	-0.04702	-82.524744		
94	0.000559	750	-0.038768	-82.563513		
95	0.00032	750	-0.028273	-82.591785		
96	0.000156	750	-0.019224	-82.61101		
97	0.000057	750	-0.012326	-82.623336		
98	0.00001	750	-0.005392	-82.628727		
99	0	750	-0.001253	-82.62998		
Log marginal likelihood:	-82.62998					
0	0.975187	750	-2.143451	-2.143451		
1	0.950747	750	-2.165826	-4.309278		
2	0.926679	750	-2.103342	-6.41262		
3	0.90298	750	-2.09881	-8.51143		
4	0.879648	750	-1.998554	-10.509984		
5	0.856682	750	-2.038489	-12.548473		
6	0.834079	750	-1.928685	-14.477159		
7	0.811838	750	-1.899294	-16.376453		
8	0.789957	750	-1.891953	-18.268406		
9	0.768433	750	-1.908443	-20.17685		
10	0.747266	750	-1.846638	-22.023487		
11	0.726452	750	-1.848552	-23.872039		
12	0.705989	750	-1.822948	-25.694987		
13	0.685877	750	-1.777585	-27.472572		
14	0.666112	750	-1.747514	-29.220086		
15	0.646693	750	-1.725658	-30.945744		
16	0.627618	750	-1.686364	-32.632108		
17	0.608884	750	-1.645897	-34.278005		
18	0.59049	750	-1.579651	-35.857656		
19	0.572433	750	-1.605457	-37.463113		
20	0.554712	750	-1.585025	-39.048138		
21	0.537324	750	-1.534734	-40.582872		
22	0.520268	750	-1.513703	-42.096575		
23	0.50354	750	-1.489965	-43.586539		
24	0.487139	750	-1.463158	-45.049698		
25	0.471063	750	-1.439036	-46.488734		
26	0.45531	750	-1.41007	-47.898803		
27	0.439877	750	-1.381829	-49.280633		
28	0.424762	750	-1.350062	-50.630695		
29	0.409963	750	-1.323661	-51.954355		
30	0.395478	750	-1.304446	-53.258801		
31	0.381305	750	-1.271681	-54.530482		
32	0.36744	750	-1.250739	-55.781221		
33	0.353883	750	-1.216831	-56.998052		
34	0.34063	750	-1.196143	-58.194196		
35	0.32768	750	-1.16827	-59.362465		
36	0.31503	750	-1.144163	-60.506628		
37	0.302677	750	-1.105967	-61.612595		
38	0.290619	750	-1.071952	-62.684548		
39	0.278855	750	-1.064549	-63.749096		
40	0.267381	750	-1.033158	-64.782255		
41	0.256195	750	-1.024628	-65.806882		
42	0.245294	750	-0.994628	-66.80151		
43	0.234677	750	-0.975731	-67.777241		
44	0.22434	750	-0.946213	-68.723455		
45	0.214281	750	-0.923373	-69.646828		
46	0.204498	750	-0.895503	-70.542331		
47	0.194988	750	-0.873855	-71.416186		
48	0.185749	750	-0.851906	-72.268092		
49	0.176777	750	-0.822267	-73.090359		
50	0.16807	750	-0.803751	-73.894109		
51	0.159626	750	-0.781987	-74.676097		
52	0.151441	750	-0.755615	-75.431711		
53	0.143514	750	-0.749058	-76.180769		
54	0.135841	750	-0.716063	-76.896832		
55	0.12842	750	-0.698349	-77.595181		
56	0.121247	750	-0.677128	-78.272308		
57	0.11432	750	-0.657354	-78.929663		
58	0.107637	750	-0.638459	-79.568122		
59	0.101193	750	-0.619374	-80.187496		
60	0.094986	750	-0.590245	-80.777741		
61	0.089014	750	-0.565381	-81.343122		
62	0.083273	750	-0.562178	-81.905301		
63	0.07776	750	-0.541825	-82.447125		
64	0.072472	750	-0.511654	-82.958779		
65	0.067406	750	-0.493675	-83.452455		
66	0.062558	750	-0.472253	-83.924708		
67	0.057926	750	-0.47043	-84.395138		
68	0.053506	750	-0.449173	-84.844311		
69	0.049295	750	-0.42392	-85.268231		
70	0.045289	750	-0.400205	-85.668436		
71	0.041485	750	-0.385592	-86.054028		
72	0.03788	750	-0.370037	-86.424064		
73	0.034469	750	-0.351504	-86.775569		
74	0.03125	750	-0.32939	-87.104959		
75	0.028218	750	-0.315436	-87.420394		
76	0.02537	750	-0.294426	-87.71482		
77	0.022702	750	-0.277875	-87.992695		
78	0.020209	750	-0.263515	-88.25621		
79	0.017889	750	-0.243916	-88.500125		
80	0.015736	750	-0.243157	-88.743282		
81	0.013746	750	-0.229755	-88.973037		
82	0.011916	750	-0.197264	-89.170301		
83	0.01024	750	-0.188846	-89.359147		
84	0.008714	750	-0.171149	-89.530296		
85	0.007334	750	-0.161616	-89.691912		
86	0.006093	750	-0.146674	-89.838586		
87	0.004988	750	-0.128695	-89.967281		
88	0.004013	750	-0.116813	-90.084094		
89	0.003162	750	-0.105706	-90.1898		
90	0.00243	750	-0.087517	-90.277316		
91	0.00181	750	-0.077282	-90.354598		
92	0.001296	750	-0.062781	-90.417379		
93	0.000882	750	-0.047952	-90.465331		
94	0.000559	750	-0.038872	-90.504202		
95	0.00032	750	-0.03056	-90.534762		
96	0.000156	750	-0.019657	-90.554419		
97	0.000057	750	-0.012283	-90.566702		
98	0.00001	750	-0.005704	-90.572406		
99	0	750	-0.001295	-90.573701		
Log marginal likelihood:	-90.573701					
0	0.975187	750	-2.077812	-2.077812		
1	0.950747	750	-2.006418	-4.08423		
2	0.926679	750	-2.054157	-6.138387		
3	0.90298	750	-1.943319	-8.081706		
4	0.879648	750	-1.950563	-10.03227		
5	0.856682	750	-1.914464	-11.946734		
6	0.834079	750	-1.897086	-13.843819		
7	0.811838	750	-1.881429	-15.725249		
8	0.789957	750	-1.865145	-17.590393		
9	0.768433	750	-1.826627	-19.417021		
10	0.747266	750	-1.762331	-21.179352		
11	0.726452	750	-1.768753	-22.948104		
12	0.705989	750	-1.710446	-24.65855		
13	0.685877	750	-1.679087	-26.337638		
14	0.666112	750	-1.701906	-28.039544		
15	0.646693	750	-1.611325	-29.650868		
16	0.627618	750	-1.61068	-31.261549		
17	0.608884	750	-1.578654	-32.840202		
18	0.59049	750	-1.560735	-34.400938		
19	0.572433	750	-1.540293	-35.94123		
20	0.554712	750	-1.517377	-37.458607		
21	0.537324	750	-1.47451	-38.933117		
22	0.520268	750	-1.438346	-40.371462		
23	0.50354	750	-1.429781	-41.801243		
24	0.487139	750	-1.407743	-43.208986		
25	0.471063	750	-1.386288	-44.595274		
26	0.45531	750	-1.335369	-45.930643		
27	0.439877	750	-1.310341	-47.240984		
28	0.424762	750	-1.30164	-48.542624		
29	0.409963	750	-1.273071	-49.815695		
30	0.395478	750	-1.246608	-51.062303		
31	0.381305	750	-1.211082	-52.273386		
32	0.36744	750	-1.20658	-53.479966		
33	0.353883	750	-1.178545	-54.658511		
34	0.34063	750	-1.152324	-55.810835		
35	0.32768	750	-1.117938	-56.928773		
36	0.31503	750	-1.104555	-58.033328		
37	0.302677	750	-1.079651	-59.112979		
38	0.290619	750	-1.048097	-60.161076		
39	0.278855	750	-1.025602	-61.186678		
40	0.267381	750	-1.014525	-62.201202		
41	0.256195	750	-0.968956	-63.170159		
42	0.245294	750	-0.962159	-64.132318		
43	0.234677	750	-0.936448	-65.068766		
44	0.22434	750	-0.911462	-65.980227		
45	0.214281	750	-0.893593	-66.873821		
46	0.204498	750	-0.856555	-67.730375		
47	0.194988	750	-0.843585	-68.57396		
48	0.185749	750	-0.81418	-69.38814		
49	0.176777	750	-0.79425	-70.18239		
50	0.16807	750	-0.773841	-70.95623		
51	0.159626	750	-0.752622	-71.708852		
52	0.151441	750	-0.73486	-72.443712		
53	0.143514	750	-0.711023	-73.154735		
54	0.135841	750	-0.690986	-73.845721		
55	0.12842	750	-0.673158	-74.518879		
56	0.121247	750	-0.655891	-75.17477		
57	0.11432	750	-0.634829	-75.809599		
58	0.107637	750	-0.603688	-76.413287		
59	0.101193	750	-0.590392	-77.003679		
60	0.094986	750	-0.574265	-77.577944		
61	0.089014	750	-0.563147	-78.141091		
62	0.083273	750	-0.540987	-78.682077		
63	0.07776	750	-0.511972	-79.194049		
64	0.072472	750	-0.493551	-79.6876		
65	0.067406	750	-0.471578	-80.159178		
66	0.062558	750	-0.464294	-80.623471		
67	0.057926	750	-0.445496	-81.068968		
68	0.053506	750	-0.419664	-81.488631		
69	0.049295	750	-0.410142	-81.898774		
70	0.045289	750	-0.393229	-82.292003		
71	0.041485	750	-0.371281	-82.663284		
72	0.03788	750	-0.35618	-83.019464		
73	0.034469	750	-0.34069	-83.360154		
74	0.03125	750	-0.317376	-83.67753		
75	0.028218	750	-0.306793	-83.984323		
76	0.02537	750	-0.290482	-84.274805		
77	0.022702	750	-0.28613	-84.560935		
78	0.020209	750	-0.257643	-84.818578		
79	0.017889	750	-0.240824	-85.059402		
80	0.015736	750	-0.212695	-85.272097		
81	0.013746	750	-0.207913	-85.480009		
82	0.011916	750	-0.211262	-85.691271		
83	0.01024	750	-0.185776	-85.877048		
84	0.008714	750	-0.173711	-86.050758		
85	0.007334	750	-0.148684	-86.199442		
86	0.006093	750	-0.134386	-86.333828		
87	0.004988	750	-0.136961	-86.470789		
88	0.004013	750	-0.11695	-86.587739		
89	0.003162	750	-0.101305	-86.689045		
90	0.00243	750	-0.085971	-86.775016		
91	0.00181	750	-0.072886	-86.847901		
92	0.001296	750	-0.057376	-86.905278		
93	0.000882	750	-0.046929	-86.952207		
94	0.000559	750	-0.044026	-86.996234		
95	0.00032	750	-0.029829	-87.026063		
96	0.000156	750	-0.019732	-87.045795		
97	0.000057	750	-0.012296	-87.058091		
98	0.00001	750	-0.005702	-87.063792		
99	0	750	-0.001217	-87.065009		
Log marginal likelihood:	-87.065009					
0	0.975187	750	-1.978391	-1.978391		
1	0.950747	750	-1.966757	-3.945149		
2	0.926679	750	-1.99252	-5.937669		
3	0.90298	750	-1.99222	-7.929889		
4	0.879648	750	-1.923203	-9.853092		
5	0.856682	750	-1.857715	-11.710807		
6	0.834079	750	-1.876737	-13.587544		
7	0.811838	750	-1.808369	-15.395913		
8	0.789957	750	-1.826628	-17.222541		
9	0.768433	750	-1.757131	-18.979672		
10	0.747266	750	-1.729812	-20.709485		
11	0.726452	750	-1.723024	-22.432508		
12	0.705989	750	-1.695447	-24.127955		
13	0.685877	750	-1.666937	-25.794892		
14	0.666112	750	-1.631535	-27.426427		
15	0.646693	750	-1.596621	-29.023048		
16	0.627618	750	-1.564122	-30.58717		
17	0.608884	750	-1.573192	-32.160362		
18	0.59049	750	-1.53402	-33.694382		
19	0.572433	750	-1.515779	-35.210161		
20	0.554712	750	-1.482901	-36.693062		
21	0.537324	750	-1.451352	-38.144414		
22	0.520268	750	-1.453438	-39.597851		
23	0.50354	750	-1.406327	-41.004178		
24	0.487139	750	-1.372862	-42.37704		
25	0.471063	750	-1.370192	-43.747232		
26	0.45531	750	-1.341512	-45.088744		
27	0.439877	750	-1.303803	-46.392547		
28	0.424762	750	-1.275717	-47.668264		
29	0.409963	750	-1.245595	-48.913859		
30	0.395478	750	-1.233422	-50.147281		
31	0.381305	750	-1.210129	-51.35741		
32	0.36744	750	-1.178977	-52.536387		
33	0.353883	750	-1.150502	-53.686889		
34	0.34063	750	-1.161573	-54.848461		
35	0.32768	750	-1.123626	-55.972088		
36	0.31503	750	-1.097466	-57.069553		
37	0.302677	750	-1.063766	-58.133319		
38	0.290619	750	-1.034786	-59.168105		
39	0.278855	750	-1.030126	-60.198231		
40	0.267381	750	-0.985296	-61.183527		
41	0.256195	750	-0.961052	-62.144578		
42	0.245294	750	-0.94628	-63.090858		
43	0.234677	750	-0.922638	-64.013497		
44	0.22434	750	-0.896003	-64.9095		
45	0.214281	750	-0.879359	-65.788859		
46	0.204498	750	-0.860245	-66.649103		
47	0.194988	750	-0.830564	-67.479667		
48	0.185749	750	-0.821304	-68.300971		
49	0.176777	750	-0.805319	-69.10629		
50	0.16807	750	-0.778065	-69.884355		
51	0.159626	750	-0.755535	-70.63989		
52	0.151441	750	-0.73669	-71.376579		
53	0.143514	750	-0.711229	-72.087809		
54	0.135841	750	-0.67921	-72.767019		
55	0.12842	750	-0.663281	-73.4303		
56	0.121247	750	-0.643598	-74.073898		
57	0.11432	750	-0.632543	-74.706441		
58	0.107637	750	-0.610025	-75.316466		
59	0.101193	750	-0.590432	-75.906898		
60	0.094986	750	-0.567194	-76.474091		
61	0.089014	750	-0.550034	-77.024125		
62	0.083273	750	-0.521042	-77.545168		
63	0.07776	750	-0.515557	-78.060725		
64	0.072472	750	-0.495368	-78.556093		
65	0.067406	750	-0.479204	-79.035297		
66	0.062558	750	-0.46981	-79.505107		
67	0.057926	750	-0.44377	-79.948877		
68	0.053506	750	-0.430449	-80.379325		
69	0.049295	750	-0.401976	-80.781301		
70	0.045289	750	-0.392349	-81.173651		
71	0.041485	750	-0.377052	-81.550703		
72	0.03788	750	-0.358126	-81.908829		
73	0.034469	750	-0.341948	-82.250777		
74	0.03125	750	-0.330769	-82.581547		
75	0.028218	750	-0.310872	-82.892418		
76	0.02537	750	-0.288542	-83.18096		
77	0.022702	750	-0.276593	-83.457553		
78	0.020209	750	-0.25786	-83.715412		
79	0.017889	750	-0.2334	-83.948812		
80	0.015736	750	-0.230156	-84.178969		
81	0.013746	750	-0.222837	-84.401806		
82	0.011916	750	-0.191751	-84.593557		
83	0.01024	750	-0.191067	-84.784624		
84	0.008714	750	-0.16991	-84.954534		
85	0.007334	750	-0.144466	-85.098999		
86	0.006093	750	-0.145697	-85.244696		
87	0.004988	750	-0.135796	-85.380493		
88	0.004013	750	-0.111867	-85.492359		
89	0.003162	750	-0.096498	-85.588857		
90	0.00243	750	-0.082074	-85.670932		
91	0.00181	750	-0.07162	-85.742552		
92	0.001296	750	-0.058172	-85.800724		
93	0.000882	750	-0.049288	-85.850011		
94	0.000559	750	-0.042089	-85.8921		
95	0.00032	750	-0.027957	-85.920058		
96	0.000156	750	-0.018314	-85.938371		
97	0.000057	750	-0.012395	-85.950766		
98	0.00001	750	-0.005847	-85.956613		
99	0	750	-0.001313	-85.957926		
Log marginal likelihood:	-85.957926					
0	0.975187	750	-1.942213	-1.942213		
1	0.950747	750	-1.894294	-3.836507		
2	0.926679	750	-1.874831	-5.711338		
3	0.90298	750	-1.855209	-7.566547		
4	0.879648	750	-1.830184	-9.39673		
5	0.856682	750	-1.81792	-11.21465		
6	0.834079	750	-1.776382	-12.991032		
7	0.811838	750	-1.749627	-14.740659		
8	0.789957	750	-1.728773	-16.469432		
9	0.768433	750	-1.715322	-18.184754		
10	0.747266	750	-1.675829	-19.860583		
11	0.726452	750	-1.686775	-21.547359		
12	0.705989	750	-1.641268	-23.188627		
13	0.685877	750	-1.616404	-24.805031		
14	0.666112	750	-1.561953	-26.366984		
15	0.646693	750	-1.648393	-28.015377		
16	0.627618	750	-1.506867	-29.522244		
17	0.608884	750	-1.486994	-31.009238		
18	0.59049	750	-1.474505	-32.483743		
19	0.572433	750	-1.464303	-33.948046		
20	0.554712	750	-1.478416	-35.426462		
21	0.537324	750	-1.428452	-36.854914		
22	0.520268	750	-1.380526	-38.23544		
23	0.50354	750	-1.383082	-39.618522		
24	0.487139	750	-1.367093	-40.985615		
25	0.471063	750	-1.350658	-42.336273		
26	0.45531	750	-1.316523	-43.652796		
27	0.439877	750	-1.289335	-44.942131		
28	0.424762	750	-1.264969	-46.2071		
29	0.409963	750	-1.242535	-47.449635		
30	0.395478	750	-1.245005	-48.69464		
31	0.381305	750	-1.244501	-49.939141		
32	0.36744	750	-1.154488	-51.093629		
33	0.353883	750	-1.172435	-52.266064		
34	0.34063	750	-1.126249	-53.392313		
35	0.32768	750	-1.085113	-54.477426		
36	0.31503	750	-1.086947	-55.564373		
37	0.302677	750	-1.058841	-56.623214		
38	0.290619	750	-1.058319	-57.681533		
39	0.278855	750	-1.019598	-58.70113		
40	0.267381	750	-0.994275	-59.695406		
41	0.256195	750	-0.982755	-60.67816		
42	0.245294	750	-0.964055	-61.642216		
43	0.234677	750	-0.908639	-62.550855		
44	0.22434	750	-0.918632	-63.469487		
45	0.214281	750	-0.88066	-64.350147		
46	0.204498	750	-0.87031	-65.220457		
47	0.194988	750	-0.846705	-66.067162		
48	0.185749	750	-0.813031	-66.880193		
49	0.176777	750	-0.804611	-67.684804		
50	0.16807	750	-0.785936	-68.47074		
51	0.159626	750	-0.747768	-69.218507		
52	0.151441	750	-0.735109	-69.953616		
53	0.143514	750	-0.708683	-70.662299		
54	0.135841	750	-0.688902	-71.351201		
55	0.12842	750	-0.695248	-72.046449		
56	0.121247	750	-0.645315	-72.691764		
57	0.11432	750	-0.640834	-73.332598		
58	0.107637	750	-0.614315	-73.946913		
59	0.101193	750	-0.592181	-74.539094		
60	0.094986	750	-0.573332	-75.112426		
61	0.089014	750	-0.55644	-75.668866		
62	0.083273	750	-0.534831	-76.203697		
63	0.07776	750	-0.51869	-76.722387		
64	0.072472	750	-0.495413	-77.2178		
65	0.067406	750	-0.481969	-77.69977		
66	0.062558	750	-0.467491	-78.16726		
67	0.057926	750	-0.441561	-78.608821		
68	0.053506	750	-0.428215	-79.037036		
69	0.049295	750	-0.407822	-79.444859		
70	0.045289	750	-0.384988	-79.829847		
71	0.041485	750	-0.378455	-80.208302		
72	0.03788	750	-0.360227	-80.568529		
73	0.034469	750	-0.339172	-80.907701		
74	0.03125	750	-0.320453	-81.228154		
75	0.028218	750	-0.324513	-81.552668		
76	0.02537	750	-0.31005	-81.862718		
77	0.022702	750	-0.275183	-82.137901		
78	0.020209	750	-0.256727	-82.394627		
79	0.017889	750	-0.243882	-82.638509		
80	0.015736	750	-0.228909	-82.867418		
81	0.013746	750	-0.212129	-83.079546		
82	0.011916	750	-0.20365	-83.283196		
83	0.01024	750	-0.180217	-83.463413		
84	0.008714	750	-0.165703	-83.629116		
85	0.007334	750	-0.164914	-83.79403		
86	0.006093	750	-0.14097	-83.935		
87	0.004988	750	-0.124967	-84.059967		
88	0.004013	750	-0.111542	-84.171509		
89	0.003162	750	-0.093761	-84.26527		
90	0.00243	750	-0.08395	-84.349219		
91	0.00181	750	-0.073919	-84.423139		
92	0.001296	750	-0.058652	-84.48179		
93	0.000882	750	-0.050423	-84.532213		
94	0.000559	750	-0.039036	-84.57125		
95	0.00032	750	-0.028685	-84.599935		
96	0.000156	750	-0.020207	-84.620142		
97	0.000057	750	-0.011889	-84.632031		
98	0.00001	750	-0.005784	-84.637815		
99	0	750	-0.001199	-84.639014		
Log marginal likelihood:	-84.639014					
0	0.975187	750	-2.140352	-2.140352		
1	0.950747	750	-2.131587	-4.27194		
2	0.926679	750	-2.111504	-6.383443		
3	0.90298	750	-2.032854	-8.416297		
4	0.879648	750	-2.013761	-10.430058		
5	0.856682	750	-1.946726	-12.376784		
6	0.834079	750	-1.947948	-14.324731		
7	0.811838	750	-1.947724	-16.272456		
8	0.789957	750	-1.875649	-18.148105		
9	0.768433	750	-1.856499	-20.004604		
10	0.747266	750	-1.858968	-21.863572		
11	0.726452	750	-1.809213	-23.672785		
12	0.705989	750	-1.798514	-25.471299		
13	0.685877	750	-1.768075	-27.239375		
14	0.666112	750	-1.721202	-28.960577		
15	0.646693	750	-1.696516	-30.657093		
16	0.627618	750	-1.640007	-32.2971		
17	0.608884	750	-1.653713	-33.950813		
18	0.59049	750	-1.620094	-35.570908		
19	0.572433	750	-1.593168	-37.164076		
20	0.554712	750	-1.561922	-38.725997		
21	0.537324	750	-1.543024	-40.269021		
22	0.520268	750	-1.50366	-41.772681		
23	0.50354	750	-1.469744	-43.242424		
24	0.487139	750	-1.447269	-44.689693		
25	0.471063	750	-1.427699	-46.117392		
26	0.45531	750	-1.39124	-47.508633		
27	0.439877	750	-1.372144	-48.880776		
28	0.424762	750	-1.338636	-50.219413		
29	0.409963	750	-1.302123	-51.521535		
30	0.395478	750	-1.286277	-52.807812		
31	0.381305	750	-1.263581	-54.071394		
32	0.36744	750	-1.22054	-55.291934		
33	0.353883	750	-1.211736	-56.50367		
34	0.34063	750	-1.175267	-57.678937		
35	0.32768	750	-1.158275	-58.837212		
36	0.31503	750	-1.129635	-59.966847		
37	0.302677	750	-1.10001	-61.066857		
38	0.290619	750	-1.070076	-62.136933		
39	0.278855	750	-1.05236	-63.189293		
40	0.267381	750	-1.031655	-64.220948		
41	0.256195	750	-0.999208	-65.220156		
42	0.245294	750	-0.984447	-66.204603		
43	0.234677	750	-0.951729	-67.156332		
44	0.22434	750	-0.937212	-68.093545		
45	0.214281	750	-0.902004	-68.995548		
46	0.204498	750	-0.882107	-69.877655		
47	0.194988	750	-0.859128	-70.736783		
48	0.185749	750	-0.833368	-71.570151		
49	0.176777	750	-0.822136	-72.392287		
50	0.16807	750	-0.794562	-73.186848		
51	0.159626	750	-0.77355	-73.960398		
52	0.151441	750	-0.762699	-74.723097		
53	0.143514	750	-0.727846	-75.450944		
54	0.135841	750	-0.720795	-76.171738		
55	0.12842	750	-0.692558	-76.864296		
56	0.121247	750	-0.668304	-77.5326		
57	0.11432	750	-0.64193	-78.17453		
58	0.107637	750	-0.633085	-78.807616		
59	0.101193	750	-0.616017	-79.423633		
60	0.094986	750	-0.588523	-80.012156		
61	0.089014	750	-0.563198	-80.575354		
62	0.083273	750	-0.550184	-81.125538		
63	0.07776	750	-0.524744	-81.650282		
64	0.072472	750	-0.519986	-82.170269		
65	0.067406	750	-0.484504	-82.654772		
66	0.062558	750	-0.474133	-83.128906		
67	0.057926	750	-0.460154	-83.589059		
68	0.053506	750	-0.442012	-84.031071		
69	0.049295	750	-0.422909	-84.45398		
70	0.045289	750	-0.401772	-84.855752		
71	0.041485	750	-0.377241	-85.232994		
72	0.03788	750	-0.366488	-85.599482		
73	0.034469	750	-0.349522	-85.949004		
74	0.03125	750	-0.338676	-86.287679		
75	0.028218	750	-0.310855	-86.598534		
76	0.02537	750	-0.300666	-86.8992		
77	0.022702	750	-0.284378	-87.183578		
78	0.020209	750	-0.2611	-87.444678		
79	0.017889	750	-0.253228	-87.697906		
80	0.015736	750	-0.241857	-87.939763		
81	0.013746	750	-0.224368	-88.16413		
82	0.011916	750	-0.207602	-88.371733		
83	0.01024	750	-0.208232	-88.579964		
84	0.008714	750	-0.168722	-88.748686		
85	0.007334	750	-0.161261	-88.909947		
86	0.006093	750	-0.14765	-89.057597		
87	0.004988	750	-0.128804	-89.186401		
88	0.004013	750	-0.113674	-89.300075		
89	0.003162	750	-0.098525	-89.3986		
90	0.00243	750	-0.082597	-89.481197		
91	0.00181	750	-0.078153	-89.55935		
92	0.001296	750	-0.059919	-89.619269		
93	0.000882	750	-0.049438	-89.668708		
94	0.000559	750	-0.037805	-89.706513		
95	0.00032	750	-0.028399	-89.734912		
96	0.000156	750	-0.019432	-89.754344		
97	0.000057	750	-0.013814	-89.768158		
98	0.00001	750	-0.006112	-89.77427		
99	0	750	-0.001412	-89.775682		
Log marginal likelihood:	-89.775682					
0	0.975187	750	-1.979408	-1.979408		
1	0.950747	750	-1.927437	-3.906845		
2	0.926679	750	-1.998739	-5.905584		
3	0.90298	750	-1.889108	-7.794691		
4	0.879648	750	-1.843962	-9.638654		
5	0.856682	750	-1.833984	-11.472638		
6	0.834079	750	-1.81467	-13.287308		
7	0.811838	750	-1.791131	-15.078439		
8	0.789957	750	-1.78335	-16.861789		
9	0.768433	750	-1.767594	-18.629383		
10	0.747266	750	-1.685564	-20.314946		
11	0.726452	750	-1.68314	-21.998087		
12	0.705989	750	-1.671484	-23.66957		
13	0.685877	750	-1.60798	-25.27755		
14	0.666112	750	-1.65178	-26.92933		
15	0.646693	750	-1.584726	-28.514056		
16	0.627618	750	-1.583877	-30.097933		
17	0.608884	750	-1.53055	-31.628482		
18	0.59049	750	-1.481565	-33.110048		
19	0.572433	750	-1.465981	-34.576029		
20	0.554712	750	-1.503061	-36.07909		
21	0.537324	750	-1.449029	-37.528119		
22	0.520268	750	-1.435768	-38.963886		
23	0.50354	750	-1.34975	-40.313636		
24	0.487139	750	-1.346524	-41.66016		
25	0.471063	750	-1.368547	-43.028708		
26	0.45531	750	-1.32355	-44.352257		
27	0.439877	750	-1.291502	-45.643759		
28	0.424762	750	-1.269282	-46.913041		
29	0.409963	750	-1.241726	-48.154767		
30	0.395478	750	-1.240652	-49.395418		
31	0.381305	750	-1.205757	-50.601176		
32	0.36744	750	-1.204407	-51.805582		
33	0.353883	750	-1.194004	-52.999586		
34	0.34063	750	-1.141596	-54.141183		
35	0.32768	750	-1.109916	-55.251099		
36	0.31503	750	-1.113033	-56.364132		
37	0.302677	750	-1.070306	-57.434438		
38	0.290619	750	-1.045985	-58.480423		
39	0.278855	750	-1.020148	-59.500571		
40	0.267381	750	-0.999946	-60.500517		
41	0.256195	750	-0.96892	-61.469437		
42	0.245294	750	-0.95446	-62.423897		
43	0.234677	750	-0.911613	-63.33551		
44	0.22434	750	-0.911968	-64.247478		
45	0.214281	750	-0.867194	-65.114672		
46	0.204498	750	-0.863118	-65.97779		
47	0.194988	750	-0.855207	-66.832997		
48	0.185749	750	-0.827607	-67.660604		
49	0.176777	750	-0.792159	-68.452763		
50	0.16807	750	-0.778324	-69.231088		
51	0.159626	750	-0.760991	-69.992079		
52	0.151441	750	-0.732173	-70.724252		
53	0.143514	750	-0.711178	-71.43543		
54	0.135841	750	-0.694034	-72.129464		
55	0.12842	750	-0.674628	-72.804092		
56	0.121247	750	-0.654879	-73.458971		
57	0.11432	750	-0.643143	-74.102114		
58	0.107637	750	-0.617811	-74.719924		
59	0.101193	750	-0.591212	-75.311137		
60	0.094986	750	-0.572849	-75.883986		
61	0.089014	750	-0.551292	-76.435277		
62	0.083273	750	-0.527163	-76.962441		
63	0.07776	750	-0.523075	-77.485516		
64	0.072472	750	-0.507723	-77.993239		
65	0.067406	750	-0.479082	-78.472321		
66	0.062558	750	-0.46854	-78.940861		
67	0.057926	750	-0.441223	-79.382085		
68	0.053506	750	-0.423033	-79.805118		
69	0.049295	750	-0.406107	-80.211224		
70	0.045289	750	-0.393513	-80.604737		
71	0.041485	750	-0.3738	-80.978537		
72	0.03788	750	-0.359276	-81.337812		
73	0.034469	750	-0.344058	-81.681871		
74	0.03125	750	-0.328253	-82.010124		
75	0.028218	750	-0.312694	-82.322818		
76	0.02537	750	-0.291176	-82.613994		
77	0.022702	750	-0.278797	-82.892791		
78	0.020209	750	-0.261042	-83.153833		
79	0.017889	750	-0.246382	-83.400215		
80	0.015736	750	-0.221942	-83.622157		
81	0.013746	750	-0.208519	-83.830675		
82	0.011916	750	-0.200228	-84.030904		
83	0.01024	750	-0.187693	-84.218597		
84	0.008714	750	-0.175275	-84.393872		
85	0.007334	750	-0.149201	-84.543073		
86	0.006093	750	-0.143979	-84.687052		
87	0.004988	750	-0.122433	-84.809485		
88	0.004013	750	-0.107202	-84.916687		
89	0.003162	750	-0.097799	-85.014487		
90	0.00243	750	-0.087449	-85.101936		
91	0.00181	750	-0.071119	-85.173055		
92	0.001296	750	-0.063734	-85.236789		
93	0.000882	750	-0.050031	-85.28682		
94	0.000559	750	-0.036195	-85.323016		
95	0.00032	750	-0.026066	-85.349081		
96	0.000156	750	-0.020605	-85.369686		
97	0.000057	750	-0.010917	-85.380604		
98	0.00001	750	-0.005247	-85.385851		
99	0	750	-0.001171	-85.387022		
Log marginal likelihood:	-85.387022					
0	0.975187	750	-2.17593	-2.17593		
1	0.950747	750	-2.143133	-4.319063		
2	0.926679	750	-2.065888	-6.384951		
3	0.90298	750	-2.077126	-8.462078		
4	0.879648	750	-2.045743	-10.507821		
5	0.856682	750	-2.015488	-12.523309		
6	0.834079	750	-1.977943	-14.501252		
7	0.811838	750	-1.868332	-16.369584		
8	0.789957	750	-1.851589	-18.221174		
9	0.768433	750	-1.857125	-20.078298		
10	0.747266	750	-1.859685	-21.937983		
11	0.726452	750	-1.830151	-23.768134		
12	0.705989	750	-1.737176	-25.50531		
13	0.685877	750	-1.675095	-27.180405		
14	0.666112	750	-1.6579	-28.838305		
15	0.646693	750	-1.683299	-30.521604		
16	0.627618	750	-1.668689	-32.190293		
17	0.608884	750	-1.60118	-33.791473		
18	0.59049	750	-1.607293	-35.398766		
19	0.572433	750	-1.527405	-36.926171		
20	0.554712	750	-1.560653	-38.486824		
21	0.537324	750	-1.537616	-40.024441		
22	0.520268	750	-1.510152	-41.534593		
23	0.50354	750	-1.481289	-43.015883		
24	0.487139	750	-1.454387	-44.470269		
25	0.471063	750	-1.405482	-45.875751		
26	0.45531	750	-1.404242	-47.279993		
27	0.439877	750	-1.361129	-48.641122		
28	0.424762	750	-1.345382	-49.986504		
29	0.409963	750	-1.31476	-51.301264		
30	0.395478	750	-1.293431	-52.594696		
31	0.381305	750	-1.260299	-53.854994		
32	0.36744	750	-1.234669	-55.089663		
33	0.353883	750	-1.208523	-56.298186		
34	0.34063	750	-1.173143	-57.471329		
35	0.32768	750	-1.158606	-58.629935		
36	0.31503	750	-1.128495	-59.75843		
37	0.302677	750	-1.094516	-60.852946		
38	0.290619	750	-1.080541	-61.933487		
39	0.278855	750	-1.056376	-62.989863		
40	0.267381	750	-1.026415	-64.016277		
41	0.256195	750	-1.001723	-65.018		
42	0.245294	750	-0.982819	-66.000819		
43	0.234677	750	-0.963046	-66.963866		
44	0.22434	750	-0.933665	-67.897531		
45	0.214281	750	-0.910667	-68.808197		
46	0.204498	750	-0.897836	-69.706033		
47	0.194988	750	-0.870679	-70.576712		
48	0.185749	750	-0.837554	-71.414266		
49	0.176777	750	-0.80804	-72.222306		
50	0.16807	750	-0.788869	-73.011175		
51	0.159626	750	-0.778514	-73.789689		
52	0.151441	750	-0.755579	-74.545268		
53	0.143514	750	-0.738198	-75.283466		
54	0.135841	750	-0.706476	-75.989942		
55	0.12842	750	-0.687993	-76.677936		
56	0.121247	750	-0.663547	-77.341482		
57	0.11432	750	-0.640176	-77.981659		
58	0.107637	750	-0.62554	-78.607199		
59	0.101193	750	-0.604732	-79.211931		
60	0.094986	750	-0.586548	-79.798478		
61	0.089014	750	-0.562047	-80.360526		
62	0.083273	750	-0.550655	-80.911181		
63	0.07776	750	-0.526643	-81.437824		
64	0.072472	750	-0.512793	-81.950618		
65	0.067406	750	-0.481602	-82.432219		
66	0.062558	750	-0.46391	-82.896129		
67	0.057926	750	-0.448935	-83.345064		
68	0.053506	750	-0.434789	-83.779853		
69	0.049295	750	-0.412204	-84.192058		
70	0.045289	750	-0.411085	-84.603143		
71	0.041485	750	-0.392238	-84.995381		
72	0.03788	750	-0.371817	-85.367198		
73	0.034469	750	-0.354859	-85.722057		
74	0.03125	750	-0.331951	-86.054009		
75	0.028218	750	-0.317899	-86.371908		
76	0.02537	750	-0.293599	-86.665507		
77	0.022702	750	-0.288612	-86.954119		
78	0.020209	750	-0.264137	-87.218256		
79	0.017889	750	-0.257152	-87.475408		
80	0.015736	750	-0.238144	-87.713552		
81	0.013746	750	-0.221203	-87.934754		
82	0.011916	750	-0.207608	-88.142362		
83	0.01024	750	-0.186888	-88.329251		
84	0.008714	750	-0.175652	-88.504902		
85	0.007334	750	-0.152909	-88.657812		
86	0.006093	750	-0.139539	-88.797351		
87	0.004988	750	-0.167953	-88.965304		
88	0.004013	750	-0.107767	-89.073071		
89	0.003162	750	-0.100173	-89.173243		
90	0.00243	750	-0.081094	-89.254337		
91	0.00181	750	-0.072405	-89.326742		
92	0.001296	750	-0.058384	-89.385126		
93	0.000882	750	-0.052645	-89.437771		
94	0.000559	750	-0.039782	-89.477553		
95	0.00032	750	-0.029818	-89.507371		
96	0.000156	750	-0.018137	-89.525508		
97	0.000057	750	-0.011436	-89.536944		
98	0.00001	750	-0.005956	-89.5429		
99	0	750	-0.001245	-89.544146		
Log marginal likelihood:	-89.544146					
0	0.975187	750	-1.778545	-1.778545		
1	0.950747	750	-1.743341	-3.521886		
2	0.926679	750	-1.684159	-5.206045		
3	0.90298	750	-1.691206	-6.897252		
4	0.879648	750	-1.655918	-8.55317		
5	0.856682	750	-1.627898	-10.181067		
6	0.834079	750	-1.618202	-11.79927		
7	0.811838	750	-1.590453	-13.389723		
8	0.789957	750	-1.591005	-14.980728		
9	0.768433	750	-1.565123	-16.545851		
10	0.747266	750	-1.576351	-18.122202		
11	0.726452	750	-1.488665	-19.610868		
12	0.705989	750	-1.487146	-21.098013		
13	0.685877	750	-1.489735	-22.587748		
14	0.666112	750	-1.424095	-24.011843		
15	0.646693	750	-1.414273	-25.426116		
16	0.627618	750	-1.37598	-26.802096		
17	0.608884	750	-1.360725	-28.162821		
18	0.59049	750	-1.340231	-29.503052		
19	0.572433	750	-1.358074	-30.861126		
20	0.554712	750	-1.278737	-32.139862		
21	0.537324	750	-1.28822	-33.428083		
22	0.520268	750	-1.246358	-34.674441		
23	0.50354	750	-1.237544	-35.911985		
24	0.487139	750	-1.220916	-37.1329		
25	0.471063	750	-1.224521	-38.357421		
26	0.45531	750	-1.197533	-39.554954		
27	0.439877	750	-1.272944	-40.827898		
28	0.424762	750	-1.166984	-41.994881		
29	0.409963	750	-1.1801	-43.174982		
30	0.395478	750	-1.147897	-44.322879		
31	0.381305	750	-1.158477	-45.481356		
32	0.36744	750	-1.183301	-46.664657		
33	0.353883	750	-1.03275	-47.697407		
34	0.34063	750	-0.992345	-48.689752		
35	0.32768	750	-1.087702	-49.777455		
36	0.31503	750	-1.068382	-50.845836		
37	0.302677	750	-0.949706	-51.795542		
38	0.290619	750	-1.002928	-52.79847		
39	0.278855	750	-1.016877	-53.815347		
40	0.267381	750	-0.937701	-54.753048		
41	0.256195	750	-0.948116	-55.701164		
42	0.245294	750	-0.954352	-56.655517		
43	0.234677	750	-0.908325	-57.563842		
44	0.22434	750	-0.910078	-58.47392		
45	0.214281	750	-0.890476	-59.364396		
46	0.204498	750	-0.845122	-60.209518		
47	0.194988	750	-0.831145	-61.040663		
48	0.185749	750	-0.821874	-61.862537		
49	0.176777	750	-0.765565	-62.628101		
50	0.16807	750	-0.775354	-63.403455		
51	0.159626	750	-0.752888	-64.156343		
52	0.151441	750	-0.696089	-64.852431		
53	0.143514	750	-0.709057	-65.561488		
54	0.135841	750	-0.694071	-66.255558		
55	0.12842	750	-0.673289	-66.928847		
56	0.121247	750	-0.637278	-67.566125		
57	0.11432	750	-0.634893	-68.201018		
58	0.107637	750	-0.601755	-68.802774		
59	0.101193	750	-0.589829	-69.392602		
60	0.094986	750	-0.567194	-69.959797		
61	0.089014	750	-0.547932	-70.507729		
62	0.083273	750	-0.541286	-71.049015		
63	0.07776	750	-0.515883	-71.564898		
64	0.072472	750	-0.495823	-72.060721		
65	0.067406	750	-0.476079	-72.5368		
66	0.062558	750	-0.477565	-73.014365		
67	0.057926	750	-0.43984	-73.454205		
68	0.053506	750	-0.418919	-73.873124		
69	0.049295	750	-0.430076	-74.303201		
70	0.045289	750	-0.393988	-74.697189		
71	0.041485	750	-0.373524	-75.070713		
72	0.03788	750	-0.362363	-75.433076		
73	0.034469	750	-0.335341	-75.768417		
74	0.03125	750	-0.330556	-76.098974		
75	0.028218	750	-0.313986	-76.41296		
76	0.02537	750	-0.294711	-76.707671		
77	0.022702	750	-0.270021	-76.977692		
78	0.020209	750	-0.260383	-77.238075		
79	0.017889	750	-0.245586	-77.48366		
80	0.015736	750	-0.229754	-77.713414		
81	0.013746	750	-0.224613	-77.938027		
82	0.011916	750	-0.205258	-78.143285		
83	0.01024	750	-0.184141	-78.327425		
84	0.008714	750	-0.171407	-78.498832		
85	0.007334	750	-0.151649	-78.650481		
86	0.006093	750	-0.134848	-78.78533		
87	0.004988	750	-0.121194	-78.906524		
88	0.004013	750	-0.110766	-79.01729		
89	0.003162	750	-0.102308	-79.119598		
90	0.00243	750	-0.080833	-79.200431		
91	0.00181	750	-0.079029	-79.27946		
92	0.001296	750	-0.065418	-79.344878		
93	0.000882	750	-0.0523	-79.397178		
94	0.000559	750	-0.037891	-79.435069		
95	0.00032	750	-0.02911	-79.464179		
96	0.000156	750	-0.020043	-79.484222		
97	0.000057	750	-0.012558	-79.49678		
98	0.00001	750	-0.006017	-79.502797		
99	0	750	-0.001207	-79.504003		
Log marginal likelihood:	-79.504003					
0	0.975187	750	-2.007966	-2.007966		
1	0.950747	750	-1.981396	-3.989362		
2	0.926679	750	-1.950228	-5.93959		
3	0.90298	750	-1.926866	-7.866456		
4	0.879648	750	-1.889465	-9.755921		
5	0.856682	750	-1.863537	-11.619459		
6	0.834079	750	-1.833291	-13.45275		
7	0.811838	750	-1.812441	-15.26519		
8	0.789957	750	-1.767147	-17.032337		
9	0.768433	750	-1.711867	-18.744204		
10	0.747266	750	-1.734419	-20.478623		
11	0.726452	750	-1.664203	-22.142826		
12	0.705989	750	-1.66279	-23.805616		
13	0.685877	750	-1.653813	-25.459429		
14	0.666112	750	-1.623339	-27.082768		
15	0.646693	750	-1.642529	-28.725297		
16	0.627618	750	-1.568795	-30.294092		
17	0.608884	750	-1.503873	-31.797965		
18	0.59049	750	-1.52485	-33.322815		
19	0.572433	750	-1.49396	-34.816775		
20	0.554712	750	-1.477259	-36.294033		
21	0.537324	750	-1.44937	-37.743403		
22	0.520268	750	-1.426712	-39.170115		
23	0.50354	750	-1.389875	-40.55999		
24	0.487139	750	-1.372374	-41.932364		
25	0.471063	750	-1.350547	-43.282911		
26	0.45531	750	-1.336607	-44.619518		
27	0.439877	750	-1.306946	-45.926463		
28	0.424762	750	-1.31128	-47.237743		
29	0.409963	750	-1.266617	-48.504361		
30	0.395478	750	-1.213883	-49.718243		
31	0.381305	750	-1.229952	-50.948195		
32	0.36744	750	-1.197349	-52.145545		
33	0.353883	750	-1.173329	-53.318874		
34	0.34063	750	-1.152682	-54.471556		
35	0.32768	750	-1.114335	-55.585891		
36	0.31503	750	-1.099127	-56.685017		
37	0.302677	750	-1.069619	-57.754636		
38	0.290619	750	-1.05096	-58.805596		
39	0.278855	750	-1.047225	-59.852821		
40	0.267381	750	-1.021399	-60.874221		
41	0.256195	750	-0.9925	-61.866721		
42	0.245294	750	-0.96372	-62.830441		
43	0.234677	750	-0.94487	-63.775311		
44	0.22434	750	-0.923883	-64.699194		
45	0.214281	750	-0.896208	-65.595403		
46	0.204498	750	-0.876131	-66.471533		
47	0.194988	750	-0.873988	-67.345522		
48	0.185749	750	-0.82907	-68.174592		
49	0.176777	750	-0.79522	-68.969812		
50	0.16807	750	-0.785545	-69.755357		
51	0.159626	750	-0.746848	-70.502205		
52	0.151441	750	-0.73387	-71.236076		
53	0.143514	750	-0.72507	-71.961145		
54	0.135841	750	-0.698169	-72.659314		
55	0.12842	750	-0.678461	-73.337775		
56	0.121247	750	-0.666301	-74.004076		
57	0.11432	750	-0.638215	-74.642291		
58	0.107637	750	-0.610065	-75.252355		
59	0.101193	750	-0.609421	-75.861777		
60	0.094986	750	-0.58783	-76.449606		
61	0.089014	750	-0.556536	-77.006142		
62	0.083273	750	-0.537656	-77.543798		
63	0.07776	750	-0.530253	-78.07405		
64	0.072472	750	-0.524213	-78.598263		
65	0.067406	750	-0.490738	-79.089002		
66	0.062558	750	-0.459427	-79.548428		
67	0.057926	750	-0.445664	-79.994092		
68	0.053506	750	-0.452079	-80.446171		
69	0.049295	750	-0.417031	-80.863202		
70	0.045289	750	-0.392153	-81.255355		
71	0.041485	750	-0.383085	-81.638439		
72	0.03788	750	-0.372317	-82.010756		
73	0.034469	750	-0.35105	-82.361806		
74	0.03125	750	-0.335522	-82.697328		
75	0.028218	750	-0.319657	-83.016985		
76	0.02537	750	-0.294004	-83.310989		
77	0.022702	750	-0.290767	-83.601756		
78	0.020209	750	-0.26663	-83.868386		
79	0.017889	750	-0.2409	-84.109286		
80	0.015736	750	-0.241881	-84.351167		
81	0.013746	750	-0.215239	-84.566406		
82	0.011916	750	-0.192204	-84.75861		
83	0.01024	750	-0.185506	-84.944116		
84	0.008714	750	-0.164359	-85.108475		
85	0.007334	750	-0.165816	-85.274291		
86	0.006093	750	-0.139903	-85.414194		
87	0.004988	750	-0.121051	-85.535245		
88	0.004013	750	-0.104746	-85.639991		
89	0.003162	750	-0.102794	-85.742785		
90	0.00243	750	-0.082816	-85.825601		
91	0.00181	750	-0.07188	-85.897481		
92	0.001296	750	-0.060413	-85.957894		
93	0.000882	750	-0.051011	-86.008904		
94	0.000559	750	-0.039096	-86.048		
95	0.00032	750	-0.029132	-86.077132		
96	0.000156	750	-0.021	-86.098133		
97	0.000057	750	-0.0121	-86.110233		
98	0.00001	750	-0.005416	-86.115649		
99	0	750	-0.001112	-86.116761		
Log marginal likelihood:	-86.116761					
0	0.975187	750	-1.864176	-1.864176		
1	0.950747	750	-1.838525	-3.702701		
2	0.926679	750	-1.817743	-5.520443		
3	0.90298	750	-1.797844	-7.318287		
4	0.879648	750	-1.767058	-9.085345		
5	0.856682	750	-1.747964	-10.833309		
6	0.834079	750	-1.709829	-12.543138		
7	0.811838	750	-1.676436	-14.219574		
8	0.789957	750	-1.661356	-15.88093		
9	0.768433	750	-1.638332	-17.519261		
10	0.747266	750	-1.602842	-19.122103		
11	0.726452	750	-1.618249	-20.740352		
12	0.705989	750	-1.549921	-22.290273		
13	0.685877	750	-1.530785	-23.821058		
14	0.666112	750	-1.517365	-25.338423		
15	0.646693	750	-1.469139	-26.807562		
16	0.627618	750	-1.450647	-28.258209		
17	0.608884	750	-1.428164	-29.686373		
18	0.59049	750	-1.397612	-31.083985		
19	0.572433	750	-1.37164	-32.455625		
20	0.554712	750	-1.346785	-33.80241		
21	0.537324	750	-1.335334	-35.137744		
22	0.520268	750	-1.310129	-36.447873		
23	0.50354	750	-1.295658	-37.743531		
24	0.487139	750	-1.296364	-39.039895		
25	0.471063	750	-1.259156	-40.299051		
26	0.45531	750	-1.242563	-41.541614		
27	0.439877	750	-1.284926	-42.82654		
28	0.424762	750	-1.202788	-44.029329		
29	0.409963	750	-1.147357	-45.176686		
30	0.395478	750	-1.185564	-46.36225		
31	0.381305	750	-1.185795	-47.548044		
32	0.36744	750	-1.117839	-48.665884		
33	0.353883	750	-1.124426	-49.79031		
34	0.34063	750	-1.073238	-50.863548		
35	0.32768	750	-1.068624	-51.932172		
36	0.31503	750	-1.035976	-52.968149		
37	0.302677	750	-1.000584	-53.968733		
38	0.290619	750	-1.021523	-54.990256		
39	0.278855	750	-0.990544	-55.980801		
40	0.267381	750	-0.948111	-56.928912		
41	0.256195	750	-0.917605	-57.846517		
42	0.245294	750	-0.965722	-58.812239		
43	0.234677	750	-0.937853	-59.750092		
44	0.22434	750	-0.825507	-60.575599		
45	0.214281	750	-0.891675	-61.467274		
46	0.204498	750	-0.835482	-62.302756		
47	0.194988	750	-0.847753	-63.150509		
48	0.185749	750	-0.800995	-63.951504		
49	0.176777	750	-0.788781	-64.740285		
50	0.16807	750	-0.760972	-65.501258		
51	0.159626	750	-0.749731	-66.250989		
52	0.151441	750	-0.731164	-66.982153		
53	0.143514	750	-0.717517	-67.699669		
54	0.135841	750	-0.705202	-68.404871		
55	0.12842	750	-0.671895	-69.076767		
56	0.121247	750	-0.651421	-69.728187		
57	0.11432	750	-0.62774	-70.355927		
58	0.107637	750	-0.615335	-70.971262		
59	0.101193	750	-0.591634	-71.562896		
60	0.094986	750	-0.571006	-72.133902		
61	0.089014	750	-0.557932	-72.691834		
62	0.083273	750	-0.545885	-73.237719		
63	0.07776	750	-0.504768	-73.742487		
64	0.072472	750	-0.490395	-74.232882		
65	0.067406	750	-0.466054	-74.698936		
66	0.062558	750	-0.463473	-75.162409		
67	0.057926	750	-0.450462	-75.612871		
68	0.053506	750	-0.426393	-76.039264		
69	0.049295	750	-0.426991	-76.466255		
70	0.045289	750	-0.383268	-76.849523		
71	0.041485	750	-0.3752	-77.224724		
72	0.03788	750	-0.36511	-77.589834		
73	0.034469	750	-0.34552	-77.935354		
74	0.03125	750	-0.319938	-78.255292		
75	0.028218	750	-0.317626	-78.572918		
76	0.02537	750	-0.303164	-78.876082		
77	0.022702	750	-0.278345	-79.154428		
78	0.020209	750	-0.262942	-79.41737		
79	0.017889	750	-0.242356	-79.659725		
80	0.015736	750	-0.217682	-79.877408		
81	0.013746	750	-0.234562	-80.111969		
82	0.011916	750	-0.197611	-80.30958		
83	0.01024	750	-0.178208	-80.487788		
84	0.008714	750	-0.186801	-80.674589		
85	0.007334	750	-0.154026	-80.828615		
86	0.006093	750	-0.151888	-80.980503		
87	0.004988	750	-0.128598	-81.109101		
88	0.004013	750	-0.114379	-81.22348		
89	0.003162	750	-0.113147	-81.336627		
90	0.00243	750	-0.095822	-81.432449		
91	0.00181	750	-0.075424	-81.507873		
92	0.001296	750	-0.062369	-81.570242		
93	0.000882	750	-0.048096	-81.618338		
94	0.000559	750	-0.039927	-81.658266		
95	0.00032	750	-0.028386	-81.686651		
96	0.000156	750	-0.020214	-81.706866		
97	0.000057	750	-0.012841	-81.719707		
98	0.00001	750	-0.005474	-81.725181		
99	0	750	-0.001161	-81.726342		
Log marginal likelihood:	-81.726342					
0	0.975187	750	-1.858583	-1.858583		
1	0.950747	750	-1.845916	-3.704499		
2	0.926679	750	-1.805825	-5.510324		
3	0.90298	750	-1.776737	-7.28706		
4	0.879648	750	-1.783475	-9.070535		
5	0.856682	750	-1.733603	-10.804138		
6	0.834079	750	-1.714871	-12.519009		
7	0.811838	750	-1.698743	-14.217752		
8	0.789957	750	-1.664366	-15.882118		
9	0.768433	750	-1.619228	-17.501346		
10	0.747266	750	-1.612879	-19.114225		
11	0.726452	750	-1.580687	-20.694912		
12	0.705989	750	-1.615719	-22.310631		
13	0.685877	750	-1.53708	-23.847711		
14	0.666112	750	-1.49857	-25.346281		
15	0.646693	750	-1.507696	-26.853977		
16	0.627618	750	-1.480682	-28.334658		
17	0.608884	750	-1.426143	-29.760801		
18	0.59049	750	-1.424258	-31.18506		
19	0.572433	750	-1.413933	-32.598993		
20	0.554712	750	-1.35935	-33.958343		
21	0.537324	750	-1.345506	-35.303849		
22	0.520268	750	-1.332606	-36.636455		
23	0.50354	750	-1.293253	-37.929709		
24	0.487139	750	-1.338219	-39.267928		
25	0.471063	750	-1.249831	-40.517759		
26	0.45531	750	-1.302276	-41.820034		
27	0.439877	750	-1.202455	-43.02249		
28	0.424762	750	-1.268339	-44.290828		
29	0.409963	750	-1.216158	-45.506986		
30	0.395478	750	-1.164934	-46.67192		
31	0.381305	750	-1.257615	-47.929535		
32	0.36744	750	-1.188165	-49.1177		
33	0.353883	750	-1.165817	-50.283518		
34	0.34063	750	-1.185967	-51.469485		
35	0.32768	750	-1.074799	-52.544284		
36	0.31503	750	-1.095394	-53.639678		
37	0.302677	750	-1.051998	-54.691676		
38	0.290619	750	-1.040222	-55.731898		
39	0.278855	750	-1.048361	-56.780258		
40	0.267381	750	-0.963982	-57.74424		
41	0.256195	750	-0.971207	-58.715448		
42	0.245294	750	-0.970316	-59.685763		
43	0.234677	750	-0.936085	-60.621849		
44	0.22434	750	-0.935823	-61.557672		
45	0.214281	750	-0.855443	-62.413115		
46	0.204498	750	-0.83275	-63.245864		
47	0.194988	750	-0.863417	-64.109281		
48	0.185749	750	-0.830257	-64.939538		
49	0.176777	750	-0.794627	-65.734166		
50	0.16807	750	-0.784407	-66.518572		
51	0.159626	750	-0.753157	-67.271729		
52	0.151441	750	-0.752839	-68.024568		
53	0.143514	750	-0.725958	-68.750526		
54	0.135841	750	-0.703769	-69.454295		
55	0.12842	750	-0.677403	-70.131698		
56	0.121247	750	-0.653295	-70.784992		
57	0.11432	750	-0.625813	-71.410805		
58	0.107637	750	-0.618015	-72.02882		
59	0.101193	750	-0.609504	-72.638324		
60	0.094986	750	-0.574039	-73.212363		
61	0.089014	750	-0.555892	-73.768255		
62	0.083273	750	-0.550384	-74.318639		
63	0.07776	750	-0.519908	-74.838547		
64	0.072472	750	-0.513725	-75.352272		
65	0.067406	750	-0.484819	-75.837091		
66	0.062558	750	-0.468934	-76.306025		
67	0.057926	750	-0.460772	-76.766797		
68	0.053506	750	-0.428813	-77.19561		
69	0.049295	750	-0.416299	-77.611909		
70	0.045289	750	-0.39811	-78.010019		
71	0.041485	750	-0.380318	-78.390337		
72	0.03788	750	-0.36794	-78.758276		
73	0.034469	750	-0.348027	-79.106303		
74	0.03125	750	-0.325589	-79.431892		
75	0.028218	750	-0.304935	-79.736827		
76	0.02537	750	-0.293412	-80.030239		
77	0.022702	750	-0.274916	-80.305155		
78	0.020209	750	-0.273909	-80.579064		
79	0.017889	750	-0.255502	-80.834566		
80	0.015736	750	-0.233168	-81.067734		
81	0.013746	750	-0.21819	-81.285924		
82	0.011916	750	-0.209401	-81.495325		
83	0.01024	750	-0.193448	-81.688773		
84	0.008714	750	-0.178895	-81.867668		
85	0.007334	750	-0.163585	-82.031253		
86	0.006093	750	-0.140334	-82.171586		
87	0.004988	750	-0.137902	-82.309488		
88	0.004013	750	-0.11321	-82.422699		
89	0.003162	750	-0.100035	-82.522733		
90	0.00243	750	-0.081396	-82.60413		
91	0.00181	750	-0.071224	-82.675354		
92	0.001296	750	-0.062672	-82.738026		
93	0.000882	750	-0.053639	-82.791665		
94	0.000559	750	-0.040169	-82.831834		
95	0.00032	750	-0.028482	-82.860316		
96	0.000156	750	-0.022225	-82.882542		
97	0.000057	750	-0.012207	-82.894749		
98	0.00001	750	-0.005888	-82.900637		
99	0	750	-0.001221	-82.901857		
Log marginal likelihood:	-82.901857					
0	0.975187	750	-2.114968	-2.114968		
1	0.950747	750	-2.044544	-4.159512		
2	0.926679	750	-2.03354	-6.193052		
3	0.90298	750	-1.976001	-8.169054		
4	0.879648	750	-1.952879	-10.121933		
5	0.856682	750	-1.976516	-12.098449		
6	0.834079	750	-1.951496	-14.049945		
7	0.811838	750	-1.906039	-15.955984		
8	0.789957	750	-1.846998	-17.802982		
9	0.768433	750	-1.844616	-19.647597		
10	0.747266	750	-1.766549	-21.414146		
11	0.726452	750	-1.750857	-23.165004		
12	0.705989	750	-1.712635	-24.877639		
13	0.685877	750	-1.742912	-26.620551		
14	0.666112	750	-1.687445	-28.307996		
15	0.646693	750	-1.652181	-29.960178		
16	0.627618	750	-1.657992	-31.61817		
17	0.608884	750	-1.613297	-33.231467		
18	0.59049	750	-1.567427	-34.798894		
19	0.572433	750	-1.579777	-36.378671		
20	0.554712	750	-1.539253	-37.917924		
21	0.537324	750	-1.509675	-39.427599		
22	0.520268	750	-1.480911	-40.90851		
23	0.50354	750	-1.428104	-42.336615		
24	0.487139	750	-1.395851	-43.732466		
25	0.471063	750	-1.407654	-45.140121		
26	0.45531	750	-1.382318	-46.522439		
27	0.439877	750	-1.361933	-47.884372		
28	0.424762	750	-1.322034	-49.206406		
29	0.409963	750	-1.291407	-50.497813		
30	0.395478	750	-1.260187	-51.758		
31	0.381305	750	-1.253957	-53.011957		
32	0.36744	750	-1.232775	-54.244733		
33	0.353883	750	-1.191113	-55.435846		
34	0.34063	750	-1.159643	-56.595489		
35	0.32768	750	-1.154243	-57.749732		
36	0.31503	750	-1.117006	-58.866738		
37	0.302677	750	-1.096314	-59.963052		
38	0.290619	750	-1.059213	-61.022265		
39	0.278855	750	-1.042208	-62.064473		
40	0.267381	750	-1.023743	-63.088216		
41	0.256195	750	-0.995994	-64.08421		
42	0.245294	750	-0.989136	-65.073347		
43	0.234677	750	-0.94438	-66.017727		
44	0.22434	750	-0.926214	-66.943941		
45	0.214281	750	-0.897374	-67.841316		
46	0.204498	750	-0.872799	-68.714114		
47	0.194988	750	-0.857525	-69.571639		
48	0.185749	750	-0.833878	-70.405517		
49	0.176777	750	-0.805658	-71.211175		
50	0.16807	750	-0.782864	-71.994038		
51	0.159626	750	-0.766343	-72.760381		
52	0.151441	750	-0.752435	-73.512816		
53	0.143514	750	-0.730003	-74.242819		
54	0.135841	750	-0.713634	-74.956453		
55	0.12842	750	-0.677939	-75.634392		
56	0.121247	750	-0.669609	-76.304		
57	0.11432	750	-0.642524	-76.946524		
58	0.107637	750	-0.618814	-77.565339		
59	0.101193	750	-0.595744	-78.161083		
60	0.094986	750	-0.577469	-78.738552		
61	0.089014	750	-0.572155	-79.310707		
62	0.083273	750	-0.539056	-79.849763		
63	0.07776	750	-0.52366	-80.373422		
64	0.072472	750	-0.500304	-80.873727		
65	0.067406	750	-0.485136	-81.358863		
66	0.062558	750	-0.466414	-81.825277		
67	0.057926	750	-0.453063	-82.27834		
68	0.053506	750	-0.437544	-82.715884		
69	0.049295	750	-0.423524	-83.139409		
70	0.045289	750	-0.406333	-83.545742		
71	0.041485	750	-0.377521	-83.923263		
72	0.03788	750	-0.364949	-84.288212		
73	0.034469	750	-0.357776	-84.645988		
74	0.03125	750	-0.336524	-84.982512		
75	0.028218	750	-0.312529	-85.295042		
76	0.02537	750	-0.287432	-85.582474		
77	0.022702	750	-0.291823	-85.874297		
78	0.020209	750	-0.268598	-86.142895		
79	0.017889	750	-0.248657	-86.391552		
80	0.015736	750	-0.242388	-86.63394		
81	0.013746	750	-0.204666	-86.838606		
82	0.011916	750	-0.215352	-87.053958		
83	0.01024	750	-0.188629	-87.242588		
84	0.008714	750	-0.180277	-87.422864		
85	0.007334	750	-0.155487	-87.578351		
86	0.006093	750	-0.144443	-87.722794		
87	0.004988	750	-0.132365	-87.855159		
88	0.004013	750	-0.113147	-87.968306		
89	0.003162	750	-0.097305	-88.065611		
90	0.00243	750	-0.084732	-88.150343		
91	0.00181	750	-0.075576	-88.225919		
92	0.001296	750	-0.065148	-88.291066		
93	0.000882	750	-0.048813	-88.339879		
94	0.000559	750	-0.043582	-88.383462		
95	0.00032	750	-0.028672	-88.412134		
96	0.000156	750	-0.019891	-88.432025		
97	0.000057	750	-0.012351	-88.444376		
98	0.00001	750	-0.005442	-88.449818		
99	0	750	-0.001151	-88.450969		
Log marginal likelihood:	-88.450969					
0	0.975187	750	-1.86061	-1.86061		
1	0.950747	750	-1.858841	-3.719451		
2	0.926679	750	-1.797634	-5.517085		
3	0.90298	750	-1.798814	-7.3159		
4	0.879648	750	-1.745013	-9.060913		
5	0.856682	750	-1.7319	-10.792813		
6	0.834079	750	-1.67744	-12.470253		
7	0.811838	750	-1.662146	-14.132399		
8	0.789957	750	-1.657713	-15.790112		
9	0.768433	750	-1.602285	-17.392397		
10	0.747266	750	-1.582365	-18.974762		
11	0.726452	750	-1.605949	-20.580711		
12	0.705989	750	-1.557629	-22.13834		
13	0.685877	750	-1.555828	-23.694168		
14	0.666112	750	-1.501012	-25.19518		
15	0.646693	750	-1.516093	-26.711273		
16	0.627618	750	-1.500455	-28.211728		
17	0.608884	750	-1.427405	-29.639133		
18	0.59049	750	-1.409911	-31.049044		
19	0.572433	750	-1.383541	-32.432585		
20	0.554712	750	-1.42311	-33.855695		
21	0.537324	750	-1.348713	-35.204408		
22	0.520268	750	-1.343002	-36.54741		
23	0.50354	750	-1.304175	-37.851585		
24	0.487139	750	-1.277792	-39.129377		
25	0.471063	750	-1.25713	-40.386507		
26	0.45531	750	-1.26741	-41.653917		
27	0.439877	750	-1.234149	-42.888066		
28	0.424762	750	-1.237826	-44.125892		
29	0.409963	750	-1.201358	-45.32725		
30	0.395478	750	-1.136406	-46.463656		
31	0.381305	750	-1.149961	-47.613617		
32	0.36744	750	-1.160464	-48.774081		
33	0.353883	750	-1.0881	-49.862181		
34	0.34063	750	-1.066965	-50.929145		
35	0.32768	750	-1.023691	-51.952836		
36	0.31503	750	-1.043576	-52.996413		
37	0.302677	750	-1.01237	-54.008783		
38	0.290619	750	-1.000059	-55.008842		
39	0.278855	750	-0.99128	-56.000122		
40	0.267381	750	-0.987758	-56.98788		
41	0.256195	750	-0.927766	-57.915647		
42	0.245294	750	-0.920628	-58.836275		
43	0.234677	750	-0.922904	-59.759179		
44	0.22434	750	-0.886038	-60.645216		
45	0.214281	750	-0.867563	-61.512779		
46	0.204498	750	-0.856425	-62.369204		
47	0.194988	750	-0.840161	-63.209365		
48	0.185749	750	-0.804473	-64.013838		
49	0.176777	750	-0.784836	-64.798674		
50	0.16807	750	-0.747942	-65.546616		
51	0.159626	750	-0.732879	-66.279495		
52	0.151441	750	-0.724235	-67.003729		
53	0.143514	750	-0.694791	-67.69852		
54	0.135841	750	-0.678093	-68.376613		
55	0.12842	750	-0.668156	-69.044769		
56	0.121247	750	-0.640122	-69.684891		
57	0.11432	750	-0.61096	-70.295851		
58	0.107637	750	-0.601853	-70.897704		
59	0.101193	750	-0.577572	-71.475276		
60	0.094986	750	-0.565016	-72.040292		
61	0.089014	750	-0.54416	-72.584452		
62	0.083273	750	-0.523671	-73.108123		
63	0.07776	750	-0.510018	-73.618141		
64	0.072472	750	-0.491956	-74.110097		
65	0.067406	750	-0.484846	-74.594943		
66	0.062558	750	-0.454125	-75.049068		
67	0.057926	750	-0.436533	-75.485601		
68	0.053506	750	-0.43001	-75.915612		
69	0.049295	750	-0.405181	-76.320793		
70	0.045289	750	-0.380461	-76.701254		
71	0.041485	750	-0.362438	-77.063691		
72	0.03788	750	-0.351199	-77.41489		
73	0.034469	750	-0.332668	-77.747558		
74	0.03125	750	-0.326856	-78.074415		
75	0.028218	750	-0.307178	-78.381593		
76	0.02537	750	-0.28895	-78.670542		
77	0.022702	750	-0.279071	-78.949613		
78	0.020209	750	-0.265358	-79.214971		
79	0.017889	750	-0.231974	-79.446945		
80	0.015736	750	-0.22076	-79.667704		
81	0.013746	750	-0.206161	-79.873866		
82	0.011916	750	-0.203347	-80.077213		
83	0.01024	750	-0.192302	-80.269515		
84	0.008714	750	-0.164389	-80.433904		
85	0.007334	750	-0.14858	-80.582484		
86	0.006093	750	-0.14289	-80.725374		
87	0.004988	750	-0.127109	-80.852483		
88	0.004013	750	-0.11011	-80.962593		
89	0.003162	750	-0.092105	-81.054698		
90	0.00243	750	-0.081963	-81.136661		
91	0.00181	750	-0.069416	-81.206077		
92	0.001296	750	-0.062437	-81.268514		
93	0.000882	750	-0.04835	-81.316864		
94	0.000559	750	-0.039926	-81.356791		
95	0.00032	750	-0.026436	-81.383227		
96	0.000156	750	-0.020269	-81.403495		
97	0.000057	750	-0.011502	-81.414997		
98	0.00001	750	-0.00537	-81.420367		
99	0	750	-0.001199	-81.421567		
Log marginal likelihood:	-81.421567					
0	0.975187	750	-2.015373	-2.015373		
1	0.950747	750	-2.003766	-4.019139		
2	0.926679	750	-1.950652	-5.969791		
3	0.90298	750	-1.917955	-7.887746		
4	0.879648	750	-1.879503	-9.767248		
5	0.856682	750	-1.905447	-11.672696		
6	0.834079	750	-1.861034	-13.53373		
7	0.811838	750	-1.822213	-15.355943		
8	0.789957	750	-1.775416	-17.131359		
9	0.768433	750	-1.767661	-18.89902		
10	0.747266	750	-1.724245	-20.623265		
11	0.726452	750	-1.813474	-22.436739		
12	0.705989	750	-1.730784	-24.167522		
13	0.685877	750	-1.658867	-25.826389		
14	0.666112	750	-1.635337	-27.461726		
15	0.646693	750	-1.669423	-29.13115		
16	0.627618	750	-1.639744	-30.770893		
17	0.608884	750	-1.661391	-32.432284		
18	0.59049	750	-1.52436	-33.956644		
19	0.572433	750	-1.516973	-35.473617		
20	0.554712	750	-1.523012	-36.996629		
21	0.537324	750	-1.432787	-38.429416		
22	0.520268	750	-1.473944	-39.90336		
23	0.50354	750	-1.504521	-41.40788		
24	0.487139	750	-1.466259	-42.874139		
25	0.471063	750	-1.441987	-44.316126		
26	0.45531	750	-1.423019	-45.739145		
27	0.439877	750	-1.336168	-47.075313		
28	0.424762	750	-1.375239	-48.450552		
29	0.409963	750	-1.279576	-49.730128		
30	0.395478	750	-1.286882	-51.01701		
31	0.381305	750	-1.257272	-52.274283		
32	0.36744	750	-1.25917	-53.533453		
33	0.353883	750	-1.222552	-54.756005		
34	0.34063	750	-1.196673	-55.952678		
35	0.32768	750	-1.15392	-57.106597		
36	0.31503	750	-1.143349	-58.249946		
37	0.302677	750	-1.086081	-59.336028		
38	0.290619	750	-1.108119	-60.444146		
39	0.278855	750	-1.059162	-61.503308		
40	0.267381	750	-1.04719	-62.550498		
41	0.256195	750	-1.0202	-63.570697		
42	0.245294	750	-0.999137	-64.569834		
43	0.234677	750	-0.966398	-65.536232		
44	0.22434	750	-0.939996	-66.476228		
45	0.214281	750	-0.920893	-67.397121		
46	0.204498	750	-0.907472	-68.304594		
47	0.194988	750	-0.874593	-69.179186		
48	0.185749	750	-0.855791	-70.034977		
49	0.176777	750	-0.828982	-70.863959		
50	0.16807	750	-0.808835	-71.672795		
51	0.159626	750	-0.786381	-72.459176		
52	0.151441	750	-0.761568	-73.220744		
53	0.143514	750	-0.73473	-73.955474		
54	0.135841	750	-0.714863	-74.670337		
55	0.12842	750	-0.711313	-75.38165		
56	0.121247	750	-0.679225	-76.060875		
57	0.11432	750	-0.655677	-76.716552		
58	0.107637	750	-0.63355	-77.350102		
59	0.101193	750	-0.61851	-77.968612		
60	0.094986	750	-0.60167	-78.570281		
61	0.089014	750	-0.576127	-79.146408		
62	0.083273	750	-0.558371	-79.704779		
63	0.07776	750	-0.547983	-80.252762		
64	0.072472	750	-0.516345	-80.769107		
65	0.067406	750	-0.494619	-81.263726		
66	0.062558	750	-0.482949	-81.746674		
67	0.057926	750	-0.493773	-82.240447		
68	0.053506	750	-0.44086	-82.681307		
69	0.049295	750	-0.423257	-83.104563		
70	0.045289	750	-0.411131	-83.515694		
71	0.041485	750	-0.391413	-83.907107		
72	0.03788	750	-0.370323	-84.277431		
73	0.034469	750	-0.347756	-84.625187		
74	0.03125	750	-0.334037	-84.959223		
75	0.028218	750	-0.327245	-85.286468		
76	0.02537	750	-0.292013	-85.578481		
77	0.022702	750	-0.291241	-85.869722		
78	0.020209	750	-0.265735	-86.135457		
79	0.017889	750	-0.241454	-86.376911		
80	0.015736	750	-0.236734	-86.613645		
81	0.013746	750	-0.226933	-86.840578		
82	0.011916	750	-0.213596	-87.054174		
83	0.01024	750	-0.180695	-87.234869		
84	0.008714	750	-0.17152	-87.406389		
85	0.007334	750	-0.162297	-87.568685		
86	0.006093	750	-0.141598	-87.710283		
87	0.004988	750	-0.128733	-87.839016		
88	0.004013	750	-0.119058	-87.958074		
89	0.003162	750	-0.104331	-88.062405		
90	0.00243	750	-0.089272	-88.151676		
91	0.00181	750	-0.076922	-88.228599		
92	0.001296	750	-0.063769	-88.292367		
93	0.000882	750	-0.04554	-88.337907		
94	0.000559	750	-0.041319	-88.379226		
95	0.00032	750	-0.0303	-88.409526		
96	0.000156	750	-0.020486	-88.430012		
97	0.000057	750	-0.012821	-88.442833		
98	0.00001	750	-0.005512	-88.448345		
99	0	750	-0.001208	-88.449552		
Log marginal likelihood:	-88.449552					
0	0.975187	750	-1.982177	-1.982177		
1	0.950747	750	-1.95496	-3.937136		
2	0.926679	750	-1.920738	-5.857875		
3	0.90298	750	-1.898767	-7.756641		
4	0.879648	750	-1.866388	-9.62303		
5	0.856682	750	-1.84989	-11.47292		
6	0.834079	750	-1.974956	-13.447876		
7	0.811838	750	-1.80913	-15.257006		
8	0.789957	750	-1.759226	-17.016232		
9	0.768433	750	-1.736504	-18.752736		
10	0.747266	750	-1.760562	-20.513297		
11	0.726452	750	-1.823343	-22.336641		
12	0.705989	750	-1.771236	-24.107877		
13	0.685877	750	-1.646839	-25.754716		
14	0.666112	750	-1.651257	-27.405972		
15	0.646693	750	-1.593694	-28.999666		
16	0.627618	750	-1.609269	-30.608935		
17	0.608884	750	-1.553074	-32.162009		
18	0.59049	750	-1.582753	-33.744762		
19	0.572433	750	-1.471852	-35.216614		
20	0.554712	750	-1.511802	-36.728416		
21	0.537324	750	-1.503813	-38.232229		
22	0.520268	750	-1.496181	-39.72841		
23	0.50354	750	-1.475428	-41.203838		
24	0.487139	750	-1.403531	-42.607368		
25	0.471063	750	-1.420661	-44.028029		
26	0.45531	750	-1.387519	-45.415548		
27	0.439877	750	-1.361318	-46.776867		
28	0.424762	750	-1.320697	-48.097564		
29	0.409963	750	-1.30835	-49.405914		
30	0.395478	750	-1.291243	-50.697157		
31	0.381305	750	-1.248564	-51.94572		
32	0.36744	750	-1.205171	-53.150891		
33	0.353883	750	-1.174305	-54.325196		
34	0.34063	750	-1.17827	-55.503466		
35	0.32768	750	-1.146687	-56.650153		
36	0.31503	750	-1.127087	-57.77724		
37	0.302677	750	-1.092023	-58.869263		
38	0.290619	750	-1.076519	-59.945782		
39	0.278855	750	-1.03046	-60.976241		
40	0.267381	750	-1.03448	-62.010721		
41	0.256195	750	-0.990225	-63.000946		
42	0.245294	750	-0.978165	-63.979111		
43	0.234677	750	-0.955512	-64.934623		
44	0.22434	750	-0.925303	-65.859927		
45	0.214281	750	-0.896309	-66.756236		
46	0.204498	750	-0.876835	-67.633071		
47	0.194988	750	-0.861774	-68.494845		
48	0.185749	750	-0.8457	-69.340544		
49	0.176777	750	-0.811674	-70.152218		
50	0.16807	750	-0.802903	-70.955122		
51	0.159626	750	-0.773644	-71.728766		
52	0.151441	750	-0.75211	-72.480877		
53	0.143514	750	-0.733052	-73.213929		
54	0.135841	750	-0.715785	-73.929714		
55	0.12842	750	-0.68675	-74.616464		
56	0.121247	750	-0.662588	-75.279052		
57	0.11432	750	-0.648004	-75.927056		
58	0.107637	750	-0.629997	-76.557052		
59	0.101193	750	-0.610542	-77.167594		
60	0.094986	750	-0.579171	-77.746765		
61	0.089014	750	-0.567538	-78.314304		
62	0.083273	750	-0.549452	-78.863756		
63	0.07776	750	-0.535267	-79.399023		
64	0.072472	750	-0.506537	-79.90556		
65	0.067406	750	-0.482339	-80.387899		
66	0.062558	750	-0.465043	-80.852942		
67	0.057926	750	-0.452823	-81.305765		
68	0.053506	750	-0.43228	-81.738044		
69	0.049295	750	-0.423388	-82.161433		
70	0.045289	750	-0.403758	-82.56519		
71	0.041485	750	-0.378812	-82.944002		
72	0.03788	750	-0.357261	-83.301263		
73	0.034469	750	-0.34599	-83.647252		
74	0.03125	750	-0.342478	-83.989731		
75	0.028218	750	-0.306632	-84.296363		
76	0.02537	750	-0.291133	-84.587496		
77	0.022702	750	-0.279175	-84.866671		
78	0.020209	750	-0.257761	-85.124432		
79	0.017889	750	-0.246779	-85.371212		
80	0.015736	750	-0.238143	-85.609355		
81	0.013746	750	-0.216745	-85.8261		
82	0.011916	750	-0.207769	-86.033868		
83	0.01024	750	-0.184853	-86.218721		
84	0.008714	750	-0.166513	-86.385234		
85	0.007334	750	-0.157444	-86.542678		
86	0.006093	750	-0.148368	-86.691046		
87	0.004988	750	-0.133596	-86.824643		
88	0.004013	750	-0.109886	-86.934529		
89	0.003162	750	-0.104006	-87.038535		
90	0.00243	750	-0.084269	-87.122805		
91	0.00181	750	-0.075255	-87.198059		
92	0.001296	750	-0.059389	-87.257449		
93	0.000882	750	-0.051581	-87.309029		
94	0.000559	750	-0.038638	-87.347667		
95	0.00032	750	-0.029944	-87.377611		
96	0.000156	750	-0.018066	-87.395677		
97	0.000057	750	-0.012535	-87.408212		
98	0.00001	750	-0.005699	-87.413911		
99	0	750	-0.001278	-87.415189		
Log marginal likelihood:	-87.415189					
0	0.975187	750	-1.811881	-1.811881		
1	0.950747	750	-1.764623	-3.576504		
2	0.926679	750	-1.718765	-5.295269		
3	0.90298	750	-1.703332	-6.998601		
4	0.879648	750	-1.681352	-8.679953		
5	0.856682	750	-1.665053	-10.345007		
6	0.834079	750	-1.633564	-11.978571		
7	0.811838	750	-1.620032	-13.598603		
8	0.789957	750	-1.609098	-15.207701		
9	0.768433	750	-1.548539	-16.75624		
10	0.747266	750	-1.546903	-18.303143		
11	0.726452	750	-1.516109	-19.819252		
12	0.705989	750	-1.496019	-21.315272		
13	0.685877	750	-1.459792	-22.775063		
14	0.666112	750	-1.439829	-24.214893		
15	0.646693	750	-1.426214	-25.641106		
16	0.627618	750	-1.408528	-27.049634		
17	0.608884	750	-1.379461	-28.429095		
18	0.59049	750	-1.404063	-29.833158		
19	0.572433	750	-1.342446	-31.175604		
20	0.554712	750	-1.310307	-32.485911		
21	0.537324	750	-1.330889	-33.8168		
22	0.520268	750	-1.308733	-35.125533		
23	0.50354	750	-1.241512	-36.367045		
24	0.487139	750	-1.305504	-37.672549		
25	0.471063	750	-1.220946	-38.893495		
26	0.45531	750	-1.29267	-40.186165		
27	0.439877	750	-1.159491	-41.345656		
28	0.424762	750	-1.132266	-42.477922		
29	0.409963	750	-1.180459	-43.658381		
30	0.395478	750	-1.098332	-44.756713		
31	0.381305	750	-1.164854	-45.921567		
32	0.36744	750	-1.101007	-47.022574		
33	0.353883	750	-1.060647	-48.083221		
34	0.34063	750	-1.084173	-49.167394		
35	0.32768	750	-1.038977	-50.206371		
36	0.31503	750	-1.038631	-51.245002		
37	0.302677	750	-1.010888	-52.25589		
38	0.290619	750	-0.954498	-53.210388		
39	0.278855	750	-0.988123	-54.198511		
40	0.267381	750	-0.9048	-55.103311		
41	0.256195	750	-0.940082	-56.043393		
42	0.245294	750	-0.875869	-56.919262		
43	0.234677	750	-0.89763	-57.816892		
44	0.22434	750	-0.873298	-58.69019		
45	0.214281	750	-0.863259	-59.553449		
46	0.204498	750	-0.839058	-60.392508		
47	0.194988	750	-0.826928	-61.219436		
48	0.185749	750	-0.803606	-62.023042		
49	0.176777	750	-0.760231	-62.783274		
50	0.16807	750	-0.756104	-63.539378		
51	0.159626	750	-0.705256	-64.244634		
52	0.151441	750	-0.71903	-64.963664		
53	0.143514	750	-0.695064	-65.658728		
54	0.135841	750	-0.670613	-66.329341		
55	0.12842	750	-0.655096	-66.984437		
56	0.121247	750	-0.642522	-67.626959		
57	0.11432	750	-0.617515	-68.244475		
58	0.107637	750	-0.585405	-68.82988		
59	0.101193	750	-0.586611	-69.416491		
60	0.094986	750	-0.545719	-69.96221		
61	0.089014	750	-0.533277	-70.495486		
62	0.083273	750	-0.520388	-71.015874		
63	0.07776	750	-0.504843	-71.520717		
64	0.072472	750	-0.476348	-71.997064		
65	0.067406	750	-0.465947	-72.463011		
66	0.062558	750	-0.451153	-72.914165		
67	0.057926	750	-0.435954	-73.350119		
68	0.053506	750	-0.412272	-73.762391		
69	0.049295	750	-0.402315	-74.164707		
70	0.045289	750	-0.400695	-74.565402		
71	0.041485	750	-0.36038	-74.925781		
72	0.03788	750	-0.357839	-75.28362		
73	0.034469	750	-0.346684	-75.630304		
74	0.03125	750	-0.323445	-75.953749		
75	0.028218	750	-0.314391	-76.26814		
76	0.02537	750	-0.287452	-76.555592		
77	0.022702	750	-0.275168	-76.83076		
78	0.020209	750	-0.255857	-77.086617		
79	0.017889	750	-0.23668	-77.323297		
80	0.015736	750	-0.230035	-77.553332		
81	0.013746	750	-0.217788	-77.77112		
82	0.011916	750	-0.197793	-77.968913		
83	0.01024	750	-0.171841	-78.140754		
84	0.008714	750	-0.166368	-78.307123		
85	0.007334	750	-0.149473	-78.456596		
86	0.006093	750	-0.149947	-78.606543		
87	0.004988	750	-0.131776	-78.738319		
88	0.004013	750	-0.112663	-78.850982		
89	0.003162	750	-0.094862	-78.945844		
90	0.00243	750	-0.098097	-79.043941		
91	0.00181	750	-0.073762	-79.117704		
92	0.001296	750	-0.066444	-79.184147		
93	0.000882	750	-0.044269	-79.228417		
94	0.000559	750	-0.037105	-79.265522		
95	0.00032	750	-0.0271	-79.292622		
96	0.000156	750	-0.018135	-79.310757		
97	0.000057	750	-0.01205	-79.322807		
98	0.00001	750	-0.005458	-79.328265		
99	0	750	-0.001193	-79.329458		
Log marginal likelihood:	-79.329458					
0	0.975187	750	-2.16923	-2.16923		
1	0.950747	750	-2.134352	-4.303583		
2	0.926679	750	-1.97931	-6.282893		
3	0.90298	750	-2.004572	-8.287465		
4	0.879648	750	-1.945033	-10.232498		
5	0.856682	750	-1.93647	-12.168968		
6	0.834079	750	-1.913143	-14.082112		
7	0.811838	750	-1.848716	-15.930828		
8	0.789957	750	-1.816741	-17.747569		
9	0.768433	750	-1.871003	-19.618572		
10	0.747266	750	-1.82236	-21.440933		
11	0.726452	750	-1.743869	-23.184802		
12	0.705989	750	-1.788346	-24.973148		
13	0.685877	750	-1.766673	-26.73982		
14	0.666112	750	-1.649982	-28.389802		
15	0.646693	750	-1.634817	-30.024619		
16	0.627618	750	-1.67694	-31.701559		
17	0.608884	750	-1.652439	-33.353998		
18	0.59049	750	-1.615358	-34.969356		
19	0.572433	750	-1.588999	-36.558354		
20	0.554712	750	-1.555956	-38.11431		
21	0.537324	750	-1.529087	-39.643398		
22	0.520268	750	-1.487943	-41.13134		
23	0.50354	750	-1.476722	-42.608062		
24	0.487139	750	-1.421887	-44.029949		
25	0.471063	750	-1.392963	-45.422912		
26	0.45531	750	-1.374467	-46.797379		
27	0.439877	750	-1.355721	-48.1531		
28	0.424762	750	-1.340037	-49.493137		
29	0.409963	750	-1.298429	-50.791567		
30	0.395478	750	-1.276723	-52.068289		
31	0.381305	750	-1.264125	-53.332414		
32	0.36744	750	-1.219827	-54.552242		
33	0.353883	750	-1.205171	-55.757413		
34	0.34063	750	-1.184983	-56.942396		
35	0.32768	750	-1.143588	-58.085984		
36	0.31503	750	-1.13459	-59.220574		
37	0.302677	750	-1.107495	-60.32807		
38	0.290619	750	-1.082886	-61.410955		
39	0.278855	750	-1.054559	-62.465514		
40	0.267381	750	-1.008775	-63.474289		
41	0.256195	750	-1.000031	-64.47432		
42	0.245294	750	-0.966169	-65.440489		
43	0.234677	750	-0.956638	-66.397126		
44	0.22434	750	-0.939307	-67.336434		
45	0.214281	750	-0.907667	-68.244101		
46	0.204498	750	-0.890021	-69.134122		
47	0.194988	750	-0.864748	-69.99887		
48	0.185749	750	-0.842639	-70.841509		
49	0.176777	750	-0.820336	-71.661844		
50	0.16807	750	-0.798937	-72.460782		
51	0.159626	750	-0.77311	-73.233892		
52	0.151441	750	-0.753352	-73.987244		
53	0.143514	750	-0.735687	-74.722931		
54	0.135841	750	-0.712559	-75.43549		
55	0.12842	750	-0.702558	-76.138048		
56	0.121247	750	-0.662659	-76.800707		
57	0.11432	750	-0.638978	-77.439685		
58	0.107637	750	-0.619812	-78.059497		
59	0.101193	750	-0.6084	-78.667898		
60	0.094986	750	-0.585194	-79.253092		
61	0.089014	750	-0.571941	-79.825033		
62	0.083273	750	-0.548271	-80.373305		
63	0.07776	750	-0.534355	-80.907659		
64	0.072472	750	-0.507912	-81.415572		
65	0.067406	750	-0.486745	-81.902317		
66	0.062558	750	-0.464864	-82.367181		
67	0.057926	750	-0.456893	-82.824074		
68	0.053506	750	-0.43435	-83.258424		
69	0.049295	750	-0.423259	-83.681683		
70	0.045289	750	-0.401973	-84.083656		
71	0.041485	750	-0.392146	-84.475801		
72	0.03788	750	-0.369813	-84.845614		
73	0.034469	750	-0.341985	-85.187599		
74	0.03125	750	-0.329656	-85.517256		
75	0.028218	750	-0.316175	-85.833431		
76	0.02537	750	-0.299915	-86.133345		
77	0.022702	750	-0.278127	-86.411473		
78	0.020209	750	-0.253922	-86.665395		
79	0.017889	750	-0.253522	-86.918916		
80	0.015736	750	-0.224508	-87.143424		
81	0.013746	750	-0.209301	-87.352725		
82	0.011916	750	-0.19538	-87.548105		
83	0.01024	750	-0.205585	-87.753689		
84	0.008714	750	-0.178069	-87.931758		
85	0.007334	750	-0.16534	-88.097099		
86	0.006093	750	-0.144349	-88.241448		
87	0.004988	750	-0.137043	-88.378491		
88	0.004013	750	-0.108792	-88.487283		
89	0.003162	750	-0.100127	-88.58741		
90	0.00243	750	-0.082344	-88.669753		
91	0.00181	750	-0.076677	-88.746431		
92	0.001296	750	-0.060784	-88.807215		
93	0.000882	750	-0.050029	-88.857244		
94	0.000559	750	-0.037751	-88.894995		
95	0.00032	750	-0.027703	-88.922698		
96	0.000156	750	-0.019535	-88.942233		
97	0.000057	750	-0.012596	-88.954829		
98	0.00001	750	-0.005699	-88.960529		
99	0	750	-0.001174	-88.961703		
Log marginal likelihood:	-88.961703					
0	0.975187	750	-2.171105	-2.171105		
1	0.950747	750	-2.000117	-4.171223		
2	0.926679	750	-2.039684	-6.210907		
3	0.90298	750	-1.94152	-8.152427		
4	0.879648	750	-1.922181	-10.074609		
5	0.856682	750	-1.902785	-11.977393		
6	0.834079	750	-1.876369	-13.853762		
7	0.811838	750	-1.832564	-15.686326		
8	0.789957	750	-1.891749	-17.578075		
9	0.768433	750	-1.809272	-19.387347		
10	0.747266	750	-1.742575	-21.129922		
11	0.726452	750	-1.811053	-22.940975		
12	0.705989	750	-1.700306	-24.641281		
13	0.685877	750	-1.745487	-26.386768		
14	0.666112	750	-1.682952	-28.06972		
15	0.646693	750	-1.711352	-29.781072		
16	0.627618	750	-1.61598	-31.397052		
17	0.608884	750	-1.584303	-32.981356		
18	0.59049	750	-1.618651	-34.600007		
19	0.572433	750	-1.526063	-36.12607		
20	0.554712	750	-1.547524	-37.673593		
21	0.537324	750	-1.508726	-39.18232		
22	0.520268	750	-1.488535	-40.670855		
23	0.50354	750	-1.481572	-42.152427		
24	0.487139	750	-1.440865	-43.593292		
25	0.471063	750	-1.424	-45.017292		
26	0.45531	750	-1.333827	-46.351119		
27	0.439877	750	-1.334733	-47.685852		
28	0.424762	750	-1.33884	-49.024692		
29	0.409963	750	-1.264653	-50.289345		
30	0.395478	750	-1.290629	-51.579974		
31	0.381305	750	-1.226936	-52.806909		
32	0.36744	750	-1.235803	-54.042712		
33	0.353883	750	-1.195912	-55.238624		
34	0.34063	750	-1.174162	-56.412786		
35	0.32768	750	-1.154914	-57.5677		
36	0.31503	750	-1.124392	-58.692092		
37	0.302677	750	-1.103944	-59.796036		
38	0.290619	750	-1.073546	-60.869582		
39	0.278855	750	-1.049306	-61.918888		
40	0.267381	750	-1.036109	-62.954997		
41	0.256195	750	-1.002974	-63.957971		
42	0.245294	750	-0.975595	-64.933566		
43	0.234677	750	-0.933912	-65.867478		
44	0.22434	750	-0.921448	-66.788925		
45	0.214281	750	-0.909158	-67.698083		
46	0.204498	750	-0.885773	-68.583856		
47	0.194988	750	-0.851511	-69.435367		
48	0.185749	750	-0.843087	-70.278454		
49	0.176777	750	-0.827597	-71.10605		
50	0.16807	750	-0.794371	-71.900422		
51	0.159626	750	-0.750171	-72.650593		
52	0.151441	750	-0.742547	-73.39314		
53	0.143514	750	-0.72267	-74.11581		
54	0.135841	750	-0.70316	-74.81897		
55	0.12842	750	-0.682476	-75.501446		
56	0.121247	750	-0.669729	-76.171175		
57	0.11432	750	-0.649532	-76.820707		
58	0.107637	750	-0.626528	-77.447235		
59	0.101193	750	-0.601305	-78.04854		
60	0.094986	750	-0.586659	-78.6352		
61	0.089014	750	-0.561816	-79.197016		
62	0.083273	750	-0.54548	-79.742496		
63	0.07776	750	-0.532746	-80.275242		
64	0.072472	750	-0.50965	-80.784892		
65	0.067406	750	-0.483999	-81.268891		
66	0.062558	750	-0.470886	-81.739777		
67	0.057926	750	-0.446102	-82.185879		
68	0.053506	750	-0.434841	-82.62072		
69	0.049295	750	-0.415021	-83.035741		
70	0.045289	750	-0.394143	-83.429884		
71	0.041485	750	-0.393399	-83.823283		
72	0.03788	750	-0.353343	-84.176626		
73	0.034469	750	-0.354187	-84.530813		
74	0.03125	750	-0.329119	-84.859933		
75	0.028218	750	-0.317287	-85.17722		
76	0.02537	750	-0.289906	-85.467125		
77	0.022702	750	-0.279213	-85.746339		
78	0.020209	750	-0.261143	-86.007481		
79	0.017889	750	-0.255045	-86.262526		
80	0.015736	750	-0.238772	-86.501299		
81	0.013746	750	-0.215415	-86.716714		
82	0.011916	750	-0.196312	-86.913026		
83	0.01024	750	-0.179296	-87.092322		
84	0.008714	750	-0.178771	-87.271093		
85	0.007334	750	-0.156475	-87.427567		
86	0.006093	750	-0.140606	-87.568173		
87	0.004988	750	-0.130724	-87.698897		
88	0.004013	750	-0.106961	-87.805858		
89	0.003162	750	-0.097475	-87.903333		
90	0.00243	750	-0.086381	-87.989715		
91	0.00181	750	-0.071812	-88.061527		
92	0.001296	750	-0.05576	-88.117287		
93	0.000882	750	-0.047353	-88.16464		
94	0.000559	750	-0.037184	-88.201824		
95	0.00032	750	-0.027181	-88.229004		
96	0.000156	750	-0.019826	-88.248831		
97	0.000057	750	-0.01225	-88.261081		
98	0.00001	750	-0.005816	-88.266896		
99	0	750	-0.001156	-88.268053		
Log marginal likelihood:	-88.268053					
0	0.975187	750	-1.819158	-1.819158		
1	0.950747	750	-1.787625	-3.606782		
2	0.926679	750	-1.762571	-5.369353		
3	0.90298	750	-1.76201	-7.131363		
4	0.879648	750	-1.745248	-8.876611		
5	0.856682	750	-1.765021	-10.641632		
6	0.834079	750	-1.669689	-12.311322		
7	0.811838	750	-1.684037	-13.995358		
8	0.789957	750	-1.688324	-15.683682		
9	0.768433	750	-1.625326	-17.309008		
10	0.747266	750	-1.620177	-18.929185		
11	0.726452	750	-1.557079	-20.486264		
12	0.705989	750	-1.578238	-22.064502		
13	0.685877	750	-1.519949	-23.584451		
14	0.666112	750	-1.537753	-25.122204		
15	0.646693	750	-1.511704	-26.633908		
16	0.627618	750	-1.445237	-28.079145		
17	0.608884	750	-1.428631	-29.507776		
18	0.59049	750	-1.42981	-30.937586		
19	0.572433	750	-1.555459	-32.493045		
20	0.554712	750	-1.444266	-33.937311		
21	0.537324	750	-1.4707	-35.408011		
22	0.520268	750	-1.379865	-36.787877		
23	0.50354	750	-1.393973	-38.181849		
24	0.487139	750	-1.334996	-39.516845		
25	0.471063	750	-1.271736	-40.788581		
26	0.45531	750	-1.3227	-42.111281		
27	0.439877	750	-1.277643	-43.388925		
28	0.424762	750	-1.246951	-44.635876		
29	0.409963	750	-1.235156	-45.871032		
30	0.395478	750	-1.244981	-47.116013		
31	0.381305	750	-1.199884	-48.315897		
32	0.36744	750	-1.162122	-49.478019		
33	0.353883	750	-1.146206	-50.624225		
34	0.34063	750	-1.144663	-51.768888		
35	0.32768	750	-1.140034	-52.908922		
36	0.31503	750	-1.070724	-53.979646		
37	0.302677	750	-1.057232	-55.036878		
38	0.290619	750	-1.041727	-56.078606		
39	0.278855	750	-1.019131	-57.097737		
40	0.267381	750	-1.000346	-58.098083		
41	0.256195	750	-0.957632	-59.055715		
42	0.245294	750	-0.939017	-59.994731		
43	0.234677	750	-0.951782	-60.946513		
44	0.22434	750	-0.897996	-61.844509		
45	0.214281	750	-0.890257	-62.734766		
46	0.204498	750	-0.833164	-63.56793		
47	0.194988	750	-0.841889	-64.409818		
48	0.185749	750	-0.819469	-65.229287		
49	0.176777	750	-0.792691	-66.021978		
50	0.16807	750	-0.764084	-66.786062		
51	0.159626	750	-0.749107	-67.535169		
52	0.151441	750	-0.728835	-68.264004		
53	0.143514	750	-0.717196	-68.981199		
54	0.135841	750	-0.710256	-69.691455		
55	0.12842	750	-0.677271	-70.368726		
56	0.121247	750	-0.660293	-71.029019		
57	0.11432	750	-0.644856	-71.673875		
58	0.107637	750	-0.629785	-72.30366		
59	0.101193	750	-0.603797	-72.907457		
60	0.094986	750	-0.572125	-73.479582		
61	0.089014	750	-0.562523	-74.042105		
62	0.083273	750	-0.525965	-74.568071		
63	0.07776	750	-0.515874	-75.083945		
64	0.072472	750	-0.491077	-75.575022		
65	0.067406	750	-0.479819	-76.05484		
66	0.062558	750	-0.465485	-76.520325		
67	0.057926	750	-0.457645	-76.97797		
68	0.053506	750	-0.431402	-77.409373		
69	0.049295	750	-0.410704	-77.820076		
70	0.045289	750	-0.406868	-78.226944		
71	0.041485	750	-0.382295	-78.60924		
72	0.03788	750	-0.377161	-78.986401		
73	0.034469	750	-0.339523	-79.325924		
74	0.03125	750	-0.31945	-79.645374		
75	0.028218	750	-0.307371	-79.952745		
76	0.02537	750	-0.298139	-80.250884		
77	0.022702	750	-0.27677	-80.527654		
78	0.020209	750	-0.271568	-80.799222		
79	0.017889	750	-0.241161	-81.040383		
80	0.015736	750	-0.228395	-81.268779		
81	0.013746	750	-0.215219	-81.483998		
82	0.011916	750	-0.202029	-81.686027		
83	0.01024	750	-0.184662	-81.87069		
84	0.008714	750	-0.178232	-82.048922		
85	0.007334	750	-0.153622	-82.202544		
86	0.006093	750	-0.144763	-82.347306		
87	0.004988	750	-0.125313	-82.472619		
88	0.004013	750	-0.11265	-82.585269		
89	0.003162	750	-0.101724	-82.686993		
90	0.00243	750	-0.094236	-82.781229		
91	0.00181	750	-0.072549	-82.853777		
92	0.001296	750	-0.060524	-82.914302		
93	0.000882	750	-0.052189	-82.96649		
94	0.000559	750	-0.038422	-83.004912		
95	0.00032	750	-0.027465	-83.032377		
96	0.000156	750	-0.019397	-83.051774		
97	0.000057	750	-0.012017	-83.063791		
98	0.00001	750	-0.005641	-83.069431		
99	0	750	-0.001187	-83.070618		
Log marginal likelihood:	-83.070618					
0	0.975187	750	-2.087576	-2.087576		
1	0.950747	750	-2.091799	-4.179374		
2	0.926679	750	-1.979682	-6.159057		
3	0.90298	750	-2.022849	-8.181905		
4	0.879648	750	-1.975037	-10.156943		
5	0.856682	750	-1.921733	-12.078676		
6	0.834079	750	-1.949598	-14.028274		
7	0.811838	750	-1.935888	-15.964162		
8	0.789957	750	-1.878247	-17.842409		
9	0.768433	750	-1.869607	-19.712016		
10	0.747266	750	-1.838908	-21.550924		
11	0.726452	750	-1.788926	-23.339851		
12	0.705989	750	-1.736797	-25.076648		
13	0.685877	750	-1.750101	-26.826748		
14	0.666112	750	-1.68092	-28.507668		
15	0.646693	750	-1.637778	-30.145446		
16	0.627618	750	-1.619835	-31.765281		
17	0.608884	750	-1.628512	-33.393793		
18	0.59049	750	-1.604922	-34.998715		
19	0.572433	750	-1.573694	-36.572408		
20	0.554712	750	-1.502143	-38.074551		
21	0.537324	750	-1.5046	-39.579151		
22	0.520268	750	-1.465499	-41.04465		
23	0.50354	750	-1.466303	-42.510953		
24	0.487139	750	-1.438195	-43.949149		
25	0.471063	750	-1.386914	-45.336063		
26	0.45531	750	-1.392061	-46.728124		
27	0.439877	750	-1.336505	-48.064628		
28	0.424762	750	-1.318008	-49.382636		
29	0.409963	750	-1.313254	-50.69589		
30	0.395478	750	-1.279504	-51.975394		
31	0.381305	750	-1.24864	-53.224034		
32	0.36744	750	-1.228391	-54.452425		
33	0.353883	750	-1.186094	-55.638518		
34	0.34063	750	-1.162707	-56.801225		
35	0.32768	750	-1.152469	-57.953695		
36	0.31503	750	-1.10437	-59.058065		
37	0.302677	750	-1.094994	-60.15306		
38	0.290619	750	-1.078102	-61.231162		
39	0.278855	750	-1.050307	-62.281468		
40	0.267381	750	-1.031043	-63.312511		
41	0.256195	750	-1.006598	-64.319109		
42	0.245294	750	-0.982735	-65.301844		
43	0.234677	750	-0.950659	-66.252503		
44	0.22434	750	-0.922511	-67.175014		
45	0.214281	750	-0.905715	-68.080729		
46	0.204498	750	-0.883528	-68.964256		
47	0.194988	750	-0.865384	-69.82964		
48	0.185749	750	-0.84095	-70.67059		
49	0.176777	750	-0.815812	-71.486402		
50	0.16807	750	-0.804671	-72.291073		
51	0.159626	750	-0.770599	-73.061672		
52	0.151441	750	-0.754122	-73.815794		
53	0.143514	750	-0.724267	-74.540061		
54	0.135841	750	-0.710983	-75.251044		
55	0.12842	750	-0.682448	-75.933491		
56	0.121247	750	-0.661165	-76.594656		
57	0.11432	750	-0.644287	-77.238944		
58	0.107637	750	-0.622444	-77.861388		
59	0.101193	750	-0.618561	-78.479948		
60	0.094986	750	-0.573646	-79.053595		
61	0.089014	750	-0.561124	-79.614718		
62	0.083273	750	-0.549266	-80.163984		
63	0.07776	750	-0.531377	-80.69536		
64	0.072472	750	-0.50003	-81.195391		
65	0.067406	750	-0.493855	-81.689245		
66	0.062558	750	-0.468543	-82.157789		
67	0.057926	750	-0.44958	-82.607369		
68	0.053506	750	-0.42889	-83.036259		
69	0.049295	750	-0.414603	-83.450862		
70	0.045289	750	-0.404138	-83.855		
71	0.041485	750	-0.38455	-84.23955		
72	0.03788	750	-0.371009	-84.610559		
73	0.034469	750	-0.350559	-84.961118		
74	0.03125	750	-0.335842	-85.296961		
75	0.028218	750	-0.318798	-85.615758		
76	0.02537	750	-0.293267	-85.909025		
77	0.022702	750	-0.28568	-86.194705		
78	0.020209	750	-0.26564	-86.460345		
79	0.017889	750	-0.250305	-86.71065		
80	0.015736	750	-0.227121	-86.937771		
81	0.013746	750	-0.217754	-87.155525		
82	0.011916	750	-0.201186	-87.356712		
83	0.01024	750	-0.193222	-87.549934		
84	0.008714	750	-0.171037	-87.720971		
85	0.007334	750	-0.155611	-87.876583		
86	0.006093	750	-0.140618	-88.017201		
87	0.004988	750	-0.122155	-88.139356		
88	0.004013	750	-0.109424	-88.248779		
89	0.003162	750	-0.09977	-88.34855		
90	0.00243	750	-0.08227	-88.430819		
91	0.00181	750	-0.078296	-88.509115		
92	0.001296	750	-0.059876	-88.568991		
93	0.000882	750	-0.049239	-88.61823		
94	0.000559	750	-0.041577	-88.659807		
95	0.00032	750	-0.030427	-88.690234		
96	0.000156	750	-0.020015	-88.710249		
97	0.000057	750	-0.012565	-88.722814		
98	0.00001	750	-0.005291	-88.728105		
99	0	750	-0.001211	-88.729316		
Log marginal likelihood:	-88.729316					
0	0.975187	750	-2.084958	-2.084958		
1	0.950747	750	-2.081263	-4.166222		
2	0.926679	750	-2.018379	-6.184601		
3	0.90298	750	-1.999824	-8.184425		
4	0.879648	750	-1.992029	-10.176454		
5	0.856682	750	-1.928945	-12.105399		
6	0.834079	750	-1.920257	-14.025656		
7	0.811838	750	-1.955796	-15.981452		
8	0.789957	750	-1.897747	-17.8792		
9	0.768433	750	-1.863046	-19.742246		
10	0.747266	750	-1.810183	-21.552428		
11	0.726452	750	-1.781504	-23.333932		
12	0.705989	750	-1.772113	-25.106045		
13	0.685877	750	-1.716565	-26.822609		
14	0.666112	750	-1.705111	-28.52772		
15	0.646693	750	-1.704225	-30.231945		
16	0.627618	750	-1.628672	-31.860617		
17	0.608884	750	-1.636996	-33.497613		
18	0.59049	750	-1.591235	-35.088848		
19	0.572433	750	-1.541304	-36.630152		
20	0.554712	750	-1.56684	-38.196992		
21	0.537324	750	-1.514605	-39.711598		
22	0.520268	750	-1.489596	-41.201193		
23	0.50354	750	-1.453768	-42.654961		
24	0.487139	750	-1.431331	-44.086292		
25	0.471063	750	-1.401513	-45.487805		
26	0.45531	750	-1.363281	-46.851086		
27	0.439877	750	-1.363957	-48.215043		
28	0.424762	750	-1.341662	-49.556705		
29	0.409963	750	-1.300247	-50.856952		
30	0.395478	750	-1.275885	-52.132837		
31	0.381305	750	-1.256562	-53.389399		
32	0.36744	750	-1.222769	-54.612168		
33	0.353883	750	-1.203787	-55.815955		
34	0.34063	750	-1.16902	-56.984975		
35	0.32768	750	-1.154094	-58.139069		
36	0.31503	750	-1.126062	-59.265131		
37	0.302677	750	-1.1085	-60.37363		
38	0.290619	750	-1.065681	-61.439312		
39	0.278855	750	-1.053789	-62.493101		
40	0.267381	750	-1.025529	-63.51863		
41	0.256195	750	-0.993836	-64.512466		
42	0.245294	750	-0.97748	-65.489946		
43	0.234677	750	-0.95232	-66.442267		
44	0.22434	750	-0.929374	-67.371641		
45	0.214281	750	-0.919867	-68.291508		
46	0.204498	750	-0.897648	-69.189156		
47	0.194988	750	-0.863219	-70.052374		
48	0.185749	750	-0.841455	-70.89383		
49	0.176777	750	-0.817727	-71.711556		
50	0.16807	750	-0.795614	-72.507171		
51	0.159626	750	-0.762036	-73.269207		
52	0.151441	750	-0.753157	-74.022364		
53	0.143514	750	-0.729557	-74.751921		
54	0.135841	750	-0.724858	-75.476779		
55	0.12842	750	-0.689273	-76.166051		
56	0.121247	750	-0.678791	-76.844843		
57	0.11432	750	-0.639087	-77.483929		
58	0.107637	750	-0.627189	-78.111118		
59	0.101193	750	-0.610785	-78.721903		
60	0.094986	750	-0.589319	-79.311222		
61	0.089014	750	-0.581653	-79.892875		
62	0.083273	750	-0.541113	-80.433988		
63	0.07776	750	-0.521111	-80.955098		
64	0.072472	750	-0.510983	-81.466081		
65	0.067406	750	-0.488533	-81.954613		
66	0.062558	750	-0.473801	-82.428415		
67	0.057926	750	-0.460286	-82.888701		
68	0.053506	750	-0.428865	-83.317566		
69	0.049295	750	-0.433262	-83.750828		
70	0.045289	750	-0.419293	-84.170121		
71	0.041485	750	-0.393104	-84.563225		
72	0.03788	750	-0.361865	-84.92509		
73	0.034469	750	-0.341395	-85.266485		
74	0.03125	750	-0.332647	-85.599132		
75	0.028218	750	-0.329125	-85.928257		
76	0.02537	750	-0.312131	-86.240387		
77	0.022702	750	-0.276725	-86.517113		
78	0.020209	750	-0.277548	-86.794661		
79	0.017889	750	-0.252988	-87.047649		
80	0.015736	750	-0.229701	-87.27735		
81	0.013746	750	-0.224224	-87.501575		
82	0.011916	750	-0.201683	-87.703258		
83	0.01024	750	-0.189994	-87.893251		
84	0.008714	750	-0.180434	-88.073686		
85	0.007334	750	-0.15604	-88.229726		
86	0.006093	750	-0.15033	-88.380056		
87	0.004988	750	-0.127164	-88.50722		
88	0.004013	750	-0.119829	-88.627049		
89	0.003162	750	-0.101302	-88.728351		
90	0.00243	750	-0.086851	-88.815203		
91	0.00181	750	-0.076449	-88.891652		
92	0.001296	750	-0.06196	-88.953612		
93	0.000882	750	-0.049607	-89.003218		
94	0.000559	750	-0.044107	-89.047325		
95	0.00032	750	-0.027161	-89.074486		
96	0.000156	750	-0.020135	-89.094621		
97	0.000057	750	-0.011612	-89.106234		
98	0.00001	750	-0.005621	-89.111855		
99	0	750	-0.001228	-89.113082		
Log marginal likelihood:	-89.113082					
0	0.975187	750	-1.799152	-1.799152		
1	0.950747	750	-1.79466	-3.593812		
2	0.926679	750	-1.754009	-5.347821		
3	0.90298	750	-1.724663	-7.072485		
4	0.879648	750	-1.738864	-8.811348		
5	0.856682	750	-1.694678	-10.506026		
6	0.834079	750	-1.675721	-12.181747		
7	0.811838	750	-1.645261	-13.827007		
8	0.789957	750	-1.63925	-15.466257		
9	0.768433	750	-1.600732	-17.066989		
10	0.747266	750	-1.578843	-18.645832		
11	0.726452	750	-1.540014	-20.185846		
12	0.705989	750	-1.565129	-21.750975		
13	0.685877	750	-1.53558	-23.286555		
14	0.666112	750	-1.467084	-24.753639		
15	0.646693	750	-1.470699	-26.224338		
16	0.627618	750	-1.458015	-27.682353		
17	0.608884	750	-1.440356	-29.122709		
18	0.59049	750	-1.40369	-30.526399		
19	0.572433	750	-1.361961	-31.888361		
20	0.554712	750	-1.372436	-33.260797		
21	0.537324	750	-1.30963	-34.570427		
22	0.520268	750	-1.340144	-35.910571		
23	0.50354	750	-1.321039	-37.23161		
24	0.487139	750	-1.259237	-38.490848		
25	0.471063	750	-1.231435	-39.722282		
26	0.45531	750	-1.255931	-40.978213		
27	0.439877	750	-1.251998	-42.230211		
28	0.424762	750	-1.2709	-43.50111		
29	0.409963	750	-1.185719	-44.68683		
30	0.395478	750	-1.178854	-45.865683		
31	0.381305	750	-1.139568	-47.005251		
32	0.36744	750	-1.103419	-48.10867		
33	0.353883	750	-1.098186	-49.206857		
34	0.34063	750	-1.094519	-50.301376		
35	0.32768	750	-1.042796	-51.344172		
36	0.31503	750	-1.016422	-52.360594		
37	0.302677	750	-1.039047	-53.399641		
38	0.290619	750	-1.032639	-54.43228		
39	0.278855	750	-0.976599	-55.408879		
40	0.267381	750	-0.970539	-56.379418		
41	0.256195	750	-0.949647	-57.329065		
42	0.245294	750	-0.936266	-58.26533		
43	0.234677	750	-0.882003	-59.147333		
44	0.22434	750	-0.876119	-60.023452		
45	0.214281	750	-0.860429	-60.883881		
46	0.204498	750	-0.839855	-61.723737		
47	0.194988	750	-0.823445	-62.547182		
48	0.185749	750	-0.79091	-63.338092		
49	0.176777	750	-0.770811	-64.108903		
50	0.16807	750	-0.74421	-64.853113		
51	0.159626	750	-0.748385	-65.601498		
52	0.151441	750	-0.717728	-66.319227		
53	0.143514	750	-0.679961	-66.999188		
54	0.135841	750	-0.678419	-67.677607		
55	0.12842	750	-0.646683	-68.32429		
56	0.121247	750	-0.650258	-68.974548		
57	0.11432	750	-0.62583	-69.600378		
58	0.107637	750	-0.595121	-70.195499		
59	0.101193	750	-0.578974	-70.774472		
60	0.094986	750	-0.567948	-71.342421		
61	0.089014	750	-0.543991	-71.886412		
62	0.083273	750	-0.52032	-72.406731		
63	0.07776	750	-0.505471	-72.912202		
64	0.072472	750	-0.485936	-73.398138		
65	0.067406	750	-0.479801	-73.877939		
66	0.062558	750	-0.450546	-74.328484		
67	0.057926	750	-0.446768	-74.775253		
68	0.053506	750	-0.411677	-75.186929		
69	0.049295	750	-0.402657	-75.589587		
70	0.045289	750	-0.376061	-75.965648		
71	0.041485	750	-0.365986	-76.331634		
72	0.03788	750	-0.3574	-76.689033		
73	0.034469	750	-0.328704	-77.017737		
74	0.03125	750	-0.328414	-77.346151		
75	0.028218	750	-0.303043	-77.649194		
76	0.02537	750	-0.281246	-77.93044		
77	0.022702	750	-0.275808	-78.206248		
78	0.020209	750	-0.264372	-78.47062		
79	0.017889	750	-0.245695	-78.716315		
80	0.015736	750	-0.22363	-78.939946		
81	0.013746	750	-0.204253	-79.144199		
82	0.011916	750	-0.18909	-79.333289		
83	0.01024	750	-0.186953	-79.520242		
84	0.008714	750	-0.164012	-79.684254		
85	0.007334	750	-0.153832	-79.838086		
86	0.006093	750	-0.138218	-79.976303		
87	0.004988	750	-0.123115	-80.099418		
88	0.004013	750	-0.117101	-80.216519		
89	0.003162	750	-0.092365	-80.308884		
90	0.00243	750	-0.084929	-80.393813		
91	0.00181	750	-0.069885	-80.463698		
92	0.001296	750	-0.056977	-80.520674		
93	0.000882	750	-0.047416	-80.568091		
94	0.000559	750	-0.038818	-80.606909		
95	0.00032	750	-0.026188	-80.633098		
96	0.000156	750	-0.020241	-80.653338		
97	0.000057	750	-0.012476	-80.665814		
98	0.00001	750	-0.005498	-80.671312		
99	0	750	-0.00119	-80.672503		
Log marginal likelihood:	-80.672503					
0	0.975187	750	-2.040985	-2.040985		
1	0.950747	750	-2.026098	-4.067083		
2	0.926679	750	-1.989138	-6.056221		
3	0.90298	750	-1.941641	-7.997862		
4	0.879648	750	-1.919725	-9.917586		
5	0.856682	750	-1.90369	-11.821276		
6	0.834079	750	-1.851849	-13.673124		
7	0.811838	750	-1.858139	-15.531263		
8	0.789957	750	-1.843173	-17.374436		
9	0.768433	750	-1.771276	-19.145713		
10	0.747266	750	-1.773392	-20.919104		
11	0.726452	750	-1.739769	-22.658874		
12	0.705989	750	-1.71673	-24.375603		
13	0.685877	750	-1.660878	-26.036481		
14	0.666112	750	-1.627158	-27.663639		
15	0.646693	750	-1.631399	-29.295038		
16	0.627618	750	-1.600873	-30.895911		
17	0.608884	750	-1.551091	-32.447002		
18	0.59049	750	-1.532585	-33.979586		
19	0.572433	750	-1.509493	-35.48908		
20	0.554712	750	-1.490377	-36.979457		
21	0.537324	750	-1.459721	-38.439178		
22	0.520268	750	-1.439558	-39.878737		
23	0.50354	750	-1.398281	-41.277018		
24	0.487139	750	-1.370112	-42.64713		
25	0.471063	750	-1.349498	-43.996629		
26	0.45531	750	-1.33815	-45.334778		
27	0.439877	750	-1.297835	-46.632613		
28	0.424762	750	-1.288024	-47.920637		
29	0.409963	750	-1.260649	-49.181286		
30	0.395478	750	-1.223527	-50.404813		
31	0.381305	750	-1.208756	-51.613569		
32	0.36744	750	-1.189184	-52.802753		
33	0.353883	750	-1.16486	-53.967613		
34	0.34063	750	-1.137493	-55.105106		
35	0.32768	750	-1.113987	-56.219093		
36	0.31503	750	-1.098192	-57.317286		
37	0.302677	750	-1.068429	-58.385714		
38	0.290619	750	-1.038547	-59.424261		
39	0.278855	750	-1.015426	-60.439687		
40	0.267381	750	-0.997637	-61.437323		
41	0.256195	750	-0.972099	-62.409422		
42	0.245294	750	-0.94806	-63.357482		
43	0.234677	750	-0.913475	-64.270958		
44	0.22434	750	-0.901014	-65.171972		
45	0.214281	750	-0.877033	-66.049005		
46	0.204498	750	-0.855399	-66.904405		
47	0.194988	750	-0.841271	-67.745675		
48	0.185749	750	-0.804182	-68.549857		
49	0.176777	750	-0.79103	-69.340887		
50	0.16807	750	-0.78097	-70.121857		
51	0.159626	750	-0.742002	-70.863859		
52	0.151441	750	-0.73078	-71.594639		
53	0.143514	750	-0.704508	-72.299147		
54	0.135841	750	-0.693913	-72.993059		
55	0.12842	750	-0.662398	-73.655458		
56	0.121247	750	-0.650125	-74.305583		
57	0.11432	750	-0.625273	-74.930856		
58	0.107637	750	-0.607667	-75.538522		
59	0.101193	750	-0.586693	-76.125215		
60	0.094986	750	-0.572764	-76.697979		
61	0.089014	750	-0.543489	-77.241468		
62	0.083273	750	-0.531666	-77.773134		
63	0.07776	750	-0.516693	-78.289827		
64	0.072472	750	-0.492698	-78.782524		
65	0.067406	750	-0.47948	-79.262004		
66	0.062558	750	-0.461494	-79.723499		
67	0.057926	750	-0.442122	-80.16562		
68	0.053506	750	-0.428067	-80.593687		
69	0.049295	750	-0.408313	-81.002		
70	0.045289	750	-0.392073	-81.394073		
71	0.041485	750	-0.365516	-81.75959		
72	0.03788	750	-0.354068	-82.113658		
73	0.034469	750	-0.32582	-82.439478		
74	0.03125	750	-0.32751	-82.766987		
75	0.028218	750	-0.306328	-83.073316		
76	0.02537	750	-0.290424	-83.36374		
77	0.022702	750	-0.280557	-83.644296		
78	0.020209	750	-0.252052	-83.896349		
79	0.017889	750	-0.240799	-84.137148		
80	0.015736	750	-0.226162	-84.36331		
81	0.013746	750	-0.214228	-84.577538		
82	0.011916	750	-0.183921	-84.761459		
83	0.01024	750	-0.188496	-84.949955		
84	0.008714	750	-0.163779	-85.113734		
85	0.007334	750	-0.155897	-85.269631		
86	0.006093	750	-0.140995	-85.410626		
87	0.004988	750	-0.126065	-85.536691		
88	0.004013	750	-0.108667	-85.645358		
89	0.003162	750	-0.09661	-85.741967		
90	0.00243	750	-0.085778	-85.827745		
91	0.00181	750	-0.07225	-85.899995		
92	0.001296	750	-0.063615	-85.963609		
93	0.000882	750	-0.047085	-86.010694		
94	0.000559	750	-0.036925	-86.047619		
95	0.00032	750	-0.02743	-86.075049		
96	0.000156	750	-0.018434	-86.093483		
97	0.000057	750	-0.011641	-86.105125		
98	0.00001	750	-0.005461	-86.110585		
99	0	750	-0.001173	-86.111758		
Log marginal likelihood:	-86.111758					
0	0.975187	750	-2.068039	-2.068039		
1	0.950747	750	-2.070723	-4.138762		
2	0.926679	750	-2.022189	-6.160951		
3	0.90298	750	-1.971263	-8.132214		
4	0.879648	750	-1.966625	-10.098839		
5	0.856682	750	-1.935677	-12.034516		
6	0.834079	750	-1.939779	-13.974295		
7	0.811838	750	-1.9181	-15.892395		
8	0.789957	750	-1.840903	-17.733298		
9	0.768433	750	-1.816178	-19.549475		
10	0.747266	750	-1.765054	-21.31453		
11	0.726452	750	-1.78237	-23.0969		
12	0.705989	750	-1.784465	-24.881365		
13	0.685877	750	-1.723544	-26.604909		
14	0.666112	750	-1.67169	-28.276599		
15	0.646693	750	-1.670259	-29.946859		
16	0.627618	750	-1.626185	-31.573043		
17	0.608884	750	-1.62456	-33.197603		
18	0.59049	750	-1.564778	-34.762381		
19	0.572433	750	-1.614225	-36.376606		
20	0.554712	750	-1.535488	-37.912093		
21	0.537324	750	-1.553157	-39.465251		
22	0.520268	750	-1.510268	-40.975519		
23	0.50354	750	-1.470403	-42.445922		
24	0.487139	750	-1.434411	-43.880333		
25	0.471063	750	-1.430762	-45.311095		
26	0.45531	750	-1.37875	-46.689845		
27	0.439877	750	-1.377016	-48.066861		
28	0.424762	750	-1.371255	-49.438116		
29	0.409963	750	-1.316518	-50.754634		
30	0.395478	750	-1.295622	-52.050256		
31	0.381305	750	-1.276176	-53.326432		
32	0.36744	750	-1.259319	-54.585751		
33	0.353883	750	-1.210971	-55.796723		
34	0.34063	750	-1.171222	-56.967944		
35	0.32768	750	-1.161108	-58.129052		
36	0.31503	750	-1.125034	-59.254086		
37	0.302677	750	-1.107362	-60.361448		
38	0.290619	750	-1.110899	-61.472347		
39	0.278855	750	-1.070661	-62.543008		
40	0.267381	750	-1.05732	-63.600328		
41	0.256195	750	-1.026463	-64.626791		
42	0.245294	750	-0.991568	-65.618359		
43	0.234677	750	-0.97933	-66.597689		
44	0.22434	750	-0.953752	-67.551441		
45	0.214281	750	-0.937509	-68.48895		
46	0.204498	750	-0.917886	-69.406836		
47	0.194988	750	-0.883058	-70.289894		
48	0.185749	750	-0.860223	-71.150116		
49	0.176777	750	-0.836263	-71.986379		
50	0.16807	750	-0.809239	-72.795618		
51	0.159626	750	-0.795876	-73.591495		
52	0.151441	750	-0.762725	-74.354219		
53	0.143514	750	-0.752129	-75.106349		
54	0.135841	750	-0.719281	-75.825629		
55	0.12842	750	-0.6908	-76.516429		
56	0.121247	750	-0.679857	-77.196286		
57	0.11432	750	-0.659227	-77.855513		
58	0.107637	750	-0.646928	-78.502441		
59	0.101193	750	-0.61762	-79.120061		
60	0.094986	750	-0.603432	-79.723493		
61	0.089014	750	-0.578373	-80.301865		
62	0.083273	750	-0.563168	-80.865034		
63	0.07776	750	-0.542298	-81.407332		
64	0.072472	750	-0.525429	-81.932761		
65	0.067406	750	-0.500832	-82.433593		
66	0.062558	750	-0.481479	-82.915072		
67	0.057926	750	-0.464107	-83.379179		
68	0.053506	750	-0.454401	-83.83358		
69	0.049295	750	-0.418679	-84.252259		
70	0.045289	750	-0.409646	-84.661905		
71	0.041485	750	-0.39145	-85.053355		
72	0.03788	750	-0.355608	-85.408963		
73	0.034469	750	-0.360374	-85.769338		
74	0.03125	750	-0.344742	-86.11408		
75	0.028218	750	-0.318962	-86.433042		
76	0.02537	750	-0.301	-86.734042		
77	0.022702	750	-0.280517	-87.014559		
78	0.020209	750	-0.266104	-87.280663		
79	0.017889	750	-0.25745	-87.538113		
80	0.015736	750	-0.255253	-87.793366		
81	0.013746	750	-0.232299	-88.025665		
82	0.011916	750	-0.214738	-88.240402		
83	0.01024	750	-0.195751	-88.436153		
84	0.008714	750	-0.200375	-88.636528		
85	0.007334	750	-0.160132	-88.79666		
86	0.006093	750	-0.146908	-88.943568		
87	0.004988	750	-0.139453	-89.083021		
88	0.004013	750	-0.115343	-89.198364		
89	0.003162	750	-0.098654	-89.297018		
90	0.00243	750	-0.087595	-89.384613		
91	0.00181	750	-0.073345	-89.457958		
92	0.001296	750	-0.060512	-89.51847		
93	0.000882	750	-0.053643	-89.572112		
94	0.000559	750	-0.038445	-89.610558		
95	0.00032	750	-0.026412	-89.636969		
96	0.000156	750	-0.019506	-89.656475		
97	0.000057	750	-0.012126	-89.668601		
98	0.00001	750	-0.005641	-89.674243		
99	0	750	-0.001247	-89.675489		
Log marginal likelihood:	-89.675489					
0	0.975187	750	-1.787311	-1.787311		
1	0.950747	750	-1.750851	-3.538162		
2	0.926679	750	-1.72137	-5.259533		
3	0.90298	750	-1.690671	-6.950204		
4	0.879648	750	-1.686514	-8.636717		
5	0.856682	750	-1.66684	-10.303557		
6	0.834079	750	-1.639227	-11.942784		
7	0.811838	750	-1.62302	-13.565804		
8	0.789957	750	-1.570723	-15.136527		
9	0.768433	750	-1.577814	-16.714341		
10	0.747266	750	-1.565659	-18.28		
11	0.726452	750	-1.53145	-19.81145		
12	0.705989	750	-1.488224	-21.299673		
13	0.685877	750	-1.48712	-22.786793		
14	0.666112	750	-1.486445	-24.273238		
15	0.646693	750	-1.390602	-25.66384		
16	0.627618	750	-1.412167	-27.076007		
17	0.608884	750	-1.39978	-28.475787		
18	0.59049	750	-1.323253	-29.79904		
19	0.572433	750	-1.361851	-31.16089		
20	0.554712	750	-1.316731	-32.477621		
21	0.537324	750	-1.26969	-33.747311		
22	0.520268	750	-1.338888	-35.086199		
23	0.50354	750	-1.263016	-36.349215		
24	0.487139	750	-1.316294	-37.66551		
25	0.471063	750	-1.2202	-38.88571		
26	0.45531	750	-1.326838	-40.212548		
27	0.439877	750	-1.21405	-41.426598		
28	0.424762	750	-1.229793	-42.656391		
29	0.409963	750	-1.146565	-43.802955		
30	0.395478	750	-1.190726	-44.993682		
31	0.381305	750	-1.101384	-46.095066		
32	0.36744	750	-1.114083	-47.209149		
33	0.353883	750	-1.136665	-48.345814		
34	0.34063	750	-1.010482	-49.356296		
35	0.32768	750	-1.075427	-50.431723		
36	0.31503	750	-1.026859	-51.458582		
37	0.302677	750	-1.007723	-52.466305		
38	0.290619	750	-0.994957	-53.461263		
39	0.278855	750	-0.987596	-54.448859		
40	0.267381	750	-0.91003	-55.358889		
41	0.256195	750	-0.875546	-56.234435		
42	0.245294	750	-0.938138	-57.172573		
43	0.234677	750	-0.922667	-58.095239		
44	0.22434	750	-0.893953	-58.989193		
45	0.214281	750	-0.880962	-59.870154		
46	0.204498	750	-0.855607	-60.725761		
47	0.194988	750	-0.832502	-61.558264		
48	0.185749	750	-0.781552	-62.339816		
49	0.176777	750	-0.78913	-63.128947		
50	0.16807	750	-0.765744	-63.89469		
51	0.159626	750	-0.74249	-64.63718		
52	0.151441	750	-0.727854	-65.365034		
53	0.143514	750	-0.690684	-66.055718		
54	0.135841	750	-0.679844	-66.735562		
55	0.12842	750	-0.662813	-67.398375		
56	0.121247	750	-0.634285	-68.03266		
57	0.11432	750	-0.61965	-68.652311		
58	0.107637	750	-0.600847	-69.253158		
59	0.101193	750	-0.577207	-69.830365		
60	0.094986	750	-0.570394	-70.400759		
61	0.089014	750	-0.550651	-70.95141		
62	0.083273	750	-0.537297	-71.488707		
63	0.07776	750	-0.516641	-72.005348		
64	0.072472	750	-0.485647	-72.490995		
65	0.067406	750	-0.470284	-72.961279		
66	0.062558	750	-0.461406	-73.422685		
67	0.057926	750	-0.430097	-73.852783		
68	0.053506	750	-0.424108	-74.27689		
69	0.049295	750	-0.389474	-74.666365		
70	0.045289	750	-0.385672	-75.052037		
71	0.041485	750	-0.36221	-75.414247		
72	0.03788	750	-0.33635	-75.750596		
73	0.034469	750	-0.336047	-76.086643		
74	0.03125	750	-0.340764	-76.427407		
75	0.028218	750	-0.315042	-76.742449		
76	0.02537	750	-0.284663	-77.027111		
77	0.022702	750	-0.27419	-77.301301		
78	0.020209	750	-0.260939	-77.56224		
79	0.017889	750	-0.243438	-77.805678		
80	0.015736	750	-0.227687	-78.033366		
81	0.013746	750	-0.229059	-78.262425		
82	0.011916	750	-0.199162	-78.461587		
83	0.01024	750	-0.180692	-78.642279		
84	0.008714	750	-0.169422	-78.811701		
85	0.007334	750	-0.14762	-78.95932		
86	0.006093	750	-0.15926	-79.11858		
87	0.004988	750	-0.122966	-79.241546		
88	0.004013	750	-0.111338	-79.352884		
89	0.003162	750	-0.10539	-79.458274		
90	0.00243	750	-0.08174	-79.540013		
91	0.00181	750	-0.075497	-79.61551		
92	0.001296	750	-0.057173	-79.672683		
93	0.000882	750	-0.049946	-79.722629		
94	0.000559	750	-0.036874	-79.759503		
95	0.00032	750	-0.03466	-79.794163		
96	0.000156	750	-0.019413	-79.813576		
97	0.000057	750	-0.012091	-79.825667		
98	0.00001	750	-0.005048	-79.830715		
99	0	750	-0.001126	-79.831841		
Log marginal likelihood:	-79.831841					
0	0.975187	750	-2.146926	-2.146926		
1	0.950747	750	-2.116272	-4.263198		
2	0.926679	750	-2.0875	-6.350698		
3	0.90298	750	-2.03378	-8.384477		
4	0.879648	750	-1.945948	-10.330425		
5	0.856682	750	-1.988265	-12.31869		
6	0.834079	750	-1.921711	-14.240401		
7	0.811838	750	-1.927115	-16.167516		
8	0.789957	750	-1.908572	-18.076088		
9	0.768433	750	-1.866404	-19.942492		
10	0.747266	750	-1.831694	-21.774186		
11	0.726452	750	-1.78669	-23.560876		
12	0.705989	750	-1.759401	-25.320277		
13	0.685877	750	-1.751013	-27.07129		
14	0.666112	750	-1.715894	-28.787184		
15	0.646693	750	-1.690132	-30.477316		
16	0.627618	750	-1.649298	-32.126614		
17	0.608884	750	-1.636677	-33.763291		
18	0.59049	750	-1.584228	-35.347519		
19	0.572433	750	-1.572628	-36.920147		
20	0.554712	750	-1.537078	-38.457225		
21	0.537324	750	-1.484778	-39.942003		
22	0.520268	750	-1.496931	-41.438934		
23	0.50354	750	-1.461707	-42.900641		
24	0.487139	750	-1.438739	-44.33938		
25	0.471063	750	-1.406061	-45.74544		
26	0.45531	750	-1.376338	-47.121778		
27	0.439877	750	-1.338565	-48.460343		
28	0.424762	750	-1.332882	-49.793225		
29	0.409963	750	-1.306286	-51.099511		
30	0.395478	750	-1.265421	-52.364932		
31	0.381305	750	-1.263869	-53.628801		
32	0.36744	750	-1.222474	-54.851275		
33	0.353883	750	-1.197601	-56.048876		
34	0.34063	750	-1.171172	-57.220048		
35	0.32768	750	-1.141186	-58.361234		
36	0.31503	750	-1.124157	-59.485392		
37	0.302677	750	-1.098409	-60.583801		
38	0.290619	750	-1.080652	-61.664453		
39	0.278855	750	-1.049074	-62.713527		
40	0.267381	750	-1.031161	-63.744688		
41	0.256195	750	-0.986852	-64.73154		
42	0.245294	750	-0.968496	-65.700036		
43	0.234677	750	-0.950684	-66.65072		
44	0.22434	750	-0.926504	-67.577225		
45	0.214281	750	-0.903688	-68.480913		
46	0.204498	750	-0.883907	-69.364819		
47	0.194988	750	-0.861109	-70.225929		
48	0.185749	750	-0.835568	-71.061497		
49	0.176777	750	-0.802983	-71.86448		
50	0.16807	750	-0.791035	-72.655515		
51	0.159626	750	-0.776099	-73.431614		
52	0.151441	750	-0.751024	-74.182638		
53	0.143514	750	-0.721879	-74.904516		
54	0.135841	750	-0.706219	-75.610735		
55	0.12842	750	-0.693671	-76.304407		
56	0.121247	750	-0.674055	-76.978462		
57	0.11432	750	-0.635936	-77.614398		
58	0.107637	750	-0.615881	-78.230279		
59	0.101193	750	-0.592334	-78.822613		
60	0.094986	750	-0.579107	-79.40172		
61	0.089014	750	-0.566917	-79.968637		
62	0.083273	750	-0.541911	-80.510547		
63	0.07776	750	-0.521514	-81.032061		
64	0.072472	750	-0.501873	-81.533935		
65	0.067406	750	-0.480992	-82.014926		
66	0.062558	750	-0.470127	-82.485053		
67	0.057926	750	-0.45097	-82.936023		
68	0.053506	750	-0.435381	-83.371404		
69	0.049295	750	-0.418855	-83.790259		
70	0.045289	750	-0.398075	-84.188334		
71	0.041485	750	-0.378546	-84.56688		
72	0.03788	750	-0.354147	-84.921027		
73	0.034469	750	-0.34445	-85.265477		
74	0.03125	750	-0.328166	-85.593643		
75	0.028218	750	-0.305075	-85.898719		
76	0.02537	750	-0.292861	-86.19158		
77	0.022702	750	-0.292917	-86.484497		
78	0.020209	750	-0.266088	-86.750585		
79	0.017889	750	-0.23981	-86.990396		
80	0.015736	750	-0.230195	-87.220591		
81	0.013746	750	-0.221694	-87.442285		
82	0.011916	750	-0.201904	-87.644189		
83	0.01024	750	-0.18166	-87.825848		
84	0.008714	750	-0.190302	-88.016151		
85	0.007334	750	-0.170364	-88.186514		
86	0.006093	750	-0.146016	-88.332531		
87	0.004988	750	-0.136746	-88.469276		
88	0.004013	750	-0.118797	-88.588074		
89	0.003162	750	-0.099341	-88.687415		
90	0.00243	750	-0.086614	-88.774029		
91	0.00181	750	-0.071477	-88.845506		
92	0.001296	750	-0.065609	-88.911115		
93	0.000882	750	-0.048367	-88.959482		
94	0.000559	750	-0.039025	-88.998507		
95	0.00032	750	-0.028057	-89.026564		
96	0.000156	750	-0.018638	-89.045201		
97	0.000057	750	-0.012226	-89.057427		
98	0.00001	750	-0.006527	-89.063954		
99	0	750	-0.001314	-89.065268		
Log marginal likelihood:	-89.065268					
0	0.975187	750	-1.687108	-1.687108		
1	0.950747	750	-1.681653	-3.368761		
2	0.926679	750	-1.665146	-5.033907		
3	0.90298	750	-1.656539	-6.690447		
4	0.879648	750	-1.610266	-8.300713		
5	0.856682	750	-1.582055	-9.882768		
6	0.834079	750	-1.546558	-11.429327		
7	0.811838	750	-1.548799	-12.978125		
8	0.789957	750	-1.538062	-14.516187		
9	0.768433	750	-1.464132	-15.980319		
10	0.747266	750	-1.474712	-17.455031		
11	0.726452	750	-1.466212	-18.921244		
12	0.705989	750	-1.40583	-20.327074		
13	0.685877	750	-1.394109	-21.721183		
14	0.666112	750	-1.386083	-23.107266		
15	0.646693	750	-1.393847	-24.501114		
16	0.627618	750	-1.378229	-25.879342		
17	0.608884	750	-1.327379	-27.206721		
18	0.59049	750	-1.312011	-28.518732		
19	0.572433	750	-1.288744	-29.807476		
20	0.554712	750	-1.447687	-31.255163		
21	0.537324	750	-1.371461	-32.626623		
22	0.520268	750	-1.214893	-33.841517		
23	0.50354	750	-1.220525	-35.062042		
24	0.487139	750	-1.167412	-36.229454		
25	0.471063	750	-1.178419	-37.407873		
26	0.45531	750	-1.133123	-38.540997		
27	0.439877	750	-1.109722	-39.650719		
28	0.424762	750	-1.107171	-40.75789		
29	0.409963	750	-1.107607	-41.865497		
30	0.395478	750	-1.11801	-42.983507		
31	0.381305	750	-1.094575	-44.078082		
32	0.36744	750	-1.082421	-45.160503		
33	0.353883	750	-1.041863	-46.202366		
34	0.34063	750	-1.056115	-47.258481		
35	0.32768	750	-1.000484	-48.258965		
36	0.31503	750	-1.060072	-49.319037		
37	0.302677	750	-1.027595	-50.346632		
38	0.290619	750	-0.97125	-51.317882		
39	0.278855	750	-0.931215	-52.249096		
40	0.267381	750	-0.986282	-53.235379		
41	0.256195	750	-0.913719	-54.149098		
42	0.245294	750	-0.895242	-55.04434		
43	0.234677	750	-0.898531	-55.942871		
44	0.22434	750	-0.849222	-56.792093		
45	0.214281	750	-0.818812	-57.610905		
46	0.204498	750	-0.828689	-58.439594		
47	0.194988	750	-0.790072	-59.229666		
48	0.185749	750	-0.791133	-60.020799		
49	0.176777	750	-0.794116	-60.814916		
50	0.16807	750	-0.735638	-61.550554		
51	0.159626	750	-0.755819	-62.306373		
52	0.151441	750	-0.722826	-63.029199		
53	0.143514	750	-0.694097	-63.723296		
54	0.135841	750	-0.674467	-64.397763		
55	0.12842	750	-0.658014	-65.055776		
56	0.121247	750	-0.647039	-65.702815		
57	0.11432	750	-0.621158	-66.323973		
58	0.107637	750	-0.611763	-66.935736		
59	0.101193	750	-0.589642	-67.525378		
60	0.094986	750	-0.571581	-68.096958		
61	0.089014	750	-0.544944	-68.641903		
62	0.083273	750	-0.51559	-69.157493		
63	0.07776	750	-0.495771	-69.653264		
64	0.072472	750	-0.496483	-70.149747		
65	0.067406	750	-0.481421	-70.631168		
66	0.062558	750	-0.459121	-71.090289		
67	0.057926	750	-0.427482	-71.517771		
68	0.053506	750	-0.425183	-71.942954		
69	0.049295	750	-0.407217	-72.350171		
70	0.045289	750	-0.379145	-72.729315		
71	0.041485	750	-0.366413	-73.095729		
72	0.03788	750	-0.349373	-73.445102		
73	0.034469	750	-0.335625	-73.780727		
74	0.03125	750	-0.314888	-74.095615		
75	0.028218	750	-0.309054	-74.404669		
76	0.02537	750	-0.286099	-74.690768		
77	0.022702	750	-0.272195	-74.962962		
78	0.020209	750	-0.262705	-75.225668		
79	0.017889	750	-0.235177	-75.460845		
80	0.015736	750	-0.225861	-75.686706		
81	0.013746	750	-0.221586	-75.908292		
82	0.011916	750	-0.195485	-76.103777		
83	0.01024	750	-0.181672	-76.285448		
84	0.008714	750	-0.161819	-76.447268		
85	0.007334	750	-0.156968	-76.604235		
86	0.006093	750	-0.138784	-76.74302		
87	0.004988	750	-0.120185	-76.863205		
88	0.004013	750	-0.108214	-76.971419		
89	0.003162	750	-0.096139	-77.067558		
90	0.00243	750	-0.081473	-77.149031		
91	0.00181	750	-0.075436	-77.224467		
92	0.001296	750	-0.060818	-77.285285		
93	0.000882	750	-0.047499	-77.332784		
94	0.000559	750	-0.038797	-77.371581		
95	0.00032	750	-0.0288	-77.400381		
96	0.000156	750	-0.019803	-77.420184		
97	0.000057	750	-0.011099	-77.431283		
98	0.00001	750	-0.005279	-77.436561		
99	0	750	-0.001134	-77.437695		
Log marginal likelihood:	-77.437695					
0	0.975187	750	-2.083518	-2.083518		
1	0.950747	750	-2.06033	-4.143848		
2	0.926679	750	-2.020417	-6.164265		
3	0.90298	750	-2.028121	-8.192387		
4	0.879648	750	-1.968054	-10.160441		
5	0.856682	750	-1.940224	-12.100664		
6	0.834079	750	-1.896608	-13.997273		
7	0.811838	750	-1.897763	-15.895035		
8	0.789957	750	-1.88702	-17.782056		
9	0.768433	750	-1.860907	-19.642962		
10	0.747266	750	-1.810727	-21.453689		
11	0.726452	750	-1.771933	-23.225622		
12	0.705989	750	-1.784149	-25.009771		
13	0.685877	750	-1.732239	-26.742011		
14	0.666112	750	-1.699728	-28.441739		
15	0.646693	750	-1.696393	-30.138132		
16	0.627618	750	-1.659142	-31.797274		
17	0.608884	750	-1.60687	-33.404144		
18	0.59049	750	-1.595172	-34.999316		
19	0.572433	750	-1.562452	-36.561767		
20	0.554712	750	-1.533004	-38.094771		
21	0.537324	750	-1.491124	-39.585895		
22	0.520268	750	-1.485307	-41.071201		
23	0.50354	750	-1.449968	-42.521169		
24	0.487139	750	-1.423908	-43.945077		
25	0.471063	750	-1.393759	-45.338837		
26	0.45531	750	-1.378986	-46.717822		
27	0.439877	750	-1.346495	-48.064317		
28	0.424762	750	-1.309322	-49.37364		
29	0.409963	750	-1.279274	-50.652914		
30	0.395478	750	-1.272538	-51.925452		
31	0.381305	750	-1.24269	-53.168142		
32	0.36744	750	-1.211907	-54.380049		
33	0.353883	750	-1.185727	-55.565776		
34	0.34063	750	-1.167612	-56.733387		
35	0.32768	750	-1.140467	-57.873854		
36	0.31503	750	-1.110918	-58.984772		
37	0.302677	750	-1.097974	-60.082746		
38	0.290619	750	-1.076767	-61.159513		
39	0.278855	750	-1.037391	-62.196904		
40	0.267381	750	-1.008431	-63.205335		
41	0.256195	750	-0.992962	-64.198296		
42	0.245294	750	-0.969871	-65.168168		
43	0.234677	750	-0.95301	-66.121178		
44	0.22434	750	-0.921537	-67.042715		
45	0.214281	750	-0.901717	-67.944432		
46	0.204498	750	-0.87092	-68.815352		
47	0.194988	750	-0.852451	-69.667804		
48	0.185749	750	-0.834083	-70.501886		
49	0.176777	750	-0.822762	-71.324648		
50	0.16807	750	-0.790163	-72.114812		
51	0.159626	750	-0.766644	-72.881456		
52	0.151441	750	-0.736325	-73.617781		
53	0.143514	750	-0.722937	-74.340718		
54	0.135841	750	-0.706215	-75.046933		
55	0.12842	750	-0.68617	-75.733103		
56	0.121247	750	-0.656627	-76.38973		
57	0.11432	750	-0.634471	-77.0242		
58	0.107637	750	-0.626878	-77.651079		
59	0.101193	750	-0.604356	-78.255434		
60	0.094986	750	-0.579917	-78.835351		
61	0.089014	750	-0.569889	-79.405241		
62	0.083273	750	-0.545812	-79.951052		
63	0.07776	750	-0.519838	-80.470891		
64	0.072472	750	-0.505766	-80.976656		
65	0.067406	750	-0.480755	-81.457412		
66	0.062558	750	-0.480408	-81.93782		
67	0.057926	750	-0.45076	-82.388579		
68	0.053506	750	-0.426656	-82.815235		
69	0.049295	750	-0.421784	-83.237019		
70	0.045289	750	-0.411487	-83.648506		
71	0.041485	750	-0.375141	-84.023647		
72	0.03788	750	-0.359506	-84.383153		
73	0.034469	750	-0.346195	-84.729348		
74	0.03125	750	-0.331951	-85.061299		
75	0.028218	750	-0.316747	-85.378046		
76	0.02537	750	-0.284547	-85.662593		
77	0.022702	750	-0.277581	-85.940173		
78	0.020209	750	-0.266751	-86.206925		
79	0.017889	750	-0.247897	-86.454821		
80	0.015736	750	-0.237625	-86.692446		
81	0.013746	750	-0.229243	-86.921689		
82	0.011916	750	-0.197271	-87.11896		
83	0.01024	750	-0.187245	-87.306205		
84	0.008714	750	-0.165204	-87.471409		
85	0.007334	750	-0.151344	-87.622753		
86	0.006093	750	-0.140734	-87.763487		
87	0.004988	750	-0.130872	-87.894359		
88	0.004013	750	-0.112098	-88.006457		
89	0.003162	750	-0.09681	-88.103266		
90	0.00243	750	-0.087098	-88.190364		
91	0.00181	750	-0.073535	-88.263899		
92	0.001296	750	-0.059805	-88.323704		
93	0.000882	750	-0.046863	-88.370567		
94	0.000559	750	-0.040693	-88.41126		
95	0.00032	750	-0.028965	-88.440225		
96	0.000156	750	-0.019243	-88.459468		
97	0.000057	750	-0.012902	-88.47237		
98	0.00001	750	-0.005628	-88.477998		
99	0	750	-0.001216	-88.479213		
Log marginal likelihood:	-88.479213					
0	0.975187	750	-1.824538	-1.824538		
1	0.950747	750	-1.791913	-3.616451		
2	0.926679	750	-1.739424	-5.355875		
3	0.90298	750	-1.699471	-7.055345		
4	0.879648	750	-1.706324	-8.761669		
5	0.856682	750	-1.652114	-10.413783		
6	0.834079	750	-1.652028	-12.065811		
7	0.811838	750	-1.62904	-13.694851		
8	0.789957	750	-1.587029	-15.28188		
9	0.768433	750	-1.605606	-16.887486		
10	0.747266	750	-1.568158	-18.455644		
11	0.726452	750	-1.519916	-19.975561		
12	0.705989	750	-1.483354	-21.458915		
13	0.685877	750	-1.491556	-22.950471		
14	0.666112	750	-1.485497	-24.435969		
15	0.646693	750	-1.468386	-25.904354		
16	0.627618	750	-1.430422	-27.334777		
17	0.608884	750	-1.433644	-28.768421		
18	0.59049	750	-1.384449	-30.15287		
19	0.572433	750	-1.349788	-31.502658		
20	0.554712	750	-1.381163	-32.883822		
21	0.537324	750	-1.327531	-34.211353		
22	0.520268	750	-1.289821	-35.501174		
23	0.50354	750	-1.302575	-36.803749		
24	0.487139	750	-1.259711	-38.06346		
25	0.471063	750	-1.30449	-39.36795		
26	0.45531	750	-1.232912	-40.600861		
27	0.439877	750	-1.22167	-41.822531		
28	0.424762	750	-1.196594	-43.019125		
29	0.409963	750	-1.187395	-44.20652		
30	0.395478	750	-1.143928	-45.350448		
31	0.381305	750	-1.11403	-46.464478		
32	0.36744	750	-1.10147	-47.565949		
33	0.353883	750	-1.068807	-48.634756		
34	0.34063	750	-1.066921	-49.701677		
35	0.32768	750	-1.061459	-50.763136		
36	0.31503	750	-1.032482	-51.795619		
37	0.302677	750	-1.016268	-52.811887		
38	0.290619	750	-0.979951	-53.791838		
39	0.278855	750	-0.988953	-54.780791		
40	0.267381	750	-0.961563	-55.742354		
41	0.256195	750	-0.937385	-56.679738		
42	0.245294	750	-0.914279	-57.594017		
43	0.234677	750	-0.87109	-58.465108		
44	0.22434	750	-0.877486	-59.342594		
45	0.214281	750	-0.858243	-60.200837		
46	0.204498	750	-0.843728	-61.044565		
47	0.194988	750	-0.80445	-61.849015		
48	0.185749	750	-0.794571	-62.643586		
49	0.176777	750	-0.800724	-63.44431		
50	0.16807	750	-0.755973	-64.200283		
51	0.159626	750	-0.744754	-64.945037		
52	0.151441	750	-0.721619	-65.666656		
53	0.143514	750	-0.703297	-66.369954		
54	0.135841	750	-0.689314	-67.059267		
55	0.12842	750	-0.657618	-67.716885		
56	0.121247	750	-0.64668	-68.363565		
57	0.11432	750	-0.625278	-68.988843		
58	0.107637	750	-0.600959	-69.589802		
59	0.101193	750	-0.590017	-70.179819		
60	0.094986	750	-0.563607	-70.743426		
61	0.089014	750	-0.547093	-71.290519		
62	0.083273	750	-0.524497	-71.815016		
63	0.07776	750	-0.505701	-72.320717		
64	0.072472	750	-0.491822	-72.812539		
65	0.067406	750	-0.465119	-73.277658		
66	0.062558	750	-0.454204	-73.731862		
67	0.057926	750	-0.439216	-74.171078		
68	0.053506	750	-0.419303	-74.590381		
69	0.049295	750	-0.405711	-74.996092		
70	0.045289	750	-0.394267	-75.390359		
71	0.041485	750	-0.370959	-75.761318		
72	0.03788	750	-0.368152	-76.12947		
73	0.034469	750	-0.327019	-76.456488		
74	0.03125	750	-0.334607	-76.791096		
75	0.028218	750	-0.30599	-77.097086		
76	0.02537	750	-0.285536	-77.382622		
77	0.022702	750	-0.264251	-77.646873		
78	0.020209	750	-0.262668	-77.909541		
79	0.017889	750	-0.263357	-78.172898		
80	0.015736	750	-0.224186	-78.397084		
81	0.013746	750	-0.217972	-78.615056		
82	0.011916	750	-0.192369	-78.807425		
83	0.01024	750	-0.179362	-78.986787		
84	0.008714	750	-0.164357	-79.151144		
85	0.007334	750	-0.15493	-79.306074		
86	0.006093	750	-0.14105	-79.447124		
87	0.004988	750	-0.123954	-79.571079		
88	0.004013	750	-0.113198	-79.684276		
89	0.003162	750	-0.102303	-79.786579		
90	0.00243	750	-0.095079	-79.881658		
91	0.00181	750	-0.071453	-79.953111		
92	0.001296	750	-0.057574	-80.010685		
93	0.000882	750	-0.048927	-80.059612		
94	0.000559	750	-0.037445	-80.097056		
95	0.00032	750	-0.026605	-80.123662		
96	0.000156	750	-0.019049	-80.142711		
97	0.000057	750	-0.01158	-80.15429		
98	0.00001	750	-0.005485	-80.159775		
99	0	750	-0.001149	-80.160924		
Log marginal likelihood:	-80.160924					
0	0.975187	750	-1.876538	-1.876538		
1	0.950747	750	-1.847767	-3.724305		
2	0.926679	750	-1.835379	-5.559684		
3	0.90298	750	-1.794038	-7.353722		
4	0.879648	750	-1.767022	-9.120744		
5	0.856682	750	-1.737263	-10.858008		
6	0.834079	750	-1.721833	-12.579841		
7	0.811838	750	-1.696655	-14.276495		
8	0.789957	750	-1.668745	-15.94524		
9	0.768433	750	-1.642628	-17.587868		
10	0.747266	750	-1.632575	-19.220443		
11	0.726452	750	-1.580687	-20.801129		
12	0.705989	750	-1.572845	-22.373975		
13	0.685877	750	-1.541114	-23.915089		
14	0.666112	750	-1.496779	-25.411867		
15	0.646693	750	-1.51998	-26.931847		
16	0.627618	750	-1.524913	-28.456759		
17	0.608884	750	-1.420724	-29.877483		
18	0.59049	750	-1.45481	-31.332293		
19	0.572433	750	-1.423533	-32.755826		
20	0.554712	750	-1.394348	-34.150174		
21	0.537324	750	-1.369202	-35.519376		
22	0.520268	750	-1.347313	-36.86669		
23	0.50354	750	-1.31205	-38.17874		
24	0.487139	750	-1.286139	-39.464879		
25	0.471063	750	-1.348623	-40.813502		
26	0.45531	750	-1.223605	-42.037106		
27	0.439877	750	-1.23093	-43.268036		
28	0.424762	750	-1.1789	-44.446936		
29	0.409963	750	-1.173544	-45.620479		
30	0.395478	750	-1.155613	-46.776092		
31	0.381305	750	-1.190394	-47.966486		
32	0.36744	750	-1.109726	-49.076212		
33	0.353883	750	-1.110642	-50.186855		
34	0.34063	750	-1.064663	-51.251517		
35	0.32768	750	-1.046689	-52.298207		
36	0.31503	750	-1.04447	-53.342676		
37	0.302677	750	-1.017309	-54.359985		
38	0.290619	750	-1.001815	-55.3618		
39	0.278855	750	-1.000301	-56.362101		
40	0.267381	750	-0.954279	-57.31638		
41	0.256195	750	-0.931311	-58.247691		
42	0.245294	750	-0.930637	-59.178328		
43	0.234677	750	-0.910449	-60.088778		
44	0.22434	750	-0.874163	-60.962941		
45	0.214281	750	-0.841667	-61.804607		
46	0.204498	750	-0.82647	-62.631078		
47	0.194988	750	-0.816831	-63.447909		
48	0.185749	750	-0.799866	-64.247776		
49	0.176777	750	-0.75811	-65.005886		
50	0.16807	750	-0.754038	-65.759924		
51	0.159626	750	-0.736909	-66.496833		
52	0.151441	750	-0.703028	-67.199861		
53	0.143514	750	-0.690438	-67.890299		
54	0.135841	750	-0.678312	-68.568611		
55	0.12842	750	-0.654117	-69.222728		
56	0.121247	750	-0.637152	-69.85988		
57	0.11432	750	-0.6119	-70.47178		
58	0.107637	750	-0.575501	-71.047281		
59	0.101193	750	-0.566636	-71.613918		
60	0.094986	750	-0.560341	-72.174259		
61	0.089014	750	-0.536716	-72.710975		
62	0.083273	750	-0.525225	-73.2362		
63	0.07776	750	-0.503417	-73.739617		
64	0.072472	750	-0.492275	-74.231892		
65	0.067406	750	-0.474109	-74.706001		
66	0.062558	750	-0.456542	-75.162544		
67	0.057926	750	-0.438144	-75.600688		
68	0.053506	750	-0.423703	-76.02439		
69	0.049295	750	-0.397255	-76.421645		
70	0.045289	750	-0.379439	-76.801084		
71	0.041485	750	-0.359461	-77.160545		
72	0.03788	750	-0.350669	-77.511214		
73	0.034469	750	-0.344954	-77.856168		
74	0.03125	750	-0.335763	-78.191932		
75	0.028218	750	-0.314508	-78.50644		
76	0.02537	750	-0.288089	-78.794529		
77	0.022702	750	-0.276512	-79.071041		
78	0.020209	750	-0.251408	-79.322449		
79	0.017889	750	-0.248418	-79.570867		
80	0.015736	750	-0.213137	-79.784004		
81	0.013746	750	-0.218012	-80.002016		
82	0.011916	750	-0.193381	-80.195397		
83	0.01024	750	-0.182874	-80.378271		
84	0.008714	750	-0.16425	-80.542521		
85	0.007334	750	-0.145469	-80.687991		
86	0.006093	750	-0.134171	-80.822161		
87	0.004988	750	-0.117489	-80.93965		
88	0.004013	750	-0.112682	-81.052332		
89	0.003162	750	-0.101833	-81.154166		
90	0.00243	750	-0.078272	-81.232438		
91	0.00181	750	-0.07038	-81.302818		
92	0.001296	750	-0.057553	-81.36037		
93	0.000882	750	-0.048272	-81.408642		
94	0.000559	750	-0.036024	-81.444667		
95	0.00032	750	-0.025755	-81.470422		
96	0.000156	750	-0.018486	-81.488908		
97	0.000057	750	-0.01154	-81.500448		
98	0.00001	750	-0.005354	-81.505802		
99	0	750	-0.001257	-81.507059		
Log marginal likelihood:	-81.507059					
0	0.975187	750	-1.933707	-1.933707		
1	0.950747	750	-1.897405	-3.831112		
2	0.926679	750	-1.872849	-5.703961		
3	0.90298	750	-1.849441	-7.553403		
4	0.879648	750	-1.835582	-9.388984		
5	0.856682	750	-1.787709	-11.176694		
6	0.834079	750	-1.782659	-12.959352		
7	0.811838	750	-1.750327	-14.709679		
8	0.789957	750	-1.706368	-16.416048		
9	0.768433	750	-1.692168	-18.108216		
10	0.747266	750	-1.659489	-19.767705		
11	0.726452	750	-1.638701	-21.406405		
12	0.705989	750	-1.620275	-23.02668		
13	0.685877	750	-1.571483	-24.598163		
14	0.666112	750	-1.556115	-26.154278		
15	0.646693	750	-1.562316	-27.716594		
16	0.627618	750	-1.508484	-29.225078		
17	0.608884	750	-1.488783	-30.713861		
18	0.59049	750	-1.488335	-32.202196		
19	0.572433	750	-1.461602	-33.663798		
20	0.554712	750	-1.40499	-35.068788		
21	0.537324	750	-1.398981	-36.467768		
22	0.520268	750	-1.425867	-37.893635		
23	0.50354	750	-1.351519	-39.245154		
24	0.487139	750	-1.301124	-40.546279		
25	0.471063	750	-1.288305	-41.834584		
26	0.45531	750	-1.352721	-43.187304		
27	0.439877	750	-1.230794	-44.418098		
28	0.424762	750	-1.269891	-45.687989		
29	0.409963	750	-1.188014	-46.876003		
30	0.395478	750	-1.185949	-48.061952		
31	0.381305	750	-1.241197	-49.303149		
32	0.36744	750	-1.17163	-50.474779		
33	0.353883	750	-1.167118	-51.641897		
34	0.34063	750	-1.108953	-52.75085		
35	0.32768	750	-1.078347	-53.829197		
36	0.31503	750	-1.049715	-54.878913		
37	0.302677	750	-1.021341	-55.900254		
38	0.290619	750	-1.033149	-56.933403		
39	0.278855	750	-1.01669	-57.950093		
40	0.267381	750	-0.984883	-58.934976		
41	0.256195	750	-0.992432	-59.927409		
42	0.245294	750	-0.952588	-60.879997		
43	0.234677	750	-0.932643	-61.81264		
44	0.22434	750	-0.902723	-62.715362		
45	0.214281	750	-0.878011	-63.593373		
46	0.204498	750	-0.868584	-64.461957		
47	0.194988	750	-0.853326	-65.315283		
48	0.185749	750	-0.818899	-66.134182		
49	0.176777	750	-0.736039	-66.870222		
50	0.16807	750	-0.76417	-67.634392		
51	0.159626	750	-0.7755	-68.409892		
52	0.151441	750	-0.740263	-69.150155		
53	0.143514	750	-0.731915	-69.88207		
54	0.135841	750	-0.695816	-70.577885		
55	0.12842	750	-0.675051	-71.252937		
56	0.121247	750	-0.655444	-71.90838		
57	0.11432	750	-0.623188	-72.531568		
58	0.107637	750	-0.621238	-73.152806		
59	0.101193	750	-0.588881	-73.741687		
60	0.094986	750	-0.594038	-74.335724		
61	0.089014	750	-0.549185	-74.884909		
62	0.083273	750	-0.529961	-75.414871		
63	0.07776	750	-0.527299	-75.942169		
64	0.072472	750	-0.50288	-76.445049		
65	0.067406	750	-0.480539	-76.925588		
66	0.062558	750	-0.469061	-77.394648		
67	0.057926	750	-0.441472	-77.83612		
68	0.053506	750	-0.429088	-78.265208		
69	0.049295	750	-0.419963	-78.685171		
70	0.045289	750	-0.393618	-79.078789		
71	0.041485	750	-0.376749	-79.455538		
72	0.03788	750	-0.366915	-79.822453		
73	0.034469	750	-0.351958	-80.174411		
74	0.03125	750	-0.322683	-80.497094		
75	0.028218	750	-0.32048	-80.817575		
76	0.02537	750	-0.308146	-81.12572		
77	0.022702	750	-0.27199	-81.39771		
78	0.020209	750	-0.263315	-81.661025		
79	0.017889	750	-0.248121	-81.909146		
80	0.015736	750	-0.231757	-82.140903		
81	0.013746	750	-0.219319	-82.360221		
82	0.011916	750	-0.202443	-82.562665		
83	0.01024	750	-0.177061	-82.739725		
84	0.008714	750	-0.172803	-82.912528		
85	0.007334	750	-0.159686	-83.072214		
86	0.006093	750	-0.137479	-83.209693		
87	0.004988	750	-0.126157	-83.33585		
88	0.004013	750	-0.105885	-83.441735		
89	0.003162	750	-0.101505	-83.54324		
90	0.00243	750	-0.085796	-83.629036		
91	0.00181	750	-0.074142	-83.703178		
92	0.001296	750	-0.058458	-83.761636		
93	0.000882	750	-0.05354	-83.815176		
94	0.000559	750	-0.039758	-83.854933		
95	0.00032	750	-0.029683	-83.884616		
96	0.000156	750	-0.021611	-83.906227		
97	0.000057	750	-0.011583	-83.91781		
98	0.00001	750	-0.005505	-83.923315		
99	0	750	-0.001213	-83.924528		
Log marginal likelihood:	-83.924528					
0	0.975187	750	-1.980209	-1.980209		
1	0.950747	750	-1.949263	-3.929473		
2	0.926679	750	-1.944482	-5.873955		
3	0.90298	750	-1.929959	-7.803914		
4	0.879648	750	-1.990904	-9.794818		
5	0.856682	750	-1.875662	-11.67048		
6	0.834079	750	-1.813965	-13.484445		
7	0.811838	750	-1.903125	-15.38757		
8	0.789957	750	-1.778257	-17.165828		
9	0.768433	750	-1.755763	-18.92159		
10	0.747266	750	-1.695556	-20.617147		
11	0.726452	750	-1.69889	-22.316037		
12	0.705989	750	-1.722051	-24.038088		
13	0.685877	750	-1.667179	-25.705267		
14	0.666112	750	-1.672492	-27.377759		
15	0.646693	750	-1.572636	-28.950395		
16	0.627618	750	-1.660086	-30.610481		
17	0.608884	750	-1.606835	-32.217316		
18	0.59049	750	-1.539452	-33.756767		
19	0.572433	750	-1.510975	-35.267742		
20	0.554712	750	-1.520676	-36.788418		
21	0.537324	750	-1.454249	-38.242667		
22	0.520268	750	-1.426021	-39.668688		
23	0.50354	750	-1.461071	-41.129759		
24	0.487139	750	-1.434651	-42.56441		
25	0.471063	750	-1.394861	-43.959271		
26	0.45531	750	-1.337056	-45.296327		
27	0.439877	750	-1.310758	-46.607086		
28	0.424762	750	-1.328263	-47.935349		
29	0.409963	750	-1.285473	-49.220821		
30	0.395478	750	-1.257871	-50.478692		
31	0.381305	750	-1.190405	-51.669097		
32	0.36744	750	-1.210271	-52.879368		
33	0.353883	750	-1.187935	-54.067304		
34	0.34063	750	-1.131817	-55.199121		
35	0.32768	750	-1.114579	-56.3137		
36	0.31503	750	-1.115569	-57.429269		
37	0.302677	750	-1.065279	-58.494548		
38	0.290619	750	-1.064558	-59.559107		
39	0.278855	750	-1.035853	-60.594959		
40	0.267381	750	-1.022969	-61.617928		
41	0.256195	750	-0.991444	-62.609372		
42	0.245294	750	-0.957639	-63.567012		
43	0.234677	750	-0.928714	-64.495725		
44	0.22434	750	-0.917655	-65.41338		
45	0.214281	750	-0.883642	-66.297022		
46	0.204498	750	-0.882398	-67.17942		
47	0.194988	750	-0.857172	-68.036592		
48	0.185749	750	-0.818898	-68.85549		
49	0.176777	750	-0.806654	-69.662144		
50	0.16807	750	-0.793107	-70.455251		
51	0.159626	750	-0.758929	-71.214179		
52	0.151441	750	-0.737845	-71.952025		
53	0.143514	750	-0.721106	-72.673131		
54	0.135841	750	-0.698767	-73.371898		
55	0.12842	750	-0.678356	-74.050254		
56	0.121247	750	-0.651611	-74.701865		
57	0.11432	750	-0.647336	-75.349201		
58	0.107637	750	-0.624132	-75.973332		
59	0.101193	750	-0.597456	-76.570788		
60	0.094986	750	-0.583402	-77.15419		
61	0.089014	750	-0.554914	-77.709104		
62	0.083273	750	-0.538914	-78.248018		
63	0.07776	750	-0.519976	-78.767994		
64	0.072472	750	-0.502308	-79.270302		
65	0.067406	750	-0.484681	-79.754983		
66	0.062558	750	-0.454053	-80.209036		
67	0.057926	750	-0.451823	-80.660859		
68	0.053506	750	-0.439449	-81.100308		
69	0.049295	750	-0.412158	-81.512466		
70	0.045289	750	-0.405022	-81.917488		
71	0.041485	750	-0.383441	-82.300929		
72	0.03788	750	-0.365291	-82.666221		
73	0.034469	750	-0.351254	-83.017475		
74	0.03125	750	-0.328568	-83.346043		
75	0.028218	750	-0.308704	-83.654748		
76	0.02537	750	-0.291609	-83.946356		
77	0.022702	750	-0.274743	-84.221099		
78	0.020209	750	-0.261413	-84.482512		
79	0.017889	750	-0.234413	-84.716925		
80	0.015736	750	-0.230784	-84.947709		
81	0.013746	750	-0.212175	-85.159884		
82	0.011916	750	-0.201829	-85.361713		
83	0.01024	750	-0.180475	-85.542188		
84	0.008714	750	-0.162079	-85.704266		
85	0.007334	750	-0.155282	-85.859548		
86	0.006093	750	-0.141521	-86.001069		
87	0.004988	750	-0.134521	-86.135591		
88	0.004013	750	-0.116575	-86.252165		
89	0.003162	750	-0.103768	-86.355933		
90	0.00243	750	-0.086392	-86.442325		
91	0.00181	750	-0.075621	-86.517946		
92	0.001296	750	-0.064941	-86.582888		
93	0.000882	750	-0.050848	-86.633736		
94	0.000559	750	-0.036784	-86.670519		
95	0.00032	750	-0.029797	-86.700317		
96	0.000156	750	-0.020545	-86.720861		
97	0.000057	750	-0.011061	-86.731922		
98	0.00001	750	-0.005719	-86.737641		
99	0	750	-0.001219	-86.73886		
Log marginal likelihood:	-86.73886					
