Steppingstone sampler:
        No Stones:                  100
        Start It:                   1010001
        It Per Stone:               1000
        Sample Freq:                1
        Dist:                       Beta(0.400000,1.000000)
Stone No	Power	N	Stone MLh	Running MLh
0	0.975187	750	-3.204995	-3.204995
1	0.950747	750	-3.159123	-6.364118
2	0.926679	750	-3.100906	-9.465024
3	0.902980	750	-3.085991	-12.551015
4	0.879648	750	-3.024596	-15.575611
5	0.856682	750	-2.984091	-18.559701
6	0.834079	750	-2.934260	-21.493961
7	0.811838	750	-2.943413	-24.437374
8	0.789957	750	-2.884409	-27.321783
9	0.768433	750	-2.796416	-30.118199
10	0.747266	750	-2.765575	-32.883774
11	0.726452	750	-2.720228	-35.604001
12	0.705989	750	-2.670033	-38.274034
13	0.685877	750	-2.665511	-40.939545
14	0.666112	750	-2.684358	-43.623902
15	0.646693	750	-2.580534	-46.204437
16	0.627618	750	-2.544436	-48.748873
17	0.608884	750	-2.490256	-51.239128
18	0.590490	750	-2.439991	-53.679119
19	0.572433	750	-2.384138	-56.063257
20	0.554712	750	-2.363918	-58.427175
21	0.537324	750	-2.330460	-60.757635
22	0.520268	750	-2.244979	-63.002614
23	0.503540	750	-2.231909	-65.234523
24	0.487139	750	-2.263267	-67.497790
25	0.471063	750	-2.144886	-69.642676
26	0.455310	750	-2.190798	-71.833473
27	0.439877	750	-2.252761	-74.086234
28	0.424762	750	-2.031507	-76.117741
29	0.409963	750	-1.999477	-78.117218
30	0.395478	750	-2.182965	-80.300183
31	0.381305	750	-1.905820	-82.206004
32	0.367440	750	-1.936263	-84.142267
33	0.353883	750	-2.062311	-86.204578
34	0.340630	750	-1.878597	-88.083176
35	0.327680	750	-1.985264	-90.068439
36	0.315030	750	-1.830562	-91.899002
37	0.302677	750	-1.858122	-93.757124
38	0.290619	750	-1.822129	-95.579253
39	0.278855	750	-1.778704	-97.357957
40	0.267381	750	-1.707722	-99.065679
41	0.256195	750	-1.736184	-100.801863
42	0.245294	750	-1.681979	-102.483842
43	0.234677	750	-1.661162	-104.145004
44	0.224340	750	-1.578957	-105.723961
45	0.214281	750	-1.544682	-107.268643
46	0.204498	750	-1.541693	-108.810336
47	0.194988	750	-1.497901	-110.308237
48	0.185749	750	-1.464046	-111.772283
49	0.176777	750	-1.392143	-113.164426
50	0.168070	750	-1.397580	-114.562006
51	0.159626	750	-1.351322	-115.913328
52	0.151441	750	-1.304939	-117.218267
53	0.143514	750	-1.253487	-118.471753
54	0.135841	750	-1.206033	-119.677786
55	0.128420	750	-1.200994	-120.878780
56	0.121247	750	-1.164900	-122.043680
57	0.114320	750	-1.112696	-123.156376
58	0.107637	750	-1.078608	-124.234985
59	0.101193	750	-1.041024	-125.276008
60	0.094986	750	-1.019530	-126.295539
61	0.089014	750	-0.993251	-127.288790
62	0.083273	750	-0.939868	-128.228658
63	0.077760	750	-0.902294	-129.130952
64	0.072472	750	-0.898101	-130.029053
65	0.067406	750	-0.861546	-130.890599
66	0.062558	750	-0.846983	-131.737582
67	0.057926	750	-0.792303	-132.529884
68	0.053506	750	-0.748815	-133.278699
69	0.049295	750	-0.735551	-134.014251
70	0.045289	750	-0.715628	-134.729879
71	0.041485	750	-0.672334	-135.402214
72	0.037880	750	-0.627736	-136.029949
73	0.034469	750	-0.628097	-136.658046
74	0.031250	750	-0.592047	-137.250093
75	0.028218	750	-0.550403	-137.800496
76	0.025370	750	-0.551458	-138.351954
77	0.022702	750	-0.522132	-138.874086
78	0.020209	750	-0.478230	-139.352316
79	0.017889	750	-0.452336	-139.804652
80	0.015736	750	-0.435489	-140.240140
81	0.013746	750	-0.390678	-140.630818
82	0.011916	750	-0.385355	-141.016174
83	0.010240	750	-0.358083	-141.374257
84	0.008714	750	-0.332950	-141.707207
85	0.007334	750	-0.286474	-141.993680
86	0.006093	750	-0.263305	-142.256986
87	0.004988	750	-0.255578	-142.512564
88	0.004013	750	-0.254094	-142.766658
89	0.003162	750	-0.196110	-142.962769
90	0.002430	750	-0.165762	-143.128530
91	0.001810	750	-0.159404	-143.287934
92	0.001296	750	-0.118330	-143.406264
93	0.000882	750	-0.110978	-143.517243
94	0.000559	750	-0.074415	-143.591658
95	0.000320	750	-0.063053	-143.654711
96	0.000156	750	-0.037339	-143.692050
97	0.000057	750	-0.025139	-143.717188
98	0.000010	750	-0.011826	-143.729015
99	0.000000	750	-0.002490	-143.731504
Log marginal likelihood:	-143.731504
0	0.975187	750	-3.378526	-3.378526
1	0.950747	750	-3.330968	-6.709494
2	0.926679	750	-3.272784	-9.982278
3	0.902980	750	-3.232198	-13.214476
4	0.879648	750	-3.177913	-16.392389
5	0.856682	750	-3.152159	-19.544548
6	0.834079	750	-3.096288	-22.640837
7	0.811838	750	-3.058597	-25.699434
8	0.789957	750	-3.043131	-28.742565
9	0.768433	750	-2.942249	-31.684814
10	0.747266	750	-3.059854	-34.744668
11	0.726452	750	-2.949031	-37.693700
12	0.705989	750	-2.828398	-40.522097
13	0.685877	750	-2.812379	-43.334476
14	0.666112	750	-2.719344	-46.053820
15	0.646693	750	-2.716287	-48.770107
16	0.627618	750	-2.821050	-51.591156
17	0.608884	750	-2.581247	-54.172404
18	0.590490	750	-2.551332	-56.723736
19	0.572433	750	-2.518859	-59.242595
20	0.554712	750	-2.457236	-61.699830
21	0.537324	750	-2.561743	-64.261573
22	0.520268	750	-2.446723	-66.708296
23	0.503540	750	-2.427037	-69.135333
24	0.487139	750	-2.421368	-71.556700
25	0.471063	750	-2.436322	-73.993022
26	0.455310	750	-2.266726	-76.259748
27	0.439877	750	-2.297078	-78.556826
28	0.424762	750	-2.151683	-80.708509
29	0.409963	750	-2.261734	-82.970243
30	0.395478	750	-2.203461	-85.173704
31	0.381305	750	-2.136615	-87.310319
32	0.367440	750	-2.057199	-89.367518
33	0.353883	750	-2.056606	-91.424125
34	0.340630	750	-2.026882	-93.451006
35	0.327680	750	-1.991211	-95.442217
36	0.315030	750	-1.955823	-97.398040
37	0.302677	750	-1.873331	-99.271371
38	0.290619	750	-1.853386	-101.124757
39	0.278855	750	-1.817151	-102.941908
40	0.267381	750	-1.776155	-104.718063
41	0.256195	750	-1.721630	-106.439693
42	0.245294	750	-1.646900	-108.086594
43	0.234677	750	-1.643231	-109.729825
44	0.224340	750	-1.589827	-111.319652
45	0.214281	750	-1.593210	-112.912861
46	0.204498	750	-1.521092	-114.433953
47	0.194988	750	-1.472155	-115.906108
48	0.185749	750	-1.459736	-117.365844
49	0.176777	750	-1.411750	-118.777594
50	0.168070	750	-1.377705	-120.155300
51	0.159626	750	-1.355756	-121.511056
52	0.151441	750	-1.301870	-122.812926
53	0.143514	750	-1.254119	-124.067045
54	0.135841	750	-1.224488	-125.291533
55	0.128420	750	-1.165591	-126.457124
56	0.121247	750	-1.150600	-127.607724
57	0.114320	750	-1.100210	-128.707934
58	0.107637	750	-1.077620	-129.785554
59	0.101193	750	-1.060295	-130.845849
60	0.094986	750	-1.026094	-131.871943
61	0.089014	750	-0.975383	-132.847325
62	0.083273	750	-0.986047	-133.833373
63	0.077760	750	-0.908097	-134.741469
64	0.072472	750	-0.874915	-135.616384
65	0.067406	750	-0.834594	-136.450979
66	0.062558	750	-0.827458	-137.278436
67	0.057926	750	-0.784493	-138.062929
68	0.053506	750	-0.747569	-138.810498
69	0.049295	750	-0.712193	-139.522691
70	0.045289	750	-0.688503	-140.211194
71	0.041485	750	-0.663971	-140.875165
72	0.037880	750	-0.623115	-141.498280
73	0.034469	750	-0.616384	-142.114664
74	0.031250	750	-0.575708	-142.690372
75	0.028218	750	-0.546103	-143.236475
76	0.025370	750	-0.552320	-143.788795
77	0.022702	750	-0.497561	-144.286356
78	0.020209	750	-0.493746	-144.780101
79	0.017889	750	-0.466082	-145.246184
80	0.015736	750	-0.429060	-145.675244
81	0.013746	750	-0.397954	-146.073197
82	0.011916	750	-0.386471	-146.459669
83	0.010240	750	-0.348586	-146.808254
84	0.008714	750	-0.314677	-147.122932
85	0.007334	750	-0.298918	-147.421850
86	0.006093	750	-0.258134	-147.679983
87	0.004988	750	-0.244248	-147.924231
88	0.004013	750	-0.229345	-148.153576
89	0.003162	750	-0.215454	-148.369030
90	0.002430	750	-0.171315	-148.540345
91	0.001810	750	-0.147678	-148.688023
92	0.001296	750	-0.127158	-148.815181
93	0.000882	750	-0.094975	-148.910156
94	0.000559	750	-0.078575	-148.988731
95	0.000320	750	-0.065240	-149.053972
96	0.000156	750	-0.041256	-149.095227
97	0.000057	750	-0.026323	-149.121551
98	0.000010	750	-0.011324	-149.132875
99	0.000000	750	-0.002379	-149.135253
Log marginal likelihood:	-149.135253
0	0.975187	750	-2.995386	-2.995386
1	0.950747	750	-2.999549	-5.994935
2	0.926679	750	-2.930513	-8.925447
3	0.902980	750	-2.919556	-11.845004
4	0.879648	750	-2.821936	-14.666940
5	0.856682	750	-2.771966	-17.438906
6	0.834079	750	-2.758958	-20.197864
7	0.811838	750	-2.732003	-22.929867
8	0.789957	750	-2.671115	-25.600982
9	0.768433	750	-2.701611	-28.302593
10	0.747266	750	-2.602767	-30.905360
11	0.726452	750	-2.543189	-33.448549
12	0.705989	750	-2.519956	-35.968505
13	0.685877	750	-2.467736	-38.436241
14	0.666112	750	-2.431961	-40.868202
15	0.646693	750	-2.397519	-43.265721
16	0.627618	750	-2.408112	-45.673832
17	0.608884	750	-2.327034	-48.000867
18	0.590490	750	-2.303659	-50.304526
19	0.572433	750	-2.268280	-52.572806
20	0.554712	750	-2.234026	-54.806831
21	0.537324	750	-2.220783	-57.027614
22	0.520268	750	-2.160794	-59.188408
23	0.503540	750	-2.154456	-61.342864
24	0.487139	750	-2.054689	-63.397552
25	0.471063	750	-2.076884	-65.474436
26	0.455310	750	-2.041284	-67.515719
27	0.439877	750	-2.199933	-69.715652
28	0.424762	750	-2.007543	-71.723196
29	0.409963	750	-1.992922	-73.716118
30	0.395478	750	-2.040464	-75.756581
31	0.381305	750	-1.992905	-77.749486
32	0.367440	750	-1.906685	-79.656172
33	0.353883	750	-1.888373	-81.544545
34	0.340630	750	-1.910318	-83.454863
35	0.327680	750	-1.681882	-85.136745
36	0.315030	750	-1.670314	-86.807059
37	0.302677	750	-1.720474	-88.527534
38	0.290619	750	-1.784879	-90.312412
39	0.278855	750	-1.751461	-92.063873
40	0.267381	750	-1.583895	-93.647768
41	0.256195	750	-1.627896	-95.275664
42	0.245294	750	-1.594441	-96.870106
43	0.234677	750	-1.524421	-98.394527
44	0.224340	750	-1.545509	-99.940036
45	0.214281	750	-1.432702	-101.372738
46	0.204498	750	-1.495393	-102.868130
47	0.194988	750	-1.469054	-104.337184
48	0.185749	750	-1.391359	-105.728543
49	0.176777	750	-1.375419	-107.103961
50	0.168070	750	-1.342481	-108.446443
51	0.159626	750	-1.291532	-109.737975
52	0.151441	750	-1.297756	-111.035731
53	0.143514	750	-1.244595	-112.280325
54	0.135841	750	-1.197432	-113.477757
55	0.128420	750	-1.176344	-114.654101
56	0.121247	750	-1.140915	-115.795016
57	0.114320	750	-1.083424	-116.878440
58	0.107637	750	-1.070591	-117.949031
59	0.101193	750	-1.014720	-118.963751
60	0.094986	750	-0.991735	-119.955486
61	0.089014	750	-0.958774	-120.914260
62	0.083273	750	-0.913620	-121.827879
63	0.077760	750	-0.883967	-122.711846
64	0.072472	750	-0.862629	-123.574475
65	0.067406	750	-0.852743	-124.427217
66	0.062558	750	-0.794835	-125.222053
67	0.057926	750	-0.765650	-125.987702
68	0.053506	750	-0.744443	-126.732145
69	0.049295	750	-0.717984	-127.450129
70	0.045289	750	-0.702233	-128.152362
71	0.041485	750	-0.637388	-128.789750
72	0.037880	750	-0.613676	-129.403426
73	0.034469	750	-0.623758	-130.027185
74	0.031250	750	-0.592702	-130.619886
75	0.028218	750	-0.552442	-131.172328
76	0.025370	750	-0.505759	-131.678087
77	0.022702	750	-0.504917	-132.183005
78	0.020209	750	-0.474844	-132.657849
79	0.017889	750	-0.440557	-133.098405
80	0.015736	750	-0.418028	-133.516433
81	0.013746	750	-0.442962	-133.959395
82	0.011916	750	-0.362793	-134.322188
83	0.010240	750	-0.351075	-134.673263
84	0.008714	750	-0.315406	-134.988669
85	0.007334	750	-0.277145	-135.265814
86	0.006093	750	-0.265786	-135.531600
87	0.004988	750	-0.267752	-135.799352
88	0.004013	750	-0.211874	-136.011226
89	0.003162	750	-0.199792	-136.211018
90	0.002430	750	-0.167682	-136.378699
91	0.001810	750	-0.132702	-136.511401
92	0.001296	750	-0.114499	-136.625900
93	0.000882	750	-0.097401	-136.723301
94	0.000559	750	-0.072632	-136.795933
95	0.000320	750	-0.058471	-136.854404
96	0.000156	750	-0.042163	-136.896566
97	0.000057	750	-0.022142	-136.918708
98	0.000010	750	-0.011643	-136.930351
99	0.000000	750	-0.002336	-136.932687
Log marginal likelihood:	-136.932687
0	0.975187	750	-3.158787	-3.158787
1	0.950747	750	-3.120653	-6.279439
2	0.926679	750	-3.072865	-9.352304
3	0.902980	750	-3.058587	-12.410891
4	0.879648	750	-3.013515	-15.424406
5	0.856682	750	-2.957010	-18.381417
6	0.834079	750	-2.953197	-21.334614
7	0.811838	750	-2.880429	-24.215043
8	0.789957	750	-2.821133	-27.036175
9	0.768433	750	-2.780203	-29.816378
10	0.747266	750	-2.739526	-32.555904
11	0.726452	750	-2.710811	-35.266715
12	0.705989	750	-2.647872	-37.914586
13	0.685877	750	-2.648104	-40.562690
14	0.666112	750	-2.579220	-43.141910
15	0.646693	750	-2.545269	-45.687179
16	0.627618	750	-2.480268	-48.167448
17	0.608884	750	-2.471928	-50.639375
18	0.590490	750	-2.437582	-53.076957
19	0.572433	750	-2.413308	-55.490265
20	0.554712	750	-2.419183	-57.909448
21	0.537324	750	-2.295329	-60.204777
22	0.520268	750	-2.271998	-62.476776
23	0.503540	750	-2.250438	-64.727214
24	0.487139	750	-2.264293	-66.991507
25	0.471063	750	-2.133403	-69.124910
26	0.455310	750	-2.121002	-71.245913
27	0.439877	750	-2.105675	-73.351588
28	0.424762	750	-2.060746	-75.412334
29	0.409963	750	-2.087397	-77.499731
30	0.395478	750	-2.227559	-79.727290
31	0.381305	750	-2.091775	-81.819065
32	0.367440	750	-2.003653	-83.822718
33	0.353883	750	-1.883642	-85.706360
34	0.340630	750	-1.812308	-87.518667
35	0.327680	750	-1.953504	-89.472171
36	0.315030	750	-1.980492	-91.452663
37	0.302677	750	-1.955544	-93.408207
38	0.290619	750	-1.837029	-95.245236
39	0.278855	750	-1.866300	-97.111536
40	0.267381	750	-1.774228	-98.885764
41	0.256195	750	-1.665080	-100.550843
42	0.245294	750	-1.717268	-102.268111
43	0.234677	750	-1.607757	-103.875869
44	0.224340	750	-1.634970	-105.510838
45	0.214281	750	-1.550356	-107.061195
46	0.204498	750	-1.567561	-108.628755
47	0.194988	750	-1.536826	-110.165582
48	0.185749	750	-1.501446	-111.667027
49	0.176777	750	-1.452538	-113.119565
50	0.168070	750	-1.426535	-114.546101
51	0.159626	750	-1.359970	-115.906071
52	0.151441	750	-1.330333	-117.236404
53	0.143514	750	-1.301106	-118.537511
54	0.135841	750	-1.232364	-119.769874
55	0.128420	750	-1.205700	-120.975574
56	0.121247	750	-1.184760	-122.160335
57	0.114320	750	-1.155968	-123.316303
58	0.107637	750	-1.106574	-124.422877
59	0.101193	750	-1.065510	-125.488387
60	0.094986	750	-1.035229	-126.523616
61	0.089014	750	-0.988547	-127.512163
62	0.083273	750	-0.977085	-128.489248
63	0.077760	750	-0.957845	-129.447093
64	0.072472	750	-0.899908	-130.347001
65	0.067406	750	-0.900132	-131.247133
66	0.062558	750	-0.868322	-132.115454
67	0.057926	750	-0.808601	-132.924055
68	0.053506	750	-0.793748	-133.717803
69	0.049295	750	-0.780589	-134.498392
70	0.045289	750	-0.718178	-135.216570
71	0.041485	750	-0.690584	-135.907154
72	0.037880	750	-0.657796	-136.564951
73	0.034469	750	-0.638819	-137.203770
74	0.031250	750	-0.610727	-137.814497
75	0.028218	750	-0.566392	-138.380889
76	0.025370	750	-0.559951	-138.940839
77	0.022702	750	-0.513114	-139.453954
78	0.020209	750	-0.498028	-139.951982
79	0.017889	750	-0.476487	-140.428470
80	0.015736	750	-0.482858	-140.911328
81	0.013746	750	-0.389649	-141.300977
82	0.011916	750	-0.391287	-141.692264
83	0.010240	750	-0.345163	-142.037427
84	0.008714	750	-0.330423	-142.367850
85	0.007334	750	-0.317109	-142.684959
86	0.006093	750	-0.269722	-142.954681
87	0.004988	750	-0.244130	-143.198812
88	0.004013	750	-0.219282	-143.418094
89	0.003162	750	-0.200259	-143.618353
90	0.002430	750	-0.171799	-143.790152
91	0.001810	750	-0.151383	-143.941535
92	0.001296	750	-0.135412	-144.076946
93	0.000882	750	-0.104024	-144.180971
94	0.000559	750	-0.087907	-144.268878
95	0.000320	750	-0.066442	-144.335320
96	0.000156	750	-0.038477	-144.373797
97	0.000057	750	-0.026623	-144.400420
98	0.000010	750	-0.011785	-144.412205
99	0.000000	750	-0.002518	-144.414722
Log marginal likelihood:	-144.414722
0	0.975187	750	-3.347275	-3.347275
1	0.950747	750	-3.272170	-6.619445
2	0.926679	750	-3.224221	-9.843666
3	0.902980	750	-3.125049	-12.968714
4	0.879648	750	-3.132181	-16.100895
5	0.856682	750	-3.109608	-19.210503
6	0.834079	750	-3.010902	-22.221405
7	0.811838	750	-2.973608	-25.195013
8	0.789957	750	-2.925710	-28.120723
9	0.768433	750	-2.880965	-31.001688
10	0.747266	750	-2.876321	-33.878008
11	0.726452	750	-2.834906	-36.712914
12	0.705989	750	-2.863779	-39.576694
13	0.685877	750	-2.799889	-42.376582
14	0.666112	750	-2.666295	-45.042877
15	0.646693	750	-2.608734	-47.651611
16	0.627618	750	-2.671351	-50.322962
17	0.608884	750	-2.617259	-52.940222
18	0.590490	750	-2.493384	-55.433606
19	0.572433	750	-2.521103	-57.954709
20	0.554712	750	-2.395970	-60.350679
21	0.537324	750	-2.444895	-62.795574
22	0.520268	750	-2.413734	-65.209308
23	0.503540	750	-2.332139	-67.541447
24	0.487139	750	-2.315593	-69.857040
25	0.471063	750	-2.236075	-72.093115
26	0.455310	750	-2.262254	-74.355370
27	0.439877	750	-2.276103	-76.631473
28	0.424762	750	-2.152629	-78.784102
29	0.409963	750	-2.238409	-81.022511
30	0.395478	750	-2.060036	-83.082547
31	0.381305	750	-2.047101	-85.129648
32	0.367440	750	-1.994993	-87.124641
33	0.353883	750	-1.980573	-89.105214
34	0.340630	750	-2.003049	-91.108263
35	0.327680	750	-1.925638	-93.033901
36	0.315030	750	-1.917317	-94.951218
37	0.302677	750	-1.904452	-96.855671
38	0.290619	750	-1.779602	-98.635272
39	0.278855	750	-1.783948	-100.419221
40	0.267381	750	-1.787858	-102.207079
41	0.256195	750	-1.713814	-103.920892
42	0.245294	750	-1.692439	-105.613332
43	0.234677	750	-1.666466	-107.279797
44	0.224340	750	-1.622474	-108.902272
45	0.214281	750	-1.530073	-110.432345
46	0.204498	750	-1.524777	-111.957122
47	0.194988	750	-1.492891	-113.450013
48	0.185749	750	-1.440699	-114.890712
49	0.176777	750	-1.398422	-116.289134
50	0.168070	750	-1.406457	-117.695591
51	0.159626	750	-1.348747	-119.044338
52	0.151441	750	-1.295748	-120.340086
53	0.143514	750	-1.262984	-121.603070
54	0.135841	750	-1.228466	-122.831536
55	0.128420	750	-1.167734	-123.999270
56	0.121247	750	-1.158876	-125.158146
57	0.114320	750	-1.134660	-126.292805
58	0.107637	750	-1.078831	-127.371637
59	0.101193	750	-1.059085	-128.430722
60	0.094986	750	-1.019052	-129.449774
61	0.089014	750	-0.978282	-130.428056
62	0.083273	750	-0.949962	-131.378018
63	0.077760	750	-0.938128	-132.316146
64	0.072472	750	-0.900794	-133.216941
65	0.067406	750	-0.859161	-134.076102
66	0.062558	750	-0.826959	-134.903061
67	0.057926	750	-0.800871	-135.703932
68	0.053506	750	-0.768618	-136.472550
69	0.049295	750	-0.748292	-137.220842
70	0.045289	750	-0.721503	-137.942345
71	0.041485	750	-0.691794	-138.634139
72	0.037880	750	-0.643299	-139.277439
73	0.034469	750	-0.639528	-139.916966
74	0.031250	750	-0.596710	-140.513676
75	0.028218	750	-0.575087	-141.088763
76	0.025370	750	-0.557049	-141.645812
77	0.022702	750	-0.535503	-142.181315
78	0.020209	750	-0.511894	-142.693209
79	0.017889	750	-0.461711	-143.154921
80	0.015736	750	-0.436586	-143.591506
81	0.013746	750	-0.393401	-143.984907
82	0.011916	750	-0.376884	-144.361790
83	0.010240	750	-0.382534	-144.744324
84	0.008714	750	-0.362379	-145.106703
85	0.007334	750	-0.331802	-145.438505
86	0.006093	750	-0.293063	-145.731568
87	0.004988	750	-0.238352	-145.969920
88	0.004013	750	-0.218047	-146.187968
89	0.003162	750	-0.187112	-146.375079
90	0.002430	750	-0.180153	-146.555232
91	0.001810	750	-0.155664	-146.710896
92	0.001296	750	-0.118554	-146.829450
93	0.000882	750	-0.098123	-146.927573
94	0.000559	750	-0.080754	-147.008327
95	0.000320	750	-0.056641	-147.064969
96	0.000156	750	-0.044204	-147.109172
97	0.000057	750	-0.024781	-147.133953
98	0.000010	750	-0.010932	-147.144886
99	0.000000	750	-0.002275	-147.147161
Log marginal likelihood:	-147.147161
0	0.975187	750	-2.957672	-2.957672
1	0.950747	750	-2.945335	-5.903007
2	0.926679	750	-2.884155	-8.787162
3	0.902980	750	-2.843913	-11.631075
4	0.879648	750	-2.810699	-14.441774
5	0.856682	750	-2.790575	-17.232349
6	0.834079	750	-2.736846	-19.969195
7	0.811838	750	-2.669122	-22.638317
8	0.789957	750	-2.659342	-25.297659
9	0.768433	750	-2.614777	-27.912435
10	0.747266	750	-2.599204	-30.511640
11	0.726452	750	-2.511778	-33.023418
12	0.705989	750	-2.469848	-35.493266
13	0.685877	750	-2.479669	-37.972935
14	0.666112	750	-2.429475	-40.402410
15	0.646693	750	-2.450260	-42.852670
16	0.627618	750	-2.352771	-45.205441
17	0.608884	750	-2.286542	-47.491983
18	0.590490	750	-2.254012	-49.745994
19	0.572433	750	-2.295329	-52.041323
20	0.554712	750	-2.314115	-54.355438
21	0.537324	750	-2.160197	-56.515635
22	0.520268	750	-2.158347	-58.673983
23	0.503540	750	-2.076890	-60.750872
24	0.487139	750	-2.051979	-62.802851
25	0.471063	750	-2.097534	-64.900386
26	0.455310	750	-2.025080	-66.925466
27	0.439877	750	-1.972766	-68.898232
28	0.424762	750	-1.924381	-70.822613
29	0.409963	750	-1.850688	-72.673301
30	0.395478	750	-1.891517	-74.564818
31	0.381305	750	-1.849887	-76.414705
32	0.367440	750	-1.824206	-78.238912
33	0.353883	750	-1.905578	-80.144489
34	0.340630	750	-1.806912	-81.951402
35	0.327680	750	-1.740508	-83.691910
36	0.315030	750	-1.762924	-85.454834
37	0.302677	750	-1.656997	-87.111832
38	0.290619	750	-1.667867	-88.779698
39	0.278855	750	-1.729272	-90.508970
40	0.267381	750	-1.633289	-92.142259
41	0.256195	750	-1.605109	-93.747368
42	0.245294	750	-1.601763	-95.349131
43	0.234677	750	-1.550213	-96.899344
44	0.224340	750	-1.521131	-98.420475
45	0.214281	750	-1.448078	-99.868553
46	0.204498	750	-1.394199	-101.262753
47	0.194988	750	-1.411838	-102.674591
48	0.185749	750	-1.400829	-104.075420
49	0.176777	750	-1.343996	-105.419416
50	0.168070	750	-1.328220	-106.747636
51	0.159626	750	-1.262336	-108.009973
52	0.151441	750	-1.203535	-109.213507
53	0.143514	750	-1.177064	-110.390571
54	0.135841	750	-1.172240	-111.562812
55	0.128420	750	-1.131443	-112.694254
56	0.121247	750	-1.083603	-113.777858
57	0.114320	750	-1.062034	-114.839891
58	0.107637	750	-1.032501	-115.872392
59	0.101193	750	-0.996326	-116.868718
60	0.094986	750	-0.983204	-117.851921
61	0.089014	750	-0.939655	-118.791576
62	0.083273	750	-0.912971	-119.704547
63	0.077760	750	-0.880364	-120.584911
64	0.072472	750	-0.844065	-121.428976
65	0.067406	750	-0.797206	-122.226182
66	0.062558	750	-0.823714	-123.049896
67	0.057926	750	-0.743340	-123.793237
68	0.053506	750	-0.737276	-124.530513
69	0.049295	750	-0.687774	-125.218288
70	0.045289	750	-0.670220	-125.888508
71	0.041485	750	-0.653933	-126.542441
72	0.037880	750	-0.631383	-127.173824
73	0.034469	750	-0.610831	-127.784655
74	0.031250	750	-0.611980	-128.396636
75	0.028218	750	-0.541095	-128.937731
76	0.025370	750	-0.511070	-129.448801
77	0.022702	750	-0.480610	-129.929411
78	0.020209	750	-0.458592	-130.388003
79	0.017889	750	-0.430342	-130.818345
80	0.015736	750	-0.410639	-131.228983
81	0.013746	750	-0.392050	-131.621034
82	0.011916	750	-0.365370	-131.986403
83	0.010240	750	-0.354712	-132.341115
84	0.008714	750	-0.312789	-132.653905
85	0.007334	750	-0.269254	-132.923159
86	0.006093	750	-0.268196	-133.191355
87	0.004988	750	-0.241772	-133.433128
88	0.004013	750	-0.229228	-133.662355
89	0.003162	750	-0.187849	-133.850204
90	0.002430	750	-0.185868	-134.036072
91	0.001810	750	-0.150127	-134.186199
92	0.001296	750	-0.132518	-134.318717
93	0.000882	750	-0.093670	-134.412387
94	0.000559	750	-0.073746	-134.486133
95	0.000320	750	-0.058717	-134.544850
96	0.000156	750	-0.039161	-134.584011
97	0.000057	750	-0.026110	-134.610121
98	0.000010	750	-0.010775	-134.620896
99	0.000000	750	-0.002259	-134.623155
Log marginal likelihood:	-134.623155
0	0.975187	750	-3.352116	-3.352116
1	0.950747	750	-3.339928	-6.692043
2	0.926679	750	-3.259927	-9.951970
3	0.902980	750	-3.368926	-13.320896
4	0.879648	750	-3.220889	-16.541785
5	0.856682	750	-3.336432	-19.878217
6	0.834079	750	-3.204192	-23.082409
7	0.811838	750	-3.022546	-26.104954
8	0.789957	750	-3.067675	-29.172629
9	0.768433	750	-2.950052	-32.122682
10	0.747266	750	-2.978013	-35.100695
11	0.726452	750	-2.853358	-37.954053
12	0.705989	750	-2.826129	-40.780182
13	0.685877	750	-2.787513	-43.567695
14	0.666112	750	-2.755446	-46.323141
15	0.646693	750	-2.772852	-49.095993
16	0.627618	750	-2.738296	-51.834290
17	0.608884	750	-2.733476	-54.567766
18	0.590490	750	-2.536549	-57.104315
19	0.572433	750	-2.532094	-59.636409
20	0.554712	750	-2.458413	-62.094822
21	0.537324	750	-2.439520	-64.534342
22	0.520268	750	-2.572459	-67.106802
23	0.503540	750	-2.364232	-69.471034
24	0.487139	750	-2.344878	-71.815911
25	0.471063	750	-2.372797	-74.188708
26	0.455310	750	-2.240695	-76.429403
27	0.439877	750	-2.124161	-78.553564
28	0.424762	750	-2.244155	-80.797720
29	0.409963	750	-2.265624	-83.063343
30	0.395478	750	-2.168507	-85.231851
31	0.381305	750	-2.136557	-87.368408
32	0.367440	750	-2.099244	-89.467651
33	0.353883	750	-2.049290	-91.516941
34	0.340630	750	-2.015020	-93.531961
35	0.327680	750	-1.976740	-95.508702
36	0.315030	750	-1.901913	-97.410615
37	0.302677	750	-1.865097	-99.275712
38	0.290619	750	-1.828515	-101.104226
39	0.278855	750	-1.776459	-102.880685
40	0.267381	750	-1.747853	-104.628539
41	0.256195	750	-1.722002	-106.350541
42	0.245294	750	-1.672724	-108.023265
43	0.234677	750	-1.632919	-109.656184
44	0.224340	750	-1.608976	-111.265160
45	0.214281	750	-1.511090	-112.776251
46	0.204498	750	-1.533007	-114.309258
47	0.194988	750	-1.470869	-115.780127
48	0.185749	750	-1.434418	-117.214544
49	0.176777	750	-1.417115	-118.631659
50	0.168070	750	-1.370494	-120.002154
51	0.159626	750	-1.314547	-121.316700
52	0.151441	750	-1.285314	-122.602015
53	0.143514	750	-1.241905	-123.843919
54	0.135841	750	-1.213741	-125.057660
55	0.128420	750	-1.185772	-126.243431
56	0.121247	750	-1.147057	-127.390488
57	0.114320	750	-1.105801	-128.496289
58	0.107637	750	-1.092388	-129.588677
59	0.101193	750	-1.031755	-130.620432
60	0.094986	750	-0.998662	-131.619094
61	0.089014	750	-0.959184	-132.578278
62	0.083273	750	-0.957544	-133.535822
63	0.077760	750	-0.909865	-134.445687
64	0.072472	750	-0.875222	-135.320909
65	0.067406	750	-0.847240	-136.168149
66	0.062558	750	-0.813465	-136.981613
67	0.057926	750	-0.806003	-137.787617
68	0.053506	750	-0.741077	-138.528694
69	0.049295	750	-0.719086	-139.247780
70	0.045289	750	-0.704879	-139.952659
71	0.041485	750	-0.676916	-140.629575
72	0.037880	750	-0.655689	-141.285264
73	0.034469	750	-0.598861	-141.884124
74	0.031250	750	-0.590727	-142.474851
75	0.028218	750	-0.555921	-143.030772
76	0.025370	750	-0.527650	-143.558422
77	0.022702	750	-0.477903	-144.036325
78	0.020209	750	-0.457299	-144.493624
79	0.017889	750	-0.483277	-144.976900
80	0.015736	750	-0.463900	-145.440800
81	0.013746	750	-0.376692	-145.817492
82	0.011916	750	-0.382511	-146.200003
83	0.010240	750	-0.395087	-146.595090
84	0.008714	750	-0.309489	-146.904579
85	0.007334	750	-0.291799	-147.196378
86	0.006093	750	-0.267057	-147.463436
87	0.004988	750	-0.248382	-147.711818
88	0.004013	750	-0.223299	-147.935116
89	0.003162	750	-0.194504	-148.129620
90	0.002430	750	-0.164533	-148.294153
91	0.001810	750	-0.137626	-148.431779
92	0.001296	750	-0.114553	-148.546332
93	0.000882	750	-0.098438	-148.644770
94	0.000559	750	-0.073476	-148.718247
95	0.000320	750	-0.057908	-148.776154
96	0.000156	750	-0.034957	-148.811111
97	0.000057	750	-0.024729	-148.835840
98	0.000010	750	-0.011134	-148.846974
99	0.000000	750	-0.002305	-148.849279
Log marginal likelihood:	-148.849279
0	0.975187	750	-3.552936	-3.552936
1	0.950747	750	-3.515979	-7.068915
2	0.926679	750	-3.465882	-10.534797
3	0.902980	750	-3.408767	-13.943564
4	0.879648	750	-3.347277	-17.290841
5	0.856682	750	-3.334745	-20.625586
6	0.834079	750	-3.255634	-23.881219
7	0.811838	750	-3.218057	-27.099276
8	0.789957	750	-3.212329	-30.311605
9	0.768433	750	-3.145503	-33.457108
10	0.747266	750	-3.086396	-36.543505
11	0.726452	750	-3.006563	-39.550068
12	0.705989	750	-2.947869	-42.497937
13	0.685877	750	-2.931672	-45.429610
14	0.666112	750	-2.843549	-48.273158
15	0.646693	750	-2.824699	-51.097857
16	0.627618	750	-2.755869	-53.853727
17	0.608884	750	-2.751887	-56.605614
18	0.590490	750	-2.673526	-59.279140
19	0.572433	750	-2.816059	-62.095199
20	0.554712	750	-2.634198	-64.729397
21	0.537324	750	-2.540166	-67.269564
22	0.520268	750	-2.489415	-69.758978
23	0.503540	750	-2.689458	-72.448436
24	0.487139	750	-2.462338	-74.910774
25	0.471063	750	-2.513197	-77.423971
26	0.455310	750	-2.402632	-79.826603
27	0.439877	750	-2.318892	-82.145495
28	0.424762	750	-2.229152	-84.374647
29	0.409963	750	-2.227840	-86.602487
30	0.395478	750	-2.358883	-88.961370
31	0.381305	750	-2.291678	-91.253048
32	0.367440	750	-2.204870	-93.457918
33	0.353883	750	-2.111046	-95.568964
34	0.340630	750	-2.138867	-97.707831
35	0.327680	750	-2.072414	-99.780245
36	0.315030	750	-2.074372	-101.854616
37	0.302677	750	-2.029503	-103.884119
38	0.290619	750	-1.970918	-105.855037
39	0.278855	750	-1.922237	-107.777273
40	0.267381	750	-1.847315	-109.624589
41	0.256195	750	-1.823644	-111.448233
42	0.245294	750	-1.766399	-113.214633
43	0.234677	750	-1.749533	-114.964165
44	0.224340	750	-1.688504	-116.652669
45	0.214281	750	-1.644832	-118.297501
46	0.204498	750	-1.623062	-119.920563
47	0.194988	750	-1.549613	-121.470176
48	0.185749	750	-1.497819	-122.967995
49	0.176777	750	-1.475215	-124.443210
50	0.168070	750	-1.434288	-125.877499
51	0.159626	750	-1.400732	-127.278231
52	0.151441	750	-1.346561	-128.624791
53	0.143514	750	-1.329198	-129.953989
54	0.135841	750	-1.293684	-131.247674
55	0.128420	750	-1.271619	-132.519292
56	0.121247	750	-1.223622	-133.742914
57	0.114320	750	-1.181656	-134.924570
58	0.107637	750	-1.137702	-136.062272
59	0.101193	750	-1.109483	-137.171755
60	0.094986	750	-1.033492	-138.205247
61	0.089014	750	-1.033493	-139.238740
62	0.083273	750	-0.995225	-140.233965
63	0.077760	750	-0.970171	-141.204137
64	0.072472	750	-0.923027	-142.127163
65	0.067406	750	-0.876482	-143.003645
66	0.062558	750	-0.861190	-143.864835
67	0.057926	750	-0.830682	-144.695517
68	0.053506	750	-0.781254	-145.476771
69	0.049295	750	-0.752698	-146.229469
70	0.045289	750	-0.753096	-146.982564
71	0.041485	750	-0.688355	-147.670920
72	0.037880	750	-0.680574	-148.351494
73	0.034469	750	-0.638043	-148.989537
74	0.031250	750	-0.609205	-149.598742
75	0.028218	750	-0.577728	-150.176470
76	0.025370	750	-0.545847	-150.722316
77	0.022702	750	-0.533417	-151.255733
78	0.020209	750	-0.502739	-151.758472
79	0.017889	750	-0.456288	-152.214760
80	0.015736	750	-0.464297	-152.679058
81	0.013746	750	-0.427934	-153.106992
82	0.011916	750	-0.384252	-153.491244
83	0.010240	750	-0.365955	-153.857200
84	0.008714	750	-0.348068	-154.205267
85	0.007334	750	-0.296246	-154.501513
86	0.006093	750	-0.283141	-154.784654
87	0.004988	750	-0.244538	-155.029192
88	0.004013	750	-0.236179	-155.265370
89	0.003162	750	-0.209167	-155.474538
90	0.002430	750	-0.166650	-155.641188
91	0.001810	750	-0.147518	-155.788706
92	0.001296	750	-0.125584	-155.914290
93	0.000882	750	-0.090039	-156.004329
94	0.000559	750	-0.081648	-156.085977
95	0.000320	750	-0.058304	-156.144281
96	0.000156	750	-0.053597	-156.197879
97	0.000057	750	-0.024359	-156.222238
98	0.000010	750	-0.011510	-156.233748
99	0.000000	750	-0.002600	-156.236348
Log marginal likelihood:	-156.236348
0	0.975187	750	-3.460343	-3.460343
1	0.950747	750	-3.421499	-6.881842
2	0.926679	750	-3.366210	-10.248052
3	0.902980	750	-3.318258	-13.566311
4	0.879648	750	-3.274526	-16.840836
5	0.856682	750	-3.235811	-20.076647
6	0.834079	750	-3.170709	-23.247356
7	0.811838	750	-3.151874	-26.399230
8	0.789957	750	-3.100529	-29.499759
9	0.768433	750	-3.050046	-32.549805
10	0.747266	750	-2.982401	-35.532206
11	0.726452	750	-2.999416	-38.531622
12	0.705989	750	-2.889235	-41.420856
13	0.685877	750	-2.832422	-44.253278
14	0.666112	750	-2.813218	-47.066496
15	0.646693	750	-2.809049	-49.875545
16	0.627618	750	-2.715001	-52.590547
17	0.608884	750	-2.651249	-55.241796
18	0.590490	750	-2.645310	-57.887106
19	0.572433	750	-2.579034	-60.466140
20	0.554712	750	-2.621788	-63.087928
21	0.537324	750	-2.490299	-65.578227
22	0.520268	750	-2.456022	-68.034249
23	0.503540	750	-2.417206	-70.451455
24	0.487139	750	-2.585144	-73.036600
25	0.471063	750	-2.399742	-75.436341
26	0.455310	750	-2.391556	-77.827897
27	0.439877	750	-2.398585	-80.226482
28	0.424762	750	-2.308106	-82.534588
29	0.409963	750	-2.181700	-84.716289
30	0.395478	750	-2.307919	-87.024207
31	0.381305	750	-2.167141	-89.191348
32	0.367440	750	-2.115215	-91.306564
33	0.353883	750	-2.165601	-93.472165
34	0.340630	750	-2.107974	-95.580138
35	0.327680	750	-1.986395	-97.566533
36	0.315030	750	-1.998850	-99.565383
37	0.302677	750	-1.995510	-101.560893
38	0.290619	750	-1.924911	-103.485804
39	0.278855	750	-1.889711	-105.375515
40	0.267381	750	-1.800231	-107.175746
41	0.256195	750	-1.770739	-108.946485
42	0.245294	750	-1.756564	-110.703049
43	0.234677	750	-1.730912	-112.433961
44	0.224340	750	-1.653863	-114.087824
45	0.214281	750	-1.605587	-115.693411
46	0.204498	750	-1.583421	-117.276832
47	0.194988	750	-1.555920	-118.832752
48	0.185749	750	-1.504692	-120.337444
49	0.176777	750	-1.444334	-121.781778
50	0.168070	750	-1.421928	-123.203706
51	0.159626	750	-1.398277	-124.601983
52	0.151441	750	-1.347715	-125.949698
53	0.143514	750	-1.303626	-127.253323
54	0.135841	750	-1.262459	-128.515783
55	0.128420	750	-1.242999	-129.758782
56	0.121247	750	-1.194526	-130.953308
57	0.114320	750	-1.162747	-132.116054
58	0.107637	750	-1.125195	-133.241249
59	0.101193	750	-1.081337	-134.322587
60	0.094986	750	-1.047240	-135.369827
61	0.089014	750	-1.021372	-136.391199
62	0.083273	750	-0.961975	-137.353173
63	0.077760	750	-0.954075	-138.307248
64	0.072472	750	-0.922460	-139.229708
65	0.067406	750	-0.868286	-140.097994
66	0.062558	750	-0.863846	-140.961840
67	0.057926	750	-0.804732	-141.766571
68	0.053506	750	-0.789493	-142.556064
69	0.049295	750	-0.759516	-143.315581
70	0.045289	750	-0.730594	-144.046175
71	0.041485	750	-0.691422	-144.737597
72	0.037880	750	-0.640613	-145.378210
73	0.034469	750	-0.624932	-146.003142
74	0.031250	750	-0.588333	-146.591475
75	0.028218	750	-0.576297	-147.167772
76	0.025370	750	-0.534546	-147.702318
77	0.022702	750	-0.533013	-148.235331
78	0.020209	750	-0.476583	-148.711915
79	0.017889	750	-0.450011	-149.161925
80	0.015736	750	-0.427822	-149.589748
81	0.013746	750	-0.410592	-150.000340
82	0.011916	750	-0.390001	-150.390341
83	0.010240	750	-0.370596	-150.760937
84	0.008714	750	-0.331545	-151.092482
85	0.007334	750	-0.310505	-151.402986
86	0.006093	750	-0.284251	-151.687237
87	0.004988	750	-0.248372	-151.935609
88	0.004013	750	-0.243525	-152.179134
89	0.003162	750	-0.186703	-152.365837
90	0.002430	750	-0.164416	-152.530253
91	0.001810	750	-0.149122	-152.679376
92	0.001296	750	-0.118867	-152.798242
93	0.000882	750	-0.100672	-152.898915
94	0.000559	750	-0.073118	-152.972032
95	0.000320	750	-0.061356	-153.033388
96	0.000156	750	-0.040401	-153.073789
97	0.000057	750	-0.025602	-153.099392
98	0.000010	750	-0.011574	-153.110966
99	0.000000	750	-0.002444	-153.113410
Log marginal likelihood:	-153.113410
0	0.975187	750	-3.232788	-3.232788
1	0.950747	750	-3.191970	-6.424758
2	0.926679	750	-3.162790	-9.587549
3	0.902980	750	-3.140048	-12.727596
4	0.879648	750	-3.063196	-15.790793
5	0.856682	750	-3.013661	-18.804454
6	0.834079	750	-2.999169	-21.803623
7	0.811838	750	-2.891357	-24.694979
8	0.789957	750	-2.890260	-27.585240
9	0.768433	750	-2.836218	-30.421458
10	0.747266	750	-2.776785	-33.198243
11	0.726452	750	-2.746339	-35.944582
12	0.705989	750	-2.681249	-38.625831
13	0.685877	750	-2.649603	-41.275434
14	0.666112	750	-2.606341	-43.881775
15	0.646693	750	-2.579133	-46.460908
16	0.627618	750	-2.534843	-48.995751
17	0.608884	750	-2.474876	-51.470628
18	0.590490	750	-2.484261	-53.954889
19	0.572433	750	-2.404024	-56.358913
20	0.554712	750	-2.383357	-58.742270
21	0.537324	750	-2.309223	-61.051492
22	0.520268	750	-2.310669	-63.362161
23	0.503540	750	-2.247122	-65.609283
24	0.487139	750	-2.256941	-67.866224
25	0.471063	750	-2.201767	-70.067991
26	0.455310	750	-2.116232	-72.184223
27	0.439877	750	-2.065364	-74.249588
28	0.424762	750	-2.033583	-76.283170
29	0.409963	750	-2.030589	-78.313759
30	0.395478	750	-1.972873	-80.286632
31	0.381305	750	-2.103188	-82.389820
32	0.367440	750	-2.031968	-84.421789
33	0.353883	750	-1.968621	-86.390410
34	0.340630	750	-1.841762	-88.232172
35	0.327680	750	-1.827583	-90.059755
36	0.315030	750	-1.884464	-91.944219
37	0.302677	750	-1.720589	-93.664808
38	0.290619	750	-1.800475	-95.465283
39	0.278855	750	-1.806066	-97.271350
40	0.267381	750	-1.744344	-99.015694
41	0.256195	750	-1.637824	-100.653518
42	0.245294	750	-1.658154	-102.311672
43	0.234677	750	-1.617925	-103.929597
44	0.224340	750	-1.659236	-105.588832
45	0.214281	750	-1.590216	-107.179049
46	0.204498	750	-1.539989	-108.719037
47	0.194988	750	-1.456260	-110.175298
48	0.185749	750	-1.483167	-111.658465
49	0.176777	750	-1.426316	-113.084780
50	0.168070	750	-1.398493	-114.483273
51	0.159626	750	-1.357132	-115.840405
52	0.151441	750	-1.304687	-117.145092
53	0.143514	750	-1.289806	-118.434898
54	0.135841	750	-1.236662	-119.671559
55	0.128420	750	-1.184312	-120.855871
56	0.121247	750	-1.178179	-122.034050
57	0.114320	750	-1.122867	-123.156917
58	0.107637	750	-1.113451	-124.270368
59	0.101193	750	-1.065157	-125.335525
60	0.094986	750	-1.022410	-126.357936
61	0.089014	750	-0.991952	-127.349888
62	0.083273	750	-0.956988	-128.306876
63	0.077760	750	-0.918431	-129.225307
64	0.072472	750	-0.896737	-130.122044
65	0.067406	750	-0.874148	-130.996192
66	0.062558	750	-0.819632	-131.815824
67	0.057926	750	-0.794568	-132.610392
68	0.053506	750	-0.779261	-133.389653
69	0.049295	750	-0.729207	-134.118859
70	0.045289	750	-0.734025	-134.852884
71	0.041485	750	-0.684305	-135.537190
72	0.037880	750	-0.670367	-136.207557
73	0.034469	750	-0.604884	-136.812441
74	0.031250	750	-0.582865	-137.395306
75	0.028218	750	-0.557282	-137.952588
76	0.025370	750	-0.535267	-138.487854
77	0.022702	750	-0.541430	-139.029285
78	0.020209	750	-0.459576	-139.488861
79	0.017889	750	-0.477215	-139.966075
80	0.015736	750	-0.422444	-140.388519
81	0.013746	750	-0.401287	-140.789806
82	0.011916	750	-0.381310	-141.171116
83	0.010240	750	-0.359399	-141.530516
84	0.008714	750	-0.321955	-141.852471
85	0.007334	750	-0.318570	-142.171041
86	0.006093	750	-0.297021	-142.468062
87	0.004988	750	-0.255753	-142.723815
88	0.004013	750	-0.216750	-142.940565
89	0.003162	750	-0.174894	-143.115459
90	0.002430	750	-0.176444	-143.291904
91	0.001810	750	-0.148883	-143.440787
92	0.001296	750	-0.141219	-143.582006
93	0.000882	750	-0.107335	-143.689341
94	0.000559	750	-0.078536	-143.767877
95	0.000320	750	-0.066099	-143.833976
96	0.000156	750	-0.038249	-143.872225
97	0.000057	750	-0.022365	-143.894590
98	0.000010	750	-0.012803	-143.907393
99	0.000000	750	-0.002412	-143.909805
Log marginal likelihood:	-143.909805
0	0.975187	750	-3.202659	-3.202659
1	0.950747	750	-3.141479	-6.344138
2	0.926679	750	-3.090001	-9.434139
3	0.902980	750	-3.064397	-12.498536
4	0.879648	750	-3.053996	-15.552532
5	0.856682	750	-2.969833	-18.522365
6	0.834079	750	-2.916786	-21.439152
7	0.811838	750	-2.876738	-24.315889
8	0.789957	750	-2.858366	-27.174255
9	0.768433	750	-2.812817	-29.987072
10	0.747266	750	-2.738802	-32.725874
11	0.726452	750	-2.733808	-35.459682
12	0.705989	750	-2.689242	-38.148924
13	0.685877	750	-2.624573	-40.773497
14	0.666112	750	-2.591790	-43.365287
15	0.646693	750	-2.536832	-45.902120
16	0.627618	750	-2.495820	-48.397939
17	0.608884	750	-2.566947	-50.964887
18	0.590490	750	-2.436749	-53.401636
19	0.572433	750	-2.374751	-55.776388
20	0.554712	750	-2.511112	-58.287500
21	0.537324	750	-2.515398	-60.802897
22	0.520268	750	-2.251423	-63.054320
23	0.503540	750	-2.271726	-65.326047
24	0.487139	750	-2.245505	-67.571551
25	0.471063	750	-2.173500	-69.745051
26	0.455310	750	-2.200621	-71.945672
27	0.439877	750	-2.060071	-74.005743
28	0.424762	750	-2.049143	-76.054886
29	0.409963	750	-2.159053	-78.213939
30	0.395478	750	-2.017469	-80.231409
31	0.381305	750	-1.947041	-82.178449
32	0.367440	750	-1.935516	-84.113965
33	0.353883	750	-1.944150	-86.058115
34	0.340630	750	-1.864457	-87.922572
35	0.327680	750	-1.879676	-89.802247
36	0.315030	750	-1.863662	-91.665910
37	0.302677	750	-1.722383	-93.388292
38	0.290619	750	-1.807024	-95.195316
39	0.278855	750	-1.784851	-96.980167
40	0.267381	750	-1.755701	-98.735868
41	0.256195	750	-1.591308	-100.327176
42	0.245294	750	-1.711082	-102.038257
43	0.234677	750	-1.661199	-103.699457
44	0.224340	750	-1.591808	-105.291264
45	0.214281	750	-1.549870	-106.841134
46	0.204498	750	-1.465153	-108.306287
47	0.194988	750	-1.508515	-109.814802
48	0.185749	750	-1.471456	-111.286257
49	0.176777	750	-1.421488	-112.707745
50	0.168070	750	-1.353200	-114.060945
51	0.159626	750	-1.355496	-115.416441
52	0.151441	750	-1.294076	-116.710517
53	0.143514	750	-1.267349	-117.977865
54	0.135841	750	-1.224597	-119.202463
55	0.128420	750	-1.200343	-120.402806
56	0.121247	750	-1.155241	-121.558047
57	0.114320	750	-1.113964	-122.672011
58	0.107637	750	-1.086383	-123.758394
59	0.101193	750	-1.048341	-124.806735
60	0.094986	750	-1.009497	-125.816233
61	0.089014	750	-0.963569	-126.779802
62	0.083273	750	-0.949582	-127.729384
63	0.077760	750	-0.913613	-128.642997
64	0.072472	750	-0.860242	-129.503239
65	0.067406	750	-0.843536	-130.346776
66	0.062558	750	-0.818099	-131.164875
67	0.057926	750	-0.804666	-131.969541
68	0.053506	750	-0.789763	-132.759304
69	0.049295	750	-0.730076	-133.489380
70	0.045289	750	-0.706015	-134.195395
71	0.041485	750	-0.669846	-134.865242
72	0.037880	750	-0.644822	-135.510063
73	0.034469	750	-0.634740	-136.144804
74	0.031250	750	-0.591363	-136.736167
75	0.028218	750	-0.551417	-137.287584
76	0.025370	750	-0.545854	-137.833438
77	0.022702	750	-0.512144	-138.345582
78	0.020209	750	-0.507826	-138.853407
79	0.017889	750	-0.462037	-139.315444
80	0.015736	750	-0.425185	-139.740630
81	0.013746	750	-0.396524	-140.137154
82	0.011916	750	-0.381609	-140.518763
83	0.010240	750	-0.365541	-140.884304
84	0.008714	750	-0.340124	-141.224428
85	0.007334	750	-0.280092	-141.504520
86	0.006093	750	-0.306598	-141.811118
87	0.004988	750	-0.234533	-142.045651
88	0.004013	750	-0.226594	-142.272245
89	0.003162	750	-0.201660	-142.473905
90	0.002430	750	-0.179000	-142.652905
91	0.001810	750	-0.137080	-142.789985
92	0.001296	750	-0.142436	-142.932422
93	0.000882	750	-0.095359	-143.027781
94	0.000559	750	-0.074708	-143.102488
95	0.000320	750	-0.059060	-143.161548
96	0.000156	750	-0.038201	-143.199749
97	0.000057	750	-0.022869	-143.222618
98	0.000010	750	-0.010971	-143.233589
99	0.000000	750	-0.002423	-143.236011
Log marginal likelihood:	-143.236011
0	0.975187	750	-3.207577	-3.207577
1	0.950747	750	-3.147907	-6.355484
2	0.926679	750	-3.084907	-9.440391
3	0.902980	750	-3.067077	-12.507468
4	0.879648	750	-2.981762	-15.489230
5	0.856682	750	-2.960712	-18.449942
6	0.834079	750	-2.938050	-21.387991
7	0.811838	750	-2.882776	-24.270767
8	0.789957	750	-2.831904	-27.102671
9	0.768433	750	-2.794785	-29.897456
10	0.747266	750	-2.743005	-32.640461
11	0.726452	750	-2.714568	-35.355029
12	0.705989	750	-2.645365	-38.000395
13	0.685877	750	-2.620829	-40.621223
14	0.666112	750	-2.597456	-43.218680
15	0.646693	750	-2.542329	-45.761008
16	0.627618	750	-2.481734	-48.242742
17	0.608884	750	-2.460682	-50.703424
18	0.590490	750	-2.403060	-53.106484
19	0.572433	750	-2.339429	-55.445914
20	0.554712	750	-2.356516	-57.802429
21	0.537324	750	-2.292024	-60.094453
22	0.520268	750	-2.253783	-62.348236
23	0.503540	750	-2.221622	-64.569858
24	0.487139	750	-2.180694	-66.750553
25	0.471063	750	-2.180614	-68.931166
26	0.455310	750	-2.298471	-71.229638
27	0.439877	750	-2.179279	-73.408916
28	0.424762	750	-1.998604	-75.407520
29	0.409963	750	-2.137189	-77.544709
30	0.395478	750	-2.062915	-79.607624
31	0.381305	750	-1.945192	-81.552815
32	0.367440	750	-1.913793	-83.466608
33	0.353883	750	-1.981336	-85.447945
34	0.340630	750	-1.865037	-87.312982
35	0.327680	750	-1.938774	-89.251756
36	0.315030	750	-1.798442	-91.050198
37	0.302677	750	-1.693641	-92.743839
38	0.290619	750	-1.850480	-94.594319
39	0.278855	750	-1.774357	-96.368677
40	0.267381	750	-1.716673	-98.085350
41	0.256195	750	-1.729113	-99.814463
42	0.245294	750	-1.675441	-101.489903
43	0.234677	750	-1.640850	-103.130753
44	0.224340	750	-1.574497	-104.705250
45	0.214281	750	-1.571853	-106.277103
46	0.204498	750	-1.524385	-107.801488
47	0.194988	750	-1.475318	-109.276807
48	0.185749	750	-1.464492	-110.741298
49	0.176777	750	-1.413519	-112.154817
50	0.168070	750	-1.386301	-113.541119
51	0.159626	750	-1.315790	-114.856908
52	0.151441	750	-1.304674	-116.161583
53	0.143514	750	-1.259927	-117.421510
54	0.135841	750	-1.222250	-118.643760
55	0.128420	750	-1.203505	-119.847265
56	0.121247	750	-1.155066	-121.002330
57	0.114320	750	-1.113496	-122.115826
58	0.107637	750	-1.056986	-123.172812
59	0.101193	750	-1.044475	-124.217288
60	0.094986	750	-1.015593	-125.232881
61	0.089014	750	-0.967174	-126.200054
62	0.083273	750	-0.950053	-127.150107
63	0.077760	750	-0.919621	-128.069728
64	0.072472	750	-0.895905	-128.965633
65	0.067406	750	-0.834929	-129.800562
66	0.062558	750	-0.824304	-130.624866
67	0.057926	750	-0.788435	-131.413301
68	0.053506	750	-0.755958	-132.169259
69	0.049295	750	-0.769070	-132.938329
70	0.045289	750	-0.713224	-133.651554
71	0.041485	750	-0.649541	-134.301095
72	0.037880	750	-0.648824	-134.949919
73	0.034469	750	-0.608274	-135.558192
74	0.031250	750	-0.576022	-136.134215
75	0.028218	750	-0.552442	-136.686657
76	0.025370	750	-0.516812	-137.203469
77	0.022702	750	-0.475972	-137.679441
78	0.020209	750	-0.489016	-138.168458
79	0.017889	750	-0.463008	-138.631466
80	0.015736	750	-0.417093	-139.048559
81	0.013746	750	-0.384129	-139.432687
82	0.011916	750	-0.364093	-139.796781
83	0.010240	750	-0.340840	-140.137621
84	0.008714	750	-0.331254	-140.468875
85	0.007334	750	-0.290392	-140.759267
86	0.006093	750	-0.266685	-141.025952
87	0.004988	750	-0.267131	-141.293083
88	0.004013	750	-0.205106	-141.498189
89	0.003162	750	-0.221128	-141.719317
90	0.002430	750	-0.149836	-141.869152
91	0.001810	750	-0.138586	-142.007738
92	0.001296	750	-0.130112	-142.137850
93	0.000882	750	-0.098470	-142.236320
94	0.000559	750	-0.079672	-142.315991
95	0.000320	750	-0.055883	-142.371874
96	0.000156	750	-0.045166	-142.417041
97	0.000057	750	-0.022563	-142.439604
98	0.000010	750	-0.012027	-142.451631
99	0.000000	750	-0.002337	-142.453967
Log marginal likelihood:	-142.453967
0	0.975187	750	-2.947475	-2.947475
1	0.950747	750	-2.907617	-5.855092
2	0.926679	750	-2.863637	-8.718729
3	0.902980	750	-2.827820	-11.546549
4	0.879648	750	-2.790256	-14.336805
5	0.856682	750	-2.726040	-17.062845
6	0.834079	750	-2.714226	-19.777071
7	0.811838	750	-2.694789	-22.471860
8	0.789957	750	-2.640377	-25.112236
9	0.768433	750	-2.578947	-27.691184
10	0.747266	750	-2.563379	-30.254562
11	0.726452	750	-2.493761	-32.748324
12	0.705989	750	-2.505807	-35.254130
13	0.685877	750	-2.440744	-37.694875
14	0.666112	750	-2.411449	-40.106324
15	0.646693	750	-2.376327	-42.482650
16	0.627618	750	-2.321828	-44.804479
17	0.608884	750	-2.272769	-47.077247
18	0.590490	750	-2.209955	-49.287202
19	0.572433	750	-2.170945	-51.458147
20	0.554712	750	-2.195517	-53.653664
21	0.537324	750	-2.122792	-55.776455
22	0.520268	750	-2.080744	-57.857199
23	0.503540	750	-2.063938	-59.921137
24	0.487139	750	-1.956274	-61.877411
25	0.471063	750	-1.976335	-63.853746
26	0.455310	750	-1.949430	-65.803176
27	0.439877	750	-1.913443	-67.716619
28	0.424762	750	-1.871613	-69.588231
29	0.409963	750	-1.845466	-71.433697
30	0.395478	750	-1.832082	-73.265779
31	0.381305	750	-1.921639	-75.187418
32	0.367440	750	-1.736856	-76.924274
33	0.353883	750	-1.718519	-78.642793
34	0.340630	750	-1.734263	-80.377055
35	0.327680	750	-1.651506	-82.028561
36	0.315030	750	-1.586546	-83.615107
37	0.302677	750	-1.557321	-85.172428
38	0.290619	750	-1.632816	-86.805243
39	0.278855	750	-1.721358	-88.526601
40	0.267381	750	-1.743577	-90.270178
41	0.256195	750	-1.704152	-91.974330
42	0.245294	750	-1.632922	-93.607252
43	0.234677	750	-1.417838	-95.025091
44	0.224340	750	-1.482835	-96.507926
45	0.214281	750	-1.479131	-97.987057
46	0.204498	750	-1.506149	-99.493206
47	0.194988	750	-1.455151	-100.948357
48	0.185749	750	-1.433378	-102.381735
49	0.176777	750	-1.344601	-103.726337
50	0.168070	750	-1.395949	-105.122286
51	0.159626	750	-1.325235	-106.447521
52	0.151441	750	-1.300138	-107.747660
53	0.143514	750	-1.240274	-108.987934
54	0.135841	750	-1.222284	-110.210218
55	0.128420	750	-1.155164	-111.365382
56	0.121247	750	-1.162207	-112.527590
57	0.114320	750	-1.071113	-113.598702
58	0.107637	750	-1.088010	-114.686712
59	0.101193	750	-1.055878	-115.742590
60	0.094986	750	-0.992914	-116.735504
61	0.089014	750	-0.954578	-117.690082
62	0.083273	750	-0.955312	-118.645393
63	0.077760	750	-0.917065	-119.562459
64	0.072472	750	-0.896078	-120.458537
65	0.067406	750	-0.833804	-121.292341
66	0.062558	750	-0.794839	-122.087180
67	0.057926	750	-0.768089	-122.855268
68	0.053506	750	-0.764679	-123.619947
69	0.049295	750	-0.736502	-124.356449
70	0.045289	750	-0.671553	-125.028002
71	0.041485	750	-0.704441	-125.732443
72	0.037880	750	-0.614067	-126.346510
73	0.034469	750	-0.606353	-126.952864
74	0.031250	750	-0.586365	-127.539229
75	0.028218	750	-0.536502	-128.075731
76	0.025370	750	-0.512438	-128.588169
77	0.022702	750	-0.486745	-129.074914
78	0.020209	750	-0.454299	-129.529213
79	0.017889	750	-0.447890	-129.977103
80	0.015736	750	-0.431948	-130.409052
81	0.013746	750	-0.395364	-130.804416
82	0.011916	750	-0.362558	-131.166974
83	0.010240	750	-0.352958	-131.519932
84	0.008714	750	-0.314386	-131.834318
85	0.007334	750	-0.308743	-132.143060
86	0.006093	750	-0.282307	-132.425367
87	0.004988	750	-0.243201	-132.668568
88	0.004013	750	-0.226376	-132.894943
89	0.003162	750	-0.197917	-133.092861
90	0.002430	750	-0.176414	-133.269275
91	0.001810	750	-0.160371	-133.429646
92	0.001296	750	-0.124501	-133.554148
93	0.000882	750	-0.100430	-133.654577
94	0.000559	750	-0.083226	-133.737803
95	0.000320	750	-0.052178	-133.789981
96	0.000156	750	-0.044205	-133.834187
97	0.000057	750	-0.024701	-133.858887
98	0.000010	750	-0.012075	-133.870962
99	0.000000	750	-0.002330	-133.873292
Log marginal likelihood:	-133.873292
0	0.975187	750	-3.200838	-3.200838
1	0.950747	750	-3.138674	-6.339512
2	0.926679	750	-3.073518	-9.413030
3	0.902980	750	-3.040786	-12.453816
4	0.879648	750	-2.982774	-15.436590
5	0.856682	750	-2.964077	-18.400667
6	0.834079	750	-2.949261	-21.349929
7	0.811838	750	-2.882510	-24.232439
8	0.789957	750	-2.840096	-27.072534
9	0.768433	750	-2.779605	-29.852139
10	0.747266	750	-2.726656	-32.578795
11	0.726452	750	-2.662196	-35.240991
12	0.705989	750	-2.648770	-37.889761
13	0.685877	750	-2.644317	-40.534078
14	0.666112	750	-2.579354	-43.113432
15	0.646693	750	-2.534915	-45.648347
16	0.627618	750	-2.509638	-48.157984
17	0.608884	750	-2.460718	-50.618702
18	0.590490	750	-2.413528	-53.032230
19	0.572433	750	-2.424361	-55.456591
20	0.554712	750	-2.345472	-57.802063
21	0.537324	750	-2.308989	-60.111051
22	0.520268	750	-2.243590	-62.354641
23	0.503540	750	-2.301820	-64.656461
24	0.487139	750	-2.236262	-66.892723
25	0.471063	750	-2.196929	-69.089653
26	0.455310	750	-2.108922	-71.198574
27	0.439877	750	-2.029724	-73.228298
28	0.424762	750	-2.142548	-75.370846
29	0.409963	750	-1.988159	-77.359005
30	0.395478	750	-1.975021	-79.334026
31	0.381305	750	-2.004156	-81.338182
32	0.367440	750	-1.935291	-83.273473
33	0.353883	750	-2.076278	-85.349752
34	0.340630	750	-1.907481	-87.257232
35	0.327680	750	-1.991535	-89.248767
36	0.315030	750	-1.911132	-91.159899
37	0.302677	750	-1.873024	-93.032923
38	0.290619	750	-1.823592	-94.856515
39	0.278855	750	-1.818443	-96.674959
40	0.267381	750	-1.763704	-98.438663
41	0.256195	750	-1.636735	-100.075397
42	0.245294	750	-1.705784	-101.781182
43	0.234677	750	-1.613401	-103.394583
44	0.224340	750	-1.609071	-105.003654
45	0.214281	750	-1.553120	-106.556774
46	0.204498	750	-1.547510	-108.104284
47	0.194988	750	-1.431457	-109.535741
48	0.185749	750	-1.465038	-111.000779
49	0.176777	750	-1.414871	-112.415650
50	0.168070	750	-1.380272	-113.795922
51	0.159626	750	-1.340007	-115.135929
52	0.151441	750	-1.307550	-116.443479
53	0.143514	750	-1.254621	-117.698100
54	0.135841	750	-1.219739	-118.917839
55	0.128420	750	-1.196567	-120.114407
56	0.121247	750	-1.155857	-121.270263
57	0.114320	750	-1.091145	-122.361409
58	0.107637	750	-1.115880	-123.477289
59	0.101193	750	-1.066391	-124.543680
60	0.094986	750	-1.012564	-125.556245
61	0.089014	750	-0.980167	-126.536412
62	0.083273	750	-0.960549	-127.496961
63	0.077760	750	-0.914291	-128.411251
64	0.072472	750	-0.877267	-129.288518
65	0.067406	750	-0.840287	-130.128805
66	0.062558	750	-0.849765	-130.978570
67	0.057926	750	-0.806340	-131.784911
68	0.053506	750	-0.781711	-132.566621
69	0.049295	750	-0.738677	-133.305298
70	0.045289	750	-0.691791	-133.997089
71	0.041485	750	-0.649790	-134.646879
72	0.037880	750	-0.641781	-135.288660
73	0.034469	750	-0.597293	-135.885952
74	0.031250	750	-0.604553	-136.490505
75	0.028218	750	-0.554588	-137.045093
76	0.025370	750	-0.524132	-137.569226
77	0.022702	750	-0.488385	-138.057611
78	0.020209	750	-0.461863	-138.519473
79	0.017889	750	-0.468792	-138.988265
80	0.015736	750	-0.435543	-139.423808
81	0.013746	750	-0.395127	-139.818936
82	0.011916	750	-0.368077	-140.187012
83	0.010240	750	-0.343016	-140.530028
84	0.008714	750	-0.391249	-140.921277
85	0.007334	750	-0.295789	-141.217066
86	0.006093	750	-0.260798	-141.477864
87	0.004988	750	-0.291932	-141.769796
88	0.004013	750	-0.231644	-142.001440
89	0.003162	750	-0.225541	-142.226981
90	0.002430	750	-0.168493	-142.395474
91	0.001810	750	-0.136464	-142.531939
92	0.001296	750	-0.119555	-142.651494
93	0.000882	750	-0.104670	-142.756164
94	0.000559	750	-0.081964	-142.838128
95	0.000320	750	-0.062140	-142.900268
96	0.000156	750	-0.045212	-142.945480
97	0.000057	750	-0.027869	-142.973349
98	0.000010	750	-0.011248	-142.984597
99	0.000000	750	-0.002701	-142.987298
Log marginal likelihood:	-142.987298
0	0.975187	750	-3.423916	-3.423916
1	0.950747	750	-3.349830	-6.773746
2	0.926679	750	-3.322935	-10.096681
3	0.902980	750	-3.251233	-13.347914
4	0.879648	750	-3.218995	-16.566908
5	0.856682	750	-3.144159	-19.711067
6	0.834079	750	-3.120347	-22.831414
7	0.811838	750	-3.039291	-25.870705
8	0.789957	750	-3.020141	-28.890846
9	0.768433	750	-2.966758	-31.857603
10	0.747266	750	-2.915060	-34.772663
11	0.726452	750	-2.895432	-37.668095
12	0.705989	750	-2.826920	-40.495015
13	0.685877	750	-2.799622	-43.294637
14	0.666112	750	-2.823969	-46.118606
15	0.646693	750	-2.765755	-48.884361
16	0.627618	750	-2.660633	-51.544994
17	0.608884	750	-2.629360	-54.174354
18	0.590490	750	-2.554087	-56.728441
19	0.572433	750	-2.531576	-59.260018
20	0.554712	750	-2.609098	-61.869116
21	0.537324	750	-2.419461	-64.288577
22	0.520268	750	-2.398114	-66.686692
23	0.503540	750	-2.412756	-69.099447
24	0.487139	750	-2.343151	-71.442599
25	0.471063	750	-2.321618	-73.764217
26	0.455310	750	-2.258917	-76.023134
27	0.439877	750	-2.229339	-78.252472
28	0.424762	750	-2.197421	-80.449893
29	0.409963	750	-2.135202	-82.585095
30	0.395478	750	-2.184253	-84.769348
31	0.381305	750	-2.099684	-86.869032
32	0.367440	750	-2.125346	-88.994378
33	0.353883	750	-2.063896	-91.058274
34	0.340630	750	-2.045757	-93.104031
35	0.327680	750	-2.011341	-95.115371
36	0.315030	750	-1.935790	-97.051161
37	0.302677	750	-1.842408	-98.893569
38	0.290619	750	-1.853019	-100.746588
39	0.278855	750	-1.762864	-102.509453
40	0.267381	750	-1.740033	-104.249486
41	0.256195	750	-1.715253	-105.964738
42	0.245294	750	-1.658128	-107.622867
43	0.234677	750	-1.650366	-109.273233
44	0.224340	750	-1.634318	-110.907551
45	0.214281	750	-1.566996	-112.474547
46	0.204498	750	-1.530932	-114.005479
47	0.194988	750	-1.493402	-115.498881
48	0.185749	750	-1.468216	-116.967097
49	0.176777	750	-1.398338	-118.365435
50	0.168070	750	-1.384713	-119.750149
51	0.159626	750	-1.363494	-121.113643
52	0.151441	750	-1.310936	-122.424579
53	0.143514	750	-1.280394	-123.704973
54	0.135841	750	-1.225594	-124.930567
55	0.128420	750	-1.207475	-126.138042
56	0.121247	750	-1.152137	-127.290178
57	0.114320	750	-1.133688	-128.423866
58	0.107637	750	-1.073584	-129.497450
59	0.101193	750	-1.047077	-130.544528
60	0.094986	750	-1.019454	-131.563982
61	0.089014	750	-1.001593	-132.565575
62	0.083273	750	-0.959394	-133.524969
63	0.077760	750	-0.912428	-134.437397
64	0.072472	750	-0.881657	-135.319054
65	0.067406	750	-0.859746	-136.178800
66	0.062558	750	-0.822600	-137.001400
67	0.057926	750	-0.791607	-137.793007
68	0.053506	750	-0.774991	-138.567998
69	0.049295	750	-0.734838	-139.302836
70	0.045289	750	-0.695540	-139.998376
71	0.041485	750	-0.683287	-140.681663
72	0.037880	750	-0.645305	-141.326969
73	0.034469	750	-0.649257	-141.976226
74	0.031250	750	-0.606362	-142.582588
75	0.028218	750	-0.570687	-143.153275
76	0.025370	750	-0.524083	-143.677358
77	0.022702	750	-0.532653	-144.210012
78	0.020209	750	-0.489587	-144.699599
79	0.017889	750	-0.476649	-145.176249
80	0.015736	750	-0.431733	-145.607981
81	0.013746	750	-0.388484	-145.996465
82	0.011916	750	-0.419115	-146.415580
83	0.010240	750	-0.359089	-146.774669
84	0.008714	750	-0.341858	-147.116527
85	0.007334	750	-0.296582	-147.413108
86	0.006093	750	-0.254704	-147.667813
87	0.004988	750	-0.249409	-147.917222
88	0.004013	750	-0.238552	-148.155774
89	0.003162	750	-0.203159	-148.358933
90	0.002430	750	-0.177339	-148.536271
91	0.001810	750	-0.136331	-148.672603
92	0.001296	750	-0.129294	-148.801897
93	0.000882	750	-0.100661	-148.902557
94	0.000559	750	-0.079961	-148.982518
95	0.000320	750	-0.058329	-149.040847
96	0.000156	750	-0.040942	-149.081788
97	0.000057	750	-0.027750	-149.109538
98	0.000010	750	-0.011917	-149.121455
99	0.000000	750	-0.002639	-149.124094
Log marginal likelihood:	-149.124094
0	0.975187	750	-3.331116	-3.331116
1	0.950747	750	-3.256887	-6.588004
2	0.926679	750	-3.183646	-9.771649
3	0.902980	750	-3.200701	-12.972351
4	0.879648	750	-3.128488	-16.100839
5	0.856682	750	-3.101315	-19.202154
6	0.834079	750	-3.127631	-22.329784
7	0.811838	750	-2.960991	-25.290776
8	0.789957	750	-2.946782	-28.237557
9	0.768433	750	-2.917827	-31.155384
10	0.747266	750	-2.856539	-34.011923
11	0.726452	750	-2.830563	-36.842486
12	0.705989	750	-2.815313	-39.657799
13	0.685877	750	-2.769698	-42.427498
14	0.666112	750	-2.718701	-45.146199
15	0.646693	750	-2.789900	-47.936099
16	0.627618	750	-2.770298	-50.706396
17	0.608884	750	-2.602567	-53.308963
18	0.590490	750	-2.561798	-55.870762
19	0.572433	750	-2.558115	-58.428877
20	0.554712	750	-2.538180	-60.967057
21	0.537324	750	-2.470504	-63.437561
22	0.520268	750	-2.489359	-65.926920
23	0.503540	750	-2.358984	-68.285904
24	0.487139	750	-2.314728	-70.600632
25	0.471063	750	-2.390477	-72.991110
26	0.455310	750	-2.358171	-75.349281
27	0.439877	750	-2.313071	-77.662353
28	0.424762	750	-2.237061	-79.899414
29	0.409963	750	-2.214865	-82.114279
30	0.395478	750	-2.203018	-84.317297
31	0.381305	750	-2.100868	-86.418165
32	0.367440	750	-2.094608	-88.512773
33	0.353883	750	-2.058607	-90.571381
34	0.340630	750	-2.025167	-92.596548
35	0.327680	750	-1.947959	-94.544507
36	0.315030	750	-1.923357	-96.467864
37	0.302677	750	-1.846245	-98.314109
38	0.290619	750	-1.906493	-100.220602
39	0.278855	750	-1.743827	-101.964428
40	0.267381	750	-1.747116	-103.711544
41	0.256195	750	-1.736862	-105.448406
42	0.245294	750	-1.676306	-107.124712
43	0.234677	750	-1.675155	-108.799867
44	0.224340	750	-1.591449	-110.391316
45	0.214281	750	-1.566213	-111.957529
46	0.204498	750	-1.536525	-113.494054
47	0.194988	750	-1.404467	-114.898522
48	0.185749	750	-1.450375	-116.348896
49	0.176777	750	-1.426155	-117.775051
50	0.168070	750	-1.373442	-119.148493
51	0.159626	750	-1.364250	-120.512743
52	0.151441	750	-1.297072	-121.809815
53	0.143514	750	-1.259562	-123.069376
54	0.135841	750	-1.243042	-124.312419
55	0.128420	750	-1.189117	-125.501536
56	0.121247	750	-1.159889	-126.661426
57	0.114320	750	-1.161726	-127.823151
58	0.107637	750	-1.087882	-128.911033
59	0.101193	750	-1.086362	-129.997396
60	0.094986	750	-1.030102	-131.027498
61	0.089014	750	-0.989308	-132.016806
62	0.083273	750	-0.969134	-132.985941
63	0.077760	750	-0.896253	-133.882194
64	0.072472	750	-0.889932	-134.772125
65	0.067406	750	-0.856684	-135.628809
66	0.062558	750	-0.822074	-136.450884
67	0.057926	750	-0.808931	-137.259814
68	0.053506	750	-0.794471	-138.054285
69	0.049295	750	-0.742559	-138.796844
70	0.045289	750	-0.703206	-139.500050
71	0.041485	750	-0.668884	-140.168934
72	0.037880	750	-0.633049	-140.801983
73	0.034469	750	-0.614200	-141.416183
74	0.031250	750	-0.597773	-142.013955
75	0.028218	750	-0.592092	-142.606047
76	0.025370	750	-0.535475	-143.141522
77	0.022702	750	-0.520846	-143.662368
78	0.020209	750	-0.468478	-144.130846
79	0.017889	750	-0.432598	-144.563443
80	0.015736	750	-0.433758	-144.997201
81	0.013746	750	-0.433000	-145.430201
82	0.011916	750	-0.401793	-145.831994
83	0.010240	750	-0.351639	-146.183633
84	0.008714	750	-0.321429	-146.505062
85	0.007334	750	-0.300314	-146.805376
86	0.006093	750	-0.266438	-147.071814
87	0.004988	750	-0.256983	-147.328797
88	0.004013	750	-0.231449	-147.560246
89	0.003162	750	-0.187964	-147.748210
90	0.002430	750	-0.189750	-147.937960
91	0.001810	750	-0.136358	-148.074318
92	0.001296	750	-0.129141	-148.203459
93	0.000882	750	-0.101105	-148.304564
94	0.000559	750	-0.078100	-148.382664
95	0.000320	750	-0.063196	-148.445860
96	0.000156	750	-0.049367	-148.495227
97	0.000057	750	-0.024197	-148.519424
98	0.000010	750	-0.011422	-148.530846
99	0.000000	750	-0.002432	-148.533278
Log marginal likelihood:	-148.533278
0	0.975187	750	-3.156039	-3.156039
1	0.950747	750	-3.089076	-6.245115
2	0.926679	750	-3.067296	-9.312412
3	0.902980	750	-3.005296	-12.317708
4	0.879648	750	-2.975217	-15.292926
5	0.856682	750	-2.918734	-18.211660
6	0.834079	750	-2.908238	-21.119898
7	0.811838	750	-2.888768	-24.008666
8	0.789957	750	-2.817720	-26.826386
9	0.768433	750	-2.777655	-29.604040
10	0.747266	750	-2.714363	-32.318403
11	0.726452	750	-2.697738	-35.016141
12	0.705989	750	-2.607061	-37.623202
13	0.685877	750	-2.567665	-40.190868
14	0.666112	750	-2.611395	-42.802263
15	0.646693	750	-2.609143	-45.411406
16	0.627618	750	-2.523691	-47.935097
17	0.608884	750	-2.644503	-50.579600
18	0.590490	750	-2.341642	-52.921242
19	0.572433	750	-2.345306	-55.266548
20	0.554712	750	-2.341909	-57.608457
21	0.537324	750	-2.301189	-59.909647
22	0.520268	750	-2.232144	-62.141791
23	0.503540	750	-2.197351	-64.339142
24	0.487139	750	-2.293023	-66.632165
25	0.471063	750	-2.096829	-68.728994
26	0.455310	750	-2.113070	-70.842064
27	0.439877	750	-2.064603	-72.906667
28	0.424762	750	-2.209559	-75.116225
29	0.409963	750	-1.970986	-77.087212
30	0.395478	750	-1.963632	-79.050844
31	0.381305	750	-1.892659	-80.943503
32	0.367440	750	-1.871152	-82.814655
33	0.353883	750	-1.796775	-84.611430
34	0.340630	750	-1.856855	-86.468285
35	0.327680	750	-1.850476	-88.318761
36	0.315030	750	-1.915996	-90.234757
37	0.302677	750	-1.810626	-92.045383
38	0.290619	750	-1.793663	-93.839046
39	0.278855	750	-1.760152	-95.599198
40	0.267381	750	-1.687514	-97.286712
41	0.256195	750	-1.636687	-98.923399
42	0.245294	750	-1.606420	-100.529819
43	0.234677	750	-1.623693	-102.153512
44	0.224340	750	-1.553001	-103.706514
45	0.214281	750	-1.549091	-105.255604
46	0.204498	750	-1.491938	-106.747543
47	0.194988	750	-1.473200	-108.220743
48	0.185749	750	-1.420722	-109.641465
49	0.176777	750	-1.383746	-111.025211
50	0.168070	750	-1.353845	-112.379056
51	0.159626	750	-1.333128	-113.712184
52	0.151441	750	-1.242134	-114.954317
53	0.143514	750	-1.259262	-116.213579
54	0.135841	750	-1.186999	-117.400578
55	0.128420	750	-1.185369	-118.585947
56	0.121247	750	-1.146631	-119.732578
57	0.114320	750	-1.124388	-120.856966
58	0.107637	750	-1.084939	-121.941905
59	0.101193	750	-1.005214	-122.947119
60	0.094986	750	-0.994548	-123.941667
61	0.089014	750	-0.959512	-124.901179
62	0.083273	750	-0.951731	-125.852910
63	0.077760	750	-0.909215	-126.762124
64	0.072472	750	-0.881031	-127.643155
65	0.067406	750	-0.851768	-128.494923
66	0.062558	750	-0.799324	-129.294247
67	0.057926	750	-0.775864	-130.070112
68	0.053506	750	-0.746560	-130.816672
69	0.049295	750	-0.770346	-131.587019
70	0.045289	750	-0.720238	-132.307257
71	0.041485	750	-0.680704	-132.987961
72	0.037880	750	-0.655700	-133.643661
73	0.034469	750	-0.614238	-134.257899
74	0.031250	750	-0.583709	-134.841608
75	0.028218	750	-0.542865	-135.384473
76	0.025370	750	-0.576744	-135.961217
77	0.022702	750	-0.499724	-136.460941
78	0.020209	750	-0.477257	-136.938198
79	0.017889	750	-0.469692	-137.407890
80	0.015736	750	-0.429481	-137.837371
81	0.013746	750	-0.399095	-138.236466
82	0.011916	750	-0.393814	-138.630280
83	0.010240	750	-0.363527	-138.993808
84	0.008714	750	-0.314584	-139.308392
85	0.007334	750	-0.296939	-139.605331
86	0.006093	750	-0.333294	-139.938625
87	0.004988	750	-0.235900	-140.174525
88	0.004013	750	-0.220178	-140.394703
89	0.003162	750	-0.199867	-140.594570
90	0.002430	750	-0.186741	-140.781311
91	0.001810	750	-0.151849	-140.933161
92	0.001296	750	-0.123314	-141.056475
93	0.000882	750	-0.105146	-141.161620
94	0.000559	750	-0.075896	-141.237516
95	0.000320	750	-0.062159	-141.299675
96	0.000156	750	-0.038422	-141.338097
97	0.000057	750	-0.023561	-141.361658
98	0.000010	750	-0.013237	-141.374895
99	0.000000	750	-0.002712	-141.377606
Log marginal likelihood:	-141.377606
0	0.975187	750	-3.077819	-3.077819
1	0.950747	750	-3.066595	-6.144414
2	0.926679	750	-2.995175	-9.139589
3	0.902980	750	-2.968769	-12.108358
4	0.879648	750	-2.901145	-15.009503
5	0.856682	750	-2.852037	-17.861540
6	0.834079	750	-2.836531	-20.698071
7	0.811838	750	-2.787026	-23.485097
8	0.789957	750	-2.770641	-26.255738
9	0.768433	750	-2.693161	-28.948899
10	0.747266	750	-2.663335	-31.612234
11	0.726452	750	-2.604917	-34.217151
12	0.705989	750	-2.588237	-36.805388
13	0.685877	750	-2.554088	-39.359475
14	0.666112	750	-2.515830	-41.875305
15	0.646693	750	-2.451537	-44.326842
16	0.627618	750	-2.438518	-46.765360
17	0.608884	750	-2.418338	-49.183698
18	0.590490	750	-2.336086	-51.519784
19	0.572433	750	-2.296168	-53.815952
20	0.554712	750	-2.339294	-56.155246
21	0.537324	750	-2.272706	-58.427952
22	0.520268	750	-2.185505	-60.613457
23	0.503540	750	-2.135407	-62.748863
24	0.487139	750	-2.152875	-64.901738
25	0.471063	750	-2.228826	-67.130564
26	0.455310	750	-2.022333	-69.152897
27	0.439877	750	-1.985878	-71.138775
28	0.424762	750	-2.038049	-73.176824
29	0.409963	750	-2.174726	-75.351550
30	0.395478	750	-1.983696	-77.335245
31	0.381305	750	-1.887344	-79.222589
32	0.367440	750	-1.895719	-81.118309
33	0.353883	750	-1.939004	-83.057313
34	0.340630	750	-1.899633	-84.956947
35	0.327680	750	-1.901631	-86.858578
36	0.315030	750	-1.751860	-88.610437
37	0.302677	750	-1.714880	-90.325318
38	0.290619	750	-1.781446	-92.106763
39	0.278855	750	-1.682156	-93.788919
40	0.267381	750	-1.630167	-95.419085
41	0.256195	750	-1.554020	-96.973106
42	0.245294	750	-1.589561	-98.562667
43	0.234677	750	-1.532419	-100.095086
44	0.224340	750	-1.562194	-101.657280
45	0.214281	750	-1.481719	-103.138999
46	0.204498	750	-1.461104	-104.600103
47	0.194988	750	-1.442686	-106.042788
48	0.185749	750	-1.386137	-107.428925
49	0.176777	750	-1.352128	-108.781053
50	0.168070	750	-1.320822	-110.101876
51	0.159626	750	-1.285007	-111.386883
52	0.151441	750	-1.272918	-112.659800
53	0.143514	750	-1.212820	-113.872620
54	0.135841	750	-1.176025	-115.048645
55	0.128420	750	-1.141975	-116.190620
56	0.121247	750	-1.126789	-117.317409
57	0.114320	750	-1.063989	-118.381398
58	0.107637	750	-1.033024	-119.414422
59	0.101193	750	-1.005101	-120.419523
60	0.094986	750	-0.972875	-121.392398
61	0.089014	750	-0.965141	-122.357539
62	0.083273	750	-0.921791	-123.279330
63	0.077760	750	-0.885034	-124.164364
64	0.072472	750	-0.863500	-125.027864
65	0.067406	750	-0.836910	-125.864775
66	0.062558	750	-0.831409	-126.696184
67	0.057926	750	-0.764446	-127.460630
68	0.053506	750	-0.723523	-128.184153
69	0.049295	750	-0.752135	-128.936288
70	0.045289	750	-0.661079	-129.597366
71	0.041485	750	-0.651924	-130.249290
72	0.037880	750	-0.593211	-130.842501
73	0.034469	750	-0.585037	-131.427538
74	0.031250	750	-0.568373	-131.995912
75	0.028218	750	-0.553229	-132.549141
76	0.025370	750	-0.530292	-133.079433
77	0.022702	750	-0.516076	-133.595509
78	0.020209	750	-0.475576	-134.071084
79	0.017889	750	-0.457037	-134.528121
80	0.015736	750	-0.408019	-134.936140
81	0.013746	750	-0.365484	-135.301624
82	0.011916	750	-0.369271	-135.670896
83	0.010240	750	-0.367400	-136.038296
84	0.008714	750	-0.332124	-136.370420
85	0.007334	750	-0.286248	-136.656668
86	0.006093	750	-0.267324	-136.923991
87	0.004988	750	-0.241454	-137.165445
88	0.004013	750	-0.257050	-137.422496
89	0.003162	750	-0.198707	-137.621202
90	0.002430	750	-0.152998	-137.774200
91	0.001810	750	-0.141642	-137.915842
92	0.001296	750	-0.112316	-138.028158
93	0.000882	750	-0.110591	-138.138749
94	0.000559	750	-0.077890	-138.216639
95	0.000320	750	-0.062259	-138.278898
96	0.000156	750	-0.038536	-138.317434
97	0.000057	750	-0.021589	-138.339023
98	0.000010	750	-0.011128	-138.350150
99	0.000000	750	-0.002579	-138.352729
Log marginal likelihood:	-138.352729
0	0.975187	750	-3.481074	-3.481074
1	0.950747	750	-3.477779	-6.958853
2	0.926679	750	-3.468633	-10.427486
3	0.902980	750	-3.415294	-13.842780
4	0.879648	750	-3.419011	-17.261791
5	0.856682	750	-3.295084	-20.556876
6	0.834079	750	-3.196898	-23.753774
7	0.811838	750	-3.173828	-26.927602
8	0.789957	750	-3.129082	-30.056684
9	0.768433	750	-3.062004	-33.118688
10	0.747266	750	-3.032035	-36.150723
11	0.726452	750	-3.010411	-39.161134
12	0.705989	750	-2.947862	-42.108995
13	0.685877	750	-2.869721	-44.978717
14	0.666112	750	-2.848978	-47.827695
15	0.646693	750	-2.922484	-50.750179
16	0.627618	750	-2.842249	-53.592428
17	0.608884	750	-2.763463	-56.355891
18	0.590490	750	-2.707521	-59.063412
19	0.572433	750	-2.669264	-61.732675
20	0.554712	750	-2.719588	-64.452264
21	0.537324	750	-2.669591	-67.121855
22	0.520268	750	-2.537520	-69.659374
23	0.503540	750	-2.599359	-72.258733
24	0.487139	750	-2.457978	-74.716712
25	0.471063	750	-2.421017	-77.137728
26	0.455310	750	-2.352401	-79.490130
27	0.439877	750	-2.323153	-81.813283
28	0.424762	750	-2.349686	-84.162969
29	0.409963	750	-2.254659	-86.417629
30	0.395478	750	-2.224481	-88.642110
31	0.381305	750	-2.128701	-90.770811
32	0.367440	750	-2.162761	-92.933572
33	0.353883	750	-2.151997	-95.085569
34	0.340630	750	-2.046934	-97.132503
35	0.327680	750	-2.012054	-99.144557
36	0.315030	750	-2.000140	-101.144697
37	0.302677	750	-1.928866	-103.073563
38	0.290619	750	-1.859855	-104.933418
39	0.278855	750	-1.879226	-106.812644
40	0.267381	750	-1.785439	-108.598083
41	0.256195	750	-1.774901	-110.372984
42	0.245294	750	-1.722535	-112.095519
43	0.234677	750	-1.707739	-113.803258
44	0.224340	750	-1.672036	-115.475294
45	0.214281	750	-1.622629	-117.097923
46	0.204498	750	-1.572067	-118.669990
47	0.194988	750	-1.527731	-120.197721
48	0.185749	750	-1.478373	-121.676093
49	0.176777	750	-1.454108	-123.130201
50	0.168070	750	-1.428529	-124.558730
51	0.159626	750	-1.389627	-125.948357
52	0.151441	750	-1.310513	-127.258870
53	0.143514	750	-1.305063	-128.563933
54	0.135841	750	-1.245654	-129.809587
55	0.128420	750	-1.198021	-131.007608
56	0.121247	750	-1.188796	-132.196404
57	0.114320	750	-1.143581	-133.339985
58	0.107637	750	-1.111486	-134.451472
59	0.101193	750	-1.070366	-135.521838
60	0.094986	750	-1.053933	-136.575771
61	0.089014	750	-1.014879	-137.590651
62	0.083273	750	-0.983145	-138.573795
63	0.077760	750	-0.934901	-139.508697
64	0.072472	750	-0.931060	-140.439756
65	0.067406	750	-0.876144	-141.315901
66	0.062558	750	-0.816737	-142.132638
67	0.057926	750	-0.803721	-142.936358
68	0.053506	750	-0.783766	-143.720124
69	0.049295	750	-0.750076	-144.470200
70	0.045289	750	-0.709443	-145.179644
71	0.041485	750	-0.676800	-145.856443
72	0.037880	750	-0.652559	-146.509002
73	0.034469	750	-0.637755	-147.146757
74	0.031250	750	-0.615689	-147.762446
75	0.028218	750	-0.560563	-148.323009
76	0.025370	750	-0.550130	-148.873139
77	0.022702	750	-0.518855	-149.391994
78	0.020209	750	-0.482599	-149.874593
79	0.017889	750	-0.457460	-150.332053
80	0.015736	750	-0.449451	-150.781504
81	0.013746	750	-0.398307	-151.179811
82	0.011916	750	-0.396141	-151.575952
83	0.010240	750	-0.368736	-151.944688
84	0.008714	750	-0.345331	-152.290019
85	0.007334	750	-0.301346	-152.591364
86	0.006093	750	-0.285948	-152.877312
87	0.004988	750	-0.257356	-153.134668
88	0.004013	750	-0.246008	-153.380675
89	0.003162	750	-0.200588	-153.581263
90	0.002430	750	-0.172669	-153.753933
91	0.001810	750	-0.143608	-153.897541
92	0.001296	750	-0.118274	-154.015815
93	0.000882	750	-0.097847	-154.113662
94	0.000559	750	-0.090919	-154.204582
95	0.000320	750	-0.061719	-154.266300
96	0.000156	750	-0.041527	-154.307828
97	0.000057	750	-0.026373	-154.334201
98	0.000010	750	-0.012497	-154.346698
99	0.000000	750	-0.002738	-154.349436
Log marginal likelihood:	-154.349436
0	0.975187	750	-3.556341	-3.556341
1	0.950747	750	-3.541600	-7.097941
2	0.926679	750	-3.661065	-10.759006
3	0.902980	750	-3.450876	-14.209882
4	0.879648	750	-3.389125	-17.599008
5	0.856682	750	-3.340312	-20.939320
6	0.834079	750	-3.267273	-24.206593
7	0.811838	750	-3.236946	-27.443539
8	0.789957	750	-3.160221	-30.603760
9	0.768433	750	-3.328391	-33.932150
10	0.747266	750	-3.089294	-37.021444
11	0.726452	750	-3.177986	-40.199430
12	0.705989	750	-2.978927	-43.178357
13	0.685877	750	-3.045369	-46.223726
14	0.666112	750	-3.120123	-49.343850
15	0.646693	750	-2.910054	-52.253903
16	0.627618	750	-3.029324	-55.283227
17	0.608884	750	-2.772623	-58.055850
18	0.590490	750	-2.800584	-60.856434
19	0.572433	750	-2.830955	-63.687389
20	0.554712	750	-2.832180	-66.519569
21	0.537324	750	-2.711136	-69.230705
22	0.520268	750	-2.522790	-71.753496
23	0.503540	750	-2.634196	-74.387691
24	0.487139	750	-2.471775	-76.859466
25	0.471063	750	-2.563311	-79.422778
26	0.455310	750	-2.524363	-81.947141
27	0.439877	750	-2.467755	-84.414895
28	0.424762	750	-2.396417	-86.811313
29	0.409963	750	-2.311610	-89.122923
30	0.395478	750	-2.299484	-91.422406
31	0.381305	750	-2.262577	-93.684983
32	0.367440	750	-2.213628	-95.898611
33	0.353883	750	-2.175220	-98.073832
34	0.340630	750	-2.121908	-100.195740
35	0.327680	750	-2.075753	-102.271493
36	0.315030	750	-2.043713	-104.315206
37	0.302677	750	-2.014468	-106.329673
38	0.290619	750	-1.947366	-108.277040
39	0.278855	750	-1.898533	-110.175573
40	0.267381	750	-1.845554	-112.021127
41	0.256195	750	-1.817252	-113.838379
42	0.245294	750	-1.765519	-115.603898
43	0.234677	750	-1.723989	-117.327887
44	0.224340	750	-1.687481	-119.015368
45	0.214281	750	-1.638395	-120.653763
46	0.204498	750	-1.615842	-122.269604
47	0.194988	750	-1.549354	-123.818958
48	0.185749	750	-1.537118	-125.356077
49	0.176777	750	-1.465357	-126.821433
50	0.168070	750	-1.447713	-128.269146
51	0.159626	750	-1.386571	-129.655717
52	0.151441	750	-1.359320	-131.015037
53	0.143514	750	-1.329907	-132.344944
54	0.135841	750	-1.279391	-133.624336
55	0.128420	750	-1.236351	-134.860687
56	0.121247	750	-1.197053	-136.057741
57	0.114320	750	-1.164731	-137.222471
58	0.107637	750	-1.130773	-138.353244
59	0.101193	750	-1.094991	-139.448235
60	0.094986	750	-1.077802	-140.526037
61	0.089014	750	-1.034724	-141.560761
62	0.083273	750	-0.976234	-142.536996
63	0.077760	750	-0.944261	-143.481257
64	0.072472	750	-0.920697	-144.401954
65	0.067406	750	-0.880521	-145.282475
66	0.062558	750	-0.864055	-146.146530
67	0.057926	750	-0.836179	-146.982708
68	0.053506	750	-0.800860	-147.783568
69	0.049295	750	-0.753591	-148.537159
70	0.045289	750	-0.732796	-149.269955
71	0.041485	750	-0.683728	-149.953683
72	0.037880	750	-0.672151	-150.625834
73	0.034469	750	-0.650330	-151.276164
74	0.031250	750	-0.608219	-151.884383
75	0.028218	750	-0.581002	-152.465385
76	0.025370	750	-0.567520	-153.032905
77	0.022702	750	-0.507986	-153.540890
78	0.020209	750	-0.511495	-154.052386
79	0.017889	750	-0.481505	-154.533890
80	0.015736	750	-0.455889	-154.989780
81	0.013746	750	-0.409002	-155.398782
82	0.011916	750	-0.373518	-155.772299
83	0.010240	750	-0.384116	-156.156415
84	0.008714	750	-0.302114	-156.458529
85	0.007334	750	-0.300679	-156.759208
86	0.006093	750	-0.305020	-157.064229
87	0.004988	750	-0.272580	-157.336809
88	0.004013	750	-0.217630	-157.554439
89	0.003162	750	-0.217320	-157.771758
90	0.002430	750	-0.170863	-157.942622
91	0.001810	750	-0.150812	-158.093434
92	0.001296	750	-0.122745	-158.216178
93	0.000882	750	-0.104055	-158.320233
94	0.000559	750	-0.085558	-158.405790
95	0.000320	750	-0.058900	-158.464690
96	0.000156	750	-0.042671	-158.507362
97	0.000057	750	-0.025009	-158.532371
98	0.000010	750	-0.011876	-158.544246
99	0.000000	750	-0.002424	-158.546671
Log marginal likelihood:	-158.546671
0	0.975187	750	-2.877732	-2.877732
1	0.950747	750	-2.848337	-5.726070
2	0.926679	750	-2.791023	-8.517093
3	0.902980	750	-2.773061	-11.290154
4	0.879648	750	-2.751329	-14.041484
5	0.856682	750	-2.677915	-16.719398
6	0.834079	750	-2.619861	-19.339259
7	0.811838	750	-2.572254	-21.911513
8	0.789957	750	-2.567005	-24.478519
9	0.768433	750	-2.548234	-27.026753
10	0.747266	750	-2.509215	-29.535968
11	0.726452	750	-2.431009	-31.966977
12	0.705989	750	-2.392475	-34.359453
13	0.685877	750	-2.408947	-36.768400
14	0.666112	750	-2.365454	-39.133854
15	0.646693	750	-2.290409	-41.424263
16	0.627618	750	-2.251109	-43.675372
17	0.608884	750	-2.221203	-45.896575
18	0.590490	750	-2.207176	-48.103751
19	0.572433	750	-2.171404	-50.275155
20	0.554712	750	-2.109660	-52.384815
21	0.537324	750	-2.050286	-54.435100
22	0.520268	750	-2.020512	-56.455613
23	0.503540	750	-1.970736	-58.426349
24	0.487139	750	-1.978920	-60.405268
25	0.471063	750	-1.961156	-62.366425
26	0.455310	750	-1.916929	-64.283354
27	0.439877	750	-1.883958	-66.167312
28	0.424762	750	-1.817039	-67.984351
29	0.409963	750	-1.787924	-69.772276
30	0.395478	750	-1.750271	-71.522547
31	0.381305	750	-1.749200	-73.271747
32	0.367440	750	-1.727901	-74.999648
33	0.353883	750	-1.689867	-76.689515
34	0.340630	750	-1.738067	-78.427582
35	0.327680	750	-1.570611	-79.998193
36	0.315030	750	-1.595535	-81.593728
37	0.302677	750	-1.572756	-83.166484
38	0.290619	750	-1.620234	-84.786718
39	0.278855	750	-1.539760	-86.326478
40	0.267381	750	-1.461881	-87.788359
41	0.256195	750	-1.623571	-89.411931
42	0.245294	750	-1.547603	-90.959533
43	0.234677	750	-1.633579	-92.593112
44	0.224340	750	-1.353906	-93.947018
45	0.214281	750	-1.514276	-95.461294
46	0.204498	750	-1.456474	-96.917768
47	0.194988	750	-1.420633	-98.338401
48	0.185749	750	-1.310983	-99.649384
49	0.176777	750	-1.240541	-100.889925
50	0.168070	750	-1.281556	-102.171481
51	0.159626	750	-1.194352	-103.365833
52	0.151441	750	-1.269621	-104.635453
53	0.143514	750	-1.202392	-105.837846
54	0.135841	750	-1.190692	-107.028538
55	0.128420	750	-1.145922	-108.174460
56	0.121247	750	-1.160603	-109.335063
57	0.114320	750	-1.063680	-110.398743
58	0.107637	750	-1.028799	-111.427542
59	0.101193	750	-1.034348	-112.461890
60	0.094986	750	-1.001191	-113.463082
61	0.089014	750	-0.950460	-114.413542
62	0.083273	750	-0.923895	-115.337437
63	0.077760	750	-0.927968	-116.265404
64	0.072472	750	-0.872662	-117.138066
65	0.067406	750	-0.875275	-118.013341
66	0.062558	750	-0.807187	-118.820528
67	0.057926	750	-0.791532	-119.612060
68	0.053506	750	-0.745973	-120.358033
69	0.049295	750	-0.713791	-121.071825
70	0.045289	750	-0.686312	-121.758137
71	0.041485	750	-0.667775	-122.425912
72	0.037880	750	-0.651021	-123.076933
73	0.034469	750	-0.591418	-123.668352
74	0.031250	750	-0.577285	-124.245636
75	0.028218	750	-0.563302	-124.808938
76	0.025370	750	-0.541885	-125.350823
77	0.022702	750	-0.499679	-125.850502
78	0.020209	750	-0.474640	-126.325141
79	0.017889	750	-0.431223	-126.756365
80	0.015736	750	-0.412196	-127.168561
81	0.013746	750	-0.382313	-127.550873
82	0.011916	750	-0.364255	-127.915129
83	0.010240	750	-0.354072	-128.269201
84	0.008714	750	-0.307053	-128.576254
85	0.007334	750	-0.299917	-128.876171
86	0.006093	750	-0.274169	-129.150340
87	0.004988	750	-0.254719	-129.405059
88	0.004013	750	-0.234612	-129.639671
89	0.003162	750	-0.201422	-129.841093
90	0.002430	750	-0.174061	-130.015153
91	0.001810	750	-0.144983	-130.160137
92	0.001296	750	-0.126357	-130.286494
93	0.000882	750	-0.098910	-130.385403
94	0.000559	750	-0.080381	-130.465784
95	0.000320	750	-0.063016	-130.528800
96	0.000156	750	-0.037498	-130.566298
97	0.000057	750	-0.021514	-130.587812
98	0.000010	750	-0.011949	-130.599761
99	0.000000	750	-0.002498	-130.602259
Log marginal likelihood:	-130.602259
0	0.975187	750	-3.246978	-3.246978
1	0.950747	750	-3.196687	-6.443664
2	0.926679	750	-3.161151	-9.604815
3	0.902980	750	-3.132926	-12.737741
4	0.879648	750	-3.090619	-15.828360
5	0.856682	750	-3.033991	-18.862351
6	0.834079	750	-2.944918	-21.807269
7	0.811838	750	-2.913249	-24.720519
8	0.789957	750	-2.875940	-27.596458
9	0.768433	750	-2.851098	-30.447557
10	0.747266	750	-2.779108	-33.226665
11	0.726452	750	-2.785293	-36.011958
12	0.705989	750	-2.721794	-38.733752
13	0.685877	750	-2.652238	-41.385990
14	0.666112	750	-2.591281	-43.977271
15	0.646693	750	-2.618828	-46.596099
16	0.627618	750	-2.552812	-49.148912
17	0.608884	750	-2.483949	-51.632861
18	0.590490	750	-2.453026	-54.085887
19	0.572433	750	-2.432139	-56.518026
20	0.554712	750	-2.549539	-59.067565
21	0.537324	750	-2.312966	-61.380530
22	0.520268	750	-2.295344	-63.675874
23	0.503540	750	-2.229879	-65.905753
24	0.487139	750	-2.194630	-68.100383
25	0.471063	750	-2.171160	-70.271543
26	0.455310	750	-2.136521	-72.408064
27	0.439877	750	-2.084482	-74.492546
28	0.424762	750	-2.039658	-76.532205
29	0.409963	750	-2.045417	-78.577622
30	0.395478	750	-2.115490	-80.693112
31	0.381305	750	-2.021271	-82.714383
32	0.367440	750	-2.022450	-84.736833
33	0.353883	750	-1.897919	-86.634752
34	0.340630	750	-1.936483	-88.571236
35	0.327680	750	-1.937849	-90.509085
36	0.315030	750	-1.908271	-92.417356
37	0.302677	750	-1.904687	-94.322042
38	0.290619	750	-1.705633	-96.027676
39	0.278855	750	-1.773369	-97.801044
40	0.267381	750	-1.622414	-99.423458
41	0.256195	750	-1.742055	-101.165514
42	0.245294	750	-1.639226	-102.804740
43	0.234677	750	-1.643687	-104.448427
44	0.224340	750	-1.526279	-105.974706
45	0.214281	750	-1.539912	-107.514618
46	0.204498	750	-1.502297	-109.016915
47	0.194988	750	-1.492147	-110.509062
48	0.185749	750	-1.467411	-111.976473
49	0.176777	750	-1.386495	-113.362968
50	0.168070	750	-1.369798	-114.732766
51	0.159626	750	-1.320179	-116.052945
52	0.151441	750	-1.279818	-117.332763
53	0.143514	750	-1.230900	-118.563663
54	0.135841	750	-1.219278	-119.782940
55	0.128420	750	-1.169316	-120.952256
56	0.121247	750	-1.140439	-122.092695
57	0.114320	750	-1.113219	-123.205915
58	0.107637	750	-1.071010	-124.276925
59	0.101193	750	-1.043417	-125.320342
60	0.094986	750	-1.023867	-126.344209
61	0.089014	750	-0.994183	-127.338392
62	0.083273	750	-0.957321	-128.295713
63	0.077760	750	-0.922241	-129.217954
64	0.072472	750	-0.880774	-130.098728
65	0.067406	750	-0.835006	-130.933734
66	0.062558	750	-0.836666	-131.770400
67	0.057926	750	-0.784912	-132.555312
68	0.053506	750	-0.760435	-133.315747
69	0.049295	750	-0.763365	-134.079112
70	0.045289	750	-0.727591	-134.806703
71	0.041485	750	-0.697270	-135.503973
72	0.037880	750	-0.632836	-136.136809
73	0.034469	750	-0.614638	-136.751447
74	0.031250	750	-0.586120	-137.337567
75	0.028218	750	-0.553559	-137.891125
76	0.025370	750	-0.528980	-138.420105
77	0.022702	750	-0.524728	-138.944833
78	0.020209	750	-0.503903	-139.448735
79	0.017889	750	-0.465112	-139.913848
80	0.015736	750	-0.443767	-140.357614
81	0.013746	750	-0.418406	-140.776020
82	0.011916	750	-0.373084	-141.149104
83	0.010240	750	-0.342668	-141.491772
84	0.008714	750	-0.329550	-141.821322
85	0.007334	750	-0.298841	-142.120163
86	0.006093	750	-0.278693	-142.398856
87	0.004988	750	-0.238747	-142.637603
88	0.004013	750	-0.224000	-142.861603
89	0.003162	750	-0.189816	-143.051419
90	0.002430	750	-0.201142	-143.252561
91	0.001810	750	-0.153588	-143.406149
92	0.001296	750	-0.120601	-143.526750
93	0.000882	750	-0.111899	-143.638649
94	0.000559	750	-0.081474	-143.720123
95	0.000320	750	-0.060917	-143.781040
96	0.000156	750	-0.040370	-143.821409
97	0.000057	750	-0.025640	-143.847050
98	0.000010	750	-0.011288	-143.858337
99	0.000000	750	-0.002764	-143.861101
Log marginal likelihood:	-143.861101
0	0.975187	750	-3.351274	-3.351274
1	0.950747	750	-3.326495	-6.677769
2	0.926679	750	-3.207847	-9.885616
3	0.902980	750	-3.166800	-13.052415
4	0.879648	750	-3.114959	-16.167374
5	0.856682	750	-3.115564	-19.282939
6	0.834079	750	-3.057135	-22.340074
7	0.811838	750	-2.991662	-25.331736
8	0.789957	750	-2.918191	-28.249926
9	0.768433	750	-2.947120	-31.197047
10	0.747266	750	-2.927430	-34.124477
11	0.726452	750	-2.794079	-36.918556
12	0.705989	750	-2.765659	-39.684215
13	0.685877	750	-2.707954	-42.392169
14	0.666112	750	-2.763336	-45.155505
15	0.646693	750	-2.702229	-47.857734
16	0.627618	750	-2.545662	-50.403397
17	0.608884	750	-2.527624	-52.931020
18	0.590490	750	-2.540027	-55.471047
19	0.572433	750	-2.505042	-57.976090
20	0.554712	750	-2.435985	-60.412075
21	0.537324	750	-2.358101	-62.770176
22	0.520268	750	-2.393532	-65.163708
23	0.503540	750	-2.407349	-67.571057
24	0.487139	750	-2.512602	-70.083659
25	0.471063	750	-2.306118	-72.389778
26	0.455310	750	-2.220551	-74.610328
27	0.439877	750	-2.164019	-76.774347
28	0.424762	750	-2.243705	-79.018051
29	0.409963	750	-2.314207	-81.332258
30	0.395478	750	-2.195905	-83.528163
31	0.381305	750	-2.128754	-85.656917
32	0.367440	750	-2.176715	-87.833632
33	0.353883	750	-2.046127	-89.879759
34	0.340630	750	-2.068022	-91.947781
35	0.327680	750	-1.928458	-93.876238
36	0.315030	750	-1.900890	-95.777128
37	0.302677	750	-1.907207	-97.684335
38	0.290619	750	-1.907003	-99.591338
39	0.278855	750	-1.843124	-101.434461
40	0.267381	750	-1.814897	-103.249358
41	0.256195	750	-1.783183	-105.032541
42	0.245294	750	-1.736922	-106.769463
43	0.234677	750	-1.704669	-108.474132
44	0.224340	750	-1.614121	-110.088253
45	0.214281	750	-1.581731	-111.669984
46	0.204498	750	-1.565777	-113.235761
47	0.194988	750	-1.515100	-114.750861
48	0.185749	750	-1.487803	-116.238664
49	0.176777	750	-1.441765	-117.680429
50	0.168070	750	-1.378500	-119.058929
51	0.159626	750	-1.379935	-120.438864
52	0.151441	750	-1.307185	-121.746048
53	0.143514	750	-1.282918	-123.028966
54	0.135841	750	-1.244153	-124.273119
55	0.128420	750	-1.200309	-125.473427
56	0.121247	750	-1.170147	-126.643574
57	0.114320	750	-1.124484	-127.768058
58	0.107637	750	-1.112663	-128.880721
59	0.101193	750	-1.087298	-129.968020
60	0.094986	750	-1.024016	-130.992036
61	0.089014	750	-1.008608	-132.000644
62	0.083273	750	-0.954393	-132.955037
63	0.077760	750	-0.967226	-133.922263
64	0.072472	750	-0.894070	-134.816333
65	0.067406	750	-0.885039	-135.701373
66	0.062558	750	-0.828920	-136.530293
67	0.057926	750	-0.811932	-137.342224
68	0.053506	750	-0.763442	-138.105666
69	0.049295	750	-0.748125	-138.853791
70	0.045289	750	-0.699387	-139.553178
71	0.041485	750	-0.683012	-140.236190
72	0.037880	750	-0.714525	-140.950716
73	0.034469	750	-0.656808	-141.607524
74	0.031250	750	-0.644553	-142.252076
75	0.028218	750	-0.580819	-142.832895
76	0.025370	750	-0.541819	-143.374714
77	0.022702	750	-0.518304	-143.893017
78	0.020209	750	-0.493518	-144.386536
79	0.017889	750	-0.462189	-144.848724
80	0.015736	750	-0.429313	-145.278038
81	0.013746	750	-0.406079	-145.684117
82	0.011916	750	-0.386171	-146.070288
83	0.010240	750	-0.373773	-146.444061
84	0.008714	750	-0.300892	-146.744953
85	0.007334	750	-0.287376	-147.032329
86	0.006093	750	-0.295252	-147.327581
87	0.004988	750	-0.269744	-147.597325
88	0.004013	750	-0.226122	-147.823447
89	0.003162	750	-0.196103	-148.019550
90	0.002430	750	-0.209594	-148.229144
91	0.001810	750	-0.165671	-148.394815
92	0.001296	750	-0.132710	-148.527525
93	0.000882	750	-0.092072	-148.619597
94	0.000559	750	-0.082448	-148.702044
95	0.000320	750	-0.060559	-148.762603
96	0.000156	750	-0.040263	-148.802866
97	0.000057	750	-0.023224	-148.826090
98	0.000010	750	-0.011920	-148.838010
99	0.000000	750	-0.003040	-148.841050
Log marginal likelihood:	-148.841050
0	0.975187	750	-3.380405	-3.380405
1	0.950747	750	-3.331217	-6.711622
2	0.926679	750	-3.282470	-9.994092
3	0.902980	750	-3.220991	-13.215083
4	0.879648	750	-3.202860	-16.417943
5	0.856682	750	-3.131312	-19.549255
6	0.834079	750	-3.080040	-22.629294
7	0.811838	750	-3.027013	-25.656308
8	0.789957	750	-2.965552	-28.621860
9	0.768433	750	-2.930263	-31.552123
10	0.747266	750	-2.914120	-34.466242
11	0.726452	750	-2.854830	-37.321072
12	0.705989	750	-2.810932	-40.132004
13	0.685877	750	-2.794080	-42.926084
14	0.666112	750	-2.704675	-45.630759
15	0.646693	750	-2.693036	-48.323795
16	0.627618	750	-2.659964	-50.983759
17	0.608884	750	-2.588060	-53.571820
18	0.590490	750	-2.539470	-56.111290
19	0.572433	750	-2.517949	-58.629238
20	0.554712	750	-2.443179	-61.072417
21	0.537324	750	-2.493501	-63.565918
22	0.520268	750	-2.358403	-65.924321
23	0.503540	750	-2.371408	-68.295728
24	0.487139	750	-2.344750	-70.640478
25	0.471063	750	-2.276347	-72.916825
26	0.455310	750	-2.460007	-75.376832
27	0.439877	750	-2.297815	-77.674647
28	0.424762	750	-2.146717	-79.821364
29	0.409963	750	-2.138958	-81.960322
30	0.395478	750	-2.174417	-84.134738
31	0.381305	750	-2.018313	-86.153052
32	0.367440	750	-2.079584	-88.232636
33	0.353883	750	-2.022467	-90.255103
34	0.340630	750	-2.009035	-92.264138
35	0.327680	750	-2.036764	-94.300902
36	0.315030	750	-1.993283	-96.294185
37	0.302677	750	-1.950832	-98.245018
38	0.290619	750	-1.888648	-100.133666
39	0.278855	750	-1.747748	-101.881414
40	0.267381	750	-1.790546	-103.671960
41	0.256195	750	-1.701896	-105.373856
42	0.245294	750	-1.735239	-107.109095
43	0.234677	750	-1.688408	-108.797503
44	0.224340	750	-1.644881	-110.442385
45	0.214281	750	-1.609905	-112.052289
46	0.204498	750	-1.564532	-113.616821
47	0.194988	750	-1.468177	-115.084998
48	0.185749	750	-1.478118	-116.563116
49	0.176777	750	-1.440599	-118.003715
50	0.168070	750	-1.401770	-119.405485
51	0.159626	750	-1.359385	-120.764871
52	0.151441	750	-1.320128	-122.084999
53	0.143514	750	-1.289212	-123.374210
54	0.135841	750	-1.224160	-124.598371
55	0.128420	750	-1.216471	-125.814842
56	0.121247	750	-1.181892	-126.996735
57	0.114320	750	-1.141524	-128.138259
58	0.107637	750	-1.104005	-129.242264
59	0.101193	750	-1.081375	-130.323638
60	0.094986	750	-1.044738	-131.368376
61	0.089014	750	-0.991556	-132.359932
62	0.083273	750	-0.963160	-133.323092
63	0.077760	750	-0.920201	-134.243293
64	0.072472	750	-0.914134	-135.157428
65	0.067406	750	-0.860799	-136.018227
66	0.062558	750	-0.841433	-136.859660
67	0.057926	750	-0.810185	-137.669844
68	0.053506	750	-0.775779	-138.445623
69	0.049295	750	-0.732962	-139.178586
70	0.045289	750	-0.701829	-139.880415
71	0.041485	750	-0.677704	-140.558119
72	0.037880	750	-0.688564	-141.246682
73	0.034469	750	-0.655461	-141.902143
74	0.031250	750	-0.602452	-142.504596
75	0.028218	750	-0.563192	-143.067788
76	0.025370	750	-0.554248	-143.622036
77	0.022702	750	-0.499416	-144.121452
78	0.020209	750	-0.507386	-144.628839
79	0.017889	750	-0.449430	-145.078268
80	0.015736	750	-0.440853	-145.519121
81	0.013746	750	-0.402266	-145.921387
82	0.011916	750	-0.386863	-146.308250
83	0.010240	750	-0.379587	-146.687837
84	0.008714	750	-0.342625	-147.030462
85	0.007334	750	-0.291412	-147.321874
86	0.006093	750	-0.273904	-147.595777
87	0.004988	750	-0.257909	-147.853686
88	0.004013	750	-0.217436	-148.071122
89	0.003162	750	-0.199871	-148.270993
90	0.002430	750	-0.167689	-148.438683
91	0.001810	750	-0.150210	-148.588893
92	0.001296	750	-0.120381	-148.709275
93	0.000882	750	-0.101246	-148.810521
94	0.000559	750	-0.074339	-148.884860
95	0.000320	750	-0.065359	-148.950219
96	0.000156	750	-0.042787	-148.993005
97	0.000057	750	-0.024711	-149.017716
98	0.000010	750	-0.011091	-149.028807
99	0.000000	750	-0.002478	-149.031286
Log marginal likelihood:	-149.031286
0	0.975187	750	-3.061168	-3.061168
1	0.950747	750	-3.053803	-6.114971
2	0.926679	750	-2.990898	-9.105869
3	0.902980	750	-2.972365	-12.078235
4	0.879648	750	-2.884382	-14.962616
5	0.856682	750	-2.864091	-17.826707
6	0.834079	750	-2.859798	-20.686505
7	0.811838	750	-2.781249	-23.467755
8	0.789957	750	-2.730645	-26.198400
9	0.768433	750	-2.691803	-28.890203
10	0.747266	750	-2.688785	-31.578988
11	0.726452	750	-2.627640	-34.206628
12	0.705989	750	-2.579288	-36.785916
13	0.685877	750	-2.528754	-39.314669
14	0.666112	750	-2.528070	-41.842739
15	0.646693	750	-2.439515	-44.282254
16	0.627618	750	-2.447379	-46.729633
17	0.608884	750	-2.378976	-49.108609
18	0.590490	750	-2.326077	-51.434686
19	0.572433	750	-2.295933	-53.730618
20	0.554712	750	-2.267104	-55.997722
21	0.537324	750	-2.237725	-58.235447
22	0.520268	750	-2.214169	-60.449615
23	0.503540	750	-2.154487	-62.604102
24	0.487139	750	-2.075343	-64.679445
25	0.471063	750	-2.052691	-66.732136
26	0.455310	750	-2.143547	-68.875683
27	0.439877	750	-2.081013	-70.956696
28	0.424762	750	-1.984579	-72.941275
29	0.409963	750	-1.927824	-74.869099
30	0.395478	750	-2.048790	-76.917889
31	0.381305	750	-1.879375	-78.797264
32	0.367440	750	-1.966503	-80.763768
33	0.353883	750	-1.814288	-82.578055
34	0.340630	750	-1.816454	-84.394510
35	0.327680	750	-1.764686	-86.159196
36	0.315030	750	-1.777203	-87.936398
37	0.302677	750	-1.831776	-89.768174
38	0.290619	750	-1.642524	-91.410698
39	0.278855	750	-1.624912	-93.035610
40	0.267381	750	-1.616993	-94.652604
41	0.256195	750	-1.668964	-96.321567
42	0.245294	750	-1.540176	-97.861743
43	0.234677	750	-1.507172	-99.368915
44	0.224340	750	-1.500689	-100.869605
45	0.214281	750	-1.467995	-102.337600
46	0.204498	750	-1.414449	-103.752048
47	0.194988	750	-1.400520	-105.152568
48	0.185749	750	-1.384052	-106.536620
49	0.176777	750	-1.343241	-107.879861
50	0.168070	750	-1.297983	-109.177844
51	0.159626	750	-1.239814	-110.417658
52	0.151441	750	-1.246843	-111.664501
53	0.143514	750	-1.182341	-112.846842
54	0.135841	750	-1.177976	-114.024818
55	0.128420	750	-1.144992	-115.169810
56	0.121247	750	-1.121284	-116.291094
57	0.114320	750	-1.078620	-117.369714
58	0.107637	750	-1.037386	-118.407099
59	0.101193	750	-1.034259	-119.441358
60	0.094986	750	-0.971055	-120.412414
61	0.089014	750	-0.982947	-121.395361
62	0.083273	750	-0.903917	-122.299278
63	0.077760	750	-0.864337	-123.163615
64	0.072472	750	-0.862453	-124.026069
65	0.067406	750	-0.867533	-124.893601
66	0.062558	750	-0.802004	-125.695605
67	0.057926	750	-0.760385	-126.455989
68	0.053506	750	-0.758347	-127.214337
69	0.049295	750	-0.699706	-127.914043
70	0.045289	750	-0.685980	-128.600023
71	0.041485	750	-0.639021	-129.239044
72	0.037880	750	-0.620746	-129.859789
73	0.034469	750	-0.609870	-130.469659
74	0.031250	750	-0.569498	-131.039157
75	0.028218	750	-0.534993	-131.574151
76	0.025370	750	-0.510311	-132.084462
77	0.022702	750	-0.474482	-132.558944
78	0.020209	750	-0.477864	-133.036808
79	0.017889	750	-0.434363	-133.471170
80	0.015736	750	-0.411987	-133.883158
81	0.013746	750	-0.393410	-134.276568
82	0.011916	750	-0.403962	-134.680530
83	0.010240	750	-0.361818	-135.042347
84	0.008714	750	-0.314045	-135.356392
85	0.007334	750	-0.290751	-135.647143
86	0.006093	750	-0.262332	-135.909475
87	0.004988	750	-0.227810	-136.137286
88	0.004013	750	-0.203261	-136.340546
89	0.003162	750	-0.189521	-136.530068
90	0.002430	750	-0.157380	-136.687448
91	0.001810	750	-0.184431	-136.871879
92	0.001296	750	-0.117802	-136.989681
93	0.000882	750	-0.105525	-137.095205
94	0.000559	750	-0.085218	-137.180424
95	0.000320	750	-0.064088	-137.244512
96	0.000156	750	-0.034357	-137.278869
97	0.000057	750	-0.026353	-137.305222
98	0.000010	750	-0.011069	-137.316291
99	0.000000	750	-0.002468	-137.318760
Log marginal likelihood:	-137.318760
0	0.975187	750	-3.261273	-3.261273
1	0.950747	750	-3.203442	-6.464715
2	0.926679	750	-3.170101	-9.634815
3	0.902980	750	-3.138659	-12.773474
4	0.879648	750	-3.098162	-15.871637
5	0.856682	750	-3.070025	-18.941661
6	0.834079	750	-2.972567	-21.914228
7	0.811838	750	-2.925903	-24.840131
8	0.789957	750	-2.917789	-27.757921
9	0.768433	750	-2.863361	-30.621282
10	0.747266	750	-2.792341	-33.413623
11	0.726452	750	-2.785540	-36.199162
12	0.705989	750	-2.709072	-38.908235
13	0.685877	750	-2.685281	-41.593515
14	0.666112	750	-2.636360	-44.229875
15	0.646693	750	-2.616802	-46.846677
16	0.627618	750	-2.594212	-49.440889
17	0.608884	750	-2.601398	-52.042287
18	0.590490	750	-2.468755	-54.511043
19	0.572433	750	-2.394445	-56.905488
20	0.554712	750	-2.396195	-59.301683
21	0.537324	750	-2.351664	-61.653347
22	0.520268	750	-2.287922	-63.941270
23	0.503540	750	-2.350513	-66.291782
24	0.487139	750	-2.237283	-68.529065
25	0.471063	750	-2.193941	-70.723006
26	0.455310	750	-2.137804	-72.860810
27	0.439877	750	-2.143866	-75.004676
28	0.424762	750	-2.120624	-77.125300
29	0.409963	750	-2.134076	-79.259376
30	0.395478	750	-2.004465	-81.263841
31	0.381305	750	-1.966130	-83.229971
32	0.367440	750	-2.029780	-85.259751
33	0.353883	750	-2.037378	-87.297129
34	0.340630	750	-1.902689	-89.199818
35	0.327680	750	-1.840381	-91.040199
36	0.315030	750	-1.773245	-92.813445
37	0.302677	750	-1.772115	-94.585560
38	0.290619	750	-1.875111	-96.460671
39	0.278855	750	-1.871631	-98.332302
40	0.267381	750	-1.678321	-100.010622
41	0.256195	750	-1.737523	-101.748145
42	0.245294	750	-1.701465	-103.449610
43	0.234677	750	-1.682375	-105.131985
44	0.224340	750	-1.642631	-106.774616
45	0.214281	750	-1.607833	-108.382449
46	0.204498	750	-1.574954	-109.957403
47	0.194988	750	-1.484418	-111.441821
48	0.185749	750	-1.490611	-112.932431
49	0.176777	750	-1.442165	-114.374596
50	0.168070	750	-1.391646	-115.766242
51	0.159626	750	-1.375519	-117.141761
52	0.151441	750	-1.332918	-118.474679
53	0.143514	750	-1.296203	-119.770882
54	0.135841	750	-1.236797	-121.007680
55	0.128420	750	-1.229744	-122.237424
56	0.121247	750	-1.158407	-123.395831
57	0.114320	750	-1.134970	-124.530801
58	0.107637	750	-1.123440	-125.654240
59	0.101193	750	-1.079078	-126.733319
60	0.094986	750	-1.051374	-127.784693
61	0.089014	750	-1.010028	-128.794720
62	0.083273	750	-0.960974	-129.755694
63	0.077760	750	-0.935384	-130.691078
64	0.072472	750	-0.915260	-131.606338
65	0.067406	750	-0.867051	-132.473389
66	0.062558	750	-0.817002	-133.290391
67	0.057926	750	-0.810736	-134.101127
68	0.053506	750	-0.759082	-134.860209
69	0.049295	750	-0.740666	-135.600875
70	0.045289	750	-0.721474	-136.322349
71	0.041485	750	-0.691698	-137.014048
72	0.037880	750	-0.654528	-137.668576
73	0.034469	750	-0.660179	-138.328755
74	0.031250	750	-0.587061	-138.915816
75	0.028218	750	-0.580069	-139.495885
76	0.025370	750	-0.546707	-140.042592
77	0.022702	750	-0.527835	-140.570427
78	0.020209	750	-0.516698	-141.087125
79	0.017889	750	-0.478650	-141.565775
80	0.015736	750	-0.415892	-141.981667
81	0.013746	750	-0.414225	-142.395893
82	0.011916	750	-0.378381	-142.774274
83	0.010240	750	-0.379420	-143.153695
84	0.008714	750	-0.343081	-143.496776
85	0.007334	750	-0.273540	-143.770315
86	0.006093	750	-0.288319	-144.058634
87	0.004988	750	-0.271498	-144.330132
88	0.004013	750	-0.205245	-144.535377
89	0.003162	750	-0.197550	-144.732927
90	0.002430	750	-0.177359	-144.910286
91	0.001810	750	-0.158953	-145.069239
92	0.001296	750	-0.125137	-145.194376
93	0.000882	750	-0.094328	-145.288704
94	0.000559	750	-0.089418	-145.378123
95	0.000320	750	-0.070188	-145.448310
96	0.000156	750	-0.047267	-145.495577
97	0.000057	750	-0.024015	-145.519592
98	0.000010	750	-0.011672	-145.531264
99	0.000000	750	-0.002346	-145.533610
Log marginal likelihood:	-145.533610
0	0.975187	750	-3.265120	-3.265120
1	0.950747	750	-3.216609	-6.481729
2	0.926679	750	-3.171197	-9.652926
3	0.902980	750	-3.115932	-12.768857
4	0.879648	750	-3.081377	-15.850234
5	0.856682	750	-3.047392	-18.897627
6	0.834079	750	-2.966797	-21.864424
7	0.811838	750	-2.953830	-24.818254
8	0.789957	750	-2.888290	-27.706544
9	0.768433	750	-2.870406	-30.576950
10	0.747266	750	-2.786402	-33.363352
11	0.726452	750	-2.794781	-36.158133
12	0.705989	750	-2.715271	-38.873404
13	0.685877	750	-2.663277	-41.536681
14	0.666112	750	-2.635781	-44.172462
15	0.646693	750	-2.571049	-46.743511
16	0.627618	750	-2.561440	-49.304951
17	0.608884	750	-2.528659	-51.833610
18	0.590490	750	-2.478934	-54.312543
19	0.572433	750	-2.436524	-56.749067
20	0.554712	750	-2.436572	-59.185640
21	0.537324	750	-2.369994	-61.555633
22	0.520268	750	-2.305504	-63.861138
23	0.503540	750	-2.249859	-66.110997
24	0.487139	750	-2.226665	-68.337662
25	0.471063	750	-2.254797	-70.592460
26	0.455310	750	-2.124766	-72.717225
27	0.439877	750	-2.123512	-74.840737
28	0.424762	750	-2.149760	-76.990498
29	0.409963	750	-2.077287	-79.067785
30	0.395478	750	-1.986440	-81.054225
31	0.381305	750	-1.959050	-83.013275
32	0.367440	750	-1.994743	-85.008019
33	0.353883	750	-1.873238	-86.881257
34	0.340630	750	-1.848353	-88.729609
35	0.327680	750	-1.888449	-90.618058
36	0.315030	750	-1.958014	-92.576072
37	0.302677	750	-1.729816	-94.305889
38	0.290619	750	-1.788621	-96.094510
39	0.278855	750	-1.738059	-97.832569
40	0.267381	750	-1.751129	-99.583697
41	0.256195	750	-1.650976	-101.234674
42	0.245294	750	-1.674386	-102.909059
43	0.234677	750	-1.623293	-104.532353
44	0.224340	750	-1.619160	-106.151513
45	0.214281	750	-1.561221	-107.712734
46	0.204498	750	-1.488364	-109.201098
47	0.194988	750	-1.495171	-110.696269
48	0.185749	750	-1.445300	-112.141568
49	0.176777	750	-1.425450	-113.567018
50	0.168070	750	-1.386736	-114.953754
51	0.159626	750	-1.341157	-116.294911
52	0.151441	750	-1.295763	-117.590674
53	0.143514	750	-1.241982	-118.832655
54	0.135841	750	-1.246352	-120.079008
55	0.128420	750	-1.208697	-121.287704
56	0.121247	750	-1.159053	-122.446757
57	0.114320	750	-1.116178	-123.562936
58	0.107637	750	-1.121563	-124.684499
59	0.101193	750	-1.063065	-125.747564
60	0.094986	750	-1.006111	-126.753675
61	0.089014	750	-0.995117	-127.748792
62	0.083273	750	-0.931033	-128.679825
63	0.077760	750	-0.925394	-129.605219
64	0.072472	750	-0.879758	-130.484977
65	0.067406	750	-0.850486	-131.335463
66	0.062558	750	-0.837837	-132.173301
67	0.057926	750	-0.775198	-132.948499
68	0.053506	750	-0.777835	-133.726334
69	0.049295	750	-0.718529	-134.444863
70	0.045289	750	-0.715016	-135.159879
71	0.041485	750	-0.657729	-135.817607
72	0.037880	750	-0.660262	-136.477869
73	0.034469	750	-0.610309	-137.088178
74	0.031250	750	-0.601186	-137.689364
75	0.028218	750	-0.545170	-138.234534
76	0.025370	750	-0.527410	-138.761944
77	0.022702	750	-0.523651	-139.285595
78	0.020209	750	-0.481510	-139.767106
79	0.017889	750	-0.465520	-140.232625
80	0.015736	750	-0.445995	-140.678620
81	0.013746	750	-0.398955	-141.077575
82	0.011916	750	-0.419254	-141.496829
83	0.010240	750	-0.332141	-141.828970
84	0.008714	750	-0.319588	-142.148558
85	0.007334	750	-0.319510	-142.468068
86	0.006093	750	-0.280922	-142.748990
87	0.004988	750	-0.223434	-142.972425
88	0.004013	750	-0.218865	-143.191289
89	0.003162	750	-0.218816	-143.410105
90	0.002430	750	-0.166608	-143.576713
91	0.001810	750	-0.141457	-143.718170
92	0.001296	750	-0.122566	-143.840736
93	0.000882	750	-0.108132	-143.948868
94	0.000559	750	-0.072974	-144.021842
95	0.000320	750	-0.051567	-144.073409
96	0.000156	750	-0.041605	-144.115014
97	0.000057	750	-0.023713	-144.138727
98	0.000010	750	-0.011956	-144.150682
99	0.000000	750	-0.002706	-144.153389
Log marginal likelihood:	-144.153389
0	0.975187	750	-3.304875	-3.304875
1	0.950747	750	-3.298452	-6.603326
2	0.926679	750	-3.212288	-9.815615
3	0.902980	750	-3.154063	-12.969678
4	0.879648	750	-3.200814	-16.170492
5	0.856682	750	-3.122322	-19.292814
6	0.834079	750	-3.047354	-22.340168
7	0.811838	750	-2.984380	-25.324548
8	0.789957	750	-2.953888	-28.278436
9	0.768433	750	-2.881305	-31.159741
10	0.747266	750	-2.839852	-33.999593
11	0.726452	750	-2.819869	-36.819462
12	0.705989	750	-2.759763	-39.579225
13	0.685877	750	-2.758572	-42.337797
14	0.666112	750	-2.673399	-45.011196
15	0.646693	750	-2.610075	-47.621271
16	0.627618	750	-2.566180	-50.187450
17	0.608884	750	-2.535747	-52.723198
18	0.590490	750	-2.510841	-55.234039
19	0.572433	750	-2.461319	-57.695358
20	0.554712	750	-2.429765	-60.125124
21	0.537324	750	-2.417466	-62.542589
22	0.520268	750	-2.355998	-64.898587
23	0.503540	750	-2.288712	-67.187299
24	0.487139	750	-2.256815	-69.444115
25	0.471063	750	-2.249179	-71.693293
26	0.455310	750	-2.306955	-74.000248
27	0.439877	750	-2.148083	-76.148331
28	0.424762	750	-2.152849	-78.301180
29	0.409963	750	-2.149531	-80.450711
30	0.395478	750	-2.172936	-82.623647
31	0.381305	750	-2.292748	-84.916395
32	0.367440	750	-2.231205	-87.147600
33	0.353883	750	-2.139190	-89.286790
34	0.340630	750	-1.927959	-91.214749
35	0.327680	750	-1.833768	-93.048517
36	0.315030	750	-1.974824	-95.023340
37	0.302677	750	-1.998486	-97.021826
38	0.290619	750	-1.880742	-98.902568
39	0.278855	750	-1.872958	-100.775526
40	0.267381	750	-1.844266	-102.619792
41	0.256195	750	-1.653903	-104.273696
42	0.245294	750	-1.737209	-106.010905
43	0.234677	750	-1.687452	-107.698356
44	0.224340	750	-1.698855	-109.397212
45	0.214281	750	-1.626815	-111.024026
46	0.204498	750	-1.581574	-112.605601
47	0.194988	750	-1.577012	-114.182613
48	0.185749	750	-1.514979	-115.697591
49	0.176777	750	-1.494948	-117.192539
50	0.168070	750	-1.439904	-118.632442
51	0.159626	750	-1.396414	-120.028856
52	0.151441	750	-1.360597	-121.389453
53	0.143514	750	-1.341931	-122.731384
54	0.135841	750	-1.305134	-124.036518
55	0.128420	750	-1.252324	-125.288842
56	0.121247	750	-1.206707	-126.495549
57	0.114320	750	-1.167647	-127.663196
58	0.107637	750	-1.143988	-128.807184
59	0.101193	750	-1.121606	-129.928790
60	0.094986	750	-1.067057	-130.995848
61	0.089014	750	-1.043997	-132.039845
62	0.083273	750	-0.966492	-133.006337
63	0.077760	750	-0.965924	-133.972260
64	0.072472	750	-0.922827	-134.895087
65	0.067406	750	-0.890332	-135.785420
66	0.062558	750	-0.857997	-136.643416
67	0.057926	750	-0.848474	-137.491891
68	0.053506	750	-0.793111	-138.285002
69	0.049295	750	-0.770432	-139.055434
70	0.045289	750	-0.727257	-139.782692
71	0.041485	750	-0.696788	-140.479479
72	0.037880	750	-0.670055	-141.149535
73	0.034469	750	-0.651657	-141.801192
74	0.031250	750	-0.677249	-142.478441
75	0.028218	750	-0.610670	-143.089111
76	0.025370	750	-0.545370	-143.634481
77	0.022702	750	-0.539035	-144.173516
78	0.020209	750	-0.514487	-144.688004
79	0.017889	750	-0.471802	-145.159806
80	0.015736	750	-0.448184	-145.607989
81	0.013746	750	-0.397909	-146.005899
82	0.011916	750	-0.396351	-146.402250
83	0.010240	750	-0.372049	-146.774299
84	0.008714	750	-0.346749	-147.121048
85	0.007334	750	-0.336510	-147.457557
86	0.006093	750	-0.275257	-147.732815
87	0.004988	750	-0.269868	-148.002683
88	0.004013	750	-0.219050	-148.221733
89	0.003162	750	-0.198592	-148.420325
90	0.002430	750	-0.177456	-148.597781
91	0.001810	750	-0.169109	-148.766890
92	0.001296	750	-0.122219	-148.889109
93	0.000882	750	-0.109567	-148.998676
94	0.000559	750	-0.086463	-149.085139
95	0.000320	750	-0.061636	-149.146775
96	0.000156	750	-0.041783	-149.188557
97	0.000057	750	-0.024868	-149.213426
98	0.000010	750	-0.012540	-149.225966
99	0.000000	750	-0.002444	-149.228410
Log marginal likelihood:	-149.228410
0	0.975187	750	-3.328369	-3.328369
1	0.950747	750	-3.290431	-6.618800
2	0.926679	750	-3.220664	-9.839464
3	0.902980	750	-3.186835	-13.026300
4	0.879648	750	-3.139586	-16.165885
5	0.856682	750	-3.101861	-19.267746
6	0.834079	750	-3.037503	-22.305249
7	0.811838	750	-3.015108	-25.320356
8	0.789957	750	-2.936130	-28.256486
9	0.768433	750	-2.946850	-31.203336
10	0.747266	750	-2.899566	-34.102902
11	0.726452	750	-2.833861	-36.936763
12	0.705989	750	-2.784854	-39.721617
13	0.685877	750	-2.729508	-42.451125
14	0.666112	750	-2.780858	-45.231983
15	0.646693	750	-2.640230	-47.872213
16	0.627618	750	-2.653810	-50.526023
17	0.608884	750	-2.581691	-53.107714
18	0.590490	750	-2.516765	-55.624479
19	0.572433	750	-2.452918	-58.077396
20	0.554712	750	-2.442937	-60.520333
21	0.537324	750	-2.434795	-62.955128
22	0.520268	750	-2.426575	-65.381702
23	0.503540	750	-2.512822	-67.894525
24	0.487139	750	-2.440724	-70.335248
25	0.471063	750	-2.226654	-72.561903
26	0.455310	750	-2.185837	-74.747740
27	0.439877	750	-2.296169	-77.043909
28	0.424762	750	-2.224499	-79.268408
29	0.409963	750	-2.151624	-81.420032
30	0.395478	750	-2.144356	-83.564388
31	0.381305	750	-2.226888	-85.791276
32	0.367440	750	-2.111850	-87.903126
33	0.353883	750	-1.980270	-89.883396
34	0.340630	750	-1.993764	-91.877161
35	0.327680	750	-1.980596	-93.857757
36	0.315030	750	-1.970738	-95.828495
37	0.302677	750	-1.943936	-97.772432
38	0.290619	750	-1.809912	-99.582344
39	0.278855	750	-1.749943	-101.332287
40	0.267381	750	-1.811067	-103.143354
41	0.256195	750	-1.761387	-104.904741
42	0.245294	750	-1.710101	-106.614842
43	0.234677	750	-1.703781	-108.318623
44	0.224340	750	-1.615665	-109.934288
45	0.214281	750	-1.588787	-111.523075
46	0.204498	750	-1.523069	-113.046145
47	0.194988	750	-1.505552	-114.551697
48	0.185749	750	-1.490863	-116.042560
49	0.176777	750	-1.444801	-117.487361
50	0.168070	750	-1.371887	-118.859249
51	0.159626	750	-1.364713	-120.223961
52	0.151441	750	-1.307549	-121.531511
53	0.143514	750	-1.297504	-122.829015
54	0.135841	750	-1.229621	-124.058636
55	0.128420	750	-1.198460	-125.257096
56	0.121247	750	-1.183769	-126.440865
57	0.114320	750	-1.157185	-127.598051
58	0.107637	750	-1.071727	-128.669778
59	0.101193	750	-1.063101	-129.732879
60	0.094986	750	-1.028623	-130.761503
61	0.089014	750	-1.004606	-131.766108
62	0.083273	750	-0.984976	-132.751084
63	0.077760	750	-0.937523	-133.688608
64	0.072472	750	-0.909831	-134.598439
65	0.067406	750	-0.888935	-135.487374
66	0.062558	750	-0.841071	-136.328445
67	0.057926	750	-0.797246	-137.125691
68	0.053506	750	-0.757634	-137.883325
69	0.049295	750	-0.773032	-138.656357
70	0.045289	750	-0.719330	-139.375687
71	0.041485	750	-0.718086	-140.093773
72	0.037880	750	-0.645350	-140.739122
73	0.034469	750	-0.616639	-141.355761
74	0.031250	750	-0.581291	-141.937052
75	0.028218	750	-0.573496	-142.510548
76	0.025370	750	-0.547788	-143.058336
77	0.022702	750	-0.518236	-143.576572
78	0.020209	750	-0.480637	-144.057209
79	0.017889	750	-0.459513	-144.516722
80	0.015736	750	-0.414796	-144.931519
81	0.013746	750	-0.421650	-145.353169
82	0.011916	750	-0.377218	-145.730387
83	0.010240	750	-0.374589	-146.104976
84	0.008714	750	-0.342544	-146.447520
85	0.007334	750	-0.289293	-146.736813
86	0.006093	750	-0.274709	-147.011522
87	0.004988	750	-0.260406	-147.271928
88	0.004013	750	-0.216731	-147.488659
89	0.003162	750	-0.210509	-147.699168
90	0.002430	750	-0.164604	-147.863772
91	0.001810	750	-0.155735	-148.019507
92	0.001296	750	-0.137293	-148.156800
93	0.000882	750	-0.105960	-148.262760
94	0.000559	750	-0.082826	-148.345586
95	0.000320	750	-0.062972	-148.408558
96	0.000156	750	-0.039477	-148.448035
97	0.000057	750	-0.028875	-148.476910
98	0.000010	750	-0.011223	-148.488133
99	0.000000	750	-0.002450	-148.490583
Log marginal likelihood:	-148.490583
0	0.975187	750	-3.167754	-3.167754
1	0.950747	750	-3.136795	-6.304550
2	0.926679	750	-3.099459	-9.404009
3	0.902980	750	-3.042332	-12.446341
4	0.879648	750	-2.982825	-15.429166
5	0.856682	750	-2.953818	-18.382984
6	0.834079	750	-2.885816	-21.268800
7	0.811838	750	-2.887235	-24.156035
8	0.789957	750	-2.810023	-26.966058
9	0.768433	750	-2.764381	-29.730439
10	0.747266	750	-2.726118	-32.456556
11	0.726452	750	-2.693527	-35.150084
12	0.705989	750	-2.637595	-37.787679
13	0.685877	750	-2.686263	-40.473942
14	0.666112	750	-2.591225	-43.065167
15	0.646693	750	-2.530614	-45.595782
16	0.627618	750	-2.494865	-48.090647
17	0.608884	750	-2.420105	-50.510752
18	0.590490	750	-2.398273	-52.909025
19	0.572433	750	-2.332198	-55.241222
20	0.554712	750	-2.276896	-57.518119
21	0.537324	750	-2.323509	-59.841627
22	0.520268	750	-2.237393	-62.079020
23	0.503540	750	-2.200647	-64.279667
24	0.487139	750	-2.154308	-66.433975
25	0.471063	750	-2.099712	-68.533686
26	0.455310	750	-2.079159	-70.612846
27	0.439877	750	-2.068144	-72.680990
28	0.424762	750	-2.082597	-74.763587
29	0.409963	750	-1.984552	-76.748139
30	0.395478	750	-1.985857	-78.733996
31	0.381305	750	-1.932292	-80.666288
32	0.367440	750	-1.901123	-82.567410
33	0.353883	750	-1.833567	-84.400977
34	0.340630	750	-1.854810	-86.255788
35	0.327680	750	-1.781944	-88.037732
36	0.315030	750	-1.737372	-89.775104
37	0.302677	750	-1.799142	-91.574246
38	0.290619	750	-1.782445	-93.356690
39	0.278855	750	-1.758498	-95.115188
40	0.267381	750	-1.747954	-96.863142
41	0.256195	750	-1.654756	-98.517898
42	0.245294	750	-1.655108	-100.173006
43	0.234677	750	-1.626545	-101.799551
44	0.224340	750	-1.561328	-103.360879
45	0.214281	750	-1.482115	-104.842994
46	0.204498	750	-1.519992	-106.362986
47	0.194988	750	-1.467470	-107.830456
48	0.185749	750	-1.442246	-109.272701
49	0.176777	750	-1.353903	-110.626604
50	0.168070	750	-1.358221	-111.984825
51	0.159626	750	-1.258331	-113.243156
52	0.151441	750	-1.294429	-114.537584
53	0.143514	750	-1.243484	-115.781068
54	0.135841	750	-1.194055	-116.975123
55	0.128420	750	-1.203299	-118.178422
56	0.121247	750	-1.149965	-119.328388
57	0.114320	750	-1.108588	-120.436976
58	0.107637	750	-1.075260	-121.512235
59	0.101193	750	-1.029561	-122.541796
60	0.094986	750	-0.996307	-123.538103
61	0.089014	750	-0.974477	-124.512580
62	0.083273	750	-0.960452	-125.473032
63	0.077760	750	-0.894638	-126.367671
64	0.072472	750	-0.870788	-127.238458
65	0.067406	750	-0.867150	-128.105608
66	0.062558	750	-0.815333	-128.920941
67	0.057926	750	-0.775792	-129.696734
68	0.053506	750	-0.747535	-130.444268
69	0.049295	750	-0.723415	-131.167684
70	0.045289	750	-0.698804	-131.866487
71	0.041485	750	-0.674649	-132.541137
72	0.037880	750	-0.630700	-133.171836
73	0.034469	750	-0.604275	-133.776112
74	0.031250	750	-0.578406	-134.354518
75	0.028218	750	-0.554442	-134.908960
76	0.025370	750	-0.529784	-135.438745
77	0.022702	750	-0.515836	-135.954581
78	0.020209	750	-0.471864	-136.426445
79	0.017889	750	-0.433229	-136.859675
80	0.015736	750	-0.419600	-137.279274
81	0.013746	750	-0.430287	-137.709561
82	0.011916	750	-0.379759	-138.089321
83	0.010240	750	-0.330078	-138.419399
84	0.008714	750	-0.326569	-138.745968
85	0.007334	750	-0.304561	-139.050530
86	0.006093	750	-0.288563	-139.339093
87	0.004988	750	-0.258458	-139.597550
88	0.004013	750	-0.195885	-139.793436
89	0.003162	750	-0.182374	-139.975810
90	0.002430	750	-0.154517	-140.130326
91	0.001810	750	-0.147134	-140.277460
92	0.001296	750	-0.129921	-140.407381
93	0.000882	750	-0.109194	-140.516575
94	0.000559	750	-0.078252	-140.594828
95	0.000320	750	-0.057738	-140.652565
96	0.000156	750	-0.042051	-140.694616
97	0.000057	750	-0.022394	-140.717010
98	0.000010	750	-0.011658	-140.728668
99	0.000000	750	-0.002306	-140.730973
Log marginal likelihood:	-140.730973
0	0.975187	750	-3.021078	-3.021078
1	0.950747	750	-2.981440	-6.002518
2	0.926679	750	-2.938801	-8.941319
3	0.902980	750	-2.853250	-11.794570
4	0.879648	750	-2.842303	-14.636873
5	0.856682	750	-2.796992	-17.433865
6	0.834079	750	-2.785011	-20.218876
7	0.811838	750	-2.729683	-22.948558
8	0.789957	750	-2.654975	-25.603533
9	0.768433	750	-2.636824	-28.240357
10	0.747266	750	-2.624661	-30.865018
11	0.726452	750	-2.553708	-33.418726
12	0.705989	750	-2.496639	-35.915365
13	0.685877	750	-2.548791	-38.464156
14	0.666112	750	-2.425450	-40.889606
15	0.646693	750	-2.418471	-43.308077
16	0.627618	750	-2.532966	-45.841043
17	0.608884	750	-2.304727	-48.145770
18	0.590490	750	-2.257711	-50.403481
19	0.572433	750	-2.243717	-52.647198
20	0.554712	750	-2.274866	-54.922064
21	0.537324	750	-2.355230	-57.277294
22	0.520268	750	-2.140657	-59.417951
23	0.503540	750	-2.116016	-61.533967
24	0.487139	750	-2.153904	-63.687870
25	0.471063	750	-2.060902	-65.748773
26	0.455310	750	-1.962025	-67.710797
27	0.439877	750	-2.050174	-69.760972
28	0.424762	750	-2.005228	-71.766200
29	0.409963	750	-2.065567	-73.831767
30	0.395478	750	-1.922882	-75.754650
31	0.381305	750	-1.906858	-77.661507
32	0.367440	750	-1.871838	-79.533346
33	0.353883	750	-1.878688	-81.412034
34	0.340630	750	-1.822361	-83.234395
35	0.327680	750	-1.745776	-84.980171
36	0.315030	750	-1.864463	-86.844633
37	0.302677	750	-1.711736	-88.556370
38	0.290619	750	-1.738955	-90.295325
39	0.278855	750	-1.711762	-92.007086
40	0.267381	750	-1.666751	-93.673837
41	0.256195	750	-1.653887	-95.327724
42	0.245294	750	-1.581235	-96.908959
43	0.234677	750	-1.518750	-98.427709
44	0.224340	750	-1.535400	-99.963109
45	0.214281	750	-1.510428	-101.473536
46	0.204498	750	-1.421150	-102.894687
47	0.194988	750	-1.436627	-104.331313
48	0.185749	750	-1.401446	-105.732760
49	0.176777	750	-1.341323	-107.074082
50	0.168070	750	-1.304385	-108.378467
51	0.159626	750	-1.275039	-109.653506
52	0.151441	750	-1.281033	-110.934539
53	0.143514	750	-1.216948	-112.151487
54	0.135841	750	-1.172105	-113.323592
55	0.128420	750	-1.140461	-114.464053
56	0.121247	750	-1.156443	-115.620496
57	0.114320	750	-1.077719	-116.698215
58	0.107637	750	-1.053770	-117.751986
59	0.101193	750	-1.013842	-118.765827
60	0.094986	750	-0.998304	-119.764131
61	0.089014	750	-0.958095	-120.722226
62	0.083273	750	-0.889623	-121.611849
63	0.077760	750	-0.895825	-122.507674
64	0.072472	750	-0.864343	-123.372017
65	0.067406	750	-0.842086	-124.214102
66	0.062558	750	-0.830946	-125.045048
67	0.057926	750	-0.763591	-125.808639
68	0.053506	750	-0.720785	-126.529425
69	0.049295	750	-0.749684	-127.279109
70	0.045289	750	-0.700142	-127.979251
71	0.041485	750	-0.650710	-128.629961
72	0.037880	750	-0.615736	-129.245697
73	0.034469	750	-0.626625	-129.872322
74	0.031250	750	-0.548541	-130.420863
75	0.028218	750	-0.529803	-130.950666
76	0.025370	750	-0.531826	-131.482492
77	0.022702	750	-0.501042	-131.983534
78	0.020209	750	-0.472300	-132.455835
79	0.017889	750	-0.446419	-132.902254
80	0.015736	750	-0.399247	-133.301501
81	0.013746	750	-0.382703	-133.684204
82	0.011916	750	-0.392355	-134.076559
83	0.010240	750	-0.361670	-134.438228
84	0.008714	750	-0.312152	-134.750380
85	0.007334	750	-0.304226	-135.054606
86	0.006093	750	-0.270704	-135.325311
87	0.004988	750	-0.245460	-135.570771
88	0.004013	750	-0.206518	-135.777289
89	0.003162	750	-0.194952	-135.972241
90	0.002430	750	-0.165951	-136.138191
91	0.001810	750	-0.136382	-136.274573
92	0.001296	750	-0.119632	-136.394206
93	0.000882	750	-0.097167	-136.491373
94	0.000559	750	-0.071048	-136.562421
95	0.000320	750	-0.050148	-136.612569
96	0.000156	750	-0.047469	-136.660038
97	0.000057	750	-0.026737	-136.686775
98	0.000010	750	-0.011856	-136.698632
99	0.000000	750	-0.002227	-136.700858
Log marginal likelihood:	-136.700858
0	0.975187	750	-3.324151	-3.324151
1	0.950747	750	-3.294340	-6.618491
2	0.926679	750	-3.248759	-9.867251
3	0.902980	750	-3.196073	-13.063323
4	0.879648	750	-3.194564	-16.257887
5	0.856682	750	-3.140869	-19.398756
6	0.834079	750	-3.071460	-22.470216
7	0.811838	750	-3.054490	-25.524706
8	0.789957	750	-2.957664	-28.482370
9	0.768433	750	-2.913398	-31.395768
10	0.747266	750	-2.894659	-34.290427
11	0.726452	750	-2.819655	-37.110083
12	0.705989	750	-2.776277	-39.886360
13	0.685877	750	-2.715172	-42.601532
14	0.666112	750	-2.680169	-45.281701
15	0.646693	750	-2.654820	-47.936522
16	0.627618	750	-2.602072	-50.538593
17	0.608884	750	-2.559946	-53.098539
18	0.590490	750	-2.545870	-55.644409
19	0.572433	750	-2.566566	-58.210975
20	0.554712	750	-2.440395	-60.651370
21	0.537324	750	-2.401274	-63.052644
22	0.520268	750	-2.394614	-65.447259
23	0.503540	750	-2.352804	-67.800062
24	0.487139	750	-2.274010	-70.074072
25	0.471063	750	-2.227421	-72.301493
26	0.455310	750	-2.223356	-74.524849
27	0.439877	750	-2.171040	-76.695889
28	0.424762	750	-2.113756	-78.809645
29	0.409963	750	-2.202420	-81.012065
30	0.395478	750	-2.144086	-83.156151
31	0.381305	750	-2.131416	-85.287567
32	0.367440	750	-2.021725	-87.309291
33	0.353883	750	-2.029558	-89.338850
34	0.340630	750	-1.965240	-91.304090
35	0.327680	750	-2.023759	-93.327849
36	0.315030	750	-1.974504	-95.302353
37	0.302677	750	-1.936464	-97.238817
38	0.290619	750	-1.775846	-99.014663
39	0.278855	750	-1.761138	-100.775801
40	0.267381	750	-1.806765	-102.582566
41	0.256195	750	-1.743942	-104.326509
42	0.245294	750	-1.640684	-105.967192
43	0.234677	750	-1.653749	-107.620942
44	0.224340	750	-1.630404	-109.251345
45	0.214281	750	-1.593538	-110.844884
46	0.204498	750	-1.550205	-112.395089
47	0.194988	750	-1.520899	-113.915988
48	0.185749	750	-1.472988	-115.388975
49	0.176777	750	-1.432607	-116.821583
50	0.168070	750	-1.426050	-118.247633
51	0.159626	750	-1.379823	-119.627456
52	0.151441	750	-1.345169	-120.972625
53	0.143514	750	-1.295841	-122.268466
54	0.135841	750	-1.277556	-123.546021
55	0.128420	750	-1.187614	-124.733636
56	0.121247	750	-1.167829	-125.901465
57	0.114320	750	-1.135153	-127.036618
58	0.107637	750	-1.118169	-128.154787
59	0.101193	750	-1.051193	-129.205980
60	0.094986	750	-1.040926	-130.246906
61	0.089014	750	-1.007996	-131.254902
62	0.083273	750	-0.970825	-132.225726
63	0.077760	750	-0.954749	-133.180476
64	0.072472	750	-0.922461	-134.102937
65	0.067406	750	-0.877737	-134.980675
66	0.062558	750	-0.876015	-135.856690
67	0.057926	750	-0.802219	-136.658909
68	0.053506	750	-0.796999	-137.455908
69	0.049295	750	-0.718894	-138.174802
70	0.045289	750	-0.695199	-138.870002
71	0.041485	750	-0.679899	-139.549900
72	0.037880	750	-0.641951	-140.191851
73	0.034469	750	-0.615326	-140.807178
74	0.031250	750	-0.580357	-141.387535
75	0.028218	750	-0.562938	-141.950473
76	0.025370	750	-0.529442	-142.479915
77	0.022702	750	-0.533817	-143.013731
78	0.020209	750	-0.459825	-143.473557
79	0.017889	750	-0.458661	-143.932218
80	0.015736	750	-0.459902	-144.392120
81	0.013746	750	-0.419310	-144.811430
82	0.011916	750	-0.407015	-145.218446
83	0.010240	750	-0.362049	-145.580495
84	0.008714	750	-0.322172	-145.902667
85	0.007334	750	-0.285887	-146.188555
86	0.006093	750	-0.270815	-146.459369
87	0.004988	750	-0.278385	-146.737755
88	0.004013	750	-0.221895	-146.959650
89	0.003162	750	-0.179645	-147.139295
90	0.002430	750	-0.165147	-147.304441
91	0.001810	750	-0.158946	-147.463387
92	0.001296	750	-0.115429	-147.578817
93	0.000882	750	-0.102048	-147.680865
94	0.000559	750	-0.084004	-147.764868
95	0.000320	750	-0.061285	-147.826154
96	0.000156	750	-0.037839	-147.863993
97	0.000057	750	-0.029827	-147.893820
98	0.000010	750	-0.011579	-147.905399
99	0.000000	750	-0.002509	-147.907908
Log marginal likelihood:	-147.907908
0	0.975187	750	-3.051951	-3.051951
1	0.950747	750	-3.032895	-6.084846
2	0.926679	750	-3.028353	-9.113199
3	0.902980	750	-2.956349	-12.069548
4	0.879648	750	-2.910795	-14.980343
5	0.856682	750	-2.889983	-17.870326
6	0.834079	750	-2.859938	-20.730265
7	0.811838	750	-2.807516	-23.537781
8	0.789957	750	-2.725203	-26.262983
9	0.768433	750	-2.678501	-28.941484
10	0.747266	750	-2.645480	-31.586964
11	0.726452	750	-2.659020	-34.245983
12	0.705989	750	-2.589009	-36.834993
13	0.685877	750	-2.567900	-39.402893
14	0.666112	750	-2.491979	-41.894872
15	0.646693	750	-2.450610	-44.345481
16	0.627618	750	-2.446397	-46.791878
17	0.608884	750	-2.410668	-49.202546
18	0.590490	750	-2.383208	-51.585754
19	0.572433	750	-2.334929	-53.920683
20	0.554712	750	-2.200091	-56.120774
21	0.537324	750	-2.244725	-58.365499
22	0.520268	750	-2.201975	-60.567475
23	0.503540	750	-2.158325	-62.725800
24	0.487139	750	-2.109523	-64.835323
25	0.471063	750	-2.093696	-66.929020
26	0.455310	750	-2.038625	-68.967645
27	0.439877	750	-2.003906	-70.971551
28	0.424762	750	-2.021556	-72.993107
29	0.409963	750	-1.915670	-74.908776
30	0.395478	750	-1.888947	-76.797724
31	0.381305	750	-1.938083	-78.735807
32	0.367440	750	-1.829612	-80.565419
33	0.353883	750	-1.852087	-82.417506
34	0.340630	750	-1.912139	-84.329645
35	0.327680	750	-1.969602	-86.299247
36	0.315030	750	-1.918292	-88.217539
37	0.302677	750	-1.800414	-90.017954
38	0.290619	750	-1.788377	-91.806331
39	0.278855	750	-1.733026	-93.539357
40	0.267381	750	-1.619248	-95.158605
41	0.256195	750	-1.656557	-96.815161
42	0.245294	750	-1.568623	-98.383784
43	0.234677	750	-1.588174	-99.971958
44	0.224340	750	-1.514805	-101.486763
45	0.214281	750	-1.499515	-102.986278
46	0.204498	750	-1.466742	-104.453020
47	0.194988	750	-1.408332	-105.861352
48	0.185749	750	-1.418159	-107.279511
49	0.176777	750	-1.389486	-108.668997
50	0.168070	750	-1.364342	-110.033339
51	0.159626	750	-1.317669	-111.351008
52	0.151441	750	-1.321174	-112.672182
53	0.143514	750	-1.222878	-113.895060
54	0.135841	750	-1.173733	-115.068793
55	0.128420	750	-1.186807	-116.255600
56	0.121247	750	-1.156284	-117.411884
57	0.114320	750	-1.128179	-118.540063
58	0.107637	750	-1.086616	-119.626678
59	0.101193	750	-1.056906	-120.683585
60	0.094986	750	-1.010666	-121.694251
61	0.089014	750	-0.973863	-122.668113
62	0.083273	750	-0.940811	-123.608924
63	0.077760	750	-0.910118	-124.519042
64	0.072472	750	-0.877777	-125.396819
65	0.067406	750	-0.858982	-126.255801
66	0.062558	750	-0.834869	-127.090670
67	0.057926	750	-0.796421	-127.887091
68	0.053506	750	-0.753690	-128.640781
69	0.049295	750	-0.743103	-129.383883
70	0.045289	750	-0.712224	-130.096107
71	0.041485	750	-0.645391	-130.741498
72	0.037880	750	-0.647196	-131.388694
73	0.034469	750	-0.604518	-131.993212
74	0.031250	750	-0.601774	-132.594986
75	0.028218	750	-0.565697	-133.160683
76	0.025370	750	-0.526197	-133.686880
77	0.022702	750	-0.499112	-134.185992
78	0.020209	750	-0.501301	-134.687293
79	0.017889	750	-0.478019	-135.165312
80	0.015736	750	-0.442428	-135.607740
81	0.013746	750	-0.415745	-136.023485
82	0.011916	750	-0.371240	-136.394725
83	0.010240	750	-0.347190	-136.741915
84	0.008714	750	-0.296684	-137.038599
85	0.007334	750	-0.300614	-137.339213
86	0.006093	750	-0.250661	-137.589874
87	0.004988	750	-0.239638	-137.829512
88	0.004013	750	-0.220356	-138.049869
89	0.003162	750	-0.195908	-138.245777
90	0.002430	750	-0.162567	-138.408344
91	0.001810	750	-0.141212	-138.549556
92	0.001296	750	-0.115046	-138.664601
93	0.000882	750	-0.108784	-138.773385
94	0.000559	750	-0.076923	-138.850309
95	0.000320	750	-0.065467	-138.915776
96	0.000156	750	-0.039562	-138.955338
97	0.000057	750	-0.023243	-138.978581
98	0.000010	750	-0.011263	-138.989844
99	0.000000	750	-0.002452	-138.992296
Log marginal likelihood:	-138.992296
0	0.975187	750	-3.411583	-3.411583
1	0.950747	750	-3.367118	-6.778701
2	0.926679	750	-3.334743	-10.113445
3	0.902980	750	-3.325971	-13.439416
4	0.879648	750	-3.223821	-16.663237
5	0.856682	750	-3.185138	-19.848375
6	0.834079	750	-3.120269	-22.968644
7	0.811838	750	-3.082192	-26.050836
8	0.789957	750	-3.068141	-29.118977
9	0.768433	750	-2.978410	-32.097388
10	0.747266	750	-2.925459	-35.022847
11	0.726452	750	-2.926838	-37.949684
12	0.705989	750	-2.852193	-40.801877
13	0.685877	750	-2.821098	-43.622975
14	0.666112	750	-2.764099	-46.387075
15	0.646693	750	-2.787955	-49.175030
16	0.627618	750	-2.659692	-51.834722
17	0.608884	750	-2.719243	-54.553965
18	0.590490	750	-2.599747	-57.153712
19	0.572433	750	-2.589165	-59.742877
20	0.554712	750	-2.504993	-62.247870
21	0.537324	750	-2.448089	-64.695959
22	0.520268	750	-2.454182	-67.150141
23	0.503540	750	-2.496414	-69.646555
24	0.487139	750	-2.333322	-71.979877
25	0.471063	750	-2.383306	-74.363183
26	0.455310	750	-2.360070	-76.723253
27	0.439877	750	-2.235423	-78.958675
28	0.424762	750	-2.250246	-81.208922
29	0.409963	750	-2.161639	-83.370561
30	0.395478	750	-2.117906	-85.488467
31	0.381305	750	-2.040413	-87.528880
32	0.367440	750	-2.036318	-89.565198
33	0.353883	750	-2.046853	-91.612051
34	0.340630	750	-1.994160	-93.606212
35	0.327680	750	-2.032684	-95.638895
36	0.315030	750	-1.990183	-97.629079
37	0.302677	750	-1.978215	-99.607294
38	0.290619	750	-1.858471	-101.465765
39	0.278855	750	-1.822443	-103.288208
40	0.267381	750	-1.804747	-105.092955
41	0.256195	750	-1.803912	-106.896867
42	0.245294	750	-1.739291	-108.636158
43	0.234677	750	-1.675292	-110.311450
44	0.224340	750	-1.668951	-111.980401
45	0.214281	750	-1.622657	-113.603058
46	0.204498	750	-1.594558	-115.197616
47	0.194988	750	-1.475931	-116.673547
48	0.185749	750	-1.524733	-118.198280
49	0.176777	750	-1.453494	-119.651774
50	0.168070	750	-1.409047	-121.060821
51	0.159626	750	-1.406486	-122.467307
52	0.151441	750	-1.349676	-123.816983
53	0.143514	750	-1.303236	-125.120219
54	0.135841	750	-1.258519	-126.378738
55	0.128420	750	-1.229035	-127.607773
56	0.121247	750	-1.183759	-128.791532
57	0.114320	750	-1.160947	-129.952479
58	0.107637	750	-1.111283	-131.063763
59	0.101193	750	-1.077308	-132.141071
60	0.094986	750	-1.060744	-133.201815
61	0.089014	750	-0.977694	-134.179509
62	0.083273	750	-0.972790	-135.152299
63	0.077760	750	-0.937140	-136.089439
64	0.072472	750	-0.910539	-136.999978
65	0.067406	750	-0.880039	-137.880016
66	0.062558	750	-0.870269	-138.750286
67	0.057926	750	-0.796267	-139.546553
68	0.053506	750	-0.782488	-140.329041
69	0.049295	750	-0.732291	-141.061332
70	0.045289	750	-0.717592	-141.778924
71	0.041485	750	-0.703818	-142.482742
72	0.037880	750	-0.673564	-143.156306
73	0.034469	750	-0.628701	-143.785007
74	0.031250	750	-0.608779	-144.393786
75	0.028218	750	-0.567446	-144.961232
76	0.025370	750	-0.535158	-145.496390
77	0.022702	750	-0.511385	-146.007775
78	0.020209	750	-0.548361	-146.556136
79	0.017889	750	-0.455385	-147.011521
80	0.015736	750	-0.454372	-147.465893
81	0.013746	750	-0.402151	-147.868044
82	0.011916	750	-0.395541	-148.263586
83	0.010240	750	-0.364861	-148.628447
84	0.008714	750	-0.384071	-149.012517
85	0.007334	750	-0.312969	-149.325486
86	0.006093	750	-0.294699	-149.620185
87	0.004988	750	-0.268352	-149.888537
88	0.004013	750	-0.256224	-150.144761
89	0.003162	750	-0.217824	-150.362585
90	0.002430	750	-0.178880	-150.541465
91	0.001810	750	-0.152882	-150.694347
92	0.001296	750	-0.148040	-150.842387
93	0.000882	750	-0.106085	-150.948472
94	0.000559	750	-0.082201	-151.030672
95	0.000320	750	-0.060938	-151.091610
96	0.000156	750	-0.043001	-151.134611
97	0.000057	750	-0.022749	-151.157360
98	0.000010	750	-0.012102	-151.169462
99	0.000000	750	-0.002774	-151.172235
Log marginal likelihood:	-151.172235
0	0.975187	750	-3.388688	-3.388688
1	0.950747	750	-3.337806	-6.726494
2	0.926679	750	-3.316543	-10.043037
3	0.902980	750	-3.212503	-13.255539
4	0.879648	750	-3.272906	-16.528446
5	0.856682	750	-3.366892	-19.895338
6	0.834079	750	-3.122617	-23.017954
7	0.811838	750	-3.075500	-26.093454
8	0.789957	750	-3.040210	-29.133665
9	0.768433	750	-3.000515	-32.134180
10	0.747266	750	-2.905806	-35.039986
11	0.726452	750	-3.120187	-38.160172
12	0.705989	750	-2.830201	-40.990373
13	0.685877	750	-2.810482	-43.800855
14	0.666112	750	-2.715562	-46.516417
15	0.646693	750	-2.933721	-49.450138
16	0.627618	750	-2.843354	-52.293493
17	0.608884	750	-2.818918	-55.112411
18	0.590490	750	-2.792346	-57.904756
19	0.572433	750	-2.657928	-60.562684
20	0.554712	750	-2.612939	-63.175623
21	0.537324	750	-2.574614	-65.750237
22	0.520268	750	-2.588471	-68.338708
23	0.503540	750	-2.476451	-70.815159
24	0.487139	750	-2.457681	-73.272840
25	0.471063	750	-2.399534	-75.672374
26	0.455310	750	-2.360775	-78.033148
27	0.439877	750	-2.337386	-80.370534
28	0.424762	750	-2.251697	-82.622232
29	0.409963	750	-2.254454	-84.876686
30	0.395478	750	-2.229266	-87.105952
31	0.381305	750	-2.117322	-89.223274
32	0.367440	750	-2.113722	-91.336996
33	0.353883	750	-2.072623	-93.409619
34	0.340630	750	-2.021666	-95.431285
35	0.327680	750	-2.008518	-97.439804
36	0.315030	750	-1.937565	-99.377369
37	0.302677	750	-1.900570	-101.277939
38	0.290619	750	-1.857376	-103.135315
39	0.278855	750	-1.825089	-104.960405
40	0.267381	750	-1.746080	-106.706485
41	0.256195	750	-1.712947	-108.419432
42	0.245294	750	-1.712479	-110.131911
43	0.234677	750	-1.620788	-111.752699
44	0.224340	750	-1.630327	-113.383026
45	0.214281	750	-1.583209	-114.966235
46	0.204498	750	-1.557879	-116.524113
47	0.194988	750	-1.479612	-118.003725
48	0.185749	750	-1.444364	-119.448088
49	0.176777	750	-1.422675	-120.870763
50	0.168070	750	-1.376174	-122.246937
51	0.159626	750	-1.351710	-123.598647
52	0.151441	750	-1.302314	-124.900961
53	0.143514	750	-1.253204	-126.154165
54	0.135841	750	-1.210519	-127.364685
55	0.128420	750	-1.189760	-128.554444
56	0.121247	750	-1.160089	-129.714533
57	0.114320	750	-1.155100	-130.869633
58	0.107637	750	-1.093747	-131.963380
59	0.101193	750	-1.043501	-133.006881
60	0.094986	750	-1.015518	-134.022399
61	0.089014	750	-0.971853	-134.994252
62	0.083273	750	-0.955985	-135.950238
63	0.077760	750	-0.918893	-136.869130
64	0.072472	750	-0.881247	-137.750377
65	0.067406	750	-0.851932	-138.602310
66	0.062558	750	-0.825889	-139.428199
67	0.057926	750	-0.804606	-140.232804
68	0.053506	750	-0.785631	-141.018435
69	0.049295	750	-0.723137	-141.741572
70	0.045289	750	-0.711686	-142.453258
71	0.041485	750	-0.657305	-143.110563
72	0.037880	750	-0.605250	-143.715813
73	0.034469	750	-0.615287	-144.331100
74	0.031250	750	-0.576880	-144.907980
75	0.028218	750	-0.577651	-145.485631
76	0.025370	750	-0.540163	-146.025794
77	0.022702	750	-0.480441	-146.506234
78	0.020209	750	-0.524603	-147.030838
79	0.017889	750	-0.473780	-147.504617
80	0.015736	750	-0.414398	-147.919015
81	0.013746	750	-0.414580	-148.333595
82	0.011916	750	-0.373631	-148.707226
83	0.010240	750	-0.364370	-149.071597
84	0.008714	750	-0.300266	-149.371862
85	0.007334	750	-0.297374	-149.669237
86	0.006093	750	-0.277610	-149.946846
87	0.004988	750	-0.246875	-150.193722
88	0.004013	750	-0.213856	-150.407578
89	0.003162	750	-0.198056	-150.605633
90	0.002430	750	-0.175725	-150.781358
91	0.001810	750	-0.144115	-150.925473
92	0.001296	750	-0.118524	-151.043997
93	0.000882	750	-0.094150	-151.138147
94	0.000559	750	-0.072359	-151.210506
95	0.000320	750	-0.063351	-151.273858
96	0.000156	750	-0.041205	-151.315063
97	0.000057	750	-0.025562	-151.340626
98	0.000010	750	-0.011482	-151.352107
99	0.000000	750	-0.002653	-151.354760
Log marginal likelihood:	-151.354760
0	0.975187	750	-2.817239	-2.817239
1	0.950747	750	-2.734089	-5.551328
2	0.926679	750	-2.710063	-8.261391
3	0.902980	750	-2.649214	-10.910605
4	0.879648	750	-2.614325	-13.524930
5	0.856682	750	-2.582042	-16.106972
6	0.834079	750	-2.553671	-18.660643
7	0.811838	750	-2.551092	-21.211735
8	0.789957	750	-2.518256	-23.729991
9	0.768433	750	-2.438823	-26.168814
10	0.747266	750	-2.404126	-28.572940
11	0.726452	750	-2.379131	-30.952070
12	0.705989	750	-2.357358	-33.309429
13	0.685877	750	-2.321837	-35.631266
14	0.666112	750	-2.283894	-37.915159
15	0.646693	750	-2.224111	-40.139271
16	0.627618	750	-2.234555	-42.373826
17	0.608884	750	-2.140053	-44.513879
18	0.590490	750	-2.193889	-46.707767
19	0.572433	750	-2.114633	-48.822400
20	0.554712	750	-2.106972	-50.929372
21	0.537324	750	-2.082788	-53.012160
22	0.520268	750	-2.063721	-55.075881
23	0.503540	750	-1.952991	-57.028872
24	0.487139	750	-1.992004	-59.020876
25	0.471063	750	-1.941374	-60.962250
26	0.455310	750	-1.893420	-62.855669
27	0.439877	750	-1.889821	-64.745490
28	0.424762	750	-1.847168	-66.592658
29	0.409963	750	-1.995427	-68.588084
30	0.395478	750	-1.733835	-70.321919
31	0.381305	750	-1.790512	-72.112431
32	0.367440	750	-1.837378	-73.949810
33	0.353883	750	-1.741234	-75.691043
34	0.340630	750	-1.779319	-77.470362
35	0.327680	750	-1.623870	-79.094232
36	0.315030	750	-1.668573	-80.762805
37	0.302677	750	-1.704569	-82.467374
38	0.290619	750	-1.751125	-84.218499
39	0.278855	750	-1.513998	-85.732497
40	0.267381	750	-1.608230	-87.340727
41	0.256195	750	-1.475072	-88.815799
42	0.245294	750	-1.619109	-90.434908
43	0.234677	750	-1.462528	-91.897436
44	0.224340	750	-1.504270	-93.401706
45	0.214281	750	-1.488777	-94.890483
46	0.204498	750	-1.420596	-96.311079
47	0.194988	750	-1.416500	-97.727579
48	0.185749	750	-1.395411	-99.122989
49	0.176777	750	-1.382079	-100.505069
50	0.168070	750	-1.308443	-101.813512
51	0.159626	750	-1.290200	-103.103712
52	0.151441	750	-1.271896	-104.375608
53	0.143514	750	-1.190058	-105.565666
54	0.135841	750	-1.182175	-106.747841
55	0.128420	750	-1.166832	-107.914673
56	0.121247	750	-1.112379	-109.027052
57	0.114320	750	-1.082672	-110.109724
58	0.107637	750	-1.067396	-111.177120
59	0.101193	750	-0.990558	-112.167678
60	0.094986	750	-0.940368	-113.108047
61	0.089014	750	-0.946881	-114.054927
62	0.083273	750	-0.911575	-114.966502
63	0.077760	750	-0.910692	-115.877194
64	0.072472	750	-0.856398	-116.733592
65	0.067406	750	-0.826494	-117.560086
66	0.062558	750	-0.809429	-118.369516
67	0.057926	750	-0.778431	-119.147947
68	0.053506	750	-0.715699	-119.863646
69	0.049295	750	-0.714517	-120.578163
70	0.045289	750	-0.678690	-121.256853
71	0.041485	750	-0.666632	-121.923485
72	0.037880	750	-0.617819	-122.541304
73	0.034469	750	-0.611027	-123.152331
74	0.031250	750	-0.576626	-123.728957
75	0.028218	750	-0.592724	-124.321681
76	0.025370	750	-0.523363	-124.845044
77	0.022702	750	-0.516074	-125.361119
78	0.020209	750	-0.478264	-125.839383
79	0.017889	750	-0.398862	-126.238245
80	0.015736	750	-0.438971	-126.677217
81	0.013746	750	-0.377977	-127.055193
82	0.011916	750	-0.377829	-127.433022
83	0.010240	750	-0.339573	-127.772595
84	0.008714	750	-0.327448	-128.100044
85	0.007334	750	-0.294442	-128.394486
86	0.006093	750	-0.307147	-128.701633
87	0.004988	750	-0.264419	-128.966052
88	0.004013	750	-0.244461	-129.210514
89	0.003162	750	-0.194915	-129.405428
90	0.002430	750	-0.161423	-129.566852
91	0.001810	750	-0.141000	-129.707852
92	0.001296	750	-0.127057	-129.834909
93	0.000882	750	-0.093374	-129.928283
94	0.000559	750	-0.075931	-130.004213
95	0.000320	750	-0.053321	-130.057534
96	0.000156	750	-0.035659	-130.093193
97	0.000057	750	-0.027071	-130.120264
98	0.000010	750	-0.011129	-130.131393
99	0.000000	750	-0.002845	-130.134238
Log marginal likelihood:	-130.134238
0	0.975187	750	-3.297834	-3.297834
1	0.950747	750	-3.238154	-6.535988
2	0.926679	750	-3.192069	-9.728057
3	0.902980	750	-3.137463	-12.865520
4	0.879648	750	-3.091095	-15.956616
5	0.856682	750	-3.027737	-18.984353
6	0.834079	750	-2.968343	-21.952696
7	0.811838	750	-2.931051	-24.883747
8	0.789957	750	-2.891913	-27.775660
9	0.768433	750	-2.829957	-30.605617
10	0.747266	750	-2.786892	-33.392510
11	0.726452	750	-2.775561	-36.168070
12	0.705989	750	-2.778604	-38.946675
13	0.685877	750	-2.681435	-41.628110
14	0.666112	750	-2.629192	-44.257302
15	0.646693	750	-2.584718	-46.842020
16	0.627618	750	-2.565502	-49.407522
17	0.608884	750	-2.509349	-51.916870
18	0.590490	750	-2.450230	-54.367100
19	0.572433	750	-2.450311	-56.817411
20	0.554712	750	-2.414545	-59.231957
21	0.537324	750	-2.386180	-61.618137
22	0.520268	750	-2.288882	-63.907019
23	0.503540	750	-2.399426	-66.306445
24	0.487139	750	-2.501198	-68.807643
25	0.471063	750	-2.294562	-71.102206
26	0.455310	750	-2.214571	-73.316777
27	0.439877	750	-2.262332	-75.579108
28	0.424762	750	-2.134241	-77.713350
29	0.409963	750	-2.090620	-79.803969
30	0.395478	750	-2.053516	-81.857485
31	0.381305	750	-2.064346	-83.921832
32	0.367440	750	-2.050185	-85.972017
33	0.353883	750	-2.040661	-88.012678
34	0.340630	750	-1.868791	-89.881469
35	0.327680	750	-1.990725	-91.872194
36	0.315030	750	-1.813272	-93.685467
37	0.302677	750	-1.881504	-95.566971
38	0.290619	750	-1.844298	-97.411269
39	0.278855	750	-1.715698	-99.126967
40	0.267381	750	-1.656799	-100.783765
41	0.256195	750	-1.654274	-102.438040
42	0.245294	750	-1.694150	-104.132190
43	0.234677	750	-1.650789	-105.782979
44	0.224340	750	-1.580385	-107.363363
45	0.214281	750	-1.518898	-108.882261
46	0.204498	750	-1.514983	-110.397244
47	0.194988	750	-1.486013	-111.883257
48	0.185749	750	-1.445436	-113.328693
49	0.176777	750	-1.400635	-114.729328
50	0.168070	750	-1.370864	-116.100192
51	0.159626	750	-1.322743	-117.422935
52	0.151441	750	-1.303492	-118.726427
53	0.143514	750	-1.243392	-119.969818
54	0.135841	750	-1.210529	-121.180347
55	0.128420	750	-1.159087	-122.339434
56	0.121247	750	-1.151300	-123.490734
57	0.114320	750	-1.117855	-124.608589
58	0.107637	750	-1.103997	-125.712585
59	0.101193	750	-1.038135	-126.750720
60	0.094986	750	-0.997854	-127.748574
61	0.089014	750	-0.980172	-128.728746
62	0.083273	750	-0.942241	-129.670987
63	0.077760	750	-0.912354	-130.583341
64	0.072472	750	-0.862902	-131.446243
65	0.067406	750	-0.859008	-132.305251
66	0.062558	750	-0.821163	-133.126413
67	0.057926	750	-0.806383	-133.932797
68	0.053506	750	-0.756218	-134.689015
69	0.049295	750	-0.768416	-135.457431
70	0.045289	750	-0.698055	-136.155486
71	0.041485	750	-0.669322	-136.824808
72	0.037880	750	-0.648697	-137.473505
73	0.034469	750	-0.628741	-138.102246
74	0.031250	750	-0.596122	-138.698368
75	0.028218	750	-0.577791	-139.276159
76	0.025370	750	-0.552879	-139.829038
77	0.022702	750	-0.513256	-140.342294
78	0.020209	750	-0.476059	-140.818353
79	0.017889	750	-0.459927	-141.278280
80	0.015736	750	-0.420320	-141.698600
81	0.013746	750	-0.416030	-142.114629
82	0.011916	750	-0.369362	-142.483992
83	0.010240	750	-0.367845	-142.851837
84	0.008714	750	-0.319997	-143.171834
85	0.007334	750	-0.309155	-143.480989
86	0.006093	750	-0.267642	-143.748631
87	0.004988	750	-0.240696	-143.989327
88	0.004013	750	-0.214577	-144.203905
89	0.003162	750	-0.222434	-144.426338
90	0.002430	750	-0.151827	-144.578165
91	0.001810	750	-0.144126	-144.722291
92	0.001296	750	-0.127362	-144.849653
93	0.000882	750	-0.094254	-144.943907
94	0.000559	750	-0.088883	-145.032790
95	0.000320	750	-0.060791	-145.093581
96	0.000156	750	-0.037981	-145.131562
97	0.000057	750	-0.027057	-145.158619
98	0.000010	750	-0.012672	-145.171291
99	0.000000	750	-0.002628	-145.173918
Log marginal likelihood:	-145.173918
0	0.975187	750	-3.093441	-3.093441
1	0.950747	750	-3.035785	-6.129226
2	0.926679	750	-2.988246	-9.117471
3	0.902980	750	-2.961448	-12.078919
4	0.879648	750	-2.938882	-15.017801
5	0.856682	750	-2.905287	-17.923088
6	0.834079	750	-2.821685	-20.744773
7	0.811838	750	-2.781210	-23.525983
8	0.789957	750	-2.757161	-26.283144
9	0.768433	750	-2.722370	-29.005514
10	0.747266	750	-2.692628	-31.698142
11	0.726452	750	-2.648160	-34.346303
12	0.705989	750	-2.567708	-36.914011
13	0.685877	750	-2.532330	-39.446340
14	0.666112	750	-2.482289	-41.928629
15	0.646693	750	-2.503694	-44.432323
16	0.627618	750	-2.473375	-46.905698
17	0.608884	750	-2.365004	-49.270702
18	0.590490	750	-2.360912	-51.631614
19	0.572433	750	-2.308467	-53.940080
20	0.554712	750	-2.262466	-56.202546
21	0.537324	750	-2.269880	-58.472426
22	0.520268	750	-2.185115	-60.657541
23	0.503540	750	-2.349479	-63.007019
24	0.487139	750	-2.130300	-65.137319
25	0.471063	750	-2.126699	-67.264018
26	0.455310	750	-2.019950	-69.283968
27	0.439877	750	-2.008103	-71.292071
28	0.424762	750	-2.031271	-73.323342
29	0.409963	750	-1.898302	-75.221644
30	0.395478	750	-2.005445	-77.227090
31	0.381305	750	-2.056662	-79.283752
32	0.367440	750	-1.910842	-81.194593
33	0.353883	750	-1.845113	-83.039706
34	0.340630	750	-1.800841	-84.840547
35	0.327680	750	-1.800372	-86.640919
36	0.315030	750	-1.945218	-88.586137
37	0.302677	750	-1.758020	-90.344157
38	0.290619	750	-1.703562	-92.047719
39	0.278855	750	-1.780470	-93.828189
40	0.267381	750	-1.590399	-95.418588
41	0.256195	750	-1.634659	-97.053246
42	0.245294	750	-1.610315	-98.663562
43	0.234677	750	-1.612676	-100.276237
44	0.224340	750	-1.516818	-101.793055
45	0.214281	750	-1.495979	-103.289034
46	0.204498	750	-1.410611	-104.699645
47	0.194988	750	-1.465459	-106.165103
48	0.185749	750	-1.419847	-107.584950
49	0.176777	750	-1.381789	-108.966740
50	0.168070	750	-1.306242	-110.272982
51	0.159626	750	-1.336076	-111.609058
52	0.151441	750	-1.271158	-112.880216
53	0.143514	750	-1.252367	-114.132582
54	0.135841	750	-1.205439	-115.338021
55	0.128420	750	-1.156283	-116.494304
56	0.121247	750	-1.166981	-117.661285
57	0.114320	750	-1.108910	-118.770195
58	0.107637	750	-1.080216	-119.850411
59	0.101193	750	-1.035060	-120.885471
60	0.094986	750	-1.003801	-121.889272
61	0.089014	750	-0.973616	-122.862888
62	0.083273	750	-0.952772	-123.815660
63	0.077760	750	-0.909480	-124.725140
64	0.072472	750	-0.877598	-125.602738
65	0.067406	750	-0.812144	-126.414883
66	0.062558	750	-0.802486	-127.217368
67	0.057926	750	-0.793445	-128.010813
68	0.053506	750	-0.752396	-128.763209
69	0.049295	750	-0.712537	-129.475746
70	0.045289	750	-0.711872	-130.187618
71	0.041485	750	-0.653145	-130.840763
72	0.037880	750	-0.623067	-131.463831
73	0.034469	750	-0.623685	-132.087515
74	0.031250	750	-0.580094	-132.667609
75	0.028218	750	-0.562717	-133.230327
76	0.025370	750	-0.539016	-133.769342
77	0.022702	750	-0.509415	-134.278757
78	0.020209	750	-0.485656	-134.764413
79	0.017889	750	-0.450254	-135.214667
80	0.015736	750	-0.422597	-135.637264
81	0.013746	750	-0.389085	-136.026349
82	0.011916	750	-0.383578	-136.409928
83	0.010240	750	-0.338384	-136.748311
84	0.008714	750	-0.314212	-137.062523
85	0.007334	750	-0.306958	-137.369481
86	0.006093	750	-0.245476	-137.614957
87	0.004988	750	-0.265273	-137.880230
88	0.004013	750	-0.219583	-138.099814
89	0.003162	750	-0.187029	-138.286842
90	0.002430	750	-0.173058	-138.459900
91	0.001810	750	-0.147820	-138.607720
92	0.001296	750	-0.111143	-138.718863
93	0.000882	750	-0.106549	-138.825413
94	0.000559	750	-0.074085	-138.899498
95	0.000320	750	-0.056352	-138.955849
96	0.000156	750	-0.041253	-138.997102
97	0.000057	750	-0.024985	-139.022087
98	0.000010	750	-0.011530	-139.033618
99	0.000000	750	-0.002786	-139.036403
Log marginal likelihood:	-139.036403
0	0.975187	750	-3.001728	-3.001728
1	0.950747	750	-2.914652	-5.916380
2	0.926679	750	-2.868873	-8.785253
3	0.902980	750	-2.852864	-11.638116
4	0.879648	750	-2.799405	-14.437522
5	0.856682	750	-2.788845	-17.226367
6	0.834079	750	-2.719641	-19.946008
7	0.811838	750	-2.687691	-22.633699
8	0.789957	750	-2.635879	-25.269578
9	0.768433	750	-2.600133	-27.869711
10	0.747266	750	-2.569908	-30.439619
11	0.726452	750	-2.506364	-32.945983
12	0.705989	750	-2.459291	-35.405274
13	0.685877	750	-2.445563	-37.850837
14	0.666112	750	-2.398032	-40.248869
15	0.646693	750	-2.349717	-42.598586
16	0.627618	750	-2.303179	-44.901765
17	0.608884	750	-2.275016	-47.176781
18	0.590490	750	-2.250295	-49.427076
19	0.572433	750	-2.195600	-51.622676
20	0.554712	750	-2.149165	-53.771841
21	0.537324	750	-2.188919	-55.960759
22	0.520268	750	-2.111032	-58.071791
23	0.503540	750	-2.046313	-60.118105
24	0.487139	750	-2.016461	-62.134566
25	0.471063	750	-1.979373	-64.113939
26	0.455310	750	-1.948349	-66.062288
27	0.439877	750	-1.894763	-67.957051
28	0.424762	750	-1.894093	-69.851144
29	0.409963	750	-1.845885	-71.697029
30	0.395478	750	-1.793764	-73.490793
31	0.381305	750	-1.748464	-75.239257
32	0.367440	750	-1.729491	-76.968748
33	0.353883	750	-1.696727	-78.665475
34	0.340630	750	-1.670424	-80.335899
35	0.327680	750	-1.668783	-82.004682
36	0.315030	750	-1.706881	-83.711563
37	0.302677	750	-1.590224	-85.301787
38	0.290619	750	-1.551750	-86.853537
39	0.278855	750	-1.489839	-88.343376
40	0.267381	750	-1.501900	-89.845276
41	0.256195	750	-1.678141	-91.523416
42	0.245294	750	-1.493850	-93.017266
43	0.234677	750	-1.381167	-94.398434
44	0.224340	750	-1.351394	-95.749827
45	0.214281	750	-1.410968	-97.160796
46	0.204498	750	-1.513007	-98.673802
47	0.194988	750	-1.353528	-100.027330
48	0.185749	750	-1.345333	-101.372663
49	0.176777	750	-1.242310	-102.614973
50	0.168070	750	-1.367402	-103.982375
51	0.159626	750	-1.313567	-105.295943
52	0.151441	750	-1.246234	-106.542177
53	0.143514	750	-1.245350	-107.787527
54	0.135841	750	-1.218998	-109.006525
55	0.128420	750	-1.164800	-110.171324
56	0.121247	750	-1.136464	-111.307788
57	0.114320	750	-1.109326	-112.417114
58	0.107637	750	-1.059091	-113.476205
59	0.101193	750	-1.045362	-114.521567
60	0.094986	750	-0.993394	-115.514961
61	0.089014	750	-0.974325	-116.489286
62	0.083273	750	-0.967207	-117.456493
63	0.077760	750	-0.919131	-118.375624
64	0.072472	750	-0.873881	-119.249505
65	0.067406	750	-0.848993	-120.098498
66	0.062558	750	-0.816760	-120.915258
67	0.057926	750	-0.774005	-121.689263
68	0.053506	750	-0.742724	-122.431987
69	0.049295	750	-0.702903	-123.134890
70	0.045289	750	-0.706018	-123.840907
71	0.041485	750	-0.657341	-124.498248
72	0.037880	750	-0.617639	-125.115887
73	0.034469	750	-0.608483	-125.724370
74	0.031250	750	-0.576335	-126.300705
75	0.028218	750	-0.569217	-126.869921
76	0.025370	750	-0.548445	-127.418366
77	0.022702	750	-0.492584	-127.910950
78	0.020209	750	-0.473682	-128.384632
79	0.017889	750	-0.449278	-128.833911
80	0.015736	750	-0.411230	-129.245140
81	0.013746	750	-0.395166	-129.640306
82	0.011916	750	-0.351202	-129.991508
83	0.010240	750	-0.361252	-130.352761
84	0.008714	750	-0.307785	-130.660546
85	0.007334	750	-0.286915	-130.947460
86	0.006093	750	-0.262548	-131.210008
87	0.004988	750	-0.240247	-131.450255
88	0.004013	750	-0.225644	-131.675899
89	0.003162	750	-0.199925	-131.875824
90	0.002430	750	-0.173664	-132.049489
91	0.001810	750	-0.153003	-132.202492
92	0.001296	750	-0.115992	-132.318484
93	0.000882	750	-0.095971	-132.414455
94	0.000559	750	-0.081434	-132.495889
95	0.000320	750	-0.063518	-132.559406
96	0.000156	750	-0.038835	-132.598241
97	0.000057	750	-0.027077	-132.625319
98	0.000010	750	-0.011412	-132.636731
99	0.000000	750	-0.002475	-132.639206
Log marginal likelihood:	-132.639206
0	0.975187	750	-3.424588	-3.424588
1	0.950747	750	-3.393063	-6.817651
2	0.926679	750	-3.306252	-10.123904
3	0.902980	750	-3.262743	-13.386647
4	0.879648	750	-3.207063	-16.593710
5	0.856682	750	-3.212215	-19.805925
6	0.834079	750	-3.121134	-22.927059
7	0.811838	750	-3.082385	-26.009445
8	0.789957	750	-3.020907	-29.030352
9	0.768433	750	-3.046478	-32.076830
10	0.747266	750	-3.015882	-35.092711
11	0.726452	750	-3.058604	-38.151315
12	0.705989	750	-3.093392	-41.244707
13	0.685877	750	-2.998542	-44.243250
14	0.666112	750	-2.858430	-47.101679
15	0.646693	750	-2.773330	-49.875009
16	0.627618	750	-2.906622	-52.781631
17	0.608884	750	-2.803056	-55.584688
18	0.590490	750	-2.706127	-58.290815
19	0.572433	750	-2.591174	-60.881989
20	0.554712	750	-2.570829	-63.452818
21	0.537324	750	-2.605894	-66.058712
22	0.520268	750	-2.527661	-68.586373
23	0.503540	750	-2.553738	-71.140111
24	0.487139	750	-2.396023	-73.536135
25	0.471063	750	-2.324870	-75.861004
26	0.455310	750	-2.347910	-78.208915
27	0.439877	750	-2.323028	-80.531943
28	0.424762	750	-2.312309	-82.844252
29	0.409963	750	-2.268064	-85.112316
30	0.395478	750	-2.194131	-87.306447
31	0.381305	750	-2.162172	-89.468619
32	0.367440	750	-2.107621	-91.576240
33	0.353883	750	-2.048941	-93.625181
34	0.340630	750	-2.045262	-95.670442
35	0.327680	750	-1.966170	-97.636613
36	0.315030	750	-1.845469	-99.482082
37	0.302677	750	-1.910306	-101.392388
38	0.290619	750	-1.874232	-103.266620
39	0.278855	750	-1.823012	-105.089632
40	0.267381	750	-1.752656	-106.842288
41	0.256195	750	-1.732346	-108.574634
42	0.245294	750	-1.696553	-110.271188
43	0.234677	750	-1.643869	-111.915056
44	0.224340	750	-1.614995	-113.530051
45	0.214281	750	-1.568762	-115.098813
46	0.204498	750	-1.539207	-116.638020
47	0.194988	750	-1.476698	-118.114718
48	0.185749	750	-1.447825	-119.562543
49	0.176777	750	-1.405701	-120.968243
50	0.168070	750	-1.377340	-122.345583
51	0.159626	750	-1.359663	-123.705246
52	0.151441	750	-1.289562	-124.994809
53	0.143514	750	-1.258940	-126.253749
54	0.135841	750	-1.218556	-127.472305
55	0.128420	750	-1.186038	-128.658343
56	0.121247	750	-1.161038	-129.819380
57	0.114320	750	-1.109708	-130.929089
58	0.107637	750	-1.077568	-132.006657
59	0.101193	750	-1.046053	-133.052709
60	0.094986	750	-1.026611	-134.079321
61	0.089014	750	-0.972395	-135.051716
62	0.083273	750	-0.946099	-135.997815
63	0.077760	750	-0.915316	-136.913131
64	0.072472	750	-0.882765	-137.795896
65	0.067406	750	-0.855327	-138.651222
66	0.062558	750	-0.826493	-139.477715
67	0.057926	750	-0.769680	-140.247395
68	0.053506	750	-0.753790	-141.001185
69	0.049295	750	-0.743581	-141.744766
70	0.045289	750	-0.683170	-142.427936
71	0.041485	750	-0.657193	-143.085129
72	0.037880	750	-0.639117	-143.724246
73	0.034469	750	-0.604108	-144.328355
74	0.031250	750	-0.586375	-144.914730
75	0.028218	750	-0.551596	-145.466326
76	0.025370	750	-0.540686	-146.007012
77	0.022702	750	-0.492930	-146.499942
78	0.020209	750	-0.492935	-146.992877
79	0.017889	750	-0.445708	-147.438585
80	0.015736	750	-0.443775	-147.882361
81	0.013746	750	-0.442679	-148.325040
82	0.011916	750	-0.364430	-148.689470
83	0.010240	750	-0.357486	-149.046955
84	0.008714	750	-0.316708	-149.363664
85	0.007334	750	-0.294897	-149.658560
86	0.006093	750	-0.263314	-149.921874
87	0.004988	750	-0.256876	-150.178751
88	0.004013	750	-0.227117	-150.405868
89	0.003162	750	-0.219112	-150.624980
90	0.002430	750	-0.173869	-150.798849
91	0.001810	750	-0.153571	-150.952421
92	0.001296	750	-0.130587	-151.083008
93	0.000882	750	-0.108029	-151.191036
94	0.000559	750	-0.082169	-151.273205
95	0.000320	750	-0.063318	-151.336522
96	0.000156	750	-0.038808	-151.375330
97	0.000057	750	-0.023460	-151.398790
98	0.000010	750	-0.011531	-151.410321
99	0.000000	750	-0.002435	-151.412755
Log marginal likelihood:	-151.412755
0	0.975187	750	-3.045070	-3.045070
1	0.950747	750	-2.992965	-6.038035
2	0.926679	750	-2.968056	-9.006091
3	0.902980	750	-2.904503	-11.910594
4	0.879648	750	-2.877978	-14.788572
5	0.856682	750	-2.840993	-17.629565
6	0.834079	750	-2.771702	-20.401267
7	0.811838	750	-2.720370	-23.121637
8	0.789957	750	-2.683134	-25.804771
9	0.768433	750	-2.659750	-28.464521
10	0.747266	750	-2.624060	-31.088581
11	0.726452	750	-2.584851	-33.673432
12	0.705989	750	-2.539238	-36.212670
13	0.685877	750	-2.492259	-38.704929
14	0.666112	750	-2.435344	-41.140273
15	0.646693	750	-2.418618	-43.558891
16	0.627618	750	-2.386190	-45.945081
17	0.608884	750	-2.385023	-48.330104
18	0.590490	750	-2.315579	-50.645683
19	0.572433	750	-2.263932	-52.909615
20	0.554712	750	-2.242022	-55.151637
21	0.537324	750	-2.286820	-57.438457
22	0.520268	750	-2.159285	-59.597742
23	0.503540	750	-2.152043	-61.749785
24	0.487139	750	-2.091694	-63.841479
25	0.471063	750	-2.032050	-65.873529
26	0.455310	750	-2.008292	-67.881821
27	0.439877	750	-2.025380	-69.907201
28	0.424762	750	-1.990847	-71.898048
29	0.409963	750	-1.891730	-73.789778
30	0.395478	750	-1.865620	-75.655398
31	0.381305	750	-1.870147	-77.525544
32	0.367440	750	-1.827952	-79.353497
33	0.353883	750	-1.773223	-81.126720
34	0.340630	750	-2.021917	-83.148637
35	0.327680	750	-1.923020	-85.071657
36	0.315030	750	-1.777574	-86.849231
37	0.302677	750	-1.680705	-88.529936
38	0.290619	750	-1.655501	-90.185437
39	0.278855	750	-1.639792	-91.825229
40	0.267381	750	-1.722156	-93.547385
41	0.256195	750	-1.628348	-95.175733
42	0.245294	750	-1.589194	-96.764928
43	0.234677	750	-1.637272	-98.402199
44	0.224340	750	-1.480719	-99.882918
45	0.214281	750	-1.564279	-101.447198
46	0.204498	750	-1.497894	-102.945092
47	0.194988	750	-1.435619	-104.380711
48	0.185749	750	-1.410773	-105.791484
49	0.176777	750	-1.402610	-107.194094
50	0.168070	750	-1.348570	-108.542665
51	0.159626	750	-1.312001	-109.854666
52	0.151441	750	-1.282438	-111.137104
53	0.143514	750	-1.242319	-112.379423
54	0.135841	750	-1.214106	-113.593529
55	0.128420	750	-1.178737	-114.772266
56	0.121247	750	-1.135416	-115.907683
57	0.114320	750	-1.121352	-117.029035
58	0.107637	750	-1.078979	-118.108014
59	0.101193	750	-1.026682	-119.134696
60	0.094986	750	-1.011918	-120.146614
61	0.089014	750	-0.960912	-121.107526
62	0.083273	750	-0.944372	-122.051898
63	0.077760	750	-0.902309	-122.954207
64	0.072472	750	-0.861203	-123.815410
65	0.067406	750	-0.850865	-124.666275
66	0.062558	750	-0.805914	-125.472188
67	0.057926	750	-0.804043	-126.276231
68	0.053506	750	-0.740174	-127.016405
69	0.049295	750	-0.719103	-127.735508
70	0.045289	750	-0.681990	-128.417498
71	0.041485	750	-0.660317	-129.077815
72	0.037880	750	-0.607150	-129.684965
73	0.034469	750	-0.615454	-130.300419
74	0.031250	750	-0.581938	-130.882357
75	0.028218	750	-0.552218	-131.434575
76	0.025370	750	-0.521911	-131.956485
77	0.022702	750	-0.489973	-132.446458
78	0.020209	750	-0.467975	-132.914434
79	0.017889	750	-0.465616	-133.380050
80	0.015736	750	-0.411204	-133.791254
81	0.013746	750	-0.407896	-134.199150
82	0.011916	750	-0.367352	-134.566502
83	0.010240	750	-0.335901	-134.902402
84	0.008714	750	-0.309656	-135.212059
85	0.007334	750	-0.306083	-135.518141
86	0.006093	750	-0.270228	-135.788369
87	0.004988	750	-0.248593	-136.036962
88	0.004013	750	-0.247592	-136.284554
89	0.003162	750	-0.184031	-136.468585
90	0.002430	750	-0.162519	-136.631104
91	0.001810	750	-0.147898	-136.779002
92	0.001296	750	-0.127296	-136.906298
93	0.000882	750	-0.095654	-137.001952
94	0.000559	750	-0.074306	-137.076258
95	0.000320	750	-0.060107	-137.136365
96	0.000156	750	-0.039770	-137.176135
97	0.000057	750	-0.023235	-137.199370
98	0.000010	750	-0.012867	-137.212236
99	0.000000	750	-0.002682	-137.214919
Log marginal likelihood:	-137.214919
0	0.975187	750	-3.439725	-3.439725
1	0.950747	750	-3.384421	-6.824146
2	0.926679	750	-3.360834	-10.184980
3	0.902980	750	-3.304640	-13.489620
4	0.879648	750	-3.448257	-16.937876
5	0.856682	750	-3.470839	-20.408715
6	0.834079	750	-3.148968	-23.557683
7	0.811838	750	-3.144749	-26.702432
8	0.789957	750	-3.117552	-29.819983
9	0.768433	750	-3.083521	-32.903504
10	0.747266	750	-2.967812	-35.871316
11	0.726452	750	-2.928189	-38.799505
12	0.705989	750	-2.879258	-41.678764
13	0.685877	750	-2.951149	-44.629913
14	0.666112	750	-2.901234	-47.531146
15	0.646693	750	-2.750450	-50.281596
16	0.627618	750	-2.724120	-53.005716
17	0.608884	750	-2.645532	-55.651248
18	0.590490	750	-2.591555	-58.242803
19	0.572433	750	-2.633208	-60.876011
20	0.554712	750	-2.524968	-63.400978
21	0.537324	750	-2.679372	-66.080350
22	0.520268	750	-2.563574	-68.643924
23	0.503540	750	-2.588294	-71.232218
24	0.487139	750	-2.517149	-73.749368
25	0.471063	750	-2.457930	-76.207298
26	0.455310	750	-2.419511	-78.626809
27	0.439877	750	-2.359540	-80.986349
28	0.424762	750	-2.321925	-83.308274
29	0.409963	750	-2.275166	-85.583440
30	0.395478	750	-2.205614	-87.789054
31	0.381305	750	-2.159431	-89.948484
32	0.367440	750	-2.043663	-91.992147
33	0.353883	750	-2.083218	-94.075365
34	0.340630	750	-2.072371	-96.147736
35	0.327680	750	-2.012030	-98.159766
36	0.315030	750	-1.981005	-100.140771
37	0.302677	750	-1.937870	-102.078640
38	0.290619	750	-1.898634	-103.977274
39	0.278855	750	-1.823956	-105.801230
40	0.267381	750	-1.765365	-107.566595
41	0.256195	750	-1.762484	-109.329079
42	0.245294	750	-1.718418	-111.047497
43	0.234677	750	-1.691801	-112.739298
44	0.224340	750	-1.631993	-114.371291
45	0.214281	750	-1.590769	-115.962060
46	0.204498	750	-1.555877	-117.517937
47	0.194988	750	-1.508947	-119.026884
48	0.185749	750	-1.461485	-120.488369
49	0.176777	750	-1.421472	-121.909841
50	0.168070	750	-1.401718	-123.311558
51	0.159626	750	-1.340900	-124.652459
52	0.151441	750	-1.315723	-125.968182
53	0.143514	750	-1.271455	-127.239637
54	0.135841	750	-1.249547	-128.489184
55	0.128420	750	-1.200545	-129.689729
56	0.121247	750	-1.166124	-130.855853
57	0.114320	750	-1.138527	-131.994380
58	0.107637	750	-1.102640	-133.097020
59	0.101193	750	-1.069321	-134.166341
60	0.094986	750	-1.039702	-135.206043
61	0.089014	750	-0.984128	-136.190172
62	0.083273	750	-0.962153	-137.152325
63	0.077760	750	-0.917408	-138.069733
64	0.072472	750	-0.889322	-138.959055
65	0.067406	750	-0.862823	-139.821878
66	0.062558	750	-0.797372	-140.619250
67	0.057926	750	-0.821233	-141.440483
68	0.053506	750	-0.771250	-142.211733
69	0.049295	750	-0.734167	-142.945900
70	0.045289	750	-0.706906	-143.652806
71	0.041485	750	-0.682350	-144.335156
72	0.037880	750	-0.638244	-144.973401
73	0.034469	750	-0.616574	-145.589974
74	0.031250	750	-0.603277	-146.193251
75	0.028218	750	-0.572008	-146.765259
76	0.025370	750	-0.555631	-147.320891
77	0.022702	750	-0.537520	-147.858410
78	0.020209	750	-0.478040	-148.336451
79	0.017889	750	-0.462497	-148.798947
80	0.015736	750	-0.428933	-149.227880
81	0.013746	750	-0.424444	-149.652324
82	0.011916	750	-0.377077	-150.029401
83	0.010240	750	-0.362183	-150.391585
84	0.008714	750	-0.346136	-150.737721
85	0.007334	750	-0.266757	-151.004478
86	0.006093	750	-0.259349	-151.263827
87	0.004988	750	-0.252961	-151.516788
88	0.004013	750	-0.243684	-151.760472
89	0.003162	750	-0.190737	-151.951209
90	0.002430	750	-0.171497	-152.122706
91	0.001810	750	-0.153464	-152.276170
92	0.001296	750	-0.113198	-152.389368
93	0.000882	750	-0.089091	-152.478459
94	0.000559	750	-0.070405	-152.548863
95	0.000320	750	-0.056543	-152.605407
96	0.000156	750	-0.039210	-152.644616
97	0.000057	750	-0.024633	-152.669249
98	0.000010	750	-0.011449	-152.680698
99	0.000000	750	-0.002348	-152.683046
Log marginal likelihood:	-152.683046
0	0.975187	750	-3.177074	-3.177074
1	0.950747	750	-3.123585	-6.300659
2	0.926679	750	-3.052620	-9.353279
3	0.902980	750	-3.046371	-12.399651
4	0.879648	750	-2.984918	-15.384568
5	0.856682	750	-2.944157	-18.328726
6	0.834079	750	-2.931129	-21.259855
7	0.811838	750	-2.919301	-24.179156
8	0.789957	750	-2.790425	-26.969581
9	0.768433	750	-2.750649	-29.720231
10	0.747266	750	-2.698921	-32.419152
11	0.726452	750	-2.678465	-35.097617
12	0.705989	750	-2.640104	-37.737721
13	0.685877	750	-2.640281	-40.378002
14	0.666112	750	-2.597802	-42.975804
15	0.646693	750	-2.512627	-45.488431
16	0.627618	750	-2.480611	-47.969042
17	0.608884	750	-2.433291	-50.402332
18	0.590490	750	-2.382327	-52.784660
19	0.572433	750	-2.380774	-55.165434
20	0.554712	750	-2.332232	-57.497666
21	0.537324	750	-2.291422	-59.789088
22	0.520268	750	-2.284148	-62.073237
23	0.503540	750	-2.406298	-64.479535
24	0.487139	750	-2.204530	-66.684064
25	0.471063	750	-2.163634	-68.847699
26	0.455310	750	-2.107019	-70.954718
27	0.439877	750	-2.154527	-73.109245
28	0.424762	750	-1.983909	-75.093154
29	0.409963	750	-2.154780	-77.247934
30	0.395478	750	-1.920585	-79.168519
31	0.381305	750	-2.107737	-81.276257
32	0.367440	750	-1.881192	-83.157449
33	0.353883	750	-1.984903	-85.142352
34	0.340630	750	-1.963188	-87.105539
35	0.327680	750	-1.950888	-89.056428
36	0.315030	750	-1.849033	-90.905461
37	0.302677	750	-1.771782	-92.677243
38	0.290619	750	-1.797330	-94.474573
39	0.278855	750	-1.784772	-96.259345
40	0.267381	750	-1.717627	-97.976971
41	0.256195	750	-1.666661	-99.643632
42	0.245294	750	-1.618261	-101.261894
43	0.234677	750	-1.576264	-102.838157
44	0.224340	750	-1.546252	-104.384409
45	0.214281	750	-1.515311	-105.899720
46	0.204498	750	-1.491176	-107.390896
47	0.194988	750	-1.457074	-108.847970
48	0.185749	750	-1.398770	-110.246740
49	0.176777	750	-1.374709	-111.621449
50	0.168070	750	-1.340276	-112.961725
51	0.159626	750	-1.304065	-114.265790
52	0.151441	750	-1.288949	-115.554738
53	0.143514	750	-1.226704	-116.781442
54	0.135841	750	-1.184427	-117.965869
55	0.128420	750	-1.185104	-119.150973
56	0.121247	750	-1.132196	-120.283169
57	0.114320	750	-1.079294	-121.362463
58	0.107637	750	-1.052026	-122.414489
59	0.101193	750	-1.006281	-123.420770
60	0.094986	750	-1.001557	-124.422326
61	0.089014	750	-0.949778	-125.372105
62	0.083273	750	-0.945990	-126.318095
63	0.077760	750	-0.873474	-127.191569
64	0.072472	750	-0.870098	-128.061667
65	0.067406	750	-0.848776	-128.910443
66	0.062558	750	-0.805242	-129.715685
67	0.057926	750	-0.762352	-130.478038
68	0.053506	750	-0.745220	-131.223257
69	0.049295	750	-0.700860	-131.924118
70	0.045289	750	-0.693640	-132.617757
71	0.041485	750	-0.663343	-133.281100
72	0.037880	750	-0.636783	-133.917883
73	0.034469	750	-0.629640	-134.547523
74	0.031250	750	-0.579530	-135.127053
75	0.028218	750	-0.565230	-135.692283
76	0.025370	750	-0.518037	-136.210320
77	0.022702	750	-0.491437	-136.701757
78	0.020209	750	-0.489213	-137.190971
79	0.017889	750	-0.450929	-137.641900
80	0.015736	750	-0.435619	-138.077519
81	0.013746	750	-0.406365	-138.483884
82	0.011916	750	-0.346004	-138.829887
83	0.010240	750	-0.336876	-139.166763
84	0.008714	750	-0.341968	-139.508731
85	0.007334	750	-0.310100	-139.818831
86	0.006093	750	-0.261819	-140.080650
87	0.004988	750	-0.230152	-140.310801
88	0.004013	750	-0.224736	-140.535537
89	0.003162	750	-0.194319	-140.729857
90	0.002430	750	-0.177786	-140.907642
91	0.001810	750	-0.147926	-141.055568
92	0.001296	750	-0.120545	-141.176113
93	0.000882	750	-0.098411	-141.274524
94	0.000559	750	-0.077215	-141.351739
95	0.000320	750	-0.062749	-141.414488
96	0.000156	750	-0.046447	-141.460935
97	0.000057	750	-0.021248	-141.482183
98	0.000010	750	-0.013726	-141.495908
99	0.000000	750	-0.002504	-141.498412
Log marginal likelihood:	-141.498412
0	0.975187	750	-3.198021	-3.198021
1	0.950747	750	-3.166693	-6.364715
2	0.926679	750	-3.098358	-9.463073
3	0.902980	750	-3.059510	-12.522583
4	0.879648	750	-3.011745	-15.534327
5	0.856682	750	-2.969844	-18.504172
6	0.834079	750	-2.895630	-21.399802
7	0.811838	750	-2.880133	-24.279935
8	0.789957	750	-2.824929	-27.104864
9	0.768433	750	-2.771563	-29.876427
10	0.747266	750	-2.732361	-32.608788
11	0.726452	750	-2.702466	-35.311254
12	0.705989	750	-2.685042	-37.996296
13	0.685877	750	-2.686295	-40.682591
14	0.666112	750	-2.557915	-43.240506
15	0.646693	750	-2.517644	-45.758150
16	0.627618	750	-2.484428	-48.242578
17	0.608884	750	-2.436007	-50.678585
18	0.590490	750	-2.411713	-53.090298
19	0.572433	750	-2.439356	-55.529654
20	0.554712	750	-2.317134	-57.846788
21	0.537324	750	-2.292442	-60.139230
22	0.520268	750	-2.297533	-62.436764
23	0.503540	750	-2.227000	-64.663763
24	0.487139	750	-2.229895	-66.893658
25	0.471063	750	-2.116239	-69.009897
26	0.455310	750	-2.103557	-71.113454
27	0.439877	750	-2.056410	-73.169865
28	0.424762	750	-2.069299	-75.239164
29	0.409963	750	-1.967301	-77.206465
30	0.395478	750	-2.104244	-79.310709
31	0.381305	750	-1.958616	-81.269325
32	0.367440	750	-1.945386	-83.214711
33	0.353883	750	-1.849839	-85.064550
34	0.340630	750	-1.898898	-86.963449
35	0.327680	750	-1.855208	-88.818657
36	0.315030	750	-1.783135	-90.601792
37	0.302677	750	-1.791613	-92.393405
38	0.290619	750	-1.865580	-94.258985
39	0.278855	750	-1.750414	-96.009399
40	0.267381	750	-1.707334	-97.716732
41	0.256195	750	-1.753752	-99.470484
42	0.245294	750	-1.707702	-101.178186
43	0.234677	750	-1.666570	-102.844756
44	0.224340	750	-1.611581	-104.456338
45	0.214281	750	-1.568520	-106.024857
46	0.204498	750	-1.522255	-107.547112
47	0.194988	750	-1.480185	-109.027297
48	0.185749	750	-1.463130	-110.490427
49	0.176777	750	-1.440098	-111.930525
50	0.168070	750	-1.377455	-113.307981
51	0.159626	750	-1.351246	-114.659227
52	0.151441	750	-1.324090	-115.983317
53	0.143514	750	-1.303755	-117.287072
54	0.135841	750	-1.260743	-118.547815
55	0.128420	750	-1.221270	-119.769085
56	0.121247	750	-1.168998	-120.938084
57	0.114320	750	-1.103800	-122.041883
58	0.107637	750	-1.115128	-123.157012
59	0.101193	750	-1.071937	-124.228948
60	0.094986	750	-1.024421	-125.253370
61	0.089014	750	-1.021513	-126.274883
62	0.083273	750	-0.980641	-127.255524
63	0.077760	750	-0.944989	-128.200513
64	0.072472	750	-0.902309	-129.102822
65	0.067406	750	-0.855114	-129.957936
66	0.062558	750	-0.815936	-130.773873
67	0.057926	750	-0.814534	-131.588407
68	0.053506	750	-0.790402	-132.378809
69	0.049295	750	-0.750635	-133.129444
70	0.045289	750	-0.718906	-133.848350
71	0.041485	750	-0.673802	-134.522152
72	0.037880	750	-0.649640	-135.171792
73	0.034469	750	-0.607126	-135.778918
74	0.031250	750	-0.602687	-136.381605
75	0.028218	750	-0.580666	-136.962272
76	0.025370	750	-0.541855	-137.504127
77	0.022702	750	-0.505324	-138.009450
78	0.020209	750	-0.489488	-138.498938
79	0.017889	750	-0.461316	-138.960254
80	0.015736	750	-0.442127	-139.402381
81	0.013746	750	-0.404156	-139.806536
82	0.011916	750	-0.369391	-140.175928
83	0.010240	750	-0.361360	-140.537288
84	0.008714	750	-0.326035	-140.863323
85	0.007334	750	-0.319273	-141.182596
86	0.006093	750	-0.288740	-141.471336
87	0.004988	750	-0.277217	-141.748553
88	0.004013	750	-0.232192	-141.980745
89	0.003162	750	-0.222784	-142.203529
90	0.002430	750	-0.163815	-142.367344
91	0.001810	750	-0.151310	-142.518653
92	0.001296	750	-0.140666	-142.659320
93	0.000882	750	-0.107743	-142.767062
94	0.000559	750	-0.078821	-142.845883
95	0.000320	750	-0.063078	-142.908961
96	0.000156	750	-0.047198	-142.956159
97	0.000057	750	-0.026102	-142.982261
98	0.000010	750	-0.013038	-142.995299
99	0.000000	750	-0.003164	-142.998463
Log marginal likelihood:	-142.998463
0	0.975187	750	-3.312151	-3.312151
1	0.950747	750	-3.253262	-6.565413
2	0.926679	750	-3.254928	-9.820341
3	0.902980	750	-3.203927	-13.024268
4	0.879648	750	-3.116138	-16.140405
5	0.856682	750	-3.134515	-19.274920
6	0.834079	750	-3.042108	-22.317029
7	0.811838	750	-3.217175	-25.534203
8	0.789957	750	-2.950239	-28.484442
9	0.768433	750	-2.884343	-31.368785
10	0.747266	750	-2.842970	-34.211755
11	0.726452	750	-2.902286	-37.114041
12	0.705989	750	-2.770951	-39.884991
13	0.685877	750	-2.752905	-42.637897
14	0.666112	750	-2.732382	-45.370279
15	0.646693	750	-2.683552	-48.053830
16	0.627618	750	-2.598301	-50.652131
17	0.608884	750	-2.556576	-53.208706
18	0.590490	750	-2.562342	-55.771049
19	0.572433	750	-2.624922	-58.395971
20	0.554712	750	-2.514329	-60.910299
21	0.537324	750	-2.356090	-63.266389
22	0.520268	750	-2.464977	-65.731367
23	0.503540	750	-2.326134	-68.057501
24	0.487139	750	-2.271725	-70.329226
25	0.471063	750	-2.259772	-72.588998
26	0.455310	750	-2.180992	-74.769990
27	0.439877	750	-2.149725	-76.919715
28	0.424762	750	-2.213121	-79.132836
29	0.409963	750	-2.072215	-81.205051
30	0.395478	750	-2.117768	-83.322819
31	0.381305	750	-2.134358	-85.457176
32	0.367440	750	-2.020797	-87.477974
33	0.353883	750	-1.979246	-89.457220
34	0.340630	750	-1.964066	-91.421286
35	0.327680	750	-1.908830	-93.330116
36	0.315030	750	-1.832155	-95.162271
37	0.302677	750	-1.843539	-97.005810
38	0.290619	750	-1.806031	-98.811842
39	0.278855	750	-1.791907	-100.603749
40	0.267381	750	-1.699969	-102.303718
41	0.256195	750	-1.642413	-103.946131
42	0.245294	750	-1.670558	-105.616689
43	0.234677	750	-1.619103	-107.235792
44	0.224340	750	-1.587434	-108.823226
45	0.214281	750	-1.546627	-110.369854
46	0.204498	750	-1.467536	-111.837389
47	0.194988	750	-1.430580	-113.267969
48	0.185749	750	-1.420193	-114.688162
49	0.176777	750	-1.380121	-116.068283
50	0.168070	750	-1.355281	-117.423563
51	0.159626	750	-1.321382	-118.744946
52	0.151441	750	-1.261261	-120.006207
53	0.143514	750	-1.228902	-121.235109
54	0.135841	750	-1.185904	-122.421013
55	0.128420	750	-1.178502	-123.599515
56	0.121247	750	-1.147686	-124.747201
57	0.114320	750	-1.104398	-125.851599
58	0.107637	750	-1.075742	-126.927340
59	0.101193	750	-1.048887	-127.976227
60	0.094986	750	-1.023832	-129.000060
61	0.089014	750	-0.968452	-129.968512
62	0.083273	750	-0.947510	-130.916021
63	0.077760	750	-0.909393	-131.825415
64	0.072472	750	-0.868985	-132.694399
65	0.067406	750	-0.849536	-133.543936
66	0.062558	750	-0.803146	-134.347082
67	0.057926	750	-0.771187	-135.118269
68	0.053506	750	-0.773773	-135.892042
69	0.049295	750	-0.719153	-136.611195
70	0.045289	750	-0.671344	-137.282538
71	0.041485	750	-0.641752	-137.924290
72	0.037880	750	-0.646287	-138.570577
73	0.034469	750	-0.639622	-139.210199
74	0.031250	750	-0.587245	-139.797444
75	0.028218	750	-0.547166	-140.344611
76	0.025370	750	-0.528003	-140.872613
77	0.022702	750	-0.474173	-141.346787
78	0.020209	750	-0.477868	-141.824655
79	0.017889	750	-0.500311	-142.324965
80	0.015736	750	-0.417540	-142.742505
81	0.013746	750	-0.379384	-143.121888
82	0.011916	750	-0.356908	-143.478796
83	0.010240	750	-0.362413	-143.841209
84	0.008714	750	-0.343610	-144.184819
85	0.007334	750	-0.281624	-144.466442
86	0.006093	750	-0.268296	-144.734738
87	0.004988	750	-0.243052	-144.977790
88	0.004013	750	-0.204674	-145.182464
89	0.003162	750	-0.180321	-145.362785
90	0.002430	750	-0.164749	-145.527534
91	0.001810	750	-0.137586	-145.665120
92	0.001296	750	-0.120720	-145.785839
93	0.000882	750	-0.107537	-145.893377
94	0.000559	750	-0.079409	-145.972786
95	0.000320	750	-0.056625	-146.029411
96	0.000156	750	-0.034673	-146.064083
97	0.000057	750	-0.023265	-146.087349
98	0.000010	750	-0.011610	-146.098958
99	0.000000	750	-0.002393	-146.101351
Log marginal likelihood:	-146.101351
0	0.975187	750	-3.198194	-3.198194
1	0.950747	750	-3.184122	-6.382316
2	0.926679	750	-3.122910	-9.505226
3	0.902980	750	-3.066386	-12.571612
4	0.879648	750	-3.038804	-15.610416
5	0.856682	750	-2.993270	-18.603686
6	0.834079	750	-2.936618	-21.540304
7	0.811838	750	-2.899025	-24.439329
8	0.789957	750	-2.900627	-27.339956
9	0.768433	750	-2.787645	-30.127601
10	0.747266	750	-2.786277	-32.913878
11	0.726452	750	-2.720446	-35.634324
12	0.705989	750	-2.684091	-38.318416
13	0.685877	750	-2.636062	-40.954478
14	0.666112	750	-2.580624	-43.535102
15	0.646693	750	-2.562755	-46.097856
16	0.627618	750	-2.522887	-48.620744
17	0.608884	750	-2.494630	-51.115374
18	0.590490	750	-2.432018	-53.547392
19	0.572433	750	-2.449817	-55.997209
20	0.554712	750	-2.366082	-58.363291
21	0.537324	750	-2.497892	-60.861183
22	0.520268	750	-2.347340	-63.208522
23	0.503540	750	-2.345306	-65.553829
24	0.487139	750	-2.355326	-67.909155
25	0.471063	750	-2.253654	-70.162809
26	0.455310	750	-2.116491	-72.279299
27	0.439877	750	-2.232969	-74.512269
28	0.424762	750	-2.181887	-76.694156
29	0.409963	750	-2.256776	-78.950931
30	0.395478	750	-2.145156	-81.096088
31	0.381305	750	-2.003392	-83.099479
32	0.367440	750	-2.049381	-85.148861
33	0.353883	750	-1.910120	-87.058981
34	0.340630	750	-1.929464	-88.988445
35	0.327680	750	-1.820677	-90.809123
36	0.315030	750	-1.833079	-92.642202
37	0.302677	750	-1.800997	-94.443198
38	0.290619	750	-1.840309	-96.283507
39	0.278855	750	-1.652012	-97.935519
40	0.267381	750	-1.767686	-99.703205
41	0.256195	750	-1.691219	-101.394424
42	0.245294	750	-1.662705	-103.057129
43	0.234677	750	-1.650437	-104.707566
44	0.224340	750	-1.573757	-106.281322
45	0.214281	750	-1.557403	-107.838725
46	0.204498	750	-1.524438	-109.363164
47	0.194988	750	-1.453810	-110.816973
48	0.185749	750	-1.456207	-112.273181
49	0.176777	750	-1.400507	-113.673688
50	0.168070	750	-1.341194	-115.014881
51	0.159626	750	-1.345113	-116.359994
52	0.151441	750	-1.262197	-117.622191
53	0.143514	750	-1.247419	-118.869611
54	0.135841	750	-1.208913	-120.078524
55	0.128420	750	-1.188392	-121.266916
56	0.121247	750	-1.169209	-122.436125
57	0.114320	750	-1.107044	-123.543170
58	0.107637	750	-1.078155	-124.621324
59	0.101193	750	-1.059349	-125.680674
60	0.094986	750	-1.006641	-126.687314
61	0.089014	750	-0.998543	-127.685858
62	0.083273	750	-0.922848	-128.608705
63	0.077760	750	-0.902569	-129.511275
64	0.072472	750	-0.879133	-130.390408
65	0.067406	750	-0.843721	-131.234128
66	0.062558	750	-0.818988	-132.053117
67	0.057926	750	-0.781025	-132.834142
68	0.053506	750	-0.753776	-133.587918
69	0.049295	750	-0.762200	-134.350118
70	0.045289	750	-0.666627	-135.016745
71	0.041485	750	-0.685132	-135.701877
72	0.037880	750	-0.638378	-136.340255
73	0.034469	750	-0.609277	-136.949532
74	0.031250	750	-0.577550	-137.527082
75	0.028218	750	-0.547001	-138.074084
76	0.025370	750	-0.527380	-138.601464
77	0.022702	750	-0.493608	-139.095072
78	0.020209	750	-0.474791	-139.569862
79	0.017889	750	-0.451953	-140.021815
80	0.015736	750	-0.415048	-140.436863
81	0.013746	750	-0.388653	-140.825516
82	0.011916	750	-0.403388	-141.228904
83	0.010240	750	-0.369043	-141.597947
84	0.008714	750	-0.323310	-141.921257
85	0.007334	750	-0.299829	-142.221086
86	0.006093	750	-0.329764	-142.550850
87	0.004988	750	-0.231796	-142.782646
88	0.004013	750	-0.215715	-142.998361
89	0.003162	750	-0.206090	-143.204451
90	0.002430	750	-0.168192	-143.372643
91	0.001810	750	-0.155151	-143.527794
92	0.001296	750	-0.118590	-143.646384
93	0.000882	750	-0.115362	-143.761746
94	0.000559	750	-0.082003	-143.843749
95	0.000320	750	-0.054099	-143.897849
96	0.000156	750	-0.044252	-143.942101
97	0.000057	750	-0.027983	-143.970083
98	0.000010	750	-0.011654	-143.981737
99	0.000000	750	-0.002658	-143.984396
Log marginal likelihood:	-143.984396
0	0.975187	750	-3.826477	-3.826477
1	0.950747	750	-3.668561	-7.495038
2	0.926679	750	-3.503717	-10.998755
3	0.902980	750	-3.441808	-14.440563
4	0.879648	750	-3.529103	-17.969666
5	0.856682	750	-3.374141	-21.343806
6	0.834079	750	-3.363931	-24.707737
7	0.811838	750	-3.408143	-28.115880
8	0.789957	750	-3.413413	-31.529293
9	0.768433	750	-3.203698	-34.732991
10	0.747266	750	-3.163987	-37.896978
11	0.726452	750	-3.074491	-40.971470
12	0.705989	750	-3.033070	-44.004540
13	0.685877	750	-3.060866	-47.065406
14	0.666112	750	-3.061742	-50.127149
15	0.646693	750	-2.938663	-53.065811
16	0.627618	750	-2.852673	-55.918485
17	0.608884	750	-2.856916	-58.775401
18	0.590490	750	-2.859215	-61.634616
19	0.572433	750	-2.819292	-64.453909
20	0.554712	750	-2.751627	-67.205536
21	0.537324	750	-2.711472	-69.917007
22	0.520268	750	-2.671942	-72.588949
23	0.503540	750	-2.615146	-75.204095
24	0.487139	750	-2.579079	-77.783174
25	0.471063	750	-2.516825	-80.299999
26	0.455310	750	-2.456000	-82.755999
27	0.439877	750	-2.432876	-85.188875
28	0.424762	750	-2.376890	-87.565765
29	0.409963	750	-2.327838	-89.893602
30	0.395478	750	-2.289349	-92.182951
31	0.381305	750	-2.226806	-94.409756
32	0.367440	750	-2.180869	-96.590626
33	0.353883	750	-2.158031	-98.748656
34	0.340630	750	-2.075040	-100.823697
35	0.327680	750	-2.038484	-102.862181
36	0.315030	750	-2.012366	-104.874547
37	0.302677	750	-1.958522	-106.833069
38	0.290619	750	-1.907284	-108.740354
39	0.278855	750	-1.838853	-110.579206
40	0.267381	750	-1.825291	-112.404497
41	0.256195	750	-1.730399	-114.134896
42	0.245294	750	-1.706394	-115.841290
43	0.234677	750	-1.694785	-117.536075
44	0.224340	750	-1.647875	-119.183950
45	0.214281	750	-1.602988	-120.786938
46	0.204498	750	-1.573531	-122.360469
47	0.194988	750	-1.539824	-123.900293
48	0.185749	750	-1.498225	-125.398518
49	0.176777	750	-1.458858	-126.857376
50	0.168070	750	-1.397023	-128.254399
51	0.159626	750	-1.392865	-129.647264
52	0.151441	750	-1.326124	-130.973388
53	0.143514	750	-1.318116	-132.291503
54	0.135841	750	-1.258300	-133.549804
55	0.128420	750	-1.206093	-134.755896
56	0.121247	750	-1.180931	-135.936828
57	0.114320	750	-1.143142	-137.079970
58	0.107637	750	-1.095255	-138.175225
59	0.101193	750	-1.086660	-139.261886
60	0.094986	750	-1.050490	-140.312375
61	0.089014	750	-0.989727	-141.302102
62	0.083273	750	-0.987624	-142.289726
63	0.077760	750	-0.940527	-143.230253
64	0.072472	750	-0.912638	-144.142891
65	0.067406	750	-0.881784	-145.024675
66	0.062558	750	-0.840671	-145.865347
67	0.057926	750	-0.800952	-146.666299
68	0.053506	750	-0.778161	-147.444459
69	0.049295	750	-0.750078	-148.194538
70	0.045289	750	-0.705861	-148.900399
71	0.041485	750	-0.703554	-149.603953
72	0.037880	750	-0.684891	-150.288844
73	0.034469	750	-0.699821	-150.988665
74	0.031250	750	-0.624986	-151.613651
75	0.028218	750	-0.566234	-152.179884
76	0.025370	750	-0.557935	-152.737820
77	0.022702	750	-0.539347	-153.277167
78	0.020209	750	-0.516754	-153.793921
79	0.017889	750	-0.458169	-154.252090
80	0.015736	750	-0.417093	-154.669182
81	0.013746	750	-0.430554	-155.099736
82	0.011916	750	-0.361773	-155.461510
83	0.010240	750	-0.353334	-155.814844
84	0.008714	750	-0.342036	-156.156880
85	0.007334	750	-0.297639	-156.454519
86	0.006093	750	-0.258009	-156.712528
87	0.004988	750	-0.249563	-156.962091
88	0.004013	750	-0.296086	-157.258176
89	0.003162	750	-0.210358	-157.468534
90	0.002430	750	-0.161112	-157.629646
91	0.001810	750	-0.142564	-157.772211
92	0.001296	750	-0.120083	-157.892294
93	0.000882	750	-0.093454	-157.985748
94	0.000559	750	-0.071899	-158.057647
95	0.000320	750	-0.061890	-158.119537
96	0.000156	750	-0.040397	-158.159934
97	0.000057	750	-0.024021	-158.183955
98	0.000010	750	-0.013825	-158.197779
99	0.000000	750	-0.002557	-158.200337
Log marginal likelihood:	-158.200337
0	0.975187	750	-3.317554	-3.317554
1	0.950747	750	-3.293779	-6.611332
2	0.926679	750	-3.229951	-9.841284
3	0.902980	750	-3.246670	-13.087953
4	0.879648	750	-3.140013	-16.227966
5	0.856682	750	-3.076143	-19.304109
6	0.834079	750	-3.053360	-22.357469
7	0.811838	750	-2.997426	-25.354895
8	0.789957	750	-2.982700	-28.337595
9	0.768433	750	-2.910701	-31.248295
10	0.747266	750	-2.851722	-34.100018
11	0.726452	750	-2.836931	-36.936949
12	0.705989	750	-2.761613	-39.698562
13	0.685877	750	-2.736755	-42.435317
14	0.666112	750	-2.680492	-45.115810
15	0.646693	750	-2.850598	-47.966408
16	0.627618	750	-2.710980	-50.677388
17	0.608884	750	-2.651786	-53.329173
18	0.590490	750	-2.642090	-55.971263
19	0.572433	750	-2.702763	-58.674026
20	0.554712	750	-2.435908	-61.109934
21	0.537324	750	-2.416182	-63.526116
22	0.520268	750	-2.396182	-65.922298
23	0.503540	750	-2.511940	-68.434238
24	0.487139	750	-2.458176	-70.892414
25	0.471063	750	-2.424902	-73.317316
26	0.455310	750	-2.364939	-75.682255
27	0.439877	750	-2.321132	-78.003387
28	0.424762	750	-2.254794	-80.258180
29	0.409963	750	-2.234570	-82.492751
30	0.395478	750	-2.187802	-84.680553
31	0.381305	750	-2.141563	-86.822116
32	0.367440	750	-2.076942	-88.899057
33	0.353883	750	-1.963815	-90.862872
34	0.340630	750	-2.001685	-92.864557
35	0.327680	750	-1.960473	-94.825030
36	0.315030	750	-1.947956	-96.772986
37	0.302677	750	-1.872387	-98.645372
38	0.290619	750	-1.854700	-100.500072
39	0.278855	750	-1.816874	-102.316946
40	0.267381	750	-1.756855	-104.073800
41	0.256195	750	-1.694066	-105.767866
42	0.245294	750	-1.663918	-107.431784
43	0.234677	750	-1.626904	-109.058687
44	0.224340	750	-1.596023	-110.654710
45	0.214281	750	-1.526792	-112.181502
46	0.204498	750	-1.510729	-113.692232
47	0.194988	750	-1.468254	-115.160485
48	0.185749	750	-1.422004	-116.582490
49	0.176777	750	-1.406403	-117.988893
50	0.168070	750	-1.346215	-119.335108
51	0.159626	750	-1.298831	-120.633938
52	0.151441	750	-1.265539	-121.899477
53	0.143514	750	-1.228539	-123.128016
54	0.135841	750	-1.193545	-124.321561
55	0.128420	750	-1.182658	-125.504219
56	0.121247	750	-1.120277	-126.624496
57	0.114320	750	-1.090208	-127.714704
58	0.107637	750	-1.086867	-128.801571
59	0.101193	750	-1.024735	-129.826307
60	0.094986	750	-0.991237	-130.817544
61	0.089014	750	-0.978381	-131.795925
62	0.083273	750	-0.920033	-132.715958
63	0.077760	750	-0.914693	-133.630652
64	0.072472	750	-0.852179	-134.482830
65	0.067406	750	-0.843435	-135.326265
66	0.062558	750	-0.822198	-136.148463
67	0.057926	750	-0.796071	-136.944534
68	0.053506	750	-0.748908	-137.693441
69	0.049295	750	-0.698051	-138.391492
70	0.045289	750	-0.690826	-139.082318
71	0.041485	750	-0.676045	-139.758363
72	0.037880	750	-0.621735	-140.380098
73	0.034469	750	-0.609090	-140.989188
74	0.031250	750	-0.579664	-141.568852
75	0.028218	750	-0.579538	-142.148391
76	0.025370	750	-0.536280	-142.684671
77	0.022702	750	-0.486755	-143.171426
78	0.020209	750	-0.451668	-143.623094
79	0.017889	750	-0.466561	-144.089655
80	0.015736	750	-0.432319	-144.521974
81	0.013746	750	-0.387783	-144.909758
82	0.011916	750	-0.382192	-145.291949
83	0.010240	750	-0.353578	-145.645528
84	0.008714	750	-0.298762	-145.944290
85	0.007334	750	-0.291387	-146.235677
86	0.006093	750	-0.316607	-146.552284
87	0.004988	750	-0.284853	-146.837137
88	0.004013	750	-0.202449	-147.039586
89	0.003162	750	-0.177805	-147.217390
90	0.002430	750	-0.171824	-147.389214
91	0.001810	750	-0.147704	-147.536918
92	0.001296	750	-0.113614	-147.650532
93	0.000882	750	-0.092566	-147.743098
94	0.000559	750	-0.070436	-147.813533
95	0.000320	750	-0.060392	-147.873925
96	0.000156	750	-0.040201	-147.914126
97	0.000057	750	-0.023596	-147.937722
98	0.000010	750	-0.010344	-147.948066
99	0.000000	750	-0.002253	-147.950318
Log marginal likelihood:	-147.950318
0	0.975187	750	-3.211528	-3.211528
1	0.950747	750	-3.150418	-6.361946
2	0.926679	750	-3.108880	-9.470826
3	0.902980	750	-3.083169	-12.553996
4	0.879648	750	-3.036477	-15.590473
5	0.856682	750	-2.997448	-18.587921
6	0.834079	750	-2.936594	-21.524515
7	0.811838	750	-2.902671	-24.427185
8	0.789957	750	-2.901405	-27.328590
9	0.768433	750	-2.807357	-30.135948
10	0.747266	750	-2.789910	-32.925858
11	0.726452	750	-2.753560	-35.679418
12	0.705989	750	-2.694811	-38.374229
13	0.685877	750	-2.635304	-41.009533
14	0.666112	750	-2.602359	-43.611892
15	0.646693	750	-2.532779	-46.144671
16	0.627618	750	-2.510468	-48.655140
17	0.608884	750	-2.479458	-51.134597
18	0.590490	750	-2.416265	-53.550862
19	0.572433	750	-2.432125	-55.982987
20	0.554712	750	-2.366819	-58.349806
21	0.537324	750	-2.330951	-60.680757
22	0.520268	750	-2.260134	-62.940891
23	0.503540	750	-2.237328	-65.178220
24	0.487139	750	-2.216536	-67.394755
25	0.471063	750	-2.214487	-69.609243
26	0.455310	750	-2.156898	-71.766141
27	0.439877	750	-2.098380	-73.864520
28	0.424762	750	-2.079980	-75.944500
29	0.409963	750	-2.134620	-78.079120
30	0.395478	750	-1.968241	-80.047361
31	0.381305	750	-1.974540	-82.021901
32	0.367440	750	-1.919690	-83.941591
33	0.353883	750	-1.941657	-85.883248
34	0.340630	750	-1.983475	-87.866723
35	0.327680	750	-1.768656	-89.635379
36	0.315030	750	-1.928214	-91.563593
37	0.302677	750	-1.755327	-93.318920
38	0.290619	750	-1.676103	-94.995023
39	0.278855	750	-1.725088	-96.720111
40	0.267381	750	-1.677446	-98.397557
41	0.256195	750	-1.612313	-100.009870
42	0.245294	750	-1.580688	-101.590557
43	0.234677	750	-1.610983	-103.201541
44	0.224340	750	-1.518200	-104.719740
45	0.214281	750	-1.465064	-106.184804
46	0.204498	750	-1.482178	-107.666982
47	0.194988	750	-1.454279	-109.121261
48	0.185749	750	-1.402509	-110.523770
49	0.176777	750	-1.427590	-111.951361
50	0.168070	750	-1.339284	-113.290645
51	0.159626	750	-1.321965	-114.612610
52	0.151441	750	-1.262190	-115.874800
53	0.143514	750	-1.213327	-117.088127
54	0.135841	750	-1.208422	-118.296549
55	0.128420	750	-1.191586	-119.488135
56	0.121247	750	-1.151146	-120.639280
57	0.114320	750	-1.122836	-121.762117
58	0.107637	750	-1.047767	-122.809883
59	0.101193	750	-1.034586	-123.844469
60	0.094986	750	-0.995342	-124.839810
61	0.089014	750	-0.987025	-125.826836
62	0.083273	750	-0.933457	-126.760293
63	0.077760	750	-0.908671	-127.668964
64	0.072472	750	-0.846406	-128.515370
65	0.067406	750	-0.854596	-129.369966
66	0.062558	750	-0.800148	-130.170114
67	0.057926	750	-0.781256	-130.951369
68	0.053506	750	-0.754993	-131.706362
69	0.049295	750	-0.736115	-132.442477
70	0.045289	750	-0.690856	-133.133334
71	0.041485	750	-0.648796	-133.782129
72	0.037880	750	-0.646852	-134.428981
73	0.034469	750	-0.628567	-135.057548
74	0.031250	750	-0.585086	-135.642634
75	0.028218	750	-0.553381	-136.196015
76	0.025370	750	-0.563881	-136.759895
77	0.022702	750	-0.495526	-137.255422
78	0.020209	750	-0.501714	-137.757135
79	0.017889	750	-0.444320	-138.201455
80	0.015736	750	-0.456706	-138.658161
81	0.013746	750	-0.396399	-139.054560
82	0.011916	750	-0.364134	-139.418694
83	0.010240	750	-0.365285	-139.783979
84	0.008714	750	-0.303382	-140.087361
85	0.007334	750	-0.314731	-140.402092
86	0.006093	750	-0.270447	-140.672538
87	0.004988	750	-0.253862	-140.926401
88	0.004013	750	-0.210506	-141.136907
89	0.003162	750	-0.206368	-141.343274
90	0.002430	750	-0.188111	-141.531386
91	0.001810	750	-0.152533	-141.683919
92	0.001296	750	-0.119648	-141.803567
93	0.000882	750	-0.121561	-141.925128
94	0.000559	750	-0.098958	-142.024086
95	0.000320	750	-0.057542	-142.081627
96	0.000156	750	-0.041937	-142.123564
97	0.000057	750	-0.025231	-142.148796
98	0.000010	750	-0.012120	-142.160915
99	0.000000	750	-0.002624	-142.163539
Log marginal likelihood:	-142.163539
0	0.975187	750	-3.047135	-3.047135
1	0.950747	750	-3.027313	-6.074447
2	0.926679	750	-2.953574	-9.028022
3	0.902980	750	-2.862261	-11.890283
4	0.879648	750	-2.848561	-14.738844
5	0.856682	750	-2.793144	-17.531988
6	0.834079	750	-2.744247	-20.276235
7	0.811838	750	-2.753842	-23.030078
8	0.789957	750	-2.700376	-25.730454
9	0.768433	750	-2.661853	-28.392307
10	0.747266	750	-2.614356	-31.006663
11	0.726452	750	-2.559356	-33.566019
12	0.705989	750	-2.529416	-36.095435
13	0.685877	750	-2.538404	-38.633839
14	0.666112	750	-2.437222	-41.071061
15	0.646693	750	-2.407587	-43.478648
16	0.627618	750	-2.322685	-45.801334
17	0.608884	750	-2.400074	-48.201407
18	0.590490	750	-2.311923	-50.513330
19	0.572433	750	-2.282528	-52.795858
20	0.554712	750	-2.184987	-54.980845
21	0.537324	750	-2.204691	-57.185536
22	0.520268	750	-2.188866	-59.374403
23	0.503540	750	-2.108899	-61.483301
24	0.487139	750	-2.099970	-63.583271
25	0.471063	750	-2.094625	-65.677896
26	0.455310	750	-2.042220	-67.720116
27	0.439877	750	-2.042911	-69.763028
28	0.424762	750	-1.987458	-71.750485
29	0.409963	750	-1.950635	-73.701120
30	0.395478	750	-1.884489	-75.585609
31	0.381305	750	-1.826435	-77.412044
32	0.367440	750	-1.833162	-79.245206
33	0.353883	750	-1.825733	-81.070939
34	0.340630	750	-1.827596	-82.898535
35	0.327680	750	-1.808674	-84.707209
36	0.315030	750	-1.761515	-86.468724
37	0.302677	750	-1.655439	-88.124163
38	0.290619	750	-1.734355	-89.858518
39	0.278855	750	-1.646370	-91.504889
40	0.267381	750	-1.525172	-93.030061
41	0.256195	750	-1.611921	-94.641983
42	0.245294	750	-1.632740	-96.274722
43	0.234677	750	-1.507348	-97.782070
44	0.224340	750	-1.545184	-99.327254
45	0.214281	750	-1.455298	-100.782551
46	0.204498	750	-1.522367	-102.304919
47	0.194988	750	-1.442476	-103.747395
48	0.185749	750	-1.389400	-105.136795
49	0.176777	750	-1.307272	-106.444067
50	0.168070	750	-1.342635	-107.786702
51	0.159626	750	-1.225457	-109.012159
52	0.151441	750	-1.252314	-110.264473
53	0.143514	750	-1.215512	-111.479986
54	0.135841	750	-1.192234	-112.672220
55	0.128420	750	-1.165785	-113.838004
56	0.121247	750	-1.119812	-114.957816
57	0.114320	750	-1.090217	-116.048033
58	0.107637	750	-1.050940	-117.098973
59	0.101193	750	-1.015240	-118.114214
60	0.094986	750	-0.978899	-119.093113
61	0.089014	750	-0.962371	-120.055484
62	0.083273	750	-0.908950	-120.964434
63	0.077760	750	-0.883294	-121.847728
64	0.072472	750	-0.886891	-122.734619
65	0.067406	750	-0.842815	-123.577434
66	0.062558	750	-0.825154	-124.402588
67	0.057926	750	-0.776961	-125.179549
68	0.053506	750	-0.741365	-125.920914
69	0.049295	750	-0.733292	-126.654206
70	0.045289	750	-0.694110	-127.348316
71	0.041485	750	-0.651992	-128.000308
72	0.037880	750	-0.625528	-128.625837
73	0.034469	750	-0.600058	-129.225895
74	0.031250	750	-0.564809	-129.790704
75	0.028218	750	-0.548751	-130.339455
76	0.025370	750	-0.518346	-130.857801
77	0.022702	750	-0.528741	-131.386542
78	0.020209	750	-0.478207	-131.864749
79	0.017889	750	-0.467958	-132.332708
80	0.015736	750	-0.499790	-132.832497
81	0.013746	750	-0.399040	-133.231538
82	0.011916	750	-0.382003	-133.613541
83	0.010240	750	-0.340328	-133.953869
84	0.008714	750	-0.298186	-134.252055
85	0.007334	750	-0.291618	-134.543672
86	0.006093	750	-0.259572	-134.803245
87	0.004988	750	-0.246146	-135.049391
88	0.004013	750	-0.214090	-135.263481
89	0.003162	750	-0.180984	-135.444464
90	0.002430	750	-0.150930	-135.595394
91	0.001810	750	-0.156255	-135.751649
92	0.001296	750	-0.132982	-135.884631
93	0.000882	750	-0.094856	-135.979487
94	0.000559	750	-0.073195	-136.052682
95	0.000320	750	-0.057802	-136.110484
96	0.000156	750	-0.039335	-136.149819
97	0.000057	750	-0.027717	-136.177537
98	0.000010	750	-0.012395	-136.189932
99	0.000000	750	-0.002611	-136.192543
Log marginal likelihood:	-136.192543
0	0.975187	750	-3.377266	-3.377266
1	0.950747	750	-3.361843	-6.739109
2	0.926679	750	-3.166280	-9.905389
3	0.902980	750	-3.096078	-13.001467
4	0.879648	750	-3.087717	-16.089184
5	0.856682	750	-3.055963	-19.145147
6	0.834079	750	-3.034664	-22.179811
7	0.811838	750	-2.981361	-25.161172
8	0.789957	750	-2.900204	-28.061377
9	0.768433	750	-2.872130	-30.933506
10	0.747266	750	-2.812786	-33.746292
11	0.726452	750	-2.760450	-36.506742
12	0.705989	750	-2.733413	-39.240155
13	0.685877	750	-2.697287	-41.937442
14	0.666112	750	-2.685694	-44.623136
15	0.646693	750	-2.625073	-47.248209
16	0.627618	750	-2.539217	-49.787426
17	0.608884	750	-2.540463	-52.327889
18	0.590490	750	-2.472103	-54.799992
19	0.572433	750	-2.481223	-57.281215
20	0.554712	750	-2.417016	-59.698231
21	0.537324	750	-2.493589	-62.191819
22	0.520268	750	-2.393160	-64.584980
23	0.503540	750	-2.384212	-66.969192
24	0.487139	750	-2.286759	-69.255951
25	0.471063	750	-2.293171	-71.549122
26	0.455310	750	-2.273275	-73.822397
27	0.439877	750	-2.144054	-75.966451
28	0.424762	750	-2.209961	-78.176412
29	0.409963	750	-2.150346	-80.326758
30	0.395478	750	-2.136950	-82.463708
31	0.381305	750	-2.080776	-84.544484
32	0.367440	750	-2.029169	-86.573653
33	0.353883	750	-1.999886	-88.573539
34	0.340630	750	-1.973493	-90.547032
35	0.327680	750	-1.842647	-92.389679
36	0.315030	750	-1.854276	-94.243955
37	0.302677	750	-1.852562	-96.096518
38	0.290619	750	-1.795665	-97.892183
39	0.278855	750	-1.732238	-99.624420
40	0.267381	750	-1.751158	-101.375578
41	0.256195	750	-1.698604	-103.074182
42	0.245294	750	-1.617830	-104.692012
43	0.234677	750	-1.615474	-106.307486
44	0.224340	750	-1.535129	-107.842615
45	0.214281	750	-1.558074	-109.400689
46	0.204498	750	-1.505467	-110.906157
47	0.194988	750	-1.480314	-112.386470
48	0.185749	750	-1.443713	-113.830183
49	0.176777	750	-1.384348	-115.214532
50	0.168070	750	-1.367813	-116.582344
51	0.159626	750	-1.329910	-117.912255
52	0.151441	750	-1.294994	-119.207249
53	0.143514	750	-1.258541	-120.465789
54	0.135841	750	-1.201295	-121.667085
55	0.128420	750	-1.164396	-122.831481
56	0.121247	750	-1.145585	-123.977067
57	0.114320	750	-1.113219	-125.090286
58	0.107637	750	-1.078645	-126.168930
59	0.101193	750	-1.049918	-127.218848
60	0.094986	750	-1.024942	-128.243790
61	0.089014	750	-0.961709	-129.205499
62	0.083273	750	-0.952362	-130.157861
63	0.077760	750	-0.906458	-131.064319
64	0.072472	750	-0.874325	-131.938644
65	0.067406	750	-0.848104	-132.786748
66	0.062558	750	-0.806880	-133.593628
67	0.057926	750	-0.786610	-134.380238
68	0.053506	750	-0.742285	-135.122523
69	0.049295	750	-0.740932	-135.863455
70	0.045289	750	-0.704062	-136.567517
71	0.041485	750	-0.653461	-137.220979
72	0.037880	750	-0.650783	-137.871761
73	0.034469	750	-0.617380	-138.489142
74	0.031250	750	-0.566552	-139.055694
75	0.028218	750	-0.556942	-139.612636
76	0.025370	750	-0.537243	-140.149879
77	0.022702	750	-0.505093	-140.654971
78	0.020209	750	-0.488855	-141.143826
79	0.017889	750	-0.454414	-141.598240
80	0.015736	750	-0.453421	-142.051661
81	0.013746	750	-0.405448	-142.457109
82	0.011916	750	-0.355123	-142.812231
83	0.010240	750	-0.353322	-143.165554
84	0.008714	750	-0.336129	-143.501683
85	0.007334	750	-0.307392	-143.809075
86	0.006093	750	-0.263545	-144.072620
87	0.004988	750	-0.218354	-144.290973
88	0.004013	750	-0.228141	-144.519115
89	0.003162	750	-0.226198	-144.745313
90	0.002430	750	-0.161880	-144.907193
91	0.001810	750	-0.155654	-145.062846
92	0.001296	750	-0.120684	-145.183530
93	0.000882	750	-0.113782	-145.297312
94	0.000559	750	-0.074668	-145.371980
95	0.000320	750	-0.061448	-145.433429
96	0.000156	750	-0.041004	-145.474433
97	0.000057	750	-0.026220	-145.500653
98	0.000010	750	-0.012193	-145.512846
99	0.000000	750	-0.002363	-145.515209
Log marginal likelihood:	-145.515209
0	0.975187	750	-3.218981	-3.218981
1	0.950747	750	-3.181977	-6.400958
2	0.926679	750	-3.135474	-9.536432
3	0.902980	750	-3.098107	-12.634539
4	0.879648	750	-3.057101	-15.691640
5	0.856682	750	-3.003697	-18.695337
6	0.834079	750	-2.954121	-21.649458
7	0.811838	750	-2.910275	-24.559733
8	0.789957	750	-2.934788	-27.494521
9	0.768433	750	-2.819073	-30.313594
10	0.747266	750	-2.788673	-33.102267
11	0.726452	750	-2.748234	-35.850502
12	0.705989	750	-2.771784	-38.622285
13	0.685877	750	-2.761056	-41.383341
14	0.666112	750	-2.661048	-44.044389
15	0.646693	750	-2.572857	-46.617247
16	0.627618	750	-2.522919	-49.140165
17	0.608884	750	-2.555568	-51.695733
18	0.590490	750	-2.487089	-54.182822
19	0.572433	750	-2.417478	-56.600300
20	0.554712	750	-2.393023	-58.993323
21	0.537324	750	-2.391036	-61.384360
22	0.520268	750	-2.501246	-63.885606
23	0.503540	750	-2.239068	-66.124673
24	0.487139	750	-2.185794	-68.310468
25	0.471063	750	-2.238830	-70.549297
26	0.455310	750	-2.223431	-72.772728
27	0.439877	750	-2.103793	-74.876521
28	0.424762	750	-2.073445	-76.949966
29	0.409963	750	-2.013520	-78.963486
30	0.395478	750	-2.101254	-81.064740
31	0.381305	750	-2.036485	-83.101225
32	0.367440	750	-1.927018	-85.028244
33	0.353883	750	-1.973729	-87.001972
34	0.340630	750	-1.929638	-88.931610
35	0.327680	750	-1.918165	-90.849776
36	0.315030	750	-1.867168	-92.716943
37	0.302677	750	-1.768580	-94.485523
38	0.290619	750	-1.784626	-96.270149
39	0.278855	750	-1.776451	-98.046600
40	0.267381	750	-1.708524	-99.755124
41	0.256195	750	-1.683706	-101.438830
42	0.245294	750	-1.649216	-103.088046
43	0.234677	750	-1.627118	-104.715164
44	0.224340	750	-1.548009	-106.263173
45	0.214281	750	-1.528925	-107.792098
46	0.204498	750	-1.484341	-109.276439
47	0.194988	750	-1.430703	-110.707142
48	0.185749	750	-1.399264	-112.106406
49	0.176777	750	-1.335376	-113.441782
50	0.168070	750	-1.340321	-114.782103
51	0.159626	750	-1.321382	-116.103484
52	0.151441	750	-1.273051	-117.376535
53	0.143514	750	-1.238832	-118.615367
54	0.135841	750	-1.202236	-119.817604
55	0.128420	750	-1.173673	-120.991277
56	0.121247	750	-1.114763	-122.106041
57	0.114320	750	-1.084851	-123.190892
58	0.107637	750	-1.061059	-124.251951
59	0.101193	750	-1.035014	-125.286965
60	0.094986	750	-0.991015	-126.277980
61	0.089014	750	-0.963923	-127.241903
62	0.083273	750	-0.934876	-128.176779
63	0.077760	750	-0.897868	-129.074647
64	0.072472	750	-0.874839	-129.949486
65	0.067406	750	-0.822942	-130.772428
66	0.062558	750	-0.784726	-131.557154
67	0.057926	750	-0.764963	-132.322117
68	0.053506	750	-0.734589	-133.056706
69	0.049295	750	-0.708902	-133.765609
70	0.045289	750	-0.675873	-134.441482
71	0.041485	750	-0.648896	-135.090378
72	0.037880	750	-0.603135	-135.693512
73	0.034469	750	-0.623192	-136.316705
74	0.031250	750	-0.564243	-136.880948
75	0.028218	750	-0.557446	-137.438394
76	0.025370	750	-0.540686	-137.979080
77	0.022702	750	-0.499561	-138.478642
78	0.020209	750	-0.491633	-138.970275
79	0.017889	750	-0.450188	-139.420463
80	0.015736	750	-0.452217	-139.872681
81	0.013746	750	-0.406496	-140.279176
82	0.011916	750	-0.368463	-140.647640
83	0.010240	750	-0.357485	-141.005125
84	0.008714	750	-0.327618	-141.332743
85	0.007334	750	-0.290108	-141.622851
86	0.006093	750	-0.293268	-141.916119
87	0.004988	750	-0.235640	-142.151759
88	0.004013	750	-0.249928	-142.401687
89	0.003162	750	-0.206699	-142.608386
90	0.002430	750	-0.150388	-142.758774
91	0.001810	750	-0.187496	-142.946270
92	0.001296	750	-0.127067	-143.073337
93	0.000882	750	-0.095731	-143.169068
94	0.000559	750	-0.086987	-143.256055
95	0.000320	750	-0.067972	-143.324027
96	0.000156	750	-0.042023	-143.366049
97	0.000057	750	-0.026015	-143.392064
98	0.000010	750	-0.010663	-143.402727
99	0.000000	750	-0.002672	-143.405399
Log marginal likelihood:	-143.405399
0	0.975187	750	-3.382779	-3.382779
1	0.950747	750	-3.340851	-6.723630
2	0.926679	750	-3.282802	-10.006431
3	0.902980	750	-3.362547	-13.368978
4	0.879648	750	-3.160342	-16.529320
5	0.856682	750	-3.121994	-19.651315
6	0.834079	750	-3.116982	-22.768296
7	0.811838	750	-3.118117	-25.886413
8	0.789957	750	-2.996744	-28.883157
9	0.768433	750	-2.992474	-31.875631
10	0.747266	750	-2.886044	-34.761675
11	0.726452	750	-2.857247	-37.618922
12	0.705989	750	-2.860341	-40.479263
13	0.685877	750	-2.847858	-43.327121
14	0.666112	750	-2.745209	-46.072330
15	0.646693	750	-2.740874	-48.813204
16	0.627618	750	-2.721467	-51.534671
17	0.608884	750	-2.645399	-54.180070
18	0.590490	750	-2.552145	-56.732215
19	0.572433	750	-2.562299	-59.294514
20	0.554712	750	-2.527380	-61.821894
21	0.537324	750	-2.573556	-64.395450
22	0.520268	750	-2.573689	-66.969139
23	0.503540	750	-2.518643	-69.487782
24	0.487139	750	-2.502750	-71.990532
25	0.471063	750	-2.326976	-74.317508
26	0.455310	750	-2.343433	-76.660941
27	0.439877	750	-2.219645	-78.880587
28	0.424762	750	-2.238296	-81.118883
29	0.409963	750	-2.250171	-83.369054
30	0.395478	750	-2.163422	-85.532477
31	0.381305	750	-2.105145	-87.637622
32	0.367440	750	-2.088416	-89.726038
33	0.353883	750	-2.004549	-91.730587
34	0.340630	750	-1.972519	-93.703106
35	0.327680	750	-1.949386	-95.652492
36	0.315030	750	-1.962715	-97.615207
37	0.302677	750	-1.868531	-99.483738
38	0.290619	750	-1.869059	-101.352797
39	0.278855	750	-1.791338	-103.144135
40	0.267381	750	-1.763444	-104.907579
41	0.256195	750	-1.684348	-106.591927
42	0.245294	750	-1.651323	-108.243250
43	0.234677	750	-1.643861	-109.887111
44	0.224340	750	-1.589881	-111.476993
45	0.214281	750	-1.551039	-113.028032
46	0.204498	750	-1.515042	-114.543075
47	0.194988	750	-1.459886	-116.002960
48	0.185749	750	-1.426004	-117.428964
49	0.176777	750	-1.388181	-118.817145
50	0.168070	750	-1.368129	-120.185274
51	0.159626	750	-1.371717	-121.556990
52	0.151441	750	-1.259903	-122.816893
53	0.143514	750	-1.263827	-124.080720
54	0.135841	750	-1.228910	-125.309630
55	0.128420	750	-1.198043	-126.507673
56	0.121247	750	-1.154899	-127.662572
57	0.114320	750	-1.116406	-128.778978
58	0.107637	750	-1.088573	-129.867550
59	0.101193	750	-1.032613	-130.900164
60	0.094986	750	-1.013395	-131.913558
61	0.089014	750	-0.974266	-132.887824
62	0.083273	750	-0.941618	-133.829442
63	0.077760	750	-0.904504	-134.733946
64	0.072472	750	-0.888251	-135.622197
65	0.067406	750	-0.851477	-136.473674
66	0.062558	750	-0.828576	-137.302250
67	0.057926	750	-0.774925	-138.077176
68	0.053506	750	-0.741565	-138.818741
69	0.049295	750	-0.737975	-139.556716
70	0.045289	750	-0.710379	-140.267095
71	0.041485	750	-0.667949	-140.935043
72	0.037880	750	-0.654568	-141.589612
73	0.034469	750	-0.609696	-142.199308
74	0.031250	750	-0.600391	-142.799698
75	0.028218	750	-0.553587	-143.353285
76	0.025370	750	-0.511264	-143.864549
77	0.022702	750	-0.490838	-144.355387
78	0.020209	750	-0.475377	-144.830764
79	0.017889	750	-0.434661	-145.265425
80	0.015736	750	-0.409067	-145.674491
81	0.013746	750	-0.394762	-146.069253
82	0.011916	750	-0.386119	-146.455372
83	0.010240	750	-0.357527	-146.812899
84	0.008714	750	-0.309640	-147.122539
85	0.007334	750	-0.295121	-147.417660
86	0.006093	750	-0.276685	-147.694345
87	0.004988	750	-0.237828	-147.932173
88	0.004013	750	-0.222608	-148.154781
89	0.003162	750	-0.194876	-148.349657
90	0.002430	750	-0.188877	-148.538535
91	0.001810	750	-0.144262	-148.682797
92	0.001296	750	-0.119446	-148.802243
93	0.000882	750	-0.100983	-148.903227
94	0.000559	750	-0.086875	-148.990102
95	0.000320	750	-0.055435	-149.045536
96	0.000156	750	-0.036364	-149.081900
97	0.000057	750	-0.023488	-149.105388
98	0.000010	750	-0.011726	-149.117114
99	0.000000	750	-0.002355	-149.119470
Log marginal likelihood:	-149.119470
0	0.975187	750	-2.943194	-2.943194
1	0.950747	750	-2.947933	-5.891127
2	0.926679	750	-2.922193	-8.813320
3	0.902980	750	-2.845656	-11.658976
4	0.879648	750	-2.799689	-14.458666
5	0.856682	750	-2.794681	-17.253346
6	0.834079	750	-2.743305	-19.996651
7	0.811838	750	-2.650509	-22.647160
8	0.789957	750	-2.653937	-25.301097
9	0.768433	750	-2.655165	-27.956262
10	0.747266	750	-2.551095	-30.507356
11	0.726452	750	-2.515545	-33.022901
12	0.705989	750	-2.536763	-35.559664
13	0.685877	750	-2.504855	-38.064519
14	0.666112	750	-2.429707	-40.494226
15	0.646693	750	-2.452249	-42.946475
16	0.627618	750	-2.310289	-45.256765
17	0.608884	750	-2.318184	-47.574949
18	0.590490	750	-2.286327	-49.861276
19	0.572433	750	-2.224810	-52.086085
20	0.554712	750	-2.223212	-54.309297
21	0.537324	750	-2.138596	-56.447893
22	0.520268	750	-2.177903	-58.625797
23	0.503540	750	-2.128734	-60.754531
24	0.487139	750	-2.156035	-62.910566
25	0.471063	750	-2.084467	-64.995033
26	0.455310	750	-2.039822	-67.034854
27	0.439877	750	-2.039417	-69.074271
28	0.424762	750	-1.950270	-71.024541
29	0.409963	750	-1.910052	-72.934593
30	0.395478	750	-1.854367	-74.788960
31	0.381305	750	-1.918057	-76.707017
32	0.367440	750	-1.924799	-78.631815
33	0.353883	750	-1.801805	-80.433620
34	0.340630	750	-1.769683	-82.203303
35	0.327680	750	-1.686049	-83.889353
36	0.315030	750	-1.704814	-85.594167
37	0.302677	750	-1.711681	-87.305848
38	0.290619	750	-1.776035	-89.081883
39	0.278855	750	-1.752793	-90.834676
40	0.267381	750	-1.689702	-92.524377
41	0.256195	750	-1.685647	-94.210024
42	0.245294	750	-1.633453	-95.843477
43	0.234677	750	-1.568753	-97.412230
44	0.224340	750	-1.547873	-98.960103
45	0.214281	750	-1.505317	-100.465420
46	0.204498	750	-1.453811	-101.919231
47	0.194988	750	-1.448144	-103.367376
48	0.185749	750	-1.406079	-104.773454
49	0.176777	750	-1.328837	-106.102292
50	0.168070	750	-1.356065	-107.458356
51	0.159626	750	-1.312881	-108.771238
52	0.151441	750	-1.294206	-110.065444
53	0.143514	750	-1.211794	-111.277238
54	0.135841	750	-1.198422	-112.475661
55	0.128420	750	-1.176088	-113.651749
56	0.121247	750	-1.092931	-114.744680
57	0.114320	750	-1.097766	-115.842446
58	0.107637	750	-1.074990	-116.917436
59	0.101193	750	-1.041590	-117.959026
60	0.094986	750	-1.001046	-118.960072
61	0.089014	750	-0.968806	-119.928878
62	0.083273	750	-0.942618	-120.871496
63	0.077760	750	-0.911022	-121.782517
64	0.072472	750	-0.868370	-122.650887
65	0.067406	750	-0.865017	-123.515904
66	0.062558	750	-0.829450	-124.345355
67	0.057926	750	-0.773118	-125.118472
68	0.053506	750	-0.771542	-125.890014
69	0.049295	750	-0.716555	-126.606570
70	0.045289	750	-0.710972	-127.317542
71	0.041485	750	-0.665883	-127.983425
72	0.037880	750	-0.649727	-128.633152
73	0.034469	750	-0.627597	-129.260749
74	0.031250	750	-0.578629	-129.839378
75	0.028218	750	-0.538323	-130.377701
76	0.025370	750	-0.536342	-130.914044
77	0.022702	750	-0.485297	-131.399340
78	0.020209	750	-0.507090	-131.906431
79	0.017889	750	-0.450373	-132.356803
80	0.015736	750	-0.417815	-132.774618
81	0.013746	750	-0.419385	-133.194004
82	0.011916	750	-0.374459	-133.568463
83	0.010240	750	-0.338616	-133.907079
84	0.008714	750	-0.330104	-134.237183
85	0.007334	750	-0.277818	-134.515000
86	0.006093	750	-0.275703	-134.790703
87	0.004988	750	-0.241018	-135.031721
88	0.004013	750	-0.201171	-135.232892
89	0.003162	750	-0.187720	-135.420611
90	0.002430	750	-0.208935	-135.629546
91	0.001810	750	-0.152801	-135.782347
92	0.001296	750	-0.119356	-135.901703
93	0.000882	750	-0.093522	-135.995226
94	0.000559	750	-0.076819	-136.072045
95	0.000320	750	-0.060535	-136.132580
96	0.000156	750	-0.035653	-136.168234
97	0.000057	750	-0.027455	-136.195689
98	0.000010	750	-0.011470	-136.207159
99	0.000000	750	-0.002572	-136.209731
Log marginal likelihood:	-136.209731
0	0.975187	750	-3.333724	-3.333724
1	0.950747	750	-3.266411	-6.600135
2	0.926679	750	-3.192991	-9.793125
3	0.902980	750	-3.167634	-12.960759
4	0.879648	750	-3.139819	-16.100578
5	0.856682	750	-3.014086	-19.114664
6	0.834079	750	-3.016625	-22.131289
7	0.811838	750	-2.963919	-25.095209
8	0.789957	750	-2.947700	-28.042908
9	0.768433	750	-2.904680	-30.947588
10	0.747266	750	-2.831730	-33.779319
11	0.726452	750	-2.819848	-36.599167
12	0.705989	750	-2.753375	-39.352542
13	0.685877	750	-2.734740	-42.087282
14	0.666112	750	-2.700083	-44.787365
15	0.646693	750	-2.610576	-47.397941
16	0.627618	750	-2.585686	-49.983627
17	0.608884	750	-2.643653	-52.627280
18	0.590490	750	-2.537647	-55.164927
19	0.572433	750	-2.470153	-57.635080
20	0.554712	750	-2.621176	-60.256256
21	0.537324	750	-2.459105	-62.715361
22	0.520268	750	-2.345537	-65.060897
23	0.503540	750	-2.468334	-67.529232
24	0.487139	750	-2.481555	-70.010787
25	0.471063	750	-2.441879	-72.452665
26	0.455310	750	-2.362298	-74.814963
27	0.439877	750	-2.298451	-77.113413
28	0.424762	750	-2.215917	-79.329331
29	0.409963	750	-2.229425	-81.558756
30	0.395478	750	-2.200691	-83.759447
31	0.381305	750	-2.119431	-85.878878
32	0.367440	750	-2.104539	-87.983417
33	0.353883	750	-2.060879	-90.044296
34	0.340630	750	-1.923636	-91.967932
35	0.327680	750	-1.966629	-93.934561
36	0.315030	750	-1.930732	-95.865292
37	0.302677	750	-1.878370	-97.743663
38	0.290619	750	-1.859233	-99.602896
39	0.278855	750	-1.768057	-101.370953
40	0.267381	750	-1.698582	-103.069535
41	0.256195	750	-1.719843	-104.789378
42	0.245294	750	-1.672457	-106.461835
43	0.234677	750	-1.647663	-108.109498
44	0.224340	750	-1.593091	-109.702589
45	0.214281	750	-1.560132	-111.262721
46	0.204498	750	-1.520438	-112.783159
47	0.194988	750	-1.478668	-114.261827
48	0.185749	750	-1.438036	-115.699862
49	0.176777	750	-1.406236	-117.106098
50	0.168070	750	-1.351572	-118.457670
51	0.159626	750	-1.333960	-119.791630
52	0.151441	750	-1.302727	-121.094357
53	0.143514	750	-1.247788	-122.342145
54	0.135841	750	-1.230023	-123.572168
55	0.128420	750	-1.173672	-124.745840
56	0.121247	750	-1.143880	-125.889720
57	0.114320	750	-1.117734	-127.007454
58	0.107637	750	-1.075280	-128.082734
59	0.101193	750	-1.034426	-129.117160
60	0.094986	750	-0.998646	-130.115806
61	0.089014	750	-0.981595	-131.097400
62	0.083273	750	-0.960462	-132.057863
63	0.077760	750	-0.899106	-132.956969
64	0.072472	750	-0.860278	-133.817247
65	0.067406	750	-0.834417	-134.651665
66	0.062558	750	-0.795400	-135.447064
67	0.057926	750	-0.767552	-136.214617
68	0.053506	750	-0.741747	-136.956363
69	0.049295	750	-0.708701	-137.665064
70	0.045289	750	-0.672172	-138.337235
71	0.041485	750	-0.655952	-138.993187
72	0.037880	750	-0.647299	-139.640486
73	0.034469	750	-0.634152	-140.274638
74	0.031250	750	-0.601989	-140.876627
75	0.028218	750	-0.549716	-141.426343
76	0.025370	750	-0.503083	-141.929426
77	0.022702	750	-0.503065	-142.432491
78	0.020209	750	-0.457088	-142.889578
79	0.017889	750	-0.477051	-143.366629
80	0.015736	750	-0.419730	-143.786359
81	0.013746	750	-0.398780	-144.185139
82	0.011916	750	-0.368182	-144.553321
83	0.010240	750	-0.363481	-144.916802
84	0.008714	750	-0.336665	-145.253467
85	0.007334	750	-0.291429	-145.544896
86	0.006093	750	-0.278629	-145.823525
87	0.004988	750	-0.243423	-146.066948
88	0.004013	750	-0.216373	-146.283321
89	0.003162	750	-0.206731	-146.490053
90	0.002430	750	-0.167617	-146.657669
91	0.001810	750	-0.164066	-146.821735
92	0.001296	750	-0.125762	-146.947497
93	0.000882	750	-0.103087	-147.050583
94	0.000559	750	-0.080303	-147.130886
95	0.000320	750	-0.062199	-147.193085
96	0.000156	750	-0.037103	-147.230189
97	0.000057	750	-0.021896	-147.252085
98	0.000010	750	-0.010985	-147.263070
99	0.000000	750	-0.002662	-147.265732
Log marginal likelihood:	-147.265732
0	0.975187	750	-3.085466	-3.085466
1	0.950747	750	-3.016346	-6.101812
2	0.926679	750	-2.991425	-9.093238
3	0.902980	750	-2.914653	-12.007891
4	0.879648	750	-2.877004	-14.884895
5	0.856682	750	-2.850912	-17.735807
6	0.834079	750	-2.828571	-20.564377
7	0.811838	750	-2.740437	-23.304815
8	0.789957	750	-2.767013	-26.071828
9	0.768433	750	-2.677780	-28.749608
10	0.747266	750	-2.628999	-31.378607
11	0.726452	750	-2.616469	-33.995076
12	0.705989	750	-2.582371	-36.577447
13	0.685877	750	-2.509026	-39.086473
14	0.666112	750	-2.491442	-41.577915
15	0.646693	750	-2.476972	-44.054887
16	0.627618	750	-2.413495	-46.468383
17	0.608884	750	-2.340288	-48.808671
18	0.590490	750	-2.293014	-51.101685
19	0.572433	750	-2.302847	-53.404532
20	0.554712	750	-2.253565	-55.658097
21	0.537324	750	-2.203400	-57.861497
22	0.520268	750	-2.137158	-59.998655
23	0.503540	750	-2.112565	-62.111220
24	0.487139	750	-2.096407	-64.207626
25	0.471063	750	-2.032885	-66.240512
26	0.455310	750	-2.107727	-68.348239
27	0.439877	750	-2.004389	-70.352628
28	0.424762	750	-1.932800	-72.285428
29	0.409963	750	-1.946836	-74.232264
30	0.395478	750	-1.958314	-76.190578
31	0.381305	750	-1.964817	-78.155395
32	0.367440	750	-1.875399	-80.030794
33	0.353883	750	-1.814892	-81.845686
34	0.340630	750	-1.903943	-83.749629
35	0.327680	750	-1.674766	-85.424395
36	0.315030	750	-1.683140	-87.107535
37	0.302677	750	-1.721339	-88.828875
38	0.290619	750	-1.601163	-90.430038
39	0.278855	750	-1.564443	-91.994481
40	0.267381	750	-1.653166	-93.647647
41	0.256195	750	-1.583493	-95.231140
42	0.245294	750	-1.604872	-96.836013
43	0.234677	750	-1.560924	-98.396937
44	0.224340	750	-1.580079	-99.977016
45	0.214281	750	-1.529235	-101.506251
46	0.204498	750	-1.416919	-102.923170
47	0.194988	750	-1.289770	-104.212940
48	0.185749	750	-1.366181	-105.579121
49	0.176777	750	-1.366296	-106.945418
50	0.168070	750	-1.322375	-108.267793
51	0.159626	750	-1.277443	-109.545236
52	0.151441	750	-1.259313	-110.804549
53	0.143514	750	-1.217138	-112.021687
54	0.135841	750	-1.184505	-113.206192
55	0.128420	750	-1.152006	-114.358198
56	0.121247	750	-1.106488	-115.464686
57	0.114320	750	-1.102588	-116.567274
58	0.107637	750	-1.090035	-117.657309
59	0.101193	750	-1.016801	-118.674110
60	0.094986	750	-0.975218	-119.649328
61	0.089014	750	-0.940781	-120.590109
62	0.083273	750	-0.932746	-121.522855
63	0.077760	750	-0.888133	-122.410988
64	0.072472	750	-0.881069	-123.292057
65	0.067406	750	-0.827761	-124.119818
66	0.062558	750	-0.795097	-124.914915
67	0.057926	750	-0.771872	-125.686787
68	0.053506	750	-0.728887	-126.415675
69	0.049295	750	-0.712294	-127.127969
70	0.045289	750	-0.683521	-127.811490
71	0.041485	750	-0.664798	-128.476288
72	0.037880	750	-0.632610	-129.108898
73	0.034469	750	-0.605509	-129.714407
74	0.031250	750	-0.567834	-130.282240
75	0.028218	750	-0.560130	-130.842371
76	0.025370	750	-0.573529	-131.415899
77	0.022702	750	-0.473644	-131.889543
78	0.020209	750	-0.468877	-132.358420
79	0.017889	750	-0.441402	-132.799822
80	0.015736	750	-0.417049	-133.216871
81	0.013746	750	-0.390491	-133.607362
82	0.011916	750	-0.369405	-133.976766
83	0.010240	750	-0.347004	-134.323770
84	0.008714	750	-0.330217	-134.653987
85	0.007334	750	-0.309345	-134.963333
86	0.006093	750	-0.265129	-135.228461
87	0.004988	750	-0.253548	-135.482009
88	0.004013	750	-0.222407	-135.704416
89	0.003162	750	-0.180214	-135.884630
90	0.002430	750	-0.163064	-136.047694
91	0.001810	750	-0.136927	-136.184620
92	0.001296	750	-0.114983	-136.299604
93	0.000882	750	-0.096497	-136.396101
94	0.000559	750	-0.073486	-136.469586
95	0.000320	750	-0.059712	-136.529299
96	0.000156	750	-0.038632	-136.567930
97	0.000057	750	-0.023119	-136.591050
98	0.000010	750	-0.011689	-136.602739
99	0.000000	750	-0.002239	-136.604978
Log marginal likelihood:	-136.604978
0	0.975187	750	-2.919772	-2.919772
1	0.950747	750	-2.853931	-5.773704
2	0.926679	750	-2.803239	-8.576942
3	0.902980	750	-2.754516	-11.331459
4	0.879648	750	-2.724241	-14.055699
5	0.856682	750	-2.680399	-16.736098
6	0.834079	750	-2.649620	-19.385718
7	0.811838	750	-2.591634	-21.977352
8	0.789957	750	-2.574312	-24.551664
9	0.768433	750	-2.522399	-27.074064
10	0.747266	750	-2.466841	-29.540905
11	0.726452	750	-2.435597	-31.976502
12	0.705989	750	-2.433384	-34.409886
13	0.685877	750	-2.354752	-36.764638
14	0.666112	750	-2.338412	-39.103049
15	0.646693	750	-2.291626	-41.394675
16	0.627618	750	-2.241621	-43.636296
17	0.608884	750	-2.199000	-45.835296
18	0.590490	750	-2.196283	-48.031579
19	0.572433	750	-2.158480	-50.190060
20	0.554712	750	-2.098502	-52.288561
21	0.537324	750	-2.084622	-54.373184
22	0.520268	750	-2.054901	-56.428085
23	0.503540	750	-2.018956	-58.447041
24	0.487139	750	-1.987412	-60.434453
25	0.471063	750	-1.943695	-62.378148
26	0.455310	750	-1.909216	-64.287364
27	0.439877	750	-1.868283	-66.155646
28	0.424762	750	-1.817144	-67.972791
29	0.409963	750	-1.786168	-69.758958
30	0.395478	750	-1.744433	-71.503392
31	0.381305	750	-1.732623	-73.236015
32	0.367440	750	-1.818718	-75.054733
33	0.353883	750	-1.710669	-76.765402
34	0.340630	750	-1.857531	-78.622933
35	0.327680	750	-1.854818	-80.477751
36	0.315030	750	-1.695195	-82.172945
37	0.302677	750	-1.577860	-83.750806
38	0.290619	750	-1.567530	-85.318335
39	0.278855	750	-1.575603	-86.893939
40	0.267381	750	-1.706213	-88.600152
41	0.256195	750	-1.532061	-90.132213
42	0.245294	750	-1.606895	-91.739108
43	0.234677	750	-1.358075	-93.097183
44	0.224340	750	-1.346332	-94.443515
45	0.214281	750	-1.352011	-95.795526
46	0.204498	750	-1.455289	-97.250815
47	0.194988	750	-1.424144	-98.674959
48	0.185749	750	-1.374869	-100.049828
49	0.176777	750	-1.324659	-101.374486
50	0.168070	750	-1.303999	-102.678485
51	0.159626	750	-1.291949	-103.970434
52	0.151441	750	-1.245518	-105.215952
53	0.143514	750	-1.230287	-106.446239
54	0.135841	750	-1.190253	-107.636492
55	0.128420	750	-1.118922	-108.755414
56	0.121247	750	-1.127893	-109.883307
57	0.114320	750	-1.086564	-110.969870
58	0.107637	750	-1.049189	-112.019059
59	0.101193	750	-0.990589	-113.009648
60	0.094986	750	-0.979032	-113.988680
61	0.089014	750	-0.928730	-114.917410
62	0.083273	750	-0.923300	-115.840710
63	0.077760	750	-0.878942	-116.719653
64	0.072472	750	-0.873484	-117.593137
65	0.067406	750	-0.844648	-118.437785
66	0.062558	750	-0.794937	-119.232722
67	0.057926	750	-0.773723	-120.006445
68	0.053506	750	-0.717665	-120.724110
69	0.049295	750	-0.722129	-121.446239
70	0.045289	750	-0.702595	-122.148834
71	0.041485	750	-0.634631	-122.783465
72	0.037880	750	-0.648069	-123.431534
73	0.034469	750	-0.588202	-124.019737
74	0.031250	750	-0.569576	-124.589313
75	0.028218	750	-0.539291	-125.128604
76	0.025370	750	-0.521720	-125.650324
77	0.022702	750	-0.517355	-126.167679
78	0.020209	750	-0.495238	-126.662917
79	0.017889	750	-0.442725	-127.105642
80	0.015736	750	-0.414065	-127.519707
81	0.013746	750	-0.381281	-127.900989
82	0.011916	750	-0.354541	-128.255530
83	0.010240	750	-0.339060	-128.594590
84	0.008714	750	-0.326711	-128.921301
85	0.007334	750	-0.265754	-129.187055
86	0.006093	750	-0.254837	-129.441892
87	0.004988	750	-0.228161	-129.670053
88	0.004013	750	-0.225151	-129.895204
89	0.003162	750	-0.182879	-130.078082
90	0.002430	750	-0.159777	-130.237859
91	0.001810	750	-0.158138	-130.395997
92	0.001296	750	-0.121422	-130.517419
93	0.000882	750	-0.090450	-130.607869
94	0.000559	750	-0.085388	-130.693257
95	0.000320	750	-0.063569	-130.756826
96	0.000156	750	-0.040239	-130.797065
97	0.000057	750	-0.024226	-130.821291
98	0.000010	750	-0.011113	-130.832404
99	0.000000	750	-0.002622	-130.835026
Log marginal likelihood:	-130.835026
0	0.975187	750	-3.440106	-3.440106
1	0.950747	750	-3.371496	-6.811602
2	0.926679	750	-3.374586	-10.186188
3	0.902980	750	-3.273054	-13.459242
4	0.879648	750	-3.256990	-16.716233
5	0.856682	750	-3.280006	-19.996238
6	0.834079	750	-3.168688	-23.164927
7	0.811838	750	-3.163133	-26.328060
8	0.789957	750	-3.041192	-29.369252
9	0.768433	750	-2.960402	-32.329654
10	0.747266	750	-2.990383	-35.320037
11	0.726452	750	-2.926277	-38.246313
12	0.705989	750	-3.019208	-41.265521
13	0.685877	750	-3.022931	-44.288452
14	0.666112	750	-3.020318	-47.308771
15	0.646693	750	-2.959231	-50.268002
16	0.627618	750	-2.886149	-53.154151
17	0.608884	750	-2.790483	-55.944634
18	0.590490	750	-2.781652	-58.726285
19	0.572433	750	-2.582160	-61.308445
20	0.554712	750	-2.675515	-63.983960
21	0.537324	750	-2.675872	-66.659833
22	0.520268	750	-2.591593	-69.251426
23	0.503540	750	-2.533726	-71.785152
24	0.487139	750	-2.429554	-74.214706
25	0.471063	750	-2.422182	-76.636888
26	0.455310	750	-2.382665	-79.019553
27	0.439877	750	-2.313993	-81.333546
28	0.424762	750	-2.324384	-83.657930
29	0.409963	750	-2.277484	-85.935413
30	0.395478	750	-2.250048	-88.185462
31	0.381305	750	-2.192977	-90.378438
32	0.367440	750	-2.078582	-92.457021
33	0.353883	750	-2.082714	-94.539735
34	0.340630	750	-2.019539	-96.559274
35	0.327680	750	-2.003198	-98.562472
36	0.315030	750	-1.947013	-100.509484
37	0.302677	750	-1.935972	-102.445456
38	0.290619	750	-1.830793	-104.276249
39	0.278855	750	-1.799444	-106.075694
40	0.267381	750	-1.786015	-107.861709
41	0.256195	750	-1.739006	-109.600714
42	0.245294	750	-1.703144	-111.303858
43	0.234677	750	-1.667310	-112.971168
44	0.224340	750	-1.611100	-114.582268
45	0.214281	750	-1.589993	-116.172261
46	0.204498	750	-1.532808	-117.705069
47	0.194988	750	-1.501449	-119.206518
48	0.185749	750	-1.459133	-120.665651
49	0.176777	750	-1.416651	-122.082302
50	0.168070	750	-1.381057	-123.463359
51	0.159626	750	-1.332908	-124.796267
52	0.151441	750	-1.312901	-126.109167
53	0.143514	750	-1.302226	-127.411393
54	0.135841	750	-1.236903	-128.648296
55	0.128420	750	-1.207801	-129.856097
56	0.121247	750	-1.153752	-131.009848
57	0.114320	750	-1.151434	-132.161282
58	0.107637	750	-1.094777	-133.256059
59	0.101193	750	-1.055590	-134.311649
60	0.094986	750	-1.025375	-135.337024
61	0.089014	750	-0.987781	-136.324805
62	0.083273	750	-0.951096	-137.275901
63	0.077760	750	-0.924474	-138.200375
64	0.072472	750	-0.909211	-139.109586
65	0.067406	750	-0.881910	-139.991495
66	0.062558	750	-0.826143	-140.817638
67	0.057926	750	-0.778449	-141.596088
68	0.053506	750	-0.773259	-142.369347
69	0.049295	750	-0.735152	-143.104499
70	0.045289	750	-0.685770	-143.790269
71	0.041485	750	-0.672488	-144.462757
72	0.037880	750	-0.662791	-145.125548
73	0.034469	750	-0.607393	-145.732941
74	0.031250	750	-0.595667	-146.328607
75	0.028218	750	-0.531377	-146.859985
76	0.025370	750	-0.519571	-147.379556
77	0.022702	750	-0.496472	-147.876027
78	0.020209	750	-0.472857	-148.348884
79	0.017889	750	-0.479417	-148.828301
80	0.015736	750	-0.437152	-149.265453
81	0.013746	750	-0.403487	-149.668940
82	0.011916	750	-0.372771	-150.041711
83	0.010240	750	-0.356019	-150.397730
84	0.008714	750	-0.326260	-150.723990
85	0.007334	750	-0.303558	-151.027548
86	0.006093	750	-0.276551	-151.304099
87	0.004988	750	-0.251304	-151.555404
88	0.004013	750	-0.224314	-151.779717
89	0.003162	750	-0.192772	-151.972489
90	0.002430	750	-0.165258	-152.137747
91	0.001810	750	-0.132992	-152.270739
92	0.001296	750	-0.125656	-152.396395
93	0.000882	750	-0.103731	-152.500126
94	0.000559	750	-0.072689	-152.572815
95	0.000320	750	-0.059655	-152.632471
96	0.000156	750	-0.039381	-152.671852
97	0.000057	750	-0.025846	-152.697697
98	0.000010	750	-0.011257	-152.708954
99	0.000000	750	-0.002698	-152.711652
Log marginal likelihood:	-152.711652
0	0.975187	750	-3.043230	-3.043230
1	0.950747	750	-2.980709	-6.023939
2	0.926679	750	-2.934261	-8.958200
3	0.902980	750	-2.885733	-11.843933
4	0.879648	750	-2.890694	-14.734627
5	0.856682	750	-2.877807	-17.612434
6	0.834079	750	-2.855237	-20.467671
7	0.811838	750	-2.754196	-23.221867
8	0.789957	750	-2.692598	-25.914465
9	0.768433	750	-2.668373	-28.582837
10	0.747266	750	-2.650749	-31.233586
11	0.726452	750	-2.589239	-33.822826
12	0.705989	750	-2.574791	-36.397616
13	0.685877	750	-2.562933	-38.960549
14	0.666112	750	-2.461047	-41.421596
15	0.646693	750	-2.411933	-43.833528
16	0.627618	750	-2.372878	-46.206406
17	0.608884	750	-2.476442	-48.682848
18	0.590490	750	-2.333908	-51.016756
19	0.572433	750	-2.328398	-53.345154
20	0.554712	750	-2.307264	-55.652418
21	0.537324	750	-2.238892	-57.891310
22	0.520268	750	-2.150600	-60.041910
23	0.503540	750	-2.167877	-62.209787
24	0.487139	750	-2.134697	-64.344484
25	0.471063	750	-2.099927	-66.444411
26	0.455310	750	-2.142297	-68.586708
27	0.439877	750	-2.000159	-70.586866
28	0.424762	750	-1.986200	-72.573067
29	0.409963	750	-1.944900	-74.517966
30	0.395478	750	-1.959851	-76.477817
31	0.381305	750	-1.989909	-78.467727
32	0.367440	750	-1.960138	-80.427865
33	0.353883	750	-1.903706	-82.331571
34	0.340630	750	-1.804417	-84.135988
35	0.327680	750	-1.755968	-85.891955
36	0.315030	750	-1.838687	-87.730643
37	0.302677	750	-1.779865	-89.510508
38	0.290619	750	-1.731769	-91.242277
39	0.278855	750	-1.710632	-92.952909
40	0.267381	750	-1.673268	-94.626177
41	0.256195	750	-1.634826	-96.261003
42	0.245294	750	-1.544576	-97.805579
43	0.234677	750	-1.586371	-99.391950
44	0.224340	750	-1.545401	-100.937351
45	0.214281	750	-1.487017	-102.424369
46	0.204498	750	-1.472005	-103.896374
47	0.194988	750	-1.391461	-105.287835
48	0.185749	750	-1.393700	-106.681535
49	0.176777	750	-1.341726	-108.023261
50	0.168070	750	-1.313714	-109.336975
51	0.159626	750	-1.258107	-110.595081
52	0.151441	750	-1.240392	-111.835473
53	0.143514	750	-1.197503	-113.032976
54	0.135841	750	-1.201028	-114.234004
55	0.128420	750	-1.156951	-115.390955
56	0.121247	750	-1.116720	-116.507675
57	0.114320	750	-1.094214	-117.601889
58	0.107637	750	-1.055861	-118.657750
59	0.101193	750	-0.994449	-119.652199
60	0.094986	750	-0.970648	-120.622847
61	0.089014	750	-0.937979	-121.560826
62	0.083273	750	-0.915182	-122.476008
63	0.077760	750	-0.905184	-123.381192
64	0.072472	750	-0.871878	-124.253070
65	0.067406	750	-0.828800	-125.081870
66	0.062558	750	-0.777644	-125.859514
67	0.057926	750	-0.771352	-126.630866
68	0.053506	750	-0.740914	-127.371780
69	0.049295	750	-0.683745	-128.055525
70	0.045289	750	-0.658172	-128.713697
71	0.041485	750	-0.645027	-129.358725
72	0.037880	750	-0.632909	-129.991633
73	0.034469	750	-0.605447	-130.597080
74	0.031250	750	-0.572105	-131.169186
75	0.028218	750	-0.546514	-131.715700
76	0.025370	750	-0.511005	-132.226705
77	0.022702	750	-0.487607	-132.714312
78	0.020209	750	-0.494603	-133.208915
79	0.017889	750	-0.445749	-133.654664
80	0.015736	750	-0.394075	-134.048739
81	0.013746	750	-0.407043	-134.455782
82	0.011916	750	-0.362780	-134.818562
83	0.010240	750	-0.317017	-135.135579
84	0.008714	750	-0.338389	-135.473967
85	0.007334	750	-0.291226	-135.765194
86	0.006093	750	-0.284719	-136.049913
87	0.004988	750	-0.240461	-136.290374
88	0.004013	750	-0.228744	-136.519118
89	0.003162	750	-0.182191	-136.701309
90	0.002430	750	-0.173237	-136.874547
91	0.001810	750	-0.137829	-137.012376
92	0.001296	750	-0.123427	-137.135803
93	0.000882	750	-0.098572	-137.234374
94	0.000559	750	-0.073371	-137.307745
95	0.000320	750	-0.059016	-137.366761
96	0.000156	750	-0.036877	-137.403638
97	0.000057	750	-0.024052	-137.427690
98	0.000010	750	-0.010688	-137.438379
99	0.000000	750	-0.002568	-137.440947
Log marginal likelihood:	-137.440947
0	0.975187	750	-3.123049	-3.123049
1	0.950747	750	-3.120399	-6.243448
2	0.926679	750	-3.029122	-9.272569
3	0.902980	750	-3.074595	-12.347164
4	0.879648	750	-2.965175	-15.312339
5	0.856682	750	-2.953820	-18.266159
6	0.834079	750	-2.913287	-21.179446
7	0.811838	750	-2.881284	-24.060730
8	0.789957	750	-2.820256	-26.880986
9	0.768433	750	-2.823605	-29.704592
10	0.747266	750	-2.723339	-32.427931
11	0.726452	750	-2.693554	-35.121485
12	0.705989	750	-2.659162	-37.780647
13	0.685877	750	-2.614850	-40.395497
14	0.666112	750	-2.554907	-42.950404
15	0.646693	750	-2.506655	-45.457059
16	0.627618	750	-2.436714	-47.893773
17	0.608884	750	-2.452409	-50.346182
18	0.590490	750	-2.420449	-52.766631
19	0.572433	750	-2.343830	-55.110461
20	0.554712	750	-2.561665	-57.672126
21	0.537324	750	-2.272630	-59.944756
22	0.520268	750	-2.221754	-62.166510
23	0.503540	750	-2.375505	-64.542015
24	0.487139	750	-2.172899	-66.714915
25	0.471063	750	-2.160198	-68.875113
26	0.455310	750	-2.104951	-70.980063
27	0.439877	750	-2.067663	-73.047727
28	0.424762	750	-2.283354	-75.331081
29	0.409963	750	-2.073618	-77.404699
30	0.395478	750	-2.150161	-79.554860
31	0.381305	750	-1.893011	-81.447871
32	0.367440	750	-1.851740	-83.299611
33	0.353883	750	-1.998871	-85.298481
34	0.340630	750	-2.023059	-87.321540
35	0.327680	750	-1.971245	-89.292786
36	0.315030	750	-1.929831	-91.222617
37	0.302677	750	-1.856773	-93.079390
38	0.290619	750	-1.848040	-94.927430
39	0.278855	750	-1.802600	-96.730030
40	0.267381	750	-1.748783	-98.478813
41	0.256195	750	-1.639933	-100.118747
42	0.245294	750	-1.688472	-101.807218
43	0.234677	750	-1.654402	-103.461620
44	0.224340	750	-1.555394	-105.017013
45	0.214281	750	-1.563900	-106.580913
46	0.204498	750	-1.546306	-108.127219
47	0.194988	750	-1.483424	-109.610642
48	0.185749	750	-1.431346	-111.041988
49	0.176777	750	-1.416435	-112.458424
50	0.168070	750	-1.365569	-113.823993
51	0.159626	750	-1.335631	-115.159623
52	0.151441	750	-1.308230	-116.467854
53	0.143514	750	-1.255509	-117.723363
54	0.135841	750	-1.222819	-118.946182
55	0.128420	750	-1.188187	-120.134369
56	0.121247	750	-1.166019	-121.300388
57	0.114320	750	-1.098690	-122.399078
58	0.107637	750	-1.065463	-123.464541
59	0.101193	750	-1.051256	-124.515797
60	0.094986	750	-1.005529	-125.521326
61	0.089014	750	-0.981672	-126.502998
62	0.083273	750	-0.957734	-127.460732
63	0.077760	750	-0.914689	-128.375422
64	0.072472	750	-0.879674	-129.255096
65	0.067406	750	-0.835814	-130.090910
66	0.062558	750	-0.790109	-130.881019
67	0.057926	750	-0.803323	-131.684343
68	0.053506	750	-0.757905	-132.442248
69	0.049295	750	-0.710771	-133.153018
70	0.045289	750	-0.690897	-133.843915
71	0.041485	750	-0.671677	-134.515592
72	0.037880	750	-0.658573	-135.174166
73	0.034469	750	-0.609252	-135.783418
74	0.031250	750	-0.562809	-136.346227
75	0.028218	750	-0.541036	-136.887263
76	0.025370	750	-0.542358	-137.429620
77	0.022702	750	-0.532206	-137.961826
78	0.020209	750	-0.446496	-138.408322
79	0.017889	750	-0.449413	-138.857735
80	0.015736	750	-0.418072	-139.275807
81	0.013746	750	-0.386656	-139.662463
82	0.011916	750	-0.360151	-140.022613
83	0.010240	750	-0.345884	-140.368497
84	0.008714	750	-0.338038	-140.706535
85	0.007334	750	-0.309006	-141.015541
86	0.006093	750	-0.267354	-141.282895
87	0.004988	750	-0.244932	-141.527827
88	0.004013	750	-0.230541	-141.758368
89	0.003162	750	-0.185952	-141.944320
90	0.002430	750	-0.188967	-142.133287
91	0.001810	750	-0.161698	-142.294985
92	0.001296	750	-0.126071	-142.421056
93	0.000882	750	-0.092126	-142.513183
94	0.000559	750	-0.077414	-142.590597
95	0.000320	750	-0.053313	-142.643909
96	0.000156	750	-0.039910	-142.683819
97	0.000057	750	-0.027328	-142.711147
98	0.000010	750	-0.010912	-142.722059
99	0.000000	750	-0.002376	-142.724435
Log marginal likelihood:	-142.724435
0	0.975187	750	-3.431251	-3.431251
1	0.950747	750	-3.359434	-6.790684
2	0.926679	750	-3.352588	-10.143272
3	0.902980	750	-3.338317	-13.481589
4	0.879648	750	-3.178877	-16.660467
5	0.856682	750	-3.249774	-19.910241
6	0.834079	750	-3.201149	-23.111390
7	0.811838	750	-3.103352	-26.214742
8	0.789957	750	-3.106710	-29.321452
9	0.768433	750	-2.951079	-32.272531
10	0.747266	750	-3.081059	-35.353590
11	0.726452	750	-2.937485	-38.291075
12	0.705989	750	-2.882046	-41.173121
13	0.685877	750	-2.860138	-44.033260
14	0.666112	750	-2.818764	-46.852024
15	0.646693	750	-2.703509	-49.555533
16	0.627618	750	-2.720917	-52.276450
17	0.608884	750	-2.661285	-54.937735
18	0.590490	750	-2.717869	-57.655603
19	0.572433	750	-2.666285	-60.321889
20	0.554712	750	-2.613557	-62.935446
21	0.537324	750	-2.607508	-65.542954
22	0.520268	750	-2.508045	-68.050999
23	0.503540	750	-2.521184	-70.572182
24	0.487139	750	-2.497281	-73.069463
25	0.471063	750	-2.470270	-75.539733
26	0.455310	750	-2.416136	-77.955869
27	0.439877	750	-2.313466	-80.269335
28	0.424762	750	-2.286161	-82.555496
29	0.409963	750	-2.198425	-84.753921
30	0.395478	750	-2.215054	-86.968974
31	0.381305	750	-2.122488	-89.091462
32	0.367440	750	-2.118346	-91.209808
33	0.353883	750	-2.077981	-93.287788
34	0.340630	750	-2.022930	-95.310718
35	0.327680	750	-1.990642	-97.301361
36	0.315030	750	-1.962340	-99.263700
37	0.302677	750	-1.908720	-101.172421
38	0.290619	750	-1.849669	-103.022090
39	0.278855	750	-1.833443	-104.855533
40	0.267381	750	-1.774567	-106.630100
41	0.256195	750	-1.736685	-108.366785
42	0.245294	750	-1.681889	-110.048674
43	0.234677	750	-1.644247	-111.692921
44	0.224340	750	-1.581641	-113.274562
45	0.214281	750	-1.553834	-114.828396
46	0.204498	750	-1.511162	-116.339558
47	0.194988	750	-1.489839	-117.829397
48	0.185749	750	-1.455873	-119.285270
49	0.176777	750	-1.415353	-120.700622
50	0.168070	750	-1.375806	-122.076428
51	0.159626	750	-1.328924	-123.405352
52	0.151441	750	-1.306063	-124.711415
53	0.143514	750	-1.260909	-125.972324
54	0.135841	750	-1.218125	-127.190449
55	0.128420	750	-1.196675	-128.387124
56	0.121247	750	-1.142886	-129.530011
57	0.114320	750	-1.109337	-130.639348
58	0.107637	750	-1.080592	-131.719940
59	0.101193	750	-1.045927	-132.765867
60	0.094986	750	-1.015474	-133.781341
61	0.089014	750	-0.979886	-134.761227
62	0.083273	750	-0.954988	-135.716215
63	0.077760	750	-0.918433	-136.634648
64	0.072472	750	-0.918097	-137.552745
65	0.067406	750	-0.849751	-138.402495
66	0.062558	750	-0.839039	-139.241535
67	0.057926	750	-0.805129	-140.046664
68	0.053506	750	-0.750802	-140.797465
69	0.049295	750	-0.736389	-141.533855
70	0.045289	750	-0.702214	-142.236068
71	0.041485	750	-0.679077	-142.915145
72	0.037880	750	-0.618755	-143.533900
73	0.034469	750	-0.631767	-144.165667
74	0.031250	750	-0.598938	-144.764606
75	0.028218	750	-0.587414	-145.352019
76	0.025370	750	-0.514402	-145.866421
77	0.022702	750	-0.510015	-146.376436
78	0.020209	750	-0.458420	-146.834856
79	0.017889	750	-0.459943	-147.294799
80	0.015736	750	-0.438661	-147.733460
81	0.013746	750	-0.412898	-148.146359
82	0.011916	750	-0.370732	-148.517091
83	0.010240	750	-0.337871	-148.854962
84	0.008714	750	-0.316604	-149.171566
85	0.007334	750	-0.299958	-149.471525
86	0.006093	750	-0.268926	-149.740451
87	0.004988	750	-0.246892	-149.987342
88	0.004013	750	-0.216336	-150.203678
89	0.003162	750	-0.186613	-150.390292
90	0.002430	750	-0.172149	-150.562440
91	0.001810	750	-0.168309	-150.730750
92	0.001296	750	-0.119627	-150.850377
93	0.000882	750	-0.101473	-150.951850
94	0.000559	750	-0.076243	-151.028093
95	0.000320	750	-0.058508	-151.086600
96	0.000156	750	-0.042320	-151.128920
97	0.000057	750	-0.025359	-151.154280
98	0.000010	750	-0.012069	-151.166349
99	0.000000	750	-0.002920	-151.169269
Log marginal likelihood:	-151.169269
0	0.975187	750	-3.347922	-3.347922
1	0.950747	750	-3.279098	-6.627020
2	0.926679	750	-3.275316	-9.902336
3	0.902980	750	-3.209065	-13.111401
4	0.879648	750	-3.189937	-16.301338
5	0.856682	750	-3.086014	-19.387352
6	0.834079	750	-3.082446	-22.469798
7	0.811838	750	-3.019768	-25.489566
8	0.789957	750	-2.939206	-28.428772
9	0.768433	750	-2.948640	-31.377412
10	0.747266	750	-2.889256	-34.266668
11	0.726452	750	-2.828400	-37.095068
12	0.705989	750	-2.771508	-39.866576
13	0.685877	750	-2.734442	-42.601018
14	0.666112	750	-2.706806	-45.307824
15	0.646693	750	-2.660000	-47.967824
16	0.627618	750	-2.631784	-50.599609
17	0.608884	750	-2.589131	-53.188740
18	0.590490	750	-2.515478	-55.704217
19	0.572433	750	-2.537182	-58.241399
20	0.554712	750	-2.501140	-60.742539
21	0.537324	750	-2.474917	-63.217456
22	0.520268	750	-2.332039	-65.549495
23	0.503540	750	-2.466421	-68.015916
24	0.487139	750	-2.251325	-70.267241
25	0.471063	750	-2.257728	-72.524969
26	0.455310	750	-2.273143	-74.798112
27	0.439877	750	-2.254838	-77.052950
28	0.424762	750	-2.265023	-79.317973
29	0.409963	750	-2.082852	-81.400824
30	0.395478	750	-2.046578	-83.447402
31	0.381305	750	-2.057589	-85.504991
32	0.367440	750	-2.069362	-87.574353
33	0.353883	750	-2.038909	-89.613262
34	0.340630	750	-1.919692	-91.532954
35	0.327680	750	-1.921049	-93.454003
36	0.315030	750	-1.891598	-95.345600
37	0.302677	750	-1.908928	-97.254529
38	0.290619	750	-1.836113	-99.090642
39	0.278855	750	-1.827412	-100.918054
40	0.267381	750	-1.760418	-102.678471
41	0.256195	750	-1.734943	-104.413415
42	0.245294	750	-1.653281	-106.066695
43	0.234677	750	-1.663451	-107.730146
44	0.224340	750	-1.616515	-109.346662
45	0.214281	750	-1.576338	-110.923000
46	0.204498	750	-1.511322	-112.434321
47	0.194988	750	-1.495905	-113.930227
48	0.185749	750	-1.435921	-115.366147
49	0.176777	750	-1.424534	-116.790682
50	0.168070	750	-1.405965	-118.196646
51	0.159626	750	-1.324889	-119.521536
52	0.151441	750	-1.270763	-120.792298
53	0.143514	750	-1.278972	-122.071271
54	0.135841	750	-1.219122	-123.290392
55	0.128420	750	-1.191617	-124.482009
56	0.121247	750	-1.177433	-125.659442
57	0.114320	750	-1.122712	-126.782153
58	0.107637	750	-1.080424	-127.862577
59	0.101193	750	-1.068127	-128.930705
60	0.094986	750	-1.006829	-129.937533
61	0.089014	750	-0.982062	-130.919595
62	0.083273	750	-0.948961	-131.868556
63	0.077760	750	-0.923742	-132.792298
64	0.072472	750	-0.907720	-133.700018
65	0.067406	750	-0.858946	-134.558964
66	0.062558	750	-0.845769	-135.404733
67	0.057926	750	-0.775697	-136.180430
68	0.053506	750	-0.795599	-136.976029
69	0.049295	750	-0.751280	-137.727309
70	0.045289	750	-0.708193	-138.435502
71	0.041485	750	-0.664614	-139.100116
72	0.037880	750	-0.636745	-139.736861
73	0.034469	750	-0.624982	-140.361844
74	0.031250	750	-0.593115	-140.954959
75	0.028218	750	-0.541717	-141.496676
76	0.025370	750	-0.535270	-142.031946
77	0.022702	750	-0.495521	-142.527467
78	0.020209	750	-0.465098	-142.992565
79	0.017889	750	-0.443846	-143.436411
80	0.015736	750	-0.451844	-143.888255
81	0.013746	750	-0.395485	-144.283739
82	0.011916	750	-0.368398	-144.652138
83	0.010240	750	-0.389753	-145.041890
84	0.008714	750	-0.316650	-145.358540
85	0.007334	750	-0.306089	-145.664630
86	0.006093	750	-0.285245	-145.949874
87	0.004988	750	-0.268280	-146.218154
88	0.004013	750	-0.231801	-146.449955
89	0.003162	750	-0.193755	-146.643710
90	0.002430	750	-0.185427	-146.829137
91	0.001810	750	-0.149060	-146.978197
92	0.001296	750	-0.138733	-147.116930
93	0.000882	750	-0.105610	-147.222540
94	0.000559	750	-0.090936	-147.313476
95	0.000320	750	-0.057386	-147.370862
96	0.000156	750	-0.039142	-147.410004
97	0.000057	750	-0.024144	-147.434148
98	0.000010	750	-0.011308	-147.445456
99	0.000000	750	-0.002391	-147.447847
Log marginal likelihood:	-147.447847
0	0.975187	750	-3.272812	-3.272812
1	0.950747	750	-3.159499	-6.432311
2	0.926679	750	-3.239402	-9.671713
3	0.902980	750	-3.164898	-12.836611
4	0.879648	750	-3.085881	-15.922491
5	0.856682	750	-3.040539	-18.963030
6	0.834079	750	-3.040718	-22.003748
7	0.811838	750	-2.961926	-24.965673
8	0.789957	750	-2.903952	-27.869626
9	0.768433	750	-2.842838	-30.712464
10	0.747266	750	-2.846140	-33.558603
11	0.726452	750	-2.818460	-36.377063
12	0.705989	750	-2.829243	-39.206305
13	0.685877	750	-2.664687	-41.870992
14	0.666112	750	-2.631898	-44.502891
15	0.646693	750	-2.680713	-47.183603
16	0.627618	750	-2.585235	-49.768838
17	0.608884	750	-2.660703	-52.429541
18	0.590490	750	-2.505523	-54.935064
19	0.572433	750	-2.568911	-57.503975
20	0.554712	750	-2.432327	-59.936302
21	0.537324	750	-2.534331	-62.470633
22	0.520268	750	-2.521900	-64.992533
23	0.503540	750	-2.313734	-67.306267
24	0.487139	750	-2.349290	-69.655557
25	0.471063	750	-2.243879	-71.899437
26	0.455310	750	-2.239129	-74.138566
27	0.439877	750	-2.221816	-76.360382
28	0.424762	750	-2.212914	-78.573295
29	0.409963	750	-2.088205	-80.661501
30	0.395478	750	-2.188146	-82.849646
31	0.381305	750	-2.129128	-84.978775
32	0.367440	750	-2.064467	-87.043242
33	0.353883	750	-2.031096	-89.074338
34	0.340630	750	-2.007456	-91.081794
35	0.327680	750	-1.983426	-93.065220
36	0.315030	750	-1.911643	-94.976863
37	0.302677	750	-1.834268	-96.811131
38	0.290619	750	-1.867923	-98.679054
39	0.278855	750	-1.757212	-100.436266
40	0.267381	750	-1.736427	-102.172693
41	0.256195	750	-1.733158	-103.905851
42	0.245294	750	-1.675342	-105.581192
43	0.234677	750	-1.624572	-107.205765
44	0.224340	750	-1.621284	-108.827049
45	0.214281	750	-1.557195	-110.384244
46	0.204498	750	-1.507193	-111.891437
47	0.194988	750	-1.470420	-113.361857
48	0.185749	750	-1.448050	-114.809908
49	0.176777	750	-1.393645	-116.203553
50	0.168070	750	-1.351486	-117.555039
51	0.159626	750	-1.353161	-118.908200
52	0.151441	750	-1.286713	-120.194913
53	0.143514	750	-1.259430	-121.454342
54	0.135841	750	-1.217329	-122.671672
55	0.128420	750	-1.203283	-123.874954
56	0.121247	750	-1.143426	-125.018380
57	0.114320	750	-1.095571	-126.113951
58	0.107637	750	-1.098105	-127.212056
59	0.101193	750	-1.049437	-128.261493
60	0.094986	750	-1.003642	-129.265134
61	0.089014	750	-0.966445	-130.231579
62	0.083273	750	-0.946480	-131.178059
63	0.077760	750	-0.933587	-132.111646
64	0.072472	750	-0.865641	-132.977287
65	0.067406	750	-0.862490	-133.839777
66	0.062558	750	-0.817034	-134.656811
67	0.057926	750	-0.787306	-135.444117
68	0.053506	750	-0.766529	-136.210646
69	0.049295	750	-0.729077	-136.939723
70	0.045289	750	-0.692855	-137.632578
71	0.041485	750	-0.671544	-138.304122
72	0.037880	750	-0.634744	-138.938866
73	0.034469	750	-0.605703	-139.544569
74	0.031250	750	-0.631219	-140.175788
75	0.028218	750	-0.546492	-140.722280
76	0.025370	750	-0.527346	-141.249626
77	0.022702	750	-0.508124	-141.757750
78	0.020209	750	-0.478114	-142.235863
79	0.017889	750	-0.441042	-142.676905
80	0.015736	750	-0.409660	-143.086565
81	0.013746	750	-0.447987	-143.534552
82	0.011916	750	-0.382258	-143.916810
83	0.010240	750	-0.370913	-144.287724
84	0.008714	750	-0.319407	-144.607130
85	0.007334	750	-0.302193	-144.909323
86	0.006093	750	-0.260382	-145.169705
87	0.004988	750	-0.234992	-145.404698
88	0.004013	750	-0.222306	-145.627004
89	0.003162	750	-0.223549	-145.850552
90	0.002430	750	-0.152713	-146.003265
91	0.001810	750	-0.163344	-146.166608
92	0.001296	750	-0.126691	-146.293299
93	0.000882	750	-0.099799	-146.393098
94	0.000559	750	-0.074243	-146.467340
95	0.000320	750	-0.059375	-146.526715
96	0.000156	750	-0.041731	-146.568446
97	0.000057	750	-0.024174	-146.592619
98	0.000010	750	-0.012610	-146.605230
99	0.000000	750	-0.003051	-146.608281
Log marginal likelihood:	-146.608281
0	0.975187	750	-3.292899	-3.292899
1	0.950747	750	-3.252965	-6.545864
2	0.926679	750	-3.194586	-9.740449
3	0.902980	750	-3.135912	-12.876361
4	0.879648	750	-3.093674	-15.970036
5	0.856682	750	-3.043982	-19.014017
6	0.834079	750	-3.032517	-22.046534
7	0.811838	750	-2.968108	-25.014642
8	0.789957	750	-2.910720	-27.925362
9	0.768433	750	-2.869259	-30.794622
10	0.747266	750	-2.815950	-33.610572
11	0.726452	750	-2.773043	-36.383615
12	0.705989	750	-2.748771	-39.132385
13	0.685877	750	-2.715217	-41.847602
14	0.666112	750	-2.620800	-44.468403
15	0.646693	750	-2.599669	-47.068071
16	0.627618	750	-2.566959	-49.635030
17	0.608884	750	-2.514578	-52.149608
18	0.590490	750	-2.600244	-54.749852
19	0.572433	750	-2.466356	-57.216207
20	0.554712	750	-2.437652	-59.653859
21	0.537324	750	-2.352104	-62.005963
22	0.520268	750	-2.328904	-64.334867
23	0.503540	750	-2.339697	-66.674564
24	0.487139	750	-2.258350	-68.932914
25	0.471063	750	-2.193099	-71.126013
26	0.455310	750	-2.165437	-73.291450
27	0.439877	750	-2.135469	-75.426919
28	0.424762	750	-2.165859	-77.592778
29	0.409963	750	-2.085219	-79.677997
30	0.395478	750	-2.048331	-81.726328
31	0.381305	750	-2.106182	-83.832510
32	0.367440	750	-2.064562	-85.897072
33	0.353883	750	-1.850028	-87.747100
34	0.340630	750	-1.905574	-89.652673
35	0.327680	750	-1.906020	-91.558693
36	0.315030	750	-1.955772	-93.514465
37	0.302677	750	-1.855091	-95.369556
38	0.290619	750	-1.816086	-97.185642
39	0.278855	750	-1.710935	-98.896576
40	0.267381	750	-1.724450	-100.621027
41	0.256195	750	-1.735077	-102.356104
42	0.245294	750	-1.639987	-103.996091
43	0.234677	750	-1.570058	-105.566148
44	0.224340	750	-1.539620	-107.105768
45	0.214281	750	-1.507102	-108.612870
46	0.204498	750	-1.518328	-110.131198
47	0.194988	750	-1.447113	-111.578311
48	0.185749	750	-1.424156	-113.002467
49	0.176777	750	-1.356487	-114.358954
50	0.168070	750	-1.364987	-115.723941
51	0.159626	750	-1.330349	-117.054290
52	0.151441	750	-1.297788	-118.352079
53	0.143514	750	-1.247612	-119.599691
54	0.135841	750	-1.192125	-120.791816
55	0.128420	750	-1.179562	-121.971378
56	0.121247	750	-1.121937	-123.093315
57	0.114320	750	-1.124705	-124.218020
58	0.107637	750	-1.085832	-125.303852
59	0.101193	750	-1.069632	-126.373485
60	0.094986	750	-0.993674	-127.367159
61	0.089014	750	-0.968976	-128.336135
62	0.083273	750	-0.942534	-129.278669
63	0.077760	750	-0.893912	-130.172581
64	0.072472	750	-0.870521	-131.043102
65	0.067406	750	-0.854878	-131.897980
66	0.062558	750	-0.833663	-132.731643
67	0.057926	750	-0.763620	-133.495263
68	0.053506	750	-0.769152	-134.264415
69	0.049295	750	-0.715214	-134.979629
70	0.045289	750	-0.743306	-135.722935
71	0.041485	750	-0.669203	-136.392138
72	0.037880	750	-0.633938	-137.026076
73	0.034469	750	-0.608618	-137.634695
74	0.031250	750	-0.598814	-138.233508
75	0.028218	750	-0.559103	-138.792611
76	0.025370	750	-0.527247	-139.319858
77	0.022702	750	-0.480791	-139.800649
78	0.020209	750	-0.472178	-140.272827
79	0.017889	750	-0.468941	-140.741768
80	0.015736	750	-0.419060	-141.160828
81	0.013746	750	-0.364134	-141.524962
82	0.011916	750	-0.360578	-141.885540
83	0.010240	750	-0.343737	-142.229277
84	0.008714	750	-0.321135	-142.550412
85	0.007334	750	-0.347639	-142.898051
86	0.006093	750	-0.258938	-143.156989
87	0.004988	750	-0.231678	-143.388667
88	0.004013	750	-0.217540	-143.606208
89	0.003162	750	-0.188476	-143.794684
90	0.002430	750	-0.173051	-143.967735
91	0.001810	750	-0.144325	-144.112060
92	0.001296	750	-0.123480	-144.235539
93	0.000882	750	-0.107355	-144.342894
94	0.000559	750	-0.081215	-144.424109
95	0.000320	750	-0.060166	-144.484275
96	0.000156	750	-0.042083	-144.526358
97	0.000057	750	-0.025635	-144.551993
98	0.000010	750	-0.011864	-144.563856
99	0.000000	750	-0.002529	-144.566385
Log marginal likelihood:	-144.566385
0	0.975187	750	-3.190147	-3.190147
1	0.950747	750	-3.150652	-6.340799
2	0.926679	750	-3.089538	-9.430337
3	0.902980	750	-3.038596	-12.468933
4	0.879648	750	-2.996107	-15.465041
5	0.856682	750	-2.945704	-18.410745
6	0.834079	750	-2.891460	-21.302204
7	0.811838	750	-2.861573	-24.163777
8	0.789957	750	-2.838586	-27.002363
9	0.768433	750	-2.779657	-29.782020
10	0.747266	750	-2.740563	-32.522583
11	0.726452	750	-2.693176	-35.215759
12	0.705989	750	-2.650705	-37.866464
13	0.685877	750	-2.618746	-40.485210
14	0.666112	750	-2.568116	-43.053326
15	0.646693	750	-2.538329	-45.591655
16	0.627618	750	-2.497125	-48.088779
17	0.608884	750	-2.431892	-50.520671
18	0.590490	750	-2.390121	-52.910792
19	0.572433	750	-2.361453	-55.272245
20	0.554712	750	-2.349275	-57.621521
21	0.537324	750	-2.316764	-59.938285
22	0.520268	750	-2.240086	-62.178371
23	0.503540	750	-2.202844	-64.381215
24	0.487139	750	-2.201009	-66.582224
25	0.471063	750	-2.148070	-68.730294
26	0.455310	750	-2.082104	-70.812398
27	0.439877	750	-2.067063	-72.879462
28	0.424762	750	-2.026605	-74.906066
29	0.409963	750	-1.974163	-76.880229
30	0.395478	750	-1.961883	-78.842112
31	0.381305	750	-1.965774	-80.807886
32	0.367440	750	-1.896889	-82.704775
33	0.353883	750	-1.814983	-84.519758
34	0.340630	750	-1.779939	-86.299696
35	0.327680	750	-1.786316	-88.086013
36	0.315030	750	-1.755499	-89.841512
37	0.302677	750	-1.721596	-91.563108
38	0.290619	750	-1.703063	-93.266170
39	0.278855	750	-1.688573	-94.954743
40	0.267381	750	-1.720318	-96.675061
41	0.256195	750	-1.600828	-98.275890
42	0.245294	750	-1.543397	-99.819287
43	0.234677	750	-1.641299	-101.460587
44	0.224340	750	-1.604102	-103.064689
45	0.214281	750	-1.531944	-104.596633
46	0.204498	750	-1.392121	-105.988754
47	0.194988	750	-1.455950	-107.444703
48	0.185749	750	-1.347027	-108.791730
49	0.176777	750	-1.384247	-110.175977
50	0.168070	750	-1.387442	-111.563418
51	0.159626	750	-1.339861	-112.903279
52	0.151441	750	-1.309764	-114.213043
53	0.143514	750	-1.272926	-115.485969
54	0.135841	750	-1.226683	-116.712652
55	0.128420	750	-1.193664	-117.906316
56	0.121247	750	-1.137247	-119.043563
57	0.114320	750	-1.119194	-120.162758
58	0.107637	750	-1.082762	-121.245519
59	0.101193	750	-1.040353	-122.285872
60	0.094986	750	-1.018798	-123.304670
61	0.089014	750	-0.994162	-124.298832
62	0.083273	750	-0.937185	-125.236017
63	0.077760	750	-0.908778	-126.144795
64	0.072472	750	-0.901861	-127.046656
65	0.067406	750	-0.857819	-127.904475
66	0.062558	750	-0.842755	-128.747230
67	0.057926	750	-0.786247	-129.533477
68	0.053506	750	-0.770470	-130.303947
69	0.049295	750	-0.727149	-131.031096
70	0.045289	750	-0.691469	-131.722565
71	0.041485	750	-0.689854	-132.412419
72	0.037880	750	-0.644195	-133.056615
73	0.034469	750	-0.605579	-133.662194
74	0.031250	750	-0.598929	-134.261122
75	0.028218	750	-0.560609	-134.821732
76	0.025370	750	-0.529484	-135.351216
77	0.022702	750	-0.512199	-135.863415
78	0.020209	750	-0.471655	-136.335070
79	0.017889	750	-0.469468	-136.804538
80	0.015736	750	-0.457536	-137.262075
81	0.013746	750	-0.428463	-137.690538
82	0.011916	750	-0.425067	-138.115605
83	0.010240	750	-0.376116	-138.491721
84	0.008714	750	-0.327916	-138.819637
85	0.007334	750	-0.314721	-139.134358
86	0.006093	750	-0.266004	-139.400362
87	0.004988	750	-0.244138	-139.644500
88	0.004013	750	-0.210986	-139.855486
89	0.003162	750	-0.180949	-140.036435
90	0.002430	750	-0.168675	-140.205110
91	0.001810	750	-0.160782	-140.365891
92	0.001296	750	-0.130187	-140.496078
93	0.000882	750	-0.088474	-140.584552
94	0.000559	750	-0.074828	-140.659380
95	0.000320	750	-0.064704	-140.724085
96	0.000156	750	-0.039950	-140.764035
97	0.000057	750	-0.029123	-140.793157
98	0.000010	750	-0.012818	-140.805976
99	0.000000	750	-0.002657	-140.808632
Log marginal likelihood:	-140.808632
0	0.975187	750	-3.332057	-3.332057
1	0.950747	750	-3.240045	-6.572102
2	0.926679	750	-3.241503	-9.813605
3	0.902980	750	-3.159934	-12.973539
4	0.879648	750	-3.152808	-16.126348
5	0.856682	750	-3.059186	-19.185534
6	0.834079	750	-3.039129	-22.224663
7	0.811838	750	-2.980572	-25.205235
8	0.789957	750	-2.952247	-28.157482
9	0.768433	750	-2.940577	-31.098059
10	0.747266	750	-2.851935	-33.949994
11	0.726452	750	-2.784410	-36.734404
12	0.705989	750	-2.751307	-39.485711
13	0.685877	750	-2.708082	-42.193793
14	0.666112	750	-2.675611	-44.869404
15	0.646693	750	-2.619110	-47.488514
16	0.627618	750	-2.619684	-50.108198
17	0.608884	750	-2.618572	-52.726770
18	0.590490	750	-2.497540	-55.224309
19	0.572433	750	-2.453548	-57.677858
20	0.554712	750	-2.401826	-60.079684
21	0.537324	750	-2.370420	-62.450104
22	0.520268	750	-2.371936	-64.822040
23	0.503540	750	-2.298242	-67.120282
24	0.487139	750	-2.280611	-69.400893
25	0.471063	750	-2.266588	-71.667481
26	0.455310	750	-2.374747	-74.042228
27	0.439877	750	-2.200747	-76.242975
28	0.424762	750	-2.170707	-78.413682
29	0.409963	750	-2.188855	-80.602537
30	0.395478	750	-2.138119	-82.740656
31	0.381305	750	-2.050275	-84.790931
32	0.367440	750	-2.070928	-86.861860
33	0.353883	750	-1.972169	-88.834028
34	0.340630	750	-2.052762	-90.886790
35	0.327680	750	-1.934383	-92.821173
36	0.315030	750	-1.954073	-94.775246
37	0.302677	750	-1.918300	-96.693546
38	0.290619	750	-1.798652	-98.492198
39	0.278855	750	-1.759838	-100.252036
40	0.267381	750	-1.759852	-102.011888
41	0.256195	750	-1.738434	-103.750322
42	0.245294	750	-1.664330	-105.414652
43	0.234677	750	-1.641799	-107.056451
44	0.224340	750	-1.612816	-108.669267
45	0.214281	750	-1.539386	-110.208653
46	0.204498	750	-1.500570	-111.709223
47	0.194988	750	-1.512133	-113.221355
48	0.185749	750	-1.463834	-114.685189
49	0.176777	750	-1.421746	-116.106936
50	0.168070	750	-1.388782	-117.495718
51	0.159626	750	-1.344837	-118.840555
52	0.151441	750	-1.285768	-120.126323
53	0.143514	750	-1.259893	-121.386217
54	0.135841	750	-1.180827	-122.567043
55	0.128420	750	-1.183687	-123.750730
56	0.121247	750	-1.100413	-124.851143
57	0.114320	750	-1.104468	-125.955611
58	0.107637	750	-1.123945	-127.079556
59	0.101193	750	-1.056594	-128.136150
60	0.094986	750	-1.038330	-129.174481
61	0.089014	750	-0.994539	-130.169019
62	0.083273	750	-0.961340	-131.130360
63	0.077760	750	-0.917759	-132.048119
64	0.072472	750	-0.878283	-132.926402
65	0.067406	750	-0.844065	-133.770467
66	0.062558	750	-0.804915	-134.575383
67	0.057926	750	-0.800691	-135.376074
68	0.053506	750	-0.768047	-136.144121
69	0.049295	750	-0.721090	-136.865211
70	0.045289	750	-0.739275	-137.604486
71	0.041485	750	-0.675098	-138.279584
72	0.037880	750	-0.621835	-138.901419
73	0.034469	750	-0.635003	-139.536422
74	0.031250	750	-0.578854	-140.115276
75	0.028218	750	-0.579342	-140.694618
76	0.025370	750	-0.517910	-141.212528
77	0.022702	750	-0.490835	-141.703363
78	0.020209	750	-0.514544	-142.217907
79	0.017889	750	-0.502940	-142.720847
80	0.015736	750	-0.442345	-143.163192
81	0.013746	750	-0.390650	-143.553842
82	0.011916	750	-0.403777	-143.957619
83	0.010240	750	-0.373526	-144.331145
84	0.008714	750	-0.315316	-144.646460
85	0.007334	750	-0.295443	-144.941903
86	0.006093	750	-0.287788	-145.229691
87	0.004988	750	-0.283811	-145.513502
88	0.004013	750	-0.220056	-145.733558
89	0.003162	750	-0.191120	-145.924678
90	0.002430	750	-0.168902	-146.093580
91	0.001810	750	-0.146654	-146.240234
92	0.001296	750	-0.124617	-146.364852
93	0.000882	750	-0.099297	-146.464149
94	0.000559	750	-0.078251	-146.542400
95	0.000320	750	-0.054618	-146.597018
96	0.000156	750	-0.041854	-146.638872
97	0.000057	750	-0.024659	-146.663531
98	0.000010	750	-0.010731	-146.674262
99	0.000000	750	-0.002500	-146.676762
Log marginal likelihood:	-146.676762
0	0.975187	750	-3.132124	-3.132124
1	0.950747	750	-3.103682	-6.235806
2	0.926679	750	-3.072754	-9.308560
3	0.902980	750	-3.014964	-12.323525
4	0.879648	750	-2.951529	-15.275054
5	0.856682	750	-2.918528	-18.193582
6	0.834079	750	-2.893088	-21.086671
7	0.811838	750	-2.844151	-23.930821
8	0.789957	750	-2.793526	-26.724347
9	0.768433	750	-2.782575	-29.506922
10	0.747266	750	-2.722159	-32.229081
11	0.726452	750	-2.659662	-34.888742
12	0.705989	750	-2.613746	-37.502488
13	0.685877	750	-2.600306	-40.102793
14	0.666112	750	-2.546285	-42.649079
15	0.646693	750	-2.524539	-45.173617
16	0.627618	750	-2.451761	-47.625379
17	0.608884	750	-2.415781	-50.041160
18	0.590490	750	-2.395140	-52.436300
19	0.572433	750	-2.365879	-54.802179
20	0.554712	750	-2.362808	-57.164987
21	0.537324	750	-2.285014	-59.450001
22	0.520268	750	-2.205543	-61.655544
23	0.503540	750	-2.180677	-63.836222
24	0.487139	750	-2.145053	-65.981275
25	0.471063	750	-2.184112	-68.165387
26	0.455310	750	-2.160524	-70.325911
27	0.439877	750	-2.047460	-72.373371
28	0.424762	750	-2.057447	-74.430818
29	0.409963	750	-2.125488	-76.556306
30	0.395478	750	-1.909171	-78.465477
31	0.381305	750	-1.977149	-80.442626
32	0.367440	750	-1.992998	-82.435624
33	0.353883	750	-1.949282	-84.384906
34	0.340630	750	-1.918604	-86.303510
35	0.327680	750	-1.917517	-88.221026
36	0.315030	750	-1.950772	-90.171799
37	0.302677	750	-1.850795	-92.022594
38	0.290619	750	-1.844979	-93.867573
39	0.278855	750	-1.793639	-95.661212
40	0.267381	750	-1.666396	-97.327608
41	0.256195	750	-1.705983	-99.033592
42	0.245294	750	-1.658827	-100.692419
43	0.234677	750	-1.646404	-102.338823
44	0.224340	750	-1.572547	-103.911370
45	0.214281	750	-1.478022	-105.389392
46	0.204498	750	-1.489969	-106.879361
47	0.194988	750	-1.423272	-108.302633
48	0.185749	750	-1.417555	-109.720188
49	0.176777	750	-1.379720	-111.099908
50	0.168070	750	-1.360478	-112.460386
51	0.159626	750	-1.346312	-113.806698
52	0.151441	750	-1.283238	-115.089935
53	0.143514	750	-1.275289	-116.365224
54	0.135841	750	-1.215519	-117.580743
55	0.128420	750	-1.185266	-118.766009
56	0.121247	750	-1.146956	-119.912965
57	0.114320	750	-1.122450	-121.035414
58	0.107637	750	-1.070388	-122.105802
59	0.101193	750	-1.061029	-123.166831
60	0.094986	750	-1.004083	-124.170915
61	0.089014	750	-0.967325	-125.138240
62	0.083273	750	-0.968832	-126.107072
63	0.077760	750	-0.916496	-127.023568
64	0.072472	750	-0.882435	-127.906003
65	0.067406	750	-0.850075	-128.756078
66	0.062558	750	-0.799251	-129.555329
67	0.057926	750	-0.778480	-130.333809
68	0.053506	750	-0.760918	-131.094727
69	0.049295	750	-0.705663	-131.800390
70	0.045289	750	-0.710166	-132.510557
71	0.041485	750	-0.677787	-133.188343
72	0.037880	750	-0.675606	-133.863950
73	0.034469	750	-0.602744	-134.466694
74	0.031250	750	-0.580492	-135.047186
75	0.028218	750	-0.544067	-135.591253
76	0.025370	750	-0.561678	-136.152930
77	0.022702	750	-0.517679	-136.670609
78	0.020209	750	-0.492885	-137.163494
79	0.017889	750	-0.456767	-137.620261
80	0.015736	750	-0.424893	-138.045154
81	0.013746	750	-0.388590	-138.433745
82	0.011916	750	-0.403303	-138.837047
83	0.010240	750	-0.342170	-139.179217
84	0.008714	750	-0.314272	-139.493489
85	0.007334	750	-0.277182	-139.770672
86	0.006093	750	-0.281285	-140.051957
87	0.004988	750	-0.243643	-140.295599
88	0.004013	750	-0.215010	-140.510610
89	0.003162	750	-0.170181	-140.680790
90	0.002430	750	-0.174831	-140.855621
91	0.001810	750	-0.159030	-141.014652
92	0.001296	750	-0.140735	-141.155387
93	0.000882	750	-0.101319	-141.256706
94	0.000559	750	-0.082785	-141.339491
95	0.000320	750	-0.061974	-141.401465
96	0.000156	750	-0.044272	-141.445737
97	0.000057	750	-0.025088	-141.470825
98	0.000010	750	-0.012156	-141.482982
99	0.000000	750	-0.002682	-141.485663
Log marginal likelihood:	-141.485663
0	0.975187	750	-3.420954	-3.420954
1	0.950747	750	-3.357623	-6.778577
2	0.926679	750	-3.285671	-10.064248
3	0.902980	750	-3.259904	-13.324152
4	0.879648	750	-3.223474	-16.547626
5	0.856682	750	-3.161161	-19.708787
6	0.834079	750	-3.154249	-22.863037
7	0.811838	750	-3.072239	-25.935276
8	0.789957	750	-3.024587	-28.959863
9	0.768433	750	-2.983868	-31.943731
10	0.747266	750	-2.925921	-34.869652
11	0.726452	750	-2.875728	-37.745380
12	0.705989	750	-2.837302	-40.582682
13	0.685877	750	-2.786334	-43.369017
14	0.666112	750	-2.797802	-46.166819
15	0.646693	750	-2.692750	-48.859569
16	0.627618	750	-2.664207	-51.523776
17	0.608884	750	-2.638318	-54.162094
18	0.590490	750	-2.584544	-56.746639
19	0.572433	750	-2.522837	-59.269476
20	0.554712	750	-2.519516	-61.788991
21	0.537324	750	-2.501051	-64.290043
22	0.520268	750	-2.455999	-66.746042
23	0.503540	750	-2.456852	-69.202894
24	0.487139	750	-2.302925	-71.505819
25	0.471063	750	-2.277038	-73.782857
26	0.455310	750	-2.223092	-76.005949
27	0.439877	750	-2.243051	-78.249000
28	0.424762	750	-2.323014	-80.572013
29	0.409963	750	-2.291489	-82.863502
30	0.395478	750	-2.070693	-84.934195
31	0.381305	750	-2.071551	-87.005746
32	0.367440	750	-2.202762	-89.208508
33	0.353883	750	-2.141644	-91.350153
34	0.340630	750	-2.023442	-93.373595
35	0.327680	750	-2.056521	-95.430115
36	0.315030	750	-1.897495	-97.327610
37	0.302677	750	-1.980618	-99.308229
38	0.290619	750	-1.870646	-101.178875
39	0.278855	750	-1.849988	-103.028863
40	0.267381	750	-1.803711	-104.832574
41	0.256195	750	-1.795157	-106.627731
42	0.245294	750	-1.698326	-108.326056
43	0.234677	750	-1.720606	-110.046662
44	0.224340	750	-1.639897	-111.686559
45	0.214281	750	-1.627417	-113.313976
46	0.204498	750	-1.590981	-114.904957
47	0.194988	750	-1.539129	-116.444086
48	0.185749	750	-1.500335	-117.944421
49	0.176777	750	-1.471394	-119.415815
50	0.168070	750	-1.427488	-120.843303
51	0.159626	750	-1.386070	-122.229373
52	0.151441	750	-1.330003	-123.559376
53	0.143514	750	-1.278757	-124.838133
54	0.135841	750	-1.276625	-126.114758
55	0.128420	750	-1.217229	-127.331987
56	0.121247	750	-1.196399	-128.528386
57	0.114320	750	-1.162499	-129.690886
58	0.107637	750	-1.105111	-130.795997
59	0.101193	750	-1.076789	-131.872786
60	0.094986	750	-1.058916	-132.931702
61	0.089014	750	-0.983746	-133.915448
62	0.083273	750	-0.971710	-134.887158
63	0.077760	750	-0.940321	-135.827480
64	0.072472	750	-0.918741	-136.746221
65	0.067406	750	-0.877079	-137.623300
66	0.062558	750	-0.832435	-138.455735
67	0.057926	750	-0.836276	-139.292011
68	0.053506	750	-0.775073	-140.067084
69	0.049295	750	-0.772020	-140.839104
70	0.045289	750	-0.751284	-141.590388
71	0.041485	750	-0.676251	-142.266639
72	0.037880	750	-0.631412	-142.898052
73	0.034469	750	-0.630081	-143.528132
74	0.031250	750	-0.615944	-144.144076
75	0.028218	750	-0.628518	-144.772595
76	0.025370	750	-0.526835	-145.299430
77	0.022702	750	-0.514027	-145.813457
78	0.020209	750	-0.499487	-146.312944
79	0.017889	750	-0.497317	-146.810261
80	0.015736	750	-0.453818	-147.264079
81	0.013746	750	-0.404691	-147.668770
82	0.011916	750	-0.399685	-148.068455
83	0.010240	750	-0.350189	-148.418644
84	0.008714	750	-0.317409	-148.736053
85	0.007334	750	-0.314214	-149.050267
86	0.006093	750	-0.277660	-149.327927
87	0.004988	750	-0.255091	-149.583018
88	0.004013	750	-0.232769	-149.815787
89	0.003162	750	-0.190542	-150.006329
90	0.002430	750	-0.191548	-150.197877
91	0.001810	750	-0.156533	-150.354410
92	0.001296	750	-0.136746	-150.491156
93	0.000882	750	-0.106354	-150.597509
94	0.000559	750	-0.075484	-150.672993
95	0.000320	750	-0.054055	-150.727048
96	0.000156	750	-0.042518	-150.769565
97	0.000057	750	-0.022746	-150.792311
98	0.000010	750	-0.011409	-150.803720
99	0.000000	750	-0.002336	-150.806056
Log marginal likelihood:	-150.806056
0	0.975187	750	-3.175754	-3.175754
1	0.950747	750	-3.107080	-6.282834
2	0.926679	750	-3.067077	-9.349911
3	0.902980	750	-3.030646	-12.380557
4	0.879648	750	-2.986319	-15.366876
5	0.856682	750	-2.935010	-18.301886
6	0.834079	750	-2.893021	-21.194906
7	0.811838	750	-2.858146	-24.053053
8	0.789957	750	-2.827108	-26.880161
9	0.768433	750	-2.745654	-29.625815
10	0.747266	750	-2.742482	-32.368297
11	0.726452	750	-2.668075	-35.036372
12	0.705989	750	-2.639278	-37.675649
13	0.685877	750	-2.590959	-40.266608
14	0.666112	750	-2.683726	-42.950334
15	0.646693	750	-2.492916	-45.443250
16	0.627618	750	-2.467106	-47.910356
17	0.608884	750	-2.459394	-50.369751
18	0.590490	750	-2.453497	-52.823247
19	0.572433	750	-2.348609	-55.171857
20	0.554712	750	-2.363682	-57.535539
21	0.537324	750	-2.388806	-59.924345
22	0.520268	750	-2.223127	-62.147472
23	0.503540	750	-2.215222	-64.362693
24	0.487139	750	-2.147789	-66.510482
25	0.471063	750	-2.263404	-68.773886
26	0.455310	750	-2.316966	-71.090852
27	0.439877	750	-2.097961	-73.188813
28	0.424762	750	-2.030990	-75.219802
29	0.409963	750	-1.969297	-77.189100
30	0.395478	750	-1.970206	-79.159306
31	0.381305	750	-1.986034	-81.145340
32	0.367440	750	-1.873311	-83.018651
33	0.353883	750	-1.921329	-84.939979
34	0.340630	750	-1.871172	-86.811151
35	0.327680	750	-1.893631	-88.704782
36	0.315030	750	-1.820618	-90.525400
37	0.302677	750	-1.820903	-92.346303
38	0.290619	750	-1.764543	-94.110846
39	0.278855	750	-1.748231	-95.859077
40	0.267381	750	-1.744922	-97.603999
41	0.256195	750	-1.672072	-99.276071
42	0.245294	750	-1.493384	-100.769455
43	0.234677	750	-1.616035	-102.385491
44	0.224340	750	-1.546723	-103.932214
45	0.214281	750	-1.508299	-105.440512
46	0.204498	750	-1.497642	-106.938154
47	0.194988	750	-1.466154	-108.404309
48	0.185749	750	-1.427251	-109.831560
49	0.176777	750	-1.362689	-111.194249
50	0.168070	750	-1.333288	-112.527536
51	0.159626	750	-1.307664	-113.835201
52	0.151441	750	-1.279682	-115.114883
53	0.143514	750	-1.226249	-116.341132
54	0.135841	750	-1.206281	-117.547413
55	0.128420	750	-1.150738	-118.698151
56	0.121247	750	-1.137288	-119.835439
57	0.114320	750	-1.100246	-120.935684
58	0.107637	750	-1.069389	-122.005073
59	0.101193	750	-1.017528	-123.022601
60	0.094986	750	-0.981103	-124.003704
61	0.089014	750	-0.969521	-124.973225
62	0.083273	750	-0.920182	-125.893407
63	0.077760	750	-0.892833	-126.786240
64	0.072472	750	-0.883461	-127.669701
65	0.067406	750	-0.833100	-128.502801
66	0.062558	750	-0.776975	-129.279775
67	0.057926	750	-0.787010	-130.066786
68	0.053506	750	-0.750809	-130.817595
69	0.049295	750	-0.709457	-131.527051
70	0.045289	750	-0.698776	-132.225828
71	0.041485	750	-0.672995	-132.898823
72	0.037880	750	-0.630670	-133.529493
73	0.034469	750	-0.606430	-134.135923
74	0.031250	750	-0.569013	-134.704935
75	0.028218	750	-0.581032	-135.285967
76	0.025370	750	-0.511332	-135.797299
77	0.022702	750	-0.505625	-136.302924
78	0.020209	750	-0.472189	-136.775113
79	0.017889	750	-0.477021	-137.252134
80	0.015736	750	-0.428519	-137.680653
81	0.013746	750	-0.377086	-138.057739
82	0.011916	750	-0.346191	-138.403930
83	0.010240	750	-0.345666	-138.749596
84	0.008714	750	-0.330970	-139.080565
85	0.007334	750	-0.307081	-139.387647
86	0.006093	750	-0.264812	-139.652458
87	0.004988	750	-0.267391	-139.919849
88	0.004013	750	-0.230244	-140.150093
89	0.003162	750	-0.197419	-140.347512
90	0.002430	750	-0.169763	-140.517274
91	0.001810	750	-0.159740	-140.677014
92	0.001296	750	-0.124028	-140.801042
93	0.000882	750	-0.103371	-140.904414
94	0.000559	750	-0.091087	-140.995501
95	0.000320	750	-0.061309	-141.056809
96	0.000156	750	-0.037542	-141.094352
97	0.000057	750	-0.023449	-141.117801
98	0.000010	750	-0.011343	-141.129144
99	0.000000	750	-0.002623	-141.131767
Log marginal likelihood:	-141.131767
0	0.975187	750	-3.046642	-3.046642
1	0.950747	750	-2.982360	-6.029002
2	0.926679	750	-2.973494	-9.002496
3	0.902980	750	-2.954445	-11.956941
4	0.879648	750	-2.859953	-14.816893
5	0.856682	750	-2.855471	-17.672364
6	0.834079	750	-2.787714	-20.460078
7	0.811838	750	-2.754510	-23.214587
8	0.789957	750	-2.695166	-25.909754
9	0.768433	750	-2.655635	-28.565389
10	0.747266	750	-2.645621	-31.211010
11	0.726452	750	-2.587210	-33.798220
12	0.705989	750	-2.533760	-36.331979
13	0.685877	750	-2.514034	-38.846013
14	0.666112	750	-2.479201	-41.325214
15	0.646693	750	-2.440246	-43.765460
16	0.627618	750	-2.445494	-46.210954
17	0.608884	750	-2.374854	-48.585808
18	0.590490	750	-2.331053	-50.916860
19	0.572433	750	-2.346277	-53.263137
20	0.554712	750	-2.219310	-55.482447
21	0.537324	750	-2.202021	-57.684469
22	0.520268	750	-2.183635	-59.868103
23	0.503540	750	-2.151321	-62.019424
24	0.487139	750	-2.051529	-64.070953
25	0.471063	750	-2.084793	-66.155746
26	0.455310	750	-2.010976	-68.166722
27	0.439877	750	-2.047608	-70.214330
28	0.424762	750	-1.991525	-72.205855
29	0.409963	750	-1.935515	-74.141370
30	0.395478	750	-1.989337	-76.130707
31	0.381305	750	-2.006286	-78.136992
32	0.367440	750	-2.106386	-80.243379
33	0.353883	750	-1.861400	-82.104779
34	0.340630	750	-1.805534	-83.910313
35	0.327680	750	-1.833743	-85.744056
36	0.315030	750	-1.754447	-87.498503
37	0.302677	750	-1.853802	-89.352304
38	0.290619	750	-1.820646	-91.172950
39	0.278855	750	-1.802296	-92.975247
40	0.267381	750	-1.744795	-94.720042
41	0.256195	750	-1.713426	-96.433468
42	0.245294	750	-1.571514	-98.004982
43	0.234677	750	-1.576535	-99.581517
44	0.224340	750	-1.530071	-101.111588
45	0.214281	750	-1.513830	-102.625418
46	0.204498	750	-1.528162	-104.153580
47	0.194988	750	-1.454612	-105.608192
48	0.185749	750	-1.406154	-107.014347
49	0.176777	750	-1.421198	-108.435545
50	0.168070	750	-1.352224	-109.787768
51	0.159626	750	-1.300734	-111.088502
52	0.151441	750	-1.268723	-112.357226
53	0.143514	750	-1.197942	-113.555168
54	0.135841	750	-1.204144	-114.759312
55	0.128420	750	-1.178798	-115.938109
56	0.121247	750	-1.125768	-117.063878
57	0.114320	750	-1.097323	-118.161200
58	0.107637	750	-1.070431	-119.231631
59	0.101193	750	-1.008780	-120.240411
60	0.094986	750	-0.982767	-121.223178
61	0.089014	750	-0.979234	-122.202412
62	0.083273	750	-0.950442	-123.152854
63	0.077760	750	-0.910043	-124.062897
64	0.072472	750	-0.863811	-124.926707
65	0.067406	750	-0.830395	-125.757103
66	0.062558	750	-0.841325	-126.598427
67	0.057926	750	-0.785657	-127.384085
68	0.053506	750	-0.765451	-128.149535
69	0.049295	750	-0.724889	-128.874424
70	0.045289	750	-0.687541	-129.561965
71	0.041485	750	-0.653503	-130.215468
72	0.037880	750	-0.622387	-130.837855
73	0.034469	750	-0.588597	-131.426452
74	0.031250	750	-0.609599	-132.036052
75	0.028218	750	-0.549429	-132.585480
76	0.025370	750	-0.511338	-133.096819
77	0.022702	750	-0.512443	-133.609262
78	0.020209	750	-0.477605	-134.086867
79	0.017889	750	-0.468102	-134.554969
80	0.015736	750	-0.425562	-134.980531
81	0.013746	750	-0.383084	-135.363615
82	0.011916	750	-0.357054	-135.720669
83	0.010240	750	-0.366867	-136.087536
84	0.008714	750	-0.318244	-136.405780
85	0.007334	750	-0.292305	-136.698085
86	0.006093	750	-0.254104	-136.952189
87	0.004988	750	-0.261010	-137.213198
88	0.004013	750	-0.217821	-137.431020
89	0.003162	750	-0.187879	-137.618899
90	0.002430	750	-0.193835	-137.812735
91	0.001810	750	-0.141742	-137.954477
92	0.001296	750	-0.124968	-138.079444
93	0.000882	750	-0.097753	-138.177197
94	0.000559	750	-0.077730	-138.254927
95	0.000320	750	-0.059400	-138.314327
96	0.000156	750	-0.042268	-138.356595
97	0.000057	750	-0.027823	-138.384417
98	0.000010	750	-0.013914	-138.398332
99	0.000000	750	-0.002611	-138.400943
Log marginal likelihood:	-138.400943
0	0.975187	750	-3.260994	-3.260994
1	0.950747	750	-3.202602	-6.463596
2	0.926679	750	-3.149035	-9.612632
3	0.902980	750	-3.103400	-12.716032
4	0.879648	750	-3.117089	-15.833121
5	0.856682	750	-3.014633	-18.847755
6	0.834079	750	-2.965396	-21.813150
7	0.811838	750	-2.951742	-24.764893
8	0.789957	750	-2.887873	-27.652765
9	0.768433	750	-2.859109	-30.511874
10	0.747266	750	-2.846155	-33.358029
11	0.726452	750	-2.755028	-36.113056
12	0.705989	750	-2.725529	-38.838585
13	0.685877	750	-2.658049	-41.496634
14	0.666112	750	-2.636057	-44.132690
15	0.646693	750	-2.609890	-46.742580
16	0.627618	750	-2.670917	-49.413497
17	0.608884	750	-2.514585	-51.928082
18	0.590490	750	-2.623225	-54.551307
19	0.572433	750	-2.702094	-57.253402
20	0.554712	750	-2.462718	-59.716120
21	0.537324	750	-2.442910	-62.159030
22	0.520268	750	-2.381849	-64.540879
23	0.503540	750	-2.277099	-66.817979
24	0.487139	750	-2.223881	-69.041860
25	0.471063	750	-2.431173	-71.473032
26	0.455310	750	-2.263964	-73.736997
27	0.439877	750	-2.087970	-75.824967
28	0.424762	750	-2.239020	-78.063987
29	0.409963	750	-2.169424	-80.233411
30	0.395478	750	-2.112834	-82.346244
31	0.381305	750	-2.118693	-84.464937
32	0.367440	750	-2.058292	-86.523229
33	0.353883	750	-2.033477	-88.556706
34	0.340630	750	-1.880845	-90.437550
35	0.327680	750	-1.948366	-92.385917
36	0.315030	750	-1.862509	-94.248425
37	0.302677	750	-1.866375	-96.114801
38	0.290619	750	-1.849116	-97.963917
39	0.278855	750	-1.759002	-99.722919
40	0.267381	750	-1.740148	-101.463067
41	0.256195	750	-1.637592	-103.100659
42	0.245294	750	-1.664423	-104.765082
43	0.234677	750	-1.608511	-106.373592
44	0.224340	750	-1.550823	-107.924416
45	0.214281	750	-1.559264	-109.483680
46	0.204498	750	-1.461881	-110.945561
47	0.194988	750	-1.463486	-112.409047
48	0.185749	750	-1.431112	-113.840159
49	0.176777	750	-1.403984	-115.244143
50	0.168070	750	-1.356949	-116.601092
51	0.159626	750	-1.301500	-117.902592
52	0.151441	750	-1.269611	-119.172203
53	0.143514	750	-1.241718	-120.413922
54	0.135841	750	-1.192105	-121.606026
55	0.128420	750	-1.157202	-122.763228
56	0.121247	750	-1.135810	-123.899038
57	0.114320	750	-1.093260	-124.992298
58	0.107637	750	-1.054393	-126.046691
59	0.101193	750	-1.033448	-127.080139
60	0.094986	750	-1.011601	-128.091740
61	0.089014	750	-0.987491	-129.079231
62	0.083273	750	-0.947330	-130.026561
63	0.077760	750	-0.901030	-130.927591
64	0.072472	750	-0.873166	-131.800758
65	0.067406	750	-0.848702	-132.649460
66	0.062558	750	-0.791401	-133.440861
67	0.057926	750	-0.799190	-134.240051
68	0.053506	750	-0.765982	-135.006033
69	0.049295	750	-0.719467	-135.725500
70	0.045289	750	-0.690348	-136.415848
71	0.041485	750	-0.667840	-137.083688
72	0.037880	750	-0.647782	-137.731469
73	0.034469	750	-0.619787	-138.351256
74	0.031250	750	-0.598996	-138.950252
75	0.028218	750	-0.565109	-139.515361
76	0.025370	750	-0.528043	-140.043404
77	0.022702	750	-0.499098	-140.542502
78	0.020209	750	-0.487299	-141.029801
79	0.017889	750	-0.443239	-141.473040
80	0.015736	750	-0.423323	-141.896363
81	0.013746	750	-0.425423	-142.321786
82	0.011916	750	-0.376784	-142.698570
83	0.010240	750	-0.315570	-143.014140
84	0.008714	750	-0.329386	-143.343526
85	0.007334	750	-0.305196	-143.648722
86	0.006093	750	-0.269886	-143.918608
87	0.004988	750	-0.248959	-144.167566
88	0.004013	750	-0.202058	-144.369625
89	0.003162	750	-0.199350	-144.568974
90	0.002430	750	-0.160522	-144.729497
91	0.001810	750	-0.137100	-144.866597
92	0.001296	750	-0.117046	-144.983643
93	0.000882	750	-0.092367	-145.076010
94	0.000559	750	-0.083202	-145.159212
95	0.000320	750	-0.063128	-145.222340
96	0.000156	750	-0.036309	-145.258649
97	0.000057	750	-0.022449	-145.281099
98	0.000010	750	-0.012703	-145.293802
99	0.000000	750	-0.002510	-145.296312
Log marginal likelihood:	-145.296312
0	0.975187	750	-3.227898	-3.227898
1	0.950747	750	-3.277116	-6.505014
2	0.926679	750	-3.240334	-9.745348
3	0.902980	750	-3.140665	-12.886012
4	0.879648	750	-3.099765	-15.985777
5	0.856682	750	-3.036682	-19.022459
6	0.834079	750	-2.983968	-22.006427
7	0.811838	750	-2.970496	-24.976924
8	0.789957	750	-2.856578	-27.833502
9	0.768433	750	-2.864056	-30.697557
10	0.747266	750	-2.919151	-33.616709
11	0.726452	750	-2.785250	-36.401959
12	0.705989	750	-2.746567	-39.148526
13	0.685877	750	-2.708979	-41.857505
14	0.666112	750	-2.661559	-44.519064
15	0.646693	750	-2.633018	-47.152082
16	0.627618	750	-2.571556	-49.723638
17	0.608884	750	-2.537692	-52.261330
18	0.590490	750	-2.605189	-54.866519
19	0.572433	750	-2.482438	-57.348958
20	0.554712	750	-2.378662	-59.727620
21	0.537324	750	-2.514326	-62.241946
22	0.520268	750	-2.387712	-64.629658
23	0.503540	750	-2.315260	-66.944918
24	0.487139	750	-2.374464	-69.319382
25	0.471063	750	-2.240365	-71.559747
26	0.455310	750	-2.151761	-73.711508
27	0.439877	750	-2.354952	-76.066460
28	0.424762	750	-2.320862	-78.387322
29	0.409963	750	-2.264845	-80.652167
30	0.395478	750	-2.113506	-82.765673
31	0.381305	750	-2.179624	-84.945297
32	0.367440	750	-1.986505	-86.931802
33	0.353883	750	-2.004358	-88.936160
34	0.340630	750	-1.982642	-90.918802
35	0.327680	750	-1.984058	-92.902860
36	0.315030	750	-1.861342	-94.764202
37	0.302677	750	-1.821429	-96.585631
38	0.290619	750	-1.874352	-98.459982
39	0.278855	750	-1.744307	-100.204289
40	0.267381	750	-1.780526	-101.984815
41	0.256195	750	-1.748716	-103.733531
42	0.245294	750	-1.670491	-105.404022
43	0.234677	750	-1.597689	-107.001711
44	0.224340	750	-1.632564	-108.634274
45	0.214281	750	-1.549808	-110.184082
46	0.204498	750	-1.517023	-111.701106
47	0.194988	750	-1.504385	-113.205490
48	0.185749	750	-1.480392	-114.685882
49	0.176777	750	-1.409138	-116.095020
50	0.168070	750	-1.357283	-117.452303
51	0.159626	750	-1.348761	-118.801063
52	0.151441	750	-1.294623	-120.095686
53	0.143514	750	-1.252356	-121.348042
54	0.135841	750	-1.205510	-122.553552
55	0.128420	750	-1.183027	-123.736579
56	0.121247	750	-1.151776	-124.888355
57	0.114320	750	-1.127237	-126.015592
58	0.107637	750	-1.082174	-127.097766
59	0.101193	750	-1.046484	-128.144250
60	0.094986	750	-1.003804	-129.148054
61	0.089014	750	-0.974066	-130.122121
62	0.083273	750	-0.946122	-131.068243
63	0.077760	750	-0.911054	-131.979296
64	0.072472	750	-0.882632	-132.861928
65	0.067406	750	-0.850242	-133.712170
66	0.062558	750	-0.817887	-134.530057
67	0.057926	750	-0.799844	-135.329901
68	0.053506	750	-0.770343	-136.100244
69	0.049295	750	-0.735257	-136.835501
70	0.045289	750	-0.702154	-137.537656
71	0.041485	750	-0.681304	-138.218959
72	0.037880	750	-0.655395	-138.874354
73	0.034469	750	-0.606540	-139.480894
74	0.031250	750	-0.606686	-140.087580
75	0.028218	750	-0.545091	-140.632672
76	0.025370	750	-0.540340	-141.173012
77	0.022702	750	-0.520043	-141.693055
78	0.020209	750	-0.485925	-142.178980
79	0.017889	750	-0.467675	-142.646655
80	0.015736	750	-0.415111	-143.061766
81	0.013746	750	-0.403786	-143.465552
82	0.011916	750	-0.371582	-143.837134
83	0.010240	750	-0.325855	-144.162990
84	0.008714	750	-0.308240	-144.471230
85	0.007334	750	-0.292814	-144.764044
86	0.006093	750	-0.281974	-145.046017
87	0.004988	750	-0.256035	-145.302052
88	0.004013	750	-0.248144	-145.550196
89	0.003162	750	-0.190652	-145.740848
90	0.002430	750	-0.194008	-145.934856
91	0.001810	750	-0.135454	-146.070310
92	0.001296	750	-0.118821	-146.189130
93	0.000882	750	-0.095840	-146.284971
94	0.000559	750	-0.077278	-146.362248
95	0.000320	750	-0.061302	-146.423550
96	0.000156	750	-0.040779	-146.464330
97	0.000057	750	-0.026978	-146.491307
98	0.000010	750	-0.011502	-146.502809
99	0.000000	750	-0.002832	-146.505641
Log marginal likelihood:	-146.505641
0	0.975187	750	-3.162054	-3.162054
1	0.950747	750	-3.118475	-6.280529
2	0.926679	750	-3.065747	-9.346275
3	0.902980	750	-3.026727	-12.373003
4	0.879648	750	-2.969840	-15.342843
5	0.856682	750	-2.927709	-18.270552
6	0.834079	750	-2.899226	-21.169778
7	0.811838	750	-2.835226	-24.005004
8	0.789957	750	-2.799316	-26.804321
9	0.768433	750	-2.768138	-29.572459
10	0.747266	750	-2.737452	-32.309911
11	0.726452	750	-2.658613	-34.968523
12	0.705989	750	-2.665207	-37.633731
13	0.685877	750	-2.583061	-40.216792
14	0.666112	750	-2.560775	-42.777566
15	0.646693	750	-2.527567	-45.305133
16	0.627618	750	-2.471293	-47.776426
17	0.608884	750	-2.436586	-50.213012
18	0.590490	750	-2.377854	-52.590866
19	0.572433	750	-2.383496	-54.974362
20	0.554712	750	-2.333580	-57.307942
21	0.537324	750	-2.255022	-59.562963
22	0.520268	750	-2.219107	-61.782071
23	0.503540	750	-2.269302	-64.051373
24	0.487139	750	-2.176976	-66.228349
25	0.471063	750	-2.107751	-68.336099
26	0.455310	750	-2.072853	-70.408953
27	0.439877	750	-2.071715	-72.480667
28	0.424762	750	-1.992117	-74.472785
29	0.409963	750	-2.111831	-76.584616
30	0.395478	750	-2.211024	-78.795640
31	0.381305	750	-2.114051	-80.909691
32	0.367440	750	-2.061120	-82.970810
33	0.353883	750	-1.992865	-84.963676
34	0.340630	750	-1.771484	-86.735159
35	0.327680	750	-1.957521	-88.692681
36	0.315030	750	-1.974422	-90.667103
37	0.302677	750	-1.810316	-92.477419
38	0.290619	750	-1.873010	-94.350429
39	0.278855	750	-1.802290	-96.152719
40	0.267381	750	-1.687073	-97.839792
41	0.256195	750	-1.735020	-99.574812
42	0.245294	750	-1.694111	-101.268923
43	0.234677	750	-1.665105	-102.934028
44	0.224340	750	-1.614139	-104.548167
45	0.214281	750	-1.599463	-106.147630
46	0.204498	750	-1.538094	-107.685723
47	0.194988	750	-1.493931	-109.179654
48	0.185749	750	-1.464923	-110.644577
49	0.176777	750	-1.427555	-112.072133
50	0.168070	750	-1.386885	-113.459018
51	0.159626	750	-1.338006	-114.797024
52	0.151441	750	-1.286307	-116.083330
53	0.143514	750	-1.274495	-117.357825
54	0.135841	750	-1.242197	-118.600022
55	0.128420	750	-1.199437	-119.799459
56	0.121247	750	-1.174666	-120.974125
57	0.114320	750	-1.113141	-122.087266
58	0.107637	750	-1.096106	-123.183372
59	0.101193	750	-1.057500	-124.240872
60	0.094986	750	-1.010138	-125.251010
61	0.089014	750	-0.985033	-126.236043
62	0.083273	750	-0.950209	-127.186252
63	0.077760	750	-0.920242	-128.106494
64	0.072472	750	-0.876022	-128.982516
65	0.067406	750	-0.831601	-129.814116
66	0.062558	750	-0.817251	-130.631367
67	0.057926	750	-0.815736	-131.447104
68	0.053506	750	-0.741062	-132.188165
69	0.049295	750	-0.761423	-132.949588
70	0.045289	750	-0.713546	-133.663134
71	0.041485	750	-0.687634	-134.350769
72	0.037880	750	-0.644253	-134.995022
73	0.034469	750	-0.618584	-135.613606
74	0.031250	750	-0.589838	-136.203444
75	0.028218	750	-0.552878	-136.756323
76	0.025370	750	-0.538945	-137.295268
77	0.022702	750	-0.516992	-137.812259
78	0.020209	750	-0.487194	-138.299453
79	0.017889	750	-0.450204	-138.749657
80	0.015736	750	-0.497829	-139.247486
81	0.013746	750	-0.402905	-139.650391
82	0.011916	750	-0.406831	-140.057223
83	0.010240	750	-0.344732	-140.401955
84	0.008714	750	-0.333203	-140.735157
85	0.007334	750	-0.299176	-141.034333
86	0.006093	750	-0.298580	-141.332913
87	0.004988	750	-0.242662	-141.575575
88	0.004013	750	-0.236312	-141.811887
89	0.003162	750	-0.225571	-142.037457
90	0.002430	750	-0.164446	-142.201903
91	0.001810	750	-0.144339	-142.346242
92	0.001296	750	-0.145011	-142.491252
93	0.000882	750	-0.096242	-142.587494
94	0.000559	750	-0.075526	-142.663020
95	0.000320	750	-0.060069	-142.723089
96	0.000156	750	-0.039148	-142.762237
97	0.000057	750	-0.024944	-142.787181
98	0.000010	750	-0.015629	-142.802810
99	0.000000	750	-0.002961	-142.805771
Log marginal likelihood:	-142.805771
0	0.975187	750	-3.358391	-3.358391
1	0.950747	750	-3.376206	-6.734597
2	0.926679	750	-3.284512	-10.019109
3	0.902980	750	-3.232539	-13.251648
4	0.879648	750	-3.208330	-16.459979
5	0.856682	750	-3.184245	-19.644224
6	0.834079	750	-3.126618	-22.770842
7	0.811838	750	-3.066401	-25.837243
8	0.789957	750	-3.023185	-28.860428
9	0.768433	750	-2.944839	-31.805267
10	0.747266	750	-2.951115	-34.756382
11	0.726452	750	-2.882839	-37.639221
12	0.705989	750	-2.823439	-40.462660
13	0.685877	750	-2.770031	-43.232691
14	0.666112	750	-2.779819	-46.012510
15	0.646693	750	-2.677671	-48.690181
16	0.627618	750	-2.654919	-51.345099
17	0.608884	750	-2.673537	-54.018637
18	0.590490	750	-2.561420	-56.580056
19	0.572433	750	-2.508612	-59.088669
20	0.554712	750	-2.514274	-61.602943
21	0.537324	750	-2.457149	-64.060092
22	0.520268	750	-2.394859	-66.454951
23	0.503540	750	-2.323846	-68.778797
24	0.487139	750	-2.375660	-71.154457
25	0.471063	750	-2.409818	-73.564275
26	0.455310	750	-2.339785	-75.904060
27	0.439877	750	-2.243618	-78.147678
28	0.424762	750	-2.208068	-80.355745
29	0.409963	750	-2.292259	-82.648005
30	0.395478	750	-2.185191	-84.833196
31	0.381305	750	-2.190792	-87.023988
32	0.367440	750	-2.067981	-89.091968
33	0.353883	750	-2.033076	-91.125044
34	0.340630	750	-2.002269	-93.127313
35	0.327680	750	-1.913299	-95.040612
36	0.315030	750	-1.881003	-96.921615
37	0.302677	750	-1.919483	-98.841097
38	0.290619	750	-1.872401	-100.713498
39	0.278855	750	-1.854462	-102.567960
40	0.267381	750	-1.780087	-104.348047
41	0.256195	750	-1.740368	-106.088415
42	0.245294	750	-1.693940	-107.782355
43	0.234677	750	-1.631360	-109.413715
44	0.224340	750	-1.607512	-111.021227
45	0.214281	750	-1.525639	-112.546866
46	0.204498	750	-1.510594	-114.057460
47	0.194988	750	-1.504872	-115.562332
48	0.185749	750	-1.461967	-117.024299
49	0.176777	750	-1.432881	-118.457181
50	0.168070	750	-1.393131	-119.850312
51	0.159626	750	-1.324262	-121.174574
52	0.151441	750	-1.314542	-122.489116
53	0.143514	750	-1.268521	-123.757637
54	0.135841	750	-1.243881	-125.001518
55	0.128420	750	-1.207472	-126.208990
56	0.121247	750	-1.147717	-127.356706
57	0.114320	750	-1.131279	-128.487986
58	0.107637	750	-1.110018	-129.598004
59	0.101193	750	-1.068081	-130.666085
60	0.094986	750	-1.021701	-131.687786
61	0.089014	750	-0.990019	-132.677805
62	0.083273	750	-0.957549	-133.635354
63	0.077760	750	-0.923652	-134.559006
64	0.072472	750	-0.892760	-135.451765
65	0.067406	750	-0.865147	-136.316913
66	0.062558	750	-0.835437	-137.152350
67	0.057926	750	-0.788593	-137.940943
68	0.053506	750	-0.772356	-138.713299
69	0.049295	750	-0.717562	-139.430861
70	0.045289	750	-0.741835	-140.172696
71	0.041485	750	-0.684042	-140.856738
72	0.037880	750	-0.660677	-141.517416
73	0.034469	750	-0.640908	-142.158323
74	0.031250	750	-0.570300	-142.728623
75	0.028218	750	-0.570627	-143.299250
76	0.025370	750	-0.547758	-143.847008
77	0.022702	750	-0.508272	-144.355280
78	0.020209	750	-0.497801	-144.853080
79	0.017889	750	-0.458532	-145.311612
80	0.015736	750	-0.478143	-145.789755
81	0.013746	750	-0.394022	-146.183777
82	0.011916	750	-0.373959	-146.557735
83	0.010240	750	-0.344219	-146.901954
84	0.008714	750	-0.335860	-147.237814
85	0.007334	750	-0.325528	-147.563342
86	0.006093	750	-0.256978	-147.820320
87	0.004988	750	-0.239249	-148.059569
88	0.004013	750	-0.224433	-148.284002
89	0.003162	750	-0.190875	-148.474877
90	0.002430	750	-0.191637	-148.666514
91	0.001810	750	-0.148683	-148.815197
92	0.001296	750	-0.124081	-148.939277
93	0.000882	750	-0.105395	-149.044673
94	0.000559	750	-0.075983	-149.120656
95	0.000320	750	-0.055569	-149.176225
96	0.000156	750	-0.045459	-149.221683
97	0.000057	750	-0.025137	-149.246820
98	0.000010	750	-0.012295	-149.259116
99	0.000000	750	-0.002827	-149.261943
Log marginal likelihood:	-149.261943
0	0.975187	750	-3.129379	-3.129379
1	0.950747	750	-3.083195	-6.212574
2	0.926679	750	-3.071540	-9.284115
3	0.902980	750	-3.031761	-12.315875
4	0.879648	750	-2.965438	-15.281313
5	0.856682	750	-2.937996	-18.219309
6	0.834079	750	-2.909036	-21.128345
7	0.811838	750	-2.825598	-23.953943
8	0.789957	750	-2.775394	-26.729337
9	0.768433	750	-2.822875	-29.552211
10	0.747266	750	-2.725928	-32.278139
11	0.726452	750	-2.686394	-34.964533
12	0.705989	750	-2.649169	-37.613702
13	0.685877	750	-2.597270	-40.210972
14	0.666112	750	-2.555353	-42.766325
15	0.646693	750	-2.499837	-45.266162
16	0.627618	750	-2.479364	-47.745526
17	0.608884	750	-2.449036	-50.194561
18	0.590490	750	-2.407686	-52.602247
19	0.572433	750	-2.331354	-54.933602
20	0.554712	750	-2.307847	-57.241448
21	0.537324	750	-2.346560	-59.588008
22	0.520268	750	-2.277641	-61.865649
23	0.503540	750	-2.238184	-64.103834
24	0.487139	750	-2.153169	-66.257003
25	0.471063	750	-2.120674	-68.377677
26	0.455310	750	-2.063658	-70.441335
27	0.439877	750	-2.137542	-72.578876
28	0.424762	750	-2.135526	-74.714403
29	0.409963	750	-2.083551	-76.797954
30	0.395478	750	-2.108932	-78.906886
31	0.381305	750	-2.143187	-81.050073
32	0.367440	750	-2.077202	-83.127275
33	0.353883	750	-1.975702	-85.102977
34	0.340630	750	-2.008500	-87.111477
35	0.327680	750	-1.964088	-89.075566
36	0.315030	750	-1.836600	-90.912165
37	0.302677	750	-1.881172	-92.793337
38	0.290619	750	-1.773373	-94.566710
39	0.278855	750	-1.760023	-96.326733
40	0.267381	750	-1.636105	-97.962838
41	0.256195	750	-1.713707	-99.676545
42	0.245294	750	-1.660763	-101.337308
43	0.234677	750	-1.627844	-102.965152
44	0.224340	750	-1.578689	-104.543841
45	0.214281	750	-1.541020	-106.084861
46	0.204498	750	-1.508874	-107.593736
47	0.194988	750	-1.447220	-109.040956
48	0.185749	750	-1.458308	-110.499264
49	0.176777	750	-1.401521	-111.900785
50	0.168070	750	-1.345524	-113.246309
51	0.159626	750	-1.324413	-114.570722
52	0.151441	750	-1.273766	-115.844488
53	0.143514	750	-1.239510	-117.083998
54	0.135841	750	-1.211012	-118.295010
55	0.128420	750	-1.191067	-119.486077
56	0.121247	750	-1.131088	-120.617164
57	0.114320	750	-1.121184	-121.738348
58	0.107637	750	-1.087003	-122.825352
59	0.101193	750	-1.039963	-123.865314
60	0.094986	750	-0.987143	-124.852457
61	0.089014	750	-0.950002	-125.802459
62	0.083273	750	-0.945243	-126.747701
63	0.077760	750	-0.890056	-127.637757
64	0.072472	750	-0.871308	-128.509065
65	0.067406	750	-0.852240	-129.361305
66	0.062558	750	-0.807950	-130.169255
67	0.057926	750	-0.775557	-130.944812
68	0.053506	750	-0.772475	-131.717287
69	0.049295	750	-0.738055	-132.455342
70	0.045289	750	-0.689356	-133.144698
71	0.041485	750	-0.657676	-133.802374
72	0.037880	750	-0.641140	-134.443514
73	0.034469	750	-0.594885	-135.038399
74	0.031250	750	-0.591286	-135.629685
75	0.028218	750	-0.562435	-136.192120
76	0.025370	750	-0.552274	-136.744394
77	0.022702	750	-0.509823	-137.254218
78	0.020209	750	-0.456537	-137.710755
79	0.017889	750	-0.462228	-138.172983
80	0.015736	750	-0.450454	-138.623437
81	0.013746	750	-0.408432	-139.031869
82	0.011916	750	-0.370363	-139.402231
83	0.010240	750	-0.355342	-139.757573
84	0.008714	750	-0.323571	-140.081145
85	0.007334	750	-0.325951	-140.407095
86	0.006093	750	-0.286922	-140.694017
87	0.004988	750	-0.236162	-140.930180
88	0.004013	750	-0.217722	-141.147902
89	0.003162	750	-0.198059	-141.345961
90	0.002430	750	-0.170601	-141.516562
91	0.001810	750	-0.130480	-141.647042
92	0.001296	750	-0.129182	-141.776224
93	0.000882	750	-0.096671	-141.872894
94	0.000559	750	-0.080998	-141.953893
95	0.000320	750	-0.060556	-142.014449
96	0.000156	750	-0.039229	-142.053678
97	0.000057	750	-0.026090	-142.079768
98	0.000010	750	-0.011190	-142.090958
99	0.000000	750	-0.002494	-142.093452
Log marginal likelihood:	-142.093452
0	0.975187	750	-2.706324	-2.706324
1	0.950747	750	-2.686572	-5.392896
2	0.926679	750	-2.652853	-8.045749
3	0.902980	750	-2.603212	-10.648961
4	0.879648	750	-2.557860	-13.206822
5	0.856682	750	-2.553223	-15.760045
6	0.834079	750	-2.487269	-18.247314
7	0.811838	750	-2.450304	-20.697618
8	0.789957	750	-2.461584	-23.159202
9	0.768433	750	-2.405647	-25.564849
10	0.747266	750	-2.370459	-27.935308
11	0.726452	750	-2.323523	-30.258831
12	0.705989	750	-2.320522	-32.579353
13	0.685877	750	-2.298801	-34.878154
14	0.666112	750	-2.218272	-37.096426
15	0.646693	750	-2.205529	-39.301955
16	0.627618	750	-2.159964	-41.461918
17	0.608884	750	-2.165952	-43.627871
18	0.590490	750	-2.079233	-45.707103
19	0.572433	750	-2.084646	-47.791749
20	0.554712	750	-2.033011	-49.824760
21	0.537324	750	-1.994176	-51.818937
22	0.520268	750	-1.983782	-53.802719
23	0.503540	750	-1.938757	-55.741476
24	0.487139	750	-1.939200	-57.680675
25	0.471063	750	-1.849076	-59.529751
26	0.455310	750	-1.851118	-61.380869
27	0.439877	750	-1.845246	-63.226115
28	0.424762	750	-1.778139	-65.004254
29	0.409963	750	-1.839136	-66.843391
30	0.395478	750	-1.785610	-68.629001
31	0.381305	750	-1.777205	-70.406206
32	0.367440	750	-1.661966	-72.068172
33	0.353883	750	-1.692152	-73.760324
34	0.340630	750	-1.581820	-75.342144
35	0.327680	750	-1.564298	-76.906443
36	0.315030	750	-1.604859	-78.511301
37	0.302677	750	-1.518254	-80.029556
38	0.290619	750	-1.660452	-81.690007
39	0.278855	750	-1.616682	-83.306689
40	0.267381	750	-1.528673	-84.835362
41	0.256195	750	-1.569209	-86.404571
42	0.245294	750	-1.590817	-87.995389
43	0.234677	750	-1.531272	-89.526660
44	0.224340	750	-1.490640	-91.017301
45	0.214281	750	-1.438303	-92.455604
46	0.204498	750	-1.413754	-93.869358
47	0.194988	750	-1.345377	-95.214734
48	0.185749	750	-1.410035	-96.624769
49	0.176777	750	-1.214826	-97.839595
50	0.168070	750	-1.300340	-99.139935
51	0.159626	750	-1.253483	-100.393419
52	0.151441	750	-1.229839	-101.623258
53	0.143514	750	-1.210039	-102.833297
54	0.135841	750	-1.171333	-104.004630
55	0.128420	750	-1.136591	-105.141221
56	0.121247	750	-1.108173	-106.249394
57	0.114320	750	-1.071803	-107.321198
58	0.107637	750	-1.032698	-108.353896
59	0.101193	750	-0.985858	-109.339754
60	0.094986	750	-0.968429	-110.308182
61	0.089014	750	-0.945748	-111.253931
62	0.083273	750	-0.893218	-112.147149
63	0.077760	750	-0.862048	-113.009197
64	0.072472	750	-0.865529	-113.874726
65	0.067406	750	-0.831959	-114.706685
66	0.062558	750	-0.794332	-115.501017
67	0.057926	750	-0.791580	-116.292597
68	0.053506	750	-0.770124	-117.062721
69	0.049295	750	-0.706332	-117.769052
70	0.045289	750	-0.661575	-118.430628
71	0.041485	750	-0.640676	-119.071303
72	0.037880	750	-0.617786	-119.689089
73	0.034469	750	-0.584908	-120.273998
74	0.031250	750	-0.566923	-120.840921
75	0.028218	750	-0.552695	-121.393616
76	0.025370	750	-0.493407	-121.887023
77	0.022702	750	-0.526772	-122.413794
78	0.020209	750	-0.500262	-122.914056
79	0.017889	750	-0.433440	-123.347497
80	0.015736	750	-0.425465	-123.772962
81	0.013746	750	-0.382891	-124.155853
82	0.011916	750	-0.386361	-124.542214
83	0.010240	750	-0.341429	-124.883643
84	0.008714	750	-0.314957	-125.198600
85	0.007334	750	-0.288544	-125.487144
86	0.006093	750	-0.268278	-125.755422
87	0.004988	750	-0.238185	-125.993607
88	0.004013	750	-0.226524	-126.220131
89	0.003162	750	-0.183856	-126.403988
90	0.002430	750	-0.180891	-126.584879
91	0.001810	750	-0.147443	-126.732322
92	0.001296	750	-0.127084	-126.859406
93	0.000882	750	-0.094224	-126.953629
94	0.000559	750	-0.076645	-127.030274
95	0.000320	750	-0.052208	-127.082482
96	0.000156	750	-0.039393	-127.121875
97	0.000057	750	-0.021768	-127.143643
98	0.000010	750	-0.011565	-127.155208
99	0.000000	750	-0.002385	-127.157593
Log marginal likelihood:	-127.157593
0	0.975187	750	-3.159653	-3.159653
1	0.950747	750	-3.158083	-6.317736
2	0.926679	750	-3.039658	-9.357394
3	0.902980	750	-3.022693	-12.380087
4	0.879648	750	-2.955188	-15.335275
5	0.856682	750	-2.950422	-18.285697
6	0.834079	750	-2.896498	-21.182195
7	0.811838	750	-2.815738	-23.997932
8	0.789957	750	-2.828854	-26.826786
9	0.768433	750	-2.817412	-29.644198
10	0.747266	750	-2.681327	-32.325525
11	0.726452	750	-2.734958	-35.060484
12	0.705989	750	-2.657358	-37.717842
13	0.685877	750	-2.591120	-40.308962
14	0.666112	750	-2.551622	-42.860584
15	0.646693	750	-2.589590	-45.450173
16	0.627618	750	-2.466763	-47.916936
17	0.608884	750	-2.454745	-50.371681
18	0.590490	750	-2.353352	-52.725033
19	0.572433	750	-2.375261	-55.100294
20	0.554712	750	-2.338180	-57.438474
21	0.537324	750	-2.316036	-59.754510
22	0.520268	750	-2.302564	-62.057074
23	0.503540	750	-2.235325	-64.292399
24	0.487139	750	-2.201259	-66.493657
25	0.471063	750	-2.254423	-68.748080
26	0.455310	750	-2.251770	-70.999850
27	0.439877	750	-2.042454	-73.042304
28	0.424762	750	-2.150432	-75.192736
29	0.409963	750	-2.046623	-77.239359
30	0.395478	750	-2.081527	-79.320886
31	0.381305	750	-2.051545	-81.372431
32	0.367440	750	-1.986023	-83.358453
33	0.353883	750	-1.946592	-85.305045
34	0.340630	750	-1.922564	-87.227609
35	0.327680	750	-1.886208	-89.113817
36	0.315030	750	-1.872934	-90.986751
37	0.302677	750	-1.795272	-92.782022
38	0.290619	750	-1.733667	-94.515690
39	0.278855	750	-1.750364	-96.266054
40	0.267381	750	-1.696021	-97.962075
41	0.256195	750	-1.656557	-99.618632
42	0.245294	750	-1.601078	-101.219710
43	0.234677	750	-1.576377	-102.796087
44	0.224340	750	-1.538719	-104.334806
45	0.214281	750	-1.496421	-105.831226
46	0.204498	750	-1.470851	-107.302078
47	0.194988	750	-1.426664	-108.728742
48	0.185749	750	-1.379794	-110.108535
49	0.176777	750	-1.385383	-111.493918
50	0.168070	750	-1.325798	-112.819716
51	0.159626	750	-1.290681	-114.110397
52	0.151441	750	-1.249148	-115.359545
53	0.143514	750	-1.204094	-116.563639
54	0.135841	750	-1.181175	-117.744814
55	0.128420	750	-1.151234	-118.896048
56	0.121247	750	-1.112014	-120.008062
57	0.114320	750	-1.055059	-121.063121
58	0.107637	750	-1.046877	-122.109998
59	0.101193	750	-1.008328	-123.118327
60	0.094986	750	-0.992200	-124.110527
61	0.089014	750	-0.956289	-125.066816
62	0.083273	750	-0.913784	-125.980600
63	0.077760	750	-0.888379	-126.868979
64	0.072472	750	-0.853586	-127.722564
65	0.067406	750	-0.812827	-128.535391
66	0.062558	750	-0.811029	-129.346420
67	0.057926	750	-0.760918	-130.107338
68	0.053506	750	-0.736116	-130.843454
69	0.049295	750	-0.725334	-131.568788
70	0.045289	750	-0.678451	-132.247239
71	0.041485	750	-0.630982	-132.878221
72	0.037880	750	-0.603347	-133.481568
73	0.034469	750	-0.585667	-134.067235
74	0.031250	750	-0.592289	-134.659524
75	0.028218	750	-0.558733	-135.218257
76	0.025370	750	-0.514590	-135.732847
77	0.022702	750	-0.530720	-136.263567
78	0.020209	750	-0.474735	-136.738302
79	0.017889	750	-0.429637	-137.167939
80	0.015736	750	-0.408546	-137.576485
81	0.013746	750	-0.388007	-137.964492
82	0.011916	750	-0.346738	-138.311230
83	0.010240	750	-0.339999	-138.651229
84	0.008714	750	-0.323762	-138.974992
85	0.007334	750	-0.275000	-139.249991
86	0.006093	750	-0.271465	-139.521456
87	0.004988	750	-0.249728	-139.771184
88	0.004013	750	-0.228813	-139.999997
89	0.003162	750	-0.171256	-140.171253
90	0.002430	750	-0.163672	-140.334925
91	0.001810	750	-0.135289	-140.470214
92	0.001296	750	-0.124866	-140.595080
93	0.000882	750	-0.088105	-140.683185
94	0.000559	750	-0.075965	-140.759150
95	0.000320	750	-0.060712	-140.819862
96	0.000156	750	-0.040912	-140.860774
97	0.000057	750	-0.024072	-140.884845
98	0.000010	750	-0.011241	-140.896086
99	0.000000	750	-0.002351	-140.898438
Log marginal likelihood:	-140.898438
0	0.975187	750	-3.049436	-3.049436
1	0.950747	750	-3.049490	-6.098926
2	0.926679	750	-2.978523	-9.077450
3	0.902980	750	-2.949443	-12.026892
4	0.879648	750	-2.916720	-14.943612
5	0.856682	750	-2.862793	-17.806405
6	0.834079	750	-2.815132	-20.621537
7	0.811838	750	-2.809072	-23.430610
8	0.789957	750	-2.744613	-26.175223
9	0.768433	750	-2.696184	-28.871407
10	0.747266	750	-2.641786	-31.513193
11	0.726452	750	-2.659881	-34.173074
12	0.705989	750	-2.559924	-36.732998
13	0.685877	750	-2.528708	-39.261706
14	0.666112	750	-2.494629	-41.756335
15	0.646693	750	-2.476118	-44.232453
16	0.627618	750	-2.405970	-46.638423
17	0.608884	750	-2.376784	-49.015207
18	0.590490	750	-2.337495	-51.352702
19	0.572433	750	-2.294837	-53.647539
20	0.554712	750	-2.265476	-55.913015
21	0.537324	750	-2.274504	-58.187519
22	0.520268	750	-2.155277	-60.342796
23	0.503540	750	-2.241628	-62.584424
24	0.487139	750	-2.190743	-64.775167
25	0.471063	750	-2.116436	-66.891603
26	0.455310	750	-2.150444	-69.042046
27	0.439877	750	-2.004906	-71.046952
28	0.424762	750	-1.987386	-73.034338
29	0.409963	750	-1.895811	-74.930150
30	0.395478	750	-1.975916	-76.906065
31	0.381305	750	-1.928730	-78.834795
32	0.367440	750	-1.861662	-80.696457
33	0.353883	750	-1.753970	-82.450427
34	0.340630	750	-1.836739	-84.287166
35	0.327680	750	-1.890244	-86.177410
36	0.315030	750	-1.726288	-87.903697
37	0.302677	750	-1.757667	-89.661364
38	0.290619	750	-1.656837	-91.318201
39	0.278855	750	-1.682664	-93.000865
40	0.267381	750	-1.712586	-94.713452
41	0.256195	750	-1.587455	-96.300907
42	0.245294	750	-1.577946	-97.878853
43	0.234677	750	-1.532156	-99.411009
44	0.224340	750	-1.510079	-100.921088
45	0.214281	750	-1.514302	-102.435390
46	0.204498	750	-1.447553	-103.882943
47	0.194988	750	-1.418907	-105.301850
48	0.185749	750	-1.362927	-106.664778
49	0.176777	750	-1.367284	-108.032061
50	0.168070	750	-1.300851	-109.332912
51	0.159626	750	-1.299792	-110.632703
52	0.151441	750	-1.254466	-111.887170
53	0.143514	750	-1.214304	-113.101474
54	0.135841	750	-1.190958	-114.292432
55	0.128420	750	-1.168264	-115.460696
56	0.121247	750	-1.120337	-116.581033
57	0.114320	750	-1.086060	-117.667093
58	0.107637	750	-1.065222	-118.732315
59	0.101193	750	-1.038212	-119.770527
60	0.094986	750	-0.989831	-120.760358
61	0.089014	750	-0.958191	-121.718549
62	0.083273	750	-0.923176	-122.641725
63	0.077760	750	-0.884481	-123.526206
64	0.072472	750	-0.839791	-124.365996
65	0.067406	750	-0.820186	-125.186182
66	0.062558	750	-0.798401	-125.984584
67	0.057926	750	-0.791438	-126.776021
68	0.053506	750	-0.738599	-127.514620
69	0.049295	750	-0.709686	-128.224306
70	0.045289	750	-0.689324	-128.913630
71	0.041485	750	-0.638370	-129.552000
72	0.037880	750	-0.620627	-130.172626
73	0.034469	750	-0.620280	-130.792907
74	0.031250	750	-0.585465	-131.378372
75	0.028218	750	-0.542597	-131.920969
76	0.025370	750	-0.549900	-132.470868
77	0.022702	750	-0.499454	-132.970323
78	0.020209	750	-0.448644	-133.418966
79	0.017889	750	-0.479619	-133.898585
80	0.015736	750	-0.403100	-134.301685
81	0.013746	750	-0.386306	-134.687991
82	0.011916	750	-0.349685	-135.037676
83	0.010240	750	-0.388306	-135.425982
84	0.008714	750	-0.321373	-135.747355
85	0.007334	750	-0.308515	-136.055870
86	0.006093	750	-0.269904	-136.325774
87	0.004988	750	-0.263653	-136.589427
88	0.004013	750	-0.212651	-136.802078
89	0.003162	750	-0.177800	-136.979878
90	0.002430	750	-0.150563	-137.130441
91	0.001810	750	-0.147981	-137.278421
92	0.001296	750	-0.126655	-137.405077
93	0.000882	750	-0.104239	-137.509315
94	0.000559	750	-0.087870	-137.597185
95	0.000320	750	-0.065088	-137.662273
96	0.000156	750	-0.044023	-137.706295
97	0.000057	750	-0.023063	-137.729359
98	0.000010	750	-0.010367	-137.739725
99	0.000000	750	-0.002311	-137.742036
Log marginal likelihood:	-137.742036
0	0.975187	750	-3.374084	-3.374084
1	0.950747	750	-3.325624	-6.699707
2	0.926679	750	-3.284662	-9.984369
3	0.902980	750	-3.223625	-13.207993
4	0.879648	750	-3.187611	-16.395604
5	0.856682	750	-3.156512	-19.552117
6	0.834079	750	-3.106477	-22.658594
7	0.811838	750	-3.052552	-25.711146
8	0.789957	750	-3.006629	-28.717775
9	0.768433	750	-2.962571	-31.680346
10	0.747266	750	-2.948228	-34.628574
11	0.726452	750	-2.840800	-37.469374
12	0.705989	750	-2.871347	-40.340720
13	0.685877	750	-2.779747	-43.120468
14	0.666112	750	-2.736745	-45.857213
15	0.646693	750	-2.690112	-48.547325
16	0.627618	750	-2.711656	-51.258981
17	0.608884	750	-2.612826	-53.871807
18	0.590490	750	-2.766493	-56.638300
19	0.572433	750	-2.524865	-59.163164
20	0.554712	750	-2.476261	-61.639426
21	0.537324	750	-2.419699	-64.059125
22	0.520268	750	-2.486157	-66.545281
23	0.503540	750	-2.444062	-68.989344
24	0.487139	750	-2.306214	-71.295557
25	0.471063	750	-2.412339	-73.707896
26	0.455310	750	-2.390265	-76.098162
27	0.439877	750	-2.181584	-78.279746
28	0.424762	750	-2.218068	-80.497814
29	0.409963	750	-2.235899	-82.733714
30	0.395478	750	-2.147952	-84.881666
31	0.381305	750	-2.022842	-86.904508
32	0.367440	750	-2.036023	-88.940532
33	0.353883	750	-2.039354	-90.979886
34	0.340630	750	-1.960281	-92.940167
35	0.327680	750	-1.964887	-94.905054
36	0.315030	750	-1.925807	-96.830861
37	0.302677	750	-1.845166	-98.676027
38	0.290619	750	-1.855603	-100.531629
39	0.278855	750	-1.770568	-102.302198
40	0.267381	750	-1.783318	-104.085515
41	0.256195	750	-1.721596	-105.807111
42	0.245294	750	-1.669618	-107.476729
43	0.234677	750	-1.652793	-109.129522
44	0.224340	750	-1.618694	-110.748217
45	0.214281	750	-1.590152	-112.338369
46	0.204498	750	-1.517569	-113.855938
47	0.194988	750	-1.457282	-115.313220
48	0.185749	750	-1.428926	-116.742145
49	0.176777	750	-1.381976	-118.124122
50	0.168070	750	-1.383160	-119.507281
51	0.159626	750	-1.335713	-120.842995
52	0.151441	750	-1.286692	-122.129687
53	0.143514	750	-1.245548	-123.375235
54	0.135841	750	-1.231324	-124.606559
55	0.128420	750	-1.195570	-125.802128
56	0.121247	750	-1.124573	-126.926701
57	0.114320	750	-1.110003	-128.036704
58	0.107637	750	-1.102279	-129.138983
59	0.101193	750	-1.051424	-130.190407
60	0.094986	750	-0.998323	-131.188731
61	0.089014	750	-0.980937	-132.169668
62	0.083273	750	-0.945245	-133.114913
63	0.077760	750	-0.893629	-134.008542
64	0.072472	750	-0.868495	-134.877037
65	0.067406	750	-0.864111	-135.741149
66	0.062558	750	-0.838556	-136.579704
67	0.057926	750	-0.807330	-137.387034
68	0.053506	750	-0.774923	-138.161957
69	0.049295	750	-0.716179	-138.878136
70	0.045289	750	-0.718167	-139.596303
71	0.041485	750	-0.648891	-140.245193
72	0.037880	750	-0.641270	-140.886463
73	0.034469	750	-0.605075	-141.491538
74	0.031250	750	-0.587681	-142.079219
75	0.028218	750	-0.567097	-142.646316
76	0.025370	750	-0.509610	-143.155926
77	0.022702	750	-0.532774	-143.688699
78	0.020209	750	-0.501062	-144.189761
79	0.017889	750	-0.506145	-144.695906
80	0.015736	750	-0.416332	-145.112238
81	0.013746	750	-0.393959	-145.506197
82	0.011916	750	-0.381192	-145.887389
83	0.010240	750	-0.349242	-146.236630
84	0.008714	750	-0.310615	-146.547245
85	0.007334	750	-0.295127	-146.842372
86	0.006093	750	-0.247454	-147.089826
87	0.004988	750	-0.246288	-147.336114
88	0.004013	750	-0.205870	-147.541983
89	0.003162	750	-0.202079	-147.744063
90	0.002430	750	-0.168770	-147.912833
91	0.001810	750	-0.147310	-148.060143
92	0.001296	750	-0.117135	-148.177277
93	0.000882	750	-0.096045	-148.273322
94	0.000559	750	-0.078296	-148.351619
95	0.000320	750	-0.055949	-148.407567
96	0.000156	750	-0.040305	-148.447872
97	0.000057	750	-0.025470	-148.473342
98	0.000010	750	-0.011075	-148.484417
99	0.000000	750	-0.002373	-148.486790
Log marginal likelihood:	-148.486790
0	0.975187	750	-3.259706	-3.259706
1	0.950747	750	-3.231358	-6.491063
2	0.926679	750	-3.148965	-9.640029
3	0.902980	750	-3.116043	-12.756071
4	0.879648	750	-3.093765	-15.849836
5	0.856682	750	-3.113822	-18.963658
6	0.834079	750	-2.995240	-21.958898
7	0.811838	750	-2.929005	-24.887903
8	0.789957	750	-2.903646	-27.791549
9	0.768433	750	-2.856727	-30.648276
10	0.747266	750	-2.776854	-33.425130
11	0.726452	750	-2.770272	-36.195401
12	0.705989	750	-2.780400	-38.975801
13	0.685877	750	-2.698978	-41.674779
14	0.666112	750	-2.739873	-44.414653
15	0.646693	750	-2.629613	-47.044266
16	0.627618	750	-2.630908	-49.675174
17	0.608884	750	-2.517212	-52.192386
18	0.590490	750	-2.445998	-54.638384
19	0.572433	750	-2.526881	-57.165265
20	0.554712	750	-2.421562	-59.586827
21	0.537324	750	-2.402366	-61.989193
22	0.520268	750	-2.378970	-64.368163
23	0.503540	750	-2.245341	-66.613504
24	0.487139	750	-2.437227	-69.050732
25	0.471063	750	-2.299588	-71.350319
26	0.455310	750	-2.217898	-73.568218
27	0.439877	750	-2.142117	-75.710335
28	0.424762	750	-2.108763	-77.819098
29	0.409963	750	-2.112739	-79.931837
30	0.395478	750	-2.169968	-82.101805
31	0.381305	750	-2.068611	-84.170416
32	0.367440	750	-2.043719	-86.214136
33	0.353883	750	-2.017988	-88.232124
34	0.340630	750	-1.996471	-90.228595
35	0.327680	750	-1.867723	-92.096318
36	0.315030	750	-1.896853	-93.993171
37	0.302677	750	-1.891058	-95.884230
38	0.290619	750	-1.844255	-97.728485
39	0.278855	750	-1.747676	-99.476161
40	0.267381	750	-1.760203	-101.236364
41	0.256195	750	-1.702370	-102.938734
42	0.245294	750	-1.612864	-104.551598
43	0.234677	750	-1.577540	-106.129138
44	0.224340	750	-1.586829	-107.715967
45	0.214281	750	-1.511902	-109.227869
46	0.204498	750	-1.489617	-110.717486
47	0.194988	750	-1.466697	-112.184183
48	0.185749	750	-1.415217	-113.599400
49	0.176777	750	-1.379983	-114.979383
50	0.168070	750	-1.370805	-116.350188
51	0.159626	750	-1.323662	-117.673850
52	0.151441	750	-1.265906	-118.939756
53	0.143514	750	-1.245050	-120.184805
54	0.135841	750	-1.239083	-121.423889
55	0.128420	750	-1.171429	-122.595318
56	0.121247	750	-1.146143	-123.741461
57	0.114320	750	-1.107715	-124.849176
58	0.107637	750	-1.069117	-125.918293
59	0.101193	750	-1.029989	-126.948282
60	0.094986	750	-1.004898	-127.953179
61	0.089014	750	-0.995449	-128.948628
62	0.083273	750	-0.930451	-129.879079
63	0.077760	750	-0.925226	-130.804305
64	0.072472	750	-0.873021	-131.677326
65	0.067406	750	-0.846664	-132.523990
66	0.062558	750	-0.803865	-133.327856
67	0.057926	750	-0.800073	-134.127928
68	0.053506	750	-0.757329	-134.885257
69	0.049295	750	-0.739782	-135.625039
70	0.045289	750	-0.710890	-136.335929
71	0.041485	750	-0.700398	-137.036327
72	0.037880	750	-0.666046	-137.702373
73	0.034469	750	-0.606351	-138.308724
74	0.031250	750	-0.613397	-138.922121
75	0.028218	750	-0.589729	-139.511850
76	0.025370	750	-0.530761	-140.042611
77	0.022702	750	-0.514590	-140.557201
78	0.020209	750	-0.492316	-141.049517
79	0.017889	750	-0.444984	-141.494502
80	0.015736	750	-0.404584	-141.899086
81	0.013746	750	-0.404534	-142.303620
82	0.011916	750	-0.356160	-142.659780
83	0.010240	750	-0.357874	-143.017654
84	0.008714	750	-0.308950	-143.326604
85	0.007334	750	-0.297410	-143.624014
86	0.006093	750	-0.264862	-143.888877
87	0.004988	750	-0.241253	-144.130129
88	0.004013	750	-0.213014	-144.343144
89	0.003162	750	-0.194148	-144.537292
90	0.002430	750	-0.162799	-144.700091
91	0.001810	750	-0.147856	-144.847946
92	0.001296	750	-0.121531	-144.969477
93	0.000882	750	-0.099679	-145.069156
94	0.000559	750	-0.077286	-145.146442
95	0.000320	750	-0.057740	-145.204182
96	0.000156	750	-0.039961	-145.244143
97	0.000057	750	-0.024716	-145.268859
98	0.000010	750	-0.011074	-145.279933
99	0.000000	750	-0.002198	-145.282132
Log marginal likelihood:	-145.282132
0	0.975187	750	-3.181765	-3.181765
1	0.950747	750	-3.158601	-6.340366
2	0.926679	750	-3.076804	-9.417170
3	0.902980	750	-3.042004	-12.459174
4	0.879648	750	-3.071398	-15.530571
5	0.856682	750	-2.974630	-18.505201
6	0.834079	750	-2.907455	-21.412656
7	0.811838	750	-2.953498	-24.366154
8	0.789957	750	-2.874403	-27.240557
9	0.768433	750	-2.778770	-30.019327
10	0.747266	750	-2.783230	-32.802557
11	0.726452	750	-2.726077	-35.528634
12	0.705989	750	-2.698576	-38.227209
13	0.685877	750	-2.680303	-40.907512
14	0.666112	750	-2.584578	-43.492090
15	0.646693	750	-2.585208	-46.077299
16	0.627618	750	-2.515612	-48.592911
17	0.608884	750	-2.532281	-51.125192
18	0.590490	750	-2.605394	-53.730585
19	0.572433	750	-2.426347	-56.156932
20	0.554712	750	-2.576472	-58.733404
21	0.537324	750	-2.543173	-61.276577
22	0.520268	750	-2.528212	-63.804789
23	0.503540	750	-2.356743	-66.161532
24	0.487139	750	-2.296042	-68.457574
25	0.471063	750	-2.312136	-70.769710
26	0.455310	750	-2.132680	-72.902390
27	0.439877	750	-2.195303	-75.097693
28	0.424762	750	-2.082245	-77.179938
29	0.409963	750	-2.086414	-79.266352
30	0.395478	750	-2.137683	-81.404035
31	0.381305	750	-2.065994	-83.470029
32	0.367440	750	-2.133413	-85.603441
33	0.353883	750	-1.987630	-87.591071
34	0.340630	750	-1.991429	-89.582500
35	0.327680	750	-1.970080	-91.552581
36	0.315030	750	-1.943077	-93.495658
37	0.302677	750	-1.886028	-95.381686
38	0.290619	750	-1.779753	-97.161439
39	0.278855	750	-1.798271	-98.959710
40	0.267381	750	-1.786645	-100.746355
41	0.256195	750	-1.734695	-102.481050
42	0.245294	750	-1.660978	-104.142028
43	0.234677	750	-1.624931	-105.766959
44	0.224340	750	-1.572316	-107.339275
45	0.214281	750	-1.539408	-108.878683
46	0.204498	750	-1.464367	-110.343050
47	0.194988	750	-1.470775	-111.813825
48	0.185749	750	-1.433064	-113.246889
49	0.176777	750	-1.362753	-114.609642
50	0.168070	750	-1.373412	-115.983054
51	0.159626	750	-1.301858	-117.284911
52	0.151441	750	-1.265889	-118.550800
53	0.143514	750	-1.253268	-119.804068
54	0.135841	750	-1.185481	-120.989549
55	0.128420	750	-1.191655	-122.181203
56	0.121247	750	-1.133954	-123.315157
57	0.114320	750	-1.100977	-124.416134
58	0.107637	750	-1.084076	-125.500210
59	0.101193	750	-1.037216	-126.537427
60	0.094986	750	-0.990302	-127.527729
61	0.089014	750	-0.951129	-128.478858
62	0.083273	750	-0.965376	-129.444234
63	0.077760	750	-0.882779	-130.327013
64	0.072472	750	-0.880001	-131.207014
65	0.067406	750	-0.840086	-132.047100
66	0.062558	750	-0.814202	-132.861302
67	0.057926	750	-0.789451	-133.650753
68	0.053506	750	-0.775410	-134.426163
69	0.049295	750	-0.726194	-135.152357
70	0.045289	750	-0.700110	-135.852467
71	0.041485	750	-0.658539	-136.511006
72	0.037880	750	-0.659187	-137.170193
73	0.034469	750	-0.605439	-137.775632
74	0.031250	750	-0.574426	-138.350058
75	0.028218	750	-0.552540	-138.902599
76	0.025370	750	-0.513353	-139.415952
77	0.022702	750	-0.507640	-139.923592
78	0.020209	750	-0.483558	-140.407150
79	0.017889	750	-0.444363	-140.851513
80	0.015736	750	-0.435119	-141.286631
81	0.013746	750	-0.393528	-141.680159
82	0.011916	750	-0.383979	-142.064138
83	0.010240	750	-0.361301	-142.425439
84	0.008714	750	-0.304444	-142.729883
85	0.007334	750	-0.281212	-143.011095
86	0.006093	750	-0.268770	-143.279865
87	0.004988	750	-0.245306	-143.525171
88	0.004013	750	-0.236893	-143.762064
89	0.003162	750	-0.206175	-143.968240
90	0.002430	750	-0.174814	-144.143053
91	0.001810	750	-0.156100	-144.299153
92	0.001296	750	-0.133998	-144.433150
93	0.000882	750	-0.094049	-144.527199
94	0.000559	750	-0.077129	-144.604328
95	0.000320	750	-0.055912	-144.660240
96	0.000156	750	-0.041586	-144.701826
97	0.000057	750	-0.022333	-144.724159
98	0.000010	750	-0.011331	-144.735490
99	0.000000	750	-0.002861	-144.738350
Log marginal likelihood:	-144.738350
0	0.975187	750	-2.713945	-2.713945
1	0.950747	750	-2.714712	-5.428657
2	0.926679	750	-2.658609	-8.087266
3	0.902980	750	-2.640232	-10.727498
4	0.879648	750	-2.577730	-13.305228
5	0.856682	750	-2.583365	-15.888594
6	0.834079	750	-2.497544	-18.386138
7	0.811838	750	-2.469036	-20.855174
8	0.789957	750	-2.435408	-23.290582
9	0.768433	750	-2.438969	-25.729552
10	0.747266	750	-2.365463	-28.095014
11	0.726452	750	-2.327530	-30.422544
12	0.705989	750	-2.303340	-32.725885
13	0.685877	750	-2.276702	-35.002587
14	0.666112	750	-2.281500	-37.284086
15	0.646693	750	-2.238182	-39.522269
16	0.627618	750	-2.187238	-41.709507
17	0.608884	750	-2.119568	-43.829074
18	0.590490	750	-2.121742	-45.950816
19	0.572433	750	-2.055403	-48.006219
20	0.554712	750	-2.014218	-50.020437
21	0.537324	750	-2.036292	-52.056729
22	0.520268	750	-1.978938	-54.035668
23	0.503540	750	-1.980631	-56.016298
24	0.487139	750	-1.908544	-57.924842
25	0.471063	750	-1.881044	-59.805887
26	0.455310	750	-1.861878	-61.667765
27	0.439877	750	-1.892100	-63.559864
28	0.424762	750	-1.768571	-65.328436
29	0.409963	750	-1.728141	-67.056577
30	0.395478	750	-1.769817	-68.826394
31	0.381305	750	-1.699171	-70.525565
32	0.367440	750	-1.714947	-72.240513
33	0.353883	750	-1.911720	-74.152233
34	0.340630	750	-1.637001	-75.789234
35	0.327680	750	-1.554969	-77.344203
36	0.315030	750	-1.724331	-79.068534
37	0.302677	750	-1.668176	-80.736710
38	0.290619	750	-1.537634	-82.274344
39	0.278855	750	-1.460033	-83.734377
40	0.267381	750	-1.448499	-85.182876
41	0.256195	750	-1.610674	-86.793550
42	0.245294	750	-1.517629	-88.311179
43	0.234677	750	-1.327668	-89.638847
44	0.224340	750	-1.480290	-91.119136
45	0.214281	750	-1.453156	-92.572292
46	0.204498	750	-1.358866	-93.931158
47	0.194988	750	-1.416966	-95.348124
48	0.185749	750	-1.348631	-96.696754
49	0.176777	750	-1.300597	-97.997352
50	0.168070	750	-1.315707	-99.313059
51	0.159626	750	-1.250710	-100.563769
52	0.151441	750	-1.208343	-101.772113
53	0.143514	750	-1.180253	-102.952366
54	0.135841	750	-1.174817	-104.127183
55	0.128420	750	-1.132090	-105.259273
56	0.121247	750	-1.092900	-106.352173
57	0.114320	750	-1.052999	-107.405172
58	0.107637	750	-1.034769	-108.439941
59	0.101193	750	-0.999190	-109.439131
60	0.094986	750	-0.970677	-110.409807
61	0.089014	750	-0.942145	-111.351953
62	0.083273	750	-0.906287	-112.258240
63	0.077760	750	-0.864336	-113.122576
64	0.072472	750	-0.828820	-113.951396
65	0.067406	750	-0.812394	-114.763790
66	0.062558	750	-0.781424	-115.545214
67	0.057926	750	-0.747511	-116.292725
68	0.053506	750	-0.723928	-117.016653
69	0.049295	750	-0.697217	-117.713871
70	0.045289	750	-0.698975	-118.412846
71	0.041485	750	-0.654120	-119.066966
72	0.037880	750	-0.615642	-119.682608
73	0.034469	750	-0.581384	-120.263992
74	0.031250	750	-0.559363	-120.823355
75	0.028218	750	-0.576042	-121.399397
76	0.025370	750	-0.537552	-121.936949
77	0.022702	750	-0.501397	-122.438346
78	0.020209	750	-0.464370	-122.902716
79	0.017889	750	-0.445518	-123.348235
80	0.015736	750	-0.441882	-123.790116
81	0.013746	750	-0.427726	-124.217843
82	0.011916	750	-0.399805	-124.617647
83	0.010240	750	-0.365146	-124.982793
84	0.008714	750	-0.319334	-125.302127
85	0.007334	750	-0.302801	-125.604928
86	0.006093	750	-0.244532	-125.849460
87	0.004988	750	-0.226458	-126.075918
88	0.004013	750	-0.248730	-126.324648
89	0.003162	750	-0.191657	-126.516305
90	0.002430	750	-0.197702	-126.714007
91	0.001810	750	-0.152705	-126.866711
92	0.001296	750	-0.128552	-126.995263
93	0.000882	750	-0.125614	-127.120877
94	0.000559	750	-0.071554	-127.192431
95	0.000320	750	-0.058434	-127.250865
96	0.000156	750	-0.038471	-127.289335
97	0.000057	750	-0.024288	-127.313623
98	0.000010	750	-0.011280	-127.324904
99	0.000000	750	-0.002335	-127.327238
Log marginal likelihood:	-127.327238
0	0.975187	750	-3.288800	-3.288800
1	0.950747	750	-3.240998	-6.529798
2	0.926679	750	-3.167951	-9.697750
3	0.902980	750	-3.168232	-12.865982
4	0.879648	750	-3.097183	-15.963165
5	0.856682	750	-3.020884	-18.984049
6	0.834079	750	-2.990204	-21.974253
7	0.811838	750	-2.947414	-24.921666
8	0.789957	750	-2.902424	-27.824090
9	0.768433	750	-2.877131	-30.701221
10	0.747266	750	-2.819687	-33.520907
11	0.726452	750	-2.800046	-36.320953
12	0.705989	750	-2.700924	-39.021877
13	0.685877	750	-2.646018	-41.667895
14	0.666112	750	-2.638100	-44.305995
15	0.646693	750	-2.596388	-46.902383
16	0.627618	750	-2.573399	-49.475782
17	0.608884	750	-2.712420	-52.188201
18	0.590490	750	-2.470514	-54.658716
19	0.572433	750	-2.412803	-57.071518
20	0.554712	750	-2.389838	-59.461356
21	0.537324	750	-2.357010	-61.818367
22	0.520268	750	-2.288427	-64.106794
23	0.503540	750	-2.257166	-66.363960
24	0.487139	750	-2.218339	-68.582299
25	0.471063	750	-2.181656	-70.763955
26	0.455310	750	-2.154415	-72.918370
27	0.439877	750	-2.137021	-75.055391
28	0.424762	750	-2.110472	-77.165863
29	0.409963	750	-2.008477	-79.174340
30	0.395478	750	-2.012676	-81.187016
31	0.381305	750	-2.093088	-83.280104
32	0.367440	750	-1.945118	-85.225222
33	0.353883	750	-1.900913	-87.126135
34	0.340630	750	-1.966050	-89.092185
35	0.327680	750	-2.033824	-91.126008
36	0.315030	750	-1.837477	-92.963485
37	0.302677	750	-1.849299	-94.812784
38	0.290619	750	-1.840537	-96.653321
39	0.278855	750	-1.773342	-98.426663
40	0.267381	750	-1.753650	-100.180313
41	0.256195	750	-1.737297	-101.917610
42	0.245294	750	-1.668638	-103.586249
43	0.234677	750	-1.672829	-105.259077
44	0.224340	750	-1.630001	-106.889079
45	0.214281	750	-1.594523	-108.483602
46	0.204498	750	-1.513424	-109.997026
47	0.194988	750	-1.513284	-111.510309
48	0.185749	750	-1.421636	-112.931945
49	0.176777	750	-1.413130	-114.345075
50	0.168070	750	-1.407461	-115.752536
51	0.159626	750	-1.362175	-117.114712
52	0.151441	750	-1.274628	-118.389340
53	0.143514	750	-1.295481	-119.684821
54	0.135841	750	-1.246752	-120.931573
55	0.128420	750	-1.211299	-122.142872
56	0.121247	750	-1.182543	-123.325414
57	0.114320	750	-1.144583	-124.469997
58	0.107637	750	-1.099244	-125.569241
59	0.101193	750	-1.087644	-126.656886
60	0.094986	750	-1.047412	-127.704298
61	0.089014	750	-1.000152	-128.704449
62	0.083273	750	-0.975542	-129.679991
63	0.077760	750	-0.931814	-130.611806
64	0.072472	750	-0.883872	-131.495677
65	0.067406	750	-0.886279	-132.381957
66	0.062558	750	-0.828630	-133.210587
67	0.057926	750	-0.806048	-134.016635
68	0.053506	750	-0.772490	-134.789125
69	0.049295	750	-0.733897	-135.523022
70	0.045289	750	-0.706515	-136.229537
71	0.041485	750	-0.700037	-136.929574
72	0.037880	750	-0.671409	-137.600983
73	0.034469	750	-0.634848	-138.235831
74	0.031250	750	-0.603788	-138.839619
75	0.028218	750	-0.589074	-139.428693
76	0.025370	750	-0.534225	-139.962919
77	0.022702	750	-0.514157	-140.477076
78	0.020209	750	-0.498959	-140.976034
79	0.017889	750	-0.494697	-141.470731
80	0.015736	750	-0.454490	-141.925221
81	0.013746	750	-0.386785	-142.312006
82	0.011916	750	-0.401618	-142.713624
83	0.010240	750	-0.388951	-143.102575
84	0.008714	750	-0.327458	-143.430034
85	0.007334	750	-0.286974	-143.717008
86	0.006093	750	-0.264518	-143.981526
87	0.004988	750	-0.287122	-144.268648
88	0.004013	750	-0.254551	-144.523198
89	0.003162	750	-0.202084	-144.725282
90	0.002430	750	-0.175200	-144.900482
91	0.001810	750	-0.147805	-145.048287
92	0.001296	750	-0.127880	-145.176167
93	0.000882	750	-0.096763	-145.272929
94	0.000559	750	-0.079127	-145.352056
95	0.000320	750	-0.063993	-145.416049
96	0.000156	750	-0.045331	-145.461380
97	0.000057	750	-0.025403	-145.486783
98	0.000010	750	-0.012985	-145.499769
99	0.000000	750	-0.002399	-145.502168
Log marginal likelihood:	-145.502168
0	0.975187	750	-2.982894	-2.982894
1	0.950747	750	-2.948631	-5.931525
2	0.926679	750	-2.901041	-8.832566
3	0.902980	750	-2.866957	-11.699524
4	0.879648	750	-2.812278	-14.511802
5	0.856682	750	-2.762262	-17.274064
6	0.834079	750	-2.722906	-19.996970
7	0.811838	750	-2.689678	-22.686647
8	0.789957	750	-2.650452	-25.337100
9	0.768433	750	-2.599997	-27.937097
10	0.747266	750	-2.562894	-30.499990
11	0.726452	750	-2.542119	-33.042110
12	0.705989	750	-2.535793	-35.577903
13	0.685877	750	-2.469092	-38.046995
14	0.666112	750	-2.417069	-40.464064
15	0.646693	750	-2.366631	-42.830695
16	0.627618	750	-2.359998	-45.190693
17	0.608884	750	-2.344383	-47.535076
18	0.590490	750	-2.267405	-49.802480
19	0.572433	750	-2.258186	-52.060667
20	0.554712	750	-2.207157	-54.267823
21	0.537324	750	-2.204280	-56.472103
22	0.520268	750	-2.106759	-58.578862
23	0.503540	750	-2.068723	-60.647585
24	0.487139	750	-2.039298	-62.686883
25	0.471063	750	-2.028073	-64.714957
26	0.455310	750	-1.957017	-66.671973
27	0.439877	750	-1.913956	-68.585929
28	0.424762	750	-1.919594	-70.505524
29	0.409963	750	-1.888543	-72.394067
30	0.395478	750	-1.816935	-74.211002
31	0.381305	750	-1.829060	-76.040062
32	0.367440	750	-1.949985	-77.990047
33	0.353883	750	-1.714228	-79.704275
34	0.340630	750	-1.793642	-81.497917
35	0.327680	750	-1.690121	-83.188038
36	0.315030	750	-1.716499	-84.904536
37	0.302677	750	-1.647445	-86.551981
38	0.290619	750	-1.572390	-88.124371
39	0.278855	750	-1.613147	-89.737518
40	0.267381	750	-1.564570	-91.302088
41	0.256195	750	-1.501688	-92.803776
42	0.245294	750	-1.568104	-94.371880
43	0.234677	750	-1.478026	-95.849906
44	0.224340	750	-1.399024	-97.248930
45	0.214281	750	-1.469136	-98.718066
46	0.204498	750	-1.406408	-100.124473
47	0.194988	750	-1.382107	-101.506580
48	0.185749	750	-1.309149	-102.815729
49	0.176777	750	-1.356386	-104.172115
50	0.168070	750	-1.301706	-105.473821
51	0.159626	750	-1.296815	-106.770636
52	0.151441	750	-1.223782	-107.994417
53	0.143514	750	-1.191806	-109.186223
54	0.135841	750	-1.194056	-110.380279
55	0.128420	750	-1.115267	-111.495546
56	0.121247	750	-1.072944	-112.568490
57	0.114320	750	-1.052611	-113.621101
58	0.107637	750	-1.057308	-114.678408
59	0.101193	750	-1.002192	-115.680600
60	0.094986	750	-0.949616	-116.630217
61	0.089014	750	-0.946756	-117.576972
62	0.083273	750	-0.924911	-118.501883
63	0.077760	750	-0.902015	-119.403899
64	0.072472	750	-0.866793	-120.270692
65	0.067406	750	-0.825950	-121.096642
66	0.062558	750	-0.805625	-121.902266
67	0.057926	750	-0.772981	-122.675247
68	0.053506	750	-0.729016	-123.404264
69	0.049295	750	-0.690840	-124.095104
70	0.045289	750	-0.668764	-124.763868
71	0.041485	750	-0.665750	-125.429618
72	0.037880	750	-0.647027	-126.076645
73	0.034469	750	-0.586018	-126.662662
74	0.031250	750	-0.566498	-127.229161
75	0.028218	750	-0.541370	-127.770531
76	0.025370	750	-0.490610	-128.261141
77	0.022702	750	-0.499105	-128.760246
78	0.020209	750	-0.456780	-129.217026
79	0.017889	750	-0.433176	-129.650202
80	0.015736	750	-0.414690	-130.064893
81	0.013746	750	-0.408067	-130.472959
82	0.011916	750	-0.390380	-130.863340
83	0.010240	750	-0.338828	-131.202168
84	0.008714	750	-0.312033	-131.514201
85	0.007334	750	-0.333461	-131.847662
86	0.006093	750	-0.295207	-132.142869
87	0.004988	750	-0.243573	-132.386442
88	0.004013	750	-0.217986	-132.604428
89	0.003162	750	-0.180200	-132.784628
90	0.002430	750	-0.184274	-132.968902
91	0.001810	750	-0.133738	-133.102640
92	0.001296	750	-0.125122	-133.227763
93	0.000882	750	-0.089887	-133.317650
94	0.000559	750	-0.075983	-133.393633
95	0.000320	750	-0.063758	-133.457391
96	0.000156	750	-0.036840	-133.494231
97	0.000057	750	-0.028347	-133.522578
98	0.000010	750	-0.012596	-133.535173
99	0.000000	750	-0.002413	-133.537587
Log marginal likelihood:	-133.537587
0	0.975187	750	-3.243456	-3.243456
1	0.950747	750	-3.184914	-6.428370
2	0.926679	750	-3.153510	-9.581880
3	0.902980	750	-3.102695	-12.684574
4	0.879648	750	-3.078624	-15.763199
5	0.856682	750	-3.003391	-18.766590
6	0.834079	750	-2.957879	-21.724469
7	0.811838	750	-2.923451	-24.647920
8	0.789957	750	-2.859112	-27.507031
9	0.768433	750	-2.828967	-30.335998
10	0.747266	750	-2.790872	-33.126870
11	0.726452	750	-2.746340	-35.873210
12	0.705989	750	-2.679736	-38.552945
13	0.685877	750	-2.647923	-41.200869
14	0.666112	750	-2.605111	-43.805979
15	0.646693	750	-2.552761	-46.358740
16	0.627618	750	-2.506817	-48.865557
17	0.608884	750	-2.466960	-51.332517
18	0.590490	750	-2.458445	-53.790963
19	0.572433	750	-2.405420	-56.196382
20	0.554712	750	-2.411434	-58.607817
21	0.537324	750	-2.350434	-60.958251
22	0.520268	750	-2.298877	-63.257128
23	0.503540	750	-2.437409	-65.694537
24	0.487139	750	-2.202695	-67.897232
25	0.471063	750	-2.212463	-70.109695
26	0.455310	750	-2.138981	-72.248676
27	0.439877	750	-2.229628	-74.478304
28	0.424762	750	-2.242268	-76.720572
29	0.409963	750	-2.034142	-78.754714
30	0.395478	750	-2.095828	-80.850542
31	0.381305	750	-2.116519	-82.967060
32	0.367440	750	-2.129970	-85.097030
33	0.353883	750	-2.051152	-87.148182
34	0.340630	750	-2.003616	-89.151799
35	0.327680	750	-1.939442	-91.091240
36	0.315030	750	-1.913607	-93.004847
37	0.302677	750	-1.817239	-94.822087
38	0.290619	750	-1.802816	-96.624903
39	0.278855	750	-1.805187	-98.430090
40	0.267381	750	-1.760409	-100.190500
41	0.256195	750	-1.700447	-101.890947
42	0.245294	750	-1.650461	-103.541407
43	0.234677	750	-1.623707	-105.165114
44	0.224340	750	-1.582048	-106.747162
45	0.214281	750	-1.557812	-108.304974
46	0.204498	750	-1.532891	-109.837865
47	0.194988	750	-1.491206	-111.329071
48	0.185749	750	-1.456972	-112.786042
49	0.176777	750	-1.424427	-114.210470
50	0.168070	750	-1.353227	-115.563697
51	0.159626	750	-1.316166	-116.879862
52	0.151441	750	-1.288767	-118.168629
53	0.143514	750	-1.201656	-119.370286
54	0.135841	750	-1.218963	-120.589249
55	0.128420	750	-1.193870	-121.783118
56	0.121247	750	-1.164350	-122.947468
57	0.114320	750	-1.111658	-124.059127
58	0.107637	750	-1.089099	-125.148226
59	0.101193	750	-1.070664	-126.218889
60	0.094986	750	-1.023878	-127.242767
61	0.089014	750	-0.970857	-128.213624
62	0.083273	750	-0.939749	-129.153374
63	0.077760	750	-0.913359	-130.066733
64	0.072472	750	-0.890315	-130.957048
65	0.067406	750	-0.835353	-131.792401
66	0.062558	750	-0.800150	-132.592551
67	0.057926	750	-0.768206	-133.360757
68	0.053506	750	-0.756436	-134.117193
69	0.049295	750	-0.718789	-134.835982
70	0.045289	750	-0.699149	-135.535132
71	0.041485	750	-0.663633	-136.198765
72	0.037880	750	-0.636321	-136.835086
73	0.034469	750	-0.601430	-137.436516
74	0.031250	750	-0.569243	-138.005759
75	0.028218	750	-0.545600	-138.551360
76	0.025370	750	-0.536230	-139.087590
77	0.022702	750	-0.487427	-139.575017
78	0.020209	750	-0.461438	-140.036455
79	0.017889	750	-0.432723	-140.469177
80	0.015736	750	-0.418115	-140.887292
81	0.013746	750	-0.413526	-141.300818
82	0.011916	750	-0.353774	-141.654592
83	0.010240	750	-0.335090	-141.989682
84	0.008714	750	-0.313504	-142.303186
85	0.007334	750	-0.295599	-142.598785
86	0.006093	750	-0.267575	-142.866360
87	0.004988	750	-0.253808	-143.120168
88	0.004013	750	-0.209601	-143.329769
89	0.003162	750	-0.192225	-143.521994
90	0.002430	750	-0.166837	-143.688831
91	0.001810	750	-0.160976	-143.849806
92	0.001296	750	-0.115664	-143.965471
93	0.000882	750	-0.101062	-144.066533
94	0.000559	750	-0.078246	-144.144779
95	0.000320	750	-0.061261	-144.206040
96	0.000156	750	-0.037739	-144.243779
97	0.000057	750	-0.024148	-144.267927
98	0.000010	750	-0.012624	-144.280551
99	0.000000	750	-0.002275	-144.282826
Log marginal likelihood:	-144.282826
0	0.975187	750	-3.072129	-3.072129
1	0.950747	750	-3.043281	-6.115410
2	0.926679	750	-3.016262	-9.131672
3	0.902980	750	-2.940522	-12.072195
4	0.879648	750	-2.986925	-15.059120
5	0.856682	750	-2.911688	-17.970808
6	0.834079	750	-2.839330	-20.810138
7	0.811838	750	-2.757734	-23.567872
8	0.789957	750	-2.816301	-26.384173
9	0.768433	750	-2.685962	-29.070135
10	0.747266	750	-2.611319	-31.681453
11	0.726452	750	-2.623504	-34.304957
12	0.705989	750	-2.688245	-36.993202
13	0.685877	750	-2.547395	-39.540597
14	0.666112	750	-2.462842	-42.003439
15	0.646693	750	-2.453292	-44.456732
16	0.627618	750	-2.401802	-46.858534
17	0.608884	750	-2.405487	-49.264020
18	0.590490	750	-2.463803	-51.727823
19	0.572433	750	-2.373021	-54.100845
20	0.554712	750	-2.265924	-56.366769
21	0.537324	750	-2.285716	-58.652485
22	0.520268	750	-2.140709	-60.793195
23	0.503540	750	-2.153827	-62.947021
24	0.487139	750	-2.204863	-65.151884
25	0.471063	750	-2.124027	-67.275911
26	0.455310	750	-2.152082	-69.427993
27	0.439877	750	-2.183420	-71.611413
28	0.424762	750	-2.014864	-73.626277
29	0.409963	750	-2.057206	-75.683483
30	0.395478	750	-1.940041	-77.623524
31	0.381305	750	-1.879156	-79.502679
32	0.367440	750	-1.920841	-81.423521
33	0.353883	750	-1.949438	-83.372958
34	0.340630	750	-1.813230	-85.186188
35	0.327680	750	-1.904732	-87.090920
36	0.315030	750	-1.764297	-88.855217
37	0.302677	750	-1.689811	-90.545028
38	0.290619	750	-1.702531	-92.247559
39	0.278855	750	-1.736262	-93.983821
40	0.267381	750	-1.663842	-95.647663
41	0.256195	750	-1.647486	-97.295149
42	0.245294	750	-1.646433	-98.941582
43	0.234677	750	-1.565323	-100.506905
44	0.224340	750	-1.518743	-102.025648
45	0.214281	750	-1.509188	-103.534836
46	0.204498	750	-1.481718	-105.016554
47	0.194988	750	-1.432412	-106.448967
48	0.185749	750	-1.385331	-107.834298
49	0.176777	750	-1.373368	-109.207666
50	0.168070	750	-1.306182	-110.513848
51	0.159626	750	-1.279727	-111.793575
52	0.151441	750	-1.246967	-113.040542
53	0.143514	750	-1.231517	-114.272059
54	0.135841	750	-1.182753	-115.454812
55	0.128420	750	-1.151801	-116.606613
56	0.121247	750	-1.069533	-117.676146
57	0.114320	750	-1.056345	-118.732491
58	0.107637	750	-1.038146	-119.770638
59	0.101193	750	-1.023605	-120.794243
60	0.094986	750	-0.948902	-121.743144
61	0.089014	750	-0.944078	-122.687222
62	0.083273	750	-0.935273	-123.622495
63	0.077760	750	-0.909684	-124.532180
64	0.072472	750	-0.860352	-125.392532
65	0.067406	750	-0.828947	-126.221479
66	0.062558	750	-0.827593	-127.049071
67	0.057926	750	-0.794760	-127.843832
68	0.053506	750	-0.734865	-128.578697
69	0.049295	750	-0.714047	-129.292744
70	0.045289	750	-0.676853	-129.969598
71	0.041485	750	-0.657761	-130.627359
72	0.037880	750	-0.629831	-131.257189
73	0.034469	750	-0.625060	-131.882249
74	0.031250	750	-0.539675	-132.421924
75	0.028218	750	-0.555354	-132.977278
76	0.025370	750	-0.522406	-133.499683
77	0.022702	750	-0.496547	-133.996231
78	0.020209	750	-0.467607	-134.463837
79	0.017889	750	-0.438580	-134.902417
80	0.015736	750	-0.414789	-135.317206
81	0.013746	750	-0.384835	-135.702041
82	0.011916	750	-0.335422	-136.037464
83	0.010240	750	-0.351804	-136.389268
84	0.008714	750	-0.313831	-136.703099
85	0.007334	750	-0.262414	-136.965513
86	0.006093	750	-0.279893	-137.245407
87	0.004988	750	-0.253850	-137.499257
88	0.004013	750	-0.205100	-137.704357
89	0.003162	750	-0.194688	-137.899046
90	0.002430	750	-0.182238	-138.081283
91	0.001810	750	-0.130945	-138.212229
92	0.001296	750	-0.112586	-138.324814
93	0.000882	750	-0.098328	-138.423142
94	0.000559	750	-0.087826	-138.510969
95	0.000320	750	-0.063571	-138.574540
96	0.000156	750	-0.042931	-138.617471
97	0.000057	750	-0.025593	-138.643064
98	0.000010	750	-0.012111	-138.655175
99	0.000000	750	-0.002420	-138.657594
Log marginal likelihood:	-138.657594
0	0.975187	750	-3.032885	-3.032885
1	0.950747	750	-2.981901	-6.014786
2	0.926679	750	-2.929018	-8.943804
3	0.902980	750	-2.930919	-11.874723
4	0.879648	750	-2.865754	-14.740477
5	0.856682	750	-2.819440	-17.559918
6	0.834079	750	-2.796411	-20.356329
7	0.811838	750	-2.727661	-23.083990
8	0.789957	750	-2.697048	-25.781038
9	0.768433	750	-2.672819	-28.453857
10	0.747266	750	-2.604995	-31.058852
11	0.726452	750	-2.554555	-33.613407
12	0.705989	750	-2.554914	-36.168322
13	0.685877	750	-2.451424	-38.619745
14	0.666112	750	-2.501624	-41.121370
15	0.646693	750	-2.419779	-43.541148
16	0.627618	750	-2.369127	-45.910275
17	0.608884	750	-2.365040	-48.275315
18	0.590490	750	-2.357314	-50.632629
19	0.572433	750	-2.313829	-52.946458
20	0.554712	750	-2.235007	-55.181465
21	0.537324	750	-2.222940	-57.404406
22	0.520268	750	-2.559511	-59.963917
23	0.503540	750	-2.161593	-62.125510
24	0.487139	750	-2.108421	-64.233931
25	0.471063	750	-2.035977	-66.269908
26	0.455310	750	-2.053326	-68.323235
27	0.439877	750	-2.124879	-70.448114
28	0.424762	750	-2.004324	-72.452438
29	0.409963	750	-1.900713	-74.353151
30	0.395478	750	-2.102267	-76.455418
31	0.381305	750	-2.096004	-78.551421
32	0.367440	750	-1.912170	-80.463591
33	0.353883	750	-1.750038	-82.213629
34	0.340630	750	-1.725919	-83.939548
35	0.327680	750	-1.941484	-85.881032
36	0.315030	750	-1.837853	-87.718885
37	0.302677	750	-1.704754	-89.423639
38	0.290619	750	-1.723894	-91.147533
39	0.278855	750	-1.651277	-92.798809
40	0.267381	750	-1.762530	-94.561339
41	0.256195	750	-1.712020	-96.273359
42	0.245294	750	-1.672565	-97.945924
43	0.234677	750	-1.619266	-99.565191
44	0.224340	750	-1.609159	-101.174349
45	0.214281	750	-1.440123	-102.614472
46	0.204498	750	-1.514920	-104.129392
47	0.194988	750	-1.439845	-105.569237
48	0.185749	750	-1.446249	-107.015486
49	0.176777	750	-1.394742	-108.410228
50	0.168070	750	-1.357787	-109.768015
51	0.159626	750	-1.335831	-111.103846
52	0.151441	750	-1.291744	-112.395589
53	0.143514	750	-1.272886	-113.668476
54	0.135841	750	-1.221444	-114.889920
55	0.128420	750	-1.196713	-116.086633
56	0.121247	750	-1.144136	-117.230768
57	0.114320	750	-1.138879	-118.369647
58	0.107637	750	-1.093226	-119.462873
59	0.101193	750	-1.027448	-120.490321
60	0.094986	750	-1.027116	-121.517437
61	0.089014	750	-0.969123	-122.486560
62	0.083273	750	-0.957038	-123.443598
63	0.077760	750	-0.918966	-124.362564
64	0.072472	750	-0.880016	-125.242580
65	0.067406	750	-0.852189	-126.094769
66	0.062558	750	-0.808784	-126.903553
67	0.057926	750	-0.769372	-127.672925
68	0.053506	750	-0.749634	-128.422560
69	0.049295	750	-0.738726	-129.161286
70	0.045289	750	-0.704346	-129.865632
71	0.041485	750	-0.666868	-130.532500
72	0.037880	750	-0.652119	-131.184619
73	0.034469	750	-0.607532	-131.792151
74	0.031250	750	-0.592000	-132.384151
75	0.028218	750	-0.555279	-132.939430
76	0.025370	750	-0.514715	-133.454145
77	0.022702	750	-0.493558	-133.947702
78	0.020209	750	-0.514631	-134.462334
79	0.017889	750	-0.440528	-134.902862
80	0.015736	750	-0.431194	-135.334056
81	0.013746	750	-0.419335	-135.753391
82	0.011916	750	-0.366560	-136.119950
83	0.010240	750	-0.401806	-136.521756
84	0.008714	750	-0.319471	-136.841227
85	0.007334	750	-0.299572	-137.140799
86	0.006093	750	-0.313340	-137.454139
87	0.004988	750	-0.263097	-137.717236
88	0.004013	750	-0.213058	-137.930294
89	0.003162	750	-0.195250	-138.125544
90	0.002430	750	-0.167548	-138.293092
91	0.001810	750	-0.140903	-138.433994
92	0.001296	750	-0.124934	-138.558928
93	0.000882	750	-0.101776	-138.660704
94	0.000559	750	-0.077196	-138.737901
95	0.000320	750	-0.059293	-138.797194
96	0.000156	750	-0.042179	-138.839373
97	0.000057	750	-0.028644	-138.868017
98	0.000010	750	-0.011357	-138.879374
99	0.000000	750	-0.002617	-138.881991
Log marginal likelihood:	-138.881991
0	0.975187	750	-3.382277	-3.382277
1	0.950747	750	-3.359279	-6.741556
2	0.926679	750	-3.302083	-10.043639
3	0.902980	750	-3.203546	-13.247184
4	0.879648	750	-3.178190	-16.425374
5	0.856682	750	-3.154806	-19.580180
6	0.834079	750	-3.088279	-22.668459
7	0.811838	750	-3.074676	-25.743135
8	0.789957	750	-3.032781	-28.775916
9	0.768433	750	-2.965169	-31.741085
10	0.747266	750	-3.203362	-34.944446
11	0.726452	750	-2.862025	-37.806471
12	0.705989	750	-2.822414	-40.628885
13	0.685877	750	-2.756171	-43.385057
14	0.666112	750	-2.803263	-46.188320
15	0.646693	750	-2.713779	-48.902098
16	0.627618	750	-2.703916	-51.606015
17	0.608884	750	-2.841194	-54.447208
18	0.590490	750	-2.597311	-57.044520
19	0.572433	750	-2.555112	-59.599631
20	0.554712	750	-2.457537	-62.057168
21	0.537324	750	-2.435933	-64.493102
22	0.520268	750	-2.383363	-66.876465
23	0.503540	750	-2.362269	-69.238734
24	0.487139	750	-2.324341	-71.563075
25	0.471063	750	-2.353774	-73.916849
26	0.455310	750	-2.228740	-76.145589
27	0.439877	750	-2.403809	-78.549398
28	0.424762	750	-2.227612	-80.777010
29	0.409963	750	-2.101654	-82.878664
30	0.395478	750	-2.209378	-85.088042
31	0.381305	750	-2.251522	-87.339563
32	0.367440	750	-2.243551	-89.583115
33	0.353883	750	-2.122759	-91.705874
34	0.340630	750	-1.985965	-93.691839
35	0.327680	750	-1.965342	-95.657181
36	0.315030	750	-1.952304	-97.609485
37	0.302677	750	-1.928549	-99.538034
38	0.290619	750	-1.915300	-101.453333
39	0.278855	750	-1.875272	-103.328606
40	0.267381	750	-1.841894	-105.170500
41	0.256195	750	-1.805659	-106.976159
42	0.245294	750	-1.745051	-108.721210
43	0.234677	750	-1.689377	-110.410587
44	0.224340	750	-1.648826	-112.059413
45	0.214281	750	-1.572837	-113.632250
46	0.204498	750	-1.602822	-115.235072
47	0.194988	750	-1.534798	-116.769870
48	0.185749	750	-1.501536	-118.271406
49	0.176777	750	-1.469447	-119.740853
50	0.168070	750	-1.405358	-121.146211
51	0.159626	750	-1.358089	-122.504299
52	0.151441	750	-1.361555	-123.865855
53	0.143514	750	-1.307894	-125.173748
54	0.135841	750	-1.268167	-126.441915
55	0.128420	750	-1.244753	-127.686668
56	0.121247	750	-1.221736	-128.908404
57	0.114320	750	-1.151775	-130.060179
58	0.107637	750	-1.130133	-131.190312
59	0.101193	750	-1.119375	-132.309687
60	0.094986	750	-1.047690	-133.357377
61	0.089014	750	-1.025105	-134.382482
62	0.083273	750	-0.952932	-135.335414
63	0.077760	750	-0.946697	-136.282111
64	0.072472	750	-0.915371	-137.197482
65	0.067406	750	-0.884614	-138.082096
66	0.062558	750	-0.859027	-138.941123
67	0.057926	750	-0.824083	-139.765206
68	0.053506	750	-0.810502	-140.575708
69	0.049295	750	-0.753964	-141.329672
70	0.045289	750	-0.722868	-142.052540
71	0.041485	750	-0.703260	-142.755800
72	0.037880	750	-0.677834	-143.433634
73	0.034469	750	-0.628741	-144.062375
74	0.031250	750	-0.602206	-144.664581
75	0.028218	750	-0.566518	-145.231099
76	0.025370	750	-0.536754	-145.767852
77	0.022702	750	-0.514870	-146.282722
78	0.020209	750	-0.489539	-146.772261
79	0.017889	750	-0.474978	-147.247239
80	0.015736	750	-0.479567	-147.726806
81	0.013746	750	-0.406968	-148.133774
82	0.011916	750	-0.401317	-148.535091
83	0.010240	750	-0.345886	-148.880977
84	0.008714	750	-0.364913	-149.245890
85	0.007334	750	-0.291996	-149.537885
86	0.006093	750	-0.294127	-149.832013
87	0.004988	750	-0.236705	-150.068717
88	0.004013	750	-0.215307	-150.284024
89	0.003162	750	-0.192312	-150.476336
90	0.002430	750	-0.164372	-150.640708
91	0.001810	750	-0.158829	-150.799538
92	0.001296	750	-0.129238	-150.928776
93	0.000882	750	-0.105811	-151.034587
94	0.000559	750	-0.078299	-151.112886
95	0.000320	750	-0.065714	-151.178600
96	0.000156	750	-0.039345	-151.217944
97	0.000057	750	-0.023363	-151.241307
98	0.000010	750	-0.012154	-151.253460
99	0.000000	750	-0.002581	-151.256042
Log marginal likelihood:	-151.256042
0	0.975187	750	-2.939408	-2.939408
1	0.950747	750	-2.916184	-5.855591
2	0.926679	750	-2.860149	-8.715740
3	0.902980	750	-2.842838	-11.558577
4	0.879648	750	-2.810321	-14.368898
5	0.856682	750	-2.737456	-17.106354
6	0.834079	750	-2.727025	-19.833379
7	0.811838	750	-2.648534	-22.481913
8	0.789957	750	-2.604584	-25.086497
9	0.768433	750	-2.604947	-27.691444
10	0.747266	750	-2.559163	-30.250607
11	0.726452	750	-2.503667	-32.754274
12	0.705989	750	-2.497533	-35.251807
13	0.685877	750	-2.413968	-37.665775
14	0.666112	750	-2.394965	-40.060740
15	0.646693	750	-2.319038	-42.379779
16	0.627618	750	-2.308565	-44.688344
17	0.608884	750	-2.298198	-46.986541
18	0.590490	750	-2.255432	-49.241973
19	0.572433	750	-2.207647	-51.449620
20	0.554712	750	-2.196317	-53.645937
21	0.537324	750	-2.128207	-55.774144
22	0.520268	750	-2.073688	-57.847832
23	0.503540	750	-2.069109	-59.916941
24	0.487139	750	-2.042500	-61.959442
25	0.471063	750	-2.023535	-63.982977
26	0.455310	750	-1.949474	-65.932451
27	0.439877	750	-1.923542	-67.855992
28	0.424762	750	-1.882993	-69.738985
29	0.409963	750	-1.890001	-71.628986
30	0.395478	750	-1.823154	-73.452140
31	0.381305	750	-1.781846	-75.233986
32	0.367440	750	-1.746623	-76.980609
33	0.353883	750	-1.771933	-78.752542
34	0.340630	750	-1.890567	-80.643109
35	0.327680	750	-1.781819	-82.424928
36	0.315030	750	-1.604659	-84.029587
37	0.302677	750	-1.663203	-85.692790
38	0.290619	750	-1.611129	-87.303919
39	0.278855	750	-1.519708	-88.823627
40	0.267381	750	-1.473170	-90.296796
41	0.256195	750	-1.571285	-91.868081
42	0.245294	750	-1.435549	-93.303630
43	0.234677	750	-1.479034	-94.782664
44	0.224340	750	-1.471632	-96.254296
45	0.214281	750	-1.506266	-97.760562
46	0.204498	750	-1.437664	-99.198226
47	0.194988	750	-1.303442	-100.501668
48	0.185749	750	-1.358739	-101.860407
49	0.176777	750	-1.342462	-103.202870
50	0.168070	750	-1.242353	-104.445222
51	0.159626	750	-1.281900	-105.727123
52	0.151441	750	-1.229270	-106.956393
53	0.143514	750	-1.188130	-108.144523
54	0.135841	750	-1.176326	-109.320849
55	0.128420	750	-1.196902	-110.517751
56	0.121247	750	-1.106062	-111.623813
57	0.114320	750	-1.092143	-112.715957
58	0.107637	750	-1.038746	-113.754703
59	0.101193	750	-1.009208	-114.763911
60	0.094986	750	-0.980193	-115.744104
61	0.089014	750	-0.922109	-116.666213
62	0.083273	750	-0.945677	-117.611891
63	0.077760	750	-0.881150	-118.493041
64	0.072472	750	-0.878192	-119.371233
65	0.067406	750	-0.814592	-120.185825
66	0.062558	750	-0.815334	-121.001159
67	0.057926	750	-0.786639	-121.787798
68	0.053506	750	-0.737417	-122.525215
69	0.049295	750	-0.739077	-123.264292
70	0.045289	750	-0.690695	-123.954987
71	0.041485	750	-0.648067	-124.603054
72	0.037880	750	-0.634053	-125.237107
73	0.034469	750	-0.611872	-125.848979
74	0.031250	750	-0.606901	-126.455880
75	0.028218	750	-0.566933	-127.022813
76	0.025370	750	-0.520091	-127.542904
77	0.022702	750	-0.493786	-128.036690
78	0.020209	750	-0.467002	-128.503691
79	0.017889	750	-0.465513	-128.969205
80	0.015736	750	-0.424180	-129.393385
81	0.013746	750	-0.365055	-129.758439
82	0.011916	750	-0.385849	-130.144288
83	0.010240	750	-0.352761	-130.497048
84	0.008714	750	-0.314578	-130.811627
85	0.007334	750	-0.295594	-131.107220
86	0.006093	750	-0.262264	-131.369484
87	0.004988	750	-0.264179	-131.633664
88	0.004013	750	-0.244007	-131.877671
89	0.003162	750	-0.202515	-132.080186
90	0.002430	750	-0.167657	-132.247843
91	0.001810	750	-0.160327	-132.408170
92	0.001296	750	-0.125219	-132.533388
93	0.000882	750	-0.108734	-132.642122
94	0.000559	750	-0.083243	-132.725365
95	0.000320	750	-0.056040	-132.781405
96	0.000156	750	-0.040002	-132.821406
97	0.000057	750	-0.024184	-132.845590
98	0.000010	750	-0.011632	-132.857222
99	0.000000	750	-0.002329	-132.859551
Log marginal likelihood:	-132.859551
0	0.975187	750	-3.218423	-3.218423
1	0.950747	750	-3.217992	-6.436415
2	0.926679	750	-3.166449	-9.602864
3	0.902980	750	-3.108387	-12.711251
4	0.879648	750	-3.060477	-15.771728
5	0.856682	750	-3.029264	-18.800992
6	0.834079	750	-2.974124	-21.775116
7	0.811838	750	-2.925065	-24.700181
8	0.789957	750	-2.871084	-27.571265
9	0.768433	750	-2.829267	-30.400531
10	0.747266	750	-2.783297	-33.183828
11	0.726452	750	-2.752646	-35.936474
12	0.705989	750	-2.716935	-38.653409
13	0.685877	750	-2.681464	-41.334872
14	0.666112	750	-2.621708	-43.956581
15	0.646693	750	-2.578436	-46.535017
16	0.627618	750	-2.757313	-49.292329
17	0.608884	750	-2.550149	-51.842478
18	0.590490	750	-2.435167	-54.277645
19	0.572433	750	-2.402178	-56.679824
20	0.554712	750	-2.426721	-59.106544
21	0.537324	750	-2.310092	-61.416637
22	0.520268	750	-2.300264	-63.716901
23	0.503540	750	-2.543374	-66.260275
24	0.487139	750	-2.423159	-68.683434
25	0.471063	750	-2.183713	-70.867147
26	0.455310	750	-2.179500	-73.046648
27	0.439877	750	-2.377541	-75.424189
28	0.424762	750	-2.088648	-77.512836
29	0.409963	750	-2.113848	-79.626684
30	0.395478	750	-2.066251	-81.692935
31	0.381305	750	-2.200872	-83.893808
32	0.367440	750	-2.042519	-85.936327
33	0.353883	750	-1.955882	-87.892208
34	0.340630	750	-1.999843	-89.892051
35	0.327680	750	-1.903894	-91.795945
36	0.315030	750	-1.953773	-93.749717
37	0.302677	750	-1.895982	-95.645699
38	0.290619	750	-1.869140	-97.514839
39	0.278855	750	-1.777719	-99.292558
40	0.267381	750	-1.765878	-101.058436
41	0.256195	750	-1.758265	-102.816701
42	0.245294	750	-1.707304	-104.524005
43	0.234677	750	-1.678110	-106.202115
44	0.224340	750	-1.643364	-107.845479
45	0.214281	750	-1.578399	-109.423878
46	0.204498	750	-1.506978	-110.930856
47	0.194988	750	-1.494702	-112.425558
48	0.185749	750	-1.469370	-113.894928
49	0.176777	750	-1.445748	-115.340676
50	0.168070	750	-1.401272	-116.741947
51	0.159626	750	-1.351880	-118.093827
52	0.151441	750	-1.307128	-119.400955
53	0.143514	750	-1.256111	-120.657066
54	0.135841	750	-1.235411	-121.892477
55	0.128420	750	-1.213343	-123.105820
56	0.121247	750	-1.150730	-124.256550
57	0.114320	750	-1.111763	-125.368313
58	0.107637	750	-1.107757	-126.476071
59	0.101193	750	-1.065626	-127.541696
60	0.094986	750	-1.040839	-128.582535
61	0.089014	750	-0.980076	-129.562611
62	0.083273	750	-0.944240	-130.506851
63	0.077760	750	-0.929831	-131.436682
64	0.072472	750	-0.896092	-132.332774
65	0.067406	750	-0.834842	-133.167616
66	0.062558	750	-0.828765	-133.996380
67	0.057926	750	-0.788511	-134.784891
68	0.053506	750	-0.774119	-135.559011
69	0.049295	750	-0.751126	-136.310137
70	0.045289	750	-0.678950	-136.989088
71	0.041485	750	-0.679110	-137.668197
72	0.037880	750	-0.648431	-138.316629
73	0.034469	750	-0.625833	-138.942462
74	0.031250	750	-0.585239	-139.527701
75	0.028218	750	-0.566413	-140.094113
76	0.025370	750	-0.537294	-140.631407
77	0.022702	750	-0.551554	-141.182962
78	0.020209	750	-0.486908	-141.669869
79	0.017889	750	-0.474853	-142.144722
80	0.015736	750	-0.444500	-142.589222
81	0.013746	750	-0.417151	-143.006373
82	0.011916	750	-0.413406	-143.419779
83	0.010240	750	-0.361834	-143.781613
84	0.008714	750	-0.313257	-144.094870
85	0.007334	750	-0.300964	-144.395834
86	0.006093	750	-0.269785	-144.665618
87	0.004988	750	-0.290320	-144.955938
88	0.004013	750	-0.250907	-145.206845
89	0.003162	750	-0.194208	-145.401053
90	0.002430	750	-0.166398	-145.567451
91	0.001810	750	-0.148404	-145.715854
92	0.001296	750	-0.117792	-145.833646
93	0.000882	750	-0.104781	-145.938428
94	0.000559	750	-0.071191	-146.009619
95	0.000320	750	-0.057475	-146.067094
96	0.000156	750	-0.042088	-146.109182
97	0.000057	750	-0.025125	-146.134306
98	0.000010	750	-0.010590	-146.144897
99	0.000000	750	-0.002566	-146.147463
Log marginal likelihood:	-146.147463
0	0.975187	750	-3.004426	-3.004426
1	0.950747	750	-3.027848	-6.032274
2	0.926679	750	-2.924164	-8.956438
3	0.902980	750	-2.886129	-11.842567
4	0.879648	750	-2.863611	-14.706177
5	0.856682	750	-2.933242	-17.639420
6	0.834079	750	-2.762953	-20.402372
7	0.811838	750	-2.762622	-23.164995
8	0.789957	750	-2.705788	-25.870783
9	0.768433	750	-2.653837	-28.524620
10	0.747266	750	-2.639545	-31.164165
11	0.726452	750	-2.608080	-33.772245
12	0.705989	750	-2.547900	-36.320145
13	0.685877	750	-2.497403	-38.817548
14	0.666112	750	-2.492309	-41.309857
15	0.646693	750	-2.417591	-43.727448
16	0.627618	750	-2.399248	-46.126695
17	0.608884	750	-2.412438	-48.539133
18	0.590490	750	-2.340003	-50.879136
19	0.572433	750	-2.300624	-53.179760
20	0.554712	750	-2.226737	-55.406497
21	0.537324	750	-2.206539	-57.613036
22	0.520268	750	-2.172481	-59.785518
23	0.503540	750	-2.122201	-61.907719
24	0.487139	750	-2.062669	-63.970388
25	0.471063	750	-2.065836	-66.036224
26	0.455310	750	-2.095466	-68.131690
27	0.439877	750	-2.041846	-70.173536
28	0.424762	750	-1.911460	-72.084996
29	0.409963	750	-1.928229	-74.013225
30	0.395478	750	-1.847130	-75.860355
31	0.381305	750	-1.972878	-77.833233
32	0.367440	750	-1.970382	-79.803615
33	0.353883	750	-1.906687	-81.710302
34	0.340630	750	-1.860454	-83.570756
35	0.327680	750	-1.861084	-85.431840
36	0.315030	750	-1.733562	-87.165402
37	0.302677	750	-1.702908	-88.868309
38	0.290619	750	-1.701333	-90.569643
39	0.278855	750	-1.613701	-92.183344
40	0.267381	750	-1.656056	-93.839399
41	0.256195	750	-1.568704	-95.408103
42	0.245294	750	-1.617615	-97.025718
43	0.234677	750	-1.561396	-98.587115
44	0.224340	750	-1.500039	-100.087153
45	0.214281	750	-1.476715	-101.563868
46	0.204498	750	-1.400259	-102.964127
47	0.194988	750	-1.408725	-104.372852
48	0.185749	750	-1.341354	-105.714206
49	0.176777	750	-1.359886	-107.074093
50	0.168070	750	-1.311089	-108.385182
51	0.159626	750	-1.243258	-109.628440
52	0.151441	750	-1.252089	-110.880528
53	0.143514	750	-1.195891	-112.076420
54	0.135841	750	-1.210808	-113.287228
55	0.128420	750	-1.155568	-114.442795
56	0.121247	750	-1.083380	-115.526175
57	0.114320	750	-1.087765	-116.613940
58	0.107637	750	-1.049642	-117.663582
59	0.101193	750	-1.012273	-118.675856
60	0.094986	750	-0.967089	-119.642945
61	0.089014	750	-0.952093	-120.595038
62	0.083273	750	-0.927105	-121.522143
63	0.077760	750	-0.895803	-122.417946
64	0.072472	750	-0.874174	-123.292121
65	0.067406	750	-0.843279	-124.135399
66	0.062558	750	-0.775803	-124.911202
67	0.057926	750	-0.741387	-125.652589
68	0.053506	750	-0.703061	-126.355650
69	0.049295	750	-0.706699	-127.062350
70	0.045289	750	-0.681475	-127.743825
71	0.041485	750	-0.672615	-128.416440
72	0.037880	750	-0.617225	-129.033664
73	0.034469	750	-0.583464	-129.617128
74	0.031250	750	-0.562301	-130.179429
75	0.028218	750	-0.602332	-130.781762
76	0.025370	750	-0.511716	-131.293478
77	0.022702	750	-0.498089	-131.791567
78	0.020209	750	-0.474961	-132.266528
79	0.017889	750	-0.461209	-132.727738
80	0.015736	750	-0.452044	-133.179782
81	0.013746	750	-0.410821	-133.590602
82	0.011916	750	-0.398748	-133.989350
83	0.010240	750	-0.352900	-134.342250
84	0.008714	750	-0.303078	-134.645328
85	0.007334	750	-0.310613	-134.955941
86	0.006093	750	-0.278937	-135.234879
87	0.004988	750	-0.247621	-135.482500
88	0.004013	750	-0.205845	-135.688345
89	0.003162	750	-0.170617	-135.858962
90	0.002430	750	-0.192795	-136.051757
91	0.001810	750	-0.150589	-136.202346
92	0.001296	750	-0.115604	-136.317950
93	0.000882	750	-0.096793	-136.414743
94	0.000559	750	-0.085108	-136.499851
95	0.000320	750	-0.060601	-136.560452
96	0.000156	750	-0.042602	-136.603054
97	0.000057	750	-0.026353	-136.629407
98	0.000010	750	-0.010562	-136.639970
99	0.000000	750	-0.002371	-136.642340
Log marginal likelihood:	-136.642340
0	0.975187	750	-3.012616	-3.012616
1	0.950747	750	-2.958342	-5.970958
2	0.926679	750	-2.918480	-8.889438
3	0.902980	750	-2.899862	-11.789300
4	0.879648	750	-2.845456	-14.634756
5	0.856682	750	-2.796550	-17.431306
6	0.834079	750	-2.778099	-20.209405
7	0.811838	750	-2.772009	-22.981415
8	0.789957	750	-2.695141	-25.676555
9	0.768433	750	-2.615071	-28.291626
10	0.747266	750	-2.663245	-30.954872
11	0.726452	750	-2.587429	-33.542301
12	0.705989	750	-2.554985	-36.097286
13	0.685877	750	-2.508025	-38.605311
14	0.666112	750	-2.451616	-41.056927
15	0.646693	750	-2.469002	-43.525929
16	0.627618	750	-2.369646	-45.895575
17	0.608884	750	-2.397282	-48.292858
18	0.590490	750	-2.380077	-50.672935
19	0.572433	750	-2.273603	-52.946538
20	0.554712	750	-2.250163	-55.196701
21	0.537324	750	-2.203353	-57.400054
22	0.520268	750	-2.259313	-59.659368
23	0.503540	750	-2.474360	-62.133727
24	0.487139	750	-2.174766	-64.308493
25	0.471063	750	-2.029281	-66.337774
26	0.455310	750	-2.082624	-68.420398
27	0.439877	750	-2.248889	-70.669288
28	0.424762	750	-2.166629	-72.835917
29	0.409963	750	-1.894959	-74.730876
30	0.395478	750	-1.916471	-76.647347
31	0.381305	750	-1.839758	-78.487105
32	0.367440	750	-1.900301	-80.387406
33	0.353883	750	-1.844529	-82.231935
34	0.340630	750	-1.915275	-84.147211
35	0.327680	750	-1.855165	-86.002375
36	0.315030	750	-1.804064	-87.806439
37	0.302677	750	-1.881492	-89.687931
38	0.290619	750	-1.618532	-91.306463
39	0.278855	750	-1.791940	-93.098403
40	0.267381	750	-1.611880	-94.710283
41	0.256195	750	-1.636163	-96.346446
42	0.245294	750	-1.636839	-97.983285
43	0.234677	750	-1.662124	-99.645409
44	0.224340	750	-1.598694	-101.244102
45	0.214281	750	-1.579335	-102.823437
46	0.204498	750	-1.530653	-104.354090
47	0.194988	750	-1.504148	-105.858239
48	0.185749	750	-1.444784	-107.303022
49	0.176777	750	-1.394392	-108.697415
50	0.168070	750	-1.358769	-110.056184
51	0.159626	750	-1.321088	-111.377272
52	0.151441	750	-1.287537	-112.664809
53	0.143514	750	-1.228426	-113.893235
54	0.135841	750	-1.212545	-115.105780
55	0.128420	750	-1.188706	-116.294486
56	0.121247	750	-1.095916	-117.390401
57	0.114320	750	-1.097588	-118.487989
58	0.107637	750	-1.064246	-119.552235
59	0.101193	750	-1.032108	-120.584344
60	0.094986	750	-0.985497	-121.569841
61	0.089014	750	-0.985720	-122.555561
62	0.083273	750	-0.968159	-123.523720
63	0.077760	750	-0.916285	-124.440005
64	0.072472	750	-0.879650	-125.319655
65	0.067406	750	-0.841160	-126.160815
66	0.062558	750	-0.833143	-126.993958
67	0.057926	750	-0.791061	-127.785019
68	0.053506	750	-0.732195	-128.517214
69	0.049295	750	-0.746199	-129.263413
70	0.045289	750	-0.706555	-129.969968
71	0.041485	750	-0.673406	-130.643374
72	0.037880	750	-0.632563	-131.275937
73	0.034469	750	-0.606841	-131.882779
74	0.031250	750	-0.614839	-132.497617
75	0.028218	750	-0.544315	-133.041932
76	0.025370	750	-0.566374	-133.608306
77	0.022702	750	-0.491236	-134.099541
78	0.020209	750	-0.511174	-134.610716
79	0.017889	750	-0.457765	-135.068481
80	0.015736	750	-0.415334	-135.483815
81	0.013746	750	-0.397495	-135.881310
82	0.011916	750	-0.386427	-136.267737
83	0.010240	750	-0.346732	-136.614469
84	0.008714	750	-0.302019	-136.916488
85	0.007334	750	-0.336698	-137.253186
86	0.006093	750	-0.254433	-137.507619
87	0.004988	750	-0.253323	-137.760942
88	0.004013	750	-0.204797	-137.965740
89	0.003162	750	-0.188022	-138.153761
90	0.002430	750	-0.160880	-138.314642
91	0.001810	750	-0.144186	-138.458828
92	0.001296	750	-0.125400	-138.584228
93	0.000882	750	-0.096849	-138.681077
94	0.000559	750	-0.078857	-138.759933
95	0.000320	750	-0.057415	-138.817348
96	0.000156	750	-0.041321	-138.858669
97	0.000057	750	-0.022442	-138.881111
98	0.000010	750	-0.011410	-138.892520
99	0.000000	750	-0.002675	-138.895195
Log marginal likelihood:	-138.895195
0	0.975187	750	-3.310117	-3.310117
1	0.950747	750	-3.226613	-6.536730
2	0.926679	750	-3.156981	-9.693712
3	0.902980	750	-3.108548	-12.802260
4	0.879648	750	-3.087773	-15.890032
5	0.856682	750	-3.030968	-18.921000
6	0.834079	750	-2.978687	-21.899687
7	0.811838	750	-2.943330	-24.843017
8	0.789957	750	-2.872137	-27.715154
9	0.768433	750	-2.832318	-30.547472
10	0.747266	750	-2.820147	-33.367619
11	0.726452	750	-2.765300	-36.132919
12	0.705989	750	-2.736101	-38.869020
13	0.685877	750	-2.657499	-41.526519
14	0.666112	750	-2.684245	-44.210764
15	0.646693	750	-2.702773	-46.913537
16	0.627618	750	-2.555454	-49.468991
17	0.608884	750	-2.569111	-52.038102
18	0.590490	750	-2.502268	-54.540370
19	0.572433	750	-2.435040	-56.975409
20	0.554712	750	-2.383987	-59.359396
21	0.537324	750	-2.414944	-61.774340
22	0.520268	750	-2.323323	-64.097663
23	0.503540	750	-2.344306	-66.441969
24	0.487139	750	-2.226258	-68.668227
25	0.471063	750	-2.261745	-70.929972
26	0.455310	750	-2.141719	-73.071691
27	0.439877	750	-2.125956	-75.197647
28	0.424762	750	-2.115126	-77.312774
29	0.409963	750	-2.139367	-79.452141
30	0.395478	750	-2.080881	-81.533022
31	0.381305	750	-2.013160	-83.546182
32	0.367440	750	-2.110315	-85.656496
33	0.353883	750	-1.994917	-87.651413
34	0.340630	750	-1.999824	-89.651238
35	0.327680	750	-1.987826	-91.639063
36	0.315030	750	-1.912477	-93.551540
37	0.302677	750	-1.825323	-95.376864
38	0.290619	750	-1.710600	-97.087464
39	0.278855	750	-1.735974	-98.823438
40	0.267381	750	-1.707609	-100.531046
41	0.256195	750	-1.661730	-102.192776
42	0.245294	750	-1.669751	-103.862528
43	0.234677	750	-1.629801	-105.492328
44	0.224340	750	-1.570984	-107.063312
45	0.214281	750	-1.544072	-108.607385
46	0.204498	750	-1.524010	-110.131394
47	0.194988	750	-1.472379	-111.603773
48	0.185749	750	-1.404132	-113.007906
49	0.176777	750	-1.409867	-114.417773
50	0.168070	750	-1.372938	-115.790711
51	0.159626	750	-1.310365	-117.101076
52	0.151441	750	-1.264105	-118.365182
53	0.143514	750	-1.261187	-119.626369
54	0.135841	750	-1.215796	-120.842165
55	0.128420	750	-1.164855	-122.007020
56	0.121247	750	-1.134526	-123.141546
57	0.114320	750	-1.083137	-124.224683
58	0.107637	750	-1.081251	-125.305934
59	0.101193	750	-1.022350	-126.328284
60	0.094986	750	-1.010359	-127.338643
61	0.089014	750	-0.968348	-128.306991
62	0.083273	750	-0.959751	-129.266742
63	0.077760	750	-0.910800	-130.177542
64	0.072472	750	-0.871197	-131.048738
65	0.067406	750	-0.829606	-131.878344
66	0.062558	750	-0.830054	-132.708398
67	0.057926	750	-0.773032	-133.481430
68	0.053506	750	-0.749564	-134.230995
69	0.049295	750	-0.719650	-134.950645
70	0.045289	750	-0.676068	-135.626713
71	0.041485	750	-0.653176	-136.279889
72	0.037880	750	-0.631127	-136.911016
73	0.034469	750	-0.584739	-137.495756
74	0.031250	750	-0.582655	-138.078410
75	0.028218	750	-0.564043	-138.642454
76	0.025370	750	-0.520040	-139.162494
77	0.022702	750	-0.511654	-139.674148
78	0.020209	750	-0.443693	-140.117841
79	0.017889	750	-0.457777	-140.575618
80	0.015736	750	-0.427336	-141.002954
81	0.013746	750	-0.418268	-141.421222
82	0.011916	750	-0.360518	-141.781740
83	0.010240	750	-0.375832	-142.157572
84	0.008714	750	-0.313353	-142.470925
85	0.007334	750	-0.330982	-142.801906
86	0.006093	750	-0.255983	-143.057889
87	0.004988	750	-0.238386	-143.296275
88	0.004013	750	-0.208313	-143.504589
89	0.003162	750	-0.184812	-143.689401
90	0.002430	750	-0.169607	-143.859008
91	0.001810	750	-0.141723	-144.000731
92	0.001296	750	-0.109865	-144.110596
93	0.000882	750	-0.092306	-144.202903
94	0.000559	750	-0.076949	-144.279851
95	0.000320	750	-0.052851	-144.332702
96	0.000156	750	-0.037997	-144.370700
97	0.000057	750	-0.023968	-144.394668
98	0.000010	750	-0.010532	-144.405200
99	0.000000	750	-0.002690	-144.407890
Log marginal likelihood:	-144.407890
0	0.975187	750	-3.090047	-3.090047
1	0.950747	750	-3.044575	-6.134622
2	0.926679	750	-3.016870	-9.151492
3	0.902980	750	-2.958719	-12.110211
4	0.879648	750	-2.923316	-15.033527
5	0.856682	750	-2.865381	-17.898908
6	0.834079	750	-2.812354	-20.711262
7	0.811838	750	-2.776061	-23.487323
8	0.789957	750	-2.756523	-26.243846
9	0.768433	750	-2.706163	-28.950009
10	0.747266	750	-2.650300	-31.600309
11	0.726452	750	-2.609351	-34.209659
12	0.705989	750	-2.572167	-36.781827
13	0.685877	750	-2.527508	-39.309334
14	0.666112	750	-2.475636	-41.784971
15	0.646693	750	-2.457327	-44.242298
16	0.627618	750	-2.391234	-46.633532
17	0.608884	750	-2.402592	-49.036124
18	0.590490	750	-2.324362	-51.360485
19	0.572433	750	-2.296211	-53.656696
20	0.554712	750	-2.257553	-55.914250
21	0.537324	750	-2.194409	-58.108659
22	0.520268	750	-2.186087	-60.294746
23	0.503540	750	-2.117506	-62.412252
24	0.487139	750	-2.109876	-64.522128
25	0.471063	750	-2.075965	-66.598093
26	0.455310	750	-2.020845	-68.618938
27	0.439877	750	-2.020948	-70.639886
28	0.424762	750	-1.964729	-72.604614
29	0.409963	750	-1.886352	-74.490966
30	0.395478	750	-1.846183	-76.337149
31	0.381305	750	-1.842224	-78.179373
32	0.367440	750	-1.778489	-79.957861
33	0.353883	750	-1.760038	-81.717899
34	0.340630	750	-1.860990	-83.578889
35	0.327680	750	-1.817036	-85.395925
36	0.315030	750	-1.735763	-87.131688
37	0.302677	750	-1.656013	-88.787701
38	0.290619	750	-1.676742	-90.464442
39	0.278855	750	-1.656795	-92.121237
40	0.267381	750	-1.676903	-93.798140
41	0.256195	750	-1.531217	-95.329357
42	0.245294	750	-1.622793	-96.952150
43	0.234677	750	-1.581731	-98.533881
44	0.224340	750	-1.610576	-100.144458
45	0.214281	750	-1.475935	-101.620393
46	0.204498	750	-1.534565	-103.154958
47	0.194988	750	-1.501419	-104.656377
48	0.185749	750	-1.342733	-105.999109
49	0.176777	750	-1.443853	-107.442963
50	0.168070	750	-1.385614	-108.828577
51	0.159626	750	-1.348399	-110.176976
52	0.151441	750	-1.233049	-111.410025
53	0.143514	750	-1.215632	-112.625657
54	0.135841	750	-1.173963	-113.799620
55	0.128420	750	-1.196655	-114.996276
56	0.121247	750	-1.157945	-116.154220
57	0.114320	750	-1.112831	-117.267052
58	0.107637	750	-1.084010	-118.351062
59	0.101193	750	-1.058864	-119.409926
60	0.094986	750	-1.018170	-120.428097
61	0.089014	750	-0.990382	-121.418479
62	0.083273	750	-0.957193	-122.375672
63	0.077760	750	-0.911910	-123.287582
64	0.072472	750	-0.909232	-124.196814
65	0.067406	750	-0.853964	-125.050778
66	0.062558	750	-0.803107	-125.853885
67	0.057926	750	-0.791784	-126.645668
68	0.053506	750	-0.764962	-127.410631
69	0.049295	750	-0.733355	-128.143986
70	0.045289	750	-0.702821	-128.846807
71	0.041485	750	-0.675306	-129.522113
72	0.037880	750	-0.618943	-130.141056
73	0.034469	750	-0.647571	-130.788627
74	0.031250	750	-0.560130	-131.348758
75	0.028218	750	-0.579354	-131.928111
76	0.025370	750	-0.565860	-132.493971
77	0.022702	750	-0.521141	-133.015112
78	0.020209	750	-0.485152	-133.500264
79	0.017889	750	-0.462363	-133.962628
80	0.015736	750	-0.438310	-134.400937
81	0.013746	750	-0.386250	-134.787187
82	0.011916	750	-0.375785	-135.162972
83	0.010240	750	-0.351066	-135.514039
84	0.008714	750	-0.350856	-135.864894
85	0.007334	750	-0.309972	-136.174866
86	0.006093	750	-0.290017	-136.464883
87	0.004988	750	-0.241015	-136.705898
88	0.004013	750	-0.242152	-136.948050
89	0.003162	750	-0.196610	-137.144660
90	0.002430	750	-0.162018	-137.306678
91	0.001810	750	-0.153244	-137.459921
92	0.001296	750	-0.122738	-137.582659
93	0.000882	750	-0.101431	-137.684090
94	0.000559	750	-0.092245	-137.776335
95	0.000320	750	-0.059534	-137.835869
96	0.000156	750	-0.040131	-137.875999
97	0.000057	750	-0.027337	-137.903337
98	0.000010	750	-0.011182	-137.914519
99	0.000000	750	-0.002714	-137.917232
Log marginal likelihood:	-137.917232
0	0.975187	750	-3.144999	-3.144999
1	0.950747	750	-3.143515	-6.288515
2	0.926679	750	-3.029144	-9.317659
3	0.902980	750	-2.961518	-12.279177
4	0.879648	750	-3.021288	-15.300465
5	0.856682	750	-2.882982	-18.183447
6	0.834079	750	-2.869594	-21.053042
7	0.811838	750	-2.763449	-23.816491
8	0.789957	750	-2.803153	-26.619644
9	0.768433	750	-2.735834	-29.355478
10	0.747266	750	-2.709057	-32.064535
11	0.726452	750	-2.644320	-34.708854
12	0.705989	750	-2.591405	-37.300259
13	0.685877	750	-2.571616	-39.871875
14	0.666112	750	-2.528977	-42.400853
15	0.646693	750	-2.481157	-44.882009
16	0.627618	750	-2.463022	-47.345031
17	0.608884	750	-2.413299	-49.758331
18	0.590490	750	-2.393985	-52.152316
19	0.572433	750	-2.340646	-54.492962
20	0.554712	750	-2.336334	-56.829296
21	0.537324	750	-2.225667	-59.054963
22	0.520268	750	-2.350116	-61.405079
23	0.503540	750	-2.243835	-63.648914
24	0.487139	750	-2.178020	-65.826934
25	0.471063	750	-2.081188	-67.908122
26	0.455310	750	-2.081873	-69.989995
27	0.439877	750	-2.026082	-72.016077
28	0.424762	750	-2.066050	-74.082127
29	0.409963	750	-2.063370	-76.145497
30	0.395478	750	-1.910696	-78.056194
31	0.381305	750	-1.889870	-79.946064
32	0.367440	750	-2.055439	-82.001503
33	0.353883	750	-2.004442	-84.005944
34	0.340630	750	-1.964534	-85.970478
35	0.327680	750	-1.807932	-87.778411
36	0.315030	750	-1.709387	-89.487797
37	0.302677	750	-1.779640	-91.267438
38	0.290619	750	-1.807848	-93.075285
39	0.278855	750	-1.744751	-94.820037
40	0.267381	750	-1.728493	-96.548529
41	0.256195	750	-1.704319	-98.252848
42	0.245294	750	-1.586548	-99.839396
43	0.234677	750	-1.645017	-101.484413
44	0.224340	750	-1.608268	-103.092681
45	0.214281	750	-1.558552	-104.651233
46	0.204498	750	-1.537806	-106.189038
47	0.194988	750	-1.454744	-107.643782
48	0.185749	750	-1.417740	-109.061521
49	0.176777	750	-1.377276	-110.438798
50	0.168070	750	-1.369879	-111.808676
51	0.159626	750	-1.322299	-113.130975
52	0.151441	750	-1.266617	-114.397592
53	0.143514	750	-1.283020	-115.680612
54	0.135841	750	-1.197843	-116.878455
55	0.128420	750	-1.142885	-118.021340
56	0.121247	750	-1.150828	-119.172169
57	0.114320	750	-1.103438	-120.275607
58	0.107637	750	-1.072109	-121.347716
59	0.101193	750	-1.032898	-122.380614
60	0.094986	750	-0.999922	-123.380536
61	0.089014	750	-0.963755	-124.344291
62	0.083273	750	-0.950589	-125.294880
63	0.077760	750	-0.912749	-126.207629
64	0.072472	750	-0.870117	-127.077746
65	0.067406	750	-0.871179	-127.948925
66	0.062558	750	-0.806586	-128.755512
67	0.057926	750	-0.781247	-129.536759
68	0.053506	750	-0.745759	-130.282519
69	0.049295	750	-0.743713	-131.026232
70	0.045289	750	-0.684780	-131.711012
71	0.041485	750	-0.660334	-132.371346
72	0.037880	750	-0.625832	-132.997177
73	0.034469	750	-0.591486	-133.588663
74	0.031250	750	-0.592939	-134.181602
75	0.028218	750	-0.540957	-134.722559
76	0.025370	750	-0.491764	-135.214323
77	0.022702	750	-0.528336	-135.742659
78	0.020209	750	-0.501041	-136.243701
79	0.017889	750	-0.453190	-136.696891
80	0.015736	750	-0.428469	-137.125360
81	0.013746	750	-0.417966	-137.543327
82	0.011916	750	-0.380521	-137.923848
83	0.010240	750	-0.333847	-138.257694
84	0.008714	750	-0.330222	-138.587917
85	0.007334	750	-0.311338	-138.899255
86	0.006093	750	-0.274967	-139.174221
87	0.004988	750	-0.220937	-139.395158
88	0.004013	750	-0.260029	-139.655187
89	0.003162	750	-0.192434	-139.847621
90	0.002430	750	-0.175999	-140.023620
91	0.001810	750	-0.143298	-140.166918
92	0.001296	750	-0.126668	-140.293586
93	0.000882	750	-0.098209	-140.391795
94	0.000559	750	-0.070982	-140.462777
95	0.000320	750	-0.061389	-140.524166
96	0.000156	750	-0.044863	-140.569029
97	0.000057	750	-0.024800	-140.593830
98	0.000010	750	-0.011527	-140.605357
99	0.000000	750	-0.002078	-140.607435
Log marginal likelihood:	-140.607435
0	0.975187	750	-3.143475	-3.143475
1	0.950747	750	-3.142800	-6.286274
2	0.926679	750	-3.079058	-9.365332
3	0.902980	750	-3.025204	-12.390536
4	0.879648	750	-2.946905	-15.337442
5	0.856682	750	-2.930325	-18.267766
6	0.834079	750	-2.898242	-21.166008
7	0.811838	750	-2.831401	-23.997410
8	0.789957	750	-2.800824	-26.798233
9	0.768433	750	-2.763363	-29.561597
10	0.747266	750	-2.707611	-32.269207
11	0.726452	750	-2.668436	-34.937644
12	0.705989	750	-2.626813	-37.564457
13	0.685877	750	-2.632009	-40.196465
14	0.666112	750	-2.577204	-42.773669
15	0.646693	750	-2.517180	-45.290848
16	0.627618	750	-2.488116	-47.778965
17	0.608884	750	-2.459062	-50.238027
18	0.590490	750	-2.462062	-52.700089
19	0.572433	750	-2.378023	-55.078112
20	0.554712	750	-2.304779	-57.382891
21	0.537324	750	-2.288229	-59.671119
22	0.520268	750	-2.231042	-61.902161
23	0.503540	750	-2.161892	-64.064053
24	0.487139	750	-2.162805	-66.226858
25	0.471063	750	-2.165255	-68.392113
26	0.455310	750	-2.232756	-70.624869
27	0.439877	750	-2.019788	-72.644657
28	0.424762	750	-2.137651	-74.782308
29	0.409963	750	-2.059282	-76.841590
30	0.395478	750	-1.946353	-78.787943
31	0.381305	750	-1.926502	-80.714446
32	0.367440	750	-1.983848	-82.698294
33	0.353883	750	-1.891451	-84.589744
34	0.340630	750	-1.953289	-86.543033
35	0.327680	750	-1.840885	-88.383918
36	0.315030	750	-1.835148	-90.219066
37	0.302677	750	-1.881385	-92.100451
38	0.290619	750	-1.825887	-93.926338
39	0.278855	750	-1.726136	-95.652474
40	0.267381	750	-1.759712	-97.412186
41	0.256195	750	-1.693408	-99.105593
42	0.245294	750	-1.626499	-100.732093
43	0.234677	750	-1.589596	-102.321688
44	0.224340	750	-1.589516	-103.911204
45	0.214281	750	-1.453168	-105.364372
46	0.204498	750	-1.462639	-106.827012
47	0.194988	750	-1.462703	-108.289715
48	0.185749	750	-1.436560	-109.726275
49	0.176777	750	-1.402647	-111.128922
50	0.168070	750	-1.352531	-112.481453
51	0.159626	750	-1.315280	-113.796734
52	0.151441	750	-1.252136	-115.048870
53	0.143514	750	-1.251195	-116.300065
54	0.135841	750	-1.200908	-117.500972
55	0.128420	750	-1.181003	-118.681976
56	0.121247	750	-1.132691	-119.814667
57	0.114320	750	-1.100837	-120.915504
58	0.107637	750	-1.051322	-121.966826
59	0.101193	750	-1.029567	-122.996393
60	0.094986	750	-1.019402	-124.015795
61	0.089014	750	-0.980133	-124.995928
62	0.083273	750	-0.934478	-125.930406
63	0.077760	750	-0.897339	-126.827745
64	0.072472	750	-0.866817	-127.694562
65	0.067406	750	-0.841183	-128.535746
66	0.062558	750	-0.816546	-129.352291
67	0.057926	750	-0.781225	-130.133517
68	0.053506	750	-0.763412	-130.896929
69	0.049295	750	-0.730061	-131.626990
70	0.045289	750	-0.707290	-132.334280
71	0.041485	750	-0.656726	-132.991006
72	0.037880	750	-0.607724	-133.598730
73	0.034469	750	-0.605618	-134.204348
74	0.031250	750	-0.576273	-134.780621
75	0.028218	750	-0.541204	-135.321825
76	0.025370	750	-0.530080	-135.851904
77	0.022702	750	-0.496967	-136.348872
78	0.020209	750	-0.442495	-136.791367
79	0.017889	750	-0.471264	-137.262631
80	0.015736	750	-0.425352	-137.687982
81	0.013746	750	-0.389193	-138.077175
82	0.011916	750	-0.369727	-138.446902
83	0.010240	750	-0.371327	-138.818229
84	0.008714	750	-0.315186	-139.133415
85	0.007334	750	-0.293738	-139.427153
86	0.006093	750	-0.250598	-139.677751
87	0.004988	750	-0.235441	-139.913192
88	0.004013	750	-0.243285	-140.156477
89	0.003162	750	-0.208675	-140.365152
90	0.002430	750	-0.163799	-140.528951
91	0.001810	750	-0.155178	-140.684129
92	0.001296	750	-0.122099	-140.806228
93	0.000882	750	-0.097937	-140.904165
94	0.000559	750	-0.075158	-140.979322
95	0.000320	750	-0.055015	-141.034337
96	0.000156	750	-0.041507	-141.075844
97	0.000057	750	-0.023097	-141.098941
98	0.000010	750	-0.011276	-141.110218
99	0.000000	750	-0.002547	-141.112764
Log marginal likelihood:	-141.112764
0	0.975187	750	-3.331604	-3.331604
1	0.950747	750	-3.259741	-6.591345
2	0.926679	750	-3.147147	-9.738492
3	0.902980	750	-3.133621	-12.872113
4	0.879648	750	-3.090808	-15.962921
5	0.856682	750	-3.039334	-19.002255
6	0.834079	750	-2.991632	-21.993887
7	0.811838	750	-2.965901	-24.959788
8	0.789957	750	-2.933756	-27.893544
9	0.768433	750	-2.859743	-30.753287
10	0.747266	750	-2.855365	-33.608652
11	0.726452	750	-2.774744	-36.383395
12	0.705989	750	-2.732840	-39.116235
13	0.685877	750	-2.658093	-41.774328
14	0.666112	750	-2.659954	-44.434282
15	0.646693	750	-2.635115	-47.069397
16	0.627618	750	-2.601044	-49.670441
17	0.608884	750	-2.531388	-52.201829
18	0.590490	750	-2.496905	-54.698735
19	0.572433	750	-2.532338	-57.231073
20	0.554712	750	-2.466983	-59.698056
21	0.537324	750	-2.340188	-62.038243
22	0.520268	750	-2.295231	-64.333474
23	0.503540	750	-2.329659	-66.663134
24	0.487139	750	-2.207204	-68.870338
25	0.471063	750	-2.258711	-71.129049
26	0.455310	750	-2.196486	-73.325535
27	0.439877	750	-2.128272	-75.453807
28	0.424762	750	-2.217352	-77.671159
29	0.409963	750	-2.102525	-79.773684
30	0.395478	750	-2.036250	-81.809934
31	0.381305	750	-2.069159	-83.879093
32	0.367440	750	-2.019752	-85.898845
33	0.353883	750	-2.003147	-87.901992
34	0.340630	750	-2.006058	-89.908050
35	0.327680	750	-1.902120	-91.810171
36	0.315030	750	-1.921838	-93.732009
37	0.302677	750	-1.810759	-95.542768
38	0.290619	750	-1.736659	-97.279427
39	0.278855	750	-1.683865	-98.963292
40	0.267381	750	-1.675147	-100.638438
41	0.256195	750	-1.673647	-102.312085
42	0.245294	750	-1.674084	-103.986169
43	0.234677	750	-1.622101	-105.608270
44	0.224340	750	-1.497940	-107.106211
45	0.214281	750	-1.544836	-108.651047
46	0.204498	750	-1.501133	-110.152179
47	0.194988	750	-1.437957	-111.590136
48	0.185749	750	-1.385844	-112.975980
49	0.176777	750	-1.380236	-114.356216
50	0.168070	750	-1.299157	-115.655373
51	0.159626	750	-1.303304	-116.958677
52	0.151441	750	-1.253097	-118.211774
53	0.143514	750	-1.224266	-119.436041
54	0.135841	750	-1.187155	-120.623195
55	0.128420	750	-1.168879	-121.792074
56	0.121247	750	-1.117134	-122.909208
57	0.114320	750	-1.105496	-124.014704
58	0.107637	750	-1.044448	-125.059152
59	0.101193	750	-1.013035	-126.072187
60	0.094986	750	-0.992899	-127.065086
61	0.089014	750	-0.948396	-128.013483
62	0.083273	750	-0.921379	-128.934862
63	0.077760	750	-0.887425	-129.822288
64	0.072472	750	-0.866244	-130.688531
65	0.067406	750	-0.832736	-131.521267
66	0.062558	750	-0.813539	-132.334806
67	0.057926	750	-0.775386	-133.110192
68	0.053506	750	-0.746073	-133.856265
69	0.049295	750	-0.707630	-134.563895
70	0.045289	750	-0.697479	-135.261374
71	0.041485	750	-0.660508	-135.921882
72	0.037880	750	-0.626381	-136.548263
73	0.034469	750	-0.588273	-137.136536
74	0.031250	750	-0.579705	-137.716241
75	0.028218	750	-0.572025	-138.288266
76	0.025370	750	-0.544935	-138.833201
77	0.022702	750	-0.491291	-139.324492
78	0.020209	750	-0.477295	-139.801787
79	0.017889	750	-0.421430	-140.223217
80	0.015736	750	-0.415396	-140.638612
81	0.013746	750	-0.376472	-141.015085
82	0.011916	750	-0.371688	-141.386773
83	0.010240	750	-0.334425	-141.721198
84	0.008714	750	-0.307681	-142.028879
85	0.007334	750	-0.280431	-142.309310
86	0.006093	750	-0.251178	-142.560489
87	0.004988	750	-0.238214	-142.798702
88	0.004013	750	-0.211453	-143.010155
89	0.003162	750	-0.191068	-143.201223
90	0.002430	750	-0.205649	-143.406872
91	0.001810	750	-0.164952	-143.571824
92	0.001296	750	-0.126417	-143.698241
93	0.000882	750	-0.101079	-143.799320
94	0.000559	750	-0.088084	-143.887404
95	0.000320	750	-0.055108	-143.942512
96	0.000156	750	-0.045968	-143.988481
97	0.000057	750	-0.028037	-144.016518
98	0.000010	750	-0.010842	-144.027360
99	0.000000	750	-0.003138	-144.030498
Log marginal likelihood:	-144.030498
0	0.975187	750	-3.012365	-3.012365
1	0.950747	750	-3.014643	-6.027008
2	0.926679	750	-2.941984	-8.968992
3	0.902980	750	-2.927216	-11.896208
4	0.879648	750	-2.820890	-14.717098
5	0.856682	750	-2.788433	-17.505530
6	0.834079	750	-2.785223	-20.290753
7	0.811838	750	-2.741563	-23.032316
8	0.789957	750	-2.703370	-25.735686
9	0.768433	750	-2.661661	-28.397347
10	0.747266	750	-2.626865	-31.024212
11	0.726452	750	-2.750863	-33.775075
12	0.705989	750	-2.566788	-36.341863
13	0.685877	750	-2.504729	-38.846591
14	0.666112	750	-2.442598	-41.289189
15	0.646693	750	-2.438461	-43.727651
16	0.627618	750	-2.448593	-46.176244
17	0.608884	750	-2.343412	-48.519656
18	0.590490	750	-2.420364	-50.940020
19	0.572433	750	-2.328785	-53.268805
20	0.554712	750	-2.240489	-55.509294
21	0.537324	750	-2.174801	-57.684095
22	0.520268	750	-2.150070	-59.834165
23	0.503540	750	-2.112140	-61.946306
24	0.487139	750	-2.086290	-64.032596
25	0.471063	750	-2.090510	-66.123106
26	0.455310	750	-2.088782	-68.211888
27	0.439877	750	-2.013691	-70.225579
28	0.424762	750	-2.164172	-72.389752
29	0.409963	750	-1.923923	-74.313674
30	0.395478	750	-1.854208	-76.167882
31	0.381305	750	-1.852716	-78.020597
32	0.367440	750	-1.911000	-79.931597
33	0.353883	750	-1.925716	-81.857314
34	0.340630	750	-1.937396	-83.794710
35	0.327680	750	-1.718309	-85.513019
36	0.315030	750	-1.865699	-87.378718
37	0.302677	750	-1.740811	-89.119529
38	0.290619	750	-1.660209	-90.779738
39	0.278855	750	-1.723427	-92.503165
40	0.267381	750	-1.697107	-94.200272
41	0.256195	750	-1.633103	-95.833375
42	0.245294	750	-1.616131	-97.449506
43	0.234677	750	-1.593076	-99.042582
44	0.224340	750	-1.514009	-100.556591
45	0.214281	750	-1.496617	-102.053208
46	0.204498	750	-1.457450	-103.510658
47	0.194988	750	-1.440482	-104.951139
48	0.185749	750	-1.383408	-106.334548
49	0.176777	750	-1.323203	-107.657751
50	0.168070	750	-1.302163	-108.959914
51	0.159626	750	-1.270010	-110.229924
52	0.151441	750	-1.246668	-111.476593
53	0.143514	750	-1.210852	-112.687444
54	0.135841	750	-1.175424	-113.862869
55	0.128420	750	-1.120856	-114.983725
56	0.121247	750	-1.077719	-116.061444
57	0.114320	750	-1.069630	-117.131073
58	0.107637	750	-1.023253	-118.154326
59	0.101193	750	-1.005179	-119.159505
60	0.094986	750	-0.967381	-120.126886
61	0.089014	750	-0.930042	-121.056928
62	0.083273	750	-0.914658	-121.971586
63	0.077760	750	-0.877947	-122.849534
64	0.072472	750	-0.844660	-123.694194
65	0.067406	750	-0.824476	-124.518670
66	0.062558	750	-0.773593	-125.292263
67	0.057926	750	-0.750022	-126.042285
68	0.053506	750	-0.733147	-126.775432
69	0.049295	750	-0.696488	-127.471920
70	0.045289	750	-0.667058	-128.138978
71	0.041485	750	-0.648414	-128.787392
72	0.037880	750	-0.625615	-129.413007
73	0.034469	750	-0.588458	-130.001465
74	0.031250	750	-0.568876	-130.570341
75	0.028218	750	-0.536768	-131.107109
76	0.025370	750	-0.533167	-131.640275
77	0.022702	750	-0.483812	-132.124088
78	0.020209	750	-0.473705	-132.597793
79	0.017889	750	-0.422717	-133.020509
80	0.015736	750	-0.401432	-133.421941
81	0.013746	750	-0.378153	-133.800094
82	0.011916	750	-0.350600	-134.150694
83	0.010240	750	-0.364244	-134.514938
84	0.008714	750	-0.316860	-134.831798
85	0.007334	750	-0.293465	-135.125263
86	0.006093	750	-0.301223	-135.426485
87	0.004988	750	-0.254719	-135.681205
88	0.004013	750	-0.221080	-135.902285
89	0.003162	750	-0.208577	-136.110861
90	0.002430	750	-0.173335	-136.284196
91	0.001810	750	-0.133709	-136.417905
92	0.001296	750	-0.125825	-136.543730
93	0.000882	750	-0.110337	-136.654067
94	0.000559	750	-0.072871	-136.726938
95	0.000320	750	-0.068898	-136.795836
96	0.000156	750	-0.040913	-136.836748
97	0.000057	750	-0.024565	-136.861313
98	0.000010	750	-0.013348	-136.874661
99	0.000000	750	-0.002254	-136.876915
Log marginal likelihood:	-136.876915
0	0.975187	750	-3.135486	-3.135486
1	0.950747	750	-3.011448	-6.146934
2	0.926679	750	-2.979494	-9.126428
3	0.902980	750	-2.949380	-12.075809
4	0.879648	750	-2.900702	-14.976510
5	0.856682	750	-2.888910	-17.865421
6	0.834079	750	-2.843507	-20.708928
7	0.811838	750	-2.791802	-23.500730
8	0.789957	750	-2.754381	-26.255111
9	0.768433	750	-2.746280	-29.001390
10	0.747266	750	-2.682929	-31.684320
11	0.726452	750	-2.636082	-34.320402
12	0.705989	750	-2.558974	-36.879376
13	0.685877	750	-2.567171	-39.446547
14	0.666112	750	-2.524522	-41.971069
15	0.646693	750	-2.511881	-44.482950
16	0.627618	750	-2.438726	-46.921676
17	0.608884	750	-2.419281	-49.340957
18	0.590490	750	-2.341184	-51.682142
19	0.572433	750	-2.325592	-54.007733
20	0.554712	750	-2.410601	-56.418334
21	0.537324	750	-2.371701	-58.790035
22	0.520268	750	-2.360702	-61.150736
23	0.503540	750	-2.315439	-63.466176
24	0.487139	750	-2.309943	-65.776118
25	0.471063	750	-2.307571	-68.083689
26	0.455310	750	-2.262576	-70.346265
27	0.439877	750	-2.292127	-72.638392
28	0.424762	750	-2.229058	-74.867450
29	0.409963	750	-2.067361	-76.934811
30	0.395478	750	-2.089236	-79.024048
31	0.381305	750	-2.068309	-81.092357
32	0.367440	750	-1.953228	-83.045585
33	0.353883	750	-1.909011	-84.954596
34	0.340630	750	-1.856698	-86.811294
35	0.327680	750	-1.900816	-88.712111
36	0.315030	750	-1.846424	-90.558534
37	0.302677	750	-1.761882	-92.320416
38	0.290619	750	-1.770441	-94.090857
39	0.278855	750	-1.772140	-95.862997
40	0.267381	750	-1.658744	-97.521741
41	0.256195	750	-1.645302	-99.167043
42	0.245294	750	-1.624789	-100.791832
43	0.234677	750	-1.580740	-102.372572
44	0.224340	750	-1.492184	-103.864757
45	0.214281	750	-1.513985	-105.378742
46	0.204498	750	-1.478495	-106.857237
47	0.194988	750	-1.428802	-108.286039
48	0.185749	750	-1.419779	-109.705818
49	0.176777	750	-1.357294	-111.063112
50	0.168070	750	-1.345299	-112.408411
51	0.159626	750	-1.304118	-113.712529
52	0.151441	750	-1.224260	-114.936789
53	0.143514	750	-1.213875	-116.150663
54	0.135841	750	-1.198688	-117.349351
55	0.128420	750	-1.112949	-118.462300
56	0.121247	750	-1.123982	-119.586282
57	0.114320	750	-1.090926	-120.677208
58	0.107637	750	-1.048667	-121.725874
59	0.101193	750	-1.016464	-122.742338
60	0.094986	750	-1.035620	-123.777957
61	0.089014	750	-0.941060	-124.719018
62	0.083273	750	-0.896462	-125.615480
63	0.077760	750	-0.896648	-126.512128
64	0.072472	750	-0.850275	-127.362403
65	0.067406	750	-0.813315	-128.175718
66	0.062558	750	-0.790468	-128.966186
67	0.057926	750	-0.782044	-129.748230
68	0.053506	750	-0.764929	-130.513159
69	0.049295	750	-0.707509	-131.220667
70	0.045289	750	-0.697199	-131.917866
71	0.041485	750	-0.640175	-132.558042
72	0.037880	750	-0.631518	-133.189560
73	0.034469	750	-0.592320	-133.781880
74	0.031250	750	-0.569055	-134.350935
75	0.028218	750	-0.553049	-134.903984
76	0.025370	750	-0.507990	-135.411973
77	0.022702	750	-0.513078	-135.925051
78	0.020209	750	-0.449022	-136.374073
79	0.017889	750	-0.415382	-136.789455
80	0.015736	750	-0.429546	-137.219001
81	0.013746	750	-0.366138	-137.585139
82	0.011916	750	-0.374493	-137.959632
83	0.010240	750	-0.351261	-138.310893
84	0.008714	750	-0.323786	-138.634679
85	0.007334	750	-0.312238	-138.946916
86	0.006093	750	-0.276954	-139.223870
87	0.004988	750	-0.237789	-139.461659
88	0.004013	750	-0.191115	-139.652773
89	0.003162	750	-0.179065	-139.831838
90	0.002430	750	-0.165278	-139.997116
91	0.001810	750	-0.142766	-140.139882
92	0.001296	750	-0.120338	-140.260220
93	0.000882	750	-0.097055	-140.357274
94	0.000559	750	-0.075982	-140.433257
95	0.000320	750	-0.056969	-140.490226
96	0.000156	750	-0.041074	-140.531300
97	0.000057	750	-0.024032	-140.555331
98	0.000010	750	-0.011766	-140.567097
99	0.000000	750	-0.002648	-140.569745
Log marginal likelihood:	-140.569745
0	0.975187	750	-3.233856	-3.233856
1	0.950747	750	-3.175793	-6.409649
2	0.926679	750	-3.104379	-9.514027
3	0.902980	750	-3.047906	-12.561933
4	0.879648	750	-3.033124	-15.595057
5	0.856682	750	-3.083593	-18.678650
6	0.834079	750	-2.967123	-21.645773
7	0.811838	750	-2.899779	-24.545552
8	0.789957	750	-2.904873	-27.450425
9	0.768433	750	-2.845812	-30.296238
10	0.747266	750	-2.834935	-33.131173
11	0.726452	750	-2.699641	-35.830813
12	0.705989	750	-2.728239	-38.559052
13	0.685877	750	-2.660223	-41.219276
14	0.666112	750	-2.661494	-43.880770
15	0.646693	750	-2.709446	-46.590216
16	0.627618	750	-2.560421	-49.150637
17	0.608884	750	-2.558956	-51.709593
18	0.590490	750	-2.471737	-54.181330
19	0.572433	750	-2.443693	-56.625024
20	0.554712	750	-2.348239	-58.973262
21	0.537324	750	-2.490817	-61.464079
22	0.520268	750	-2.354201	-63.818280
23	0.503540	750	-2.257857	-66.076137
24	0.487139	750	-2.220903	-68.297041
25	0.471063	750	-2.219235	-70.516276
26	0.455310	750	-2.207253	-72.723529
27	0.439877	750	-2.211611	-74.935140
28	0.424762	750	-2.097408	-77.032549
29	0.409963	750	-2.112380	-79.144929
30	0.395478	750	-2.131382	-81.276311
31	0.381305	750	-2.146332	-83.422642
32	0.367440	750	-2.120380	-85.543022
33	0.353883	750	-2.044781	-87.587803
34	0.340630	750	-1.860435	-89.448237
35	0.327680	750	-1.956405	-91.404643
36	0.315030	750	-1.944781	-93.349424
37	0.302677	750	-1.862886	-95.212310
38	0.290619	750	-1.763775	-96.976085
39	0.278855	750	-1.742871	-98.718956
40	0.267381	750	-1.776029	-100.494985
41	0.256195	750	-1.648927	-102.143912
42	0.245294	750	-1.694811	-103.838724
43	0.234677	750	-1.632481	-105.471205
44	0.224340	750	-1.557405	-107.028609
45	0.214281	750	-1.519353	-108.547963
46	0.204498	750	-1.511983	-110.059946
47	0.194988	750	-1.484522	-111.544468
48	0.185749	750	-1.445261	-112.989729
49	0.176777	750	-1.406740	-114.396469
50	0.168070	750	-1.345495	-115.741964
51	0.159626	750	-1.324444	-117.066408
52	0.151441	750	-1.276364	-118.342772
53	0.143514	750	-1.239758	-119.582530
54	0.135841	750	-1.211385	-120.793915
55	0.128420	750	-1.189684	-121.983599
56	0.121247	750	-1.146908	-123.130507
57	0.114320	750	-1.096389	-124.226895
58	0.107637	750	-1.077089	-125.303985
59	0.101193	750	-1.028253	-126.332238
60	0.094986	750	-1.010552	-127.342791
61	0.089014	750	-0.980890	-128.323681
62	0.083273	750	-0.936181	-129.259862
63	0.077760	750	-0.925432	-130.185294
64	0.072472	750	-0.874340	-131.059634
65	0.067406	750	-0.834183	-131.893817
66	0.062558	750	-0.807953	-132.701770
67	0.057926	750	-0.811043	-133.512813
68	0.053506	750	-0.744998	-134.257811
69	0.049295	750	-0.768334	-135.026145
70	0.045289	750	-0.676108	-135.702253
71	0.041485	750	-0.646796	-136.349049
72	0.037880	750	-0.634055	-136.983104
73	0.034469	750	-0.649744	-137.632848
74	0.031250	750	-0.579479	-138.212327
75	0.028218	750	-0.553072	-138.765400
76	0.025370	750	-0.534448	-139.299847
77	0.022702	750	-0.522980	-139.822828
78	0.020209	750	-0.501705	-140.324532
79	0.017889	750	-0.461016	-140.785549
80	0.015736	750	-0.425239	-141.210787
81	0.013746	750	-0.375156	-141.585944
82	0.011916	750	-0.389306	-141.975250
83	0.010240	750	-0.370035	-142.345285
84	0.008714	750	-0.319368	-142.664653
85	0.007334	750	-0.296443	-142.961096
86	0.006093	750	-0.265060	-143.226156
87	0.004988	750	-0.235915	-143.462071
88	0.004013	750	-0.222913	-143.684984
89	0.003162	750	-0.169487	-143.854472
90	0.002430	750	-0.177528	-144.032000
91	0.001810	750	-0.144056	-144.176055
92	0.001296	750	-0.123522	-144.299577
93	0.000882	750	-0.124235	-144.423812
94	0.000559	750	-0.077466	-144.501278
95	0.000320	750	-0.054241	-144.555520
96	0.000156	750	-0.047632	-144.603152
97	0.000057	750	-0.022951	-144.626103
98	0.000010	750	-0.011611	-144.637713
99	0.000000	750	-0.002469	-144.640182
Log marginal likelihood:	-144.640182
