Steppingstone sampler:						-72.581307
        No Stones:                  100						-77.316191
        Start It:                   1010001						-74.242142
        It Per Stone:               1000						-70.45365
        Sample Freq:                1						-71.347444
"        Dist:                       Beta(0.400000,1.000000)"						-73.623398
Stone No	Power	N	Stone MLh	Running MLh		-77.739815
0	0.975187	750	-1.634832	-1.634832		-69.501919
1	0.950747	750	-1.596983	-3.231815		-74.641406
2	0.926679	750	-1.632361	-4.864176		-70.058373
3	0.90298	750	-1.581738	-6.445914		-66.94636
4	0.879648	750	-1.57201	-8.017924		-77.219945
5	0.856682	750	-1.540186	-9.55811		-72.815554
6	0.834079	750	-1.527538	-11.085648		-72.564621
7	0.811838	750	-1.470059	-12.555708		-70.88128
8	0.789957	750	-1.443077	-13.998784		-71.907749
9	0.768433	750	-1.497625	-15.496409		-68.756209
10	0.747266	750	-1.427186	-16.923596		-73.793329
11	0.726452	750	-1.447476	-18.371071		-71.25898
12	0.705989	750	-1.397922	-19.768994		-78.166762
13	0.685877	750	-1.368196	-21.137189		-73.645626
14	0.666112	750	-1.351725	-22.488915		-72.818801
15	0.646693	750	-1.320481	-23.809395		-78.318233
16	0.627618	750	-1.308788	-25.118183		-74.937028
17	0.608884	750	-1.29592	-26.414103		-70.28252
18	0.59049	750	-1.272835	-27.686938		-72.041068
19	0.572433	750	-1.238616	-28.925555		-68.343242
20	0.554712	750	-1.228731	-30.154285		-70.491752
21	0.537324	750	-1.245151	-31.399436		-71.049174
22	0.520268	750	-1.163459	-32.562896		-76.730207
23	0.50354	750	-1.162852	-33.725748		-71.054352
24	0.487139	750	-1.149961	-34.875709		-75.027213
25	0.471063	750	-1.126098	-36.001807		-72.78771
26	0.45531	750	-1.132701	-37.134508		-76.254292
27	0.439877	750	-1.068169	-38.202677		-71.841332
28	0.424762	750	-1.074277	-39.276954		-74.108368
29	0.409963	750	-1.045939	-40.322893		-72.851952
30	0.395478	750	-1.035133	-41.358026		-70.063939
31	0.381305	750	-1.010807	-42.368834		-74.908897
32	0.36744	750	-0.979123	-43.347957		-71.0371
33	0.353883	750	-0.976934	-44.324891		-71.299565
34	0.34063	750	-0.944666	-45.269557		-71.797243
35	0.32768	750	-0.947734	-46.217291		-68.058985
36	0.31503	750	-0.905727	-47.123017		-69.028792
37	0.302677	750	-0.910245	-48.033262		-74.006287
38	0.290619	750	-0.894055	-48.927317		-72.287452
39	0.278855	750	-0.854258	-49.781575		-70.376588
40	0.267381	750	-0.841595	-50.62317		-70.651947
41	0.256195	750	-0.840158	-51.463328		-74.529641
42	0.245294	750	-0.820049	-52.283377		-72.974009
43	0.234677	750	-0.786674	-53.070051		-74.286746
44	0.22434	750	-0.775945	-53.845996		-74.075734
45	0.214281	750	-0.75277	-54.598765		-78.261441
46	0.204498	750	-0.73658	-55.335346		-72.170648
47	0.194988	750	-0.725955	-56.061301		-75.078686
48	0.185749	750	-0.704899	-56.7662		-70.808598
49	0.176777	750	-0.703779	-57.469979		-68.854664
50	0.16807	750	-0.680579	-58.150559		-75.476508
51	0.159626	750	-0.650004	-58.800563		-72.256978
52	0.151441	750	-0.656737	-59.4573		-73.034592
53	0.143514	750	-0.627921	-60.085221		-68.641538
54	0.135841	750	-0.586357	-60.671578		-74.101607
55	0.12842	750	-0.597952	-61.26953		-76.175556
56	0.121247	750	-0.56605	-61.835579		-73.099278
57	0.11432	750	-0.554327	-62.389906		-70.541344
58	0.107637	750	-0.526406	-62.916311		-75.532611
59	0.101193	750	-0.515198	-63.431509		-70.720498
60	0.094986	750	-0.486125	-63.917635		-72.309519
61	0.089014	750	-0.488154	-64.405789		-77.020002
62	0.083273	750	-0.47442	-64.880209		-75.158972
63	0.07776	750	-0.462081	-65.34229		-75.380493
64	0.072472	750	-0.44624	-65.78853		-73.180393
65	0.067406	750	-0.413295	-66.201825		-73.412269
66	0.062558	750	-0.40657	-66.608395		-71.919771
67	0.057926	750	-0.408718	-67.017113		-78.13809
68	0.053506	750	-0.374959	-67.392072		-70.085545
69	0.049295	750	-0.400091	-67.792163		-74.554804
70	0.045289	750	-0.363141	-68.155304		-71.130698
71	0.041485	750	-0.366618	-68.521922		-72.677856
72	0.03788	750	-0.323062	-68.844984		-75.098611
73	0.034469	750	-0.325625	-69.170609		-71.991651
74	0.03125	750	-0.316354	-69.486963		-74.017223
75	0.028218	750	-0.285101	-69.772065		-74.348177
76	0.02537	750	-0.261792	-70.033857		-68.879582
77	0.022702	750	-0.250028	-70.283886		-75.4967
78	0.020209	750	-0.241552	-70.525438		-72.7796
79	0.017889	750	-0.227244	-70.752681		-71.88651
80	0.015736	750	-0.218575	-70.971256		-73.830049
81	0.013746	750	-0.20856	-71.179816		-72.527435
82	0.011916	750	-0.179661	-71.359477		-72.74204
83	0.01024	750	-0.158726	-71.518203		-73.271598
84	0.008714	750	-0.152854	-71.671057		-78.17667
85	0.007334	750	-0.135591	-71.806649		-70.244784
86	0.006093	750	-0.136058	-71.942707		-74.428396
87	0.004988	750	-0.115363	-72.05807		-71.033733
88	0.004013	750	-0.101494	-72.159564		-73.001459
89	0.003162	750	-0.084857	-72.244421		-70.680548
90	0.00243	750	-0.079859	-72.32428		-70.129002
91	0.00181	750	-0.063722	-72.388002		-70.212813
92	0.001296	750	-0.053198	-72.441199		-73.741921
93	0.000882	750	-0.045092	-72.486291		-72.8602369
94	0.000559	750	-0.033095	-72.519386		
95	0.00032	750	-0.028967	-72.548353		
96	0.000156	750	-0.016433	-72.564786		
97	0.000057	750	-0.010576	-72.575362		
98	0.00001	750	-0.004883	-72.580246		
99	0	750	-0.001061	-72.581307		
Log marginal likelihood:	-72.581307					
0	0.975187	750	-1.793573	-1.793573		
1	0.950747	750	-1.807546	-3.601118		
2	0.926679	750	-1.769817	-5.370935		
3	0.90298	750	-1.721819	-7.092754		
4	0.879648	750	-1.693114	-8.785868		
5	0.856682	750	-1.689182	-10.475049		
6	0.834079	750	-1.654833	-12.129883		
7	0.811838	750	-1.636026	-13.765908		
8	0.789957	750	-1.612246	-15.378154		
9	0.768433	750	-1.588022	-16.966176		
10	0.747266	750	-1.578347	-18.544523		
11	0.726452	750	-1.537908	-20.082431		
12	0.705989	750	-1.520033	-21.602464		
13	0.685877	750	-1.497067	-23.099531		
14	0.666112	750	-1.474854	-24.574384		
15	0.646693	750	-1.442697	-26.017081		
16	0.627618	750	-1.414334	-27.431415		
17	0.608884	750	-1.401883	-28.833298		
18	0.59049	750	-1.371626	-30.204924		
19	0.572433	750	-1.331245	-31.536169		
20	0.554712	750	-1.32466	-32.86083		
21	0.537324	750	-1.294964	-34.155794		
22	0.520268	750	-1.279903	-35.435697		
23	0.50354	750	-1.25021	-36.685908		
24	0.487139	750	-1.2317	-37.917608		
25	0.471063	750	-1.206923	-39.124531		
26	0.45531	750	-1.189142	-40.313673		
27	0.439877	750	-1.157272	-41.470945		
28	0.424762	750	-1.167058	-42.638003		
29	0.409963	750	-1.122325	-43.760328		
30	0.395478	750	-1.089764	-44.850092		
31	0.381305	750	-1.080401	-45.930493		
32	0.36744	750	-1.048143	-46.978636		
33	0.353883	750	-1.03611	-48.014746		
34	0.34063	750	-1.004996	-49.019742		
35	0.32768	750	-0.988661	-50.008403		
36	0.31503	750	-0.962224	-50.970627		
37	0.302677	750	-0.942663	-51.91329		
38	0.290619	750	-0.94428	-52.857571		
39	0.278855	750	-0.919852	-53.777423		
40	0.267381	750	-0.887734	-54.665157		
41	0.256195	750	-0.860462	-55.525619		
42	0.245294	750	-0.84418	-56.369799		
43	0.234677	750	-0.839992	-57.20979		
44	0.22434	750	-0.801557	-58.011347		
45	0.214281	750	-0.784386	-58.795733		
46	0.204498	750	-0.765481	-59.561214		
47	0.194988	750	-0.759165	-60.320379		
48	0.185749	750	-0.71889	-61.039269		
49	0.176777	750	-0.710779	-61.750048		
50	0.16807	750	-0.691006	-62.441054		
51	0.159626	750	-0.684933	-63.125987		
52	0.151441	750	-0.668565	-63.794552		
53	0.143514	750	-0.648657	-64.44321		
54	0.135841	750	-0.616439	-65.059648		
55	0.12842	750	-0.636054	-65.695702		
56	0.121247	750	-0.595486	-66.291188		
57	0.11432	750	-0.562428	-66.853616		
58	0.107637	750	-0.556734	-67.41035		
59	0.101193	750	-0.539289	-67.949639		
60	0.094986	750	-0.516702	-68.46634		
61	0.089014	750	-0.503384	-68.969724		
62	0.083273	750	-0.496721	-69.466445		
63	0.07776	750	-0.479362	-69.945806		
64	0.072472	750	-0.449241	-70.395048		
65	0.067406	750	-0.452072	-70.84712		
66	0.062558	750	-0.423485	-71.270605		
67	0.057926	750	-0.399895	-71.670501		
68	0.053506	750	-0.392224	-72.062725		
69	0.049295	750	-0.403508	-72.466232		
70	0.045289	750	-0.354961	-72.821194		
71	0.041485	750	-0.340442	-73.161635		
72	0.03788	750	-0.324363	-73.485998		
73	0.034469	750	-0.315983	-73.801982		
74	0.03125	750	-0.317109	-74.119091		
75	0.028218	750	-0.293693	-74.412784		
76	0.02537	750	-0.276138	-74.688922		
77	0.022702	750	-0.258365	-74.947287		
78	0.020209	750	-0.247177	-75.194464		
79	0.017889	750	-0.234531	-75.428996		
80	0.015736	750	-0.216144	-75.64514		
81	0.013746	750	-0.199069	-75.844209		
82	0.011916	750	-0.184724	-76.028933		
83	0.01024	750	-0.188589	-76.217521		
84	0.008714	750	-0.159141	-76.376662		
85	0.007334	750	-0.141965	-76.518628		
86	0.006093	750	-0.128328	-76.646956		
87	0.004988	750	-0.109612	-76.756567		
88	0.004013	750	-0.105568	-76.862135		
89	0.003162	750	-0.095809	-76.957944		
90	0.00243	750	-0.089619	-77.047563		
91	0.00181	750	-0.062609	-77.110172		
92	0.001296	750	-0.057122	-77.167294		
93	0.000882	750	-0.048399	-77.215692		
94	0.000559	750	-0.034601	-77.250293		
95	0.00032	750	-0.029816	-77.28011		
96	0.000156	750	-0.018563	-77.298673		
97	0.000057	750	-0.011108	-77.309781		
98	0.00001	750	-0.005245	-77.315026		
99	0	750	-0.001165	-77.316191		
Log marginal likelihood:	-77.316191					
0	0.975187	750	-1.641398	-1.641398		
1	0.950747	750	-1.712869	-3.354267		
2	0.926679	750	-1.657691	-5.011957		
3	0.90298	750	-1.589279	-6.601236		
4	0.879648	750	-1.611725	-8.212962		
5	0.856682	750	-1.553017	-9.765979		
6	0.834079	750	-1.536612	-11.302591		
7	0.811838	750	-1.486984	-12.789575		
8	0.789957	750	-1.48067	-14.270245		
9	0.768433	750	-1.49861	-15.768856		
10	0.747266	750	-1.455751	-17.224607		
11	0.726452	750	-1.436177	-18.660783		
12	0.705989	750	-1.471064	-20.131847		
13	0.685877	750	-1.372822	-21.504669		
14	0.666112	750	-1.421625	-22.926294		
15	0.646693	750	-1.324069	-24.250363		
16	0.627618	750	-1.382186	-25.632549		
17	0.608884	750	-1.303623	-26.936172		
18	0.59049	750	-1.298302	-28.234474		
19	0.572433	750	-1.281887	-29.516361		
20	0.554712	750	-1.266815	-30.783176		
21	0.537324	750	-1.234373	-32.017549		
22	0.520268	750	-1.223515	-33.241064		
23	0.50354	750	-1.226787	-34.467852		
24	0.487139	750	-1.189597	-35.657449		
25	0.471063	750	-1.171668	-36.829117		
26	0.45531	750	-1.168254	-37.99737		
27	0.439877	750	-1.123621	-39.120991		
28	0.424762	750	-1.100736	-40.221728		
29	0.409963	750	-1.074856	-41.296583		
30	0.395478	750	-1.08595	-42.382533		
31	0.381305	750	-1.048225	-43.430759		
32	0.36744	750	-1.013719	-44.444478		
33	0.353883	750	-0.989939	-45.434417		
34	0.34063	750	-0.969868	-46.404286		
35	0.32768	750	-0.984687	-47.388973		
36	0.31503	750	-0.930301	-48.319274		
37	0.302677	750	-0.91697	-49.236244		
38	0.290619	750	-0.908172	-50.144416		
39	0.278855	750	-0.87237	-51.016786		
40	0.267381	750	-0.868312	-51.885099		
41	0.256195	750	-0.835859	-52.720958		
42	0.245294	750	-0.839458	-53.560416		
43	0.234677	750	-0.812824	-54.373241		
44	0.22434	750	-0.784774	-55.158015		
45	0.214281	750	-0.767895	-55.92591		
46	0.204498	750	-0.74716	-56.67307		
47	0.194988	750	-0.729452	-57.402522		
48	0.185749	750	-0.726315	-58.128837		
49	0.176777	750	-0.703379	-58.832216		
50	0.16807	750	-0.686633	-59.518849		
51	0.159626	750	-0.675	-60.193849		
52	0.151441	750	-0.657323	-60.851172		
53	0.143514	750	-0.632986	-61.484157		
54	0.135841	750	-0.60687	-62.091028		
55	0.12842	750	-0.601671	-62.692699		
56	0.121247	750	-0.580106	-63.272806		
57	0.11432	750	-0.562187	-63.834993		
58	0.107637	750	-0.542433	-64.377426		
59	0.101193	750	-0.528481	-64.905908		
60	0.094986	750	-0.533307	-65.439215		
61	0.089014	750	-0.5016	-65.940815		
62	0.083273	750	-0.473235	-66.41405		
63	0.07776	750	-0.460331	-66.874381		
64	0.072472	750	-0.460194	-67.334575		
65	0.067406	750	-0.439419	-67.773994		
66	0.062558	750	-0.440789	-68.214783		
67	0.057926	750	-0.396598	-68.611381		
68	0.053506	750	-0.400442	-69.011823		
69	0.049295	750	-0.390651	-69.402474		
70	0.045289	750	-0.368933	-69.771406		
71	0.041485	750	-0.348025	-70.119431		
72	0.03788	750	-0.330696	-70.450127		
73	0.034469	750	-0.33483	-70.784957		
74	0.03125	750	-0.294357	-71.079314		
75	0.028218	750	-0.271147	-71.350461		
76	0.02537	750	-0.279523	-71.629984		
77	0.022702	750	-0.258758	-71.888742		
78	0.020209	750	-0.262322	-72.151064		
79	0.017889	750	-0.223128	-72.374192		
80	0.015736	750	-0.20774	-72.581932		
81	0.013746	750	-0.221007	-72.802938		
82	0.011916	750	-0.178604	-72.981542		
83	0.01024	750	-0.169386	-73.150928		
84	0.008714	750	-0.157219	-73.308147		
85	0.007334	750	-0.142362	-73.450509		
86	0.006093	750	-0.145641	-73.59615		
87	0.004988	750	-0.115179	-73.711329		
88	0.004013	750	-0.103568	-73.814898		
89	0.003162	750	-0.089412	-73.90431		
90	0.00243	750	-0.076111	-73.980421		
91	0.00181	750	-0.063736	-74.044156		
92	0.001296	750	-0.059657	-74.103814		
93	0.000882	750	-0.045678	-74.149492		
94	0.000559	750	-0.03306	-74.182552		
95	0.00032	750	-0.025424	-74.207976		
96	0.000156	750	-0.017378	-74.225355		
97	0.000057	750	-0.010807	-74.236162		
98	0.00001	750	-0.004783	-74.240945		
99	0	750	-0.001197	-74.242142		
Log marginal likelihood:	-74.242142					
0	0.975187	750	-1.53365	-1.53365		
1	0.950747	750	-1.571652	-3.105303		
2	0.926679	750	-1.502339	-4.607642		
3	0.90298	750	-1.487135	-6.094776		
4	0.879648	750	-1.461912	-7.556688		
5	0.856682	750	-1.456005	-9.012693		
6	0.834079	750	-1.415136	-10.42783		
7	0.811838	750	-1.453633	-11.881463		
8	0.789957	750	-1.391027	-13.27249		
9	0.768433	750	-1.358548	-14.631038		
10	0.747266	750	-1.431821	-16.062859		
11	0.726452	750	-1.325788	-17.388647		
12	0.705989	750	-1.331537	-18.720183		
13	0.685877	750	-1.284974	-20.005157		
14	0.666112	750	-1.304011	-21.309168		
15	0.646693	750	-1.23182	-22.540988		
16	0.627618	750	-1.280541	-23.82153		
17	0.608884	750	-1.272927	-25.094456		
18	0.59049	750	-1.196655	-26.291111		
19	0.572433	750	-1.19671	-27.487821		
20	0.554712	750	-1.176403	-28.664225		
21	0.537324	750	-1.183771	-29.847996		
22	0.520268	750	-1.147516	-30.995512		
23	0.50354	750	-1.1227	-32.118212		
24	0.487139	750	-1.126565	-33.244777		
25	0.471063	750	-1.098606	-34.343382		
26	0.45531	750	-1.085102	-35.428484		
27	0.439877	750	-1.078785	-36.507269		
28	0.424762	750	-1.026782	-37.534052		
29	0.409963	750	-1.007961	-38.542012		
30	0.395478	750	-1.023285	-39.565297		
31	0.381305	750	-1.002211	-40.567508		
32	0.36744	750	-0.985962	-41.55347		
33	0.353883	750	-0.963726	-42.517196		
34	0.34063	750	-0.925227	-43.442423		
35	0.32768	750	-0.926447	-44.36887		
36	0.31503	750	-0.906819	-45.275688		
37	0.302677	750	-0.869299	-46.144988		
38	0.290619	750	-0.864728	-47.009716		
39	0.278855	750	-0.843947	-47.853663		
40	0.267381	750	-0.82649	-48.680153		
41	0.256195	750	-0.827531	-49.507684		
42	0.245294	750	-0.786854	-50.294538		
43	0.234677	750	-0.756446	-51.050984		
44	0.22434	750	-0.776499	-51.827483		
45	0.214281	750	-0.736298	-52.563781		
46	0.204498	750	-0.735354	-53.299135		
47	0.194988	750	-0.72492	-54.024055		
48	0.185749	750	-0.68682	-54.710876		
49	0.176777	750	-0.671163	-55.382039		
50	0.16807	750	-0.684811	-56.06685		
51	0.159626	750	-0.661988	-56.728838		
52	0.151441	750	-0.628556	-57.357393		
53	0.143514	750	-0.610183	-57.967576		
54	0.135841	750	-0.581883	-58.549459		
55	0.12842	750	-0.586396	-59.135855		
56	0.121247	750	-0.556867	-59.692722		
57	0.11432	750	-0.550121	-60.242843		
58	0.107637	750	-0.517871	-60.760714		
59	0.101193	750	-0.514448	-61.275162		
60	0.094986	750	-0.50314	-61.778302		
61	0.089014	750	-0.47554	-62.253841		
62	0.083273	750	-0.476883	-62.730724		
63	0.07776	750	-0.451153	-63.181877		
64	0.072472	750	-0.441336	-63.623213		
65	0.067406	750	-0.44221	-64.065423		
66	0.062558	750	-0.402241	-64.467664		
67	0.057926	750	-0.386323	-64.853987		
68	0.053506	750	-0.397473	-65.25146		
69	0.049295	750	-0.377819	-65.629279		
70	0.045289	750	-0.361033	-65.990313		
71	0.041485	750	-0.364011	-66.354324		
72	0.03788	750	-0.321319	-66.675643		
73	0.034469	750	-0.312856	-66.988499		
74	0.03125	750	-0.310347	-67.298846		
75	0.028218	750	-0.275116	-67.573962		
76	0.02537	750	-0.280564	-67.854526		
77	0.022702	750	-0.256285	-68.110811		
78	0.020209	750	-0.254208	-68.365019		
79	0.017889	750	-0.227289	-68.592308		
80	0.015736	750	-0.205165	-68.797473		
81	0.013746	750	-0.204796	-69.002269		
82	0.011916	750	-0.192162	-69.194431		
83	0.01024	750	-0.180362	-69.374793		
84	0.008714	750	-0.158006	-69.532799		
85	0.007334	750	-0.141886	-69.674684		
86	0.006093	750	-0.140193	-69.814877		
87	0.004988	750	-0.112164	-69.927041		
88	0.004013	750	-0.101896	-70.028937		
89	0.003162	750	-0.086044	-70.114981		
90	0.00243	750	-0.073422	-70.188403		
91	0.00181	750	-0.071104	-70.259507		
92	0.001296	750	-0.054855	-70.314362		
93	0.000882	750	-0.045963	-70.360326		
94	0.000559	750	-0.034692	-70.395017		
95	0.00032	750	-0.025792	-70.420809		
96	0.000156	750	-0.017691	-70.4385		
97	0.000057	750	-0.009502	-70.448002		
98	0.00001	750	-0.004606	-70.452609		
99	0	750	-0.001042	-70.45365		
Log marginal likelihood:	-70.45365					
0	0.975187	750	-1.577548	-1.577548		
1	0.950747	750	-1.605394	-3.182942		
2	0.926679	750	-1.550223	-4.733165		
3	0.90298	750	-1.528466	-6.261631		
4	0.879648	750	-1.488136	-7.749767		
5	0.856682	750	-1.443278	-9.193045		
6	0.834079	750	-1.460904	-10.653949		
7	0.811838	750	-1.414064	-12.068013		
8	0.789957	750	-1.427127	-13.495139		
9	0.768433	750	-1.40861	-14.903749		
10	0.747266	750	-1.391923	-16.295672		
11	0.726452	750	-1.347943	-17.643615		
12	0.705989	750	-1.365931	-19.009547		
13	0.685877	750	-1.31956	-20.329107		
14	0.666112	750	-1.309303	-21.638409		
15	0.646693	750	-1.332604	-22.971014		
16	0.627618	750	-1.257594	-24.228607		
17	0.608884	750	-1.273735	-25.502342		
18	0.59049	750	-1.198206	-26.700548		
19	0.572433	750	-1.257819	-27.958367		
20	0.554712	750	-1.239191	-29.197558		
21	0.537324	750	-1.193449	-30.391007		
22	0.520268	750	-1.186504	-31.577511		
23	0.50354	750	-1.185625	-32.763137		
24	0.487139	750	-1.103369	-33.866506		
25	0.471063	750	-1.12899	-34.995495		
26	0.45531	750	-1.113022	-36.108518		
27	0.439877	750	-1.120006	-37.228523		
28	0.424762	750	-0.995334	-38.223858		
29	0.409963	750	-1.012859	-39.236717		
30	0.395478	750	-1.022443	-40.25916		
31	0.381305	750	-0.976924	-41.236084		
32	0.36744	750	-0.996346	-42.23243		
33	0.353883	750	-0.946566	-43.178996		
34	0.34063	750	-0.952791	-44.131787		
35	0.32768	750	-0.946578	-45.078365		
36	0.31503	750	-0.899738	-45.978103		
37	0.302677	750	-0.89684	-46.874943		
38	0.290619	750	-0.891841	-47.766784		
39	0.278855	750	-0.865803	-48.632587		
40	0.267381	750	-0.820872	-49.45346		
41	0.256195	750	-0.833044	-50.286503		
42	0.245294	750	-0.804056	-51.090559		
43	0.234677	750	-0.786562	-51.877121		
44	0.22434	750	-0.777559	-52.654679		
45	0.214281	750	-0.765059	-53.419738		
46	0.204498	750	-0.748243	-54.167981		
47	0.194988	750	-0.704797	-54.872778		
48	0.185749	750	-0.686781	-55.559559		
49	0.176777	750	-0.68246	-56.242019		
50	0.16807	750	-0.670803	-56.912822		
51	0.159626	750	-0.654833	-57.567655		
52	0.151441	750	-0.618722	-58.186376		
53	0.143514	750	-0.624452	-58.810828		
54	0.135841	750	-0.614531	-59.42536		
55	0.12842	750	-0.591895	-60.017254		
56	0.121247	750	-0.569322	-60.586577		
57	0.11432	750	-0.559291	-61.145868		
58	0.107637	750	-0.527506	-61.673374		
59	0.101193	750	-0.526818	-62.200192		
60	0.094986	750	-0.502552	-62.702744		
61	0.089014	750	-0.498391	-63.201136		
62	0.083273	750	-0.473644	-63.674779		
63	0.07776	750	-0.473908	-64.148688		
64	0.072472	750	-0.457538	-64.606226		
65	0.067406	750	-0.424059	-65.030285		
66	0.062558	750	-0.411095	-65.44138		
67	0.057926	750	-0.409937	-65.851317		
68	0.053506	750	-0.398668	-66.249985		
69	0.049295	750	-0.38146	-66.631445		
70	0.045289	750	-0.36069	-66.992135		
71	0.041485	750	-0.329267	-67.321402		
72	0.03788	750	-0.328947	-67.650349		
73	0.034469	750	-0.319321	-67.969669		
74	0.03125	750	-0.298183	-68.267852		
75	0.028218	750	-0.286263	-68.554115		
76	0.02537	750	-0.252389	-68.806503		
77	0.022702	750	-0.260046	-69.06655		
78	0.020209	750	-0.231933	-69.298483		
79	0.017889	750	-0.226105	-69.524588		
80	0.015736	750	-0.208248	-69.732836		
81	0.013746	750	-0.190672	-69.923508		
82	0.011916	750	-0.182515	-70.106023		
83	0.01024	750	-0.1674	-70.273423		
84	0.008714	750	-0.145869	-70.419292		
85	0.007334	750	-0.137687	-70.556979		
86	0.006093	750	-0.123565	-70.680544		
87	0.004988	750	-0.112402	-70.792946		
88	0.004013	750	-0.109755	-70.902702		
89	0.003162	750	-0.09059	-70.993291		
90	0.00243	750	-0.083804	-71.077095		
91	0.00181	750	-0.067519	-71.144614		
92	0.001296	750	-0.058557	-71.203172		
93	0.000882	750	-0.04485	-71.248022		
94	0.000559	750	-0.036478	-71.284499		
95	0.00032	750	-0.026802	-71.311301		
96	0.000156	750	-0.018764	-71.330065		
97	0.000057	750	-0.010817	-71.340882		
98	0.00001	750	-0.00535	-71.346232		
99	0	750	-0.001212	-71.347444		
Log marginal likelihood:	-71.347444					
0	0.975187	750	-1.604156	-1.604156		
1	0.950747	750	-1.607459	-3.211615		
2	0.926679	750	-1.569633	-4.781248		
3	0.90298	750	-1.631225	-6.412473		
4	0.879648	750	-1.573504	-7.985977		
5	0.856682	750	-1.534344	-9.520322		
6	0.834079	750	-1.590823	-11.111144		
7	0.811838	750	-1.506859	-12.618003		
8	0.789957	750	-1.459248	-14.077252		
9	0.768433	750	-1.508011	-15.585262		
10	0.747266	750	-1.425287	-17.010549		
11	0.726452	750	-1.497287	-18.507836		
12	0.705989	750	-1.371819	-19.879655		
13	0.685877	750	-1.440798	-21.320453		
14	0.666112	750	-1.338966	-22.659418		
15	0.646693	750	-1.35949	-24.018908		
16	0.627618	750	-1.297558	-25.316467		
17	0.608884	750	-1.289276	-26.605742		
18	0.59049	750	-1.284249	-27.889991		
19	0.572433	750	-1.271814	-29.161805		
20	0.554712	750	-1.251976	-30.413781		
21	0.537324	750	-1.216603	-31.630384		
22	0.520268	750	-1.230105	-32.860489		
23	0.50354	750	-1.210538	-34.071027		
24	0.487139	750	-1.191899	-35.262926		
25	0.471063	750	-1.148706	-36.411632		
26	0.45531	750	-1.096524	-37.508156		
27	0.439877	750	-1.112333	-38.62049		
28	0.424762	750	-1.114991	-39.735481		
29	0.409963	750	-1.07256	-40.808041		
30	0.395478	750	-1.045807	-41.853849		
31	0.381305	750	-1.062161	-42.916009		
32	0.36744	750	-1.028244	-43.944253		
33	0.353883	750	-0.997249	-44.941502		
34	0.34063	750	-0.974984	-45.916486		
35	0.32768	750	-0.957861	-46.874347		
36	0.31503	750	-0.936064	-47.810412		
37	0.302677	750	-0.912939	-48.723351		
38	0.290619	750	-0.905841	-49.629192		
39	0.278855	750	-0.880693	-50.509885		
40	0.267381	750	-0.859975	-51.36986		
41	0.256195	750	-0.837914	-52.207774		
42	0.245294	750	-0.835397	-53.043171		
43	0.234677	750	-0.813582	-53.856754		
44	0.22434	750	-0.791355	-54.648109		
45	0.214281	750	-0.755475	-55.403584		
46	0.204498	750	-0.746535	-56.150119		
47	0.194988	750	-0.724576	-56.874695		
48	0.185749	750	-0.701193	-57.575888		
49	0.176777	750	-0.704983	-58.280871		
50	0.16807	750	-0.677359	-58.95823		
51	0.159626	750	-0.649325	-59.607555		
52	0.151441	750	-0.637556	-60.245111		
53	0.143514	750	-0.624839	-60.86995		
54	0.135841	750	-0.59762	-61.46757		
55	0.12842	750	-0.620159	-62.087729		
56	0.121247	750	-0.576862	-62.664591		
57	0.11432	750	-0.573997	-63.238589		
58	0.107637	750	-0.540796	-63.779384		
59	0.101193	750	-0.526992	-64.306376		
60	0.094986	750	-0.502935	-64.809311		
61	0.089014	750	-0.500008	-65.309319		
62	0.083273	750	-0.475722	-65.785041		
63	0.07776	750	-0.462829	-66.24787		
64	0.072472	750	-0.452136	-66.700007		
65	0.067406	750	-0.458125	-67.158131		
66	0.062558	750	-0.419441	-67.577572		
67	0.057926	750	-0.40403	-67.981603		
68	0.053506	750	-0.407368	-68.388971		
69	0.049295	750	-0.369441	-68.758412		
70	0.045289	750	-0.358138	-69.11655		
71	0.041485	750	-0.353584	-69.470134		
72	0.03788	750	-0.335651	-69.805785		
73	0.034469	750	-0.314377	-70.120162		
74	0.03125	750	-0.303858	-70.42402		
75	0.028218	750	-0.29292	-70.71694		
76	0.02537	750	-0.274754	-70.991694		
77	0.022702	750	-0.275914	-71.267608		
78	0.020209	750	-0.231684	-71.499292		
79	0.017889	750	-0.220185	-71.719477		
80	0.015736	750	-0.22529	-71.944768		
81	0.013746	750	-0.206569	-72.151337		
82	0.011916	750	-0.192728	-72.344064		
83	0.01024	750	-0.177904	-72.521968		
84	0.008714	750	-0.158691	-72.680659		
85	0.007334	750	-0.138501	-72.819159		
86	0.006093	750	-0.128155	-72.947314		
87	0.004988	750	-0.121112	-73.068426		
88	0.004013	750	-0.108732	-73.177158		
89	0.003162	750	-0.093719	-73.270877		
90	0.00243	750	-0.08448	-73.355357		
91	0.00181	750	-0.069873	-73.425229		
92	0.001296	750	-0.058658	-73.483887		
93	0.000882	750	-0.043419	-73.527306		
94	0.000559	750	-0.033492	-73.560798		
95	0.00032	750	-0.027594	-73.588391		
96	0.000156	750	-0.017865	-73.606256		
97	0.000057	750	-0.01105	-73.617306		
98	0.00001	750	-0.004884	-73.62219		
99	0	750	-0.001209	-73.623398		
Log marginal likelihood:	-73.623398					
0	0.975187	750	-1.746716	-1.746716		
1	0.950747	750	-1.799661	-3.546377		
2	0.926679	750	-1.773442	-5.319819		
3	0.90298	750	-1.669272	-6.989091		
4	0.879648	750	-1.685949	-8.675039		
5	0.856682	750	-1.675427	-10.350466		
6	0.834079	750	-1.614124	-11.96459		
7	0.811838	750	-1.600046	-13.564636		
8	0.789957	750	-1.63452	-15.199156		
9	0.768433	750	-1.587029	-16.786185		
10	0.747266	750	-1.555589	-18.341774		
11	0.726452	750	-1.531429	-19.873203		
12	0.705989	750	-1.545668	-21.41887		
13	0.685877	750	-1.480295	-22.899166		
14	0.666112	750	-1.489034	-24.3882		
15	0.646693	750	-1.41957	-25.807769		
16	0.627618	750	-1.422248	-27.230017		
17	0.608884	750	-1.406793	-28.636811		
18	0.59049	750	-1.348829	-29.98564		
19	0.572433	750	-1.325422	-31.311062		
20	0.554712	750	-1.34393	-32.654992		
21	0.537324	750	-1.309142	-33.964134		
22	0.520268	750	-1.305209	-35.269343		
23	0.50354	750	-1.248786	-36.518129		
24	0.487139	750	-1.256915	-37.775043		
25	0.471063	750	-1.224128	-38.999171		
26	0.45531	750	-1.168107	-40.167278		
27	0.439877	750	-1.198165	-41.365444		
28	0.424762	750	-1.165631	-42.531075		
29	0.409963	750	-1.140174	-43.671249		
30	0.395478	750	-1.112671	-44.78392		
31	0.381305	750	-1.093483	-45.877403		
32	0.36744	750	-1.061563	-46.938966		
33	0.353883	750	-1.036577	-47.975542		
34	0.34063	750	-1.027786	-49.003329		
35	0.32768	750	-1.005467	-50.008796		
36	0.31503	750	-0.991537	-51.000333		
37	0.302677	750	-0.949342	-51.949675		
38	0.290619	750	-0.944403	-52.894078		
39	0.278855	750	-0.923643	-53.81772		
40	0.267381	750	-0.908594	-54.726314		
41	0.256195	750	-0.886435	-55.612749		
42	0.245294	750	-0.862297	-56.475046		
43	0.234677	750	-0.841101	-57.316147		
44	0.22434	750	-0.803119	-58.119266		
45	0.214281	750	-0.797296	-58.916562		
46	0.204498	750	-0.796817	-59.713379		
47	0.194988	750	-0.760746	-60.474124		
48	0.185749	750	-0.72865	-61.202775		
49	0.176777	750	-0.73694	-61.939715		
50	0.16807	750	-0.704762	-62.644477		
51	0.159626	750	-0.684261	-63.328739		
52	0.151441	750	-0.675435	-64.004173		
53	0.143514	750	-0.653246	-64.657419		
54	0.135841	750	-0.631228	-65.288647		
55	0.12842	750	-0.628353	-65.917		
56	0.121247	750	-0.584269	-66.50127		
57	0.11432	750	-0.587233	-67.088503		
58	0.107637	750	-0.555521	-67.644024		
59	0.101193	750	-0.533681	-68.177704		
60	0.094986	750	-0.542159	-68.719864		
61	0.089014	750	-0.512778	-69.232642		
62	0.083273	750	-0.490253	-69.722895		
63	0.07776	750	-0.472677	-70.195572		
64	0.072472	750	-0.462024	-70.657596		
65	0.067406	750	-0.446536	-71.104133		
66	0.062558	750	-0.434227	-71.538359		
67	0.057926	750	-0.425829	-71.964189		
68	0.053506	750	-0.406866	-72.371055		
69	0.049295	750	-0.386254	-72.75731		
70	0.045289	750	-0.363666	-73.120976		
71	0.041485	750	-0.349533	-73.470509		
72	0.03788	750	-0.34464	-73.815149		
73	0.034469	750	-0.335618	-74.150767		
74	0.03125	750	-0.302614	-74.453381		
75	0.028218	750	-0.310326	-74.763707		
76	0.02537	750	-0.289287	-75.052995		
77	0.022702	750	-0.265024	-75.318018		
78	0.020209	750	-0.253097	-75.571115		
79	0.017889	750	-0.240322	-75.811437		
80	0.015736	750	-0.208172	-76.019609		
81	0.013746	750	-0.213986	-76.233595		
82	0.011916	750	-0.189662	-76.423257		
83	0.01024	750	-0.179744	-76.603001		
84	0.008714	750	-0.165122	-76.768123		
85	0.007334	750	-0.150199	-76.918322		
86	0.006093	750	-0.128464	-77.046786		
87	0.004988	750	-0.138975	-77.185761		
88	0.004013	750	-0.111067	-77.296828		
89	0.003162	750	-0.092455	-77.389283		
90	0.00243	750	-0.08769	-77.476974		
91	0.00181	750	-0.061015	-77.537988		
92	0.001296	750	-0.056809	-77.594797		
93	0.000882	750	-0.046206	-77.641003		
94	0.000559	750	-0.034866	-77.675869		
95	0.00032	750	-0.02776	-77.703629		
96	0.000156	750	-0.018583	-77.722212		
97	0.000057	750	-0.010897	-77.733109		
98	0.00001	750	-0.005512	-77.738621		
99	0	750	-0.001194	-77.739815		
Log marginal likelihood:	-77.739815					
0	0.975187	750	-1.482097	-1.482097		
1	0.950747	750	-1.433918	-2.916016		
2	0.926679	750	-1.459946	-4.375962		
3	0.90298	750	-1.491679	-5.867641		
4	0.879648	750	-1.485712	-7.353353		
5	0.856682	750	-1.451454	-8.804807		
6	0.834079	750	-1.365386	-10.170193		
7	0.811838	750	-1.40381	-11.574002		
8	0.789957	750	-1.307869	-12.881871		
9	0.768433	750	-1.312633	-14.194503		
10	0.747266	750	-1.388777	-15.583281		
11	0.726452	750	-1.264473	-16.847754		
12	0.705989	750	-1.273431	-18.121185		
13	0.685877	750	-1.316397	-19.437582		
14	0.666112	750	-1.246234	-20.683817		
15	0.646693	750	-1.221354	-21.905171		
16	0.627618	750	-1.210359	-23.11553		
17	0.608884	750	-1.212828	-24.328358		
18	0.59049	750	-1.163303	-25.491661		
19	0.572433	750	-1.233847	-26.725509		
20	0.554712	750	-1.150741	-27.87625		
21	0.537324	750	-1.096057	-28.972307		
22	0.520268	750	-1.158788	-30.131096		
23	0.50354	750	-1.105471	-31.236566		
24	0.487139	750	-1.086448	-32.323014		
25	0.471063	750	-1.079877	-33.402891		
26	0.45531	750	-1.061095	-34.463986		
27	0.439877	750	-1.084897	-35.548883		
28	0.424762	750	-1.0981	-36.646983		
29	0.409963	750	-1.020932	-37.667915		
30	0.395478	750	-1.000271	-38.668186		
31	0.381305	750	-0.986906	-39.655092		
32	0.36744	750	-0.996037	-40.651129		
33	0.353883	750	-0.955633	-41.606762		
34	0.34063	750	-0.960401	-42.567162		
35	0.32768	750	-0.90285	-43.470012		
36	0.31503	750	-0.895858	-44.36587		
37	0.302677	750	-0.893661	-45.259531		
38	0.290619	750	-0.870597	-46.130128		
39	0.278855	750	-0.858076	-46.988204		
40	0.267381	750	-0.851077	-47.839281		
41	0.256195	750	-0.808748	-48.648029		
42	0.245294	750	-0.821421	-49.46945		
43	0.234677	750	-0.762772	-50.232222		
44	0.22434	750	-0.755148	-50.98737		
45	0.214281	750	-0.743807	-51.731177		
46	0.204498	750	-0.73075	-52.461928		
47	0.194988	750	-0.714012	-53.17594		
48	0.185749	750	-0.68534	-53.86128		
49	0.176777	750	-0.676598	-54.537878		
50	0.16807	750	-0.651376	-55.189255		
51	0.159626	750	-0.655672	-55.844927		
52	0.151441	750	-0.637232	-56.482159		
53	0.143514	750	-0.607701	-57.08986		
54	0.135841	750	-0.589824	-57.679684		
55	0.12842	750	-0.583106	-58.26279		
56	0.121247	750	-0.549716	-58.812506		
57	0.11432	750	-0.548535	-59.361041		
58	0.107637	750	-0.52588	-59.886922		
59	0.101193	750	-0.494181	-60.381103		
60	0.094986	750	-0.490516	-60.871619		
61	0.089014	750	-0.492234	-61.363853		
62	0.083273	750	-0.473358	-61.83721		
63	0.07776	750	-0.45158	-62.28879		
64	0.072472	750	-0.453992	-62.742782		
65	0.067406	750	-0.443072	-63.185854		
66	0.062558	750	-0.413574	-63.599428		
67	0.057926	750	-0.4182	-64.017628		
68	0.053506	750	-0.39687	-64.414498		
69	0.049295	750	-0.360811	-64.77531		
70	0.045289	750	-0.355549	-65.130858		
71	0.041485	750	-0.333678	-65.464536		
72	0.03788	750	-0.338106	-65.802642		
73	0.034469	750	-0.314034	-66.116676		
74	0.03125	750	-0.310877	-66.427553		
75	0.028218	750	-0.290647	-66.718201		
76	0.02537	750	-0.275187	-66.993388		
77	0.022702	750	-0.256662	-67.250049		
78	0.020209	750	-0.230147	-67.480196		
79	0.017889	750	-0.216626	-67.696822		
80	0.015736	750	-0.207627	-67.904449		
81	0.013746	750	-0.189024	-68.093473		
82	0.011916	750	-0.179334	-68.272807		
83	0.01024	750	-0.169786	-68.442593		
84	0.008714	750	-0.15957	-68.602163		
85	0.007334	750	-0.146997	-68.74916		
86	0.006093	750	-0.123256	-68.872416		
87	0.004988	750	-0.109766	-68.982183		
88	0.004013	750	-0.105939	-69.088121		
89	0.003162	750	-0.088198	-69.17632		
90	0.00243	750	-0.070577	-69.246897		
91	0.00181	750	-0.063787	-69.310684		
92	0.001296	750	-0.054308	-69.364992		
93	0.000882	750	-0.041518	-69.406509		
94	0.000559	750	-0.035316	-69.441825		
95	0.00032	750	-0.026436	-69.468261		
96	0.000156	750	-0.017015	-69.485275		
97	0.000057	750	-0.010463	-69.495739		
98	0.00001	750	-0.005028	-69.500767		
99	0	750	-0.001152	-69.501919		
Log marginal likelihood:	-69.501919					
0	0.975187	750	-1.685545	-1.685545		
1	0.950747	750	-1.683128	-3.368673		
2	0.926679	750	-1.670519	-5.039192		
3	0.90298	750	-1.68091	-6.720103		
4	0.879648	750	-1.5963	-8.316403		
5	0.856682	750	-1.60364	-9.920043		
6	0.834079	750	-1.581185	-11.501228		
7	0.811838	750	-1.546731	-13.047959		
8	0.789957	750	-1.574135	-14.622094		
9	0.768433	750	-1.511132	-16.133226		
10	0.747266	750	-1.419001	-17.552227		
11	0.726452	750	-1.480997	-19.033224		
12	0.705989	750	-1.437971	-20.471195		
13	0.685877	750	-1.433151	-21.904346		
14	0.666112	750	-1.419372	-23.323718		
15	0.646693	750	-1.405336	-24.729054		
16	0.627618	750	-1.378768	-26.107822		
17	0.608884	750	-1.302987	-27.410809		
18	0.59049	750	-1.296681	-28.707489		
19	0.572433	750	-1.296123	-30.003613		
20	0.554712	750	-1.283084	-31.286697		
21	0.537324	750	-1.260227	-32.546923		
22	0.520268	750	-1.224836	-33.771759		
23	0.50354	750	-1.220974	-34.992733		
24	0.487139	750	-1.200386	-36.193119		
25	0.471063	750	-1.166887	-37.360006		
26	0.45531	750	-1.147852	-38.507858		
27	0.439877	750	-1.133253	-39.641111		
28	0.424762	750	-1.098401	-40.739512		
29	0.409963	750	-1.089646	-41.829157		
30	0.395478	750	-1.055159	-42.884316		
31	0.381305	750	-1.051011	-43.935327		
32	0.36744	750	-1.009122	-44.944449		
33	0.353883	750	-0.997606	-45.942055		
34	0.34063	750	-0.976831	-46.918886		
35	0.32768	750	-0.98054	-47.899426		
36	0.31503	750	-0.93301	-48.832436		
37	0.302677	750	-0.920865	-49.753301		
38	0.290619	750	-0.901997	-50.655298		
39	0.278855	750	-0.894802	-51.5501		
40	0.267381	750	-0.87267	-52.42277		
41	0.256195	750	-0.834858	-53.257628		
42	0.245294	750	-0.81307	-54.070698		
43	0.234677	750	-0.805978	-54.876676		
44	0.22434	750	-0.783817	-55.660493		
45	0.214281	750	-0.784344	-56.444837		
46	0.204498	750	-0.75784	-57.202677		
47	0.194988	750	-0.738088	-57.940765		
48	0.185749	750	-0.703556	-58.644321		
49	0.176777	750	-0.722684	-59.367005		
50	0.16807	750	-0.681893	-60.048898		
51	0.159626	750	-0.661746	-60.710644		
52	0.151441	750	-0.643591	-61.354235		
53	0.143514	750	-0.620649	-61.974884		
54	0.135841	750	-0.598508	-62.573392		
55	0.12842	750	-0.590805	-63.164198		
56	0.121247	750	-0.569986	-63.734183		
57	0.11432	750	-0.555234	-64.289417		
58	0.107637	750	-0.535776	-64.825194		
59	0.101193	750	-0.532232	-65.357426		
60	0.094986	750	-0.532595	-65.890021		
61	0.089014	750	-0.487192	-66.377213		
62	0.083273	750	-0.474488	-66.851701		
63	0.07776	750	-0.462266	-67.313966		
64	0.072472	750	-0.478507	-67.792474		
65	0.067406	750	-0.422281	-68.214755		
66	0.062558	750	-0.426304	-68.641059		
67	0.057926	750	-0.405957	-69.047016		
68	0.053506	750	-0.381388	-69.428404		
69	0.049295	750	-0.374941	-69.803345		
70	0.045289	750	-0.357366	-70.160711		
71	0.041485	750	-0.359663	-70.520374		
72	0.03788	750	-0.335126	-70.8555		
73	0.034469	750	-0.32274	-71.17824		
74	0.03125	750	-0.293359	-71.471598		
75	0.028218	750	-0.288404	-71.760002		
76	0.02537	750	-0.270599	-72.030601		
77	0.022702	750	-0.251213	-72.281814		
78	0.020209	750	-0.251732	-72.533545		
79	0.017889	750	-0.250189	-72.783734		
80	0.015736	750	-0.217361	-73.001095		
81	0.013746	750	-0.188296	-73.189391		
82	0.011916	750	-0.193092	-73.382483		
83	0.01024	750	-0.169726	-73.552209		
84	0.008714	750	-0.150898	-73.703107		
85	0.007334	750	-0.147918	-73.851025		
86	0.006093	750	-0.139531	-73.990556		
87	0.004988	750	-0.12679	-74.117345		
88	0.004013	750	-0.102421	-74.219766		
89	0.003162	750	-0.091028	-74.310795		
90	0.00243	750	-0.072811	-74.383606		
91	0.00181	750	-0.062949	-74.446555		
92	0.001296	750	-0.056607	-74.503162		
93	0.000882	750	-0.041605	-74.544767		
94	0.000559	750	-0.034658	-74.579425		
95	0.00032	750	-0.026949	-74.606374		
96	0.000156	750	-0.018358	-74.624732		
97	0.000057	750	-0.010626	-74.635358		
98	0.00001	750	-0.005023	-74.640381		
99	0	750	-0.001024	-74.641406		
Log marginal likelihood:	-74.641406					
0	0.975187	750	-1.535623	-1.535623		
1	0.950747	750	-1.529379	-3.065003		
2	0.926679	750	-1.493535	-4.558538		
3	0.90298	750	-1.441318	-5.999856		
4	0.879648	750	-1.43526	-7.435116		
5	0.856682	750	-1.482731	-8.917847		
6	0.834079	750	-1.38214	-10.299987		
7	0.811838	750	-1.37447	-11.674457		
8	0.789957	750	-1.358058	-13.032515		
9	0.768433	750	-1.347413	-14.379929		
10	0.747266	750	-1.374886	-15.754815		
11	0.726452	750	-1.35359	-17.108404		
12	0.705989	750	-1.305633	-18.414037		
13	0.685877	750	-1.315407	-19.729445		
14	0.666112	750	-1.292036	-21.021481		
15	0.646693	750	-1.28763	-22.309111		
16	0.627618	750	-1.242607	-23.551718		
17	0.608884	750	-1.196932	-24.74865		
18	0.59049	750	-1.234761	-25.983411		
19	0.572433	750	-1.196604	-27.180015		
20	0.554712	750	-1.141033	-28.321048		
21	0.537324	750	-1.181253	-29.502301		
22	0.520268	750	-1.172536	-30.674837		
23	0.50354	750	-1.140691	-31.815528		
24	0.487139	750	-1.168882	-32.98441		
25	0.471063	750	-1.0317	-34.01611		
26	0.45531	750	-1.073963	-35.090074		
27	0.439877	750	-1.06352	-36.153594		
28	0.424762	750	-1.07038	-37.223974		
29	0.409963	750	-1.037841	-38.261815		
30	0.395478	750	-0.99701	-39.258825		
31	0.381305	750	-0.997347	-40.256172		
32	0.36744	750	-0.976681	-41.232852		
33	0.353883	750	-0.96384	-42.196692		
34	0.34063	750	-0.948045	-43.144737		
35	0.32768	750	-0.941659	-44.086396		
36	0.31503	750	-0.888014	-44.974411		
37	0.302677	750	-0.903911	-45.878321		
38	0.290619	750	-0.87999	-46.758312		
39	0.278855	750	-0.861025	-47.619336		
40	0.267381	750	-0.822248	-48.441584		
41	0.256195	750	-0.7952	-49.236784		
42	0.245294	750	-0.802766	-50.039551		
43	0.234677	750	-0.793706	-50.833257		
44	0.22434	750	-0.764223	-51.59748		
45	0.214281	750	-0.741174	-52.338654		
46	0.204498	750	-0.741915	-53.080569		
47	0.194988	750	-0.711406	-53.791974		
48	0.185749	750	-0.684291	-54.476266		
49	0.176777	750	-0.686124	-55.162389		
50	0.16807	750	-0.656521	-55.818911		
51	0.159626	750	-0.64336	-56.462271		
52	0.151441	750	-0.643758	-57.106029		
53	0.143514	750	-0.607556	-57.713585		
54	0.135841	750	-0.600181	-58.313765		
55	0.12842	750	-0.567829	-58.881595		
56	0.121247	750	-0.552623	-59.434218		
57	0.11432	750	-0.551869	-59.986087		
58	0.107637	750	-0.547146	-60.533233		
59	0.101193	750	-0.492396	-61.025628		
60	0.094986	750	-0.486654	-61.512282		
61	0.089014	750	-0.476514	-61.988796		
62	0.083273	750	-0.466687	-62.455483		
63	0.07776	750	-0.467216	-62.922699		
64	0.072472	750	-0.438088	-63.360788		
65	0.067406	750	-0.445616	-63.806403		
66	0.062558	750	-0.39608	-64.202483		
67	0.057926	750	-0.386939	-64.589422		
68	0.053506	750	-0.374475	-64.963897		
69	0.049295	750	-0.361392	-65.325289		
70	0.045289	750	-0.363518	-65.688807		
71	0.041485	750	-0.338247	-66.027054		
72	0.03788	750	-0.366669	-66.393724		
73	0.034469	750	-0.313388	-66.707112		
74	0.03125	750	-0.287192	-66.994304		
75	0.028218	750	-0.270024	-67.264328		
76	0.02537	750	-0.273586	-67.537914		
77	0.022702	750	-0.257177	-67.795091		
78	0.020209	750	-0.2432	-68.038291		
79	0.017889	750	-0.220176	-68.258466		
80	0.015736	750	-0.199745	-68.458212		
81	0.013746	750	-0.197943	-68.656155		
82	0.011916	750	-0.19137	-68.847525		
83	0.01024	750	-0.171704	-69.019229		
84	0.008714	750	-0.143264	-69.162494		
85	0.007334	750	-0.144128	-69.306622		
86	0.006093	750	-0.120415	-69.427036		
87	0.004988	750	-0.112607	-69.539643		
88	0.004013	750	-0.096037	-69.63568		
89	0.003162	750	-0.092028	-69.727708		
90	0.00243	750	-0.074721	-69.802429		
91	0.00181	750	-0.064289	-69.866718		
92	0.001296	750	-0.05454	-69.921258		
93	0.000882	750	-0.04026	-69.961519		
94	0.000559	750	-0.037035	-69.998554		
95	0.00032	750	-0.025568	-70.024122		
96	0.000156	750	-0.017666	-70.041788		
97	0.000057	750	-0.010772	-70.05256		
98	0.00001	750	-0.004715	-70.057275		
99	0	750	-0.001098	-70.058373		
Log marginal likelihood:	-70.058373					
0	0.975187	750	-1.441419	-1.441419		
1	0.950747	750	-1.406392	-2.847811		
2	0.926679	750	-1.402203	-4.250014		
3	0.90298	750	-1.368076	-5.61809		
4	0.879648	750	-1.390883	-7.008973		
5	0.856682	750	-1.318775	-8.327748		
6	0.834079	750	-1.322821	-9.650569		
7	0.811838	750	-1.31962	-10.970189		
8	0.789957	750	-1.317125	-12.287314		
9	0.768433	750	-1.257922	-13.545235		
10	0.747266	750	-1.27544	-14.820675		
11	0.726452	750	-1.278856	-16.099531		
12	0.705989	750	-1.271004	-17.370535		
13	0.685877	750	-1.227695	-18.598229		
14	0.666112	750	-1.246832	-19.845061		
15	0.646693	750	-1.154949	-21.00001		
16	0.627618	750	-1.195115	-22.195126		
17	0.608884	750	-1.21323	-23.408356		
18	0.59049	750	-1.179718	-24.588073		
19	0.572433	750	-1.167753	-25.755827		
20	0.554712	750	-1.118727	-26.874553		
21	0.537324	750	-1.09511	-27.969664		
22	0.520268	750	-1.086771	-29.056435		
23	0.50354	750	-1.080001	-30.136436		
24	0.487139	750	-1.072554	-31.20899		
25	0.471063	750	-1.07476	-32.28375		
26	0.45531	750	-1.019032	-33.302782		
27	0.439877	750	-1.053421	-34.356202		
28	0.424762	750	-1.023961	-35.380163		
29	0.409963	750	-0.973258	-36.353421		
30	0.395478	750	-0.955994	-37.309415		
31	0.381305	750	-0.953027	-38.262442		
32	0.36744	750	-0.915683	-39.178125		
33	0.353883	750	-0.926696	-40.104821		
34	0.34063	750	-0.885806	-40.990627		
35	0.32768	750	-0.857922	-41.848549		
36	0.31503	750	-0.864053	-42.712602		
37	0.302677	750	-0.854112	-43.566714		
38	0.290619	750	-0.856323	-44.423037		
39	0.278855	750	-0.816938	-45.239975		
40	0.267381	750	-0.796785	-46.03676		
41	0.256195	750	-0.787591	-46.824351		
42	0.245294	750	-0.774791	-47.599142		
43	0.234677	750	-0.742837	-48.341979		
44	0.22434	750	-0.72873	-49.070708		
45	0.214281	750	-0.699083	-49.769791		
46	0.204498	750	-0.697793	-50.467584		
47	0.194988	750	-0.700684	-51.168267		
48	0.185749	750	-0.676206	-51.844474		
49	0.176777	750	-0.662491	-52.506965		
50	0.16807	750	-0.626068	-53.133032		
51	0.159626	750	-0.610879	-53.743911		
52	0.151441	750	-0.60098	-54.344891		
53	0.143514	750	-0.585694	-54.930584		
54	0.135841	750	-0.576634	-55.507219		
55	0.12842	750	-0.582576	-56.089795		
56	0.121247	750	-0.529274	-56.619069		
57	0.11432	750	-0.534834	-57.153903		
58	0.107637	750	-0.508326	-57.662229		
59	0.101193	750	-0.496877	-58.159106		
60	0.094986	750	-0.474363	-58.63347		
61	0.089014	750	-0.485971	-59.11944		
62	0.083273	750	-0.454029	-59.573469		
63	0.07776	750	-0.437443	-60.010913		
64	0.072472	750	-0.422678	-60.433591		
65	0.067406	750	-0.412319	-60.84591		
66	0.062558	750	-0.391234	-61.237145		
67	0.057926	750	-0.393791	-61.630936		
68	0.053506	750	-0.392445	-62.023381		
69	0.049295	750	-0.354785	-62.378166		
70	0.045289	750	-0.336365	-62.714531		
71	0.041485	750	-0.319817	-63.034348		
72	0.03788	750	-0.314585	-63.348933		
73	0.034469	750	-0.301395	-63.650327		
74	0.03125	750	-0.281068	-63.931396		
75	0.028218	750	-0.268215	-64.199611		
76	0.02537	750	-0.270894	-64.470505		
77	0.022702	750	-0.250361	-64.720866		
78	0.020209	750	-0.229576	-64.950441		
79	0.017889	750	-0.219745	-65.170187		
80	0.015736	750	-0.203606	-65.373793		
81	0.013746	750	-0.193428	-65.567221		
82	0.011916	750	-0.182766	-65.749986		
83	0.01024	750	-0.155815	-65.905802		
84	0.008714	750	-0.140251	-66.046052		
85	0.007334	750	-0.148325	-66.194377		
86	0.006093	750	-0.127899	-66.322277		
87	0.004988	750	-0.10746	-66.429737		
88	0.004013	750	-0.097743	-66.52748		
89	0.003162	750	-0.090731	-66.618211		
90	0.00243	750	-0.074007	-66.692218		
91	0.00181	750	-0.062555	-66.754773		
92	0.001296	750	-0.049952	-66.804725		
93	0.000882	750	-0.047811	-66.852535		
94	0.000559	750	-0.035212	-66.887747		
95	0.00032	750	-0.022938	-66.910685		
96	0.000156	750	-0.018511	-66.929196		
97	0.000057	750	-0.011143	-66.940339		
98	0.00001	750	-0.004993	-66.945332		
99	0	750	-0.001028	-66.94636		
Log marginal likelihood:	-66.94636					
0	0.975187	750	-1.745957	-1.745957		
1	0.950747	750	-1.763843	-3.5098		
2	0.926679	750	-1.728187	-5.237987		
3	0.90298	750	-1.709118	-6.947106		
4	0.879648	750	-1.670875	-8.617981		
5	0.856682	750	-1.686451	-10.304432		
6	0.834079	750	-1.655929	-11.960361		
7	0.811838	750	-1.61391	-13.574271		
8	0.789957	750	-1.592371	-15.166641		
9	0.768433	750	-1.568326	-16.734967		
10	0.747266	750	-1.533497	-18.268465		
11	0.726452	750	-1.527061	-19.795526		
12	0.705989	750	-1.497651	-21.293177		
13	0.685877	750	-1.475742	-22.768919		
14	0.666112	750	-1.442191	-24.21111		
15	0.646693	750	-1.444608	-25.655719		
16	0.627618	750	-1.43714	-27.092859		
17	0.608884	750	-1.371286	-28.464145		
18	0.59049	750	-1.380509	-29.844654		
19	0.572433	750	-1.311701	-31.156355		
20	0.554712	750	-1.328742	-32.485097		
21	0.537324	750	-1.293797	-33.778894		
22	0.520268	750	-1.283924	-35.062818		
23	0.50354	750	-1.247738	-36.310555		
24	0.487139	750	-1.224432	-37.534987		
25	0.471063	750	-1.196436	-38.731423		
26	0.45531	750	-1.161758	-39.893181		
27	0.439877	750	-1.183546	-41.076727		
28	0.424762	750	-1.127813	-42.204539		
29	0.409963	750	-1.143412	-43.347951		
30	0.395478	750	-1.119893	-44.467844		
31	0.381305	750	-1.05802	-45.525864		
32	0.36744	750	-1.038309	-46.564173		
33	0.353883	750	-1.014242	-47.578415		
34	0.34063	750	-1.016383	-48.594798		
35	0.32768	750	-0.988422	-49.58322		
36	0.31503	750	-0.980255	-50.563475		
37	0.302677	750	-0.945765	-51.50924		
38	0.290619	750	-0.918212	-52.427452		
39	0.278855	750	-0.906206	-53.333658		
40	0.267381	750	-0.885169	-54.218827		
41	0.256195	750	-0.880881	-55.099708		
42	0.245294	750	-0.856119	-55.955827		
43	0.234677	750	-0.838948	-56.794775		
44	0.22434	750	-0.814141	-57.608916		
45	0.214281	750	-0.790268	-58.399184		
46	0.204498	750	-0.785228	-59.184412		
47	0.194988	750	-0.750328	-59.93474		
48	0.185749	750	-0.738695	-60.673435		
49	0.176777	750	-0.728803	-61.402238		
50	0.16807	750	-0.70714	-62.109378		
51	0.159626	750	-0.673266	-62.782644		
52	0.151441	750	-0.666488	-63.449131		
53	0.143514	750	-0.648953	-64.098085		
54	0.135841	750	-0.635562	-64.733647		
55	0.12842	750	-0.606434	-65.340081		
56	0.121247	750	-0.600489	-65.94057		
57	0.11432	750	-0.568927	-66.509497		
58	0.107637	750	-0.578642	-67.088139		
59	0.101193	750	-0.564155	-67.652294		
60	0.094986	750	-0.526041	-68.178335		
61	0.089014	750	-0.528902	-68.707237		
62	0.083273	750	-0.507916	-69.215152		
63	0.07776	750	-0.479185	-69.694338		
64	0.072472	750	-0.445911	-70.140249		
65	0.067406	750	-0.439392	-70.579641		
66	0.062558	750	-0.413487	-70.993128		
67	0.057926	750	-0.418734	-71.411862		
68	0.053506	750	-0.409595	-71.821457		
69	0.049295	750	-0.376146	-72.197602		
70	0.045289	750	-0.377204	-72.574806		
71	0.041485	750	-0.369596	-72.944402		
72	0.03788	750	-0.33738	-73.281782		
73	0.034469	750	-0.322959	-73.60474		
74	0.03125	750	-0.313334	-73.918074		
75	0.028218	750	-0.300445	-74.218518		
76	0.02537	750	-0.279076	-74.497594		
77	0.022702	750	-0.262289	-74.759883		
78	0.020209	750	-0.260107	-75.01999		
79	0.017889	750	-0.254982	-75.274972		
80	0.015736	750	-0.232752	-75.507725		
81	0.013746	750	-0.207657	-75.715382		
82	0.011916	750	-0.19972	-75.915102		
83	0.01024	750	-0.187637	-76.102739		
84	0.008714	750	-0.15601	-76.258749		
85	0.007334	750	-0.131382	-76.390131		
86	0.006093	750	-0.132415	-76.522546		
87	0.004988	750	-0.128637	-76.651184		
88	0.004013	750	-0.104184	-76.755367		
89	0.003162	750	-0.108809	-76.864177		
90	0.00243	750	-0.07802	-76.942196		
91	0.00181	750	-0.069802	-77.011998		
92	0.001296	750	-0.062513	-77.074512		
93	0.000882	750	-0.046578	-77.12109		
94	0.000559	750	-0.037061	-77.158151		
95	0.00032	750	-0.024659	-77.18281		
96	0.000156	750	-0.019153	-77.201962		
97	0.000057	750	-0.011495	-77.213457		
98	0.00001	750	-0.005331	-77.218789		
99	0	750	-0.001156	-77.219945		
Log marginal likelihood:	-77.219945					
0	0.975187	750	-1.60508	-1.60508		
1	0.950747	750	-1.583507	-3.188587		
2	0.926679	750	-1.548927	-4.737514		
3	0.90298	750	-1.506822	-6.244336		
4	0.879648	750	-1.522039	-7.766375		
5	0.856682	750	-1.471653	-9.238028		
6	0.834079	750	-1.443885	-10.681913		
7	0.811838	750	-1.47264	-12.154554		
8	0.789957	750	-1.456366	-13.61092		
9	0.768433	750	-1.393186	-15.004105		
10	0.747266	750	-1.409633	-16.413738		
11	0.726452	750	-1.376947	-17.790684		
12	0.705989	750	-1.431811	-19.222495		
13	0.685877	750	-1.369727	-20.592222		
14	0.666112	750	-1.397474	-21.989696		
15	0.646693	750	-1.387465	-23.37716		
16	0.627618	750	-1.342594	-24.719754		
17	0.608884	750	-1.315375	-26.03513		
18	0.59049	750	-1.26386	-27.29899		
19	0.572433	750	-1.243627	-28.542617		
20	0.554712	750	-1.263011	-29.805628		
21	0.537324	750	-1.233799	-31.039427		
22	0.520268	750	-1.217831	-32.257257		
23	0.50354	750	-1.169482	-33.426739		
24	0.487139	750	-1.195706	-34.622446		
25	0.471063	750	-1.116448	-35.738894		
26	0.45531	750	-1.122578	-36.861472		
27	0.439877	750	-1.09303	-37.954502		
28	0.424762	750	-1.121317	-39.075819		
29	0.409963	750	-1.047009	-40.122829		
30	0.395478	750	-1.045655	-41.168484		
31	0.381305	750	-1.047584	-42.216068		
32	0.36744	750	-1.013671	-43.22974		
33	0.353883	750	-0.97805	-44.20779		
34	0.34063	750	-0.967153	-45.174943		
35	0.32768	750	-0.952561	-46.127504		
36	0.31503	750	-0.935396	-47.062901		
37	0.302677	750	-0.927809	-47.99071		
38	0.290619	750	-0.894439	-48.885149		
39	0.278855	750	-0.88921	-49.774359		
40	0.267381	750	-0.870038	-50.644397		
41	0.256195	750	-0.848865	-51.493262		
42	0.245294	750	-0.816152	-52.309415		
43	0.234677	750	-0.788819	-53.098234		
44	0.22434	750	-0.798602	-53.896836		
45	0.214281	750	-0.770037	-54.666873		
46	0.204498	750	-0.745564	-55.412437		
47	0.194988	750	-0.73057	-56.143006		
48	0.185749	750	-0.711548	-56.854554		
49	0.176777	750	-0.705556	-57.56011		
50	0.16807	750	-0.681476	-58.241586		
51	0.159626	750	-0.653793	-58.895379		
52	0.151441	750	-0.654307	-59.549686		
53	0.143514	750	-0.621338	-60.171025		
54	0.135841	750	-0.610053	-60.781077		
55	0.12842	750	-0.594364	-61.375441		
56	0.121247	750	-0.573571	-61.949012		
57	0.11432	750	-0.55578	-62.504792		
58	0.107637	750	-0.54555	-63.050342		
59	0.101193	750	-0.539588	-63.589929		
60	0.094986	750	-0.518237	-64.108166		
61	0.089014	750	-0.491906	-64.600072		
62	0.083273	750	-0.464827	-65.064899		
63	0.07776	750	-0.469448	-65.534347		
64	0.072472	750	-0.439616	-65.973963		
65	0.067406	750	-0.43171	-66.405674		
66	0.062558	750	-0.418448	-66.824122		
67	0.057926	750	-0.403664	-67.227786		
68	0.053506	750	-0.378579	-67.606365		
69	0.049295	750	-0.384403	-67.990768		
70	0.045289	750	-0.365039	-68.355807		
71	0.041485	750	-0.338637	-68.694443		
72	0.03788	750	-0.331092	-69.025535		
73	0.034469	750	-0.295425	-69.32096		
74	0.03125	750	-0.311632	-69.632592		
75	0.028218	750	-0.282508	-69.9151		
76	0.02537	750	-0.279418	-70.194518		
77	0.022702	750	-0.269144	-70.463662		
78	0.020209	750	-0.249897	-70.713559		
79	0.017889	750	-0.227834	-70.941393		
80	0.015736	750	-0.210184	-71.151577		
81	0.013746	750	-0.194059	-71.345636		
82	0.011916	750	-0.180141	-71.525776		
83	0.01024	750	-0.19288	-71.718657		
84	0.008714	750	-0.169856	-71.888513		
85	0.007334	750	-0.129597	-72.01811		
86	0.006093	750	-0.134171	-72.152281		
87	0.004988	750	-0.11395	-72.266231		
88	0.004013	750	-0.109423	-72.375654		
89	0.003162	750	-0.092134	-72.467788		
90	0.00243	750	-0.073595	-72.541383		
91	0.00181	750	-0.072511	-72.613894		
92	0.001296	750	-0.057416	-72.67131		
93	0.000882	750	-0.045389	-72.716698		
94	0.000559	750	-0.036752	-72.75345		
95	0.00032	750	-0.026999	-72.780449		
96	0.000156	750	-0.017316	-72.797765		
97	0.000057	750	-0.011453	-72.809218		
98	0.00001	750	-0.005273	-72.814491		
99	0	750	-0.001062	-72.815554		
Log marginal likelihood:	-72.815554					
0	0.975187	750	-1.678011	-1.678011		
1	0.950747	750	-1.665216	-3.343227		
2	0.926679	750	-1.631885	-4.975112		
3	0.90298	750	-1.627753	-6.602865		
4	0.879648	750	-1.615472	-8.218337		
5	0.856682	750	-1.56802	-9.786357		
6	0.834079	750	-1.533423	-11.319779		
7	0.811838	750	-1.539734	-12.859513		
8	0.789957	750	-1.488607	-14.34812		
9	0.768433	750	-1.487181	-15.835301		
10	0.747266	750	-1.472412	-17.307713		
11	0.726452	750	-1.44762	-18.755333		
12	0.705989	750	-1.437668	-20.193001		
13	0.685877	750	-1.392725	-21.585726		
14	0.666112	750	-1.372339	-22.958065		
15	0.646693	750	-1.336857	-24.294923		
16	0.627618	750	-1.322193	-25.617116		
17	0.608884	750	-1.307291	-26.924407		
18	0.59049	750	-1.288105	-28.212511		
19	0.572433	750	-1.268709	-29.48122		
20	0.554712	750	-1.248339	-30.72956		
21	0.537324	750	-1.203443	-31.933003		
22	0.520268	750	-1.181684	-33.114687		
23	0.50354	750	-1.157187	-34.271874		
24	0.487139	750	-1.145822	-35.417697		
25	0.471063	750	-1.13049	-36.548187		
26	0.45531	750	-1.112043	-37.660231		
27	0.439877	750	-1.094369	-38.754599		
28	0.424762	750	-1.063125	-39.817724		
29	0.409963	750	-1.040988	-40.858713		
30	0.395478	750	-1.045038	-41.903751		
31	0.381305	750	-1.016424	-42.920175		
32	0.36744	750	-0.989291	-43.909466		
33	0.353883	750	-0.969449	-44.878915		
34	0.34063	750	-0.955655	-45.83457		
35	0.32768	750	-0.914075	-46.748645		
36	0.31503	750	-0.922348	-47.670993		
37	0.302677	750	-0.88107	-48.552063		
38	0.290619	750	-0.876721	-49.428784		
39	0.278855	750	-0.854034	-50.282818		
40	0.267381	750	-0.834637	-51.117455		
41	0.256195	750	-0.833082	-51.950536		
42	0.245294	750	-0.81217	-52.762707		
43	0.234677	750	-0.770081	-53.532788		
44	0.22434	750	-0.755199	-54.287987		
45	0.214281	750	-0.755301	-55.043288		
46	0.204498	750	-0.727611	-55.770898		
47	0.194988	750	-0.723078	-56.493976		
48	0.185749	750	-0.66735	-57.161326		
49	0.176777	750	-0.666161	-57.827487		
50	0.16807	750	-0.662463	-58.48995		
51	0.159626	750	-0.639956	-59.129906		
52	0.151441	750	-0.618978	-59.748885		
53	0.143514	750	-0.585693	-60.334578		
54	0.135841	750	-0.591056	-60.925634		
55	0.12842	750	-0.55313	-61.478764		
56	0.121247	750	-0.566315	-62.045079		
57	0.11432	750	-0.538686	-62.583765		
58	0.107637	750	-0.53452	-63.118284		
59	0.101193	750	-0.508429	-63.626713		
60	0.094986	750	-0.477932	-64.104645		
61	0.089014	750	-0.471725	-64.57637		
62	0.083273	750	-0.483366	-65.059736		
63	0.07776	750	-0.445966	-65.505702		
64	0.072472	750	-0.424923	-65.930625		
65	0.067406	750	-0.422187	-66.352812		
66	0.062558	750	-0.395369	-66.748181		
67	0.057926	750	-0.382525	-67.130706		
68	0.053506	750	-0.371175	-67.501881		
69	0.049295	750	-0.359567	-67.861448		
70	0.045289	750	-0.352056	-68.213504		
71	0.041485	750	-0.336273	-68.549777		
72	0.03788	750	-0.317574	-68.867351		
73	0.034469	750	-0.316913	-69.184265		
74	0.03125	750	-0.30572	-69.489984		
75	0.028218	750	-0.275524	-69.765509		
76	0.02537	750	-0.267936	-70.033445		
77	0.022702	750	-0.243841	-70.277286		
78	0.020209	750	-0.225311	-70.502597		
79	0.017889	750	-0.235231	-70.737828		
80	0.015736	750	-0.213816	-70.951644		
81	0.013746	750	-0.200095	-71.151738		
82	0.011916	750	-0.186882	-71.33862		
83	0.01024	750	-0.172145	-71.510765		
84	0.008714	750	-0.157973	-71.668738		
85	0.007334	750	-0.130937	-71.799675		
86	0.006093	750	-0.128295	-71.92797		
87	0.004988	750	-0.119194	-72.047164		
88	0.004013	750	-0.098846	-72.14601		
89	0.003162	750	-0.078745	-72.224755		
90	0.00243	750	-0.077588	-72.302342		
91	0.00181	750	-0.067993	-72.370335		
92	0.001296	750	-0.058028	-72.428363		
93	0.000882	750	-0.045908	-72.474272		
94	0.000559	750	-0.032457	-72.506729		
95	0.00032	750	-0.024804	-72.531532		
96	0.000156	750	-0.016518	-72.548051		
97	0.000057	750	-0.010921	-72.558972		
98	0.00001	750	-0.004652	-72.563624		
99	0	750	-0.000997	-72.564621		
Log marginal likelihood:	-72.564621					
0	0.975187	750	-1.612547	-1.612547		
1	0.950747	750	-1.520101	-3.132649		
2	0.926679	750	-1.518239	-4.650888		
3	0.90298	750	-1.513549	-6.164437		
4	0.879648	750	-1.503828	-7.668265		
5	0.856682	750	-1.474383	-9.142648		
6	0.834079	750	-1.445296	-10.587944		
7	0.811838	750	-1.486871	-12.074815		
8	0.789957	750	-1.376132	-13.450947		
9	0.768433	750	-1.399057	-14.850005		
10	0.747266	750	-1.345959	-16.195964		
11	0.726452	750	-1.416542	-17.612505		
12	0.705989	750	-1.370738	-18.983243		
13	0.685877	750	-1.274752	-20.257995		
14	0.666112	750	-1.339469	-21.597464		
15	0.646693	750	-1.290695	-22.888159		
16	0.627618	750	-1.269469	-24.157628		
17	0.608884	750	-1.268472	-25.4261		
18	0.59049	750	-1.227077	-26.653177		
19	0.572433	750	-1.215375	-27.868552		
20	0.554712	750	-1.152097	-29.02065		
21	0.537324	750	-1.176414	-30.197063		
22	0.520268	750	-1.179371	-31.376434		
23	0.50354	750	-1.184709	-32.561143		
24	0.487139	750	-1.175986	-33.737129		
25	0.471063	750	-1.051848	-34.788977		
26	0.45531	750	-1.115216	-35.904192		
27	0.439877	750	-1.062212	-36.966405		
28	0.424762	750	-1.040722	-38.007127		
29	0.409963	750	-1.027503	-39.03463		
30	0.395478	750	-1.003328	-40.037959		
31	0.381305	750	-1.017519	-41.055478		
32	0.36744	750	-0.987376	-42.042854		
33	0.353883	750	-0.976823	-43.019677		
34	0.34063	750	-0.942633	-43.96231		
35	0.32768	750	-0.921595	-44.883906		
36	0.31503	750	-0.879284	-45.763189		
37	0.302677	750	-0.893853	-46.657042		
38	0.290619	750	-0.865696	-47.522738		
39	0.278855	750	-0.861814	-48.384552		
40	0.267381	750	-0.829792	-49.214345		
41	0.256195	750	-0.817604	-50.031949		
42	0.245294	750	-0.783962	-50.81591		
43	0.234677	750	-0.770234	-51.586145		
44	0.22434	750	-0.793425	-52.37957		
45	0.214281	750	-0.738853	-53.118423		
46	0.204498	750	-0.736936	-53.855359		
47	0.194988	750	-0.704331	-54.55969		
48	0.185749	750	-0.694621	-55.254311		
49	0.176777	750	-0.676428	-55.930739		
50	0.16807	750	-0.664667	-56.595405		
51	0.159626	750	-0.635395	-57.2308		
52	0.151441	750	-0.627897	-57.858697		
53	0.143514	750	-0.611293	-58.46999		
54	0.135841	750	-0.577616	-59.047606		
55	0.12842	750	-0.573313	-59.620919		
56	0.121247	750	-0.561412	-60.182331		
57	0.11432	750	-0.543498	-60.725829		
58	0.107637	750	-0.51994	-61.245769		
59	0.101193	750	-0.532749	-61.778518		
60	0.094986	750	-0.49095	-62.269468		
61	0.089014	750	-0.483457	-62.752925		
62	0.083273	750	-0.468644	-63.221569		
63	0.07776	750	-0.459464	-63.681033		
64	0.072472	750	-0.455259	-64.136292		
65	0.067406	750	-0.434736	-64.571029		
66	0.062558	750	-0.405198	-64.976227		
67	0.057926	750	-0.382307	-65.358534		
68	0.053506	750	-0.386519	-65.745053		
69	0.049295	750	-0.378011	-66.123064		
70	0.045289	750	-0.364569	-66.487633		
71	0.041485	750	-0.33676	-66.824393		
72	0.03788	750	-0.330876	-67.155269		
73	0.034469	750	-0.315296	-67.470565		
74	0.03125	750	-0.293648	-67.764212		
75	0.028218	750	-0.27588	-68.040092		
76	0.02537	750	-0.259958	-68.30005		
77	0.022702	750	-0.24614	-68.54619		
78	0.020209	750	-0.239732	-68.785922		
79	0.017889	750	-0.237084	-69.023007		
80	0.015736	750	-0.221223	-69.24423		
81	0.013746	750	-0.188265	-69.432495		
82	0.011916	750	-0.183808	-69.616302		
83	0.01024	750	-0.166993	-69.783295		
84	0.008714	750	-0.162469	-69.945765		
85	0.007334	750	-0.148804	-70.094569		
86	0.006093	750	-0.134665	-70.229234		
87	0.004988	750	-0.108314	-70.337548		
88	0.004013	750	-0.107502	-70.44505		
89	0.003162	750	-0.08866	-70.53371		
90	0.00243	750	-0.075623	-70.609333		
91	0.00181	750	-0.068275	-70.677608		
92	0.001296	750	-0.062075	-70.739684		
93	0.000882	750	-0.043881	-70.783565		
94	0.000559	750	-0.035949	-70.819514		
95	0.00032	750	-0.027023	-70.846537		
96	0.000156	750	-0.017916	-70.864453		
97	0.000057	750	-0.011117	-70.87557		
98	0.00001	750	-0.004721	-70.880291		
99	0	750	-0.000989	-70.88128		
Log marginal likelihood:	-70.88128					
0	0.975187	750	-1.540324	-1.540324		
1	0.950747	750	-1.531197	-3.071521		
2	0.926679	750	-1.529078	-4.600599		
3	0.90298	750	-1.560533	-6.161132		
4	0.879648	750	-1.543195	-7.704327		
5	0.856682	750	-1.439386	-9.143713		
6	0.834079	750	-1.497199	-10.640912		
7	0.811838	750	-1.503913	-12.144825		
8	0.789957	750	-1.416688	-13.561512		
9	0.768433	750	-1.447094	-15.008607		
10	0.747266	750	-1.479558	-16.488165		
11	0.726452	750	-1.400856	-17.889021		
12	0.705989	750	-1.340378	-19.229399		
13	0.685877	750	-1.3426	-20.571998		
14	0.666112	750	-1.38148	-21.953478		
15	0.646693	750	-1.358577	-23.312055		
16	0.627618	750	-1.328607	-24.640662		
17	0.608884	750	-1.288418	-25.929079		
18	0.59049	750	-1.217337	-27.146416		
19	0.572433	750	-1.218006	-28.364422		
20	0.554712	750	-1.239663	-29.604085		
21	0.537324	750	-1.219186	-30.823271		
22	0.520268	750	-1.179112	-32.002383		
23	0.50354	750	-1.189648	-33.192031		
24	0.487139	750	-1.176705	-34.368736		
25	0.471063	750	-1.114586	-35.483322		
26	0.45531	750	-1.129261	-36.612583		
27	0.439877	750	-1.111491	-37.724074		
28	0.424762	750	-1.085377	-38.809451		
29	0.409963	750	-1.053997	-39.863448		
30	0.395478	750	-1.036226	-40.899674		
31	0.381305	750	-1.008007	-41.907681		
32	0.36744	750	-1.001604	-42.909284		
33	0.353883	750	-0.971688	-43.880972		
34	0.34063	750	-0.960845	-44.841817		
35	0.32768	750	-0.91993	-45.761747		
36	0.31503	750	-0.918872	-46.680619		
37	0.302677	750	-0.882445	-47.563064		
38	0.290619	750	-0.869275	-48.43234		
39	0.278855	750	-0.8578	-49.29014		
40	0.267381	750	-0.845649	-50.135789		
41	0.256195	750	-0.819554	-50.955343		
42	0.245294	750	-0.791131	-51.746474		
43	0.234677	750	-0.79767	-52.544144		
44	0.22434	750	-0.774316	-53.31846		
45	0.214281	750	-0.755766	-54.074226		
46	0.204498	750	-0.738572	-54.812798		
47	0.194988	750	-0.727069	-55.539867		
48	0.185749	750	-0.702202	-56.242069		
49	0.176777	750	-0.686273	-56.928342		
50	0.16807	750	-0.654638	-57.582979		
51	0.159626	750	-0.652283	-58.235262		
52	0.151441	750	-0.633065	-58.868327		
53	0.143514	750	-0.615919	-59.484246		
54	0.135841	750	-0.59719	-60.081436		
55	0.12842	750	-0.587244	-60.66868		
56	0.121247	750	-0.553466	-61.222146		
57	0.11432	750	-0.549122	-61.771269		
58	0.107637	750	-0.529884	-62.301152		
59	0.101193	750	-0.512278	-62.81343		
60	0.094986	750	-0.498206	-63.311636		
61	0.089014	750	-0.499917	-63.811552		
62	0.083273	750	-0.47401	-64.285563		
63	0.07776	750	-0.463197	-64.74876		
64	0.072472	750	-0.442968	-65.191728		
65	0.067406	750	-0.445262	-65.63699		
66	0.062558	750	-0.401891	-66.038881		
67	0.057926	750	-0.390652	-66.429533		
68	0.053506	750	-0.381143	-66.810676		
69	0.049295	750	-0.358366	-67.169042		
70	0.045289	750	-0.369036	-67.538078		
71	0.041485	750	-0.372683	-67.910761		
72	0.03788	750	-0.311582	-68.222344		
73	0.034469	750	-0.342936	-68.565279		
74	0.03125	750	-0.303099	-68.868378		
75	0.028218	750	-0.293968	-69.162346		
76	0.02537	750	-0.249153	-69.4115		
77	0.022702	750	-0.25932	-69.67082		
78	0.020209	750	-0.225963	-69.896783		
79	0.017889	750	-0.232284	-70.129067		
80	0.015736	750	-0.195907	-70.324974		
81	0.013746	750	-0.186929	-70.511903		
82	0.011916	750	-0.17713	-70.689033		
83	0.01024	750	-0.184947	-70.873979		
84	0.008714	750	-0.148305	-71.022284		
85	0.007334	750	-0.138113	-71.160397		
86	0.006093	750	-0.133806	-71.294203		
87	0.004988	750	-0.108796	-71.402999		
88	0.004013	750	-0.101414	-71.504413		
89	0.003162	750	-0.079641	-71.584054		
90	0.00243	750	-0.07646	-71.660513		
91	0.00181	750	-0.06135	-71.721863		
92	0.001296	750	-0.053285	-71.775148		
93	0.000882	750	-0.040782	-71.81593		
94	0.000559	750	-0.032957	-71.848887		
95	0.00032	750	-0.024473	-71.87336		
96	0.000156	750	-0.017804	-71.891164		
97	0.000057	750	-0.01057	-71.901734		
98	0.00001	750	-0.004961	-71.906695		
99	0	750	-0.001054	-71.907749		
Log marginal likelihood:	-71.907749					
0	0.975187	750	-1.499955	-1.499955		
1	0.950747	750	-1.440506	-2.940461		
2	0.926679	750	-1.421726	-4.362187		
3	0.90298	750	-1.414718	-5.776905		
4	0.879648	750	-1.446693	-7.223597		
5	0.856682	750	-1.379048	-8.602645		
6	0.834079	750	-1.317419	-9.920065		
7	0.811838	750	-1.328191	-11.248255		
8	0.789957	750	-1.300403	-12.548658		
9	0.768433	750	-1.324759	-13.873417		
10	0.747266	750	-1.307159	-15.180576		
11	0.726452	750	-1.268422	-16.448998		
12	0.705989	750	-1.236974	-17.685972		
13	0.685877	750	-1.290594	-18.976566		
14	0.666112	750	-1.19924	-20.175806		
15	0.646693	750	-1.214482	-21.390289		
16	0.627618	750	-1.23702	-22.627309		
17	0.608884	750	-1.23285	-23.860159		
18	0.59049	750	-1.227569	-25.087727		
19	0.572433	750	-1.163211	-26.250938		
20	0.554712	750	-1.13107	-27.382008		
21	0.537324	750	-1.128508	-28.510516		
22	0.520268	750	-1.088309	-29.598825		
23	0.50354	750	-1.085308	-30.684133		
24	0.487139	750	-1.066425	-31.750558		
25	0.471063	750	-1.043427	-32.793985		
26	0.45531	750	-1.023146	-33.817132		
27	0.439877	750	-1.050854	-34.867986		
28	0.424762	750	-1.053568	-35.921553		
29	0.409963	750	-0.992601	-36.914154		
30	0.395478	750	-1.020696	-37.934851		
31	0.381305	750	-1.024028	-38.958879		
32	0.36744	750	-0.963616	-39.922494		
33	0.353883	750	-0.908588	-40.831082		
34	0.34063	750	-0.947255	-41.778337		
35	0.32768	750	-0.930798	-42.709135		
36	0.31503	750	-0.915301	-43.624437		
37	0.302677	750	-0.888886	-44.513322		
38	0.290619	750	-0.85287	-45.366192		
39	0.278855	750	-0.805856	-46.172048		
40	0.267381	750	-0.829503	-47.001551		
41	0.256195	750	-0.829365	-47.830917		
42	0.245294	750	-0.802734	-48.633651		
43	0.234677	750	-0.769859	-49.40351		
44	0.22434	750	-0.767001	-50.170511		
45	0.214281	750	-0.724801	-50.895312		
46	0.204498	750	-0.713629	-51.608941		
47	0.194988	750	-0.706214	-52.315155		
48	0.185749	750	-0.717144	-53.032298		
49	0.176777	750	-0.677308	-53.709607		
50	0.16807	750	-0.65912	-54.368727		
51	0.159626	750	-0.640852	-55.009579		
52	0.151441	750	-0.62648	-55.636059		
53	0.143514	750	-0.635476	-56.271535		
54	0.135841	750	-0.59201	-56.863545		
55	0.12842	750	-0.576879	-57.440424		
56	0.121247	750	-0.587992	-58.028416		
57	0.11432	750	-0.536047	-58.564463		
58	0.107637	750	-0.559561	-59.124024		
59	0.101193	750	-0.51833	-59.642354		
60	0.094986	750	-0.500286	-60.14264		
61	0.089014	750	-0.484636	-60.627277		
62	0.083273	750	-0.467557	-61.094834		
63	0.07776	750	-0.455331	-61.550165		
64	0.072472	750	-0.429874	-61.980039		
65	0.067406	750	-0.43373	-62.413769		
66	0.062558	750	-0.437584	-62.851353		
67	0.057926	750	-0.398506	-63.249859		
68	0.053506	750	-0.391558	-63.641417		
69	0.049295	750	-0.381144	-64.022561		
70	0.045289	750	-0.339454	-64.362016		
71	0.041485	750	-0.345949	-64.707965		
72	0.03788	750	-0.325048	-65.033013		
73	0.034469	750	-0.300205	-65.333218		
74	0.03125	750	-0.294926	-65.628144		
75	0.028218	750	-0.305055	-65.9332		
76	0.02537	750	-0.264749	-66.197949		
77	0.022702	750	-0.253698	-66.451647		
78	0.020209	750	-0.226772	-66.678419		
79	0.017889	750	-0.211936	-66.890355		
80	0.015736	750	-0.211153	-67.101508		
81	0.013746	750	-0.201502	-67.30301		
82	0.011916	750	-0.19875	-67.501759		
83	0.01024	750	-0.174447	-67.676207		
84	0.008714	750	-0.154061	-67.830268		
85	0.007334	750	-0.151413	-67.981681		
86	0.006093	750	-0.128833	-68.110514		
87	0.004988	750	-0.111357	-68.221871		
88	0.004013	750	-0.105532	-68.327404		
89	0.003162	750	-0.087804	-68.415207		
90	0.00243	750	-0.08093	-68.496137		
91	0.00181	750	-0.064239	-68.560376		
92	0.001296	750	-0.053441	-68.613817		
93	0.000882	750	-0.045282	-68.659099		
94	0.000559	750	-0.035938	-68.695037		
95	0.00032	750	-0.026277	-68.721314		
96	0.000156	750	-0.018343	-68.739658		
97	0.000057	750	-0.010309	-68.749966		
98	0.00001	750	-0.005111	-68.755077		
99	0	750	-0.001132	-68.756209		
Log marginal likelihood:	-68.756209					
0	0.975187	750	-1.668502	-1.668502		
1	0.950747	750	-1.672474	-3.340976		
2	0.926679	750	-1.596492	-4.937468		
3	0.90298	750	-1.626329	-6.563798		
4	0.879648	750	-1.579233	-8.143031		
5	0.856682	750	-1.584499	-9.72753		
6	0.834079	750	-1.547669	-11.275199		
7	0.811838	750	-1.504575	-12.779774		
8	0.789957	750	-1.494444	-14.274218		
9	0.768433	750	-1.495196	-15.769415		
10	0.747266	750	-1.43188	-17.201295		
11	0.726452	750	-1.431008	-18.632303		
12	0.705989	750	-1.434329	-20.066632		
13	0.685877	750	-1.397161	-21.463793		
14	0.666112	750	-1.391641	-22.855434		
15	0.646693	750	-1.358509	-24.213944		
16	0.627618	750	-1.35294	-25.566883		
17	0.608884	750	-1.296114	-26.862997		
18	0.59049	750	-1.266831	-28.129828		
19	0.572433	750	-1.267137	-29.396965		
20	0.554712	750	-1.22627	-30.623235		
21	0.537324	750	-1.237006	-31.860241		
22	0.520268	750	-1.215048	-33.07529		
23	0.50354	750	-1.196311	-34.271601		
24	0.487139	750	-1.182867	-35.454468		
25	0.471063	750	-1.146331	-36.6008		
26	0.45531	750	-1.0888	-37.6896		
27	0.439877	750	-1.102033	-38.791633		
28	0.424762	750	-1.085051	-39.876684		
29	0.409963	750	-1.070714	-40.947399		
30	0.395478	750	-1.062064	-42.009463		
31	0.381305	750	-1.022503	-43.031966		
32	0.36744	750	-1.024297	-44.056263		
33	0.353883	750	-1.001006	-45.057269		
34	0.34063	750	-0.96557	-46.022839		
35	0.32768	750	-0.958222	-46.981061		
36	0.31503	750	-0.947805	-47.928866		
37	0.302677	750	-0.898354	-48.82722		
38	0.290619	750	-0.892234	-49.719454		
39	0.278855	750	-0.878474	-50.597928		
40	0.267381	750	-0.88068	-51.478609		
41	0.256195	750	-0.855102	-52.33371		
42	0.245294	750	-0.827541	-53.161252		
43	0.234677	750	-0.796148	-53.9574		
44	0.22434	750	-0.794967	-54.752366		
45	0.214281	750	-0.765781	-55.518147		
46	0.204498	750	-0.743896	-56.262043		
47	0.194988	750	-0.728625	-56.990668		
48	0.185749	750	-0.706799	-57.697467		
49	0.176777	750	-0.68434	-58.381807		
50	0.16807	750	-0.67168	-59.053487		
51	0.159626	750	-0.657481	-59.710969		
52	0.151441	750	-0.633202	-60.344171		
53	0.143514	750	-0.635004	-60.979175		
54	0.135841	750	-0.60188	-61.581055		
55	0.12842	750	-0.607517	-62.188572		
56	0.121247	750	-0.571047	-62.759619		
57	0.11432	750	-0.580223	-63.339842		
58	0.107637	750	-0.553195	-63.893036		
59	0.101193	750	-0.518863	-64.4119		
60	0.094986	750	-0.537924	-64.949824		
61	0.089014	750	-0.511775	-65.461599		
62	0.083273	750	-0.48448	-65.946079		
63	0.07776	750	-0.477512	-66.423591		
64	0.072472	750	-0.447295	-66.870886		
65	0.067406	750	-0.454241	-67.325127		
66	0.062558	750	-0.421401	-67.746528		
67	0.057926	750	-0.414543	-68.16107		
68	0.053506	750	-0.384568	-68.545638		
69	0.049295	750	-0.36423	-68.909868		
70	0.045289	750	-0.352328	-69.262197		
71	0.041485	750	-0.363409	-69.625606		
72	0.03788	750	-0.347851	-69.973457		
73	0.034469	750	-0.317173	-70.29063		
74	0.03125	750	-0.293319	-70.583949		
75	0.028218	750	-0.293247	-70.877196		
76	0.02537	750	-0.273285	-71.150481		
77	0.022702	750	-0.262252	-71.412733		
78	0.020209	750	-0.265744	-71.678477		
79	0.017889	750	-0.250017	-71.928494		
80	0.015736	750	-0.21077	-72.139263		
81	0.013746	750	-0.193421	-72.332684		
82	0.011916	750	-0.196844	-72.529529		
83	0.01024	750	-0.156333	-72.685861		
84	0.008714	750	-0.174932	-72.860794		
85	0.007334	750	-0.153814	-73.014608		
86	0.006093	750	-0.123433	-73.138041		
87	0.004988	750	-0.115319	-73.25336		
88	0.004013	750	-0.112971	-73.366331		
89	0.003162	750	-0.089901	-73.456232		
90	0.00243	750	-0.077923	-73.534155		
91	0.00181	750	-0.067943	-73.602097		
92	0.001296	750	-0.054409	-73.656506		
93	0.000882	750	-0.043305	-73.699811		
94	0.000559	750	-0.033958	-73.733769		
95	0.00032	750	-0.024307	-73.758075		
96	0.000156	750	-0.018257	-73.776332		
97	0.000057	750	-0.011079	-73.787411		
98	0.00001	750	-0.004881	-73.792292		
99	0	750	-0.001037	-73.793329		
Log marginal likelihood:	-73.793329					
0	0.975187	750	-1.574682	-1.574682		
1	0.950747	750	-1.58253	-3.157213		
2	0.926679	750	-1.544683	-4.701896		
3	0.90298	750	-1.489032	-6.190928		
4	0.879648	750	-1.548387	-7.739315		
5	0.856682	750	-1.485799	-9.225114		
6	0.834079	750	-1.457966	-10.68308		
7	0.811838	750	-1.418792	-12.101872		
8	0.789957	750	-1.423712	-13.525584		
9	0.768433	750	-1.369755	-14.895339		
10	0.747266	750	-1.373345	-16.268684		
11	0.726452	750	-1.372928	-17.641612		
12	0.705989	750	-1.336552	-18.978164		
13	0.685877	750	-1.344509	-20.322672		
14	0.666112	750	-1.300262	-21.622935		
15	0.646693	750	-1.319727	-22.942662		
16	0.627618	750	-1.275961	-24.218623		
17	0.608884	750	-1.282165	-25.500788		
18	0.59049	750	-1.227912	-26.7287		
19	0.572433	750	-1.231037	-27.959737		
20	0.554712	750	-1.212291	-29.172028		
21	0.537324	750	-1.173445	-30.345473		
22	0.520268	750	-1.165977	-31.51145		
23	0.50354	750	-1.133277	-32.644727		
24	0.487139	750	-1.166933	-33.81166		
25	0.471063	750	-1.108801	-34.920461		
26	0.45531	750	-1.09834	-36.018801		
27	0.439877	750	-1.055717	-37.074518		
28	0.424762	750	-1.027766	-38.102285		
29	0.409963	750	-1.020869	-39.123153		
30	0.395478	750	-1.033135	-40.156289		
31	0.381305	750	-1.031697	-41.187986		
32	0.36744	750	-1.001398	-42.189384		
33	0.353883	750	-0.965212	-43.154596		
34	0.34063	750	-0.924319	-44.078916		
35	0.32768	750	-0.949592	-45.028508		
36	0.31503	750	-0.90452	-45.933028		
37	0.302677	750	-0.894304	-46.827332		
38	0.290619	750	-0.886266	-47.713598		
39	0.278855	750	-0.862831	-48.576428		
40	0.267381	750	-0.827528	-49.403956		
41	0.256195	750	-0.832784	-50.23674		
42	0.245294	750	-0.798382	-51.035122		
43	0.234677	750	-0.783675	-51.818797		
44	0.22434	750	-0.760631	-52.579428		
45	0.214281	750	-0.760329	-53.339757		
46	0.204498	750	-0.744507	-54.084264		
47	0.194988	750	-0.730429	-54.814693		
48	0.185749	750	-0.69747	-55.512162		
49	0.176777	750	-0.665997	-56.178159		
50	0.16807	750	-0.646927	-56.825087		
51	0.159626	750	-0.647097	-57.472184		
52	0.151441	750	-0.645034	-58.117218		
53	0.143514	750	-0.612815	-58.730033		
54	0.135841	750	-0.60306	-59.333093		
55	0.12842	750	-0.58406	-59.917153		
56	0.121247	750	-0.585309	-60.502462		
57	0.11432	750	-0.526549	-61.029011		
58	0.107637	750	-0.538607	-61.567617		
59	0.101193	750	-0.532064	-62.099681		
60	0.094986	750	-0.493777	-62.593458		
61	0.089014	750	-0.488172	-63.081631		
62	0.083273	750	-0.462096	-63.543727		
63	0.07776	750	-0.447441	-63.991168		
64	0.072472	750	-0.462566	-64.453734		
65	0.067406	750	-0.45779	-64.911524		
66	0.062558	750	-0.414301	-65.325825		
67	0.057926	750	-0.389428	-65.715253		
68	0.053506	750	-0.397718	-66.112972		
69	0.049295	750	-0.369422	-66.482394		
70	0.045289	750	-0.357426	-66.83982		
71	0.041485	750	-0.353348	-67.193168		
72	0.03788	750	-0.328138	-67.521306		
73	0.034469	750	-0.312841	-67.834147		
74	0.03125	750	-0.301814	-68.135961		
75	0.028218	750	-0.281072	-68.417033		
76	0.02537	750	-0.256542	-68.673575		
77	0.022702	750	-0.260523	-68.934097		
78	0.020209	750	-0.249722	-69.183819		
79	0.017889	750	-0.233453	-69.417272		
80	0.015736	750	-0.215802	-69.633075		
81	0.013746	750	-0.20198	-69.835055		
82	0.011916	750	-0.183802	-70.018857		
83	0.01024	750	-0.166682	-70.185539		
84	0.008714	750	-0.140977	-70.326516		
85	0.007334	750	-0.133231	-70.459747		
86	0.006093	750	-0.129684	-70.589431		
87	0.004988	750	-0.123088	-70.712518		
88	0.004013	750	-0.10859	-70.821108		
89	0.003162	750	-0.092211	-70.913319		
90	0.00243	750	-0.081579	-70.994897		
91	0.00181	750	-0.068379	-71.063277		
92	0.001296	750	-0.052664	-71.115941		
93	0.000882	750	-0.044804	-71.160745		
94	0.000559	750	-0.035371	-71.196116		
95	0.00032	750	-0.0269	-71.223016		
96	0.000156	750	-0.018414	-71.24143		
97	0.000057	750	-0.011545	-71.252975		
98	0.00001	750	-0.00497	-71.257945		
99	0	750	-0.001035	-71.25898		
Log marginal likelihood:	-71.25898					
0	0.975187	750	-1.831793	-1.831793		
1	0.950747	750	-1.743945	-3.575738		
2	0.926679	750	-1.767034	-5.342772		
3	0.90298	750	-1.750262	-7.093034		
4	0.879648	750	-1.696939	-8.789972		
5	0.856682	750	-1.707614	-10.497586		
6	0.834079	750	-1.699549	-12.197135		
7	0.811838	750	-1.645097	-13.842233		
8	0.789957	750	-1.622785	-15.465018		
9	0.768433	750	-1.593708	-17.058726		
10	0.747266	750	-1.561261	-18.619987		
11	0.726452	750	-1.553776	-20.173764		
12	0.705989	750	-1.538287	-21.712051		
13	0.685877	750	-1.502301	-23.214351		
14	0.666112	750	-1.484574	-24.698926		
15	0.646693	750	-1.412467	-26.111392		
16	0.627618	750	-1.430438	-27.54183		
17	0.608884	750	-1.399505	-28.941336		
18	0.59049	750	-1.371321	-30.312657		
19	0.572433	750	-1.368866	-31.681522		
20	0.554712	750	-1.328123	-33.009645		
21	0.537324	750	-1.32116	-34.330805		
22	0.520268	750	-1.28077	-35.611575		
23	0.50354	750	-1.283332	-36.894907		
24	0.487139	750	-1.237188	-38.132094		
25	0.471063	750	-1.223572	-39.355666		
26	0.45531	750	-1.200566	-40.556232		
27	0.439877	750	-1.178224	-41.734456		
28	0.424762	750	-1.151986	-42.886442		
29	0.409963	750	-1.136673	-44.023114		
30	0.395478	750	-1.116032	-45.139146		
31	0.381305	750	-1.086109	-46.225255		
32	0.36744	750	-1.039838	-47.265093		
33	0.353883	750	-1.041892	-48.306985		
34	0.34063	750	-1.024426	-49.331411		
35	0.32768	750	-1.009109	-50.34052		
36	0.31503	750	-0.978819	-51.319339		
37	0.302677	750	-0.978699	-52.298039		
38	0.290619	750	-0.941406	-53.239445		
39	0.278855	750	-0.913416	-54.152861		
40	0.267381	750	-0.89562	-55.048481		
41	0.256195	750	-0.879533	-55.928015		
42	0.245294	750	-0.868019	-56.796034		
43	0.234677	750	-0.8389	-57.634934		
44	0.22434	750	-0.817671	-58.452605		
45	0.214281	750	-0.811811	-59.264416		
46	0.204498	750	-0.781011	-60.045427		
47	0.194988	750	-0.782983	-60.82841		
48	0.185749	750	-0.757463	-61.585872		
49	0.176777	750	-0.713338	-62.299211		
50	0.16807	750	-0.699115	-62.998326		
51	0.159626	750	-0.691601	-63.689927		
52	0.151441	750	-0.682603	-64.37253		
53	0.143514	750	-0.650725	-65.023255		
54	0.135841	750	-0.639497	-65.662752		
55	0.12842	750	-0.624949	-66.287701		
56	0.121247	750	-0.602578	-66.890279		
57	0.11432	750	-0.583437	-67.473716		
58	0.107637	750	-0.560216	-68.033932		
59	0.101193	750	-0.535563	-68.569495		
60	0.094986	750	-0.543475	-69.11297		
61	0.089014	750	-0.506604	-69.619573		
62	0.083273	750	-0.498216	-70.11779		
63	0.07776	750	-0.474821	-70.592611		
64	0.072472	750	-0.469963	-71.062574		
65	0.067406	750	-0.431998	-71.494573		
66	0.062558	750	-0.436123	-71.930696		
67	0.057926	750	-0.403007	-72.333703		
68	0.053506	750	-0.416563	-72.750267		
69	0.049295	750	-0.392406	-73.142673		
70	0.045289	750	-0.380782	-73.523454		
71	0.041485	750	-0.370132	-73.893587		
72	0.03788	750	-0.331821	-74.225407		
73	0.034469	750	-0.328982	-74.55439		
74	0.03125	750	-0.322134	-74.876524		
75	0.028218	750	-0.298092	-75.174616		
76	0.02537	750	-0.284813	-75.459429		
77	0.022702	750	-0.273563	-75.732992		
78	0.020209	750	-0.244843	-75.977835		
79	0.017889	750	-0.236809	-76.214645		
80	0.015736	750	-0.233295	-76.44794		
81	0.013746	750	-0.209243	-76.657183		
82	0.011916	750	-0.190174	-76.847358		
83	0.01024	750	-0.175451	-77.022809		
84	0.008714	750	-0.171173	-77.193982		
85	0.007334	750	-0.156293	-77.350275		
86	0.006093	750	-0.140319	-77.490594		
87	0.004988	750	-0.120403	-77.610997		
88	0.004013	750	-0.111387	-77.722384		
89	0.003162	750	-0.096148	-77.818532		
90	0.00243	750	-0.075612	-77.894144		
91	0.00181	750	-0.070153	-77.964297		
92	0.001296	750	-0.057612	-78.02191		
93	0.000882	750	-0.046548	-78.068458		
94	0.000559	750	-0.034401	-78.102859		
95	0.00032	750	-0.026897	-78.129756		
96	0.000156	750	-0.01927	-78.149027		
97	0.000057	750	-0.011229	-78.160256		
98	0.00001	750	-0.005358	-78.165614		
99	0	750	-0.001149	-78.166762		
Log marginal likelihood:	-78.166762					
0	0.975187	750	-1.660294	-1.660294		
1	0.950747	750	-1.625961	-3.286255		
2	0.926679	750	-1.593393	-4.879648		
3	0.90298	750	-1.610216	-6.489864		
4	0.879648	750	-1.55087	-8.040734		
5	0.856682	750	-1.500721	-9.541455		
6	0.834079	750	-1.483869	-11.025324		
7	0.811838	750	-1.505387	-12.530711		
8	0.789957	750	-1.493772	-14.024483		
9	0.768433	750	-1.434098	-15.458581		
10	0.747266	750	-1.509308	-16.967889		
11	0.726452	750	-1.448877	-18.416766		
12	0.705989	750	-1.441342	-19.858108		
13	0.685877	750	-1.342851	-21.200959		
14	0.666112	750	-1.384235	-22.585194		
15	0.646693	750	-1.359927	-23.945121		
16	0.627618	750	-1.324921	-25.270042		
17	0.608884	750	-1.245025	-26.515067		
18	0.59049	750	-1.264826	-27.779893		
19	0.572433	750	-1.263885	-29.043778		
20	0.554712	750	-1.259762	-30.303541		
21	0.537324	750	-1.290631	-31.594171		
22	0.520268	750	-1.233724	-32.827895		
23	0.50354	750	-1.189532	-34.017427		
24	0.487139	750	-1.123833	-35.14126		
25	0.471063	750	-1.156617	-36.297877		
26	0.45531	750	-1.13296	-37.430837		
27	0.439877	750	-1.101389	-38.532226		
28	0.424762	750	-1.085916	-39.618142		
29	0.409963	750	-1.086986	-40.705128		
30	0.395478	750	-1.082147	-41.787275		
31	0.381305	750	-1.047102	-42.834377		
32	0.36744	750	-1.013262	-43.847639		
33	0.353883	750	-1.001183	-44.848821		
34	0.34063	750	-0.986403	-45.835224		
35	0.32768	750	-0.945055	-46.780279		
36	0.31503	750	-0.919539	-47.699818		
37	0.302677	750	-0.923892	-48.62371		
38	0.290619	750	-0.909146	-49.532856		
39	0.278855	750	-0.896968	-50.429824		
40	0.267381	750	-0.850188	-51.280012		
41	0.256195	750	-0.848212	-52.128224		
42	0.245294	750	-0.83906	-52.967283		
43	0.234677	750	-0.806754	-53.774038		
44	0.22434	750	-0.795372	-54.56941		
45	0.214281	750	-0.77547	-55.34488		
46	0.204498	750	-0.751697	-56.096576		
47	0.194988	750	-0.731687	-56.828264		
48	0.185749	750	-0.717703	-57.545967		
49	0.176777	750	-0.700539	-58.246506		
50	0.16807	750	-0.693046	-58.939552		
51	0.159626	750	-0.680238	-59.61979		
52	0.151441	750	-0.630488	-60.250279		
53	0.143514	750	-0.623673	-60.873952		
54	0.135841	750	-0.604303	-61.478255		
55	0.12842	750	-0.603423	-62.081678		
56	0.121247	750	-0.574449	-62.656127		
57	0.11432	750	-0.568623	-63.22475		
58	0.107637	750	-0.549116	-63.773865		
59	0.101193	750	-0.530702	-64.304568		
60	0.094986	750	-0.509673	-64.814241		
61	0.089014	750	-0.498341	-65.312582		
62	0.083273	750	-0.474125	-65.786706		
63	0.07776	750	-0.479338	-66.266044		
64	0.072472	750	-0.458839	-66.724884		
65	0.067406	750	-0.418432	-67.143316		
66	0.062558	750	-0.426284	-67.5696		
67	0.057926	750	-0.410939	-67.980539		
68	0.053506	750	-0.393694	-68.374233		
69	0.049295	750	-0.380867	-68.7551		
70	0.045289	750	-0.368088	-69.123188		
71	0.041485	750	-0.367499	-69.490686		
72	0.03788	750	-0.349328	-69.840014		
73	0.034469	750	-0.303383	-70.143397		
74	0.03125	750	-0.322647	-70.466045		
75	0.028218	750	-0.297576	-70.763621		
76	0.02537	750	-0.255522	-71.019143		
77	0.022702	750	-0.282959	-71.302102		
78	0.020209	750	-0.228817	-71.530919		
79	0.017889	750	-0.230181	-71.7611		
80	0.015736	750	-0.210577	-71.971677		
81	0.013746	750	-0.206295	-72.177971		
82	0.011916	750	-0.188371	-72.366342		
83	0.01024	750	-0.17505	-72.541392		
84	0.008714	750	-0.156369	-72.697761		
85	0.007334	750	-0.165677	-72.863438		
86	0.006093	750	-0.136553	-72.999991		
87	0.004988	750	-0.108274	-73.108265		
88	0.004013	750	-0.10415	-73.212415		
89	0.003162	750	-0.095742	-73.308157		
90	0.00243	750	-0.075223	-73.38338		
91	0.00181	750	-0.06389	-73.447269		
92	0.001296	750	-0.054822	-73.502091		
93	0.000882	750	-0.044083	-73.546174		
94	0.000559	750	-0.035417	-73.581592		
95	0.00032	750	-0.027735	-73.609326		
96	0.000156	750	-0.018123	-73.62745		
97	0.000057	750	-0.012123	-73.639572		
98	0.00001	750	-0.004965	-73.644537		
99	0	750	-0.001088	-73.645626		
Log marginal likelihood:	-73.645626					
0	0.975187	750	-1.611797	-1.611797		
1	0.950747	750	-1.604232	-3.216029		
2	0.926679	750	-1.603093	-4.819122		
3	0.90298	750	-1.569974	-6.389096		
4	0.879648	750	-1.560337	-7.949433		
5	0.856682	750	-1.514413	-9.463846		
6	0.834079	750	-1.508393	-10.972239		
7	0.811838	750	-1.497442	-12.46968		
8	0.789957	750	-1.474003	-13.943683		
9	0.768433	750	-1.458761	-15.402444		
10	0.747266	750	-1.412025	-16.814469		
11	0.726452	750	-1.349817	-18.164286		
12	0.705989	750	-1.391333	-19.55562		
13	0.685877	750	-1.358592	-20.914212		
14	0.666112	750	-1.351259	-22.26547		
15	0.646693	750	-1.379351	-23.644821		
16	0.627618	750	-1.314763	-24.959584		
17	0.608884	750	-1.299579	-26.259163		
18	0.59049	750	-1.274896	-27.534059		
19	0.572433	750	-1.257188	-28.791247		
20	0.554712	750	-1.22026	-30.011508		
21	0.537324	750	-1.215512	-31.227019		
22	0.520268	750	-1.177917	-32.404936		
23	0.50354	750	-1.164656	-33.569592		
24	0.487139	750	-1.141319	-34.710911		
25	0.471063	750	-1.137132	-35.848043		
26	0.45531	750	-1.145615	-36.993658		
27	0.439877	750	-1.093994	-38.087652		
28	0.424762	750	-1.107567	-39.195219		
29	0.409963	750	-1.068913	-40.264133		
30	0.395478	750	-1.028071	-41.292204		
31	0.381305	750	-1.049554	-42.341758		
32	0.36744	750	-1.02286	-43.364618		
33	0.353883	750	-1.008925	-44.373543		
34	0.34063	750	-0.975545	-45.349088		
35	0.32768	750	-0.947713	-46.296801		
36	0.31503	750	-0.946075	-47.242876		
37	0.302677	750	-0.875378	-48.118254		
38	0.290619	750	-0.902982	-49.021236		
39	0.278855	750	-0.878276	-49.899512		
40	0.267381	750	-0.865793	-50.765306		
41	0.256195	750	-0.811922	-51.577228		
42	0.245294	750	-0.805158	-52.382386		
43	0.234677	750	-0.812199	-53.194585		
44	0.22434	750	-0.779634	-53.974219		
45	0.214281	750	-0.770904	-54.745123		
46	0.204498	750	-0.74752	-55.492644		
47	0.194988	750	-0.712093	-56.204737		
48	0.185749	750	-0.713789	-56.918526		
49	0.176777	750	-0.677407	-57.595933		
50	0.16807	750	-0.695154	-58.291087		
51	0.159626	750	-0.660872	-58.951958		
52	0.151441	750	-0.636328	-59.588287		
53	0.143514	750	-0.616001	-60.204287		
54	0.135841	750	-0.604127	-60.808415		
55	0.12842	750	-0.594306	-61.402721		
56	0.121247	750	-0.58171	-61.984431		
57	0.11432	750	-0.555301	-62.539732		
58	0.107637	750	-0.540455	-63.080187		
59	0.101193	750	-0.529074	-63.609261		
60	0.094986	750	-0.508171	-64.117432		
61	0.089014	750	-0.495267	-64.612699		
62	0.083273	750	-0.476797	-65.089496		
63	0.07776	750	-0.459525	-65.549021		
64	0.072472	750	-0.441259	-65.99028		
65	0.067406	750	-0.428938	-66.419218		
66	0.062558	750	-0.421144	-66.840362		
67	0.057926	750	-0.40164	-67.242002		
68	0.053506	750	-0.383252	-67.625253		
69	0.049295	750	-0.362306	-67.987559		
70	0.045289	750	-0.362054	-68.349614		
71	0.041485	750	-0.360242	-68.709856		
72	0.03788	750	-0.328319	-69.038174		
73	0.034469	750	-0.315286	-69.35346		
74	0.03125	750	-0.292096	-69.645556		
75	0.028218	750	-0.285985	-69.931542		
76	0.02537	750	-0.265484	-70.197026		
77	0.022702	750	-0.260864	-70.45789		
78	0.020209	750	-0.236109	-70.693999		
79	0.017889	750	-0.246126	-70.940126		
80	0.015736	750	-0.213994	-71.15412		
81	0.013746	750	-0.208571	-71.362691		
82	0.011916	750	-0.193462	-71.556152		
83	0.01024	750	-0.161202	-71.717355		
84	0.008714	750	-0.149756	-71.86711		
85	0.007334	750	-0.145607	-72.012718		
86	0.006093	750	-0.137231	-72.149949		
87	0.004988	750	-0.118288	-72.268236		
88	0.004013	750	-0.105897	-72.374133		
89	0.003162	750	-0.098506	-72.47264		
90	0.00243	750	-0.079601	-72.552241		
91	0.00181	750	-0.068274	-72.620515		
92	0.001296	750	-0.056667	-72.677181		
93	0.000882	750	-0.043317	-72.720499		
94	0.000559	750	-0.033613	-72.754112		
95	0.00032	750	-0.028598	-72.782709		
96	0.000156	750	-0.017546	-72.800255		
97	0.000057	750	-0.011814	-72.812069		
98	0.00001	750	-0.005593	-72.817662		
99	0	750	-0.001139	-72.818801		
Log marginal likelihood:	-72.818801					
0	0.975187	750	-1.85871	-1.85871		
1	0.950747	750	-1.711797	-3.570507		
2	0.926679	750	-1.73385	-5.304357		
3	0.90298	750	-1.741026	-7.045383		
4	0.879648	750	-1.685915	-8.731298		
5	0.856682	750	-1.700998	-10.432296		
6	0.834079	750	-1.709204	-12.141499		
7	0.811838	750	-1.663103	-13.804602		
8	0.789957	750	-1.602153	-15.406756		
9	0.768433	750	-1.608279	-17.015035		
10	0.747266	750	-1.577032	-18.592067		
11	0.726452	750	-1.579659	-20.171726		
12	0.705989	750	-1.540824	-21.71255		
13	0.685877	750	-1.479271	-23.191821		
14	0.666112	750	-1.460117	-24.651937		
15	0.646693	750	-1.450541	-26.102478		
16	0.627618	750	-1.413818	-27.516296		
17	0.608884	750	-1.390031	-28.906327		
18	0.59049	750	-1.40861	-30.314937		
19	0.572433	750	-1.351971	-31.666909		
20	0.554712	750	-1.348689	-33.015597		
21	0.537324	750	-1.310482	-34.32608		
22	0.520268	750	-1.298455	-35.624535		
23	0.50354	750	-1.28667	-36.911205		
24	0.487139	750	-1.255356	-38.166561		
25	0.471063	750	-1.224688	-39.391249		
26	0.45531	750	-1.208148	-40.599397		
27	0.439877	750	-1.182874	-41.78227		
28	0.424762	750	-1.155063	-42.937333		
29	0.409963	750	-1.140646	-44.07798		
30	0.395478	750	-1.115214	-45.193194		
31	0.381305	750	-1.088351	-46.281545		
32	0.36744	750	-1.083543	-47.365089		
33	0.353883	750	-1.051744	-48.416833		
34	0.34063	750	-1.028623	-49.445456		
35	0.32768	750	-1.007383	-50.452839		
36	0.31503	750	-0.986279	-51.439119		
37	0.302677	750	-0.961101	-52.40022		
38	0.290619	750	-0.948893	-53.349113		
39	0.278855	750	-0.920538	-54.269651		
40	0.267381	750	-0.911116	-55.180767		
41	0.256195	750	-0.897389	-56.078157		
42	0.245294	750	-0.867521	-56.945677		
43	0.234677	750	-0.840601	-57.786278		
44	0.22434	750	-0.818361	-58.604639		
45	0.214281	750	-0.805176	-59.409815		
46	0.204498	750	-0.803049	-60.212864		
47	0.194988	750	-0.778102	-60.990967		
48	0.185749	750	-0.74596	-61.736926		
49	0.176777	750	-0.716667	-62.453593		
50	0.16807	750	-0.709061	-63.162654		
51	0.159626	750	-0.676411	-63.839066		
52	0.151441	750	-0.656825	-64.495891		
53	0.143514	750	-0.658783	-65.154674		
54	0.135841	750	-0.636139	-65.790812		
55	0.12842	750	-0.630207	-66.421019		
56	0.121247	750	-0.597529	-67.018547		
57	0.11432	750	-0.579563	-67.59811		
58	0.107637	750	-0.576132	-68.174241		
59	0.101193	750	-0.558436	-68.732678		
60	0.094986	750	-0.538383	-69.271061		
61	0.089014	750	-0.533937	-69.804998		
62	0.083273	750	-0.479659	-70.284657		
63	0.07776	750	-0.488013	-70.77267		
64	0.072472	750	-0.475138	-71.247808		
65	0.067406	750	-0.466221	-71.714029		
66	0.062558	750	-0.439578	-72.153606		
67	0.057926	750	-0.419726	-72.573332		
68	0.053506	750	-0.421201	-72.994534		
69	0.049295	750	-0.413123	-73.407657		
70	0.045289	750	-0.370274	-73.777931		
71	0.041485	750	-0.345613	-74.123544		
72	0.03788	750	-0.338842	-74.462387		
73	0.034469	750	-0.324456	-74.786842		
74	0.03125	750	-0.306866	-75.093709		
75	0.028218	750	-0.283238	-75.376947		
76	0.02537	750	-0.293139	-75.670086		
77	0.022702	750	-0.263013	-75.933099		
78	0.020209	750	-0.245226	-76.178324		
79	0.017889	750	-0.254329	-76.432653		
80	0.015736	750	-0.229013	-76.661667		
81	0.013746	750	-0.197798	-76.859464		
82	0.011916	750	-0.184507	-77.043972		
83	0.01024	750	-0.183699	-77.227671		
84	0.008714	750	-0.153154	-77.380826		
85	0.007334	750	-0.142285	-77.52311		
86	0.006093	750	-0.139116	-77.662226		
87	0.004988	750	-0.110711	-77.772937		
88	0.004013	750	-0.102949	-77.875886		
89	0.003162	750	-0.092112	-77.967998		
90	0.00243	750	-0.081392	-78.04939		
91	0.00181	750	-0.062735	-78.112125		
92	0.001296	750	-0.060861	-78.172986		
93	0.000882	750	-0.043617	-78.216604		
94	0.000559	750	-0.0397	-78.256304		
95	0.00032	750	-0.024829	-78.281132		
96	0.000156	750	-0.019223	-78.300355		
97	0.000057	750	-0.011825	-78.31218		
98	0.00001	750	-0.004966	-78.317146		
99	0	750	-0.001087	-78.318233		
Log marginal likelihood:	-78.318233					
0	0.975187	750	-1.664045	-1.664045		
1	0.950747	750	-1.637012	-3.301057		
2	0.926679	750	-1.621921	-4.922978		
3	0.90298	750	-1.606739	-6.529717		
4	0.879648	750	-1.683914	-8.213631		
5	0.856682	750	-1.52062	-9.734251		
6	0.834079	750	-1.61312	-11.347372		
7	0.811838	750	-1.504143	-12.851515		
8	0.789957	750	-1.512498	-14.364013		
9	0.768433	750	-1.513994	-15.878007		
10	0.747266	750	-1.467397	-17.345404		
11	0.726452	750	-1.453809	-18.799213		
12	0.705989	750	-1.457639	-20.256852		
13	0.685877	750	-1.427846	-21.684699		
14	0.666112	750	-1.343626	-23.028325		
15	0.646693	750	-1.41554	-24.443865		
16	0.627618	750	-1.363741	-25.807607		
17	0.608884	750	-1.298265	-27.105871		
18	0.59049	750	-1.345141	-28.451012		
19	0.572433	750	-1.295673	-29.746685		
20	0.554712	750	-1.265684	-31.012369		
21	0.537324	750	-1.262156	-32.274524		
22	0.520268	750	-1.233946	-33.508471		
23	0.50354	750	-1.232359	-34.74083		
24	0.487139	750	-1.20401	-35.94484		
25	0.471063	750	-1.178008	-37.122848		
26	0.45531	750	-1.159419	-38.282267		
27	0.439877	750	-1.166709	-39.448976		
28	0.424762	750	-1.12894	-40.577916		
29	0.409963	750	-1.104547	-41.682463		
30	0.395478	750	-1.054337	-42.7368		
31	0.381305	750	-1.028413	-43.765213		
32	0.36744	750	-1.035374	-44.800587		
33	0.353883	750	-0.982232	-45.782818		
34	0.34063	750	-0.986735	-46.769554		
35	0.32768	750	-0.982306	-47.75186		
36	0.31503	750	-0.960386	-48.712246		
37	0.302677	750	-0.927164	-49.63941		
38	0.290619	750	-0.919856	-50.559266		
39	0.278855	750	-0.901574	-51.46084		
40	0.267381	750	-0.878537	-52.339377		
41	0.256195	750	-0.852031	-53.191408		
42	0.245294	750	-0.839803	-54.031211		
43	0.234677	750	-0.823279	-54.85449		
44	0.22434	750	-0.785942	-55.640432		
45	0.214281	750	-0.774088	-56.41452		
46	0.204498	750	-0.748647	-57.163167		
47	0.194988	750	-0.736465	-57.899632		
48	0.185749	750	-0.736085	-58.635717		
49	0.176777	750	-0.709868	-59.345585		
50	0.16807	750	-0.693538	-60.039123		
51	0.159626	750	-0.67114	-60.710262		
52	0.151441	750	-0.65488	-61.365142		
53	0.143514	750	-0.662602	-62.027744		
54	0.135841	750	-0.628089	-62.655833		
55	0.12842	750	-0.595269	-63.251103		
56	0.121247	750	-0.578205	-63.829307		
57	0.11432	750	-0.594501	-64.423808		
58	0.107637	750	-0.538218	-64.962026		
59	0.101193	750	-0.540903	-65.502929		
60	0.094986	750	-0.515807	-66.018736		
61	0.089014	750	-0.510053	-66.528789		
62	0.083273	750	-0.474753	-67.003542		
63	0.07776	750	-0.486997	-67.49054		
64	0.072472	750	-0.467121	-67.95766		
65	0.067406	750	-0.437588	-68.395248		
66	0.062558	750	-0.424683	-68.81993		
67	0.057926	750	-0.433769	-69.253699		
68	0.053506	750	-0.381431	-69.63513		
69	0.049295	750	-0.393447	-70.028577		
70	0.045289	750	-0.361312	-70.389889		
71	0.041485	750	-0.336615	-70.726504		
72	0.03788	750	-0.352983	-71.079487		
73	0.034469	750	-0.323551	-71.403039		
74	0.03125	750	-0.30784	-71.710879		
75	0.028218	750	-0.297766	-72.008644		
76	0.02537	750	-0.286669	-72.295314		
77	0.022702	750	-0.265715	-72.561029		
78	0.020209	750	-0.244431	-72.80546		
79	0.017889	750	-0.23323	-73.038691		
80	0.015736	750	-0.220496	-73.259187		
81	0.013746	750	-0.206487	-73.465674		
82	0.011916	750	-0.204712	-73.670386		
83	0.01024	750	-0.178293	-73.848679		
84	0.008714	750	-0.160597	-74.009276		
85	0.007334	750	-0.154894	-74.16417		
86	0.006093	750	-0.118608	-74.282778		
87	0.004988	750	-0.114546	-74.397324		
88	0.004013	750	-0.104055	-74.501379		
89	0.003162	750	-0.089087	-74.590466		
90	0.00243	750	-0.076587	-74.667052		
91	0.00181	750	-0.073273	-74.740326		
92	0.001296	750	-0.05581	-74.796136		
93	0.000882	750	-0.044354	-74.84049		
94	0.000559	750	-0.036483	-74.876974		
95	0.00032	750	-0.02626	-74.903233		
96	0.000156	750	-0.017311	-74.920544		
97	0.000057	750	-0.010386	-74.93093		
98	0.00001	750	-0.005108	-74.936038		
99	0	750	-0.00099	-74.937028		
Log marginal likelihood:	-74.937028					
0	0.975187	750	-1.512916	-1.512916		
1	0.950747	750	-1.4993	-3.012216		
2	0.926679	750	-1.496293	-4.508509		
3	0.90298	750	-1.491099	-5.999608		
4	0.879648	750	-1.425746	-7.425354		
5	0.856682	750	-1.423493	-8.848847		
6	0.834079	750	-1.412389	-10.261236		
7	0.811838	750	-1.419523	-11.680759		
8	0.789957	750	-1.386058	-13.066817		
9	0.768433	750	-1.362024	-14.428842		
10	0.747266	750	-1.477703	-15.906544		
11	0.726452	750	-1.360327	-17.266872		
12	0.705989	750	-1.294545	-18.561417		
13	0.685877	750	-1.278229	-19.839646		
14	0.666112	750	-1.341208	-21.180854		
15	0.646693	750	-1.251143	-22.431997		
16	0.627618	750	-1.267321	-23.699318		
17	0.608884	750	-1.263349	-24.962667		
18	0.59049	750	-1.189909	-26.152576		
19	0.572433	750	-1.242291	-27.394867		
20	0.554712	750	-1.183368	-28.578235		
21	0.537324	750	-1.144265	-29.7225		
22	0.520268	750	-1.106091	-30.828591		
23	0.50354	750	-1.124021	-31.952612		
24	0.487139	750	-1.117375	-33.069987		
25	0.471063	750	-1.066755	-34.136742		
26	0.45531	750	-1.101461	-35.238203		
27	0.439877	750	-1.099015	-36.337217		
28	0.424762	750	-1.04583	-37.383047		
29	0.409963	750	-1.052911	-38.435958		
30	0.395478	750	-0.992636	-39.428594		
31	0.381305	750	-1.008408	-40.437002		
32	0.36744	750	-0.988057	-41.425059		
33	0.353883	750	-0.948178	-42.373237		
34	0.34063	750	-0.929852	-43.303088		
35	0.32768	750	-0.932962	-44.23605		
36	0.31503	750	-0.857013	-45.093064		
37	0.302677	750	-0.869695	-45.962759		
38	0.290619	750	-0.890096	-46.852855		
39	0.278855	750	-0.855904	-47.708759		
40	0.267381	750	-0.8425	-48.551259		
41	0.256195	750	-0.775121	-49.32638		
42	0.245294	750	-0.797387	-50.123767		
43	0.234677	750	-0.787578	-50.911345		
44	0.22434	750	-0.7838	-51.695146		
45	0.214281	750	-0.765033	-52.460179		
46	0.204498	750	-0.745426	-53.205605		
47	0.194988	750	-0.704109	-53.909713		
48	0.185749	750	-0.696362	-54.606075		
49	0.176777	750	-0.678018	-55.284093		
50	0.16807	750	-0.653369	-55.937462		
51	0.159626	750	-0.644319	-56.581781		
52	0.151441	750	-0.650283	-57.232065		
53	0.143514	750	-0.609323	-57.841388		
54	0.135841	750	-0.588614	-58.430002		
55	0.12842	750	-0.601293	-59.031294		
56	0.121247	750	-0.594091	-59.625385		
57	0.11432	750	-0.5622	-60.187585		
58	0.107637	750	-0.540995	-60.728581		
59	0.101193	750	-0.495472	-61.224053		
60	0.094986	750	-0.495062	-61.719114		
61	0.089014	750	-0.493571	-62.212685		
62	0.083273	750	-0.485225	-62.69791		
63	0.07776	750	-0.464044	-63.161954		
64	0.072472	750	-0.447037	-63.608991		
65	0.067406	750	-0.41708	-64.026071		
66	0.062558	750	-0.397216	-64.423287		
67	0.057926	750	-0.397848	-64.821135		
68	0.053506	750	-0.390412	-65.211547		
69	0.049295	750	-0.360956	-65.572503		
70	0.045289	750	-0.336826	-65.909329		
71	0.041485	750	-0.351155	-66.260484		
72	0.03788	750	-0.320756	-66.58124		
73	0.034469	750	-0.310005	-66.891245		
74	0.03125	750	-0.28147	-67.172716		
75	0.028218	750	-0.275594	-67.448309		
76	0.02537	750	-0.265597	-67.713906		
77	0.022702	750	-0.259259	-67.973166		
78	0.020209	750	-0.254899	-68.228065		
79	0.017889	750	-0.23366	-68.461725		
80	0.015736	750	-0.1979	-68.659624		
81	0.013746	750	-0.199669	-68.859294		
82	0.011916	750	-0.18903	-69.048324		
83	0.01024	750	-0.157054	-69.205378		
84	0.008714	750	-0.156662	-69.36204		
85	0.007334	750	-0.149131	-69.511172		
86	0.006093	750	-0.1232	-69.634372		
87	0.004988	750	-0.112313	-69.746685		
88	0.004013	750	-0.100704	-69.847389		
89	0.003162	750	-0.098315	-69.945704		
90	0.00243	750	-0.077381	-70.023085		
91	0.00181	750	-0.069068	-70.092153		
92	0.001296	750	-0.054132	-70.146285		
93	0.000882	750	-0.043018	-70.189303		
94	0.000559	750	-0.0349	-70.224202		
95	0.00032	750	-0.023639	-70.247841		
96	0.000156	750	-0.017415	-70.265256		
97	0.000057	750	-0.011353	-70.276609		
98	0.00001	750	-0.00487	-70.28148		
99	0	750	-0.001041	-70.28252		
Log marginal likelihood:	-70.28252					
0	0.975187	750	-1.618519	-1.618519		
1	0.950747	750	-1.619301	-3.23782		
2	0.926679	750	-1.501711	-4.739532		
3	0.90298	750	-1.512062	-6.251594		
4	0.879648	750	-1.490091	-7.741685		
5	0.856682	750	-1.428864	-9.170548		
6	0.834079	750	-1.524019	-10.694567		
7	0.811838	750	-1.451963	-12.14653		
8	0.789957	750	-1.522969	-13.669499		
9	0.768433	750	-1.402918	-15.072417		
10	0.747266	750	-1.369044	-16.441461		
11	0.726452	750	-1.329982	-17.771443		
12	0.705989	750	-1.353695	-19.125138		
13	0.685877	750	-1.34688	-20.472017		
14	0.666112	750	-1.300016	-21.772034		
15	0.646693	750	-1.281688	-23.053722		
16	0.627618	750	-1.239335	-24.293057		
17	0.608884	750	-1.367521	-25.660577		
18	0.59049	750	-1.24487	-26.905447		
19	0.572433	750	-1.236776	-28.142223		
20	0.554712	750	-1.234352	-29.376576		
21	0.537324	750	-1.249179	-30.625755		
22	0.520268	750	-1.170692	-31.796448		
23	0.50354	750	-1.176193	-32.97264		
24	0.487139	750	-1.129587	-34.102227		
25	0.471063	750	-1.144699	-35.246927		
26	0.45531	750	-1.090989	-36.337915		
27	0.439877	750	-1.080828	-37.418743		
28	0.424762	750	-1.044604	-38.463347		
29	0.409963	750	-1.046793	-39.510141		
30	0.395478	750	-1.012312	-40.522453		
31	0.381305	750	-1.030151	-41.552604		
32	0.36744	750	-0.976544	-42.529148		
33	0.353883	750	-0.987763	-43.516911		
34	0.34063	750	-0.974612	-44.491523		
35	0.32768	750	-0.956591	-45.448113		
36	0.31503	750	-0.915254	-46.363367		
37	0.302677	750	-0.900558	-47.263924		
38	0.290619	750	-0.899033	-48.162957		
39	0.278855	750	-0.892331	-49.055288		
40	0.267381	750	-0.820933	-49.876221		
41	0.256195	750	-0.802447	-50.678668		
42	0.245294	750	-0.801197	-51.479865		
43	0.234677	750	-0.794789	-52.274654		
44	0.22434	750	-0.789762	-53.064416		
45	0.214281	750	-0.752414	-53.816829		
46	0.204498	750	-0.761562	-54.578392		
47	0.194988	750	-0.72168	-55.300072		
48	0.185749	750	-0.704335	-56.004407		
49	0.176777	750	-0.716688	-56.721095		
50	0.16807	750	-0.680222	-57.401317		
51	0.159626	750	-0.652174	-58.053491		
52	0.151441	750	-0.670637	-58.724127		
53	0.143514	750	-0.649347	-59.373474		
54	0.135841	750	-0.61839	-59.991864		
55	0.12842	750	-0.600562	-60.592427		
56	0.121247	750	-0.584792	-61.177219		
57	0.11432	750	-0.554676	-61.731894		
58	0.107637	750	-0.531378	-62.263272		
59	0.101193	750	-0.52803	-62.791302		
60	0.094986	750	-0.505551	-63.296853		
61	0.089014	750	-0.504795	-63.801648		
62	0.083273	750	-0.464348	-64.265996		
63	0.07776	750	-0.493169	-64.759164		
64	0.072472	750	-0.455789	-65.214953		
65	0.067406	750	-0.430001	-65.644955		
66	0.062558	750	-0.427018	-66.071972		
67	0.057926	750	-0.382681	-66.454653		
68	0.053506	750	-0.365894	-66.820547		
69	0.049295	750	-0.35687	-67.177418		
70	0.045289	750	-0.371458	-67.548876		
71	0.041485	750	-0.350805	-67.899681		
72	0.03788	750	-0.332515	-68.232196		
73	0.034469	750	-0.301872	-68.534068		
74	0.03125	750	-0.294756	-68.828824		
75	0.028218	750	-0.289513	-69.118336		
76	0.02537	750	-0.280493	-69.398829		
77	0.022702	750	-0.253635	-69.652464		
78	0.020209	750	-0.244903	-69.897367		
79	0.017889	750	-0.233277	-70.130644		
80	0.015736	750	-0.202506	-70.33315		
81	0.013746	750	-0.222526	-70.555676		
82	0.011916	750	-0.180578	-70.736254		
83	0.01024	750	-0.175297	-70.911551		
84	0.008714	750	-0.16542	-71.076971		
85	0.007334	750	-0.145686	-71.222657		
86	0.006093	750	-0.143986	-71.366642		
87	0.004988	750	-0.12433	-71.490972		
88	0.004013	750	-0.109006	-71.599978		
89	0.003162	750	-0.098014	-71.697992		
90	0.00243	750	-0.083593	-71.781585		
91	0.00181	750	-0.06105	-71.842635		
92	0.001296	750	-0.055912	-71.898547		
93	0.000882	750	-0.045892	-71.944439		
94	0.000559	750	-0.035334	-71.979772		
95	0.00032	750	-0.026175	-72.005948		
96	0.000156	750	-0.017508	-72.023456		
97	0.000057	750	-0.011541	-72.034997		
98	0.00001	750	-0.004919	-72.039915		
99	0	750	-0.001152	-72.041068		
Log marginal likelihood:	-72.041068					
0	0.975187	750	-1.441257	-1.441257		
1	0.950747	750	-1.35457	-2.795827		
2	0.926679	750	-1.329815	-4.125642		
3	0.90298	750	-1.37006	-5.495702		
4	0.879648	750	-1.316958	-6.81266		
5	0.856682	750	-1.318608	-8.131268		
6	0.834079	750	-1.259121	-9.390389		
7	0.811838	750	-1.250562	-10.640951		
8	0.789957	750	-1.270599	-11.91155		
9	0.768433	750	-1.305306	-13.216856		
10	0.747266	750	-1.216196	-14.433052		
11	0.726452	750	-1.182018	-15.615069		
12	0.705989	750	-1.163317	-16.778386		
13	0.685877	750	-1.174253	-17.952639		
14	0.666112	750	-1.133898	-19.086537		
15	0.646693	750	-1.166619	-20.253156		
16	0.627618	750	-1.210066	-21.463222		
17	0.608884	750	-1.099547	-22.562769		
18	0.59049	750	-1.157204	-23.719973		
19	0.572433	750	-1.191503	-24.911476		
20	0.554712	750	-1.090368	-26.001844		
21	0.537324	750	-1.099576	-27.101419		
22	0.520268	750	-1.060341	-28.161761		
23	0.50354	750	-1.109943	-29.271703		
24	0.487139	750	-1.086701	-30.358404		
25	0.471063	750	-1.07842	-31.436824		
26	0.45531	750	-1.133177	-32.570001		
27	0.439877	750	-1.109106	-33.679107		
28	0.424762	750	-1.061302	-34.740408		
29	0.409963	750	-1.074341	-35.81475		
30	0.395478	750	-1.051105	-36.865854		
31	0.381305	750	-1.011587	-37.877442		
32	0.36744	750	-0.948832	-38.826273		
33	0.353883	750	-0.983053	-39.809327		
34	0.34063	750	-0.985284	-40.794611		
35	0.32768	750	-0.965274	-41.759885		
36	0.31503	750	-0.928035	-42.687919		
37	0.302677	750	-0.927409	-43.615329		
38	0.290619	750	-0.881734	-44.497063		
39	0.278855	750	-0.872013	-45.369076		
40	0.267381	750	-0.841447	-46.210523		
41	0.256195	750	-0.786605	-46.997128		
42	0.245294	750	-0.798565	-47.795693		
43	0.234677	750	-0.824986	-48.62068		
44	0.22434	750	-0.78422	-49.404899		
45	0.214281	750	-0.773041	-50.17794		
46	0.204498	750	-0.731797	-50.909737		
47	0.194988	750	-0.728266	-51.638002		
48	0.185749	750	-0.718858	-52.356861		
49	0.176777	750	-0.705445	-53.062306		
50	0.16807	750	-0.676321	-53.738627		
51	0.159626	750	-0.645079	-54.383707		
52	0.151441	750	-0.644479	-55.028186		
53	0.143514	750	-0.650072	-55.678258		
54	0.135841	750	-0.61441	-56.292667		
55	0.12842	750	-0.593095	-56.885763		
56	0.121247	750	-0.576601	-57.462363		
57	0.11432	750	-0.576504	-58.038868		
58	0.107637	750	-0.543887	-58.582754		
59	0.101193	750	-0.527075	-59.109829		
60	0.094986	750	-0.50117	-59.611		
61	0.089014	750	-0.49895	-60.10995		
62	0.083273	750	-0.476167	-60.586117		
63	0.07776	750	-0.455303	-61.041421		
64	0.072472	750	-0.444521	-61.485942		
65	0.067406	750	-0.444621	-61.930563		
66	0.062558	750	-0.399876	-62.330439		
67	0.057926	750	-0.43589	-62.766329		
68	0.053506	750	-0.374332	-63.140661		
69	0.049295	750	-0.372451	-63.513112		
70	0.045289	750	-0.350025	-63.863138		
71	0.041485	750	-0.326469	-64.189606		
72	0.03788	750	-0.338216	-64.527822		
73	0.034469	750	-0.315582	-64.843404		
74	0.03125	750	-0.284824	-65.128229		
75	0.028218	750	-0.294872	-65.423101		
76	0.02537	750	-0.269678	-65.692779		
77	0.022702	750	-0.262646	-65.955425		
78	0.020209	750	-0.262527	-66.217953		
79	0.017889	750	-0.23256	-66.450512		
80	0.015736	750	-0.22124	-66.671752		
81	0.013746	750	-0.187209	-66.858962		
82	0.011916	750	-0.19018	-67.049142		
83	0.01024	750	-0.179603	-67.228745		
84	0.008714	750	-0.151935	-67.38068		
85	0.007334	750	-0.143128	-67.523809		
86	0.006093	750	-0.144832	-67.66864		
87	0.004988	750	-0.12394	-67.79258		
88	0.004013	750	-0.107398	-67.899978		
89	0.003162	750	-0.086598	-67.986576		
90	0.00243	750	-0.081633	-68.068209		
91	0.00181	750	-0.075069	-68.143278		
92	0.001296	750	-0.054247	-68.197525		
93	0.000882	750	-0.047255	-68.244781		
94	0.000559	750	-0.033699	-68.27848		
95	0.00032	750	-0.028964	-68.307443		
96	0.000156	750	-0.01814	-68.325583		
97	0.000057	750	-0.011486	-68.337069		
98	0.00001	750	-0.005061	-68.34213		
99	0	750	-0.001111	-68.343242		
Log marginal likelihood:	-68.343242					
0	0.975187	750	-1.577031	-1.577031		
1	0.950747	750	-1.571007	-3.148038		
2	0.926679	750	-1.545378	-4.693416		
3	0.90298	750	-1.503924	-6.19734		
4	0.879648	750	-1.513968	-7.711308		
5	0.856682	750	-1.497611	-9.208918		
6	0.834079	750	-1.482405	-10.691323		
7	0.811838	750	-1.438624	-12.129947		
8	0.789957	750	-1.457328	-13.587276		
9	0.768433	750	-1.40656	-14.993835		
10	0.747266	750	-1.386911	-16.380746		
11	0.726452	750	-1.370504	-17.75125		
12	0.705989	750	-1.353024	-19.104274		
13	0.685877	750	-1.320386	-20.424659		
14	0.666112	750	-1.296962	-21.721621		
15	0.646693	750	-1.276043	-22.997664		
16	0.627618	750	-1.329238	-24.326902		
17	0.608884	750	-1.259643	-25.586545		
18	0.59049	750	-1.214914	-26.801459		
19	0.572433	750	-1.207359	-28.008817		
20	0.554712	750	-1.18357	-29.192388		
21	0.537324	750	-1.148449	-30.340837		
22	0.520268	750	-1.157215	-31.498052		
23	0.50354	750	-1.109264	-32.607316		
24	0.487139	750	-1.120066	-33.727382		
25	0.471063	750	-1.095377	-34.822759		
26	0.45531	750	-1.081734	-35.904492		
27	0.439877	750	-1.034743	-36.939236		
28	0.424762	750	-1.055486	-37.994722		
29	0.409963	750	-1.060614	-39.055336		
30	0.395478	750	-0.989617	-40.044953		
31	0.381305	750	-0.974036	-41.018989		
32	0.36744	750	-1.000063	-42.019052		
33	0.353883	750	-0.941365	-42.960418		
34	0.34063	750	-0.941286	-43.901703		
35	0.32768	750	-0.882123	-44.783826		
36	0.31503	750	-0.891124	-45.67495		
37	0.302677	750	-0.860942	-46.535891		
38	0.290619	750	-0.836232	-47.372123		
39	0.278855	750	-0.836645	-48.208768		
40	0.267381	750	-0.843618	-49.052386		
41	0.256195	750	-0.791657	-49.844043		
42	0.245294	750	-0.779719	-50.623763		
43	0.234677	750	-0.773322	-51.397085		
44	0.22434	750	-0.74943	-52.146515		
45	0.214281	750	-0.726523	-52.873038		
46	0.204498	750	-0.702178	-53.575216		
47	0.194988	750	-0.714704	-54.28992		
48	0.185749	750	-0.708976	-54.998895		
49	0.176777	750	-0.666572	-55.665467		
50	0.16807	750	-0.658898	-56.324365		
51	0.159626	750	-0.655021	-56.979386		
52	0.151441	750	-0.614443	-57.593829		
53	0.143514	750	-0.614068	-58.207897		
54	0.135841	750	-0.587502	-58.795399		
55	0.12842	750	-0.570857	-59.366256		
56	0.121247	750	-0.558766	-59.925022		
57	0.11432	750	-0.529617	-60.454638		
58	0.107637	750	-0.527585	-60.982224		
59	0.101193	750	-0.504037	-61.48626		
60	0.094986	750	-0.522477	-62.008737		
61	0.089014	750	-0.467706	-62.476443		
62	0.083273	750	-0.477168	-62.953611		
63	0.07776	750	-0.449573	-63.403185		
64	0.072472	750	-0.43118	-63.834365		
65	0.067406	750	-0.427541	-64.261905		
66	0.062558	750	-0.395317	-64.657222		
67	0.057926	750	-0.401028	-65.05825		
68	0.053506	750	-0.382484	-65.440735		
69	0.049295	750	-0.373353	-65.814087		
70	0.045289	750	-0.368865	-66.182953		
71	0.041485	750	-0.336084	-66.519037		
72	0.03788	750	-0.327029	-66.846066		
73	0.034469	750	-0.317774	-67.16384		
74	0.03125	750	-0.29618	-67.46002		
75	0.028218	750	-0.26739	-67.727411		
76	0.02537	750	-0.263756	-67.991167		
77	0.022702	750	-0.248221	-68.239387		
78	0.020209	750	-0.24471	-68.484097		
79	0.017889	750	-0.226498	-68.710596		
80	0.015736	750	-0.207308	-68.917903		
81	0.013746	750	-0.189644	-69.107548		
82	0.011916	750	-0.174347	-69.281895		
83	0.01024	750	-0.164721	-69.446615		
84	0.008714	750	-0.147058	-69.593673		
85	0.007334	750	-0.137285	-69.730958		
86	0.006093	750	-0.126312	-69.857271		
87	0.004988	750	-0.108875	-69.966146		
88	0.004013	750	-0.098651	-70.064797		
89	0.003162	750	-0.08562	-70.150417		
90	0.00243	750	-0.079984	-70.230401		
91	0.00181	750	-0.064324	-70.294725		
92	0.001296	750	-0.052431	-70.347156		
93	0.000882	750	-0.044312	-70.391468		
94	0.000559	750	-0.037673	-70.429142		
95	0.00032	750	-0.024363	-70.453505		
96	0.000156	750	-0.021106	-70.474611		
97	0.000057	750	-0.011001	-70.485612		
98	0.00001	750	-0.005031	-70.490643		
99	0	750	-0.00111	-70.491752		
Log marginal likelihood:	-70.491752					
0	0.975187	750	-1.55032	-1.55032		
1	0.950747	750	-1.515152	-3.065473		
2	0.926679	750	-1.494808	-4.56028		
3	0.90298	750	-1.438743	-5.999023		
4	0.879648	750	-1.467052	-7.466075		
5	0.856682	750	-1.416199	-8.882274		
6	0.834079	750	-1.400489	-10.282763		
7	0.811838	750	-1.356147	-11.638911		
8	0.789957	750	-1.36881	-13.007721		
9	0.768433	750	-1.324293	-14.332014		
10	0.747266	750	-1.350862	-15.682875		
11	0.726452	750	-1.2922	-16.975075		
12	0.705989	750	-1.290894	-18.265969		
13	0.685877	750	-1.306091	-19.57206		
14	0.666112	750	-1.286044	-20.858104		
15	0.646693	750	-1.281585	-22.13969		
16	0.627618	750	-1.20156	-23.34125		
17	0.608884	750	-1.298076	-24.639326		
18	0.59049	750	-1.155953	-25.795279		
19	0.572433	750	-1.172575	-26.967853		
20	0.554712	750	-1.18616	-28.154014		
21	0.537324	750	-1.267749	-29.421762		
22	0.520268	750	-1.151783	-30.573546		
23	0.50354	750	-1.208936	-31.782481		
24	0.487139	750	-1.15345	-32.935932		
25	0.471063	750	-1.094979	-34.030911		
26	0.45531	750	-1.039089	-35.07		
27	0.439877	750	-1.153666	-36.223666		
28	0.424762	750	-1.058493	-37.28216		
29	0.409963	750	-1.062056	-38.344216		
30	0.395478	750	-1.059505	-39.403721		
31	0.381305	750	-1.021581	-40.425303		
32	0.36744	750	-1.03096	-41.456262		
33	0.353883	750	-0.992484	-42.448746		
34	0.34063	750	-0.921046	-43.369793		
35	0.32768	750	-0.945331	-44.315124		
36	0.31503	750	-0.955119	-45.270243		
37	0.302677	750	-0.912935	-46.183179		
38	0.290619	750	-0.886824	-47.070003		
39	0.278855	750	-0.876524	-47.946528		
40	0.267381	750	-0.855302	-48.80183		
41	0.256195	750	-0.83284	-49.63467		
42	0.245294	750	-0.821785	-50.456455		
43	0.234677	750	-0.81674	-51.273195		
44	0.22434	750	-0.7931	-52.066294		
45	0.214281	750	-0.776564	-52.842858		
46	0.204498	750	-0.753028	-53.595886		
47	0.194988	750	-0.729284	-54.325169		
48	0.185749	750	-0.729434	-55.054603		
49	0.176777	750	-0.698033	-55.752637		
50	0.16807	750	-0.671865	-56.424502		
51	0.159626	750	-0.676538	-57.10104		
52	0.151441	750	-0.632671	-57.733711		
53	0.143514	750	-0.598434	-58.332145		
54	0.135841	750	-0.604838	-58.936984		
55	0.12842	750	-0.608324	-59.545307		
56	0.121247	750	-0.569985	-60.115292		
57	0.11432	750	-0.548904	-60.664196		
58	0.107637	750	-0.546926	-61.211122		
59	0.101193	750	-0.537214	-61.748337		
60	0.094986	750	-0.504234	-62.252571		
61	0.089014	750	-0.495447	-62.748017		
62	0.083273	750	-0.482033	-63.230051		
63	0.07776	750	-0.452402	-63.682452		
64	0.072472	750	-0.45644	-64.138892		
65	0.067406	750	-0.440524	-64.579416		
66	0.062558	750	-0.408261	-64.987677		
67	0.057926	750	-0.399069	-65.386746		
68	0.053506	750	-0.391284	-65.778029		
69	0.049295	750	-0.412889	-66.190918		
70	0.045289	750	-0.360682	-66.5516		
71	0.041485	750	-0.344266	-66.895866		
72	0.03788	750	-0.331183	-67.227048		
73	0.034469	750	-0.322486	-67.549534		
74	0.03125	750	-0.301411	-67.850945		
75	0.028218	750	-0.300666	-68.151611		
76	0.02537	750	-0.259145	-68.410756		
77	0.022702	750	-0.259519	-68.670276		
78	0.020209	750	-0.237711	-68.907987		
79	0.017889	750	-0.252038	-69.160025		
80	0.015736	750	-0.228326	-69.388351		
81	0.013746	750	-0.19471	-69.583061		
82	0.011916	750	-0.192434	-69.775496		
83	0.01024	750	-0.181772	-69.957267		
84	0.008714	750	-0.159391	-70.116659		
85	0.007334	750	-0.129568	-70.246226		
86	0.006093	750	-0.13435	-70.380576		
87	0.004988	750	-0.120268	-70.500845		
88	0.004013	750	-0.105791	-70.606635		
89	0.003162	750	-0.086806	-70.693441		
90	0.00243	750	-0.080611	-70.774052		
91	0.00181	750	-0.0741	-70.848153		
92	0.001296	750	-0.055409	-70.903562		
93	0.000882	750	-0.052031	-70.955592		
94	0.000559	750	-0.03243	-70.988023		
95	0.00032	750	-0.025561	-71.013584		
96	0.000156	750	-0.019575	-71.033159		
97	0.000057	750	-0.009864	-71.043023		
98	0.00001	750	-0.005003	-71.048025		
99	0	750	-0.001149	-71.049174		
Log marginal likelihood:	-71.049174					
0	0.975187	750	-1.780376	-1.780376		
1	0.950747	750	-1.740186	-3.520562		
2	0.926679	750	-1.752872	-5.273434		
3	0.90298	750	-1.732125	-7.005559		
4	0.879648	750	-1.710962	-8.716521		
5	0.856682	750	-1.677723	-10.394245		
6	0.834079	750	-1.658023	-12.052268		
7	0.811838	750	-1.603027	-13.655295		
8	0.789957	750	-1.602722	-15.258017		
9	0.768433	750	-1.559104	-16.817122		
10	0.747266	750	-1.548132	-18.365254		
11	0.726452	750	-1.509302	-19.874556		
12	0.705989	750	-1.492686	-21.367242		
13	0.685877	750	-1.44819	-22.815432		
14	0.666112	750	-1.451871	-24.267303		
15	0.646693	750	-1.4255	-25.692803		
16	0.627618	750	-1.400762	-27.093565		
17	0.608884	750	-1.38628	-28.479845		
18	0.59049	750	-1.369144	-29.848989		
19	0.572433	750	-1.328869	-31.177858		
20	0.554712	750	-1.301145	-32.479004		
21	0.537324	750	-1.269516	-33.748519		
22	0.520268	750	-1.28534	-35.033859		
23	0.50354	750	-1.236415	-36.270275		
24	0.487139	750	-1.219629	-37.489904		
25	0.471063	750	-1.194264	-38.684168		
26	0.45531	750	-1.190612	-39.874779		
27	0.439877	750	-1.160367	-41.035147		
28	0.424762	750	-1.135876	-42.171023		
29	0.409963	750	-1.114072	-43.285095		
30	0.395478	750	-1.104428	-44.389524		
31	0.381305	750	-1.06275	-45.452273		
32	0.36744	750	-1.03456	-46.486833		
33	0.353883	750	-1.031746	-47.518579		
34	0.34063	750	-0.991381	-48.50996		
35	0.32768	750	-0.9788	-49.48876		
36	0.31503	750	-0.951795	-50.440554		
37	0.302677	750	-0.94055	-51.381105		
38	0.290619	750	-0.917587	-52.298692		
39	0.278855	750	-0.898891	-53.197583		
40	0.267381	750	-0.88666	-54.084242		
41	0.256195	750	-0.88203	-54.966272		
42	0.245294	750	-0.836092	-55.802364		
43	0.234677	750	-0.817023	-56.619387		
44	0.22434	750	-0.81213	-57.431516		
45	0.214281	750	-0.791909	-58.223425		
46	0.204498	750	-0.75912	-58.982546		
47	0.194988	750	-0.749072	-59.731617		
48	0.185749	750	-0.735071	-60.466688		
49	0.176777	750	-0.710386	-61.177074		
50	0.16807	750	-0.70625	-61.883324		
51	0.159626	750	-0.665753	-62.549077		
52	0.151441	750	-0.681198	-63.230275		
53	0.143514	750	-0.639371	-63.869646		
54	0.135841	750	-0.609813	-64.479459		
55	0.12842	750	-0.608392	-65.087851		
56	0.121247	750	-0.592498	-65.680349		
57	0.11432	750	-0.58681	-66.267158		
58	0.107637	750	-0.543033	-66.810191		
59	0.101193	750	-0.532093	-67.342284		
60	0.094986	750	-0.504216	-67.8465		
61	0.089014	750	-0.51856	-68.36506		
62	0.083273	750	-0.497486	-68.862545		
63	0.07776	750	-0.471774	-69.334319		
64	0.072472	750	-0.460732	-69.795051		
65	0.067406	750	-0.458499	-70.25355		
66	0.062558	750	-0.419792	-70.673342		
67	0.057926	750	-0.418519	-71.091861		
68	0.053506	750	-0.385558	-71.477419		
69	0.049295	750	-0.365607	-71.843025		
70	0.045289	750	-0.351407	-72.194432		
71	0.041485	750	-0.346006	-72.540438		
72	0.03788	750	-0.351649	-72.892087		
73	0.034469	750	-0.336112	-73.2282		
74	0.03125	750	-0.289372	-73.517571		
75	0.028218	750	-0.302698	-73.820269		
76	0.02537	750	-0.26357	-74.083839		
77	0.022702	750	-0.265021	-74.34886		
78	0.020209	750	-0.243144	-74.592004		
79	0.017889	750	-0.227164	-74.819168		
80	0.015736	750	-0.2092	-75.028368		
81	0.013746	750	-0.201761	-75.230129		
82	0.011916	750	-0.197856	-75.427985		
83	0.01024	750	-0.185267	-75.613252		
84	0.008714	750	-0.163485	-75.776736		
85	0.007334	750	-0.157445	-75.934181		
86	0.006093	750	-0.119461	-76.053642		
87	0.004988	750	-0.116039	-76.169681		
88	0.004013	750	-0.108054	-76.277735		
89	0.003162	750	-0.096661	-76.374396		
90	0.00243	750	-0.080753	-76.455149		
91	0.00181	750	-0.070056	-76.525205		
92	0.001296	750	-0.061336	-76.58654		
93	0.000882	750	-0.046378	-76.632918		
94	0.000559	750	-0.037344	-76.670263		
95	0.00032	750	-0.024217	-76.69448		
96	0.000156	750	-0.01821	-76.71269		
97	0.000057	750	-0.01138	-76.72407		
98	0.00001	750	-0.004979	-76.729049		
99	0	750	-0.001159	-76.730207		
Log marginal likelihood:	-76.730207					
0	0.975187	750	-1.574218	-1.574218		
1	0.950747	750	-1.530338	-3.104556		
2	0.926679	750	-1.517735	-4.622291		
3	0.90298	750	-1.579769	-6.20206		
4	0.879648	750	-1.483521	-7.685581		
5	0.856682	750	-1.457617	-9.143198		
6	0.834079	750	-1.478293	-10.621491		
7	0.811838	750	-1.428105	-12.049596		
8	0.789957	750	-1.488316	-13.537912		
9	0.768433	750	-1.382856	-14.920768		
10	0.747266	750	-1.409784	-16.330552		
11	0.726452	750	-1.356953	-17.687505		
12	0.705989	750	-1.349003	-19.036508		
13	0.685877	750	-1.33113	-20.367637		
14	0.666112	750	-1.329382	-21.697019		
15	0.646693	750	-1.27272	-22.969739		
16	0.627618	750	-1.29557	-24.265309		
17	0.608884	750	-1.255507	-25.520816		
18	0.59049	750	-1.262573	-26.783389		
19	0.572433	750	-1.213016	-27.996405		
20	0.554712	750	-1.202393	-29.198798		
21	0.537324	750	-1.215155	-30.413953		
22	0.520268	750	-1.187123	-31.601076		
23	0.50354	750	-1.116405	-32.717481		
24	0.487139	750	-1.089176	-33.806656		
25	0.471063	750	-1.110645	-34.917301		
26	0.45531	750	-1.104944	-36.022245		
27	0.439877	750	-1.04205	-37.064295		
28	0.424762	750	-1.038944	-38.103239		
29	0.409963	750	-1.023464	-39.126703		
30	0.395478	750	-1.024409	-40.151112		
31	0.381305	750	-0.981895	-41.133006		
32	0.36744	750	-0.957162	-42.090169		
33	0.353883	750	-0.963552	-43.05372		
34	0.34063	750	-0.915235	-43.968955		
35	0.32768	750	-0.927434	-44.896389		
36	0.31503	750	-0.906683	-45.803072		
37	0.302677	750	-0.882517	-46.68559		
38	0.290619	750	-0.913329	-47.598919		
39	0.278855	750	-0.860843	-48.459762		
40	0.267381	750	-0.833924	-49.293686		
41	0.256195	750	-0.799757	-50.093443		
42	0.245294	750	-0.79336	-50.886803		
43	0.234677	750	-0.781532	-51.668335		
44	0.22434	750	-0.777428	-52.445763		
45	0.214281	750	-0.728644	-53.174407		
46	0.204498	750	-0.739004	-53.913412		
47	0.194988	750	-0.712992	-54.626404		
48	0.185749	750	-0.713966	-55.34037		
49	0.176777	750	-0.677944	-56.018314		
50	0.16807	750	-0.692568	-56.710882		
51	0.159626	750	-0.649531	-57.360413		
52	0.151441	750	-0.627318	-57.987731		
53	0.143514	750	-0.611349	-58.599081		
54	0.135841	750	-0.595174	-59.194255		
55	0.12842	750	-0.576603	-59.770858		
56	0.121247	750	-0.563479	-60.334337		
57	0.11432	750	-0.538835	-60.873172		
58	0.107637	750	-0.534358	-61.407529		
59	0.101193	750	-0.524518	-61.932047		
60	0.094986	750	-0.504898	-62.436946		
61	0.089014	750	-0.521272	-62.958218		
62	0.083273	750	-0.476223	-63.434441		
63	0.07776	750	-0.443291	-63.877732		
64	0.072472	750	-0.443815	-64.321548		
65	0.067406	750	-0.43283	-64.754378		
66	0.062558	750	-0.408759	-65.163137		
67	0.057926	750	-0.395316	-65.558453		
68	0.053506	750	-0.381223	-65.939676		
69	0.049295	750	-0.39586	-66.335536		
70	0.045289	750	-0.328145	-66.663681		
71	0.041485	750	-0.335327	-66.999008		
72	0.03788	750	-0.325363	-67.324372		
73	0.034469	750	-0.318621	-67.642993		
74	0.03125	750	-0.301404	-67.944397		
75	0.028218	750	-0.268575	-68.212971		
76	0.02537	750	-0.265029	-68.478001		
77	0.022702	750	-0.248588	-68.726588		
78	0.020209	750	-0.244812	-68.9714		
79	0.017889	750	-0.227988	-69.199388		
80	0.015736	750	-0.222593	-69.421981		
81	0.013746	750	-0.197283	-69.619263		
82	0.011916	750	-0.184491	-69.803754		
83	0.01024	750	-0.163182	-69.966936		
84	0.008714	750	-0.147975	-70.114911		
85	0.007334	750	-0.147554	-70.262465		
86	0.006093	750	-0.130128	-70.392593		
87	0.004988	750	-0.109876	-70.502469		
88	0.004013	750	-0.105872	-70.608341		
89	0.003162	750	-0.099552	-70.707893		
90	0.00243	750	-0.079615	-70.787509		
91	0.00181	750	-0.068859	-70.856367		
92	0.001296	750	-0.053615	-70.909982		
93	0.000882	750	-0.045134	-70.955116		
94	0.000559	750	-0.035665	-70.990781		
95	0.00032	750	-0.028069	-71.01885		
96	0.000156	750	-0.017109	-71.035959		
97	0.000057	750	-0.010968	-71.046927		
98	0.00001	750	-0.006225	-71.053152		
99	0	750	-0.0012	-71.054352		
Log marginal likelihood:	-71.054352					
0	0.975187	750	-1.75361	-1.75361		
1	0.950747	750	-1.738667	-3.492277		
2	0.926679	750	-1.656933	-5.14921		
3	0.90298	750	-1.650559	-6.799769		
4	0.879648	750	-1.628416	-8.428185		
5	0.856682	750	-1.618536	-10.046721		
6	0.834079	750	-1.596102	-11.642823		
7	0.811838	750	-1.544384	-13.187208		
8	0.789957	750	-1.54311	-14.730317		
9	0.768433	750	-1.517335	-16.247652		
10	0.747266	750	-1.501766	-17.749418		
11	0.726452	750	-1.512083	-19.261501		
12	0.705989	750	-1.446371	-20.707872		
13	0.685877	750	-1.428806	-22.136678		
14	0.666112	750	-1.40108	-23.537757		
15	0.646693	750	-1.393531	-24.931288		
16	0.627618	750	-1.345195	-26.276483		
17	0.608884	750	-1.359861	-27.636344		
18	0.59049	750	-1.309484	-28.945828		
19	0.572433	750	-1.307197	-30.253025		
20	0.554712	750	-1.268744	-31.521769		
21	0.537324	750	-1.240914	-32.762683		
22	0.520268	750	-1.243489	-34.006172		
23	0.50354	750	-1.205332	-35.211504		
24	0.487139	750	-1.18929	-36.400794		
25	0.471063	750	-1.194377	-37.595172		
26	0.45531	750	-1.158715	-38.753887		
27	0.439877	750	-1.137443	-39.89133		
28	0.424762	750	-1.117338	-41.008668		
29	0.409963	750	-1.080074	-42.088742		
30	0.395478	750	-1.067853	-43.156595		
31	0.381305	750	-1.029322	-44.185917		
32	0.36744	750	-1.033372	-45.219289		
33	0.353883	750	-1.015008	-46.234297		
34	0.34063	750	-0.982393	-47.21669		
35	0.32768	750	-0.948006	-48.164696		
36	0.31503	750	-0.944592	-49.109287		
37	0.302677	750	-0.92815	-50.037438		
38	0.290619	750	-0.903016	-50.940454		
39	0.278855	750	-0.89401	-51.834465		
40	0.267381	750	-0.866123	-52.700587		
41	0.256195	750	-0.837913	-53.5385		
42	0.245294	750	-0.832136	-54.370637		
43	0.234677	750	-0.808201	-55.178837		
44	0.22434	750	-0.792534	-55.971372		
45	0.214281	750	-0.782498	-56.75387		
46	0.204498	750	-0.757619	-57.511489		
47	0.194988	750	-0.720752	-58.232241		
48	0.185749	750	-0.710312	-58.942553		
49	0.176777	750	-0.697844	-59.640398		
50	0.16807	750	-0.6728	-60.313198		
51	0.159626	750	-0.66172	-60.974917		
52	0.151441	750	-0.634385	-61.609302		
53	0.143514	750	-0.626731	-62.236033		
54	0.135841	750	-0.61639	-62.852423		
55	0.12842	750	-0.594608	-63.447031		
56	0.121247	750	-0.584717	-64.031748		
57	0.11432	750	-0.56343	-64.595178		
58	0.107637	750	-0.557945	-65.153124		
59	0.101193	750	-0.538332	-65.691456		
60	0.094986	750	-0.515605	-66.207061		
61	0.089014	750	-0.49365	-66.700711		
62	0.083273	750	-0.483454	-67.184165		
63	0.07776	750	-0.465303	-67.649468		
64	0.072472	750	-0.439265	-68.088734		
65	0.067406	750	-0.441554	-68.530288		
66	0.062558	750	-0.414219	-68.944507		
67	0.057926	750	-0.398245	-69.342753		
68	0.053506	750	-0.391427	-69.734179		
69	0.049295	750	-0.36754	-70.101719		
70	0.045289	750	-0.369222	-70.470942		
71	0.041485	750	-0.364044	-70.834986		
72	0.03788	750	-0.335481	-71.170466		
73	0.034469	750	-0.321329	-71.491795		
74	0.03125	750	-0.314814	-71.806609		
75	0.028218	750	-0.291169	-72.097778		
76	0.02537	750	-0.271514	-72.369292		
77	0.022702	750	-0.25163	-72.620922		
78	0.020209	750	-0.235566	-72.856488		
79	0.017889	750	-0.235269	-73.091757		
80	0.015736	750	-0.2242	-73.315957		
81	0.013746	750	-0.205349	-73.521306		
82	0.011916	750	-0.181696	-73.703003		
83	0.01024	750	-0.178433	-73.881435		
84	0.008714	750	-0.164978	-74.046414		
85	0.007334	750	-0.153605	-74.200019		
86	0.006093	750	-0.12593	-74.325949		
87	0.004988	750	-0.12802	-74.453969		
88	0.004013	750	-0.111215	-74.565184		
89	0.003162	750	-0.098567	-74.663751		
90	0.00243	750	-0.087239	-74.75099		
91	0.00181	750	-0.071048	-74.822037		
92	0.001296	750	-0.061966	-74.884003		
93	0.000882	750	-0.047158	-74.931161		
94	0.000559	750	-0.035187	-74.966348		
95	0.00032	750	-0.025481	-74.991829		
96	0.000156	750	-0.018126	-75.009955		
97	0.000057	750	-0.011222	-75.021178		
98	0.00001	750	-0.004967	-75.026145		
99	0	750	-0.001068	-75.027213		
Log marginal likelihood:	-75.027213					
0	0.975187	750	-1.658907	-1.658907		
1	0.950747	750	-1.63322	-3.292127		
2	0.926679	750	-1.611336	-4.903463		
3	0.90298	750	-1.598089	-6.501551		
4	0.879648	750	-1.592485	-8.094036		
5	0.856682	750	-1.543206	-9.637242		
6	0.834079	750	-1.52989	-11.167133		
7	0.811838	750	-1.497789	-12.664921		
8	0.789957	750	-1.489458	-14.154379		
9	0.768433	750	-1.492231	-15.64661		
10	0.747266	750	-1.441652	-17.088262		
11	0.726452	750	-1.410394	-18.498656		
12	0.705989	750	-1.402938	-19.901594		
13	0.685877	750	-1.385688	-21.287282		
14	0.666112	750	-1.345663	-22.632945		
15	0.646693	750	-1.332261	-23.965206		
16	0.627618	750	-1.312844	-25.278051		
17	0.608884	750	-1.294666	-26.572716		
18	0.59049	750	-1.264889	-27.837605		
19	0.572433	750	-1.265429	-29.103034		
20	0.554712	750	-1.240873	-30.343907		
21	0.537324	750	-1.219409	-31.563316		
22	0.520268	750	-1.185389	-32.748705		
23	0.50354	750	-1.197314	-33.946019		
24	0.487139	750	-1.164679	-35.110697		
25	0.471063	750	-1.127667	-36.238364		
26	0.45531	750	-1.101502	-37.339866		
27	0.439877	750	-1.096101	-38.435968		
28	0.424762	750	-1.07457	-39.510538		
29	0.409963	750	-1.052589	-40.563127		
30	0.395478	750	-1.045698	-41.608825		
31	0.381305	750	-1.001556	-42.610381		
32	0.36744	750	-0.970753	-43.581134		
33	0.353883	750	-0.980597	-44.56173		
34	0.34063	750	-0.952842	-45.514572		
35	0.32768	750	-0.938484	-46.453057		
36	0.31503	750	-0.950246	-47.403303		
37	0.302677	750	-0.900742	-48.304045		
38	0.290619	750	-0.893546	-49.197591		
39	0.278855	750	-0.874008	-50.071599		
40	0.267381	750	-0.805103	-50.876702		
41	0.256195	750	-0.820569	-51.697271		
42	0.245294	750	-0.816187	-52.513458		
43	0.234677	750	-0.787154	-53.300612		
44	0.22434	750	-0.785334	-54.085946		
45	0.214281	750	-0.763118	-54.849064		
46	0.204498	750	-0.727972	-55.577036		
47	0.194988	750	-0.715744	-56.292781		
48	0.185749	750	-0.710299	-57.003079		
49	0.176777	750	-0.676408	-57.679487		
50	0.16807	750	-0.673652	-58.353139		
51	0.159626	750	-0.660383	-59.013523		
52	0.151441	750	-0.628776	-59.642298		
53	0.143514	750	-0.605507	-60.247805		
54	0.135841	750	-0.603612	-60.851417		
55	0.12842	750	-0.583735	-61.435152		
56	0.121247	750	-0.565987	-62.001139		
57	0.11432	750	-0.572196	-62.573334		
58	0.107637	750	-0.525718	-63.099052		
59	0.101193	750	-0.505726	-63.604778		
60	0.094986	750	-0.507148	-64.111926		
61	0.089014	750	-0.489061	-64.600987		
62	0.083273	750	-0.488207	-65.089194		
63	0.07776	750	-0.456581	-65.545775		
64	0.072472	750	-0.437052	-65.982827		
65	0.067406	750	-0.439387	-66.422215		
66	0.062558	750	-0.408418	-66.830632		
67	0.057926	750	-0.418008	-67.248641		
68	0.053506	750	-0.398259	-67.646899		
69	0.049295	750	-0.381294	-68.028193		
70	0.045289	750	-0.333611	-68.361804		
71	0.041485	750	-0.358189	-68.719993		
72	0.03788	750	-0.331004	-69.050997		
73	0.034469	750	-0.34611	-69.397108		
74	0.03125	750	-0.317979	-69.715086		
75	0.028218	750	-0.280636	-69.995722		
76	0.02537	750	-0.267856	-70.263578		
77	0.022702	750	-0.257842	-70.521421		
78	0.020209	750	-0.236248	-70.757669		
79	0.017889	750	-0.226972	-70.984641		
80	0.015736	750	-0.196697	-71.181338		
81	0.013746	750	-0.203081	-71.384419		
82	0.011916	750	-0.184148	-71.568568		
83	0.01024	750	-0.164125	-71.732692		
84	0.008714	750	-0.149493	-71.882185		
85	0.007334	750	-0.14752	-72.029705		
86	0.006093	750	-0.12337	-72.153075		
87	0.004988	750	-0.113472	-72.266547		
88	0.004013	750	-0.099861	-72.366408		
89	0.003162	750	-0.08571	-72.452119		
90	0.00243	750	-0.076686	-72.528804		
91	0.00181	750	-0.066776	-72.59558		
92	0.001296	750	-0.055944	-72.651523		
93	0.000882	750	-0.045779	-72.697302		
94	0.000559	750	-0.03223	-72.729532		
95	0.00032	750	-0.025311	-72.754842		
96	0.000156	750	-0.017388	-72.77223		
97	0.000057	750	-0.010083	-72.782313		
98	0.00001	750	-0.004379	-72.786693		
99	0	750	-0.001018	-72.78771		
Log marginal likelihood:	-72.78771					
0	0.975187	750	-1.699388	-1.699388		
1	0.950747	750	-1.722752	-3.42214		
2	0.926679	750	-1.653647	-5.075786		
3	0.90298	750	-1.626896	-6.702683		
4	0.879648	750	-1.636958	-8.339641		
5	0.856682	750	-1.60801	-9.947651		
6	0.834079	750	-1.649234	-11.596885		
7	0.811838	750	-1.52716	-13.124045		
8	0.789957	750	-1.528388	-14.652433		
9	0.768433	750	-1.572532	-16.224965		
10	0.747266	750	-1.541301	-17.766266		
11	0.726452	750	-1.481734	-19.248		
12	0.705989	750	-1.468255	-20.716256		
13	0.685877	750	-1.471963	-22.188219		
14	0.666112	750	-1.45744	-23.645659		
15	0.646693	750	-1.417292	-25.062951		
16	0.627618	750	-1.405509	-26.46846		
17	0.608884	750	-1.337358	-27.805819		
18	0.59049	750	-1.381337	-29.187156		
19	0.572433	750	-1.323416	-30.510572		
20	0.554712	750	-1.264505	-31.775078		
21	0.537324	750	-1.286819	-33.061896		
22	0.520268	750	-1.264743	-34.32664		
23	0.50354	750	-1.230933	-35.557572		
24	0.487139	750	-1.229006	-36.786578		
25	0.471063	750	-1.213226	-37.999804		
26	0.45531	750	-1.194641	-39.194444		
27	0.439877	750	-1.139454	-40.333899		
28	0.424762	750	-1.143227	-41.477126		
29	0.409963	750	-1.126189	-42.603315		
30	0.395478	750	-1.08873	-43.692045		
31	0.381305	750	-1.076643	-44.768688		
32	0.36744	750	-1.059884	-45.828572		
33	0.353883	750	-1.028413	-46.856985		
34	0.34063	750	-1.008057	-47.865042		
35	0.32768	750	-1.00448	-48.869522		
36	0.31503	750	-0.981671	-49.851193		
37	0.302677	750	-0.943227	-50.79442		
38	0.290619	750	-0.920492	-51.714912		
39	0.278855	750	-0.909442	-52.624354		
40	0.267381	750	-0.879733	-53.504087		
41	0.256195	750	-0.846296	-54.350383		
42	0.245294	750	-0.856202	-55.206585		
43	0.234677	750	-0.829286	-56.035871		
44	0.22434	750	-0.796813	-56.832683		
45	0.214281	750	-0.805582	-57.638266		
46	0.204498	750	-0.773215	-58.411481		
47	0.194988	750	-0.75457	-59.166051		
48	0.185749	750	-0.733998	-59.900049		
49	0.176777	750	-0.718197	-60.618246		
50	0.16807	750	-0.707003	-61.325249		
51	0.159626	750	-0.675583	-62.000832		
52	0.151441	750	-0.670014	-62.670845		
53	0.143514	750	-0.641944	-63.312789		
54	0.135841	750	-0.631813	-63.944603		
55	0.12842	750	-0.606057	-64.550659		
56	0.121247	750	-0.590224	-65.140884		
57	0.11432	750	-0.576682	-65.717566		
58	0.107637	750	-0.541955	-66.259521		
59	0.101193	750	-0.540098	-66.79962		
60	0.094986	750	-0.521349	-67.320969		
61	0.089014	750	-0.497335	-67.818304		
62	0.083273	750	-0.494544	-68.312848		
63	0.07776	750	-0.486942	-68.79979		
64	0.072472	750	-0.472932	-69.272722		
65	0.067406	750	-0.454932	-69.727654		
66	0.062558	750	-0.421333	-70.148988		
67	0.057926	750	-0.416658	-70.565645		
68	0.053506	750	-0.429217	-70.994863		
69	0.049295	750	-0.396294	-71.391157		
70	0.045289	750	-0.359053	-71.75021		
71	0.041485	750	-0.343149	-72.093359		
72	0.03788	750	-0.343965	-72.437324		
73	0.034469	750	-0.313146	-72.750469		
74	0.03125	750	-0.310623	-73.061092		
75	0.028218	750	-0.278958	-73.340051		
76	0.02537	750	-0.263938	-73.603988		
77	0.022702	750	-0.270467	-73.874455		
78	0.020209	750	-0.244585	-74.11904		
79	0.017889	750	-0.245305	-74.364345		
80	0.015736	750	-0.214129	-74.578474		
81	0.013746	750	-0.198864	-74.777339		
82	0.011916	750	-0.18854	-74.965878		
83	0.01024	750	-0.200107	-75.165986		
84	0.008714	750	-0.15585	-75.321836		
85	0.007334	750	-0.150507	-75.472343		
86	0.006093	750	-0.127644	-75.599987		
87	0.004988	750	-0.110671	-75.710658		
88	0.004013	750	-0.100383	-75.811041		
89	0.003162	750	-0.090662	-75.901703		
90	0.00243	750	-0.076327	-75.97803		
91	0.00181	750	-0.068418	-76.046448		
92	0.001296	750	-0.058965	-76.105413		
93	0.000882	750	-0.04878	-76.154193		
94	0.000559	750	-0.0377	-76.191893		
95	0.00032	750	-0.02696	-76.218853		
96	0.000156	750	-0.017664	-76.236517		
97	0.000057	750	-0.011873	-76.24839		
98	0.00001	750	-0.004753	-76.253143		
99	0	750	-0.001149	-76.254292		
Log marginal likelihood:	-76.254292					
0	0.975187	750	-1.670151	-1.670151		
1	0.950747	750	-1.599319	-3.26947		
2	0.926679	750	-1.594111	-4.863582		
3	0.90298	750	-1.612042	-6.475624		
4	0.879648	750	-1.597782	-8.073405		
5	0.856682	750	-1.541968	-9.615374		
6	0.834079	750	-1.539393	-11.154766		
7	0.811838	750	-1.490397	-12.645164		
8	0.789957	750	-1.468904	-14.114068		
9	0.768433	750	-1.448046	-15.562114		
10	0.747266	750	-1.461574	-17.023688		
11	0.726452	750	-1.435287	-18.458975		
12	0.705989	750	-1.377827	-19.836803		
13	0.685877	750	-1.357427	-21.194229		
14	0.666112	750	-1.344483	-22.538712		
15	0.646693	750	-1.325733	-23.864445		
16	0.627618	750	-1.305778	-25.170223		
17	0.608884	750	-1.306037	-26.47626		
18	0.59049	750	-1.274993	-27.751253		
19	0.572433	750	-1.199837	-28.95109		
20	0.554712	750	-1.226189	-30.177279		
21	0.537324	750	-1.205455	-31.382734		
22	0.520268	750	-1.174613	-32.557346		
23	0.50354	750	-1.164544	-33.72189		
24	0.487139	750	-1.131015	-34.852905		
25	0.471063	750	-1.116631	-35.969536		
26	0.45531	750	-1.12195	-37.091486		
27	0.439877	750	-1.093886	-38.185372		
28	0.424762	750	-1.059341	-39.244713		
29	0.409963	750	-1.039703	-40.284415		
30	0.395478	750	-1.009531	-41.293947		
31	0.381305	750	-0.99821	-42.292157		
32	0.36744	750	-1.002227	-43.294384		
33	0.353883	750	-0.968096	-44.26248		
34	0.34063	750	-0.953851	-45.216331		
35	0.32768	750	-0.917592	-46.133922		
36	0.31503	750	-0.90014	-47.034063		
37	0.302677	750	-0.889705	-47.923768		
38	0.290619	750	-0.888237	-48.812005		
39	0.278855	750	-0.846848	-49.658854		
40	0.267381	750	-0.836635	-50.495489		
41	0.256195	750	-0.8104	-51.305889		
42	0.245294	750	-0.799326	-52.105215		
43	0.234677	750	-0.775407	-52.880622		
44	0.22434	750	-0.76258	-53.643202		
45	0.214281	750	-0.730462	-54.373664		
46	0.204498	750	-0.714463	-55.088127		
47	0.194988	750	-0.707028	-55.795155		
48	0.185749	750	-0.692221	-56.487376		
49	0.176777	750	-0.664413	-57.151789		
50	0.16807	750	-0.661327	-57.813115		
51	0.159626	750	-0.636812	-58.449927		
52	0.151441	750	-0.617974	-59.067901		
53	0.143514	750	-0.609877	-59.677778		
54	0.135841	750	-0.585169	-60.262948		
55	0.12842	750	-0.575976	-60.838924		
56	0.121247	750	-0.553799	-61.392723		
57	0.11432	750	-0.552395	-61.945118		
58	0.107637	750	-0.522075	-62.467192		
59	0.101193	750	-0.510171	-62.977364		
60	0.094986	750	-0.475892	-63.453256		
61	0.089014	750	-0.490354	-63.94361		
62	0.083273	750	-0.454638	-64.398248		
63	0.07776	750	-0.453611	-64.851859		
64	0.072472	750	-0.419497	-65.271356		
65	0.067406	750	-0.399602	-65.670958		
66	0.062558	750	-0.412869	-66.083827		
67	0.057926	750	-0.388168	-66.471995		
68	0.053506	750	-0.386379	-66.858374		
69	0.049295	750	-0.374333	-67.232708		
70	0.045289	750	-0.350533	-67.583241		
71	0.041485	750	-0.333892	-67.917133		
72	0.03788	750	-0.309475	-68.226608		
73	0.034469	750	-0.304129	-68.530737		
74	0.03125	750	-0.281661	-68.812398		
75	0.028218	750	-0.257749	-69.070147		
76	0.02537	750	-0.252762	-69.32291		
77	0.022702	750	-0.239377	-69.562287		
78	0.020209	750	-0.251857	-69.814144		
79	0.017889	750	-0.212816	-70.02696		
80	0.015736	750	-0.216702	-70.243662		
81	0.013746	750	-0.20079	-70.444452		
82	0.011916	750	-0.172437	-70.616888		
83	0.01024	750	-0.163261	-70.780149		
84	0.008714	750	-0.150083	-70.930233		
85	0.007334	750	-0.142173	-71.072406		
86	0.006093	750	-0.126818	-71.199224		
87	0.004988	750	-0.11082	-71.310045		
88	0.004013	750	-0.097374	-71.407419		
89	0.003162	750	-0.096129	-71.503547		
90	0.00243	750	-0.087333	-71.590881		
91	0.00181	750	-0.062151	-71.653031		
92	0.001296	750	-0.054542	-71.707573		
93	0.000882	750	-0.040584	-71.748157		
94	0.000559	750	-0.033459	-71.781616		
95	0.00032	750	-0.024771	-71.806387		
96	0.000156	750	-0.01844	-71.824827		
97	0.000057	750	-0.010219	-71.835046		
98	0.00001	750	-0.005235	-71.840281		
99	0	750	-0.001051	-71.841332		
Log marginal likelihood:	-71.841332					
0	0.975187	750	-1.726249	-1.726249		
1	0.950747	750	-1.694089	-3.420337		
2	0.926679	750	-1.668501	-5.088838		
3	0.90298	750	-1.632057	-6.720895		
4	0.879648	750	-1.601522	-8.322417		
5	0.856682	750	-1.59029	-9.912707		
6	0.834079	750	-1.545458	-11.458166		
7	0.811838	750	-1.553504	-13.011669		
8	0.789957	750	-1.4974	-14.509069		
9	0.768433	750	-1.515138	-16.024207		
10	0.747266	750	-1.489524	-17.513731		
11	0.726452	750	-1.448425	-18.962156		
12	0.705989	750	-1.409832	-20.371988		
13	0.685877	750	-1.442708	-21.814696		
14	0.666112	750	-1.390724	-23.20542		
15	0.646693	750	-1.389502	-24.594922		
16	0.627618	750	-1.340603	-25.935525		
17	0.608884	750	-1.339335	-27.274859		
18	0.59049	750	-1.316909	-28.591769		
19	0.572433	750	-1.286655	-29.878424		
20	0.554712	750	-1.267342	-31.145766		
21	0.537324	750	-1.253875	-32.399641		
22	0.520268	750	-1.221411	-33.621052		
23	0.50354	750	-1.182638	-34.803691		
24	0.487139	750	-1.176992	-35.980683		
25	0.471063	750	-1.165529	-37.146212		
26	0.45531	750	-1.139969	-38.28618		
27	0.439877	750	-1.10867	-39.394851		
28	0.424762	750	-1.090228	-40.485079		
29	0.409963	750	-1.087102	-41.572181		
30	0.395478	750	-1.044853	-42.617034		
31	0.381305	750	-1.039838	-43.656871		
32	0.36744	750	-1.025658	-44.682529		
33	0.353883	750	-0.99356	-45.676089		
34	0.34063	750	-0.967754	-46.643843		
35	0.32768	750	-0.963375	-47.607218		
36	0.31503	750	-0.935843	-48.543061		
37	0.302677	750	-0.926317	-49.469379		
38	0.290619	750	-0.897451	-50.36683		
39	0.278855	750	-0.887392	-51.254221		
40	0.267381	750	-0.851729	-52.10595		
41	0.256195	750	-0.850484	-52.956434		
42	0.245294	750	-0.831906	-53.78834		
43	0.234677	750	-0.797651	-54.585991		
44	0.22434	750	-0.774408	-55.360399		
45	0.214281	750	-0.781707	-56.142106		
46	0.204498	750	-0.749465	-56.891571		
47	0.194988	750	-0.726551	-57.618122		
48	0.185749	750	-0.715675	-58.333797		
49	0.176777	750	-0.687847	-59.021644		
50	0.16807	750	-0.662126	-59.68377		
51	0.159626	750	-0.654767	-60.338537		
52	0.151441	750	-0.631068	-60.969604		
53	0.143514	750	-0.625194	-61.594798		
54	0.135841	750	-0.59554	-62.190338		
55	0.12842	750	-0.585733	-62.776071		
56	0.121247	750	-0.569424	-63.345496		
57	0.11432	750	-0.550831	-63.896327		
58	0.107637	750	-0.539015	-64.435342		
59	0.101193	750	-0.519833	-64.955175		
60	0.094986	750	-0.500494	-65.455668		
61	0.089014	750	-0.500095	-65.955763		
62	0.083273	750	-0.471723	-66.427486		
63	0.07776	750	-0.460244	-66.88773		
64	0.072472	750	-0.453228	-67.340957		
65	0.067406	750	-0.426682	-67.767639		
66	0.062558	750	-0.421149	-68.188788		
67	0.057926	750	-0.389053	-68.577841		
68	0.053506	750	-0.395987	-68.973828		
69	0.049295	750	-0.367976	-69.341804		
70	0.045289	750	-0.350129	-69.691933		
71	0.041485	750	-0.340355	-70.032287		
72	0.03788	750	-0.330977	-70.363265		
73	0.034469	750	-0.310304	-70.673568		
74	0.03125	750	-0.296502	-70.97007		
75	0.028218	750	-0.287416	-71.257486		
76	0.02537	750	-0.265057	-71.522544		
77	0.022702	750	-0.268381	-71.790925		
78	0.020209	750	-0.236159	-72.027084		
79	0.017889	750	-0.237484	-72.264568		
80	0.015736	750	-0.206856	-72.471424		
81	0.013746	750	-0.216005	-72.687429		
82	0.011916	750	-0.182966	-72.870395		
83	0.01024	750	-0.159873	-73.030269		
84	0.008714	750	-0.151784	-73.182052		
85	0.007334	750	-0.138178	-73.320231		
86	0.006093	750	-0.131318	-73.451549		
87	0.004988	750	-0.115396	-73.566945		
88	0.004013	750	-0.107804	-73.674749		
89	0.003162	750	-0.092426	-73.767174		
90	0.00243	750	-0.077587	-73.844761		
91	0.00181	750	-0.061119	-73.90588		
92	0.001296	750	-0.052871	-73.958751		
93	0.000882	750	-0.050823	-74.009574		
94	0.000559	750	-0.037925	-74.047499		
95	0.00032	750	-0.026319	-74.073819		
96	0.000156	750	-0.01776	-74.091578		
97	0.000057	750	-0.010558	-74.102136		
98	0.00001	750	-0.005248	-74.107384		
99	0	750	-0.000984	-74.108368		
Log marginal likelihood:	-74.108368					
0	0.975187	750	-1.58378	-1.58378		
1	0.950747	750	-1.604265	-3.188045		
2	0.926679	750	-1.607907	-4.795952		
3	0.90298	750	-1.557194	-6.353146		
4	0.879648	750	-1.552715	-7.905861		
5	0.856682	750	-1.507501	-9.413362		
6	0.834079	750	-1.579619	-10.992981		
7	0.811838	750	-1.487165	-12.480146		
8	0.789957	750	-1.481401	-13.961547		
9	0.768433	750	-1.47858	-15.440127		
10	0.747266	750	-1.475629	-16.915756		
11	0.726452	750	-1.390065	-18.305821		
12	0.705989	750	-1.450841	-19.756661		
13	0.685877	750	-1.419557	-21.176218		
14	0.666112	750	-1.401554	-22.577772		
15	0.646693	750	-1.332618	-23.910391		
16	0.627618	750	-1.338048	-25.248439		
17	0.608884	750	-1.327956	-26.576395		
18	0.59049	750	-1.288936	-27.865331		
19	0.572433	750	-1.270911	-29.136242		
20	0.554712	750	-1.25316	-30.389402		
21	0.537324	750	-1.233502	-31.622904		
22	0.520268	750	-1.155292	-32.778196		
23	0.50354	750	-1.198059	-33.976255		
24	0.487139	750	-1.185431	-35.161686		
25	0.471063	750	-1.154805	-36.316491		
26	0.45531	750	-1.112831	-37.429322		
27	0.439877	750	-1.097557	-38.526878		
28	0.424762	750	-1.051447	-39.578326		
29	0.409963	750	-1.055542	-40.633868		
30	0.395478	750	-1.011358	-41.645226		
31	0.381305	750	-1.018387	-42.663613		
32	0.36744	750	-1.009951	-43.673564		
33	0.353883	750	-0.985247	-44.65881		
34	0.34063	750	-0.951557	-45.610367		
35	0.32768	750	-0.94267	-46.553037		
36	0.31503	750	-0.897516	-47.450554		
37	0.302677	750	-0.903052	-48.353606		
38	0.290619	750	-0.897375	-49.250981		
39	0.278855	750	-0.861336	-50.112316		
40	0.267381	750	-0.846288	-50.958604		
41	0.256195	750	-0.83471	-51.793314		
42	0.245294	750	-0.819045	-52.612359		
43	0.234677	750	-0.79782	-53.410179		
44	0.22434	750	-0.771558	-54.181737		
45	0.214281	750	-0.742687	-54.924424		
46	0.204498	750	-0.74154	-55.665964		
47	0.194988	750	-0.729842	-56.395806		
48	0.185749	750	-0.706532	-57.102338		
49	0.176777	750	-0.680728	-57.783066		
50	0.16807	750	-0.658333	-58.441399		
51	0.159626	750	-0.65068	-59.092079		
52	0.151441	750	-0.630613	-59.722692		
53	0.143514	750	-0.623746	-60.346438		
54	0.135841	750	-0.60821	-60.954648		
55	0.12842	750	-0.583545	-61.538194		
56	0.121247	750	-0.564719	-62.102913		
57	0.11432	750	-0.55223	-62.655143		
58	0.107637	750	-0.549807	-63.20495		
59	0.101193	750	-0.522358	-63.727307		
60	0.094986	750	-0.503986	-64.231294		
61	0.089014	750	-0.477468	-64.708761		
62	0.083273	750	-0.470318	-65.179079		
63	0.07776	750	-0.453386	-65.632465		
64	0.072472	750	-0.439429	-66.071893		
65	0.067406	750	-0.442531	-66.514424		
66	0.062558	750	-0.4141	-66.928524		
67	0.057926	750	-0.423121	-67.351645		
68	0.053506	750	-0.38297	-67.734616		
69	0.049295	750	-0.385233	-68.119849		
70	0.045289	750	-0.371402	-68.491251		
71	0.041485	750	-0.34627	-68.83752		
72	0.03788	750	-0.31992	-69.15744		
73	0.034469	750	-0.304473	-69.461913		
74	0.03125	750	-0.282763	-69.744677		
75	0.028218	750	-0.292042	-70.036719		
76	0.02537	750	-0.282875	-70.319594		
77	0.022702	750	-0.262447	-70.582041		
78	0.020209	750	-0.219978	-70.802019		
79	0.017889	750	-0.215732	-71.01775		
80	0.015736	750	-0.20416	-71.221911		
81	0.013746	750	-0.214095	-71.436006		
82	0.011916	750	-0.187385	-71.623391		
83	0.01024	750	-0.166234	-71.789626		
84	0.008714	750	-0.159154	-71.94878		
85	0.007334	750	-0.144779	-72.093559		
86	0.006093	750	-0.123549	-72.217108		
87	0.004988	750	-0.113631	-72.330738		
88	0.004013	750	-0.097653	-72.428392		
89	0.003162	750	-0.091108	-72.5195		
90	0.00243	750	-0.073336	-72.592836		
91	0.00181	750	-0.06999	-72.662825		
92	0.001296	750	-0.054203	-72.717028		
93	0.000882	750	-0.042162	-72.75919		
94	0.000559	750	-0.032563	-72.791753		
95	0.00032	750	-0.025191	-72.816944		
96	0.000156	750	-0.018064	-72.835007		
97	0.000057	750	-0.010761	-72.845769		
98	0.00001	750	-0.005048	-72.850817		
99	0	750	-0.001136	-72.851952		
Log marginal likelihood:	-72.851952					
0	0.975187	750	-1.517581	-1.517581		
1	0.950747	750	-1.504655	-3.022235		
2	0.926679	750	-1.47945	-4.501685		
3	0.90298	750	-1.45471	-5.956396		
4	0.879648	750	-1.437792	-7.394187		
5	0.856682	750	-1.427254	-8.821441		
6	0.834079	750	-1.367284	-10.188725		
7	0.811838	750	-1.374956	-11.563681		
8	0.789957	750	-1.406802	-12.970484		
9	0.768433	750	-1.411463	-14.381946		
10	0.747266	750	-1.345244	-15.727191		
11	0.726452	750	-1.321282	-17.048473		
12	0.705989	750	-1.339315	-18.387787		
13	0.685877	750	-1.310011	-19.697798		
14	0.666112	750	-1.268348	-20.966146		
15	0.646693	750	-1.267986	-22.234132		
16	0.627618	750	-1.186225	-23.420357		
17	0.608884	750	-1.30176	-24.722117		
18	0.59049	750	-1.192681	-25.914798		
19	0.572433	750	-1.235091	-27.14989		
20	0.554712	750	-1.12653	-28.27642		
21	0.537324	750	-1.095984	-29.372404		
22	0.520268	750	-1.078714	-30.451118		
23	0.50354	750	-1.079293	-31.530411		
24	0.487139	750	-1.113159	-32.64357		
25	0.471063	750	-1.074324	-33.717894		
26	0.45531	750	-1.101946	-34.81984		
27	0.439877	750	-1.113585	-35.933425		
28	0.424762	750	-1.019082	-36.952507		
29	0.409963	750	-1.037031	-37.989538		
30	0.395478	750	-1.042517	-39.032055		
31	0.381305	750	-1.012814	-40.044869		
32	0.36744	750	-0.969734	-41.014603		
33	0.353883	750	-0.978359	-41.992961		
34	0.34063	750	-0.952994	-42.945955		
35	0.32768	750	-0.951577	-43.897532		
36	0.31503	750	-0.884899	-44.782431		
37	0.302677	750	-0.913579	-45.69601		
38	0.290619	750	-0.859589	-46.5556		
39	0.278855	750	-0.860113	-47.415712		
40	0.267381	750	-0.827287	-48.243		
41	0.256195	750	-0.794164	-49.037164		
42	0.245294	750	-0.799952	-49.837116		
43	0.234677	750	-0.785331	-50.622446		
44	0.22434	750	-0.765191	-51.387637		
45	0.214281	750	-0.749387	-52.137025		
46	0.204498	750	-0.713142	-52.850167		
47	0.194988	750	-0.715441	-53.565608		
48	0.185749	750	-0.729897	-54.295505		
49	0.176777	750	-0.680845	-54.97635		
50	0.16807	750	-0.662511	-55.63886		
51	0.159626	750	-0.660393	-56.299254		
52	0.151441	750	-0.631613	-56.930867		
53	0.143514	750	-0.614737	-57.545603		
54	0.135841	750	-0.584476	-58.130079		
55	0.12842	750	-0.57766	-58.707739		
56	0.121247	750	-0.589605	-59.297344		
57	0.11432	750	-0.550753	-59.848097		
58	0.107637	750	-0.532729	-60.380825		
59	0.101193	750	-0.503596	-60.884421		
60	0.094986	750	-0.510199	-61.39462		
61	0.089014	750	-0.486518	-61.881138		
62	0.083273	750	-0.454124	-62.335262		
63	0.07776	750	-0.48272	-62.817983		
64	0.072472	750	-0.465124	-63.283107		
65	0.067406	750	-0.426641	-63.709749		
66	0.062558	750	-0.428209	-64.137957		
67	0.057926	750	-0.39321	-64.531167		
68	0.053506	750	-0.409838	-64.941005		
69	0.049295	750	-0.391706	-65.332711		
70	0.045289	750	-0.360324	-65.693035		
71	0.041485	750	-0.34425	-66.037285		
72	0.03788	750	-0.307208	-66.344492		
73	0.034469	750	-0.30041	-66.644903		
74	0.03125	750	-0.29411	-66.939013		
75	0.028218	750	-0.284046	-67.223059		
76	0.02537	750	-0.281616	-67.504675		
77	0.022702	750	-0.276654	-67.781329		
78	0.020209	750	-0.239434	-68.020764		
79	0.017889	750	-0.238569	-68.259333		
80	0.015736	750	-0.2191	-68.478432		
81	0.013746	750	-0.188206	-68.666639		
82	0.011916	750	-0.174257	-68.840896		
83	0.01024	750	-0.160702	-69.001598		
84	0.008714	750	-0.146519	-69.148117		
85	0.007334	750	-0.132867	-69.280983		
86	0.006093	750	-0.140364	-69.421347		
87	0.004988	750	-0.115493	-69.53684		
88	0.004013	750	-0.10123	-69.63807		
89	0.003162	750	-0.089092	-69.727162		
90	0.00243	750	-0.079928	-69.80709		
91	0.00181	750	-0.066001	-69.873091		
92	0.001296	750	-0.053684	-69.926775		
93	0.000882	750	-0.043702	-69.970476		
94	0.000559	750	-0.03391	-70.004387		
95	0.00032	750	-0.025436	-70.029823		
96	0.000156	750	-0.016247	-70.046069		
97	0.000057	750	-0.011661	-70.05773		
98	0.00001	750	-0.005179	-70.06291		
99	0	750	-0.001029	-70.063939		
Log marginal likelihood:	-70.063939					
0	0.975187	750	-1.643734	-1.643734		
1	0.950747	750	-1.581538	-3.225272		
2	0.926679	750	-1.557365	-4.782636		
3	0.90298	750	-1.627442	-6.410078		
4	0.879648	750	-1.552586	-7.962665		
5	0.856682	750	-1.5966	-9.559265		
6	0.834079	750	-1.552316	-11.111581		
7	0.811838	750	-1.560038	-12.671619		
8	0.789957	750	-1.581013	-14.252632		
9	0.768433	750	-1.503139	-15.755772		
10	0.747266	750	-1.490029	-17.245801		
11	0.726452	750	-1.473905	-18.719706		
12	0.705989	750	-1.429427	-20.149133		
13	0.685877	750	-1.41732	-21.566453		
14	0.666112	750	-1.45085	-23.017304		
15	0.646693	750	-1.336698	-24.354002		
16	0.627618	750	-1.351779	-25.705781		
17	0.608884	750	-1.361834	-27.067615		
18	0.59049	750	-1.294475	-28.36209		
19	0.572433	750	-1.273902	-29.635992		
20	0.554712	750	-1.317164	-30.953156		
21	0.537324	750	-1.243874	-32.19703		
22	0.520268	750	-1.259363	-33.456394		
23	0.50354	750	-1.222146	-34.678539		
24	0.487139	750	-1.203737	-35.882276		
25	0.471063	750	-1.142177	-37.024453		
26	0.45531	750	-1.134843	-38.159296		
27	0.439877	750	-1.141155	-39.300452		
28	0.424762	750	-1.125852	-40.426304		
29	0.409963	750	-1.101214	-41.527518		
30	0.395478	750	-1.06404	-42.591558		
31	0.381305	750	-1.036132	-43.62769		
32	0.36744	750	-1.021722	-44.649411		
33	0.353883	750	-1.016827	-45.666238		
34	0.34063	750	-0.977026	-46.643264		
35	0.32768	750	-0.97813	-47.621394		
36	0.31503	750	-0.949492	-48.570886		
37	0.302677	750	-0.920171	-49.491057		
38	0.290619	750	-0.90069	-50.391746		
39	0.278855	750	-0.892979	-51.284725		
40	0.267381	750	-0.885273	-52.169998		
41	0.256195	750	-0.873154	-53.043152		
42	0.245294	750	-0.834044	-53.877196		
43	0.234677	750	-0.802083	-54.679279		
44	0.22434	750	-0.801041	-55.48032		
45	0.214281	750	-0.785995	-56.266316		
46	0.204498	750	-0.780699	-57.047015		
47	0.194988	750	-0.739196	-57.786211		
48	0.185749	750	-0.755472	-58.541682		
49	0.176777	750	-0.700878	-59.242561		
50	0.16807	750	-0.683122	-59.925683		
51	0.159626	750	-0.681734	-60.607418		
52	0.151441	750	-0.653308	-61.260726		
53	0.143514	750	-0.646126	-61.906852		
54	0.135841	750	-0.636444	-62.543296		
55	0.12842	750	-0.604577	-63.147873		
56	0.121247	750	-0.595914	-63.743787		
57	0.11432	750	-0.569851	-64.313638		
58	0.107637	750	-0.556832	-64.87047		
59	0.101193	750	-0.526198	-65.396668		
60	0.094986	750	-0.514261	-65.910929		
61	0.089014	750	-0.527274	-66.438203		
62	0.083273	750	-0.496001	-66.934204		
63	0.07776	750	-0.469345	-67.403549		
64	0.072472	750	-0.443786	-67.847335		
65	0.067406	750	-0.457526	-68.30486		
66	0.062558	750	-0.424619	-68.729479		
67	0.057926	750	-0.415129	-69.144608		
68	0.053506	750	-0.403942	-69.54855		
69	0.049295	750	-0.373506	-69.922057		
70	0.045289	750	-0.393796	-70.315853		
71	0.041485	750	-0.355468	-70.671321		
72	0.03788	750	-0.334143	-71.005464		
73	0.034469	750	-0.329723	-71.335188		
74	0.03125	750	-0.336156	-71.671344		
75	0.028218	750	-0.279759	-71.951103		
76	0.02537	750	-0.279343	-72.230446		
77	0.022702	750	-0.277987	-72.508433		
78	0.020209	750	-0.24707	-72.755503		
79	0.017889	750	-0.22661	-72.982113		
80	0.015736	750	-0.228747	-73.210859		
81	0.013746	750	-0.20681	-73.417669		
82	0.011916	750	-0.195793	-73.613462		
83	0.01024	750	-0.181661	-73.795124		
84	0.008714	750	-0.156834	-73.951958		
85	0.007334	750	-0.140803	-74.092761		
86	0.006093	750	-0.131811	-74.224571		
87	0.004988	750	-0.137504	-74.362075		
88	0.004013	750	-0.110272	-74.472347		
89	0.003162	750	-0.086303	-74.55865		
90	0.00243	750	-0.076744	-74.635395		
91	0.00181	750	-0.073232	-74.708626		
92	0.001296	750	-0.053451	-74.762077		
93	0.000882	750	-0.048321	-74.810399		
94	0.000559	750	-0.035951	-74.846349		
95	0.00032	750	-0.026247	-74.872596		
96	0.000156	750	-0.019238	-74.891834		
97	0.000057	750	-0.010529	-74.902362		
98	0.00001	750	-0.005423	-74.907785		
99	0	750	-0.001112	-74.908897		
Log marginal likelihood:	-74.908897					
0	0.975187	750	-1.587729	-1.587729		
1	0.950747	750	-1.512228	-3.099957		
2	0.926679	750	-1.541613	-4.641571		
3	0.90298	750	-1.572136	-6.213707		
4	0.879648	750	-1.493609	-7.707316		
5	0.856682	750	-1.479046	-9.186362		
6	0.834079	750	-1.44511	-10.631472		
7	0.811838	750	-1.437746	-12.069218		
8	0.789957	750	-1.431127	-13.500345		
9	0.768433	750	-1.430955	-14.9313		
10	0.747266	750	-1.372579	-16.303879		
11	0.726452	750	-1.392219	-17.696098		
12	0.705989	750	-1.334566	-19.030664		
13	0.685877	750	-1.312241	-20.342905		
14	0.666112	750	-1.29812	-21.641025		
15	0.646693	750	-1.278436	-22.919461		
16	0.627618	750	-1.321256	-24.240717		
17	0.608884	750	-1.258136	-25.498853		
18	0.59049	750	-1.268155	-26.767008		
19	0.572433	750	-1.178869	-27.945877		
20	0.554712	750	-1.17728	-29.123156		
21	0.537324	750	-1.150078	-30.273234		
22	0.520268	750	-1.160326	-31.43356		
23	0.50354	750	-1.118791	-32.552351		
24	0.487139	750	-1.153915	-33.706266		
25	0.471063	750	-1.135071	-34.841338		
26	0.45531	750	-1.090878	-35.932216		
27	0.439877	750	-1.061412	-36.993628		
28	0.424762	750	-1.03402	-38.027648		
29	0.409963	750	-1.016594	-39.044243		
30	0.395478	750	-1.005296	-40.049539		
31	0.381305	750	-0.992993	-41.042532		
32	0.36744	750	-0.989457	-42.031989		
33	0.353883	750	-0.968902	-43.00089		
34	0.34063	750	-0.975155	-43.976046		
35	0.32768	750	-0.931649	-44.907695		
36	0.31503	750	-0.890951	-45.798646		
37	0.302677	750	-0.900556	-46.699202		
38	0.290619	750	-0.865726	-47.564928		
39	0.278855	750	-0.867791	-48.432719		
40	0.267381	750	-0.818422	-49.251141		
41	0.256195	750	-0.810548	-50.061689		
42	0.245294	750	-0.805459	-50.867147		
43	0.234677	750	-0.769286	-51.636433		
44	0.22434	750	-0.765544	-52.401977		
45	0.214281	750	-0.742746	-53.144723		
46	0.204498	750	-0.736619	-53.881342		
47	0.194988	750	-0.714281	-54.595623		
48	0.185749	750	-0.699515	-55.295138		
49	0.176777	750	-0.676489	-55.971627		
50	0.16807	750	-0.659183	-56.63081		
51	0.159626	750	-0.626005	-57.256814		
52	0.151441	750	-0.628251	-57.885065		
53	0.143514	750	-0.632692	-58.517757		
54	0.135841	750	-0.613328	-59.131085		
55	0.12842	750	-0.585174	-59.716259		
56	0.121247	750	-0.551428	-60.267687		
57	0.11432	750	-0.527546	-60.795234		
58	0.107637	750	-0.541425	-61.336659		
59	0.101193	750	-0.506301	-61.84296		
60	0.094986	750	-0.500117	-62.343077		
61	0.089014	750	-0.482322	-62.825399		
62	0.083273	750	-0.457486	-63.282885		
63	0.07776	750	-0.465116	-63.748002		
64	0.072472	750	-0.448963	-64.196964		
65	0.067406	750	-0.414984	-64.611949		
66	0.062558	750	-0.431967	-65.043915		
67	0.057926	750	-0.411891	-65.455806		
68	0.053506	750	-0.385854	-65.84166		
69	0.049295	750	-0.378919	-66.220579		
70	0.045289	750	-0.34737	-66.56795		
71	0.041485	750	-0.339396	-66.907346		
72	0.03788	750	-0.323398	-67.230744		
73	0.034469	750	-0.317728	-67.548472		
74	0.03125	750	-0.304226	-67.852698		
75	0.028218	750	-0.289168	-68.141866		
76	0.02537	750	-0.276683	-68.418549		
77	0.022702	750	-0.253961	-68.67251		
78	0.020209	750	-0.248122	-68.920632		
79	0.017889	750	-0.22657	-69.147202		
80	0.015736	750	-0.215382	-69.362585		
81	0.013746	750	-0.198231	-69.560815		
82	0.011916	750	-0.195688	-69.756503		
83	0.01024	750	-0.162371	-69.918874		
84	0.008714	750	-0.176786	-70.095659		
85	0.007334	750	-0.154236	-70.249895		
86	0.006093	750	-0.133234	-70.38313		
87	0.004988	750	-0.122266	-70.505396		
88	0.004013	750	-0.098098	-70.603494		
89	0.003162	750	-0.09364	-70.697133		
90	0.00243	750	-0.079536	-70.77667		
91	0.00181	750	-0.066515	-70.843185		
92	0.001296	750	-0.05771	-70.900895		
93	0.000882	750	-0.042427	-70.943322		
94	0.000559	750	-0.034563	-70.977885		
95	0.00032	750	-0.023821	-71.001706		
96	0.000156	750	-0.018383	-71.020089		
97	0.000057	750	-0.011105	-71.031194		
98	0.00001	750	-0.004857	-71.036051		
99	0	750	-0.001049	-71.0371		
Log marginal likelihood:	-71.0371					
0	0.975187	750	-1.616397	-1.616397		
1	0.950747	750	-1.636371	-3.252768		
2	0.926679	750	-1.514179	-4.766947		
3	0.90298	750	-1.542388	-6.309336		
4	0.879648	750	-1.527367	-7.836703		
5	0.856682	750	-1.48291	-9.319613		
6	0.834079	750	-1.454867	-10.77448		
7	0.811838	750	-1.485472	-12.259952		
8	0.789957	750	-1.453266	-13.713218		
9	0.768433	750	-1.382371	-15.095589		
10	0.747266	750	-1.396026	-16.491615		
11	0.726452	750	-1.372445	-17.864059		
12	0.705989	750	-1.350144	-19.214203		
13	0.685877	750	-1.31407	-20.528273		
14	0.666112	750	-1.320146	-21.848419		
15	0.646693	750	-1.297785	-23.146204		
16	0.627618	750	-1.302359	-24.448563		
17	0.608884	750	-1.245565	-25.694128		
18	0.59049	750	-1.234315	-26.928442		
19	0.572433	750	-1.268038	-28.19648		
20	0.554712	750	-1.204127	-29.400607		
21	0.537324	750	-1.23502	-30.635627		
22	0.520268	750	-1.146043	-31.78167		
23	0.50354	750	-1.174031	-32.955701		
24	0.487139	750	-1.132702	-34.088403		
25	0.471063	750	-1.106259	-35.194662		
26	0.45531	750	-1.102349	-36.29701		
27	0.439877	750	-1.099822	-37.396832		
28	0.424762	750	-1.082245	-38.479077		
29	0.409963	750	-1.05511	-39.534186		
30	0.395478	750	-1.013826	-40.548012		
31	0.381305	750	-0.966635	-41.514647		
32	0.36744	750	-0.944631	-42.459278		
33	0.353883	750	-0.969826	-43.429105		
34	0.34063	750	-0.936	-44.365105		
35	0.32768	750	-0.928501	-45.293606		
36	0.31503	750	-0.895994	-46.1896		
37	0.302677	750	-0.882199	-47.071799		
38	0.290619	750	-0.869091	-47.94089		
39	0.278855	750	-0.851588	-48.792478		
40	0.267381	750	-0.832753	-49.625232		
41	0.256195	750	-0.818297	-50.443529		
42	0.245294	750	-0.806141	-51.24967		
43	0.234677	750	-0.781117	-52.030787		
44	0.22434	750	-0.767471	-52.798258		
45	0.214281	750	-0.758828	-53.557087		
46	0.204498	750	-0.7212	-54.278287		
47	0.194988	750	-0.719616	-54.997903		
48	0.185749	750	-0.693035	-55.690938		
49	0.176777	750	-0.676955	-56.367893		
50	0.16807	750	-0.661522	-57.029414		
51	0.159626	750	-0.627179	-57.656593		
52	0.151441	750	-0.627531	-58.284124		
53	0.143514	750	-0.599766	-58.88389		
54	0.135841	750	-0.594733	-59.478623		
55	0.12842	750	-0.57223	-60.050853		
56	0.121247	750	-0.591894	-60.642747		
57	0.11432	750	-0.543872	-61.186619		
58	0.107637	750	-0.539923	-61.726542		
59	0.101193	750	-0.49871	-62.225252		
60	0.094986	750	-0.490105	-62.715357		
61	0.089014	750	-0.494467	-63.209823		
62	0.083273	750	-0.45519	-63.665013		
63	0.07776	750	-0.457429	-64.122442		
64	0.072472	750	-0.466231	-64.588673		
65	0.067406	750	-0.43445	-65.023123		
66	0.062558	750	-0.396535	-65.419658		
67	0.057926	750	-0.384308	-65.803966		
68	0.053506	750	-0.388636	-66.192603		
69	0.049295	750	-0.382153	-66.574755		
70	0.045289	750	-0.366186	-66.940941		
71	0.041485	750	-0.341234	-67.282176		
72	0.03788	750	-0.326214	-67.60839		
73	0.034469	750	-0.321103	-67.929493		
74	0.03125	750	-0.308768	-68.238261		
75	0.028218	750	-0.292282	-68.530543		
76	0.02537	750	-0.271959	-68.802501		
77	0.022702	750	-0.253595	-69.056096		
78	0.020209	750	-0.233494	-69.28959		
79	0.017889	750	-0.220542	-69.510132		
80	0.015736	750	-0.192318	-69.70245		
81	0.013746	750	-0.198128	-69.900578		
82	0.011916	750	-0.174909	-70.075487		
83	0.01024	750	-0.158689	-70.234176		
84	0.008714	750	-0.150407	-70.384583		
85	0.007334	750	-0.129188	-70.51377		
86	0.006093	750	-0.130901	-70.644672		
87	0.004988	750	-0.108258	-70.75293		
88	0.004013	750	-0.106288	-70.859217		
89	0.003162	750	-0.098861	-70.958078		
90	0.00243	750	-0.08094	-71.039018		
91	0.00181	750	-0.072139	-71.111157		
92	0.001296	750	-0.04861	-71.159767		
93	0.000882	750	-0.040684	-71.200451		
94	0.000559	750	-0.038531	-71.238982		
95	0.00032	750	-0.025746	-71.264728		
96	0.000156	750	-0.018205	-71.282933		
97	0.000057	750	-0.010517	-71.29345		
98	0.00001	750	-0.005028	-71.298478		
99	0	750	-0.001087	-71.299565		
Log marginal likelihood:	-71.299565					
0	0.975187	750	-1.557542	-1.557542		
1	0.950747	750	-1.599869	-3.157411		
2	0.926679	750	-1.594157	-4.751568		
3	0.90298	750	-1.468664	-6.220231		
4	0.879648	750	-1.524874	-7.745106		
5	0.856682	750	-1.495693	-9.240799		
6	0.834079	750	-1.463469	-10.704267		
7	0.811838	750	-1.454326	-12.158593		
8	0.789957	750	-1.371321	-13.529915		
9	0.768433	750	-1.416267	-14.946182		
10	0.747266	750	-1.447508	-16.39369		
11	0.726452	750	-1.362153	-17.755843		
12	0.705989	750	-1.425472	-19.181315		
13	0.685877	750	-1.36943	-20.550745		
14	0.666112	750	-1.384823	-21.935568		
15	0.646693	750	-1.303436	-23.239004		
16	0.627618	750	-1.251576	-24.49058		
17	0.608884	750	-1.322565	-25.813145		
18	0.59049	750	-1.235014	-27.048159		
19	0.572433	750	-1.272717	-28.320877		
20	0.554712	750	-1.269557	-29.590434		
21	0.537324	750	-1.190649	-30.781083		
22	0.520268	750	-1.162912	-31.943995		
23	0.50354	750	-1.123029	-33.067024		
24	0.487139	750	-1.169666	-34.23669		
25	0.471063	750	-1.150431	-35.387121		
26	0.45531	750	-1.089454	-36.476575		
27	0.439877	750	-1.097763	-37.574338		
28	0.424762	750	-1.095825	-38.670163		
29	0.409963	750	-1.054101	-39.724264		
30	0.395478	750	-1.024193	-40.748457		
31	0.381305	750	-0.983355	-41.731811		
32	0.36744	750	-0.972113	-42.703925		
33	0.353883	750	-0.968666	-43.672591		
34	0.34063	750	-0.975277	-44.647868		
35	0.32768	750	-0.945212	-45.59308		
36	0.31503	750	-0.936106	-46.529187		
37	0.302677	750	-0.908057	-47.437244		
38	0.290619	750	-0.901264	-48.338507		
39	0.278855	750	-0.866049	-49.204556		
40	0.267381	750	-0.850269	-50.054825		
41	0.256195	750	-0.817527	-50.872352		
42	0.245294	750	-0.795649	-51.668001		
43	0.234677	750	-0.78712	-52.45512		
44	0.22434	750	-0.746973	-53.202094		
45	0.214281	750	-0.759452	-53.961546		
46	0.204498	750	-0.724511	-54.686057		
47	0.194988	750	-0.721732	-55.407788		
48	0.185749	750	-0.702393	-56.110181		
49	0.176777	750	-0.677984	-56.788165		
50	0.16807	750	-0.666538	-57.454703		
51	0.159626	750	-0.637368	-58.092071		
52	0.151441	750	-0.630113	-58.722184		
53	0.143514	750	-0.608247	-59.330431		
54	0.135841	750	-0.606133	-59.936564		
55	0.12842	750	-0.607226	-60.543791		
56	0.121247	750	-0.555177	-61.098968		
57	0.11432	750	-0.550237	-61.649205		
58	0.107637	750	-0.536949	-62.186153		
59	0.101193	750	-0.518027	-62.704181		
60	0.094986	750	-0.529228	-63.233409		
61	0.089014	750	-0.490052	-63.72346		
62	0.083273	750	-0.470315	-64.193775		
63	0.07776	750	-0.444784	-64.638559		
64	0.072472	750	-0.44288	-65.081439		
65	0.067406	750	-0.42166	-65.503099		
66	0.062558	750	-0.420473	-65.923572		
67	0.057926	750	-0.392335	-66.315907		
68	0.053506	750	-0.391267	-66.707173		
69	0.049295	750	-0.365077	-67.07225		
70	0.045289	750	-0.359246	-67.431496		
71	0.041485	750	-0.323853	-67.75535		
72	0.03788	750	-0.325988	-68.081338		
73	0.034469	750	-0.321263	-68.402601		
74	0.03125	750	-0.302606	-68.705207		
75	0.028218	750	-0.272133	-68.97734		
76	0.02537	750	-0.271245	-69.248585		
77	0.022702	750	-0.245831	-69.494416		
78	0.020209	750	-0.258246	-69.752662		
79	0.017889	750	-0.218629	-69.971291		
80	0.015736	750	-0.203807	-70.175098		
81	0.013746	750	-0.199321	-70.374419		
82	0.011916	750	-0.19397	-70.568389		
83	0.01024	750	-0.170314	-70.738703		
84	0.008714	750	-0.151793	-70.890496		
85	0.007334	750	-0.137671	-71.028167		
86	0.006093	750	-0.120432	-71.148599		
87	0.004988	750	-0.106654	-71.255252		
88	0.004013	750	-0.101822	-71.357074		
89	0.003162	750	-0.096761	-71.453835		
90	0.00243	750	-0.074928	-71.528763		
91	0.00181	750	-0.068267	-71.597031		
92	0.001296	750	-0.05726	-71.654291		
93	0.000882	750	-0.046648	-71.700939		
94	0.000559	750	-0.035915	-71.736854		
95	0.00032	750	-0.025633	-71.762487		
96	0.000156	750	-0.018364	-71.780851		
97	0.000057	750	-0.010785	-71.791637		
98	0.00001	750	-0.004451	-71.796087		
99	0	750	-0.001156	-71.797243		
Log marginal likelihood:	-71.797243					
0	0.975187	750	-1.477238	-1.477238		
1	0.950747	750	-1.441231	-2.918469		
2	0.926679	750	-1.408733	-4.327202		
3	0.90298	750	-1.38933	-5.716532		
4	0.879648	750	-1.381245	-7.097778		
5	0.856682	750	-1.33492	-8.432697		
6	0.834079	750	-1.3591	-9.791798		
7	0.811838	750	-1.326946	-11.118743		
8	0.789957	750	-1.28213	-12.400873		
9	0.768433	750	-1.334928	-13.735801		
10	0.747266	750	-1.29594	-15.03174		
11	0.726452	750	-1.274286	-16.306026		
12	0.705989	750	-1.21666	-17.522686		
13	0.685877	750	-1.212803	-18.735489		
14	0.666112	750	-1.198932	-19.934421		
15	0.646693	750	-1.210743	-21.145164		
16	0.627618	750	-1.162788	-22.307952		
17	0.608884	750	-1.194145	-23.502097		
18	0.59049	750	-1.19396	-24.696057		
19	0.572433	750	-1.144705	-25.840762		
20	0.554712	750	-1.160044	-27.000806		
21	0.537324	750	-1.205724	-28.20653		
22	0.520268	750	-1.098197	-29.304728		
23	0.50354	750	-1.155358	-30.460086		
24	0.487139	750	-1.036872	-31.496958		
25	0.471063	750	-1.067903	-32.564861		
26	0.45531	750	-1.041847	-33.606708		
27	0.439877	750	-1.009801	-34.616508		
28	0.424762	750	-1.030131	-35.646639		
29	0.409963	750	-1.041298	-36.687937		
30	0.395478	750	-0.989121	-37.677058		
31	0.381305	750	-0.990959	-38.668017		
32	0.36744	750	-0.959004	-39.62702		
33	0.353883	750	-0.921353	-40.548373		
34	0.34063	750	-0.914012	-41.462385		
35	0.32768	750	-0.890911	-42.353297		
36	0.31503	750	-0.896888	-43.250185		
37	0.302677	750	-0.861057	-44.111242		
38	0.290619	750	-0.835151	-44.946393		
39	0.278855	750	-0.86715	-45.813544		
40	0.267381	750	-0.826106	-46.63965		
41	0.256195	750	-0.78322	-47.422869		
42	0.245294	750	-0.767736	-48.190605		
43	0.234677	750	-0.787005	-48.97761		
44	0.22434	750	-0.739853	-49.717463		
45	0.214281	750	-0.731798	-50.449261		
46	0.204498	750	-0.699849	-51.14911		
47	0.194988	750	-0.719931	-51.869042		
48	0.185749	750	-0.674	-52.543042		
49	0.176777	750	-0.66628	-53.209321		
50	0.16807	750	-0.642151	-53.851472		
51	0.159626	750	-0.63525	-54.486722		
52	0.151441	750	-0.595991	-55.082713		
53	0.143514	750	-0.632134	-55.714847		
54	0.135841	750	-0.597789	-56.312636		
55	0.12842	750	-0.570795	-56.88343		
56	0.121247	750	-0.545034	-57.428465		
57	0.11432	750	-0.549891	-57.978355		
58	0.107637	750	-0.538456	-58.516812		
59	0.101193	750	-0.503903	-59.020715		
60	0.094986	750	-0.504906	-59.525621		
61	0.089014	750	-0.48035	-60.005971		
62	0.083273	750	-0.499898	-60.505869		
63	0.07776	750	-0.437935	-60.943804		
64	0.072472	750	-0.448852	-61.392656		
65	0.067406	750	-0.411745	-61.804401		
66	0.062558	750	-0.414978	-62.219379		
67	0.057926	750	-0.384817	-62.604196		
68	0.053506	750	-0.38012	-62.984316		
69	0.049295	750	-0.368222	-63.352538		
70	0.045289	750	-0.353051	-63.705589		
71	0.041485	750	-0.351885	-64.057474		
72	0.03788	750	-0.317762	-64.375236		
73	0.034469	750	-0.30644	-64.681676		
74	0.03125	750	-0.299457	-64.981133		
75	0.028218	750	-0.279531	-65.260664		
76	0.02537	750	-0.266219	-65.526883		
77	0.022702	750	-0.238474	-65.765357		
78	0.020209	750	-0.244764	-66.010121		
79	0.017889	750	-0.229459	-66.23958		
80	0.015736	750	-0.219892	-66.459472		
81	0.013746	750	-0.193673	-66.653145		
82	0.011916	750	-0.18271	-66.835856		
83	0.01024	750	-0.160868	-66.996724		
84	0.008714	750	-0.14823	-67.144954		
85	0.007334	750	-0.145464	-67.290418		
86	0.006093	750	-0.130906	-67.421324		
87	0.004988	750	-0.111296	-67.53262		
88	0.004013	750	-0.09908	-67.6317		
89	0.003162	750	-0.085156	-67.716856		
90	0.00243	750	-0.073251	-67.790107		
91	0.00181	750	-0.063961	-67.854068		
92	0.001296	750	-0.058261	-67.912328		
93	0.000882	750	-0.049752	-67.96208		
94	0.000559	750	-0.034585	-67.996665		
95	0.00032	750	-0.026811	-68.023477		
96	0.000156	750	-0.01862	-68.042097		
97	0.000057	750	-0.010972	-68.053069		
98	0.00001	750	-0.004772	-68.05784		
99	0	750	-0.001145	-68.058985		
Log marginal likelihood:	-68.058985					
0	0.975187	750	-1.500085	-1.500085		
1	0.950747	750	-1.468285	-2.96837		
2	0.926679	750	-1.44149	-4.40986		
3	0.90298	750	-1.416787	-5.826647		
4	0.879648	750	-1.386971	-7.213619		
5	0.856682	750	-1.392454	-8.606072		
6	0.834079	750	-1.375189	-9.981261		
7	0.811838	750	-1.38078	-11.362042		
8	0.789957	750	-1.356786	-12.718828		
9	0.768433	750	-1.3022	-14.021028		
10	0.747266	750	-1.318415	-15.339443		
11	0.726452	750	-1.278307	-16.61775		
12	0.705989	750	-1.296161	-17.913911		
13	0.685877	750	-1.292262	-19.206172		
14	0.666112	750	-1.2053	-20.411473		
15	0.646693	750	-1.230512	-21.641985		
16	0.627618	750	-1.190534	-22.832519		
17	0.608884	750	-1.196944	-24.029463		
18	0.59049	750	-1.15226	-25.181722		
19	0.572433	750	-1.134677	-26.316399		
20	0.554712	750	-1.124375	-27.440775		
21	0.537324	750	-1.129654	-28.570429		
22	0.520268	750	-1.061623	-29.632051		
23	0.50354	750	-1.08018	-30.712232		
24	0.487139	750	-1.103045	-31.815276		
25	0.471063	750	-1.116294	-32.93157		
26	0.45531	750	-1.036393	-33.967963		
27	0.439877	750	-1.068553	-35.036516		
28	0.424762	750	-1.072546	-36.109062		
29	0.409963	750	-0.997541	-37.106602		
30	0.395478	750	-0.925555	-38.032157		
31	0.381305	750	-0.975279	-39.007437		
32	0.36744	750	-0.9715	-39.978937		
33	0.353883	750	-0.942458	-40.921395		
34	0.34063	750	-0.913967	-41.835362		
35	0.32768	750	-0.891561	-42.726923		
36	0.31503	750	-0.869286	-43.596209		
37	0.302677	750	-0.874234	-44.470443		
38	0.290619	750	-0.845224	-45.315667		
39	0.278855	750	-0.890244	-46.20591		
40	0.267381	750	-0.813908	-47.019818		
41	0.256195	750	-0.840638	-47.860456		
42	0.245294	750	-0.808747	-48.669204		
43	0.234677	750	-0.774832	-49.444036		
44	0.22434	750	-0.744523	-50.188559		
45	0.214281	750	-0.755991	-50.94455		
46	0.204498	750	-0.728137	-51.672687		
47	0.194988	750	-0.713474	-52.386161		
48	0.185749	750	-0.689671	-53.075832		
49	0.176777	750	-0.695583	-53.771415		
50	0.16807	750	-0.686501	-54.457915		
51	0.159626	750	-0.643302	-55.101217		
52	0.151441	750	-0.628434	-55.729651		
53	0.143514	750	-0.610583	-56.340235		
54	0.135841	750	-0.613722	-56.953957		
55	0.12842	750	-0.599803	-57.55376		
56	0.121247	750	-0.583536	-58.137297		
57	0.11432	750	-0.544222	-58.681519		
58	0.107637	750	-0.530162	-59.211681		
59	0.101193	750	-0.520556	-59.732237		
60	0.094986	750	-0.506818	-60.239055		
61	0.089014	750	-0.472596	-60.711651		
62	0.083273	750	-0.50011	-61.211761		
63	0.07776	750	-0.476558	-61.688319		
64	0.072472	750	-0.466056	-62.154375		
65	0.067406	750	-0.446692	-62.601067		
66	0.062558	750	-0.430085	-63.031152		
67	0.057926	750	-0.395945	-63.427098		
68	0.053506	750	-0.383987	-63.811085		
69	0.049295	750	-0.414303	-64.225387		
70	0.045289	750	-0.346508	-64.571896		
71	0.041485	750	-0.334414	-64.90631		
72	0.03788	750	-0.345755	-65.252066		
73	0.034469	750	-0.312807	-65.564872		
74	0.03125	750	-0.288727	-65.853599		
75	0.028218	750	-0.274877	-66.128476		
76	0.02537	750	-0.290118	-66.418595		
77	0.022702	750	-0.261374	-66.679969		
78	0.020209	750	-0.237078	-66.917046		
79	0.017889	750	-0.230293	-67.14734		
80	0.015736	750	-0.209869	-67.357209		
81	0.013746	750	-0.203986	-67.561195		
82	0.011916	750	-0.180364	-67.741559		
83	0.01024	750	-0.175993	-67.917552		
84	0.008714	750	-0.168316	-68.085869		
85	0.007334	750	-0.143094	-68.228963		
86	0.006093	750	-0.144845	-68.373808		
87	0.004988	750	-0.116398	-68.490205		
88	0.004013	750	-0.115313	-68.605519		
89	0.003162	750	-0.08971	-68.695229		
90	0.00243	750	-0.078644	-68.773873		
91	0.00181	750	-0.064653	-68.838526		
92	0.001296	750	-0.052591	-68.891116		
93	0.000882	750	-0.04418	-68.935296		
94	0.000559	750	-0.036128	-68.971424		
95	0.00032	750	-0.023942	-68.995366		
96	0.000156	750	-0.016729	-69.012095		
97	0.000057	750	-0.010838	-69.022933		
98	0.00001	750	-0.004847	-69.027779		
99	0	750	-0.001013	-69.028792		
Log marginal likelihood:	-69.028792					
0	0.975187	750	-1.706262	-1.706262		
1	0.950747	750	-1.677178	-3.38344		
2	0.926679	750	-1.688254	-5.071694		
3	0.90298	750	-1.642316	-6.71401		
4	0.879648	750	-1.611162	-8.325172		
5	0.856682	750	-1.617042	-9.942214		
6	0.834079	750	-1.614793	-11.557008		
7	0.811838	750	-1.520342	-13.07735		
8	0.789957	750	-1.529209	-14.606559		
9	0.768433	750	-1.531507	-16.138066		
10	0.747266	750	-1.486785	-17.624851		
11	0.726452	750	-1.470579	-19.095429		
12	0.705989	750	-1.419965	-20.515394		
13	0.685877	750	-1.445112	-21.960506		
14	0.666112	750	-1.408046	-23.368552		
15	0.646693	750	-1.360521	-24.729073		
16	0.627618	750	-1.365033	-26.094106		
17	0.608884	750	-1.339286	-27.433393		
18	0.59049	750	-1.283088	-28.716481		
19	0.572433	750	-1.224871	-29.941352		
20	0.554712	750	-1.260738	-31.20209		
21	0.537324	750	-1.208773	-32.410863		
22	0.520268	750	-1.217778	-33.628641		
23	0.50354	750	-1.217383	-34.846024		
24	0.487139	750	-1.166574	-36.012598		
25	0.471063	750	-1.14433	-37.156928		
26	0.45531	750	-1.119559	-38.276487		
27	0.439877	750	-1.114888	-39.391375		
28	0.424762	750	-1.09956	-40.490935		
29	0.409963	750	-1.083076	-41.574012		
30	0.395478	750	-1.062162	-42.636174		
31	0.381305	750	-1.023734	-43.659908		
32	0.36744	750	-1.000154	-44.660062		
33	0.353883	750	-0.988725	-45.648788		
34	0.34063	750	-0.979569	-46.628357		
35	0.32768	750	-0.957337	-47.585694		
36	0.31503	750	-0.919817	-48.505511		
37	0.302677	750	-0.91223	-49.41774		
38	0.290619	750	-0.900532	-50.318273		
39	0.278855	750	-0.884391	-51.202664		
40	0.267381	750	-0.857914	-52.060577		
41	0.256195	750	-0.850514	-52.911092		
42	0.245294	750	-0.810899	-53.72199		
43	0.234677	750	-0.797773	-54.519763		
44	0.22434	750	-0.784508	-55.304271		
45	0.214281	750	-0.753905	-56.058176		
46	0.204498	750	-0.731128	-56.789303		
47	0.194988	750	-0.731186	-57.520489		
48	0.185749	750	-0.709851	-58.230341		
49	0.176777	750	-0.697079	-58.92742		
50	0.16807	750	-0.672001	-59.599421		
51	0.159626	750	-0.660844	-60.260265		
52	0.151441	750	-0.657927	-60.918192		
53	0.143514	750	-0.62314	-61.541332		
54	0.135841	750	-0.60519	-62.146522		
55	0.12842	750	-0.579002	-62.725524		
56	0.121247	750	-0.568322	-63.293847		
57	0.11432	750	-0.558146	-63.851993		
58	0.107637	750	-0.549041	-64.401034		
59	0.101193	750	-0.513365	-64.914399		
60	0.094986	750	-0.520872	-65.435271		
61	0.089014	750	-0.488611	-65.923881		
62	0.083273	750	-0.489457	-66.413338		
63	0.07776	750	-0.461443	-66.874781		
64	0.072472	750	-0.434432	-67.309213		
65	0.067406	750	-0.427171	-67.736384		
66	0.062558	750	-0.40705	-68.143433		
67	0.057926	750	-0.408444	-68.551877		
68	0.053506	750	-0.377647	-68.929524		
69	0.049295	750	-0.37434	-69.303864		
70	0.045289	750	-0.33707	-69.640934		
71	0.041485	750	-0.349572	-69.990506		
72	0.03788	750	-0.303411	-70.293917		
73	0.034469	750	-0.302204	-70.596121		
74	0.03125	750	-0.299819	-70.895941		
75	0.028218	750	-0.290274	-71.186214		
76	0.02537	750	-0.264059	-71.450274		
77	0.022702	750	-0.243132	-71.693406		
78	0.020209	750	-0.233603	-71.927009		
79	0.017889	750	-0.220094	-72.147103		
80	0.015736	750	-0.207274	-72.354377		
81	0.013746	750	-0.207589	-72.561966		
82	0.011916	750	-0.178598	-72.740564		
83	0.01024	750	-0.172588	-72.913152		
84	0.008714	750	-0.157012	-73.070164		
85	0.007334	750	-0.135939	-73.206102		
86	0.006093	750	-0.145696	-73.351798		
87	0.004988	750	-0.121003	-73.472801		
88	0.004013	750	-0.107161	-73.579962		
89	0.003162	750	-0.084648	-73.66461		
90	0.00243	750	-0.079187	-73.743796		
91	0.00181	750	-0.062999	-73.806795		
92	0.001296	750	-0.056481	-73.863276		
93	0.000882	750	-0.047589	-73.910865		
94	0.000559	750	-0.032806	-73.943671		
95	0.00032	750	-0.029564	-73.973236		
96	0.000156	750	-0.016221	-73.989457		
97	0.000057	750	-0.01075	-74.000207		
98	0.00001	750	-0.005057	-74.005264		
99	0	750	-0.001023	-74.006287		
Log marginal likelihood:	-74.006287					
0	0.975187	750	-1.539321	-1.539321		
1	0.950747	750	-1.540406	-3.079727		
2	0.926679	750	-1.54591	-4.625637		
3	0.90298	750	-1.480289	-6.105927		
4	0.879648	750	-1.450949	-7.556876		
5	0.856682	750	-1.441123	-8.997999		
6	0.834079	750	-1.448551	-10.446549		
7	0.811838	750	-1.493388	-11.939937		
8	0.789957	750	-1.404015	-13.343952		
9	0.768433	750	-1.327325	-14.671277		
10	0.747266	750	-1.44331	-16.114588		
11	0.726452	750	-1.42372	-17.538308		
12	0.705989	750	-1.319473	-18.85778		
13	0.685877	750	-1.351301	-20.209081		
14	0.666112	750	-1.310402	-21.519483		
15	0.646693	750	-1.374348	-22.893831		
16	0.627618	750	-1.258381	-24.152212		
17	0.608884	750	-1.174699	-25.326911		
18	0.59049	750	-1.278392	-26.605303		
19	0.572433	750	-1.162579	-27.767882		
20	0.554712	750	-1.291394	-29.059276		
21	0.537324	750	-1.214043	-30.273319		
22	0.520268	750	-1.212559	-31.485878		
23	0.50354	750	-1.24215	-32.728028		
24	0.487139	750	-1.178209	-33.906237		
25	0.471063	750	-1.143737	-35.049975		
26	0.45531	750	-1.176905	-36.22688		
27	0.439877	750	-1.090823	-37.317703		
28	0.424762	750	-1.083552	-38.401255		
29	0.409963	750	-1.095392	-39.496647		
30	0.395478	750	-1.055563	-40.552211		
31	0.381305	750	-1.057423	-41.609634		
32	0.36744	750	-1.025286	-42.63492		
33	0.353883	750	-0.987378	-43.622297		
34	0.34063	750	-0.977528	-44.599825		
35	0.32768	750	-0.972987	-45.572812		
36	0.31503	750	-0.933668	-46.50648		
37	0.302677	750	-0.917286	-47.423766		
38	0.290619	750	-0.853754	-48.277521		
39	0.278855	750	-0.892309	-49.16983		
40	0.267381	750	-0.863864	-50.033694		
41	0.256195	750	-0.856114	-50.889808		
42	0.245294	750	-0.829949	-51.719757		
43	0.234677	750	-0.812362	-52.532119		
44	0.22434	750	-0.789777	-53.321895		
45	0.214281	750	-0.762816	-54.084711		
46	0.204498	750	-0.754525	-54.839236		
47	0.194988	750	-0.732433	-55.571669		
48	0.185749	750	-0.701533	-56.273202		
49	0.176777	750	-0.70909	-56.982292		
50	0.16807	750	-0.689399	-57.671691		
51	0.159626	750	-0.662032	-58.333723		
52	0.151441	750	-0.641311	-58.975034		
53	0.143514	750	-0.631871	-59.606905		
54	0.135841	750	-0.613523	-60.220428		
55	0.12842	750	-0.583963	-60.804391		
56	0.121247	750	-0.578982	-61.383372		
57	0.11432	750	-0.563736	-61.947108		
58	0.107637	750	-0.549631	-62.49674		
59	0.101193	750	-0.537797	-63.034537		
60	0.094986	750	-0.522587	-63.557124		
61	0.089014	750	-0.500736	-64.05786		
62	0.083273	750	-0.49713	-64.55499		
63	0.07776	750	-0.481048	-65.036038		
64	0.072472	750	-0.469038	-65.505076		
65	0.067406	750	-0.424546	-65.929621		
66	0.062558	750	-0.418707	-66.348329		
67	0.057926	750	-0.389646	-66.737975		
68	0.053506	750	-0.395388	-67.133362		
69	0.049295	750	-0.382995	-67.516357		
70	0.045289	750	-0.34957	-67.865928		
71	0.041485	750	-0.356816	-68.222743		
72	0.03788	750	-0.317834	-68.540577		
73	0.034469	750	-0.305516	-68.846093		
74	0.03125	750	-0.281656	-69.127749		
75	0.028218	750	-0.269877	-69.397626		
76	0.02537	750	-0.261963	-69.659589		
77	0.022702	750	-0.254981	-69.91457		
78	0.020209	750	-0.257806	-70.172376		
79	0.017889	750	-0.244839	-70.417215		
80	0.015736	750	-0.21794	-70.635155		
81	0.013746	750	-0.191303	-70.826459		
82	0.011916	750	-0.19574	-71.022198		
83	0.01024	750	-0.16634	-71.188538		
84	0.008714	750	-0.163515	-71.352053		
85	0.007334	750	-0.156778	-71.50883		
86	0.006093	750	-0.132686	-71.641516		
87	0.004988	750	-0.121286	-71.762803		
88	0.004013	750	-0.102042	-71.864845		
89	0.003162	750	-0.09466	-71.959505		
90	0.00243	750	-0.0756	-72.035104		
91	0.00181	750	-0.061501	-72.096606		
92	0.001296	750	-0.055243	-72.151849		
93	0.000882	750	-0.041309	-72.193158		
94	0.000559	750	-0.033944	-72.227102		
95	0.00032	750	-0.02663	-72.253731		
96	0.000156	750	-0.016943	-72.270674		
97	0.000057	750	-0.010399	-72.281073		
98	0.00001	750	-0.00523	-72.286303		
99	0	750	-0.001149	-72.287452		
Log marginal likelihood:	-72.287452					
0	0.975187	750	-1.513057	-1.513057		
1	0.950747	750	-1.545847	-3.058904		
2	0.926679	750	-1.463905	-4.522809		
3	0.90298	750	-1.531323	-6.054131		
4	0.879648	750	-1.483425	-7.537556		
5	0.856682	750	-1.426502	-8.964059		
6	0.834079	750	-1.468996	-10.433055		
7	0.811838	750	-1.366242	-11.799297		
8	0.789957	750	-1.434326	-13.233623		
9	0.768433	750	-1.394858	-14.628481		
10	0.747266	750	-1.434864	-16.063345		
11	0.726452	750	-1.370223	-17.433568		
12	0.705989	750	-1.31039	-18.743958		
13	0.685877	750	-1.324149	-20.068107		
14	0.666112	750	-1.239149	-21.307256		
15	0.646693	750	-1.258815	-22.566071		
16	0.627618	750	-1.236326	-23.802397		
17	0.608884	750	-1.239507	-25.041904		
18	0.59049	750	-1.190478	-26.232381		
19	0.572433	750	-1.19829	-27.430671		
20	0.554712	750	-1.151979	-28.58265		
21	0.537324	750	-1.186815	-29.769465		
22	0.520268	750	-1.133587	-30.903052		
23	0.50354	750	-1.163166	-32.066218		
24	0.487139	750	-1.102025	-33.168243		
25	0.471063	750	-1.079414	-34.247656		
26	0.45531	750	-1.098359	-35.346016		
27	0.439877	750	-1.10384	-36.449856		
28	0.424762	750	-1.046022	-37.495878		
29	0.409963	750	-1.030408	-38.526287		
30	0.395478	750	-1.009453	-39.53574		
31	0.381305	750	-1.00573	-40.54147		
32	0.36744	750	-0.998986	-41.540456		
33	0.353883	750	-0.958289	-42.498745		
34	0.34063	750	-0.968058	-43.466803		
35	0.32768	750	-0.944763	-44.411566		
36	0.31503	750	-0.922202	-45.333768		
37	0.302677	750	-0.883639	-46.217408		
38	0.290619	750	-0.880739	-47.098147		
39	0.278855	750	-0.863822	-47.961968		
40	0.267381	750	-0.84757	-48.809538		
41	0.256195	750	-0.817471	-49.627009		
42	0.245294	750	-0.795323	-50.422332		
43	0.234677	750	-0.781363	-51.203695		
44	0.22434	750	-0.755922	-51.959617		
45	0.214281	750	-0.757354	-52.716972		
46	0.204498	750	-0.740138	-53.45711		
47	0.194988	750	-0.716779	-54.173889		
48	0.185749	750	-0.695024	-54.868912		
49	0.176777	750	-0.683904	-55.552816		
50	0.16807	750	-0.663597	-56.216413		
51	0.159626	750	-0.657535	-56.873948		
52	0.151441	750	-0.632831	-57.506779		
53	0.143514	750	-0.607323	-58.114103		
54	0.135841	750	-0.585218	-58.699321		
55	0.12842	750	-0.588322	-59.287642		
56	0.121247	750	-0.57677	-59.864412		
57	0.11432	750	-0.544835	-60.409248		
58	0.107637	750	-0.539918	-60.949166		
59	0.101193	750	-0.515938	-61.465104		
60	0.094986	750	-0.490682	-61.955786		
61	0.089014	750	-0.48208	-62.437865		
62	0.083273	750	-0.468743	-62.906609		
63	0.07776	750	-0.443483	-63.350092		
64	0.072472	750	-0.437962	-63.788054		
65	0.067406	750	-0.442189	-64.230243		
66	0.062558	750	-0.405766	-64.636009		
67	0.057926	750	-0.374279	-65.010287		
68	0.053506	750	-0.37426	-65.384547		
69	0.049295	750	-0.363905	-65.748452		
70	0.045289	750	-0.345908	-66.09436		
71	0.041485	750	-0.341669	-66.436029		
72	0.03788	750	-0.312452	-66.748481		
73	0.034469	750	-0.301127	-67.049608		
74	0.03125	750	-0.291044	-67.340653		
75	0.028218	750	-0.271075	-67.611728		
76	0.02537	750	-0.267896	-67.879624		
77	0.022702	750	-0.239573	-68.119197		
78	0.020209	750	-0.217297	-68.336493		
79	0.017889	750	-0.221988	-68.558481		
80	0.015736	750	-0.215203	-68.773684		
81	0.013746	750	-0.199461	-68.973144		
82	0.011916	750	-0.18374	-69.156884		
83	0.01024	750	-0.156807	-69.313691		
84	0.008714	750	-0.144848	-69.458539		
85	0.007334	750	-0.156309	-69.614847		
86	0.006093	750	-0.122242	-69.737089		
87	0.004988	750	-0.111753	-69.848842		
88	0.004013	750	-0.100033	-69.948875		
89	0.003162	750	-0.091693	-70.040568		
90	0.00243	750	-0.078442	-70.119009		
91	0.00181	750	-0.064789	-70.183798		
92	0.001296	750	-0.052414	-70.236213		
93	0.000882	750	-0.041495	-70.277708		
94	0.000559	750	-0.035849	-70.313557		
95	0.00032	750	-0.028632	-70.34219		
96	0.000156	750	-0.018356	-70.360546		
97	0.000057	750	-0.010203	-70.370748		
98	0.00001	750	-0.004789	-70.375537		
99	0	750	-0.001051	-70.376588		
Log marginal likelihood:	-70.376588					
0	0.975187	750	-1.618364	-1.618364		
1	0.950747	750	-1.49196	-3.110324		
2	0.926679	750	-1.577523	-4.687848		
3	0.90298	750	-1.517876	-6.205724		
4	0.879648	750	-1.497653	-7.703377		
5	0.856682	750	-1.427459	-9.130836		
6	0.834079	750	-1.440303	-10.571139		
7	0.811838	750	-1.40724	-11.978378		
8	0.789957	750	-1.407432	-13.385811		
9	0.768433	750	-1.357596	-14.743407		
10	0.747266	750	-1.401166	-16.144573		
11	0.726452	750	-1.376668	-17.521241		
12	0.705989	750	-1.352396	-18.873638		
13	0.685877	750	-1.302444	-20.176081		
14	0.666112	750	-1.303451	-21.479533		
15	0.646693	750	-1.261846	-22.741378		
16	0.627618	750	-1.247802	-23.98918		
17	0.608884	750	-1.244775	-25.233955		
18	0.59049	750	-1.179563	-26.413518		
19	0.572433	750	-1.222139	-27.635658		
20	0.554712	750	-1.170873	-28.806531		
21	0.537324	750	-1.138271	-29.944802		
22	0.520268	750	-1.19059	-31.135393		
23	0.50354	750	-1.091185	-32.226578		
24	0.487139	750	-1.136789	-33.363367		
25	0.471063	750	-1.080336	-34.443702		
26	0.45531	750	-1.104311	-35.548014		
27	0.439877	750	-1.065788	-36.613802		
28	0.424762	750	-1.060052	-37.673854		
29	0.409963	750	-1.018633	-38.692487		
30	0.395478	750	-1.013762	-39.706249		
31	0.381305	750	-1.028425	-40.734674		
32	0.36744	750	-0.977544	-41.712218		
33	0.353883	750	-0.942823	-42.655041		
34	0.34063	750	-0.962422	-43.617463		
35	0.32768	750	-0.918729	-44.536192		
36	0.31503	750	-0.925172	-45.461363		
37	0.302677	750	-0.868809	-46.330172		
38	0.290619	750	-0.85809	-47.188262		
39	0.278855	750	-0.888593	-48.076855		
40	0.267381	750	-0.846253	-48.923108		
41	0.256195	750	-0.801262	-49.72437		
42	0.245294	750	-0.809378	-50.533748		
43	0.234677	750	-0.778603	-51.312351		
44	0.22434	750	-0.783464	-52.095815		
45	0.214281	750	-0.733346	-52.829161		
46	0.204498	750	-0.717236	-53.546397		
47	0.194988	750	-0.712219	-54.258616		
48	0.185749	750	-0.689798	-54.948414		
49	0.176777	750	-0.635367	-55.583782		
50	0.16807	750	-0.675754	-56.259535		
51	0.159626	750	-0.654933	-56.914468		
52	0.151441	750	-0.647158	-57.561626		
53	0.143514	750	-0.595974	-58.1576		
54	0.135841	750	-0.602553	-58.760153		
55	0.12842	750	-0.587416	-59.347569		
56	0.121247	750	-0.593699	-59.941268		
57	0.11432	750	-0.536878	-60.478146		
58	0.107637	750	-0.525335	-61.003481		
59	0.101193	750	-0.540009	-61.54349		
60	0.094986	750	-0.492079	-62.035569		
61	0.089014	750	-0.475057	-62.510626		
62	0.083273	750	-0.484956	-62.995582		
63	0.07776	750	-0.460672	-63.456255		
64	0.072472	750	-0.442101	-63.898356		
65	0.067406	750	-0.427814	-64.32617		
66	0.062558	750	-0.418115	-64.744284		
67	0.057926	750	-0.408949	-65.153234		
68	0.053506	750	-0.385666	-65.5389		
69	0.049295	750	-0.3564	-65.8953		
70	0.045289	750	-0.370162	-66.265462		
71	0.041485	750	-0.345122	-66.610583		
72	0.03788	750	-0.323674	-66.934257		
73	0.034469	750	-0.32073	-67.254987		
74	0.03125	750	-0.311438	-67.566426		
75	0.028218	750	-0.279862	-67.846288		
76	0.02537	750	-0.261181	-68.107469		
77	0.022702	750	-0.267656	-68.375125		
78	0.020209	750	-0.239827	-68.614952		
79	0.017889	750	-0.207611	-68.822563		
80	0.015736	750	-0.206718	-69.02928		
81	0.013746	750	-0.21284	-69.24212		
82	0.011916	750	-0.186189	-69.428309		
83	0.01024	750	-0.18001	-69.608319		
84	0.008714	750	-0.148534	-69.756853		
85	0.007334	750	-0.134478	-69.891331		
86	0.006093	750	-0.126423	-70.017754		
87	0.004988	750	-0.112202	-70.129957		
88	0.004013	750	-0.098737	-70.228694		
89	0.003162	750	-0.081405	-70.310098		
90	0.00243	750	-0.075813	-70.385911		
91	0.00181	750	-0.065068	-70.450979		
92	0.001296	750	-0.055306	-70.506285		
93	0.000882	750	-0.052025	-70.55831		
94	0.000559	750	-0.032518	-70.590828		
95	0.00032	750	-0.026482	-70.61731		
96	0.000156	750	-0.0171	-70.634411		
97	0.000057	750	-0.010458	-70.644869		
98	0.00001	750	-0.005874	-70.650743		
99	0	750	-0.001204	-70.651947		
Log marginal likelihood:	-70.651947					
0	0.975187	750	-1.667535	-1.667535		
1	0.950747	750	-1.636051	-3.303586		
2	0.926679	750	-1.717666	-5.021252		
3	0.90298	750	-1.637211	-6.658463		
4	0.879648	750	-1.644648	-8.303112		
5	0.856682	750	-1.555546	-9.858658		
6	0.834079	750	-1.521492	-11.38015		
7	0.811838	750	-1.52957	-12.90972		
8	0.789957	750	-1.5486	-14.45832		
9	0.768433	750	-1.475714	-15.934034		
10	0.747266	750	-1.516419	-17.450453		
11	0.726452	750	-1.449697	-18.90015		
12	0.705989	750	-1.396827	-20.296977		
13	0.685877	750	-1.415641	-21.712618		
14	0.666112	750	-1.429487	-23.142105		
15	0.646693	750	-1.358359	-24.500464		
16	0.627618	750	-1.411975	-25.912439		
17	0.608884	750	-1.353589	-27.266028		
18	0.59049	750	-1.264445	-28.530474		
19	0.572433	750	-1.313354	-29.843827		
20	0.554712	750	-1.287219	-31.131046		
21	0.537324	750	-1.259981	-32.391027		
22	0.520268	750	-1.204741	-33.595768		
23	0.50354	750	-1.225746	-34.821514		
24	0.487139	750	-1.189851	-36.011365		
25	0.471063	750	-1.16132	-37.172685		
26	0.45531	750	-1.145806	-38.318491		
27	0.439877	750	-1.116034	-39.434525		
28	0.424762	750	-1.097363	-40.531888		
29	0.409963	750	-1.091462	-41.623349		
30	0.395478	750	-1.052315	-42.675664		
31	0.381305	750	-1.049367	-43.725031		
32	0.36744	750	-1.009966	-44.734997		
33	0.353883	750	-1.015936	-45.750933		
34	0.34063	750	-0.979827	-46.730759		
35	0.32768	750	-0.965914	-47.696673		
36	0.31503	750	-0.944583	-48.641256		
37	0.302677	750	-0.917055	-49.558311		
38	0.290619	750	-0.906508	-50.464818		
39	0.278855	750	-0.880244	-51.345062		
40	0.267381	750	-0.865682	-52.210745		
41	0.256195	750	-0.843608	-53.054353		
42	0.245294	750	-0.825627	-53.879979		
43	0.234677	750	-0.802773	-54.682753		
44	0.22434	750	-0.789299	-55.472052		
45	0.214281	750	-0.768844	-56.240896		
46	0.204498	750	-0.750898	-56.991794		
47	0.194988	750	-0.739381	-57.731175		
48	0.185749	750	-0.736065	-58.46724		
49	0.176777	750	-0.689645	-59.156885		
50	0.16807	750	-0.683068	-59.839953		
51	0.159626	750	-0.663513	-60.503465		
52	0.151441	750	-0.643909	-61.147374		
53	0.143514	750	-0.621041	-61.768415		
54	0.135841	750	-0.600149	-62.368565		
55	0.12842	750	-0.605398	-62.973962		
56	0.121247	750	-0.612731	-63.586693		
57	0.11432	750	-0.568537	-64.155231		
58	0.107637	750	-0.545088	-64.700319		
59	0.101193	750	-0.50989	-65.210209		
60	0.094986	750	-0.513527	-65.723735		
61	0.089014	750	-0.483349	-66.207084		
62	0.083273	750	-0.497026	-66.70411		
63	0.07776	750	-0.465005	-67.169115		
64	0.072472	750	-0.466909	-67.636024		
65	0.067406	750	-0.428064	-68.064088		
66	0.062558	750	-0.409352	-68.47344		
67	0.057926	750	-0.44115	-68.914591		
68	0.053506	750	-0.392027	-69.306618		
69	0.049295	750	-0.368909	-69.675527		
70	0.045289	750	-0.369372	-70.044899		
71	0.041485	750	-0.336043	-70.380942		
72	0.03788	750	-0.317109	-70.698051		
73	0.034469	750	-0.323935	-71.021985		
74	0.03125	750	-0.330305	-71.35229		
75	0.028218	750	-0.310359	-71.662649		
76	0.02537	750	-0.25817	-71.92082		
77	0.022702	750	-0.251651	-72.172471		
78	0.020209	750	-0.259404	-72.431875		
79	0.017889	750	-0.237871	-72.669746		
80	0.015736	750	-0.210925	-72.880671		
81	0.013746	750	-0.183075	-73.063746		
82	0.011916	750	-0.179119	-73.242865		
83	0.01024	750	-0.174243	-73.417108		
84	0.008714	750	-0.155711	-73.572819		
85	0.007334	750	-0.136455	-73.709274		
86	0.006093	750	-0.142476	-73.85175		
87	0.004988	750	-0.122885	-73.974635		
88	0.004013	750	-0.12056	-74.095196		
89	0.003162	750	-0.087092	-74.182288		
90	0.00243	750	-0.079666	-74.261954		
91	0.00181	750	-0.068344	-74.330298		
92	0.001296	750	-0.056551	-74.386849		
93	0.000882	750	-0.046586	-74.433435		
94	0.000559	750	-0.035418	-74.468853		
95	0.00032	750	-0.025797	-74.49465		
96	0.000156	750	-0.017124	-74.511774		
97	0.000057	750	-0.011165	-74.522938		
98	0.00001	750	-0.00551	-74.528449		
99	0	750	-0.001192	-74.529641		
Log marginal likelihood:	-74.529641					
0	0.975187	750	-1.622293	-1.622293		
1	0.950747	750	-1.602011	-3.224304		
2	0.926679	750	-1.598552	-4.822856		
3	0.90298	750	-1.590528	-6.413384		
4	0.879648	750	-1.568107	-7.981491		
5	0.856682	750	-1.49312	-9.474611		
6	0.834079	750	-1.592464	-11.067076		
7	0.811838	750	-1.505153	-12.572228		
8	0.789957	750	-1.437273	-14.009501		
9	0.768433	750	-1.426822	-15.436323		
10	0.747266	750	-1.424085	-16.860409		
11	0.726452	750	-1.384637	-18.245045		
12	0.705989	750	-1.377534	-19.622579		
13	0.685877	750	-1.342132	-20.964711		
14	0.666112	750	-1.356639	-22.321351		
15	0.646693	750	-1.360361	-23.681712		
16	0.627618	750	-1.298	-24.979711		
17	0.608884	750	-1.259474	-26.239185		
18	0.59049	750	-1.247484	-27.486669		
19	0.572433	750	-1.244536	-28.731205		
20	0.554712	750	-1.276442	-30.007647		
21	0.537324	750	-1.221907	-31.229554		
22	0.520268	750	-1.22004	-32.449593		
23	0.50354	750	-1.210014	-33.659607		
24	0.487139	750	-1.170572	-34.830179		
25	0.471063	750	-1.111529	-35.941709		
26	0.45531	750	-1.125269	-37.066978		
27	0.439877	750	-1.087516	-38.154494		
28	0.424762	750	-1.081488	-39.235982		
29	0.409963	750	-1.068261	-40.304243		
30	0.395478	750	-1.030568	-41.334811		
31	0.381305	750	-1.020493	-42.355304		
32	0.36744	750	-1.008492	-43.363796		
33	0.353883	750	-0.987814	-44.35161		
34	0.34063	750	-0.969306	-45.320916		
35	0.32768	750	-0.941811	-46.262727		
36	0.31503	750	-0.922764	-47.185491		
37	0.302677	750	-0.922112	-48.107603		
38	0.290619	750	-0.894384	-49.001987		
39	0.278855	750	-0.887104	-49.889092		
40	0.267381	750	-0.8617	-50.750792		
41	0.256195	750	-0.837508	-51.588299		
42	0.245294	750	-0.808021	-52.39632		
43	0.234677	750	-0.809278	-53.205599		
44	0.22434	750	-0.781466	-53.987065		
45	0.214281	750	-0.758631	-54.745696		
46	0.204498	750	-0.745497	-55.491193		
47	0.194988	750	-0.732159	-56.223352		
48	0.185749	750	-0.722162	-56.945514		
49	0.176777	750	-0.686795	-57.632309		
50	0.16807	750	-0.688342	-58.320651		
51	0.159626	750	-0.675213	-58.995864		
52	0.151441	750	-0.641383	-59.637247		
53	0.143514	750	-0.647048	-60.284295		
54	0.135841	750	-0.619501	-60.903797		
55	0.12842	750	-0.590774	-61.494571		
56	0.121247	750	-0.596198	-62.090769		
57	0.11432	750	-0.576327	-62.667095		
58	0.107637	750	-0.53682	-63.203915		
59	0.101193	750	-0.502982	-63.706897		
60	0.094986	750	-0.509788	-64.216685		
61	0.089014	750	-0.471989	-64.688675		
62	0.083273	750	-0.474919	-65.163594		
63	0.07776	750	-0.458229	-65.621823		
64	0.072472	750	-0.456077	-66.0779		
65	0.067406	750	-0.465149	-66.543049		
66	0.062558	750	-0.416204	-66.959254		
67	0.057926	750	-0.407594	-67.366848		
68	0.053506	750	-0.388736	-67.755584		
69	0.049295	750	-0.392234	-68.147818		
70	0.045289	750	-0.360177	-68.507995		
71	0.041485	750	-0.35067	-68.858664		
72	0.03788	750	-0.330942	-69.189606		
73	0.034469	750	-0.285529	-69.475135		
74	0.03125	750	-0.301221	-69.776356		
75	0.028218	750	-0.306039	-70.082395		
76	0.02537	750	-0.267824	-70.350219		
77	0.022702	750	-0.25431	-70.604528		
78	0.020209	750	-0.23786	-70.842388		
79	0.017889	750	-0.262423	-71.104811		
80	0.015736	750	-0.234069	-71.33888		
81	0.013746	750	-0.188288	-71.527167		
82	0.011916	750	-0.186533	-71.713701		
83	0.01024	750	-0.167601	-71.881301		
84	0.008714	750	-0.151293	-72.032594		
85	0.007334	750	-0.143034	-72.175628		
86	0.006093	750	-0.134279	-72.309907		
87	0.004988	750	-0.126721	-72.436628		
88	0.004013	750	-0.105078	-72.541706		
89	0.003162	750	-0.091983	-72.633689		
90	0.00243	750	-0.081529	-72.715218		
91	0.00181	750	-0.065101	-72.78032		
92	0.001296	750	-0.050817	-72.831136		
93	0.000882	750	-0.044728	-72.875864		
94	0.000559	750	-0.035444	-72.911308		
95	0.00032	750	-0.027101	-72.938408		
96	0.000156	750	-0.019214	-72.957622		
97	0.000057	750	-0.01051	-72.968132		
98	0.00001	750	-0.004862	-72.972994		
99	0	750	-0.001016	-72.974009		
Log marginal likelihood:	-72.974009					
0	0.975187	750	-1.767806	-1.767806		
1	0.950747	750	-1.730613	-3.498419		
2	0.926679	750	-1.551014	-5.049433		
3	0.90298	750	-1.545782	-6.595215		
4	0.879648	750	-1.507897	-8.103112		
5	0.856682	750	-1.595447	-9.698559		
6	0.834079	750	-1.560633	-11.259192		
7	0.811838	750	-1.597914	-12.857106		
8	0.789957	750	-1.57217	-14.429276		
9	0.768433	750	-1.490402	-15.919678		
10	0.747266	750	-1.382241	-17.301918		
11	0.726452	750	-1.489077	-18.790996		
12	0.705989	750	-1.4424	-20.233395		
13	0.685877	750	-1.454761	-21.688157		
14	0.666112	750	-1.376844	-23.065001		
15	0.646693	750	-1.362748	-24.427749		
16	0.627618	750	-1.37629	-25.804038		
17	0.608884	750	-1.301462	-27.1055		
18	0.59049	750	-1.319434	-28.424934		
19	0.572433	750	-1.224497	-29.649431		
20	0.554712	750	-1.263178	-30.912608		
21	0.537324	750	-1.271453	-32.184061		
22	0.520268	750	-1.238608	-33.422669		
23	0.50354	750	-1.21666	-34.63933		
24	0.487139	750	-1.198974	-35.838303		
25	0.471063	750	-1.178099	-37.016402		
26	0.45531	750	-1.159625	-38.176027		
27	0.439877	750	-1.1234	-39.299427		
28	0.424762	750	-1.102165	-40.401592		
29	0.409963	750	-1.093126	-41.494718		
30	0.395478	750	-1.058958	-42.553676		
31	0.381305	750	-1.040473	-43.594149		
32	0.36744	750	-1.029023	-44.623172		
33	0.353883	750	-0.992595	-45.615767		
34	0.34063	750	-0.987082	-46.602849		
35	0.32768	750	-0.961613	-47.564461		
36	0.31503	750	-0.942748	-48.507209		
37	0.302677	750	-0.926357	-49.433566		
38	0.290619	750	-0.896525	-50.330092		
39	0.278855	750	-0.880042	-51.210134		
40	0.267381	750	-0.856958	-52.067092		
41	0.256195	750	-0.853725	-52.920817		
42	0.245294	750	-0.828108	-53.748925		
43	0.234677	750	-0.790496	-54.539421		
44	0.22434	750	-0.794174	-55.333595		
45	0.214281	750	-0.767431	-56.101026		
46	0.204498	750	-0.754413	-56.855439		
47	0.194988	750	-0.730183	-57.585622		
48	0.185749	750	-0.714448	-58.300069		
49	0.176777	750	-0.700084	-59.000153		
50	0.16807	750	-0.676079	-59.676232		
51	0.159626	750	-0.655095	-60.331327		
52	0.151441	750	-0.635971	-60.967298		
53	0.143514	750	-0.624123	-61.59142		
54	0.135841	750	-0.625593	-62.217014		
55	0.12842	750	-0.589159	-62.806173		
56	0.121247	750	-0.578041	-63.384214		
57	0.11432	750	-0.545888	-63.930103		
58	0.107637	750	-0.558303	-64.488405		
59	0.101193	750	-0.529956	-65.018362		
60	0.094986	750	-0.513556	-65.531918		
61	0.089014	750	-0.533686	-66.065604		
62	0.083273	750	-0.481729	-66.547333		
63	0.07776	750	-0.460823	-67.008156		
64	0.072472	750	-0.448138	-67.456294		
65	0.067406	750	-0.429062	-67.885356		
66	0.062558	750	-0.427294	-68.312651		
67	0.057926	750	-0.396055	-68.708706		
68	0.053506	750	-0.383035	-69.09174		
69	0.049295	750	-0.381297	-69.473038		
70	0.045289	750	-0.35505	-69.828088		
71	0.041485	750	-0.360143	-70.188231		
72	0.03788	750	-0.332083	-70.520314		
73	0.034469	750	-0.297267	-70.817581		
74	0.03125	750	-0.315229	-71.13281		
75	0.028218	750	-0.284846	-71.417656		
76	0.02537	750	-0.299421	-71.717077		
77	0.022702	750	-0.267034	-71.984112		
78	0.020209	750	-0.248305	-72.232417		
79	0.017889	750	-0.2209	-72.453317		
80	0.015736	750	-0.211032	-72.664348		
81	0.013746	750	-0.1955	-72.859849		
82	0.011916	750	-0.179555	-73.039404		
83	0.01024	750	-0.173273	-73.212676		
84	0.008714	750	-0.147777	-73.360453		
85	0.007334	750	-0.145935	-73.506388		
86	0.006093	750	-0.124981	-73.631369		
87	0.004988	750	-0.113155	-73.744524		
88	0.004013	750	-0.10739	-73.851914		
89	0.003162	750	-0.097304	-73.949218		
90	0.00243	750	-0.075726	-74.024944		
91	0.00181	750	-0.067808	-74.092752		
92	0.001296	750	-0.0538	-74.146552		
93	0.000882	750	-0.044902	-74.191454		
94	0.000559	750	-0.03557	-74.227024		
95	0.00032	750	-0.02471	-74.251733		
96	0.000156	750	-0.017934	-74.269667		
97	0.000057	750	-0.010678	-74.280345		
98	0.00001	750	-0.005283	-74.285628		
99	0	750	-0.001118	-74.286746		
Log marginal likelihood:	-74.286746					
0	0.975187	750	-1.74214	-1.74214		
1	0.950747	750	-1.710769	-3.452909		
2	0.926679	750	-1.685012	-5.137922		
3	0.90298	750	-1.63842	-6.776342		
4	0.879648	750	-1.641895	-8.418236		
5	0.856682	750	-1.602623	-10.020859		
6	0.834079	750	-1.568537	-11.589396		
7	0.811838	750	-1.564679	-13.154075		
8	0.789957	750	-1.483492	-14.637566		
9	0.768433	750	-1.502237	-16.139804		
10	0.747266	750	-1.481641	-17.621445		
11	0.726452	750	-1.484836	-19.106281		
12	0.705989	750	-1.416581	-20.522862		
13	0.685877	750	-1.428705	-21.951567		
14	0.666112	750	-1.397987	-23.349554		
15	0.646693	750	-1.378453	-24.728007		
16	0.627618	750	-1.33942	-26.067427		
17	0.608884	750	-1.341081	-27.408508		
18	0.59049	750	-1.299983	-28.708491		
19	0.572433	750	-1.257845	-29.966336		
20	0.554712	750	-1.253787	-31.220122		
21	0.537324	750	-1.228606	-32.448728		
22	0.520268	750	-1.216755	-33.665483		
23	0.50354	750	-1.201815	-34.867298		
24	0.487139	750	-1.195273	-36.062571		
25	0.471063	750	-1.144658	-37.207229		
26	0.45531	750	-1.112752	-38.31998		
27	0.439877	750	-1.099905	-39.419885		
28	0.424762	750	-1.0969	-40.516786		
29	0.409963	750	-1.067291	-41.584077		
30	0.395478	750	-1.058326	-42.642403		
31	0.381305	750	-1.034186	-43.676588		
32	0.36744	750	-1.015364	-44.691952		
33	0.353883	750	-0.999673	-45.691626		
34	0.34063	750	-0.979259	-46.670884		
35	0.32768	750	-0.962918	-47.633802		
36	0.31503	750	-0.949859	-48.583662		
37	0.302677	750	-0.90641	-49.490072		
38	0.290619	750	-0.881114	-50.371186		
39	0.278855	750	-0.889915	-51.261101		
40	0.267381	750	-0.857	-52.118101		
41	0.256195	750	-0.824969	-52.94307		
42	0.245294	750	-0.817023	-53.760093		
43	0.234677	750	-0.799034	-54.559127		
44	0.22434	750	-0.772145	-55.331272		
45	0.214281	750	-0.77816	-56.109432		
46	0.204498	750	-0.747219	-56.85665		
47	0.194988	750	-0.716619	-57.573269		
48	0.185749	750	-0.713427	-58.286696		
49	0.176777	750	-0.680219	-58.966915		
50	0.16807	750	-0.652073	-59.618988		
51	0.159626	750	-0.655182	-60.27417		
52	0.151441	750	-0.651766	-60.925936		
53	0.143514	750	-0.630429	-61.556365		
54	0.135841	750	-0.615675	-62.17204		
55	0.12842	750	-0.582166	-62.754206		
56	0.121247	750	-0.566738	-63.320944		
57	0.11432	750	-0.561715	-63.882659		
58	0.107637	750	-0.541954	-64.424613		
59	0.101193	750	-0.508292	-64.932906		
60	0.094986	750	-0.504781	-65.437686		
61	0.089014	750	-0.496167	-65.933853		
62	0.083273	750	-0.474038	-66.407891		
63	0.07776	750	-0.462271	-66.870161		
64	0.072472	750	-0.426393	-67.296554		
65	0.067406	750	-0.420992	-67.717546		
66	0.062558	750	-0.405141	-68.122687		
67	0.057926	750	-0.39989	-68.522577		
68	0.053506	750	-0.36925	-68.891827		
69	0.049295	750	-0.37511	-69.266937		
70	0.045289	750	-0.370397	-69.637333		
71	0.041485	750	-0.345405	-69.982738		
72	0.03788	750	-0.3337	-70.316437		
73	0.034469	750	-0.322392	-70.63883		
74	0.03125	750	-0.322787	-70.961617		
75	0.028218	750	-0.298422	-71.260039		
76	0.02537	750	-0.26322	-71.523259		
77	0.022702	750	-0.267318	-71.790577		
78	0.020209	750	-0.228998	-72.019575		
79	0.017889	750	-0.226353	-72.245928		
80	0.015736	750	-0.201623	-72.447551		
81	0.013746	750	-0.21417	-72.66172		
82	0.011916	750	-0.183111	-72.844832		
83	0.01024	750	-0.160654	-73.005486		
84	0.008714	750	-0.15713	-73.162616		
85	0.007334	750	-0.129503	-73.292118		
86	0.006093	750	-0.131093	-73.423212		
87	0.004988	750	-0.113515	-73.536727		
88	0.004013	750	-0.097164	-73.633891		
89	0.003162	750	-0.093509	-73.7274		
90	0.00243	750	-0.073726	-73.801126		
91	0.00181	750	-0.072907	-73.874034		
92	0.001296	750	-0.054433	-73.928467		
93	0.000882	750	-0.050949	-73.979415		
94	0.000559	750	-0.03554	-74.014955		
95	0.00032	750	-0.026204	-74.041159		
96	0.000156	750	-0.01864	-74.059799		
97	0.000057	750	-0.009875	-74.069674		
98	0.00001	750	-0.004986	-74.07466		
99	0	750	-0.001074	-74.075734		
Log marginal likelihood:	-74.075734					
0	0.975187	750	-1.814302	-1.814302		
1	0.950747	750	-1.762753	-3.577055		
2	0.926679	750	-1.792822	-5.369877		
3	0.90298	750	-1.747155	-7.117033		
4	0.879648	750	-1.699204	-8.816236		
5	0.856682	750	-1.706665	-10.522901		
6	0.834079	750	-1.680013	-12.202915		
7	0.811838	750	-1.672731	-13.875646		
8	0.789957	750	-1.618567	-15.494212		
9	0.768433	750	-1.610343	-17.104556		
10	0.747266	750	-1.589042	-18.693598		
11	0.726452	750	-1.571861	-20.265459		
12	0.705989	750	-1.520177	-21.785635		
13	0.685877	750	-1.523633	-23.309269		
14	0.666112	750	-1.482302	-24.791571		
15	0.646693	750	-1.47663	-26.268201		
16	0.627618	750	-1.429432	-27.697633		
17	0.608884	750	-1.415246	-29.112879		
18	0.59049	750	-1.379483	-30.492361		
19	0.572433	750	-1.353904	-31.846265		
20	0.554712	750	-1.340755	-33.18702		
21	0.537324	750	-1.321793	-34.508812		
22	0.520268	750	-1.299981	-35.808794		
23	0.50354	750	-1.27124	-37.080034		
24	0.487139	750	-1.247183	-38.327217		
25	0.471063	750	-1.219606	-39.546823		
26	0.45531	750	-1.194468	-40.741291		
27	0.439877	750	-1.172552	-41.913843		
28	0.424762	750	-1.147428	-43.061271		
29	0.409963	750	-1.138311	-44.199582		
30	0.395478	750	-1.116689	-45.316271		
31	0.381305	750	-1.083397	-46.399667		
32	0.36744	750	-1.059632	-47.459299		
33	0.353883	750	-1.051074	-48.510373		
34	0.34063	750	-1.014001	-49.524374		
35	0.32768	750	-1.004104	-50.528478		
36	0.31503	750	-0.972681	-51.501159		
37	0.302677	750	-0.965248	-52.466407		
38	0.290619	750	-0.952425	-53.418832		
39	0.278855	750	-0.916008	-54.33484		
40	0.267381	750	-0.905021	-55.239862		
41	0.256195	750	-0.885076	-56.124938		
42	0.245294	750	-0.864283	-56.989221		
43	0.234677	750	-0.846368	-57.835589		
44	0.22434	750	-0.819241	-58.65483		
45	0.214281	750	-0.810888	-59.465718		
46	0.204498	750	-0.763125	-60.228844		
47	0.194988	750	-0.753514	-60.982358		
48	0.185749	750	-0.748198	-61.730555		
49	0.176777	750	-0.732498	-62.463053		
50	0.16807	750	-0.700287	-63.16334		
51	0.159626	750	-0.701288	-63.864628		
52	0.151441	750	-0.669374	-64.534002		
53	0.143514	750	-0.659767	-65.193768		
54	0.135841	750	-0.658692	-65.85246		
55	0.12842	750	-0.614805	-66.467265		
56	0.121247	750	-0.597006	-67.064271		
57	0.11432	750	-0.585921	-67.650191		
58	0.107637	750	-0.571	-68.221191		
59	0.101193	750	-0.543438	-68.764629		
60	0.094986	750	-0.5307	-69.29533		
61	0.089014	750	-0.507737	-69.803066		
62	0.083273	750	-0.499707	-70.302774		
63	0.07776	750	-0.497483	-70.800257		
64	0.072472	750	-0.459278	-71.259534		
65	0.067406	750	-0.42949	-71.689024		
66	0.062558	750	-0.419278	-72.108303		
67	0.057926	750	-0.413589	-72.521892		
68	0.053506	750	-0.399738	-72.92163		
69	0.049295	750	-0.376541	-73.298172		
70	0.045289	750	-0.352873	-73.651045		
71	0.041485	750	-0.373366	-74.02441		
72	0.03788	750	-0.348225	-74.372636		
73	0.034469	750	-0.324846	-74.697482		
74	0.03125	750	-0.332049	-75.029531		
75	0.028218	750	-0.296374	-75.325905		
76	0.02537	750	-0.294682	-75.620587		
77	0.022702	750	-0.265303	-75.885891		
78	0.020209	750	-0.251948	-76.137838		
79	0.017889	750	-0.228042	-76.365881		
80	0.015736	750	-0.215727	-76.581608		
81	0.013746	750	-0.211764	-76.793372		
82	0.011916	750	-0.182688	-76.97606		
83	0.01024	750	-0.17578	-77.151839		
84	0.008714	750	-0.151014	-77.302853		
85	0.007334	750	-0.143226	-77.446079		
86	0.006093	750	-0.139184	-77.585263		
87	0.004988	750	-0.119356	-77.704619		
88	0.004013	750	-0.106611	-77.81123		
89	0.003162	750	-0.093017	-77.904246		
90	0.00243	750	-0.076396	-77.980642		
91	0.00181	750	-0.07288	-78.053523		
92	0.001296	750	-0.063618	-78.11714		
93	0.000882	750	-0.044246	-78.161386		
94	0.000559	750	-0.034038	-78.195424		
95	0.00032	750	-0.031878	-78.227301		
96	0.000156	750	-0.017025	-78.244327		
97	0.000057	750	-0.010858	-78.255184		
98	0.00001	750	-0.005168	-78.260352		
99	0	750	-0.001088	-78.261441		
Log marginal likelihood:	-78.261441					
0	0.975187	750	-1.561054	-1.561054		
1	0.950747	750	-1.530603	-3.091658		
2	0.926679	750	-1.594597	-4.686255		
3	0.90298	750	-1.525283	-6.211537		
4	0.879648	750	-1.511591	-7.723128		
5	0.856682	750	-1.469054	-9.192182		
6	0.834079	750	-1.518035	-10.710216		
7	0.811838	750	-1.529027	-12.239243		
8	0.789957	750	-1.442894	-13.682138		
9	0.768433	750	-1.456693	-15.13883		
10	0.747266	750	-1.477422	-16.616252		
11	0.726452	750	-1.393149	-18.009401		
12	0.705989	750	-1.395035	-19.404436		
13	0.685877	750	-1.341118	-20.745554		
14	0.666112	750	-1.364478	-22.110032		
15	0.646693	750	-1.299954	-23.409986		
16	0.627618	750	-1.293903	-24.703889		
17	0.608884	750	-1.317739	-26.021627		
18	0.59049	750	-1.237976	-27.259604		
19	0.572433	750	-1.238126	-28.49773		
20	0.554712	750	-1.239204	-29.736934		
21	0.537324	750	-1.212499	-30.949434		
22	0.520268	750	-1.226572	-32.176006		
23	0.50354	750	-1.144869	-33.320875		
24	0.487139	750	-1.174326	-34.495201		
25	0.471063	750	-1.117064	-35.612265		
26	0.45531	750	-1.122272	-36.734536		
27	0.439877	750	-1.109755	-37.844292		
28	0.424762	750	-1.08844	-38.932731		
29	0.409963	750	-1.077903	-40.010634		
30	0.395478	750	-1.032764	-41.043398		
31	0.381305	750	-1.033924	-42.077323		
32	0.36744	750	-1.009232	-43.086554		
33	0.353883	750	-0.961522	-44.048076		
34	0.34063	750	-0.963034	-45.01111		
35	0.32768	750	-0.937993	-45.949103		
36	0.31503	750	-0.935746	-46.884848		
37	0.302677	750	-0.912401	-47.79725		
38	0.290619	750	-0.879281	-48.67653		
39	0.278855	750	-0.868087	-49.544617		
40	0.267381	750	-0.847212	-50.391829		
41	0.256195	750	-0.831882	-51.223711		
42	0.245294	750	-0.813337	-52.037049		
43	0.234677	750	-0.78087	-52.817919		
44	0.22434	750	-0.773854	-53.591774		
45	0.214281	750	-0.756416	-54.348189		
46	0.204498	750	-0.739407	-55.087596		
47	0.194988	750	-0.73648	-55.824075		
48	0.185749	750	-0.691912	-56.515987		
49	0.176777	750	-0.684103	-57.200091		
50	0.16807	750	-0.668176	-57.868267		
51	0.159626	750	-0.647953	-58.516219		
52	0.151441	750	-0.626048	-59.142268		
53	0.143514	750	-0.622241	-59.764508		
54	0.135841	750	-0.600143	-60.364652		
55	0.12842	750	-0.590977	-60.955629		
56	0.121247	750	-0.558536	-61.514165		
57	0.11432	750	-0.566521	-62.080686		
58	0.107637	750	-0.539469	-62.620155		
59	0.101193	750	-0.509627	-63.129782		
60	0.094986	750	-0.519066	-63.648848		
61	0.089014	750	-0.495073	-64.143921		
62	0.083273	750	-0.465779	-64.609699		
63	0.07776	750	-0.457591	-65.067291		
64	0.072472	750	-0.457663	-65.524953		
65	0.067406	750	-0.415569	-65.940522		
66	0.062558	750	-0.408489	-66.349011		
67	0.057926	750	-0.387971	-66.736982		
68	0.053506	750	-0.377897	-67.114879		
69	0.049295	750	-0.366184	-67.481063		
70	0.045289	750	-0.343337	-67.8244		
71	0.041485	750	-0.32888	-68.15328		
72	0.03788	750	-0.319909	-68.473189		
73	0.034469	750	-0.31352	-68.786709		
74	0.03125	750	-0.301794	-69.088503		
75	0.028218	750	-0.272385	-69.360888		
76	0.02537	750	-0.263673	-69.624561		
77	0.022702	750	-0.246823	-69.871385		
78	0.020209	750	-0.238613	-70.109998		
79	0.017889	750	-0.212077	-70.322075		
80	0.015736	750	-0.211197	-70.533272		
81	0.013746	750	-0.206503	-70.739775		
82	0.011916	750	-0.191136	-70.930911		
83	0.01024	750	-0.171521	-71.102432		
84	0.008714	750	-0.152181	-71.254613		
85	0.007334	750	-0.159208	-71.413822		
86	0.006093	750	-0.124431	-71.538253		
87	0.004988	750	-0.10781	-71.646063		
88	0.004013	750	-0.098845	-71.744909		
89	0.003162	750	-0.081719	-71.826627		
90	0.00243	750	-0.080874	-71.907501		
91	0.00181	750	-0.065527	-71.973028		
92	0.001296	750	-0.05532	-72.028348		
93	0.000882	750	-0.047493	-72.075841		
94	0.000559	750	-0.036129	-72.11197		
95	0.00032	750	-0.025439	-72.13741		
96	0.000156	750	-0.01598	-72.15339		
97	0.000057	750	-0.011077	-72.164467		
98	0.00001	750	-0.005163	-72.16963		
99	0	750	-0.001018	-72.170648		
Log marginal likelihood:	-72.170648					
0	0.975187	750	-1.666077	-1.666077		
1	0.950747	750	-1.634227	-3.300304		
2	0.926679	750	-1.559173	-4.859477		
3	0.90298	750	-1.560418	-6.419895		
4	0.879648	750	-1.555304	-7.975199		
5	0.856682	750	-1.594688	-9.569887		
6	0.834079	750	-1.61236	-11.182247		
7	0.811838	750	-1.523899	-12.706146		
8	0.789957	750	-1.564	-14.270145		
9	0.768433	750	-1.500315	-15.77046		
10	0.747266	750	-1.503051	-17.27351		
11	0.726452	750	-1.435552	-18.709062		
12	0.705989	750	-1.427752	-20.136814		
13	0.685877	750	-1.462883	-21.599697		
14	0.666112	750	-1.421419	-23.021117		
15	0.646693	750	-1.378577	-24.399693		
16	0.627618	750	-1.379953	-25.779646		
17	0.608884	750	-1.361642	-27.141288		
18	0.59049	750	-1.336699	-28.477988		
19	0.572433	750	-1.326818	-29.804805		
20	0.554712	750	-1.296026	-31.100831		
21	0.537324	750	-1.27426	-32.375091		
22	0.520268	750	-1.264038	-33.63913		
23	0.50354	750	-1.257006	-34.896135		
24	0.487139	750	-1.217087	-36.113223		
25	0.471063	750	-1.182283	-37.295506		
26	0.45531	750	-1.163589	-38.459094		
27	0.439877	750	-1.165322	-39.624416		
28	0.424762	750	-1.118578	-40.742994		
29	0.409963	750	-1.111054	-41.854048		
30	0.395478	750	-1.086333	-42.940382		
31	0.381305	750	-1.055017	-43.995398		
32	0.36744	750	-1.020636	-45.016034		
33	0.353883	750	-1.006691	-46.022725		
34	0.34063	750	-0.983328	-47.006053		
35	0.32768	750	-0.971024	-47.977077		
36	0.31503	750	-0.950766	-48.927844		
37	0.302677	750	-0.947239	-49.875083		
38	0.290619	750	-0.923037	-50.798119		
39	0.278855	750	-0.882567	-51.680686		
40	0.267381	750	-0.875287	-52.555973		
41	0.256195	750	-0.84673	-53.402703		
42	0.245294	750	-0.825249	-54.227952		
43	0.234677	750	-0.813545	-55.041497		
44	0.22434	750	-0.807402	-55.848899		
45	0.214281	750	-0.771612	-56.620512		
46	0.204498	750	-0.760697	-57.381209		
47	0.194988	750	-0.742985	-58.124194		
48	0.185749	750	-0.720663	-58.844857		
49	0.176777	750	-0.712792	-59.557648		
50	0.16807	750	-0.697608	-60.255257		
51	0.159626	750	-0.658137	-60.913393		
52	0.151441	750	-0.645002	-61.558396		
53	0.143514	750	-0.648611	-62.207007		
54	0.135841	750	-0.619538	-62.826545		
55	0.12842	750	-0.608437	-63.434981		
56	0.121247	750	-0.577474	-64.012455		
57	0.11432	750	-0.551939	-64.564394		
58	0.107637	750	-0.545774	-65.110168		
59	0.101193	750	-0.550405	-65.660573		
60	0.094986	750	-0.507003	-66.167576		
61	0.089014	750	-0.522471	-66.690047		
62	0.083273	750	-0.48094	-67.170987		
63	0.07776	750	-0.476639	-67.647626		
64	0.072472	750	-0.459647	-68.107274		
65	0.067406	750	-0.429757	-68.537031		
66	0.062558	750	-0.426839	-68.963869		
67	0.057926	750	-0.407344	-69.371213		
68	0.053506	750	-0.419559	-69.790772		
69	0.049295	750	-0.387466	-70.178238		
70	0.045289	750	-0.363227	-70.541465		
71	0.041485	750	-0.349585	-70.89105		
72	0.03788	750	-0.331794	-71.222844		
73	0.034469	750	-0.331524	-71.554368		
74	0.03125	750	-0.304094	-71.858462		
75	0.028218	750	-0.300835	-72.159296		
76	0.02537	750	-0.280409	-72.439705		
77	0.022702	750	-0.244464	-72.68417		
78	0.020209	750	-0.26174	-72.94591		
79	0.017889	750	-0.224552	-73.170462		
80	0.015736	750	-0.230702	-73.401164		
81	0.013746	750	-0.201183	-73.602347		
82	0.011916	750	-0.197721	-73.800068		
83	0.01024	750	-0.179622	-73.97969		
84	0.008714	750	-0.16081	-74.1405		
85	0.007334	750	-0.144484	-74.284984		
86	0.006093	750	-0.129698	-74.414682		
87	0.004988	750	-0.114254	-74.528936		
88	0.004013	750	-0.108324	-74.637261		
89	0.003162	750	-0.092075	-74.729336		
90	0.00243	750	-0.085507	-74.814843		
91	0.00181	750	-0.066395	-74.881237		
92	0.001296	750	-0.053273	-74.934511		
93	0.000882	750	-0.044994	-74.979505		
94	0.000559	750	-0.036944	-75.016448		
95	0.00032	750	-0.02509	-75.041538		
96	0.000156	750	-0.020466	-75.062004		
97	0.000057	750	-0.010297	-75.072301		
98	0.00001	750	-0.005316	-75.077617		
99	0	750	-0.001069	-75.078686		
Log marginal likelihood:	-75.078686					
0	0.975187	750	-1.547038	-1.547038		
1	0.950747	750	-1.509307	-3.056344		
2	0.926679	750	-1.474057	-4.530401		
3	0.90298	750	-1.477864	-6.008265		
4	0.879648	750	-1.495115	-7.503379		
5	0.856682	750	-1.462854	-8.966234		
6	0.834079	750	-1.411449	-10.377682		
7	0.811838	750	-1.386371	-11.764054		
8	0.789957	750	-1.374946	-13.139		
9	0.768433	750	-1.373029	-14.512029		
10	0.747266	750	-1.388515	-15.900545		
11	0.726452	750	-1.33486	-17.235404		
12	0.705989	750	-1.360945	-18.596349		
13	0.685877	750	-1.326553	-19.922902		
14	0.666112	750	-1.297347	-21.220249		
15	0.646693	750	-1.32353	-22.543779		
16	0.627618	750	-1.299679	-23.843458		
17	0.608884	750	-1.271027	-25.114484		
18	0.59049	750	-1.21854	-26.333025		
19	0.572433	750	-1.191116	-27.524141		
20	0.554712	750	-1.18403	-28.708171		
21	0.537324	750	-1.197333	-29.905503		
22	0.520268	750	-1.146194	-31.051697		
23	0.50354	750	-1.11547	-32.167168		
24	0.487139	750	-1.132309	-33.299477		
25	0.471063	750	-1.156463	-34.45594		
26	0.45531	750	-1.098602	-35.554542		
27	0.439877	750	-1.088543	-36.643085		
28	0.424762	750	-1.043433	-37.686518		
29	0.409963	750	-1.035563	-38.722081		
30	0.395478	750	-1.023704	-39.745785		
31	0.381305	750	-1.018388	-40.764173		
32	0.36744	750	-0.978617	-41.74279		
33	0.353883	750	-0.983515	-42.726305		
34	0.34063	750	-0.989985	-43.71629		
35	0.32768	750	-0.927797	-44.644087		
36	0.31503	750	-0.900575	-45.544662		
37	0.302677	750	-0.906026	-46.450688		
38	0.290619	750	-0.864155	-47.314843		
39	0.278855	750	-0.857784	-48.172628		
40	0.267381	750	-0.834057	-49.006685		
41	0.256195	750	-0.811437	-49.818122		
42	0.245294	750	-0.796031	-50.614153		
43	0.234677	750	-0.781065	-51.395218		
44	0.22434	750	-0.786228	-52.181446		
45	0.214281	750	-0.755997	-52.937443		
46	0.204498	750	-0.717561	-53.655003		
47	0.194988	750	-0.719179	-54.374183		
48	0.185749	750	-0.71178	-55.085963		
49	0.176777	750	-0.653389	-55.739352		
50	0.16807	750	-0.656378	-56.39573		
51	0.159626	750	-0.65015	-57.04588		
52	0.151441	750	-0.627984	-57.673864		
53	0.143514	750	-0.625123	-58.298987		
54	0.135841	750	-0.592148	-58.891135		
55	0.12842	750	-0.58335	-59.474485		
56	0.121247	750	-0.567266	-60.041751		
57	0.11432	750	-0.554047	-60.595798		
58	0.107637	750	-0.527822	-61.12362		
59	0.101193	750	-0.513329	-61.636949		
60	0.094986	750	-0.508962	-62.145912		
61	0.089014	750	-0.483103	-62.629014		
62	0.083273	750	-0.486666	-63.11568		
63	0.07776	750	-0.45566	-63.57134		
64	0.072472	750	-0.42738	-63.998721		
65	0.067406	750	-0.423022	-64.421742		
66	0.062558	750	-0.408631	-64.830374		
67	0.057926	750	-0.386703	-65.217076		
68	0.053506	750	-0.384881	-65.601957		
69	0.049295	750	-0.363046	-65.965003		
70	0.045289	750	-0.374292	-66.339295		
71	0.041485	750	-0.351262	-66.690557		
72	0.03788	750	-0.329878	-67.020435		
73	0.034469	750	-0.310869	-67.331304		
74	0.03125	750	-0.29197	-67.623274		
75	0.028218	750	-0.303477	-67.926752		
76	0.02537	750	-0.268659	-68.195411		
77	0.022702	750	-0.258644	-68.454055		
78	0.020209	750	-0.241372	-68.695427		
79	0.017889	750	-0.220267	-68.915694		
80	0.015736	750	-0.224857	-69.140552		
81	0.013746	750	-0.198723	-69.339275		
82	0.011916	750	-0.207572	-69.546847		
83	0.01024	750	-0.170678	-69.717525		
84	0.008714	750	-0.156304	-69.873829		
85	0.007334	750	-0.139853	-70.013682		
86	0.006093	750	-0.124503	-70.138184		
87	0.004988	750	-0.115874	-70.254059		
88	0.004013	750	-0.104792	-70.358851		
89	0.003162	750	-0.095377	-70.454228		
90	0.00243	750	-0.090142	-70.54437		
91	0.00181	750	-0.067371	-70.611742		
92	0.001296	750	-0.052955	-70.664697		
93	0.000882	750	-0.043544	-70.708241		
94	0.000559	750	-0.034872	-70.743113		
95	0.00032	750	-0.025347	-70.76846		
96	0.000156	750	-0.023995	-70.792455		
97	0.000057	750	-0.010278	-70.802734		
98	0.00001	750	-0.004758	-70.807492		
99	0	750	-0.001106	-70.808598		
Log marginal likelihood:	-70.808598					
0	0.975187	750	-1.442197	-1.442197		
1	0.950747	750	-1.393987	-2.836185		
2	0.926679	750	-1.550865	-4.38705		
3	0.90298	750	-1.414767	-5.801817		
4	0.879648	750	-1.373867	-7.175684		
5	0.856682	750	-1.390358	-8.566042		
6	0.834079	750	-1.364441	-9.930483		
7	0.811838	750	-1.489812	-11.420295		
8	0.789957	750	-1.342388	-12.762683		
9	0.768433	750	-1.276951	-14.039634		
10	0.747266	750	-1.264315	-15.303949		
11	0.726452	750	-1.280354	-16.584303		
12	0.705989	750	-1.301721	-17.886024		
13	0.685877	750	-1.260897	-19.146921		
14	0.666112	750	-1.28736	-20.434281		
15	0.646693	750	-1.322697	-21.756978		
16	0.627618	750	-1.218745	-22.975723		
17	0.608884	750	-1.206857	-24.18258		
18	0.59049	750	-1.234168	-25.416748		
19	0.572433	750	-1.142498	-26.559245		
20	0.554712	750	-1.132524	-27.69177		
21	0.537324	750	-1.141266	-28.833036		
22	0.520268	750	-1.096921	-29.929956		
23	0.50354	750	-1.074915	-31.004872		
24	0.487139	750	-1.123984	-32.128856		
25	0.471063	750	-1.110665	-33.239521		
26	0.45531	750	-1.061475	-34.300996		
27	0.439877	750	-1.039055	-35.340051		
28	0.424762	750	-0.965534	-36.305585		
29	0.409963	750	-1.025684	-37.331269		
30	0.395478	750	-1.02359	-38.354858		
31	0.381305	750	-0.934802	-39.289661		
32	0.36744	750	-0.974487	-40.264148		
33	0.353883	750	-0.952035	-41.216182		
34	0.34063	750	-0.928566	-42.144748		
35	0.32768	750	-0.911434	-43.056182		
36	0.31503	750	-0.895277	-43.951459		
37	0.302677	750	-0.871257	-44.822716		
38	0.290619	750	-0.8378	-45.660516		
39	0.278855	750	-0.817449	-46.477966		
40	0.267381	750	-0.831897	-47.309862		
41	0.256195	750	-0.826126	-48.135988		
42	0.245294	750	-0.803529	-48.939517		
43	0.234677	750	-0.79912	-49.738637		
44	0.22434	750	-0.776172	-50.514809		
45	0.214281	750	-0.765573	-51.280383		
46	0.204498	750	-0.716981	-51.997363		
47	0.194988	750	-0.693436	-52.6908		
48	0.185749	750	-0.677259	-53.368059		
49	0.176777	750	-0.675691	-54.04375		
50	0.16807	750	-0.655028	-54.698778		
51	0.159626	750	-0.650988	-55.349766		
52	0.151441	750	-0.626318	-55.976084		
53	0.143514	750	-0.607993	-56.584076		
54	0.135841	750	-0.594472	-57.178548		
55	0.12842	750	-0.583676	-57.762224		
56	0.121247	750	-0.561611	-58.323835		
57	0.11432	750	-0.549305	-58.873141		
58	0.107637	750	-0.512503	-59.385644		
59	0.101193	750	-0.495437	-59.881081		
60	0.094986	750	-0.499424	-60.380505		
61	0.089014	750	-0.484161	-60.864667		
62	0.083273	750	-0.470175	-61.334841		
63	0.07776	750	-0.443339	-61.77818		
64	0.072472	750	-0.42856	-62.20674		
65	0.067406	750	-0.431183	-62.637923		
66	0.062558	750	-0.401007	-63.03893		
67	0.057926	750	-0.399375	-63.438304		
68	0.053506	750	-0.370316	-63.80862		
69	0.049295	750	-0.358911	-64.167531		
70	0.045289	750	-0.337332	-64.504863		
71	0.041485	750	-0.336134	-64.840997		
72	0.03788	750	-0.32442	-65.165418		
73	0.034469	750	-0.335805	-65.501223		
74	0.03125	750	-0.285534	-65.786757		
75	0.028218	750	-0.274297	-66.061054		
76	0.02537	750	-0.250403	-66.311457		
77	0.022702	750	-0.249787	-66.561244		
78	0.020209	750	-0.229096	-66.79034		
79	0.017889	750	-0.220413	-67.010753		
80	0.015736	750	-0.229761	-67.240514		
81	0.013746	750	-0.196489	-67.437002		
82	0.011916	750	-0.186368	-67.62337		
83	0.01024	750	-0.166321	-67.789691		
84	0.008714	750	-0.160601	-67.950292		
85	0.007334	750	-0.137565	-68.087856		
86	0.006093	750	-0.121843	-68.2097		
87	0.004988	750	-0.123006	-68.332706		
88	0.004013	750	-0.102879	-68.435585		
89	0.003162	750	-0.085751	-68.521335		
90	0.00243	750	-0.077312	-68.598647		
91	0.00181	750	-0.063508	-68.662156		
92	0.001296	750	-0.051879	-68.714035		
93	0.000882	750	-0.043617	-68.757651		
94	0.000559	750	-0.035757	-68.793408		
95	0.00032	750	-0.027673	-68.821082		
96	0.000156	750	-0.016616	-68.837698		
97	0.000057	750	-0.010858	-68.848556		
98	0.00001	750	-0.005075	-68.853631		
99	0	750	-0.001033	-68.854664		
Log marginal likelihood:	-68.854664					
0	0.975187	750	-1.780972	-1.780972		
1	0.950747	750	-1.759187	-3.540159		
2	0.926679	750	-1.692879	-5.233038		
3	0.90298	750	-1.704639	-6.937677		
4	0.879648	750	-1.643794	-8.58147		
5	0.856682	750	-1.62289	-10.204361		
6	0.834079	750	-1.583503	-11.787864		
7	0.811838	750	-1.576355	-13.364218		
8	0.789957	750	-1.54733	-14.911548		
9	0.768433	750	-1.540863	-16.452411		
10	0.747266	750	-1.536742	-17.989153		
11	0.726452	750	-1.502283	-19.491436		
12	0.705989	750	-1.459348	-20.950784		
13	0.685877	750	-1.447113	-22.397897		
14	0.666112	750	-1.438243	-23.83614		
15	0.646693	750	-1.399906	-25.236046		
16	0.627618	750	-1.387878	-26.623924		
17	0.608884	750	-1.359964	-27.983888		
18	0.59049	750	-1.316742	-29.30063		
19	0.572433	750	-1.324814	-30.625445		
20	0.554712	750	-1.265574	-31.891019		
21	0.537324	750	-1.2613	-33.152318		
22	0.520268	750	-1.251233	-34.403551		
23	0.50354	750	-1.193203	-35.596754		
24	0.487139	750	-1.191519	-36.788273		
25	0.471063	750	-1.188311	-37.976584		
26	0.45531	750	-1.160843	-39.137427		
27	0.439877	750	-1.141672	-40.279099		
28	0.424762	750	-1.121226	-41.400325		
29	0.409963	750	-1.079504	-42.479829		
30	0.395478	750	-1.086616	-43.566444		
31	0.381305	750	-1.064253	-44.630697		
32	0.36744	750	-1.036451	-45.667149		
33	0.353883	750	-0.988562	-46.655711		
34	0.34063	750	-0.984617	-47.640327		
35	0.32768	750	-0.978155	-48.618482		
36	0.31503	750	-0.932857	-49.551339		
37	0.302677	750	-0.915643	-50.466982		
38	0.290619	750	-0.919587	-51.386569		
39	0.278855	750	-0.878881	-52.26545		
40	0.267381	750	-0.885811	-53.151261		
41	0.256195	750	-0.84337	-53.994631		
42	0.245294	750	-0.828542	-54.823173		
43	0.234677	750	-0.804661	-55.627833		
44	0.22434	750	-0.782748	-56.410582		
45	0.214281	750	-0.774815	-57.185397		
46	0.204498	750	-0.768095	-57.953492		
47	0.194988	750	-0.730162	-58.683654		
48	0.185749	750	-0.73443	-59.418084		
49	0.176777	750	-0.694096	-60.11218		
50	0.16807	750	-0.68305	-60.79523		
51	0.159626	750	-0.649823	-61.445053		
52	0.151441	750	-0.662629	-62.107682		
53	0.143514	750	-0.651787	-62.759469		
54	0.135841	750	-0.623948	-63.383416		
55	0.12842	750	-0.596992	-63.980409		
56	0.121247	750	-0.575719	-64.556127		
57	0.11432	750	-0.559391	-65.115518		
58	0.107637	750	-0.54632	-65.661839		
59	0.101193	750	-0.532913	-66.194752		
60	0.094986	750	-0.529823	-66.724575		
61	0.089014	750	-0.488496	-67.213071		
62	0.083273	750	-0.495684	-67.708755		
63	0.07776	750	-0.472281	-68.181036		
64	0.072472	750	-0.435498	-68.616534		
65	0.067406	750	-0.438277	-69.054811		
66	0.062558	750	-0.415346	-69.470157		
67	0.057926	750	-0.414715	-69.884872		
68	0.053506	750	-0.408501	-70.293372		
69	0.049295	750	-0.368515	-70.661887		
70	0.045289	750	-0.351463	-71.01335		
71	0.041485	750	-0.356638	-71.369989		
72	0.03788	750	-0.327676	-71.697665		
73	0.034469	750	-0.317942	-72.015607		
74	0.03125	750	-0.287519	-72.303126		
75	0.028218	750	-0.30012	-72.603246		
76	0.02537	750	-0.296168	-72.899414		
77	0.022702	750	-0.246826	-73.146241		
78	0.020209	750	-0.238268	-73.384509		
79	0.017889	750	-0.242477	-73.626986		
80	0.015736	750	-0.214938	-73.841924		
81	0.013746	750	-0.194291	-74.036215		
82	0.011916	750	-0.191463	-74.227678		
83	0.01024	750	-0.173824	-74.401502		
84	0.008714	750	-0.15915	-74.560652		
85	0.007334	750	-0.14247	-74.703121		
86	0.006093	750	-0.137831	-74.840953		
87	0.004988	750	-0.112741	-74.953693		
88	0.004013	750	-0.105022	-75.058715		
89	0.003162	750	-0.090256	-75.148971		
90	0.00243	750	-0.078061	-75.227033		
91	0.00181	750	-0.060439	-75.287472		
92	0.001296	750	-0.048649	-75.336121		
93	0.000882	750	-0.041965	-75.378086		
94	0.000559	750	-0.035905	-75.413991		
95	0.00032	750	-0.027288	-75.441279		
96	0.000156	750	-0.018727	-75.460006		
97	0.000057	750	-0.010482	-75.470488		
98	0.00001	750	-0.004891	-75.475379		
99	0	750	-0.001129	-75.476508		
Log marginal likelihood:	-75.476508					
0	0.975187	750	-1.580371	-1.580371		
1	0.950747	750	-1.550288	-3.130659		
2	0.926679	750	-1.555725	-4.686383		
3	0.90298	750	-1.516865	-6.203248		
4	0.879648	750	-1.64351	-7.846758		
5	0.856682	750	-1.47404	-9.320798		
6	0.834079	750	-1.50561	-10.826408		
7	0.811838	750	-1.441515	-12.267923		
8	0.789957	750	-1.530358	-13.798281		
9	0.768433	750	-1.41476	-15.213041		
10	0.747266	750	-1.401974	-16.615015		
11	0.726452	750	-1.383762	-17.998777		
12	0.705989	750	-1.366447	-19.365224		
13	0.685877	750	-1.333967	-20.699191		
14	0.666112	750	-1.318107	-22.017298		
15	0.646693	750	-1.308489	-23.325786		
16	0.627618	750	-1.307522	-24.633309		
17	0.608884	750	-1.293708	-25.927017		
18	0.59049	750	-1.31105	-27.238067		
19	0.572433	750	-1.247357	-28.485424		
20	0.554712	750	-1.24124	-29.726664		
21	0.537324	750	-1.234431	-30.961095		
22	0.520268	750	-1.191605	-32.1527		
23	0.50354	750	-1.199701	-33.352401		
24	0.487139	750	-1.157078	-34.509479		
25	0.471063	750	-1.124726	-35.634205		
26	0.45531	750	-1.079133	-36.713339		
27	0.439877	750	-1.105062	-37.8184		
28	0.424762	750	-1.078629	-38.897029		
29	0.409963	750	-1.078778	-39.975808		
30	0.395478	750	-1.036818	-41.012625		
31	0.381305	750	-1.014579	-42.027204		
32	0.36744	750	-1.006235	-43.033439		
33	0.353883	750	-0.997548	-44.030987		
34	0.34063	750	-0.94652	-44.977506		
35	0.32768	750	-0.938483	-45.915989		
36	0.31503	750	-0.923328	-46.839318		
37	0.302677	750	-0.904727	-47.744045		
38	0.290619	750	-0.884225	-48.62827		
39	0.278855	750	-0.844964	-49.473234		
40	0.267381	750	-0.850746	-50.32398		
41	0.256195	750	-0.849594	-51.173573		
42	0.245294	750	-0.804341	-51.977914		
43	0.234677	750	-0.800334	-52.778248		
44	0.22434	750	-0.773263	-53.551512		
45	0.214281	750	-0.73861	-54.290122		
46	0.204498	750	-0.74925	-55.039372		
47	0.194988	750	-0.720314	-55.759686		
48	0.185749	750	-0.695821	-56.455507		
49	0.176777	750	-0.686609	-57.142116		
50	0.16807	750	-0.678657	-57.820773		
51	0.159626	750	-0.646154	-58.466927		
52	0.151441	750	-0.630485	-59.097413		
53	0.143514	750	-0.618794	-59.716206		
54	0.135841	750	-0.599631	-60.315838		
55	0.12842	750	-0.617106	-60.932943		
56	0.121247	750	-0.55939	-61.492334		
57	0.11432	750	-0.54246	-62.034794		
58	0.107637	750	-0.529127	-62.563921		
59	0.101193	750	-0.525921	-63.089842		
60	0.094986	750	-0.5	-63.589842		
61	0.089014	750	-0.494636	-64.084478		
62	0.083273	750	-0.456586	-64.541064		
63	0.07776	750	-0.465355	-65.006419		
64	0.072472	750	-0.448887	-65.455306		
65	0.067406	750	-0.424852	-65.880158		
66	0.062558	750	-0.418304	-66.298462		
67	0.057926	750	-0.417139	-66.715601		
68	0.053506	750	-0.413414	-67.129014		
69	0.049295	750	-0.365885	-67.494899		
70	0.045289	750	-0.35738	-67.852279		
71	0.041485	750	-0.336473	-68.188752		
72	0.03788	750	-0.350477	-68.539228		
73	0.034469	750	-0.326545	-68.865774		
74	0.03125	750	-0.300572	-69.166345		
75	0.028218	750	-0.283414	-69.449759		
76	0.02537	750	-0.259059	-69.708818		
77	0.022702	750	-0.269719	-69.978538		
78	0.020209	750	-0.232095	-70.210633		
79	0.017889	750	-0.224632	-70.435265		
80	0.015736	750	-0.21371	-70.648975		
81	0.013746	750	-0.190256	-70.839231		
82	0.011916	750	-0.168598	-71.007829		
83	0.01024	750	-0.170627	-71.178456		
84	0.008714	750	-0.147417	-71.325872		
85	0.007334	750	-0.148821	-71.474693		
86	0.006093	750	-0.120051	-71.594744		
87	0.004988	750	-0.12351	-71.718254		
88	0.004013	750	-0.097499	-71.815753		
89	0.003162	750	-0.08871	-71.904463		
90	0.00243	750	-0.075261	-71.979724		
91	0.00181	750	-0.08168	-72.061404		
92	0.001296	750	-0.0521	-72.113504		
93	0.000882	750	-0.04723	-72.160734		
94	0.000559	750	-0.035877	-72.196611		
95	0.00032	750	-0.024935	-72.221546		
96	0.000156	750	-0.018423	-72.239969		
97	0.000057	750	-0.01101	-72.250979		
98	0.00001	750	-0.004894	-72.255873		
99	0	750	-0.001105	-72.256978		
Log marginal likelihood:	-72.256978					
0	0.975187	750	-1.640577	-1.640577		
1	0.950747	750	-1.643129	-3.283706		
2	0.926679	750	-1.595338	-4.879044		
3	0.90298	750	-1.598998	-6.478042		
4	0.879648	750	-1.571599	-8.049641		
5	0.856682	750	-1.531556	-9.581197		
6	0.834079	750	-1.527519	-11.108715		
7	0.811838	750	-1.514555	-12.623271		
8	0.789957	750	-1.472814	-14.096085		
9	0.768433	750	-1.434132	-15.530218		
10	0.747266	750	-1.452656	-16.982873		
11	0.726452	750	-1.404087	-18.38696		
12	0.705989	750	-1.392557	-19.779517		
13	0.685877	750	-1.374748	-21.154265		
14	0.666112	750	-1.336905	-22.49117		
15	0.646693	750	-1.319918	-23.811088		
16	0.627618	750	-1.339445	-25.150533		
17	0.608884	750	-1.312462	-26.462995		
18	0.59049	750	-1.287611	-27.750606		
19	0.572433	750	-1.275552	-29.026158		
20	0.554712	750	-1.242388	-30.268546		
21	0.537324	750	-1.212098	-31.480644		
22	0.520268	750	-1.208261	-32.688905		
23	0.50354	750	-1.175108	-33.864013		
24	0.487139	750	-1.163474	-35.027487		
25	0.471063	750	-1.133193	-36.160679		
26	0.45531	750	-1.143583	-37.304262		
27	0.439877	750	-1.103546	-38.407808		
28	0.424762	750	-1.076371	-39.484179		
29	0.409963	750	-1.08146	-40.565639		
30	0.395478	750	-1.047086	-41.612725		
31	0.381305	750	-1.007185	-42.619909		
32	0.36744	750	-0.995841	-43.615751		
33	0.353883	750	-0.967256	-44.583007		
34	0.34063	750	-0.949506	-45.532512		
35	0.32768	750	-0.935859	-46.468371		
36	0.31503	750	-0.938705	-47.407076		
37	0.302677	750	-0.905296	-48.312372		
38	0.290619	750	-0.896995	-49.209367		
39	0.278855	750	-0.85751	-50.066877		
40	0.267381	750	-0.832867	-50.899744		
41	0.256195	750	-0.829209	-51.728953		
42	0.245294	750	-0.811355	-52.540308		
43	0.234677	750	-0.803286	-53.343594		
44	0.22434	750	-0.778161	-54.121755		
45	0.214281	750	-0.761463	-54.883218		
46	0.204498	750	-0.748527	-55.631746		
47	0.194988	750	-0.720097	-56.351842		
48	0.185749	750	-0.697795	-57.049637		
49	0.176777	750	-0.687828	-57.737465		
50	0.16807	750	-0.672571	-58.410036		
51	0.159626	750	-0.66617	-59.076207		
52	0.151441	750	-0.654437	-59.730643		
53	0.143514	750	-0.627426	-60.358069		
54	0.135841	750	-0.599601	-60.95767		
55	0.12842	750	-0.601903	-61.559573		
56	0.121247	750	-0.565808	-62.125381		
57	0.11432	750	-0.55821	-62.683591		
58	0.107637	750	-0.543588	-63.227178		
59	0.101193	750	-0.540959	-63.768137		
60	0.094986	750	-0.505302	-64.273439		
61	0.089014	750	-0.489708	-64.763147		
62	0.083273	750	-0.474904	-65.238051		
63	0.07776	750	-0.460626	-65.698677		
64	0.072472	750	-0.46334	-66.162017		
65	0.067406	750	-0.436346	-66.598362		
66	0.062558	750	-0.416905	-67.015267		
67	0.057926	750	-0.412245	-67.427512		
68	0.053506	750	-0.394039	-67.821551		
69	0.049295	750	-0.379859	-68.20141		
70	0.045289	750	-0.34926	-68.55067		
71	0.041485	750	-0.356272	-68.906941		
72	0.03788	750	-0.327935	-69.234876		
73	0.034469	750	-0.307032	-69.541908		
74	0.03125	750	-0.306977	-69.848885		
75	0.028218	750	-0.303561	-70.152446		
76	0.02537	750	-0.27568	-70.428126		
77	0.022702	750	-0.269619	-70.697745		
78	0.020209	750	-0.249347	-70.947091		
79	0.017889	750	-0.212648	-71.159739		
80	0.015736	750	-0.218506	-71.378245		
81	0.013746	750	-0.214741	-71.592986		
82	0.011916	750	-0.196158	-71.789144		
83	0.01024	750	-0.189981	-71.979125		
84	0.008714	750	-0.14973	-72.128855		
85	0.007334	750	-0.131138	-72.259993		
86	0.006093	750	-0.128562	-72.388554		
87	0.004988	750	-0.111993	-72.500547		
88	0.004013	750	-0.105763	-72.60631		
89	0.003162	750	-0.085027	-72.691336		
90	0.00243	750	-0.073719	-72.765056		
91	0.00181	750	-0.070952	-72.836008		
92	0.001296	750	-0.056788	-72.892796		
93	0.000882	750	-0.045922	-72.938718		
94	0.000559	750	-0.03518	-72.973898		
95	0.00032	750	-0.02441	-72.998308		
96	0.000156	750	-0.018421	-73.016729		
97	0.000057	750	-0.012259	-73.028988		
98	0.00001	750	-0.004585	-73.033574		
99	0	750	-0.001019	-73.034592		
Log marginal likelihood:	-73.034592					
0	0.975187	750	-1.470833	-1.470833		
1	0.950747	750	-1.472474	-2.943307		
2	0.926679	750	-1.478915	-4.422222		
3	0.90298	750	-1.359433	-5.781655		
4	0.879648	750	-1.409415	-7.19107		
5	0.856682	750	-1.3435	-8.534569		
6	0.834079	750	-1.384229	-9.918798		
7	0.811838	750	-1.350075	-11.268873		
8	0.789957	750	-1.30062	-12.569494		
9	0.768433	750	-1.310667	-13.880161		
10	0.747266	750	-1.295184	-15.175345		
11	0.726452	750	-1.352572	-16.527917		
12	0.705989	750	-1.28876	-17.816676		
13	0.685877	750	-1.277635	-19.094311		
14	0.666112	750	-1.216414	-20.310725		
15	0.646693	750	-1.257893	-21.568618		
16	0.627618	750	-1.205871	-22.774488		
17	0.608884	750	-1.176736	-23.951224		
18	0.59049	750	-1.212504	-25.163728		
19	0.572433	750	-1.187948	-26.351676		
20	0.554712	750	-1.086475	-27.438152		
21	0.537324	750	-1.177756	-28.615908		
22	0.520268	750	-1.160567	-29.776475		
23	0.50354	750	-1.069472	-30.845947		
24	0.487139	750	-1.088252	-31.9342		
25	0.471063	750	-1.05839	-32.99259		
26	0.45531	750	-1.021885	-34.014475		
27	0.439877	750	-1.043384	-35.057859		
28	0.424762	750	-1.021358	-36.079217		
29	0.409963	750	-1.035796	-37.115013		
30	0.395478	750	-0.976764	-38.091777		
31	0.381305	750	-0.996648	-39.088425		
32	0.36744	750	-0.948927	-40.037352		
33	0.353883	750	-0.951981	-40.989333		
34	0.34063	750	-0.921206	-41.910539		
35	0.32768	750	-0.894208	-42.804747		
36	0.31503	750	-0.903093	-43.707841		
37	0.302677	750	-0.845631	-44.553471		
38	0.290619	750	-0.863938	-45.41741		
39	0.278855	750	-0.858622	-46.276031		
40	0.267381	750	-0.839355	-47.115387		
41	0.256195	750	-0.802563	-47.91795		
42	0.245294	750	-0.792905	-48.710855		
43	0.234677	750	-0.765853	-49.476707		
44	0.22434	750	-0.767376	-50.244084		
45	0.214281	750	-0.75194	-50.996024		
46	0.204498	750	-0.737588	-51.733612		
47	0.194988	750	-0.704809	-52.43842		
48	0.185749	750	-0.680578	-53.118998		
49	0.176777	750	-0.654991	-53.773989		
50	0.16807	750	-0.651728	-54.425717		
51	0.159626	750	-0.625663	-55.05138		
52	0.151441	750	-0.626788	-55.678168		
53	0.143514	750	-0.610484	-56.288652		
54	0.135841	750	-0.57955	-56.868203		
55	0.12842	750	-0.572696	-57.440898		
56	0.121247	750	-0.562556	-58.003454		
57	0.11432	750	-0.520642	-58.524097		
58	0.107637	750	-0.533077	-59.057174		
59	0.101193	750	-0.523978	-59.581152		
60	0.094986	750	-0.508096	-60.089248		
61	0.089014	750	-0.478367	-60.567615		
62	0.083273	750	-0.468439	-61.036054		
63	0.07776	750	-0.467345	-61.5034		
64	0.072472	750	-0.428268	-61.931668		
65	0.067406	750	-0.420193	-62.351861		
66	0.062558	750	-0.404021	-62.755882		
67	0.057926	750	-0.415617	-63.171499		
68	0.053506	750	-0.357093	-63.528592		
69	0.049295	750	-0.368156	-63.896749		
70	0.045289	750	-0.383275	-64.280024		
71	0.041485	750	-0.325414	-64.605438		
72	0.03788	750	-0.32032	-64.925757		
73	0.034469	750	-0.309968	-65.235725		
74	0.03125	750	-0.288249	-65.523974		
75	0.028218	750	-0.290762	-65.814736		
76	0.02537	750	-0.264983	-66.07972		
77	0.022702	750	-0.247837	-66.327557		
78	0.020209	750	-0.236271	-66.563827		
79	0.017889	750	-0.212358	-66.776185		
80	0.015736	750	-0.201911	-66.978096		
81	0.013746	750	-0.204018	-67.182114		
82	0.011916	750	-0.198062	-67.380176		
83	0.01024	750	-0.17931	-67.559486		
84	0.008714	750	-0.148447	-67.707933		
85	0.007334	750	-0.149572	-67.857505		
86	0.006093	750	-0.130901	-67.988406		
87	0.004988	750	-0.119736	-68.108142		
88	0.004013	750	-0.110112	-68.218254		
89	0.003162	750	-0.086142	-68.304396		
90	0.00243	750	-0.071977	-68.376373		
91	0.00181	750	-0.071552	-68.447924		
92	0.001296	750	-0.059003	-68.506928		
93	0.000882	750	-0.041347	-68.548274		
94	0.000559	750	-0.032012	-68.580286		
95	0.00032	750	-0.026479	-68.606765		
96	0.000156	750	-0.017365	-68.62413		
97	0.000057	750	-0.011375	-68.635504		
98	0.00001	750	-0.005048	-68.640552		
99	0	750	-0.000986	-68.641538		
Log marginal likelihood:	-68.641538					
0	0.975187	750	-1.669219	-1.669219		
1	0.950747	750	-1.694667	-3.363886		
2	0.926679	750	-1.633739	-4.997625		
3	0.90298	750	-1.656085	-6.65371		
4	0.879648	750	-1.606197	-8.259907		
5	0.856682	750	-1.553952	-9.813859		
6	0.834079	750	-1.586486	-11.400345		
7	0.811838	750	-1.516047	-12.916391		
8	0.789957	750	-1.53212	-14.448512		
9	0.768433	750	-1.488289	-15.936801		
10	0.747266	750	-1.459026	-17.395826		
11	0.726452	750	-1.465347	-18.861174		
12	0.705989	750	-1.382834	-20.244007		
13	0.685877	750	-1.413558	-21.657565		
14	0.666112	750	-1.354635	-23.0122		
15	0.646693	750	-1.349704	-24.361904		
16	0.627618	750	-1.368204	-25.730108		
17	0.608884	750	-1.319146	-27.049254		
18	0.59049	750	-1.300109	-28.349363		
19	0.572433	750	-1.241013	-29.590376		
20	0.554712	750	-1.29863	-30.889006		
21	0.537324	750	-1.212268	-32.101274		
22	0.520268	750	-1.236085	-33.337359		
23	0.50354	750	-1.174724	-34.512083		
24	0.487139	750	-1.186358	-35.698441		
25	0.471063	750	-1.134423	-36.832863		
26	0.45531	750	-1.139365	-37.972228		
27	0.439877	750	-1.11143	-39.083658		
28	0.424762	750	-1.104941	-40.188599		
29	0.409963	750	-1.063859	-41.252458		
30	0.395478	750	-1.043941	-42.2964		
31	0.381305	750	-1.019216	-43.315616		
32	0.36744	750	-1.035615	-44.35123		
33	0.353883	750	-1.007586	-45.358816		
34	0.34063	750	-0.963408	-46.322225		
35	0.32768	750	-0.975968	-47.298193		
36	0.31503	750	-0.938396	-48.236589		
37	0.302677	750	-0.918556	-49.155145		
38	0.290619	750	-0.898023	-50.053169		
39	0.278855	750	-0.87233	-50.925498		
40	0.267381	750	-0.858059	-51.783558		
41	0.256195	750	-0.825273	-52.608831		
42	0.245294	750	-0.813816	-53.422647		
43	0.234677	750	-0.801711	-54.224359		
44	0.22434	750	-0.781865	-55.006224		
45	0.214281	750	-0.7688	-55.775024		
46	0.204498	750	-0.74531	-56.520334		
47	0.194988	750	-0.729001	-57.249335		
48	0.185749	750	-0.711525	-57.96086		
49	0.176777	750	-0.717233	-58.678093		
50	0.16807	750	-0.687372	-59.365465		
51	0.159626	750	-0.664949	-60.030414		
52	0.151441	750	-0.660297	-60.690711		
53	0.143514	750	-0.624898	-61.31561		
54	0.135841	750	-0.61495	-61.93056		
55	0.12842	750	-0.615643	-62.546202		
56	0.121247	750	-0.565288	-63.111491		
57	0.11432	750	-0.552193	-63.663683		
58	0.107637	750	-0.536417	-64.200101		
59	0.101193	750	-0.525925	-64.726026		
60	0.094986	750	-0.522947	-65.248973		
61	0.089014	750	-0.491375	-65.740347		
62	0.083273	750	-0.483249	-66.223596		
63	0.07776	750	-0.46958	-66.693176		
64	0.072472	750	-0.427043	-67.120219		
65	0.067406	750	-0.439084	-67.559303		
66	0.062558	750	-0.43872	-67.998023		
67	0.057926	750	-0.424158	-68.422182		
68	0.053506	750	-0.406854	-68.829035		
69	0.049295	750	-0.386311	-69.215347		
70	0.045289	750	-0.366537	-69.581884		
71	0.041485	750	-0.338236	-69.92012		
72	0.03788	750	-0.337761	-70.257881		
73	0.034469	750	-0.345933	-70.603814		
74	0.03125	750	-0.293515	-70.897329		
75	0.028218	750	-0.325998	-71.223327		
76	0.02537	750	-0.272096	-71.495423		
77	0.022702	750	-0.242297	-71.73772		
78	0.020209	750	-0.238052	-71.975772		
79	0.017889	750	-0.242686	-72.218458		
80	0.015736	750	-0.220486	-72.438944		
81	0.013746	750	-0.195246	-72.63419		
82	0.011916	750	-0.197709	-72.831898		
83	0.01024	750	-0.170711	-73.00261		
84	0.008714	750	-0.145632	-73.148242		
85	0.007334	750	-0.144756	-73.292998		
86	0.006093	750	-0.137883	-73.430881		
87	0.004988	750	-0.119484	-73.550365		
88	0.004013	750	-0.099211	-73.649576		
89	0.003162	750	-0.092713	-73.742288		
90	0.00243	750	-0.089343	-73.831632		
91	0.00181	750	-0.066843	-73.898475		
92	0.001296	750	-0.054177	-73.952652		
93	0.000882	750	-0.049505	-74.002157		
94	0.000559	750	-0.038296	-74.040453		
95	0.00032	750	-0.025835	-74.066287		
96	0.000156	750	-0.01859	-74.084878		
97	0.000057	750	-0.010517	-74.095394		
98	0.00001	750	-0.00516	-74.100555		
99	0	750	-0.001053	-74.101607		
Log marginal likelihood:	-74.101607					
0	0.975187	750	-1.77812	-1.77812		
1	0.950747	750	-1.715235	-3.493355		
2	0.926679	750	-1.685638	-5.178993		
3	0.90298	750	-1.702101	-6.881094		
4	0.879648	750	-1.655976	-8.537071		
5	0.856682	750	-1.659506	-10.196577		
6	0.834079	750	-1.629481	-11.826058		
7	0.811838	750	-1.559443	-13.385502		
8	0.789957	750	-1.547475	-14.932977		
9	0.768433	750	-1.56907	-16.502047		
10	0.747266	750	-1.475901	-17.977948		
11	0.726452	750	-1.473707	-19.451655		
12	0.705989	750	-1.485317	-20.936972		
13	0.685877	750	-1.437839	-22.374812		
14	0.666112	750	-1.432217	-23.807028		
15	0.646693	750	-1.423991	-25.23102		
16	0.627618	750	-1.403105	-26.634125		
17	0.608884	750	-1.361357	-27.995482		
18	0.59049	750	-1.362366	-29.357847		
19	0.572433	750	-1.341446	-30.699293		
20	0.554712	750	-1.308213	-32.007506		
21	0.537324	750	-1.294865	-33.302371		
22	0.520268	750	-1.263505	-34.565877		
23	0.50354	750	-1.238522	-35.804398		
24	0.487139	750	-1.209133	-37.013531		
25	0.471063	750	-1.18631	-38.199841		
26	0.45531	750	-1.160286	-39.360128		
27	0.439877	750	-1.151985	-40.512112		
28	0.424762	750	-1.142277	-41.654389		
29	0.409963	750	-1.0791	-42.733489		
30	0.395478	750	-1.076883	-43.810371		
31	0.381305	750	-1.05292	-44.863291		
32	0.36744	750	-1.051202	-45.914493		
33	0.353883	750	-1.026429	-46.940922		
34	0.34063	750	-1.016046	-47.956968		
35	0.32768	750	-0.988831	-48.945799		
36	0.31503	750	-0.967647	-49.913445		
37	0.302677	750	-0.933937	-50.847383		
38	0.290619	750	-0.915667	-51.76305		
39	0.278855	750	-0.906636	-52.669686		
40	0.267381	750	-0.885214	-53.5549		
41	0.256195	750	-0.856054	-54.410954		
42	0.245294	750	-0.840906	-55.251861		
43	0.234677	750	-0.821636	-56.073496		
44	0.22434	750	-0.81211	-56.885607		
45	0.214281	750	-0.795976	-57.681583		
46	0.204498	750	-0.772261	-58.453843		
47	0.194988	750	-0.742807	-59.196651		
48	0.185749	750	-0.729381	-59.926032		
49	0.176777	750	-0.710414	-60.636446		
50	0.16807	750	-0.691713	-61.328159		
51	0.159626	750	-0.677594	-62.005753		
52	0.151441	750	-0.658271	-62.664025		
53	0.143514	750	-0.642411	-63.306436		
54	0.135841	750	-0.629724	-63.936159		
55	0.12842	750	-0.604643	-64.540803		
56	0.121247	750	-0.595623	-65.136426		
57	0.11432	750	-0.579947	-65.716372		
58	0.107637	750	-0.551786	-66.268159		
59	0.101193	750	-0.548514	-66.816673		
60	0.094986	750	-0.512829	-67.329501		
61	0.089014	750	-0.5013	-67.830801		
62	0.083273	750	-0.488981	-68.319782		
63	0.07776	750	-0.475706	-68.795488		
64	0.072472	750	-0.441566	-69.237054		
65	0.067406	750	-0.447589	-69.684643		
66	0.062558	750	-0.432466	-70.117109		
67	0.057926	750	-0.414221	-70.53133		
68	0.053506	750	-0.40283	-70.93416		
69	0.049295	750	-0.384253	-71.318413		
70	0.045289	750	-0.37452	-71.692933		
71	0.041485	750	-0.335754	-72.028687		
72	0.03788	750	-0.324256	-72.352943		
73	0.034469	750	-0.321385	-72.674328		
74	0.03125	750	-0.29929	-72.973618		
75	0.028218	750	-0.286635	-73.260253		
76	0.02537	750	-0.282861	-73.543114		
77	0.022702	750	-0.258015	-73.801129		
78	0.020209	750	-0.239896	-74.041025		
79	0.017889	750	-0.233793	-74.274818		
80	0.015736	750	-0.22394	-74.498758		
81	0.013746	750	-0.204264	-74.703022		
82	0.011916	750	-0.193249	-74.896271		
83	0.01024	750	-0.176688	-75.072959		
84	0.008714	750	-0.153959	-75.226918		
85	0.007334	750	-0.143381	-75.370298		
86	0.006093	750	-0.138278	-75.508576		
87	0.004988	750	-0.126461	-75.635037		
88	0.004013	750	-0.10574	-75.740777		
89	0.003162	750	-0.088508	-75.829285		
90	0.00243	750	-0.076905	-75.90619		
91	0.00181	750	-0.071558	-75.977748		
92	0.001296	750	-0.051452	-76.029199		
93	0.000882	750	-0.045386	-76.074585		
94	0.000559	750	-0.039095	-76.113681		
95	0.00032	750	-0.027555	-76.141236		
96	0.000156	750	-0.016776	-76.158012		
97	0.000057	750	-0.011254	-76.169266		
98	0.00001	750	-0.005262	-76.174528		
99	0	750	-0.001028	-76.175556		
Log marginal likelihood:	-76.175556					
0	0.975187	750	-1.594007	-1.594007		
1	0.950747	750	-1.612404	-3.206411		
2	0.926679	750	-1.587401	-4.793811		
3	0.90298	750	-1.558658	-6.352469		
4	0.879648	750	-1.532035	-7.884504		
5	0.856682	750	-1.538479	-9.422983		
6	0.834079	750	-1.55068	-10.973663		
7	0.811838	750	-1.491894	-12.465557		
8	0.789957	750	-1.457023	-13.92258		
9	0.768433	750	-1.458041	-15.38062		
10	0.747266	750	-1.455501	-16.836121		
11	0.726452	750	-1.438194	-18.274316		
12	0.705989	750	-1.376237	-19.650552		
13	0.685877	750	-1.406149	-21.056701		
14	0.666112	750	-1.340203	-22.396905		
15	0.646693	750	-1.314603	-23.711508		
16	0.627618	750	-1.326997	-25.038505		
17	0.608884	750	-1.331164	-26.369668		
18	0.59049	750	-1.317181	-27.686849		
19	0.572433	750	-1.257742	-28.944591		
20	0.554712	750	-1.262926	-30.207517		
21	0.537324	750	-1.211248	-31.418765		
22	0.520268	750	-1.190287	-32.609052		
23	0.50354	750	-1.179935	-33.788987		
24	0.487139	750	-1.16909	-34.958076		
25	0.471063	750	-1.168642	-36.126719		
26	0.45531	750	-1.124321	-37.251039		
27	0.439877	750	-1.087735	-38.338775		
28	0.424762	750	-1.089962	-39.428737		
29	0.409963	750	-1.041499	-40.470236		
30	0.395478	750	-1.047548	-41.517783		
31	0.381305	750	-1.027143	-42.544926		
32	0.36744	750	-0.975755	-43.520681		
33	0.353883	750	-0.999861	-44.520542		
34	0.34063	750	-0.95806	-45.478602		
35	0.32768	750	-0.956601	-46.435203		
36	0.31503	750	-0.93742	-47.372623		
37	0.302677	750	-0.917159	-48.289782		
38	0.290619	750	-0.888334	-49.178116		
39	0.278855	750	-0.880605	-50.05872		
40	0.267381	750	-0.846889	-50.905609		
41	0.256195	750	-0.825862	-51.731471		
42	0.245294	750	-0.828841	-52.560312		
43	0.234677	750	-0.800786	-53.361098		
44	0.22434	750	-0.76697	-54.128068		
45	0.214281	750	-0.754626	-54.882694		
46	0.204498	750	-0.759162	-55.641856		
47	0.194988	750	-0.73614	-56.377995		
48	0.185749	750	-0.726913	-57.104908		
49	0.176777	750	-0.696669	-57.801577		
50	0.16807	750	-0.683143	-58.48472		
51	0.159626	750	-0.667026	-59.151746		
52	0.151441	750	-0.63143	-59.783176		
53	0.143514	750	-0.62128	-60.404456		
54	0.135841	750	-0.606644	-61.0111		
55	0.12842	750	-0.597717	-61.608817		
56	0.121247	750	-0.559297	-62.168114		
57	0.11432	750	-0.549906	-62.71802		
58	0.107637	750	-0.533575	-63.251594		
59	0.101193	750	-0.565264	-63.816858		
60	0.094986	750	-0.503258	-64.320116		
61	0.089014	750	-0.518736	-64.838852		
62	0.083273	750	-0.484163	-65.323014		
63	0.07776	750	-0.467797	-65.790811		
64	0.072472	750	-0.447242	-66.238053		
65	0.067406	750	-0.426355	-66.664408		
66	0.062558	750	-0.409482	-67.073889		
67	0.057926	750	-0.403735	-67.477625		
68	0.053506	750	-0.390498	-67.868122		
69	0.049295	750	-0.371364	-68.239486		
70	0.045289	750	-0.367929	-68.607415		
71	0.041485	750	-0.356957	-68.964372		
72	0.03788	750	-0.334454	-69.298827		
73	0.034469	750	-0.319993	-69.61882		
74	0.03125	750	-0.295672	-69.914492		
75	0.028218	750	-0.275498	-70.18999		
76	0.02537	750	-0.276313	-70.466303		
77	0.022702	750	-0.263328	-70.729631		
78	0.020209	750	-0.25482	-70.984451		
79	0.017889	750	-0.248525	-71.232976		
80	0.015736	750	-0.195503	-71.428479		
81	0.013746	750	-0.195006	-71.623484		
82	0.011916	750	-0.20919	-71.832675		
83	0.01024	750	-0.170398	-72.003072		
84	0.008714	750	-0.171627	-72.1747		
85	0.007334	750	-0.140472	-72.315172		
86	0.006093	750	-0.138981	-72.454153		
87	0.004988	750	-0.119407	-72.57356		
88	0.004013	750	-0.106728	-72.680288		
89	0.003162	750	-0.094102	-72.77439		
90	0.00243	750	-0.077849	-72.852239		
91	0.00181	750	-0.059834	-72.912074		
92	0.001296	750	-0.053006	-72.96508		
93	0.000882	750	-0.04116	-73.00624		
94	0.000559	750	-0.034855	-73.041095		
95	0.00032	750	-0.023853	-73.064948		
96	0.000156	750	-0.017686	-73.082634		
97	0.000057	750	-0.01046	-73.093093		
98	0.00001	750	-0.005052	-73.098146		
99	0	750	-0.001133	-73.099278		
Log marginal likelihood:	-73.099278					
0	0.975187	750	-1.526837	-1.526837		
1	0.950747	750	-1.51701	-3.043847		
2	0.926679	750	-1.514283	-4.55813		
3	0.90298	750	-1.492538	-6.050668		
4	0.879648	750	-1.460442	-7.51111		
5	0.856682	750	-1.458961	-8.97007		
6	0.834079	750	-1.528602	-10.498672		
7	0.811838	750	-1.403604	-11.902276		
8	0.789957	750	-1.372	-13.274276		
9	0.768433	750	-1.353454	-14.62773		
10	0.747266	750	-1.352296	-15.980026		
11	0.726452	750	-1.324637	-17.304664		
12	0.705989	750	-1.397518	-18.702181		
13	0.685877	750	-1.306618	-20.0088		
14	0.666112	750	-1.294957	-21.303756		
15	0.646693	750	-1.294793	-22.59855		
16	0.627618	750	-1.285502	-23.884051		
17	0.608884	750	-1.248734	-25.132786		
18	0.59049	750	-1.192171	-26.324957		
19	0.572433	750	-1.20785	-27.532807		
20	0.554712	750	-1.215859	-28.748666		
21	0.537324	750	-1.198194	-29.94686		
22	0.520268	750	-1.156647	-31.103506		
23	0.50354	750	-1.179819	-32.283325		
24	0.487139	750	-1.168852	-33.452177		
25	0.471063	750	-1.085273	-34.53745		
26	0.45531	750	-1.107822	-35.645273		
27	0.439877	750	-1.069941	-36.715214		
28	0.424762	750	-1.045978	-37.761192		
29	0.409963	750	-1.046121	-38.807313		
30	0.395478	750	-1.034917	-39.84223		
31	0.381305	750	-1.017496	-40.859725		
32	0.36744	750	-0.979066	-41.838791		
33	0.353883	750	-0.970679	-42.80947		
34	0.34063	750	-0.930952	-43.740422		
35	0.32768	750	-0.901083	-44.641505		
36	0.31503	750	-0.90287	-45.544376		
37	0.302677	750	-0.902055	-46.446431		
38	0.290619	750	-0.888053	-47.334484		
39	0.278855	750	-0.856161	-48.190645		
40	0.267381	750	-0.799143	-48.989789		
41	0.256195	750	-0.830584	-49.820373		
42	0.245294	750	-0.810069	-50.630442		
43	0.234677	750	-0.780309	-51.410751		
44	0.22434	750	-0.760974	-52.171725		
45	0.214281	750	-0.730868	-52.902593		
46	0.204498	750	-0.73276	-53.635353		
47	0.194988	750	-0.717186	-54.352539		
48	0.185749	750	-0.68907	-55.041608		
49	0.176777	750	-0.681049	-55.722657		
50	0.16807	750	-0.655726	-56.378383		
51	0.159626	750	-0.633969	-57.012352		
52	0.151441	750	-0.615554	-57.627906		
53	0.143514	750	-0.605094	-58.233001		
54	0.135841	750	-0.580531	-58.813532		
55	0.12842	750	-0.567712	-59.381244		
56	0.121247	750	-0.553541	-59.934785		
57	0.11432	750	-0.525915	-60.4607		
58	0.107637	750	-0.528782	-60.989482		
59	0.101193	750	-0.528103	-61.517585		
60	0.094986	750	-0.504686	-62.022272		
61	0.089014	750	-0.471353	-62.493625		
62	0.083273	750	-0.499772	-62.993397		
63	0.07776	750	-0.455012	-63.448408		
64	0.072472	750	-0.434983	-63.883391		
65	0.067406	750	-0.431866	-64.315257		
66	0.062558	750	-0.399424	-64.714682		
67	0.057926	750	-0.394418	-65.109099		
68	0.053506	750	-0.387017	-65.496116		
69	0.049295	750	-0.381004	-65.877121		
70	0.045289	750	-0.335856	-66.212976		
71	0.041485	750	-0.339573	-66.55255		
72	0.03788	750	-0.319007	-66.871556		
73	0.034469	750	-0.30555	-67.177106		
74	0.03125	750	-0.29823	-67.475336		
75	0.028218	750	-0.300879	-67.776216		
76	0.02537	750	-0.26143	-68.037646		
77	0.022702	750	-0.250461	-68.288106		
78	0.020209	750	-0.239001	-68.527107		
79	0.017889	750	-0.225611	-68.752718		
80	0.015736	750	-0.202968	-68.955686		
81	0.013746	750	-0.181451	-69.137136		
82	0.011916	750	-0.171596	-69.308732		
83	0.01024	750	-0.158012	-69.466744		
84	0.008714	750	-0.162795	-69.629539		
85	0.007334	750	-0.14675	-69.776289		
86	0.006093	750	-0.122351	-69.898641		
87	0.004988	750	-0.120117	-70.018758		
88	0.004013	750	-0.100373	-70.11913		
89	0.003162	750	-0.088332	-70.207462		
90	0.00243	750	-0.075601	-70.283062		
91	0.00181	750	-0.061291	-70.344353		
92	0.001296	750	-0.0541	-70.398453		
93	0.000882	750	-0.044884	-70.443337		
94	0.000559	750	-0.034568	-70.477905		
95	0.00032	750	-0.028177	-70.506082		
96	0.000156	750	-0.018056	-70.524138		
97	0.000057	750	-0.010741	-70.534879		
98	0.00001	750	-0.005449	-70.540328		
99	0	750	-0.001016	-70.541344		
Log marginal likelihood:	-70.541344					
0	0.975187	750	-1.708882	-1.708882		
1	0.950747	750	-1.6589	-3.367781		
2	0.926679	750	-1.651102	-5.018883		
3	0.90298	750	-1.681217	-6.7001		
4	0.879648	750	-1.638283	-8.338382		
5	0.856682	750	-1.5884	-9.926782		
6	0.834079	750	-1.573896	-11.500678		
7	0.811838	750	-1.57363	-13.074309		
8	0.789957	750	-1.578228	-14.652537		
9	0.768433	750	-1.52406	-16.176597		
10	0.747266	750	-1.484496	-17.661093		
11	0.726452	750	-1.466501	-19.127593		
12	0.705989	750	-1.504818	-20.632412		
13	0.685877	750	-1.417276	-22.049688		
14	0.666112	750	-1.41076	-23.460447		
15	0.646693	750	-1.404869	-24.865317		
16	0.627618	750	-1.354078	-26.219395		
17	0.608884	750	-1.344482	-27.563877		
18	0.59049	750	-1.297495	-28.861372		
19	0.572433	750	-1.312503	-30.173875		
20	0.554712	750	-1.300726	-31.474601		
21	0.537324	750	-1.293992	-32.768593		
22	0.520268	750	-1.276745	-34.045338		
23	0.50354	750	-1.220044	-35.265382		
24	0.487139	750	-1.227462	-36.492843		
25	0.471063	750	-1.173796	-37.666639		
26	0.45531	750	-1.188048	-38.854687		
27	0.439877	750	-1.14911	-40.003797		
28	0.424762	750	-1.121292	-41.125089		
29	0.409963	750	-1.090449	-42.215538		
30	0.395478	750	-1.079502	-43.29504		
31	0.381305	750	-1.059706	-44.354747		
32	0.36744	750	-1.055293	-45.410039		
33	0.353883	750	-1.006068	-46.416108		
34	0.34063	750	-0.990646	-47.406754		
35	0.32768	750	-0.964301	-48.371055		
36	0.31503	750	-0.96153	-49.332586		
37	0.302677	750	-0.931309	-50.263895		
38	0.290619	750	-0.902556	-51.166451		
39	0.278855	750	-0.892336	-52.058786		
40	0.267381	750	-0.880513	-52.9393		
41	0.256195	750	-0.869011	-53.80831		
42	0.245294	750	-0.831207	-54.639518		
43	0.234677	750	-0.830505	-55.470023		
44	0.22434	750	-0.80249	-56.272512		
45	0.214281	750	-0.793888	-57.0664		
46	0.204498	750	-0.759755	-57.826155		
47	0.194988	750	-0.748451	-58.574606		
48	0.185749	750	-0.734086	-59.308692		
49	0.176777	750	-0.731586	-60.040278		
50	0.16807	750	-0.696052	-60.73633		
51	0.159626	750	-0.657475	-61.393805		
52	0.151441	750	-0.648555	-62.04236		
53	0.143514	750	-0.624969	-62.667328		
54	0.135841	750	-0.620914	-63.288242		
55	0.12842	750	-0.597631	-63.885874		
56	0.121247	750	-0.581766	-64.467639		
57	0.11432	750	-0.56468	-65.03232		
58	0.107637	750	-0.543962	-65.576281		
59	0.101193	750	-0.539912	-66.116193		
60	0.094986	750	-0.532704	-66.648897		
61	0.089014	750	-0.486327	-67.135225		
62	0.083273	750	-0.496156	-67.63138		
63	0.07776	750	-0.472658	-68.104038		
64	0.072472	750	-0.444787	-68.548825		
65	0.067406	750	-0.442311	-68.991136		
66	0.062558	750	-0.448194	-69.439331		
67	0.057926	750	-0.40569	-69.845021		
68	0.053506	750	-0.42822	-70.273241		
69	0.049295	750	-0.397236	-70.670477		
70	0.045289	750	-0.355645	-71.026122		
71	0.041485	750	-0.34499	-71.371111		
72	0.03788	750	-0.333722	-71.704834		
73	0.034469	750	-0.323428	-72.028262		
74	0.03125	750	-0.313384	-72.341645		
75	0.028218	750	-0.293716	-72.635361		
76	0.02537	750	-0.29813	-72.933491		
77	0.022702	750	-0.262127	-73.195618		
78	0.020209	750	-0.239203	-73.434821		
79	0.017889	750	-0.225317	-73.660139		
80	0.015736	750	-0.218987	-73.879125		
81	0.013746	750	-0.192311	-74.071436		
82	0.011916	750	-0.192838	-74.264274		
83	0.01024	750	-0.170368	-74.434642		
84	0.008714	750	-0.162952	-74.597595		
85	0.007334	750	-0.141499	-74.739094		
86	0.006093	750	-0.129336	-74.86843		
87	0.004988	750	-0.115268	-74.983698		
88	0.004013	750	-0.103908	-75.087606		
89	0.003162	750	-0.096383	-75.183989		
90	0.00243	750	-0.078528	-75.262517		
91	0.00181	750	-0.06413	-75.326648		
92	0.001296	750	-0.060635	-75.387282		
93	0.000882	750	-0.047656	-75.434939		
94	0.000559	750	-0.035755	-75.470694		
95	0.00032	750	-0.026375	-75.497069		
96	0.000156	750	-0.018735	-75.515803		
97	0.000057	750	-0.010849	-75.526652		
98	0.00001	750	-0.004814	-75.531466		
99	0	750	-0.001144	-75.532611		
Log marginal likelihood:	-75.532611					
0	0.975187	750	-1.563449	-1.563449		
1	0.950747	750	-1.555167	-3.118616		
2	0.926679	750	-1.54283	-4.661446		
3	0.90298	750	-1.48819	-6.149636		
4	0.879648	750	-1.483278	-7.632914		
5	0.856682	750	-1.504136	-9.13705		
6	0.834079	750	-1.47581	-10.61286		
7	0.811838	750	-1.420865	-12.033724		
8	0.789957	750	-1.412994	-13.446718		
9	0.768433	750	-1.357093	-14.803811		
10	0.747266	750	-1.371468	-16.17528		
11	0.726452	750	-1.331445	-17.506725		
12	0.705989	750	-1.314581	-18.821306		
13	0.685877	750	-1.371072	-20.192378		
14	0.666112	750	-1.289092	-21.48147		
15	0.646693	750	-1.248211	-22.729681		
16	0.627618	750	-1.242728	-23.972408		
17	0.608884	750	-1.285301	-25.25771		
18	0.59049	750	-1.221241	-26.478951		
19	0.572433	750	-1.173148	-27.652099		
20	0.554712	750	-1.19155	-28.843649		
21	0.537324	750	-1.186859	-30.030508		
22	0.520268	750	-1.193574	-31.224081		
23	0.50354	750	-1.1469	-32.370981		
24	0.487139	750	-1.115677	-33.486658		
25	0.471063	750	-1.093311	-34.579969		
26	0.45531	750	-1.125598	-35.705567		
27	0.439877	750	-1.039794	-36.745361		
28	0.424762	750	-1.057987	-37.803348		
29	0.409963	750	-1.011853	-38.815201		
30	0.395478	750	-1.022031	-39.837232		
31	0.381305	750	-1.005788	-40.84302		
32	0.36744	750	-0.946783	-41.789802		
33	0.353883	750	-0.971235	-42.761038		
34	0.34063	750	-0.94883	-43.709868		
35	0.32768	750	-0.93108	-44.640948		
36	0.31503	750	-0.923959	-45.564908		
37	0.302677	750	-0.884366	-46.449273		
38	0.290619	750	-0.88699	-47.336263		
39	0.278855	750	-0.846129	-48.182392		
40	0.267381	750	-0.835354	-49.017746		
41	0.256195	750	-0.828313	-49.846059		
42	0.245294	750	-0.795033	-50.641091		
43	0.234677	750	-0.777379	-51.41847		
44	0.22434	750	-0.763064	-52.181534		
45	0.214281	750	-0.751328	-52.932862		
46	0.204498	750	-0.722774	-53.655636		
47	0.194988	750	-0.727846	-54.383482		
48	0.185749	750	-0.693356	-55.076838		
49	0.176777	750	-0.686365	-55.763203		
50	0.16807	750	-0.64669	-56.409893		
51	0.159626	750	-0.650803	-57.060696		
52	0.151441	750	-0.63007	-57.690766		
53	0.143514	750	-0.604514	-58.295279		
54	0.135841	750	-0.608622	-58.903901		
55	0.12842	750	-0.581045	-59.484947		
56	0.121247	750	-0.559239	-60.044186		
57	0.11432	750	-0.54016	-60.584346		
58	0.107637	750	-0.538896	-61.123242		
59	0.101193	750	-0.520784	-61.644026		
60	0.094986	750	-0.509468	-62.153495		
61	0.089014	750	-0.491793	-62.645287		
62	0.083273	750	-0.488787	-63.134074		
63	0.07776	750	-0.453784	-63.587858		
64	0.072472	750	-0.437591	-64.02545		
65	0.067406	750	-0.430319	-64.455769		
66	0.062558	750	-0.418481	-64.87425		
67	0.057926	750	-0.398367	-65.272617		
68	0.053506	750	-0.365241	-65.637857		
69	0.049295	750	-0.363093	-66.00095		
70	0.045289	750	-0.363319	-66.364269		
71	0.041485	750	-0.341819	-66.706087		
72	0.03788	750	-0.323177	-67.029265		
73	0.034469	750	-0.31925	-67.348514		
74	0.03125	750	-0.294723	-67.643238		
75	0.028218	750	-0.277521	-67.920759		
76	0.02537	750	-0.26842	-68.189179		
77	0.022702	750	-0.241901	-68.43108		
78	0.020209	750	-0.224457	-68.655537		
79	0.017889	750	-0.217158	-68.872695		
80	0.015736	750	-0.220449	-69.093144		
81	0.013746	750	-0.185726	-69.278871		
82	0.011916	750	-0.169742	-69.448613		
83	0.01024	750	-0.168949	-69.617562		
84	0.008714	750	-0.157897	-69.775459		
85	0.007334	750	-0.142803	-69.918262		
86	0.006093	750	-0.130598	-70.04886		
87	0.004988	750	-0.133448	-70.182309		
88	0.004013	750	-0.109664	-70.291973		
89	0.003162	750	-0.099655	-70.391627		
90	0.00243	750	-0.071084	-70.462711		
91	0.00181	750	-0.062408	-70.525119		
92	0.001296	750	-0.055528	-70.580647		
93	0.000882	750	-0.044715	-70.625362		
94	0.000559	750	-0.036318	-70.661679		
95	0.00032	750	-0.02532	-70.686999		
96	0.000156	750	-0.016594	-70.703593		
97	0.000057	750	-0.010204	-70.713797		
98	0.00001	750	-0.00551	-70.719306		
99	0	750	-0.001192	-70.720498		
Log marginal likelihood:	-70.720498					
0	0.975187	750	-1.588856	-1.588856		
1	0.950747	750	-1.547372	-3.136228		
2	0.926679	750	-1.589039	-4.725267		
3	0.90298	750	-1.56016	-6.285427		
4	0.879648	750	-1.506718	-7.792145		
5	0.856682	750	-1.546722	-9.338867		
6	0.834079	750	-1.524159	-10.863027		
7	0.811838	750	-1.459791	-12.322818		
8	0.789957	750	-1.470334	-13.793151		
9	0.768433	750	-1.431071	-15.224222		
10	0.747266	750	-1.404676	-16.628898		
11	0.726452	750	-1.408191	-18.037089		
12	0.705989	750	-1.383816	-19.420905		
13	0.685877	750	-1.32682	-20.747725		
14	0.666112	750	-1.353984	-22.10171		
15	0.646693	750	-1.325974	-23.427684		
16	0.627618	750	-1.29649	-24.724174		
17	0.608884	750	-1.248055	-25.972229		
18	0.59049	750	-1.240648	-27.212877		
19	0.572433	750	-1.270218	-28.483095		
20	0.554712	750	-1.254037	-29.737132		
21	0.537324	750	-1.156393	-30.893525		
22	0.520268	750	-1.157368	-32.050893		
23	0.50354	750	-1.143153	-33.194046		
24	0.487139	750	-1.091338	-34.285384		
25	0.471063	750	-1.138794	-35.424177		
26	0.45531	750	-1.074717	-36.498894		
27	0.439877	750	-1.088659	-37.587553		
28	0.424762	750	-1.062634	-38.650187		
29	0.409963	750	-1.006238	-39.656425		
30	0.395478	750	-1.051293	-40.707719		
31	0.381305	750	-1.041397	-41.749115		
32	0.36744	750	-0.996272	-42.745387		
33	0.353883	750	-0.978375	-43.723762		
34	0.34063	750	-0.975085	-44.698847		
35	0.32768	750	-0.948104	-45.646952		
36	0.31503	750	-0.923551	-46.570503		
37	0.302677	750	-0.935457	-47.505959		
38	0.290619	750	-0.909072	-48.415032		
39	0.278855	750	-0.874505	-49.289536		
40	0.267381	750	-0.859662	-50.149198		
41	0.256195	750	-0.850258	-50.999456		
42	0.245294	750	-0.81097	-51.810426		
43	0.234677	750	-0.784533	-52.594959		
44	0.22434	750	-0.799374	-53.394332		
45	0.214281	750	-0.767051	-54.161384		
46	0.204498	750	-0.75124	-54.912624		
47	0.194988	750	-0.719732	-55.632356		
48	0.185749	750	-0.703154	-56.33551		
49	0.176777	750	-0.67887	-57.01438		
50	0.16807	750	-0.677002	-57.691382		
51	0.159626	750	-0.649216	-58.340598		
52	0.151441	750	-0.650241	-58.990839		
53	0.143514	750	-0.622388	-59.613227		
54	0.135841	750	-0.607015	-60.220242		
55	0.12842	750	-0.596978	-60.817221		
56	0.121247	750	-0.603373	-61.420593		
57	0.11432	750	-0.554873	-61.975467		
58	0.107637	750	-0.54961	-62.525077		
59	0.101193	750	-0.529697	-63.054773		
60	0.094986	750	-0.501971	-63.556744		
61	0.089014	750	-0.483109	-64.039853		
62	0.083273	750	-0.494124	-64.533977		
63	0.07776	750	-0.467733	-65.00171		
64	0.072472	750	-0.44797	-65.44968		
65	0.067406	750	-0.442243	-65.891923		
66	0.062558	750	-0.413902	-66.305825		
67	0.057926	750	-0.409197	-66.715022		
68	0.053506	750	-0.3696	-67.084621		
69	0.049295	750	-0.385572	-67.470194		
70	0.045289	750	-0.364835	-67.835029		
71	0.041485	750	-0.360796	-68.195826		
72	0.03788	750	-0.32224	-68.518066		
73	0.034469	750	-0.311584	-68.829649		
74	0.03125	750	-0.313819	-69.143469		
75	0.028218	750	-0.274469	-69.417938		
76	0.02537	750	-0.271844	-69.689781		
77	0.022702	750	-0.265398	-69.955179		
78	0.020209	750	-0.247492	-70.202671		
79	0.017889	750	-0.22891	-70.431582		
80	0.015736	750	-0.218411	-70.649993		
81	0.013746	750	-0.207006	-70.856999		
82	0.011916	750	-0.175006	-71.032005		
83	0.01024	750	-0.163284	-71.195289		
84	0.008714	750	-0.159741	-71.355031		
85	0.007334	750	-0.150306	-71.505336		
86	0.006093	750	-0.133151	-71.638487		
87	0.004988	750	-0.119115	-71.757602		
88	0.004013	750	-0.10511	-71.862712		
89	0.003162	750	-0.091239	-71.953951		
90	0.00243	750	-0.078056	-72.032007		
91	0.00181	750	-0.07332	-72.105327		
92	0.001296	750	-0.054216	-72.159543		
93	0.000882	750	-0.047388	-72.206931		
94	0.000559	750	-0.039395	-72.246326		
95	0.00032	750	-0.027095	-72.273421		
96	0.000156	750	-0.018455	-72.291876		
97	0.000057	750	-0.011418	-72.303294		
98	0.00001	750	-0.005107	-72.308401		
99	0	750	-0.001118	-72.309519		
Log marginal likelihood:	-72.309519					
0	0.975187	750	-1.803612	-1.803612		
1	0.950747	750	-1.757289	-3.560901		
2	0.926679	750	-1.729933	-5.290833		
3	0.90298	750	-1.715318	-7.006151		
4	0.879648	750	-1.659817	-8.665969		
5	0.856682	750	-1.637663	-10.303632		
6	0.834079	750	-1.642079	-11.945711		
7	0.811838	750	-1.641125	-13.586836		
8	0.789957	750	-1.571332	-15.158167		
9	0.768433	750	-1.583499	-16.741666		
10	0.747266	750	-1.546928	-18.288594		
11	0.726452	750	-1.494917	-19.783512		
12	0.705989	750	-1.492545	-21.276056		
13	0.685877	750	-1.477835	-22.753891		
14	0.666112	750	-1.462938	-24.21683		
15	0.646693	750	-1.450548	-25.667378		
16	0.627618	750	-1.426652	-27.09403		
17	0.608884	750	-1.383372	-28.477402		
18	0.59049	750	-1.329008	-29.806411		
19	0.572433	750	-1.318437	-31.124848		
20	0.554712	750	-1.309974	-32.434822		
21	0.537324	750	-1.301436	-33.736258		
22	0.520268	750	-1.276173	-35.012431		
23	0.50354	750	-1.236439	-36.24887		
24	0.487139	750	-1.221019	-37.469889		
25	0.471063	750	-1.2043	-38.674189		
26	0.45531	750	-1.173245	-39.847434		
27	0.439877	750	-1.160637	-41.008071		
28	0.424762	750	-1.145355	-42.153426		
29	0.409963	750	-1.125319	-43.278746		
30	0.395478	750	-1.10159	-44.380336		
31	0.381305	750	-1.063953	-45.444288		
32	0.36744	750	-1.049042	-46.49333		
33	0.353883	750	-1.020276	-47.513606		
34	0.34063	750	-1.012198	-48.525804		
35	0.32768	750	-0.990999	-49.516802		
36	0.31503	750	-0.986386	-50.503188		
37	0.302677	750	-0.947029	-51.450218		
38	0.290619	750	-0.923374	-52.373591		
39	0.278855	750	-0.901441	-53.275033		
40	0.267381	750	-0.883889	-54.158922		
41	0.256195	750	-0.860048	-55.01897		
42	0.245294	750	-0.851527	-55.870497		
43	0.234677	750	-0.824851	-56.695349		
44	0.22434	750	-0.799674	-57.495022		
45	0.214281	750	-0.812822	-58.307844		
46	0.204498	750	-0.764726	-59.07257		
47	0.194988	750	-0.752565	-59.825135		
48	0.185749	750	-0.723196	-60.548332		
49	0.176777	750	-0.712417	-61.260749		
50	0.16807	750	-0.705355	-61.966104		
51	0.159626	750	-0.702788	-62.668892		
52	0.151441	750	-0.655842	-63.324733		
53	0.143514	750	-0.651965	-63.976699		
54	0.135841	750	-0.63816	-64.614859		
55	0.12842	750	-0.608001	-65.222861		
56	0.121247	750	-0.593237	-65.816098		
57	0.11432	750	-0.574645	-66.390743		
58	0.107637	750	-0.57146	-66.962203		
59	0.101193	750	-0.546386	-67.508589		
60	0.094986	750	-0.53436	-68.042949		
61	0.089014	750	-0.500994	-68.543943		
62	0.083273	750	-0.492602	-69.036544		
63	0.07776	750	-0.475654	-69.512198		
64	0.072472	750	-0.469185	-69.981383		
65	0.067406	750	-0.435812	-70.417195		
66	0.062558	750	-0.424819	-70.842014		
67	0.057926	750	-0.415157	-71.257171		
68	0.053506	750	-0.378231	-71.635402		
69	0.049295	750	-0.371364	-72.006766		
70	0.045289	750	-0.379037	-72.385803		
71	0.041485	750	-0.374845	-72.760648		
72	0.03788	750	-0.333751	-73.094399		
73	0.034469	750	-0.355754	-73.450153		
74	0.03125	750	-0.298711	-73.748865		
75	0.028218	750	-0.308795	-74.05766		
76	0.02537	750	-0.27715	-74.33481		
77	0.022702	750	-0.276527	-74.611336		
78	0.020209	750	-0.246684	-74.85802		
79	0.017889	750	-0.253244	-75.111265		
80	0.015736	750	-0.209238	-75.320503		
81	0.013746	750	-0.198422	-75.518924		
82	0.011916	750	-0.196728	-75.715652		
83	0.01024	750	-0.18332	-75.898972		
84	0.008714	750	-0.172156	-76.071128		
85	0.007334	750	-0.157159	-76.228287		
86	0.006093	750	-0.128162	-76.356448		
87	0.004988	750	-0.114848	-76.471297		
88	0.004013	750	-0.107758	-76.579055		
89	0.003162	750	-0.093376	-76.672431		
90	0.00243	750	-0.079868	-76.752299		
91	0.00181	750	-0.0661	-76.818399		
92	0.001296	750	-0.055356	-76.873755		
93	0.000882	750	-0.046155	-76.919911		
94	0.000559	750	-0.039926	-76.959836		
95	0.00032	750	-0.026107	-76.985943		
96	0.000156	750	-0.017223	-77.003166		
97	0.000057	750	-0.010745	-77.013911		
98	0.00001	750	-0.004933	-77.018845		
99	0	750	-0.001158	-77.020002		
Log marginal likelihood:	-77.020002					
0	0.975187	750	-1.746349	-1.746349		
1	0.950747	750	-1.706537	-3.452886		
2	0.926679	750	-1.686436	-5.139322		
3	0.90298	750	-1.651476	-6.790798		
4	0.879648	750	-1.620268	-8.411066		
5	0.856682	750	-1.632656	-10.043722		
6	0.834079	750	-1.577343	-11.621065		
7	0.811838	750	-1.581734	-13.202799		
8	0.789957	750	-1.528586	-14.731385		
9	0.768433	750	-1.507715	-16.2391		
10	0.747266	750	-1.510126	-17.749225		
11	0.726452	750	-1.455445	-19.20467		
12	0.705989	750	-1.472573	-20.677243		
13	0.685877	750	-1.422156	-22.0994		
14	0.666112	750	-1.418142	-23.517541		
15	0.646693	750	-1.42037	-24.937911		
16	0.627618	750	-1.350543	-26.288454		
17	0.608884	750	-1.340518	-27.628972		
18	0.59049	750	-1.335257	-28.964229		
19	0.572433	750	-1.296426	-30.260655		
20	0.554712	750	-1.278566	-31.539222		
21	0.537324	750	-1.284971	-32.824193		
22	0.520268	750	-1.219553	-34.043746		
23	0.50354	750	-1.226545	-35.27029		
24	0.487139	750	-1.189452	-36.459742		
25	0.471063	750	-1.197903	-37.657645		
26	0.45531	750	-1.157875	-38.815521		
27	0.439877	750	-1.137489	-39.95301		
28	0.424762	750	-1.108105	-41.061115		
29	0.409963	750	-1.108215	-42.16933		
30	0.395478	750	-1.06245	-43.231779		
31	0.381305	750	-1.048065	-44.279844		
32	0.36744	750	-1.016325	-45.296169		
33	0.353883	750	-1.014816	-46.310985		
34	0.34063	750	-0.990699	-47.301684		
35	0.32768	750	-0.944638	-48.246323		
36	0.31503	750	-0.958633	-49.204955		
37	0.302677	750	-0.948143	-50.153098		
38	0.290619	750	-0.918091	-51.071189		
39	0.278855	750	-0.912257	-51.983446		
40	0.267381	750	-0.866487	-52.849933		
41	0.256195	750	-0.847056	-53.696989		
42	0.245294	750	-0.831957	-54.528945		
43	0.234677	750	-0.806495	-55.33544		
44	0.22434	750	-0.790777	-56.126217		
45	0.214281	750	-0.799286	-56.925503		
46	0.204498	750	-0.743689	-57.669191		
47	0.194988	750	-0.738025	-58.407216		
48	0.185749	750	-0.714275	-59.12149		
49	0.176777	750	-0.68596	-59.80745		
50	0.16807	750	-0.683859	-60.49131		
51	0.159626	750	-0.669054	-61.160364		
52	0.151441	750	-0.648908	-61.809272		
53	0.143514	750	-0.631227	-62.4405		
54	0.135841	750	-0.611221	-63.051721		
55	0.12842	750	-0.586739	-63.63846		
56	0.121247	750	-0.56957	-64.20803		
57	0.11432	750	-0.57723	-64.78526		
58	0.107637	750	-0.536287	-65.321547		
59	0.101193	750	-0.53991	-65.861457		
60	0.094986	750	-0.510402	-66.371859		
61	0.089014	750	-0.508312	-66.880171		
62	0.083273	750	-0.478101	-67.358272		
63	0.07776	750	-0.463209	-67.821481		
64	0.072472	750	-0.460441	-68.281922		
65	0.067406	750	-0.437418	-68.71934		
66	0.062558	750	-0.409946	-69.129286		
67	0.057926	750	-0.415717	-69.545003		
68	0.053506	750	-0.388751	-69.933753		
69	0.049295	750	-0.380828	-70.314582		
70	0.045289	750	-0.352651	-70.667233		
71	0.041485	750	-0.349596	-71.016829		
72	0.03788	750	-0.319915	-71.336744		
73	0.034469	750	-0.299808	-71.636552		
74	0.03125	750	-0.31983	-71.956382		
75	0.028218	750	-0.302336	-72.258717		
76	0.02537	750	-0.294569	-72.553286		
77	0.022702	750	-0.304031	-72.857317		
78	0.020209	750	-0.25328	-73.110597		
79	0.017889	750	-0.219741	-73.330338		
80	0.015736	750	-0.216394	-73.546732		
81	0.013746	750	-0.209638	-73.756371		
82	0.011916	750	-0.172649	-73.92902		
83	0.01024	750	-0.172784	-74.101804		
84	0.008714	750	-0.156471	-74.258276		
85	0.007334	750	-0.136636	-74.394912		
86	0.006093	750	-0.137595	-74.532506		
87	0.004988	750	-0.105286	-74.637792		
88	0.004013	750	-0.0972	-74.734992		
89	0.003162	750	-0.091206	-74.826198		
90	0.00243	750	-0.077641	-74.903839		
91	0.00181	750	-0.059305	-74.963144		
92	0.001296	750	-0.054797	-75.017941		
93	0.000882	750	-0.042418	-75.060359		
94	0.000559	750	-0.038412	-75.098771		
95	0.00032	750	-0.025865	-75.124636		
96	0.000156	750	-0.01804	-75.142676		
97	0.000057	750	-0.010348	-75.153023		
98	0.00001	750	-0.004882	-75.157906		
99	0	750	-0.001066	-75.158972		
Log marginal likelihood:	-75.158972					
0	0.975187	750	-1.771493	-1.771493		
1	0.950747	750	-1.739511	-3.511004		
2	0.926679	750	-1.708191	-5.219194		
3	0.90298	750	-1.685913	-6.905107		
4	0.879648	750	-1.645558	-8.550665		
5	0.856682	750	-1.614615	-10.16528		
6	0.834079	750	-1.593343	-11.758623		
7	0.811838	750	-1.603454	-13.362077		
8	0.789957	750	-1.549309	-14.911386		
9	0.768433	750	-1.547592	-16.458978		
10	0.747266	750	-1.538737	-17.997715		
11	0.726452	750	-1.493415	-19.49113		
12	0.705989	750	-1.462112	-20.953241		
13	0.685877	750	-1.470194	-22.423436		
14	0.666112	750	-1.41537	-23.838806		
15	0.646693	750	-1.384896	-25.223702		
16	0.627618	750	-1.38164	-26.605342		
17	0.608884	750	-1.346632	-27.951973		
18	0.59049	750	-1.327011	-29.278984		
19	0.572433	750	-1.318251	-30.597235		
20	0.554712	750	-1.291171	-31.888406		
21	0.537324	750	-1.259116	-33.147522		
22	0.520268	750	-1.229735	-34.377257		
23	0.50354	750	-1.222841	-35.600099		
24	0.487139	750	-1.200708	-36.800807		
25	0.471063	750	-1.171396	-37.972202		
26	0.45531	750	-1.14877	-39.120972		
27	0.439877	750	-1.142877	-40.263849		
28	0.424762	750	-1.11721	-41.381059		
29	0.409963	750	-1.103845	-42.484904		
30	0.395478	750	-1.082251	-43.567155		
31	0.381305	750	-1.052493	-44.619648		
32	0.36744	750	-1.030765	-45.650413		
33	0.353883	750	-1.013715	-46.664128		
34	0.34063	750	-0.985433	-47.649561		
35	0.32768	750	-0.952156	-48.601717		
36	0.31503	750	-0.949851	-49.551568		
37	0.302677	750	-0.920043	-50.471611		
38	0.290619	750	-0.909937	-51.381548		
39	0.278855	750	-0.892757	-52.274305		
40	0.267381	750	-0.85851	-53.132814		
41	0.256195	750	-0.849321	-53.982135		
42	0.245294	750	-0.823569	-54.805704		
43	0.234677	750	-0.79756	-55.603265		
44	0.22434	750	-0.802859	-56.406124		
45	0.214281	750	-0.76284	-57.168964		
46	0.204498	750	-0.741343	-57.910307		
47	0.194988	750	-0.725162	-58.635469		
48	0.185749	750	-0.706836	-59.342305		
49	0.176777	750	-0.691647	-60.033952		
50	0.16807	750	-0.691157	-60.725109		
51	0.159626	750	-0.657184	-61.382293		
52	0.151441	750	-0.666023	-62.048316		
53	0.143514	750	-0.638616	-62.686932		
54	0.135841	750	-0.602106	-63.289038		
55	0.12842	750	-0.59313	-63.882168		
56	0.121247	750	-0.583051	-64.465219		
57	0.11432	750	-0.560041	-65.02526		
58	0.107637	750	-0.539573	-65.564833		
59	0.101193	750	-0.521147	-66.085981		
60	0.094986	750	-0.513058	-66.599038		
61	0.089014	750	-0.503619	-67.102658		
62	0.083273	750	-0.470372	-67.57303		
63	0.07776	750	-0.468546	-68.041576		
64	0.072472	750	-0.463256	-68.504832		
65	0.067406	750	-0.440075	-68.944907		
66	0.062558	750	-0.441308	-69.386215		
67	0.057926	750	-0.405522	-69.791737		
68	0.053506	750	-0.412595	-70.204332		
69	0.049295	750	-0.37142	-70.575751		
70	0.045289	750	-0.372197	-70.947949		
71	0.041485	750	-0.345001	-71.29295		
72	0.03788	750	-0.329751	-71.622701		
73	0.034469	750	-0.299326	-71.922027		
74	0.03125	750	-0.298005	-72.220032		
75	0.028218	750	-0.295358	-72.51539		
76	0.02537	750	-0.25376	-72.76915		
77	0.022702	750	-0.251213	-73.020363		
78	0.020209	750	-0.245932	-73.266295		
79	0.017889	750	-0.244572	-73.510868		
80	0.015736	750	-0.22629	-73.737158		
81	0.013746	750	-0.187637	-73.924795		
82	0.011916	750	-0.191509	-74.116304		
83	0.01024	750	-0.163072	-74.279377		
84	0.008714	750	-0.155841	-74.435218		
85	0.007334	750	-0.139308	-74.574525		
86	0.006093	750	-0.131928	-74.706453		
87	0.004988	750	-0.12251	-74.828963		
88	0.004013	750	-0.108852	-74.937815		
89	0.003162	750	-0.090997	-75.028812		
90	0.00243	750	-0.08407	-75.112883		
91	0.00181	750	-0.071479	-75.184362		
92	0.001296	750	-0.057274	-75.241636		
93	0.000882	750	-0.043677	-75.285313		
94	0.000559	750	-0.035346	-75.320659		
95	0.00032	750	-0.025318	-75.345977		
96	0.000156	750	-0.017267	-75.363243		
97	0.000057	750	-0.01065	-75.373893		
98	0.00001	750	-0.00547	-75.379364		
99	0	750	-0.00113	-75.380493		
Log marginal likelihood:	-75.380493					
0	0.975187	750	-1.638359	-1.638359		
1	0.950747	750	-1.650573	-3.288933		
2	0.926679	750	-1.597937	-4.88687		
3	0.90298	750	-1.654998	-6.541867		
4	0.879648	750	-1.593592	-8.135459		
5	0.856682	750	-1.565903	-9.701361		
6	0.834079	750	-1.521496	-11.222857		
7	0.811838	750	-1.538995	-12.761852		
8	0.789957	750	-1.495187	-14.257039		
9	0.768433	750	-1.47607	-15.733109		
10	0.747266	750	-1.455622	-17.188731		
11	0.726452	750	-1.402375	-18.591106		
12	0.705989	750	-1.442889	-20.033995		
13	0.685877	750	-1.368393	-21.402388		
14	0.666112	750	-1.375858	-22.778246		
15	0.646693	750	-1.379928	-24.158174		
16	0.627618	750	-1.330268	-25.488442		
17	0.608884	750	-1.294991	-26.783433		
18	0.59049	750	-1.28104	-28.064472		
19	0.572433	750	-1.230006	-29.294478		
20	0.554712	750	-1.219502	-30.51398		
21	0.537324	750	-1.239151	-31.75313		
22	0.520268	750	-1.204272	-32.957402		
23	0.50354	750	-1.187805	-34.145208		
24	0.487139	750	-1.162772	-35.30798		
25	0.471063	750	-1.129223	-36.437203		
26	0.45531	750	-1.102125	-37.539328		
27	0.439877	750	-1.073252	-38.61258		
28	0.424762	750	-1.077369	-39.689949		
29	0.409963	750	-1.082781	-40.772731		
30	0.395478	750	-1.050674	-41.823405		
31	0.381305	750	-1.015046	-42.83845		
32	0.36744	750	-1.009024	-43.847474		
33	0.353883	750	-0.984214	-44.831688		
34	0.34063	750	-0.959078	-45.790766		
35	0.32768	750	-0.930694	-46.72146		
36	0.31503	750	-0.945926	-47.667386		
37	0.302677	750	-0.888486	-48.555872		
38	0.290619	750	-0.883936	-49.439808		
39	0.278855	750	-0.871676	-50.311484		
40	0.267381	750	-0.843947	-51.155431		
41	0.256195	750	-0.833738	-51.98917		
42	0.245294	750	-0.81608	-52.80525		
43	0.234677	750	-0.793023	-53.598273		
44	0.22434	750	-0.778233	-54.376506		
45	0.214281	750	-0.742263	-55.118769		
46	0.204498	750	-0.740037	-55.858806		
47	0.194988	750	-0.730802	-56.589608		
48	0.185749	750	-0.708768	-57.298377		
49	0.176777	750	-0.679552	-57.977928		
50	0.16807	750	-0.667117	-58.645045		
51	0.159626	750	-0.657038	-59.302083		
52	0.151441	750	-0.631582	-59.933665		
53	0.143514	750	-0.609594	-60.543259		
54	0.135841	750	-0.599459	-61.142718		
55	0.12842	750	-0.577424	-61.720142		
56	0.121247	750	-0.572288	-62.29243		
57	0.11432	750	-0.548831	-62.84126		
58	0.107637	750	-0.548934	-63.390194		
59	0.101193	750	-0.517574	-63.907768		
60	0.094986	750	-0.502788	-64.410556		
61	0.089014	750	-0.493541	-64.904096		
62	0.083273	750	-0.497186	-65.401282		
63	0.07776	750	-0.485036	-65.886318		
64	0.072472	750	-0.433073	-66.319392		
65	0.067406	750	-0.431211	-66.750602		
66	0.062558	750	-0.421125	-67.171727		
67	0.057926	750	-0.423322	-67.595049		
68	0.053506	750	-0.384701	-67.97975		
69	0.049295	750	-0.378642	-68.358393		
70	0.045289	750	-0.35783	-68.716223		
71	0.041485	750	-0.356066	-69.072289		
72	0.03788	750	-0.332335	-69.404623		
73	0.034469	750	-0.321098	-69.725721		
74	0.03125	750	-0.322194	-70.047915		
75	0.028218	750	-0.290896	-70.338811		
76	0.02537	750	-0.257549	-70.59636		
77	0.022702	750	-0.259541	-70.855901		
78	0.020209	750	-0.260425	-71.116326		
79	0.017889	750	-0.211786	-71.328112		
80	0.015736	750	-0.211479	-71.539591		
81	0.013746	750	-0.196244	-71.735835		
82	0.011916	750	-0.188666	-71.924501		
83	0.01024	750	-0.174193	-72.098694		
84	0.008714	750	-0.149811	-72.248505		
85	0.007334	750	-0.142539	-72.391044		
86	0.006093	750	-0.136466	-72.52751		
87	0.004988	750	-0.117634	-72.645144		
88	0.004013	750	-0.100939	-72.746083		
89	0.003162	750	-0.086821	-72.832904		
90	0.00243	750	-0.083245	-72.916149		
91	0.00181	750	-0.066213	-72.982362		
92	0.001296	750	-0.053141	-73.035503		
93	0.000882	750	-0.044819	-73.080322		
94	0.000559	750	-0.037833	-73.118154		
95	0.00032	750	-0.027753	-73.145907		
96	0.000156	750	-0.017834	-73.163741		
97	0.000057	750	-0.010581	-73.174321		
98	0.00001	750	-0.005084	-73.179405		
99	0	750	-0.000987	-73.180393		
Log marginal likelihood:	-73.180393					
0	0.975187	750	-1.623365	-1.623365		
1	0.950747	750	-1.625503	-3.248868		
2	0.926679	750	-1.562139	-4.811008		
3	0.90298	750	-1.545441	-6.356449		
4	0.879648	750	-1.589271	-7.94572		
5	0.856682	750	-1.546759	-9.492479		
6	0.834079	750	-1.549774	-11.042253		
7	0.811838	750	-1.529225	-12.571478		
8	0.789957	750	-1.405134	-13.976612		
9	0.768433	750	-1.409597	-15.386209		
10	0.747266	750	-1.467071	-16.85328		
11	0.726452	750	-1.402021	-18.255302		
12	0.705989	750	-1.441283	-19.696585		
13	0.685877	750	-1.38082	-21.077405		
14	0.666112	750	-1.384763	-22.462168		
15	0.646693	750	-1.373205	-23.835373		
16	0.627618	750	-1.322164	-25.157538		
17	0.608884	750	-1.318261	-26.475799		
18	0.59049	750	-1.292016	-27.767814		
19	0.572433	750	-1.240244	-29.008058		
20	0.554712	750	-1.282154	-30.290212		
21	0.537324	750	-1.234008	-31.524221		
22	0.520268	750	-1.195115	-32.719336		
23	0.50354	750	-1.199853	-33.919189		
24	0.487139	750	-1.165776	-35.084965		
25	0.471063	750	-1.169236	-36.254202		
26	0.45531	750	-1.133339	-37.38754		
27	0.439877	750	-1.139726	-38.527267		
28	0.424762	750	-1.069415	-39.596682		
29	0.409963	750	-1.045256	-40.641938		
30	0.395478	750	-1.049968	-41.691906		
31	0.381305	750	-1.035735	-42.727641		
32	0.36744	750	-1.017417	-43.745058		
33	0.353883	750	-0.996711	-44.741769		
34	0.34063	750	-0.960505	-45.702274		
35	0.32768	750	-0.965493	-46.667767		
36	0.31503	750	-0.91052	-47.578287		
37	0.302677	750	-0.9061	-48.484386		
38	0.290619	750	-0.875554	-49.35994		
39	0.278855	750	-0.884715	-50.244655		
40	0.267381	750	-0.869879	-51.114535		
41	0.256195	750	-0.856253	-51.970788		
42	0.245294	750	-0.811661	-52.782449		
43	0.234677	750	-0.804707	-53.587156		
44	0.22434	750	-0.777069	-54.364225		
45	0.214281	750	-0.778309	-55.142533		
46	0.204498	750	-0.748704	-55.891237		
47	0.194988	750	-0.7235	-56.614737		
48	0.185749	750	-0.71469	-57.329427		
49	0.176777	750	-0.70742	-58.036847		
50	0.16807	750	-0.67409	-58.710937		
51	0.159626	750	-0.666374	-59.377311		
52	0.151441	750	-0.647347	-60.024658		
53	0.143514	750	-0.647703	-60.672361		
54	0.135841	750	-0.604288	-61.276649		
55	0.12842	750	-0.587159	-61.863808		
56	0.121247	750	-0.596205	-62.460014		
57	0.11432	750	-0.571287	-63.031301		
58	0.107637	750	-0.537965	-63.569266		
59	0.101193	750	-0.520396	-64.089662		
60	0.094986	750	-0.499234	-64.588896		
61	0.089014	750	-0.506205	-65.095101		
62	0.083273	750	-0.501212	-65.596313		
63	0.07776	750	-0.45693	-66.053243		
64	0.072472	750	-0.44921	-66.502453		
65	0.067406	750	-0.442713	-66.945166		
66	0.062558	750	-0.426638	-67.371803		
67	0.057926	750	-0.423517	-67.79532		
68	0.053506	750	-0.418234	-68.213553		
69	0.049295	750	-0.362455	-68.576008		
70	0.045289	750	-0.369245	-68.945253		
71	0.041485	750	-0.354699	-69.299952		
72	0.03788	750	-0.325464	-69.625417		
73	0.034469	750	-0.310597	-69.936013		
74	0.03125	750	-0.296977	-70.232991		
75	0.028218	750	-0.300789	-70.53378		
76	0.02537	750	-0.277097	-70.810876		
77	0.022702	750	-0.265109	-71.075986		
78	0.020209	750	-0.245313	-71.321298		
79	0.017889	750	-0.229133	-71.550431		
80	0.015736	750	-0.211143	-71.761574		
81	0.013746	750	-0.200955	-71.962529		
82	0.011916	750	-0.187858	-72.150387		
83	0.01024	750	-0.166929	-72.317316		
84	0.008714	750	-0.153838	-72.471154		
85	0.007334	750	-0.138853	-72.610007		
86	0.006093	750	-0.123053	-72.733061		
87	0.004988	750	-0.117174	-72.850235		
88	0.004013	750	-0.103519	-72.953754		
89	0.003162	750	-0.10265	-73.056403		
90	0.00243	750	-0.08141	-73.137813		
91	0.00181	750	-0.07526	-73.213073		
92	0.001296	750	-0.052528	-73.2656		
93	0.000882	750	-0.046946	-73.312546		
94	0.000559	750	-0.034837	-73.347383		
95	0.00032	750	-0.025842	-73.373224		
96	0.000156	750	-0.019349	-73.392573		
97	0.000057	750	-0.013334	-73.405907		
98	0.00001	750	-0.005168	-73.411075		
99	0	750	-0.001194	-73.412269		
Log marginal likelihood:	-73.412269					
0	0.975187	750	-1.641033	-1.641033		
1	0.950747	750	-1.588706	-3.229739		
2	0.926679	750	-1.581602	-4.811341		
3	0.90298	750	-1.558147	-6.369488		
4	0.879648	750	-1.534786	-7.904274		
5	0.856682	750	-1.489775	-9.394049		
6	0.834079	750	-1.554843	-10.948892		
7	0.811838	750	-1.469203	-12.418095		
8	0.789957	750	-1.474671	-13.892767		
9	0.768433	750	-1.467725	-15.360492		
10	0.747266	750	-1.42814	-16.788632		
11	0.726452	750	-1.407613	-18.196245		
12	0.705989	750	-1.401264	-19.597508		
13	0.685877	750	-1.334796	-20.932305		
14	0.666112	750	-1.363228	-22.295533		
15	0.646693	750	-1.314401	-23.609934		
16	0.627618	750	-1.306858	-24.916792		
17	0.608884	750	-1.286558	-26.20335		
18	0.59049	750	-1.244467	-27.447817		
19	0.572433	750	-1.248871	-28.696687		
20	0.554712	750	-1.239968	-29.936656		
21	0.537324	750	-1.207991	-31.144646		
22	0.520268	750	-1.18862	-32.333266		
23	0.50354	750	-1.157625	-33.490891		
24	0.487139	750	-1.171119	-34.66201		
25	0.471063	750	-1.100393	-35.762403		
26	0.45531	750	-1.109423	-36.871827		
27	0.439877	750	-1.079713	-37.95154		
28	0.424762	750	-1.068902	-39.020442		
29	0.409963	750	-1.033845	-40.054287		
30	0.395478	750	-1.028233	-41.082519		
31	0.381305	750	-1.021561	-42.10408		
32	0.36744	750	-0.99904	-43.10312		
33	0.353883	750	-0.980996	-44.084116		
34	0.34063	750	-0.931302	-45.015418		
35	0.32768	750	-0.949537	-45.964955		
36	0.31503	750	-0.903561	-46.868516		
37	0.302677	750	-0.908039	-47.776555		
38	0.290619	750	-0.883525	-48.660081		
39	0.278855	750	-0.861251	-49.521332		
40	0.267381	750	-0.84595	-50.367282		
41	0.256195	750	-0.823345	-51.190626		
42	0.245294	750	-0.803241	-51.993867		
43	0.234677	750	-0.768135	-52.762002		
44	0.22434	750	-0.769018	-53.53102		
45	0.214281	750	-0.742228	-54.273248		
46	0.204498	750	-0.725088	-54.998336		
47	0.194988	750	-0.696795	-55.695131		
48	0.185749	750	-0.68663	-56.381761		
49	0.176777	750	-0.682635	-57.064396		
50	0.16807	750	-0.647116	-57.711511		
51	0.159626	750	-0.636535	-58.348046		
52	0.151441	750	-0.62417	-58.972216		
53	0.143514	750	-0.617317	-59.589533		
54	0.135841	750	-0.600713	-60.190246		
55	0.12842	750	-0.576518	-60.766764		
56	0.121247	750	-0.554902	-61.321666		
57	0.11432	750	-0.539473	-61.861139		
58	0.107637	750	-0.536323	-62.397462		
59	0.101193	750	-0.505357	-62.902819		
60	0.094986	750	-0.488302	-63.391121		
61	0.089014	750	-0.472567	-63.863688		
62	0.083273	750	-0.467794	-64.331483		
63	0.07776	750	-0.458878	-64.790361		
64	0.072472	750	-0.440592	-65.230953		
65	0.067406	750	-0.423367	-65.654321		
66	0.062558	750	-0.391556	-66.045877		
67	0.057926	750	-0.398904	-66.44478		
68	0.053506	750	-0.373053	-66.817833		
69	0.049295	750	-0.368358	-67.186191		
70	0.045289	750	-0.348061	-67.534252		
71	0.041485	750	-0.344911	-67.879163		
72	0.03788	750	-0.330205	-68.209369		
73	0.034469	750	-0.317272	-68.526641		
74	0.03125	750	-0.288927	-68.815568		
75	0.028218	750	-0.272781	-69.088349		
76	0.02537	750	-0.277989	-69.366338		
77	0.022702	750	-0.249254	-69.615593		
78	0.020209	750	-0.22763	-69.843222		
79	0.017889	750	-0.225407	-70.068629		
80	0.015736	750	-0.237906	-70.306535		
81	0.013746	750	-0.184665	-70.4912		
82	0.011916	750	-0.174184	-70.665384		
83	0.01024	750	-0.19224	-70.857623		
84	0.008714	750	-0.156144	-71.013767		
85	0.007334	750	-0.146662	-71.160429		
86	0.006093	750	-0.124377	-71.284806		
87	0.004988	750	-0.110562	-71.395368		
88	0.004013	750	-0.097668	-71.493036		
89	0.003162	750	-0.090544	-71.58358		
90	0.00243	750	-0.078087	-71.661668		
91	0.00181	750	-0.071489	-71.733157		
92	0.001296	750	-0.052943	-71.7861		
93	0.000882	750	-0.041935	-71.828036		
94	0.000559	750	-0.033612	-71.861647		
95	0.00032	750	-0.025606	-71.887254		
96	0.000156	750	-0.017069	-71.904322		
97	0.000057	750	-0.00985	-71.914172		
98	0.00001	750	-0.004527	-71.918699		
99	0	750	-0.001072	-71.919771		
Log marginal likelihood:	-71.919771					
0	0.975187	750	-1.832589	-1.832589		
1	0.950747	750	-1.771209	-3.603797		
2	0.926679	750	-1.7857	-5.389498		
3	0.90298	750	-1.766504	-7.156001		
4	0.879648	750	-1.745956	-8.901957		
5	0.856682	750	-1.706217	-10.608174		
6	0.834079	750	-1.687552	-12.295726		
7	0.811838	750	-1.667315	-13.963041		
8	0.789957	750	-1.641792	-15.604833		
9	0.768433	750	-1.599115	-17.203947		
10	0.747266	750	-1.51761	-18.721557		
11	0.726452	750	-1.497818	-20.219375		
12	0.705989	750	-1.539147	-21.758523		
13	0.685877	750	-1.508487	-23.26701		
14	0.666112	750	-1.483593	-24.750603		
15	0.646693	750	-1.46757	-26.218174		
16	0.627618	750	-1.393737	-27.61191		
17	0.608884	750	-1.414033	-29.025943		
18	0.59049	750	-1.378062	-30.404005		
19	0.572433	750	-1.366194	-31.770199		
20	0.554712	750	-1.349247	-33.119446		
21	0.537324	750	-1.326523	-34.445968		
22	0.520268	750	-1.306008	-35.751976		
23	0.50354	750	-1.280466	-37.032443		
24	0.487139	750	-1.234282	-38.266724		
25	0.471063	750	-1.229088	-39.495813		
26	0.45531	750	-1.196906	-40.692719		
27	0.439877	750	-1.174571	-41.86729		
28	0.424762	750	-1.163394	-43.030684		
29	0.409963	750	-1.128741	-44.159425		
30	0.395478	750	-1.106916	-45.266342		
31	0.381305	750	-1.095304	-46.361645		
32	0.36744	750	-1.066248	-47.427893		
33	0.353883	750	-1.044578	-48.472471		
34	0.34063	750	-1.018912	-49.491383		
35	0.32768	750	-1.007677	-50.499061		
36	0.31503	750	-0.980641	-51.479702		
37	0.302677	750	-0.970523	-52.450225		
38	0.290619	750	-0.952916	-53.403142		
39	0.278855	750	-0.909629	-54.31277		
40	0.267381	750	-0.894213	-55.206983		
41	0.256195	750	-0.869065	-56.076048		
42	0.245294	750	-0.866114	-56.942162		
43	0.234677	750	-0.84599	-57.788152		
44	0.22434	750	-0.814071	-58.602223		
45	0.214281	750	-0.797572	-59.399795		
46	0.204498	750	-0.767347	-60.167142		
47	0.194988	750	-0.761247	-60.92839		
48	0.185749	750	-0.75556	-61.683949		
49	0.176777	750	-0.710389	-62.394338		
50	0.16807	750	-0.702819	-63.097158		
51	0.159626	750	-0.67941	-63.776567		
52	0.151441	750	-0.681458	-64.458025		
53	0.143514	750	-0.640277	-65.098302		
54	0.135841	750	-0.637985	-65.736286		
55	0.12842	750	-0.616582	-66.352868		
56	0.121247	750	-0.596983	-66.949851		
57	0.11432	750	-0.577432	-67.527284		
58	0.107637	750	-0.554508	-68.081792		
59	0.101193	750	-0.563027	-68.644818		
60	0.094986	750	-0.520334	-69.165152		
61	0.089014	750	-0.523551	-69.688704		
62	0.083273	750	-0.488945	-70.177649		
63	0.07776	750	-0.467337	-70.644986		
64	0.072472	750	-0.458103	-71.103089		
65	0.067406	750	-0.459458	-71.562547		
66	0.062558	750	-0.435261	-71.997808		
67	0.057926	750	-0.437608	-72.435416		
68	0.053506	750	-0.409954	-72.84537		
69	0.049295	750	-0.386026	-73.231397		
70	0.045289	750	-0.347269	-73.578665		
71	0.041485	750	-0.344875	-73.923541		
72	0.03788	750	-0.339498	-74.263039		
73	0.034469	750	-0.327279	-74.590318		
74	0.03125	750	-0.328624	-74.918942		
75	0.028218	750	-0.300266	-75.219208		
76	0.02537	750	-0.268471	-75.487679		
77	0.022702	750	-0.275134	-75.762812		
78	0.020209	750	-0.245926	-76.008739		
79	0.017889	750	-0.231098	-76.239837		
80	0.015736	750	-0.20681	-76.446647		
81	0.013746	750	-0.209251	-76.655897		
82	0.011916	750	-0.191644	-76.847541		
83	0.01024	750	-0.161689	-77.00923		
84	0.008714	750	-0.17467	-77.1839		
85	0.007334	750	-0.149373	-77.333273		
86	0.006093	750	-0.128034	-77.461308		
87	0.004988	750	-0.109659	-77.570966		
88	0.004013	750	-0.103154	-77.674121		
89	0.003162	750	-0.099793	-77.773914		
90	0.00243	750	-0.076977	-77.85089		
91	0.00181	750	-0.084051	-77.934941		
92	0.001296	750	-0.061321	-77.996262		
93	0.000882	750	-0.04573	-78.041991		
94	0.000559	750	-0.035798	-78.077789		
95	0.00032	750	-0.023094	-78.100883		
96	0.000156	750	-0.018541	-78.119424		
97	0.000057	750	-0.012721	-78.132145		
98	0.00001	750	-0.004868	-78.137013		
99	0	750	-0.001077	-78.13809		
Log marginal likelihood:	-78.13809					
0	0.975187	750	-1.509731	-1.509731		
1	0.950747	750	-1.500489	-3.01022		
2	0.926679	750	-1.506476	-4.516697		
3	0.90298	750	-1.458899	-5.975596		
4	0.879648	750	-1.420423	-7.396019		
5	0.856682	750	-1.415621	-8.81164		
6	0.834079	750	-1.403215	-10.214855		
7	0.811838	750	-1.384235	-11.59909		
8	0.789957	750	-1.372653	-12.971742		
9	0.768433	750	-1.336652	-14.308394		
10	0.747266	750	-1.287178	-15.595571		
11	0.726452	750	-1.257129	-16.852701		
12	0.705989	750	-1.273744	-18.126444		
13	0.685877	750	-1.285051	-19.411495		
14	0.666112	750	-1.277974	-20.689469		
15	0.646693	750	-1.216446	-21.905915		
16	0.627618	750	-1.268629	-23.174544		
17	0.608884	750	-1.235212	-24.409755		
18	0.59049	750	-1.201972	-25.611727		
19	0.572433	750	-1.158258	-26.769985		
20	0.554712	750	-1.181664	-27.95165		
21	0.537324	750	-1.227989	-29.179639		
22	0.520268	750	-1.111832	-30.291471		
23	0.50354	750	-1.105936	-31.397407		
24	0.487139	750	-1.14779	-32.545197		
25	0.471063	750	-1.142469	-33.687665		
26	0.45531	750	-1.089798	-34.777463		
27	0.439877	750	-1.072705	-35.850168		
28	0.424762	750	-1.047554	-36.897721		
29	0.409963	750	-1.030533	-37.928254		
30	0.395478	750	-1.017654	-38.945909		
31	0.381305	750	-0.987552	-39.933461		
32	0.36744	750	-0.973734	-40.907195		
33	0.353883	750	-0.971018	-41.878213		
34	0.34063	750	-0.969658	-42.84787		
35	0.32768	750	-0.949113	-43.796984		
36	0.31503	750	-0.900153	-44.697137		
37	0.302677	750	-0.894052	-45.591188		
38	0.290619	750	-0.884157	-46.475345		
39	0.278855	750	-0.860914	-47.33626		
40	0.267381	750	-0.854787	-48.191046		
41	0.256195	750	-0.827323	-49.01837		
42	0.245294	750	-0.782079	-49.800448		
43	0.234677	750	-0.785144	-50.585592		
44	0.22434	750	-0.747823	-51.333416		
45	0.214281	750	-0.760172	-52.093588		
46	0.204498	750	-0.728358	-52.821946		
47	0.194988	750	-0.716998	-53.538943		
48	0.185749	750	-0.694781	-54.233724		
49	0.176777	750	-0.690104	-54.923828		
50	0.16807	750	-0.653062	-55.57689		
51	0.159626	750	-0.649944	-56.226834		
52	0.151441	750	-0.642491	-56.869326		
53	0.143514	750	-0.62362	-57.492945		
54	0.135841	750	-0.605866	-58.098811		
55	0.12842	750	-0.587383	-58.686194		
56	0.121247	750	-0.572689	-59.258883		
57	0.11432	750	-0.565908	-59.824791		
58	0.107637	750	-0.545014	-60.369805		
59	0.101193	750	-0.543741	-60.913546		
60	0.094986	750	-0.489632	-61.403177		
61	0.089014	750	-0.520399	-61.923576		
62	0.083273	750	-0.472081	-62.395658		
63	0.07776	750	-0.465912	-62.861569		
64	0.072472	750	-0.44004	-63.301609		
65	0.067406	750	-0.435055	-63.736664		
66	0.062558	750	-0.430079	-64.166744		
67	0.057926	750	-0.391352	-64.558096		
68	0.053506	750	-0.393378	-64.951473		
69	0.049295	750	-0.378129	-65.329602		
70	0.045289	750	-0.354339	-65.683941		
71	0.041485	750	-0.333637	-66.017578		
72	0.03788	750	-0.329489	-66.347067		
73	0.034469	750	-0.334947	-66.682014		
74	0.03125	750	-0.30574	-66.987754		
75	0.028218	750	-0.283804	-67.271558		
76	0.02537	750	-0.265073	-67.536631		
77	0.022702	750	-0.248284	-67.784915		
78	0.020209	750	-0.234697	-68.019611		
79	0.017889	750	-0.237939	-68.257551		
80	0.015736	750	-0.200382	-68.457932		
81	0.013746	750	-0.189405	-68.647337		
82	0.011916	750	-0.183097	-68.830434		
83	0.01024	750	-0.187229	-69.017664		
84	0.008714	750	-0.15601	-69.173673		
85	0.007334	750	-0.134857	-69.30853		
86	0.006093	750	-0.125326	-69.433857		
87	0.004988	750	-0.127641	-69.561498		
88	0.004013	750	-0.100006	-69.661504		
89	0.003162	750	-0.090625	-69.752129		
90	0.00243	750	-0.077827	-69.829956		
91	0.00181	750	-0.063642	-69.893598		
92	0.001296	750	-0.055839	-69.949437		
93	0.000882	750	-0.041731	-69.991169		
94	0.000559	750	-0.033348	-70.024516		
95	0.00032	750	-0.024494	-70.04901		
96	0.000156	750	-0.018969	-70.067979		
97	0.000057	750	-0.011488	-70.079467		
98	0.00001	750	-0.005037	-70.084504		
99	0	750	-0.001041	-70.085545		
Log marginal likelihood:	-70.085545					
0	0.975187	750	-1.672707	-1.672707		
1	0.950747	750	-1.651891	-3.324598		
2	0.926679	750	-1.672755	-4.997353		
3	0.90298	750	-1.621922	-6.619275		
4	0.879648	750	-1.606541	-8.225817		
5	0.856682	750	-1.512399	-9.738216		
6	0.834079	750	-1.546252	-11.284467		
7	0.811838	750	-1.491542	-12.776009		
8	0.789957	750	-1.479982	-14.255991		
9	0.768433	750	-1.492268	-15.748259		
10	0.747266	750	-1.492606	-17.240865		
11	0.726452	750	-1.41122	-18.652085		
12	0.705989	750	-1.452917	-20.105002		
13	0.685877	750	-1.408639	-21.513642		
14	0.666112	750	-1.379362	-22.893004		
15	0.646693	750	-1.332632	-24.225636		
16	0.627618	750	-1.373566	-25.599202		
17	0.608884	750	-1.313432	-26.912634		
18	0.59049	750	-1.356076	-28.26871		
19	0.572433	750	-1.303791	-29.572501		
20	0.554712	750	-1.291678	-30.864179		
21	0.537324	750	-1.239645	-32.103824		
22	0.520268	750	-1.210035	-33.313859		
23	0.50354	750	-1.241527	-34.555386		
24	0.487139	750	-1.220636	-35.776022		
25	0.471063	750	-1.181052	-36.957074		
26	0.45531	750	-1.155572	-38.112646		
27	0.439877	750	-1.118711	-39.231357		
28	0.424762	750	-1.099345	-40.330702		
29	0.409963	750	-1.111544	-41.442246		
30	0.395478	750	-1.093984	-42.53623		
31	0.381305	750	-1.072745	-43.608976		
32	0.36744	750	-1.029768	-44.638744		
33	0.353883	750	-1.020233	-45.658977		
34	0.34063	750	-0.977396	-46.636373		
35	0.32768	750	-0.954696	-47.591069		
36	0.31503	750	-0.947358	-48.538427		
37	0.302677	750	-0.925666	-49.464093		
38	0.290619	750	-0.91628	-50.380373		
39	0.278855	750	-0.868862	-51.249235		
40	0.267381	750	-0.883463	-52.132698		
41	0.256195	750	-0.827311	-52.960009		
42	0.245294	750	-0.848209	-53.808217		
43	0.234677	750	-0.810158	-54.618376		
44	0.22434	750	-0.809512	-55.427887		
45	0.214281	750	-0.772656	-56.200543		
46	0.204498	750	-0.75154	-56.952084		
47	0.194988	750	-0.718556	-57.670639		
48	0.185749	750	-0.725309	-58.395948		
49	0.176777	750	-0.704785	-59.100734		
50	0.16807	750	-0.688395	-59.789129		
51	0.159626	750	-0.690629	-60.479758		
52	0.151441	750	-0.66352	-61.143278		
53	0.143514	750	-0.63681	-61.780089		
54	0.135841	750	-0.612647	-62.392735		
55	0.12842	750	-0.603288	-62.996023		
56	0.121247	750	-0.573216	-63.569239		
57	0.11432	750	-0.570868	-64.140108		
58	0.107637	750	-0.549785	-64.689892		
59	0.101193	750	-0.534817	-65.224709		
60	0.094986	750	-0.502907	-65.727617		
61	0.089014	750	-0.522122	-66.249739		
62	0.083273	750	-0.496534	-66.746272		
63	0.07776	750	-0.469177	-67.215449		
64	0.072472	750	-0.451462	-67.666912		
65	0.067406	750	-0.435412	-68.102323		
66	0.062558	750	-0.426727	-68.529051		
67	0.057926	750	-0.42957	-68.95862		
68	0.053506	750	-0.398428	-69.357048		
69	0.049295	750	-0.405083	-69.762131		
70	0.045289	750	-0.354306	-70.116438		
71	0.041485	750	-0.370311	-70.486748		
72	0.03788	750	-0.338203	-70.824952		
73	0.034469	750	-0.298716	-71.123668		
74	0.03125	750	-0.305084	-71.428752		
75	0.028218	750	-0.278965	-71.707717		
76	0.02537	750	-0.264879	-71.972595		
77	0.022702	750	-0.259203	-72.231798		
78	0.020209	750	-0.229077	-72.460875		
79	0.017889	750	-0.223418	-72.684293		
80	0.015736	750	-0.212263	-72.896555		
81	0.013746	750	-0.207004	-73.10356		
82	0.011916	750	-0.188983	-73.292543		
83	0.01024	750	-0.166723	-73.459267		
84	0.008714	750	-0.163335	-73.622601		
85	0.007334	750	-0.168626	-73.791228		
86	0.006093	750	-0.12232	-73.913548		
87	0.004988	750	-0.118655	-74.032203		
88	0.004013	750	-0.097232	-74.129435		
89	0.003162	750	-0.089864	-74.219299		
90	0.00243	750	-0.076529	-74.295828		
91	0.00181	750	-0.066958	-74.362786		
92	0.001296	750	-0.054878	-74.417663		
93	0.000882	750	-0.040716	-74.458379		
94	0.000559	750	-0.036013	-74.494392		
95	0.00032	750	-0.026021	-74.520413		
96	0.000156	750	-0.017317	-74.537731		
97	0.000057	750	-0.010918	-74.548649		
98	0.00001	750	-0.005108	-74.553757		
99	0	750	-0.001047	-74.554804		
Log marginal likelihood:	-74.554804					
0	0.975187	750	-1.53115	-1.53115		
1	0.950747	750	-1.522155	-3.053305		
2	0.926679	750	-1.58274	-4.636044		
3	0.90298	750	-1.462795	-6.098839		
4	0.879648	750	-1.49725	-7.596089		
5	0.856682	750	-1.489192	-9.085281		
6	0.834079	750	-1.509959	-10.59524		
7	0.811838	750	-1.404485	-11.999725		
8	0.789957	750	-1.42324	-13.422965		
9	0.768433	750	-1.407551	-14.830516		
10	0.747266	750	-1.345362	-16.175878		
11	0.726452	750	-1.354043	-17.529921		
12	0.705989	750	-1.290267	-18.820188		
13	0.685877	750	-1.268465	-20.088653		
14	0.666112	750	-1.253013	-21.341666		
15	0.646693	750	-1.262496	-22.604162		
16	0.627618	750	-1.351629	-23.955791		
17	0.608884	750	-1.24677	-25.202561		
18	0.59049	750	-1.273986	-26.476547		
19	0.572433	750	-1.231776	-27.708323		
20	0.554712	750	-1.211547	-28.91987		
21	0.537324	750	-1.13711	-30.05698		
22	0.520268	750	-1.194321	-31.2513		
23	0.50354	750	-1.16851	-32.419811		
24	0.487139	750	-1.132906	-33.552717		
25	0.471063	750	-1.126378	-34.679094		
26	0.45531	750	-1.066219	-35.745313		
27	0.439877	750	-1.048755	-36.794069		
28	0.424762	750	-1.083785	-37.877854		
29	0.409963	750	-1.019994	-38.897847		
30	0.395478	750	-1.025047	-39.922895		
31	0.381305	750	-1.009352	-40.932247		
32	0.36744	750	-0.995868	-41.928115		
33	0.353883	750	-0.972457	-42.900572		
34	0.34063	750	-0.941942	-43.842513		
35	0.32768	750	-0.92997	-44.772483		
36	0.31503	750	-0.927862	-45.700345		
37	0.302677	750	-0.897233	-46.597579		
38	0.290619	750	-0.884485	-47.482063		
39	0.278855	750	-0.867787	-48.349851		
40	0.267381	750	-0.840688	-49.190539		
41	0.256195	750	-0.826289	-50.016827		
42	0.245294	750	-0.8124	-50.829228		
43	0.234677	750	-0.785955	-51.615182		
44	0.22434	750	-0.768716	-52.383898		
45	0.214281	750	-0.748576	-53.132474		
46	0.204498	750	-0.739457	-53.871931		
47	0.194988	750	-0.727079	-54.599009		
48	0.185749	750	-0.708243	-55.307252		
49	0.176777	750	-0.690929	-55.998181		
50	0.16807	750	-0.668139	-56.66632		
51	0.159626	750	-0.645515	-57.311835		
52	0.151441	750	-0.645319	-57.957154		
53	0.143514	750	-0.628513	-58.585668		
54	0.135841	750	-0.594891	-59.180558		
55	0.12842	750	-0.589043	-59.769602		
56	0.121247	750	-0.556662	-60.326264		
57	0.11432	750	-0.566868	-60.893132		
58	0.107637	750	-0.542457	-61.435589		
59	0.101193	750	-0.520193	-61.955782		
60	0.094986	750	-0.499544	-62.455326		
61	0.089014	750	-0.492389	-62.947716		
62	0.083273	750	-0.495394	-63.44311		
63	0.07776	750	-0.460472	-63.903582		
64	0.072472	750	-0.443349	-64.34693		
65	0.067406	750	-0.423348	-64.770278		
66	0.062558	750	-0.423762	-65.19404		
67	0.057926	750	-0.376236	-65.570276		
68	0.053506	750	-0.388442	-65.958718		
69	0.049295	750	-0.365965	-66.324683		
70	0.045289	750	-0.347016	-66.671699		
71	0.041485	750	-0.348593	-67.020293		
72	0.03788	750	-0.34636	-67.366653		
73	0.034469	750	-0.317186	-67.683839		
74	0.03125	750	-0.307719	-67.991557		
75	0.028218	750	-0.298759	-68.290316		
76	0.02537	750	-0.259863	-68.550179		
77	0.022702	750	-0.253383	-68.803561		
78	0.020209	750	-0.228895	-69.032457		
79	0.017889	750	-0.228219	-69.260676		
80	0.015736	750	-0.210514	-69.47119		
81	0.013746	750	-0.204017	-69.675208		
82	0.011916	750	-0.195383	-69.87059		
83	0.01024	750	-0.175485	-70.046076		
84	0.008714	750	-0.159766	-70.205841		
85	0.007334	750	-0.138047	-70.343888		
86	0.006093	750	-0.123897	-70.467786		
87	0.004988	750	-0.108705	-70.57649		
88	0.004013	750	-0.102986	-70.679476		
89	0.003162	750	-0.099283	-70.77876		
90	0.00243	750	-0.081484	-70.860244		
91	0.00181	750	-0.07235	-70.932593		
92	0.001296	750	-0.054491	-70.987084		
93	0.000882	750	-0.042781	-71.029866		
94	0.000559	750	-0.036017	-71.065883		
95	0.00032	750	-0.027363	-71.093246		
96	0.000156	750	-0.02022	-71.113466		
97	0.000057	750	-0.011066	-71.124531		
98	0.00001	750	-0.005164	-71.129695		
99	0	750	-0.001003	-71.130698		
Log marginal likelihood:	-71.130698					
0	0.975187	750	-1.539337	-1.539337		
1	0.950747	750	-1.523996	-3.063333		
2	0.926679	750	-1.511629	-4.574962		
3	0.90298	750	-1.4749	-6.049862		
4	0.879648	750	-1.499462	-7.549324		
5	0.856682	750	-1.477003	-9.026327		
6	0.834079	750	-1.478008	-10.504335		
7	0.811838	750	-1.521254	-12.02559		
8	0.789957	750	-1.430676	-13.456266		
9	0.768433	750	-1.510434	-14.9667		
10	0.747266	750	-1.442493	-16.409192		
11	0.726452	750	-1.48161	-17.890803		
12	0.705989	750	-1.372849	-19.263652		
13	0.685877	750	-1.323003	-20.586655		
14	0.666112	750	-1.320182	-21.906837		
15	0.646693	750	-1.324713	-23.23155		
16	0.627618	750	-1.274995	-24.506545		
17	0.608884	750	-1.334632	-25.841177		
18	0.59049	750	-1.257677	-27.098855		
19	0.572433	750	-1.287354	-28.386209		
20	0.554712	750	-1.230156	-29.616364		
21	0.537324	750	-1.203726	-30.82009		
22	0.520268	750	-1.206415	-32.026505		
23	0.50354	750	-1.099136	-33.125642		
24	0.487139	750	-1.1395	-34.265142		
25	0.471063	750	-1.165414	-35.430556		
26	0.45531	750	-1.092428	-36.522984		
27	0.439877	750	-1.151022	-37.674006		
28	0.424762	750	-1.058538	-38.732544		
29	0.409963	750	-1.055732	-39.788275		
30	0.395478	750	-1.010486	-40.798761		
31	0.381305	750	-1.043231	-41.841993		
32	0.36744	750	-1.045241	-42.887234		
33	0.353883	750	-1.01311	-43.900343		
34	0.34063	750	-0.993182	-44.893526		
35	0.32768	750	-0.94181	-45.835336		
36	0.31503	750	-0.9438	-46.779136		
37	0.302677	750	-0.939578	-47.718715		
38	0.290619	750	-0.897117	-48.615831		
39	0.278855	750	-0.89871	-49.514541		
40	0.267381	750	-0.878286	-50.392827		
41	0.256195	750	-0.847542	-51.240369		
42	0.245294	750	-0.816187	-52.056556		
43	0.234677	750	-0.807224	-52.863779		
44	0.22434	750	-0.787078	-53.650858		
45	0.214281	750	-0.767644	-54.418502		
46	0.204498	750	-0.764526	-55.183028		
47	0.194988	750	-0.731425	-55.914452		
48	0.185749	750	-0.716659	-56.631111		
49	0.176777	750	-0.698206	-57.329317		
50	0.16807	750	-0.679715	-58.009032		
51	0.159626	750	-0.649601	-58.658633		
52	0.151441	750	-0.6497	-59.308333		
53	0.143514	750	-0.646003	-59.954336		
54	0.135841	750	-0.6124	-60.566736		
55	0.12842	750	-0.585978	-61.152714		
56	0.121247	750	-0.576656	-61.72937		
57	0.11432	750	-0.567791	-62.297161		
58	0.107637	750	-0.546628	-62.843789		
59	0.101193	750	-0.526509	-63.370298		
60	0.094986	750	-0.51258	-63.882879		
61	0.089014	750	-0.492623	-64.375501		
62	0.083273	750	-0.464996	-64.840497		
63	0.07776	750	-0.47609	-65.316586		
64	0.072472	750	-0.442287	-65.758874		
65	0.067406	750	-0.441306	-66.200179		
66	0.062558	750	-0.415465	-66.615644		
67	0.057926	750	-0.413044	-67.028688		
68	0.053506	750	-0.410978	-67.439666		
69	0.049295	750	-0.368691	-67.808356		
70	0.045289	750	-0.34662	-68.154976		
71	0.041485	750	-0.354187	-68.509163		
72	0.03788	750	-0.334747	-68.84391		
73	0.034469	750	-0.32307	-69.16698		
74	0.03125	750	-0.307323	-69.474303		
75	0.028218	750	-0.282407	-69.75671		
76	0.02537	750	-0.283881	-70.040591		
77	0.022702	750	-0.256451	-70.297042		
78	0.020209	750	-0.24408	-70.541122		
79	0.017889	750	-0.239661	-70.780783		
80	0.015736	750	-0.216809	-70.997593		
81	0.013746	750	-0.204268	-71.201861		
82	0.011916	750	-0.185049	-71.38691		
83	0.01024	750	-0.170264	-71.557174		
84	0.008714	750	-0.170228	-71.727402		
85	0.007334	750	-0.156771	-71.884173		
86	0.006093	750	-0.133203	-72.017376		
87	0.004988	750	-0.12358	-72.140956		
88	0.004013	750	-0.102131	-72.243087		
89	0.003162	750	-0.095672	-72.338759		
90	0.00243	750	-0.073863	-72.412622		
91	0.00181	750	-0.062804	-72.475426		
92	0.001296	750	-0.055108	-72.530533		
93	0.000882	750	-0.049208	-72.579742		
94	0.000559	750	-0.035394	-72.615135		
95	0.00032	750	-0.027878	-72.643014		
96	0.000156	750	-0.017833	-72.660846		
97	0.000057	750	-0.010713	-72.671559		
98	0.00001	750	-0.005254	-72.676813		
99	0	750	-0.001042	-72.677856		
Log marginal likelihood:	-72.677856					
0	0.975187	750	-1.737158	-1.737158		
1	0.950747	750	-1.749584	-3.486742		
2	0.926679	750	-1.659111	-5.145853		
3	0.90298	750	-1.665005	-6.810858		
4	0.879648	750	-1.609811	-8.420668		
5	0.856682	750	-1.615223	-10.035891		
6	0.834079	750	-1.558271	-11.594162		
7	0.811838	750	-1.605973	-13.200135		
8	0.789957	750	-1.546588	-14.746723		
9	0.768433	750	-1.4986	-16.245323		
10	0.747266	750	-1.511515	-17.756838		
11	0.726452	750	-1.484251	-19.241089		
12	0.705989	750	-1.460822	-20.701911		
13	0.685877	750	-1.409144	-22.111055		
14	0.666112	750	-1.399331	-23.510386		
15	0.646693	750	-1.368909	-24.879295		
16	0.627618	750	-1.382387	-26.261682		
17	0.608884	750	-1.345348	-27.60703		
18	0.59049	750	-1.287294	-28.894325		
19	0.572433	750	-1.331219	-30.225544		
20	0.554712	750	-1.284515	-31.510058		
21	0.537324	750	-1.259615	-32.769673		
22	0.520268	750	-1.242113	-34.011786		
23	0.50354	750	-1.215768	-35.227554		
24	0.487139	750	-1.192168	-36.419722		
25	0.471063	750	-1.164143	-37.583865		
26	0.45531	750	-1.167202	-38.751067		
27	0.439877	750	-1.106885	-39.857952		
28	0.424762	750	-1.111845	-40.969797		
29	0.409963	750	-1.085368	-42.055164		
30	0.395478	750	-1.074681	-43.129845		
31	0.381305	750	-1.035736	-44.165582		
32	0.36744	750	-1.041625	-45.207207		
33	0.353883	750	-0.988022	-46.195229		
34	0.34063	750	-0.974388	-47.169616		
35	0.32768	750	-0.976751	-48.146368		
36	0.31503	750	-0.940031	-49.086399		
37	0.302677	750	-0.930844	-50.017242		
38	0.290619	750	-0.916138	-50.93338		
39	0.278855	750	-0.868727	-51.802107		
40	0.267381	750	-0.864276	-52.666383		
41	0.256195	750	-0.854075	-53.520458		
42	0.245294	750	-0.830658	-54.351115		
43	0.234677	750	-0.806202	-55.157318		
44	0.22434	750	-0.799023	-55.956341		
45	0.214281	750	-0.786119	-56.742459		
46	0.204498	750	-0.749985	-57.492445		
47	0.194988	750	-0.779341	-58.271786		
48	0.185749	750	-0.702155	-58.973941		
49	0.176777	750	-0.712186	-59.686127		
50	0.16807	750	-0.673562	-60.359689		
51	0.159626	750	-0.676352	-61.036041		
52	0.151441	750	-0.641059	-61.677101		
53	0.143514	750	-0.619216	-62.296316		
54	0.135841	750	-0.600209	-62.896525		
55	0.12842	750	-0.592355	-63.48888		
56	0.121247	750	-0.58497	-64.07385		
57	0.11432	750	-0.560656	-64.634506		
58	0.107637	750	-0.539788	-65.174294		
59	0.101193	750	-0.513289	-65.687583		
60	0.094986	750	-0.508208	-66.195791		
61	0.089014	750	-0.495739	-66.69153		
62	0.083273	750	-0.480569	-67.172099		
63	0.07776	750	-0.454495	-67.626594		
64	0.072472	750	-0.463265	-68.089859		
65	0.067406	750	-0.443573	-68.533432		
66	0.062558	750	-0.422713	-68.956145		
67	0.057926	750	-0.408331	-69.364476		
68	0.053506	750	-0.405748	-69.770224		
69	0.049295	750	-0.39945	-70.169674		
70	0.045289	750	-0.37292	-70.542594		
71	0.041485	750	-0.361437	-70.904031		
72	0.03788	750	-0.35285	-71.256881		
73	0.034469	750	-0.317386	-71.574267		
74	0.03125	750	-0.302341	-71.876608		
75	0.028218	750	-0.271531	-72.148139		
76	0.02537	750	-0.293977	-72.442117		
77	0.022702	750	-0.253078	-72.695195		
78	0.020209	750	-0.229515	-72.92471		
79	0.017889	750	-0.231336	-73.156046		
80	0.015736	750	-0.213763	-73.369809		
81	0.013746	750	-0.208287	-73.578095		
82	0.011916	750	-0.195993	-73.774088		
83	0.01024	750	-0.167768	-73.941856		
84	0.008714	750	-0.198827	-74.140682		
85	0.007334	750	-0.153236	-74.293919		
86	0.006093	750	-0.133574	-74.427492		
87	0.004988	750	-0.129508	-74.557		
88	0.004013	750	-0.099922	-74.656922		
89	0.003162	750	-0.092323	-74.749245		
90	0.00243	750	-0.076818	-74.826063		
91	0.00181	750	-0.068613	-74.894676		
92	0.001296	750	-0.057737	-74.952413		
93	0.000882	750	-0.04592	-74.998334		
94	0.000559	750	-0.035334	-75.033667		
95	0.00032	750	-0.028328	-75.061995		
96	0.000156	750	-0.018514	-75.080509		
97	0.000057	750	-0.01086	-75.091369		
98	0.00001	750	-0.006118	-75.097487		
99	0	750	-0.001125	-75.098611		
Log marginal likelihood:	-75.098611					
0	0.975187	750	-1.627865	-1.627865		
1	0.950747	750	-1.614529	-3.242395		
2	0.926679	750	-1.563663	-4.806058		
3	0.90298	750	-1.536072	-6.342129		
4	0.879648	750	-1.520561	-7.86269		
5	0.856682	750	-1.492276	-9.354966		
6	0.834079	750	-1.520179	-10.875145		
7	0.811838	750	-1.514061	-12.389206		
8	0.789957	750	-1.464742	-13.853948		
9	0.768433	750	-1.433555	-15.287503		
10	0.747266	750	-1.449851	-16.737353		
11	0.726452	750	-1.411094	-18.148448		
12	0.705989	750	-1.388667	-19.537114		
13	0.685877	750	-1.346592	-20.883706		
14	0.666112	750	-1.30392	-22.187626		
15	0.646693	750	-1.35297	-23.540596		
16	0.627618	750	-1.26577	-24.806366		
17	0.608884	750	-1.287465	-26.093831		
18	0.59049	750	-1.259571	-27.353402		
19	0.572433	750	-1.216475	-28.569878		
20	0.554712	750	-1.209925	-29.779802		
21	0.537324	750	-1.168809	-30.948611		
22	0.520268	750	-1.185365	-32.133976		
23	0.50354	750	-1.174468	-33.308444		
24	0.487139	750	-1.137624	-34.446069		
25	0.471063	750	-1.140867	-35.586936		
26	0.45531	750	-1.130832	-36.717768		
27	0.439877	750	-1.100199	-37.817967		
28	0.424762	750	-1.062185	-38.880153		
29	0.409963	750	-1.014238	-39.89439		
30	0.395478	750	-1.006473	-40.900863		
31	0.381305	750	-1.018883	-41.919746		
32	0.36744	750	-0.993821	-42.913566		
33	0.353883	750	-0.97461	-43.888177		
34	0.34063	750	-0.949482	-44.837659		
35	0.32768	750	-0.929391	-45.76705		
36	0.31503	750	-0.918409	-46.685458		
37	0.302677	750	-0.894283	-47.579742		
38	0.290619	750	-0.879561	-48.459302		
39	0.278855	750	-0.856463	-49.315765		
40	0.267381	750	-0.82949	-50.145255		
41	0.256195	750	-0.822772	-50.968027		
42	0.245294	750	-0.799304	-51.767331		
43	0.234677	750	-0.782121	-52.549453		
44	0.22434	750	-0.768307	-53.317759		
45	0.214281	750	-0.749364	-54.067123		
46	0.204498	750	-0.721427	-54.78855		
47	0.194988	750	-0.730556	-55.519106		
48	0.185749	750	-0.691121	-56.210227		
49	0.176777	750	-0.682988	-56.893215		
50	0.16807	750	-0.682969	-57.576184		
51	0.159626	750	-0.646097	-58.222282		
52	0.151441	750	-0.643566	-58.865847		
53	0.143514	750	-0.613005	-59.478852		
54	0.135841	750	-0.61554	-60.094392		
55	0.12842	750	-0.586351	-60.680743		
56	0.121247	750	-0.575486	-61.256229		
57	0.11432	750	-0.548447	-61.804676		
58	0.107637	750	-0.543496	-62.348172		
59	0.101193	750	-0.53344	-62.881612		
60	0.094986	750	-0.511695	-63.393306		
61	0.089014	750	-0.49537	-63.888677		
62	0.083273	750	-0.465002	-64.353678		
63	0.07776	750	-0.47115	-64.824828		
64	0.072472	750	-0.44415	-65.268978		
65	0.067406	750	-0.415319	-65.684298		
66	0.062558	750	-0.408147	-66.092444		
67	0.057926	750	-0.398187	-66.490631		
68	0.053506	750	-0.387991	-66.878622		
69	0.049295	750	-0.387192	-67.265814		
70	0.045289	750	-0.351473	-67.617287		
71	0.041485	750	-0.341246	-67.958533		
72	0.03788	750	-0.339916	-68.298449		
73	0.034469	750	-0.306903	-68.605351		
74	0.03125	750	-0.277537	-68.882888		
75	0.028218	750	-0.282369	-69.165257		
76	0.02537	750	-0.260314	-69.425572		
77	0.022702	750	-0.256171	-69.681743		
78	0.020209	750	-0.232581	-69.914324		
79	0.017889	750	-0.226181	-70.140505		
80	0.015736	750	-0.21608	-70.356584		
81	0.013746	750	-0.187088	-70.543673		
82	0.011916	750	-0.202039	-70.745712		
83	0.01024	750	-0.1679	-70.913612		
84	0.008714	750	-0.167924	-71.081536		
85	0.007334	750	-0.135809	-71.217344		
86	0.006093	750	-0.126331	-71.343675		
87	0.004988	750	-0.11986	-71.463535		
88	0.004013	750	-0.099009	-71.562544		
89	0.003162	750	-0.091192	-71.653737		
90	0.00243	750	-0.077321	-71.731058		
91	0.00181	750	-0.065086	-71.796144		
92	0.001296	750	-0.054072	-71.850216		
93	0.000882	750	-0.046257	-71.896473		
94	0.000559	750	-0.034837	-71.93131		
95	0.00032	750	-0.025723	-71.957033		
96	0.000156	750	-0.016846	-71.973878		
97	0.000057	750	-0.011771	-71.98565		
98	0.00001	750	-0.004842	-71.990491		
99	0	750	-0.00116	-71.991651		
Log marginal likelihood:	-71.991651					
0	0.975187	750	-1.67994	-1.67994		
1	0.950747	750	-1.592177	-3.272117		
2	0.926679	750	-1.563291	-4.835408		
3	0.90298	750	-1.541276	-6.376684		
4	0.879648	750	-1.594109	-7.970793		
5	0.856682	750	-1.526086	-9.49688		
6	0.834079	750	-1.593234	-11.090114		
7	0.811838	750	-1.594151	-12.684264		
8	0.789957	750	-1.558926	-14.24319		
9	0.768433	750	-1.458109	-15.701298		
10	0.747266	750	-1.478264	-17.179562		
11	0.726452	750	-1.449597	-18.629159		
12	0.705989	750	-1.41035	-20.039509		
13	0.685877	750	-1.439597	-21.479106		
14	0.666112	750	-1.352152	-22.831259		
15	0.646693	750	-1.305281	-24.136539		
16	0.627618	750	-1.329249	-25.465789		
17	0.608884	750	-1.316314	-26.782102		
18	0.59049	750	-1.28626	-28.068362		
19	0.572433	750	-1.250191	-29.318553		
20	0.554712	750	-1.263896	-30.582449		
21	0.537324	750	-1.252816	-31.835265		
22	0.520268	750	-1.246462	-33.081727		
23	0.50354	750	-1.225499	-34.307226		
24	0.487139	750	-1.192841	-35.500068		
25	0.471063	750	-1.169753	-36.669821		
26	0.45531	750	-1.155616	-37.825436		
27	0.439877	750	-1.139516	-38.964953		
28	0.424762	750	-1.117071	-40.082024		
29	0.409963	750	-1.082983	-41.165006		
30	0.395478	750	-1.071369	-42.236375		
31	0.381305	750	-1.051925	-43.2883		
32	0.36744	750	-1.040502	-44.328802		
33	0.353883	750	-1.005971	-45.334773		
34	0.34063	750	-0.969097	-46.30387		
35	0.32768	750	-0.950757	-47.254627		
36	0.31503	750	-0.949165	-48.203792		
37	0.302677	750	-0.929656	-49.133448		
38	0.290619	750	-0.895776	-50.029223		
39	0.278855	750	-0.866551	-50.895774		
40	0.267381	750	-0.859759	-51.755534		
41	0.256195	750	-0.835113	-52.590647		
42	0.245294	750	-0.824774	-53.415421		
43	0.234677	750	-0.800314	-54.215735		
44	0.22434	750	-0.766717	-54.982452		
45	0.214281	750	-0.777084	-55.759536		
46	0.204498	750	-0.748557	-56.508093		
47	0.194988	750	-0.735924	-57.244017		
48	0.185749	750	-0.71299	-57.957007		
49	0.176777	750	-0.702187	-58.659194		
50	0.16807	750	-0.684819	-59.344013		
51	0.159626	750	-0.695618	-60.03963		
52	0.151441	750	-0.655032	-60.694662		
53	0.143514	750	-0.636979	-61.331642		
54	0.135841	750	-0.615103	-61.946744		
55	0.12842	750	-0.574193	-62.520937		
56	0.121247	750	-0.566374	-63.087311		
57	0.11432	750	-0.585525	-63.672836		
58	0.107637	750	-0.536996	-64.209832		
59	0.101193	750	-0.543702	-64.753534		
60	0.094986	750	-0.519172	-65.272706		
61	0.089014	750	-0.489236	-65.761942		
62	0.083273	750	-0.47845	-66.240391		
63	0.07776	750	-0.463778	-66.704169		
64	0.072472	750	-0.446373	-67.150542		
65	0.067406	750	-0.429494	-67.580037		
66	0.062558	750	-0.418545	-67.998582		
67	0.057926	750	-0.402334	-68.400916		
68	0.053506	750	-0.390823	-68.791738		
69	0.049295	750	-0.378527	-69.170266		
70	0.045289	750	-0.380769	-69.551034		
71	0.041485	750	-0.336343	-69.887377		
72	0.03788	750	-0.337405	-70.224783		
73	0.034469	750	-0.314661	-70.539444		
74	0.03125	750	-0.296097	-70.835541		
75	0.028218	750	-0.280398	-71.115938		
76	0.02537	750	-0.291586	-71.407525		
77	0.022702	750	-0.272748	-71.680273		
78	0.020209	750	-0.239077	-71.919349		
79	0.017889	750	-0.216958	-72.136307		
80	0.015736	750	-0.217317	-72.353625		
81	0.013746	750	-0.213489	-72.567113		
82	0.011916	750	-0.184658	-72.751771		
83	0.01024	750	-0.177311	-72.929082		
84	0.008714	750	-0.15125	-73.080332		
85	0.007334	750	-0.138184	-73.218516		
86	0.006093	750	-0.125697	-73.344213		
87	0.004988	750	-0.128194	-73.472407		
88	0.004013	750	-0.116429	-73.588836		
89	0.003162	750	-0.094851	-73.683687		
90	0.00243	750	-0.073875	-73.757562		
91	0.00181	750	-0.06165	-73.819212		
92	0.001296	750	-0.056007	-73.875219		
93	0.000882	750	-0.048389	-73.923608		
94	0.000559	750	-0.035235	-73.958842		
95	0.00032	750	-0.023548	-73.98239		
96	0.000156	750	-0.018235	-74.000625		
97	0.000057	750	-0.010706	-74.011331		
98	0.00001	750	-0.00478	-74.016111		
99	0	750	-0.001111	-74.017223		
Log marginal likelihood:	-74.017223					
0	0.975187	750	-1.623761	-1.623761		
1	0.950747	750	-1.63305	-3.256811		
2	0.926679	750	-1.582245	-4.839055		
3	0.90298	750	-1.699061	-6.538117		
4	0.879648	750	-1.557026	-8.095142		
5	0.856682	750	-1.632102	-9.727244		
6	0.834079	750	-1.499261	-11.226505		
7	0.811838	750	-1.520913	-12.747418		
8	0.789957	750	-1.456275	-14.203693		
9	0.768433	750	-1.546984	-15.750677		
10	0.747266	750	-1.519363	-17.27004		
11	0.726452	750	-1.418379	-18.688419		
12	0.705989	750	-1.367187	-20.055606		
13	0.685877	750	-1.41256	-21.468166		
14	0.666112	750	-1.359202	-22.827368		
15	0.646693	750	-1.382539	-24.209906		
16	0.627618	750	-1.379931	-25.589837		
17	0.608884	750	-1.311314	-26.901151		
18	0.59049	750	-1.326326	-28.227477		
19	0.572433	750	-1.299781	-29.527258		
20	0.554712	750	-1.313644	-30.840902		
21	0.537324	750	-1.277966	-32.118867		
22	0.520268	750	-1.240178	-33.359045		
23	0.50354	750	-1.20826	-34.567305		
24	0.487139	750	-1.148037	-35.715342		
25	0.471063	750	-1.173514	-36.888856		
26	0.45531	750	-1.157405	-38.046261		
27	0.439877	750	-1.15488	-39.201141		
28	0.424762	750	-1.12373	-40.324871		
29	0.409963	750	-1.079095	-41.403966		
30	0.395478	750	-1.040433	-42.444398		
31	0.381305	750	-1.045592	-43.489991		
32	0.36744	750	-1.044827	-44.534817		
33	0.353883	750	-1.014023	-45.54884		
34	0.34063	750	-0.988801	-46.537641		
35	0.32768	750	-0.969827	-47.507469		
36	0.31503	750	-0.94014	-48.447609		
37	0.302677	750	-0.918806	-49.366414		
38	0.290619	750	-0.914052	-50.280466		
39	0.278855	750	-0.879659	-51.160125		
40	0.267381	750	-0.866011	-52.026137		
41	0.256195	750	-0.858728	-52.884865		
42	0.245294	750	-0.838261	-53.723126		
43	0.234677	750	-0.80888	-54.532006		
44	0.22434	750	-0.785875	-55.317881		
45	0.214281	750	-0.776008	-56.093888		
46	0.204498	750	-0.763027	-56.856916		
47	0.194988	750	-0.733659	-57.590575		
48	0.185749	750	-0.721885	-58.31246		
49	0.176777	750	-0.696754	-59.009215		
50	0.16807	750	-0.678881	-59.688096		
51	0.159626	750	-0.668148	-60.356244		
52	0.151441	750	-0.651906	-61.00815		
53	0.143514	750	-0.630062	-61.638213		
54	0.135841	750	-0.633508	-62.27172		
55	0.12842	750	-0.598594	-62.870315		
56	0.121247	750	-0.563324	-63.433639		
57	0.11432	750	-0.554243	-63.987882		
58	0.107637	750	-0.531147	-64.519029		
59	0.101193	750	-0.539141	-65.05817		
60	0.094986	750	-0.519298	-65.577468		
61	0.089014	750	-0.484114	-66.061583		
62	0.083273	750	-0.475009	-66.536591		
63	0.07776	750	-0.460498	-66.99709		
64	0.072472	750	-0.448495	-67.445584		
65	0.067406	750	-0.424508	-67.870092		
66	0.062558	750	-0.43498	-68.305072		
67	0.057926	750	-0.407441	-68.712513		
68	0.053506	750	-0.410472	-69.122985		
69	0.049295	750	-0.36591	-69.488895		
70	0.045289	750	-0.390638	-69.879533		
71	0.041485	750	-0.35614	-70.235672		
72	0.03788	750	-0.324472	-70.560145		
73	0.034469	750	-0.312501	-70.872645		
74	0.03125	750	-0.286732	-71.159378		
75	0.028218	750	-0.29256	-71.451938		
76	0.02537	750	-0.269245	-71.721183		
77	0.022702	750	-0.246633	-71.967817		
78	0.020209	750	-0.240225	-72.208042		
79	0.017889	750	-0.232998	-72.441039		
80	0.015736	750	-0.224111	-72.66515		
81	0.013746	750	-0.196277	-72.861428		
82	0.011916	750	-0.19311	-73.054537		
83	0.01024	750	-0.180396	-73.234934		
84	0.008714	750	-0.161915	-73.396848		
85	0.007334	750	-0.155816	-73.552665		
86	0.006093	750	-0.128381	-73.681045		
87	0.004988	750	-0.121178	-73.802223		
88	0.004013	750	-0.101632	-73.903856		
89	0.003162	750	-0.091117	-73.994972		
90	0.00243	750	-0.075605	-74.070577		
91	0.00181	750	-0.073974	-74.144551		
92	0.001296	750	-0.059463	-74.204014		
93	0.000882	750	-0.045274	-74.249288		
94	0.000559	750	-0.03646	-74.285747		
95	0.00032	750	-0.026388	-74.312135		
96	0.000156	750	-0.018925	-74.331061		
97	0.000057	750	-0.011014	-74.342075		
98	0.00001	750	-0.004842	-74.346917		
99	0	750	-0.00126	-74.348177		
Log marginal likelihood:	-74.348177					
0	0.975187	750	-1.511914	-1.511914		
1	0.950747	750	-1.536203	-3.048116		
2	0.926679	750	-1.460632	-4.508748		
3	0.90298	750	-1.449827	-5.958576		
4	0.879648	750	-1.441168	-7.399743		
5	0.856682	750	-1.396477	-8.79622		
6	0.834079	750	-1.371941	-10.168161		
7	0.811838	750	-1.412189	-11.58035		
8	0.789957	750	-1.392943	-12.973293		
9	0.768433	750	-1.327247	-14.30054		
10	0.747266	750	-1.311059	-15.611599		
11	0.726452	750	-1.283645	-16.895244		
12	0.705989	750	-1.257913	-18.153157		
13	0.685877	750	-1.267313	-19.420471		
14	0.666112	750	-1.213202	-20.633673		
15	0.646693	750	-1.278335	-21.912007		
16	0.627618	750	-1.221771	-23.133779		
17	0.608884	750	-1.221346	-24.355125		
18	0.59049	750	-1.170318	-25.525443		
19	0.572433	750	-1.151412	-26.676855		
20	0.554712	750	-1.150372	-27.827227		
21	0.537324	750	-1.182662	-29.009889		
22	0.520268	750	-1.097655	-30.107544		
23	0.50354	750	-1.135449	-31.242993		
24	0.487139	750	-1.093307	-32.336301		
25	0.471063	750	-1.103123	-33.439424		
26	0.45531	750	-1.062694	-34.502117		
27	0.439877	750	-0.98623	-35.488348		
28	0.424762	750	-1.012362	-36.500709		
29	0.409963	750	-1.01132	-37.51203		
30	0.395478	750	-0.955361	-38.46739		
31	0.381305	750	-0.962749	-39.430139		
32	0.36744	750	-0.961266	-40.391405		
33	0.353883	750	-0.927567	-41.318973		
34	0.34063	750	-0.922813	-42.241785		
35	0.32768	750	-0.929309	-43.171094		
36	0.31503	750	-0.913395	-44.084489		
37	0.302677	750	-0.873888	-44.958378		
38	0.290619	750	-0.856271	-45.814648		
39	0.278855	750	-0.808162	-46.62281		
40	0.267381	750	-0.8116	-47.43441		
41	0.256195	750	-0.804352	-48.238762		
42	0.245294	750	-0.785485	-49.024248		
43	0.234677	750	-0.771484	-49.795732		
44	0.22434	750	-0.749169	-50.544901		
45	0.214281	750	-0.707813	-51.252714		
46	0.204498	750	-0.724688	-51.977402		
47	0.194988	750	-0.691676	-52.669078		
48	0.185749	750	-0.675207	-53.344285		
49	0.176777	750	-0.687545	-54.03183		
50	0.16807	750	-0.640054	-54.671884		
51	0.159626	750	-0.643853	-55.315737		
52	0.151441	750	-0.606242	-55.921979		
53	0.143514	750	-0.600307	-56.522286		
54	0.135841	750	-0.579917	-57.102203		
55	0.12842	750	-0.589664	-57.691867		
56	0.121247	750	-0.556415	-58.248282		
57	0.11432	750	-0.542971	-58.791253		
58	0.107637	750	-0.518434	-59.309687		
59	0.101193	750	-0.501081	-59.810768		
60	0.094986	750	-0.500404	-60.311172		
61	0.089014	750	-0.479618	-60.79079		
62	0.083273	750	-0.461826	-61.252616		
63	0.07776	750	-0.462078	-61.714694		
64	0.072472	750	-0.454739	-62.169433		
65	0.067406	750	-0.416595	-62.586028		
66	0.062558	750	-0.416211	-63.002239		
67	0.057926	750	-0.400843	-63.403082		
68	0.053506	750	-0.383324	-63.786406		
69	0.049295	750	-0.368078	-64.154485		
70	0.045289	750	-0.357103	-64.511588		
71	0.041485	750	-0.34652	-64.858107		
72	0.03788	750	-0.330724	-65.188831		
73	0.034469	750	-0.310546	-65.499377		
74	0.03125	750	-0.29445	-65.793827		
75	0.028218	750	-0.276526	-66.070353		
76	0.02537	750	-0.277498	-66.347851		
77	0.022702	750	-0.261953	-66.609804		
78	0.020209	750	-0.225505	-66.835309		
79	0.017889	750	-0.221875	-67.057184		
80	0.015736	750	-0.225041	-67.282225		
81	0.013746	750	-0.193355	-67.475581		
82	0.011916	750	-0.180417	-67.655998		
83	0.01024	750	-0.170394	-67.826392		
84	0.008714	750	-0.14813	-67.974522		
85	0.007334	750	-0.145011	-68.119533		
86	0.006093	750	-0.119059	-68.238592		
87	0.004988	750	-0.123156	-68.361748		
88	0.004013	750	-0.105139	-68.466887		
89	0.003162	750	-0.085281	-68.552168		
90	0.00243	750	-0.069248	-68.621416		
91	0.00181	750	-0.062007	-68.683422		
92	0.001296	750	-0.063581	-68.747003		
93	0.000882	750	-0.042179	-68.789183		
94	0.000559	750	-0.032289	-68.821472		
95	0.00032	750	-0.024544	-68.846016		
96	0.000156	750	-0.016421	-68.862437		
97	0.000057	750	-0.01104	-68.873477		
98	0.00001	750	-0.005101	-68.878578		
99	0	750	-0.001004	-68.879582		
Log marginal likelihood:	-68.879582					
0	0.975187	750	-1.713154	-1.713154		
1	0.950747	750	-1.693232	-3.406386		
2	0.926679	750	-1.734284	-5.140669		
3	0.90298	750	-1.651748	-6.792417		
4	0.879648	750	-1.618506	-8.410924		
5	0.856682	750	-1.608047	-10.018971		
6	0.834079	750	-1.572615	-11.591585		
7	0.811838	750	-1.568188	-13.159774		
8	0.789957	750	-1.559232	-14.719005		
9	0.768433	750	-1.508982	-16.227987		
10	0.747266	750	-1.526415	-17.754402		
11	0.726452	750	-1.493519	-19.247921		
12	0.705989	750	-1.473553	-20.721474		
13	0.685877	750	-1.43738	-22.158854		
14	0.666112	750	-1.423484	-23.582338		
15	0.646693	750	-1.414129	-24.996467		
16	0.627618	750	-1.383188	-26.379655		
17	0.608884	750	-1.361509	-27.741164		
18	0.59049	750	-1.334338	-29.075502		
19	0.572433	750	-1.279292	-30.354794		
20	0.554712	750	-1.288781	-31.643575		
21	0.537324	750	-1.268886	-32.912461		
22	0.520268	750	-1.229503	-34.141965		
23	0.50354	750	-1.226151	-35.368116		
24	0.487139	750	-1.187567	-36.555683		
25	0.471063	750	-1.167511	-37.723194		
26	0.45531	750	-1.1583	-38.881494		
27	0.439877	750	-1.125529	-40.007023		
28	0.424762	750	-1.12211	-41.129133		
29	0.409963	750	-1.084386	-42.213519		
30	0.395478	750	-1.082446	-43.295965		
31	0.381305	750	-1.036415	-44.33238		
32	0.36744	750	-1.038627	-45.371007		
33	0.353883	750	-1.026196	-46.397203		
34	0.34063	750	-0.998265	-47.395467		
35	0.32768	750	-0.969029	-48.364496		
36	0.31503	750	-0.954534	-49.31903		
37	0.302677	750	-0.931353	-50.250384		
38	0.290619	750	-0.897259	-51.147643		
39	0.278855	750	-0.884866	-52.032509		
40	0.267381	750	-0.85868	-52.891189		
41	0.256195	750	-0.864968	-53.756157		
42	0.245294	750	-0.837734	-54.593891		
43	0.234677	750	-0.827081	-55.420972		
44	0.22434	750	-0.786969	-56.207941		
45	0.214281	750	-0.766243	-56.974184		
46	0.204498	750	-0.762153	-57.736337		
47	0.194988	750	-0.745798	-58.482136		
48	0.185749	750	-0.729304	-59.211439		
49	0.176777	750	-0.694298	-59.905737		
50	0.16807	750	-0.687709	-60.593446		
51	0.159626	750	-0.680975	-61.274421		
52	0.151441	750	-0.661231	-61.935652		
53	0.143514	750	-0.650057	-62.58571		
54	0.135841	750	-0.643375	-63.229085		
55	0.12842	750	-0.605358	-63.834443		
56	0.121247	750	-0.607872	-64.442315		
57	0.11432	750	-0.565099	-65.007414		
58	0.107637	750	-0.553505	-65.560919		
59	0.101193	750	-0.537987	-66.098906		
60	0.094986	750	-0.516035	-66.614941		
61	0.089014	750	-0.4893	-67.104241		
62	0.083273	750	-0.491712	-67.595953		
63	0.07776	750	-0.475102	-68.071055		
64	0.072472	750	-0.461204	-68.532259		
65	0.067406	750	-0.446643	-68.978902		
66	0.062558	750	-0.42512	-69.404022		
67	0.057926	750	-0.406995	-69.811017		
68	0.053506	750	-0.400843	-70.21186		
69	0.049295	750	-0.399151	-70.611012		
70	0.045289	750	-0.361305	-70.972316		
71	0.041485	750	-0.339271	-71.311587		
72	0.03788	750	-0.343473	-71.65506		
73	0.034469	750	-0.315036	-71.970096		
74	0.03125	750	-0.304765	-72.274861		
75	0.028218	750	-0.294724	-72.569585		
76	0.02537	750	-0.273494	-72.843079		
77	0.022702	750	-0.261554	-73.104633		
78	0.020209	750	-0.245989	-73.350622		
79	0.017889	750	-0.249442	-73.600064		
80	0.015736	750	-0.25073	-73.850794		
81	0.013746	750	-0.19464	-74.045435		
82	0.011916	750	-0.183409	-74.228844		
83	0.01024	750	-0.174474	-74.403318		
84	0.008714	750	-0.148816	-74.552134		
85	0.007334	750	-0.138843	-74.690977		
86	0.006093	750	-0.127585	-74.818562		
87	0.004988	750	-0.112166	-74.930729		
88	0.004013	750	-0.123895	-75.054624		
89	0.003162	750	-0.091953	-75.146577		
90	0.00243	750	-0.077186	-75.223763		
91	0.00181	750	-0.069827	-75.29359		
92	0.001296	750	-0.058766	-75.352356		
93	0.000882	750	-0.044708	-75.397064		
94	0.000559	750	-0.038182	-75.435246		
95	0.00032	750	-0.027378	-75.462624		
96	0.000156	750	-0.016781	-75.479405		
97	0.000057	750	-0.010759	-75.490164		
98	0.00001	750	-0.005451	-75.495615		
99	0	750	-0.001086	-75.4967		
Log marginal likelihood:	-75.4967					
0	0.975187	750	-1.652949	-1.652949		
1	0.950747	750	-1.601646	-3.254595		
2	0.926679	750	-1.633937	-4.888532		
3	0.90298	750	-1.564994	-6.453526		
4	0.879648	750	-1.617076	-8.070602		
5	0.856682	750	-1.533431	-9.604033		
6	0.834079	750	-1.537946	-11.141979		
7	0.811838	750	-1.487793	-12.629772		
8	0.789957	750	-1.489234	-14.119006		
9	0.768433	750	-1.46558	-15.584586		
10	0.747266	750	-1.440277	-17.024863		
11	0.726452	750	-1.449438	-18.474301		
12	0.705989	750	-1.432836	-19.907137		
13	0.685877	750	-1.361525	-21.268662		
14	0.666112	750	-1.353639	-22.622301		
15	0.646693	750	-1.356552	-23.978853		
16	0.627618	750	-1.310891	-25.289744		
17	0.608884	750	-1.283602	-26.573346		
18	0.59049	750	-1.302951	-27.876297		
19	0.572433	750	-1.273545	-29.149842		
20	0.554712	750	-1.244355	-30.394197		
21	0.537324	750	-1.208346	-31.602543		
22	0.520268	750	-1.185804	-32.788347		
23	0.50354	750	-1.181192	-33.969539		
24	0.487139	750	-1.136234	-35.105773		
25	0.471063	750	-1.168555	-36.274328		
26	0.45531	750	-1.127516	-37.401843		
27	0.439877	750	-1.062402	-38.464245		
28	0.424762	750	-1.092276	-39.556522		
29	0.409963	750	-1.07602	-40.632541		
30	0.395478	750	-1.043198	-41.675739		
31	0.381305	750	-1.031956	-42.707695		
32	0.36744	750	-0.951344	-43.659038		
33	0.353883	750	-0.986312	-44.645351		
34	0.34063	750	-0.963776	-45.609127		
35	0.32768	750	-0.924363	-46.53349		
36	0.31503	750	-0.930304	-47.463794		
37	0.302677	750	-0.893738	-48.357532		
38	0.290619	750	-0.886418	-49.24395		
39	0.278855	750	-0.843072	-50.087022		
40	0.267381	750	-0.843775	-50.930797		
41	0.256195	750	-0.817109	-51.747906		
42	0.245294	750	-0.784772	-52.532678		
43	0.234677	750	-0.804723	-53.337401		
44	0.22434	750	-0.777413	-54.114814		
45	0.214281	750	-0.75578	-54.870594		
46	0.204498	750	-0.755814	-55.626408		
47	0.194988	750	-0.730984	-56.357392		
48	0.185749	750	-0.69148	-57.048872		
49	0.176777	750	-0.679703	-57.728575		
50	0.16807	750	-0.671852	-58.400427		
51	0.159626	750	-0.646233	-59.04666		
52	0.151441	750	-0.63417	-59.68083		
53	0.143514	750	-0.601867	-60.282696		
54	0.135841	750	-0.60389	-60.886586		
55	0.12842	750	-0.590245	-61.476831		
56	0.121247	750	-0.582277	-62.059108		
57	0.11432	750	-0.545666	-62.604775		
58	0.107637	750	-0.528494	-63.133269		
59	0.101193	750	-0.520635	-63.653903		
60	0.094986	750	-0.520967	-64.174871		
61	0.089014	750	-0.484876	-64.659747		
62	0.083273	750	-0.481928	-65.141675		
63	0.07776	750	-0.459453	-65.601127		
64	0.072472	750	-0.473073	-66.0742		
65	0.067406	750	-0.430516	-66.504716		
66	0.062558	750	-0.408915	-66.913631		
67	0.057926	750	-0.392498	-67.306129		
68	0.053506	750	-0.384412	-67.690541		
69	0.049295	750	-0.364161	-68.054702		
70	0.045289	750	-0.37125	-68.425952		
71	0.041485	750	-0.328303	-68.754254		
72	0.03788	750	-0.317535	-69.071789		
73	0.034469	750	-0.324738	-69.396527		
74	0.03125	750	-0.301769	-69.698296		
75	0.028218	750	-0.284847	-69.983143		
76	0.02537	750	-0.277775	-70.260918		
77	0.022702	750	-0.250556	-70.511474		
78	0.020209	750	-0.242349	-70.753822		
79	0.017889	750	-0.218387	-70.972209		
80	0.015736	750	-0.208347	-71.180556		
81	0.013746	750	-0.186603	-71.367159		
82	0.011916	750	-0.180688	-71.547847		
83	0.01024	750	-0.167648	-71.715495		
84	0.008714	750	-0.153531	-71.869026		
85	0.007334	750	-0.141816	-72.010841		
86	0.006093	750	-0.131145	-72.141987		
87	0.004988	750	-0.106592	-72.248579		
88	0.004013	750	-0.103549	-72.352129		
89	0.003162	750	-0.085602	-72.437731		
90	0.00243	750	-0.075817	-72.513548		
91	0.00181	750	-0.070814	-72.584362		
92	0.001296	750	-0.058879	-72.64324		
93	0.000882	750	-0.045507	-72.688747		
94	0.000559	750	-0.033654	-72.7224		
95	0.00032	750	-0.023846	-72.746246		
96	0.000156	750	-0.016942	-72.763189		
97	0.000057	750	-0.010305	-72.773493		
98	0.00001	750	-0.005072	-72.778566		
99	0	750	-0.001034	-72.7796		
Log marginal likelihood:	-72.7796					
0	0.975187	750	-1.569981	-1.569981		
1	0.950747	750	-1.604793	-3.174774		
2	0.926679	750	-1.536471	-4.711245		
3	0.90298	750	-1.537197	-6.248441		
4	0.879648	750	-1.512818	-7.761259		
5	0.856682	750	-1.502854	-9.264114		
6	0.834079	750	-1.464548	-10.728662		
7	0.811838	750	-1.463393	-12.192056		
8	0.789957	750	-1.441192	-13.633247		
9	0.768433	750	-1.413148	-15.046396		
10	0.747266	750	-1.394991	-16.441387		
11	0.726452	750	-1.382303	-17.82369		
12	0.705989	750	-1.340455	-19.164145		
13	0.685877	750	-1.31739	-20.481535		
14	0.666112	750	-1.362802	-21.844337		
15	0.646693	750	-1.337222	-23.181559		
16	0.627618	750	-1.268176	-24.449735		
17	0.608884	750	-1.281702	-25.731437		
18	0.59049	750	-1.278319	-27.009756		
19	0.572433	750	-1.234455	-28.244211		
20	0.554712	750	-1.220072	-29.464283		
21	0.537324	750	-1.172758	-30.63704		
22	0.520268	750	-1.180539	-31.81758		
23	0.50354	750	-1.168219	-32.985799		
24	0.487139	750	-1.195396	-34.181195		
25	0.471063	750	-1.117063	-35.298258		
26	0.45531	750	-1.113399	-36.411657		
27	0.439877	750	-1.065423	-37.47708		
28	0.424762	750	-1.089668	-38.566747		
29	0.409963	750	-1.058	-39.624747		
30	0.395478	750	-1.029063	-40.65381		
31	0.381305	750	-1.018754	-41.672564		
32	0.36744	750	-0.979282	-42.651846		
33	0.353883	750	-0.97151	-43.623356		
34	0.34063	750	-0.943564	-44.56692		
35	0.32768	750	-0.941223	-45.508142		
36	0.31503	750	-0.923248	-46.43139		
37	0.302677	750	-0.884817	-47.316207		
38	0.290619	750	-0.859693	-48.1759		
39	0.278855	750	-0.868177	-49.044077		
40	0.267381	750	-0.848116	-49.892194		
41	0.256195	750	-0.820245	-50.712438		
42	0.245294	750	-0.809667	-51.522105		
43	0.234677	750	-0.800233	-52.322338		
44	0.22434	750	-0.788157	-53.110495		
45	0.214281	750	-0.749992	-53.860487		
46	0.204498	750	-0.728116	-54.588603		
47	0.194988	750	-0.737021	-55.325624		
48	0.185749	750	-0.70036	-56.025984		
49	0.176777	750	-0.696679	-56.722663		
50	0.16807	750	-0.64634	-57.369003		
51	0.159626	750	-0.658608	-58.027611		
52	0.151441	750	-0.612848	-58.640459		
53	0.143514	750	-0.596198	-59.236657		
54	0.135841	750	-0.591058	-59.827715		
55	0.12842	750	-0.602778	-60.430493		
56	0.121247	750	-0.575719	-61.006212		
57	0.11432	750	-0.560281	-61.566493		
58	0.107637	750	-0.551815	-62.118308		
59	0.101193	750	-0.515179	-62.633487		
60	0.094986	750	-0.518601	-63.152088		
61	0.089014	750	-0.509971	-63.662058		
62	0.083273	750	-0.475935	-64.137993		
63	0.07776	750	-0.47827	-64.616263		
64	0.072472	750	-0.442856	-65.059119		
65	0.067406	750	-0.454426	-65.513545		
66	0.062558	750	-0.41265	-65.926195		
67	0.057926	750	-0.405303	-66.331498		
68	0.053506	750	-0.382895	-66.714393		
69	0.049295	750	-0.371947	-67.08634		
70	0.045289	750	-0.3489	-67.43524		
71	0.041485	750	-0.337388	-67.772628		
72	0.03788	750	-0.355762	-68.12839		
73	0.034469	750	-0.313907	-68.442297		
74	0.03125	750	-0.308432	-68.750728		
75	0.028218	750	-0.302039	-69.052767		
76	0.02537	750	-0.26178	-69.314547		
77	0.022702	750	-0.238793	-69.55334		
78	0.020209	750	-0.23756	-69.7909		
79	0.017889	750	-0.215766	-70.006665		
80	0.015736	750	-0.212474	-70.21914		
81	0.013746	750	-0.221929	-70.441069		
82	0.011916	750	-0.192816	-70.633885		
83	0.01024	750	-0.168847	-70.802732		
84	0.008714	750	-0.168406	-70.971138		
85	0.007334	750	-0.145666	-71.116804		
86	0.006093	750	-0.127308	-71.244112		
87	0.004988	750	-0.118496	-71.362608		
88	0.004013	750	-0.100438	-71.463045		
89	0.003162	750	-0.091319	-71.554365		
90	0.00243	750	-0.073783	-71.628148		
91	0.00181	750	-0.059248	-71.687396		
92	0.001296	750	-0.052057	-71.739453		
93	0.000882	750	-0.048094	-71.787547		
94	0.000559	750	-0.036252	-71.823799		
95	0.00032	750	-0.027904	-71.851703		
96	0.000156	750	-0.016628	-71.86833		
97	0.000057	750	-0.010997	-71.879327		
98	0.00001	750	-0.006107	-71.885434		
99	0	750	-0.001076	-71.88651		
Log marginal likelihood:	-71.88651					
0	0.975187	750	-1.740671	-1.740671		
1	0.950747	750	-1.719461	-3.460132		
2	0.926679	750	-1.651064	-5.111196		
3	0.90298	750	-1.664794	-6.775989		
4	0.879648	750	-1.567404	-8.343393		
5	0.856682	750	-1.556609	-9.900002		
6	0.834079	750	-1.56892	-11.468922		
7	0.811838	750	-1.547932	-13.016854		
8	0.789957	750	-1.562348	-14.579202		
9	0.768433	750	-1.498224	-16.077425		
10	0.747266	750	-1.483045	-17.56047		
11	0.726452	750	-1.482735	-19.043206		
12	0.705989	750	-1.451406	-20.494611		
13	0.685877	750	-1.419228	-21.913839		
14	0.666112	750	-1.418204	-23.332043		
15	0.646693	750	-1.379553	-24.711597		
16	0.627618	750	-1.332612	-26.044209		
17	0.608884	750	-1.289022	-27.333231		
18	0.59049	750	-1.300159	-28.63339		
19	0.572433	750	-1.240418	-29.873807		
20	0.554712	750	-1.257578	-31.131386		
21	0.537324	750	-1.259896	-32.391281		
22	0.520268	750	-1.211143	-33.602425		
23	0.50354	750	-1.19298	-34.795404		
24	0.487139	750	-1.202657	-35.998061		
25	0.471063	750	-1.150338	-37.148399		
26	0.45531	750	-1.147696	-38.296094		
27	0.439877	750	-1.11297	-39.409064		
28	0.424762	750	-1.093648	-40.502712		
29	0.409963	750	-1.062089	-41.564801		
30	0.395478	750	-1.056062	-42.620863		
31	0.381305	750	-1.036658	-43.657522		
32	0.36744	750	-1.017661	-44.675183		
33	0.353883	750	-0.980158	-45.65534		
34	0.34063	750	-0.958631	-46.613972		
35	0.32768	750	-0.952173	-47.566144		
36	0.31503	750	-0.920948	-48.487092		
37	0.302677	750	-0.905339	-49.392431		
38	0.290619	750	-0.894373	-50.286804		
39	0.278855	750	-0.866979	-51.153783		
40	0.267381	750	-0.862489	-52.016272		
41	0.256195	750	-0.817346	-52.833618		
42	0.245294	750	-0.812422	-53.646041		
43	0.234677	750	-0.800384	-54.446425		
44	0.22434	750	-0.773957	-55.220382		
45	0.214281	750	-0.759415	-55.979797		
46	0.204498	750	-0.740946	-56.720742		
47	0.194988	750	-0.7135	-57.434243		
48	0.185749	750	-0.699264	-58.133506		
49	0.176777	750	-0.66712	-58.800626		
50	0.16807	750	-0.663853	-59.464479		
51	0.159626	750	-0.656351	-60.12083		
52	0.151441	750	-0.624534	-60.745364		
53	0.143514	750	-0.620697	-61.36606		
54	0.135841	750	-0.605076	-61.971137		
55	0.12842	750	-0.571495	-62.542632		
56	0.121247	750	-0.584962	-63.127594		
57	0.11432	750	-0.559528	-63.687121		
58	0.107637	750	-0.51773	-64.204851		
59	0.101193	750	-0.512122	-64.716973		
60	0.094986	750	-0.530985	-65.247958		
61	0.089014	750	-0.478629	-65.726587		
62	0.083273	750	-0.490197	-66.216784		
63	0.07776	750	-0.467064	-66.683848		
64	0.072472	750	-0.45439	-67.138238		
65	0.067406	750	-0.438022	-67.57626		
66	0.062558	750	-0.407752	-67.984012		
67	0.057926	750	-0.383578	-68.367589		
68	0.053506	750	-0.372673	-68.740262		
69	0.049295	750	-0.393558	-69.13382		
70	0.045289	750	-0.340941	-69.474761		
71	0.041485	750	-0.347412	-69.822173		
72	0.03788	750	-0.32	-70.142174		
73	0.034469	750	-0.333785	-70.475959		
74	0.03125	750	-0.300508	-70.776467		
75	0.028218	750	-0.268445	-71.044913		
76	0.02537	750	-0.252239	-71.297152		
77	0.022702	750	-0.253078	-71.55023		
78	0.020209	750	-0.241612	-71.791842		
79	0.017889	750	-0.23599	-72.027831		
80	0.015736	750	-0.204768	-72.2326		
81	0.013746	750	-0.20656	-72.43916		
82	0.011916	750	-0.179185	-72.618345		
83	0.01024	750	-0.162065	-72.78041		
84	0.008714	750	-0.143499	-72.923909		
85	0.007334	750	-0.14338	-73.06729		
86	0.006093	750	-0.131399	-73.198688		
87	0.004988	750	-0.119541	-73.318229		
88	0.004013	750	-0.099659	-73.417888		
89	0.003162	750	-0.083596	-73.501484		
90	0.00243	750	-0.077141	-73.578625		
91	0.00181	750	-0.061454	-73.640079		
92	0.001296	750	-0.054738	-73.694817		
93	0.000882	750	-0.04105	-73.735866		
94	0.000559	750	-0.035014	-73.770881		
95	0.00032	750	-0.023618	-73.794499		
96	0.000156	750	-0.018259	-73.812757		
97	0.000057	750	-0.011034	-73.823792		
98	0.00001	750	-0.005186	-73.828978		
99	0	750	-0.001071	-73.830049		
Log marginal likelihood:	-73.830049					
0	0.975187	750	-1.581669	-1.581669		
1	0.950747	750	-1.580894	-3.162564		
2	0.926679	750	-1.586493	-4.749056		
3	0.90298	750	-1.52337	-6.272427		
4	0.879648	750	-1.538471	-7.810898		
5	0.856682	750	-1.493351	-9.304249		
6	0.834079	750	-1.493524	-10.797773		
7	0.811838	750	-1.478443	-12.276215		
8	0.789957	750	-1.490132	-13.766347		
9	0.768433	750	-1.487079	-15.253427		
10	0.747266	750	-1.445487	-16.698914		
11	0.726452	750	-1.397012	-18.095926		
12	0.705989	750	-1.343478	-19.439404		
13	0.685877	750	-1.355794	-20.795197		
14	0.666112	750	-1.359001	-22.154198		
15	0.646693	750	-1.353105	-23.507303		
16	0.627618	750	-1.321425	-24.828728		
17	0.608884	750	-1.315501	-26.144229		
18	0.59049	750	-1.288897	-27.433125		
19	0.572433	750	-1.241062	-28.674187		
20	0.554712	750	-1.223245	-29.897432		
21	0.537324	750	-1.235829	-31.133261		
22	0.520268	750	-1.221111	-32.354372		
23	0.50354	750	-1.156088	-33.51046		
24	0.487139	750	-1.112174	-34.622635		
25	0.471063	750	-1.122998	-35.745632		
26	0.45531	750	-1.111769	-36.857401		
27	0.439877	750	-1.104744	-37.962145		
28	0.424762	750	-1.084593	-39.046738		
29	0.409963	750	-1.068175	-40.114913		
30	0.395478	750	-1.036186	-41.1511		
31	0.381305	750	-1.010337	-42.161436		
32	0.36744	750	-0.998676	-43.160113		
33	0.353883	750	-0.978088	-44.138201		
34	0.34063	750	-0.952384	-45.090584		
35	0.32768	750	-0.936306	-46.026891		
36	0.31503	750	-0.917335	-46.944226		
37	0.302677	750	-0.918242	-47.862467		
38	0.290619	750	-0.912954	-48.775422		
39	0.278855	750	-0.873749	-49.649171		
40	0.267381	750	-0.82107	-50.470241		
41	0.256195	750	-0.81182	-51.282061		
42	0.245294	750	-0.81408	-52.096141		
43	0.234677	750	-0.802772	-52.898912		
44	0.22434	750	-0.782442	-53.681355		
45	0.214281	750	-0.749945	-54.4313		
46	0.204498	750	-0.766694	-55.197993		
47	0.194988	750	-0.743409	-55.941402		
48	0.185749	750	-0.703185	-56.644587		
49	0.176777	750	-0.681699	-57.326286		
50	0.16807	750	-0.686581	-58.012866		
51	0.159626	750	-0.649762	-58.662629		
52	0.151441	750	-0.658325	-59.320953		
53	0.143514	750	-0.618576	-59.93953		
54	0.135841	750	-0.589521	-60.52905		
55	0.12842	750	-0.599647	-61.128697		
56	0.121247	750	-0.54668	-61.675377		
57	0.11432	750	-0.55931	-62.234687		
58	0.107637	750	-0.52974	-62.764427		
59	0.101193	750	-0.527465	-63.291892		
60	0.094986	750	-0.535473	-63.827365		
61	0.089014	750	-0.489786	-64.317151		
62	0.083273	750	-0.45887	-64.776021		
63	0.07776	750	-0.459625	-65.235646		
64	0.072472	750	-0.447206	-65.682852		
65	0.067406	750	-0.436698	-66.11955		
66	0.062558	750	-0.420736	-66.540286		
67	0.057926	750	-0.39721	-66.937496		
68	0.053506	750	-0.395686	-67.333182		
69	0.049295	750	-0.36045	-67.693632		
70	0.045289	750	-0.352568	-68.0462		
71	0.041485	750	-0.357243	-68.403443		
72	0.03788	750	-0.335053	-68.738496		
73	0.034469	750	-0.348284	-69.086781		
74	0.03125	750	-0.296085	-69.382866		
75	0.028218	750	-0.297184	-69.68005		
76	0.02537	750	-0.261281	-69.941331		
77	0.022702	750	-0.268674	-70.210005		
78	0.020209	750	-0.225049	-70.435053		
79	0.017889	750	-0.23163	-70.666683		
80	0.015736	750	-0.195915	-70.862598		
81	0.013746	750	-0.212766	-71.075364		
82	0.011916	750	-0.201575	-71.27694		
83	0.01024	750	-0.160457	-71.437397		
84	0.008714	750	-0.156752	-71.594149		
85	0.007334	750	-0.149456	-71.743605		
86	0.006093	750	-0.129095	-71.8727		
87	0.004988	750	-0.107069	-71.979769		
88	0.004013	750	-0.104459	-72.084227		
89	0.003162	750	-0.098608	-72.182835		
90	0.00243	750	-0.076037	-72.258872		
91	0.00181	750	-0.071059	-72.329931		
92	0.001296	750	-0.057061	-72.386992		
93	0.000882	750	-0.043837	-72.430829		
94	0.000559	750	-0.034826	-72.465654		
95	0.00032	750	-0.026496	-72.492151		
96	0.000156	750	-0.017111	-72.509261		
97	0.000057	750	-0.011754	-72.521016		
98	0.00001	750	-0.005289	-72.526305		
99	0	750	-0.00113	-72.527435		
Log marginal likelihood:	-72.527435					
0	0.975187	750	-1.669592	-1.669592		
1	0.950747	750	-1.680696	-3.350288		
2	0.926679	750	-1.592455	-4.942742		
3	0.90298	750	-1.540609	-6.483351		
4	0.879648	750	-1.562391	-8.045742		
5	0.856682	750	-1.478333	-9.524075		
6	0.834079	750	-1.519786	-11.043861		
7	0.811838	750	-1.48589	-12.529751		
8	0.789957	750	-1.419881	-13.949632		
9	0.768433	750	-1.410021	-15.359653		
10	0.747266	750	-1.403503	-16.763156		
11	0.726452	750	-1.444251	-18.207407		
12	0.705989	750	-1.364715	-19.572121		
13	0.685877	750	-1.400141	-20.972262		
14	0.666112	750	-1.401334	-22.373596		
15	0.646693	750	-1.350235	-23.723831		
16	0.627618	750	-1.358597	-25.082428		
17	0.608884	750	-1.351551	-26.433979		
18	0.59049	750	-1.262684	-27.696663		
19	0.572433	750	-1.230693	-28.927356		
20	0.554712	750	-1.239229	-30.166585		
21	0.537324	750	-1.147471	-31.314056		
22	0.520268	750	-1.167287	-32.481343		
23	0.50354	750	-1.188172	-33.669515		
24	0.487139	750	-1.143071	-34.812585		
25	0.471063	750	-1.146398	-35.958984		
26	0.45531	750	-1.098752	-37.057736		
27	0.439877	750	-1.084963	-38.142699		
28	0.424762	750	-1.085628	-39.228326		
29	0.409963	750	-1.064921	-40.293248		
30	0.395478	750	-1.060133	-41.35338		
31	0.381305	750	-1.034989	-42.388369		
32	0.36744	750	-0.973628	-43.361998		
33	0.353883	750	-0.982295	-44.344293		
34	0.34063	750	-0.959858	-45.304151		
35	0.32768	750	-0.924277	-46.228428		
36	0.31503	750	-0.951737	-47.180165		
37	0.302677	750	-0.91011	-48.090276		
38	0.290619	750	-0.914251	-49.004527		
39	0.278855	750	-0.845463	-49.84999		
40	0.267381	750	-0.847498	-50.697489		
41	0.256195	750	-0.820186	-51.517675		
42	0.245294	750	-0.810266	-52.32794		
43	0.234677	750	-0.809541	-53.137481		
44	0.22434	750	-0.779221	-53.916702		
45	0.214281	750	-0.760405	-54.677107		
46	0.204498	750	-0.741272	-55.418379		
47	0.194988	750	-0.711539	-56.129918		
48	0.185749	750	-0.710669	-56.840587		
49	0.176777	750	-0.696847	-57.537435		
50	0.16807	750	-0.659807	-58.197242		
51	0.159626	750	-0.674322	-58.871563		
52	0.151441	750	-0.641572	-59.513136		
53	0.143514	750	-0.623769	-60.136905		
54	0.135841	750	-0.604002	-60.740907		
55	0.12842	750	-0.587872	-61.328778		
56	0.121247	750	-0.561417	-61.890195		
57	0.11432	750	-0.540103	-62.430298		
58	0.107637	750	-0.545183	-62.975481		
59	0.101193	750	-0.531774	-63.507256		
60	0.094986	750	-0.502879	-64.010135		
61	0.089014	750	-0.479865	-64.489999		
62	0.083273	750	-0.485884	-64.975884		
63	0.07776	750	-0.467187	-65.443071		
64	0.072472	750	-0.449707	-65.892778		
65	0.067406	750	-0.433449	-66.326227		
66	0.062558	750	-0.41825	-66.744477		
67	0.057926	750	-0.414969	-67.159446		
68	0.053506	750	-0.394397	-67.553843		
69	0.049295	750	-0.373797	-67.92764		
70	0.045289	750	-0.365578	-68.293218		
71	0.041485	750	-0.331282	-68.624499		
72	0.03788	750	-0.338347	-68.962847		
73	0.034469	750	-0.337311	-69.300158		
74	0.03125	750	-0.305825	-69.605982		
75	0.028218	750	-0.268752	-69.874735		
76	0.02537	750	-0.255913	-70.130647		
77	0.022702	750	-0.262288	-70.392935		
78	0.020209	750	-0.244003	-70.636938		
79	0.017889	750	-0.223921	-70.860859		
80	0.015736	750	-0.225553	-71.086412		
81	0.013746	750	-0.212291	-71.298703		
82	0.011916	750	-0.192811	-71.491514		
83	0.01024	750	-0.165591	-71.657104		
84	0.008714	750	-0.143477	-71.800581		
85	0.007334	750	-0.154698	-71.955279		
86	0.006093	750	-0.130556	-72.085835		
87	0.004988	750	-0.123993	-72.209828		
88	0.004013	750	-0.105482	-72.315311		
89	0.003162	750	-0.089726	-72.405037		
90	0.00243	750	-0.079181	-72.484218		
91	0.00181	750	-0.06378	-72.547998		
92	0.001296	750	-0.051352	-72.599351		
93	0.000882	750	-0.045965	-72.645316		
94	0.000559	750	-0.033045	-72.678361		
95	0.00032	750	-0.027836	-72.706197		
96	0.000156	750	-0.019108	-72.725304		
97	0.000057	750	-0.010735	-72.736039		
98	0.00001	750	-0.004934	-72.740974		
99	0	750	-0.001066	-72.74204		
Log marginal likelihood:	-72.74204					
0	0.975187	750	-1.696169	-1.696169		
1	0.950747	750	-1.653573	-3.349742		
2	0.926679	750	-1.664352	-5.014093		
3	0.90298	750	-1.618906	-6.632999		
4	0.879648	750	-1.562826	-8.195825		
5	0.856682	750	-1.588461	-9.784286		
6	0.834079	750	-1.533381	-11.317667		
7	0.811838	750	-1.497572	-12.815238		
8	0.789957	750	-1.496436	-14.311674		
9	0.768433	750	-1.441649	-15.753324		
10	0.747266	750	-1.454761	-17.208085		
11	0.726452	750	-1.452984	-18.661069		
12	0.705989	750	-1.421472	-20.082541		
13	0.685877	750	-1.363511	-21.446053		
14	0.666112	750	-1.371955	-22.818008		
15	0.646693	750	-1.392937	-24.210945		
16	0.627618	750	-1.37114	-25.582085		
17	0.608884	750	-1.331628	-26.913713		
18	0.59049	750	-1.292482	-28.206195		
19	0.572433	750	-1.289831	-29.496026		
20	0.554712	750	-1.272924	-30.76895		
21	0.537324	750	-1.212121	-31.981071		
22	0.520268	750	-1.211803	-33.192873		
23	0.50354	750	-1.184454	-34.377327		
24	0.487139	750	-1.147101	-35.524428		
25	0.471063	750	-1.15394	-36.678368		
26	0.45531	750	-1.09937	-37.777738		
27	0.439877	750	-1.107708	-38.885446		
28	0.424762	750	-1.080496	-39.965942		
29	0.409963	750	-1.078432	-41.044373		
30	0.395478	750	-1.052813	-42.097186		
31	0.381305	750	-1.028545	-43.125732		
32	0.36744	750	-1.004638	-44.13037		
33	0.353883	750	-0.992965	-45.123335		
34	0.34063	750	-0.958732	-46.082067		
35	0.32768	750	-0.95028	-47.032347		
36	0.31503	750	-0.941937	-47.974284		
37	0.302677	750	-0.916668	-48.890953		
38	0.290619	750	-0.872945	-49.763898		
39	0.278855	750	-0.871493	-50.63539		
40	0.267381	750	-0.852598	-51.487988		
41	0.256195	750	-0.837033	-52.325021		
42	0.245294	750	-0.825902	-53.150923		
43	0.234677	750	-0.799322	-53.950246		
44	0.22434	750	-0.792518	-54.742764		
45	0.214281	750	-0.747132	-55.489896		
46	0.204498	750	-0.755806	-56.245702		
47	0.194988	750	-0.727387	-56.97309		
48	0.185749	750	-0.69401	-57.667099		
49	0.176777	750	-0.672543	-58.339642		
50	0.16807	750	-0.667408	-59.00705		
51	0.159626	750	-0.649773	-59.656823		
52	0.151441	750	-0.623642	-60.280465		
53	0.143514	750	-0.621878	-60.902343		
54	0.135841	750	-0.602913	-61.505256		
55	0.12842	750	-0.576788	-62.082044		
56	0.121247	750	-0.566772	-62.648816		
57	0.11432	750	-0.540958	-63.189774		
58	0.107637	750	-0.51833	-63.708104		
59	0.101193	750	-0.511632	-64.219736		
60	0.094986	750	-0.504997	-64.724733		
61	0.089014	750	-0.498891	-65.223624		
62	0.083273	750	-0.479445	-65.703069		
63	0.07776	750	-0.464453	-66.167522		
64	0.072472	750	-0.441144	-66.608666		
65	0.067406	750	-0.409096	-67.017762		
66	0.062558	750	-0.411267	-67.429029		
67	0.057926	750	-0.406445	-67.835474		
68	0.053506	750	-0.380536	-68.21601		
69	0.049295	750	-0.36597	-68.581979		
70	0.045289	750	-0.361715	-68.943694		
71	0.041485	750	-0.326652	-69.270346		
72	0.03788	750	-0.315581	-69.585928		
73	0.034469	750	-0.298103	-69.88403		
74	0.03125	750	-0.305901	-70.189931		
75	0.028218	750	-0.283388	-70.473319		
76	0.02537	750	-0.262035	-70.735354		
77	0.022702	750	-0.249958	-70.985313		
78	0.020209	750	-0.250176	-71.235488		
79	0.017889	750	-0.230199	-71.465687		
80	0.015736	750	-0.209631	-71.675318		
81	0.013746	750	-0.193656	-71.868975		
82	0.011916	750	-0.197308	-72.066283		
83	0.01024	750	-0.174083	-72.240366		
84	0.008714	750	-0.156135	-72.396501		
85	0.007334	750	-0.135246	-72.531747		
86	0.006093	750	-0.123923	-72.65567		
87	0.004988	750	-0.107177	-72.762847		
88	0.004013	750	-0.096152	-72.858999		
89	0.003162	750	-0.083248	-72.942247		
90	0.00243	750	-0.074721	-73.016968		
91	0.00181	750	-0.060347	-73.077315		
92	0.001296	750	-0.056899	-73.134214		
93	0.000882	750	-0.042524	-73.176738		
94	0.000559	750	-0.037072	-73.213811		
95	0.00032	750	-0.025388	-73.239198		
96	0.000156	750	-0.016754	-73.255953		
97	0.000057	750	-0.009705	-73.265658		
98	0.00001	750	-0.004909	-73.270567		
99	0	750	-0.001032	-73.271598		
Log marginal likelihood:	-73.271598					
0	0.975187	750	-1.799998	-1.799998		
1	0.950747	750	-1.784252	-3.584249		
2	0.926679	750	-1.721048	-5.305297		
3	0.90298	750	-1.725495	-7.030792		
4	0.879648	750	-1.758783	-8.789575		
5	0.856682	750	-1.647892	-10.437467		
6	0.834079	750	-1.669124	-12.106591		
7	0.811838	750	-1.615902	-13.722493		
8	0.789957	750	-1.605158	-15.327651		
9	0.768433	750	-1.554142	-16.881793		
10	0.747266	750	-1.57919	-18.460983		
11	0.726452	750	-1.523365	-19.984347		
12	0.705989	750	-1.496626	-21.480973		
13	0.685877	750	-1.451719	-22.932692		
14	0.666112	750	-1.463407	-24.396099		
15	0.646693	750	-1.474697	-25.870796		
16	0.627618	750	-1.424753	-27.295548		
17	0.608884	750	-1.397967	-28.693515		
18	0.59049	750	-1.369835	-30.06335		
19	0.572433	750	-1.383696	-31.447046		
20	0.554712	750	-1.356622	-32.803668		
21	0.537324	750	-1.32625	-34.129918		
22	0.520268	750	-1.291025	-35.420943		
23	0.50354	750	-1.247252	-36.668195		
24	0.487139	750	-1.225547	-37.893742		
25	0.471063	750	-1.225125	-39.118867		
26	0.45531	750	-1.218416	-40.337283		
27	0.439877	750	-1.15727	-41.494554		
28	0.424762	750	-1.160246	-42.6548		
29	0.409963	750	-1.137356	-43.792156		
30	0.395478	750	-1.129426	-44.921582		
31	0.381305	750	-1.103146	-46.024728		
32	0.36744	750	-1.075775	-47.100503		
33	0.353883	750	-1.053238	-48.153741		
34	0.34063	750	-1.040123	-49.193864		
35	0.32768	750	-1.022169	-50.216033		
36	0.31503	750	-0.986397	-51.202429		
37	0.302677	750	-0.957348	-52.159777		
38	0.290619	750	-0.94587	-53.105647		
39	0.278855	750	-0.936463	-54.04211		
40	0.267381	750	-0.917915	-54.960024		
41	0.256195	750	-0.87715	-55.837174		
42	0.245294	750	-0.865177	-56.702351		
43	0.234677	750	-0.843408	-57.545759		
44	0.22434	750	-0.839731	-58.38549		
45	0.214281	750	-0.80301	-59.188499		
46	0.204498	750	-0.797966	-59.986465		
47	0.194988	750	-0.772089	-60.758554		
48	0.185749	750	-0.769188	-61.527742		
49	0.176777	750	-0.723847	-62.251589		
50	0.16807	750	-0.736722	-62.988311		
51	0.159626	750	-0.696479	-63.684791		
52	0.151441	750	-0.684363	-64.369154		
53	0.143514	750	-0.649029	-65.018183		
54	0.135841	750	-0.648353	-65.666536		
55	0.12842	750	-0.620821	-66.287357		
56	0.121247	750	-0.588346	-66.875703		
57	0.11432	750	-0.576489	-67.452192		
58	0.107637	750	-0.570252	-68.022444		
59	0.101193	750	-0.560894	-68.583337		
60	0.094986	750	-0.532941	-69.116279		
61	0.089014	750	-0.520572	-69.636851		
62	0.083273	750	-0.500939	-70.13779		
63	0.07776	750	-0.479336	-70.617126		
64	0.072472	750	-0.464003	-71.08113		
65	0.067406	750	-0.47753	-71.55866		
66	0.062558	750	-0.424969	-71.98363		
67	0.057926	750	-0.414492	-72.398121		
68	0.053506	750	-0.417934	-72.816055		
69	0.049295	750	-0.405098	-73.221153		
70	0.045289	750	-0.386676	-73.607829		
71	0.041485	750	-0.349181	-73.95701		
72	0.03788	750	-0.339199	-74.296209		
73	0.034469	750	-0.322547	-74.618755		
74	0.03125	750	-0.304521	-74.923277		
75	0.028218	750	-0.31263	-75.235907		
76	0.02537	750	-0.272232	-75.508139		
77	0.022702	750	-0.26847	-75.776609		
78	0.020209	750	-0.247814	-76.024424		
79	0.017889	750	-0.228646	-76.253069		
80	0.015736	750	-0.227954	-76.481023		
81	0.013746	750	-0.233089	-76.714112		
82	0.011916	750	-0.187345	-76.901457		
83	0.01024	750	-0.174471	-77.075928		
84	0.008714	750	-0.154695	-77.230623		
85	0.007334	750	-0.136081	-77.366704		
86	0.006093	750	-0.138251	-77.504955		
87	0.004988	750	-0.118101	-77.623056		
88	0.004013	750	-0.099835	-77.722892		
89	0.003162	750	-0.088089	-77.81098		
90	0.00243	750	-0.083924	-77.894904		
91	0.00181	750	-0.071519	-77.966424		
92	0.001296	750	-0.060824	-78.027248		
93	0.000882	750	-0.04683	-78.074077		
94	0.000559	750	-0.037785	-78.111863		
95	0.00032	750	-0.027753	-78.139616		
96	0.000156	750	-0.020081	-78.159697		
97	0.000057	750	-0.010662	-78.170359		
98	0.00001	750	-0.005258	-78.175617		
99	0	750	-0.001053	-78.17667		
Log marginal likelihood:	-78.17667					
0	0.975187	750	-1.509173	-1.509173		
1	0.950747	750	-1.45715	-2.966323		
2	0.926679	750	-1.4755	-4.441823		
3	0.90298	750	-1.50581	-5.947633		
4	0.879648	750	-1.423741	-7.371374		
5	0.856682	750	-1.492171	-8.863545		
6	0.834079	750	-1.375563	-10.239108		
7	0.811838	750	-1.420655	-11.659762		
8	0.789957	750	-1.355104	-13.014866		
9	0.768433	750	-1.386108	-14.400974		
10	0.747266	750	-1.343321	-15.744295		
11	0.726452	750	-1.340996	-17.08529		
12	0.705989	750	-1.323165	-18.408455		
13	0.685877	750	-1.292706	-19.701162		
14	0.666112	750	-1.231946	-20.933108		
15	0.646693	750	-1.253236	-22.186344		
16	0.627618	750	-1.296149	-23.482493		
17	0.608884	750	-1.191653	-24.674146		
18	0.59049	750	-1.260192	-25.934338		
19	0.572433	750	-1.185138	-27.119476		
20	0.554712	750	-1.182045	-28.301521		
21	0.537324	750	-1.176673	-29.478194		
22	0.520268	750	-1.185323	-30.663517		
23	0.50354	750	-1.093986	-31.757503		
24	0.487139	750	-1.180727	-32.93823		
25	0.471063	750	-1.073274	-34.011504		
26	0.45531	750	-1.087042	-35.098546		
27	0.439877	750	-1.069665	-36.168211		
28	0.424762	750	-1.062087	-37.230298		
29	0.409963	750	-1.048835	-38.279133		
30	0.395478	750	-1.0256	-39.304733		
31	0.381305	750	-1.006431	-40.311164		
32	0.36744	750	-1.002297	-41.313461		
33	0.353883	750	-0.967526	-42.280987		
34	0.34063	750	-0.949984	-43.230971		
35	0.32768	750	-0.925879	-44.156851		
36	0.31503	750	-0.918122	-45.074972		
37	0.302677	750	-0.902608	-45.977581		
38	0.290619	750	-0.867384	-46.844965		
39	0.278855	750	-0.85965	-47.704614		
40	0.267381	750	-0.816972	-48.521586		
41	0.256195	750	-0.809838	-49.331425		
42	0.245294	750	-0.816326	-50.147751		
43	0.234677	750	-0.754824	-50.902574		
44	0.22434	750	-0.758944	-51.661518		
45	0.214281	750	-0.753156	-52.414674		
46	0.204498	750	-0.730728	-53.145403		
47	0.194988	750	-0.722328	-53.867731		
48	0.185749	750	-0.698744	-54.566475		
49	0.176777	750	-0.667751	-55.234226		
50	0.16807	750	-0.667036	-55.901262		
51	0.159626	750	-0.654757	-56.556019		
52	0.151441	750	-0.641732	-57.19775		
53	0.143514	750	-0.610665	-57.808415		
54	0.135841	750	-0.597749	-58.406164		
55	0.12842	750	-0.5852	-58.991364		
56	0.121247	750	-0.558005	-59.549368		
57	0.11432	750	-0.560642	-60.110011		
58	0.107637	750	-0.541577	-60.651588		
59	0.101193	750	-0.516989	-61.168577		
60	0.094986	750	-0.496396	-61.664973		
61	0.089014	750	-0.489838	-62.15481		
62	0.083273	750	-0.487573	-62.642384		
63	0.07776	750	-0.459884	-63.102268		
64	0.072472	750	-0.443971	-63.546239		
65	0.067406	750	-0.426315	-63.972554		
66	0.062558	750	-0.405448	-64.378002		
67	0.057926	750	-0.396719	-64.77472		
68	0.053506	750	-0.393409	-65.168129		
69	0.049295	750	-0.360411	-65.52854		
70	0.045289	750	-0.358595	-65.887136		
71	0.041485	750	-0.353732	-66.240867		
72	0.03788	750	-0.318181	-66.559048		
73	0.034469	750	-0.313455	-66.872503		
74	0.03125	750	-0.303764	-67.176267		
75	0.028218	750	-0.292336	-67.468602		
76	0.02537	750	-0.279076	-67.747679		
77	0.022702	750	-0.248961	-67.996639		
78	0.020209	750	-0.228795	-68.225435		
79	0.017889	750	-0.226767	-68.452202		
80	0.015736	750	-0.214369	-68.666571		
81	0.013746	750	-0.19273	-68.8593		
82	0.011916	750	-0.176276	-69.035576		
83	0.01024	750	-0.173389	-69.208965		
84	0.008714	750	-0.157069	-69.366034		
85	0.007334	750	-0.149706	-69.51574		
86	0.006093	750	-0.126509	-69.642249		
87	0.004988	750	-0.105403	-69.747652		
88	0.004013	750	-0.098369	-69.846021		
89	0.003162	750	-0.076476	-69.922497		
90	0.00243	750	-0.071661	-69.994158		
91	0.00181	750	-0.062661	-70.056819		
92	0.001296	750	-0.05216	-70.108979		
93	0.000882	750	-0.042146	-70.151125		
94	0.000559	750	-0.032076	-70.1832		
95	0.00032	750	-0.028218	-70.211418		
96	0.000156	750	-0.017107	-70.228526		
97	0.000057	750	-0.010263	-70.238789		
98	0.00001	750	-0.004975	-70.243764		
99	0	750	-0.001021	-70.244784		
Log marginal likelihood:	-70.244784					
0	0.975187	750	-1.707404	-1.707404		
1	0.950747	750	-1.693288	-3.400692		
2	0.926679	750	-1.699994	-5.100686		
3	0.90298	750	-1.612618	-6.713304		
4	0.879648	750	-1.605388	-8.318693		
5	0.856682	750	-1.617046	-9.935739		
6	0.834079	750	-1.608163	-11.543902		
7	0.811838	750	-1.590512	-13.134415		
8	0.789957	750	-1.522339	-14.656754		
9	0.768433	750	-1.506972	-16.163726		
10	0.747266	750	-1.469327	-17.633053		
11	0.726452	750	-1.461057	-19.09411		
12	0.705989	750	-1.429755	-20.523865		
13	0.685877	750	-1.420641	-21.944507		
14	0.666112	750	-1.394773	-23.33928		
15	0.646693	750	-1.40677	-24.746049		
16	0.627618	750	-1.333165	-26.079215		
17	0.608884	750	-1.369501	-27.448716		
18	0.59049	750	-1.333006	-28.781722		
19	0.572433	750	-1.275768	-30.05749		
20	0.554712	750	-1.27523	-31.332719		
21	0.537324	750	-1.253121	-32.585841		
22	0.520268	750	-1.20554	-33.791381		
23	0.50354	750	-1.196314	-34.987695		
24	0.487139	750	-1.16114	-36.148836		
25	0.471063	750	-1.155389	-37.304225		
26	0.45531	750	-1.124106	-38.428331		
27	0.439877	750	-1.131029	-39.559359		
28	0.424762	750	-1.088317	-40.647677		
29	0.409963	750	-1.086828	-41.734505		
30	0.395478	750	-1.056701	-42.791205		
31	0.381305	750	-1.034408	-43.825613		
32	0.36744	750	-0.999529	-44.825143		
33	0.353883	750	-0.991423	-45.816565		
34	0.34063	750	-0.955411	-46.771977		
35	0.32768	750	-0.957132	-47.729109		
36	0.31503	750	-0.916724	-48.645834		
37	0.302677	750	-0.911708	-49.557541		
38	0.290619	750	-0.912372	-50.469913		
39	0.278855	750	-0.873575	-51.343489		
40	0.267381	750	-0.869765	-52.213253		
41	0.256195	750	-0.85331	-53.066563		
42	0.245294	750	-0.817134	-53.883697		
43	0.234677	750	-0.801379	-54.685076		
44	0.22434	750	-0.781938	-55.467014		
45	0.214281	750	-0.763724	-56.230738		
46	0.204498	750	-0.74742	-56.978157		
47	0.194988	750	-0.72913	-57.707288		
48	0.185749	750	-0.708742	-58.41603		
49	0.176777	750	-0.686246	-59.102276		
50	0.16807	750	-0.681012	-59.783288		
51	0.159626	750	-0.659739	-60.443027		
52	0.151441	750	-0.643962	-61.086989		
53	0.143514	750	-0.622893	-61.709883		
54	0.135841	750	-0.614578	-62.324461		
55	0.12842	750	-0.594487	-62.918948		
56	0.121247	750	-0.568556	-63.487504		
57	0.11432	750	-0.550937	-64.03844		
58	0.107637	750	-0.543136	-64.581576		
59	0.101193	750	-0.521626	-65.103202		
60	0.094986	750	-0.524331	-65.627533		
61	0.089014	750	-0.512144	-66.139677		
62	0.083273	750	-0.468714	-66.608391		
63	0.07776	750	-0.47641	-67.084802		
64	0.072472	750	-0.46049	-67.545291		
65	0.067406	750	-0.45758	-68.002871		
66	0.062558	750	-0.419787	-68.422658		
67	0.057926	750	-0.412437	-68.835095		
68	0.053506	750	-0.405538	-69.240633		
69	0.049295	750	-0.369985	-69.610618		
70	0.045289	750	-0.349929	-69.960547		
71	0.041485	750	-0.339523	-70.30007		
72	0.03788	750	-0.338137	-70.638207		
73	0.034469	750	-0.309135	-70.947342		
74	0.03125	750	-0.340076	-71.287418		
75	0.028218	750	-0.272234	-71.559652		
76	0.02537	750	-0.283623	-71.843276		
77	0.022702	750	-0.260368	-72.103643		
78	0.020209	750	-0.26753	-72.371174		
79	0.017889	750	-0.23683	-72.608004		
80	0.015736	750	-0.200216	-72.80822		
81	0.013746	750	-0.194484	-73.002704		
82	0.011916	750	-0.191107	-73.193811		
83	0.01024	750	-0.174899	-73.36871		
84	0.008714	750	-0.151937	-73.520647		
85	0.007334	750	-0.139984	-73.660631		
86	0.006093	750	-0.120368	-73.780999		
87	0.004988	750	-0.116786	-73.897785		
88	0.004013	750	-0.102543	-74.000327		
89	0.003162	750	-0.086853	-74.087181		
90	0.00243	750	-0.080051	-74.167231		
91	0.00181	750	-0.065273	-74.232504		
92	0.001296	750	-0.057402	-74.289906		
93	0.000882	750	-0.042583	-74.332489		
94	0.000559	750	-0.036354	-74.368843		
95	0.00032	750	-0.025353	-74.394196		
96	0.000156	750	-0.017591	-74.411787		
97	0.000057	750	-0.010999	-74.422786		
98	0.00001	750	-0.004593	-74.42738		
99	0	750	-0.001016	-74.428396		
Log marginal likelihood:	-74.428396					
0	0.975187	750	-1.558901	-1.558901		
1	0.950747	750	-1.632693	-3.191594		
2	0.926679	750	-1.450966	-4.64256		
3	0.90298	750	-1.458669	-6.101228		
4	0.879648	750	-1.473509	-7.574737		
5	0.856682	750	-1.406649	-8.981386		
6	0.834079	750	-1.441968	-10.423354		
7	0.811838	750	-1.345738	-11.769091		
8	0.789957	750	-1.326884	-13.095976		
9	0.768433	750	-1.405043	-14.501019		
10	0.747266	750	-1.444054	-15.945073		
11	0.726452	750	-1.366425	-17.311498		
12	0.705989	750	-1.277255	-18.588753		
13	0.685877	750	-1.314376	-19.903129		
14	0.666112	750	-1.333945	-21.237074		
15	0.646693	750	-1.357873	-22.594948		
16	0.627618	750	-1.274986	-23.869934		
17	0.608884	750	-1.265169	-25.135103		
18	0.59049	750	-1.278073	-26.413176		
19	0.572433	750	-1.229803	-27.642979		
20	0.554712	750	-1.236875	-28.879854		
21	0.537324	750	-1.145853	-30.025708		
22	0.520268	750	-1.170916	-31.196623		
23	0.50354	750	-1.179224	-32.375847		
24	0.487139	750	-1.063859	-33.439706		
25	0.471063	750	-1.070864	-34.51057		
26	0.45531	750	-1.120646	-35.631216		
27	0.439877	750	-1.07332	-36.704536		
28	0.424762	750	-1.0715	-37.776035		
29	0.409963	750	-1.01036	-38.786395		
30	0.395478	750	-1.018738	-39.805133		
31	0.381305	750	-0.99652	-40.801653		
32	0.36744	750	-1.002666	-41.804319		
33	0.353883	750	-0.966506	-42.770825		
34	0.34063	750	-0.939757	-43.710582		
35	0.32768	750	-0.955958	-44.66654		
36	0.31503	750	-0.892661	-45.5592		
37	0.302677	750	-0.896545	-46.455745		
38	0.290619	750	-0.88866	-47.344405		
39	0.278855	750	-0.857668	-48.202073		
40	0.267381	750	-0.837918	-49.039991		
41	0.256195	750	-0.817115	-49.857106		
42	0.245294	750	-0.816901	-50.674007		
43	0.234677	750	-0.783226	-51.457233		
44	0.22434	750	-0.769259	-52.226492		
45	0.214281	750	-0.760786	-52.987278		
46	0.204498	750	-0.738439	-53.725718		
47	0.194988	750	-0.709442	-54.435159		
48	0.185749	750	-0.732094	-55.167253		
49	0.176777	750	-0.687524	-55.854777		
50	0.16807	750	-0.651141	-56.505918		
51	0.159626	750	-0.649136	-57.155054		
52	0.151441	750	-0.635773	-57.790827		
53	0.143514	750	-0.631672	-58.422498		
54	0.135841	750	-0.60328	-59.025779		
55	0.12842	750	-0.592006	-59.617784		
56	0.121247	750	-0.563657	-60.181441		
57	0.11432	750	-0.567788	-60.749229		
58	0.107637	750	-0.542061	-61.29129		
59	0.101193	750	-0.510689	-61.801979		
60	0.094986	750	-0.506479	-62.308458		
61	0.089014	750	-0.512517	-62.820975		
62	0.083273	750	-0.4859	-63.306874		
63	0.07776	750	-0.463311	-63.770186		
64	0.072472	750	-0.436662	-64.206848		
65	0.067406	750	-0.430403	-64.637251		
66	0.062558	750	-0.427196	-65.064446		
67	0.057926	750	-0.400498	-65.464944		
68	0.053506	750	-0.393373	-65.858317		
69	0.049295	750	-0.385024	-66.243341		
70	0.045289	750	-0.353479	-66.59682		
71	0.041485	750	-0.348043	-66.944863		
72	0.03788	750	-0.331479	-67.276342		
73	0.034469	750	-0.305754	-67.582096		
74	0.03125	750	-0.290334	-67.87243		
75	0.028218	750	-0.289281	-68.161711		
76	0.02537	750	-0.278186	-68.439897		
77	0.022702	750	-0.241046	-68.680943		
78	0.020209	750	-0.251433	-68.932376		
79	0.017889	750	-0.230306	-69.162682		
80	0.015736	750	-0.215428	-69.37811		
81	0.013746	750	-0.208921	-69.587031		
82	0.011916	750	-0.199374	-69.786406		
83	0.01024	750	-0.172645	-69.959051		
84	0.008714	750	-0.152227	-70.111278		
85	0.007334	750	-0.140004	-70.251281		
86	0.006093	750	-0.123509	-70.374791		
87	0.004988	750	-0.114147	-70.488938		
88	0.004013	750	-0.098018	-70.586956		
89	0.003162	750	-0.087181	-70.674137		
90	0.00243	750	-0.088834	-70.762971		
91	0.00181	750	-0.067805	-70.830776		
92	0.001296	750	-0.060246	-70.891022		
93	0.000882	750	-0.046301	-70.937324		
94	0.000559	750	-0.037137	-70.97446		
95	0.00032	750	-0.024999	-70.99946		
96	0.000156	750	-0.018212	-71.017671		
97	0.000057	750	-0.009612	-71.027283		
98	0.00001	750	-0.00531	-71.032594		
99	0	750	-0.00114	-71.033733		
Log marginal likelihood:	-71.033733					
0	0.975187	750	-1.679715	-1.679715		
1	0.950747	750	-1.648817	-3.328532		
2	0.926679	750	-1.620262	-4.948794		
3	0.90298	750	-1.612986	-6.56178		
4	0.879648	750	-1.623072	-8.184852		
5	0.856682	750	-1.560497	-9.745349		
6	0.834079	750	-1.516381	-11.26173		
7	0.811838	750	-1.498583	-12.760313		
8	0.789957	750	-1.493728	-14.254041		
9	0.768433	750	-1.484724	-15.738766		
10	0.747266	750	-1.410266	-17.149032		
11	0.726452	750	-1.413615	-18.562647		
12	0.705989	750	-1.392617	-19.955264		
13	0.685877	750	-1.415332	-21.370596		
14	0.666112	750	-1.349757	-22.720353		
15	0.646693	750	-1.322385	-24.042737		
16	0.627618	750	-1.321082	-25.363819		
17	0.608884	750	-1.33281	-26.696629		
18	0.59049	750	-1.261597	-27.958226		
19	0.572433	750	-1.277393	-29.235619		
20	0.554712	750	-1.264315	-30.499934		
21	0.537324	750	-1.244633	-31.744567		
22	0.520268	750	-1.225136	-32.969702		
23	0.50354	750	-1.179815	-34.149517		
24	0.487139	750	-1.177925	-35.327442		
25	0.471063	750	-1.144043	-36.471484		
26	0.45531	750	-1.117409	-37.588894		
27	0.439877	750	-1.104689	-38.693582		
28	0.424762	750	-1.097375	-39.790957		
29	0.409963	750	-1.080408	-40.871366		
30	0.395478	750	-1.039062	-41.910427		
31	0.381305	750	-1.027776	-42.938204		
32	0.36744	750	-0.991631	-43.929835		
33	0.353883	750	-0.98416	-44.913994		
34	0.34063	750	-0.954531	-45.868526		
35	0.32768	750	-0.93996	-46.808485		
36	0.31503	750	-0.901508	-47.709993		
37	0.302677	750	-0.932437	-48.64243		
38	0.290619	750	-0.894817	-49.537247		
39	0.278855	750	-0.87828	-50.415526		
40	0.267381	750	-0.851175	-51.266702		
41	0.256195	750	-0.844705	-52.111406		
42	0.245294	750	-0.816571	-52.927977		
43	0.234677	750	-0.795211	-53.723189		
44	0.22434	750	-0.784022	-54.50721		
45	0.214281	750	-0.752915	-55.260126		
46	0.204498	750	-0.743775	-56.003901		
47	0.194988	750	-0.714918	-56.718819		
48	0.185749	750	-0.707844	-57.426663		
49	0.176777	750	-0.673884	-58.100547		
50	0.16807	750	-0.663746	-58.764293		
51	0.159626	750	-0.646155	-59.410448		
52	0.151441	750	-0.640476	-60.050924		
53	0.143514	750	-0.618406	-60.66933		
54	0.135841	750	-0.605868	-61.275198		
55	0.12842	750	-0.563947	-61.839145		
56	0.121247	750	-0.565404	-62.404549		
57	0.11432	750	-0.54665	-62.951198		
58	0.107637	750	-0.519859	-63.471057		
59	0.101193	750	-0.514835	-63.985892		
60	0.094986	750	-0.505884	-64.491776		
61	0.089014	750	-0.487467	-64.979243		
62	0.083273	750	-0.468739	-65.447982		
63	0.07776	750	-0.443213	-65.891195		
64	0.072472	750	-0.45209	-66.343284		
65	0.067406	750	-0.421745	-66.765029		
66	0.062558	750	-0.40974	-67.17477		
67	0.057926	750	-0.377487	-67.552257		
68	0.053506	750	-0.381282	-67.933539		
69	0.049295	750	-0.369813	-68.303352		
70	0.045289	750	-0.341492	-68.644843		
71	0.041485	750	-0.329142	-68.973985		
72	0.03788	750	-0.334144	-69.308129		
73	0.034469	750	-0.321572	-69.629701		
74	0.03125	750	-0.306883	-69.936585		
75	0.028218	750	-0.286113	-70.222698		
76	0.02537	750	-0.279928	-70.502626		
77	0.022702	750	-0.231295	-70.733921		
78	0.020209	750	-0.238204	-70.972125		
79	0.017889	750	-0.22639	-71.198514		
80	0.015736	750	-0.240035	-71.438549		
81	0.013746	750	-0.189862	-71.628411		
82	0.011916	750	-0.181756	-71.810166		
83	0.01024	750	-0.159229	-71.969395		
84	0.008714	750	-0.156541	-72.125937		
85	0.007334	750	-0.136147	-72.262084		
86	0.006093	750	-0.126727	-72.388811		
87	0.004988	750	-0.107365	-72.496176		
88	0.004013	750	-0.092945	-72.58912		
89	0.003162	750	-0.084221	-72.673341		
90	0.00243	750	-0.077664	-72.751005		
91	0.00181	750	-0.063955	-72.81496		
92	0.001296	750	-0.051398	-72.866358		
93	0.000882	750	-0.041725	-72.908084		
94	0.000559	750	-0.034024	-72.942108		
95	0.00032	750	-0.023982	-72.96609		
96	0.000156	750	-0.018671	-72.984761		
97	0.000057	750	-0.01062	-72.99538		
98	0.00001	750	-0.004951	-73.000332		
99	0	750	-0.001127	-73.001459		
Log marginal likelihood:	-73.001459					
0	0.975187	750	-1.576782	-1.576782		
1	0.950747	750	-1.53135	-3.108132		
2	0.926679	750	-1.533601	-4.641733		
3	0.90298	750	-1.495963	-6.137696		
4	0.879648	750	-1.483231	-7.620928		
5	0.856682	750	-1.498163	-9.119091		
6	0.834079	750	-1.482318	-10.601409		
7	0.811838	750	-1.436429	-12.037838		
8	0.789957	750	-1.410107	-13.447945		
9	0.768433	750	-1.433426	-14.881372		
10	0.747266	750	-1.355047	-16.236419		
11	0.726452	750	-1.32137	-17.557789		
12	0.705989	750	-1.339839	-18.897628		
13	0.685877	750	-1.297614	-20.195242		
14	0.666112	750	-1.31685	-21.512093		
15	0.646693	750	-1.29031	-22.802403		
16	0.627618	750	-1.234909	-24.037312		
17	0.608884	750	-1.276408	-25.31372		
18	0.59049	750	-1.217712	-26.531432		
19	0.572433	750	-1.214806	-27.746238		
20	0.554712	750	-1.232569	-28.978807		
21	0.537324	750	-1.146729	-30.125536		
22	0.520268	750	-1.176248	-31.301784		
23	0.50354	750	-1.137408	-32.439192		
24	0.487139	750	-1.124269	-33.56346		
25	0.471063	750	-1.078073	-34.641534		
26	0.45531	750	-1.089644	-35.731178		
27	0.439877	750	-1.073227	-36.804405		
28	0.424762	750	-1.037862	-37.842266		
29	0.409963	750	-0.996673	-38.83894		
30	0.395478	750	-0.996458	-39.835398		
31	0.381305	750	-1.011869	-40.847267		
32	0.36744	750	-0.950512	-41.797779		
33	0.353883	750	-0.966801	-42.76458		
34	0.34063	750	-0.91912	-43.6837		
35	0.32768	750	-0.923021	-44.606721		
36	0.31503	750	-0.913555	-45.520276		
37	0.302677	750	-0.885059	-46.405335		
38	0.290619	750	-0.873613	-47.278948		
39	0.278855	750	-0.857092	-48.13604		
40	0.267381	750	-0.826205	-48.962244		
41	0.256195	750	-0.80066	-49.762905		
42	0.245294	750	-0.78639	-50.549295		
43	0.234677	750	-0.769455	-51.318749		
44	0.22434	750	-0.752266	-52.071016		
45	0.214281	750	-0.751494	-52.82251		
46	0.204498	750	-0.731498	-53.554008		
47	0.194988	750	-0.721487	-54.275495		
48	0.185749	750	-0.689335	-54.96483		
49	0.176777	750	-0.660659	-55.625488		
50	0.16807	750	-0.656921	-56.282409		
51	0.159626	750	-0.652091	-56.9345		
52	0.151441	750	-0.632463	-57.566963		
53	0.143514	750	-0.620433	-58.187396		
54	0.135841	750	-0.58438	-58.771776		
55	0.12842	750	-0.578757	-59.350533		
56	0.121247	750	-0.591365	-59.941898		
57	0.11432	750	-0.549418	-60.491316		
58	0.107637	750	-0.531436	-61.022752		
59	0.101193	750	-0.504439	-61.527191		
60	0.094986	750	-0.499084	-62.026275		
61	0.089014	750	-0.484223	-62.510497		
62	0.083273	750	-0.471183	-62.98168		
63	0.07776	750	-0.464906	-63.446586		
64	0.072472	750	-0.440211	-63.886796		
65	0.067406	750	-0.431789	-64.318585		
66	0.062558	750	-0.404054	-64.722639		
67	0.057926	750	-0.411838	-65.134477		
68	0.053506	750	-0.371087	-65.505564		
69	0.049295	750	-0.380392	-65.885957		
70	0.045289	750	-0.352079	-66.238035		
71	0.041485	750	-0.336839	-66.574875		
72	0.03788	750	-0.333067	-66.907941		
73	0.034469	750	-0.311836	-67.219777		
74	0.03125	750	-0.310959	-67.530736		
75	0.028218	750	-0.273856	-67.804592		
76	0.02537	750	-0.268976	-68.073568		
77	0.022702	750	-0.250994	-68.324562		
78	0.020209	750	-0.230687	-68.555249		
79	0.017889	750	-0.250299	-68.805548		
80	0.015736	750	-0.198194	-69.003742		
81	0.013746	750	-0.211552	-69.215294		
82	0.011916	750	-0.209783	-69.425076		
83	0.01024	750	-0.176244	-69.60132		
84	0.008714	750	-0.165135	-69.766455		
85	0.007334	750	-0.131307	-69.897762		
86	0.006093	750	-0.12951	-70.027272		
87	0.004988	750	-0.1136	-70.140871		
88	0.004013	750	-0.109475	-70.250346		
89	0.003162	750	-0.093572	-70.343918		
90	0.00243	750	-0.081927	-70.425845		
91	0.00181	750	-0.063754	-70.489599		
92	0.001296	750	-0.054644	-70.544243		
93	0.000882	750	-0.042971	-70.587214		
94	0.000559	750	-0.034345	-70.621558		
95	0.00032	750	-0.024082	-70.64564		
96	0.000156	750	-0.017738	-70.663378		
97	0.000057	750	-0.010731	-70.674109		
98	0.00001	750	-0.005207	-70.679317		
99	0	750	-0.001232	-70.680548		
Log marginal likelihood:	-70.680548					
0	0.975187	750	-1.622799	-1.622799		
1	0.950747	750	-1.540566	-3.163364		
2	0.926679	750	-1.553795	-4.717159		
3	0.90298	750	-1.522419	-6.239578		
4	0.879648	750	-1.531905	-7.771484		
5	0.856682	750	-1.493973	-9.265457		
6	0.834079	750	-1.460739	-10.726196		
7	0.811838	750	-1.431896	-12.158092		
8	0.789957	750	-1.433863	-13.591954		
9	0.768433	750	-1.426513	-15.018468		
10	0.747266	750	-1.393118	-16.411585		
11	0.726452	750	-1.360497	-17.772082		
12	0.705989	750	-1.354633	-19.126715		
13	0.685877	750	-1.31315	-20.439865		
14	0.666112	750	-1.281897	-21.721762		
15	0.646693	750	-1.2705	-22.992262		
16	0.627618	750	-1.299672	-24.291934		
17	0.608884	750	-1.252463	-25.544397		
18	0.59049	750	-1.267213	-26.81161		
19	0.572433	750	-1.216954	-28.028564		
20	0.554712	750	-1.173108	-29.201672		
21	0.537324	750	-1.156558	-30.35823		
22	0.520268	750	-1.164312	-31.522542		
23	0.50354	750	-1.126337	-32.648878		
24	0.487139	750	-1.114194	-33.763072		
25	0.471063	750	-1.092991	-34.856063		
26	0.45531	750	-1.065936	-35.921999		
27	0.439877	750	-1.057691	-36.97969		
28	0.424762	750	-1.032356	-38.012046		
29	0.409963	750	-1.012012	-39.024058		
30	0.395478	750	-0.995436	-40.019494		
31	0.381305	750	-0.987521	-41.007015		
32	0.36744	750	-0.955711	-41.962726		
33	0.353883	750	-0.940017	-42.902743		
34	0.34063	750	-0.902687	-43.80543		
35	0.32768	750	-0.904349	-44.709779		
36	0.31503	750	-0.880592	-45.590371		
37	0.302677	750	-0.883013	-46.473384		
38	0.290619	750	-0.851659	-47.325043		
39	0.278855	750	-0.816617	-48.141659		
40	0.267381	750	-0.814672	-48.956331		
41	0.256195	750	-0.777744	-49.734075		
42	0.245294	750	-0.79173	-50.525804		
43	0.234677	750	-0.746038	-51.271842		
44	0.22434	750	-0.741374	-52.013216		
45	0.214281	750	-0.730114	-52.743331		
46	0.204498	750	-0.711315	-53.454645		
47	0.194988	750	-0.701552	-54.156197		
48	0.185749	750	-0.673496	-54.829693		
49	0.176777	750	-0.671342	-55.501035		
50	0.16807	750	-0.627739	-56.128774		
51	0.159626	750	-0.641896	-56.77067		
52	0.151441	750	-0.63038	-57.40105		
53	0.143514	750	-0.616349	-58.017399		
54	0.135841	750	-0.564591	-58.58199		
55	0.12842	750	-0.545192	-59.127182		
56	0.121247	750	-0.5602	-59.687382		
57	0.11432	750	-0.522796	-60.210178		
58	0.107637	750	-0.521085	-60.731263		
59	0.101193	750	-0.485083	-61.216347		
60	0.094986	750	-0.494327	-61.710674		
61	0.089014	750	-0.480272	-62.190946		
62	0.083273	750	-0.461264	-62.65221		
63	0.07776	750	-0.424985	-63.077195		
64	0.072472	750	-0.44267	-63.519865		
65	0.067406	750	-0.449018	-63.968883		
66	0.062558	750	-0.410164	-64.379047		
67	0.057926	750	-0.384878	-64.763925		
68	0.053506	750	-0.386254	-65.150179		
69	0.049295	750	-0.352655	-65.502834		
70	0.045289	750	-0.347032	-65.849866		
71	0.041485	750	-0.324968	-66.174835		
72	0.03788	750	-0.314646	-66.48948		
73	0.034469	750	-0.300902	-66.790382		
74	0.03125	750	-0.289611	-67.079993		
75	0.028218	750	-0.296051	-67.376044		
76	0.02537	750	-0.262516	-67.638559		
77	0.022702	750	-0.234235	-67.872794		
78	0.020209	750	-0.244029	-68.116824		
79	0.017889	750	-0.230571	-68.347395		
80	0.015736	750	-0.206453	-68.553848		
81	0.013746	750	-0.187492	-68.74134		
82	0.011916	750	-0.196992	-68.938332		
83	0.01024	750	-0.165484	-69.103816		
84	0.008714	750	-0.15481	-69.258626		
85	0.007334	750	-0.130014	-69.388641		
86	0.006093	750	-0.118535	-69.507175		
87	0.004988	750	-0.116228	-69.623403		
88	0.004013	750	-0.090973	-69.714376		
89	0.003162	750	-0.086047	-69.800423		
90	0.00243	750	-0.075095	-69.875518		
91	0.00181	750	-0.066353	-69.941871		
92	0.001296	750	-0.052574	-69.994444		
93	0.000882	750	-0.040962	-70.035406		
94	0.000559	750	-0.034326	-70.069731		
95	0.00032	750	-0.02491	-70.094641		
96	0.000156	750	-0.018195	-70.112837		
97	0.000057	750	-0.010299	-70.123136		
98	0.00001	750	-0.00481	-70.127946		
99	0	750	-0.001056	-70.129002		
Log marginal likelihood:	-70.129002					
0	0.975187	750	-1.540014	-1.540014		
1	0.950747	750	-1.536215	-3.076229		
2	0.926679	750	-1.594244	-4.670473		
3	0.90298	750	-1.521385	-6.191858		
4	0.879648	750	-1.464945	-7.656803		
5	0.856682	750	-1.462767	-9.11957		
6	0.834079	750	-1.425685	-10.545255		
7	0.811838	750	-1.404847	-11.950101		
8	0.789957	750	-1.393382	-13.343484		
9	0.768433	750	-1.408293	-14.751776		
10	0.747266	750	-1.389042	-16.140818		
11	0.726452	750	-1.321887	-17.462706		
12	0.705989	750	-1.353285	-18.81599		
13	0.685877	750	-1.270112	-20.086103		
14	0.666112	750	-1.299922	-21.386024		
15	0.646693	750	-1.308684	-22.694708		
16	0.627618	750	-1.237396	-23.932103		
17	0.608884	750	-1.250805	-25.182909		
18	0.59049	750	-1.199825	-26.382734		
19	0.572433	750	-1.218965	-27.601699		
20	0.554712	750	-1.17251	-28.774209		
21	0.537324	750	-1.134933	-29.909142		
22	0.520268	750	-1.17112	-31.080262		
23	0.50354	750	-1.171663	-32.251926		
24	0.487139	750	-1.103601	-33.355527		
25	0.471063	750	-1.113782	-34.469309		
26	0.45531	750	-1.004012	-35.473321		
27	0.439877	750	-1.062118	-36.535439		
28	0.424762	750	-1.061765	-37.597204		
29	0.409963	750	-1.033537	-38.630741		
30	0.395478	750	-1.032838	-39.663579		
31	0.381305	750	-0.991632	-40.655211		
32	0.36744	750	-0.993848	-41.649058		
33	0.353883	750	-0.949526	-42.598584		
34	0.34063	750	-0.950415	-43.548999		
35	0.32768	750	-0.916873	-44.465872		
36	0.31503	750	-0.887037	-45.352909		
37	0.302677	750	-0.841197	-46.194106		
38	0.290619	750	-0.865375	-47.059481		
39	0.278855	750	-0.868549	-47.92803		
40	0.267381	750	-0.823928	-48.751958		
41	0.256195	750	-0.809841	-49.561799		
42	0.245294	750	-0.791064	-50.352863		
43	0.234677	750	-0.756592	-51.109456		
44	0.22434	750	-0.77075	-51.880206		
45	0.214281	750	-0.74028	-52.620485		
46	0.204498	750	-0.714773	-53.335259		
47	0.194988	750	-0.695139	-54.030398		
48	0.185749	750	-0.683017	-54.713415		
49	0.176777	750	-0.663235	-55.37665		
50	0.16807	750	-0.64384	-56.02049		
51	0.159626	750	-0.643555	-56.664045		
52	0.151441	750	-0.60571	-57.269755		
53	0.143514	750	-0.606855	-57.87661		
54	0.135841	750	-0.579633	-58.456243		
55	0.12842	750	-0.587711	-59.043954		
56	0.121247	750	-0.555789	-59.599744		
57	0.11432	750	-0.541258	-60.141002		
58	0.107637	750	-0.522533	-60.663535		
59	0.101193	750	-0.500492	-61.164027		
60	0.094986	750	-0.486964	-61.650991		
61	0.089014	750	-0.489857	-62.140848		
62	0.083273	750	-0.465806	-62.606655		
63	0.07776	750	-0.451507	-63.058162		
64	0.072472	750	-0.45577	-63.513932		
65	0.067406	750	-0.441997	-63.955928		
66	0.062558	750	-0.425748	-64.381677		
67	0.057926	750	-0.395695	-64.777372		
68	0.053506	750	-0.384947	-65.162319		
69	0.049295	750	-0.388122	-65.550441		
70	0.045289	750	-0.359583	-65.910024		
71	0.041485	750	-0.331443	-66.241467		
72	0.03788	750	-0.318467	-66.559933		
73	0.034469	750	-0.292993	-66.852926		
74	0.03125	750	-0.28919	-67.142116		
75	0.028218	750	-0.280544	-67.422661		
76	0.02537	750	-0.254595	-67.677256		
77	0.022702	750	-0.242831	-67.920086		
78	0.020209	750	-0.249782	-68.169869		
79	0.017889	750	-0.21439	-68.384259		
80	0.015736	750	-0.20129	-68.585549		
81	0.013746	750	-0.212321	-68.79787		
82	0.011916	750	-0.175072	-68.972942		
83	0.01024	750	-0.173856	-69.146797		
84	0.008714	750	-0.158743	-69.30554		
85	0.007334	750	-0.140495	-69.446035		
86	0.006093	750	-0.129607	-69.575642		
87	0.004988	750	-0.118904	-69.694546		
88	0.004013	750	-0.099673	-69.794219		
89	0.003162	750	-0.084899	-69.879118		
90	0.00243	750	-0.07698	-69.956098		
91	0.00181	750	-0.065186	-70.021284		
92	0.001296	750	-0.054732	-70.076016		
93	0.000882	750	-0.045106	-70.121122		
94	0.000559	750	-0.032954	-70.154077		
95	0.00032	750	-0.024937	-70.179014		
96	0.000156	750	-0.017361	-70.196375		
97	0.000057	750	-0.010834	-70.207209		
98	0.00001	750	-0.004546	-70.211754		
99	0	750	-0.001059	-70.212813		
Log marginal likelihood:	-70.212813					
0	0.975187	750	-1.63875	-1.63875		
1	0.950747	750	-1.610552	-3.249302		
2	0.926679	750	-1.668145	-4.917447		
3	0.90298	750	-1.662844	-6.580291		
4	0.879648	750	-1.581774	-8.162065		
5	0.856682	750	-1.559285	-9.72135		
6	0.834079	750	-1.545309	-11.266659		
7	0.811838	750	-1.518801	-12.785459		
8	0.789957	750	-1.507554	-14.293014		
9	0.768433	750	-1.492364	-15.785377		
10	0.747266	750	-1.492398	-17.277775		
11	0.726452	750	-1.459004	-18.736779		
12	0.705989	750	-1.430139	-20.166918		
13	0.685877	750	-1.360428	-21.527346		
14	0.666112	750	-1.411669	-22.939015		
15	0.646693	750	-1.365002	-24.304017		
16	0.627618	750	-1.366334	-25.670351		
17	0.608884	750	-1.331532	-27.001883		
18	0.59049	750	-1.231834	-28.233717		
19	0.572433	750	-1.279234	-29.512951		
20	0.554712	750	-1.223855	-30.736806		
21	0.537324	750	-1.222694	-31.9595		
22	0.520268	750	-1.219533	-33.179033		
23	0.50354	750	-1.199835	-34.378868		
24	0.487139	750	-1.191561	-35.570429		
25	0.471063	750	-1.168055	-36.738484		
26	0.45531	750	-1.149037	-37.887521		
27	0.439877	750	-1.112586	-39.000107		
28	0.424762	750	-1.092643	-40.092751		
29	0.409963	750	-1.080358	-41.173109		
30	0.395478	750	-1.050444	-42.223553		
31	0.381305	750	-1.014305	-43.237858		
32	0.36744	750	-1.018411	-44.256269		
33	0.353883	750	-0.979408	-45.235676		
34	0.34063	750	-0.965457	-46.201134		
35	0.32768	750	-0.935945	-47.137078		
36	0.31503	750	-0.940792	-48.077871		
37	0.302677	750	-0.917021	-48.994891		
38	0.290619	750	-0.900108	-49.894999		
39	0.278855	750	-0.870195	-50.765194		
40	0.267381	750	-0.85382	-51.619014		
41	0.256195	750	-0.845463	-52.464477		
42	0.245294	750	-0.812622	-53.2771		
43	0.234677	750	-0.811119	-54.088219		
44	0.22434	750	-0.770389	-54.858608		
45	0.214281	750	-0.766839	-55.625447		
46	0.204498	750	-0.755676	-56.381123		
47	0.194988	750	-0.725411	-57.106534		
48	0.185749	750	-0.705982	-57.812516		
49	0.176777	750	-0.689968	-58.502483		
50	0.16807	750	-0.664243	-59.166726		
51	0.159626	750	-0.670981	-59.837708		
52	0.151441	750	-0.650061	-60.487768		
53	0.143514	750	-0.633766	-61.121535		
54	0.135841	750	-0.611316	-61.732851		
55	0.12842	750	-0.5966	-62.329451		
56	0.121247	750	-0.585606	-62.915057		
57	0.11432	750	-0.566805	-63.481862		
58	0.107637	750	-0.533881	-64.015743		
59	0.101193	750	-0.529848	-64.545592		
60	0.094986	750	-0.50398	-65.049571		
61	0.089014	750	-0.501839	-65.55141		
62	0.083273	750	-0.462	-66.01341		
63	0.07776	750	-0.446722	-66.460132		
64	0.072472	750	-0.448839	-66.908971		
65	0.067406	750	-0.438617	-67.347588		
66	0.062558	750	-0.410833	-67.758421		
67	0.057926	750	-0.403835	-68.162256		
68	0.053506	750	-0.379882	-68.542138		
69	0.049295	750	-0.373017	-68.915155		
70	0.045289	750	-0.363277	-69.278432		
71	0.041485	750	-0.337272	-69.615704		
72	0.03788	750	-0.328512	-69.944215		
73	0.034469	750	-0.316565	-70.26078		
74	0.03125	750	-0.293157	-70.553937		
75	0.028218	750	-0.298599	-70.852536		
76	0.02537	750	-0.277594	-71.13013		
77	0.022702	750	-0.259773	-71.389902		
78	0.020209	750	-0.255542	-71.645445		
79	0.017889	750	-0.221693	-71.867138		
80	0.015736	750	-0.217654	-72.084792		
81	0.013746	750	-0.204559	-72.289351		
82	0.011916	750	-0.178859	-72.46821		
83	0.01024	750	-0.185967	-72.654177		
84	0.008714	750	-0.159031	-72.813209		
85	0.007334	750	-0.151891	-72.9651		
86	0.006093	750	-0.135131	-73.100231		
87	0.004988	750	-0.12115	-73.22138		
88	0.004013	750	-0.094225	-73.315605		
89	0.003162	750	-0.091693	-73.407298		
90	0.00243	750	-0.073937	-73.481236		
91	0.00181	750	-0.065073	-73.546308		
92	0.001296	750	-0.052385	-73.598693		
93	0.000882	750	-0.044902	-73.643595		
94	0.000559	750	-0.036148	-73.679742		
95	0.00032	750	-0.026256	-73.705998		
96	0.000156	750	-0.019225	-73.725223		
97	0.000057	750	-0.010602	-73.735825		
98	0.00001	750	-0.004937	-73.740762		
99	0	750	-0.001159	-73.741921		
Log marginal likelihood:	-73.741921					
