Steppingstone sampler:
        No Stones:                  100
        Start It:                   1010001
        It Per Stone:               1000
        Sample Freq:                1
        Dist:                       Beta(0.400000,1.000000)
Stone No	Power	N	Stone MLh	Running MLh
0	0.975187	750	-3.443007	-3.443007
1	0.950747	750	-3.398101	-6.841108
2	0.926679	750	-3.342470	-10.183578
3	0.902980	750	-3.292793	-13.476371
4	0.879648	750	-3.234371	-16.710742
5	0.856682	750	-3.191442	-19.902183
6	0.834079	750	-3.142213	-23.044396
7	0.811838	750	-3.104409	-26.148805
8	0.789957	750	-3.037903	-29.186708
9	0.768433	750	-2.998081	-32.184789
10	0.747266	750	-2.966241	-35.151030
11	0.726452	750	-2.909225	-38.060255
12	0.705989	750	-2.844451	-40.904706
13	0.685877	750	-2.804038	-43.708744
14	0.666112	750	-2.769516	-46.478260
15	0.646693	750	-2.724050	-49.202311
16	0.627618	750	-2.688210	-51.890521
17	0.608884	750	-2.635012	-54.525532
18	0.590490	750	-2.586573	-57.112105
19	0.572433	750	-2.629547	-59.741653
20	0.554712	750	-2.541914	-62.283566
21	0.537324	750	-2.503142	-64.786708
22	0.520268	750	-2.444699	-67.231407
23	0.503540	750	-2.342739	-69.574145
24	0.487139	750	-2.317852	-71.891998
25	0.471063	750	-2.294903	-74.186901
26	0.455310	750	-2.252926	-76.439826
27	0.439877	750	-2.215024	-78.654850
28	0.424762	750	-2.211042	-80.865892
29	0.409963	750	-2.144608	-83.010499
30	0.395478	750	-2.231230	-85.241730
31	0.381305	750	-2.117553	-87.359283
32	0.367440	750	-2.035175	-89.394458
33	0.353883	750	-2.100152	-91.494610
34	0.340630	750	-1.924002	-93.418612
35	0.327680	750	-1.901117	-95.319729
36	0.315030	750	-1.854673	-97.174402
37	0.302677	750	-1.805848	-98.980250
38	0.290619	750	-1.863136	-100.843386
39	0.278855	750	-1.808660	-102.652045
40	0.267381	750	-1.828242	-104.480287
41	0.256195	750	-1.698361	-106.178648
42	0.245294	750	-1.826214	-108.004862
43	0.234677	750	-1.630956	-109.635817
44	0.224340	750	-1.532697	-111.168514
45	0.214281	750	-1.635554	-112.804068
46	0.204498	750	-1.543536	-114.347604
47	0.194988	750	-1.574943	-115.922547
48	0.185749	750	-1.582802	-117.505350
49	0.176777	750	-1.491498	-118.996848
50	0.168070	750	-1.488067	-120.484915
51	0.159626	750	-1.493496	-121.978411
52	0.151441	750	-1.383731	-123.362142
53	0.143514	750	-1.383528	-124.745670
54	0.135841	750	-1.280823	-126.026493
55	0.128420	750	-1.236623	-127.263116
56	0.121247	750	-1.277048	-128.540164
57	0.114320	750	-1.169388	-129.709551
58	0.107637	750	-1.121432	-130.830984
59	0.101193	750	-1.175590	-132.006573
60	0.094986	750	-1.132195	-133.138768
61	0.089014	750	-1.066683	-134.205452
62	0.083273	750	-1.061014	-135.266466
63	0.077760	750	-1.006969	-136.273435
64	0.072472	750	-0.978286	-137.251721
65	0.067406	750	-0.947187	-138.198908
66	0.062558	750	-0.880540	-139.079448
67	0.057926	750	-0.881150	-139.960598
68	0.053506	750	-0.836672	-140.797270
69	0.049295	750	-0.791956	-141.589226
70	0.045289	750	-0.765914	-142.355139
71	0.041485	750	-0.732803	-143.087942
72	0.037880	750	-0.700277	-143.788219
73	0.034469	750	-0.672854	-144.461073
74	0.031250	750	-0.636612	-145.097684
75	0.028218	750	-0.605532	-145.703217
76	0.025370	750	-0.561755	-146.264972
77	0.022702	750	-0.537357	-146.802329
78	0.020209	750	-0.493995	-147.296325
79	0.017889	750	-0.482682	-147.779007
80	0.015736	750	-0.456930	-148.235937
81	0.013746	750	-0.432323	-148.668260
82	0.011916	750	-0.397708	-149.065969
83	0.010240	750	-0.380493	-149.446462
84	0.008714	750	-0.341863	-149.788325
85	0.007334	750	-0.315791	-150.104115
86	0.006093	750	-0.290371	-150.394486
87	0.004988	750	-0.281247	-150.675734
88	0.004013	750	-0.232953	-150.908686
89	0.003162	750	-0.201499	-151.110185
90	0.002430	750	-0.175459	-151.285644
91	0.001810	750	-0.156777	-151.442421
92	0.001296	750	-0.133965	-151.576386
93	0.000882	750	-0.112856	-151.689242
94	0.000559	750	-0.082888	-151.772130
95	0.000320	750	-0.062200	-151.834330
96	0.000156	750	-0.042158	-151.876488
97	0.000057	750	-0.026313	-151.902801
98	0.000010	750	-0.013309	-151.916110
99	0.000000	750	-0.002607	-151.918717
Log marginal likelihood:	-151.918717
0	0.975187	750	-4.016496	-4.016496
1	0.950747	750	-3.941872	-7.958368
2	0.926679	750	-3.888496	-11.846863
3	0.902980	750	-3.835721	-15.682584
4	0.879648	750	-3.770406	-19.452990
5	0.856682	750	-3.713073	-23.166063
6	0.834079	750	-3.654110	-26.820173
7	0.811838	750	-3.608545	-30.428718
8	0.789957	750	-3.547006	-33.975724
9	0.768433	750	-3.493571	-37.469296
10	0.747266	750	-3.427968	-40.897264
11	0.726452	750	-3.371541	-44.268805
12	0.705989	750	-3.317992	-47.586796
13	0.685877	750	-3.256912	-50.843709
14	0.666112	750	-3.205851	-54.049560
15	0.646693	750	-3.151410	-57.200970
16	0.627618	750	-3.097953	-60.298923
17	0.608884	750	-3.045487	-63.344410
18	0.590490	750	-2.985430	-66.329841
19	0.572433	750	-2.940916	-69.270756
20	0.554712	750	-2.891230	-72.161986
21	0.537324	750	-2.829493	-74.991479
22	0.520268	750	-2.776893	-77.768372
23	0.503540	750	-2.741163	-80.509535
24	0.487139	750	-2.675034	-83.184569
25	0.471063	750	-2.621671	-85.806240
26	0.455310	750	-2.579889	-88.386130
27	0.439877	750	-2.548458	-90.934588
28	0.424762	750	-2.479375	-93.413964
29	0.409963	750	-2.428097	-95.842060
30	0.395478	750	-2.394932	-98.236993
31	0.381305	750	-2.401670	-100.638662
32	0.367440	750	-2.313467	-102.952129
33	0.353883	750	-2.256313	-105.208443
34	0.340630	750	-2.182738	-107.391181
35	0.327680	750	-2.138795	-109.529976
36	0.315030	750	-2.127721	-111.657697
37	0.302677	750	-2.051390	-113.709088
38	0.290619	750	-2.035741	-115.744829
39	0.278855	750	-1.932990	-117.677819
40	0.267381	750	-1.979201	-119.657020
41	0.256195	750	-1.945951	-121.602972
42	0.245294	750	-1.908662	-123.511634
43	0.234677	750	-1.867913	-125.379547
44	0.224340	750	-1.793497	-127.173044
45	0.214281	750	-1.799398	-128.972442
46	0.204498	750	-1.718531	-130.690973
47	0.194988	750	-1.692815	-132.383788
48	0.185749	750	-1.637795	-134.021583
49	0.176777	750	-1.572115	-135.593698
50	0.168070	750	-1.554509	-137.148207
51	0.159626	750	-1.539105	-138.687312
52	0.151441	750	-1.487377	-140.174689
53	0.143514	750	-1.446618	-141.621307
54	0.135841	750	-1.386655	-143.007962
55	0.128420	750	-1.354754	-144.362716
56	0.121247	750	-1.320222	-145.682939
57	0.114320	750	-1.284978	-146.967917
58	0.107637	750	-1.227964	-148.195881
59	0.101193	750	-1.197409	-149.393291
60	0.094986	750	-1.157641	-150.550932
61	0.089014	750	-1.115104	-151.666036
62	0.083273	750	-1.078442	-152.744478
63	0.077760	750	-1.036044	-153.780522
64	0.072472	750	-0.983705	-154.764227
65	0.067406	750	-0.972165	-155.736392
66	0.062558	750	-0.909448	-156.645840
67	0.057926	750	-0.889825	-157.535665
68	0.053506	750	-0.849202	-158.384868
69	0.049295	750	-0.820219	-159.205087
70	0.045289	750	-0.766385	-159.971472
71	0.041485	750	-0.733569	-160.705041
72	0.037880	750	-0.722367	-161.427408
73	0.034469	750	-0.669577	-162.096985
74	0.031250	750	-0.641045	-162.738030
75	0.028218	750	-0.605977	-163.344007
76	0.025370	750	-0.568949	-163.912956
77	0.022702	750	-0.550429	-164.463385
78	0.020209	750	-0.523998	-164.987383
79	0.017889	750	-0.487608	-165.474992
80	0.015736	750	-0.469662	-165.944654
81	0.013746	750	-0.427189	-166.371843
82	0.011916	750	-0.393851	-166.765694
83	0.010240	750	-0.369481	-167.135175
84	0.008714	750	-0.343800	-167.478975
85	0.007334	750	-0.317120	-167.796095
86	0.006093	750	-0.290434	-168.086529
87	0.004988	750	-0.246486	-168.333015
88	0.004013	750	-0.252171	-168.585187
89	0.003162	750	-0.218013	-168.803200
90	0.002430	750	-0.210686	-169.013885
91	0.001810	750	-0.175796	-169.189682
92	0.001296	750	-0.133446	-169.323128
93	0.000882	750	-0.108325	-169.431453
94	0.000559	750	-0.082269	-169.513722
95	0.000320	750	-0.064026	-169.577748
96	0.000156	750	-0.046406	-169.624154
97	0.000057	750	-0.026458	-169.650612
98	0.000010	750	-0.012272	-169.662883
99	0.000000	750	-0.002742	-169.665625
Log marginal likelihood:	-169.665625
0	0.975187	750	-3.431874	-3.431874
1	0.950747	750	-3.399650	-6.831524
2	0.926679	750	-3.346815	-10.178339
3	0.902980	750	-3.284222	-13.462562
4	0.879648	750	-3.260626	-16.723187
5	0.856682	750	-3.175873	-19.899060
6	0.834079	750	-3.144281	-23.043342
7	0.811838	750	-3.092392	-26.135734
8	0.789957	750	-3.056428	-29.192162
9	0.768433	750	-2.993530	-32.185691
10	0.747266	750	-2.968940	-35.154632
11	0.726452	750	-2.895659	-38.050291
12	0.705989	750	-2.941707	-40.991999
13	0.685877	750	-2.884064	-43.876062
14	0.666112	750	-2.750138	-46.626201
15	0.646693	750	-2.743422	-49.369623
16	0.627618	750	-2.713328	-52.082951
17	0.608884	750	-2.630213	-54.713165
18	0.590490	750	-2.639903	-57.353068
19	0.572433	750	-2.540626	-59.893694
20	0.554712	750	-2.514423	-62.408117
21	0.537324	750	-2.480181	-64.888298
22	0.520268	750	-2.443573	-67.331870
23	0.503540	750	-2.396146	-69.728016
24	0.487139	750	-2.317372	-72.045389
25	0.471063	750	-2.307469	-74.352858
26	0.455310	750	-2.239981	-76.592839
27	0.439877	750	-2.236518	-78.829357
28	0.424762	750	-2.194907	-81.024264
29	0.409963	750	-2.158081	-83.182345
30	0.395478	750	-2.155682	-85.338027
31	0.381305	750	-2.052961	-87.390988
32	0.367440	750	-2.047595	-89.438583
33	0.353883	750	-1.967662	-91.406245
34	0.340630	750	-1.938982	-93.345227
35	0.327680	750	-1.881893	-95.227120
36	0.315030	750	-1.881501	-97.108622
37	0.302677	750	-1.827449	-98.936070
38	0.290619	750	-1.787566	-100.723636
39	0.278855	750	-1.753425	-102.477062
40	0.267381	750	-1.846033	-104.323095
41	0.256195	750	-1.660318	-105.983413
42	0.245294	750	-1.625849	-107.609262
43	0.234677	750	-1.582996	-109.192258
44	0.224340	750	-1.578455	-110.770713
45	0.214281	750	-1.552315	-112.323029
46	0.204498	750	-1.639516	-113.962544
47	0.194988	750	-1.614781	-115.577325
48	0.185749	750	-1.544350	-117.121675
49	0.176777	750	-1.538308	-118.659983
50	0.168070	750	-1.407183	-120.067166
51	0.159626	750	-1.413989	-121.481155
52	0.151441	750	-1.300545	-122.781700
53	0.143514	750	-1.338371	-124.120071
54	0.135841	750	-1.295988	-125.416059
55	0.128420	750	-1.276206	-126.692265
56	0.121247	750	-1.242862	-127.935127
57	0.114320	750	-1.220238	-129.155365
58	0.107637	750	-1.175346	-130.330712
59	0.101193	750	-1.108224	-131.438935
60	0.094986	750	-1.122500	-132.561435
61	0.089014	750	-0.995707	-133.557142
62	0.083273	750	-1.015194	-134.572336
63	0.077760	750	-1.007256	-135.579593
64	0.072472	750	-0.968443	-136.548036
65	0.067406	750	-0.918242	-137.466278
66	0.062558	750	-0.874516	-138.340794
67	0.057926	750	-0.857288	-139.198081
68	0.053506	750	-0.802481	-140.000562
69	0.049295	750	-0.780406	-140.780969
70	0.045289	750	-0.753710	-141.534678
71	0.041485	750	-0.711343	-142.246022
72	0.037880	750	-0.688233	-142.934254
73	0.034469	750	-0.656529	-143.590784
74	0.031250	750	-0.618104	-144.208888
75	0.028218	750	-0.592264	-144.801151
76	0.025370	750	-0.566500	-145.367651
77	0.022702	750	-0.517623	-145.885274
78	0.020209	750	-0.497400	-146.382674
79	0.017889	750	-0.473370	-146.856043
80	0.015736	750	-0.437751	-147.293795
81	0.013746	750	-0.455152	-147.748946
82	0.011916	750	-0.391035	-148.139981
83	0.010240	750	-0.373264	-148.513245
84	0.008714	750	-0.341261	-148.854506
85	0.007334	750	-0.311083	-149.165589
86	0.006093	750	-0.292519	-149.458107
87	0.004988	750	-0.265299	-149.723406
88	0.004013	750	-0.245959	-149.969365
89	0.003162	750	-0.207209	-150.176574
90	0.002430	750	-0.177685	-150.354259
91	0.001810	750	-0.159684	-150.513943
92	0.001296	750	-0.137580	-150.651523
93	0.000882	750	-0.104340	-150.755863
94	0.000559	750	-0.081338	-150.837201
95	0.000320	750	-0.063394	-150.900595
96	0.000156	750	-0.043610	-150.944204
97	0.000057	750	-0.027099	-150.971304
98	0.000010	750	-0.013134	-150.984438
99	0.000000	750	-0.002792	-150.987230
Log marginal likelihood:	-150.987230
0	0.975187	750	-3.407117	-3.407117
1	0.950747	750	-3.386863	-6.793980
2	0.926679	750	-3.320439	-10.114418
3	0.902980	750	-3.270808	-13.385226
4	0.879648	750	-3.221964	-16.607190
5	0.856682	750	-3.173725	-19.780915
6	0.834079	750	-3.150594	-22.931509
7	0.811838	750	-3.085182	-26.016690
8	0.789957	750	-3.016157	-29.032848
9	0.768433	750	-2.980322	-32.013169
10	0.747266	750	-2.936707	-34.949877
11	0.726452	750	-2.890860	-37.840737
12	0.705989	750	-2.820829	-40.661566
13	0.685877	750	-2.774177	-43.435743
14	0.666112	750	-2.731893	-46.167636
15	0.646693	750	-2.721444	-48.889080
16	0.627618	750	-2.640182	-51.529262
17	0.608884	750	-2.606290	-54.135552
18	0.590490	750	-2.550823	-56.686375
19	0.572433	750	-2.509455	-59.195830
20	0.554712	750	-2.480478	-61.676308
21	0.537324	750	-2.427222	-64.103530
22	0.520268	750	-2.405931	-66.509461
23	0.503540	750	-2.390447	-68.899908
24	0.487139	750	-2.317394	-71.217302
25	0.471063	750	-2.350244	-73.567546
26	0.455310	750	-2.285019	-75.852565
27	0.439877	750	-2.238456	-78.091021
28	0.424762	750	-2.206764	-80.297785
29	0.409963	750	-2.154051	-82.451836
30	0.395478	750	-2.063751	-84.515587
31	0.381305	750	-2.135305	-86.650892
32	0.367440	750	-2.077390	-88.728282
33	0.353883	750	-1.997057	-90.725339
34	0.340630	750	-1.956251	-92.681589
35	0.327680	750	-1.867805	-94.549395
36	0.315030	750	-1.900643	-96.450037
37	0.302677	750	-1.848183	-98.298221
38	0.290619	750	-1.789500	-100.087721
39	0.278855	750	-1.891198	-101.978919
40	0.267381	750	-1.751753	-103.730672
41	0.256195	750	-1.778146	-105.508818
42	0.245294	750	-1.754622	-107.263440
43	0.234677	750	-1.578609	-108.842049
44	0.224340	750	-1.555921	-110.397970
45	0.214281	750	-1.539238	-111.937207
46	0.204498	750	-1.553027	-113.490234
47	0.194988	750	-1.479872	-114.970106
48	0.185749	750	-1.452852	-116.422958
49	0.176777	750	-1.548104	-117.971062
50	0.168070	750	-1.417825	-119.388887
51	0.159626	750	-1.435220	-120.824107
52	0.151441	750	-1.430485	-122.254592
53	0.143514	750	-1.376206	-123.630797
54	0.135841	750	-1.234153	-124.864950
55	0.128420	750	-1.264651	-126.129601
56	0.121247	750	-1.236973	-127.366575
57	0.114320	750	-1.222103	-128.588678
58	0.107637	750	-1.203796	-129.792473
59	0.101193	750	-1.131939	-130.924412
60	0.094986	750	-1.131737	-132.056149
61	0.089014	750	-1.033815	-133.089964
62	0.083273	750	-1.021894	-134.111859
63	0.077760	750	-1.002644	-135.114503
64	0.072472	750	-0.990558	-136.105060
65	0.067406	750	-0.929746	-137.034806
66	0.062558	750	-0.903135	-137.937941
67	0.057926	750	-0.865460	-138.803401
68	0.053506	750	-0.844372	-139.647773
69	0.049295	750	-0.765962	-140.413735
70	0.045289	750	-0.770958	-141.184693
71	0.041485	750	-0.749417	-141.934110
72	0.037880	750	-0.690307	-142.624417
73	0.034469	750	-0.664912	-143.289330
74	0.031250	750	-0.641003	-143.930333
75	0.028218	750	-0.617159	-144.547492
76	0.025370	750	-0.572893	-145.120385
77	0.022702	750	-0.547830	-145.668215
78	0.020209	750	-0.515737	-146.183952
79	0.017889	750	-0.476809	-146.660761
80	0.015736	750	-0.444230	-147.104992
81	0.013746	750	-0.438867	-147.543858
82	0.011916	750	-0.387333	-147.931191
83	0.010240	750	-0.359034	-148.290226
84	0.008714	750	-0.353110	-148.643336
85	0.007334	750	-0.313333	-148.956669
86	0.006093	750	-0.290980	-149.247649
87	0.004988	750	-0.248939	-149.496588
88	0.004013	750	-0.249795	-149.746383
89	0.003162	750	-0.208773	-149.955156
90	0.002430	750	-0.192894	-150.148050
91	0.001810	750	-0.149419	-150.297470
92	0.001296	750	-0.134381	-150.431851
93	0.000882	750	-0.108765	-150.540616
94	0.000559	750	-0.080781	-150.621397
95	0.000320	750	-0.058406	-150.679804
96	0.000156	750	-0.044772	-150.724576
97	0.000057	750	-0.028069	-150.752645
98	0.000010	750	-0.011455	-150.764101
99	0.000000	750	-0.002652	-150.766753
Log marginal likelihood:	-150.766753
0	0.975187	750	-3.550254	-3.550254
1	0.950747	750	-3.488098	-7.038352
2	0.926679	750	-3.431284	-10.469637
3	0.902980	750	-3.376692	-13.846329
4	0.879648	750	-3.329986	-17.176315
5	0.856682	750	-3.277829	-20.454144
6	0.834079	750	-3.246612	-23.700756
7	0.811838	750	-3.196236	-26.896992
8	0.789957	750	-3.134346	-30.031338
9	0.768433	750	-3.084892	-33.116230
10	0.747266	750	-3.044397	-36.160627
11	0.726452	750	-2.996823	-39.157450
12	0.705989	750	-2.942408	-42.099858
13	0.685877	750	-2.888664	-44.988522
14	0.666112	750	-2.843101	-47.831623
15	0.646693	750	-2.789395	-50.621018
16	0.627618	750	-2.731806	-53.352824
17	0.608884	750	-2.697611	-56.050435
18	0.590490	750	-2.657447	-58.707882
19	0.572433	750	-2.608335	-61.316216
20	0.554712	750	-2.565881	-63.882098
21	0.537324	750	-2.517854	-66.399952
22	0.520268	750	-2.501454	-68.901406
23	0.503540	750	-2.416804	-71.318210
24	0.487139	750	-2.383302	-73.701512
25	0.471063	750	-2.375575	-76.077087
26	0.455310	750	-2.348654	-78.425741
27	0.439877	750	-2.253025	-80.678766
28	0.424762	750	-2.236321	-82.915086
29	0.409963	750	-2.166791	-85.081878
30	0.395478	750	-2.144537	-87.226415
31	0.381305	750	-2.170631	-89.397046
32	0.367440	750	-2.039230	-91.436276
33	0.353883	750	-2.124727	-93.561003
34	0.340630	750	-1.977424	-95.538427
35	0.327680	750	-1.943119	-97.481545
36	0.315030	750	-1.940730	-99.422276
37	0.302677	750	-1.874472	-101.296747
38	0.290619	750	-1.935260	-103.232007
39	0.278855	750	-1.852318	-105.084325
40	0.267381	750	-1.860240	-106.944565
41	0.256195	750	-1.748513	-108.693078
42	0.245294	750	-1.842656	-110.535734
43	0.234677	750	-1.723003	-112.258737
44	0.224340	750	-1.709584	-113.968321
45	0.214281	750	-1.614656	-115.582977
46	0.204498	750	-1.644741	-117.227718
47	0.194988	750	-1.652416	-118.880134
48	0.185749	750	-1.532514	-120.412647
49	0.176777	750	-1.502332	-121.914979
50	0.168070	750	-1.514746	-123.429725
51	0.159626	750	-1.424333	-124.854059
52	0.151441	750	-1.424226	-126.278284
53	0.143514	750	-1.337567	-127.615852
54	0.135841	750	-1.310195	-128.926047
55	0.128420	750	-1.327516	-130.253563
56	0.121247	750	-1.273624	-131.527187
57	0.114320	750	-1.255162	-132.782349
58	0.107637	750	-1.196314	-133.978663
59	0.101193	750	-1.190853	-135.169517
60	0.094986	750	-1.126492	-136.296008
61	0.089014	750	-1.096714	-137.392723
62	0.083273	750	-1.015381	-138.408104
63	0.077760	750	-1.021912	-139.430016
64	0.072472	750	-0.962577	-140.392593
65	0.067406	750	-0.933363	-141.325956
66	0.062558	750	-0.911000	-142.236957
67	0.057926	750	-0.882538	-143.119494
68	0.053506	750	-0.843649	-143.963144
69	0.049295	750	-0.814278	-144.777421
70	0.045289	750	-0.775610	-145.553032
71	0.041485	750	-0.727565	-146.280597
72	0.037880	750	-0.694633	-146.975230
73	0.034469	750	-0.663226	-147.638456
74	0.031250	750	-0.644369	-148.282826
75	0.028218	750	-0.598936	-148.881762
76	0.025370	750	-0.587101	-149.468863
77	0.022702	750	-0.552502	-150.021365
78	0.020209	750	-0.516204	-150.537569
79	0.017889	750	-0.495296	-151.032866
80	0.015736	750	-0.463898	-151.496764
81	0.013746	750	-0.417706	-151.914470
82	0.011916	750	-0.385193	-152.299663
83	0.010240	750	-0.377607	-152.677270
84	0.008714	750	-0.341477	-153.018747
85	0.007334	750	-0.332366	-153.351113
86	0.006093	750	-0.277453	-153.628566
87	0.004988	750	-0.261001	-153.889567
88	0.004013	750	-0.243172	-154.132739
89	0.003162	750	-0.200567	-154.333305
90	0.002430	750	-0.173331	-154.506637
91	0.001810	750	-0.156012	-154.662648
92	0.001296	750	-0.133428	-154.796076
93	0.000882	750	-0.100603	-154.896679
94	0.000559	750	-0.090251	-154.986930
95	0.000320	750	-0.061444	-155.048374
96	0.000156	750	-0.043902	-155.092277
97	0.000057	750	-0.025935	-155.118212
98	0.000010	750	-0.013364	-155.131575
99	0.000000	750	-0.002722	-155.134297
Log marginal likelihood:	-155.134297
0	0.975187	750	-3.366317	-3.366317
1	0.950747	750	-3.318760	-6.685077
2	0.926679	750	-3.272751	-9.957829
3	0.902980	750	-3.219113	-13.176942
4	0.879648	750	-3.175398	-16.352339
5	0.856682	750	-3.130117	-19.482456
6	0.834079	750	-3.072059	-22.554515
7	0.811838	750	-3.024898	-25.579413
8	0.789957	750	-2.995174	-28.574587
9	0.768433	750	-2.929439	-31.504025
10	0.747266	750	-2.884753	-34.388779
11	0.726452	750	-2.833917	-37.222696
12	0.705989	750	-2.819155	-40.041851
13	0.685877	750	-2.756809	-42.798659
14	0.666112	750	-2.718543	-45.517202
15	0.646693	750	-2.719589	-48.236791
16	0.627618	750	-2.635026	-50.871817
17	0.608884	750	-2.560605	-53.432422
18	0.590490	750	-2.520704	-55.953126
19	0.572433	750	-2.474970	-58.428095
20	0.554712	750	-2.488178	-60.916274
21	0.537324	750	-2.396639	-63.312913
22	0.520268	750	-2.369192	-65.682105
23	0.503540	750	-2.329712	-68.011816
24	0.487139	750	-2.297892	-70.309708
25	0.471063	750	-2.251282	-72.560990
26	0.455310	750	-2.218557	-74.779547
27	0.439877	750	-2.276438	-77.055985
28	0.424762	750	-2.120594	-79.176579
29	0.409963	750	-2.061867	-81.238446
30	0.395478	750	-2.059107	-83.297553
31	0.381305	750	-2.047595	-85.345148
32	0.367440	750	-2.053394	-87.398542
33	0.353883	750	-2.004898	-89.403440
34	0.340630	750	-1.988283	-91.391723
35	0.327680	750	-1.946823	-93.338547
36	0.315030	750	-1.860743	-95.199290
37	0.302677	750	-1.784105	-96.983395
38	0.290619	750	-1.821455	-98.804850
39	0.278855	750	-1.753378	-100.558228
40	0.267381	750	-1.737105	-102.295334
41	0.256195	750	-1.705904	-104.001237
42	0.245294	750	-1.676404	-105.677642
43	0.234677	750	-1.665823	-107.343465
44	0.224340	750	-1.604678	-108.948143
45	0.214281	750	-1.606724	-110.554867
46	0.204498	750	-1.529290	-112.084157
47	0.194988	750	-1.544585	-113.628742
48	0.185749	750	-1.449345	-115.078087
49	0.176777	750	-1.485017	-116.563104
50	0.168070	750	-1.439175	-118.002280
51	0.159626	750	-1.448279	-119.450559
52	0.151441	750	-1.340370	-120.790929
53	0.143514	750	-1.366916	-122.157845
54	0.135841	750	-1.359512	-123.517357
55	0.128420	750	-1.290585	-124.807942
56	0.121247	750	-1.203380	-126.011322
57	0.114320	750	-1.223760	-127.235082
58	0.107637	750	-1.186094	-128.421177
59	0.101193	750	-1.142865	-129.564042
60	0.094986	750	-1.106765	-130.670807
61	0.089014	750	-1.069189	-131.739996
62	0.083273	750	-1.033694	-132.773690
63	0.077760	750	-0.988539	-133.762229
64	0.072472	750	-0.962324	-134.724554
65	0.067406	750	-0.934444	-135.658998
66	0.062558	750	-0.893528	-136.552526
67	0.057926	750	-0.847421	-137.399948
68	0.053506	750	-0.822402	-138.222349
69	0.049295	750	-0.774295	-138.996644
70	0.045289	750	-0.747574	-139.744218
71	0.041485	750	-0.725090	-140.469308
72	0.037880	750	-0.693190	-141.162498
73	0.034469	750	-0.654129	-141.816627
74	0.031250	750	-0.623415	-142.440042
75	0.028218	750	-0.593044	-143.033086
76	0.025370	750	-0.563904	-143.596990
77	0.022702	750	-0.536142	-144.133132
78	0.020209	750	-0.505232	-144.638364
79	0.017889	750	-0.477837	-145.116200
80	0.015736	750	-0.457291	-145.573491
81	0.013746	750	-0.415842	-145.989333
82	0.011916	750	-0.399075	-146.388408
83	0.010240	750	-0.363828	-146.752236
84	0.008714	750	-0.325121	-147.077357
85	0.007334	750	-0.306349	-147.383706
86	0.006093	750	-0.293026	-147.676732
87	0.004988	750	-0.258862	-147.935595
88	0.004013	750	-0.234705	-148.170299
89	0.003162	750	-0.204292	-148.374591
90	0.002430	750	-0.167678	-148.542269
91	0.001810	750	-0.150328	-148.692598
92	0.001296	750	-0.126145	-148.818743
93	0.000882	750	-0.107005	-148.925748
94	0.000559	750	-0.089926	-149.015674
95	0.000320	750	-0.064145	-149.079819
96	0.000156	750	-0.044375	-149.124194
97	0.000057	750	-0.026398	-149.150592
98	0.000010	750	-0.012993	-149.163585
99	0.000000	750	-0.002748	-149.166333
Log marginal likelihood:	-149.166333
0	0.975187	750	-3.588914	-3.588914
1	0.950747	750	-3.550759	-7.139673
2	0.926679	750	-3.483373	-10.623046
3	0.902980	750	-3.445083	-14.068129
4	0.879648	750	-3.402835	-17.470964
5	0.856682	750	-3.320723	-20.791688
6	0.834079	750	-3.294517	-24.086205
7	0.811838	750	-3.255582	-27.341787
8	0.789957	750	-3.192521	-30.534308
9	0.768433	750	-3.124450	-33.658757
10	0.747266	750	-3.078502	-36.737259
11	0.726452	750	-3.042189	-39.779448
12	0.705989	750	-3.014268	-42.793716
13	0.685877	750	-2.928821	-45.722537
14	0.666112	750	-2.882662	-48.605199
15	0.646693	750	-2.836015	-51.441214
16	0.627618	750	-2.779644	-54.220858
17	0.608884	750	-2.753126	-56.973984
18	0.590490	750	-2.722255	-59.696239
19	0.572433	750	-2.668848	-62.365087
20	0.554712	750	-2.609127	-64.974214
21	0.537324	750	-2.626899	-67.601114
22	0.520268	750	-2.525286	-70.126400
23	0.503540	750	-2.531154	-72.657554
24	0.487139	750	-2.418559	-75.076113
25	0.471063	750	-2.373664	-77.449777
26	0.455310	750	-2.395479	-79.845256
27	0.439877	750	-2.383246	-82.228502
28	0.424762	750	-2.268985	-84.497487
29	0.409963	750	-2.233638	-86.731125
30	0.395478	750	-2.180650	-88.911775
31	0.381305	750	-2.280741	-91.192516
32	0.367440	750	-2.206402	-93.398918
33	0.353883	750	-2.128041	-95.526959
34	0.340630	750	-2.140343	-97.667302
35	0.327680	750	-2.100055	-99.767357
36	0.315030	750	-2.001060	-101.768417
37	0.302677	750	-2.093773	-103.862190
38	0.290619	750	-1.918121	-105.780311
39	0.278855	750	-1.936943	-107.717255
40	0.267381	750	-1.878463	-109.595717
41	0.256195	750	-1.842089	-111.437807
42	0.245294	750	-1.826419	-113.264226
43	0.234677	750	-1.716349	-114.980575
44	0.224340	750	-1.767280	-116.747855
45	0.214281	750	-1.695669	-118.443523
46	0.204498	750	-1.677228	-120.120752
47	0.194988	750	-1.617654	-121.738406
48	0.185749	750	-1.547543	-123.285949
49	0.176777	750	-1.501790	-124.787739
50	0.168070	750	-1.500507	-126.288247
51	0.159626	750	-1.448635	-127.736882
52	0.151441	750	-1.377314	-129.114197
53	0.143514	750	-1.388182	-130.502379
54	0.135841	750	-1.357408	-131.859787
55	0.128420	750	-1.320641	-133.180428
56	0.121247	750	-1.246175	-134.426603
57	0.114320	750	-1.205903	-135.632505
58	0.107637	750	-1.152694	-136.785199
59	0.101193	750	-1.154267	-137.939466
60	0.094986	750	-1.105634	-139.045099
61	0.089014	750	-1.077467	-140.122567
62	0.083273	750	-1.047483	-141.170050
63	0.077760	750	-1.001715	-142.171765
64	0.072472	750	-0.961056	-143.132821
65	0.067406	750	-0.925388	-144.058210
66	0.062558	750	-0.879624	-144.937834
67	0.057926	750	-0.873778	-145.811611
68	0.053506	750	-0.821602	-146.633214
69	0.049295	750	-0.775195	-147.408408
70	0.045289	750	-0.746336	-148.154744
71	0.041485	750	-0.723855	-148.878599
72	0.037880	750	-0.688482	-149.567082
73	0.034469	750	-0.655764	-150.222845
74	0.031250	750	-0.638221	-150.861066
75	0.028218	750	-0.584536	-151.445602
76	0.025370	750	-0.568548	-152.014150
77	0.022702	750	-0.537149	-152.551300
78	0.020209	750	-0.528300	-153.079600
79	0.017889	750	-0.475905	-153.555505
80	0.015736	750	-0.454699	-154.010204
81	0.013746	750	-0.400582	-154.410786
82	0.011916	750	-0.390201	-154.800986
83	0.010240	750	-0.369997	-155.170983
84	0.008714	750	-0.348154	-155.519137
85	0.007334	750	-0.319078	-155.838215
86	0.006093	750	-0.287224	-156.125439
87	0.004988	750	-0.257320	-156.382759
88	0.004013	750	-0.224936	-156.607695
89	0.003162	750	-0.197673	-156.805368
90	0.002430	750	-0.167678	-156.973046
91	0.001810	750	-0.146713	-157.119760
92	0.001296	750	-0.125558	-157.245318
93	0.000882	750	-0.106664	-157.351982
94	0.000559	750	-0.085139	-157.437121
95	0.000320	750	-0.062994	-157.500115
96	0.000156	750	-0.040096	-157.540211
97	0.000057	750	-0.028698	-157.568908
98	0.000010	750	-0.011967	-157.580876
99	0.000000	750	-0.002544	-157.583419
Log marginal likelihood:	-157.583419
0	0.975187	750	-3.677502	-3.677502
1	0.950747	750	-3.623409	-7.300911
2	0.926679	750	-3.587737	-10.888648
3	0.902980	750	-3.516317	-14.404966
4	0.879648	750	-3.477617	-17.882582
5	0.856682	750	-3.405665	-21.288247
6	0.834079	750	-3.359080	-24.647327
7	0.811838	750	-3.310551	-27.957877
8	0.789957	750	-3.255899	-31.213776
9	0.768433	750	-3.209655	-34.423432
10	0.747266	750	-3.152562	-37.575994
11	0.726452	750	-3.105103	-40.681097
12	0.705989	750	-3.049484	-43.730581
13	0.685877	750	-3.014611	-46.745193
14	0.666112	750	-2.957922	-49.703115
15	0.646693	750	-2.908260	-52.611375
16	0.627618	750	-2.859459	-55.470834
17	0.608884	750	-2.807345	-58.278179
18	0.590490	750	-2.772334	-61.050513
19	0.572433	750	-2.705161	-63.755675
20	0.554712	750	-2.652731	-66.408405
21	0.537324	750	-2.618956	-69.027361
22	0.520268	750	-2.611457	-71.638818
23	0.503540	750	-2.533672	-74.172490
24	0.487139	750	-2.469733	-76.642223
25	0.471063	750	-2.454174	-79.096397
26	0.455310	750	-2.420245	-81.516642
27	0.439877	750	-2.440979	-83.957621
28	0.424762	750	-2.294619	-86.252240
29	0.409963	750	-2.348328	-88.600568
30	0.395478	750	-2.200370	-90.800938
31	0.381305	750	-2.221994	-93.022932
32	0.367440	750	-2.140646	-95.163578
33	0.353883	750	-2.208472	-97.372050
34	0.340630	750	-2.201858	-99.573909
35	0.327680	750	-2.086133	-101.660042
36	0.315030	750	-2.135267	-103.795309
37	0.302677	750	-2.020225	-105.815534
38	0.290619	750	-1.939542	-107.755076
39	0.278855	750	-1.885844	-109.640920
40	0.267381	750	-1.880309	-111.521228
41	0.256195	750	-1.802814	-113.324042
42	0.245294	750	-1.822819	-115.146862
43	0.234677	750	-1.862578	-117.009440
44	0.224340	750	-1.715374	-118.724814
45	0.214281	750	-1.740604	-120.465418
46	0.204498	750	-1.734616	-122.200034
47	0.194988	750	-1.696773	-123.896807
48	0.185749	750	-1.550394	-125.447201
49	0.176777	750	-1.585907	-127.033108
50	0.168070	750	-1.514980	-128.548088
51	0.159626	750	-1.505544	-130.053632
52	0.151441	750	-1.443993	-131.497625
53	0.143514	750	-1.452070	-132.949694
54	0.135841	750	-1.344540	-134.294234
55	0.128420	750	-1.300039	-135.594273
56	0.121247	750	-1.300277	-136.894549
57	0.114320	750	-1.269793	-138.164343
58	0.107637	750	-1.187477	-139.351820
59	0.101193	750	-1.171404	-140.523224
60	0.094986	750	-1.158677	-141.681901
61	0.089014	750	-1.100408	-142.782309
62	0.083273	750	-1.066946	-143.849254
63	0.077760	750	-1.025895	-144.875150
64	0.072472	750	-0.989438	-145.864588
65	0.067406	750	-0.941014	-146.805602
66	0.062558	750	-0.931775	-147.737378
67	0.057926	750	-0.871818	-148.609196
68	0.053506	750	-0.833828	-149.443024
69	0.049295	750	-0.792464	-150.235487
70	0.045289	750	-0.772399	-151.007886
71	0.041485	750	-0.726142	-151.734028
72	0.037880	750	-0.695350	-152.429378
73	0.034469	750	-0.671667	-153.101045
74	0.031250	750	-0.665407	-153.766452
75	0.028218	750	-0.604253	-154.370706
76	0.025370	750	-0.587650	-154.958356
77	0.022702	750	-0.548775	-155.507131
78	0.020209	750	-0.527202	-156.034333
79	0.017889	750	-0.495346	-156.529679
80	0.015736	750	-0.450983	-156.980662
81	0.013746	750	-0.427111	-157.407773
82	0.011916	750	-0.395400	-157.803174
83	0.010240	750	-0.377405	-158.180579
84	0.008714	750	-0.339423	-158.520002
85	0.007334	750	-0.325012	-158.845014
86	0.006093	750	-0.304237	-159.149251
87	0.004988	750	-0.276668	-159.425919
88	0.004013	750	-0.235474	-159.661393
89	0.003162	750	-0.221457	-159.882850
90	0.002430	750	-0.178139	-160.060989
91	0.001810	750	-0.148157	-160.209146
92	0.001296	750	-0.134843	-160.343989
93	0.000882	750	-0.105127	-160.449117
94	0.000559	750	-0.084829	-160.533946
95	0.000320	750	-0.066869	-160.600814
96	0.000156	750	-0.046267	-160.647082
97	0.000057	750	-0.027488	-160.674570
98	0.000010	750	-0.012498	-160.687068
99	0.000000	750	-0.002627	-160.689694
Log marginal likelihood:	-160.689694
0	0.975187	750	-3.795919	-3.795919
1	0.950747	750	-3.741194	-7.537113
2	0.926679	750	-3.712804	-11.249916
3	0.902980	750	-3.628667	-14.878583
4	0.879648	750	-3.572666	-18.451249
5	0.856682	750	-3.515522	-21.966772
6	0.834079	750	-3.510861	-25.477632
7	0.811838	750	-3.417516	-28.895148
8	0.789957	750	-3.348499	-32.243647
9	0.768433	750	-3.314169	-35.557816
10	0.747266	750	-3.297861	-38.855677
11	0.726452	750	-3.199227	-42.054903
12	0.705989	750	-3.218629	-45.273532
13	0.685877	750	-3.149900	-48.423432
14	0.666112	750	-3.070946	-51.494378
15	0.646693	750	-3.014362	-54.508739
16	0.627618	750	-2.938293	-57.447032
17	0.608884	750	-2.903080	-60.350113
18	0.590490	750	-2.862715	-63.212828
19	0.572433	750	-2.805125	-66.017953
20	0.554712	750	-2.793682	-68.811635
21	0.537324	750	-2.743625	-71.555260
22	0.520268	750	-2.695995	-74.251254
23	0.503540	750	-2.643974	-76.895228
24	0.487139	750	-2.618713	-79.513941
25	0.471063	750	-2.551400	-82.065341
26	0.455310	750	-2.503617	-84.568958
27	0.439877	750	-2.487293	-87.056251
28	0.424762	750	-2.387260	-89.443510
29	0.409963	750	-2.430077	-91.873587
30	0.395478	750	-2.307212	-94.180800
31	0.381305	750	-2.246572	-96.427372
32	0.367440	750	-2.204689	-98.632060
33	0.353883	750	-2.213369	-100.845429
34	0.340630	750	-2.127855	-102.973285
35	0.327680	750	-2.120312	-105.093596
36	0.315030	750	-2.123483	-107.217079
37	0.302677	750	-2.053356	-109.270435
38	0.290619	750	-1.955376	-111.225812
39	0.278855	750	-1.946698	-113.172509
40	0.267381	750	-1.869149	-115.041659
41	0.256195	750	-1.823339	-116.864998
42	0.245294	750	-1.961288	-118.826286
43	0.234677	750	-1.763461	-120.589746
44	0.224340	750	-1.775091	-122.364838
45	0.214281	750	-1.709857	-124.074694
46	0.204498	750	-1.731222	-125.805917
47	0.194988	750	-1.608526	-127.414443
48	0.185749	750	-1.562500	-128.976944
49	0.176777	750	-1.608692	-130.585636
50	0.168070	750	-1.538553	-132.124189
51	0.159626	750	-1.536483	-133.660672
52	0.151441	750	-1.483725	-135.144398
53	0.143514	750	-1.413391	-136.557789
54	0.135841	750	-1.369444	-137.927232
55	0.128420	750	-1.305080	-139.232312
56	0.121247	750	-1.309805	-140.542118
57	0.114320	750	-1.243337	-141.785455
58	0.107637	750	-1.215932	-143.001387
59	0.101193	750	-1.186392	-144.187779
60	0.094986	750	-1.120784	-145.308563
61	0.089014	750	-1.105163	-146.413726
62	0.083273	750	-1.071931	-147.485658
63	0.077760	750	-1.015354	-148.501012
64	0.072472	750	-0.999034	-149.500046
65	0.067406	750	-0.946749	-150.446795
66	0.062558	750	-0.905579	-151.352374
67	0.057926	750	-0.873733	-152.226107
68	0.053506	750	-0.837517	-153.063624
69	0.049295	750	-0.808729	-153.872353
70	0.045289	750	-0.763311	-154.635663
71	0.041485	750	-0.749169	-155.384832
72	0.037880	750	-0.697069	-156.081901
73	0.034469	750	-0.677882	-156.759783
74	0.031250	750	-0.628907	-157.388689
75	0.028218	750	-0.616082	-158.004771
76	0.025370	750	-0.573899	-158.578670
77	0.022702	750	-0.538132	-159.116802
78	0.020209	750	-0.509964	-159.626766
79	0.017889	750	-0.478121	-160.104887
80	0.015736	750	-0.451809	-160.556696
81	0.013746	750	-0.437806	-160.994502
82	0.011916	750	-0.405186	-161.399689
83	0.010240	750	-0.370369	-161.770058
84	0.008714	750	-0.348243	-162.118301
85	0.007334	750	-0.318391	-162.436692
86	0.006093	750	-0.285885	-162.722577
87	0.004988	750	-0.259065	-162.981642
88	0.004013	750	-0.238248	-163.219890
89	0.003162	750	-0.223973	-163.443864
90	0.002430	750	-0.174015	-163.617878
91	0.001810	750	-0.162549	-163.780427
92	0.001296	750	-0.147408	-163.927835
93	0.000882	750	-0.112222	-164.040057
94	0.000559	750	-0.085073	-164.125130
95	0.000320	750	-0.068020	-164.193150
96	0.000156	750	-0.043558	-164.236708
97	0.000057	750	-0.028021	-164.264729
98	0.000010	750	-0.013107	-164.277836
99	0.000000	750	-0.002733	-164.280569
Log marginal likelihood:	-164.280569
0	0.975187	750	-3.366252	-3.366252
1	0.950747	750	-3.303580	-6.669832
2	0.926679	750	-3.265240	-9.935072
3	0.902980	750	-3.207662	-13.142734
4	0.879648	750	-3.157084	-16.299819
5	0.856682	750	-3.112218	-19.412037
6	0.834079	750	-3.069125	-22.481162
7	0.811838	750	-3.034521	-25.515683
8	0.789957	750	-2.978704	-28.494387
9	0.768433	750	-2.916578	-31.410965
10	0.747266	750	-2.868942	-34.279907
11	0.726452	750	-2.854187	-37.134094
12	0.705989	750	-2.788653	-39.922747
13	0.685877	750	-2.744919	-42.667666
14	0.666112	750	-2.697188	-45.364854
15	0.646693	750	-2.654749	-48.019603
16	0.627618	750	-2.600297	-50.619900
17	0.608884	750	-2.582108	-53.202008
18	0.590490	750	-2.508110	-55.710118
19	0.572433	750	-2.479517	-58.189635
20	0.554712	750	-2.497146	-60.686780
21	0.537324	750	-2.380280	-63.067060
22	0.520268	750	-2.342786	-65.409846
23	0.503540	750	-2.287426	-67.697272
24	0.487139	750	-2.282458	-69.979730
25	0.471063	750	-2.231490	-72.211220
26	0.455310	750	-2.169218	-74.380438
27	0.439877	750	-2.176671	-76.557109
28	0.424762	750	-2.130287	-78.687395
29	0.409963	750	-2.067580	-80.754975
30	0.395478	750	-2.035424	-82.790399
31	0.381305	750	-2.022855	-84.813254
32	0.367440	750	-2.009276	-86.822530
33	0.353883	750	-1.905644	-88.728174
34	0.340630	750	-1.924051	-90.652225
35	0.327680	750	-1.886327	-92.538552
36	0.315030	750	-1.802628	-94.341180
37	0.302677	750	-1.809200	-96.150380
38	0.290619	750	-1.812057	-97.962437
39	0.278855	750	-1.738419	-99.700856
40	0.267381	750	-1.683162	-101.384018
41	0.256195	750	-1.631165	-103.015183
42	0.245294	750	-1.597163	-104.612347
43	0.234677	750	-1.611765	-106.224111
44	0.224340	750	-1.646306	-107.870418
45	0.214281	750	-1.493922	-109.364340
46	0.204498	750	-1.577153	-110.941493
47	0.194988	750	-1.586780	-112.528273
48	0.185749	750	-1.429968	-113.958241
49	0.176777	750	-1.519003	-115.477244
50	0.168070	750	-1.376643	-116.853887
51	0.159626	750	-1.364258	-118.218145
52	0.151441	750	-1.357964	-119.576109
53	0.143514	750	-1.305994	-120.882103
54	0.135841	750	-1.358094	-122.240198
55	0.128420	750	-1.249832	-123.490030
56	0.121247	750	-1.237293	-124.727323
57	0.114320	750	-1.198551	-125.925874
58	0.107637	750	-1.164617	-127.090491
59	0.101193	750	-1.109947	-128.200438
60	0.094986	750	-1.120485	-129.320923
61	0.089014	750	-1.053950	-130.374873
62	0.083273	750	-1.024880	-131.399753
63	0.077760	750	-0.991912	-132.391665
64	0.072472	750	-0.964637	-133.356302
65	0.067406	750	-0.915413	-134.271716
66	0.062558	750	-0.880732	-135.152448
67	0.057926	750	-0.837138	-135.989586
68	0.053506	750	-0.816134	-136.805721
69	0.049295	750	-0.798971	-137.604692
70	0.045289	750	-0.739772	-138.344464
71	0.041485	750	-0.710223	-139.054687
72	0.037880	750	-0.684926	-139.739613
73	0.034469	750	-0.648271	-140.387884
74	0.031250	750	-0.616632	-141.004516
75	0.028218	750	-0.588990	-141.593505
76	0.025370	750	-0.571546	-142.165051
77	0.022702	750	-0.541884	-142.706935
78	0.020209	750	-0.526813	-143.233748
79	0.017889	750	-0.465341	-143.699089
80	0.015736	750	-0.453756	-144.152845
81	0.013746	750	-0.421688	-144.574532
82	0.011916	750	-0.383228	-144.957760
83	0.010240	750	-0.376563	-145.334323
84	0.008714	750	-0.337824	-145.672147
85	0.007334	750	-0.320544	-145.992691
86	0.006093	750	-0.297559	-146.290250
87	0.004988	750	-0.255549	-146.545799
88	0.004013	750	-0.232098	-146.777897
89	0.003162	750	-0.199388	-146.977285
90	0.002430	750	-0.176563	-147.153848
91	0.001810	750	-0.171974	-147.325823
92	0.001296	750	-0.124730	-147.450553
93	0.000882	750	-0.113633	-147.564186
94	0.000559	750	-0.083146	-147.647331
95	0.000320	750	-0.060752	-147.708084
96	0.000156	750	-0.044105	-147.752188
97	0.000057	750	-0.026309	-147.778497
98	0.000010	750	-0.012411	-147.790909
99	0.000000	750	-0.002601	-147.793509
Log marginal likelihood:	-147.793509
0	0.975187	750	-3.422588	-3.422588
1	0.950747	750	-3.392781	-6.815368
2	0.926679	750	-3.339140	-10.154508
3	0.902980	750	-3.360454	-13.514962
4	0.879648	750	-3.231752	-16.746714
5	0.856682	750	-3.176022	-19.922736
6	0.834079	750	-3.158833	-23.081569
7	0.811838	750	-3.083613	-26.165182
8	0.789957	750	-3.025344	-29.190526
9	0.768433	750	-3.013779	-32.204305
10	0.747266	750	-2.961467	-35.165773
11	0.726452	750	-2.902049	-38.067822
12	0.705989	750	-2.852080	-40.919902
13	0.685877	750	-2.903961	-43.823863
14	0.666112	750	-2.763592	-46.587455
15	0.646693	750	-2.707021	-49.294476
16	0.627618	750	-2.726986	-52.021462
17	0.608884	750	-2.630836	-54.652298
18	0.590490	750	-2.614047	-57.266345
19	0.572433	750	-2.584130	-59.850475
20	0.554712	750	-2.561113	-62.411588
21	0.537324	750	-2.427951	-64.839539
22	0.520268	750	-2.412764	-67.252304
23	0.503540	750	-2.372583	-69.624886
24	0.487139	750	-2.345247	-71.970133
25	0.471063	750	-2.273422	-74.243555
26	0.455310	750	-2.248036	-76.491591
27	0.439877	750	-2.217081	-78.708673
28	0.424762	750	-2.135868	-80.844541
29	0.409963	750	-2.154839	-82.999379
30	0.395478	750	-2.105800	-85.105179
31	0.381305	750	-2.009580	-87.114759
32	0.367440	750	-2.037287	-89.152046
33	0.353883	750	-1.995727	-91.147773
34	0.340630	750	-1.921752	-93.069525
35	0.327680	750	-1.935162	-95.004687
36	0.315030	750	-1.846129	-96.850816
37	0.302677	750	-1.824888	-98.675704
38	0.290619	750	-1.792343	-100.468047
39	0.278855	750	-1.748969	-102.217016
40	0.267381	750	-1.733481	-103.950497
41	0.256195	750	-1.788743	-105.739240
42	0.245294	750	-1.652133	-107.391373
43	0.234677	750	-1.613581	-109.004954
44	0.224340	750	-1.585061	-110.590015
45	0.214281	750	-1.594301	-112.184316
46	0.204498	750	-1.666801	-113.851117
47	0.194988	750	-1.533319	-115.384436
48	0.185749	750	-1.505690	-116.890126
49	0.176777	750	-1.461311	-118.351437
50	0.168070	750	-1.437407	-119.788844
51	0.159626	750	-1.451775	-121.240619
52	0.151441	750	-1.321575	-122.562194
53	0.143514	750	-1.303840	-123.866034
54	0.135841	750	-1.309594	-125.175627
55	0.128420	750	-1.277943	-126.453570
56	0.121247	750	-1.208991	-127.662561
57	0.114320	750	-1.213876	-128.876437
58	0.107637	750	-1.188321	-130.064759
59	0.101193	750	-1.154333	-131.219092
60	0.094986	750	-1.092298	-132.311390
61	0.089014	750	-1.061192	-133.372582
62	0.083273	750	-0.985183	-134.357765
63	0.077760	750	-0.978754	-135.336519
64	0.072472	750	-0.949857	-136.286376
65	0.067406	750	-0.914585	-137.200961
66	0.062558	750	-0.891879	-138.092840
67	0.057926	750	-0.827905	-138.920745
68	0.053506	750	-0.826989	-139.747735
69	0.049295	750	-0.790195	-140.537929
70	0.045289	750	-0.749030	-141.286959
71	0.041485	750	-0.712681	-141.999640
72	0.037880	750	-0.683887	-142.683527
73	0.034469	750	-0.653421	-143.336948
74	0.031250	750	-0.619471	-143.956419
75	0.028218	750	-0.575571	-144.531991
76	0.025370	750	-0.561888	-145.093879
77	0.022702	750	-0.517826	-145.611705
78	0.020209	750	-0.506905	-146.118611
79	0.017889	750	-0.464761	-146.583372
80	0.015736	750	-0.438480	-147.021852
81	0.013746	750	-0.405489	-147.427340
82	0.011916	750	-0.381016	-147.808356
83	0.010240	750	-0.356376	-148.164733
84	0.008714	750	-0.328675	-148.493408
85	0.007334	750	-0.310122	-148.803530
86	0.006093	750	-0.302055	-149.105585
87	0.004988	750	-0.262829	-149.368415
88	0.004013	750	-0.219506	-149.587921
89	0.003162	750	-0.212564	-149.800485
90	0.002430	750	-0.177408	-149.977893
91	0.001810	750	-0.154527	-150.132420
92	0.001296	750	-0.124070	-150.256490
93	0.000882	750	-0.109465	-150.365954
94	0.000559	750	-0.087002	-150.452956
95	0.000320	750	-0.068148	-150.521104
96	0.000156	750	-0.040979	-150.562083
97	0.000057	750	-0.028508	-150.590591
98	0.000010	750	-0.012745	-150.603336
99	0.000000	750	-0.002601	-150.605937
Log marginal likelihood:	-150.605937
0	0.975187	750	-3.412660	-3.412660
1	0.950747	750	-3.369727	-6.782388
2	0.926679	750	-3.334484	-10.116871
3	0.902980	750	-3.263215	-13.380086
4	0.879648	750	-3.221265	-16.601351
5	0.856682	750	-3.173772	-19.775123
6	0.834079	750	-3.118319	-22.893442
7	0.811838	750	-3.069997	-25.963439
8	0.789957	750	-3.078250	-29.041689
9	0.768433	750	-2.977607	-32.019296
10	0.747266	750	-2.966071	-34.985367
11	0.726452	750	-2.884073	-37.869440
12	0.705989	750	-2.852581	-40.722021
13	0.685877	750	-2.795693	-43.517715
14	0.666112	750	-2.892647	-46.410362
15	0.646693	750	-2.735403	-49.145765
16	0.627618	750	-2.686869	-51.832633
17	0.608884	750	-2.618852	-54.451485
18	0.590490	750	-2.554585	-57.006070
19	0.572433	750	-2.524674	-59.530743
20	0.554712	750	-2.521959	-62.052702
21	0.537324	750	-2.513914	-64.566616
22	0.520268	750	-2.420821	-66.987437
23	0.503540	750	-2.424375	-69.411812
24	0.487139	750	-2.361112	-71.772924
25	0.471063	750	-2.278078	-74.051002
26	0.455310	750	-2.207199	-76.258202
27	0.439877	750	-2.212425	-78.470626
28	0.424762	750	-2.151503	-80.622129
29	0.409963	750	-2.172853	-82.794982
30	0.395478	750	-2.102517	-84.897499
31	0.381305	750	-2.037190	-86.934689
32	0.367440	750	-2.006454	-88.941143
33	0.353883	750	-2.053951	-90.995094
34	0.340630	750	-1.940799	-92.935893
35	0.327680	750	-1.919380	-94.855273
36	0.315030	750	-1.881237	-96.736510
37	0.302677	750	-1.903115	-98.639625
38	0.290619	750	-1.772770	-100.412395
39	0.278855	750	-1.754594	-102.166989
40	0.267381	750	-1.714972	-103.881961
41	0.256195	750	-1.675515	-105.557476
42	0.245294	750	-1.679730	-107.237206
43	0.234677	750	-1.736582	-108.973788
44	0.224340	750	-1.694462	-110.668250
45	0.214281	750	-1.576225	-112.244474
46	0.204498	750	-1.538241	-113.782715
47	0.194988	750	-1.516573	-115.299288
48	0.185749	750	-1.458248	-116.757537
49	0.176777	750	-1.517849	-118.275385
50	0.168070	750	-1.423790	-119.699175
51	0.159626	750	-1.499854	-121.199029
52	0.151441	750	-1.378747	-122.577776
53	0.143514	750	-1.405842	-123.983618
54	0.135841	750	-1.311507	-125.295125
55	0.128420	750	-1.311308	-126.606432
56	0.121247	750	-1.255450	-127.861882
57	0.114320	750	-1.217574	-129.079456
58	0.107637	750	-1.201269	-130.280725
59	0.101193	750	-1.107415	-131.388140
60	0.094986	750	-1.125466	-132.513606
61	0.089014	750	-1.060902	-133.574508
62	0.083273	750	-1.040906	-134.615414
63	0.077760	750	-0.983042	-135.598456
64	0.072472	750	-0.956577	-136.555034
65	0.067406	750	-0.923725	-137.478759
66	0.062558	750	-0.881573	-138.360332
67	0.057926	750	-0.857254	-139.217585
68	0.053506	750	-0.821005	-140.038591
69	0.049295	750	-0.784327	-140.822918
70	0.045289	750	-0.763435	-141.586353
71	0.041485	750	-0.721234	-142.307587
72	0.037880	750	-0.685333	-142.992920
73	0.034469	750	-0.665020	-143.657941
74	0.031250	750	-0.635283	-144.293224
75	0.028218	750	-0.607860	-144.901084
76	0.025370	750	-0.562361	-145.463445
77	0.022702	750	-0.534572	-145.998017
78	0.020209	750	-0.537143	-146.535160
79	0.017889	750	-0.467521	-147.002680
80	0.015736	750	-0.501439	-147.504119
81	0.013746	750	-0.416245	-147.920364
82	0.011916	750	-0.418631	-148.338995
83	0.010240	750	-0.373568	-148.712563
84	0.008714	750	-0.337962	-149.050526
85	0.007334	750	-0.316620	-149.367145
86	0.006093	750	-0.315091	-149.682236
87	0.004988	750	-0.264867	-149.947103
88	0.004013	750	-0.221963	-150.169066
89	0.003162	750	-0.214212	-150.383278
90	0.002430	750	-0.179783	-150.563061
91	0.001810	750	-0.159599	-150.722660
92	0.001296	750	-0.126221	-150.848881
93	0.000882	750	-0.104077	-150.952958
94	0.000559	750	-0.085226	-151.038184
95	0.000320	750	-0.070005	-151.108189
96	0.000156	750	-0.049561	-151.157749
97	0.000057	750	-0.027450	-151.185200
98	0.000010	750	-0.012598	-151.197798
99	0.000000	750	-0.002618	-151.200416
Log marginal likelihood:	-151.200416
0	0.975187	750	-3.162123	-3.162123
1	0.950747	750	-3.111578	-6.273701
2	0.926679	750	-3.071793	-9.345494
3	0.902980	750	-3.024669	-12.370163
4	0.879648	750	-2.987704	-15.357867
5	0.856682	750	-2.954454	-18.312322
6	0.834079	750	-2.899311	-21.211632
7	0.811838	750	-2.873860	-24.085493
8	0.789957	750	-2.804099	-26.889591
9	0.768433	750	-2.787770	-29.677361
10	0.747266	750	-2.714945	-32.392307
11	0.726452	750	-2.680852	-35.073158
12	0.705989	750	-2.641474	-37.714632
13	0.685877	750	-2.570386	-40.285018
14	0.666112	750	-2.555716	-42.840734
15	0.646693	750	-2.506767	-45.347501
16	0.627618	750	-2.478116	-47.825617
17	0.608884	750	-2.425576	-50.251193
18	0.590490	750	-2.375339	-52.626532
19	0.572433	750	-2.372414	-54.998946
20	0.554712	750	-2.293977	-57.292923
21	0.537324	750	-2.272994	-59.565918
22	0.520268	750	-2.231336	-61.797254
23	0.503540	750	-2.214937	-64.012191
24	0.487139	750	-2.148507	-66.160698
25	0.471063	750	-2.107268	-68.267967
26	0.455310	750	-2.068675	-70.336642
27	0.439877	750	-2.105284	-72.441926
28	0.424762	750	-1.988095	-74.430020
29	0.409963	750	-2.031146	-76.461166
30	0.395478	750	-1.901295	-78.362461
31	0.381305	750	-1.922834	-80.285296
32	0.367440	750	-1.883337	-82.168632
33	0.353883	750	-1.836995	-84.005628
34	0.340630	750	-1.819834	-85.825462
35	0.327680	750	-1.829394	-87.654856
36	0.315030	750	-1.768747	-89.423603
37	0.302677	750	-1.740469	-91.164072
38	0.290619	750	-1.683525	-92.847597
39	0.278855	750	-1.640446	-94.488043
40	0.267381	750	-1.634523	-96.122566
41	0.256195	750	-1.552434	-97.675000
42	0.245294	750	-1.484278	-99.159277
43	0.234677	750	-1.474406	-100.633683
44	0.224340	750	-1.486842	-102.120526
45	0.214281	750	-1.460361	-103.580886
46	0.204498	750	-1.418025	-104.998911
47	0.194988	750	-1.468893	-106.467805
48	0.185749	750	-1.353354	-107.821159
49	0.176777	750	-1.463864	-109.285023
50	0.168070	750	-1.422695	-110.707718
51	0.159626	750	-1.383904	-112.091622
52	0.151441	750	-1.333728	-113.425350
53	0.143514	750	-1.187590	-114.612940
54	0.135841	750	-1.186062	-115.799002
55	0.128420	750	-1.294453	-117.093455
56	0.121247	750	-1.254332	-118.347786
57	0.114320	750	-1.118061	-119.465847
58	0.107637	750	-1.208674	-120.674522
59	0.101193	750	-1.161238	-121.835760
60	0.094986	750	-1.059832	-122.895592
61	0.089014	750	-1.036577	-123.932169
62	0.083273	750	-1.002001	-124.934170
63	0.077760	750	-1.016620	-125.950790
64	0.072472	750	-0.904098	-126.854889
65	0.067406	750	-0.918490	-127.773379
66	0.062558	750	-0.912566	-128.685945
67	0.057926	750	-0.869966	-129.555910
68	0.053506	750	-0.824903	-130.380813
69	0.049295	750	-0.789987	-131.170800
70	0.045289	750	-0.755817	-131.926617
71	0.041485	750	-0.719193	-132.645810
72	0.037880	750	-0.689413	-133.335223
73	0.034469	750	-0.653034	-133.988257
74	0.031250	750	-0.628149	-134.616407
75	0.028218	750	-0.592087	-135.208494
76	0.025370	750	-0.572177	-135.780671
77	0.022702	750	-0.532921	-136.313592
78	0.020209	750	-0.514811	-136.828403
79	0.017889	750	-0.475351	-137.303754
80	0.015736	750	-0.468124	-137.771877
81	0.013746	750	-0.429844	-138.201721
82	0.011916	750	-0.393775	-138.595496
83	0.010240	750	-0.358869	-138.954366
84	0.008714	750	-0.337882	-139.292248
85	0.007334	750	-0.308543	-139.600791
86	0.006093	750	-0.288254	-139.889045
87	0.004988	750	-0.270438	-140.159483
88	0.004013	750	-0.257926	-140.417409
89	0.003162	750	-0.211286	-140.628696
90	0.002430	750	-0.183236	-140.811932
91	0.001810	750	-0.166815	-140.978747
92	0.001296	750	-0.125800	-141.104547
93	0.000882	750	-0.100497	-141.205045
94	0.000559	750	-0.083932	-141.288977
95	0.000320	750	-0.063505	-141.352482
96	0.000156	750	-0.046513	-141.398995
97	0.000057	750	-0.026032	-141.425027
98	0.000010	750	-0.011490	-141.436516
99	0.000000	750	-0.002894	-141.439410
Log marginal likelihood:	-141.439410
0	0.975187	750	-3.359899	-3.359899
1	0.950747	750	-3.320738	-6.680637
2	0.926679	750	-3.269334	-9.949971
3	0.902980	750	-3.237116	-13.187087
4	0.879648	750	-3.169303	-16.356390
5	0.856682	750	-3.146472	-19.502862
6	0.834079	750	-3.077284	-22.580146
7	0.811838	750	-3.035822	-25.615967
8	0.789957	750	-2.963986	-28.579953
9	0.768433	750	-3.040914	-31.620867
10	0.747266	750	-2.903984	-34.524851
11	0.726452	750	-2.866211	-37.391063
12	0.705989	750	-2.798291	-40.189354
13	0.685877	750	-2.745250	-42.934604
14	0.666112	750	-2.735330	-45.669934
15	0.646693	750	-2.656950	-48.326884
16	0.627618	750	-2.630179	-50.957063
17	0.608884	750	-2.575089	-53.532152
18	0.590490	750	-2.538513	-56.070665
19	0.572433	750	-2.499724	-58.570389
20	0.554712	750	-2.474098	-61.044487
21	0.537324	750	-2.457327	-63.501814
22	0.520268	750	-2.396684	-65.898498
23	0.503540	750	-2.378215	-68.276712
24	0.487139	750	-2.287689	-70.564401
25	0.471063	750	-2.283439	-72.847841
26	0.455310	750	-2.293236	-75.141076
27	0.439877	750	-2.153783	-77.294859
28	0.424762	750	-2.170151	-79.465010
29	0.409963	750	-2.200639	-81.665650
30	0.395478	750	-2.025943	-83.691592
31	0.381305	750	-1.996365	-85.687958
32	0.367440	750	-1.963266	-87.651223
33	0.353883	750	-1.955826	-89.607050
34	0.340630	750	-1.933072	-91.540121
35	0.327680	750	-1.879113	-93.419234
36	0.315030	750	-1.918739	-95.337973
37	0.302677	750	-1.816849	-97.154822
38	0.290619	750	-1.775160	-98.929982
39	0.278855	750	-1.731554	-100.661536
40	0.267381	750	-1.794863	-102.456399
41	0.256195	750	-1.799167	-104.255566
42	0.245294	750	-1.661482	-105.917048
43	0.234677	750	-1.603351	-107.520399
44	0.224340	750	-1.535958	-109.056357
45	0.214281	750	-1.603053	-110.659410
46	0.204498	750	-1.610950	-112.270359
47	0.194988	750	-1.599290	-113.869649
48	0.185749	750	-1.385043	-115.254692
49	0.176777	750	-1.467670	-116.722362
50	0.168070	750	-1.398670	-118.121032
51	0.159626	750	-1.449339	-119.570371
52	0.151441	750	-1.393764	-120.964135
53	0.143514	750	-1.284194	-122.248329
54	0.135841	750	-1.310430	-123.558759
55	0.128420	750	-1.265940	-124.824699
56	0.121247	750	-1.256052	-126.080751
57	0.114320	750	-1.226111	-127.306862
58	0.107637	750	-1.128625	-128.435487
59	0.101193	750	-1.151268	-129.586755
60	0.094986	750	-1.118967	-130.705722
61	0.089014	750	-1.051804	-131.757525
62	0.083273	750	-0.990150	-132.747675
63	0.077760	750	-1.008024	-133.755699
64	0.072472	750	-0.945570	-134.701269
65	0.067406	750	-0.926857	-135.628126
66	0.062558	750	-0.889911	-136.518037
67	0.057926	750	-0.846822	-137.364859
68	0.053506	750	-0.820878	-138.185737
69	0.049295	750	-0.788659	-138.974396
70	0.045289	750	-0.740133	-139.714529
71	0.041485	750	-0.694625	-140.409153
72	0.037880	750	-0.681217	-141.090371
73	0.034469	750	-0.653914	-141.744285
74	0.031250	750	-0.604776	-142.349061
75	0.028218	750	-0.588613	-142.937674
76	0.025370	750	-0.559144	-143.496818
77	0.022702	750	-0.540648	-144.037466
78	0.020209	750	-0.508601	-144.546068
79	0.017889	750	-0.464056	-145.010123
80	0.015736	750	-0.448602	-145.458725
81	0.013746	750	-0.422431	-145.881156
82	0.011916	750	-0.376676	-146.257832
83	0.010240	750	-0.358776	-146.616608
84	0.008714	750	-0.344929	-146.961537
85	0.007334	750	-0.313724	-147.275261
86	0.006093	750	-0.291026	-147.566288
87	0.004988	750	-0.286434	-147.852722
88	0.004013	750	-0.241153	-148.093875
89	0.003162	750	-0.202185	-148.296061
90	0.002430	750	-0.189701	-148.485762
91	0.001810	750	-0.163977	-148.649739
92	0.001296	750	-0.138539	-148.788278
93	0.000882	750	-0.108384	-148.896662
94	0.000559	750	-0.084155	-148.980817
95	0.000320	750	-0.069751	-149.050568
96	0.000156	750	-0.045575	-149.096143
97	0.000057	750	-0.024653	-149.120796
98	0.000010	750	-0.014414	-149.135210
99	0.000000	750	-0.002754	-149.137964
Log marginal likelihood:	-149.137964
0	0.975187	750	-3.700006	-3.700006
1	0.950747	750	-3.644177	-7.344183
2	0.926679	750	-3.598420	-10.942602
3	0.902980	750	-3.531514	-14.474116
4	0.879648	750	-3.505592	-17.979708
5	0.856682	750	-3.435423	-21.415132
6	0.834079	750	-3.366463	-24.781594
7	0.811838	750	-3.378381	-28.159975
8	0.789957	750	-3.275896	-31.435872
9	0.768433	750	-3.255223	-34.691094
10	0.747266	750	-3.189744	-37.880838
11	0.726452	750	-3.112569	-40.993407
12	0.705989	750	-3.075720	-44.069127
13	0.685877	750	-3.006373	-47.075501
14	0.666112	750	-2.971456	-50.046957
15	0.646693	750	-2.940583	-52.987540
16	0.627618	750	-2.891856	-55.879396
17	0.608884	750	-2.889507	-58.768903
18	0.590490	750	-2.779037	-61.547941
19	0.572433	750	-2.749462	-64.297403
20	0.554712	750	-2.711279	-67.008682
21	0.537324	750	-2.735774	-69.744456
22	0.520268	750	-2.608371	-72.352828
23	0.503540	750	-2.587410	-74.940237
24	0.487139	750	-2.526292	-77.466529
25	0.471063	750	-2.441677	-79.908207
26	0.455310	750	-2.423833	-82.332040
27	0.439877	750	-2.364351	-84.696391
28	0.424762	750	-2.330707	-87.027098
29	0.409963	750	-2.271442	-89.298540
30	0.395478	750	-2.257119	-91.555659
31	0.381305	750	-2.202624	-93.758283
32	0.367440	750	-2.407040	-96.165323
33	0.353883	750	-2.132823	-98.298146
34	0.340630	750	-2.100432	-100.398578
35	0.327680	750	-2.051919	-102.450497
36	0.315030	750	-2.138195	-104.588692
37	0.302677	750	-2.009076	-106.597768
38	0.290619	750	-2.026511	-108.624279
39	0.278855	750	-1.884533	-110.508812
40	0.267381	750	-1.834308	-112.343120
41	0.256195	750	-1.822225	-114.165345
42	0.245294	750	-1.818039	-115.983384
43	0.234677	750	-1.702981	-117.686365
44	0.224340	750	-1.802701	-119.489066
45	0.214281	750	-1.671163	-121.160229
46	0.204498	750	-1.594498	-122.754726
47	0.194988	750	-1.613129	-124.367855
48	0.185749	750	-1.544542	-125.912398
49	0.176777	750	-1.591438	-127.503836
50	0.168070	750	-1.444528	-128.948364
51	0.159626	750	-1.449273	-130.397637
52	0.151441	750	-1.428822	-131.826459
53	0.143514	750	-1.414236	-133.240694
54	0.135841	750	-1.378131	-134.618825
55	0.128420	750	-1.277912	-135.896738
56	0.121247	750	-1.273469	-137.170207
57	0.114320	750	-1.222918	-138.393124
58	0.107637	750	-1.201156	-139.594280
59	0.101193	750	-1.162828	-140.757109
60	0.094986	750	-1.094624	-141.851732
61	0.089014	750	-1.085474	-142.937207
62	0.083273	750	-1.069937	-144.007144
63	0.077760	750	-0.998716	-145.005859
64	0.072472	750	-0.989764	-145.995623
65	0.067406	750	-0.933274	-146.928897
66	0.062558	750	-0.891252	-147.820149
67	0.057926	750	-0.870707	-148.690856
68	0.053506	750	-0.817049	-149.507905
69	0.049295	750	-0.787745	-150.295651
70	0.045289	750	-0.738042	-151.033693
71	0.041485	750	-0.727252	-151.760945
72	0.037880	750	-0.688905	-152.449849
73	0.034469	750	-0.663024	-153.112874
74	0.031250	750	-0.615597	-153.728471
75	0.028218	750	-0.602848	-154.331319
76	0.025370	750	-0.573756	-154.905075
77	0.022702	750	-0.542756	-155.447831
78	0.020209	750	-0.510684	-155.958515
79	0.017889	750	-0.508777	-156.467292
80	0.015736	750	-0.438103	-156.905395
81	0.013746	750	-0.432007	-157.337402
82	0.011916	750	-0.399806	-157.737208
83	0.010240	750	-0.381933	-158.119140
84	0.008714	750	-0.333587	-158.452727
85	0.007334	750	-0.310349	-158.763076
86	0.006093	750	-0.280414	-159.043489
87	0.004988	750	-0.277125	-159.320615
88	0.004013	750	-0.233868	-159.554483
89	0.003162	750	-0.221430	-159.775913
90	0.002430	750	-0.198264	-159.974177
91	0.001810	750	-0.154350	-160.128527
92	0.001296	750	-0.127115	-160.255643
93	0.000882	750	-0.108597	-160.364239
94	0.000559	750	-0.101300	-160.465539
95	0.000320	750	-0.070628	-160.536167
96	0.000156	750	-0.046589	-160.582756
97	0.000057	750	-0.025193	-160.607949
98	0.000010	750	-0.012613	-160.620562
99	0.000000	750	-0.002855	-160.623417
Log marginal likelihood:	-160.623417
0	0.975187	750	-3.652415	-3.652415
1	0.950747	750	-3.608479	-7.260894
2	0.926679	750	-3.538572	-10.799466
3	0.902980	750	-3.492443	-14.291909
4	0.879648	750	-3.449676	-17.741585
5	0.856682	750	-3.400448	-21.142033
6	0.834079	750	-3.365068	-24.507101
7	0.811838	750	-3.284931	-27.792032
8	0.789957	750	-3.233254	-31.025286
9	0.768433	750	-3.182839	-34.208125
10	0.747266	750	-3.132123	-37.340248
11	0.726452	750	-3.095366	-40.435614
12	0.705989	750	-3.033299	-43.468913
13	0.685877	750	-2.987039	-46.455952
14	0.666112	750	-2.931882	-49.387834
15	0.646693	750	-2.886507	-52.274342
16	0.627618	750	-2.876600	-55.150942
17	0.608884	750	-2.791842	-57.942784
18	0.590490	750	-2.741425	-60.684209
19	0.572433	750	-2.708406	-63.392615
20	0.554712	750	-2.673995	-66.066610
21	0.537324	750	-2.687988	-68.754598
22	0.520268	750	-2.542618	-71.297216
23	0.503540	750	-2.512031	-73.809246
24	0.487139	750	-2.464076	-76.273323
25	0.471063	750	-2.452561	-78.725883
26	0.455310	750	-2.384341	-81.110224
27	0.439877	750	-2.487047	-83.597271
28	0.424762	750	-2.349034	-85.946305
29	0.409963	750	-2.290980	-88.237285
30	0.395478	750	-2.429453	-90.666738
31	0.381305	750	-2.235101	-92.901839
32	0.367440	750	-2.115200	-95.017039
33	0.353883	750	-2.156210	-97.173249
34	0.340630	750	-2.134215	-99.307464
35	0.327680	750	-2.114847	-101.422311
36	0.315030	750	-1.954830	-103.377141
37	0.302677	750	-1.940512	-105.317653
38	0.290619	750	-2.117351	-107.435005
39	0.278855	750	-1.865810	-109.300814
40	0.267381	750	-1.902009	-111.202824
41	0.256195	750	-1.838824	-113.041648
42	0.245294	750	-1.823839	-114.865487
43	0.234677	750	-1.758003	-116.623490
44	0.224340	750	-1.724331	-118.347822
45	0.214281	750	-1.735399	-120.083220
46	0.204498	750	-1.705546	-121.788766
47	0.194988	750	-1.664954	-123.453720
48	0.185749	750	-1.594696	-125.048416
49	0.176777	750	-1.558902	-126.607318
50	0.168070	750	-1.523196	-128.130515
51	0.159626	750	-1.509669	-129.640183
52	0.151441	750	-1.479119	-131.119302
53	0.143514	750	-1.385578	-132.504881
54	0.135841	750	-1.368562	-133.873443
55	0.128420	750	-1.338913	-135.212356
56	0.121247	750	-1.284399	-136.496755
57	0.114320	750	-1.267884	-137.764639
58	0.107637	750	-1.202528	-138.967167
59	0.101193	750	-1.176858	-140.144025
60	0.094986	750	-1.121525	-141.265550
61	0.089014	750	-1.105793	-142.371343
62	0.083273	750	-1.053112	-143.424454
63	0.077760	750	-1.035326	-144.459781
64	0.072472	750	-0.982657	-145.442437
65	0.067406	750	-0.947249	-146.389686
66	0.062558	750	-0.918681	-147.308368
67	0.057926	750	-0.870727	-148.179095
68	0.053506	750	-0.842574	-149.021669
69	0.049295	750	-0.808307	-149.829976
70	0.045289	750	-0.769346	-150.599323
71	0.041485	750	-0.736736	-151.336058
72	0.037880	750	-0.702942	-152.039000
73	0.034469	750	-0.673088	-152.712088
74	0.031250	750	-0.640605	-153.352693
75	0.028218	750	-0.610475	-153.963168
76	0.025370	750	-0.567749	-154.530918
77	0.022702	750	-0.534541	-155.065459
78	0.020209	750	-0.535133	-155.600592
79	0.017889	750	-0.471229	-156.071821
80	0.015736	750	-0.467657	-156.539478
81	0.013746	750	-0.419795	-156.959273
82	0.011916	750	-0.399936	-157.359209
83	0.010240	750	-0.380581	-157.739790
84	0.008714	750	-0.338640	-158.078431
85	0.007334	750	-0.307007	-158.385437
86	0.006093	750	-0.287415	-158.672852
87	0.004988	750	-0.278298	-158.951150
88	0.004013	750	-0.234613	-159.185763
89	0.003162	750	-0.217685	-159.403448
90	0.002430	750	-0.196949	-159.600397
91	0.001810	750	-0.151462	-159.751859
92	0.001296	750	-0.127690	-159.879549
93	0.000882	750	-0.106137	-159.985686
94	0.000559	750	-0.085711	-160.071397
95	0.000320	750	-0.067828	-160.139225
96	0.000156	750	-0.045404	-160.184629
97	0.000057	750	-0.026977	-160.211606
98	0.000010	750	-0.012451	-160.224057
99	0.000000	750	-0.003016	-160.227073
Log marginal likelihood:	-160.227073
0	0.975187	750	-3.464654	-3.464654
1	0.950747	750	-3.414098	-6.878752
2	0.926679	750	-3.363375	-10.242127
3	0.902980	750	-3.307767	-13.549894
4	0.879648	750	-3.326073	-16.875968
5	0.856682	750	-3.226981	-20.102949
6	0.834079	750	-3.161030	-23.263979
7	0.811838	750	-3.123351	-26.387330
8	0.789957	750	-3.058957	-29.446287
9	0.768433	750	-3.012348	-32.458635
10	0.747266	750	-2.964909	-35.423544
11	0.726452	750	-2.925512	-38.349056
12	0.705989	750	-2.878854	-41.227910
13	0.685877	750	-2.820198	-44.048107
14	0.666112	750	-2.777136	-46.825244
15	0.646693	750	-2.734346	-49.559589
16	0.627618	750	-2.695590	-52.255179
17	0.608884	750	-2.666517	-54.921696
18	0.590490	750	-2.594018	-57.515713
19	0.572433	750	-2.570393	-60.086106
20	0.554712	750	-2.542067	-62.628173
21	0.537324	750	-2.497542	-65.125715
22	0.520268	750	-2.420791	-67.546506
23	0.503540	750	-2.445880	-69.992385
24	0.487139	750	-2.382096	-72.374481
25	0.471063	750	-2.293604	-74.668085
26	0.455310	750	-2.329770	-76.997855
27	0.439877	750	-2.291068	-79.288923
28	0.424762	750	-2.189684	-81.478608
29	0.409963	750	-2.162698	-83.641305
30	0.395478	750	-2.103470	-85.744776
31	0.381305	750	-2.079363	-87.824139
32	0.367440	750	-2.045797	-89.869935
33	0.353883	750	-1.983338	-91.853274
34	0.340630	750	-1.957500	-93.810774
35	0.327680	750	-1.897594	-95.708368
36	0.315030	750	-1.922884	-97.631252
37	0.302677	750	-1.908408	-99.539660
38	0.290619	750	-1.883033	-101.422693
39	0.278855	750	-1.799127	-103.221821
40	0.267381	750	-1.732830	-104.954651
41	0.256195	750	-1.732421	-106.687072
42	0.245294	750	-1.645917	-108.332989
43	0.234677	750	-1.553845	-109.886834
44	0.224340	750	-1.580641	-111.467475
45	0.214281	750	-1.625497	-113.092972
46	0.204498	750	-1.541596	-114.634568
47	0.194988	750	-1.607891	-116.242459
48	0.185749	750	-1.499286	-117.741744
49	0.176777	750	-1.448608	-119.190352
50	0.168070	750	-1.473757	-120.664109
51	0.159626	750	-1.410277	-122.074386
52	0.151441	750	-1.331273	-123.405660
53	0.143514	750	-1.313559	-124.719219
54	0.135841	750	-1.326528	-126.045747
55	0.128420	750	-1.242208	-127.287955
56	0.121247	750	-1.295115	-128.583069
57	0.114320	750	-1.213968	-129.797038
58	0.107637	750	-1.197443	-130.994480
59	0.101193	750	-1.173483	-132.167963
60	0.094986	750	-1.109467	-133.277430
61	0.089014	750	-1.031402	-134.308832
62	0.083273	750	-1.043436	-135.352268
63	0.077760	750	-0.954508	-136.306776
64	0.072472	750	-0.955371	-137.262147
65	0.067406	750	-0.938960	-138.201107
66	0.062558	750	-0.899663	-139.100770
67	0.057926	750	-0.872416	-139.973187
68	0.053506	750	-0.803773	-140.776959
69	0.049295	750	-0.794743	-141.571702
70	0.045289	750	-0.766119	-142.337821
71	0.041485	750	-0.714916	-143.052737
72	0.037880	750	-0.702115	-143.754852
73	0.034469	750	-0.659309	-144.414161
74	0.031250	750	-0.641998	-145.056159
75	0.028218	750	-0.619206	-145.675365
76	0.025370	750	-0.572937	-146.248302
77	0.022702	750	-0.528397	-146.776700
78	0.020209	750	-0.515310	-147.292010
79	0.017889	750	-0.486366	-147.778376
80	0.015736	750	-0.444460	-148.222836
81	0.013746	750	-0.417899	-148.640734
82	0.011916	750	-0.404070	-149.044804
83	0.010240	750	-0.375278	-149.420082
84	0.008714	750	-0.330712	-149.750794
85	0.007334	750	-0.319263	-150.070057
86	0.006093	750	-0.299629	-150.369686
87	0.004988	750	-0.296694	-150.666380
88	0.004013	750	-0.262290	-150.928670
89	0.003162	750	-0.214824	-151.143493
90	0.002430	750	-0.195067	-151.338560
91	0.001810	750	-0.150116	-151.488676
92	0.001296	750	-0.134117	-151.622793
93	0.000882	750	-0.107887	-151.730680
94	0.000559	750	-0.085896	-151.816577
95	0.000320	750	-0.061637	-151.878214
96	0.000156	750	-0.044277	-151.922491
97	0.000057	750	-0.028163	-151.950654
98	0.000010	750	-0.013481	-151.964134
99	0.000000	750	-0.002631	-151.966766
Log marginal likelihood:	-151.966766
0	0.975187	750	-3.456595	-3.456595
1	0.950747	750	-3.408985	-6.865579
2	0.926679	750	-3.435162	-10.300741
3	0.902980	750	-3.285723	-13.586464
4	0.879648	750	-3.250083	-16.836547
5	0.856682	750	-3.195017	-20.031565
6	0.834079	750	-3.144624	-23.176188
7	0.811838	750	-3.138931	-26.315119
8	0.789957	750	-3.100961	-29.416081
9	0.768433	750	-3.004559	-32.420639
10	0.747266	750	-2.981095	-35.401735
11	0.726452	750	-2.934186	-38.335920
12	0.705989	750	-2.876955	-41.212876
13	0.685877	750	-2.851944	-44.064820
14	0.666112	750	-2.905996	-46.970816
15	0.646693	750	-2.728739	-49.699555
16	0.627618	750	-2.700234	-52.399789
17	0.608884	750	-2.651184	-55.050973
18	0.590490	750	-2.589642	-57.640615
19	0.572433	750	-2.531441	-60.172056
20	0.554712	750	-2.544524	-62.716580
21	0.537324	750	-2.475880	-65.192460
22	0.520268	750	-2.437729	-67.630189
23	0.503540	750	-2.379268	-70.009457
24	0.487139	750	-2.362823	-72.372280
25	0.471063	750	-2.317418	-74.689698
26	0.455310	750	-2.263623	-76.953321
27	0.439877	750	-2.231253	-79.184574
28	0.424762	750	-2.195743	-81.380317
29	0.409963	750	-2.154771	-83.535088
30	0.395478	750	-2.102377	-85.637465
31	0.381305	750	-2.080079	-87.717544
32	0.367440	750	-2.033289	-89.750832
33	0.353883	750	-1.982963	-91.733796
34	0.340630	750	-1.962350	-93.696146
35	0.327680	750	-1.936152	-95.632298
36	0.315030	750	-1.833912	-97.466210
37	0.302677	750	-1.835724	-99.301934
38	0.290619	750	-1.822073	-101.124007
39	0.278855	750	-1.792625	-102.916631
40	0.267381	750	-1.709487	-104.626118
41	0.256195	750	-1.742294	-106.368411
42	0.245294	750	-1.675763	-108.044174
43	0.234677	750	-1.626258	-109.670432
44	0.224340	750	-1.561986	-111.232418
45	0.214281	750	-1.539862	-112.772280
46	0.204498	750	-1.563510	-114.335790
47	0.194988	750	-1.590757	-115.926548
48	0.185749	750	-1.436178	-117.362726
49	0.176777	750	-1.447050	-118.809776
50	0.168070	750	-1.363174	-120.172950
51	0.159626	750	-1.374144	-121.547094
52	0.151441	750	-1.315303	-122.862397
53	0.143514	750	-1.386259	-124.248656
54	0.135841	750	-1.317667	-125.566323
55	0.128420	750	-1.239486	-126.805809
56	0.121247	750	-1.236265	-128.042073
57	0.114320	750	-1.117486	-129.159559
58	0.107637	750	-1.169282	-130.328841
59	0.101193	750	-1.098444	-131.427285
60	0.094986	750	-1.027432	-132.454717
61	0.089014	750	-1.045506	-133.500224
62	0.083273	750	-1.000806	-134.501030
63	0.077760	750	-0.978715	-135.479745
64	0.072472	750	-0.920226	-136.399971
65	0.067406	750	-0.890581	-137.290553
66	0.062558	750	-0.883901	-138.174453
67	0.057926	750	-0.848477	-139.022931
68	0.053506	750	-0.817241	-139.840172
69	0.049295	750	-0.774044	-140.614216
70	0.045289	750	-0.753571	-141.367787
71	0.041485	750	-0.704721	-142.072508
72	0.037880	750	-0.678500	-142.751009
73	0.034469	750	-0.637964	-143.388973
74	0.031250	750	-0.622847	-144.011819
75	0.028218	750	-0.575422	-144.587242
76	0.025370	750	-0.546924	-145.134166
77	0.022702	750	-0.517082	-145.651248
78	0.020209	750	-0.502303	-146.153551
79	0.017889	750	-0.475594	-146.629145
80	0.015736	750	-0.462946	-147.092091
81	0.013746	750	-0.429458	-147.521550
82	0.011916	750	-0.393793	-147.915343
83	0.010240	750	-0.370383	-148.285727
84	0.008714	750	-0.347316	-148.633043
85	0.007334	750	-0.316442	-148.949485
86	0.006093	750	-0.269736	-149.219221
87	0.004988	750	-0.272070	-149.491292
88	0.004013	750	-0.235430	-149.726721
89	0.003162	750	-0.203141	-149.929863
90	0.002430	750	-0.184233	-150.114095
91	0.001810	750	-0.155874	-150.269969
92	0.001296	750	-0.123274	-150.393243
93	0.000882	750	-0.107910	-150.501153
94	0.000559	750	-0.085503	-150.586657
95	0.000320	750	-0.065260	-150.651916
96	0.000156	750	-0.041262	-150.693179
97	0.000057	750	-0.029901	-150.723080
98	0.000010	750	-0.013246	-150.736326
99	0.000000	750	-0.002756	-150.739082
Log marginal likelihood:	-150.739082
0	0.975187	750	-3.545890	-3.545890
1	0.950747	750	-3.496866	-7.042757
2	0.926679	750	-3.453432	-10.496189
3	0.902980	750	-3.403882	-13.900071
4	0.879648	750	-3.340284	-17.240355
5	0.856682	750	-3.302728	-20.543083
6	0.834079	750	-3.261680	-23.804763
7	0.811838	750	-3.190285	-26.995048
8	0.789957	750	-3.151454	-30.146502
9	0.768433	750	-3.102835	-33.249337
10	0.747266	750	-3.039011	-36.288348
11	0.726452	750	-2.988711	-39.277059
12	0.705989	750	-2.973009	-42.250068
13	0.685877	750	-2.898424	-45.148491
14	0.666112	750	-2.847716	-47.996207
15	0.646693	750	-2.806860	-50.803068
16	0.627618	750	-2.755170	-53.558237
17	0.608884	750	-2.703402	-56.261640
18	0.590490	750	-2.653599	-58.915239
19	0.572433	750	-2.616639	-61.531878
20	0.554712	750	-2.569289	-64.101167
21	0.537324	750	-2.519543	-66.620710
22	0.520268	750	-2.493960	-69.114670
23	0.503540	750	-2.443939	-71.558609
24	0.487139	750	-2.401361	-73.959970
25	0.471063	750	-2.348559	-76.308529
26	0.455310	750	-2.295693	-78.604222
27	0.439877	750	-2.262284	-80.866506
28	0.424762	750	-2.230181	-83.096687
29	0.409963	750	-2.196431	-85.293118
30	0.395478	750	-2.181591	-87.474709
31	0.381305	750	-2.103394	-89.578103
32	0.367440	750	-2.106433	-91.684536
33	0.353883	750	-2.041469	-93.726004
34	0.340630	750	-2.123005	-95.849009
35	0.327680	750	-1.987299	-97.836309
36	0.315030	750	-1.985758	-99.822067
37	0.302677	750	-1.932811	-101.754878
38	0.290619	750	-1.905765	-103.660643
39	0.278855	750	-1.951908	-105.612551
40	0.267381	750	-1.813682	-107.426233
41	0.256195	750	-1.858763	-109.284997
42	0.245294	750	-1.731286	-111.016283
43	0.234677	750	-1.699968	-112.716251
44	0.224340	750	-1.766133	-114.482383
45	0.214281	750	-1.791252	-116.273635
46	0.204498	750	-1.651840	-117.925475
47	0.194988	750	-1.627929	-119.553405
48	0.185749	750	-1.546023	-121.099428
49	0.176777	750	-1.480205	-122.579633
50	0.168070	750	-1.544694	-124.124327
51	0.159626	750	-1.443422	-125.567749
52	0.151441	750	-1.494205	-127.061953
53	0.143514	750	-1.390497	-128.452450
54	0.135841	750	-1.396404	-129.848854
55	0.128420	750	-1.316167	-131.165021
56	0.121247	750	-1.291781	-132.456802
57	0.114320	750	-1.244713	-133.701516
58	0.107637	750	-1.216022	-134.917538
59	0.101193	750	-1.151181	-136.068719
60	0.094986	750	-1.146264	-137.214983
61	0.089014	750	-1.093126	-138.308109
62	0.083273	750	-1.056209	-139.364318
63	0.077760	750	-1.024206	-140.388524
64	0.072472	750	-0.976734	-141.365258
65	0.067406	750	-0.944032	-142.309290
66	0.062558	750	-0.909895	-143.219185
67	0.057926	750	-0.868982	-144.088167
68	0.053506	750	-0.832756	-144.920923
69	0.049295	750	-0.795723	-145.716645
70	0.045289	750	-0.765870	-146.482515
71	0.041485	750	-0.758734	-147.241249
72	0.037880	750	-0.702894	-147.944143
73	0.034469	750	-0.668898	-148.613040
74	0.031250	750	-0.637901	-149.250942
75	0.028218	750	-0.608717	-149.859658
76	0.025370	750	-0.586791	-150.446449
77	0.022702	750	-0.539639	-150.986088
78	0.020209	750	-0.506630	-151.492718
79	0.017889	750	-0.480267	-151.972985
80	0.015736	750	-0.447193	-152.420179
81	0.013746	750	-0.451871	-152.872050
82	0.011916	750	-0.419513	-153.291562
83	0.010240	750	-0.367965	-153.659527
84	0.008714	750	-0.339434	-153.998961
85	0.007334	750	-0.323365	-154.322327
86	0.006093	750	-0.281431	-154.603758
87	0.004988	750	-0.271196	-154.874954
88	0.004013	750	-0.239889	-155.114843
89	0.003162	750	-0.217257	-155.332100
90	0.002430	750	-0.188408	-155.520507
91	0.001810	750	-0.150395	-155.670903
92	0.001296	750	-0.134225	-155.805128
93	0.000882	750	-0.108856	-155.913984
94	0.000559	750	-0.080189	-155.994173
95	0.000320	750	-0.066703	-156.060877
96	0.000156	750	-0.040139	-156.101015
97	0.000057	750	-0.026536	-156.127551
98	0.000010	750	-0.011905	-156.139456
99	0.000000	750	-0.002948	-156.142404
Log marginal likelihood:	-156.142404
0	0.975187	750	-4.165869	-4.165869
1	0.950747	750	-4.090430	-8.256300
2	0.926679	750	-4.038872	-12.295172
3	0.902980	750	-3.964195	-16.259367
4	0.879648	750	-3.928800	-20.188167
5	0.856682	750	-3.845429	-24.033597
6	0.834079	750	-3.800838	-27.834435
7	0.811838	750	-3.737287	-31.571722
8	0.789957	750	-3.682058	-35.253780
9	0.768433	750	-3.618203	-38.871983
10	0.747266	750	-3.567122	-42.439105
11	0.726452	750	-3.490461	-45.929566
12	0.705989	750	-3.438705	-49.368271
13	0.685877	750	-3.414750	-52.783021
14	0.666112	750	-3.343836	-56.126857
15	0.646693	750	-3.262996	-59.389853
16	0.627618	750	-3.226354	-62.616207
17	0.608884	750	-3.288649	-65.904856
18	0.590490	750	-3.114522	-69.019379
19	0.572433	750	-3.035294	-72.054672
20	0.554712	750	-2.992304	-75.046977
21	0.537324	750	-2.948919	-77.995896
22	0.520268	750	-2.887343	-80.883239
23	0.503540	750	-2.851888	-83.735127
24	0.487139	750	-2.942479	-86.677607
25	0.471063	750	-2.911388	-89.588995
26	0.455310	750	-2.692064	-92.281059
27	0.439877	750	-2.729551	-95.010610
28	0.424762	750	-2.784426	-97.795037
29	0.409963	750	-2.683540	-100.478577
30	0.395478	750	-2.598897	-103.077474
31	0.381305	750	-2.496157	-105.573632
32	0.367440	750	-2.519175	-108.092807
33	0.353883	750	-2.332277	-110.425084
34	0.340630	750	-2.444497	-112.869581
35	0.327680	750	-2.318141	-115.187723
36	0.315030	750	-2.273188	-117.460911
37	0.302677	750	-2.123119	-119.584030
38	0.290619	750	-2.172903	-121.756933
39	0.278855	750	-2.200065	-123.956999
40	0.267381	750	-2.108176	-126.065175
41	0.256195	750	-2.093857	-128.159032
42	0.245294	750	-2.034364	-130.193397
43	0.234677	750	-1.994925	-132.188322
44	0.224340	750	-1.888973	-134.077294
45	0.214281	750	-1.861298	-135.938593
46	0.204498	750	-1.821061	-137.759653
47	0.194988	750	-1.729668	-139.489321
48	0.185749	750	-1.703861	-141.193183
49	0.176777	750	-1.628309	-142.821492
50	0.168070	750	-1.640016	-144.461508
51	0.159626	750	-1.581083	-146.042591
52	0.151441	750	-1.490378	-147.532969
53	0.143514	750	-1.493615	-149.026584
54	0.135841	750	-1.402040	-150.428624
55	0.128420	750	-1.399457	-151.828081
56	0.121247	750	-1.371883	-153.199965
57	0.114320	750	-1.335360	-154.535324
58	0.107637	750	-1.270172	-155.805496
59	0.101193	750	-1.228502	-157.033999
60	0.094986	750	-1.198440	-158.232439
61	0.089014	750	-1.146084	-159.378523
62	0.083273	750	-1.107223	-160.485746
63	0.077760	750	-1.063076	-161.548822
64	0.072472	750	-1.031077	-162.579899
65	0.067406	750	-0.992435	-163.572335
66	0.062558	750	-0.937884	-164.510219
67	0.057926	750	-0.920071	-165.430290
68	0.053506	750	-0.883790	-166.314079
69	0.049295	750	-0.839862	-167.153941
70	0.045289	750	-0.805913	-167.959855
71	0.041485	750	-0.771056	-168.730911
72	0.037880	750	-0.733796	-169.464707
73	0.034469	750	-0.723487	-170.188193
74	0.031250	750	-0.662397	-170.850590
75	0.028218	750	-0.627249	-171.477839
76	0.025370	750	-0.583759	-172.061598
77	0.022702	750	-0.594145	-172.655743
78	0.020209	750	-0.523992	-173.179735
79	0.017889	750	-0.508174	-173.687909
80	0.015736	750	-0.485781	-174.173690
81	0.013746	750	-0.486376	-174.660066
82	0.011916	750	-0.402348	-175.062414
83	0.010240	750	-0.388120	-175.450534
84	0.008714	750	-0.383144	-175.833678
85	0.007334	750	-0.330083	-176.163761
86	0.006093	750	-0.299170	-176.462931
87	0.004988	750	-0.270015	-176.732947
88	0.004013	750	-0.245743	-176.978690
89	0.003162	750	-0.219567	-177.198257
90	0.002430	750	-0.201288	-177.399545
91	0.001810	750	-0.155917	-177.555462
92	0.001296	750	-0.168860	-177.724321
93	0.000882	750	-0.112301	-177.836623
94	0.000559	750	-0.090648	-177.927271
95	0.000320	750	-0.069105	-177.996375
96	0.000156	750	-0.043858	-178.040233
97	0.000057	750	-0.026582	-178.066815
98	0.000010	750	-0.013103	-178.079918
99	0.000000	750	-0.002924	-178.082841
Log marginal likelihood:	-178.082841
0	0.975187	750	-3.128562	-3.128562
1	0.950747	750	-3.088591	-6.217153
2	0.926679	750	-3.069020	-9.286173
3	0.902980	750	-2.980355	-12.266528
4	0.879648	750	-2.945775	-15.212303
5	0.856682	750	-2.912686	-18.124989
6	0.834079	750	-2.866933	-20.991923
7	0.811838	750	-2.828655	-23.820578
8	0.789957	750	-2.787244	-26.607822
9	0.768433	750	-2.769120	-29.376942
10	0.747266	750	-2.688868	-32.065810
11	0.726452	750	-2.674018	-34.739828
12	0.705989	750	-2.618474	-37.358303
13	0.685877	750	-2.594940	-39.953242
14	0.666112	750	-2.528771	-42.482013
15	0.646693	750	-2.507209	-44.989222
16	0.627618	750	-2.469919	-47.459141
17	0.608884	750	-2.432423	-49.891564
18	0.590490	750	-2.383136	-52.274700
19	0.572433	750	-2.327402	-54.602102
20	0.554712	750	-2.289389	-56.891491
21	0.537324	750	-2.261387	-59.152878
22	0.520268	750	-2.258808	-61.411687
23	0.503540	750	-2.159967	-63.571654
24	0.487139	750	-2.123914	-65.695568
25	0.471063	750	-2.110251	-67.805818
26	0.455310	750	-2.049768	-69.855586
27	0.439877	750	-2.063148	-71.918734
28	0.424762	750	-2.032202	-73.950936
29	0.409963	750	-1.945515	-75.896451
30	0.395478	750	-1.889469	-77.785920
31	0.381305	750	-1.846257	-79.632177
32	0.367440	750	-1.855199	-81.487376
33	0.353883	750	-1.851944	-83.339321
34	0.340630	750	-1.762075	-85.101395
35	0.327680	750	-1.728800	-86.830195
36	0.315030	750	-1.714568	-88.544763
37	0.302677	750	-1.739098	-90.283860
38	0.290619	750	-1.643306	-91.927166
39	0.278855	750	-1.628628	-93.555794
40	0.267381	750	-1.615643	-95.171436
41	0.256195	750	-1.564610	-96.736046
42	0.245294	750	-1.514903	-98.250949
43	0.234677	750	-1.490550	-99.741500
44	0.224340	750	-1.544242	-101.285742
45	0.214281	750	-1.408537	-102.694279
46	0.204498	750	-1.380574	-104.074852
47	0.194988	750	-1.357824	-105.432676
48	0.185749	750	-1.336492	-106.769168
49	0.176777	750	-1.270063	-108.039231
50	0.168070	750	-1.380352	-109.419583
51	0.159626	750	-1.226510	-110.646092
52	0.151441	750	-1.434439	-112.080531
53	0.143514	750	-1.227023	-113.307554
54	0.135841	750	-1.186828	-114.494383
55	0.128420	750	-1.155021	-115.649404
56	0.121247	750	-1.100270	-116.749674
57	0.114320	750	-1.103170	-117.852844
58	0.107637	750	-1.137345	-118.990189
59	0.101193	750	-1.068585	-120.058773
60	0.094986	750	-1.114136	-121.172910
61	0.089014	750	-1.016090	-122.188999
62	0.083273	750	-0.980224	-123.169224
63	0.077760	750	-0.976800	-124.146024
64	0.072472	750	-0.921849	-125.067873
65	0.067406	750	-0.917934	-125.985807
66	0.062558	750	-0.824201	-126.810008
67	0.057926	750	-0.843122	-127.653130
68	0.053506	750	-0.818521	-128.471651
69	0.049295	750	-0.754751	-129.226402
70	0.045289	750	-0.728947	-129.955349
71	0.041485	750	-0.713511	-130.668860
72	0.037880	750	-0.684019	-131.352879
73	0.034469	750	-0.653263	-132.006142
74	0.031250	750	-0.608068	-132.614211
75	0.028218	750	-0.571525	-133.185736
76	0.025370	750	-0.540454	-133.726190
77	0.022702	750	-0.540560	-134.266750
78	0.020209	750	-0.489606	-134.756356
79	0.017889	750	-0.470155	-135.226512
80	0.015736	750	-0.448309	-135.674821
81	0.013746	750	-0.407892	-136.082713
82	0.011916	750	-0.380654	-136.463367
83	0.010240	750	-0.366068	-136.829435
84	0.008714	750	-0.330178	-137.159613
85	0.007334	750	-0.324155	-137.483768
86	0.006093	750	-0.276128	-137.759896
87	0.004988	750	-0.260610	-138.020506
88	0.004013	750	-0.232973	-138.253480
89	0.003162	750	-0.207417	-138.460897
90	0.002430	750	-0.181530	-138.642426
91	0.001810	750	-0.148472	-138.790898
92	0.001296	750	-0.148964	-138.939862
93	0.000882	750	-0.103011	-139.042873
94	0.000559	750	-0.077585	-139.120458
95	0.000320	750	-0.061928	-139.182386
96	0.000156	750	-0.043541	-139.225927
97	0.000057	750	-0.026406	-139.252333
98	0.000010	750	-0.012461	-139.264794
99	0.000000	750	-0.002937	-139.267731
Log marginal likelihood:	-139.267731
0	0.975187	750	-3.636854	-3.636854
1	0.950747	750	-3.624928	-7.261782
2	0.926679	750	-3.571142	-10.832924
3	0.902980	750	-3.484971	-14.317895
4	0.879648	750	-3.433949	-17.751844
5	0.856682	750	-3.400904	-21.152748
6	0.834079	750	-3.331112	-24.483860
7	0.811838	750	-3.284242	-27.768102
8	0.789957	750	-3.220614	-30.988716
9	0.768433	750	-3.163737	-34.152453
10	0.747266	750	-3.135149	-37.287602
11	0.726452	750	-3.120341	-40.407943
12	0.705989	750	-3.017277	-43.425219
13	0.685877	750	-3.049247	-46.474466
14	0.666112	750	-2.938731	-49.413198
15	0.646693	750	-2.944928	-52.358126
16	0.627618	750	-2.832610	-55.190735
17	0.608884	750	-2.849266	-58.040001
18	0.590490	750	-2.803562	-60.843563
19	0.572433	750	-2.673834	-63.517397
20	0.554712	750	-2.619525	-66.136922
21	0.537324	750	-2.578444	-68.715366
22	0.520268	750	-2.610657	-71.326023
23	0.503540	750	-2.502818	-73.828841
24	0.487139	750	-2.503696	-76.332537
25	0.471063	750	-2.413091	-78.745628
26	0.455310	750	-2.373118	-81.118746
27	0.439877	750	-2.359987	-83.478733
28	0.424762	750	-2.294003	-85.772736
29	0.409963	750	-2.311479	-88.084215
30	0.395478	750	-2.217243	-90.301458
31	0.381305	750	-2.186501	-92.487960
32	0.367440	750	-2.123211	-94.611170
33	0.353883	750	-2.078668	-96.689839
34	0.340630	750	-2.042165	-98.732004
35	0.327680	750	-2.039167	-100.771170
36	0.315030	750	-1.965392	-102.736562
37	0.302677	750	-1.918508	-104.655071
38	0.290619	750	-1.883434	-106.538505
39	0.278855	750	-1.837895	-108.376400
40	0.267381	750	-1.788363	-110.164763
41	0.256195	750	-1.772622	-111.937386
42	0.245294	750	-1.714507	-113.651893
43	0.234677	750	-1.733856	-115.385748
44	0.224340	750	-1.711963	-117.097711
45	0.214281	750	-1.600784	-118.698495
46	0.204498	750	-1.605929	-120.304424
47	0.194988	750	-1.571399	-121.875823
48	0.185749	750	-1.537993	-123.413816
49	0.176777	750	-1.533803	-124.947619
50	0.168070	750	-1.404911	-126.352530
51	0.159626	750	-1.463611	-127.816141
52	0.151441	750	-1.327619	-129.143761
53	0.143514	750	-1.347388	-130.491148
54	0.135841	750	-1.324784	-131.815933
55	0.128420	750	-1.281757	-133.097690
56	0.121247	750	-1.257161	-134.354850
57	0.114320	750	-1.285516	-135.640366
58	0.107637	750	-1.196936	-136.837303
59	0.101193	750	-1.162379	-137.999682
60	0.094986	750	-1.086736	-139.086418
61	0.089014	750	-1.103648	-140.190067
62	0.083273	750	-1.025176	-141.215243
63	0.077760	750	-1.020806	-142.236049
64	0.072472	750	-0.970967	-143.207016
65	0.067406	750	-0.968896	-144.175912
66	0.062558	750	-0.916730	-145.092642
67	0.057926	750	-0.879487	-145.972130
68	0.053506	750	-0.829308	-146.801437
69	0.049295	750	-0.780941	-147.582379
70	0.045289	750	-0.747090	-148.329469
71	0.041485	750	-0.728138	-149.057606
72	0.037880	750	-0.704582	-149.762188
73	0.034469	750	-0.683105	-150.445294
74	0.031250	750	-0.630563	-151.075857
75	0.028218	750	-0.623980	-151.699837
76	0.025370	750	-0.572704	-152.272541
77	0.022702	750	-0.542427	-152.814968
78	0.020209	750	-0.503509	-153.318477
79	0.017889	750	-0.475200	-153.793677
80	0.015736	750	-0.480281	-154.273958
81	0.013746	750	-0.412771	-154.686728
82	0.011916	750	-0.399778	-155.086506
83	0.010240	750	-0.364663	-155.451170
84	0.008714	750	-0.321642	-155.772812
85	0.007334	750	-0.341231	-156.114043
86	0.006093	750	-0.284493	-156.398536
87	0.004988	750	-0.237884	-156.636420
88	0.004013	750	-0.249259	-156.885678
89	0.003162	750	-0.203874	-157.089552
90	0.002430	750	-0.209258	-157.298809
91	0.001810	750	-0.143216	-157.442025
92	0.001296	750	-0.139356	-157.581381
93	0.000882	750	-0.107927	-157.689308
94	0.000559	750	-0.096910	-157.786218
95	0.000320	750	-0.065157	-157.851376
96	0.000156	750	-0.042839	-157.894214
97	0.000057	750	-0.027602	-157.921817
98	0.000010	750	-0.012512	-157.934328
99	0.000000	750	-0.003015	-157.937344
Log marginal likelihood:	-157.937344
0	0.975187	750	-3.638808	-3.638808
1	0.950747	750	-3.614054	-7.252862
2	0.926679	750	-3.569209	-10.822071
3	0.902980	750	-3.541315	-14.363386
4	0.879648	750	-3.449580	-17.812966
5	0.856682	750	-3.404999	-21.217965
6	0.834079	750	-3.318699	-24.536664
7	0.811838	750	-3.409441	-27.946104
8	0.789957	750	-3.203204	-31.149309
9	0.768433	750	-3.228123	-34.377431
10	0.747266	750	-3.195240	-37.572671
11	0.726452	750	-3.151967	-40.724638
12	0.705989	750	-3.071026	-43.795664
13	0.685877	750	-3.012134	-46.807798
14	0.666112	750	-2.982422	-49.790221
15	0.646693	750	-3.033769	-52.823990
16	0.627618	750	-2.860690	-55.684680
17	0.608884	750	-2.795829	-58.480510
18	0.590490	750	-2.794398	-61.274907
19	0.572433	750	-2.688653	-63.963561
20	0.554712	750	-2.665819	-66.629380
21	0.537324	750	-2.668018	-69.297397
22	0.520268	750	-2.584073	-71.881470
23	0.503540	750	-2.610402	-74.491872
24	0.487139	750	-2.520746	-77.012618
25	0.471063	750	-2.533714	-79.546333
26	0.455310	750	-2.408184	-81.954517
27	0.439877	750	-2.372167	-84.326684
28	0.424762	750	-2.330884	-86.657568
29	0.409963	750	-2.274104	-88.931672
30	0.395478	750	-2.266408	-91.198080
31	0.381305	750	-2.158184	-93.356263
32	0.367440	750	-2.138972	-95.495235
33	0.353883	750	-2.114759	-97.609994
34	0.340630	750	-2.116416	-99.726411
35	0.327680	750	-2.066118	-101.792529
36	0.315030	750	-1.993695	-103.786223
37	0.302677	750	-1.927347	-105.713571
38	0.290619	750	-2.025999	-107.739569
39	0.278855	750	-1.903319	-109.642888
40	0.267381	750	-1.978811	-111.621700
41	0.256195	750	-1.754079	-113.375778
42	0.245294	750	-1.853900	-115.229678
43	0.234677	750	-1.908584	-117.138262
44	0.224340	750	-1.814341	-118.952603
45	0.214281	750	-1.682197	-120.634800
46	0.204498	750	-1.634443	-122.269244
47	0.194988	750	-1.703586	-123.972829
48	0.185749	750	-1.592313	-125.565143
49	0.176777	750	-1.536510	-127.101653
50	0.168070	750	-1.552728	-128.654380
51	0.159626	750	-1.483475	-130.137856
52	0.151441	750	-1.495101	-131.632956
53	0.143514	750	-1.383501	-133.016458
54	0.135841	750	-1.395539	-134.411997
55	0.128420	750	-1.343695	-135.755692
56	0.121247	750	-1.284041	-137.039733
57	0.114320	750	-1.259522	-138.299255
58	0.107637	750	-1.220340	-139.519595
59	0.101193	750	-1.166574	-140.686169
60	0.094986	750	-1.136509	-141.822677
61	0.089014	750	-1.100259	-142.922936
62	0.083273	750	-1.076454	-143.999389
63	0.077760	750	-1.012458	-145.011847
64	0.072472	750	-0.971793	-145.983640
65	0.067406	750	-0.950914	-146.934554
66	0.062558	750	-0.906718	-147.841272
67	0.057926	750	-0.884363	-148.725636
68	0.053506	750	-0.842039	-149.567675
69	0.049295	750	-0.809621	-150.377296
70	0.045289	750	-0.761334	-151.138629
71	0.041485	750	-0.726800	-151.865429
72	0.037880	750	-0.695083	-152.560513
73	0.034469	750	-0.670748	-153.231260
74	0.031250	750	-0.634429	-153.865690
75	0.028218	750	-0.610441	-154.476131
76	0.025370	750	-0.578976	-155.055107
77	0.022702	750	-0.542129	-155.597236
78	0.020209	750	-0.509973	-156.107209
79	0.017889	750	-0.499941	-156.607150
80	0.015736	750	-0.440724	-157.047874
81	0.013746	750	-0.424679	-157.472552
82	0.011916	750	-0.404345	-157.876897
83	0.010240	750	-0.362909	-158.239806
84	0.008714	750	-0.334530	-158.574337
85	0.007334	750	-0.313746	-158.888083
86	0.006093	750	-0.291064	-159.179147
87	0.004988	750	-0.246242	-159.425388
88	0.004013	750	-0.239139	-159.664527
89	0.003162	750	-0.205557	-159.870084
90	0.002430	750	-0.188080	-160.058164
91	0.001810	750	-0.171997	-160.230160
92	0.001296	750	-0.139628	-160.369788
93	0.000882	750	-0.114550	-160.484339
94	0.000559	750	-0.077703	-160.562042
95	0.000320	750	-0.059793	-160.621835
96	0.000156	750	-0.042917	-160.664752
97	0.000057	750	-0.026265	-160.691017
98	0.000010	750	-0.012201	-160.703218
99	0.000000	750	-0.002864	-160.706082
Log marginal likelihood:	-160.706082
0	0.975187	750	-3.520872	-3.520872
1	0.950747	750	-3.462456	-6.983328
2	0.926679	750	-3.414485	-10.397813
3	0.902980	750	-3.364318	-13.762131
4	0.879648	750	-3.320134	-17.082265
5	0.856682	750	-3.265373	-20.347638
6	0.834079	750	-3.219948	-23.567586
7	0.811838	750	-3.168924	-26.736510
8	0.789957	750	-3.127400	-29.863910
9	0.768433	750	-3.068163	-32.932073
10	0.747266	750	-3.013090	-35.945162
11	0.726452	750	-2.955435	-38.900597
12	0.705989	750	-2.915970	-41.816567
13	0.685877	750	-2.889706	-44.706274
14	0.666112	750	-2.829657	-47.535930
15	0.646693	750	-2.766491	-50.302421
16	0.627618	750	-2.741626	-53.044047
17	0.608884	750	-2.671418	-55.715465
18	0.590490	750	-2.629292	-58.344757
19	0.572433	750	-2.585927	-60.930684
20	0.554712	750	-2.558495	-63.489178
21	0.537324	750	-2.514474	-66.003652
22	0.520268	750	-2.452776	-68.456428
23	0.503540	750	-2.463331	-70.919758
24	0.487139	750	-2.359689	-73.279448
25	0.471063	750	-2.387915	-75.667363
26	0.455310	750	-2.301811	-77.969174
27	0.439877	750	-2.248550	-80.217724
28	0.424762	750	-2.198207	-82.415931
29	0.409963	750	-2.216752	-84.632683
30	0.395478	750	-2.108870	-86.741553
31	0.381305	750	-2.183614	-88.925167
32	0.367440	750	-2.132925	-91.058092
33	0.353883	750	-1.984434	-93.042526
34	0.340630	750	-2.006463	-95.048988
35	0.327680	750	-1.993796	-97.042784
36	0.315030	750	-1.883938	-98.926722
37	0.302677	750	-1.973255	-100.899977
38	0.290619	750	-1.778083	-102.678060
39	0.278855	750	-1.774611	-104.452671
40	0.267381	750	-1.896978	-106.349648
41	0.256195	750	-1.779423	-108.129072
42	0.245294	750	-1.863169	-109.992241
43	0.234677	750	-1.734426	-111.726667
44	0.224340	750	-1.654402	-113.381068
45	0.214281	750	-1.765549	-115.146617
46	0.204498	750	-1.719066	-116.865683
47	0.194988	750	-1.638493	-118.504176
48	0.185749	750	-1.525455	-120.029631
49	0.176777	750	-1.585407	-121.615038
50	0.168070	750	-1.480094	-123.095132
51	0.159626	750	-1.470632	-124.565765
52	0.151441	750	-1.455255	-126.021020
53	0.143514	750	-1.401702	-127.422722
54	0.135841	750	-1.327057	-128.749778
55	0.128420	750	-1.309441	-130.059219
56	0.121247	750	-1.260352	-131.319571
57	0.114320	750	-1.197732	-132.517302
58	0.107637	750	-1.204131	-133.721433
59	0.101193	750	-1.159281	-134.880714
60	0.094986	750	-1.119660	-136.000374
61	0.089014	750	-1.082284	-137.082658
62	0.083273	750	-1.019185	-138.101843
63	0.077760	750	-1.009999	-139.111842
64	0.072472	750	-0.958714	-140.070556
65	0.067406	750	-0.930883	-141.001439
66	0.062558	750	-0.899236	-141.900675
67	0.057926	750	-0.853633	-142.754308
68	0.053506	750	-0.827440	-143.581748
69	0.049295	750	-0.786239	-144.367987
70	0.045289	750	-0.761877	-145.129864
71	0.041485	750	-0.723566	-145.853430
72	0.037880	750	-0.684279	-146.537710
73	0.034469	750	-0.643810	-147.181520
74	0.031250	750	-0.630181	-147.811701
75	0.028218	750	-0.590852	-148.402552
76	0.025370	750	-0.570908	-148.973461
77	0.022702	750	-0.536465	-149.509926
78	0.020209	750	-0.505432	-150.015358
79	0.017889	750	-0.476671	-150.492029
80	0.015736	750	-0.440130	-150.932159
81	0.013746	750	-0.425517	-151.357675
82	0.011916	750	-0.401487	-151.759162
83	0.010240	750	-0.375081	-152.134243
84	0.008714	750	-0.338752	-152.472995
85	0.007334	750	-0.330780	-152.803776
86	0.006093	750	-0.294152	-153.097928
87	0.004988	750	-0.264765	-153.362693
88	0.004013	750	-0.233206	-153.595899
89	0.003162	750	-0.212480	-153.808379
90	0.002430	750	-0.175728	-153.984107
91	0.001810	750	-0.156244	-154.140351
92	0.001296	750	-0.142137	-154.282488
93	0.000882	750	-0.116640	-154.399128
94	0.000559	750	-0.092227	-154.491355
95	0.000320	750	-0.070249	-154.561603
96	0.000156	750	-0.039438	-154.601041
97	0.000057	750	-0.026858	-154.627900
98	0.000010	750	-0.011567	-154.639467
99	0.000000	750	-0.002646	-154.642113
Log marginal likelihood:	-154.642113
0	0.975187	750	-3.407964	-3.407964
1	0.950747	750	-3.385308	-6.793272
2	0.926679	750	-3.307936	-10.101209
3	0.902980	750	-3.258476	-13.359684
4	0.879648	750	-3.227373	-16.587058
5	0.856682	750	-3.193383	-19.780440
6	0.834079	750	-3.136398	-22.916838
7	0.811838	750	-3.065488	-25.982327
8	0.789957	750	-3.009931	-28.992257
9	0.768433	750	-2.980225	-31.972482
10	0.747266	750	-2.971653	-34.944135
11	0.726452	750	-2.907813	-37.851948
12	0.705989	750	-2.874878	-40.726826
13	0.685877	750	-2.782872	-43.509698
14	0.666112	750	-2.752058	-46.261757
15	0.646693	750	-2.688840	-48.950596
16	0.627618	750	-2.662833	-51.613429
17	0.608884	750	-2.606244	-54.219673
18	0.590490	750	-2.594139	-56.813812
19	0.572433	750	-2.518100	-59.331913
20	0.554712	750	-2.475147	-61.807060
21	0.537324	750	-2.430144	-64.237203
22	0.520268	750	-2.413724	-66.650928
23	0.503540	750	-2.332719	-68.983646
24	0.487139	750	-2.336538	-71.320184
25	0.471063	750	-2.300812	-73.620996
26	0.455310	750	-2.237586	-75.858582
27	0.439877	750	-2.194333	-78.052915
28	0.424762	750	-2.165821	-80.218736
29	0.409963	750	-2.102924	-82.321660
30	0.395478	750	-2.111947	-84.433607
31	0.381305	750	-2.000468	-86.434075
32	0.367440	750	-1.984692	-88.418767
33	0.353883	750	-1.941664	-90.360431
34	0.340630	750	-1.909956	-92.270387
35	0.327680	750	-1.846050	-94.116438
36	0.315030	750	-1.875015	-95.991453
37	0.302677	750	-1.791445	-97.782898
38	0.290619	750	-1.788247	-99.571145
39	0.278855	750	-1.703866	-101.275011
40	0.267381	750	-1.688581	-102.963591
41	0.256195	750	-1.673401	-104.636992
42	0.245294	750	-1.638537	-106.275529
43	0.234677	750	-1.587334	-107.862863
44	0.224340	750	-1.615771	-109.478634
45	0.214281	750	-1.577252	-111.055886
46	0.204498	750	-1.503762	-112.559648
47	0.194988	750	-1.441651	-114.001299
48	0.185749	750	-1.544490	-115.545788
49	0.176777	750	-1.475195	-117.020983
50	0.168070	750	-1.393357	-118.414340
51	0.159626	750	-1.384035	-119.798375
52	0.151441	750	-1.365393	-121.163768
53	0.143514	750	-1.366557	-122.530325
54	0.135841	750	-1.307492	-123.837817
55	0.128420	750	-1.269724	-125.107542
56	0.121247	750	-1.219370	-126.326911
57	0.114320	750	-1.180732	-127.507643
58	0.107637	750	-1.144760	-128.652403
59	0.101193	750	-1.060841	-129.713244
60	0.094986	750	-1.081326	-130.794571
61	0.089014	750	-1.035487	-131.830057
62	0.083273	750	-0.958509	-132.788567
63	0.077760	750	-0.978615	-133.767182
64	0.072472	750	-0.942446	-134.709628
65	0.067406	750	-0.919891	-135.629519
66	0.062558	750	-0.861461	-136.490980
67	0.057926	750	-0.826648	-137.317628
68	0.053506	750	-0.798881	-138.116509
69	0.049295	750	-0.762751	-138.879260
70	0.045289	750	-0.739018	-139.618278
71	0.041485	750	-0.701777	-140.320055
72	0.037880	750	-0.669803	-140.989858
73	0.034469	750	-0.651494	-141.641352
74	0.031250	750	-0.604069	-142.245421
75	0.028218	750	-0.579963	-142.825383
76	0.025370	750	-0.547628	-143.373011
77	0.022702	750	-0.524437	-143.897448
78	0.020209	750	-0.498542	-144.395990
79	0.017889	750	-0.459002	-144.854992
80	0.015736	750	-0.427063	-145.282055
81	0.013746	750	-0.415704	-145.697759
82	0.011916	750	-0.377097	-146.074856
83	0.010240	750	-0.372235	-146.447090
84	0.008714	750	-0.367873	-146.814963
85	0.007334	750	-0.312341	-147.127304
86	0.006093	750	-0.281875	-147.409179
87	0.004988	750	-0.261659	-147.670838
88	0.004013	750	-0.223216	-147.894054
89	0.003162	750	-0.185173	-148.079227
90	0.002430	750	-0.179015	-148.258242
91	0.001810	750	-0.153513	-148.411755
92	0.001296	750	-0.122563	-148.534318
93	0.000882	750	-0.110562	-148.644881
94	0.000559	750	-0.079546	-148.724427
95	0.000320	750	-0.069725	-148.794152
96	0.000156	750	-0.042169	-148.836320
97	0.000057	750	-0.028181	-148.864501
98	0.000010	750	-0.012606	-148.877107
99	0.000000	750	-0.002623	-148.879730
Log marginal likelihood:	-148.879730
0	0.975187	750	-3.630367	-3.630367
1	0.950747	750	-3.569175	-7.199542
2	0.926679	750	-3.500863	-10.700405
3	0.902980	750	-3.452501	-14.152906
4	0.879648	750	-3.409739	-17.562645
5	0.856682	750	-3.348774	-20.911419
6	0.834079	750	-3.292391	-24.203810
7	0.811838	750	-3.244953	-27.448763
8	0.789957	750	-3.302668	-30.751432
9	0.768433	750	-3.143534	-33.894966
10	0.747266	750	-3.198925	-37.093891
11	0.726452	750	-3.042118	-40.136009
12	0.705989	750	-3.018202	-43.154211
13	0.685877	750	-2.955488	-46.109699
14	0.666112	750	-2.919028	-49.028727
15	0.646693	750	-2.861454	-51.890180
16	0.627618	750	-2.812064	-54.702244
17	0.608884	750	-2.761981	-57.464225
18	0.590490	750	-2.723536	-60.187760
19	0.572433	750	-2.678740	-62.866500
20	0.554712	750	-2.627364	-65.493865
21	0.537324	750	-2.575133	-68.068998
22	0.520268	750	-2.594438	-70.663436
23	0.503540	750	-2.500796	-73.164232
24	0.487139	750	-2.564057	-75.728289
25	0.471063	750	-2.499066	-78.227356
26	0.455310	750	-2.421388	-80.648744
27	0.439877	750	-2.395590	-83.044334
28	0.424762	750	-2.393108	-85.437442
29	0.409963	750	-2.215156	-87.652597
30	0.395478	750	-2.210180	-89.862778
31	0.381305	750	-2.194947	-92.057725
32	0.367440	750	-2.120455	-94.178180
33	0.353883	750	-2.171804	-96.349984
34	0.340630	750	-2.095046	-98.445029
35	0.327680	750	-2.025185	-100.470215
36	0.315030	750	-2.004060	-102.474275
37	0.302677	750	-1.954560	-104.428835
38	0.290619	750	-1.886150	-106.314985
39	0.278855	750	-1.832183	-108.147168
40	0.267381	750	-1.872305	-110.019473
41	0.256195	750	-1.892633	-111.912106
42	0.245294	750	-1.735720	-113.647826
43	0.234677	750	-1.734040	-115.381866
44	0.224340	750	-1.625850	-117.007716
45	0.214281	750	-1.750201	-118.757917
46	0.204498	750	-1.680951	-120.438868
47	0.194988	750	-1.647483	-122.086351
48	0.185749	750	-1.659643	-123.745994
49	0.176777	750	-1.499538	-125.245532
50	0.168070	750	-1.436766	-126.682297
51	0.159626	750	-1.528435	-128.210733
52	0.151441	750	-1.369129	-129.579862
53	0.143514	750	-1.416505	-130.996368
54	0.135841	750	-1.322430	-132.318798
55	0.128420	750	-1.352859	-133.671656
56	0.121247	750	-1.297759	-134.969416
57	0.114320	750	-1.243005	-136.212421
58	0.107637	750	-1.184607	-137.397028
59	0.101193	750	-1.195582	-138.592610
60	0.094986	750	-1.149069	-139.741679
61	0.089014	750	-1.103511	-140.845189
62	0.083273	750	-1.050927	-141.896116
63	0.077760	750	-1.006820	-142.902937
64	0.072472	750	-0.992888	-143.895824
65	0.067406	750	-0.947608	-144.843433
66	0.062558	750	-0.907804	-145.751236
67	0.057926	750	-0.891477	-146.642714
68	0.053506	750	-0.872641	-147.515354
69	0.049295	750	-0.804939	-148.320293
70	0.045289	750	-0.775871	-149.096164
71	0.041485	750	-0.742993	-149.839156
72	0.037880	750	-0.708370	-150.547527
73	0.034469	750	-0.660808	-151.208334
74	0.031250	750	-0.655480	-151.863815
75	0.028218	750	-0.626959	-152.490774
76	0.025370	750	-0.612218	-153.102992
77	0.022702	750	-0.544213	-153.647205
78	0.020209	750	-0.528637	-154.175842
79	0.017889	750	-0.505451	-154.681293
80	0.015736	750	-0.456315	-155.137609
81	0.013746	750	-0.435925	-155.573533
82	0.011916	750	-0.387884	-155.961417
83	0.010240	750	-0.376905	-156.338322
84	0.008714	750	-0.348116	-156.686437
85	0.007334	750	-0.319323	-157.005760
86	0.006093	750	-0.295390	-157.301150
87	0.004988	750	-0.295155	-157.596305
88	0.004013	750	-0.255491	-157.851797
89	0.003162	750	-0.207747	-158.059544
90	0.002430	750	-0.186666	-158.246210
91	0.001810	750	-0.171076	-158.417286
92	0.001296	750	-0.133708	-158.550995
93	0.000882	750	-0.107621	-158.658616
94	0.000559	750	-0.097090	-158.755706
95	0.000320	750	-0.067542	-158.823248
96	0.000156	750	-0.046142	-158.869390
97	0.000057	750	-0.028671	-158.898061
98	0.000010	750	-0.013168	-158.911229
99	0.000000	750	-0.002816	-158.914045
Log marginal likelihood:	-158.914045
0	0.975187	750	-3.756588	-3.756588
1	0.950747	750	-3.662934	-7.419522
2	0.926679	750	-3.523045	-10.942567
3	0.902980	750	-3.467841	-14.410408
4	0.879648	750	-3.416322	-17.826730
5	0.856682	750	-3.459427	-21.286157
6	0.834079	750	-3.324308	-24.610464
7	0.811838	750	-3.270226	-27.880690
8	0.789957	750	-3.230198	-31.110888
9	0.768433	750	-3.172119	-34.283008
10	0.747266	750	-3.120866	-37.403873
11	0.726452	750	-3.106766	-40.510640
12	0.705989	750	-3.017672	-43.528312
13	0.685877	750	-2.998079	-46.526391
14	0.666112	750	-2.943933	-49.470324
15	0.646693	750	-2.878651	-52.348974
16	0.627618	750	-2.882225	-55.231200
17	0.608884	750	-2.801629	-58.032829
18	0.590490	750	-2.736043	-60.768872
19	0.572433	750	-2.748002	-63.516874
20	0.554712	750	-2.673611	-66.190485
21	0.537324	750	-2.626760	-68.817245
22	0.520268	750	-2.586064	-71.403309
23	0.503540	750	-2.523584	-73.926893
24	0.487139	750	-2.482930	-76.409823
25	0.471063	750	-2.429780	-78.839603
26	0.455310	750	-2.381381	-81.220984
27	0.439877	750	-2.307142	-83.528125
28	0.424762	750	-2.309778	-85.837904
29	0.409963	750	-2.289122	-88.127025
30	0.395478	750	-2.204559	-90.331584
31	0.381305	750	-2.165732	-92.497316
32	0.367440	750	-2.186089	-94.683405
33	0.353883	750	-2.097351	-96.780757
34	0.340630	750	-2.033745	-98.814501
35	0.327680	750	-2.242900	-101.057401
36	0.315030	750	-1.985898	-103.043299
37	0.302677	750	-1.912029	-104.955328
38	0.290619	750	-1.905731	-106.861059
39	0.278855	750	-1.842458	-108.703517
40	0.267381	750	-1.776913	-110.480431
41	0.256195	750	-1.762630	-112.243060
42	0.245294	750	-1.808606	-114.051667
43	0.234677	750	-1.662372	-115.714039
44	0.224340	750	-1.621334	-117.335373
45	0.214281	750	-1.666639	-119.002012
46	0.204498	750	-1.617655	-120.619667
47	0.194988	750	-1.611698	-122.231365
48	0.185749	750	-1.496899	-123.728264
49	0.176777	750	-1.557308	-125.285572
50	0.168070	750	-1.501548	-126.787119
51	0.159626	750	-1.426424	-128.213543
52	0.151441	750	-1.350039	-129.563582
53	0.143514	750	-1.338927	-130.902509
54	0.135841	750	-1.301746	-132.204255
55	0.128420	750	-1.331809	-133.536064
56	0.121247	750	-1.278211	-134.814275
57	0.114320	750	-1.238640	-136.052914
58	0.107637	750	-1.162473	-137.215387
59	0.101193	750	-1.162670	-138.378057
60	0.094986	750	-1.144626	-139.522683
61	0.089014	750	-1.061435	-140.584117
62	0.083273	750	-1.038444	-141.622562
63	0.077760	750	-1.019823	-142.642384
64	0.072472	750	-0.969769	-143.612153
65	0.067406	750	-0.937812	-144.549966
66	0.062558	750	-0.894978	-145.444943
67	0.057926	750	-0.841079	-146.286022
68	0.053506	750	-0.835306	-147.121328
69	0.049295	750	-0.793957	-147.915285
70	0.045289	750	-0.778195	-148.693480
71	0.041485	750	-0.722686	-149.416165
72	0.037880	750	-0.693582	-150.109748
73	0.034469	750	-0.633973	-150.743721
74	0.031250	750	-0.631460	-151.375180
75	0.028218	750	-0.601882	-151.977062
76	0.025370	750	-0.560365	-152.537427
77	0.022702	750	-0.542651	-153.080078
78	0.020209	750	-0.507624	-153.587702
79	0.017889	750	-0.475394	-154.063096
80	0.015736	750	-0.464179	-154.527276
81	0.013746	750	-0.424901	-154.952176
82	0.011916	750	-0.387919	-155.340096
83	0.010240	750	-0.361531	-155.701627
84	0.008714	750	-0.350585	-156.052213
85	0.007334	750	-0.320142	-156.372355
86	0.006093	750	-0.284178	-156.656532
87	0.004988	750	-0.287900	-156.944432
88	0.004013	750	-0.253171	-157.197603
89	0.003162	750	-0.223721	-157.421324
90	0.002430	750	-0.176585	-157.597909
91	0.001810	750	-0.166235	-157.764144
92	0.001296	750	-0.139665	-157.903809
93	0.000882	750	-0.113521	-158.017329
94	0.000559	750	-0.088591	-158.105920
95	0.000320	750	-0.070902	-158.176822
96	0.000156	750	-0.042543	-158.219365
97	0.000057	750	-0.026215	-158.245580
98	0.000010	750	-0.014237	-158.259817
99	0.000000	750	-0.002538	-158.262355
Log marginal likelihood:	-158.262355
0	0.975187	750	-3.576492	-3.576492
1	0.950747	750	-3.543857	-7.120349
2	0.926679	750	-3.469557	-10.589907
3	0.902980	750	-3.426021	-14.015928
4	0.879648	750	-3.392409	-17.408337
5	0.856682	750	-3.321173	-20.729511
6	0.834079	750	-3.275807	-24.005318
7	0.811838	750	-3.289223	-27.294540
8	0.789957	750	-3.165672	-30.460212
9	0.768433	750	-3.188594	-33.648806
10	0.747266	750	-3.131857	-36.780664
11	0.726452	750	-3.116613	-39.897276
12	0.705989	750	-3.008827	-42.906103
13	0.685877	750	-2.933330	-45.839433
14	0.666112	750	-2.898391	-48.737824
15	0.646693	750	-2.858069	-51.595893
16	0.627618	750	-2.857002	-54.452895
17	0.608884	750	-2.770069	-57.222963
18	0.590490	750	-2.728954	-59.951917
19	0.572433	750	-2.716297	-62.668213
20	0.554712	750	-2.649074	-65.317288
21	0.537324	750	-2.610258	-67.927546
22	0.520268	750	-2.519293	-70.446839
23	0.503540	750	-2.504457	-72.951295
24	0.487139	750	-2.437281	-75.388577
25	0.471063	750	-2.443798	-77.832375
26	0.455310	750	-2.353347	-80.185722
27	0.439877	750	-2.354096	-82.539818
28	0.424762	750	-2.339828	-84.879647
29	0.409963	750	-2.240573	-87.120220
30	0.395478	750	-2.187497	-89.307717
31	0.381305	750	-2.158984	-91.466702
32	0.367440	750	-2.127332	-93.594033
33	0.353883	750	-2.044160	-95.638193
34	0.340630	750	-2.040533	-97.678726
35	0.327680	750	-2.030662	-99.709388
36	0.315030	750	-1.965573	-101.674962
37	0.302677	750	-1.913613	-103.588575
38	0.290619	750	-1.863179	-105.451754
39	0.278855	750	-2.039131	-107.490885
40	0.267381	750	-1.760087	-109.250972
41	0.256195	750	-1.710845	-110.961817
42	0.245294	750	-1.683922	-112.645738
43	0.234677	750	-1.699676	-114.345414
44	0.224340	750	-1.696669	-116.042083
45	0.214281	750	-1.684743	-117.726826
46	0.204498	750	-1.629569	-119.356395
47	0.194988	750	-1.577641	-120.934036
48	0.185749	750	-1.641748	-122.575784
49	0.176777	750	-1.529184	-124.104967
50	0.168070	750	-1.542277	-125.647244
51	0.159626	750	-1.513795	-127.161039
52	0.151441	750	-1.378853	-128.539892
53	0.143514	750	-1.252854	-129.792746
54	0.135841	750	-1.371033	-131.163780
55	0.128420	750	-1.327122	-132.490902
56	0.121247	750	-1.280501	-133.771403
57	0.114320	750	-1.270761	-135.042164
58	0.107637	750	-1.204080	-136.246244
59	0.101193	750	-1.185536	-137.431780
60	0.094986	750	-1.123699	-138.555479
61	0.089014	750	-1.102158	-139.657637
62	0.083273	750	-1.051047	-140.708684
63	0.077760	750	-1.031383	-141.740067
64	0.072472	750	-0.977838	-142.717905
65	0.067406	750	-0.946627	-143.664532
66	0.062558	750	-0.904546	-144.569077
67	0.057926	750	-0.875097	-145.444174
68	0.053506	750	-0.827809	-146.271983
69	0.049295	750	-0.800340	-147.072323
70	0.045289	750	-0.768561	-147.840883
71	0.041485	750	-0.731166	-148.572049
72	0.037880	750	-0.699505	-149.271554
73	0.034469	750	-0.655124	-149.926678
74	0.031250	750	-0.633910	-150.560589
75	0.028218	750	-0.615589	-151.176178
76	0.025370	750	-0.572973	-151.749151
77	0.022702	750	-0.553414	-152.302565
78	0.020209	750	-0.503625	-152.806189
79	0.017889	750	-0.469247	-153.275437
80	0.015736	750	-0.443695	-153.719132
81	0.013746	750	-0.419926	-154.139058
82	0.011916	750	-0.382498	-154.521556
83	0.010240	750	-0.365000	-154.886555
84	0.008714	750	-0.343782	-155.230337
85	0.007334	750	-0.312012	-155.542348
86	0.006093	750	-0.286739	-155.829087
87	0.004988	750	-0.258731	-156.087818
88	0.004013	750	-0.247894	-156.335712
89	0.003162	750	-0.220204	-156.555916
90	0.002430	750	-0.188332	-156.744248
91	0.001810	750	-0.172904	-156.917152
92	0.001296	750	-0.139661	-157.056812
93	0.000882	750	-0.097637	-157.154449
94	0.000559	750	-0.087562	-157.242011
95	0.000320	750	-0.067191	-157.309202
96	0.000156	750	-0.042688	-157.351890
97	0.000057	750	-0.025478	-157.377368
98	0.000010	750	-0.012171	-157.389539
99	0.000000	750	-0.003090	-157.392629
Log marginal likelihood:	-157.392629
0	0.975187	750	-3.688284	-3.688284
1	0.950747	750	-3.629115	-7.317399
2	0.926679	750	-3.576504	-10.893903
3	0.902980	750	-3.528706	-14.422609
4	0.879648	750	-3.475738	-17.898347
5	0.856682	750	-3.450121	-21.348468
6	0.834079	750	-3.376676	-24.725144
7	0.811838	750	-3.312728	-28.037871
8	0.789957	750	-3.303653	-31.341525
9	0.768433	750	-3.248052	-34.589577
10	0.747266	750	-3.172911	-37.762488
11	0.726452	750	-3.092850	-40.855339
12	0.705989	750	-3.059560	-43.914898
13	0.685877	750	-3.016428	-46.931326
14	0.666112	750	-2.956289	-49.887615
15	0.646693	750	-2.897185	-52.784800
16	0.627618	750	-2.847257	-55.632057
17	0.608884	750	-2.810362	-58.442419
18	0.590490	750	-2.763796	-61.206216
19	0.572433	750	-2.720582	-63.926797
20	0.554712	750	-2.658972	-66.585770
21	0.537324	750	-2.622130	-69.207900
22	0.520268	750	-2.593546	-71.801446
23	0.503540	750	-2.510968	-74.312414
24	0.487139	750	-2.487074	-76.799488
25	0.471063	750	-2.433306	-79.232795
26	0.455310	750	-2.374607	-81.607401
27	0.439877	750	-2.330046	-83.937447
28	0.424762	750	-2.278836	-86.216283
29	0.409963	750	-2.247117	-88.463400
30	0.395478	750	-2.189708	-90.653108
31	0.381305	750	-2.162871	-92.815978
32	0.367440	750	-2.308271	-95.124249
33	0.353883	750	-2.065917	-97.190166
34	0.340630	750	-2.014838	-99.205005
35	0.327680	750	-2.125466	-101.330471
36	0.315030	750	-1.951610	-103.282081
37	0.302677	750	-1.899043	-105.181124
38	0.290619	750	-1.909564	-107.090688
39	0.278855	750	-1.827460	-108.918148
40	0.267381	750	-1.772862	-110.691010
41	0.256195	750	-1.850398	-112.541408
42	0.245294	750	-1.788935	-114.330343
43	0.234677	750	-1.698680	-116.029023
44	0.224340	750	-1.779585	-117.808608
45	0.214281	750	-1.709658	-119.518265
46	0.204498	750	-1.661178	-121.179444
47	0.194988	750	-1.512289	-122.691733
48	0.185749	750	-1.494968	-124.186700
49	0.176777	750	-1.508137	-125.694838
50	0.168070	750	-1.454235	-127.149073
51	0.159626	750	-1.452435	-128.601508
52	0.151441	750	-1.414536	-130.016043
53	0.143514	750	-1.385852	-131.401895
54	0.135841	750	-1.238068	-132.639963
55	0.128420	750	-1.290254	-133.930217
56	0.121247	750	-1.268023	-135.198240
57	0.114320	750	-1.153552	-136.351792
58	0.107637	750	-1.194021	-137.545813
59	0.101193	750	-1.157932	-138.703745
60	0.094986	750	-1.105007	-139.808752
61	0.089014	750	-1.031577	-140.840328
62	0.083273	750	-1.036184	-141.876512
63	0.077760	750	-0.988225	-142.864737
64	0.072472	750	-0.965296	-143.830033
65	0.067406	750	-0.886568	-144.716601
66	0.062558	750	-0.889512	-145.606113
67	0.057926	750	-0.851684	-146.457797
68	0.053506	750	-0.821590	-147.279387
69	0.049295	750	-0.798886	-148.078273
70	0.045289	750	-0.757571	-148.835844
71	0.041485	750	-0.709193	-149.545037
72	0.037880	750	-0.690861	-150.235898
73	0.034469	750	-0.656826	-150.892724
74	0.031250	750	-0.624566	-151.517290
75	0.028218	750	-0.584831	-152.102122
76	0.025370	750	-0.559259	-152.661380
77	0.022702	750	-0.536670	-153.198050
78	0.020209	750	-0.497312	-153.695363
79	0.017889	750	-0.478401	-154.173764
80	0.015736	750	-0.462462	-154.636226
81	0.013746	750	-0.432576	-155.068802
82	0.011916	750	-0.390243	-155.459044
83	0.010240	750	-0.362527	-155.821571
84	0.008714	750	-0.353530	-156.175102
85	0.007334	750	-0.343204	-156.518306
86	0.006093	750	-0.292768	-156.811074
87	0.004988	750	-0.260753	-157.071827
88	0.004013	750	-0.227174	-157.299001
89	0.003162	750	-0.198988	-157.497989
90	0.002430	750	-0.189761	-157.687750
91	0.001810	750	-0.154071	-157.841822
92	0.001296	750	-0.131227	-157.973049
93	0.000882	750	-0.102396	-158.075445
94	0.000559	750	-0.075841	-158.151286
95	0.000320	750	-0.062034	-158.213320
96	0.000156	750	-0.073196	-158.286517
97	0.000057	750	-0.024605	-158.311122
98	0.000010	750	-0.013711	-158.324833
99	0.000000	750	-0.002605	-158.327437
Log marginal likelihood:	-158.327437
0	0.975187	750	-3.351496	-3.351496
1	0.950747	750	-3.314333	-6.665830
2	0.926679	750	-3.251181	-9.917011
3	0.902980	750	-3.206102	-13.123113
4	0.879648	750	-3.174421	-16.297534
5	0.856682	750	-3.101498	-19.399032
6	0.834079	750	-3.065023	-22.464054
7	0.811838	750	-3.017338	-25.481392
8	0.789957	750	-2.982786	-28.464179
9	0.768433	750	-2.939316	-31.403495
10	0.747266	750	-2.893106	-34.296601
11	0.726452	750	-2.840609	-37.137210
12	0.705989	750	-2.781218	-39.918429
13	0.685877	750	-2.742329	-42.660757
14	0.666112	750	-2.682713	-45.343470
15	0.646693	750	-2.665550	-48.009020
16	0.627618	750	-2.620758	-50.629779
17	0.608884	750	-2.563528	-53.193306
18	0.590490	750	-2.512065	-55.705371
19	0.572433	750	-2.484939	-58.190310
20	0.554712	750	-2.484679	-60.674989
21	0.537324	750	-2.374162	-63.049152
22	0.520268	750	-2.383967	-65.433119
23	0.503540	750	-2.299047	-67.732166
24	0.487139	750	-2.273862	-70.006028
25	0.471063	750	-2.253935	-72.259962
26	0.455310	750	-2.217974	-74.477937
27	0.439877	750	-2.146550	-76.624487
28	0.424762	750	-2.105083	-78.729570
29	0.409963	750	-2.063847	-80.793417
30	0.395478	750	-2.027122	-82.820539
31	0.381305	750	-2.053511	-84.874051
32	0.367440	750	-1.969260	-86.843310
33	0.353883	750	-1.923509	-88.766819
34	0.340630	750	-1.911042	-90.677861
35	0.327680	750	-1.825550	-92.503411
36	0.315030	750	-1.813207	-94.316617
37	0.302677	750	-1.763034	-96.079652
38	0.290619	750	-1.733216	-97.812868
39	0.278855	750	-1.762039	-99.574907
40	0.267381	750	-1.684299	-101.259206
41	0.256195	750	-1.648819	-102.908025
42	0.245294	750	-1.650152	-104.558176
43	0.234677	750	-1.587915	-106.146091
44	0.224340	750	-1.562495	-107.708585
45	0.214281	750	-1.540296	-109.248882
46	0.204498	750	-1.520224	-110.769106
47	0.194988	750	-1.485036	-112.254142
48	0.185749	750	-1.423191	-113.677333
49	0.176777	750	-1.384175	-115.061508
50	0.168070	750	-1.355132	-116.416640
51	0.159626	750	-1.316792	-117.733432
52	0.151441	750	-1.416494	-119.149926
53	0.143514	750	-1.232246	-120.382171
54	0.135841	750	-1.209085	-121.591256
55	0.128420	750	-1.299318	-122.890574
56	0.121247	750	-1.154149	-124.044723
57	0.114320	750	-1.128178	-125.172902
58	0.107637	750	-1.146053	-126.318955
59	0.101193	750	-1.123744	-127.442699
60	0.094986	750	-1.053763	-128.496462
61	0.089014	750	-1.036265	-129.532727
62	0.083273	750	-1.000443	-130.533170
63	0.077760	750	-0.955042	-131.488212
64	0.072472	750	-0.930200	-132.418412
65	0.067406	750	-0.906576	-133.324988
66	0.062558	750	-0.890558	-134.215546
67	0.057926	750	-0.843979	-135.059525
68	0.053506	750	-0.807197	-135.866723
69	0.049295	750	-0.783647	-136.650370
70	0.045289	750	-0.761193	-137.411563
71	0.041485	750	-0.709797	-138.121360
72	0.037880	750	-0.674642	-138.796002
73	0.034469	750	-0.654870	-139.450872
74	0.031250	750	-0.597170	-140.048043
75	0.028218	750	-0.587722	-140.635764
76	0.025370	750	-0.562805	-141.198569
77	0.022702	750	-0.532104	-141.730673
78	0.020209	750	-0.504053	-142.234726
79	0.017889	750	-0.471341	-142.706067
80	0.015736	750	-0.426424	-143.132492
81	0.013746	750	-0.413786	-143.546277
82	0.011916	750	-0.390140	-143.936417
83	0.010240	750	-0.361197	-144.297614
84	0.008714	750	-0.326092	-144.623706
85	0.007334	750	-0.314653	-144.938359
86	0.006093	750	-0.274304	-145.212663
87	0.004988	750	-0.258051	-145.470714
88	0.004013	750	-0.246879	-145.717592
89	0.003162	750	-0.205620	-145.923212
90	0.002430	750	-0.188968	-146.112180
91	0.001810	750	-0.149188	-146.261368
92	0.001296	750	-0.141838	-146.403206
93	0.000882	750	-0.105642	-146.508848
94	0.000559	750	-0.083765	-146.592613
95	0.000320	750	-0.062717	-146.655330
96	0.000156	750	-0.047995	-146.703325
97	0.000057	750	-0.027970	-146.731295
98	0.000010	750	-0.013613	-146.744909
99	0.000000	750	-0.002491	-146.747400
Log marginal likelihood:	-146.747400
0	0.975187	750	-3.596304	-3.596304
1	0.950747	750	-3.509301	-7.105605
2	0.926679	750	-3.450857	-10.556462
3	0.902980	750	-3.417650	-13.974112
4	0.879648	750	-3.380178	-17.354290
5	0.856682	750	-3.297828	-20.652118
6	0.834079	750	-3.276861	-23.928980
7	0.811838	750	-3.234770	-27.163750
8	0.789957	750	-3.158781	-30.322530
9	0.768433	750	-3.132754	-33.455285
10	0.747266	750	-3.062743	-36.518028
11	0.726452	750	-3.016572	-39.534600
12	0.705989	750	-2.985274	-42.519874
13	0.685877	750	-2.936091	-45.455965
14	0.666112	750	-2.884859	-48.340824
15	0.646693	750	-2.822629	-51.163453
16	0.627618	750	-2.795086	-53.958540
17	0.608884	750	-2.720549	-56.679089
18	0.590490	750	-2.666639	-59.345728
19	0.572433	750	-2.660923	-62.006651
20	0.554712	750	-2.632727	-64.639377
21	0.537324	750	-2.572894	-67.212272
22	0.520268	750	-2.485288	-69.697560
23	0.503540	750	-2.493630	-72.191190
24	0.487139	750	-2.462601	-74.653791
25	0.471063	750	-2.425548	-77.079339
26	0.455310	750	-2.329483	-79.408821
27	0.439877	750	-2.331701	-81.740522
28	0.424762	750	-2.252846	-83.993368
29	0.409963	750	-2.204632	-86.198000
30	0.395478	750	-2.179746	-88.377746
31	0.381305	750	-2.128163	-90.505909
32	0.367440	750	-2.094807	-92.600716
33	0.353883	750	-2.052425	-94.653142
34	0.340630	750	-2.027778	-96.680920
35	0.327680	750	-1.975085	-98.656005
36	0.315030	750	-1.905054	-100.561059
37	0.302677	750	-1.884523	-102.445582
38	0.290619	750	-1.911512	-104.357093
39	0.278855	750	-1.849607	-106.206700
40	0.267381	750	-1.818399	-108.025099
41	0.256195	750	-1.783324	-109.808423
42	0.245294	750	-1.666983	-111.475406
43	0.234677	750	-1.646831	-113.122236
44	0.224340	750	-1.613527	-114.735764
45	0.214281	750	-1.707113	-116.442877
46	0.204498	750	-1.710068	-118.152944
47	0.194988	750	-1.569098	-119.722042
48	0.185749	750	-1.494736	-121.216777
49	0.176777	750	-1.503216	-122.719994
50	0.168070	750	-1.475486	-124.195480
51	0.159626	750	-1.370717	-125.566197
52	0.151441	750	-1.426319	-126.992516
53	0.143514	750	-1.379722	-128.372238
54	0.135841	750	-1.364029	-129.736267
55	0.128420	750	-1.291459	-131.027726
56	0.121247	750	-1.234103	-132.261829
57	0.114320	750	-1.249201	-133.511029
58	0.107637	750	-1.177170	-134.688200
59	0.101193	750	-1.165371	-135.853570
60	0.094986	750	-1.075508	-136.929079
61	0.089014	750	-1.060308	-137.989387
62	0.083273	750	-1.040448	-139.029835
63	0.077760	750	-0.998225	-140.028060
64	0.072472	750	-0.983323	-141.011382
65	0.067406	750	-0.938641	-141.950024
66	0.062558	750	-0.902761	-142.852784
67	0.057926	750	-0.861556	-143.714340
68	0.053506	750	-0.830205	-144.544544
69	0.049295	750	-0.802973	-145.347517
70	0.045289	750	-0.763738	-146.111255
71	0.041485	750	-0.717766	-146.829022
72	0.037880	750	-0.693826	-147.522848
73	0.034469	750	-0.672090	-148.194938
74	0.031250	750	-0.626599	-148.821537
75	0.028218	750	-0.588417	-149.409954
76	0.025370	750	-0.546083	-149.956037
77	0.022702	750	-0.541470	-150.497506
78	0.020209	750	-0.517624	-151.015130
79	0.017889	750	-0.483233	-151.498363
80	0.015736	750	-0.451633	-151.949997
81	0.013746	750	-0.421067	-152.371063
82	0.011916	750	-0.379216	-152.750279
83	0.010240	750	-0.361913	-153.112192
84	0.008714	750	-0.328803	-153.440995
85	0.007334	750	-0.305453	-153.746448
86	0.006093	750	-0.298507	-154.044956
87	0.004988	750	-0.266270	-154.311226
88	0.004013	750	-0.237799	-154.549025
89	0.003162	750	-0.194685	-154.743710
90	0.002430	750	-0.177883	-154.921593
91	0.001810	750	-0.163750	-155.085343
92	0.001296	750	-0.139014	-155.224357
93	0.000882	750	-0.107140	-155.331498
94	0.000559	750	-0.078604	-155.410102
95	0.000320	750	-0.058043	-155.468145
96	0.000156	750	-0.041600	-155.509745
97	0.000057	750	-0.024472	-155.534218
98	0.000010	750	-0.013004	-155.547221
99	0.000000	750	-0.002738	-155.549959
Log marginal likelihood:	-155.549959
0	0.975187	750	-3.516889	-3.516889
1	0.950747	750	-3.456303	-6.973192
2	0.926679	750	-3.414395	-10.387588
3	0.902980	750	-3.366332	-13.753919
4	0.879648	750	-3.299968	-17.053888
5	0.856682	750	-3.262028	-20.315915
6	0.834079	750	-3.210129	-23.526045
7	0.811838	750	-3.165981	-26.692026
8	0.789957	750	-3.115170	-29.807196
9	0.768433	750	-3.081871	-32.889067
10	0.747266	750	-3.018337	-35.907404
11	0.726452	750	-2.989470	-38.896874
12	0.705989	750	-2.930200	-41.827074
13	0.685877	750	-2.870062	-44.697135
14	0.666112	750	-2.838610	-47.535745
15	0.646693	750	-2.769489	-50.305234
16	0.627618	750	-2.730471	-53.035704
17	0.608884	750	-2.677166	-55.712870
18	0.590490	750	-2.667231	-58.380101
19	0.572433	750	-2.597503	-60.977604
20	0.554712	750	-2.613823	-63.591427
21	0.537324	750	-2.524799	-66.116226
22	0.520268	750	-2.471836	-68.588062
23	0.503540	750	-2.424181	-71.012242
24	0.487139	750	-2.392776	-73.405019
25	0.471063	750	-2.332107	-75.737125
26	0.455310	750	-2.279032	-78.016157
27	0.439877	750	-2.307842	-80.323999
28	0.424762	750	-2.243258	-82.567257
29	0.409963	750	-2.188069	-84.755326
30	0.395478	750	-2.119635	-86.874961
31	0.381305	750	-2.084701	-88.959662
32	0.367440	750	-2.105120	-91.064782
33	0.353883	750	-1.997699	-93.062481
34	0.340630	750	-2.001111	-95.063592
35	0.327680	750	-2.034756	-97.098348
36	0.315030	750	-1.888937	-98.987284
37	0.302677	750	-1.893951	-100.881236
38	0.290619	750	-1.914626	-102.795862
39	0.278855	750	-1.792351	-104.588212
40	0.267381	750	-1.957844	-106.546057
41	0.256195	750	-1.782548	-108.328605
42	0.245294	750	-1.723191	-110.051796
43	0.234677	750	-1.731447	-111.783243
44	0.224340	750	-1.724709	-113.507952
45	0.214281	750	-1.622346	-115.130299
46	0.204498	750	-1.581211	-116.711509
47	0.194988	750	-1.588712	-118.300222
48	0.185749	750	-1.466018	-119.766240
49	0.176777	750	-1.484743	-121.250983
50	0.168070	750	-1.407777	-122.658760
51	0.159626	750	-1.484012	-124.142772
52	0.151441	750	-1.440847	-125.583619
53	0.143514	750	-1.384209	-126.967828
54	0.135841	750	-1.338019	-128.305848
55	0.128420	750	-1.305501	-129.611348
56	0.121247	750	-1.222182	-130.833530
57	0.114320	750	-1.226956	-132.060487
58	0.107637	750	-1.185399	-133.245885
59	0.101193	750	-1.092410	-134.338295
60	0.094986	750	-1.114546	-135.452841
61	0.089014	750	-1.048452	-136.501292
62	0.083273	750	-1.022178	-137.523471
63	0.077760	750	-0.987300	-138.510771
64	0.072472	750	-0.954264	-139.465035
65	0.067406	750	-0.912099	-140.377134
66	0.062558	750	-0.894506	-141.271640
67	0.057926	750	-0.842627	-142.114267
68	0.053506	750	-0.827043	-142.941310
69	0.049295	750	-0.786199	-143.727509
70	0.045289	750	-0.748534	-144.476043
71	0.041485	750	-0.712397	-145.188441
72	0.037880	750	-0.691486	-145.879927
73	0.034469	750	-0.646994	-146.526921
74	0.031250	750	-0.623342	-147.150262
75	0.028218	750	-0.598561	-147.748824
76	0.025370	750	-0.544635	-148.293459
77	0.022702	750	-0.543724	-148.837183
78	0.020209	750	-0.508320	-149.345502
79	0.017889	750	-0.468664	-149.814167
80	0.015736	750	-0.448181	-150.262347
81	0.013746	750	-0.410589	-150.672936
82	0.011916	750	-0.409888	-151.082824
83	0.010240	750	-0.364743	-151.447567
84	0.008714	750	-0.357298	-151.804865
85	0.007334	750	-0.321111	-152.125976
86	0.006093	750	-0.278121	-152.404097
87	0.004988	750	-0.270065	-152.674162
88	0.004013	750	-0.228816	-152.902979
89	0.003162	750	-0.206881	-153.109859
90	0.002430	750	-0.186061	-153.295920
91	0.001810	750	-0.164404	-153.460324
92	0.001296	750	-0.121631	-153.581955
93	0.000882	750	-0.104564	-153.686519
94	0.000559	750	-0.087259	-153.773778
95	0.000320	750	-0.066656	-153.840433
96	0.000156	750	-0.044399	-153.884832
97	0.000057	750	-0.025264	-153.910096
98	0.000010	750	-0.011727	-153.921822
99	0.000000	750	-0.002497	-153.924319
Log marginal likelihood:	-153.924319
0	0.975187	750	-3.567670	-3.567670
1	0.950747	750	-3.507799	-7.075470
2	0.926679	750	-3.463834	-10.539303
3	0.902980	750	-3.412575	-13.951879
4	0.879648	750	-3.373543	-17.325422
5	0.856682	750	-3.296646	-20.622068
6	0.834079	750	-3.249647	-23.871715
7	0.811838	750	-3.210275	-27.081990
8	0.789957	750	-3.148204	-30.230194
9	0.768433	750	-3.133613	-33.363807
10	0.747266	750	-3.055743	-36.419550
11	0.726452	750	-3.000374	-39.419923
12	0.705989	750	-2.952951	-42.372874
13	0.685877	750	-2.909081	-45.281955
14	0.666112	750	-2.906844	-48.188800
15	0.646693	750	-2.794882	-50.983681
16	0.627618	750	-2.831278	-53.814959
17	0.608884	750	-2.843385	-56.658343
18	0.590490	750	-2.722201	-59.380544
19	0.572433	750	-2.716767	-62.097312
20	0.554712	750	-2.656744	-64.754056
21	0.537324	750	-2.558804	-67.312859
22	0.520268	750	-2.607693	-69.920552
23	0.503540	750	-2.506711	-72.427264
24	0.487139	750	-2.415429	-74.842693
25	0.471063	750	-2.370650	-77.213343
26	0.455310	750	-2.373903	-79.587246
27	0.439877	750	-2.278840	-81.866085
28	0.424762	750	-2.293436	-84.159522
29	0.409963	750	-2.262000	-86.421521
30	0.395478	750	-2.330295	-88.751816
31	0.381305	750	-2.180675	-90.932491
32	0.367440	750	-2.101139	-93.033631
33	0.353883	750	-2.047267	-95.080897
34	0.340630	750	-1.994314	-97.075211
35	0.327680	750	-1.997201	-99.072412
36	0.315030	750	-1.974293	-101.046705
37	0.302677	750	-1.845122	-102.891827
38	0.290619	750	-1.853456	-104.745282
39	0.278855	750	-1.795750	-106.541033
40	0.267381	750	-1.783349	-108.324382
41	0.256195	750	-1.731066	-110.055448
42	0.245294	750	-1.756238	-111.811686
43	0.234677	750	-1.700722	-113.512408
44	0.224340	750	-1.733007	-115.245415
45	0.214281	750	-1.586481	-116.831897
46	0.204498	750	-1.633225	-118.465121
47	0.194988	750	-1.545353	-120.010475
48	0.185749	750	-1.545737	-121.556212
49	0.176777	750	-1.486727	-123.042939
50	0.168070	750	-1.578591	-124.621530
51	0.159626	750	-1.511193	-126.132723
52	0.151441	750	-1.433314	-127.566038
53	0.143514	750	-1.347650	-128.913688
54	0.135841	750	-1.319770	-130.233457
55	0.128420	750	-1.296696	-131.530153
56	0.121247	750	-1.309997	-132.840151
57	0.114320	750	-1.230646	-134.070797
58	0.107637	750	-1.216498	-135.287294
59	0.101193	750	-1.144228	-136.431523
60	0.094986	750	-1.136751	-137.568274
61	0.089014	750	-1.100924	-138.669198
62	0.083273	750	-1.069537	-139.738734
63	0.077760	750	-1.028171	-140.766905
64	0.072472	750	-0.982658	-141.749563
65	0.067406	750	-0.954430	-142.703994
66	0.062558	750	-0.908782	-143.612776
67	0.057926	750	-0.864889	-144.477665
68	0.053506	750	-0.833272	-145.310938
69	0.049295	750	-0.783343	-146.094280
70	0.045289	750	-0.780628	-146.874908
71	0.041485	750	-0.748535	-147.623443
72	0.037880	750	-0.726470	-148.349912
73	0.034469	750	-0.684963	-149.034875
74	0.031250	750	-0.636809	-149.671684
75	0.028218	750	-0.593040	-150.264724
76	0.025370	750	-0.565913	-150.830637
77	0.022702	750	-0.563742	-151.394379
78	0.020209	750	-0.514011	-151.908390
79	0.017889	750	-0.474503	-152.382893
80	0.015736	750	-0.439742	-152.822634
81	0.013746	750	-0.437478	-153.260112
82	0.011916	750	-0.433700	-153.693812
83	0.010240	750	-0.369344	-154.063156
84	0.008714	750	-0.339833	-154.402990
85	0.007334	750	-0.318097	-154.721087
86	0.006093	750	-0.315244	-155.036331
87	0.004988	750	-0.264102	-155.300433
88	0.004013	750	-0.239689	-155.540122
89	0.003162	750	-0.220998	-155.761120
90	0.002430	750	-0.179098	-155.940219
91	0.001810	750	-0.161944	-156.102163
92	0.001296	750	-0.131221	-156.233384
93	0.000882	750	-0.113894	-156.347278
94	0.000559	750	-0.085458	-156.432736
95	0.000320	750	-0.064501	-156.497237
96	0.000156	750	-0.042087	-156.539324
97	0.000057	750	-0.027822	-156.567146
98	0.000010	750	-0.013546	-156.580693
99	0.000000	750	-0.002611	-156.583304
Log marginal likelihood:	-156.583304
0	0.975187	750	-3.859068	-3.859068
1	0.950747	750	-3.794615	-7.653683
2	0.926679	750	-3.781419	-11.435101
3	0.902980	750	-3.686524	-15.121625
4	0.879648	750	-3.662684	-18.784310
5	0.856682	750	-3.614248	-22.398558
6	0.834079	750	-3.528385	-25.926943
7	0.811838	750	-3.493135	-29.420078
8	0.789957	750	-3.428744	-32.848822
9	0.768433	750	-3.385804	-36.234626
10	0.747266	750	-3.328564	-39.563190
11	0.726452	750	-3.254076	-42.817266
12	0.705989	750	-3.209578	-46.026844
13	0.685877	750	-3.164832	-49.191676
14	0.666112	750	-3.116924	-52.308600
15	0.646693	750	-3.064045	-55.372645
16	0.627618	750	-3.022037	-58.394682
17	0.608884	750	-2.993871	-61.388553
18	0.590490	750	-2.910254	-64.298808
19	0.572433	750	-2.853977	-67.152785
20	0.554712	750	-2.823586	-69.976370
21	0.537324	750	-2.754512	-72.730882
22	0.520268	750	-2.726694	-75.457577
23	0.503540	750	-2.669013	-78.126590
24	0.487139	750	-2.595426	-80.722015
25	0.471063	750	-2.567887	-83.289902
26	0.455310	750	-2.498006	-85.787908
27	0.439877	750	-2.473574	-88.261482
28	0.424762	750	-2.412707	-90.674188
29	0.409963	750	-2.378179	-93.052367
30	0.395478	750	-2.303125	-95.355492
31	0.381305	750	-2.284067	-97.639559
32	0.367440	750	-2.219587	-99.859146
33	0.353883	750	-2.181867	-102.041013
34	0.340630	750	-2.152898	-104.193911
35	0.327680	750	-2.093750	-106.287661
36	0.315030	750	-2.078326	-108.365987
37	0.302677	750	-2.062207	-110.428195
38	0.290619	750	-2.073039	-112.501234
39	0.278855	750	-1.913705	-114.414939
40	0.267381	750	-1.922111	-116.337050
41	0.256195	750	-1.854879	-118.191929
42	0.245294	750	-1.812933	-120.004862
43	0.234677	750	-1.781175	-121.786037
44	0.224340	750	-1.740452	-123.526488
45	0.214281	750	-1.754199	-125.280687
46	0.204498	750	-1.749345	-127.030032
47	0.194988	750	-1.591169	-128.621201
48	0.185749	750	-1.643990	-130.265190
49	0.176777	750	-1.522442	-131.787632
50	0.168070	750	-1.558973	-133.346605
51	0.159626	750	-1.510669	-134.857274
52	0.151441	750	-1.489239	-136.346514
53	0.143514	750	-1.448331	-137.794845
54	0.135841	750	-1.365905	-139.160750
55	0.128420	750	-1.304857	-140.465606
56	0.121247	750	-1.306726	-141.772332
57	0.114320	750	-1.271195	-143.043527
58	0.107637	750	-1.198664	-144.242191
59	0.101193	750	-1.182578	-145.424769
60	0.094986	750	-1.145046	-146.569815
61	0.089014	750	-1.054530	-147.624345
62	0.083273	750	-1.068799	-148.693144
63	0.077760	750	-1.024860	-149.718004
64	0.072472	750	-0.972813	-150.690816
65	0.067406	750	-0.940330	-151.631146
66	0.062558	750	-0.905550	-152.536696
67	0.057926	750	-0.882438	-153.419134
68	0.053506	750	-0.827022	-154.246156
69	0.049295	750	-0.806994	-155.053150
70	0.045289	750	-0.785417	-155.838568
71	0.041485	750	-0.741086	-156.579654
72	0.037880	750	-0.700660	-157.280314
73	0.034469	750	-0.683853	-157.964167
74	0.031250	750	-0.624157	-158.588324
75	0.028218	750	-0.628991	-159.217315
76	0.025370	750	-0.586464	-159.803779
77	0.022702	750	-0.555741	-160.359520
78	0.020209	750	-0.530248	-160.889768
79	0.017889	750	-0.481147	-161.370916
80	0.015736	750	-0.459854	-161.830770
81	0.013746	750	-0.434455	-162.265224
82	0.011916	750	-0.416805	-162.682029
83	0.010240	750	-0.383678	-163.065707
84	0.008714	750	-0.347830	-163.413538
85	0.007334	750	-0.312134	-163.725672
86	0.006093	750	-0.291818	-164.017490
87	0.004988	750	-0.288908	-164.306398
88	0.004013	750	-0.280388	-164.586786
89	0.003162	750	-0.223242	-164.810029
90	0.002430	750	-0.181260	-164.991289
91	0.001810	750	-0.154485	-165.145774
92	0.001296	750	-0.130589	-165.276363
93	0.000882	750	-0.113352	-165.389715
94	0.000559	750	-0.095997	-165.485712
95	0.000320	750	-0.065789	-165.551501
96	0.000156	750	-0.041828	-165.593329
97	0.000057	750	-0.028248	-165.621577
98	0.000010	750	-0.013740	-165.635318
99	0.000000	750	-0.002909	-165.638227
Log marginal likelihood:	-165.638227
0	0.975187	750	-3.841043	-3.841043
1	0.950747	750	-3.777618	-7.618661
2	0.926679	750	-3.742954	-11.361614
3	0.902980	750	-3.704540	-15.066154
4	0.879648	750	-3.663909	-18.730063
5	0.856682	750	-3.667226	-22.397289
6	0.834079	750	-3.595490	-25.992779
7	0.811838	750	-3.471240	-29.464019
8	0.789957	750	-3.418371	-32.882390
9	0.768433	750	-3.387248	-36.269639
10	0.747266	750	-3.289417	-39.559055
11	0.726452	750	-3.261298	-42.820353
12	0.705989	750	-3.258293	-46.078647
13	0.685877	750	-3.191022	-49.269669
14	0.666112	750	-3.097861	-52.367530
15	0.646693	750	-3.073339	-55.440869
16	0.627618	750	-3.088345	-58.529214
17	0.608884	750	-2.959320	-61.488534
18	0.590490	750	-2.968996	-64.457529
19	0.572433	750	-2.868151	-67.325680
20	0.554712	750	-2.857628	-70.183309
21	0.537324	750	-2.806472	-72.989780
22	0.520268	750	-2.749071	-75.738852
23	0.503540	750	-2.651360	-78.390212
24	0.487139	750	-2.635968	-81.026180
25	0.471063	750	-2.606792	-83.632972
26	0.455310	750	-2.577866	-86.210838
27	0.439877	750	-2.521822	-88.732660
28	0.424762	750	-2.417604	-91.150264
29	0.409963	750	-2.406498	-93.556762
30	0.395478	750	-2.429176	-95.985939
31	0.381305	750	-2.422635	-98.408574
32	0.367440	750	-2.331393	-100.739967
33	0.353883	750	-2.300480	-103.040447
34	0.340630	750	-2.185224	-105.225671
35	0.327680	750	-2.162475	-107.388147
36	0.315030	750	-2.211214	-109.599361
37	0.302677	750	-2.117242	-111.716603
38	0.290619	750	-2.035185	-113.751788
39	0.278855	750	-2.035213	-115.787001
40	0.267381	750	-2.023037	-117.810038
41	0.256195	750	-1.978296	-119.788334
42	0.245294	750	-1.887830	-121.676164
43	0.234677	750	-1.877911	-123.554076
44	0.224340	750	-1.789850	-125.343926
45	0.214281	750	-1.786849	-127.130775
46	0.204498	750	-1.762859	-128.893634
47	0.194988	750	-1.685046	-130.578679
48	0.185749	750	-1.653200	-132.231880
49	0.176777	750	-1.556000	-133.787880
50	0.168070	750	-1.575908	-135.363788
51	0.159626	750	-1.535063	-136.898850
52	0.151441	750	-1.496402	-138.395253
53	0.143514	750	-1.398310	-139.793563
54	0.135841	750	-1.384168	-141.177731
55	0.128420	750	-1.329712	-142.507443
56	0.121247	750	-1.302844	-143.810287
57	0.114320	750	-1.272681	-145.082968
58	0.107637	750	-1.225230	-146.308198
59	0.101193	750	-1.188611	-147.496809
60	0.094986	750	-1.150963	-148.647772
61	0.089014	750	-1.093580	-149.741352
62	0.083273	750	-1.056886	-150.798238
63	0.077760	750	-1.017823	-151.816061
64	0.072472	750	-0.985411	-152.801472
65	0.067406	750	-0.958106	-153.759578
66	0.062558	750	-0.903675	-154.663253
67	0.057926	750	-0.873633	-155.536886
68	0.053506	750	-0.843133	-156.380019
69	0.049295	750	-0.814504	-157.194524
70	0.045289	750	-0.762244	-157.956767
71	0.041485	750	-0.732374	-158.689141
72	0.037880	750	-0.694119	-159.383261
73	0.034469	750	-0.662035	-160.045295
74	0.031250	750	-0.648858	-160.694153
75	0.028218	750	-0.606762	-161.300915
76	0.025370	750	-0.575779	-161.876693
77	0.022702	750	-0.544640	-162.421334
78	0.020209	750	-0.503961	-162.925295
79	0.017889	750	-0.476967	-163.402261
80	0.015736	750	-0.446849	-163.849111
81	0.013746	750	-0.430199	-164.279310
82	0.011916	750	-0.398457	-164.677767
83	0.010240	750	-0.365616	-165.043382
84	0.008714	750	-0.373236	-165.416618
85	0.007334	750	-0.319365	-165.735983
86	0.006093	750	-0.291579	-166.027562
87	0.004988	750	-0.261096	-166.288658
88	0.004013	750	-0.237122	-166.525780
89	0.003162	750	-0.220935	-166.746715
90	0.002430	750	-0.200200	-166.946915
91	0.001810	750	-0.162180	-167.109095
92	0.001296	750	-0.133331	-167.242426
93	0.000882	750	-0.103698	-167.346124
94	0.000559	750	-0.085566	-167.431690
95	0.000320	750	-0.068339	-167.500029
96	0.000156	750	-0.045066	-167.545095
97	0.000057	750	-0.027262	-167.572357
98	0.000010	750	-0.013864	-167.586221
99	0.000000	750	-0.002410	-167.588631
Log marginal likelihood:	-167.588631
0	0.975187	750	-3.395075	-3.395075
1	0.950747	750	-3.346853	-6.741927
2	0.926679	750	-3.292208	-10.034135
3	0.902980	750	-3.260311	-13.294446
4	0.879648	750	-3.203099	-16.497545
5	0.856682	750	-3.155176	-19.652720
6	0.834079	750	-3.099668	-22.752388
7	0.811838	750	-3.045114	-25.797502
8	0.789957	750	-3.007933	-28.805435
9	0.768433	750	-2.964356	-31.769791
10	0.747266	750	-2.932608	-34.702399
11	0.726452	750	-2.890248	-37.592647
12	0.705989	750	-2.834713	-40.427360
13	0.685877	750	-2.850841	-43.278201
14	0.666112	750	-2.762742	-46.040943
15	0.646693	750	-2.738692	-48.779635
16	0.627618	750	-2.686016	-51.465650
17	0.608884	750	-2.655395	-54.121046
18	0.590490	750	-2.556371	-56.677416
19	0.572433	750	-2.519332	-59.196749
20	0.554712	750	-2.496373	-61.693122
21	0.537324	750	-2.463822	-64.156945
22	0.520268	750	-2.448761	-66.605706
23	0.503540	750	-2.348428	-68.954134
24	0.487139	750	-2.321121	-71.275255
25	0.471063	750	-2.245614	-73.520869
26	0.455310	750	-2.213337	-75.734206
27	0.439877	750	-2.179463	-77.913669
28	0.424762	750	-2.172518	-80.086187
29	0.409963	750	-2.084571	-82.170758
30	0.395478	750	-2.056600	-84.227358
31	0.381305	750	-2.051258	-86.278615
32	0.367440	750	-1.980958	-88.259573
33	0.353883	750	-1.964658	-90.224231
34	0.340630	750	-1.925158	-92.149389
35	0.327680	750	-1.894886	-94.044275
36	0.315030	750	-1.866159	-95.910434
37	0.302677	750	-1.792078	-97.702512
38	0.290619	750	-1.755169	-99.457681
39	0.278855	750	-1.736069	-101.193750
40	0.267381	750	-1.671802	-102.865552
41	0.256195	750	-1.662413	-104.527965
42	0.245294	750	-1.659674	-106.187639
43	0.234677	750	-1.690442	-107.878081
44	0.224340	750	-1.610082	-109.488162
45	0.214281	750	-1.504561	-110.992723
46	0.204498	750	-1.585589	-112.578312
47	0.194988	750	-1.424227	-114.002540
48	0.185749	750	-1.534560	-115.537100
49	0.176777	750	-1.559684	-117.096784
50	0.168070	750	-1.483066	-118.579850
51	0.159626	750	-1.361831	-119.941682
52	0.151441	750	-1.402281	-121.343962
53	0.143514	750	-1.351914	-122.695876
54	0.135841	750	-1.271303	-123.967179
55	0.128420	750	-1.264636	-125.231815
56	0.121247	750	-1.191137	-126.422951
57	0.114320	750	-1.241716	-127.664667
58	0.107637	750	-1.203327	-128.867994
59	0.101193	750	-1.147001	-130.014995
60	0.094986	750	-1.069421	-131.084416
61	0.089014	750	-1.067234	-132.151651
62	0.083273	750	-1.045179	-133.196829
63	0.077760	750	-1.018757	-134.215586
64	0.072472	750	-0.966816	-135.182402
65	0.067406	750	-0.942255	-136.124657
66	0.062558	750	-0.885117	-137.009774
67	0.057926	750	-0.842169	-137.851943
68	0.053506	750	-0.832125	-138.684068
69	0.049295	750	-0.783055	-139.467124
70	0.045289	750	-0.754703	-140.221827
71	0.041485	750	-0.728087	-140.949914
72	0.037880	750	-0.682654	-141.632568
73	0.034469	750	-0.650409	-142.282977
74	0.031250	750	-0.633192	-142.916169
75	0.028218	750	-0.611293	-143.527462
76	0.025370	750	-0.563332	-144.090794
77	0.022702	750	-0.527468	-144.618262
78	0.020209	750	-0.507755	-145.126018
79	0.017889	750	-0.473677	-145.599695
80	0.015736	750	-0.442991	-146.042686
81	0.013746	750	-0.394410	-146.437096
82	0.011916	750	-0.387519	-146.824615
83	0.010240	750	-0.367547	-147.192162
84	0.008714	750	-0.343039	-147.535201
85	0.007334	750	-0.314546	-147.849747
86	0.006093	750	-0.272730	-148.122477
87	0.004988	750	-0.262509	-148.384986
88	0.004013	750	-0.220137	-148.605123
89	0.003162	750	-0.213728	-148.818851
90	0.002430	750	-0.181118	-148.999969
91	0.001810	750	-0.153630	-149.153599
92	0.001296	750	-0.150580	-149.304179
93	0.000882	750	-0.114227	-149.418406
94	0.000559	750	-0.090305	-149.508711
95	0.000320	750	-0.063164	-149.571875
96	0.000156	750	-0.047270	-149.619144
97	0.000057	750	-0.028132	-149.647276
98	0.000010	750	-0.012627	-149.659904
99	0.000000	750	-0.002901	-149.662805
Log marginal likelihood:	-149.662805
0	0.975187	750	-3.450592	-3.450592
1	0.950747	750	-3.400175	-6.850767
2	0.926679	750	-3.357922	-10.208689
3	0.902980	750	-3.303947	-13.512636
4	0.879648	750	-3.250075	-16.762711
5	0.856682	750	-3.210819	-19.973530
6	0.834079	750	-3.161939	-23.135470
7	0.811838	750	-3.113386	-26.248856
8	0.789957	750	-3.063758	-29.312614
9	0.768433	750	-3.005025	-32.317639
10	0.747266	750	-2.965183	-35.282822
11	0.726452	750	-2.912197	-38.195019
12	0.705989	750	-2.866568	-41.061587
13	0.685877	750	-2.818822	-43.880409
14	0.666112	750	-2.770458	-46.650867
15	0.646693	750	-2.736842	-49.387710
16	0.627618	750	-2.669243	-52.056953
17	0.608884	750	-2.628932	-54.685885
18	0.590490	750	-2.589408	-57.275293
19	0.572433	750	-2.577457	-59.852749
20	0.554712	750	-2.541684	-62.394433
21	0.537324	750	-2.463964	-64.858396
22	0.520268	750	-2.499856	-67.358252
23	0.503540	750	-2.425616	-69.783868
24	0.487139	750	-2.474908	-72.258776
25	0.471063	750	-2.307335	-74.566111
26	0.455310	750	-2.286934	-76.853046
27	0.439877	750	-2.252808	-79.105854
28	0.424762	750	-2.216796	-81.322650
29	0.409963	750	-2.170351	-83.493001
30	0.395478	750	-2.119825	-85.612826
31	0.381305	750	-2.090095	-87.702921
32	0.367440	750	-2.059848	-89.762769
33	0.353883	750	-1.967448	-91.730217
34	0.340630	750	-1.992549	-93.722766
35	0.327680	750	-1.983568	-95.706334
36	0.315030	750	-1.960795	-97.667130
37	0.302677	750	-1.836052	-99.503182
38	0.290619	750	-1.888241	-101.391423
39	0.278855	750	-1.758613	-103.150036
40	0.267381	750	-1.779032	-104.929068
41	0.256195	750	-1.754789	-106.683857
42	0.245294	750	-1.714616	-108.398473
43	0.234677	750	-1.675654	-110.074127
44	0.224340	750	-1.613684	-111.687811
45	0.214281	750	-1.561577	-113.249388
46	0.204498	750	-1.534936	-114.784324
47	0.194988	750	-1.470404	-116.254728
48	0.185749	750	-1.438939	-117.693667
49	0.176777	750	-1.492357	-119.186024
50	0.168070	750	-1.450467	-120.636491
51	0.159626	750	-1.373072	-122.009563
52	0.151441	750	-1.369752	-123.379315
53	0.143514	750	-1.294795	-124.674110
54	0.135841	750	-1.346242	-126.020352
55	0.128420	750	-1.277683	-127.298035
56	0.121247	750	-1.261280	-128.559314
57	0.114320	750	-1.207110	-129.766425
58	0.107637	750	-1.175423	-130.941847
59	0.101193	750	-1.114764	-132.056612
60	0.094986	750	-1.103710	-133.160321
61	0.089014	750	-1.081736	-134.242057
62	0.083273	750	-1.013589	-135.255646
63	0.077760	750	-0.978907	-136.234552
64	0.072472	750	-0.953460	-137.188012
65	0.067406	750	-0.906375	-138.094387
66	0.062558	750	-0.899373	-138.993760
67	0.057926	750	-0.851695	-139.845454
68	0.053506	750	-0.823337	-140.668792
69	0.049295	750	-0.787703	-141.456495
70	0.045289	750	-0.765071	-142.221566
71	0.041485	750	-0.737190	-142.958756
72	0.037880	750	-0.680554	-143.639310
73	0.034469	750	-0.659509	-144.298819
74	0.031250	750	-0.628468	-144.927287
75	0.028218	750	-0.594062	-145.521348
76	0.025370	750	-0.578470	-146.099818
77	0.022702	750	-0.522879	-146.622697
78	0.020209	750	-0.512541	-147.135238
79	0.017889	750	-0.471896	-147.607134
80	0.015736	750	-0.448877	-148.056012
81	0.013746	750	-0.410570	-148.466581
82	0.011916	750	-0.426514	-148.893095
83	0.010240	750	-0.369513	-149.262608
84	0.008714	750	-0.349615	-149.612224
85	0.007334	750	-0.306540	-149.918764
86	0.006093	750	-0.287580	-150.206343
87	0.004988	750	-0.276054	-150.482397
88	0.004013	750	-0.227457	-150.709854
89	0.003162	750	-0.201178	-150.911033
90	0.002430	750	-0.193227	-151.104260
91	0.001810	750	-0.154876	-151.259136
92	0.001296	750	-0.143732	-151.402868
93	0.000882	750	-0.120863	-151.523731
94	0.000559	750	-0.087331	-151.611062
95	0.000320	750	-0.065336	-151.676398
96	0.000156	750	-0.045662	-151.722061
97	0.000057	750	-0.030730	-151.752791
98	0.000010	750	-0.010761	-151.763552
99	0.000000	750	-0.002632	-151.766185
Log marginal likelihood:	-151.766185
0	0.975187	750	-3.285057	-3.285057
1	0.950747	750	-3.226474	-6.511531
2	0.926679	750	-3.190216	-9.701747
3	0.902980	750	-3.138718	-12.840465
4	0.879648	750	-3.083274	-15.923738
5	0.856682	750	-3.072521	-18.996260
6	0.834079	750	-3.020691	-22.016950
7	0.811838	750	-2.991592	-25.008542
8	0.789957	750	-2.919958	-27.928500
9	0.768433	750	-2.873675	-30.802175
10	0.747266	750	-2.811442	-33.613617
11	0.726452	750	-2.752598	-36.366216
12	0.705989	750	-2.763791	-39.130007
13	0.685877	750	-2.690619	-41.820626
14	0.666112	750	-2.659902	-44.480528
15	0.646693	750	-2.601871	-47.082398
16	0.627618	750	-2.577491	-49.659889
17	0.608884	750	-2.513909	-52.173798
18	0.590490	750	-2.492755	-54.666553
19	0.572433	750	-2.448920	-57.115473
20	0.554712	750	-2.403787	-59.519260
21	0.537324	750	-2.356376	-61.875635
22	0.520268	750	-2.412073	-64.287709
23	0.503540	750	-2.274341	-66.562050
24	0.487139	750	-2.239252	-68.801302
25	0.471063	750	-2.178177	-70.979478
26	0.455310	750	-2.147831	-73.127310
27	0.439877	750	-2.146216	-75.273526
28	0.424762	750	-2.046746	-77.320272
29	0.409963	750	-2.040695	-79.360967
30	0.395478	750	-2.005510	-81.366477
31	0.381305	750	-1.995058	-83.361535
32	0.367440	750	-1.952048	-85.313583
33	0.353883	750	-1.881022	-87.194605
34	0.340630	750	-1.929832	-89.124437
35	0.327680	750	-1.840408	-90.964845
36	0.315030	750	-1.800153	-92.764997
37	0.302677	750	-1.773544	-94.538541
38	0.290619	750	-1.711660	-96.250201
39	0.278855	750	-1.711058	-97.961259
40	0.267381	750	-1.711687	-99.672946
41	0.256195	750	-1.692490	-101.365436
42	0.245294	750	-1.627558	-102.992995
43	0.234677	750	-1.601345	-104.594340
44	0.224340	750	-1.535168	-106.129508
45	0.214281	750	-1.502275	-107.631783
46	0.204498	750	-1.562066	-109.193849
47	0.194988	750	-1.499594	-110.693443
48	0.185749	750	-1.490518	-112.183961
49	0.176777	750	-1.494129	-113.678091
50	0.168070	750	-1.428636	-115.106727
51	0.159626	750	-1.340474	-116.447201
52	0.151441	750	-1.327441	-117.774642
53	0.143514	750	-1.356628	-119.131270
54	0.135841	750	-1.337412	-120.468682
55	0.128420	750	-1.183423	-121.652105
56	0.121247	750	-1.228443	-122.880548
57	0.114320	750	-1.198571	-124.079119
58	0.107637	750	-1.141649	-125.220769
59	0.101193	750	-1.147765	-126.368533
60	0.094986	750	-1.099876	-127.468409
61	0.089014	750	-1.050604	-128.519013
62	0.083273	750	-1.033826	-129.552840
63	0.077760	750	-0.969279	-130.522118
64	0.072472	750	-0.926317	-131.448435
65	0.067406	750	-0.899590	-132.348025
66	0.062558	750	-0.835468	-133.183492
67	0.057926	750	-0.864658	-134.048151
68	0.053506	750	-0.823204	-134.871355
69	0.049295	750	-0.803227	-135.674582
70	0.045289	750	-0.770870	-136.445452
71	0.041485	750	-0.716372	-137.161824
72	0.037880	750	-0.716651	-137.878475
73	0.034469	750	-0.658036	-138.536512
74	0.031250	750	-0.618608	-139.155120
75	0.028218	750	-0.582807	-139.737927
76	0.025370	750	-0.572137	-140.310064
77	0.022702	750	-0.545801	-140.855865
78	0.020209	750	-0.495566	-141.351431
79	0.017889	750	-0.470770	-141.822201
80	0.015736	750	-0.445247	-142.267448
81	0.013746	750	-0.419579	-142.687027
82	0.011916	750	-0.406086	-143.093113
83	0.010240	750	-0.374665	-143.467778
84	0.008714	750	-0.330350	-143.798128
85	0.007334	750	-0.326455	-144.124584
86	0.006093	750	-0.281308	-144.405891
87	0.004988	750	-0.260234	-144.666126
88	0.004013	750	-0.230647	-144.896773
89	0.003162	750	-0.195744	-145.092517
90	0.002430	750	-0.185563	-145.278080
91	0.001810	750	-0.158586	-145.436666
92	0.001296	750	-0.124423	-145.561089
93	0.000882	750	-0.113806	-145.674895
94	0.000559	750	-0.100488	-145.775383
95	0.000320	750	-0.068765	-145.844148
96	0.000156	750	-0.043366	-145.887514
97	0.000057	750	-0.025444	-145.912958
98	0.000010	750	-0.012154	-145.925112
99	0.000000	750	-0.002611	-145.927723
Log marginal likelihood:	-145.927723
0	0.975187	750	-3.403165	-3.403165
1	0.950747	750	-3.359902	-6.763066
2	0.926679	750	-3.296360	-10.059426
3	0.902980	750	-3.246533	-13.305959
4	0.879648	750	-3.198974	-16.504933
5	0.856682	750	-3.192118	-19.697051
6	0.834079	750	-3.125729	-22.822780
7	0.811838	750	-3.062893	-25.885674
8	0.789957	750	-3.023328	-28.909001
9	0.768433	750	-2.963243	-31.872245
10	0.747266	750	-2.940561	-34.812805
11	0.726452	750	-2.882208	-37.695013
12	0.705989	750	-2.824456	-40.519469
13	0.685877	750	-2.843357	-43.362826
14	0.666112	750	-2.758889	-46.121715
15	0.646693	750	-2.709212	-48.830927
16	0.627618	750	-2.680938	-51.511865
17	0.608884	750	-2.699191	-54.211056
18	0.590490	750	-2.582912	-56.793968
19	0.572433	750	-2.541420	-59.335388
20	0.554712	750	-2.470402	-61.805789
21	0.537324	750	-2.502887	-64.308676
22	0.520268	750	-2.450632	-66.759308
23	0.503540	750	-2.398851	-69.158158
24	0.487139	750	-2.378232	-71.536390
25	0.471063	750	-2.371379	-73.907770
26	0.455310	750	-2.260005	-76.167775
27	0.439877	750	-2.198228	-78.366003
28	0.424762	750	-2.185915	-80.551918
29	0.409963	750	-2.156874	-82.708792
30	0.395478	750	-2.120322	-84.829115
31	0.381305	750	-2.048943	-86.878058
32	0.367440	750	-2.018832	-88.896890
33	0.353883	750	-1.987490	-90.884380
34	0.340630	750	-1.945279	-92.829659
35	0.327680	750	-1.893589	-94.723249
36	0.315030	750	-1.816213	-96.539461
37	0.302677	750	-1.807062	-98.346523
38	0.290619	750	-1.788323	-100.134846
39	0.278855	750	-1.729737	-101.864584
40	0.267381	750	-1.688332	-103.552915
41	0.256195	750	-1.752675	-105.305591
42	0.245294	750	-1.623863	-106.929454
43	0.234677	750	-1.567995	-108.497449
44	0.224340	750	-1.528786	-110.026234
45	0.214281	750	-1.498068	-111.524302
46	0.204498	750	-1.467934	-112.992236
47	0.194988	750	-1.414160	-114.406396
48	0.185749	750	-1.556408	-115.962804
49	0.176777	750	-1.463092	-117.425896
50	0.168070	750	-1.407331	-118.833227
51	0.159626	750	-1.365936	-120.199163
52	0.151441	750	-1.298094	-121.497257
53	0.143514	750	-1.321277	-122.818534
54	0.135841	750	-1.366089	-124.184623
55	0.128420	750	-1.178524	-125.363147
56	0.121247	750	-1.265693	-126.628840
57	0.114320	750	-1.192320	-127.821160
58	0.107637	750	-1.157257	-128.978417
59	0.101193	750	-1.119968	-130.098384
60	0.094986	750	-1.112927	-131.211311
61	0.089014	750	-1.045026	-132.256337
62	0.083273	750	-1.021787	-133.278125
63	0.077760	750	-1.039188	-134.317313
64	0.072472	750	-0.906887	-135.224200
65	0.067406	750	-0.949510	-136.173710
66	0.062558	750	-0.906863	-137.080573
67	0.057926	750	-0.870281	-137.950854
68	0.053506	750	-0.834216	-138.785070
69	0.049295	750	-0.794565	-139.579635
70	0.045289	750	-0.769435	-140.349070
71	0.041485	750	-0.735142	-141.084213
72	0.037880	750	-0.695611	-141.779824
73	0.034469	750	-0.668390	-142.448214
74	0.031250	750	-0.645189	-143.093403
75	0.028218	750	-0.596332	-143.689735
76	0.025370	750	-0.587890	-144.277625
77	0.022702	750	-0.552441	-144.830066
78	0.020209	750	-0.518028	-145.348094
79	0.017889	750	-0.488368	-145.836462
80	0.015736	750	-0.446592	-146.283055
81	0.013746	750	-0.413393	-146.696448
82	0.011916	750	-0.395659	-147.092107
83	0.010240	750	-0.393517	-147.485624
84	0.008714	750	-0.350564	-147.836188
85	0.007334	750	-0.322257	-148.158445
86	0.006093	750	-0.281524	-148.439969
87	0.004988	750	-0.257934	-148.697903
88	0.004013	750	-0.236985	-148.934888
89	0.003162	750	-0.212931	-149.147819
90	0.002430	750	-0.179722	-149.327540
91	0.001810	750	-0.169431	-149.496972
92	0.001296	750	-0.136356	-149.633327
93	0.000882	750	-0.105118	-149.738446
94	0.000559	750	-0.083587	-149.822033
95	0.000320	750	-0.066519	-149.888551
96	0.000156	750	-0.044932	-149.933483
97	0.000057	750	-0.026957	-149.960440
98	0.000010	750	-0.013730	-149.974170
99	0.000000	750	-0.003230	-149.977400
Log marginal likelihood:	-149.977400
0	0.975187	750	-3.842369	-3.842369
1	0.950747	750	-3.786340	-7.628709
2	0.926679	750	-3.733586	-11.362295
3	0.902980	750	-3.743756	-15.106052
4	0.879648	750	-3.631033	-18.737085
5	0.856682	750	-3.596588	-22.333672
6	0.834079	750	-3.555155	-25.888827
7	0.811838	750	-3.476890	-29.365718
8	0.789957	750	-3.428196	-32.793914
9	0.768433	750	-3.410064	-36.203978
10	0.747266	750	-3.375863	-39.579841
11	0.726452	750	-3.240359	-42.820201
12	0.705989	750	-3.211233	-46.031433
13	0.685877	750	-3.144521	-49.175954
14	0.666112	750	-3.103285	-52.279239
15	0.646693	750	-3.039773	-55.319011
16	0.627618	750	-3.031122	-58.350133
17	0.608884	750	-2.942728	-61.292861
18	0.590490	750	-2.905960	-64.198820
19	0.572433	750	-2.884509	-67.083329
20	0.554712	750	-2.797170	-69.880500
21	0.537324	750	-2.776866	-72.657366
22	0.520268	750	-2.699079	-75.356445
23	0.503540	750	-2.660206	-78.016651
24	0.487139	750	-2.742925	-80.759576
25	0.471063	750	-2.564444	-83.324020
26	0.455310	750	-2.516729	-85.840748
27	0.439877	750	-2.515317	-88.356066
28	0.424762	750	-2.404418	-90.760484
29	0.409963	750	-2.354972	-93.115455
30	0.395478	750	-2.369973	-95.485429
31	0.381305	750	-2.335852	-97.821281
32	0.367440	750	-2.338810	-100.160091
33	0.353883	750	-2.312010	-102.472101
34	0.340630	750	-2.144393	-104.616494
35	0.327680	750	-2.189666	-106.806159
36	0.315030	750	-2.138833	-108.944993
37	0.302677	750	-2.046874	-110.991867
38	0.290619	750	-2.087487	-113.079354
39	0.278855	750	-2.041476	-115.120830
40	0.267381	750	-1.865253	-116.986083
41	0.256195	750	-1.956151	-118.942234
42	0.245294	750	-1.905611	-120.847845
43	0.234677	750	-1.855436	-122.703280
44	0.224340	750	-1.793363	-124.496643
45	0.214281	750	-1.700513	-126.197156
46	0.204498	750	-1.678270	-127.875426
47	0.194988	750	-1.663129	-129.538555
48	0.185749	750	-1.614560	-131.153114
49	0.176777	750	-1.561698	-132.714812
50	0.168070	750	-1.526725	-134.241537
51	0.159626	750	-1.479434	-135.720970
52	0.151441	750	-1.448922	-137.169892
53	0.143514	750	-1.405947	-138.575839
54	0.135841	750	-1.345815	-139.921654
55	0.128420	750	-1.319793	-141.241447
56	0.121247	750	-1.271225	-142.512672
57	0.114320	750	-1.233746	-143.746418
58	0.107637	750	-1.188017	-144.934435
59	0.101193	750	-1.143006	-146.077441
60	0.094986	750	-1.106739	-147.184180
61	0.089014	750	-1.084925	-148.269105
62	0.083273	750	-1.017808	-149.286913
63	0.077760	750	-0.993281	-150.280194
64	0.072472	750	-0.976348	-151.256542
65	0.067406	750	-0.924133	-152.180676
66	0.062558	750	-0.901286	-153.081961
67	0.057926	750	-0.852802	-153.934763
68	0.053506	750	-0.828186	-154.762949
69	0.049295	750	-0.786686	-155.549635
70	0.045289	750	-0.771140	-156.320775
71	0.041485	750	-0.711868	-157.032644
72	0.037880	750	-0.692914	-157.725558
73	0.034469	750	-0.648375	-158.373933
74	0.031250	750	-0.627860	-159.001792
75	0.028218	750	-0.606028	-159.607821
76	0.025370	750	-0.554770	-160.162591
77	0.022702	750	-0.546568	-160.709158
78	0.020209	750	-0.499884	-161.209042
79	0.017889	750	-0.467118	-161.676160
80	0.015736	750	-0.442857	-162.119018
81	0.013746	750	-0.426552	-162.545569
82	0.011916	750	-0.380183	-162.925753
83	0.010240	750	-0.364906	-163.290659
84	0.008714	750	-0.361136	-163.651795
85	0.007334	750	-0.310136	-163.961931
86	0.006093	750	-0.282039	-164.243970
87	0.004988	750	-0.273239	-164.517209
88	0.004013	750	-0.228907	-164.746117
89	0.003162	750	-0.207390	-164.953506
90	0.002430	750	-0.196868	-165.150374
91	0.001810	750	-0.146031	-165.296405
92	0.001296	750	-0.127835	-165.424240
93	0.000882	750	-0.099674	-165.523914
94	0.000559	750	-0.084309	-165.608224
95	0.000320	750	-0.081003	-165.689227
96	0.000156	750	-0.040984	-165.730211
97	0.000057	750	-0.025517	-165.755728
98	0.000010	750	-0.011797	-165.767525
99	0.000000	750	-0.002831	-165.770356
Log marginal likelihood:	-165.770356
0	0.975187	750	-3.251932	-3.251932
1	0.950747	750	-3.183644	-6.435577
2	0.926679	750	-3.143380	-9.578956
3	0.902980	750	-3.102577	-12.681534
4	0.879648	750	-3.053891	-15.735425
5	0.856682	750	-3.000567	-18.735992
6	0.834079	750	-2.956282	-21.692274
7	0.811838	750	-2.909840	-24.602114
8	0.789957	750	-2.870749	-27.472863
9	0.768433	750	-2.812945	-30.285807
10	0.747266	750	-2.791144	-33.076951
11	0.726452	750	-2.743841	-35.820792
12	0.705989	750	-2.674103	-38.494895
13	0.685877	750	-2.646407	-41.141302
14	0.666112	750	-2.600589	-43.741891
15	0.646693	750	-2.551097	-46.292987
16	0.627618	750	-2.504569	-48.797557
17	0.608884	750	-2.467286	-51.264843
18	0.590490	750	-2.443035	-53.707878
19	0.572433	750	-2.409984	-56.117862
20	0.554712	750	-2.342682	-58.460544
21	0.537324	750	-2.310928	-60.771472
22	0.520268	750	-2.262887	-63.034359
23	0.503540	750	-2.242593	-65.276952
24	0.487139	750	-2.180716	-67.457668
25	0.471063	750	-2.221529	-69.679197
26	0.455310	750	-2.123689	-71.802885
27	0.439877	750	-2.066898	-73.869783
28	0.424762	750	-2.034788	-75.904572
29	0.409963	750	-2.000261	-77.904833
30	0.395478	750	-1.953280	-79.858113
31	0.381305	750	-1.909763	-81.767876
32	0.367440	750	-1.893936	-83.661812
33	0.353883	750	-1.840109	-85.501921
34	0.340630	750	-1.815991	-87.317912
35	0.327680	750	-1.840422	-89.158334
36	0.315030	750	-1.791118	-90.949453
37	0.302677	750	-1.703170	-92.652623
38	0.290619	750	-1.665593	-94.318215
39	0.278855	750	-1.886999	-96.205215
40	0.267381	750	-1.688440	-97.893655
41	0.256195	750	-1.616985	-99.510639
42	0.245294	750	-1.550319	-101.060959
43	0.234677	750	-1.600279	-102.661238
44	0.224340	750	-1.477411	-104.138649
45	0.214281	750	-1.458394	-105.597042
46	0.204498	750	-1.418082	-107.015124
47	0.194988	750	-1.379906	-108.395030
48	0.185749	750	-1.397696	-109.792726
49	0.176777	750	-1.433343	-111.226070
50	0.168070	750	-1.368832	-112.594901
51	0.159626	750	-1.332005	-113.926907
52	0.151441	750	-1.418426	-115.345333
53	0.143514	750	-1.353616	-116.698949
54	0.135841	750	-1.241051	-117.939999
55	0.128420	750	-1.220021	-119.160021
56	0.121247	750	-1.195115	-120.355136
57	0.114320	750	-1.213324	-121.568460
58	0.107637	750	-1.116102	-122.684562
59	0.101193	750	-1.081931	-123.766494
60	0.094986	750	-1.056130	-124.822624
61	0.089014	750	-1.071765	-125.894388
62	0.083273	750	-0.985678	-126.880066
63	0.077760	750	-0.996454	-127.876520
64	0.072472	750	-0.968528	-128.845048
65	0.067406	750	-0.874121	-129.719169
66	0.062558	750	-0.864738	-130.583907
67	0.057926	750	-0.856118	-131.440025
68	0.053506	750	-0.811196	-132.251222
69	0.049295	750	-0.784800	-133.036021
70	0.045289	750	-0.733598	-133.769619
71	0.041485	750	-0.726247	-134.495866
72	0.037880	750	-0.684627	-135.180494
73	0.034469	750	-0.658885	-135.839379
74	0.031250	750	-0.627432	-136.466810
75	0.028218	750	-0.600944	-137.067755
76	0.025370	750	-0.575016	-137.642771
77	0.022702	750	-0.518691	-138.161462
78	0.020209	750	-0.487027	-138.648490
79	0.017889	750	-0.481196	-139.129686
80	0.015736	750	-0.442708	-139.572394
81	0.013746	750	-0.413137	-139.985531
82	0.011916	750	-0.391746	-140.377276
83	0.010240	750	-0.372102	-140.749378
84	0.008714	750	-0.330733	-141.080112
85	0.007334	750	-0.311552	-141.391663
86	0.006093	750	-0.285270	-141.676933
87	0.004988	750	-0.278740	-141.955673
88	0.004013	750	-0.244708	-142.200380
89	0.003162	750	-0.219808	-142.420189
90	0.002430	750	-0.172758	-142.592947
91	0.001810	750	-0.148547	-142.741494
92	0.001296	750	-0.134610	-142.876103
93	0.000882	750	-0.107227	-142.983330
94	0.000559	750	-0.078090	-143.061420
95	0.000320	750	-0.064020	-143.125440
96	0.000156	750	-0.041862	-143.167301
97	0.000057	750	-0.026648	-143.193949
98	0.000010	750	-0.011519	-143.205468
99	0.000000	750	-0.002647	-143.208115
Log marginal likelihood:	-143.208115
0	0.975187	750	-4.090726	-4.090726
1	0.950747	750	-4.001572	-8.092298
2	0.926679	750	-3.966577	-12.058874
3	0.902980	750	-3.891510	-15.950385
4	0.879648	750	-3.848481	-19.798865
5	0.856682	750	-3.778840	-23.577706
6	0.834079	750	-3.727197	-27.304902
7	0.811838	750	-3.672350	-30.977253
8	0.789957	750	-3.609214	-34.586467
9	0.768433	750	-3.556581	-38.143048
10	0.747266	750	-3.502569	-41.645618
11	0.726452	750	-3.435194	-45.080812
12	0.705989	750	-3.386910	-48.467722
13	0.685877	750	-3.322306	-51.790028
14	0.666112	750	-3.268036	-55.058063
15	0.646693	750	-3.217895	-58.275958
16	0.627618	750	-3.158280	-61.434238
17	0.608884	750	-3.100286	-64.534524
18	0.590490	750	-3.044551	-67.579075
19	0.572433	750	-2.995601	-70.574677
20	0.554712	750	-2.941526	-73.516202
21	0.537324	750	-2.892471	-76.408673
22	0.520268	750	-2.839251	-79.247924
23	0.503540	750	-2.796517	-82.044441
24	0.487139	750	-2.722195	-84.766636
25	0.471063	750	-2.677811	-87.444447
26	0.455310	750	-2.614072	-90.058519
27	0.439877	750	-2.648103	-92.706621
28	0.424762	750	-2.642683	-95.349304
29	0.409963	750	-2.469089	-97.818393
30	0.395478	750	-2.424939	-100.243333
31	0.381305	750	-2.397464	-102.640796
32	0.367440	750	-2.322251	-104.963048
33	0.353883	750	-2.281962	-107.245010
34	0.340630	750	-2.281214	-109.526224
35	0.327680	750	-2.182206	-111.708429
36	0.315030	750	-2.281113	-113.989543
37	0.302677	750	-2.230982	-116.220525
38	0.290619	750	-2.172275	-118.392800
39	0.278855	750	-2.072363	-120.465163
40	0.267381	750	-1.991639	-122.456801
41	0.256195	750	-1.902450	-124.359251
42	0.245294	750	-1.956304	-126.315556
43	0.234677	750	-1.897729	-128.213284
44	0.224340	750	-1.787308	-130.000592
45	0.214281	750	-1.819597	-131.820189
46	0.204498	750	-1.784193	-133.604382
47	0.194988	750	-1.735979	-135.340361
48	0.185749	750	-1.669516	-137.009877
49	0.176777	750	-1.642469	-138.652347
50	0.168070	750	-1.565151	-140.217498
51	0.159626	750	-1.507794	-141.725292
52	0.151441	750	-1.510418	-143.235709
53	0.143514	750	-1.438817	-144.674526
54	0.135841	750	-1.417449	-146.091975
55	0.128420	750	-1.336834	-147.428809
56	0.121247	750	-1.288386	-148.717195
57	0.114320	750	-1.289346	-150.006541
58	0.107637	750	-1.236861	-151.243402
59	0.101193	750	-1.192020	-152.435421
60	0.094986	750	-1.154960	-153.590381
61	0.089014	750	-1.110547	-154.700928
62	0.083273	750	-1.093159	-155.794086
63	0.077760	750	-1.015988	-156.810075
64	0.072472	750	-1.003302	-157.813377
65	0.067406	750	-0.959727	-158.773104
66	0.062558	750	-0.920206	-159.693310
67	0.057926	750	-0.891658	-160.584969
68	0.053506	750	-0.853405	-161.438374
69	0.049295	750	-0.827118	-162.265492
70	0.045289	750	-0.768313	-163.033804
71	0.041485	750	-0.736895	-163.770699
72	0.037880	750	-0.720561	-164.491260
73	0.034469	750	-0.683677	-165.174937
74	0.031250	750	-0.632020	-165.806957
75	0.028218	750	-0.613563	-166.420520
76	0.025370	750	-0.598421	-167.018941
77	0.022702	750	-0.563606	-167.582547
78	0.020209	750	-0.513410	-168.095957
79	0.017889	750	-0.487385	-168.583342
80	0.015736	750	-0.472986	-169.056328
81	0.013746	750	-0.433516	-169.489844
82	0.011916	750	-0.395052	-169.884896
83	0.010240	750	-0.381500	-170.266396
84	0.008714	750	-0.351795	-170.618191
85	0.007334	750	-0.335419	-170.953609
86	0.006093	750	-0.300529	-171.254138
87	0.004988	750	-0.258757	-171.512895
88	0.004013	750	-0.257186	-171.770081
89	0.003162	750	-0.219563	-171.989644
90	0.002430	750	-0.193502	-172.183146
91	0.001810	750	-0.148396	-172.331543
92	0.001296	750	-0.137374	-172.468916
93	0.000882	750	-0.110382	-172.579298
94	0.000559	750	-0.083060	-172.662358
95	0.000320	750	-0.063504	-172.725862
96	0.000156	750	-0.044280	-172.770142
97	0.000057	750	-0.027610	-172.797752
98	0.000010	750	-0.012426	-172.810178
99	0.000000	750	-0.003117	-172.813295
Log marginal likelihood:	-172.813295
0	0.975187	750	-3.547832	-3.547832
1	0.950747	750	-3.492874	-7.040706
2	0.926679	750	-3.437649	-10.478354
3	0.902980	750	-3.395959	-13.874313
4	0.879648	750	-3.358265	-17.232577
5	0.856682	750	-3.289455	-20.522032
6	0.834079	750	-3.255718	-23.777751
7	0.811838	750	-3.191057	-26.968807
8	0.789957	750	-3.143493	-30.112300
9	0.768433	750	-3.085725	-33.198025
10	0.747266	750	-3.054828	-36.252853
11	0.726452	750	-2.974834	-39.227688
12	0.705989	750	-2.991040	-42.218728
13	0.685877	750	-3.009125	-45.227853
14	0.666112	750	-2.882002	-48.109856
15	0.646693	750	-2.824115	-50.933970
16	0.627618	750	-2.841741	-53.775711
17	0.608884	750	-2.710450	-56.486161
18	0.590490	750	-2.657850	-59.144011
19	0.572433	750	-2.630695	-61.774706
20	0.554712	750	-2.626301	-64.401007
21	0.537324	750	-2.535559	-66.936566
22	0.520268	750	-2.480509	-69.417075
23	0.503540	750	-2.434741	-71.851816
24	0.487139	750	-2.479821	-74.331637
25	0.471063	750	-2.336802	-76.668439
26	0.455310	750	-2.368865	-79.037304
27	0.439877	750	-2.361132	-81.398435
28	0.424762	750	-2.302144	-83.700579
29	0.409963	750	-2.260843	-85.961422
30	0.395478	750	-2.193843	-88.155265
31	0.381305	750	-2.145779	-90.301044
32	0.367440	750	-2.125261	-92.426305
33	0.353883	750	-2.055766	-94.482072
34	0.340630	750	-2.029088	-96.511159
35	0.327680	750	-1.975095	-98.486254
36	0.315030	750	-1.941239	-100.427493
37	0.302677	750	-1.889761	-102.317253
38	0.290619	750	-1.880853	-104.198107
39	0.278855	750	-1.871522	-106.069629
40	0.267381	750	-1.909660	-107.979290
41	0.256195	750	-1.754233	-109.733522
42	0.245294	750	-1.706127	-111.439650
43	0.234677	750	-1.674344	-113.113993
44	0.224340	750	-1.609931	-114.723924
45	0.214281	750	-1.624103	-116.348027
46	0.204498	750	-1.573967	-117.921995
47	0.194988	750	-1.563008	-119.485003
48	0.185749	750	-1.586136	-121.071139
49	0.176777	750	-1.505411	-122.576550
50	0.168070	750	-1.502185	-124.078735
51	0.159626	750	-1.442837	-125.521571
52	0.151441	750	-1.443664	-126.965235
53	0.143514	750	-1.372234	-128.337469
54	0.135841	750	-1.286007	-129.623475
55	0.128420	750	-1.309435	-130.932911
56	0.121247	750	-1.253607	-132.186517
57	0.114320	750	-1.192292	-133.378809
58	0.107637	750	-1.198998	-134.577807
59	0.101193	750	-1.101807	-135.679615
60	0.094986	750	-1.110767	-136.790381
61	0.089014	750	-1.083905	-137.874286
62	0.083273	750	-1.026995	-138.901282
63	0.077760	750	-1.000388	-139.901670
64	0.072472	750	-0.934415	-140.836085
65	0.067406	750	-0.913473	-141.749558
66	0.062558	750	-0.898417	-142.647975
67	0.057926	750	-0.850722	-143.498697
68	0.053506	750	-0.839158	-144.337855
69	0.049295	750	-0.792847	-145.130702
70	0.045289	750	-0.730635	-145.861337
71	0.041485	750	-0.733671	-146.595008
72	0.037880	750	-0.690038	-147.285046
73	0.034469	750	-0.667901	-147.952947
74	0.031250	750	-0.636455	-148.589402
75	0.028218	750	-0.606303	-149.195705
76	0.025370	750	-0.583343	-149.779048
77	0.022702	750	-0.538896	-150.317945
78	0.020209	750	-0.502459	-150.820404
79	0.017889	750	-0.486738	-151.307142
80	0.015736	750	-0.461922	-151.769065
81	0.013746	750	-0.415412	-152.184476
82	0.011916	750	-0.419210	-152.603687
83	0.010240	750	-0.364466	-152.968152
84	0.008714	750	-0.344042	-153.312195
85	0.007334	750	-0.304019	-153.616213
86	0.006093	750	-0.293469	-153.909682
87	0.004988	750	-0.269085	-154.178768
88	0.004013	750	-0.233447	-154.412215
89	0.003162	750	-0.207423	-154.619638
90	0.002430	750	-0.190864	-154.810501
91	0.001810	750	-0.159227	-154.969728
92	0.001296	750	-0.142163	-155.111891
93	0.000882	750	-0.104218	-155.216109
94	0.000559	750	-0.088023	-155.304132
95	0.000320	750	-0.059236	-155.363368
96	0.000156	750	-0.047398	-155.410766
97	0.000057	750	-0.027427	-155.438193
98	0.000010	750	-0.011605	-155.449798
99	0.000000	750	-0.002652	-155.452450
Log marginal likelihood:	-155.452450
0	0.975187	750	-3.616862	-3.616862
1	0.950747	750	-3.549326	-7.166188
2	0.926679	750	-3.533500	-10.699688
3	0.902980	750	-3.454289	-14.153976
4	0.879648	750	-3.410715	-17.564691
5	0.856682	750	-3.372565	-20.937256
6	0.834079	750	-3.300012	-24.237268
7	0.811838	750	-3.293051	-27.530319
8	0.789957	750	-3.211512	-30.741831
9	0.768433	750	-3.154495	-33.896326
10	0.747266	750	-3.112278	-37.008604
11	0.726452	750	-3.046338	-40.054941
12	0.705989	750	-3.029127	-43.084068
13	0.685877	750	-2.957584	-46.041653
14	0.666112	750	-2.900604	-48.942257
15	0.646693	750	-2.874554	-51.816811
16	0.627618	750	-2.817622	-54.634432
17	0.608884	750	-2.753127	-57.387559
18	0.590490	750	-2.715222	-60.102781
19	0.572433	750	-2.667123	-62.769904
20	0.554712	750	-2.626521	-65.396425
21	0.537324	750	-2.572496	-67.968921
22	0.520268	750	-2.527449	-70.496370
23	0.503540	750	-2.484492	-72.980863
24	0.487139	750	-2.435675	-75.416538
25	0.471063	750	-2.390913	-77.807451
26	0.455310	750	-2.348310	-80.155761
27	0.439877	750	-2.341146	-82.496907
28	0.424762	750	-2.263400	-84.760307
29	0.409963	750	-2.236200	-86.996508
30	0.395478	750	-2.177278	-89.173786
31	0.381305	750	-2.112457	-91.286242
32	0.367440	750	-2.173393	-93.459635
33	0.353883	750	-2.035918	-95.495553
34	0.340630	750	-1.997707	-97.493260
35	0.327680	750	-1.953307	-99.446567
36	0.315030	750	-1.922825	-101.369392
37	0.302677	750	-1.936774	-103.306166
38	0.290619	750	-1.939538	-105.245704
39	0.278855	750	-1.778754	-107.024457
40	0.267381	750	-1.716187	-108.740644
41	0.256195	750	-1.750851	-110.491495
42	0.245294	750	-1.663939	-112.155434
43	0.234677	750	-1.627205	-113.782639
44	0.224340	750	-1.563079	-115.345718
45	0.214281	750	-1.555547	-116.901265
46	0.204498	750	-1.537388	-118.438653
47	0.194988	750	-1.478256	-119.916909
48	0.185749	750	-1.511342	-121.428251
49	0.176777	750	-1.405746	-122.833997
50	0.168070	750	-1.493002	-124.326999
51	0.159626	750	-1.468074	-125.795073
52	0.151441	750	-1.332113	-127.127186
53	0.143514	750	-1.351329	-128.478515
54	0.135841	750	-1.375244	-129.853759
55	0.128420	750	-1.342543	-131.196302
56	0.121247	750	-1.273644	-132.469946
57	0.114320	750	-1.214828	-133.684774
58	0.107637	750	-1.160157	-134.844931
59	0.101193	750	-1.095488	-135.940419
60	0.094986	750	-1.110042	-137.050461
61	0.089014	750	-1.057097	-138.107558
62	0.083273	750	-1.050046	-139.157605
63	0.077760	750	-0.985590	-140.143195
64	0.072472	750	-0.971232	-141.114426
65	0.067406	750	-0.924212	-142.038638
66	0.062558	750	-0.901319	-142.939957
67	0.057926	750	-0.856747	-143.796704
68	0.053506	750	-0.827594	-144.624298
69	0.049295	750	-0.797165	-145.421463
70	0.045289	750	-0.783067	-146.204530
71	0.041485	750	-0.722506	-146.927036
72	0.037880	750	-0.699757	-147.626793
73	0.034469	750	-0.662408	-148.289201
74	0.031250	750	-0.627844	-148.917046
75	0.028218	750	-0.617791	-149.534836
76	0.025370	750	-0.583635	-150.118472
77	0.022702	750	-0.539110	-150.657582
78	0.020209	750	-0.513397	-151.170979
79	0.017889	750	-0.484511	-151.655491
80	0.015736	750	-0.435312	-152.090803
81	0.013746	750	-0.424642	-152.515444
82	0.011916	750	-0.410110	-152.925555
83	0.010240	750	-0.362383	-153.287938
84	0.008714	750	-0.337716	-153.625654
85	0.007334	750	-0.311159	-153.936813
86	0.006093	750	-0.287062	-154.223875
87	0.004988	750	-0.253751	-154.477626
88	0.004013	750	-0.222810	-154.700437
89	0.003162	750	-0.219880	-154.920316
90	0.002430	750	-0.184689	-155.105005
91	0.001810	750	-0.165217	-155.270222
92	0.001296	750	-0.127015	-155.397237
93	0.000882	750	-0.110668	-155.507905
94	0.000559	750	-0.095624	-155.603529
95	0.000320	750	-0.064770	-155.668299
96	0.000156	750	-0.046954	-155.715253
97	0.000057	750	-0.025838	-155.741091
98	0.000010	750	-0.013054	-155.754145
99	0.000000	750	-0.002548	-155.756693
Log marginal likelihood:	-155.756693
0	0.975187	750	-3.856705	-3.856705
1	0.950747	750	-3.791755	-7.648460
2	0.926679	750	-3.732317	-11.380777
3	0.902980	750	-3.695274	-15.076051
4	0.879648	750	-3.649835	-18.725886
5	0.856682	750	-3.574631	-22.300517
6	0.834079	750	-3.544470	-25.844987
7	0.811838	750	-3.459842	-29.304829
8	0.789957	750	-3.407468	-32.712297
9	0.768433	750	-3.356399	-36.068696
10	0.747266	750	-3.407802	-39.476499
11	0.726452	750	-3.318513	-42.795012
12	0.705989	750	-3.239993	-46.035005
13	0.685877	750	-3.183555	-49.218559
14	0.666112	750	-3.140927	-52.359486
15	0.646693	750	-3.043395	-55.402882
16	0.627618	750	-3.042880	-58.445762
17	0.608884	750	-2.998657	-61.444419
18	0.590490	750	-2.945840	-64.390259
19	0.572433	750	-2.865862	-67.256120
20	0.554712	750	-2.849827	-70.105947
21	0.537324	750	-2.743582	-72.849529
22	0.520268	750	-2.779048	-75.628577
23	0.503540	750	-2.719284	-78.347860
24	0.487139	750	-2.620116	-80.967977
25	0.471063	750	-2.594078	-83.562054
26	0.455310	750	-2.536870	-86.098924
27	0.439877	750	-2.510374	-88.609298
28	0.424762	750	-2.416081	-91.025379
29	0.409963	750	-2.376530	-93.401909
30	0.395478	750	-2.353825	-95.755735
31	0.381305	750	-2.296535	-98.052270
32	0.367440	750	-2.250575	-100.302845
33	0.353883	750	-2.182268	-102.485113
34	0.340630	750	-2.232551	-104.717663
35	0.327680	750	-2.094580	-106.812243
36	0.315030	750	-2.117116	-108.929359
37	0.302677	750	-1.978579	-110.907938
38	0.290619	750	-2.095549	-113.003486
39	0.278855	750	-1.946942	-114.950429
40	0.267381	750	-1.878760	-116.829188
41	0.256195	750	-1.876193	-118.705381
42	0.245294	750	-1.859086	-120.564467
43	0.234677	750	-1.862979	-122.427446
44	0.224340	750	-1.746685	-124.174131
45	0.214281	750	-1.760479	-125.934610
46	0.204498	750	-1.739011	-127.673621
47	0.194988	750	-1.700943	-129.374564
48	0.185749	750	-1.633371	-131.007935
49	0.176777	750	-1.605415	-132.613350
50	0.168070	750	-1.511195	-134.124545
51	0.159626	750	-1.508998	-135.633544
52	0.151441	750	-1.412111	-137.045655
53	0.143514	750	-1.401373	-138.447028
54	0.135841	750	-1.391858	-139.838886
55	0.128420	750	-1.335255	-141.174141
56	0.121247	750	-1.277984	-142.452125
57	0.114320	750	-1.253043	-143.705168
58	0.107637	750	-1.198417	-144.903586
59	0.101193	750	-1.165564	-146.069149
60	0.094986	750	-1.139973	-147.209122
61	0.089014	750	-1.092979	-148.302101
62	0.083273	750	-1.045697	-149.347798
63	0.077760	750	-1.025297	-150.373095
64	0.072472	750	-0.983894	-151.356989
65	0.067406	750	-0.947853	-152.304842
66	0.062558	750	-0.912564	-153.217406
67	0.057926	750	-0.877408	-154.094813
68	0.053506	750	-0.845361	-154.940174
69	0.049295	750	-0.792619	-155.732793
70	0.045289	750	-0.776892	-156.509685
71	0.041485	750	-0.728188	-157.237873
72	0.037880	750	-0.690541	-157.928414
73	0.034469	750	-0.676220	-158.604635
74	0.031250	750	-0.643907	-159.248541
75	0.028218	750	-0.593696	-159.842238
76	0.025370	750	-0.569516	-160.411754
77	0.022702	750	-0.533263	-160.945016
78	0.020209	750	-0.525615	-161.470631
79	0.017889	750	-0.478634	-161.949266
80	0.015736	750	-0.448512	-162.397778
81	0.013746	750	-0.427703	-162.825481
82	0.011916	750	-0.413477	-163.238958
83	0.010240	750	-0.375346	-163.614304
84	0.008714	750	-0.341936	-163.956240
85	0.007334	750	-0.336331	-164.292571
86	0.006093	750	-0.291528	-164.584099
87	0.004988	750	-0.253620	-164.837720
88	0.004013	750	-0.247380	-165.085100
89	0.003162	750	-0.212030	-165.297130
90	0.002430	750	-0.189525	-165.486655
91	0.001810	750	-0.158538	-165.645193
92	0.001296	750	-0.142890	-165.788083
93	0.000882	750	-0.114656	-165.902739
94	0.000559	750	-0.084048	-165.986787
95	0.000320	750	-0.064110	-166.050896
96	0.000156	750	-0.043309	-166.094205
97	0.000057	750	-0.024941	-166.119147
98	0.000010	750	-0.013058	-166.132205
99	0.000000	750	-0.002805	-166.135010
Log marginal likelihood:	-166.135010
0	0.975187	750	-3.722469	-3.722469
1	0.950747	750	-3.694923	-7.417392
2	0.926679	750	-3.670233	-11.087625
3	0.902980	750	-3.527391	-14.615015
4	0.879648	750	-3.477032	-18.092048
5	0.856682	750	-3.445727	-21.537775
6	0.834079	750	-3.440546	-24.978322
7	0.811838	750	-3.376080	-28.354402
8	0.789957	750	-3.293439	-31.647840
9	0.768433	750	-3.242646	-34.890486
10	0.747266	750	-3.148959	-38.039445
11	0.726452	750	-3.164955	-41.204400
12	0.705989	750	-3.133591	-44.337991
13	0.685877	750	-3.057990	-47.395981
14	0.666112	750	-2.970050	-50.366031
15	0.646693	750	-2.934917	-53.300948
16	0.627618	750	-2.910411	-56.211360
17	0.608884	750	-2.869864	-59.081224
18	0.590490	750	-2.809474	-61.890698
19	0.572433	750	-2.723791	-64.614488
20	0.554712	750	-2.714711	-67.329200
21	0.537324	750	-2.637191	-69.966391
22	0.520268	750	-2.610881	-72.577272
23	0.503540	750	-2.556865	-75.134137
24	0.487139	750	-2.510462	-77.644599
25	0.471063	750	-2.457057	-80.101656
26	0.455310	750	-2.416837	-82.518493
27	0.439877	750	-2.446176	-84.964670
28	0.424762	750	-2.326212	-87.290882
29	0.409963	750	-2.264590	-89.555472
30	0.395478	750	-2.231395	-91.786867
31	0.381305	750	-2.193644	-93.980511
32	0.367440	750	-2.134991	-96.115502
33	0.353883	750	-2.106926	-98.222428
34	0.340630	750	-2.036977	-100.259405
35	0.327680	750	-2.005216	-102.264621
36	0.315030	750	-1.952736	-104.217357
37	0.302677	750	-1.921882	-106.139239
38	0.290619	750	-1.895659	-108.034898
39	0.278855	750	-1.830861	-109.865759
40	0.267381	750	-1.791311	-111.657070
41	0.256195	750	-1.748256	-113.405326
42	0.245294	750	-1.864829	-115.270155
43	0.234677	750	-1.749857	-117.020011
44	0.224340	750	-1.738786	-118.758797
45	0.214281	750	-1.580849	-120.339646
46	0.204498	750	-1.685351	-122.024997
47	0.194988	750	-1.629444	-123.654441
48	0.185749	750	-1.538976	-125.193417
49	0.176777	750	-1.477034	-126.670451
50	0.168070	750	-1.415407	-128.085857
51	0.159626	750	-1.466212	-129.552070
52	0.151441	750	-1.413393	-130.965463
53	0.143514	750	-1.365778	-132.331241
54	0.135841	750	-1.276889	-133.608130
55	0.128420	750	-1.287777	-134.895907
56	0.121247	750	-1.277389	-136.173296
57	0.114320	750	-1.240971	-137.414267
58	0.107637	750	-1.186205	-138.600472
59	0.101193	750	-1.136743	-139.737215
60	0.094986	750	-1.119156	-140.856371
61	0.089014	750	-1.101366	-141.957737
62	0.083273	750	-1.044561	-143.002298
63	0.077760	750	-1.001891	-144.004188
64	0.072472	750	-0.994052	-144.998240
65	0.067406	750	-0.938246	-145.936486
66	0.062558	750	-0.900638	-146.837124
67	0.057926	750	-0.841578	-147.678702
68	0.053506	750	-0.838339	-148.517041
69	0.049295	750	-0.806029	-149.323070
70	0.045289	750	-0.777460	-150.100530
71	0.041485	750	-0.727443	-150.827972
72	0.037880	750	-0.699297	-151.527269
73	0.034469	750	-0.666753	-152.194022
74	0.031250	750	-0.627456	-152.821478
75	0.028218	750	-0.615742	-153.437219
76	0.025370	750	-0.572252	-154.009472
77	0.022702	750	-0.550436	-154.559908
78	0.020209	750	-0.509971	-155.069879
79	0.017889	750	-0.472728	-155.542607
80	0.015736	750	-0.462869	-156.005477
81	0.013746	750	-0.420288	-156.425765
82	0.011916	750	-0.411652	-156.837417
83	0.010240	750	-0.374167	-157.211584
84	0.008714	750	-0.349859	-157.561443
85	0.007334	750	-0.329243	-157.890685
86	0.006093	750	-0.291434	-158.182119
87	0.004988	750	-0.294387	-158.476506
88	0.004013	750	-0.231759	-158.708265
89	0.003162	750	-0.211002	-158.919268
90	0.002430	750	-0.232578	-159.151846
91	0.001810	750	-0.162335	-159.314181
92	0.001296	750	-0.135903	-159.450084
93	0.000882	750	-0.104988	-159.555071
94	0.000559	750	-0.084783	-159.639854
95	0.000320	750	-0.064124	-159.703978
96	0.000156	750	-0.044455	-159.748434
97	0.000057	750	-0.026991	-159.775425
98	0.000010	750	-0.012531	-159.787956
99	0.000000	750	-0.002620	-159.790576
Log marginal likelihood:	-159.790576
0	0.975187	750	-3.908686	-3.908686
1	0.950747	750	-3.856172	-7.764858
2	0.926679	750	-3.785445	-11.550303
3	0.902980	750	-3.741891	-15.292193
4	0.879648	750	-3.698018	-18.990211
5	0.856682	750	-3.637320	-22.627531
6	0.834079	750	-3.598677	-26.226207
7	0.811838	750	-3.568272	-29.794479
8	0.789957	750	-3.457919	-33.252398
9	0.768433	750	-3.425067	-36.677465
10	0.747266	750	-3.343642	-40.021107
11	0.726452	750	-3.298365	-43.319472
12	0.705989	750	-3.255967	-46.575438
13	0.685877	750	-3.189350	-49.764788
14	0.666112	750	-3.136172	-52.900960
15	0.646693	750	-3.086014	-55.986974
16	0.627618	750	-3.049075	-59.036049
17	0.608884	750	-3.064081	-62.100129
18	0.590490	750	-2.941047	-65.041176
19	0.572433	750	-2.945460	-67.986637
20	0.554712	750	-2.927326	-70.913963
21	0.537324	750	-2.834620	-73.748583
22	0.520268	750	-2.907674	-76.656257
23	0.503540	750	-2.742139	-79.398396
24	0.487139	750	-2.739640	-82.138036
25	0.471063	750	-2.662065	-84.800101
26	0.455310	750	-2.616295	-87.416396
27	0.439877	750	-2.508229	-89.924624
28	0.424762	750	-2.558821	-92.483445
29	0.409963	750	-2.490914	-94.974360
30	0.395478	750	-2.445385	-97.419744
31	0.381305	750	-2.323762	-99.743506
32	0.367440	750	-2.362149	-102.105655
33	0.353883	750	-2.259829	-104.365484
34	0.340630	750	-2.174158	-106.539643
35	0.327680	750	-2.175186	-108.714828
36	0.315030	750	-2.087161	-110.801989
37	0.302677	750	-2.117937	-112.919927
38	0.290619	750	-2.053619	-114.973546
39	0.278855	750	-2.010028	-116.983573
40	0.267381	750	-1.991025	-118.974598
41	0.256195	750	-1.935686	-120.910284
42	0.245294	750	-1.872213	-122.782497
43	0.234677	750	-1.810096	-124.592593
44	0.224340	750	-1.805144	-126.397736
45	0.214281	750	-1.703093	-128.100829
46	0.204498	750	-1.701295	-129.802124
47	0.194988	750	-1.643883	-131.446008
48	0.185749	750	-1.611434	-133.057442
49	0.176777	750	-1.562054	-134.619496
50	0.168070	750	-1.525308	-136.144804
51	0.159626	750	-1.487322	-137.632126
52	0.151441	750	-1.426301	-139.058428
53	0.143514	750	-1.388897	-140.447325
54	0.135841	750	-1.343420	-141.790745
55	0.128420	750	-1.276350	-143.067095
56	0.121247	750	-1.271593	-144.338688
57	0.114320	750	-1.224936	-145.563624
58	0.107637	750	-1.184435	-146.748059
59	0.101193	750	-1.134509	-147.882568
60	0.094986	750	-1.119553	-149.002121
61	0.089014	750	-1.062798	-150.064918
62	0.083273	750	-1.035453	-151.100371
63	0.077760	750	-1.005871	-152.106242
64	0.072472	750	-0.962399	-153.068641
65	0.067406	750	-0.930033	-153.998674
66	0.062558	750	-0.881210	-154.879884
67	0.057926	750	-0.856058	-155.735943
68	0.053506	750	-0.820178	-156.556121
69	0.049295	750	-0.787131	-157.343252
70	0.045289	750	-0.754257	-158.097509
71	0.041485	750	-0.722233	-158.819742
72	0.037880	750	-0.681636	-159.501378
73	0.034469	750	-0.655885	-160.157263
74	0.031250	750	-0.617422	-160.774685
75	0.028218	750	-0.591518	-161.366203
76	0.025370	750	-0.570746	-161.936949
77	0.022702	750	-0.542860	-162.479809
78	0.020209	750	-0.516594	-162.996403
79	0.017889	750	-0.471913	-163.468316
80	0.015736	750	-0.427984	-163.896300
81	0.013746	750	-0.402895	-164.299195
82	0.011916	750	-0.383113	-164.682308
83	0.010240	750	-0.362944	-165.045252
84	0.008714	750	-0.332482	-165.377734
85	0.007334	750	-0.313821	-165.691555
86	0.006093	750	-0.279859	-165.971414
87	0.004988	750	-0.243931	-166.215345
88	0.004013	750	-0.241840	-166.457185
89	0.003162	750	-0.213258	-166.670443
90	0.002430	750	-0.189484	-166.859927
91	0.001810	750	-0.175930	-167.035857
92	0.001296	750	-0.132354	-167.168211
93	0.000882	750	-0.101214	-167.269425
94	0.000559	750	-0.088187	-167.357612
95	0.000320	750	-0.068419	-167.426031
96	0.000156	750	-0.042068	-167.468099
97	0.000057	750	-0.026514	-167.494612
98	0.000010	750	-0.012905	-167.507518
99	0.000000	750	-0.002781	-167.510299
Log marginal likelihood:	-167.510299
0	0.975187	750	-3.836633	-3.836633
1	0.950747	750	-3.789799	-7.626432
2	0.926679	750	-3.740628	-11.367060
3	0.902980	750	-3.676620	-15.043680
4	0.879648	750	-3.634553	-18.678233
5	0.856682	750	-3.521140	-22.199373
6	0.834079	750	-3.512132	-25.711505
7	0.811838	750	-3.468115	-29.179620
8	0.789957	750	-3.395618	-32.575238
9	0.768433	750	-3.363051	-35.938289
10	0.747266	750	-3.318813	-39.257102
11	0.726452	750	-3.272299	-42.529401
12	0.705989	750	-3.204514	-45.733915
13	0.685877	750	-3.136014	-48.869929
14	0.666112	750	-3.171009	-52.040938
15	0.646693	750	-3.047148	-55.088085
16	0.627618	750	-2.989428	-58.077513
17	0.608884	750	-2.961328	-61.038842
18	0.590490	750	-2.890965	-63.929807
19	0.572433	750	-2.839850	-66.769657
20	0.554712	750	-2.791611	-69.561267
21	0.537324	750	-2.728685	-72.289952
22	0.520268	750	-2.705316	-74.995268
23	0.503540	750	-2.648259	-77.643527
24	0.487139	750	-2.621520	-80.265047
25	0.471063	750	-2.758788	-83.023835
26	0.455310	750	-2.592331	-85.616166
27	0.439877	750	-2.446878	-88.063044
28	0.424762	750	-2.408101	-90.471146
29	0.409963	750	-2.352568	-92.823713
30	0.395478	750	-2.276109	-95.099822
31	0.381305	750	-2.342882	-97.442704
32	0.367440	750	-2.249479	-99.692184
33	0.353883	750	-2.145119	-101.837303
34	0.340630	750	-2.266953	-104.104256
35	0.327680	750	-2.068701	-106.172958
36	0.315030	750	-2.161853	-108.334810
37	0.302677	750	-2.113917	-110.448727
38	0.290619	750	-2.032135	-112.480862
39	0.278855	750	-2.032057	-114.512919
40	0.267381	750	-1.988294	-116.501213
41	0.256195	750	-1.906679	-118.407892
42	0.245294	750	-1.905287	-120.313179
43	0.234677	750	-1.778262	-122.091441
44	0.224340	750	-1.712558	-123.803998
45	0.214281	750	-1.696614	-125.500613
46	0.204498	750	-1.607853	-127.108465
47	0.194988	750	-1.649519	-128.757984
48	0.185749	750	-1.621692	-130.379676
49	0.176777	750	-1.574271	-131.953947
50	0.168070	750	-1.528742	-133.482689
51	0.159626	750	-1.409586	-134.892275
52	0.151441	750	-1.433426	-136.325701
53	0.143514	750	-1.382347	-137.708048
54	0.135841	750	-1.348282	-139.056330
55	0.128420	750	-1.285386	-140.341716
56	0.121247	750	-1.267031	-141.608747
57	0.114320	750	-1.245942	-142.854689
58	0.107637	750	-1.203752	-144.058441
59	0.101193	750	-1.139916	-145.198356
60	0.094986	750	-1.103703	-146.302059
61	0.089014	750	-1.071060	-147.373119
62	0.083273	750	-1.034583	-148.407702
63	0.077760	750	-1.005976	-149.413677
64	0.072472	750	-0.962804	-150.376481
65	0.067406	750	-0.924092	-151.300573
66	0.062558	750	-0.881118	-152.181692
67	0.057926	750	-0.867763	-153.049455
68	0.053506	750	-0.810925	-153.860379
69	0.049295	750	-0.774167	-154.634546
70	0.045289	750	-0.745436	-155.379983
71	0.041485	750	-0.713667	-156.093649
72	0.037880	750	-0.675926	-156.769576
73	0.034469	750	-0.649465	-157.419041
74	0.031250	750	-0.621887	-158.040928
75	0.028218	750	-0.599908	-158.640836
76	0.025370	750	-0.548571	-159.189407
77	0.022702	750	-0.548695	-159.738102
78	0.020209	750	-0.523044	-160.261146
79	0.017889	750	-0.506326	-160.767473
80	0.015736	750	-0.450880	-161.218352
81	0.013746	750	-0.418135	-161.636488
82	0.011916	750	-0.385326	-162.021813
83	0.010240	750	-0.369880	-162.391694
84	0.008714	750	-0.343183	-162.734877
85	0.007334	750	-0.305514	-163.040391
86	0.006093	750	-0.279480	-163.319872
87	0.004988	750	-0.252748	-163.572619
88	0.004013	750	-0.220242	-163.792861
89	0.003162	750	-0.193143	-163.986004
90	0.002430	750	-0.188047	-164.174052
91	0.001810	750	-0.160561	-164.334613
92	0.001296	750	-0.138054	-164.472667
93	0.000882	750	-0.102091	-164.574758
94	0.000559	750	-0.089266	-164.664024
95	0.000320	750	-0.063753	-164.727778
96	0.000156	750	-0.043651	-164.771429
97	0.000057	750	-0.028894	-164.800323
98	0.000010	750	-0.012295	-164.812618
99	0.000000	750	-0.002573	-164.815191
Log marginal likelihood:	-164.815191
0	0.975187	750	-3.563094	-3.563094
1	0.950747	750	-3.486632	-7.049727
2	0.926679	750	-3.445000	-10.494727
3	0.902980	750	-3.411189	-13.905915
4	0.879648	750	-3.331303	-17.237218
5	0.856682	750	-3.284878	-20.522096
6	0.834079	750	-3.264809	-23.786906
7	0.811838	750	-3.212498	-26.999404
8	0.789957	750	-3.126934	-30.126338
9	0.768433	750	-3.118993	-33.245330
10	0.747266	750	-3.074568	-36.319898
11	0.726452	750	-2.999501	-39.319399
12	0.705989	750	-2.954668	-42.274068
13	0.685877	750	-2.919805	-45.193873
14	0.666112	750	-2.853611	-48.047484
15	0.646693	750	-2.807479	-50.854963
16	0.627618	750	-2.772241	-53.627204
17	0.608884	750	-2.761127	-56.388331
18	0.590490	750	-2.721066	-59.109397
19	0.572433	750	-2.622885	-61.732282
20	0.554712	750	-2.575710	-64.307992
21	0.537324	750	-2.554832	-66.862824
22	0.520268	750	-2.506833	-69.369657
23	0.503540	750	-2.460713	-71.830369
24	0.487139	750	-2.410430	-74.240799
25	0.471063	750	-2.388096	-76.628895
26	0.455310	750	-2.339467	-78.968362
27	0.439877	750	-2.263015	-81.231378
28	0.424762	750	-2.251122	-83.482499
29	0.409963	750	-2.252394	-85.734893
30	0.395478	750	-2.157619	-87.892512
31	0.381305	750	-2.088554	-89.981066
32	0.367440	750	-2.067095	-92.048161
33	0.353883	750	-1.994142	-94.042303
34	0.340630	750	-1.962132	-96.004435
35	0.327680	750	-1.951894	-97.956329
36	0.315030	750	-1.914935	-99.871264
37	0.302677	750	-1.918892	-101.790156
38	0.290619	750	-1.810184	-103.600340
39	0.278855	750	-1.886437	-105.486777
40	0.267381	750	-1.731126	-107.217902
41	0.256195	750	-1.720613	-108.938516
42	0.245294	750	-1.704239	-110.642754
43	0.234677	750	-1.684495	-112.327249
44	0.224340	750	-1.744153	-114.071402
45	0.214281	750	-1.633042	-115.704444
46	0.204498	750	-1.502316	-117.206761
47	0.194988	750	-1.532282	-118.739043
48	0.185749	750	-1.497421	-120.236464
49	0.176777	750	-1.478588	-121.715052
50	0.168070	750	-1.405971	-123.121024
51	0.159626	750	-1.342811	-124.463835
52	0.151441	750	-1.386437	-125.850272
53	0.143514	750	-1.393652	-127.243924
54	0.135841	750	-1.264244	-128.508168
55	0.128420	750	-1.240269	-129.748437
56	0.121247	750	-1.244837	-130.993275
57	0.114320	750	-1.156344	-132.149618
58	0.107637	750	-1.198643	-133.348261
59	0.101193	750	-1.165252	-134.513513
60	0.094986	750	-1.106222	-135.619734
61	0.089014	750	-1.021155	-136.640890
62	0.083273	750	-1.037865	-137.678754
63	0.077760	750	-0.997045	-138.675799
64	0.072472	750	-0.947933	-139.623732
65	0.067406	750	-0.920041	-140.543773
66	0.062558	750	-0.880384	-141.424157
67	0.057926	750	-0.820438	-142.244595
68	0.053506	750	-0.820656	-143.065251
69	0.049295	750	-0.776908	-143.842158
70	0.045289	750	-0.756086	-144.598244
71	0.041485	750	-0.709680	-145.307924
72	0.037880	750	-0.685554	-145.993478
73	0.034469	750	-0.658300	-146.651778
74	0.031250	750	-0.625731	-147.277509
75	0.028218	750	-0.590087	-147.867597
76	0.025370	750	-0.556634	-148.424230
77	0.022702	750	-0.546697	-148.970927
78	0.020209	750	-0.503393	-149.474320
79	0.017889	750	-0.483312	-149.957632
80	0.015736	750	-0.441611	-150.399242
81	0.013746	750	-0.452212	-150.851454
82	0.011916	750	-0.392143	-151.243597
83	0.010240	750	-0.359077	-151.602674
84	0.008714	750	-0.331387	-151.934062
85	0.007334	750	-0.305791	-152.239852
86	0.006093	750	-0.267300	-152.507153
87	0.004988	750	-0.261621	-152.768774
88	0.004013	750	-0.257163	-153.025936
89	0.003162	750	-0.203710	-153.229647
90	0.002430	750	-0.175158	-153.404804
91	0.001810	750	-0.170459	-153.575264
92	0.001296	750	-0.133978	-153.709242
93	0.000882	750	-0.106909	-153.816151
94	0.000559	750	-0.080301	-153.896452
95	0.000320	750	-0.058492	-153.954944
96	0.000156	750	-0.039721	-153.994665
97	0.000057	750	-0.025063	-154.019728
98	0.000010	750	-0.012319	-154.032047
99	0.000000	750	-0.002626	-154.034672
Log marginal likelihood:	-154.034672
0	0.975187	750	-3.757242	-3.757242
1	0.950747	750	-3.708937	-7.466180
2	0.926679	750	-3.661708	-11.127887
3	0.902980	750	-3.587596	-14.715484
4	0.879648	750	-3.531497	-18.246980
5	0.856682	750	-3.504248	-21.751228
6	0.834079	750	-3.401544	-25.152772
7	0.811838	750	-3.359633	-28.512406
8	0.789957	750	-3.317316	-31.829722
9	0.768433	750	-3.269035	-35.098757
10	0.747266	750	-3.202142	-38.300899
11	0.726452	750	-3.186879	-41.487779
12	0.705989	750	-3.129254	-44.617033
13	0.685877	750	-3.062150	-47.679183
14	0.666112	750	-3.009826	-50.689009
15	0.646693	750	-2.943082	-53.632091
16	0.627618	750	-2.918219	-56.550310
17	0.608884	750	-2.862398	-59.412708
18	0.590490	750	-2.804333	-62.217041
19	0.572433	750	-2.766342	-64.983383
20	0.554712	750	-2.711657	-67.695040
21	0.537324	750	-2.665158	-70.360198
22	0.520268	750	-2.606221	-72.966418
23	0.503540	750	-2.562254	-75.528673
24	0.487139	750	-2.529449	-78.058122
25	0.471063	750	-2.474483	-80.532604
26	0.455310	750	-2.417510	-82.950114
27	0.439877	750	-2.389167	-85.339281
28	0.424762	750	-2.308305	-87.647586
29	0.409963	750	-2.282103	-89.929689
30	0.395478	750	-2.239997	-92.169686
31	0.381305	750	-2.180846	-94.350532
32	0.367440	750	-2.158470	-96.509002
33	0.353883	750	-2.092236	-98.601238
34	0.340630	750	-2.048863	-100.650101
35	0.327680	750	-2.010489	-102.660590
36	0.315030	750	-1.978820	-104.639409
37	0.302677	750	-1.938142	-106.577551
38	0.290619	750	-1.874063	-108.451614
39	0.278855	750	-1.826100	-110.277713
40	0.267381	750	-1.787438	-112.065152
41	0.256195	750	-1.753371	-113.818523
42	0.245294	750	-1.702377	-115.520899
43	0.234677	750	-1.759262	-117.280161
44	0.224340	750	-1.689939	-118.970100
45	0.214281	750	-1.637904	-120.608004
46	0.204498	750	-1.662237	-122.270241
47	0.194988	750	-1.628242	-123.898483
48	0.185749	750	-1.578986	-125.477469
49	0.176777	750	-1.426303	-126.903773
50	0.168070	750	-1.410715	-128.314488
51	0.159626	750	-1.464422	-129.778909
52	0.151441	750	-1.508005	-131.286914
53	0.143514	750	-1.424503	-132.711418
54	0.135841	750	-1.352223	-134.063641
55	0.128420	750	-1.350545	-135.414186
56	0.121247	750	-1.228824	-136.643010
57	0.114320	750	-1.201189	-137.844199
58	0.107637	750	-1.184805	-139.029003
59	0.101193	750	-1.188141	-140.217144
60	0.094986	750	-1.142171	-141.359316
61	0.089014	750	-1.120045	-142.479361
62	0.083273	750	-1.055321	-143.534682
63	0.077760	750	-1.018266	-144.552947
64	0.072472	750	-0.965327	-145.518274
65	0.067406	750	-0.888856	-146.407130
66	0.062558	750	-0.914028	-147.321157
67	0.057926	750	-0.866036	-148.187194
68	0.053506	750	-0.818301	-149.005495
69	0.049295	750	-0.807587	-149.813082
70	0.045289	750	-0.765336	-150.578418
71	0.041485	750	-0.739227	-151.317645
72	0.037880	750	-0.706611	-152.024256
73	0.034469	750	-0.701167	-152.725423
74	0.031250	750	-0.632922	-153.358344
75	0.028218	750	-0.615513	-153.973857
76	0.025370	750	-0.574273	-154.548130
77	0.022702	750	-0.546484	-155.094614
78	0.020209	750	-0.526306	-155.620920
79	0.017889	750	-0.497672	-156.118592
80	0.015736	750	-0.466602	-156.585194
81	0.013746	750	-0.427881	-157.013075
82	0.011916	750	-0.396860	-157.409934
83	0.010240	750	-0.359333	-157.769267
84	0.008714	750	-0.347473	-158.116740
85	0.007334	750	-0.321357	-158.438097
86	0.006093	750	-0.292779	-158.730876
87	0.004988	750	-0.241797	-158.972673
88	0.004013	750	-0.231515	-159.204189
89	0.003162	750	-0.213242	-159.417431
90	0.002430	750	-0.180680	-159.598110
91	0.001810	750	-0.174660	-159.772770
92	0.001296	750	-0.128636	-159.901406
93	0.000882	750	-0.117020	-160.018426
94	0.000559	750	-0.085267	-160.103693
95	0.000320	750	-0.060672	-160.164366
96	0.000156	750	-0.046608	-160.210974
97	0.000057	750	-0.025077	-160.236051
98	0.000010	750	-0.013378	-160.249429
99	0.000000	750	-0.002826	-160.252255
Log marginal likelihood:	-160.252255
0	0.975187	750	-3.529072	-3.529072
1	0.950747	750	-3.465826	-6.994899
2	0.926679	750	-3.406583	-10.401481
3	0.902980	750	-3.364231	-13.765712
4	0.879648	750	-3.314802	-17.080514
5	0.856682	750	-3.258488	-20.339002
6	0.834079	750	-3.214387	-23.553389
7	0.811838	750	-3.169382	-26.722771
8	0.789957	750	-3.112427	-29.835198
9	0.768433	750	-3.069046	-32.904243
10	0.747266	750	-3.013895	-35.918138
11	0.726452	750	-2.980528	-38.898667
12	0.705989	750	-2.935865	-41.834531
13	0.685877	750	-2.871993	-44.706524
14	0.666112	750	-2.829607	-47.536131
15	0.646693	750	-2.811754	-50.347885
16	0.627618	750	-2.731665	-53.079550
17	0.608884	750	-2.697000	-55.776549
18	0.590490	750	-2.654997	-58.431546
19	0.572433	750	-2.593558	-61.025104
20	0.554712	750	-2.555337	-63.580441
21	0.537324	750	-2.525464	-66.105906
22	0.520268	750	-2.461993	-68.567898
23	0.503540	750	-2.425600	-70.993499
24	0.487139	750	-2.427439	-73.420938
25	0.471063	750	-2.389244	-75.810182
26	0.455310	750	-2.306027	-78.116209
27	0.439877	750	-2.269513	-80.385723
28	0.424762	750	-2.215038	-82.600760
29	0.409963	750	-2.190646	-84.791406
30	0.395478	750	-2.148154	-86.939561
31	0.381305	750	-2.289862	-89.229422
32	0.367440	750	-2.067878	-91.297300
33	0.353883	750	-2.157663	-93.454963
34	0.340630	750	-2.085856	-95.540818
35	0.327680	750	-1.971301	-97.512120
36	0.315030	750	-2.035892	-99.548011
37	0.302677	750	-1.947945	-101.495957
38	0.290619	750	-1.988011	-103.483968
39	0.278855	750	-1.781858	-105.265826
40	0.267381	750	-1.896373	-107.162199
41	0.256195	750	-1.767123	-108.929322
42	0.245294	750	-1.720488	-110.649810
43	0.234677	750	-1.801921	-112.451731
44	0.224340	750	-1.802232	-114.253963
45	0.214281	750	-1.710334	-115.964298
46	0.204498	750	-1.670356	-117.634654
47	0.194988	750	-1.611549	-119.246203
48	0.185749	750	-1.659231	-120.905434
49	0.176777	750	-1.607074	-122.512507
50	0.168070	750	-1.509616	-124.022124
51	0.159626	750	-1.449650	-125.471774
52	0.151441	750	-1.386169	-126.857944
53	0.143514	750	-1.391036	-128.248979
54	0.135841	750	-1.301012	-129.549991
55	0.128420	750	-1.291648	-130.841640
56	0.121247	750	-1.240516	-132.082156
57	0.114320	750	-1.230553	-133.312708
58	0.107637	750	-1.222092	-134.534801
59	0.101193	750	-1.157577	-135.692378
60	0.094986	750	-1.138890	-136.831268
61	0.089014	750	-1.060439	-137.891706
62	0.083273	750	-1.047866	-138.939573
63	0.077760	750	-1.010629	-139.950202
64	0.072472	750	-0.997833	-140.948035
65	0.067406	750	-0.939917	-141.887952
66	0.062558	750	-0.893359	-142.781311
67	0.057926	750	-0.868997	-143.650309
68	0.053506	750	-0.833065	-144.483374
69	0.049295	750	-0.790059	-145.273433
70	0.045289	750	-0.761308	-146.034740
71	0.041485	750	-0.752204	-146.786944
72	0.037880	750	-0.714539	-147.501483
73	0.034469	750	-0.669647	-148.171130
74	0.031250	750	-0.638541	-148.809671
75	0.028218	750	-0.615836	-149.425507
76	0.025370	750	-0.573758	-149.999265
77	0.022702	750	-0.547173	-150.546438
78	0.020209	750	-0.505202	-151.051640
79	0.017889	750	-0.476028	-151.527668
80	0.015736	750	-0.444498	-151.972166
81	0.013746	750	-0.417601	-152.389767
82	0.011916	750	-0.398091	-152.787859
83	0.010240	750	-0.378709	-153.166567
84	0.008714	750	-0.351386	-153.517954
85	0.007334	750	-0.299362	-153.817316
86	0.006093	750	-0.293228	-154.110544
87	0.004988	750	-0.289938	-154.400482
88	0.004013	750	-0.247134	-154.647616
89	0.003162	750	-0.210787	-154.858403
90	0.002430	750	-0.181852	-155.040255
91	0.001810	750	-0.165199	-155.205454
92	0.001296	750	-0.122725	-155.328179
93	0.000882	750	-0.124865	-155.453044
94	0.000559	750	-0.078941	-155.531985
95	0.000320	750	-0.063243	-155.595228
96	0.000156	750	-0.046089	-155.641317
97	0.000057	750	-0.029328	-155.670646
98	0.000010	750	-0.012843	-155.683489
99	0.000000	750	-0.002644	-155.686133
Log marginal likelihood:	-155.686133
0	0.975187	750	-3.622080	-3.622080
1	0.950747	750	-3.562148	-7.184228
2	0.926679	750	-3.516991	-10.701219
3	0.902980	750	-3.443437	-14.144656
4	0.879648	750	-3.453566	-17.598222
5	0.856682	750	-3.370136	-20.968359
6	0.834079	750	-3.314489	-24.282848
7	0.811838	750	-3.239313	-27.522160
8	0.789957	750	-3.194278	-30.716438
9	0.768433	750	-3.151647	-33.868085
10	0.747266	750	-3.110250	-36.978336
11	0.726452	750	-3.056994	-40.035330
12	0.705989	750	-3.029318	-43.064648
13	0.685877	750	-2.938227	-46.002875
14	0.666112	750	-2.885768	-48.888642
15	0.646693	750	-2.843295	-51.731938
16	0.627618	750	-2.808889	-54.540827
17	0.608884	750	-2.769458	-57.310285
18	0.590490	750	-2.728183	-60.038468
19	0.572433	750	-2.672086	-62.710554
20	0.554712	750	-2.647326	-65.357880
21	0.537324	750	-2.562828	-67.920708
22	0.520268	750	-2.535864	-70.456573
23	0.503540	750	-2.504591	-72.961163
24	0.487139	750	-2.441513	-75.402676
25	0.471063	750	-2.439762	-77.842438
26	0.455310	750	-2.401731	-80.244169
27	0.439877	750	-2.342270	-82.586439
28	0.424762	750	-2.248636	-84.835075
29	0.409963	750	-2.245312	-87.080388
30	0.395478	750	-2.205963	-89.286351
31	0.381305	750	-2.163008	-91.449359
32	0.367440	750	-2.123740	-93.573099
33	0.353883	750	-2.087748	-95.660847
34	0.340630	750	-2.026194	-97.687041
35	0.327680	750	-1.998809	-99.685850
36	0.315030	750	-1.976109	-101.661959
37	0.302677	750	-1.908704	-103.570663
38	0.290619	750	-1.873978	-105.444641
39	0.278855	750	-1.881550	-107.326191
40	0.267381	750	-1.960312	-109.286502
41	0.256195	750	-1.737942	-111.024445
42	0.245294	750	-1.748792	-112.773237
43	0.234677	750	-1.660671	-114.433907
44	0.224340	750	-1.660015	-116.093923
45	0.214281	750	-1.608799	-117.702722
46	0.204498	750	-1.629082	-119.331804
47	0.194988	750	-1.601951	-120.933755
48	0.185749	750	-1.536306	-122.470061
49	0.176777	750	-1.543096	-124.013157
50	0.168070	750	-1.495373	-125.508530
51	0.159626	750	-1.452750	-126.961280
52	0.151441	750	-1.450181	-128.411461
53	0.143514	750	-1.342736	-129.754197
54	0.135841	750	-1.338426	-131.092623
55	0.128420	750	-1.297100	-132.389723
56	0.121247	750	-1.280247	-133.669971
57	0.114320	750	-1.216001	-134.885971
58	0.107637	750	-1.167838	-136.053809
59	0.101193	750	-1.161298	-137.215107
60	0.094986	750	-1.097383	-138.312490
61	0.089014	750	-1.032730	-139.345220
62	0.083273	750	-1.026881	-140.372101
63	0.077760	750	-0.979580	-141.351681
64	0.072472	750	-0.959244	-142.310925
65	0.067406	750	-0.918953	-143.229877
66	0.062558	750	-0.883141	-144.113019
67	0.057926	750	-0.841030	-144.954048
68	0.053506	750	-0.813291	-145.767339
69	0.049295	750	-0.774106	-146.541445
70	0.045289	750	-0.754198	-147.295642
71	0.041485	750	-0.726076	-148.021719
72	0.037880	750	-0.664434	-148.686152
73	0.034469	750	-0.640844	-149.326996
74	0.031250	750	-0.612728	-149.939724
75	0.028218	750	-0.600509	-150.540233
76	0.025370	750	-0.577485	-151.117719
77	0.022702	750	-0.560770	-151.678489
78	0.020209	750	-0.515125	-152.193614
79	0.017889	750	-0.471679	-152.665293
80	0.015736	750	-0.450162	-153.115455
81	0.013746	750	-0.410085	-153.525540
82	0.011916	750	-0.390854	-153.916394
83	0.010240	750	-0.372868	-154.289262
84	0.008714	750	-0.337872	-154.627134
85	0.007334	750	-0.296870	-154.924005
86	0.006093	750	-0.300783	-155.224787
87	0.004988	750	-0.261478	-155.486265
88	0.004013	750	-0.227273	-155.713538
89	0.003162	750	-0.209027	-155.922565
90	0.002430	750	-0.183166	-156.105731
91	0.001810	750	-0.151120	-156.256851
92	0.001296	750	-0.120448	-156.377299
93	0.000882	750	-0.107422	-156.484721
94	0.000559	750	-0.086037	-156.570758
95	0.000320	750	-0.063295	-156.634052
96	0.000156	750	-0.041160	-156.675212
97	0.000057	750	-0.028004	-156.703217
98	0.000010	750	-0.012539	-156.715756
99	0.000000	750	-0.002786	-156.718542
Log marginal likelihood:	-156.718542
0	0.975187	750	-3.977241	-3.977241
1	0.950747	750	-3.913324	-7.890565
2	0.926679	750	-3.858563	-11.749129
3	0.902980	750	-3.790834	-15.539962
4	0.879648	750	-3.755643	-19.295605
5	0.856682	750	-3.680019	-22.975624
6	0.834079	750	-3.624420	-26.600044
7	0.811838	750	-3.565667	-30.165711
8	0.789957	750	-3.516093	-33.681805
9	0.768433	750	-3.451911	-37.133716
10	0.747266	750	-3.406415	-40.540131
11	0.726452	750	-3.350476	-43.890607
12	0.705989	750	-3.284362	-47.174968
13	0.685877	750	-3.270940	-50.445909
14	0.666112	750	-3.193826	-53.639735
15	0.646693	750	-3.153246	-56.792981
16	0.627618	750	-3.086287	-59.879267
17	0.608884	750	-3.043837	-62.923105
18	0.590490	750	-2.983377	-65.906481
19	0.572433	750	-2.929081	-68.835562
20	0.554712	750	-2.863632	-71.699194
21	0.537324	750	-2.806451	-74.505646
22	0.520268	750	-2.782457	-77.288103
23	0.503540	750	-2.785292	-80.073395
24	0.487139	750	-2.656883	-82.730278
25	0.471063	750	-2.634859	-85.365138
26	0.455310	750	-2.597853	-87.962991
27	0.439877	750	-2.554942	-90.517933
28	0.424762	750	-2.501338	-93.019271
29	0.409963	750	-2.404374	-95.423646
30	0.395478	750	-2.523564	-97.947210
31	0.381305	750	-2.322048	-100.269258
32	0.367440	750	-2.261524	-102.530782
33	0.353883	750	-2.394405	-104.925187
34	0.340630	750	-2.163390	-107.088577
35	0.327680	750	-2.140022	-109.228598
36	0.315030	750	-2.149408	-111.378006
37	0.302677	750	-2.099282	-113.477288
38	0.290619	750	-2.153459	-115.630747
39	0.278855	750	-2.100174	-117.730921
40	0.267381	750	-1.980210	-119.711131
41	0.256195	750	-1.872687	-121.583818
42	0.245294	750	-1.935582	-123.519400
43	0.234677	750	-1.852014	-125.371415
44	0.224340	750	-1.808081	-127.179496
45	0.214281	750	-1.784542	-128.964037
46	0.204498	750	-1.741300	-130.705337
47	0.194988	750	-1.654544	-132.359881
48	0.185749	750	-1.576255	-133.936136
49	0.176777	750	-1.610044	-135.546180
50	0.168070	750	-1.545694	-137.091874
51	0.159626	750	-1.525720	-138.617594
52	0.151441	750	-1.483662	-140.101255
53	0.143514	750	-1.429955	-141.531210
54	0.135841	750	-1.390201	-142.921412
55	0.128420	750	-1.344129	-144.265540
56	0.121247	750	-1.282640	-145.548180
57	0.114320	750	-1.272729	-146.820909
58	0.107637	750	-1.236725	-148.057634
59	0.101193	750	-1.193258	-149.250893
60	0.094986	750	-1.143465	-150.394358
61	0.089014	750	-1.082509	-151.476867
62	0.083273	750	-1.051852	-152.528719
63	0.077760	750	-1.014173	-153.542892
64	0.072472	750	-0.976601	-154.519492
65	0.067406	750	-0.945366	-155.464858
66	0.062558	750	-0.923648	-156.388507
67	0.057926	750	-0.863528	-157.252035
68	0.053506	750	-0.844694	-158.096730
69	0.049295	750	-0.825207	-158.921936
70	0.045289	750	-0.785234	-159.707170
71	0.041485	750	-0.750579	-160.457749
72	0.037880	750	-0.723646	-161.181395
73	0.034469	750	-0.662193	-161.843588
74	0.031250	750	-0.648978	-162.492566
75	0.028218	750	-0.621070	-163.113635
76	0.025370	750	-0.582729	-163.696365
77	0.022702	750	-0.542505	-164.238870
78	0.020209	750	-0.528499	-164.767369
79	0.017889	750	-0.471042	-165.238411
80	0.015736	750	-0.444852	-165.683262
81	0.013746	750	-0.402880	-166.086142
82	0.011916	750	-0.389990	-166.476132
83	0.010240	750	-0.368524	-166.844656
84	0.008714	750	-0.346195	-167.190851
85	0.007334	750	-0.310636	-167.501487
86	0.006093	750	-0.306291	-167.807778
87	0.004988	750	-0.270921	-168.078700
88	0.004013	750	-0.224163	-168.302863
89	0.003162	750	-0.207538	-168.510401
90	0.002430	750	-0.191505	-168.701906
91	0.001810	750	-0.156101	-168.858008
92	0.001296	750	-0.148802	-169.006809
93	0.000882	750	-0.101935	-169.108744
94	0.000559	750	-0.081984	-169.190728
95	0.000320	750	-0.059835	-169.250563
96	0.000156	750	-0.043365	-169.293929
97	0.000057	750	-0.026449	-169.320378
98	0.000010	750	-0.011299	-169.331677
99	0.000000	750	-0.002368	-169.334045
Log marginal likelihood:	-169.334045
0	0.975187	750	-3.421609	-3.421609
1	0.950747	750	-3.352364	-6.773973
2	0.926679	750	-3.305992	-10.079965
3	0.902980	750	-3.245388	-13.325352
4	0.879648	750	-3.225129	-16.550482
5	0.856682	750	-3.159356	-19.709838
6	0.834079	750	-3.105248	-22.815085
7	0.811838	750	-3.093087	-25.908172
8	0.789957	750	-3.009263	-28.917436
9	0.768433	750	-2.968771	-31.886207
10	0.747266	750	-2.930396	-34.816603
11	0.726452	750	-2.862574	-37.679177
12	0.705989	750	-2.842436	-40.521614
13	0.685877	750	-2.790874	-43.312488
14	0.666112	750	-2.731770	-46.044258
15	0.646693	750	-2.768437	-48.812695
16	0.627618	750	-2.641818	-51.454513
17	0.608884	750	-2.639517	-54.094031
18	0.590490	750	-2.553023	-56.647053
19	0.572433	750	-2.528765	-59.175818
20	0.554712	750	-2.472444	-61.648262
21	0.537324	750	-2.425834	-64.074096
22	0.520268	750	-2.446057	-66.520152
23	0.503540	750	-2.351747	-68.871900
24	0.487139	750	-2.340417	-71.212316
25	0.471063	750	-2.296770	-73.509087
26	0.455310	750	-2.222914	-75.732001
27	0.439877	750	-2.223153	-77.955153
28	0.424762	750	-2.184426	-80.139580
29	0.409963	750	-2.086920	-82.226500
30	0.395478	750	-2.083759	-84.310259
31	0.381305	750	-2.049256	-86.359515
32	0.367440	750	-2.012837	-88.372353
33	0.353883	750	-1.971865	-90.344218
34	0.340630	750	-1.918566	-92.262784
35	0.327680	750	-1.866434	-94.129218
36	0.315030	750	-1.875196	-96.004414
37	0.302677	750	-1.807292	-97.811706
38	0.290619	750	-1.828947	-99.640653
39	0.278855	750	-1.937907	-101.578560
40	0.267381	750	-1.870884	-103.449444
41	0.256195	750	-1.684328	-105.133773
42	0.245294	750	-1.675373	-106.809145
43	0.234677	750	-1.582854	-108.392000
44	0.224340	750	-1.674639	-110.066639
45	0.214281	750	-1.528367	-111.595006
46	0.204498	750	-1.536417	-113.131423
47	0.194988	750	-1.519713	-114.651136
48	0.185749	750	-1.508098	-116.159234
49	0.176777	750	-1.458945	-117.618180
50	0.168070	750	-1.469484	-119.087663
51	0.159626	750	-1.434048	-120.521711
52	0.151441	750	-1.306066	-121.827777
53	0.143514	750	-1.315752	-123.143529
54	0.135841	750	-1.323201	-124.466730
55	0.128420	750	-1.291922	-125.758651
56	0.121247	750	-1.277170	-127.035821
57	0.114320	750	-1.247390	-128.283211
58	0.107637	750	-1.181756	-129.464967
59	0.101193	750	-1.170066	-130.635033
60	0.094986	750	-1.115123	-131.750155
61	0.089014	750	-1.091582	-132.841737
62	0.083273	750	-1.037455	-133.879192
63	0.077760	750	-0.983971	-134.863163
64	0.072472	750	-0.969147	-135.832310
65	0.067406	750	-0.944466	-136.776776
66	0.062558	750	-0.902575	-137.679352
67	0.057926	750	-0.862613	-138.541965
68	0.053506	750	-0.808983	-139.350947
69	0.049295	750	-0.795658	-140.146605
70	0.045289	750	-0.756524	-140.903130
71	0.041485	750	-0.723066	-141.626196
72	0.037880	750	-0.707334	-142.333530
73	0.034469	750	-0.653436	-142.986966
74	0.031250	750	-0.626830	-143.613796
75	0.028218	750	-0.601077	-144.214874
76	0.025370	750	-0.562543	-144.777416
77	0.022702	750	-0.544293	-145.321709
78	0.020209	750	-0.507066	-145.828775
79	0.017889	750	-0.473794	-146.302569
80	0.015736	750	-0.470869	-146.773438
81	0.013746	750	-0.411471	-147.184909
82	0.011916	750	-0.408296	-147.593205
83	0.010240	750	-0.377142	-147.970347
84	0.008714	750	-0.339831	-148.310179
85	0.007334	750	-0.318216	-148.628394
86	0.006093	750	-0.296278	-148.924672
87	0.004988	750	-0.253862	-149.178533
88	0.004013	750	-0.228136	-149.406669
89	0.003162	750	-0.216322	-149.622991
90	0.002430	750	-0.184064	-149.807055
91	0.001810	750	-0.154913	-149.961968
92	0.001296	750	-0.149376	-150.111344
93	0.000882	750	-0.107545	-150.218889
94	0.000559	750	-0.082125	-150.301014
95	0.000320	750	-0.071753	-150.372767
96	0.000156	750	-0.041691	-150.414458
97	0.000057	750	-0.025249	-150.439707
98	0.000010	750	-0.011345	-150.451052
99	0.000000	750	-0.002646	-150.453698
Log marginal likelihood:	-150.453698
0	0.975187	750	-3.576620	-3.576620
1	0.950747	750	-3.531442	-7.108062
2	0.926679	750	-3.495837	-10.603899
3	0.902980	750	-3.423886	-14.027785
4	0.879648	750	-3.408387	-17.436172
5	0.856682	750	-3.335114	-20.771286
6	0.834079	750	-3.285444	-24.056730
7	0.811838	750	-3.247109	-27.303839
8	0.789957	750	-3.190555	-30.494394
9	0.768433	750	-3.156402	-33.650796
10	0.747266	750	-3.077997	-36.728793
11	0.726452	750	-3.023987	-39.752779
12	0.705989	750	-2.980888	-42.733667
13	0.685877	750	-2.940513	-45.674180
14	0.666112	750	-2.883010	-48.557190
15	0.646693	750	-2.898258	-51.455448
16	0.627618	750	-2.779294	-54.234743
17	0.608884	750	-2.742027	-56.976769
18	0.590490	750	-2.699153	-59.675922
19	0.572433	750	-2.647601	-62.323523
20	0.554712	750	-2.595719	-64.919242
21	0.537324	750	-2.576211	-67.495453
22	0.520268	750	-2.571915	-70.067368
23	0.503540	750	-2.471709	-72.539077
24	0.487139	750	-2.440321	-74.979398
25	0.471063	750	-2.382789	-77.362187
26	0.455310	750	-2.350507	-79.712694
27	0.439877	750	-2.268757	-81.981451
28	0.424762	750	-2.497562	-84.479013
29	0.409963	750	-2.359485	-86.838498
30	0.395478	750	-2.240276	-89.078774
31	0.381305	750	-2.231080	-91.309854
32	0.367440	750	-2.104260	-93.414114
33	0.353883	750	-2.096803	-95.510917
34	0.340630	750	-2.013641	-97.524558
35	0.327680	750	-2.127559	-99.652117
36	0.315030	750	-2.109843	-101.761961
37	0.302677	750	-1.956890	-103.718850
38	0.290619	750	-2.036492	-105.755342
39	0.278855	750	-2.015648	-107.770990
40	0.267381	750	-1.941711	-109.712701
41	0.256195	750	-1.920983	-111.633684
42	0.245294	750	-1.737190	-113.370874
43	0.234677	750	-1.811307	-115.182181
44	0.224340	750	-1.711229	-116.893410
45	0.214281	750	-1.757713	-118.651123
46	0.204498	750	-1.690562	-120.341684
47	0.194988	750	-1.620597	-121.962282
48	0.185749	750	-1.637525	-123.599807
49	0.176777	750	-1.549927	-125.149734
50	0.168070	750	-1.558904	-126.708638
51	0.159626	750	-1.498993	-128.207631
52	0.151441	750	-1.449800	-129.657431
53	0.143514	750	-1.413650	-131.071081
54	0.135841	750	-1.349751	-132.420832
55	0.128420	750	-1.330812	-133.751644
56	0.121247	750	-1.291013	-135.042657
57	0.114320	750	-1.258529	-136.301186
58	0.107637	750	-1.201792	-137.502978
59	0.101193	750	-1.167340	-138.670319
60	0.094986	750	-1.135647	-139.805966
61	0.089014	750	-1.062143	-140.868110
62	0.083273	750	-1.061420	-141.929530
63	0.077760	750	-1.015534	-142.945064
64	0.072472	750	-0.971821	-143.916885
65	0.067406	750	-0.941938	-144.858823
66	0.062558	750	-0.890273	-145.749096
67	0.057926	750	-0.865100	-146.614196
68	0.053506	750	-0.830884	-147.445080
69	0.049295	750	-0.791362	-148.236443
70	0.045289	750	-0.753599	-148.990042
71	0.041485	750	-0.725010	-149.715051
72	0.037880	750	-0.702074	-150.417125
73	0.034469	750	-0.667083	-151.084208
74	0.031250	750	-0.632431	-151.716639
75	0.028218	750	-0.607132	-152.323770
76	0.025370	750	-0.570695	-152.894465
77	0.022702	750	-0.542828	-153.437293
78	0.020209	750	-0.509744	-153.947037
79	0.017889	750	-0.500426	-154.447463
80	0.015736	750	-0.456686	-154.904149
81	0.013746	750	-0.428934	-155.333083
82	0.011916	750	-0.399404	-155.732487
83	0.010240	750	-0.373171	-156.105658
84	0.008714	750	-0.327891	-156.433549
85	0.007334	750	-0.324097	-156.757646
86	0.006093	750	-0.294177	-157.051823
87	0.004988	750	-0.263006	-157.314829
88	0.004013	750	-0.232895	-157.547724
89	0.003162	750	-0.218516	-157.766241
90	0.002430	750	-0.171378	-157.937618
91	0.001810	750	-0.151974	-158.089592
92	0.001296	750	-0.140376	-158.229968
93	0.000882	750	-0.108766	-158.338734
94	0.000559	750	-0.083165	-158.421899
95	0.000320	750	-0.061428	-158.483327
96	0.000156	750	-0.056285	-158.539612
97	0.000057	750	-0.026046	-158.565658
98	0.000010	750	-0.013252	-158.578909
99	0.000000	750	-0.002855	-158.581764
Log marginal likelihood:	-158.581764
0	0.975187	750	-3.261131	-3.261131
1	0.950747	750	-3.240291	-6.501422
2	0.926679	750	-3.154681	-9.656103
3	0.902980	750	-3.121316	-12.777419
4	0.879648	750	-3.082531	-15.859949
5	0.856682	750	-3.009740	-18.869689
6	0.834079	750	-2.981411	-21.851100
7	0.811838	750	-2.928115	-24.779215
8	0.789957	750	-2.883880	-27.663094
9	0.768433	750	-2.880189	-30.543283
10	0.747266	750	-2.807212	-33.350495
11	0.726452	750	-2.759550	-36.110045
12	0.705989	750	-2.715785	-38.825831
13	0.685877	750	-2.703468	-41.529298
14	0.666112	750	-2.624868	-44.154166
15	0.646693	750	-2.600371	-46.754537
16	0.627618	750	-2.557001	-49.311538
17	0.608884	750	-2.502200	-51.813737
18	0.590490	750	-2.452524	-54.266261
19	0.572433	750	-2.382894	-56.649155
20	0.554712	750	-2.385543	-59.034698
21	0.537324	750	-2.321304	-61.356002
22	0.520268	750	-2.338922	-63.694924
23	0.503540	750	-2.253272	-65.948196
24	0.487139	750	-2.221238	-68.169434
25	0.471063	750	-2.169443	-70.338876
26	0.455310	750	-2.107812	-72.446688
27	0.439877	750	-2.060909	-74.507597
28	0.424762	750	-2.041975	-76.549571
29	0.409963	750	-2.051272	-78.600844
30	0.395478	750	-1.967916	-80.568760
31	0.381305	750	-1.930956	-82.499716
32	0.367440	750	-1.881232	-84.380947
33	0.353883	750	-1.862405	-86.243352
34	0.340630	750	-1.802964	-88.046317
35	0.327680	750	-1.822740	-89.869057
36	0.315030	750	-1.744663	-91.613719
37	0.302677	750	-1.743079	-93.356798
38	0.290619	750	-1.790910	-95.147708
39	0.278855	750	-1.674903	-96.822611
40	0.267381	750	-1.602011	-98.424622
41	0.256195	750	-1.715480	-100.140102
42	0.245294	750	-1.638292	-101.778394
43	0.234677	750	-1.574625	-103.353019
44	0.224340	750	-1.583550	-104.936569
45	0.214281	750	-1.519710	-106.456279
46	0.204498	750	-1.479957	-107.936236
47	0.194988	750	-1.435772	-109.372008
48	0.185749	750	-1.391861	-110.763869
49	0.176777	750	-1.398091	-112.161960
50	0.168070	750	-1.353951	-113.515911
51	0.159626	750	-1.357112	-114.873023
52	0.151441	750	-1.379965	-116.252988
53	0.143514	750	-1.303272	-117.556260
54	0.135841	750	-1.212897	-118.769158
55	0.128420	750	-1.219977	-119.989134
56	0.121247	750	-1.165469	-121.154603
57	0.114320	750	-1.145505	-122.300109
58	0.107637	750	-1.117668	-123.417777
59	0.101193	750	-1.034062	-124.451839
60	0.094986	750	-1.022560	-125.474399
61	0.089014	750	-1.068771	-126.543171
62	0.083273	750	-1.007236	-127.550407
63	0.077760	750	-0.975103	-128.525510
64	0.072472	750	-0.933358	-129.458867
65	0.067406	750	-0.898456	-130.357324
66	0.062558	750	-0.850629	-131.207952
67	0.057926	750	-0.822911	-132.030863
68	0.053506	750	-0.800425	-132.831289
69	0.049295	750	-0.756405	-133.587694
70	0.045289	750	-0.723517	-134.311211
71	0.041485	750	-0.718410	-135.029621
72	0.037880	750	-0.666780	-135.696401
73	0.034469	750	-0.648874	-136.345276
74	0.031250	750	-0.601586	-136.946862
75	0.028218	750	-0.582060	-137.528922
76	0.025370	750	-0.576630	-138.105552
77	0.022702	750	-0.535000	-138.640552
78	0.020209	750	-0.494446	-139.134999
79	0.017889	750	-0.465367	-139.600366
80	0.015736	750	-0.442103	-140.042469
81	0.013746	750	-0.413584	-140.456053
82	0.011916	750	-0.385211	-140.841264
83	0.010240	750	-0.355373	-141.196637
84	0.008714	750	-0.355933	-141.552571
85	0.007334	750	-0.299622	-141.852193
86	0.006093	750	-0.274395	-142.126588
87	0.004988	750	-0.260636	-142.387224
88	0.004013	750	-0.224256	-142.611480
89	0.003162	750	-0.207542	-142.819022
90	0.002430	750	-0.179884	-142.998906
91	0.001810	750	-0.150602	-143.149508
92	0.001296	750	-0.134745	-143.284253
93	0.000882	750	-0.113321	-143.397573
94	0.000559	750	-0.087841	-143.485415
95	0.000320	750	-0.061747	-143.547162
96	0.000156	750	-0.050796	-143.597958
97	0.000057	750	-0.024384	-143.622342
98	0.000010	750	-0.013433	-143.635775
99	0.000000	750	-0.002728	-143.638503
Log marginal likelihood:	-143.638503
0	0.975187	750	-3.238040	-3.238040
1	0.950747	750	-3.202372	-6.440412
2	0.926679	750	-3.149835	-9.590247
3	0.902980	750	-3.106082	-12.696330
4	0.879648	750	-3.049333	-15.745663
5	0.856682	750	-2.996568	-18.742231
6	0.834079	750	-2.953395	-21.695626
7	0.811838	750	-2.925123	-24.620749
8	0.789957	750	-2.873686	-27.494434
9	0.768433	750	-2.824815	-30.319250
10	0.747266	750	-2.791945	-33.111194
11	0.726452	750	-2.740246	-35.851440
12	0.705989	750	-2.746022	-38.597462
13	0.685877	750	-2.651115	-41.248577
14	0.666112	750	-2.661705	-43.910281
15	0.646693	750	-2.550965	-46.461247
16	0.627618	750	-2.560837	-49.022084
17	0.608884	750	-2.476026	-51.498110
18	0.590490	750	-2.457333	-53.955443
19	0.572433	750	-2.544374	-56.499817
20	0.554712	750	-2.417879	-58.917696
21	0.537324	750	-2.301306	-61.219002
22	0.520268	750	-2.271557	-63.490559
23	0.503540	750	-2.349358	-65.839917
24	0.487139	750	-2.191148	-68.031066
25	0.471063	750	-2.237489	-70.268554
26	0.455310	750	-2.160377	-72.428932
27	0.439877	750	-2.079389	-74.508321
28	0.424762	750	-2.085332	-76.593653
29	0.409963	750	-1.988771	-78.582424
30	0.395478	750	-2.006763	-80.589187
31	0.381305	750	-1.946015	-82.535202
32	0.367440	750	-1.945558	-84.480760
33	0.353883	750	-1.860566	-86.341326
34	0.340630	750	-1.836699	-88.178025
35	0.327680	750	-1.826710	-90.004734
36	0.315030	750	-1.782786	-91.787521
37	0.302677	750	-1.715037	-93.502558
38	0.290619	750	-1.701512	-95.204070
39	0.278855	750	-1.737254	-96.941324
40	0.267381	750	-1.643954	-98.585277
41	0.256195	750	-1.632979	-100.218256
42	0.245294	750	-1.526788	-101.745044
43	0.234677	750	-1.542933	-103.287977
44	0.224340	750	-1.499089	-104.787066
45	0.214281	750	-1.469759	-106.256825
46	0.204498	750	-1.449458	-107.706283
47	0.194988	750	-1.365445	-109.071728
48	0.185749	750	-1.363536	-110.435264
49	0.176777	750	-1.408559	-111.843823
50	0.168070	750	-1.360068	-113.203891
51	0.159626	750	-1.448469	-114.652359
52	0.151441	750	-1.344060	-115.996419
53	0.143514	750	-1.360768	-117.357187
54	0.135841	750	-1.174349	-118.531536
55	0.128420	750	-1.140962	-119.672498
56	0.121247	750	-1.203329	-120.875827
57	0.114320	750	-1.122847	-121.998674
58	0.107637	750	-1.123481	-123.122155
59	0.101193	750	-1.108684	-124.230839
60	0.094986	750	-1.056521	-125.287360
61	0.089014	750	-1.042285	-126.329645
62	0.083273	750	-1.011079	-127.340724
63	0.077760	750	-0.976239	-128.316963
64	0.072472	750	-0.964634	-129.281596
65	0.067406	750	-0.926413	-130.208009
66	0.062558	750	-0.909542	-131.117551
67	0.057926	750	-0.856665	-131.974216
68	0.053506	750	-0.766682	-132.740898
69	0.049295	750	-0.779494	-133.520391
70	0.045289	750	-0.767569	-134.287960
71	0.041485	750	-0.733122	-135.021082
72	0.037880	750	-0.695823	-135.716905
73	0.034469	750	-0.646778	-136.363684
74	0.031250	750	-0.610227	-136.973911
75	0.028218	750	-0.592629	-137.566540
76	0.025370	750	-0.566956	-138.133496
77	0.022702	750	-0.526499	-138.659995
78	0.020209	750	-0.516577	-139.176572
79	0.017889	750	-0.479158	-139.655730
80	0.015736	750	-0.463100	-140.118829
81	0.013746	750	-0.420191	-140.539020
82	0.011916	750	-0.401749	-140.940769
83	0.010240	750	-0.371755	-141.312524
84	0.008714	750	-0.350985	-141.663509
85	0.007334	750	-0.312734	-141.976243
86	0.006093	750	-0.275945	-142.252188
87	0.004988	750	-0.254424	-142.506612
88	0.004013	750	-0.221078	-142.727690
89	0.003162	750	-0.210645	-142.938335
90	0.002430	750	-0.182041	-143.120377
91	0.001810	750	-0.162680	-143.283057
92	0.001296	750	-0.130367	-143.413424
93	0.000882	750	-0.107139	-143.520563
94	0.000559	750	-0.076991	-143.597554
95	0.000320	750	-0.065005	-143.662559
96	0.000156	750	-0.040442	-143.703001
97	0.000057	750	-0.025887	-143.728888
98	0.000010	750	-0.012685	-143.741573
99	0.000000	750	-0.002544	-143.744118
Log marginal likelihood:	-143.744118
0	0.975187	750	-3.641647	-3.641647
1	0.950747	750	-3.583592	-7.225239
2	0.926679	750	-3.524929	-10.750168
3	0.902980	750	-3.472634	-14.222802
4	0.879648	750	-3.388873	-17.611675
5	0.856682	750	-3.371736	-20.983410
6	0.834079	750	-3.304257	-24.287668
7	0.811838	750	-3.242841	-27.530508
8	0.789957	750	-3.299390	-30.829898
9	0.768433	750	-3.181727	-34.011625
10	0.747266	750	-3.138530	-37.150156
11	0.726452	750	-3.061252	-40.211408
12	0.705989	750	-3.042522	-43.253930
13	0.685877	750	-2.963052	-46.216982
14	0.666112	750	-2.952731	-49.169713
15	0.646693	750	-2.864767	-52.034480
16	0.627618	750	-2.861160	-54.895640
17	0.608884	750	-2.802327	-57.697966
18	0.590490	750	-2.720842	-60.418808
19	0.572433	750	-2.667472	-63.086281
20	0.554712	750	-2.653392	-65.739673
21	0.537324	750	-2.631754	-68.371427
22	0.520268	750	-2.559921	-70.931348
23	0.503540	750	-2.523476	-73.454824
24	0.487139	750	-2.528965	-75.983788
25	0.471063	750	-2.583110	-78.566899
26	0.455310	750	-2.464560	-81.031459
27	0.439877	750	-2.353481	-83.384940
28	0.424762	750	-2.274163	-85.659103
29	0.409963	750	-2.275354	-87.934458
30	0.395478	750	-2.203864	-90.138322
31	0.381305	750	-2.375815	-92.514137
32	0.367440	750	-2.108334	-94.622471
33	0.353883	750	-2.144664	-96.767135
34	0.340630	750	-2.081654	-98.848789
35	0.327680	750	-2.035547	-100.884336
36	0.315030	750	-2.105968	-102.990304
37	0.302677	750	-2.012258	-105.002562
38	0.290619	750	-2.040855	-107.043418
39	0.278855	750	-1.944192	-108.987610
40	0.267381	750	-1.945742	-110.933352
41	0.256195	750	-1.862456	-112.795808
42	0.245294	750	-1.902348	-114.698156
43	0.234677	750	-1.810606	-116.508762
44	0.224340	750	-1.814389	-118.323151
45	0.214281	750	-1.713010	-120.036162
46	0.204498	750	-1.679962	-121.716124
47	0.194988	750	-1.665835	-123.381958
48	0.185749	750	-1.547381	-124.929339
49	0.176777	750	-1.572805	-126.502144
50	0.168070	750	-1.508279	-128.010424
51	0.159626	750	-1.481483	-129.491906
52	0.151441	750	-1.383405	-130.875311
53	0.143514	750	-1.401781	-132.277092
54	0.135841	750	-1.356335	-133.633427
55	0.128420	750	-1.316968	-134.950396
56	0.121247	750	-1.249601	-136.199997
57	0.114320	750	-1.261087	-137.461084
58	0.107637	750	-1.147423	-138.608507
59	0.101193	750	-1.170631	-139.779138
60	0.094986	750	-1.105616	-140.884754
61	0.089014	750	-1.059101	-141.943855
62	0.083273	750	-1.038434	-142.982288
63	0.077760	750	-0.999743	-143.982031
64	0.072472	750	-0.968593	-144.950624
65	0.067406	750	-0.940154	-145.890778
66	0.062558	750	-0.884220	-146.774998
67	0.057926	750	-0.849317	-147.624316
68	0.053506	750	-0.818355	-148.442671
69	0.049295	750	-0.778682	-149.221353
70	0.045289	750	-0.753356	-149.974709
71	0.041485	750	-0.736492	-150.711201
72	0.037880	750	-0.694869	-151.406070
73	0.034469	750	-0.670191	-152.076260
74	0.031250	750	-0.626926	-152.703186
75	0.028218	750	-0.600330	-153.303516
76	0.025370	750	-0.558283	-153.861798
77	0.022702	750	-0.538709	-154.400508
78	0.020209	750	-0.530179	-154.930687
79	0.017889	750	-0.482883	-155.413569
80	0.015736	750	-0.440506	-155.854075
81	0.013746	750	-0.427436	-156.281512
82	0.011916	750	-0.388105	-156.669617
83	0.010240	750	-0.356978	-157.026595
84	0.008714	750	-0.358756	-157.385351
85	0.007334	750	-0.305857	-157.691208
86	0.006093	750	-0.277943	-157.969151
87	0.004988	750	-0.289440	-158.258590
88	0.004013	750	-0.230534	-158.489124
89	0.003162	750	-0.219176	-158.708300
90	0.002430	750	-0.181217	-158.889517
91	0.001810	750	-0.164598	-159.054115
92	0.001296	750	-0.133957	-159.188072
93	0.000882	750	-0.111414	-159.299486
94	0.000559	750	-0.080525	-159.380011
95	0.000320	750	-0.058411	-159.438422
96	0.000156	750	-0.043442	-159.481864
97	0.000057	750	-0.027780	-159.509645
98	0.000010	750	-0.012261	-159.521906
99	0.000000	750	-0.002931	-159.524837
Log marginal likelihood:	-159.524837
0	0.975187	750	-3.710911	-3.710911
1	0.950747	750	-3.709732	-7.420644
2	0.926679	750	-3.614782	-11.035426
3	0.902980	750	-3.584546	-14.619972
4	0.879648	750	-3.486903	-18.106875
5	0.856682	750	-3.469010	-21.575885
6	0.834079	750	-3.416044	-24.991929
7	0.811838	750	-3.346022	-28.337951
8	0.789957	750	-3.280225	-31.618176
9	0.768433	750	-3.261251	-34.879427
10	0.747266	750	-3.172354	-38.051781
11	0.726452	750	-3.166743	-41.218524
12	0.705989	750	-3.076493	-44.295017
13	0.685877	750	-3.047972	-47.342989
14	0.666112	750	-2.989116	-50.332105
15	0.646693	750	-2.934622	-53.266727
16	0.627618	750	-2.890219	-56.156945
17	0.608884	750	-2.872880	-59.029825
18	0.590490	750	-2.804107	-61.833932
19	0.572433	750	-2.738309	-64.572241
20	0.554712	750	-2.714684	-67.286925
21	0.537324	750	-2.668215	-69.955140
22	0.520268	750	-2.618820	-72.573960
23	0.503540	750	-2.550742	-75.124701
24	0.487139	750	-2.514206	-77.638907
25	0.471063	750	-2.452699	-80.091606
26	0.455310	750	-2.388942	-82.480549
27	0.439877	750	-2.362900	-84.843448
28	0.424762	750	-2.324691	-87.168139
29	0.409963	750	-2.268970	-89.437109
30	0.395478	750	-2.246847	-91.683956
31	0.381305	750	-2.184255	-93.868212
32	0.367440	750	-2.117925	-95.986137
33	0.353883	750	-2.099843	-98.085979
34	0.340630	750	-2.032868	-100.118847
35	0.327680	750	-1.983588	-102.102435
36	0.315030	750	-1.966209	-104.068644
37	0.302677	750	-1.906521	-105.975165
38	0.290619	750	-1.875216	-107.850381
39	0.278855	750	-1.810585	-109.660965
40	0.267381	750	-1.831671	-111.492637
41	0.256195	750	-1.765975	-113.258612
42	0.245294	750	-1.870123	-115.128735
43	0.234677	750	-1.710437	-116.839172
44	0.224340	750	-1.617518	-118.456690
45	0.214281	750	-1.596611	-120.053301
46	0.204498	750	-1.604087	-121.657388
47	0.194988	750	-1.574366	-123.231754
48	0.185749	750	-1.491905	-124.723659
49	0.176777	750	-1.486732	-126.210391
50	0.168070	750	-1.466566	-127.676957
51	0.159626	750	-1.432971	-129.109928
52	0.151441	750	-1.444274	-130.554202
53	0.143514	750	-1.383845	-131.938047
54	0.135841	750	-1.366059	-133.304106
55	0.128420	750	-1.316166	-134.620272
56	0.121247	750	-1.252103	-135.872375
57	0.114320	750	-1.187323	-137.059697
58	0.107637	750	-1.205108	-138.264805
59	0.101193	750	-1.130768	-139.395573
60	0.094986	750	-1.094141	-140.489714
61	0.089014	750	-1.105666	-141.595380
62	0.083273	750	-1.056800	-142.652180
63	0.077760	750	-1.022951	-143.675131
64	0.072472	750	-0.975118	-144.650249
65	0.067406	750	-0.920632	-145.570881
66	0.062558	750	-0.894839	-146.465720
67	0.057926	750	-0.862783	-147.328503
68	0.053506	750	-0.809025	-148.137528
69	0.049295	750	-0.799502	-148.937030
70	0.045289	750	-0.771137	-149.708167
71	0.041485	750	-0.718371	-150.426538
72	0.037880	750	-0.698790	-151.125328
73	0.034469	750	-0.662536	-151.787865
74	0.031250	750	-0.618931	-152.406796
75	0.028218	750	-0.621958	-153.028753
76	0.025370	750	-0.577223	-153.605977
77	0.022702	750	-0.536444	-154.142420
78	0.020209	750	-0.527537	-154.669957
79	0.017889	750	-0.466623	-155.136580
80	0.015736	750	-0.478175	-155.614756
81	0.013746	750	-0.422465	-156.037221
82	0.011916	750	-0.401850	-156.439071
83	0.010240	750	-0.358879	-156.797951
84	0.008714	750	-0.330548	-157.128499
85	0.007334	750	-0.315184	-157.443682
86	0.006093	750	-0.295072	-157.738755
87	0.004988	750	-0.277156	-158.015911
88	0.004013	750	-0.227216	-158.243127
89	0.003162	750	-0.211347	-158.454474
90	0.002430	750	-0.172545	-158.627019
91	0.001810	750	-0.161054	-158.788073
92	0.001296	750	-0.117390	-158.905463
93	0.000882	750	-0.099716	-159.005179
94	0.000559	750	-0.097278	-159.102457
95	0.000320	750	-0.064430	-159.166887
96	0.000156	750	-0.041078	-159.207965
97	0.000057	750	-0.026499	-159.234464
98	0.000010	750	-0.012004	-159.246467
99	0.000000	750	-0.002628	-159.249096
Log marginal likelihood:	-159.249096
0	0.975187	750	-3.341075	-3.341075
1	0.950747	750	-3.267603	-6.608678
2	0.926679	750	-3.213349	-9.822027
3	0.902980	750	-3.156550	-12.978577
4	0.879648	750	-3.118876	-16.097454
5	0.856682	750	-3.072158	-19.169612
6	0.834079	750	-3.016471	-22.186083
7	0.811838	750	-2.977056	-25.163138
8	0.789957	750	-2.957288	-28.120427
9	0.768433	750	-2.883713	-31.004140
10	0.747266	750	-2.842286	-33.846426
11	0.726452	750	-2.792015	-36.638441
12	0.705989	750	-2.767442	-39.405883
13	0.685877	750	-2.714940	-42.120823
14	0.666112	750	-2.663020	-44.783843
15	0.646693	750	-2.632697	-47.416539
16	0.627618	750	-2.570670	-49.987209
17	0.608884	750	-2.534407	-52.521617
18	0.590490	750	-2.484841	-55.006458
19	0.572433	750	-2.434606	-57.441064
20	0.554712	750	-2.407559	-59.848623
21	0.537324	750	-2.342281	-62.190904
22	0.520268	750	-2.337805	-64.528708
23	0.503540	750	-2.257625	-66.786334
24	0.487139	750	-2.226947	-69.013281
25	0.471063	750	-2.186642	-71.199923
26	0.455310	750	-2.159095	-73.359018
27	0.439877	750	-2.106783	-75.465801
28	0.424762	750	-2.073934	-77.539735
29	0.409963	750	-2.034548	-79.574283
30	0.395478	750	-1.996488	-81.570771
31	0.381305	750	-1.953973	-83.524744
32	0.367440	750	-1.938489	-85.463233
33	0.353883	750	-1.892758	-87.355991
34	0.340630	750	-1.850351	-89.206342
35	0.327680	750	-1.907333	-91.113675
36	0.315030	750	-1.910672	-93.024348
37	0.302677	750	-1.783024	-94.807372
38	0.290619	750	-1.790026	-96.597398
39	0.278855	750	-1.649385	-98.246783
40	0.267381	750	-1.712307	-99.959090
41	0.256195	750	-1.594487	-101.553577
42	0.245294	750	-1.699911	-103.253488
43	0.234677	750	-1.748892	-105.002380
44	0.224340	750	-1.624396	-106.626776
45	0.214281	750	-1.570546	-108.197322
46	0.204498	750	-1.465885	-109.663207
47	0.194988	750	-1.523345	-111.186552
48	0.185749	750	-1.553300	-112.739852
49	0.176777	750	-1.372865	-114.112717
50	0.168070	750	-1.510414	-115.623131
51	0.159626	750	-1.383280	-117.006411
52	0.151441	750	-1.365485	-118.371896
53	0.143514	750	-1.340372	-119.712268
54	0.135841	750	-1.306265	-121.018533
55	0.128420	750	-1.313780	-122.332312
56	0.121247	750	-1.274820	-123.607132
57	0.114320	750	-1.147355	-124.754487
58	0.107637	750	-1.120466	-125.874953
59	0.101193	750	-1.102271	-126.977224
60	0.094986	750	-1.120517	-128.097741
61	0.089014	750	-1.103113	-129.200853
62	0.083273	750	-1.049803	-130.250657
63	0.077760	750	-1.012813	-131.263470
64	0.072472	750	-0.976713	-132.240184
65	0.067406	750	-0.927851	-133.168035
66	0.062558	750	-0.900440	-134.068474
67	0.057926	750	-0.876485	-134.944959
68	0.053506	750	-0.827335	-135.772294
69	0.049295	750	-0.792759	-136.565054
70	0.045289	750	-0.757265	-137.322319
71	0.041485	750	-0.708275	-138.030594
72	0.037880	750	-0.696127	-138.726721
73	0.034469	750	-0.651810	-139.378531
74	0.031250	750	-0.643528	-140.022059
75	0.028218	750	-0.596380	-140.618439
76	0.025370	750	-0.574949	-141.193389
77	0.022702	750	-0.545101	-141.738489
78	0.020209	750	-0.499330	-142.237820
79	0.017889	750	-0.489174	-142.726994
80	0.015736	750	-0.454975	-143.181968
81	0.013746	750	-0.433856	-143.615824
82	0.011916	750	-0.393085	-144.008909
83	0.010240	750	-0.373878	-144.382787
84	0.008714	750	-0.383731	-144.766517
85	0.007334	750	-0.303300	-145.069818
86	0.006093	750	-0.295052	-145.364869
87	0.004988	750	-0.249878	-145.614748
88	0.004013	750	-0.228908	-145.843656
89	0.003162	750	-0.212618	-146.056274
90	0.002430	750	-0.181535	-146.237809
91	0.001810	750	-0.171793	-146.409602
92	0.001296	750	-0.136157	-146.545759
93	0.000882	750	-0.106930	-146.652689
94	0.000559	750	-0.087995	-146.740685
95	0.000320	750	-0.057762	-146.798447
96	0.000156	750	-0.043530	-146.841976
97	0.000057	750	-0.026672	-146.868648
98	0.000010	750	-0.012898	-146.881546
99	0.000000	750	-0.003227	-146.884773
Log marginal likelihood:	-146.884773
0	0.975187	750	-3.684851	-3.684851
1	0.950747	750	-3.652353	-7.337204
2	0.926679	750	-3.586257	-10.923461
3	0.902980	750	-3.534675	-14.458136
4	0.879648	750	-3.481449	-17.939585
5	0.856682	750	-3.436427	-21.376012
6	0.834079	750	-3.382276	-24.758287
7	0.811838	750	-3.335933	-28.094221
8	0.789957	750	-3.283331	-31.377552
9	0.768433	750	-3.214451	-34.592003
10	0.747266	750	-3.170136	-37.762138
11	0.726452	750	-3.110507	-40.872645
12	0.705989	750	-3.056731	-43.929376
13	0.685877	750	-3.003066	-46.932442
14	0.666112	750	-2.977991	-49.910433
15	0.646693	750	-2.916974	-52.827407
16	0.627618	750	-2.907824	-55.735231
17	0.608884	750	-2.818709	-58.553940
18	0.590490	750	-2.754877	-61.308817
19	0.572433	750	-2.772115	-64.080932
20	0.554712	750	-2.685253	-66.766185
21	0.537324	750	-2.653147	-69.419332
22	0.520268	750	-2.622345	-72.041678
23	0.503540	750	-2.547105	-74.588782
24	0.487139	750	-2.499463	-77.088245
25	0.471063	750	-2.455441	-79.543686
26	0.455310	750	-2.434919	-81.978605
27	0.439877	750	-2.452605	-84.431210
28	0.424762	750	-2.341053	-86.772263
29	0.409963	750	-2.312940	-89.085203
30	0.395478	750	-2.292885	-91.378088
31	0.381305	750	-2.270413	-93.648501
32	0.367440	750	-2.194898	-95.843400
33	0.353883	750	-2.136877	-97.980277
34	0.340630	750	-2.240256	-100.220533
35	0.327680	750	-2.055823	-102.276356
36	0.315030	750	-2.043970	-104.320327
37	0.302677	750	-1.970821	-106.291147
38	0.290619	750	-2.006168	-108.297316
39	0.278855	750	-1.981390	-110.278706
40	0.267381	750	-2.026698	-112.305404
41	0.256195	750	-1.786680	-114.092084
42	0.245294	750	-1.792951	-115.885035
43	0.234677	750	-1.806319	-117.691354
44	0.224340	750	-1.764488	-119.455843
45	0.214281	750	-1.669987	-121.125830
46	0.204498	750	-1.629825	-122.755654
47	0.194988	750	-1.624880	-124.380535
48	0.185749	750	-1.614076	-125.994611
49	0.176777	750	-1.574879	-127.569490
50	0.168070	750	-1.503049	-129.072539
51	0.159626	750	-1.455552	-130.528091
52	0.151441	750	-1.412857	-131.940948
53	0.143514	750	-1.420035	-133.360983
54	0.135841	750	-1.346235	-134.707218
55	0.128420	750	-1.319417	-136.026635
56	0.121247	750	-1.280106	-137.306741
57	0.114320	750	-1.241841	-138.548582
58	0.107637	750	-1.195466	-139.744048
59	0.101193	750	-1.177494	-140.921543
60	0.094986	750	-1.114517	-142.036060
61	0.089014	750	-1.066966	-143.103026
62	0.083273	750	-1.040915	-144.143941
63	0.077760	750	-1.010666	-145.154608
64	0.072472	750	-0.975759	-146.130366
65	0.067406	750	-0.934418	-147.064784
66	0.062558	750	-0.905367	-147.970151
67	0.057926	750	-0.855064	-148.825215
68	0.053506	750	-0.825406	-149.650622
69	0.049295	750	-0.775973	-150.426595
70	0.045289	750	-0.756438	-151.183033
71	0.041485	750	-0.732186	-151.915218
72	0.037880	750	-0.693413	-152.608631
73	0.034469	750	-0.661857	-153.270489
74	0.031250	750	-0.610206	-153.880695
75	0.028218	750	-0.601618	-154.482313
76	0.025370	750	-0.564786	-155.047099
77	0.022702	750	-0.534833	-155.581932
78	0.020209	750	-0.518171	-156.100103
79	0.017889	750	-0.480207	-156.580310
80	0.015736	750	-0.454261	-157.034571
81	0.013746	750	-0.424790	-157.459361
82	0.011916	750	-0.387089	-157.846450
83	0.010240	750	-0.350919	-158.197368
84	0.008714	750	-0.346782	-158.544151
85	0.007334	750	-0.303250	-158.847401
86	0.006093	750	-0.303666	-159.151067
87	0.004988	750	-0.270397	-159.421464
88	0.004013	750	-0.245175	-159.666639
89	0.003162	750	-0.196699	-159.863338
90	0.002430	750	-0.184342	-160.047681
91	0.001810	750	-0.147034	-160.194714
92	0.001296	750	-0.134746	-160.329461
93	0.000882	750	-0.114395	-160.443855
94	0.000559	750	-0.100136	-160.543992
95	0.000320	750	-0.059058	-160.603049
96	0.000156	750	-0.041426	-160.644476
97	0.000057	750	-0.026634	-160.671110
98	0.000010	750	-0.013254	-160.684364
99	0.000000	750	-0.002636	-160.687000
Log marginal likelihood:	-160.687000
0	0.975187	750	-3.448989	-3.448989
1	0.950747	750	-3.384635	-6.833624
2	0.926679	750	-3.332913	-10.166537
3	0.902980	750	-3.280918	-13.447455
4	0.879648	750	-3.236606	-16.684061
5	0.856682	750	-3.187256	-19.871317
6	0.834079	750	-3.142596	-23.013912
7	0.811838	750	-3.094273	-26.108185
8	0.789957	750	-3.044590	-29.152776
9	0.768433	750	-2.997362	-32.150138
10	0.747266	750	-2.950871	-35.101009
11	0.726452	750	-2.905700	-38.006709
12	0.705989	750	-2.848188	-40.854897
13	0.685877	750	-2.803196	-43.658093
14	0.666112	750	-2.752419	-46.410512
15	0.646693	750	-2.716278	-49.126791
16	0.627618	750	-2.661576	-51.788367
17	0.608884	750	-2.653161	-54.441528
18	0.590490	750	-2.585662	-57.027190
19	0.572433	750	-2.532298	-59.559488
20	0.554712	750	-2.475344	-62.034832
21	0.537324	750	-2.449209	-64.484041
22	0.520268	750	-2.398374	-66.882415
23	0.503540	750	-2.363789	-69.246204
24	0.487139	750	-2.351739	-71.597942
25	0.471063	750	-2.286884	-73.884827
26	0.455310	750	-2.246694	-76.131521
27	0.439877	750	-2.188362	-78.319883
28	0.424762	750	-2.201163	-80.521046
29	0.409963	750	-2.252861	-82.773907
30	0.395478	750	-2.056090	-84.829997
31	0.381305	750	-2.102297	-86.932295
32	0.367440	750	-2.042795	-88.975090
33	0.353883	750	-2.092580	-91.067670
34	0.340630	750	-1.928657	-92.996327
35	0.327680	750	-1.924138	-94.920465
36	0.315030	750	-1.843135	-96.763600
37	0.302677	750	-1.808365	-98.571965
38	0.290619	750	-1.920487	-100.492452
39	0.278855	750	-1.768112	-102.260564
40	0.267381	750	-1.785548	-104.046112
41	0.256195	750	-1.770517	-105.816630
42	0.245294	750	-1.701821	-107.518451
43	0.234677	750	-1.777151	-109.295602
44	0.224340	750	-1.810239	-111.105841
45	0.214281	750	-1.754990	-112.860830
46	0.204498	750	-1.693594	-114.554425
47	0.194988	750	-1.614285	-116.168709
48	0.185749	750	-1.582066	-117.750775
49	0.176777	750	-1.487264	-119.238039
50	0.168070	750	-1.447855	-120.685894
51	0.159626	750	-1.469518	-122.155412
52	0.151441	750	-1.378585	-123.533997
53	0.143514	750	-1.305693	-124.839690
54	0.135841	750	-1.336562	-126.176252
55	0.128420	750	-1.316871	-127.493123
56	0.121247	750	-1.225904	-128.719028
57	0.114320	750	-1.211098	-129.930126
58	0.107637	750	-1.225720	-131.155845
59	0.101193	750	-1.135893	-132.291738
60	0.094986	750	-1.120810	-133.412548
61	0.089014	750	-1.066998	-134.479547
62	0.083273	750	-1.030116	-135.509663
63	0.077760	750	-1.009291	-136.518953
64	0.072472	750	-0.968333	-137.487286
65	0.067406	750	-0.910181	-138.397468
66	0.062558	750	-0.907377	-139.304845
67	0.057926	750	-0.865909	-140.170754
68	0.053506	750	-0.843630	-141.014384
69	0.049295	750	-0.807578	-141.821962
70	0.045289	750	-0.778225	-142.600186
71	0.041485	750	-0.729549	-143.329735
72	0.037880	750	-0.678178	-144.007913
73	0.034469	750	-0.661507	-144.669420
74	0.031250	750	-0.610821	-145.280240
75	0.028218	750	-0.605330	-145.885570
76	0.025370	750	-0.565106	-146.450676
77	0.022702	750	-0.552129	-147.002806
78	0.020209	750	-0.509753	-147.512559
79	0.017889	750	-0.468012	-147.980571
80	0.015736	750	-0.447357	-148.427928
81	0.013746	750	-0.436904	-148.864832
82	0.011916	750	-0.391486	-149.256318
83	0.010240	750	-0.366014	-149.622332
84	0.008714	750	-0.338675	-149.961007
85	0.007334	750	-0.331440	-150.292447
86	0.006093	750	-0.292146	-150.584593
87	0.004988	750	-0.258959	-150.843551
88	0.004013	750	-0.235467	-151.079018
89	0.003162	750	-0.213147	-151.292165
90	0.002430	750	-0.194141	-151.486306
91	0.001810	750	-0.171803	-151.658110
92	0.001296	750	-0.120532	-151.778642
93	0.000882	750	-0.107047	-151.885689
94	0.000559	750	-0.097285	-151.982974
95	0.000320	750	-0.066552	-152.049525
96	0.000156	750	-0.046207	-152.095732
97	0.000057	750	-0.032122	-152.127854
98	0.000010	750	-0.014833	-152.142687
99	0.000000	750	-0.002682	-152.145369
Log marginal likelihood:	-152.145369
0	0.975187	750	-3.638896	-3.638896
1	0.950747	750	-3.593307	-7.232203
2	0.926679	750	-3.617592	-10.849795
3	0.902980	750	-3.483225	-14.333019
4	0.879648	750	-3.421183	-17.754202
5	0.856682	750	-3.414900	-21.169102
6	0.834079	750	-3.377811	-24.546914
7	0.811838	750	-3.307162	-27.854076
8	0.789957	750	-3.250938	-31.105014
9	0.768433	750	-3.219770	-34.324784
10	0.747266	750	-3.157489	-37.482273
11	0.726452	750	-3.101038	-40.583311
12	0.705989	750	-3.032372	-43.615682
13	0.685877	750	-3.023835	-46.639517
14	0.666112	750	-2.967828	-49.607345
15	0.646693	750	-2.920603	-52.527948
16	0.627618	750	-2.883660	-55.411608
17	0.608884	750	-2.884572	-58.296180
18	0.590490	750	-2.825907	-61.122087
19	0.572433	750	-2.712967	-63.835054
20	0.554712	750	-2.702130	-66.537185
21	0.537324	750	-2.609648	-69.146833
22	0.520268	750	-2.615169	-71.762002
23	0.503540	750	-2.531937	-74.293939
24	0.487139	750	-2.494969	-76.788908
25	0.471063	750	-2.493121	-79.282029
26	0.455310	750	-2.383947	-81.665976
27	0.439877	750	-2.348919	-84.014894
28	0.424762	750	-2.298965	-86.313859
29	0.409963	750	-2.315464	-88.629324
30	0.395478	750	-2.222783	-90.852107
31	0.381305	750	-2.174242	-93.026348
32	0.367440	750	-2.166477	-95.192826
33	0.353883	750	-2.124848	-97.317674
34	0.340630	750	-2.060710	-99.378384
35	0.327680	750	-2.030089	-101.408472
36	0.315030	750	-1.977465	-103.385937
37	0.302677	750	-1.956340	-105.342277
38	0.290619	750	-1.966714	-107.308991
39	0.278855	750	-1.944547	-109.253538
40	0.267381	750	-1.902308	-111.155846
41	0.256195	750	-1.877189	-113.033035
42	0.245294	750	-1.847009	-114.880044
43	0.234677	750	-1.758195	-116.638239
44	0.224340	750	-1.821545	-118.459783
45	0.214281	750	-1.687041	-120.146824
46	0.204498	750	-1.582639	-121.729463
47	0.194988	750	-1.530370	-123.259833
48	0.185749	750	-1.505059	-124.764892
49	0.176777	750	-1.605413	-126.370305
50	0.168070	750	-1.473809	-127.844114
51	0.159626	750	-1.507617	-129.351731
52	0.151441	750	-1.435565	-130.787296
53	0.143514	750	-1.386471	-132.173768
54	0.135841	750	-1.344947	-133.518715
55	0.128420	750	-1.326805	-134.845520
56	0.121247	750	-1.271307	-136.116827
57	0.114320	750	-1.190168	-137.306995
58	0.107637	750	-1.190330	-138.497325
59	0.101193	750	-1.164380	-139.661705
60	0.094986	750	-1.103248	-140.764953
61	0.089014	750	-1.061612	-141.826565
62	0.083273	750	-1.076028	-142.902593
63	0.077760	750	-1.008005	-143.910598
64	0.072472	750	-0.961167	-144.871765
65	0.067406	750	-0.920952	-145.792717
66	0.062558	750	-0.898790	-146.691507
67	0.057926	750	-0.850541	-147.542048
68	0.053506	750	-0.829949	-148.371998
69	0.049295	750	-0.793673	-149.165671
70	0.045289	750	-0.759521	-149.925192
71	0.041485	750	-0.732028	-150.657220
72	0.037880	750	-0.699429	-151.356649
73	0.034469	750	-0.668227	-152.024876
74	0.031250	750	-0.651398	-152.676274
75	0.028218	750	-0.606320	-153.282594
76	0.025370	750	-0.575699	-153.858293
77	0.022702	750	-0.539244	-154.397536
78	0.020209	750	-0.494814	-154.892350
79	0.017889	750	-0.487098	-155.379448
80	0.015736	750	-0.460058	-155.839506
81	0.013746	750	-0.423088	-156.262594
82	0.011916	750	-0.393383	-156.655977
83	0.010240	750	-0.366647	-157.022624
84	0.008714	750	-0.323876	-157.346499
85	0.007334	750	-0.317953	-157.664452
86	0.006093	750	-0.294050	-157.958502
87	0.004988	750	-0.268255	-158.226756
88	0.004013	750	-0.268838	-158.495594
89	0.003162	750	-0.219821	-158.715415
90	0.002430	750	-0.182372	-158.897787
91	0.001810	750	-0.166665	-159.064452
92	0.001296	750	-0.124358	-159.188809
93	0.000882	750	-0.105919	-159.294729
94	0.000559	750	-0.085561	-159.380290
95	0.000320	750	-0.065675	-159.445964
96	0.000156	750	-0.042151	-159.488115
97	0.000057	750	-0.030963	-159.519077
98	0.000010	750	-0.012409	-159.531486
99	0.000000	750	-0.002692	-159.534178
Log marginal likelihood:	-159.534178
0	0.975187	750	-3.379595	-3.379595
1	0.950747	750	-3.337816	-6.717412
2	0.926679	750	-3.278727	-9.996139
3	0.902980	750	-3.258758	-13.254897
4	0.879648	750	-3.183038	-16.437936
5	0.856682	750	-3.133781	-19.571716
6	0.834079	750	-3.082286	-22.654002
7	0.811838	750	-3.040164	-25.694166
8	0.789957	750	-3.000396	-28.694562
9	0.768433	750	-2.958828	-31.653390
10	0.747266	750	-2.903713	-34.557103
11	0.726452	750	-2.861083	-37.418186
12	0.705989	750	-2.809808	-40.227994
13	0.685877	750	-2.775175	-43.003169
14	0.666112	750	-2.733187	-45.736356
15	0.646693	750	-2.679950	-48.416306
16	0.627618	750	-2.621837	-51.038143
17	0.608884	750	-2.584816	-53.622959
18	0.590490	750	-2.533533	-56.156492
19	0.572433	750	-2.484362	-58.640854
20	0.554712	750	-2.446477	-61.087331
21	0.537324	750	-2.391111	-63.478441
22	0.520268	750	-2.356798	-65.835239
23	0.503540	750	-2.330861	-68.166101
24	0.487139	750	-2.269624	-70.435725
25	0.471063	750	-2.229920	-72.665645
26	0.455310	750	-2.213381	-74.879026
27	0.439877	750	-2.158657	-77.037683
28	0.424762	750	-2.130868	-79.168551
29	0.409963	750	-2.064207	-81.232759
30	0.395478	750	-2.086687	-83.319445
31	0.381305	750	-2.021383	-85.340828
32	0.367440	750	-2.009387	-87.350215
33	0.353883	750	-1.922662	-89.272877
34	0.340630	750	-1.960639	-91.233516
35	0.327680	750	-2.023060	-93.256576
36	0.315030	750	-1.855058	-95.111634
37	0.302677	750	-1.777772	-96.889406
38	0.290619	750	-1.828964	-98.718370
39	0.278855	750	-1.758875	-100.477246
40	0.267381	750	-1.691750	-102.168996
41	0.256195	750	-1.708871	-103.877866
42	0.245294	750	-1.745221	-105.623088
43	0.234677	750	-1.815209	-107.438297
44	0.224340	750	-1.660132	-109.098429
45	0.214281	750	-1.569516	-110.667945
46	0.204498	750	-1.524413	-112.192358
47	0.194988	750	-1.547587	-113.739945
48	0.185749	750	-1.534127	-115.274072
49	0.176777	750	-1.421823	-116.695895
50	0.168070	750	-1.436252	-118.132147
51	0.159626	750	-1.395109	-119.527255
52	0.151441	750	-1.387559	-120.914814
53	0.143514	750	-1.348507	-122.263321
54	0.135841	750	-1.333936	-123.597257
55	0.128420	750	-1.327707	-124.924964
56	0.121247	750	-1.236049	-126.161013
57	0.114320	750	-1.201890	-127.362903
58	0.107637	750	-1.167515	-128.530418
59	0.101193	750	-1.131746	-129.662165
60	0.094986	750	-1.071937	-130.734102
61	0.089014	750	-1.062544	-131.796646
62	0.083273	750	-1.045093	-132.841738
63	0.077760	750	-1.033186	-133.874924
64	0.072472	750	-0.960834	-134.835758
65	0.067406	750	-0.894584	-135.730343
66	0.062558	750	-0.877080	-136.607423
67	0.057926	750	-0.851306	-137.458729
68	0.053506	750	-0.807550	-138.266279
69	0.049295	750	-0.790425	-139.056705
70	0.045289	750	-0.741914	-139.798619
71	0.041485	750	-0.695457	-140.494076
72	0.037880	750	-0.691160	-141.185236
73	0.034469	750	-0.662533	-141.847769
74	0.031250	750	-0.613305	-142.461073
75	0.028218	750	-0.588433	-143.049507
76	0.025370	750	-0.565392	-143.614899
77	0.022702	750	-0.533718	-144.148617
78	0.020209	750	-0.496279	-144.644896
79	0.017889	750	-0.476677	-145.121574
80	0.015736	750	-0.445676	-145.567249
81	0.013746	750	-0.436550	-146.003799
82	0.011916	750	-0.396266	-146.400065
83	0.010240	750	-0.376317	-146.776382
84	0.008714	750	-0.339820	-147.116202
85	0.007334	750	-0.308377	-147.424579
86	0.006093	750	-0.308952	-147.733531
87	0.004988	750	-0.279564	-148.013095
88	0.004013	750	-0.242154	-148.255249
89	0.003162	750	-0.219318	-148.474566
90	0.002430	750	-0.186381	-148.660948
91	0.001810	750	-0.163491	-148.824438
92	0.001296	750	-0.127882	-148.952320
93	0.000882	750	-0.098139	-149.050460
94	0.000559	750	-0.087214	-149.137674
95	0.000320	750	-0.069069	-149.206743
96	0.000156	750	-0.043218	-149.249961
97	0.000057	750	-0.026429	-149.276390
98	0.000010	750	-0.012094	-149.288484
99	0.000000	750	-0.003095	-149.291579
Log marginal likelihood:	-149.291579
0	0.975187	750	-3.679569	-3.679569
1	0.950747	750	-3.602959	-7.282528
2	0.926679	750	-3.588381	-10.870909
3	0.902980	750	-3.498782	-14.369691
4	0.879648	750	-3.422268	-17.791959
5	0.856682	750	-3.411547	-21.203506
6	0.834079	750	-3.354193	-24.557699
7	0.811838	750	-3.294413	-27.852112
8	0.789957	750	-3.245143	-31.097255
9	0.768433	750	-3.163215	-34.260471
10	0.747266	750	-3.135486	-37.395957
11	0.726452	750	-3.105182	-40.501139
12	0.705989	750	-3.062831	-43.563970
13	0.685877	750	-2.997701	-46.561670
14	0.666112	750	-2.912388	-49.474058
15	0.646693	750	-2.870423	-52.344481
16	0.627618	750	-2.836355	-55.180836
17	0.608884	750	-2.818355	-57.999191
18	0.590490	750	-2.729530	-60.728721
19	0.572433	750	-2.715449	-63.444170
20	0.554712	750	-2.681566	-66.125736
21	0.537324	750	-2.581023	-68.706759
22	0.520268	750	-2.555657	-71.262416
23	0.503540	750	-2.510576	-73.772992
24	0.487139	750	-2.457554	-76.230546
25	0.471063	750	-2.416360	-78.646906
26	0.455310	750	-2.366288	-81.013194
27	0.439877	750	-2.327193	-83.340386
28	0.424762	750	-2.292650	-85.633036
29	0.409963	750	-2.245353	-87.878389
30	0.395478	750	-2.204923	-90.083312
31	0.381305	750	-2.144319	-92.227631
32	0.367440	750	-2.090309	-94.317940
33	0.353883	750	-2.045691	-96.363631
34	0.340630	750	-2.017884	-98.381515
35	0.327680	750	-1.980308	-100.361822
36	0.315030	750	-1.950423	-102.312245
37	0.302677	750	-1.903228	-104.215473
38	0.290619	750	-1.837751	-106.053225
39	0.278855	750	-1.809817	-107.863042
40	0.267381	750	-1.754199	-109.617240
41	0.256195	750	-1.757920	-111.375160
42	0.245294	750	-1.671889	-113.047049
43	0.234677	750	-1.657099	-114.704148
44	0.224340	750	-1.659117	-116.363265
45	0.214281	750	-1.551181	-117.914446
46	0.204498	750	-1.529875	-119.444321
47	0.194988	750	-1.474727	-120.919048
48	0.185749	750	-1.553381	-122.472429
49	0.176777	750	-1.394814	-123.867243
50	0.168070	750	-1.408416	-125.275659
51	0.159626	750	-1.375030	-126.650689
52	0.151441	750	-1.350723	-128.001413
53	0.143514	750	-1.329311	-129.330724
54	0.135841	750	-1.237762	-130.568486
55	0.128420	750	-1.236703	-131.805189
56	0.121247	750	-1.269903	-133.075092
57	0.114320	750	-1.155516	-134.230608
58	0.107637	750	-1.180834	-135.411442
59	0.101193	750	-1.123131	-136.534573
60	0.094986	750	-1.134921	-137.669493
61	0.089014	750	-1.098286	-138.767779
62	0.083273	750	-0.993026	-139.760805
63	0.077760	750	-1.026588	-140.787393
64	0.072472	750	-0.976439	-141.763832
65	0.067406	750	-0.904323	-142.668154
66	0.062558	750	-0.893365	-143.561520
67	0.057926	750	-0.864807	-144.426326
68	0.053506	750	-0.804282	-145.230608
69	0.049295	750	-0.813298	-146.043906
70	0.045289	750	-0.764965	-146.808871
71	0.041485	750	-0.737032	-147.545903
72	0.037880	750	-0.703075	-148.248978
73	0.034469	750	-0.672136	-148.921113
74	0.031250	750	-0.629508	-149.550622
75	0.028218	750	-0.580567	-150.131189
76	0.025370	750	-0.572833	-150.704022
77	0.022702	750	-0.539085	-151.243107
78	0.020209	750	-0.516566	-151.759673
79	0.017889	750	-0.481088	-152.240761
80	0.015736	750	-0.443087	-152.683848
81	0.013746	750	-0.399984	-153.083832
82	0.011916	750	-0.385813	-153.469645
83	0.010240	750	-0.365480	-153.835125
84	0.008714	750	-0.356210	-154.191335
85	0.007334	750	-0.325348	-154.516683
86	0.006093	750	-0.297918	-154.814601
87	0.004988	750	-0.271122	-155.085723
88	0.004013	750	-0.241764	-155.327488
89	0.003162	750	-0.211488	-155.538975
90	0.002430	750	-0.191532	-155.730508
91	0.001810	750	-0.149825	-155.880333
92	0.001296	750	-0.125977	-156.006310
93	0.000882	750	-0.109698	-156.116008
94	0.000559	750	-0.084774	-156.200782
95	0.000320	750	-0.060236	-156.261018
96	0.000156	750	-0.041674	-156.302692
97	0.000057	750	-0.027839	-156.330532
98	0.000010	750	-0.011529	-156.342060
99	0.000000	750	-0.002918	-156.344978
Log marginal likelihood:	-156.344978
0	0.975187	750	-3.885661	-3.885661
1	0.950747	750	-3.824644	-7.710305
2	0.926679	750	-3.762843	-11.473148
3	0.902980	750	-3.715781	-15.188929
4	0.879648	750	-3.659552	-18.848481
5	0.856682	750	-3.613749	-22.462230
6	0.834079	750	-3.552933	-26.015163
7	0.811838	750	-3.501921	-29.517084
8	0.789957	750	-3.436709	-32.953793
9	0.768433	750	-3.407828	-36.361621
10	0.747266	750	-3.330740	-39.692361
11	0.726452	750	-3.274544	-42.966905
12	0.705989	750	-3.221335	-46.188240
13	0.685877	750	-3.195739	-49.383979
14	0.666112	750	-3.106503	-52.490482
15	0.646693	750	-3.066955	-55.557437
16	0.627618	750	-3.010713	-58.568149
17	0.608884	750	-2.967312	-61.535462
18	0.590490	750	-2.883972	-64.419433
19	0.572433	750	-2.856483	-67.275916
20	0.554712	750	-2.817584	-70.093500
21	0.537324	750	-2.755607	-72.849106
22	0.520268	750	-2.699038	-75.548144
23	0.503540	750	-2.652892	-78.201036
24	0.487139	750	-2.595875	-80.796911
25	0.471063	750	-2.555270	-83.352181
26	0.455310	750	-2.516869	-85.869051
27	0.439877	750	-2.443370	-88.312420
28	0.424762	750	-2.427659	-90.740079
29	0.409963	750	-2.356991	-93.097071
30	0.395478	750	-2.318529	-95.415599
31	0.381305	750	-2.253990	-97.669590
32	0.367440	750	-2.248073	-99.917662
33	0.353883	750	-2.181401	-102.099063
34	0.340630	750	-2.124951	-104.224015
35	0.327680	750	-2.075257	-106.299271
36	0.315030	750	-2.111251	-108.410522
37	0.302677	750	-1.992111	-110.402633
38	0.290619	750	-1.967589	-112.370222
39	0.278855	750	-1.950288	-114.320510
40	0.267381	750	-2.012579	-116.333088
41	0.256195	750	-2.009931	-118.343019
42	0.245294	750	-1.863946	-120.206965
43	0.234677	750	-1.763095	-121.970060
44	0.224340	750	-1.775705	-123.745765
45	0.214281	750	-1.706566	-125.452331
46	0.204498	750	-1.597889	-127.050221
47	0.194988	750	-1.687728	-128.737949
48	0.185749	750	-1.529579	-130.267528
49	0.176777	750	-1.557485	-131.825013
50	0.168070	750	-1.553800	-133.378813
51	0.159626	750	-1.519125	-134.897938
52	0.151441	750	-1.428227	-136.326165
53	0.143514	750	-1.379588	-137.705753
54	0.135841	750	-1.387189	-139.092942
55	0.128420	750	-1.341300	-140.434242
56	0.121247	750	-1.323979	-141.758221
57	0.114320	750	-1.264318	-143.022540
58	0.107637	750	-1.224437	-144.246976
59	0.101193	750	-1.197091	-145.444067
60	0.094986	750	-1.160314	-146.604381
61	0.089014	750	-1.104155	-147.708537
62	0.083273	750	-1.078939	-148.787476
63	0.077760	750	-1.041345	-149.828820
64	0.072472	750	-0.988756	-150.817576
65	0.067406	750	-0.959975	-151.777551
66	0.062558	750	-0.921939	-152.699490
67	0.057926	750	-0.878766	-153.578256
68	0.053506	750	-0.825479	-154.403735
69	0.049295	750	-0.813297	-155.217032
70	0.045289	750	-0.775812	-155.992844
71	0.041485	750	-0.752277	-156.745121
72	0.037880	750	-0.695057	-157.440178
73	0.034469	750	-0.655373	-158.095552
74	0.031250	750	-0.641740	-158.737292
75	0.028218	750	-0.602959	-159.340250
76	0.025370	750	-0.572839	-159.913089
77	0.022702	750	-0.542394	-160.455484
78	0.020209	750	-0.539181	-160.994664
79	0.017889	750	-0.492928	-161.487592
80	0.015736	750	-0.455824	-161.943416
81	0.013746	750	-0.431663	-162.375080
82	0.011916	750	-0.409566	-162.784646
83	0.010240	750	-0.361188	-163.145833
84	0.008714	750	-0.369375	-163.515209
85	0.007334	750	-0.302518	-163.817726
86	0.006093	750	-0.300831	-164.118557
87	0.004988	750	-0.265359	-164.383917
88	0.004013	750	-0.248459	-164.632375
89	0.003162	750	-0.227992	-164.860367
90	0.002430	750	-0.171440	-165.031807
91	0.001810	750	-0.152902	-165.184709
92	0.001296	750	-0.136783	-165.321492
93	0.000882	750	-0.124892	-165.446384
94	0.000559	750	-0.086868	-165.533252
95	0.000320	750	-0.062621	-165.595873
96	0.000156	750	-0.050538	-165.646411
97	0.000057	750	-0.026130	-165.672541
98	0.000010	750	-0.011587	-165.684128
99	0.000000	750	-0.002875	-165.687004
Log marginal likelihood:	-165.687004
0	0.975187	750	-3.614940	-3.614940
1	0.950747	750	-3.551105	-7.166045
2	0.926679	750	-3.512355	-10.678399
3	0.902980	750	-3.439789	-14.118188
4	0.879648	750	-3.409541	-17.527728
5	0.856682	750	-3.341108	-20.868836
6	0.834079	750	-3.326213	-24.195049
7	0.811838	750	-3.298782	-27.493831
8	0.789957	750	-3.225487	-30.719319
9	0.768433	750	-3.268544	-33.987863
10	0.747266	750	-3.099980	-37.087843
11	0.726452	750	-3.053480	-40.141323
12	0.705989	750	-3.053775	-43.195097
13	0.685877	750	-3.014790	-46.209888
14	0.666112	750	-2.919839	-49.129727
15	0.646693	750	-2.905920	-52.035647
16	0.627618	750	-2.825965	-54.861612
17	0.608884	750	-2.876215	-57.737827
18	0.590490	750	-2.723064	-60.460891
19	0.572433	750	-2.699857	-63.160748
20	0.554712	750	-2.645202	-65.805951
21	0.537324	750	-2.641116	-68.447066
22	0.520268	750	-2.587161	-71.034227
23	0.503540	750	-2.489852	-73.524080
24	0.487139	750	-2.470136	-75.994216
25	0.471063	750	-2.408115	-78.402331
26	0.455310	750	-2.380287	-80.782618
27	0.439877	750	-2.350052	-83.132670
28	0.424762	750	-2.279051	-85.411721
29	0.409963	750	-2.280527	-87.692247
30	0.395478	750	-2.245768	-89.938015
31	0.381305	750	-2.125162	-92.063177
32	0.367440	750	-2.138076	-94.201253
33	0.353883	750	-2.068100	-96.269353
34	0.340630	750	-2.021755	-98.291108
35	0.327680	750	-1.983860	-100.274968
36	0.315030	750	-1.972563	-102.247531
37	0.302677	750	-1.901054	-104.148585
38	0.290619	750	-1.858141	-106.006725
39	0.278855	750	-1.848493	-107.855219
40	0.267381	750	-1.932759	-109.787977
41	0.256195	750	-1.725810	-111.513788
42	0.245294	750	-1.709678	-113.223466
43	0.234677	750	-1.707477	-114.930943
44	0.224340	750	-1.638073	-116.569016
45	0.214281	750	-1.594903	-118.163919
46	0.204498	750	-1.723854	-119.887772
47	0.194988	750	-1.493090	-121.380863
48	0.185749	750	-1.557441	-122.938304
49	0.176777	750	-1.556887	-124.495191
50	0.168070	750	-1.438005	-125.933196
51	0.159626	750	-1.461522	-127.394718
52	0.151441	750	-1.447611	-128.842328
53	0.143514	750	-1.331997	-130.174325
54	0.135841	750	-1.321280	-131.495605
55	0.128420	750	-1.345800	-132.841405
56	0.121247	750	-1.267625	-134.109030
57	0.114320	750	-1.197186	-135.306216
58	0.107637	750	-1.210617	-136.516833
59	0.101193	750	-1.118225	-137.635058
60	0.094986	750	-1.141042	-138.776100
61	0.089014	750	-1.043111	-139.819211
62	0.083273	750	-1.065122	-140.884334
63	0.077760	750	-1.009113	-141.893447
64	0.072472	750	-0.944011	-142.837458
65	0.067406	750	-0.941696	-143.779153
66	0.062558	750	-0.923109	-144.702263
67	0.057926	750	-0.873132	-145.575395
68	0.053506	750	-0.837951	-146.413346
69	0.049295	750	-0.805331	-147.218677
70	0.045289	750	-0.739318	-147.957995
71	0.041485	750	-0.720539	-148.678534
72	0.037880	750	-0.719658	-149.398193
73	0.034469	750	-0.663198	-150.061391
74	0.031250	750	-0.644486	-150.705877
75	0.028218	750	-0.613702	-151.319579
76	0.025370	750	-0.565189	-151.884768
77	0.022702	750	-0.538738	-152.423507
78	0.020209	750	-0.526180	-152.949687
79	0.017889	750	-0.484048	-153.433735
80	0.015736	750	-0.446092	-153.879827
81	0.013746	750	-0.431343	-154.311170
82	0.011916	750	-0.401639	-154.712809
83	0.010240	750	-0.376547	-155.089356
84	0.008714	750	-0.346112	-155.435468
85	0.007334	750	-0.313168	-155.748636
86	0.006093	750	-0.285714	-156.034350
87	0.004988	750	-0.264398	-156.298748
88	0.004013	750	-0.246510	-156.545258
89	0.003162	750	-0.205307	-156.750565
90	0.002430	750	-0.169793	-156.920357
91	0.001810	750	-0.153739	-157.074097
92	0.001296	750	-0.130315	-157.204412
93	0.000882	750	-0.102938	-157.307350
94	0.000559	750	-0.096168	-157.403518
95	0.000320	750	-0.060443	-157.463961
96	0.000156	750	-0.042236	-157.506197
97	0.000057	750	-0.026542	-157.532739
98	0.000010	750	-0.013014	-157.545753
99	0.000000	750	-0.002601	-157.548353
Log marginal likelihood:	-157.548353
0	0.975187	750	-3.612591	-3.612591
1	0.950747	750	-3.575534	-7.188125
2	0.926679	750	-3.529907	-10.718032
3	0.902980	750	-3.458517	-14.176549
4	0.879648	750	-3.411995	-17.588543
5	0.856682	750	-3.371417	-20.959960
6	0.834079	750	-3.316731	-24.276691
7	0.811838	750	-3.261376	-27.538067
8	0.789957	750	-3.211926	-30.749993
9	0.768433	750	-3.159594	-33.909587
10	0.747266	750	-3.116501	-37.026088
11	0.726452	750	-3.078294	-40.104382
12	0.705989	750	-3.010000	-43.114382
13	0.685877	750	-2.956560	-46.070942
14	0.666112	750	-2.913322	-48.984264
15	0.646693	750	-2.855649	-51.839914
16	0.627618	750	-2.809174	-54.649088
17	0.608884	750	-2.776414	-57.425502
18	0.590490	750	-2.774819	-60.200321
19	0.572433	750	-2.658294	-62.858615
20	0.554712	750	-2.635236	-65.493851
21	0.537324	750	-2.576626	-68.070477
22	0.520268	750	-2.573983	-70.644460
23	0.503540	750	-2.485234	-73.129694
24	0.487139	750	-2.446670	-75.576364
25	0.471063	750	-2.403315	-77.979680
26	0.455310	750	-2.332864	-80.312544
27	0.439877	750	-2.301507	-82.614051
28	0.424762	750	-2.320204	-84.934255
29	0.409963	750	-2.264400	-87.198654
30	0.395478	750	-2.187378	-89.386032
31	0.381305	750	-2.147116	-91.533148
32	0.367440	750	-2.170022	-93.703171
33	0.353883	750	-2.104191	-95.807362
34	0.340630	750	-2.019219	-97.826581
35	0.327680	750	-2.024224	-99.850806
36	0.315030	750	-2.015837	-101.866643
37	0.302677	750	-1.869305	-103.735948
38	0.290619	750	-1.887178	-105.623127
39	0.278855	750	-1.883290	-107.506416
40	0.267381	750	-1.857212	-109.363628
41	0.256195	750	-1.819365	-111.182993
42	0.245294	750	-1.766654	-112.949647
43	0.234677	750	-1.764906	-114.714553
44	0.224340	750	-1.665842	-116.380395
45	0.214281	750	-1.647113	-118.027509
46	0.204498	750	-1.639339	-119.666848
47	0.194988	750	-1.623660	-121.290508
48	0.185749	750	-1.637145	-122.927653
49	0.176777	750	-1.549060	-124.476713
50	0.168070	750	-1.523908	-126.000621
51	0.159626	750	-1.499533	-127.500154
52	0.151441	750	-1.404099	-128.904254
53	0.143514	750	-1.380362	-130.284616
54	0.135841	750	-1.344340	-131.628956
55	0.128420	750	-1.350202	-132.979158
56	0.121247	750	-1.287731	-134.266889
57	0.114320	750	-1.229567	-135.496456
58	0.107637	750	-1.213010	-136.709466
59	0.101193	750	-1.194233	-137.903699
60	0.094986	750	-1.107192	-139.010890
61	0.089014	750	-1.091544	-140.102435
62	0.083273	750	-1.065921	-141.168356
63	0.077760	750	-1.028293	-142.196649
64	0.072472	750	-0.987504	-143.184153
65	0.067406	750	-0.958800	-144.142953
66	0.062558	750	-0.924888	-145.067841
67	0.057926	750	-0.885354	-145.953195
68	0.053506	750	-0.863950	-146.817146
69	0.049295	750	-0.822857	-147.640002
70	0.045289	750	-0.778591	-148.418594
71	0.041485	750	-0.743567	-149.162161
72	0.037880	750	-0.702914	-149.865075
73	0.034469	750	-0.660500	-150.525574
74	0.031250	750	-0.634744	-151.160318
75	0.028218	750	-0.598724	-151.759042
76	0.025370	750	-0.578849	-152.337892
77	0.022702	750	-0.536302	-152.874194
78	0.020209	750	-0.545915	-153.420109
79	0.017889	750	-0.485982	-153.906091
80	0.015736	750	-0.477615	-154.383707
81	0.013746	750	-0.430896	-154.814603
82	0.011916	750	-0.391428	-155.206031
83	0.010240	750	-0.363451	-155.569482
84	0.008714	750	-0.370091	-155.939573
85	0.007334	750	-0.314170	-156.253743
86	0.006093	750	-0.278697	-156.532439
87	0.004988	750	-0.284703	-156.817142
88	0.004013	750	-0.235535	-157.052677
89	0.003162	750	-0.194347	-157.247024
90	0.002430	750	-0.195222	-157.442245
91	0.001810	750	-0.157593	-157.599838
92	0.001296	750	-0.125292	-157.725130
93	0.000882	750	-0.113275	-157.838406
94	0.000559	750	-0.101796	-157.940202
95	0.000320	750	-0.074075	-158.014276
96	0.000156	750	-0.043284	-158.057560
97	0.000057	750	-0.027620	-158.085180
98	0.000010	750	-0.012951	-158.098131
99	0.000000	750	-0.002571	-158.100702
Log marginal likelihood:	-158.100702
0	0.975187	750	-3.663848	-3.663848
1	0.950747	750	-3.606048	-7.269895
2	0.926679	750	-3.578986	-10.848881
3	0.902980	750	-3.536889	-14.385770
4	0.879648	750	-3.437435	-17.823206
5	0.856682	750	-3.406893	-21.230099
6	0.834079	750	-3.356379	-24.586478
7	0.811838	750	-3.304712	-27.891190
8	0.789957	750	-3.269745	-31.160935
9	0.768433	750	-3.229414	-34.390348
10	0.747266	750	-3.153343	-37.543692
11	0.726452	750	-3.114329	-40.658020
12	0.705989	750	-3.037548	-43.695568
13	0.685877	750	-2.996907	-46.692475
14	0.666112	750	-2.956018	-49.648494
15	0.646693	750	-2.905769	-52.554263
16	0.627618	750	-2.852236	-55.406499
17	0.608884	750	-2.800314	-58.206813
18	0.590490	750	-2.742599	-60.949412
19	0.572433	750	-2.709049	-63.658461
20	0.554712	750	-2.658469	-66.316930
21	0.537324	750	-2.624857	-68.941787
22	0.520268	750	-2.564234	-71.506021
23	0.503540	750	-2.500373	-74.006394
24	0.487139	750	-2.470985	-76.477379
25	0.471063	750	-2.410305	-78.887684
26	0.455310	750	-2.426560	-81.314244
27	0.439877	750	-2.380760	-83.695004
28	0.424762	750	-2.296385	-85.991389
29	0.409963	750	-2.240891	-88.232279
30	0.395478	750	-2.246374	-90.478653
31	0.381305	750	-2.160286	-92.638939
32	0.367440	750	-2.092902	-94.731841
33	0.353883	750	-2.089845	-96.821685
34	0.340630	750	-2.045229	-98.866914
35	0.327680	750	-2.067440	-100.934354
36	0.315030	750	-1.939699	-102.874053
37	0.302677	750	-1.892486	-104.766539
38	0.290619	750	-1.844540	-106.611079
39	0.278855	750	-1.814210	-108.425289
40	0.267381	750	-1.808136	-110.233425
41	0.256195	750	-1.792609	-112.026034
42	0.245294	750	-1.677366	-113.703400
43	0.234677	750	-1.671544	-115.374944
44	0.224340	750	-1.675930	-117.050873
45	0.214281	750	-1.607178	-118.658051
46	0.204498	750	-1.641072	-120.299123
47	0.194988	750	-1.617795	-121.916918
48	0.185749	750	-1.618594	-123.535513
49	0.176777	750	-1.499108	-125.034621
50	0.168070	750	-1.470071	-126.504692
51	0.159626	750	-1.459165	-127.963857
52	0.151441	750	-1.376851	-129.340708
53	0.143514	750	-1.332390	-130.673098
54	0.135841	750	-1.355151	-132.028249
55	0.128420	750	-1.245182	-133.273432
56	0.121247	750	-1.267355	-134.540787
57	0.114320	750	-1.181428	-135.722215
58	0.107637	750	-1.178652	-136.900867
59	0.101193	750	-1.152414	-138.053281
60	0.094986	750	-1.098622	-139.151903
61	0.089014	750	-1.059893	-140.211796
62	0.083273	750	-1.041183	-141.252979
63	0.077760	750	-0.958558	-142.211537
64	0.072472	750	-0.959977	-143.171514
65	0.067406	750	-0.934146	-144.105660
66	0.062558	750	-0.879759	-144.985419
67	0.057926	750	-0.857340	-145.842759
68	0.053506	750	-0.814676	-146.657436
69	0.049295	750	-0.794723	-147.452158
70	0.045289	750	-0.758193	-148.210352
71	0.041485	750	-0.715462	-148.925814
72	0.037880	750	-0.695013	-149.620827
73	0.034469	750	-0.664500	-150.285327
74	0.031250	750	-0.618315	-150.903642
75	0.028218	750	-0.595723	-151.499365
76	0.025370	750	-0.557411	-152.056775
77	0.022702	750	-0.535574	-152.592349
78	0.020209	750	-0.520970	-153.113319
79	0.017889	750	-0.491271	-153.604590
80	0.015736	750	-0.451914	-154.056504
81	0.013746	750	-0.425454	-154.481958
82	0.011916	750	-0.418539	-154.900497
83	0.010240	750	-0.360633	-155.261131
84	0.008714	750	-0.340432	-155.601562
85	0.007334	750	-0.291966	-155.893528
86	0.006093	750	-0.301352	-156.194881
87	0.004988	750	-0.262977	-156.457857
88	0.004013	750	-0.225488	-156.683346
89	0.003162	750	-0.202671	-156.886017
90	0.002430	750	-0.191103	-157.077120
91	0.001810	750	-0.161001	-157.238121
92	0.001296	750	-0.126448	-157.364569
93	0.000882	750	-0.096042	-157.460610
94	0.000559	750	-0.086015	-157.546625
95	0.000320	750	-0.065615	-157.612240
96	0.000156	750	-0.040873	-157.653113
97	0.000057	750	-0.024959	-157.678072
98	0.000010	750	-0.011599	-157.689671
99	0.000000	750	-0.002685	-157.692356
Log marginal likelihood:	-157.692356
0	0.975187	750	-3.403110	-3.403110
1	0.950747	750	-3.366304	-6.769414
2	0.926679	750	-3.337236	-10.106650
3	0.902980	750	-3.297815	-13.404465
4	0.879648	750	-3.199733	-16.604198
5	0.856682	750	-3.154850	-19.759048
6	0.834079	750	-3.099403	-22.858452
7	0.811838	750	-3.066407	-25.924859
8	0.789957	750	-3.019279	-28.944138
9	0.768433	750	-2.989903	-31.934041
10	0.747266	750	-2.951068	-34.885109
11	0.726452	750	-2.930441	-37.815550
12	0.705989	750	-2.884155	-40.699705
13	0.685877	750	-2.867415	-43.567120
14	0.666112	750	-2.764270	-46.331390
15	0.646693	750	-2.730410	-49.061800
16	0.627618	750	-2.639893	-51.701693
17	0.608884	750	-2.632629	-54.334321
18	0.590490	750	-2.571685	-56.906006
19	0.572433	750	-2.580332	-59.486339
20	0.554712	750	-2.457314	-61.943653
21	0.537324	750	-2.463279	-64.406931
22	0.520268	750	-2.374645	-66.781576
23	0.503540	750	-2.350657	-69.132233
24	0.487139	750	-2.355867	-71.488100
25	0.471063	750	-2.313412	-73.801512
26	0.455310	750	-2.256574	-76.058086
27	0.439877	750	-2.216942	-78.275028
28	0.424762	750	-2.173082	-80.448110
29	0.409963	750	-2.106756	-82.554866
30	0.395478	750	-2.097499	-84.652365
31	0.381305	750	-2.016732	-86.669096
32	0.367440	750	-1.993559	-88.662655
33	0.353883	750	-1.962593	-90.625248
34	0.340630	750	-1.920401	-92.545649
35	0.327680	750	-1.881078	-94.426728
36	0.315030	750	-1.800737	-96.227465
37	0.302677	750	-1.772826	-98.000291
38	0.290619	750	-1.747712	-99.748003
39	0.278855	750	-1.942135	-101.690138
40	0.267381	750	-1.665171	-103.355308
41	0.256195	750	-1.651086	-105.006395
42	0.245294	750	-1.619863	-106.626257
43	0.234677	750	-1.674071	-108.300328
44	0.224340	750	-1.675016	-109.975344
45	0.214281	750	-1.477478	-111.452821
46	0.204498	750	-1.528976	-112.981798
47	0.194988	750	-1.554773	-114.536570
48	0.185749	750	-1.527589	-116.064159
49	0.176777	750	-1.353157	-117.417316
50	0.168070	750	-1.429676	-118.846991
51	0.159626	750	-1.344245	-120.191236
52	0.151441	750	-1.267653	-121.458889
53	0.143514	750	-1.361843	-122.820733
54	0.135841	750	-1.222144	-124.042876
55	0.128420	750	-1.232868	-125.275744
56	0.121247	750	-1.144878	-126.420622
57	0.114320	750	-1.139209	-127.559832
58	0.107637	750	-1.176380	-128.736211
59	0.101193	750	-1.096890	-129.833101
60	0.094986	750	-1.084348	-130.917449
61	0.089014	750	-1.057258	-131.974707
62	0.083273	750	-1.015352	-132.990059
63	0.077760	750	-0.978714	-133.968773
64	0.072472	750	-0.952953	-134.921726
65	0.067406	750	-0.908306	-135.830032
66	0.062558	750	-0.867664	-136.697695
67	0.057926	750	-0.839303	-137.536998
68	0.053506	750	-0.818176	-138.355174
69	0.049295	750	-0.770281	-139.125455
70	0.045289	750	-0.729625	-139.855080
71	0.041485	750	-0.698664	-140.553743
72	0.037880	750	-0.678195	-141.231938
73	0.034469	750	-0.644463	-141.876402
74	0.031250	750	-0.608055	-142.484456
75	0.028218	750	-0.602282	-143.086738
76	0.025370	750	-0.565299	-143.652037
77	0.022702	750	-0.520988	-144.173025
78	0.020209	750	-0.498004	-144.671029
79	0.017889	750	-0.482221	-145.153251
80	0.015736	750	-0.425473	-145.578723
81	0.013746	750	-0.406958	-145.985682
82	0.011916	750	-0.382514	-146.368196
83	0.010240	750	-0.362702	-146.730897
84	0.008714	750	-0.332514	-147.063411
85	0.007334	750	-0.317961	-147.381372
86	0.006093	750	-0.275415	-147.656787
87	0.004988	750	-0.264298	-147.921085
88	0.004013	750	-0.245801	-148.166887
89	0.003162	750	-0.235371	-148.402258
90	0.002430	750	-0.183905	-148.586163
91	0.001810	750	-0.152663	-148.738826
92	0.001296	750	-0.126688	-148.865514
93	0.000882	750	-0.107173	-148.972687
94	0.000559	750	-0.092380	-149.065066
95	0.000320	750	-0.064126	-149.129193
96	0.000156	750	-0.040298	-149.169491
97	0.000057	750	-0.024174	-149.193665
98	0.000010	750	-0.012398	-149.206062
99	0.000000	750	-0.002624	-149.208686
Log marginal likelihood:	-149.208686
0	0.975187	750	-3.462979	-3.462979
1	0.950747	750	-3.403231	-6.866211
2	0.926679	750	-3.349539	-10.215749
3	0.902980	750	-3.316851	-13.532600
4	0.879648	750	-3.265256	-16.797856
5	0.856682	750	-3.220644	-20.018499
6	0.834079	750	-3.167454	-23.185953
7	0.811838	750	-3.127740	-26.313693
8	0.789957	750	-3.072424	-29.386117
9	0.768433	750	-3.017141	-32.403259
10	0.747266	750	-2.956790	-35.360049
11	0.726452	750	-2.917552	-38.277601
12	0.705989	750	-2.953536	-41.231137
13	0.685877	750	-2.840282	-44.071419
14	0.666112	750	-2.802906	-46.874325
15	0.646693	750	-2.748589	-49.622914
16	0.627618	750	-2.700826	-52.323740
17	0.608884	750	-2.632845	-54.956585
18	0.590490	750	-2.590273	-57.546857
19	0.572433	750	-2.542436	-60.089293
20	0.554712	750	-2.526225	-62.615518
21	0.537324	750	-2.451084	-65.066601
22	0.520268	750	-2.473709	-67.540310
23	0.503540	750	-2.389980	-69.930290
24	0.487139	750	-2.412171	-72.342461
25	0.471063	750	-2.309175	-74.651636
26	0.455310	750	-2.266508	-76.918145
27	0.439877	750	-2.199127	-79.117271
28	0.424762	750	-2.172772	-81.290044
29	0.409963	750	-2.151355	-83.441398
30	0.395478	750	-2.116756	-85.558154
31	0.381305	750	-2.138013	-87.696167
32	0.367440	750	-2.047359	-89.743526
33	0.353883	750	-1.976949	-91.720475
34	0.340630	750	-2.051635	-93.772111
35	0.327680	750	-1.898652	-95.670762
36	0.315030	750	-1.954202	-97.624965
37	0.302677	750	-1.863023	-99.487988
38	0.290619	750	-1.801156	-101.289144
39	0.278855	750	-1.786901	-103.076044
40	0.267381	750	-1.777241	-104.853285
41	0.256195	750	-1.708334	-106.561619
42	0.245294	750	-1.695553	-108.257172
43	0.234677	750	-1.652157	-109.909329
44	0.224340	750	-1.671536	-111.580866
45	0.214281	750	-1.675963	-113.256828
46	0.204498	750	-1.625789	-114.882618
47	0.194988	750	-1.623876	-116.506494
48	0.185749	750	-1.527224	-118.033718
49	0.176777	750	-1.448727	-119.482445
50	0.168070	750	-1.434219	-120.916664
51	0.159626	750	-1.379836	-122.296500
52	0.151441	750	-1.318745	-123.615245
53	0.143514	750	-1.324009	-124.939254
54	0.135841	750	-1.308623	-126.247878
55	0.128420	750	-1.294501	-127.542378
56	0.121247	750	-1.257572	-128.799950
57	0.114320	750	-1.189844	-129.989794
58	0.107637	750	-1.184745	-131.174539
59	0.101193	750	-1.128657	-132.303196
60	0.094986	750	-1.077600	-133.380796
61	0.089014	750	-1.079971	-134.460767
62	0.083273	750	-1.026749	-135.487517
63	0.077760	750	-0.973361	-136.460877
64	0.072472	750	-0.976085	-137.436962
65	0.067406	750	-0.925315	-138.362277
66	0.062558	750	-0.881230	-139.243508
67	0.057926	750	-0.846995	-140.090503
68	0.053506	750	-0.802209	-140.892712
69	0.049295	750	-0.798480	-141.691192
70	0.045289	750	-0.744826	-142.436018
71	0.041485	750	-0.697325	-143.133343
72	0.037880	750	-0.677449	-143.810792
73	0.034469	750	-0.650140	-144.460931
74	0.031250	750	-0.609799	-145.070731
75	0.028218	750	-0.585268	-145.655999
76	0.025370	750	-0.550741	-146.206740
77	0.022702	750	-0.535402	-146.742142
78	0.020209	750	-0.490626	-147.232768
79	0.017889	750	-0.456773	-147.689541
80	0.015736	750	-0.450100	-148.139641
81	0.013746	750	-0.409049	-148.548690
82	0.011916	750	-0.391877	-148.940567
83	0.010240	750	-0.363649	-149.304215
84	0.008714	750	-0.328028	-149.632244
85	0.007334	750	-0.321752	-149.953996
86	0.006093	750	-0.281078	-150.235074
87	0.004988	750	-0.274313	-150.509387
88	0.004013	750	-0.238352	-150.747739
89	0.003162	750	-0.201059	-150.948798
90	0.002430	750	-0.160129	-151.108927
91	0.001810	750	-0.150382	-151.259309
92	0.001296	750	-0.138960	-151.398269
93	0.000882	750	-0.106335	-151.504603
94	0.000559	750	-0.077448	-151.582051
95	0.000320	750	-0.059744	-151.641795
96	0.000156	750	-0.041048	-151.682842
97	0.000057	750	-0.024692	-151.707535
98	0.000010	750	-0.011883	-151.719418
99	0.000000	750	-0.002622	-151.722040
Log marginal likelihood:	-151.722040
0	0.975187	750	-3.621853	-3.621853
1	0.950747	750	-3.561877	-7.183731
2	0.926679	750	-3.504809	-10.688539
3	0.902980	750	-3.555913	-14.244453
4	0.879648	750	-3.432015	-17.676468
5	0.856682	750	-3.347434	-21.023902
6	0.834079	750	-3.299964	-24.323866
7	0.811838	750	-3.262465	-27.586331
8	0.789957	750	-3.204429	-30.790760
9	0.768433	750	-3.163867	-33.954627
10	0.747266	750	-3.113478	-37.068105
11	0.726452	750	-3.130955	-40.199059
12	0.705989	750	-2.993606	-43.192665
13	0.685877	750	-2.973124	-46.165790
14	0.666112	750	-2.898540	-49.064330
15	0.646693	750	-2.861113	-51.925443
16	0.627618	750	-2.824741	-54.750184
17	0.608884	750	-2.777931	-57.528115
18	0.590490	750	-2.724050	-60.252166
19	0.572433	750	-2.668256	-62.920421
20	0.554712	750	-2.616319	-65.536740
21	0.537324	750	-2.660456	-68.197196
22	0.520268	750	-2.553505	-70.750700
23	0.503540	750	-2.508777	-73.259477
24	0.487139	750	-2.421164	-75.680641
25	0.471063	750	-2.421493	-78.102134
26	0.455310	750	-2.402310	-80.504444
27	0.439877	750	-2.348508	-82.852952
28	0.424762	750	-2.327471	-85.180423
29	0.409963	750	-2.247816	-87.428239
30	0.395478	750	-2.188480	-89.616719
31	0.381305	750	-2.198386	-91.815105
32	0.367440	750	-2.125607	-93.940712
33	0.353883	750	-2.110911	-96.051623
34	0.340630	750	-2.182937	-98.234560
35	0.327680	750	-1.974278	-100.208838
36	0.315030	750	-2.004630	-102.213467
37	0.302677	750	-1.971112	-104.184579
38	0.290619	750	-1.986590	-106.171169
39	0.278855	750	-1.827666	-107.998835
40	0.267381	750	-1.880224	-109.879059
41	0.256195	750	-1.747381	-111.626440
42	0.245294	750	-1.802363	-113.428803
43	0.234677	750	-1.698289	-115.127092
44	0.224340	750	-1.657648	-116.784740
45	0.214281	750	-1.660200	-118.444940
46	0.204498	750	-1.677970	-120.122909
47	0.194988	750	-1.609253	-121.732163
48	0.185749	750	-1.611550	-123.343713
49	0.176777	750	-1.564336	-124.908049
50	0.168070	750	-1.497111	-126.405161
51	0.159626	750	-1.391105	-127.796266
52	0.151441	750	-1.423886	-129.220152
53	0.143514	750	-1.352032	-130.572183
54	0.135841	750	-1.347820	-131.920003
55	0.128420	750	-1.294918	-133.214921
56	0.121247	750	-1.248354	-134.463275
57	0.114320	750	-1.209356	-135.672631
58	0.107637	750	-1.191827	-136.864458
59	0.101193	750	-1.101127	-137.965585
60	0.094986	750	-1.111723	-139.077308
61	0.089014	750	-1.083784	-140.161092
62	0.083273	750	-1.041728	-141.202820
63	0.077760	750	-1.005398	-142.208218
64	0.072472	750	-0.965592	-143.173810
65	0.067406	750	-0.924288	-144.098098
66	0.062558	750	-0.887196	-144.985294
67	0.057926	750	-0.859933	-145.845227
68	0.053506	750	-0.814700	-146.659927
69	0.049295	750	-0.781615	-147.441542
70	0.045289	750	-0.760817	-148.202359
71	0.041485	750	-0.719841	-148.922200
72	0.037880	750	-0.689666	-149.611867
73	0.034469	750	-0.661744	-150.273611
74	0.031250	750	-0.629895	-150.903505
75	0.028218	750	-0.599150	-151.502655
76	0.025370	750	-0.569865	-152.072520
77	0.022702	750	-0.546257	-152.618777
78	0.020209	750	-0.511188	-153.129965
79	0.017889	750	-0.480398	-153.610362
80	0.015736	750	-0.459538	-154.069900
81	0.013746	750	-0.424760	-154.494660
82	0.011916	750	-0.419619	-154.914279
83	0.010240	750	-0.411241	-155.325520
84	0.008714	750	-0.337855	-155.663374
85	0.007334	750	-0.319204	-155.982578
86	0.006093	750	-0.286675	-156.269254
87	0.004988	750	-0.255930	-156.525183
88	0.004013	750	-0.233224	-156.758407
89	0.003162	750	-0.222134	-156.980541
90	0.002430	750	-0.181988	-157.162530
91	0.001810	750	-0.152557	-157.315086
92	0.001296	750	-0.133660	-157.448746
93	0.000882	750	-0.112942	-157.561688
94	0.000559	750	-0.090254	-157.651942
95	0.000320	750	-0.073335	-157.725277
96	0.000156	750	-0.048310	-157.773587
97	0.000057	750	-0.026171	-157.799758
98	0.000010	750	-0.012625	-157.812383
99	0.000000	750	-0.002739	-157.815121
Log marginal likelihood:	-157.815121
0	0.975187	750	-3.457293	-3.457293
1	0.950747	750	-3.405976	-6.863269
2	0.926679	750	-3.362476	-10.225745
3	0.902980	750	-3.294885	-13.520630
4	0.879648	750	-3.280294	-16.800924
5	0.856682	750	-3.216046	-20.016970
6	0.834079	750	-3.181680	-23.198650
7	0.811838	750	-3.131393	-26.330043
8	0.789957	750	-3.078477	-29.408520
9	0.768433	750	-3.041695	-32.450215
10	0.747266	750	-3.011251	-35.461466
11	0.726452	750	-2.937145	-38.398611
12	0.705989	750	-2.882536	-41.281147
13	0.685877	750	-2.852512	-44.133660
14	0.666112	750	-2.810429	-46.944089
15	0.646693	750	-2.730263	-49.674352
16	0.627618	750	-2.694312	-52.368665
17	0.608884	750	-2.629914	-54.998578
18	0.590490	750	-2.625690	-57.624268
19	0.572433	750	-2.574702	-60.198970
20	0.554712	750	-2.499548	-62.698518
21	0.537324	750	-2.473041	-65.171559
22	0.520268	750	-2.448226	-67.619785
23	0.503540	750	-2.416568	-70.036353
24	0.487139	750	-2.352888	-72.389241
25	0.471063	750	-2.297719	-74.686960
26	0.455310	750	-2.268182	-76.955142
27	0.439877	750	-2.195925	-79.151067
28	0.424762	750	-2.172263	-81.323330
29	0.409963	750	-2.156226	-83.479556
30	0.395478	750	-2.158194	-85.637750
31	0.381305	750	-2.089920	-87.727670
32	0.367440	750	-2.043854	-89.771524
33	0.353883	750	-2.038805	-91.810329
34	0.340630	750	-1.975210	-93.785539
35	0.327680	750	-1.901447	-95.686986
36	0.315030	750	-1.902219	-97.589205
37	0.302677	750	-1.860089	-99.449294
38	0.290619	750	-1.835591	-101.284885
39	0.278855	750	-1.893416	-103.178301
40	0.267381	750	-1.719401	-104.897703
41	0.256195	750	-1.675248	-106.572951
42	0.245294	750	-1.772007	-108.344957
43	0.234677	750	-1.768202	-110.113159
44	0.224340	750	-1.734445	-111.847604
45	0.214281	750	-1.627224	-113.474828
46	0.204498	750	-1.523871	-114.998699
47	0.194988	750	-1.569692	-116.568391
48	0.185749	750	-1.598285	-118.166676
49	0.176777	750	-1.599592	-119.766268
50	0.168070	750	-1.539043	-121.305310
51	0.159626	750	-1.424812	-122.730122
52	0.151441	750	-1.357309	-124.087432
53	0.143514	750	-1.393291	-125.480722
54	0.135841	750	-1.390293	-126.871015
55	0.128420	750	-1.289991	-128.161007
56	0.121247	750	-1.135982	-129.296988
57	0.114320	750	-1.235739	-130.532727
58	0.107637	750	-1.185129	-131.717856
59	0.101193	750	-1.095649	-132.813506
60	0.094986	750	-1.109094	-133.922600
61	0.089014	750	-1.059624	-134.982224
62	0.083273	750	-1.054187	-136.036411
63	0.077760	750	-0.996150	-137.032560
64	0.072472	750	-0.960789	-137.993349
65	0.067406	750	-0.916565	-138.909915
66	0.062558	750	-0.893593	-139.803508
67	0.057926	750	-0.853839	-140.657347
68	0.053506	750	-0.824174	-141.481521
69	0.049295	750	-0.805417	-142.286938
70	0.045289	750	-0.774442	-143.061380
71	0.041485	750	-0.719170	-143.780549
72	0.037880	750	-0.694457	-144.475006
73	0.034469	750	-0.683134	-145.158140
74	0.031250	750	-0.631553	-145.789693
75	0.028218	750	-0.585568	-146.375261
76	0.025370	750	-0.573844	-146.949105
77	0.022702	750	-0.534545	-147.483650
78	0.020209	750	-0.521651	-148.005300
79	0.017889	750	-0.484046	-148.489346
80	0.015736	750	-0.441452	-148.930798
81	0.013746	750	-0.436705	-149.367503
82	0.011916	750	-0.382125	-149.749628
83	0.010240	750	-0.366461	-150.116089
84	0.008714	750	-0.332954	-150.449043
85	0.007334	750	-0.316040	-150.765082
86	0.006093	750	-0.290059	-151.055141
87	0.004988	750	-0.311767	-151.366908
88	0.004013	750	-0.235828	-151.602736
89	0.003162	750	-0.212240	-151.814976
90	0.002430	750	-0.194587	-152.009563
91	0.001810	750	-0.160461	-152.170024
92	0.001296	750	-0.141783	-152.311807
93	0.000882	750	-0.109168	-152.420975
94	0.000559	750	-0.082806	-152.503780
95	0.000320	750	-0.063858	-152.567638
96	0.000156	750	-0.043789	-152.611427
97	0.000057	750	-0.029206	-152.640633
98	0.000010	750	-0.013933	-152.654566
99	0.000000	750	-0.002565	-152.657130
Log marginal likelihood:	-152.657130
0	0.975187	750	-3.656784	-3.656784
1	0.950747	750	-3.612293	-7.269077
2	0.926679	750	-3.580236	-10.849313
3	0.902980	750	-3.505075	-14.354388
4	0.879648	750	-3.447282	-17.801671
5	0.856682	750	-3.438327	-21.239998
6	0.834079	750	-3.382693	-24.622691
7	0.811838	750	-3.311905	-27.934595
8	0.789957	750	-3.240387	-31.174982
9	0.768433	750	-3.213049	-34.388032
10	0.747266	750	-3.154076	-37.542108
11	0.726452	750	-3.087756	-40.629864
12	0.705989	750	-3.039192	-43.669055
13	0.685877	750	-3.009082	-46.678137
14	0.666112	750	-2.976234	-49.654371
15	0.646693	750	-2.970726	-52.625097
16	0.627618	750	-2.854714	-55.479811
17	0.608884	750	-2.809593	-58.289404
18	0.590490	750	-2.788595	-61.077999
19	0.572433	750	-2.757724	-63.835723
20	0.554712	750	-2.690279	-66.526002
21	0.537324	750	-2.642837	-69.168839
22	0.520268	750	-2.591117	-71.759956
23	0.503540	750	-2.562193	-74.322149
24	0.487139	750	-2.469529	-76.791678
25	0.471063	750	-2.434030	-79.225708
26	0.455310	750	-2.406213	-81.631921
27	0.439877	750	-2.427027	-84.058948
28	0.424762	750	-2.327375	-86.386323
29	0.409963	750	-2.275280	-88.661603
30	0.395478	750	-2.321195	-90.982798
31	0.381305	750	-2.231726	-93.214524
32	0.367440	750	-2.187497	-95.402021
33	0.353883	750	-2.148372	-97.550393
34	0.340630	750	-2.074412	-99.624805
35	0.327680	750	-2.208236	-101.833041
36	0.315030	750	-2.106070	-103.939112
37	0.302677	750	-2.023831	-105.962943
38	0.290619	750	-1.966627	-107.929571
39	0.278855	750	-1.905641	-109.835212
40	0.267381	750	-1.870085	-111.705297
41	0.256195	750	-1.823053	-113.528349
42	0.245294	750	-1.855713	-115.384063
43	0.234677	750	-1.743260	-117.127323
44	0.224340	750	-1.714371	-118.841694
45	0.214281	750	-1.645115	-120.486809
46	0.204498	750	-1.739603	-122.226412
47	0.194988	750	-1.649362	-123.875773
48	0.185749	750	-1.619346	-125.495119
49	0.176777	750	-1.557586	-127.052705
50	0.168070	750	-1.458387	-128.511092
51	0.159626	750	-1.486324	-129.997416
52	0.151441	750	-1.404657	-131.402073
53	0.143514	750	-1.319947	-132.722020
54	0.135841	750	-1.346005	-134.068025
55	0.128420	750	-1.325747	-135.393771
56	0.121247	750	-1.260604	-136.654375
57	0.114320	750	-1.224355	-137.878730
58	0.107637	750	-1.195730	-139.074460
59	0.101193	750	-1.141602	-140.216062
60	0.094986	750	-1.097625	-141.313687
61	0.089014	750	-1.081007	-142.394694
62	0.083273	750	-1.039564	-143.434258
63	0.077760	750	-0.993471	-144.427730
64	0.072472	750	-0.965489	-145.393218
65	0.067406	750	-0.920030	-146.313249
66	0.062558	750	-0.876163	-147.189412
67	0.057926	750	-0.855112	-148.044523
68	0.053506	750	-0.822699	-148.867222
69	0.049295	750	-0.779178	-149.646400
70	0.045289	750	-0.761607	-150.408007
71	0.041485	750	-0.725713	-151.133720
72	0.037880	750	-0.707577	-151.841297
73	0.034469	750	-0.670962	-152.512260
74	0.031250	750	-0.629297	-153.141557
75	0.028218	750	-0.585638	-153.727194
76	0.025370	750	-0.565788	-154.292982
77	0.022702	750	-0.547357	-154.840339
78	0.020209	750	-0.496899	-155.337238
79	0.017889	750	-0.473355	-155.810593
80	0.015736	750	-0.463254	-156.273846
81	0.013746	750	-0.433982	-156.707828
82	0.011916	750	-0.394154	-157.101982
83	0.010240	750	-0.359776	-157.461758
84	0.008714	750	-0.331718	-157.793476
85	0.007334	750	-0.286261	-158.079738
86	0.006093	750	-0.273828	-158.353565
87	0.004988	750	-0.252215	-158.605780
88	0.004013	750	-0.242122	-158.847903
89	0.003162	750	-0.230115	-159.078018
90	0.002430	750	-0.201990	-159.280008
91	0.001810	750	-0.157910	-159.437918
92	0.001296	750	-0.133974	-159.571892
93	0.000882	750	-0.106840	-159.678732
94	0.000559	750	-0.082489	-159.761221
95	0.000320	750	-0.060885	-159.822106
96	0.000156	750	-0.043841	-159.865948
97	0.000057	750	-0.025683	-159.891631
98	0.000010	750	-0.012342	-159.903973
99	0.000000	750	-0.002594	-159.906567
Log marginal likelihood:	-159.906567
0	0.975187	750	-3.411910	-3.411910
1	0.950747	750	-3.370831	-6.782741
2	0.926679	750	-3.326858	-10.109599
3	0.902980	750	-3.277991	-13.387590
4	0.879648	750	-3.224200	-16.611790
5	0.856682	750	-3.196784	-19.808575
6	0.834079	750	-3.127156	-22.935730
7	0.811838	750	-3.087384	-26.023114
8	0.789957	750	-3.044154	-29.067268
9	0.768433	750	-2.983016	-32.050284
10	0.747266	750	-2.947358	-34.997641
11	0.726452	750	-2.890219	-37.887860
12	0.705989	750	-2.841679	-40.729539
13	0.685877	750	-2.801126	-43.530664
14	0.666112	750	-2.753240	-46.283905
15	0.646693	750	-2.740696	-49.024600
16	0.627618	750	-2.666392	-51.690992
17	0.608884	750	-2.622996	-54.313988
18	0.590490	750	-2.561752	-56.875741
19	0.572433	750	-2.525941	-59.401682
20	0.554712	750	-2.493387	-61.895069
21	0.537324	750	-2.420508	-64.315577
22	0.520268	750	-2.428022	-66.743599
23	0.503540	750	-2.339006	-69.082605
24	0.487139	750	-2.308336	-71.390941
25	0.471063	750	-2.295766	-73.686707
26	0.455310	750	-2.225553	-75.912260
27	0.439877	750	-2.188663	-78.100923
28	0.424762	750	-2.230107	-80.331030
29	0.409963	750	-2.107192	-82.438222
30	0.395478	750	-2.065160	-84.503382
31	0.381305	750	-2.096126	-86.599508
32	0.367440	750	-1.981125	-88.580634
33	0.353883	750	-1.962405	-90.543038
34	0.340630	750	-1.937957	-92.480995
35	0.327680	750	-1.945067	-94.426063
36	0.315030	750	-1.858413	-96.284476
37	0.302677	750	-1.831468	-98.115944
38	0.290619	750	-1.759266	-99.875210
39	0.278855	750	-1.782185	-101.657395
40	0.267381	750	-1.692991	-103.350385
41	0.256195	750	-1.667282	-105.017667
42	0.245294	750	-1.643569	-106.661236
43	0.234677	750	-1.827509	-108.488745
44	0.224340	750	-1.733353	-110.222098
45	0.214281	750	-1.547264	-111.769362
46	0.204498	750	-1.618439	-113.387801
47	0.194988	750	-1.590838	-114.978639
48	0.185749	750	-1.476870	-116.455508
49	0.176777	750	-1.560769	-118.016278
50	0.168070	750	-1.456563	-119.472840
51	0.159626	750	-1.359582	-120.832423
52	0.151441	750	-1.388702	-122.221125
53	0.143514	750	-1.341298	-123.562423
54	0.135841	750	-1.348904	-124.911327
55	0.128420	750	-1.296282	-126.207609
56	0.121247	750	-1.270701	-127.478309
57	0.114320	750	-1.206597	-128.684906
58	0.107637	750	-1.187909	-129.872815
59	0.101193	750	-1.150744	-131.023559
60	0.094986	750	-1.083830	-132.107389
61	0.089014	750	-1.089402	-133.196791
62	0.083273	750	-1.018701	-134.215492
63	0.077760	750	-0.992639	-135.208131
64	0.072472	750	-0.947063	-136.155195
65	0.067406	750	-0.933449	-137.088644
66	0.062558	750	-0.865440	-137.954084
67	0.057926	750	-0.866534	-138.820618
68	0.053506	750	-0.809174	-139.629793
69	0.049295	750	-0.782112	-140.411905
70	0.045289	750	-0.740350	-141.152255
71	0.041485	750	-0.720802	-141.873057
72	0.037880	750	-0.684298	-142.557354
73	0.034469	750	-0.665383	-143.222738
74	0.031250	750	-0.623637	-143.846375
75	0.028218	750	-0.593330	-144.439705
76	0.025370	750	-0.555552	-144.995257
77	0.022702	750	-0.521980	-145.517237
78	0.020209	750	-0.504839	-146.022076
79	0.017889	750	-0.473481	-146.495557
80	0.015736	750	-0.447843	-146.943401
81	0.013746	750	-0.412970	-147.356371
82	0.011916	750	-0.390623	-147.746994
83	0.010240	750	-0.358592	-148.105585
84	0.008714	750	-0.332216	-148.437802
85	0.007334	750	-0.288245	-148.726047
86	0.006093	750	-0.283622	-149.009669
87	0.004988	750	-0.252405	-149.262073
88	0.004013	750	-0.220908	-149.482981
89	0.003162	750	-0.192231	-149.675212
90	0.002430	750	-0.176349	-149.851562
91	0.001810	750	-0.179347	-150.030909
92	0.001296	750	-0.135446	-150.166355
93	0.000882	750	-0.103418	-150.269773
94	0.000559	750	-0.084484	-150.354257
95	0.000320	750	-0.065835	-150.420092
96	0.000156	750	-0.041099	-150.461190
97	0.000057	750	-0.026713	-150.487904
98	0.000010	750	-0.011606	-150.499509
99	0.000000	750	-0.002616	-150.502125
Log marginal likelihood:	-150.502125
0	0.975187	750	-3.234017	-3.234017
1	0.950747	750	-3.189658	-6.423676
2	0.926679	750	-3.163474	-9.587150
3	0.902980	750	-3.158942	-12.746091
4	0.879648	750	-3.078785	-15.824876
5	0.856682	750	-3.028789	-18.853665
6	0.834079	750	-2.983318	-21.836983
7	0.811838	750	-2.916672	-24.753655
8	0.789957	750	-2.874396	-27.628051
9	0.768433	750	-2.827777	-30.455828
10	0.747266	750	-2.790608	-33.246437
11	0.726452	750	-2.735090	-35.981527
12	0.705989	750	-2.716240	-38.697766
13	0.685877	750	-2.644783	-41.342549
14	0.666112	750	-2.624045	-43.966594
15	0.646693	750	-2.552103	-46.518697
16	0.627618	750	-2.541119	-49.059816
17	0.608884	750	-2.490042	-51.549858
18	0.590490	750	-2.460683	-54.010540
19	0.572433	750	-2.385119	-56.395659
20	0.554712	750	-2.366379	-58.762038
21	0.537324	750	-2.332402	-61.094441
22	0.520268	750	-2.269010	-63.363450
23	0.503540	750	-2.268494	-65.631944
24	0.487139	750	-2.183704	-67.815649
25	0.471063	750	-2.180569	-69.996217
26	0.455310	750	-2.145641	-72.141858
27	0.439877	750	-2.091358	-74.233216
28	0.424762	750	-2.056589	-76.289805
29	0.409963	750	-2.010273	-78.300078
30	0.395478	750	-1.969406	-80.269484
31	0.381305	750	-1.957393	-82.226877
32	0.367440	750	-1.882975	-84.109852
33	0.353883	750	-1.883990	-85.993842
34	0.340630	750	-1.844684	-87.838526
35	0.327680	750	-1.844174	-89.682699
36	0.315030	750	-1.755890	-91.438589
37	0.302677	750	-1.726137	-93.164726
38	0.290619	750	-1.689799	-94.854525
39	0.278855	750	-1.669320	-96.523845
40	0.267381	750	-1.689520	-98.213365
41	0.256195	750	-1.598144	-99.811509
42	0.245294	750	-1.558850	-101.370359
43	0.234677	750	-1.609190	-102.979550
44	0.224340	750	-1.475755	-104.455304
45	0.214281	750	-1.459612	-105.914916
46	0.204498	750	-1.397876	-107.312792
47	0.194988	750	-1.373107	-108.685899
48	0.185749	750	-1.488287	-110.174186
49	0.176777	750	-1.480181	-111.654367
50	0.168070	750	-1.406047	-113.060414
51	0.159626	750	-1.333140	-114.393554
52	0.151441	750	-1.313580	-115.707134
53	0.143514	750	-1.259081	-116.966215
54	0.135841	750	-1.318387	-118.284602
55	0.128420	750	-1.189056	-119.473657
56	0.121247	750	-1.232660	-120.706317
57	0.114320	750	-1.056590	-121.762907
58	0.107637	750	-1.184386	-122.947293
59	0.101193	750	-1.098939	-124.046231
60	0.094986	750	-1.053856	-125.100088
61	0.089014	750	-1.037067	-126.137155
62	0.083273	750	-1.037548	-127.174703
63	0.077760	750	-0.937681	-128.112384
64	0.072472	750	-0.925092	-129.037476
65	0.067406	750	-0.918827	-129.956303
66	0.062558	750	-0.880543	-130.836846
67	0.057926	750	-0.826061	-131.662907
68	0.053506	750	-0.807411	-132.470318
69	0.049295	750	-0.780136	-133.250455
70	0.045289	750	-0.736154	-133.986609
71	0.041485	750	-0.726269	-134.712878
72	0.037880	750	-0.678447	-135.391325
73	0.034469	750	-0.637621	-136.028946
74	0.031250	750	-0.604230	-136.633176
75	0.028218	750	-0.573172	-137.206349
76	0.025370	750	-0.565598	-137.771947
77	0.022702	750	-0.531657	-138.303604
78	0.020209	750	-0.496196	-138.799800
79	0.017889	750	-0.473734	-139.273534
80	0.015736	750	-0.457677	-139.731211
81	0.013746	750	-0.407304	-140.138514
82	0.011916	750	-0.387623	-140.526137
83	0.010240	750	-0.348103	-140.874240
84	0.008714	750	-0.360743	-141.234983
85	0.007334	750	-0.308159	-141.543142
86	0.006093	750	-0.293294	-141.836437
87	0.004988	750	-0.279835	-142.116272
88	0.004013	750	-0.224332	-142.340604
89	0.003162	750	-0.203273	-142.543877
90	0.002430	750	-0.170999	-142.714876
91	0.001810	750	-0.158861	-142.873736
92	0.001296	750	-0.132915	-143.006651
93	0.000882	750	-0.102865	-143.109516
94	0.000559	750	-0.084774	-143.194290
95	0.000320	750	-0.063598	-143.257888
96	0.000156	750	-0.045829	-143.303718
97	0.000057	750	-0.029917	-143.333635
98	0.000010	750	-0.012271	-143.345907
99	0.000000	750	-0.002411	-143.348317
Log marginal likelihood:	-143.348317
0	0.975187	750	-3.737073	-3.737073
1	0.950747	750	-3.677103	-7.414176
2	0.926679	750	-3.619316	-11.033493
3	0.902980	750	-3.548619	-14.582111
4	0.879648	750	-3.509433	-18.091544
5	0.856682	750	-3.462834	-21.554378
6	0.834079	750	-3.390481	-24.944859
7	0.811838	750	-3.374110	-28.318969
8	0.789957	750	-3.260434	-31.579403
9	0.768433	750	-3.255255	-34.834658
10	0.747266	750	-3.204087	-38.038746
11	0.726452	750	-3.142772	-41.181517
12	0.705989	750	-3.048692	-44.230210
13	0.685877	750	-3.027187	-47.257397
14	0.666112	750	-3.005451	-50.262848
15	0.646693	750	-2.959462	-53.222310
16	0.627618	750	-2.910006	-56.132315
17	0.608884	750	-2.872514	-59.004829
18	0.590490	750	-2.803271	-61.808100
19	0.572433	750	-2.739431	-64.547530
20	0.554712	750	-2.787535	-67.335065
21	0.537324	750	-2.670565	-70.005630
22	0.520268	750	-2.589671	-72.595301
23	0.503540	750	-2.531159	-75.126460
24	0.487139	750	-2.534688	-77.661148
25	0.471063	750	-2.448665	-80.109813
26	0.455310	750	-2.406494	-82.516308
27	0.439877	750	-2.385351	-84.901658
28	0.424762	750	-2.325886	-87.227545
29	0.409963	750	-2.289920	-89.517464
30	0.395478	750	-2.239804	-91.757268
31	0.381305	750	-2.194332	-93.951600
32	0.367440	750	-2.154362	-96.105962
33	0.353883	750	-2.120539	-98.226501
34	0.340630	750	-2.138014	-100.364514
35	0.327680	750	-2.051028	-102.415542
36	0.315030	750	-1.959745	-104.375288
37	0.302677	750	-1.989129	-106.364416
38	0.290619	750	-1.834696	-108.199112
39	0.278855	750	-1.907858	-110.106970
40	0.267381	750	-1.816715	-111.923685
41	0.256195	750	-1.718373	-113.642058
42	0.245294	750	-1.738000	-115.380059
43	0.234677	750	-1.675765	-117.055823
44	0.224340	750	-1.623090	-118.678914
45	0.214281	750	-1.637089	-120.316003
46	0.204498	750	-1.635653	-121.951656
47	0.194988	750	-1.631940	-123.583596
48	0.185749	750	-1.514955	-125.098551
49	0.176777	750	-1.564039	-126.662590
50	0.168070	750	-1.459073	-128.121663
51	0.159626	750	-1.471333	-129.592996
52	0.151441	750	-1.441429	-131.034425
53	0.143514	750	-1.323409	-132.357834
54	0.135841	750	-1.309375	-133.667209
55	0.128420	750	-1.274660	-134.941870
56	0.121247	750	-1.258863	-136.200732
57	0.114320	750	-1.229245	-137.429977
58	0.107637	750	-1.179985	-138.609962
59	0.101193	750	-1.150742	-139.760704
60	0.094986	750	-1.103914	-140.864618
61	0.089014	750	-1.081744	-141.946362
62	0.083273	750	-1.038224	-142.984586
63	0.077760	750	-0.986739	-143.971325
64	0.072472	750	-0.958055	-144.929380
65	0.067406	750	-0.906986	-145.836366
66	0.062558	750	-0.882563	-146.718929
67	0.057926	750	-0.873547	-147.592476
68	0.053506	750	-0.810243	-148.402719
69	0.049295	750	-0.805964	-149.208683
70	0.045289	750	-0.752748	-149.961431
71	0.041485	750	-0.731351	-150.692782
72	0.037880	750	-0.697347	-151.390129
73	0.034469	750	-0.661724	-152.051854
74	0.031250	750	-0.614867	-152.666721
75	0.028218	750	-0.609249	-153.275970
76	0.025370	750	-0.561272	-153.837242
77	0.022702	750	-0.533974	-154.371216
78	0.020209	750	-0.507790	-154.879007
79	0.017889	750	-0.479873	-155.358879
80	0.015736	750	-0.441084	-155.799963
81	0.013746	750	-0.435997	-156.235960
82	0.011916	750	-0.396070	-156.632030
83	0.010240	750	-0.373184	-157.005214
84	0.008714	750	-0.322953	-157.328167
85	0.007334	750	-0.317817	-157.645984
86	0.006093	750	-0.295994	-157.941979
87	0.004988	750	-0.254539	-158.196518
88	0.004013	750	-0.225782	-158.422300
89	0.003162	750	-0.204036	-158.626335
90	0.002430	750	-0.185439	-158.811774
91	0.001810	750	-0.157367	-158.969141
92	0.001296	750	-0.125107	-159.094248
93	0.000882	750	-0.122408	-159.216656
94	0.000559	750	-0.079915	-159.296570
95	0.000320	750	-0.057911	-159.354482
96	0.000156	750	-0.042534	-159.397016
97	0.000057	750	-0.026295	-159.423311
98	0.000010	750	-0.012037	-159.435348
99	0.000000	750	-0.002731	-159.438079
Log marginal likelihood:	-159.438079
0	0.975187	750	-3.636986	-3.636986
1	0.950747	750	-3.543649	-7.180635
2	0.926679	750	-3.499663	-10.680299
3	0.902980	750	-3.554739	-14.235038
4	0.879648	750	-3.446913	-17.681951
5	0.856682	750	-3.367559	-21.049510
6	0.834079	750	-3.316555	-24.366065
7	0.811838	750	-3.268605	-27.634670
8	0.789957	750	-3.191060	-30.825731
9	0.768433	750	-3.183557	-34.009288
10	0.747266	750	-3.130467	-37.139755
11	0.726452	750	-3.145922	-40.285678
12	0.705989	750	-3.093114	-43.378792
13	0.685877	750	-2.986186	-46.364978
14	0.666112	750	-2.884905	-49.249882
15	0.646693	750	-2.874981	-52.124863
16	0.627618	750	-2.858414	-54.983277
17	0.608884	750	-2.742626	-57.725903
18	0.590490	750	-2.753277	-60.479180
19	0.572433	750	-2.725588	-63.204769
20	0.554712	750	-2.659170	-65.863939
21	0.537324	750	-2.635427	-68.499365
22	0.520268	750	-2.565847	-71.065212
23	0.503540	750	-2.535091	-73.600303
24	0.487139	750	-2.453349	-76.053652
25	0.471063	750	-2.440606	-78.494258
26	0.455310	750	-2.374443	-80.868701
27	0.439877	750	-2.351246	-83.219947
28	0.424762	750	-2.283005	-85.502951
29	0.409963	750	-2.236780	-87.739731
30	0.395478	750	-2.194342	-89.934073
31	0.381305	750	-2.179523	-92.113596
32	0.367440	750	-2.115183	-94.228779
33	0.353883	750	-2.078786	-96.307565
34	0.340630	750	-2.025330	-98.332894
35	0.327680	750	-1.975649	-100.308543
36	0.315030	750	-1.946290	-102.254833
37	0.302677	750	-1.878926	-104.133759
38	0.290619	750	-1.830679	-105.964438
39	0.278855	750	-1.843502	-107.807940
40	0.267381	750	-1.774618	-109.582557
41	0.256195	750	-1.765657	-111.348214
42	0.245294	750	-1.808703	-113.156916
43	0.234677	750	-1.725035	-114.881951
44	0.224340	750	-1.613177	-116.495128
45	0.214281	750	-1.604716	-118.099844
46	0.204498	750	-1.536515	-119.636358
47	0.194988	750	-1.582054	-121.218412
48	0.185749	750	-1.436487	-122.654900
49	0.176777	750	-1.512007	-124.166906
50	0.168070	750	-1.495994	-125.662901
51	0.159626	750	-1.519114	-127.182014
52	0.151441	750	-1.329090	-128.511105
53	0.143514	750	-1.346255	-129.857360
54	0.135841	750	-1.364712	-131.222072
55	0.128420	750	-1.303973	-132.526045
56	0.121247	750	-1.284840	-133.810885
57	0.114320	750	-1.255501	-135.066386
58	0.107637	750	-1.195389	-136.261774
59	0.101193	750	-1.155607	-137.417381
60	0.094986	750	-1.130085	-138.547467
61	0.089014	750	-1.060693	-139.608160
62	0.083273	750	-1.039626	-140.647785
63	0.077760	750	-1.005812	-141.653598
64	0.072472	750	-0.940874	-142.594472
65	0.067406	750	-0.918373	-143.512844
66	0.062558	750	-0.902131	-144.414976
67	0.057926	750	-0.879089	-145.294065
68	0.053506	750	-0.838696	-146.132761
69	0.049295	750	-0.765298	-146.898059
70	0.045289	750	-0.742072	-147.640130
71	0.041485	750	-0.732928	-148.373058
72	0.037880	750	-0.690922	-149.063980
73	0.034469	750	-0.666965	-149.730945
74	0.031250	750	-0.652214	-150.383159
75	0.028218	750	-0.602515	-150.985674
76	0.025370	750	-0.576682	-151.562356
77	0.022702	750	-0.541845	-152.104201
78	0.020209	750	-0.492678	-152.596880
79	0.017889	750	-0.486127	-153.083006
80	0.015736	750	-0.459607	-153.542614
81	0.013746	750	-0.428799	-153.971412
82	0.011916	750	-0.416724	-154.388136
83	0.010240	750	-0.370203	-154.758339
84	0.008714	750	-0.345318	-155.103657
85	0.007334	750	-0.315355	-155.419012
86	0.006093	750	-0.283964	-155.702976
87	0.004988	750	-0.275398	-155.978374
88	0.004013	750	-0.236788	-156.215162
89	0.003162	750	-0.221855	-156.437017
90	0.002430	750	-0.179725	-156.616742
91	0.001810	750	-0.155738	-156.772480
92	0.001296	750	-0.133668	-156.906149
93	0.000882	750	-0.104756	-157.010905
94	0.000559	750	-0.076441	-157.087346
95	0.000320	750	-0.069728	-157.157074
96	0.000156	750	-0.047486	-157.204560
97	0.000057	750	-0.025619	-157.230179
98	0.000010	750	-0.012137	-157.242316
99	0.000000	750	-0.002680	-157.244997
Log marginal likelihood:	-157.244997
0	0.975187	750	-3.759259	-3.759259
1	0.950747	750	-3.692776	-7.452035
2	0.926679	750	-3.651233	-11.103268
3	0.902980	750	-3.574084	-14.677352
4	0.879648	750	-3.521240	-18.198592
5	0.856682	750	-3.494884	-21.693476
6	0.834079	750	-3.413661	-25.107137
7	0.811838	750	-3.396681	-28.503818
8	0.789957	750	-3.314434	-31.818252
9	0.768433	750	-3.277247	-35.095499
10	0.747266	750	-3.209428	-38.304926
11	0.726452	750	-3.169808	-41.474735
12	0.705989	750	-3.130200	-44.604934
13	0.685877	750	-3.082727	-47.687661
14	0.666112	750	-3.045051	-50.732712
15	0.646693	750	-2.986408	-53.719121
16	0.627618	750	-2.899988	-56.619109
17	0.608884	750	-2.929686	-59.548794
18	0.590490	750	-2.796950	-62.345744
19	0.572433	750	-2.786278	-65.132022
20	0.554712	750	-2.712822	-67.844844
21	0.537324	750	-2.689504	-70.534348
22	0.520268	750	-2.600497	-73.134845
23	0.503540	750	-2.608009	-75.742853
24	0.487139	750	-2.533706	-78.276560
25	0.471063	750	-2.547136	-80.823696
26	0.455310	750	-2.456903	-83.280598
27	0.439877	750	-2.638653	-85.919252
28	0.424762	750	-2.377367	-88.296619
29	0.409963	750	-2.319080	-90.615698
30	0.395478	750	-2.229701	-92.845399
31	0.381305	750	-2.246896	-95.092295
32	0.367440	750	-2.195906	-97.288201
33	0.353883	750	-2.136589	-99.424790
34	0.340630	750	-2.104277	-101.529067
35	0.327680	750	-2.032002	-103.561070
36	0.315030	750	-2.102043	-105.663113
37	0.302677	750	-2.170788	-107.833901
38	0.290619	750	-2.057488	-109.891389
39	0.278855	750	-1.895420	-111.786809
40	0.267381	750	-1.871552	-113.658361
41	0.256195	750	-1.951795	-115.610156
42	0.245294	750	-1.921651	-117.531807
43	0.234677	750	-1.789948	-119.321755
44	0.224340	750	-1.694958	-121.016713
45	0.214281	750	-1.783332	-122.800045
46	0.204498	750	-1.637150	-124.437195
47	0.194988	750	-1.623492	-126.060688
48	0.185749	750	-1.636746	-127.697433
49	0.176777	750	-1.604829	-129.302263
50	0.168070	750	-1.485744	-130.788007
51	0.159626	750	-1.370914	-132.158921
52	0.151441	750	-1.383141	-133.542062
53	0.143514	750	-1.412781	-134.954843
54	0.135841	750	-1.361772	-136.316615
55	0.128420	750	-1.312068	-137.628683
56	0.121247	750	-1.255159	-138.883841
57	0.114320	750	-1.235988	-140.119830
58	0.107637	750	-1.194087	-141.313917
59	0.101193	750	-1.173141	-142.487058
60	0.094986	750	-1.123759	-143.610817
61	0.089014	750	-1.060144	-144.670961
62	0.083273	750	-1.049310	-145.720271
63	0.077760	750	-0.991288	-146.711559
64	0.072472	750	-0.964665	-147.676225
65	0.067406	750	-0.938154	-148.614379
66	0.062558	750	-0.883255	-149.497634
67	0.057926	750	-0.855886	-150.353520
68	0.053506	750	-0.822329	-151.175848
69	0.049295	750	-0.762844	-151.938693
70	0.045289	750	-0.757238	-152.695931
71	0.041485	750	-0.731180	-153.427111
72	0.037880	750	-0.688221	-154.115332
73	0.034469	750	-0.660984	-154.776316
74	0.031250	750	-0.626896	-155.403212
75	0.028218	750	-0.598485	-156.001698
76	0.025370	750	-0.571132	-156.572829
77	0.022702	750	-0.532742	-157.105571
78	0.020209	750	-0.511527	-157.617098
79	0.017889	750	-0.475138	-158.092236
80	0.015736	750	-0.442434	-158.534670
81	0.013746	750	-0.417986	-158.952656
82	0.011916	750	-0.379924	-159.332580
83	0.010240	750	-0.367728	-159.700308
84	0.008714	750	-0.348840	-160.049148
85	0.007334	750	-0.297449	-160.346597
86	0.006093	750	-0.279726	-160.626323
87	0.004988	750	-0.257288	-160.883611
88	0.004013	750	-0.238329	-161.121940
89	0.003162	750	-0.232457	-161.354397
90	0.002430	750	-0.182272	-161.536669
91	0.001810	750	-0.152466	-161.689135
92	0.001296	750	-0.133343	-161.822479
93	0.000882	750	-0.125375	-161.947854
94	0.000559	750	-0.079632	-162.027486
95	0.000320	750	-0.062409	-162.089894
96	0.000156	750	-0.043485	-162.133380
97	0.000057	750	-0.028187	-162.161566
98	0.000010	750	-0.011486	-162.173053
99	0.000000	750	-0.002863	-162.175916
Log marginal likelihood:	-162.175916
0	0.975187	750	-3.560181	-3.560181
1	0.950747	750	-3.509057	-7.069238
2	0.926679	750	-3.455607	-10.524845
3	0.902980	750	-3.415505	-13.940349
4	0.879648	750	-3.363673	-17.304023
5	0.856682	750	-3.298231	-20.602254
6	0.834079	750	-3.261336	-23.863589
7	0.811838	750	-3.208503	-27.072092
8	0.789957	750	-3.156669	-30.228761
9	0.768433	750	-3.124512	-33.353273
10	0.747266	750	-3.051731	-36.405004
11	0.726452	750	-3.080680	-39.485684
12	0.705989	750	-2.954786	-42.440469
13	0.685877	750	-2.930807	-45.371276
14	0.666112	750	-2.855236	-48.226512
15	0.646693	750	-2.832997	-51.059509
16	0.627618	750	-2.841684	-53.901192
17	0.608884	750	-2.809805	-56.710997
18	0.590490	750	-2.714047	-59.425044
19	0.572433	750	-2.638644	-62.063688
20	0.554712	750	-2.663375	-64.727063
21	0.537324	750	-2.529578	-67.256642
22	0.520268	750	-2.575118	-69.831759
23	0.503540	750	-2.566800	-72.398559
24	0.487139	750	-2.412423	-74.810983
25	0.471063	750	-2.438890	-77.249873
26	0.455310	750	-2.411731	-79.661604
27	0.439877	750	-2.281741	-81.943344
28	0.424762	750	-2.309431	-84.252776
29	0.409963	750	-2.233658	-86.486434
30	0.395478	750	-2.172350	-88.658784
31	0.381305	750	-2.166615	-90.825399
32	0.367440	750	-2.152120	-92.977519
33	0.353883	750	-2.107603	-95.085122
34	0.340630	750	-2.124251	-97.209373
35	0.327680	750	-2.044982	-99.254355
36	0.315030	750	-2.031084	-101.285439
37	0.302677	750	-1.984702	-103.270141
38	0.290619	750	-1.902395	-105.172536
39	0.278855	750	-1.954286	-107.126823
40	0.267381	750	-1.856129	-108.982952
41	0.256195	750	-1.789058	-110.772010
42	0.245294	750	-1.818800	-112.590810
43	0.234677	750	-1.714814	-114.305624
44	0.224340	750	-1.731334	-116.036958
45	0.214281	750	-1.678831	-117.715789
46	0.204498	750	-1.608704	-119.324493
47	0.194988	750	-1.573344	-120.897837
48	0.185749	750	-1.582002	-122.479839
49	0.176777	750	-1.504071	-123.983910
50	0.168070	750	-1.528702	-125.512612
51	0.159626	750	-1.436516	-126.949128
52	0.151441	750	-1.410433	-128.359561
53	0.143514	750	-1.365381	-129.724942
54	0.135841	750	-1.328063	-131.053005
55	0.128420	750	-1.283802	-132.336808
56	0.121247	750	-1.265837	-133.602644
57	0.114320	750	-1.230591	-134.833236
58	0.107637	750	-1.172383	-136.005619
59	0.101193	750	-1.119593	-137.125212
60	0.094986	750	-1.093583	-138.218795
61	0.089014	750	-1.074263	-139.293058
62	0.083273	750	-1.007274	-140.300332
63	0.077760	750	-1.010087	-141.310419
64	0.072472	750	-0.967481	-142.277900
65	0.067406	750	-0.942075	-143.219975
66	0.062558	750	-0.883912	-144.103887
67	0.057926	750	-0.840476	-144.944363
68	0.053506	750	-0.811608	-145.755971
69	0.049295	750	-0.780910	-146.536881
70	0.045289	750	-0.756424	-147.293305
71	0.041485	750	-0.725499	-148.018804
72	0.037880	750	-0.680902	-148.699706
73	0.034469	750	-0.650172	-149.349878
74	0.031250	750	-0.615706	-149.965584
75	0.028218	750	-0.606174	-150.571757
76	0.025370	750	-0.558569	-151.130327
77	0.022702	750	-0.543348	-151.673675
78	0.020209	750	-0.498726	-152.172400
79	0.017889	750	-0.471749	-152.644149
80	0.015736	750	-0.465602	-153.109751
81	0.013746	750	-0.413196	-153.522946
82	0.011916	750	-0.419802	-153.942748
83	0.010240	750	-0.391677	-154.334425
84	0.008714	750	-0.327270	-154.661695
85	0.007334	750	-0.323683	-154.985378
86	0.006093	750	-0.302843	-155.288221
87	0.004988	750	-0.264740	-155.552961
88	0.004013	750	-0.232084	-155.785045
89	0.003162	750	-0.206064	-155.991109
90	0.002430	750	-0.191547	-156.182657
91	0.001810	750	-0.157851	-156.340508
92	0.001296	750	-0.150450	-156.490958
93	0.000882	750	-0.114672	-156.605630
94	0.000559	750	-0.089434	-156.695064
95	0.000320	750	-0.065553	-156.760617
96	0.000156	750	-0.050159	-156.810776
97	0.000057	750	-0.028404	-156.839180
98	0.000010	750	-0.012892	-156.852071
99	0.000000	750	-0.002903	-156.854975
Log marginal likelihood:	-156.854975
0	0.975187	750	-3.636210	-3.636210
1	0.950747	750	-3.594742	-7.230952
2	0.926679	750	-3.535161	-10.766113
3	0.902980	750	-3.476827	-14.242940
4	0.879648	750	-3.423689	-17.666629
5	0.856682	750	-3.378212	-21.044841
6	0.834079	750	-3.347012	-24.391853
7	0.811838	750	-3.265630	-27.657483
8	0.789957	750	-3.229436	-30.886919
9	0.768433	750	-3.175249	-34.062168
10	0.747266	750	-3.123472	-37.185639
11	0.726452	750	-3.075789	-40.261428
12	0.705989	750	-3.158848	-43.420276
13	0.685877	750	-2.985209	-46.405485
14	0.666112	750	-2.906808	-49.312293
15	0.646693	750	-2.869915	-52.182208
16	0.627618	750	-2.848293	-55.030501
17	0.608884	750	-2.787900	-57.818401
18	0.590490	750	-2.733967	-60.552368
19	0.572433	750	-2.740297	-63.292665
20	0.554712	750	-2.632124	-65.924789
21	0.537324	750	-2.581561	-68.506350
22	0.520268	750	-2.607238	-71.113588
23	0.503540	750	-2.518682	-73.632270
24	0.487139	750	-2.495081	-76.127351
25	0.471063	750	-2.414815	-78.542166
26	0.455310	750	-2.570040	-81.112206
27	0.439877	750	-2.356384	-83.468590
28	0.424762	750	-2.394225	-85.862815
29	0.409963	750	-2.356056	-88.218870
30	0.395478	750	-2.376688	-90.595558
31	0.381305	750	-2.183499	-92.779058
32	0.367440	750	-2.178828	-94.957886
33	0.353883	750	-2.110441	-97.068327
34	0.340630	750	-2.069253	-99.137580
35	0.327680	750	-2.014367	-101.151947
36	0.315030	750	-2.060916	-103.212863
37	0.302677	750	-1.989440	-105.202303
38	0.290619	750	-1.982277	-107.184580
39	0.278855	750	-1.861008	-109.045589
40	0.267381	750	-1.949527	-110.995115
41	0.256195	750	-1.941079	-112.936194
42	0.245294	750	-1.720073	-114.656267
43	0.234677	750	-1.741481	-116.397748
44	0.224340	750	-1.698590	-118.096338
45	0.214281	750	-1.709509	-119.805847
46	0.204498	750	-1.671489	-121.477336
47	0.194988	750	-1.695361	-123.172697
48	0.185749	750	-1.647316	-124.820013
49	0.176777	750	-1.595911	-126.415923
50	0.168070	750	-1.538974	-127.954897
51	0.159626	750	-1.456649	-129.411547
52	0.151441	750	-1.438910	-130.850457
53	0.143514	750	-1.417774	-132.268231
54	0.135841	750	-1.355302	-133.623533
55	0.128420	750	-1.351228	-134.974762
56	0.121247	750	-1.238234	-136.212996
57	0.114320	750	-1.228876	-137.441872
58	0.107637	750	-1.187991	-138.629863
59	0.101193	750	-1.140163	-139.770027
60	0.094986	750	-1.130324	-140.900351
61	0.089014	750	-1.092572	-141.992922
62	0.083273	750	-1.052727	-143.045649
63	0.077760	750	-1.000295	-144.045945
64	0.072472	750	-0.979737	-145.025682
65	0.067406	750	-0.941011	-145.966693
66	0.062558	750	-0.909549	-146.876242
67	0.057926	750	-0.876020	-147.752261
68	0.053506	750	-0.816044	-148.568306
69	0.049295	750	-0.800280	-149.368586
70	0.045289	750	-0.760914	-150.129499
71	0.041485	750	-0.731743	-150.861243
72	0.037880	750	-0.697552	-151.558795
73	0.034469	750	-0.657503	-152.216298
74	0.031250	750	-0.642234	-152.858532
75	0.028218	750	-0.608334	-153.466865
76	0.025370	750	-0.570012	-154.036878
77	0.022702	750	-0.533068	-154.569945
78	0.020209	750	-0.518881	-155.088826
79	0.017889	750	-0.475279	-155.564105
80	0.015736	750	-0.456276	-156.020381
81	0.013746	750	-0.420230	-156.440611
82	0.011916	750	-0.393933	-156.834544
83	0.010240	750	-0.385585	-157.220129
84	0.008714	750	-0.378973	-157.599102
85	0.007334	750	-0.299976	-157.899078
86	0.006093	750	-0.289584	-158.188662
87	0.004988	750	-0.248190	-158.436852
88	0.004013	750	-0.256759	-158.693611
89	0.003162	750	-0.227210	-158.920821
90	0.002430	750	-0.181796	-159.102617
91	0.001810	750	-0.178003	-159.280620
92	0.001296	750	-0.138629	-159.419249
93	0.000882	750	-0.130497	-159.549746
94	0.000559	750	-0.072757	-159.622503
95	0.000320	750	-0.063127	-159.685630
96	0.000156	750	-0.046227	-159.731857
97	0.000057	750	-0.028417	-159.760274
98	0.000010	750	-0.011897	-159.772171
99	0.000000	750	-0.002612	-159.774783
Log marginal likelihood:	-159.774783
0	0.975187	750	-3.277338	-3.277338
1	0.950747	750	-3.223450	-6.500788
2	0.926679	750	-3.182087	-9.682875
3	0.902980	750	-3.152300	-12.835175
4	0.879648	750	-3.099289	-15.934464
5	0.856682	750	-3.065422	-18.999885
6	0.834079	750	-3.004214	-22.004100
7	0.811838	750	-2.965550	-24.969650
8	0.789957	750	-2.907510	-27.877160
9	0.768433	750	-2.864200	-30.741360
10	0.747266	750	-2.861208	-33.602568
11	0.726452	750	-2.796423	-36.398991
12	0.705989	750	-2.762274	-39.161265
13	0.685877	750	-2.678497	-41.839763
14	0.666112	750	-2.661092	-44.500855
15	0.646693	750	-2.609621	-47.110476
16	0.627618	750	-2.575646	-49.686122
17	0.608884	750	-2.557628	-52.243750
18	0.590490	750	-2.482968	-54.726718
19	0.572433	750	-2.448650	-57.175368
20	0.554712	750	-2.377500	-59.552868
21	0.537324	750	-2.326391	-61.879259
22	0.520268	750	-2.316788	-64.196047
23	0.503540	750	-2.283931	-66.479978
24	0.487139	750	-2.249059	-68.729038
25	0.471063	750	-2.213107	-70.942145
26	0.455310	750	-2.147552	-73.089697
27	0.439877	750	-2.115789	-75.205486
28	0.424762	750	-2.063424	-77.268909
29	0.409963	750	-2.065655	-79.334564
30	0.395478	750	-2.006559	-81.341123
31	0.381305	750	-1.993500	-83.334623
32	0.367440	750	-1.920387	-85.255009
33	0.353883	750	-1.878754	-87.133763
34	0.340630	750	-1.876906	-89.010670
35	0.327680	750	-1.821836	-90.832506
36	0.315030	750	-1.763883	-92.596388
37	0.302677	750	-1.718162	-94.314551
38	0.290619	750	-1.696429	-96.010979
39	0.278855	750	-1.688159	-97.699139
40	0.267381	750	-1.664492	-99.363630
41	0.256195	750	-1.618036	-100.981666
42	0.245294	750	-1.577820	-102.559486
43	0.234677	750	-1.540601	-104.100087
44	0.224340	750	-1.520612	-105.620699
45	0.214281	750	-1.433092	-107.053792
46	0.204498	750	-1.444782	-108.498574
47	0.194988	750	-1.449404	-109.947977
48	0.185749	750	-1.433030	-111.381008
49	0.176777	750	-1.320993	-112.702001
50	0.168070	750	-1.446377	-114.148378
51	0.159626	750	-1.264369	-115.412748
52	0.151441	750	-1.315734	-116.728481
53	0.143514	750	-1.236869	-117.965350
54	0.135841	750	-1.251461	-119.216811
55	0.128420	750	-1.271135	-120.487945
56	0.121247	750	-1.282824	-121.770769
57	0.114320	750	-1.189817	-122.960586
58	0.107637	750	-1.081660	-124.042246
59	0.101193	750	-1.169376	-125.211622
60	0.094986	750	-1.017963	-126.229586
61	0.089014	750	-1.029664	-127.259250
62	0.083273	750	-1.040557	-128.299807
63	0.077760	750	-0.923796	-129.223603
64	0.072472	750	-0.947844	-130.171447
65	0.067406	750	-0.905902	-131.077349
66	0.062558	750	-0.892161	-131.969511
67	0.057926	750	-0.856544	-132.826055
68	0.053506	750	-0.849793	-133.675848
69	0.049295	750	-0.776099	-134.451948
70	0.045289	750	-0.740242	-135.192190
71	0.041485	750	-0.713822	-135.906012
72	0.037880	750	-0.664568	-136.570580
73	0.034469	750	-0.677382	-137.247962
74	0.031250	750	-0.630172	-137.878134
75	0.028218	750	-0.597081	-138.475215
76	0.025370	750	-0.572591	-139.047807
77	0.022702	750	-0.539398	-139.587205
78	0.020209	750	-0.503937	-140.091142
79	0.017889	750	-0.475308	-140.566450
80	0.015736	750	-0.443087	-141.009537
81	0.013746	750	-0.429560	-141.439097
82	0.011916	750	-0.393895	-141.832992
83	0.010240	750	-0.348622	-142.181614
84	0.008714	750	-0.335101	-142.516714
85	0.007334	750	-0.293149	-142.809864
86	0.006093	750	-0.295109	-143.104972
87	0.004988	750	-0.262360	-143.367332
88	0.004013	750	-0.220098	-143.587430
89	0.003162	750	-0.197161	-143.784592
90	0.002430	750	-0.171786	-143.956378
91	0.001810	750	-0.144008	-144.100385
92	0.001296	750	-0.125358	-144.225743
93	0.000882	750	-0.115580	-144.341323
94	0.000559	750	-0.085660	-144.426983
95	0.000320	750	-0.061893	-144.488877
96	0.000156	750	-0.047508	-144.536385
97	0.000057	750	-0.025546	-144.561931
98	0.000010	750	-0.012033	-144.573964
99	0.000000	750	-0.002981	-144.576945
Log marginal likelihood:	-144.576945
0	0.975187	750	-3.540357	-3.540357
1	0.950747	750	-3.502385	-7.042742
2	0.926679	750	-3.442596	-10.485338
3	0.902980	750	-3.384758	-13.870096
4	0.879648	750	-3.342479	-17.212575
5	0.856682	750	-3.330402	-20.542977
6	0.834079	750	-3.230781	-23.773757
7	0.811838	750	-3.182963	-26.956720
8	0.789957	750	-3.169061	-30.125781
9	0.768433	750	-3.090951	-33.216731
10	0.747266	750	-3.059721	-36.276453
11	0.726452	750	-3.111943	-39.388395
12	0.705989	750	-2.964138	-42.352534
13	0.685877	750	-2.933554	-45.286087
14	0.666112	750	-2.837121	-48.123208
15	0.646693	750	-2.820541	-50.943749
16	0.627618	750	-2.745572	-53.689321
17	0.608884	750	-2.748633	-56.437954
18	0.590490	750	-2.655571	-59.093525
19	0.572433	750	-2.702962	-61.796487
20	0.554712	750	-2.556588	-64.353074
21	0.537324	750	-2.537422	-66.890496
22	0.520268	750	-2.556619	-69.447116
23	0.503540	750	-2.433363	-71.880479
24	0.487139	750	-2.441385	-74.321864
25	0.471063	750	-2.374692	-76.696556
26	0.455310	750	-2.334051	-79.030608
27	0.439877	750	-2.257223	-81.287830
28	0.424762	750	-2.227943	-83.515773
29	0.409963	750	-2.197673	-85.713446
30	0.395478	750	-2.128907	-87.842353
31	0.381305	750	-2.107732	-89.950085
32	0.367440	750	-2.084017	-92.034102
33	0.353883	750	-2.074054	-94.108156
34	0.340630	750	-2.006018	-96.114174
35	0.327680	750	-2.092627	-98.206801
36	0.315030	750	-1.953524	-100.160324
37	0.302677	750	-1.913911	-102.074236
38	0.290619	750	-1.847028	-103.921264
39	0.278855	750	-1.832523	-105.753787
40	0.267381	750	-1.805081	-107.558868
41	0.256195	750	-1.694586	-109.253454
42	0.245294	750	-1.664837	-110.918291
43	0.234677	750	-1.776484	-112.694774
44	0.224340	750	-1.637891	-114.332666
45	0.214281	750	-1.590808	-115.923474
46	0.204498	750	-1.531478	-117.454952
47	0.194988	750	-1.514015	-118.968967
48	0.185749	750	-1.452470	-120.421436
49	0.176777	750	-1.517428	-121.938864
50	0.168070	750	-1.503701	-123.442565
51	0.159626	750	-1.437735	-124.880300
52	0.151441	750	-1.486755	-126.367055
53	0.143514	750	-1.394606	-127.761661
54	0.135841	750	-1.410655	-129.172316
55	0.128420	750	-1.247248	-130.419564
56	0.121247	750	-1.303179	-131.722744
57	0.114320	750	-1.271140	-132.993884
58	0.107637	750	-1.231637	-134.225521
59	0.101193	750	-1.126685	-135.352205
60	0.094986	750	-1.122307	-136.474512
61	0.089014	750	-0.993323	-137.467835
62	0.083273	750	-1.050682	-138.518517
63	0.077760	750	-1.034584	-139.553102
64	0.072472	750	-0.959806	-140.512908
65	0.067406	750	-0.960443	-141.473350
66	0.062558	750	-0.908493	-142.381844
67	0.057926	750	-0.880891	-143.262735
68	0.053506	750	-0.843438	-144.106173
69	0.049295	750	-0.797114	-144.903287
70	0.045289	750	-0.784487	-145.687773
71	0.041485	750	-0.752554	-146.440327
72	0.037880	750	-0.720823	-147.161150
73	0.034469	750	-0.686578	-147.847728
74	0.031250	750	-0.626391	-148.474119
75	0.028218	750	-0.604970	-149.079089
76	0.025370	750	-0.582073	-149.661162
77	0.022702	750	-0.541431	-150.202593
78	0.020209	750	-0.522465	-150.725058
79	0.017889	750	-0.491194	-151.216252
80	0.015736	750	-0.453957	-151.670209
81	0.013746	750	-0.434071	-152.104281
82	0.011916	750	-0.393577	-152.497857
83	0.010240	750	-0.365297	-152.863154
84	0.008714	750	-0.361274	-153.224428
85	0.007334	750	-0.344530	-153.568958
86	0.006093	750	-0.292478	-153.861436
87	0.004988	750	-0.261538	-154.122974
88	0.004013	750	-0.244849	-154.367822
89	0.003162	750	-0.211490	-154.579312
90	0.002430	750	-0.183100	-154.762413
91	0.001810	750	-0.157372	-154.919784
92	0.001296	750	-0.132310	-155.052094
93	0.000882	750	-0.104903	-155.156997
94	0.000559	750	-0.089137	-155.246134
95	0.000320	750	-0.059077	-155.305211
96	0.000156	750	-0.042780	-155.347992
97	0.000057	750	-0.027170	-155.375162
98	0.000010	750	-0.012634	-155.387796
99	0.000000	750	-0.002703	-155.390499
Log marginal likelihood:	-155.390499
0	0.975187	750	-3.180620	-3.180620
1	0.950747	750	-3.134880	-6.315500
2	0.926679	750	-3.095509	-9.411009
3	0.902980	750	-3.063278	-12.474288
4	0.879648	750	-2.997669	-15.471957
5	0.856682	750	-2.972227	-18.444184
6	0.834079	750	-2.912214	-21.356398
7	0.811838	750	-2.869522	-24.225920
8	0.789957	750	-2.838257	-27.064177
9	0.768433	750	-2.800335	-29.864511
10	0.747266	750	-2.736028	-32.600540
11	0.726452	750	-2.703790	-35.304329
12	0.705989	750	-2.676867	-37.981196
13	0.685877	750	-2.620557	-40.601753
14	0.666112	750	-2.587634	-43.189387
15	0.646693	750	-2.530413	-45.719800
16	0.627618	750	-2.460494	-48.180294
17	0.608884	750	-2.428223	-50.608517
18	0.590490	750	-2.385002	-52.993519
19	0.572433	750	-2.373334	-55.366853
20	0.554712	750	-2.320471	-57.687324
21	0.537324	750	-2.276984	-59.964308
22	0.520268	750	-2.268550	-62.232858
23	0.503540	750	-2.210413	-64.443271
24	0.487139	750	-2.169387	-66.612658
25	0.471063	750	-2.154619	-68.767276
26	0.455310	750	-2.095068	-70.862345
27	0.439877	750	-2.060519	-72.922864
28	0.424762	750	-2.008568	-74.931432
29	0.409963	750	-2.017801	-76.949233
30	0.395478	750	-1.995589	-78.944823
31	0.381305	750	-1.903083	-80.847906
32	0.367440	750	-1.856255	-82.704161
33	0.353883	750	-1.878895	-84.583056
34	0.340630	750	-1.782836	-86.365892
35	0.327680	750	-1.730645	-88.096537
36	0.315030	750	-1.767286	-89.863823
37	0.302677	750	-1.715930	-91.579754
38	0.290619	750	-1.635906	-93.215659
39	0.278855	750	-1.672589	-94.888248
40	0.267381	750	-1.581284	-96.469532
41	0.256195	750	-1.579880	-98.049412
42	0.245294	750	-1.543492	-99.592904
43	0.234677	750	-1.502391	-101.095296
44	0.224340	750	-1.460327	-102.555623
45	0.214281	750	-1.500922	-104.056544
46	0.204498	750	-1.454162	-105.510706
47	0.194988	750	-1.337722	-106.848428
48	0.185749	750	-1.398222	-108.246649
49	0.176777	750	-1.378691	-109.625340
50	0.168070	750	-1.276201	-110.901541
51	0.159626	750	-1.355802	-112.257343
52	0.151441	750	-1.313220	-113.570563
53	0.143514	750	-1.176855	-114.747418
54	0.135841	750	-1.235736	-115.983153
55	0.128420	750	-1.157016	-117.140170
56	0.121247	750	-1.142295	-118.282464
57	0.114320	750	-1.141352	-119.423817
58	0.107637	750	-1.101168	-120.524985
59	0.101193	750	-1.088567	-121.613552
60	0.094986	750	-1.043483	-122.657035
61	0.089014	750	-0.992584	-123.649619
62	0.083273	750	-0.967350	-124.616969
63	0.077760	750	-0.955257	-125.572226
64	0.072472	750	-0.891176	-126.463402
65	0.067406	750	-0.823772	-127.287174
66	0.062558	750	-0.821014	-128.108188
67	0.057926	750	-0.785657	-128.893845
68	0.053506	750	-0.778200	-129.672045
69	0.049295	750	-0.745102	-130.417147
70	0.045289	750	-0.717004	-131.134151
71	0.041485	750	-0.664537	-131.798688
72	0.037880	750	-0.651759	-132.450448
73	0.034469	750	-0.612445	-133.062893
74	0.031250	750	-0.595193	-133.658086
75	0.028218	750	-0.564807	-134.222894
76	0.025370	750	-0.539320	-134.762214
77	0.022702	750	-0.514788	-135.277002
78	0.020209	750	-0.473174	-135.750176
79	0.017889	750	-0.454753	-136.204929
80	0.015736	750	-0.427737	-136.632666
81	0.013746	750	-0.394408	-137.027073
82	0.011916	750	-0.368569	-137.395643
83	0.010240	750	-0.347902	-137.743544
84	0.008714	750	-0.322923	-138.066467
85	0.007334	750	-0.308892	-138.375360
86	0.006093	750	-0.277138	-138.652498
87	0.004988	750	-0.245154	-138.897652
88	0.004013	750	-0.220701	-139.118352
89	0.003162	750	-0.195321	-139.313674
90	0.002430	750	-0.171048	-139.484721
91	0.001810	750	-0.163831	-139.648552
92	0.001296	750	-0.167253	-139.815805
93	0.000882	750	-0.118648	-139.934454
94	0.000559	750	-0.083843	-140.018296
95	0.000320	750	-0.059696	-140.077993
96	0.000156	750	-0.048394	-140.126386
97	0.000057	750	-0.024819	-140.151205
98	0.000010	750	-0.011616	-140.162821
99	0.000000	750	-0.002643	-140.165464
Log marginal likelihood:	-140.165464
0	0.975187	750	-3.665943	-3.665943
1	0.950747	750	-3.584704	-7.250647
2	0.926679	750	-3.540008	-10.790655
3	0.902980	750	-3.490184	-14.280839
4	0.879648	750	-3.439496	-17.720335
5	0.856682	750	-3.401657	-21.121992
6	0.834079	750	-3.368013	-24.490005
7	0.811838	750	-3.281233	-27.771239
8	0.789957	750	-3.241191	-31.012429
9	0.768433	750	-3.172748	-34.185178
10	0.747266	750	-3.186363	-37.371540
11	0.726452	750	-3.078696	-40.450236
12	0.705989	750	-3.118422	-43.568659
13	0.685877	750	-3.060029	-46.628688
14	0.666112	750	-2.930000	-49.558688
15	0.646693	750	-3.009526	-52.568215
16	0.627618	750	-2.831489	-55.399703
17	0.608884	750	-2.803007	-58.202711
18	0.590490	750	-2.735227	-60.937938
19	0.572433	750	-2.700375	-63.638313
20	0.554712	750	-2.665505	-66.303818
21	0.537324	750	-2.601058	-68.904877
22	0.520268	750	-2.599790	-71.504667
23	0.503540	750	-2.564265	-74.068932
24	0.487139	750	-2.518144	-76.587077
25	0.471063	750	-2.449620	-79.036696
26	0.455310	750	-2.373208	-81.409905
27	0.439877	750	-2.399906	-83.809810
28	0.424762	750	-2.323758	-86.133569
29	0.409963	750	-2.312843	-88.446412
30	0.395478	750	-2.228692	-90.675104
31	0.381305	750	-2.188829	-92.863934
32	0.367440	750	-2.248138	-95.112071
33	0.353883	750	-2.099991	-97.212063
34	0.340630	750	-2.067863	-99.279926
35	0.327680	750	-2.105985	-101.385911
36	0.315030	750	-2.011240	-103.397151
37	0.302677	750	-2.064014	-105.461165
38	0.290619	750	-1.915140	-107.376305
39	0.278855	750	-1.899296	-109.275601
40	0.267381	750	-1.885722	-111.161323
41	0.256195	750	-1.854491	-113.015814
42	0.245294	750	-1.845964	-114.861778
43	0.234677	750	-1.731449	-116.593227
44	0.224340	750	-1.836699	-118.429926
45	0.214281	750	-1.731869	-120.161795
46	0.204498	750	-1.758027	-121.919822
47	0.194988	750	-1.548225	-123.468046
48	0.185749	750	-1.553231	-125.021277
49	0.176777	750	-1.611853	-126.633130
50	0.168070	750	-1.519459	-128.152589
51	0.159626	750	-1.473631	-129.626220
52	0.151441	750	-1.447698	-131.073918
53	0.143514	750	-1.406101	-132.480019
54	0.135841	750	-1.300330	-133.780349
55	0.128420	750	-1.311817	-135.092166
56	0.121247	750	-1.306032	-136.398198
57	0.114320	750	-1.249114	-137.647311
58	0.107637	750	-1.196794	-138.844105
59	0.101193	750	-1.153041	-139.997146
60	0.094986	750	-1.141741	-141.138887
61	0.089014	750	-1.096936	-142.235823
62	0.083273	750	-1.065319	-143.301142
63	0.077760	750	-0.989463	-144.290606
64	0.072472	750	-0.981555	-145.272160
65	0.067406	750	-0.928546	-146.200706
66	0.062558	750	-0.906863	-147.107569
67	0.057926	750	-0.865580	-147.973148
68	0.053506	750	-0.830111	-148.803260
69	0.049295	750	-0.794624	-149.597884
70	0.045289	750	-0.757970	-150.355854
71	0.041485	750	-0.725237	-151.081091
72	0.037880	750	-0.693632	-151.774723
73	0.034469	750	-0.675222	-152.449945
74	0.031250	750	-0.628436	-153.078382
75	0.028218	750	-0.603047	-153.681428
76	0.025370	750	-0.578327	-154.259755
77	0.022702	750	-0.545335	-154.805091
78	0.020209	750	-0.519479	-155.324570
79	0.017889	750	-0.482761	-155.807331
80	0.015736	750	-0.444599	-156.251929
81	0.013746	750	-0.425726	-156.677656
82	0.011916	750	-0.384771	-157.062427
83	0.010240	750	-0.387208	-157.449635
84	0.008714	750	-0.341839	-157.791474
85	0.007334	750	-0.310389	-158.101862
86	0.006093	750	-0.299723	-158.401586
87	0.004988	750	-0.266442	-158.668028
88	0.004013	750	-0.229746	-158.897775
89	0.003162	750	-0.234288	-159.132063
90	0.002430	750	-0.176753	-159.308816
91	0.001810	750	-0.171044	-159.479859
92	0.001296	750	-0.137122	-159.616981
93	0.000882	750	-0.111652	-159.728633
94	0.000559	750	-0.084885	-159.813518
95	0.000320	750	-0.067364	-159.880882
96	0.000156	750	-0.046362	-159.927244
97	0.000057	750	-0.027505	-159.954749
98	0.000010	750	-0.012370	-159.967119
99	0.000000	750	-0.002813	-159.969932
Log marginal likelihood:	-159.969932
0	0.975187	750	-3.415000	-3.415000
1	0.950747	750	-3.368951	-6.783951
2	0.926679	750	-3.323662	-10.107614
3	0.902980	750	-3.246610	-13.354223
4	0.879648	750	-3.228052	-16.582275
5	0.856682	750	-3.166657	-19.748932
6	0.834079	750	-3.126951	-22.875883
7	0.811838	750	-3.065441	-25.941323
8	0.789957	750	-3.019410	-28.960733
9	0.768433	750	-2.978422	-31.939154
10	0.747266	750	-2.967154	-34.906309
11	0.726452	750	-2.905899	-37.812208
12	0.705989	750	-2.887091	-40.699299
13	0.685877	750	-2.805459	-43.504757
14	0.666112	750	-2.746548	-46.251306
15	0.646693	750	-2.717786	-48.969092
16	0.627618	750	-2.646863	-51.615955
17	0.608884	750	-2.619857	-54.235812
18	0.590490	750	-2.603999	-56.839811
19	0.572433	750	-2.533090	-59.372901
20	0.554712	750	-2.502736	-61.875638
21	0.537324	750	-2.440771	-64.316408
22	0.520268	750	-2.388501	-66.704909
23	0.503540	750	-2.400800	-69.105709
24	0.487139	750	-2.319940	-71.425649
25	0.471063	750	-2.270214	-73.695863
26	0.455310	750	-2.274762	-75.970626
27	0.439877	750	-2.276500	-78.247125
28	0.424762	750	-2.180137	-80.427263
29	0.409963	750	-2.139876	-82.567139
30	0.395478	750	-2.081888	-84.649027
31	0.381305	750	-2.088969	-86.737996
32	0.367440	750	-1.981647	-88.719643
33	0.353883	750	-2.034303	-90.753946
34	0.340630	750	-2.013076	-92.767022
35	0.327680	750	-1.913234	-94.680255
36	0.315030	750	-1.966174	-96.646430
37	0.302677	750	-1.839458	-98.485888
38	0.290619	750	-1.948964	-100.434852
39	0.278855	750	-1.767351	-102.202203
40	0.267381	750	-1.732279	-103.934482
41	0.256195	750	-1.628754	-105.563236
42	0.245294	750	-1.650570	-107.213807
43	0.234677	750	-1.659375	-108.873182
44	0.224340	750	-1.646543	-110.519724
45	0.214281	750	-1.557966	-112.077690
46	0.204498	750	-1.496942	-113.574632
47	0.194988	750	-1.488931	-115.063563
48	0.185749	750	-1.434272	-116.497836
49	0.176777	750	-1.460999	-117.958834
50	0.168070	750	-1.480855	-119.439689
51	0.159626	750	-1.355501	-120.795190
52	0.151441	750	-1.270866	-122.066056
53	0.143514	750	-1.307255	-123.373311
54	0.135841	750	-1.249176	-124.622487
55	0.128420	750	-1.275363	-125.897850
56	0.121247	750	-1.202040	-127.099890
57	0.114320	750	-1.217774	-128.317664
58	0.107637	750	-1.134665	-129.452329
59	0.101193	750	-1.095930	-130.548259
60	0.094986	750	-1.078589	-131.626848
61	0.089014	750	-1.022750	-132.649598
62	0.083273	750	-1.038568	-133.688166
63	0.077760	750	-0.951874	-134.640040
64	0.072472	750	-0.918653	-135.558693
65	0.067406	750	-0.911591	-136.470283
66	0.062558	750	-0.850121	-137.320404
67	0.057926	750	-0.810051	-138.130455
68	0.053506	750	-0.798314	-138.928769
69	0.049295	750	-0.776604	-139.705373
70	0.045289	750	-0.725704	-140.431078
71	0.041485	750	-0.712098	-141.143175
72	0.037880	750	-0.669805	-141.812980
73	0.034469	750	-0.645944	-142.458924
74	0.031250	750	-0.612637	-143.071561
75	0.028218	750	-0.583670	-143.655231
76	0.025370	750	-0.549126	-144.204357
77	0.022702	750	-0.516056	-144.720413
78	0.020209	750	-0.498695	-145.219108
79	0.017889	750	-0.454267	-145.673375
80	0.015736	750	-0.439446	-146.112821
81	0.013746	750	-0.403435	-146.516255
82	0.011916	750	-0.379739	-146.895995
83	0.010240	750	-0.377229	-147.273224
84	0.008714	750	-0.340073	-147.613297
85	0.007334	750	-0.321666	-147.934963
86	0.006093	750	-0.300963	-148.235925
87	0.004988	750	-0.264903	-148.500828
88	0.004013	750	-0.225830	-148.726658
89	0.003162	750	-0.184511	-148.911169
90	0.002430	750	-0.197836	-149.109005
91	0.001810	750	-0.150025	-149.259030
92	0.001296	750	-0.130505	-149.389535
93	0.000882	750	-0.099226	-149.488761
94	0.000559	750	-0.087906	-149.576668
95	0.000320	750	-0.061637	-149.638305
96	0.000156	750	-0.047781	-149.686086
97	0.000057	750	-0.025231	-149.711317
98	0.000010	750	-0.013242	-149.724560
99	0.000000	750	-0.002785	-149.727345
Log marginal likelihood:	-149.727345
0	0.975187	750	-3.231468	-3.231468
1	0.950747	750	-3.193173	-6.424641
2	0.926679	750	-3.139289	-9.563930
3	0.902980	750	-3.105413	-12.669344
4	0.879648	750	-3.061033	-15.730377
5	0.856682	750	-2.991123	-18.721500
6	0.834079	750	-2.959528	-21.681027
7	0.811838	750	-2.908502	-24.589529
8	0.789957	750	-2.879220	-27.468749
9	0.768433	750	-2.827439	-30.296188
10	0.747266	750	-2.774422	-33.070610
11	0.726452	750	-2.720952	-35.791562
12	0.705989	750	-2.698333	-38.489895
13	0.685877	750	-2.650276	-41.140171
14	0.666112	750	-2.617620	-43.757791
15	0.646693	750	-2.573736	-46.331526
16	0.627618	750	-2.520398	-48.851925
17	0.608884	750	-2.461687	-51.313611
18	0.590490	750	-2.451849	-53.765461
19	0.572433	750	-2.386190	-56.151651
20	0.554712	750	-2.335285	-58.486936
21	0.537324	750	-2.305006	-60.791942
22	0.520268	750	-2.278427	-63.070369
23	0.503540	750	-2.228637	-65.299007
24	0.487139	750	-2.215927	-67.514933
25	0.471063	750	-2.136964	-69.651897
26	0.455310	750	-2.104354	-71.756251
27	0.439877	750	-2.088147	-73.844398
28	0.424762	750	-2.133630	-75.978028
29	0.409963	750	-2.064252	-78.042280
30	0.395478	750	-1.933434	-79.975714
31	0.381305	750	-1.918432	-81.894146
32	0.367440	750	-1.893784	-83.787930
33	0.353883	750	-1.819507	-85.607437
34	0.340630	750	-1.875742	-87.483179
35	0.327680	750	-1.858805	-89.341984
36	0.315030	750	-1.776318	-91.118302
37	0.302677	750	-1.690977	-92.809279
38	0.290619	750	-1.790652	-94.599931
39	0.278855	750	-1.657215	-96.257146
40	0.267381	750	-1.701499	-97.958645
41	0.256195	750	-1.661282	-99.619927
42	0.245294	750	-1.734124	-101.354051
43	0.234677	750	-1.669730	-103.023781
44	0.224340	750	-1.669471	-104.693252
45	0.214281	750	-1.519832	-106.213083
46	0.204498	750	-1.476149	-107.689232
47	0.194988	750	-1.425782	-109.115015
48	0.185749	750	-1.476864	-110.591879
49	0.176777	750	-1.427203	-112.019082
50	0.168070	750	-1.501528	-113.520611
51	0.159626	750	-1.415418	-114.936028
52	0.151441	750	-1.413276	-116.349304
53	0.143514	750	-1.410302	-117.759606
54	0.135841	750	-1.259704	-119.019310
55	0.128420	750	-1.249287	-120.268597
56	0.121247	750	-1.187490	-121.456087
57	0.114320	750	-1.192917	-122.649004
58	0.107637	750	-1.166415	-123.815419
59	0.101193	750	-1.157936	-124.973355
60	0.094986	750	-1.115316	-126.088671
61	0.089014	750	-1.052851	-127.141522
62	0.083273	750	-1.013933	-128.155455
63	0.077760	750	-1.007523	-129.162978
64	0.072472	750	-0.959321	-130.122299
65	0.067406	750	-0.926206	-131.048504
66	0.062558	750	-0.892171	-131.940675
67	0.057926	750	-0.827674	-132.768349
68	0.053506	750	-0.814290	-133.582639
69	0.049295	750	-0.775730	-134.358369
70	0.045289	750	-0.769992	-135.128362
71	0.041485	750	-0.722619	-135.850981
72	0.037880	750	-0.691403	-136.542383
73	0.034469	750	-0.669119	-137.211502
74	0.031250	750	-0.631518	-137.843020
75	0.028218	750	-0.591525	-138.434545
76	0.025370	750	-0.553642	-138.988187
77	0.022702	750	-0.541402	-139.529589
78	0.020209	750	-0.504986	-140.034575
79	0.017889	750	-0.480341	-140.514916
80	0.015736	750	-0.452503	-140.967419
81	0.013746	750	-0.413897	-141.381316
82	0.011916	750	-0.389348	-141.770665
83	0.010240	750	-0.381016	-142.151681
84	0.008714	750	-0.334592	-142.486273
85	0.007334	750	-0.327482	-142.813754
86	0.006093	750	-0.284205	-143.097960
87	0.004988	750	-0.260574	-143.358534
88	0.004013	750	-0.235131	-143.593664
89	0.003162	750	-0.230136	-143.823800
90	0.002430	750	-0.184857	-144.008657
91	0.001810	750	-0.155073	-144.163730
92	0.001296	750	-0.124244	-144.287974
93	0.000882	750	-0.107166	-144.395140
94	0.000559	750	-0.083323	-144.478464
95	0.000320	750	-0.058736	-144.537200
96	0.000156	750	-0.043082	-144.580282
97	0.000057	750	-0.026472	-144.606754
98	0.000010	750	-0.012947	-144.619701
99	0.000000	750	-0.002422	-144.622122
Log marginal likelihood:	-144.622122
0	0.975187	750	-3.658258	-3.658258
1	0.950747	750	-3.625135	-7.283394
2	0.926679	750	-3.557490	-10.840884
3	0.902980	750	-3.500775	-14.341659
4	0.879648	750	-3.495580	-17.837239
5	0.856682	750	-3.468393	-21.305632
6	0.834079	750	-3.352065	-24.657697
7	0.811838	750	-3.333227	-27.990925
8	0.789957	750	-3.279495	-31.270420
9	0.768433	750	-3.217145	-34.487565
10	0.747266	750	-3.138789	-37.626354
11	0.726452	750	-3.119337	-40.745691
12	0.705989	750	-3.083487	-43.829177
13	0.685877	750	-2.993859	-46.823036
14	0.666112	750	-2.994505	-49.817542
15	0.646693	750	-2.943653	-52.761195
16	0.627618	750	-2.866927	-55.628122
17	0.608884	750	-2.817903	-58.446026
18	0.590490	750	-2.762078	-61.208103
19	0.572433	750	-2.713721	-63.921824
20	0.554712	750	-2.674951	-66.596775
21	0.537324	750	-2.627205	-69.223980
22	0.520268	750	-2.580256	-71.804236
23	0.503540	750	-2.531668	-74.335904
24	0.487139	750	-2.509345	-76.845249
25	0.471063	750	-2.478448	-79.323697
26	0.455310	750	-2.435588	-81.759285
27	0.439877	750	-2.397294	-84.156579
28	0.424762	750	-2.324848	-86.481427
29	0.409963	750	-2.279101	-88.760528
30	0.395478	750	-2.232623	-90.993151
31	0.381305	750	-2.165642	-93.158793
32	0.367440	750	-2.163934	-95.322728
33	0.353883	750	-2.106457	-97.429184
34	0.340630	750	-2.060239	-99.489423
35	0.327680	750	-2.010198	-101.499621
36	0.315030	750	-1.977825	-103.477447
37	0.302677	750	-1.916674	-105.394120
38	0.290619	750	-1.876922	-107.271042
39	0.278855	750	-2.060862	-109.331904
40	0.267381	750	-1.813838	-111.145743
41	0.256195	750	-1.895825	-113.041568
42	0.245294	750	-1.732786	-114.774354
43	0.234677	750	-1.665662	-116.440016
44	0.224340	750	-1.779097	-118.219112
45	0.214281	750	-1.578814	-119.797926
46	0.204498	750	-1.641918	-121.439844
47	0.194988	750	-1.558051	-122.997895
48	0.185749	750	-1.600307	-124.598202
49	0.176777	750	-1.549007	-126.147208
50	0.168070	750	-1.442837	-127.590045
51	0.159626	750	-1.424597	-129.014642
52	0.151441	750	-1.448169	-130.462811
53	0.143514	750	-1.396500	-131.859311
54	0.135841	750	-1.331368	-133.190679
55	0.128420	750	-1.338044	-134.528723
56	0.121247	750	-1.289029	-135.817753
57	0.114320	750	-1.220912	-137.038665
58	0.107637	750	-1.178125	-138.216790
59	0.101193	750	-1.104979	-139.321769
60	0.094986	750	-1.141933	-140.463702
61	0.089014	750	-1.051580	-141.515282
62	0.083273	750	-1.029682	-142.544964
63	0.077760	750	-0.947572	-143.492536
64	0.072472	750	-0.943689	-144.436225
65	0.067406	750	-0.927458	-145.363683
66	0.062558	750	-0.901759	-146.265442
67	0.057926	750	-0.860015	-147.125457
68	0.053506	750	-0.828109	-147.953566
69	0.049295	750	-0.788908	-148.742474
70	0.045289	750	-0.761792	-149.504266
71	0.041485	750	-0.733928	-150.238194
72	0.037880	750	-0.718917	-150.957111
73	0.034469	750	-0.669450	-151.626561
74	0.031250	750	-0.630219	-152.256780
75	0.028218	750	-0.591489	-152.848269
76	0.025370	750	-0.561405	-153.409673
77	0.022702	750	-0.531563	-153.941236
78	0.020209	750	-0.501855	-154.443092
79	0.017889	750	-0.467444	-154.910535
80	0.015736	750	-0.449051	-155.359586
81	0.013746	750	-0.423192	-155.782779
82	0.011916	750	-0.381204	-156.163983
83	0.010240	750	-0.373708	-156.537691
84	0.008714	750	-0.341530	-156.879221
85	0.007334	750	-0.315894	-157.195115
86	0.006093	750	-0.282231	-157.477346
87	0.004988	750	-0.262918	-157.740264
88	0.004013	750	-0.237610	-157.977874
89	0.003162	750	-0.225256	-158.203129
90	0.002430	750	-0.182353	-158.385482
91	0.001810	750	-0.163064	-158.548546
92	0.001296	750	-0.128363	-158.676909
93	0.000882	750	-0.108572	-158.785481
94	0.000559	750	-0.091447	-158.876928
95	0.000320	750	-0.062276	-158.939205
96	0.000156	750	-0.044612	-158.983816
97	0.000057	750	-0.024415	-159.008231
98	0.000010	750	-0.012444	-159.020675
99	0.000000	750	-0.002654	-159.023329
Log marginal likelihood:	-159.023329
0	0.975187	750	-3.091804	-3.091804
1	0.950747	750	-3.041913	-6.133718
2	0.926679	750	-3.002089	-9.135807
3	0.902980	750	-2.949093	-12.084899
4	0.879648	750	-2.909381	-14.994280
5	0.856682	750	-2.868479	-17.862759
6	0.834079	750	-2.828709	-20.691468
7	0.811838	750	-2.792752	-23.484220
8	0.789957	750	-2.737858	-26.222078
9	0.768433	750	-2.684978	-28.907056
10	0.747266	750	-2.647321	-31.554377
11	0.726452	750	-2.616288	-34.170664
12	0.705989	750	-2.564201	-36.734865
13	0.685877	750	-2.521264	-39.256130
14	0.666112	750	-2.486454	-41.742584
15	0.646693	750	-2.440379	-44.182963
16	0.627618	750	-2.404832	-46.587795
17	0.608884	750	-2.379862	-48.967657
18	0.590490	750	-2.346875	-51.314532
19	0.572433	750	-2.267650	-53.582182
20	0.554712	750	-2.261841	-55.844023
21	0.537324	750	-2.205995	-58.050018
22	0.520268	750	-2.163383	-60.213400
23	0.503540	750	-2.137325	-62.350725
24	0.487139	750	-2.102879	-64.453604
25	0.471063	750	-2.056876	-66.510480
26	0.455310	750	-2.034497	-68.544977
27	0.439877	750	-1.992851	-70.537828
28	0.424762	750	-1.946173	-72.484001
29	0.409963	750	-1.925908	-74.409909
30	0.395478	750	-1.880391	-76.290300
31	0.381305	750	-1.863773	-78.154073
32	0.367440	750	-1.794554	-79.948628
33	0.353883	750	-1.818465	-81.767093
34	0.340630	750	-1.748642	-83.515734
35	0.327680	750	-1.767151	-85.282886
36	0.315030	750	-1.658987	-86.941872
37	0.302677	750	-1.655734	-88.597606
38	0.290619	750	-1.631483	-90.229090
39	0.278855	750	-1.549875	-91.778964
40	0.267381	750	-1.622667	-93.401632
41	0.256195	750	-1.544450	-94.946082
42	0.245294	750	-1.462845	-96.408927
43	0.234677	750	-1.512261	-97.921187
44	0.224340	750	-1.509344	-99.430531
45	0.214281	750	-1.426267	-100.856798
46	0.204498	750	-1.293773	-102.150571
47	0.194988	750	-1.360749	-103.511319
48	0.185749	750	-1.307767	-104.819086
49	0.176777	750	-1.285154	-106.104241
50	0.168070	750	-1.292909	-107.397150
51	0.159626	750	-1.211200	-108.608350
52	0.151441	750	-1.189468	-109.797817
53	0.143514	750	-1.162832	-110.960650
54	0.135841	750	-1.194075	-112.154725
55	0.128420	750	-1.175362	-113.330086
56	0.121247	750	-1.149158	-114.479244
57	0.114320	750	-1.143233	-115.622477
58	0.107637	750	-1.084236	-116.706714
59	0.101193	750	-1.028005	-117.734719
60	0.094986	750	-1.038921	-118.773640
61	0.089014	750	-0.977444	-119.751084
62	0.083273	750	-0.939778	-120.690862
63	0.077760	750	-0.950193	-121.641055
64	0.072472	750	-0.922005	-122.563060
65	0.067406	750	-0.918079	-123.481139
66	0.062558	750	-0.858525	-124.339664
67	0.057926	750	-0.793821	-125.133485
68	0.053506	750	-0.803756	-125.937241
69	0.049295	750	-0.766491	-126.703732
70	0.045289	750	-0.746087	-127.449819
71	0.041485	750	-0.699833	-128.149652
72	0.037880	750	-0.669102	-128.818754
73	0.034469	750	-0.642674	-129.461429
74	0.031250	750	-0.612615	-130.074044
75	0.028218	750	-0.590969	-130.665012
76	0.025370	750	-0.543143	-131.208155
77	0.022702	750	-0.509736	-131.717891
78	0.020209	750	-0.486808	-132.204700
79	0.017889	750	-0.471610	-132.676310
80	0.015736	750	-0.450152	-133.126462
81	0.013746	750	-0.423208	-133.549670
82	0.011916	750	-0.408053	-133.957723
83	0.010240	750	-0.374726	-134.332448
84	0.008714	750	-0.346115	-134.678563
85	0.007334	750	-0.306596	-134.985159
86	0.006093	750	-0.287810	-135.272969
87	0.004988	750	-0.237074	-135.510043
88	0.004013	750	-0.218403	-135.728446
89	0.003162	750	-0.208602	-135.937048
90	0.002430	750	-0.179694	-136.116742
91	0.001810	750	-0.145418	-136.262160
92	0.001296	750	-0.128318	-136.390478
93	0.000882	750	-0.107710	-136.498188
94	0.000559	750	-0.078986	-136.577174
95	0.000320	750	-0.068078	-136.645252
96	0.000156	750	-0.040261	-136.685512
97	0.000057	750	-0.026781	-136.712293
98	0.000010	750	-0.011775	-136.724068
99	0.000000	750	-0.002690	-136.726758
Log marginal likelihood:	-136.726758
0	0.975187	750	-3.464318	-3.464318
1	0.950747	750	-3.417565	-6.881883
2	0.926679	750	-3.370422	-10.252305
3	0.902980	750	-3.310816	-13.563120
4	0.879648	750	-3.277179	-16.840299
5	0.856682	750	-3.207804	-20.048103
6	0.834079	750	-3.161001	-23.209104
7	0.811838	750	-3.119049	-26.328153
8	0.789957	750	-3.076028	-29.404181
9	0.768433	750	-3.022634	-32.426815
10	0.747266	750	-2.969444	-35.396260
11	0.726452	750	-2.929152	-38.325412
12	0.705989	750	-2.873263	-41.198675
13	0.685877	750	-2.832945	-44.031620
14	0.666112	750	-2.772487	-46.804107
15	0.646693	750	-2.750338	-49.554445
16	0.627618	750	-2.689431	-52.243876
17	0.608884	750	-2.651987	-54.895863
18	0.590490	750	-2.615208	-57.511071
19	0.572433	750	-2.572876	-60.083947
20	0.554712	750	-2.505716	-62.589663
21	0.537324	750	-2.463146	-65.052809
22	0.520268	750	-2.415786	-67.468595
23	0.503540	750	-2.384209	-69.852804
24	0.487139	750	-2.389546	-72.242350
25	0.471063	750	-2.337355	-74.579705
26	0.455310	750	-2.253285	-76.832989
27	0.439877	750	-2.213864	-79.046854
28	0.424762	750	-2.217136	-81.263990
29	0.409963	750	-2.147804	-83.411794
30	0.395478	750	-2.064915	-85.476709
31	0.381305	750	-2.090919	-87.567627
32	0.367440	750	-2.025004	-89.592632
33	0.353883	750	-1.948276	-91.540908
34	0.340630	750	-1.925150	-93.466057
35	0.327680	750	-2.035002	-95.501059
36	0.315030	750	-1.909562	-97.410621
37	0.302677	750	-1.954933	-99.365555
38	0.290619	750	-1.788614	-101.154169
39	0.278855	750	-1.999261	-103.153430
40	0.267381	750	-1.811901	-104.965331
41	0.256195	750	-1.718320	-106.683651
42	0.245294	750	-1.757343	-108.440994
43	0.234677	750	-1.720782	-110.161777
44	0.224340	750	-1.624384	-111.786161
45	0.214281	750	-1.761699	-113.547860
46	0.204498	750	-1.648431	-115.196290
47	0.194988	750	-1.554286	-116.750577
48	0.185749	750	-1.577634	-118.328210
49	0.176777	750	-1.578842	-119.907052
50	0.168070	750	-1.541823	-121.448875
51	0.159626	750	-1.502651	-122.951526
52	0.151441	750	-1.395941	-124.347467
53	0.143514	750	-1.289234	-125.636701
54	0.135841	750	-1.289147	-126.925848
55	0.128420	750	-1.309904	-128.235752
56	0.121247	750	-1.282282	-129.518034
57	0.114320	750	-1.278684	-130.796718
58	0.107637	750	-1.236834	-132.033552
59	0.101193	750	-1.181636	-133.215188
60	0.094986	750	-1.115594	-134.330782
61	0.089014	750	-1.090922	-135.421705
62	0.083273	750	-1.057074	-136.478778
63	0.077760	750	-1.007599	-137.486377
64	0.072472	750	-0.985877	-138.472254
65	0.067406	750	-0.947058	-139.419312
66	0.062558	750	-0.897114	-140.316425
67	0.057926	750	-0.853848	-141.170273
68	0.053506	750	-0.842352	-142.012625
69	0.049295	750	-0.781104	-142.793729
70	0.045289	750	-0.766125	-143.559854
71	0.041485	750	-0.735309	-144.295163
72	0.037880	750	-0.692717	-144.987880
73	0.034469	750	-0.662626	-145.650505
74	0.031250	750	-0.627112	-146.277617
75	0.028218	750	-0.592213	-146.869830
76	0.025370	750	-0.576224	-147.446054
77	0.022702	750	-0.531197	-147.977251
78	0.020209	750	-0.510629	-148.487880
79	0.017889	750	-0.485872	-148.973752
80	0.015736	750	-0.456813	-149.430565
81	0.013746	750	-0.425925	-149.856490
82	0.011916	750	-0.389335	-150.245825
83	0.010240	750	-0.365512	-150.611337
84	0.008714	750	-0.345208	-150.956545
85	0.007334	750	-0.311115	-151.267660
86	0.006093	750	-0.297410	-151.565070
87	0.004988	750	-0.285575	-151.850645
88	0.004013	750	-0.259648	-152.110292
89	0.003162	750	-0.213558	-152.323850
90	0.002430	750	-0.180322	-152.504172
91	0.001810	750	-0.161274	-152.665446
92	0.001296	750	-0.126891	-152.792337
93	0.000882	750	-0.098583	-152.890920
94	0.000559	750	-0.085411	-152.976331
95	0.000320	750	-0.067317	-153.043648
96	0.000156	750	-0.045342	-153.088990
97	0.000057	750	-0.028357	-153.117347
98	0.000010	750	-0.012682	-153.130029
99	0.000000	750	-0.002811	-153.132840
Log marginal likelihood:	-153.132840
0	0.975187	750	-3.323086	-3.323086
1	0.950747	750	-3.256378	-6.579464
2	0.926679	750	-3.223489	-9.802953
3	0.902980	750	-3.181081	-12.984034
4	0.879648	750	-3.117973	-16.102008
5	0.856682	750	-3.074658	-19.176666
6	0.834079	750	-3.016050	-22.192715
7	0.811838	750	-2.976900	-25.169615
8	0.789957	750	-2.933455	-28.103070
9	0.768433	750	-2.903641	-31.006711
10	0.747266	750	-2.851444	-33.858155
11	0.726452	750	-2.809266	-36.667421
12	0.705989	750	-2.764621	-39.432042
13	0.685877	750	-2.710027	-42.142069
14	0.666112	750	-2.667575	-44.809644
15	0.646693	750	-2.628619	-47.438263
16	0.627618	750	-2.563169	-50.001432
17	0.608884	750	-2.538556	-52.539988
18	0.590490	750	-2.475374	-55.015362
19	0.572433	750	-2.449440	-57.464802
20	0.554712	750	-2.394718	-59.859520
21	0.537324	750	-2.355618	-62.215138
22	0.520268	750	-2.357417	-64.572555
23	0.503540	750	-2.329913	-66.902468
24	0.487139	750	-2.239255	-69.141723
25	0.471063	750	-2.205825	-71.347548
26	0.455310	750	-2.168093	-73.515641
27	0.439877	750	-2.106236	-75.621877
28	0.424762	750	-2.154721	-77.776598
29	0.409963	750	-2.062873	-79.839471
30	0.395478	750	-2.008988	-81.848459
31	0.381305	750	-2.100755	-83.949214
32	0.367440	750	-1.937171	-85.886385
33	0.353883	750	-1.917816	-87.804201
34	0.340630	750	-1.909270	-89.713471
35	0.327680	750	-1.854823	-91.568294
36	0.315030	750	-1.851075	-93.419369
37	0.302677	750	-1.786078	-95.205447
38	0.290619	750	-1.726339	-96.931786
39	0.278855	750	-1.679056	-98.610842
40	0.267381	750	-1.648163	-100.259005
41	0.256195	750	-1.696688	-101.955693
42	0.245294	750	-1.627313	-103.583006
43	0.234677	750	-1.602715	-105.185722
44	0.224340	750	-1.551020	-106.736742
45	0.214281	750	-1.481764	-108.218505
46	0.204498	750	-1.545709	-109.764215
47	0.194988	750	-1.559377	-111.323592
48	0.185749	750	-1.460643	-112.784235
49	0.176777	750	-1.401987	-114.186222
50	0.168070	750	-1.443772	-115.629994
51	0.159626	750	-1.451121	-117.081115
52	0.151441	750	-1.326271	-118.407386
53	0.143514	750	-1.345335	-119.752721
54	0.135841	750	-1.280111	-121.032833
55	0.128420	750	-1.310274	-122.343106
56	0.121247	750	-1.226555	-123.569661
57	0.114320	750	-1.238811	-124.808472
58	0.107637	750	-1.134270	-125.942742
59	0.101193	750	-1.136140	-127.078882
60	0.094986	750	-1.019155	-128.098037
61	0.089014	750	-1.075239	-129.173276
62	0.083273	750	-1.041304	-130.214580
63	0.077760	750	-0.991674	-131.206254
64	0.072472	750	-0.944081	-132.150335
65	0.067406	750	-0.903516	-133.053851
66	0.062558	750	-0.881874	-133.935725
67	0.057926	750	-0.847812	-134.783537
68	0.053506	750	-0.810434	-135.593971
69	0.049295	750	-0.787451	-136.381422
70	0.045289	750	-0.738589	-137.120011
71	0.041485	750	-0.709225	-137.829236
72	0.037880	750	-0.693525	-138.522761
73	0.034469	750	-0.654386	-139.177146
74	0.031250	750	-0.633289	-139.810435
75	0.028218	750	-0.577870	-140.388305
76	0.025370	750	-0.556260	-140.944566
77	0.022702	750	-0.529684	-141.474250
78	0.020209	750	-0.499955	-141.974204
79	0.017889	750	-0.481250	-142.455454
80	0.015736	750	-0.467517	-142.922971
81	0.013746	750	-0.417960	-143.340931
82	0.011916	750	-0.380906	-143.721837
83	0.010240	750	-0.375799	-144.097637
84	0.008714	750	-0.322342	-144.419979
85	0.007334	750	-0.326586	-144.746565
86	0.006093	750	-0.281111	-145.027676
87	0.004988	750	-0.260175	-145.287851
88	0.004013	750	-0.217383	-145.505234
89	0.003162	750	-0.202501	-145.707735
90	0.002430	750	-0.196476	-145.904211
91	0.001810	750	-0.156082	-146.060293
92	0.001296	750	-0.132882	-146.193174
93	0.000882	750	-0.108309	-146.301483
94	0.000559	750	-0.094438	-146.395921
95	0.000320	750	-0.060651	-146.456572
96	0.000156	750	-0.045233	-146.501805
97	0.000057	750	-0.024688	-146.526493
98	0.000010	750	-0.012342	-146.538835
99	0.000000	750	-0.003196	-146.542031
Log marginal likelihood:	-146.542031
0	0.975187	750	-3.426835	-3.426835
1	0.950747	750	-3.421437	-6.848272
2	0.926679	750	-3.323917	-10.172189
3	0.902980	750	-3.408335	-13.580524
4	0.879648	750	-3.226713	-16.807237
5	0.856682	750	-3.188970	-19.996207
6	0.834079	750	-3.152669	-23.148876
7	0.811838	750	-3.146680	-26.295556
8	0.789957	750	-3.087053	-29.382610
9	0.768433	750	-3.000978	-32.383588
10	0.747266	750	-2.963349	-35.346937
11	0.726452	750	-2.916873	-38.263809
12	0.705989	750	-2.882856	-41.146665
13	0.685877	750	-2.827037	-43.973701
14	0.666112	750	-2.759584	-46.733285
15	0.646693	750	-2.773034	-49.506319
16	0.627618	750	-2.662158	-52.168477
17	0.608884	750	-2.688735	-54.857212
18	0.590490	750	-2.615345	-57.472557
19	0.572433	750	-2.635773	-60.108330
20	0.554712	750	-2.519034	-62.627364
21	0.537324	750	-2.513710	-65.141074
22	0.520268	750	-2.510620	-67.651694
23	0.503540	750	-2.433081	-70.084775
24	0.487139	750	-2.324614	-72.409389
25	0.471063	750	-2.314299	-74.723688
26	0.455310	750	-2.341387	-77.065075
27	0.439877	750	-2.218275	-79.283350
28	0.424762	750	-2.212766	-81.496116
29	0.409963	750	-2.151800	-83.647916
30	0.395478	750	-2.158341	-85.806257
31	0.381305	750	-2.124532	-87.930789
32	0.367440	750	-2.055111	-89.985899
33	0.353883	750	-2.025584	-92.011484
34	0.340630	750	-2.039672	-94.051155
35	0.327680	750	-1.938794	-95.989949
36	0.315030	750	-1.906627	-97.896576
37	0.302677	750	-1.890383	-99.786959
38	0.290619	750	-1.812783	-101.599741
39	0.278855	750	-1.771134	-103.370875
40	0.267381	750	-1.741773	-105.112648
41	0.256195	750	-1.732784	-106.845432
42	0.245294	750	-1.724722	-108.570154
43	0.234677	750	-1.678610	-110.248763
44	0.224340	750	-1.599408	-111.848172
45	0.214281	750	-1.625972	-113.474143
46	0.204498	750	-1.564249	-115.038392
47	0.194988	750	-1.603627	-116.642019
48	0.185749	750	-1.520931	-118.162950
49	0.176777	750	-1.549905	-119.712854
50	0.168070	750	-1.451893	-121.164747
51	0.159626	750	-1.485752	-122.650499
52	0.151441	750	-1.394754	-124.045253
53	0.143514	750	-1.328139	-125.373393
54	0.135841	750	-1.376185	-126.749578
55	0.128420	750	-1.363607	-128.113185
56	0.121247	750	-1.205462	-129.318647
57	0.114320	750	-1.192975	-130.511622
58	0.107637	750	-1.170073	-131.681695
59	0.101193	750	-1.153376	-132.835072
60	0.094986	750	-1.108828	-133.943900
61	0.089014	750	-1.008971	-134.952871
62	0.083273	750	-1.049410	-136.002281
63	0.077760	750	-1.008305	-137.010587
64	0.072472	750	-0.981058	-137.991645
65	0.067406	750	-0.950818	-138.942463
66	0.062558	750	-0.908392	-139.850855
67	0.057926	750	-0.867789	-140.718644
68	0.053506	750	-0.831951	-141.550595
69	0.049295	750	-0.785835	-142.336431
70	0.045289	750	-0.769292	-143.105722
71	0.041485	750	-0.749754	-143.855476
72	0.037880	750	-0.696768	-144.552244
73	0.034469	750	-0.656427	-145.208671
74	0.031250	750	-0.633311	-145.841982
75	0.028218	750	-0.616690	-146.458672
76	0.025370	750	-0.568889	-147.027561
77	0.022702	750	-0.558642	-147.586203
78	0.020209	750	-0.530979	-148.117182
79	0.017889	750	-0.492606	-148.609788
80	0.015736	750	-0.453680	-149.063469
81	0.013746	750	-0.428388	-149.491857
82	0.011916	750	-0.395088	-149.886944
83	0.010240	750	-0.394436	-150.281380
84	0.008714	750	-0.345325	-150.626705
85	0.007334	750	-0.327290	-150.953995
86	0.006093	750	-0.286792	-151.240787
87	0.004988	750	-0.313594	-151.554382
88	0.004013	750	-0.242264	-151.796646
89	0.003162	750	-0.213130	-152.009776
90	0.002430	750	-0.177473	-152.187250
91	0.001810	750	-0.174401	-152.361651
92	0.001296	750	-0.127900	-152.489550
93	0.000882	750	-0.105192	-152.594742
94	0.000559	750	-0.089569	-152.684311
95	0.000320	750	-0.068817	-152.753128
96	0.000156	750	-0.042628	-152.795756
97	0.000057	750	-0.024831	-152.820587
98	0.000010	750	-0.012552	-152.833139
99	0.000000	750	-0.002716	-152.835855
Log marginal likelihood:	-152.835855
0	0.975187	750	-3.676949	-3.676949
1	0.950747	750	-3.635758	-7.312707
2	0.926679	750	-3.576303	-10.889011
3	0.902980	750	-3.526010	-14.415020
4	0.879648	750	-3.460631	-17.875651
5	0.856682	750	-3.423444	-21.299095
6	0.834079	750	-3.372208	-24.671303
7	0.811838	750	-3.326734	-27.998036
8	0.789957	750	-3.248112	-31.246148
9	0.768433	750	-3.200986	-34.447135
10	0.747266	750	-3.180002	-37.627136
11	0.726452	750	-3.101993	-40.729129
12	0.705989	750	-3.053744	-43.782873
13	0.685877	750	-3.002139	-46.785012
14	0.666112	750	-2.955348	-49.740360
15	0.646693	750	-2.924818	-52.665178
16	0.627618	750	-2.866015	-55.531193
17	0.608884	750	-2.846662	-58.377855
18	0.590490	750	-2.764018	-61.141873
19	0.572433	750	-2.717469	-63.859342
20	0.554712	750	-2.660776	-66.520118
21	0.537324	750	-2.644376	-69.164493
22	0.520268	750	-2.591744	-71.756238
23	0.503540	750	-2.559504	-74.315741
24	0.487139	750	-2.491532	-76.807274
25	0.471063	750	-2.503609	-79.310883
26	0.455310	750	-2.408539	-81.719422
27	0.439877	750	-2.377011	-84.096433
28	0.424762	750	-2.344738	-86.441170
29	0.409963	750	-2.330783	-88.771954
30	0.395478	750	-2.304622	-91.076576
31	0.381305	750	-2.209545	-93.286121
32	0.367440	750	-2.189888	-95.476009
33	0.353883	750	-2.161396	-97.637405
34	0.340630	750	-2.092602	-99.730007
35	0.327680	750	-2.089558	-101.819565
36	0.315030	750	-2.129979	-103.949544
37	0.302677	750	-1.938686	-105.888230
38	0.290619	750	-1.984846	-107.873076
39	0.278855	750	-1.876271	-109.749347
40	0.267381	750	-1.798249	-111.547595
41	0.256195	750	-1.848472	-113.396067
42	0.245294	750	-1.820947	-115.217014
43	0.234677	750	-1.817034	-117.034048
44	0.224340	750	-1.743467	-118.777515
45	0.214281	750	-1.652578	-120.430092
46	0.204498	750	-1.611568	-122.041660
47	0.194988	750	-1.668763	-123.710423
48	0.185749	750	-1.622769	-125.333192
49	0.176777	750	-1.542700	-126.875892
50	0.168070	750	-1.509471	-128.385363
51	0.159626	750	-1.519641	-129.905004
52	0.151441	750	-1.431005	-131.336009
53	0.143514	750	-1.415291	-132.751300
54	0.135841	750	-1.372043	-134.123343
55	0.128420	750	-1.253004	-135.376347
56	0.121247	750	-1.299353	-136.675700
57	0.114320	750	-1.233781	-137.909482
58	0.107637	750	-1.190514	-139.099995
59	0.101193	750	-1.182713	-140.282709
60	0.094986	750	-1.100462	-141.383171
61	0.089014	750	-1.096845	-142.480016
62	0.083273	750	-1.045278	-143.525293
63	0.077760	750	-1.004888	-144.530182
64	0.072472	750	-0.924433	-145.454614
65	0.067406	750	-0.934581	-146.389196
66	0.062558	750	-0.873809	-147.263004
67	0.057926	750	-0.867054	-148.130058
68	0.053506	750	-0.832118	-148.962176
69	0.049295	750	-0.785179	-149.747354
70	0.045289	750	-0.767356	-150.514710
71	0.041485	750	-0.726072	-151.240782
72	0.037880	750	-0.707171	-151.947952
73	0.034469	750	-0.662630	-152.610582
74	0.031250	750	-0.640904	-153.251487
75	0.028218	750	-0.628068	-153.879555
76	0.025370	750	-0.566847	-154.446402
77	0.022702	750	-0.565490	-155.011892
78	0.020209	750	-0.506055	-155.517947
79	0.017889	750	-0.476794	-155.994741
80	0.015736	750	-0.448464	-156.443205
81	0.013746	750	-0.419868	-156.863073
82	0.011916	750	-0.397177	-157.260250
83	0.010240	750	-0.358898	-157.619148
84	0.008714	750	-0.329708	-157.948856
85	0.007334	750	-0.338932	-158.287788
86	0.006093	750	-0.281990	-158.569777
87	0.004988	750	-0.272378	-158.842155
88	0.004013	750	-0.233709	-159.075864
89	0.003162	750	-0.204754	-159.280618
90	0.002430	750	-0.207779	-159.488397
91	0.001810	750	-0.152478	-159.640875
92	0.001296	750	-0.137067	-159.777942
93	0.000882	750	-0.114281	-159.892223
94	0.000559	750	-0.089463	-159.981686
95	0.000320	750	-0.058821	-160.040506
96	0.000156	750	-0.045510	-160.086017
97	0.000057	750	-0.026593	-160.112609
98	0.000010	750	-0.012970	-160.125579
99	0.000000	750	-0.002744	-160.128323
Log marginal likelihood:	-160.128323
0	0.975187	750	-3.429824	-3.429824
1	0.950747	750	-3.371670	-6.801495
2	0.926679	750	-3.384913	-10.186408
3	0.902980	750	-3.269744	-13.456152
4	0.879648	750	-3.237242	-16.693394
5	0.856682	750	-3.210166	-19.903560
6	0.834079	750	-3.142946	-23.046507
7	0.811838	750	-3.172286	-26.218793
8	0.789957	750	-3.048333	-29.267126
9	0.768433	750	-3.052137	-32.319263
10	0.747266	750	-3.011954	-35.331217
11	0.726452	750	-2.909373	-38.240590
12	0.705989	750	-2.851340	-41.091930
13	0.685877	750	-2.871223	-43.963152
14	0.666112	750	-2.818559	-46.781712
15	0.646693	750	-2.760402	-49.542114
16	0.627618	750	-2.717131	-52.259245
17	0.608884	750	-2.673155	-54.932400
18	0.590490	750	-2.594570	-57.526970
19	0.572433	750	-2.580513	-60.107483
20	0.554712	750	-2.564435	-62.671918
21	0.537324	750	-2.493499	-65.165417
22	0.520268	750	-2.412251	-67.577668
23	0.503540	750	-2.416441	-69.994109
24	0.487139	750	-2.358729	-72.352837
25	0.471063	750	-2.293564	-74.646401
26	0.455310	750	-2.269113	-76.915514
27	0.439877	750	-2.199689	-79.115203
28	0.424762	750	-2.133471	-81.248674
29	0.409963	750	-2.108576	-83.357250
30	0.395478	750	-2.107796	-85.465047
31	0.381305	750	-2.048497	-87.513544
32	0.367440	750	-2.010137	-89.523681
33	0.353883	750	-1.956023	-91.479703
34	0.340630	750	-1.930359	-93.410062
35	0.327680	750	-1.895440	-95.305502
36	0.315030	750	-1.834162	-97.139664
37	0.302677	750	-1.794246	-98.933910
38	0.290619	750	-1.743296	-100.677206
39	0.278855	750	-1.710301	-102.387507
40	0.267381	750	-1.681430	-104.068937
41	0.256195	750	-1.769083	-105.838020
42	0.245294	750	-1.588809	-107.426829
43	0.234677	750	-1.680896	-109.107725
44	0.224340	750	-1.526603	-110.634328
45	0.214281	750	-1.532875	-112.167203
46	0.204498	750	-1.498829	-113.666032
47	0.194988	750	-1.440192	-115.106224
48	0.185749	750	-1.456010	-116.562234
49	0.176777	750	-1.341732	-117.903967
50	0.168070	750	-1.374856	-119.278823
51	0.159626	750	-1.404530	-120.683353
52	0.151441	750	-1.252758	-121.936111
53	0.143514	750	-1.287077	-123.223188
54	0.135841	750	-1.275367	-124.498556
55	0.128420	750	-1.249885	-125.748441
56	0.121247	750	-1.275382	-127.023822
57	0.114320	750	-1.230674	-128.254496
58	0.107637	750	-1.154448	-129.408944
59	0.101193	750	-1.152506	-130.561449
60	0.094986	750	-1.089997	-131.651446
61	0.089014	750	-1.035433	-132.686879
62	0.083273	750	-1.025186	-133.712065
63	0.077760	750	-1.005924	-134.717989
64	0.072472	750	-0.969302	-135.687291
65	0.067406	750	-0.930591	-136.617882
66	0.062558	750	-0.891008	-137.508890
67	0.057926	750	-0.835967	-138.344857
68	0.053506	750	-0.815539	-139.160396
69	0.049295	750	-0.771806	-139.932202
70	0.045289	750	-0.732170	-140.664372
71	0.041485	750	-0.724900	-141.389273
72	0.037880	750	-0.691923	-142.081196
73	0.034469	750	-0.651607	-142.732803
74	0.031250	750	-0.628917	-143.361719
75	0.028218	750	-0.599350	-143.961070
76	0.025370	750	-0.569840	-144.530910
77	0.022702	750	-0.530524	-145.061433
78	0.020209	750	-0.506040	-145.567473
79	0.017889	750	-0.469406	-146.036879
80	0.015736	750	-0.444715	-146.481594
81	0.013746	750	-0.420030	-146.901624
82	0.011916	750	-0.409412	-147.311036
83	0.010240	750	-0.352559	-147.663595
84	0.008714	750	-0.339356	-148.002950
85	0.007334	750	-0.319659	-148.322610
86	0.006093	750	-0.271365	-148.593975
87	0.004988	750	-0.238944	-148.832919
88	0.004013	750	-0.231966	-149.064884
89	0.003162	750	-0.215980	-149.280864
90	0.002430	750	-0.182130	-149.462994
91	0.001810	750	-0.187425	-149.650419
92	0.001296	750	-0.133769	-149.784188
93	0.000882	750	-0.099822	-149.884010
94	0.000559	750	-0.085243	-149.969253
95	0.000320	750	-0.066394	-150.035647
96	0.000156	750	-0.046506	-150.082153
97	0.000057	750	-0.027400	-150.109553
98	0.000010	750	-0.012935	-150.122488
99	0.000000	750	-0.002644	-150.125131
Log marginal likelihood:	-150.125131
0	0.975187	750	-3.351937	-3.351937
1	0.950747	750	-3.297560	-6.649497
2	0.926679	750	-3.268414	-9.917911
3	0.902980	750	-3.205558	-13.123469
4	0.879648	750	-3.159932	-16.283401
5	0.856682	750	-3.101979	-19.385381
6	0.834079	750	-3.064005	-22.449386
7	0.811838	750	-3.020339	-25.469724
8	0.789957	750	-2.968500	-28.438224
9	0.768433	750	-2.920634	-31.358858
10	0.747266	750	-2.871759	-34.230617
11	0.726452	750	-2.829532	-37.060149
12	0.705989	750	-2.780289	-39.840438
13	0.685877	750	-2.722729	-42.563167
14	0.666112	750	-2.677776	-45.240943
15	0.646693	750	-2.645144	-47.886087
16	0.627618	750	-2.611331	-50.497418
17	0.608884	750	-2.556909	-53.054327
18	0.590490	750	-2.512489	-55.566816
19	0.572433	750	-2.466662	-58.033479
20	0.554712	750	-2.442880	-60.476358
21	0.537324	750	-2.397273	-62.873631
22	0.520268	750	-2.336083	-65.209714
23	0.503540	750	-2.290512	-67.500226
24	0.487139	750	-2.262153	-69.762379
25	0.471063	750	-2.215995	-71.978374
26	0.455310	750	-2.197353	-74.175727
27	0.439877	750	-2.149033	-76.324759
28	0.424762	750	-2.148595	-78.473354
29	0.409963	750	-2.099923	-80.573277
30	0.395478	750	-2.009211	-82.582489
31	0.381305	750	-1.972065	-84.554553
32	0.367440	750	-1.925370	-86.479923
33	0.353883	750	-1.985867	-88.465789
34	0.340630	750	-1.971146	-90.436935
35	0.327680	750	-1.820384	-92.257319
36	0.315030	750	-1.889777	-94.147096
37	0.302677	750	-1.838964	-95.986060
38	0.290619	750	-1.907389	-97.893449
39	0.278855	750	-1.814102	-99.707551
40	0.267381	750	-1.724057	-101.431608
41	0.256195	750	-1.703780	-103.135389
42	0.245294	750	-1.686437	-104.821826
43	0.234677	750	-1.674093	-106.495918
44	0.224340	750	-1.607128	-108.103046
45	0.214281	750	-1.689217	-109.792263
46	0.204498	750	-1.656521	-111.448784
47	0.194988	750	-1.599069	-113.047853
48	0.185749	750	-1.451862	-114.499715
49	0.176777	750	-1.565875	-116.065590
50	0.168070	750	-1.497812	-117.563401
51	0.159626	750	-1.383937	-118.947339
52	0.151441	750	-1.461109	-120.408448
53	0.143514	750	-1.356627	-121.765075
54	0.135841	750	-1.367913	-123.132988
55	0.128420	750	-1.339429	-124.472417
56	0.121247	750	-1.286351	-125.758767
57	0.114320	750	-1.236598	-126.995366
58	0.107637	750	-1.181200	-128.176566
59	0.101193	750	-1.150376	-129.326942
60	0.094986	750	-1.076771	-130.403712
61	0.089014	750	-1.081070	-131.484782
62	0.083273	750	-1.037891	-132.522673
63	0.077760	750	-0.992284	-133.514957
64	0.072472	750	-0.964364	-134.479321
65	0.067406	750	-0.933288	-135.412609
66	0.062558	750	-0.907019	-136.319627
67	0.057926	750	-0.854704	-137.174332
68	0.053506	750	-0.824141	-137.998473
69	0.049295	750	-0.792514	-138.790987
70	0.045289	750	-0.760367	-139.551354
71	0.041485	750	-0.734615	-140.285969
72	0.037880	750	-0.684369	-140.970338
73	0.034469	750	-0.671572	-141.641910
74	0.031250	750	-0.634885	-142.276795
75	0.028218	750	-0.597766	-142.874561
76	0.025370	750	-0.594904	-143.469465
77	0.022702	750	-0.537524	-144.006989
78	0.020209	750	-0.501765	-144.508754
79	0.017889	750	-0.483519	-144.992273
80	0.015736	750	-0.451268	-145.443541
81	0.013746	750	-0.437265	-145.880806
82	0.011916	750	-0.396436	-146.277242
83	0.010240	750	-0.368049	-146.645291
84	0.008714	750	-0.337321	-146.982612
85	0.007334	750	-0.311776	-147.294387
86	0.006093	750	-0.291915	-147.586302
87	0.004988	750	-0.255401	-147.841703
88	0.004013	750	-0.239712	-148.081415
89	0.003162	750	-0.235998	-148.317413
90	0.002430	750	-0.180589	-148.498002
91	0.001810	750	-0.155643	-148.653645
92	0.001296	750	-0.119280	-148.772926
93	0.000882	750	-0.123632	-148.896558
94	0.000559	750	-0.087014	-148.983571
95	0.000320	750	-0.064290	-149.047862
96	0.000156	750	-0.047392	-149.095253
97	0.000057	750	-0.036167	-149.131420
98	0.000010	750	-0.013335	-149.144755
99	0.000000	750	-0.002668	-149.147423
Log marginal likelihood:	-149.147423
0	0.975187	750	-3.829361	-3.829361
1	0.950747	750	-3.694848	-7.524208
2	0.926679	750	-3.656104	-11.180313
3	0.902980	750	-3.601602	-14.781915
4	0.879648	750	-3.543747	-18.325662
5	0.856682	750	-3.482810	-21.808472
6	0.834079	750	-3.443789	-25.252261
7	0.811838	750	-3.396936	-28.649197
8	0.789957	750	-3.336706	-31.985903
9	0.768433	750	-3.271274	-35.257178
10	0.747266	750	-3.220281	-38.477459
11	0.726452	750	-3.265273	-41.742732
12	0.705989	750	-3.197049	-44.939781
13	0.685877	750	-3.114772	-48.054554
14	0.666112	750	-2.979539	-51.034093
15	0.646693	750	-3.025183	-54.059276
16	0.627618	750	-3.003145	-57.062420
17	0.608884	750	-2.891811	-59.954231
18	0.590490	750	-2.843432	-62.797663
19	0.572433	750	-2.793250	-65.590913
20	0.554712	750	-2.746257	-68.337170
21	0.537324	750	-2.714377	-71.051547
22	0.520268	750	-2.663055	-73.714601
23	0.503540	750	-2.609084	-76.323685
24	0.487139	750	-2.581078	-78.904763
25	0.471063	750	-2.499511	-81.404274
26	0.455310	750	-2.453800	-83.858075
27	0.439877	750	-2.394116	-86.252191
28	0.424762	750	-2.380066	-88.632257
29	0.409963	750	-2.324133	-90.956390
30	0.395478	750	-2.271957	-93.228347
31	0.381305	750	-2.236724	-95.465071
32	0.367440	750	-2.159217	-97.624288
33	0.353883	750	-2.163606	-99.787894
34	0.340630	750	-2.234023	-102.021917
35	0.327680	750	-2.037028	-104.058945
36	0.315030	750	-2.001972	-106.060916
37	0.302677	750	-2.011156	-108.072072
38	0.290619	750	-2.048791	-110.120863
39	0.278855	750	-1.892455	-112.013318
40	0.267381	750	-2.034363	-114.047681
41	0.256195	750	-1.894480	-115.942161
42	0.245294	750	-1.759907	-117.702069
43	0.234677	750	-1.701532	-119.403601
44	0.224340	750	-1.734550	-121.138151
45	0.214281	750	-1.736237	-122.874388
46	0.204498	750	-1.789299	-124.663687
47	0.194988	750	-1.701064	-126.364751
48	0.185749	750	-1.575736	-127.940487
49	0.176777	750	-1.530480	-129.470967
50	0.168070	750	-1.544465	-131.015432
51	0.159626	750	-1.491902	-132.507335
52	0.151441	750	-1.492013	-133.999348
53	0.143514	750	-1.409331	-135.408679
54	0.135841	750	-1.402409	-136.811088
55	0.128420	750	-1.322811	-138.133898
56	0.121247	750	-1.312540	-139.446439
57	0.114320	750	-1.228200	-140.674639
58	0.107637	750	-1.244101	-141.918741
59	0.101193	750	-1.190895	-143.109636
60	0.094986	750	-1.129357	-144.238993
61	0.089014	750	-1.118137	-145.357129
62	0.083273	750	-1.062791	-146.419920
63	0.077760	750	-1.045334	-147.465254
64	0.072472	750	-0.999500	-148.464755
65	0.067406	750	-0.969001	-149.433755
66	0.062558	750	-0.907143	-150.340899
67	0.057926	750	-0.889991	-151.230889
68	0.053506	750	-0.843126	-152.074016
69	0.049295	750	-0.808491	-152.882507
70	0.045289	750	-0.775581	-153.658088
71	0.041485	750	-0.742550	-154.400638
72	0.037880	750	-0.718870	-155.119508
73	0.034469	750	-0.671139	-155.790647
74	0.031250	750	-0.654937	-156.445585
75	0.028218	750	-0.619140	-157.064724
76	0.025370	750	-0.589965	-157.654689
77	0.022702	750	-0.553366	-158.208056
78	0.020209	750	-0.520289	-158.728344
79	0.017889	750	-0.480780	-159.209124
80	0.015736	750	-0.459630	-159.668754
81	0.013746	750	-0.418703	-160.087456
82	0.011916	750	-0.388641	-160.476098
83	0.010240	750	-0.387327	-160.863424
84	0.008714	750	-0.340842	-161.204266
85	0.007334	750	-0.309873	-161.514139
86	0.006093	750	-0.292032	-161.806171
87	0.004988	750	-0.272478	-162.078649
88	0.004013	750	-0.262021	-162.340669
89	0.003162	750	-0.216457	-162.557126
90	0.002430	750	-0.180064	-162.737190
91	0.001810	750	-0.162161	-162.899350
92	0.001296	750	-0.127692	-163.027042
93	0.000882	750	-0.108173	-163.135215
94	0.000559	750	-0.094962	-163.230178
95	0.000320	750	-0.060974	-163.291151
96	0.000156	750	-0.044311	-163.335462
97	0.000057	750	-0.025912	-163.361375
98	0.000010	750	-0.011985	-163.373360
99	0.000000	750	-0.002890	-163.376250
Log marginal likelihood:	-163.376250
0	0.975187	750	-3.771519	-3.771519
1	0.950747	750	-3.701979	-7.473499
2	0.926679	750	-3.651002	-11.124501
3	0.902980	750	-3.611110	-14.735611
4	0.879648	750	-3.547821	-18.283432
5	0.856682	750	-3.488941	-21.772374
6	0.834079	750	-3.431045	-25.203418
7	0.811838	750	-3.386043	-28.589461
8	0.789957	750	-3.315327	-31.904788
9	0.768433	750	-3.265255	-35.170043
10	0.747266	750	-3.189129	-38.359172
11	0.726452	750	-3.184618	-41.543791
12	0.705989	750	-3.122415	-44.666205
13	0.685877	750	-3.072943	-47.739148
14	0.666112	750	-3.015851	-50.754999
15	0.646693	750	-2.963697	-53.718696
16	0.627618	750	-2.912962	-56.631658
17	0.608884	750	-2.868854	-59.500511
18	0.590490	750	-2.836741	-62.337252
19	0.572433	750	-2.740759	-65.078011
20	0.554712	750	-2.727836	-67.805847
21	0.537324	750	-2.681239	-70.487086
22	0.520268	750	-2.631647	-73.118733
23	0.503540	750	-2.576107	-75.694840
24	0.487139	750	-2.532897	-78.227737
25	0.471063	750	-2.498394	-80.726130
26	0.455310	750	-2.451545	-83.177675
27	0.439877	750	-2.365733	-85.543408
28	0.424762	750	-2.317977	-87.861385
29	0.409963	750	-2.316868	-90.178253
30	0.395478	750	-2.290430	-92.468683
31	0.381305	750	-2.271706	-94.740389
32	0.367440	750	-2.152141	-96.892530
33	0.353883	750	-2.124557	-99.017086
34	0.340630	750	-2.065107	-101.082194
35	0.327680	750	-2.018338	-103.100531
36	0.315030	750	-2.063767	-105.164299
37	0.302677	750	-2.034943	-107.199242
38	0.290619	750	-1.893132	-109.092373
39	0.278855	750	-1.865371	-110.957744
40	0.267381	750	-1.895330	-112.853074
41	0.256195	750	-1.792190	-114.645264
42	0.245294	750	-1.836840	-116.482104
43	0.234677	750	-1.710597	-118.192701
44	0.224340	750	-1.706164	-119.898864
45	0.214281	750	-1.681276	-121.580140
46	0.204498	750	-1.597793	-123.177933
47	0.194988	750	-1.565514	-124.743447
48	0.185749	750	-1.511221	-126.254668
49	0.176777	750	-1.484426	-127.739094
50	0.168070	750	-1.420849	-129.159943
51	0.159626	750	-1.438566	-130.598509
52	0.151441	750	-1.389380	-131.987890
53	0.143514	750	-1.353548	-133.341438
54	0.135841	750	-1.292691	-134.634129
55	0.128420	750	-1.300504	-135.934633
56	0.121247	750	-1.257165	-137.191798
57	0.114320	750	-1.146528	-138.338326
58	0.107637	750	-1.178018	-139.516344
59	0.101193	750	-1.131989	-140.648334
60	0.094986	750	-1.109781	-141.758115
61	0.089014	750	-1.054887	-142.813001
62	0.083273	750	-1.005995	-143.818997
63	0.077760	750	-0.970182	-144.789179
64	0.072472	750	-0.938366	-145.727545
65	0.067406	750	-0.908909	-146.636453
66	0.062558	750	-0.880255	-147.516708
67	0.057926	750	-0.835091	-148.351799
68	0.053506	750	-0.809713	-149.161513
69	0.049295	750	-0.786591	-149.948104
70	0.045289	750	-0.742537	-150.690640
71	0.041485	750	-0.707400	-151.398041
72	0.037880	750	-0.665801	-152.063842
73	0.034469	750	-0.649299	-152.713141
74	0.031250	750	-0.611739	-153.324879
75	0.028218	750	-0.564074	-153.888954
76	0.025370	750	-0.548192	-154.437146
77	0.022702	750	-0.521059	-154.958205
78	0.020209	750	-0.507427	-155.465632
79	0.017889	750	-0.471799	-155.937431
80	0.015736	750	-0.441821	-156.379252
81	0.013746	750	-0.413984	-156.793236
82	0.011916	750	-0.391936	-157.185173
83	0.010240	750	-0.394061	-157.579234
84	0.008714	750	-0.351895	-157.931128
85	0.007334	750	-0.330952	-158.262081
86	0.006093	750	-0.273686	-158.535767
87	0.004988	750	-0.237723	-158.773490
88	0.004013	750	-0.221043	-158.994533
89	0.003162	750	-0.197880	-159.192413
90	0.002430	750	-0.170159	-159.362572
91	0.001810	750	-0.157224	-159.519796
92	0.001296	750	-0.125365	-159.645160
93	0.000882	750	-0.111576	-159.756737
94	0.000559	750	-0.093604	-159.850340
95	0.000320	750	-0.066443	-159.916783
96	0.000156	750	-0.044710	-159.961493
97	0.000057	750	-0.027227	-159.988720
98	0.000010	750	-0.014135	-160.002855
99	0.000000	750	-0.002570	-160.005425
Log marginal likelihood:	-160.005425
0	0.975187	750	-3.509414	-3.509414
1	0.950747	750	-3.467760	-6.977174
2	0.926679	750	-3.410224	-10.387398
3	0.902980	750	-3.355607	-13.743005
4	0.879648	750	-3.299154	-17.042158
5	0.856682	750	-3.258408	-20.300566
6	0.834079	750	-3.228895	-23.529462
7	0.811838	750	-3.142427	-26.671889
8	0.789957	750	-3.094326	-29.766215
9	0.768433	750	-3.083929	-32.850143
10	0.747266	750	-3.038372	-35.888515
11	0.726452	750	-2.965308	-38.853823
12	0.705989	750	-2.967677	-41.821500
13	0.685877	750	-2.918371	-44.739871
14	0.666112	750	-2.811208	-47.551079
15	0.646693	750	-2.783145	-50.334224
16	0.627618	750	-2.748191	-53.082415
17	0.608884	750	-2.730264	-55.812679
18	0.590490	750	-2.633604	-58.446283
19	0.572433	750	-2.573084	-61.019367
20	0.554712	750	-2.560377	-63.579744
21	0.537324	750	-2.521279	-66.101023
22	0.520268	750	-2.468452	-68.569475
23	0.503540	750	-2.441276	-71.010751
24	0.487139	750	-2.400324	-73.411075
25	0.471063	750	-2.427329	-75.838405
26	0.455310	750	-2.298249	-78.136654
27	0.439877	750	-2.282409	-80.419063
28	0.424762	750	-2.241167	-82.660230
29	0.409963	750	-2.154816	-84.815047
30	0.395478	750	-2.198580	-87.013627
31	0.381305	750	-2.081961	-89.095588
32	0.367440	750	-2.092074	-91.187662
33	0.353883	750	-2.015034	-93.202696
34	0.340630	750	-1.970552	-95.173248
35	0.327680	750	-1.945443	-97.118692
36	0.315030	750	-1.878023	-98.996714
37	0.302677	750	-1.908753	-100.905467
38	0.290619	750	-1.800266	-102.705733
39	0.278855	750	-1.829132	-104.534865
40	0.267381	750	-1.732908	-106.267773
41	0.256195	750	-1.688712	-107.956485
42	0.245294	750	-1.755913	-109.712397
43	0.234677	750	-1.731736	-111.444133
44	0.224340	750	-1.657986	-113.102119
45	0.214281	750	-1.665997	-114.768116
46	0.204498	750	-1.622158	-116.390273
47	0.194988	750	-1.575800	-117.966073
48	0.185749	750	-1.529211	-119.495284
49	0.176777	750	-1.426559	-120.921843
50	0.168070	750	-1.395232	-122.317075
51	0.159626	750	-1.447160	-123.764235
52	0.151441	750	-1.316676	-125.080911
53	0.143514	750	-1.303777	-126.384688
54	0.135841	750	-1.304555	-127.689243
55	0.128420	750	-1.264820	-128.954063
56	0.121247	750	-1.221521	-130.175584
57	0.114320	750	-1.198789	-131.374373
58	0.107637	750	-1.183491	-132.557864
59	0.101193	750	-1.140172	-133.698036
60	0.094986	750	-1.080395	-134.778431
61	0.089014	750	-1.077613	-135.856044
62	0.083273	750	-1.027017	-136.883061
63	0.077760	750	-0.990744	-137.873805
64	0.072472	750	-0.939058	-138.812863
65	0.067406	750	-0.919921	-139.732784
66	0.062558	750	-0.876780	-140.609565
67	0.057926	750	-0.840492	-141.450056
68	0.053506	750	-0.814693	-142.264749
69	0.049295	750	-0.766025	-143.030774
70	0.045289	750	-0.727698	-143.758472
71	0.041485	750	-0.701783	-144.460255
72	0.037880	750	-0.666800	-145.127055
73	0.034469	750	-0.638944	-145.766000
74	0.031250	750	-0.621639	-146.387638
75	0.028218	750	-0.581832	-146.969470
76	0.025370	750	-0.562477	-147.531948
77	0.022702	750	-0.520796	-148.052744
78	0.020209	750	-0.513320	-148.566063
79	0.017889	750	-0.482623	-149.048687
80	0.015736	750	-0.457367	-149.506054
81	0.013746	750	-0.411135	-149.917189
82	0.011916	750	-0.367379	-150.284569
83	0.010240	750	-0.357973	-150.642542
84	0.008714	750	-0.333098	-150.975640
85	0.007334	750	-0.339204	-151.314844
86	0.006093	750	-0.281287	-151.596131
87	0.004988	750	-0.256438	-151.852569
88	0.004013	750	-0.239244	-152.091813
89	0.003162	750	-0.213483	-152.305297
90	0.002430	750	-0.171542	-152.476838
91	0.001810	750	-0.153038	-152.629876
92	0.001296	750	-0.117123	-152.746999
93	0.000882	750	-0.108127	-152.855127
94	0.000559	750	-0.079033	-152.934160
95	0.000320	750	-0.081987	-153.016147
96	0.000156	750	-0.047942	-153.064089
97	0.000057	750	-0.027726	-153.091816
98	0.000010	750	-0.011290	-153.103105
99	0.000000	750	-0.002874	-153.105979
Log marginal likelihood:	-153.105979
0	0.975187	750	-3.563599	-3.563599
1	0.950747	750	-3.486840	-7.050439
2	0.926679	750	-3.451905	-10.502344
3	0.902980	750	-3.431419	-13.933762
4	0.879648	750	-3.360192	-17.293954
5	0.856682	750	-3.370602	-20.664556
6	0.834079	750	-3.295514	-23.960070
7	0.811838	750	-3.230997	-27.191068
8	0.789957	750	-3.181846	-30.372913
9	0.768433	750	-3.119384	-33.492297
10	0.747266	750	-3.104701	-36.596998
11	0.726452	750	-3.015642	-39.612640
12	0.705989	750	-2.943700	-42.556340
13	0.685877	750	-2.971633	-45.527974
14	0.666112	750	-2.865994	-48.393968
15	0.646693	750	-2.888659	-51.282627
16	0.627618	750	-2.784531	-54.067158
17	0.608884	750	-2.712289	-56.779447
18	0.590490	750	-2.703917	-59.483364
19	0.572433	750	-2.641796	-62.125160
20	0.554712	750	-2.641024	-64.766185
21	0.537324	750	-2.571831	-67.338015
22	0.520268	750	-2.525862	-69.863878
23	0.503540	750	-2.489258	-72.353136
24	0.487139	750	-2.476537	-74.829673
25	0.471063	750	-2.360745	-77.190418
26	0.455310	750	-2.364347	-79.554765
27	0.439877	750	-2.318826	-81.873591
28	0.424762	750	-2.269233	-84.142825
29	0.409963	750	-2.259121	-86.401946
30	0.395478	750	-2.249150	-88.651096
31	0.381305	750	-2.127016	-90.778112
32	0.367440	750	-2.118971	-92.897083
33	0.353883	750	-2.064192	-94.961275
34	0.340630	750	-2.079976	-97.041251
35	0.327680	750	-1.979118	-99.020369
36	0.315030	750	-1.924459	-100.944828
37	0.302677	750	-1.955043	-102.899871
38	0.290619	750	-1.959964	-104.859835
39	0.278855	750	-1.902383	-106.762218
40	0.267381	750	-1.792227	-108.554444
41	0.256195	750	-1.785873	-110.340318
42	0.245294	750	-1.823695	-112.164013
43	0.234677	750	-1.781384	-113.945397
44	0.224340	750	-1.716084	-115.661481
45	0.214281	750	-1.630149	-117.291630
46	0.204498	750	-1.585713	-118.877342
47	0.194988	750	-1.609900	-120.487243
48	0.185749	750	-1.578930	-122.066173
49	0.176777	750	-1.481320	-123.547493
50	0.168070	750	-1.452056	-124.999549
51	0.159626	750	-1.434261	-126.433809
52	0.151441	750	-1.425586	-127.859396
53	0.143514	750	-1.372376	-129.231772
54	0.135841	750	-1.315884	-130.547656
55	0.128420	750	-1.277991	-131.825647
56	0.121247	750	-1.253136	-133.078783
57	0.114320	750	-1.225656	-134.304439
58	0.107637	750	-1.190343	-135.494782
59	0.101193	750	-1.115918	-136.610699
60	0.094986	750	-1.080695	-137.691394
61	0.089014	750	-1.057189	-138.748583
62	0.083273	750	-1.020473	-139.769056
63	0.077760	750	-0.971344	-140.740401
64	0.072472	750	-0.951230	-141.691631
65	0.067406	750	-0.920907	-142.612538
66	0.062558	750	-0.885173	-143.497711
67	0.057926	750	-0.841096	-144.338807
68	0.053506	750	-0.806240	-145.145047
69	0.049295	750	-0.781563	-145.926610
70	0.045289	750	-0.753824	-146.680434
71	0.041485	750	-0.703251	-147.383685
72	0.037880	750	-0.674358	-148.058043
73	0.034469	750	-0.662366	-148.720409
74	0.031250	750	-0.611296	-149.331705
75	0.028218	750	-0.575940	-149.907645
76	0.025370	750	-0.559323	-150.466968
77	0.022702	750	-0.537491	-151.004459
78	0.020209	750	-0.500068	-151.504527
79	0.017889	750	-0.484486	-151.989013
80	0.015736	750	-0.441478	-152.430491
81	0.013746	750	-0.411118	-152.841609
82	0.011916	750	-0.379441	-153.221050
83	0.010240	750	-0.364226	-153.585276
84	0.008714	750	-0.337317	-153.922593
85	0.007334	750	-0.304417	-154.227010
86	0.006093	750	-0.296133	-154.523143
87	0.004988	750	-0.266802	-154.789945
88	0.004013	750	-0.218745	-155.008690
89	0.003162	750	-0.206821	-155.215511
90	0.002430	750	-0.194974	-155.410484
91	0.001810	750	-0.155135	-155.565620
92	0.001296	750	-0.132368	-155.697988
93	0.000882	750	-0.105912	-155.803900
94	0.000559	750	-0.081858	-155.885758
95	0.000320	750	-0.060159	-155.945917
96	0.000156	750	-0.042078	-155.987995
97	0.000057	750	-0.024140	-156.012134
98	0.000010	750	-0.012331	-156.024465
99	0.000000	750	-0.002866	-156.027332
Log marginal likelihood:	-156.027332
0	0.975187	750	-3.854995	-3.854995
1	0.950747	750	-3.795613	-7.650608
2	0.926679	750	-3.743805	-11.394413
3	0.902980	750	-3.683133	-15.077546
4	0.879648	750	-3.645124	-18.722670
5	0.856682	750	-3.595658	-22.318328
6	0.834079	750	-3.548229	-25.866557
7	0.811838	750	-3.467559	-29.334116
8	0.789957	750	-3.416563	-32.750678
9	0.768433	750	-3.364396	-36.115075
10	0.747266	750	-3.306388	-39.421462
11	0.726452	750	-3.280722	-42.702185
12	0.705989	750	-3.205084	-45.907269
13	0.685877	750	-3.149855	-49.057124
14	0.666112	750	-3.098517	-52.155642
15	0.646693	750	-3.051269	-55.206910
16	0.627618	750	-2.989413	-58.196323
17	0.608884	750	-2.929916	-61.126239
18	0.590490	750	-2.884336	-64.010575
19	0.572433	750	-2.847114	-66.857689
20	0.554712	750	-2.793489	-69.651177
21	0.537324	750	-2.741701	-72.392879
22	0.520268	750	-2.680727	-75.073606
23	0.503540	750	-2.631879	-77.705485
24	0.487139	750	-2.584091	-80.289576
25	0.471063	750	-2.561858	-82.851435
26	0.455310	750	-2.491434	-85.342869
27	0.439877	750	-2.447443	-87.790312
28	0.424762	750	-2.392194	-90.182505
29	0.409963	750	-2.357582	-92.540088
30	0.395478	750	-2.295464	-94.835552
31	0.381305	750	-2.256717	-97.092269
32	0.367440	750	-2.284361	-99.376630
33	0.353883	750	-2.180416	-101.557046
34	0.340630	750	-2.160066	-103.717112
35	0.327680	750	-2.086103	-105.803215
36	0.315030	750	-2.051127	-107.854342
37	0.302677	750	-2.005196	-109.859538
38	0.290619	750	-2.120427	-111.979965
39	0.278855	750	-1.987898	-113.967863
40	0.267381	750	-1.998290	-115.966153
41	0.256195	750	-1.840361	-117.806514
42	0.245294	750	-1.856689	-119.663203
43	0.234677	750	-1.813484	-121.476687
44	0.224340	750	-1.834934	-123.311622
45	0.214281	750	-1.711236	-125.022858
46	0.204498	750	-1.739394	-126.762252
47	0.194988	750	-1.647781	-128.410032
48	0.185749	750	-1.602878	-130.012910
49	0.176777	750	-1.589053	-131.601963
50	0.168070	750	-1.486598	-133.088561
51	0.159626	750	-1.455744	-134.544305
52	0.151441	750	-1.409079	-135.953384
53	0.143514	750	-1.391890	-137.345274
54	0.135841	750	-1.395260	-138.740534
55	0.128420	750	-1.350209	-140.090743
56	0.121247	750	-1.272483	-141.363227
57	0.114320	750	-1.253217	-142.616444
58	0.107637	750	-1.173247	-143.789691
59	0.101193	750	-1.174779	-144.964470
60	0.094986	750	-1.136741	-146.101211
61	0.089014	750	-1.077062	-147.178273
62	0.083273	750	-1.056491	-148.234764
63	0.077760	750	-1.012413	-149.247176
64	0.072472	750	-0.986868	-150.234045
65	0.067406	750	-0.926092	-151.160137
66	0.062558	750	-0.907749	-152.067886
67	0.057926	750	-0.861393	-152.929279
68	0.053506	750	-0.844203	-153.773482
69	0.049295	750	-0.789000	-154.562482
70	0.045289	750	-0.765392	-155.327874
71	0.041485	750	-0.725339	-156.053213
72	0.037880	750	-0.691464	-156.744676
73	0.034469	750	-0.675456	-157.420133
74	0.031250	750	-0.628627	-158.048759
75	0.028218	750	-0.626141	-158.674900
76	0.025370	750	-0.571245	-159.246145
77	0.022702	750	-0.550834	-159.796979
78	0.020209	750	-0.521851	-160.318831
79	0.017889	750	-0.501959	-160.820789
80	0.015736	750	-0.446777	-161.267567
81	0.013746	750	-0.427996	-161.695563
82	0.011916	750	-0.389897	-162.085460
83	0.010240	750	-0.353159	-162.438619
84	0.008714	750	-0.342163	-162.780782
85	0.007334	750	-0.313600	-163.094382
86	0.006093	750	-0.286040	-163.380421
87	0.004988	750	-0.248805	-163.629227
88	0.004013	750	-0.237796	-163.867023
89	0.003162	750	-0.207209	-164.074231
90	0.002430	750	-0.192067	-164.266299
91	0.001810	750	-0.154981	-164.421280
92	0.001296	750	-0.137639	-164.558919
93	0.000882	750	-0.102025	-164.660945
94	0.000559	750	-0.082785	-164.743729
95	0.000320	750	-0.066959	-164.810689
96	0.000156	750	-0.045217	-164.855905
97	0.000057	750	-0.026605	-164.882510
98	0.000010	750	-0.015163	-164.897673
99	0.000000	750	-0.002650	-164.900323
Log marginal likelihood:	-164.900323
