"","PC1","PC2","PC3","PC4","PC5","PC6","PC7","PC8","PC9","PC10","PC11","PC12","PC13","PC14","PC15","PC16","PC17","PC18","PC19","PC20","PC21","PC22","PC23","PC24","PC25","PC26","PC27","PC28","PC29","PC30","PC31","PC32","PC33","PC34","PC35","PC36","PC37","PC38","PC39","PC40","PC41","PC42","PC43","PC44","PC45","PC46","PC47","PC48","PC49","PC50","PC51","PC52","PC53","PC54","PC55","PC56","PC57","PC58","PC59","PC60","PC61","PC62","PC63","PC64"
"affinis",-0.309145307026377,-0.0423986509855661,0.0753800833510198,-0.0324290988651989,0.00463210594971024,-0.0272765145262885,0.0160854791252691,-0.00892795202532829,0.000862288194852689,-0.0166728698676556,0.0156837125819063,-0.00216579059574437,0.00346093363523985,-0.00617568318671074,0.00396041902318226,-0.00486625217940873,0.000794914062386231,-0.00358145181348352,0.00106190965275646,-0.0011633990044919,0.00415079535406266,-0.00180276374550392,0.000517993437855784,0.00169239430142748,-0.000762416340932969,-0.00122431174168912,0.00228048622545739,-0.002523106891991,-5.03913786288795e-05,-0.00164797724070869,0.000141192867277987,0.00103926102657636,0.00046369690486015,-0.000170940550555428,-0.000315284344899032,-0.000304161301560316,-9.18773035374661e-05,-0.000934415644707826,-0.000579991017903336,-0.00041667200216034,0.000718104297059532,0.000501303795319845,0.000957273852564629,0.00132167822058224,-0.000663531081825804,-0.000116438719196766,-2.71245059524643e-05,-0.000855927592089555,-0.00048512449242841,-0.000387261078320752,-0.000433787255963976,-0.000116953585908653,-0.000229480930272634,0.000100503692267947,0.000232996346930714,0.000407116078689983,0.00015663123326053,7.81932774904359e-05,0.000353533502021233,4.73208913250736e-05,8.27563686691672e-05,-9.41862046761768e-17,3.80383616562676e-17,2.20316136493805e-17
"rufus",0.199622083713729,0.00852834205473319,-0.013821895723586,0.00861350242871368,-0.0161784546067278,0.0377742305245023,-0.0285375878590581,-0.00225349104089986,-0.0260676786354297,-0.0159749197865137,-0.0059501010418941,-0.0134479975722646,-0.00585808764373804,0.0140274643735572,0.000688794945582367,-0.00350024639560966,0.00738305760937122,0.00818182895629986,-0.00860308051963085,0.00117342270037574,0.00244929700738078,0.00356013514623895,0.00256384500807558,-0.003390052178284,-0.00139536776777299,0.00119874185757506,0.00199354668999857,-0.00103368043331268,-0.00181956149103013,0.0007016992796666,-0.00281870181044499,0.000729104274596165,0.000696207387510789,0.00182388554589315,-0.001108817987302,-0.00234003206781668,-0.000797674571533275,0.0014510000942852,-0.000358179294846038,0.000483111729958364,-0.00185607609331472,-0.000523808100669174,-0.000292666554802865,-0.000393360162614318,-0.000866969864105383,0.00102618317062448,0.000690670139311136,0.000283269281841328,-0.000575270418019196,0.00029940821013635,0.000325164827616005,0.000199633147636828,-0.000105993838644915,8.80808614545573e-05,-0.000344503524661952,-6.35489261299316e-05,-0.000338212422658021,-2.8475286193419e-05,-9.52441074943164e-05,-0.000129769873874075,0.00031844856098815,3.08421083907436e-17,-5.72763414314745e-17,-6.90813701524407e-18
"zophochir",0.0250770615475855,-0.0206582841258389,0.0926871128660429,-0.0155087464629526,-0.0284311888143249,0.0123796677671535,-0.0368722823349652,-0.00224600183221457,-0.000524790782227691,-0.00917285500868394,-0.0105660112718206,0.00341817962258345,-0.0114841932805222,-0.0100964372539036,-0.00409365020531967,-0.000771520233792073,0.00387107472788038,0.00630327918314033,-0.00667340034459391,-0.00222503145856091,0.00488604759422371,-0.00263053067349754,-0.00549142010155404,-0.00052284747808991,0.000328722329781845,0.00347648634745876,0.000713318428276176,0.000900735102888974,-0.00225503473974825,0.000754482370949367,-0.000775124350816981,0.000348858487979415,0.000649445635827849,0.000651788467478066,-0.00355033631956999,0.00223961572028788,-0.00043772549145022,-0.000311777342142705,0.00261011986065309,0.00116181324397663,-0.000434622925989736,8.90860331130948e-05,-8.27382206058743e-05,-0.000526253591943293,0.000651023753012733,-7.54933890521652e-05,-0.000646010337639247,-7.03162390743416e-05,-6.50180818205344e-05,-0.000208526348870908,0.000348326563897875,2.96042032608871e-06,-0.000152205235444558,-0.000335360667424778,-0.000289721205428502,-0.000160364323085645,-0.000277997980831523,0.000426044727023357,6.75190558034818e-05,0.000103212037274589,9.92383307655256e-05,8.41245743533183e-17,-3.80075168466036e-17,-5.95504080667319e-19
"ornata",-0.0592701445516518,-0.0563164510551959,0.016994650073413,-0.00254767635627782,0.00633804850167347,-0.00384688054720272,-0.0234242312732841,-0.00233843793852476,-0.00906490092914498,-0.00691017714339027,-0.00843528791309502,0.0127122029144781,0.00400581685633275,-0.00275951874030557,0.00189070655241899,4.86430037949825e-06,0.00530476378168769,-0.0019025695239202,-0.00288725838035349,0.00738435020475152,0.00231263539973338,-0.00633489967268077,-0.00096643417045028,0.00433475533397017,-0.00205517973442973,0.00375188353832927,0.000504428713079306,0.00199992175570402,-0.000258159677481245,2.15218531963747e-05,0.00141227814889775,-0.000817465204363806,0.000327210026167316,-0.00137136703346429,-0.000648632867201966,0.00186520227264111,0.00154384140464295,-0.00040159218576855,0.000414954838849726,0.001284996910454,0.00107561342225618,3.50882116007289e-05,-0.00168783475682486,0.00116950086131444,-0.00141874790151159,0.00146024126648863,-0.00058404222323939,0.00208577475775982,0.000798798188694042,-0.000131079265096965,0.000591992638030696,9.39455911600333e-05,0.00034177696239737,-0.000312105750330721,0.000716849914213426,-2.71356156344853e-05,-0.00129000106616079,0.000263487191473782,-3.69245758935452e-05,-0.000441962865927411,5.46554049464127e-05,2.07624145351907e-17,1.26999681447351e-17,-1.13916480242305e-19
"encrasicolus",-0.219780291580488,-0.0488829678446361,0.0186758788930417,-0.0196991865024457,0.0123643057821081,-0.00931677587199586,-0.00682727822071805,-0.00373014432672098,-0.000481565817490684,-0.0105589759786263,0.0014698862227438,-0.0058851062862348,0.000316481319786401,-0.0132198681183326,-0.00298308716094902,0.000485381502920535,-0.00237941333837018,0.000399519644818931,0.0011606650707186,0.000191326141253043,-0.00262951959182593,-0.00268569949321637,-0.00460520726680415,0.00130814395338022,0.00142290906463323,-0.00163199245122147,0.000801595915276286,0.00331976712139035,0.00275444997925322,0.00269276549622934,-0.000441028038121708,0.00161209730309593,0.00198033422250253,0.00270383855782842,-0.000123662339092924,0.000943114943397753,-0.00053768971614822,-0.000768408237778935,0.000329848352519131,0.000982570320230776,-0.000430330940695573,8.32473945551931e-05,-0.00127781046661607,-0.000223904773372871,-0.000677288608500371,-0.000261802525039579,0.00224049283924962,0.00100221696761086,-0.00226813420001072,0.00032985394789988,-0.000234831793931405,-0.000246519179161397,0.000994440710288063,-0.000288988176707149,-0.00124821663669976,-2.90542587741443e-06,-0.000673910078990541,-0.000515479045824471,-6.78294034243953e-05,0.000206417342732591,-9.31302099034304e-05,1.53876271933008e-16,2.56510258494518e-17,1.74071340982485e-18
"patronus",-0.213112834754092,-0.0649034273681939,0.0474812054470819,0.00109246596873191,0.00912677664340369,-0.0652235607257138,0.00562072645279125,-0.0191894950956613,0.0116924864976468,-0.0108445768938819,0.0233493768982963,-0.00199038457373817,-0.00518578701065044,-0.00531585021407817,0.00794131229323374,0.00270996840621204,0.00748733167123619,-0.00242486965586108,-0.00542580392053257,0.00948459264229956,0.00326615452958639,0.00195641663970271,0.000359092748733457,-0.0027219756883021,0.00171079852197479,-0.00152284899067419,-0.00032901596296217,-0.0024922750160106,-0.00372896113587826,0.00342727869431726,-0.00275991962031421,-0.00181750840282775,-0.000485091432315176,0.00737014873684564,-0.00315600525785854,-0.000499283036997073,-0.00378006652944609,-0.000773234634141953,0.000485591615178009,-0.00154387955026563,-0.000486256430745564,-0.00068504977899294,-0.00200922638729484,-0.000864378185231193,0.000881546573312514,0.00334087804481707,-0.00083136986016306,0.00155872627542632,-0.00115265036370571,-0.00064168394516184,-0.00239499553096746,-0.000237492658154914,9.12651492022475e-05,-0.000527657126653162,0.00150108088905053,-0.00182893651795121,-0.000338696639017976,-0.000434818102342681,-0.000235192511532822,0.0002058761701022,-0.000719990348920419,7.12854418703024e-18,5.29667077694498e-17,7.92660373441254e-18
"thrissina",-0.218391769958081,-0.0451655518679515,-0.00163474023821193,-0.011682855681907,0.0303563900978475,-0.00434198916189076,0.00263215730458172,0.0014007090516128,0.00288448222281109,-0.00264192383136527,0.00251944150310839,-0.000154473899168793,0.00481099108823335,-0.00522729095403206,-0.00983907841069127,0.00276775905103391,-0.00183643146002071,-0.00186367857964731,0.00536129261281249,-0.00213098877184968,0.00157473179697648,-0.00166791073964199,-0.00268940961624756,0.00140522850484741,-0.00166949441352317,-0.00439849819363437,0.00325077486150159,-0.00257005160819755,0.0015243929281064,0.000397532108174653,-0.000806181836877305,-0.00177265490018541,-0.000454909398654339,-0.000196807876464482,-0.000743367464550321,0.000889180858023605,0.00200835080394026,0.000892817842927405,-0.000423351313250918,0.000136091299012929,-0.00120124474493724,3.61538759557327e-05,0.000695505156927857,0.000406887361786828,-0.00035175813296027,-7.65538608673865e-05,-0.000117519321904275,0.0002607554763173,0.000818786676627212,-0.000583718803272037,-0.000194877119963584,-0.000162418120808607,-6.60344830820707e-05,0.000240375618739965,0.000409730190228516,-1.06206798132092e-05,-0.000286572034386815,-0.000136918218716288,-3.61605377448001e-05,0.00018885126417681,-0.000163330870919451,1.8543860158008e-16,-1.51018229115807e-17,4.10256739001563e-18
"aurita",-0.368186951150741,0.0338944189422401,0.0358599928919659,0.00289484186512153,0.0169904799736941,-0.0304568062367545,0.0137460339026901,-0.00916832739194803,0.00256847393495556,-0.0115121453710638,0.0149203656084202,0.00400082883670596,0.00538914578866965,0.00656207037561838,0.00531034578142104,-0.00676490311923967,0.00364057575274128,-0.0031867598002897,0.000181185592662942,0.00281280579772248,2.64160988041286e-05,0.00117740200574649,0.00783379857703048,-0.00214146431917462,0.000937180277683459,-0.00106698963778404,0.00357423938845615,-0.000941792679446748,-0.0010691122626533,0.000300774883974591,-3.71336545670715e-06,-0.000884061618534029,-0.0015851692909756,0.00136118655426013,-0.00143848784887564,-0.00155426477738204,-0.00113473806294883,4.22448515906322e-05,-0.00125277428535355,-0.00205650974548916,-0.00132067171445689,-0.000364767186112685,0.000945670879398252,0.000787079042731874,-0.000592452763156654,0.000888353018875709,-9.68444558365818e-05,-0.00108667529990481,-0.000372780087634595,-0.000490267207337281,-0.00088977013890242,-0.000111117696469521,3.25914559768529e-05,0.00017889291726984,0.000253174021799632,0.000397514993029439,0.000322648172728798,4.78518247954528e-05,0.000461613014428311,0.000179587272082141,0.000316541025632526,6.85274072225099e-17,1.97689497194547e-17,1.44626958957688e-17
"greyi",-0.218602757791892,-0.0348489227171211,0.0704149263735985,-0.0186226997307959,0.00764011289858428,-0.0271549882186877,0.0313724704934848,0.00640431836467178,7.27998039314381e-05,-0.00416293412643049,0.0203059043802565,0.00337152882122871,-0.00393552939423249,-0.000855747430159234,0.0062325511603811,-0.00564473251026865,0.00246262035157602,-0.00401672295335138,-0.00145184597530333,0.00282945964133679,0.00185683742406706,-0.000944992289789142,0.00127303650278407,0.0013732506666012,0.00046730096395124,-0.00174237891514353,-0.000149339476454883,-0.000813745936338924,-0.00159783602494357,-0.00124962431406688,0.000103233996351205,0.000638872716471019,0.000815404205382525,0.000342991620667199,0.00120500734111487,-0.00149658216675085,0.000156334799151199,-0.00186867714425389,-0.000599186688355303,-0.000597036337269305,0.00172441850883671,-4.07688755735505e-05,0.000617324763419632,0.000822414507907802,3.14958679197517e-05,-0.000283031070995437,-0.000625060450601073,4.24475881900661e-05,-0.000639750172685406,0.000691833321315334,-0.000792321346467405,-0.00014958098068863,0.00030385795487035,1.29635770448912e-05,-0.000425027157669084,-0.000434016812243621,0.000272364624545927,8.32038917044622e-05,0.000192353989797616,4.33531300193447e-05,9.23503595440769e-05,-1.95321033148713e-16,5.86005386408179e-17,1.54797174444688e-17
"promelas",-0.0110807457659079,-0.015300705752807,0.0122733488351721,-0.0153412136942059,-0.0143567036014531,0.0326423867355353,-0.0217916250100864,-0.00621361205199327,-0.00866328992130211,0.00358790272939715,-0.0164025081549983,-0.0100565271052453,-0.00291089945054317,-0.00297321431815152,0.000243478621715147,0.00184917060254782,-0.00322264180744039,0.00112847476550561,-0.000477540430445159,0.00116372744621911,-0.00405240020993434,-0.000190143797826195,-0.00144184453689029,0.000928029010840198,-0.000394726897154565,0.00122239536044978,9.86026724745822e-05,-0.00147034135998247,-0.000511864854940568,-0.000510273855107605,0.000775507151543448,0.000667418408365874,-0.000619491597448537,-0.00125271493906764,-0.000588806179412991,-0.000460189902991913,-0.0011544278423156,0.00129045735373159,-0.000357073669596573,0.000393449143007019,0.000802939827202779,0.00108855072408191,-0.000880814783866929,0.000680651280405036,-0.000324041526100328,0.000632395422363683,-0.000218924303438487,-0.000868196916008078,-0.000441422533052034,0.000547610639307145,-2.5724978640578e-05,-0.000153978101476379,2.99522035019958e-06,0.000622850234753992,8.20521730880772e-05,-0.000383058795530653,-0.000148904333207945,4.24492769299684e-05,4.26571573599996e-05,-0.000223168283180586,2.40735878920089e-05,2.0746318932474e-16,-5.45948104628839e-17,-3.99714067984672e-18
"dolichopterus",-0.0820934178234181,0.119009528032519,0.01119063905946,0.0037789192565231,0.0317419036830728,-0.00255693063790962,0.00049629316686168,-0.000790809766707428,0.032653375830981,0.0211958963663174,0.0253923544745978,0.00479125772750567,-0.0102813105822963,0.0053157541716138,0.000386974628648134,-0.00940555088795654,0.000789630408255725,-0.00101762974795967,0.00427185543036802,0.00367574458393017,-0.00427584621852834,0.0042152393904004,0.00203033598379942,0.0055069805283575,-0.0068225047512449,0.00784326635761082,0.00368718465376848,-0.00254917657256832,-0.00121242918065177,-0.00147116864189711,0.000109891758336108,0.00124410221523951,-0.0030843687173235,0.00198191966581592,-0.000774586146105361,0.00435789816996599,0.000540656630187666,0.00547011619982356,0.000950948210884691,-0.00111792619114847,-0.00269251384736215,0.00555828133894975,0.000806225100174478,0.000830821528639452,-0.0020705333299056,0.000772591930488596,-0.000735029763029391,0.000693503396472899,0.000116270077121073,-0.00169611590024359,0.000650843851938978,-2.71063578921005e-05,-0.00132679949389595,0.000879207444356322,-0.00129579861480835,0.000527380167886771,-0.000666618864831157,2.76204711369625e-05,-0.00143244430274365,7.21294988212016e-05,0.000729199200327972,1.85634508220353e-16,-5.13182986210065e-17,-1.59700768664701e-18
"nebulosus",-0.157671928004908,-0.0302305743010455,0.110138353767341,-0.0332737042295577,-0.0142070239837111,-0.00373624608772217,0.00144354147607619,-0.031819015331566,-0.00775869280896203,-0.00228341516781252,-0.00234686532293608,0.00099990364952643,0.00255180104600238,-0.0009984019643667,0.00709274720014452,-0.00196867991876613,-0.00163314430247247,-0.00223275438573654,-0.00459802485453157,0.00371709385925306,0.00451418016448645,0.00335132718220002,0.00136486926317888,0.00155904015063941,-0.00241826461867993,0.00161592416674683,0.00172223611748884,-0.00148019632185574,-0.00251376149705204,-0.00334826571694052,0.000887751895434321,0.00235921117651864,-0.000773148705326253,-0.00154904328804486,-0.00183801215211626,-0.000857941782458199,-0.00213575712416508,-0.000524086281677893,0.00140236854395882,-0.000224345539090976,0.00119786677033554,0.00106358916310946,-0.000840151440280047,0.000253739732161639,-0.00241874547677973,0.000882116483260663,0.000908185043405442,-0.0012519592789028,-0.0012445159420788,0.000147507219520522,0.00142331507250581,0.00082575826655925,0.000767431191751979,-0.000241161625106739,-3.24225939878892e-05,-0.000518440153964234,0.00156841751291266,0.000597814399916576,0.000249387508882175,0.000181572798486077,0.000507450909908009,-3.49928652698931e-18,5.3602704627004e-17,1.27802497436699e-17
"olivaris",0.324678413918628,0.110601047415162,-0.0658429952055027,-0.0442219393389187,0.017537173867814,-0.0268873631570825,-0.00453461443047904,0.00787397033922499,-0.0185228468395606,-0.0173110093752119,0.00371681836239311,-0.00207405209650689,-0.00450668895796006,0.0124210123528233,0.00377755285050019,0.00101811919696033,-0.00513851775334937,-0.00714793664218223,0.00900704778098532,0.0107309158605396,-0.0019583825651696,0.000717065041975736,0.00836010299123655,0.00223910259229157,-0.00714051759291681,-0.0039860933689009,0.00151738597057819,0.00182132118836131,-0.00488360286685075,0.00336538702442702,-0.00115381181913136,-0.00344102569964199,0.00262253552620642,0.00144101631567607,-0.000718283119265984,0.00309037661398248,0.00244872754002633,0.00128123472175705,0.000974712482077973,0.0034435271054672,0.000783497118268552,0.00181082291806302,4.90241774384999e-05,-0.000671881194442543,0.000545450245239488,-0.00149453117296771,-0.0011964104972927,-0.000493092255055278,0.000666397704141884,0.000507171710839307,-0.000213744802316587,7.74779380618081e-05,-0.00190257766693141,0.000806608062246055,-0.000202287195358527,0.000578296078590754,-0.00174569468532871,-0.00102307332198478,-0.00072824613584992,0.000492938442460903,-0.000147832847514498,3.32414023516685e-18,-4.20915902841911e-17,-6.03086191739644e-18
"semifasciatus",0.0159196523993361,-0.0829938651149447,0.00155512768757833,-0.00386947841649574,0.000358637093146341,0.0202754548040053,-0.00286027667472759,0.0121725356534942,-0.00842754398301914,-0.00170811803973459,-0.00549920791549301,-0.00438978591603411,-0.00166082046359692,-0.00414124185773881,-0.0042474572497493,-0.00165866846160805,0.000168825512281066,0.0049011155726885,-0.00624351468767428,-0.00315287126762863,-0.00418776159453775,-0.000653106632015218,0.00144816738959483,0.000481064577980286,0.00473085446737863,0.00229746294944968,-0.00209373261162545,0.00108477492066397,-0.000425719973000731,-0.000508088850033464,-0.000605108566656231,-0.00026032167488408,-0.000914899405911932,-0.00144147659252855,0.00144257639716982,-0.00193915613834948,-0.00229056599583021,0.00247140088404637,0.00117389219490119,-0.00165043949067504,0.000615153655164877,1.55241858776308e-05,-0.000272844137376753,-0.00106313895838522,0.000965866361475748,-0.000743241381630149,-0.000119091152274148,-0.000152753710691183,-0.000254532525898658,0.000430522587425494,-0.000271774535868667,-3.32488450413537e-05,0.000415802187777432,0.000377262411913468,-0.000339826623903923,-8.65788237355654e-06,0.000766917375921846,0.000453840611262641,-7.75034795908275e-05,-0.00043488878743927,0.000329978996470293,-5.51201899898624e-17,5.19350344259133e-17,-3.40946300337928e-18
"kisutch",-0.0753752995510981,-0.0592436427952284,0.013464045096746,-0.00770228485389243,-0.0041480631638081,0.00396591028464296,-0.0157529259754776,0.0171119403880542,-0.0106231331091631,-0.00624870264925162,-3.23464071831501e-05,0.0117738507987951,-0.00174809371175373,-0.00868742907895125,-0.00276075845824748,-0.0055875862402504,0.0011765201020747,-0.0013432241424958,-0.00257837456104647,-0.000965585871283855,0.00034490116935916,-0.00382648093740289,-0.000290801390252376,0.000403126986125669,-0.000791943751318207,0.000535678475215146,-0.000949176589758484,-0.00234600742332749,-0.00044289902232778,0.000844121728667776,-0.00279760864397472,-0.00353399438204734,0.00205189191079736,-0.00106192582729277,-0.000625867120779279,0.000356314866102307,0.00350556775450565,-0.000348721112924046,-4.9006539982792e-05,7.34144631097969e-05,-0.00109879789525667,0.000660738440639643,5.12779682940289e-05,-0.000162734798643127,1.21681840328546e-05,-0.000728827960466921,-0.000872536813762271,0.000238225457460597,0.000330322835026557,-0.000516798037396407,0.000812075123460572,-1.36586612675909e-05,-3.09316906887026e-05,-0.000202088138719817,-0.000146347042461592,-0.000874492911740408,-0.000262925737249871,0.000330558674076598,-0.000269697609021683,-4.63505272066161e-05,-0.000105462748393111,-4.09640496651596e-17,4.79628526910859e-17,6.28246205215459e-19
"microdon",-0.221681948847901,-0.0141600138977878,0.0305365964210367,-0.0126519847890963,0.0216518705967806,-0.0108355491069138,0.00675119631044292,-0.00138487307190196,0.00143458813324039,-3.95650495756672e-05,0.00474518364997423,0.00199162540172689,-0.00166029586179809,-0.00332260096447948,-0.00314183066000504,-0.0015141360514475,-0.00134596301948588,-0.00119652186363375,0.00148468202636591,-0.000406708389342445,0.00333220905909111,-0.000932079043035944,-0.00231204763659755,0.00198977020100904,-0.00140809836168445,-0.00154143124258223,0.0034424833468944,-0.000988464429710009,0.00106653735202328,8.61178933710181e-05,-0.000169869357215836,0.000569432715302516,-3.0235461202028e-05,0.00150022976815554,-0.000552738300201557,0.00116551732464718,0.000383989336903061,-0.000939655013973239,-8.2350782130354e-06,0.00013989211462838,-0.000503379641496567,0.000335121968957428,0.000361445011735826,0.000592529819570575,-0.00109524896653757,-0.0002454638823876,0.000706757992212515,6.26356535022783e-05,-0.000126288497380815,-0.000290118311058651,0.000161582730296003,0.000252567709252645,0.000153470063624718,-0.00013228931743238,-0.000133985302864204,-0.000256062057616123,0.000166946494806999,-9.74773532745081e-05,4.96457466107759e-05,7.27369455828876e-05,1.50132168648765e-05,-4.0041358549318e-17,1.24788251598704e-16,8.07699292906603e-18
"foetens",-0.269850311352924,-0.003991988239694,0.0453651184083583,-0.0185715655992886,0.00920902073518648,-0.00467999589407551,-0.0015873670987132,-0.0115798292466234,-0.0222149136407371,-0.0104870991436048,0.000197606745251633,-0.00985905590010892,0.00409605121908359,-0.00893211485562039,0.00600515981199104,-0.00686008101996836,-0.00280760025983891,0.00101374431601177,0.00166193858600328,-0.00346432913234717,-0.000540733296136626,-0.00186552239953604,-0.00241904673562781,0.00356419324762127,0.00478744225204515,-0.00168803594788024,-0.00181782854053107,-0.000684042590846138,0.00301560538505326,0.00162106310336657,0.00248320467142218,0.00185575112499786,0.00066498680827013,0.00124408566617019,0.000925330276487362,0.000214563298665879,0.000112736764463734,-0.0011568096390999,0.00037875800943065,-0.000780736373565176,0.00178097257209096,-0.000594303778349287,0.00018778380493866,0.00113128631326338,-0.0011339243812681,-0.00081942302805637,0.000693611529746001,4.63522468369385e-05,-0.000117903897856584,5.97986795896185e-05,0.000133370342312219,-6.41653657070501e-05,-0.000377763675443336,0.00024130609320945,-2.47111212353629e-05,0.00059406299929276,0.00011189818495883,-0.000334571781420217,0.000148279824519624,0.000128745814701345,-9.75991302195702e-05,-2.77336945033938e-16,9.08975400797277e-17,1.33493901606715e-17
"truculenta",-0.210103555032596,-0.0346113512767065,0.0199509401916427,-0.0226889082052726,0.00513512050857181,0.00415369941329445,0.00459490320755527,0.0126175584665651,0.00236209804895769,-0.00716722297591627,0.00645988836686042,-0.00321779149031391,-0.00325594593628297,-0.00809384973432336,-0.00870202456271562,0.00577025645685236,-0.00197645423893591,0.000747809412413168,0.00250820814916718,0.00129074945651647,-0.0011228264105864,-0.00253747661300466,-0.00577329824475061,-0.00194840946838635,-0.00104473006162211,-0.00292718671314014,0.00421911885817667,0.000926445796758678,0.00250625728780099,0.00114760408784489,-0.00084846145653226,0.000887000067110167,0.000585457586529691,0.00326401458754602,-0.00113307111517928,0.00151370856354841,0.00135475249276137,-0.00035234823355731,-0.000155175476019532,0.00117474245654131,-0.00121222162293145,0.00131802962461984,0.000329011233079349,0.000401045871635577,-0.000711617296116743,-0.000272120932399916,0.000425611576446992,0.000372774116285359,-0.000617816761942266,-0.00041616682012089,0.000464144215296238,-0.000324616319236342,0.000471034555404232,-0.000368391714319487,-0.000602125688289346,-6.63360818561222e-05,-0.000391414978886925,-2.24688192542681e-05,-4.37600627013754e-05,0.00022160032137874,-0.000173041267425966,-1.57670958621963e-16,5.65824948288661e-17,5.17046969863422e-18
"affinis",0.171611168153083,-0.0773891713319251,-0.0461747156401971,0.00647129255624534,-0.00362749833054179,0.01602355062379,0.0583994951365144,0.0118728485304574,0.0091131975261906,0.0041603888304736,-0.00151622155568887,0.0111885940415308,0.03338489198238,0.00378093290700697,0.00973887958027391,-0.00702433455701743,-0.00163000566659146,0.00332292611115391,0.00363471724556791,-0.00275573414856011,0.000919897238329858,-0.00215105221683351,0.00115952868743489,0.00339236480023689,0.00732457285896435,0.0022376162371359,-0.00369397986449513,0.00122351192716167,0.00209425780950133,0.00178980440751316,0.00396416143998455,0.000917949531143546,0.000526240090370219,0.000330241727450702,-5.7910997659038e-05,0.00517615633441024,0.00136212627064798,0.000313832672010663,7.34419182766181e-05,-0.00128850799183183,-0.00085275213278482,0.000852570968302006,0.00113783567653017,-0.000188785625308671,0.00189483605330098,0.000902986405776207,0.000986810675938092,-0.000551494477814709,-6.56298320663447e-05,0.00186137105260516,0.00227027391688007,0.00121123825643021,6.33237119764997e-06,0.00108153621606741,0.00132880425942803,-0.000190773081517046,-0.0017053134668996,-0.00024243050033165,0.00012774506957851,-0.000178525008946445,0.000295139701927262,-9.09673339268341e-17,7.36602018046184e-19,-3.21924964359456e-18
"advena",-0.150417424915418,-0.0575270995692956,-0.00533432916381581,-0.00118430429642955,0.0269855973945229,-0.0168640322408582,-0.00897115793171699,-0.00181069238070559,-0.00676953253534321,-0.00635845457313745,0.00291123644288993,0.00479788330923854,0.000571038767077965,-0.0066373162721468,-0.00144463803477187,-0.0034418146726148,0.00384663941297471,-0.00139855193128252,-0.00169507970546401,0.00135319355649021,0.00271419080046425,-0.00289179499557937,0.00028390271111903,0.000404771956844853,0.000614374795130096,0.000447147541911464,0.000399622586820336,0.000505319342738265,-0.00173215105546034,5.72300561826372e-05,-0.000544869816290533,-0.00248611683982602,0.000878285586313174,0.000211483601680815,-0.000122090158591483,-0.000519809833662652,0.00139799778787684,-0.000501589610535259,-2.6938773496696e-05,0.000315655183901183,-0.000306514454500066,-0.000236353976964307,9.11843425280506e-05,0.000209236021291776,0.000347094422471156,-0.000150694821149449,0.000588069625099911,-0.000843196187192436,0.00079586953996606,-0.000699607691159993,0.000941161385793512,-0.000115037736167735,-0.000544553014747144,0.00019472577108309,0.000386290162580129,8.70589607947224e-06,0.000107190717535295,-0.000262636021943591,-3.91346912526039e-05,6.31090838067033e-05,-0.000275768752790111,1.63813301561702e-16,-8.88660859546373e-17,3.50851793782838e-18
"proximum",-0.399143639116568,0.0725842082381292,0.0434367201235589,0.0123283288426543,0.00382733465010892,-0.0206490007127199,0.00469571277416246,0.00532275489976177,0.00292069563038709,-0.00976351096795308,-0.000137072576859638,0.00994487544555794,-0.000437699229856919,0.00695178782793261,0.003243116743017,-0.00530263554579759,0.00165630165903763,0.0045904811610733,0.00375985951331455,-0.00790566553238093,0.00466337298488075,-0.00269310404919384,-0.00299437703337597,0.00156527469897621,0.00165842733989884,-0.00129663466738269,0.00316801137557371,-3.77022890687449e-05,-0.000698435329310795,0.000222524090821023,0.000984596388518462,0.00100939626421488,0.000617153815698641,-0.00195128601186379,-0.000654701030257995,0.00233227206459386,-0.00108661800191422,0.000424710670652777,-8.61656059560448e-05,-0.000820298788939305,0.00141807787950408,0.000500702728605962,-0.000456203678687413,0.00163374076352064,0.00217532750990432,0.00121883430374898,0.000105824655589334,-0.000177370692864465,0.000228544951652024,-0.00049474044375963,-0.00140729647071171,-0.000245137322553008,-8.29470730928162e-05,0.000186023765574946,-8.5767802784792e-05,0.00102665783424484,0.000451020848271275,1.4178022553157e-05,-0.000293616509993571,3.7262036997048e-05,-0.000131542905398073,1.53912119915104e-16,-1.61312716688841e-17,8.4351615353604e-18
"evermanni",0.142950228266968,-0.169445593844787,-0.0216134003313061,0.069866550028022,0.0118557678913899,-0.00800165801301681,0.0336590248421113,0.0124354881966543,0.00450329117658175,0.014996647186848,-0.0212201545329327,-0.0103239095382894,-0.0136712007531199,-0.011918952477841,-0.00146435144846407,-0.0164744106988481,-0.00388121081466633,0.00396714997953051,-0.000270536641800828,-0.00290693122621273,-0.0076612591862469,0.00337746245917028,0.00860782656867793,0.0055365045871257,0.00123483541132605,0.00470325630923005,-0.00338195823185791,0.00663515150339944,-0.000713126030793099,-0.00506573218167144,-0.000319834587626661,-0.00369546368777269,-0.00353000909029393,0.000336208018877674,0.000186429686620854,-0.00268117019646981,-0.000807590668270244,0.00343506348567314,-0.00155251829600971,-0.00101067153556809,5.16756285616757e-05,0.00121635097572101,-0.00144854688565359,0.0015148731362138,-0.00165179079979437,-0.00197581214252574,0.000741298838219073,-0.000982491206235728,0.00237402173267262,-0.0030018005831094,-0.00180907609680032,-0.00253086215688717,-0.000510330303075981,-0.000801992771334336,0.00044678541479543,-0.000232121683961717,0.000284035380248077,-0.000198818147739548,0.00207773020505268,0.000142088390680265,0.000232346767607523,-1.37859372006971e-16,6.64194597391276e-17,3.61643684792465e-18
"valdiviae",-0.250728851547515,0.0350872254274541,0.0121900339302271,-0.000946205178052425,0.0196465308167156,-0.00192052629194135,0.0131107920464657,0.0088721916528752,-0.000341887522811517,0.00490998084307097,0.00520421802186928,0.000984163540621689,-0.0066296715013258,0.00432858929233864,-0.00297224727308112,0.00125834250531887,-0.00146166134322554,0.00122248128212875,0.00304039404353538,0.00146705685610149,0.00120936682083745,0.000418933806549607,-0.00289480171539601,0.00112992460941424,-0.00253687219651471,-0.00139129073698345,0.00361443809750419,0.000688516015588602,0.00250609453054968,1.58990731977316e-05,-6.5163919556089e-05,0.000483610992357244,-0.000482381997915507,0.00254571530606517,-0.000180812918564658,0.00210562006339658,0.000654467125282228,-0.000535508277155455,0.000131178896591901,0.000573763453475325,-0.00133860316833966,0.00052761913613079,0.000727590447161042,-0.000153804506755033,-0.00100183624875009,-0.000521142426517572,0.000986436266482255,0.000358433347101801,0.000212143169848179,-0.000486489911081861,0.000326821031639777,0.000261611099768364,0.000231226874179054,-0.000362208565843447,-0.000190413283280565,-0.00022915690442598,0.000220591688209463,-0.000184546082084767,9.59437491263427e-05,1.12190615529783e-06,0.000143164453363334,-2.10672650172988e-16,5.15417547847025e-17,3.8044055690541e-18
"nebulosa",-0.149384906613743,0.0485164479927171,0.0140564109922989,-0.0148575906019536,-0.0090652817212306,0.0113747646300672,0.0286153553969152,0.00569724732195669,0.0129935436483595,0.0181234701217475,0.0146221491980588,-0.00548735847236611,-0.0030652507604461,0.0103124533301608,0.00191957296940599,0.00695846775450198,-0.00409862524333587,-0.00464102264449356,0.000643575878570877,0.00657154385114422,-0.00147040460783356,0.00556095428672026,0.00564743983116806,-2.30562073211851e-05,-0.00648237572761464,0.002694239779906,0.000164704095509454,0.000251016531644848,0.00140162490818395,-0.000789125312248323,-0.00139064302087029,0.0012469837039457,-0.000256788424182425,0.000721872752035576,-0.000575126834371727,-0.000212490376380627,0.000223570151828895,-0.000514940022804944,-0.000117653549874908,0.000903989791884361,-0.000526196146758449,-0.00117853138011915,-0.000184509363043538,-0.00127287184955138,0.000670532290715368,-0.000316947914667432,0.00117845650472294,0.00139427738582282,-1.1155728237776e-05,0.000792421177739092,-0.000995784759569616,0.000839913932774764,0.000970677707750181,-0.000626704919821263,-0.000363071707479992,-0.000806857741380536,-0.000828235110590839,-0.000135464884430628,0.000294331285111671,-0.000446631411740427,0.00039929566032718,-7.30961136914997e-17,8.24096608745586e-17,-3.67408849323552e-18
"raninus",0.304432383882984,0.0529424975147129,0.00241500001686403,-0.036191592634738,-0.0361036340614196,0.0222233596518776,0.009766327290683,-0.0223488808739873,0.0226258863286777,-0.0138918705156846,0.00367146188252793,0.00256690674596437,0.000249565772176599,0.00398849636150415,-0.00707334304753315,0.00560648781542144,0.00632980968325631,0.00451650581224168,-0.0100875710623608,-0.00477032287149715,-0.00170769297185234,-0.00366078872744734,-0.00637102302109354,0.00119004440423353,-0.00259360986051665,-0.00294389739717382,0.0073453355417979,0.00617428722483177,0.00546221604130012,0.0045876044927173,-0.000567071715373902,-0.00223522401899747,-0.00083512463180829,0.00163290254504335,0.000801831382518653,-0.00364821005267363,-0.00436671635693491,-0.00229077985832681,0.000992168189896227,4.18522089867197e-05,-0.000294692682571663,-0.000476953448449138,0.000425171650311189,-0.00154539443998911,2.90737547254484e-05,0.00156238116653428,-0.00106122350515445,0.00048767367465758,-0.00243823050065334,-0.000928402243648621,-0.000554573912001812,-0.00102788240817154,0.000386823570982913,0.000102223456956232,0.000418420610517147,0.00173153739329085,-0.000142345442249887,8.65060623786281e-05,0.00119453842217656,0.000495477534034075,-7.1498701093175e-05,-8.92428660414315e-18,3.7873578761101e-17,1.69050456104092e-18
"chuss",0.0798637307538649,-0.0176269973859256,0.00203465355385166,-0.0154920764513686,-0.0235167692251564,0.0295404122120791,-0.00406810179640922,-0.00659536807079678,0.00650626790393493,0.00634172790568391,-0.0127265198420394,-0.00526522801883533,-0.00370703964886885,0.00612435370199739,0.00507807252922542,0.00971931889560153,-0.00350842805124253,0.000696263900267851,0.000235187501125631,0.0117894296072769,0.00400855069909793,-0.00201484069517919,-0.00141071624754885,0.00302354491028036,-0.0042923309109752,-0.000197038908066273,-0.00175580137485852,-0.00283813428537534,-1.09942779179798e-05,-0.00109139632606977,0.00297141839143974,0.00296442415343101,-0.00210100427750371,0.0015047570094463,-0.00120266661526257,-0.00264927192400534,-0.00120128438603547,9.20352429862409e-05,0.00164188853736875,0.000985439423313108,0.000773114500449767,0.000478476827467705,-0.00123261117507508,0.00209550019245925,0.00034512912190169,0.00286216303797295,-0.000708580303816121,0.000101550151426293,-0.000806997477649491,0.00157525765717801,-0.000261487859536317,-0.000396537033321682,-0.000176582641844596,0.000583754419282238,-0.000349057712603282,-0.000722848447703176,-0.000418369107031692,-9.91112555449231e-05,-0.000154348538842308,-0.000561204797591849,-0.000322520747335757,-4.50881956835747e-17,-2.38235235730278e-17,-3.53322277988947e-18
"mustela",0.174277847973595,-0.0148259857364678,-0.0291046938979757,-0.0111897821986582,-0.0264702456387,0.0358726720719388,0.0174362875770456,0.00111562599783244,0.00365478399824571,0.00914371602955615,-0.0106490688752333,0.00245558161365075,-0.00588736676390716,0.00102959254070226,0.00564528312618099,-0.00854051025495439,0.000212719684034354,-0.00281826752050363,0.000964168454071662,-0.00170911444362754,0.00181196250734456,-0.00580557552413054,-0.00141555417867676,-0.00322031488225836,0.0012837719614558,0.00277911866164941,0.00168070147472674,-0.00168915749299129,-0.000786364618862172,0.00129974815684919,0.00106827470953428,0.00356231134100723,0.00113356904050554,0.000493457783003673,0.00235862051694408,-0.000428062720497793,0.000509393811602801,0.00118753358276981,0.000356936076895411,-0.00108488117179143,-0.000606927273735713,-0.000414014419255291,-0.000145419523968725,0.00178101368750131,0.000153537750916338,0.000352322215257418,-0.000778450432902647,0.000628936592018707,0.000917755055187768,0.000200856153633688,-0.000322966539503661,0.000337785069594044,-0.000480751173804423,0.000682855655088057,-0.000202960910331434,6.32988113752699e-05,-0.000308124917607549,0.000547125368065325,-0.000593822124757802,-0.000411251185674074,-0.000265522232393064,5.00004159677707e-17,-3.02469139978291e-17,-4.32834006270624e-18
"brosme",0.224503125773104,-0.0535913283025935,-0.0323456945518696,-0.00102874865116038,-0.052853329630768,0.036144896431293,-0.0305407862302906,-0.00255977769098158,-0.0038786974828306,-0.0173754682367526,-0.00657406096530955,-0.00348743012696864,0.00230799992441992,0.0121869949247617,0.00646401178973659,-0.00270090500479249,0.00784485036486743,0.00222907602778818,-0.0041775932085476,0.00109672726405883,0.00715019955993384,0.00333825192606627,-0.000262030840053862,0.00348143392712037,0.00104567804497548,-0.0014074683705315,0.00332004300354503,-0.00499040152568503,0.0023058684781121,-0.00283907319634817,0.000202522088501704,0.00362908371020087,0.000115921781412717,-0.000660563232700771,0.00238718443973559,-0.000466532284852681,-0.00014163981905684,0.000264310984040256,-0.00152986416253751,0.000155201005453049,-0.00132882455766461,0.000187820826279258,-0.000451798167327627,-0.00066409033246181,-0.00061627741238369,0.00100106427871791,-9.36472354759228e-05,0.000214339400240396,0.000408857946949043,0.000320265546037387,-0.000731394046414037,0.000716161549065219,0.0002740293467441,-0.000588675139809911,-0.000115166727686148,0.000188457066507715,0.000137745953678273,-0.000595895391885748,-0.000407672410607534,0.000159667148158291,2.91730579903001e-05,3.05004900092198e-17,4.40927427307797e-18,-1.75154263206959e-18
"nawaga",0.123371685049119,-0.0240785016274374,-0.065763789549078,-0.0304127373634978,-0.0232643147495685,0.0190637298072198,0.0251421825687389,-0.000174525320356404,0.00408304673557726,0.000849300531278648,0.00819160478287312,-0.00903536787136064,0.019538193985176,-0.00650203177038823,0.000990259077110075,-0.00262172114877764,0.000765684077003814,0.000884234714289751,0.00203948854773644,-0.00721739927799736,0.00149962303776108,-0.00444243614543678,-0.002902374661383,-0.0018793584170965,0.00698241363283734,-0.0047624779958682,0.00150502473786051,0.00276873820635164,-0.00432668177041842,0.00271865410145703,0.000117963006906168,-0.00250246162416344,0.00140239444845473,0.00176685477405101,0.000814117728671863,-8.26777954392447e-05,0.00134628152153506,0.00213173007140262,0.000595959873769302,0.000200635249612962,-0.000570559024783949,0.000809447835483401,-0.000894439208917581,-0.00037760677753254,0.000212741645922526,-0.000737721120034342,0.00075126382402202,0.000217985270682703,-0.000529941207115956,-0.000343491142252584,0.00149983471034514,-0.000163341842466966,-0.000439128189656443,-0.000424848592373725,-0.000192729742270602,0.000166473456073691,0.00018912941162178,0.000848259877107526,-0.00050125426341616,5.50263099348984e-05,5.08786833602893e-05,1.54385631734091e-16,1.60672662914111e-17,-4.10178494665333e-18
"gracilis",-0.104602323912234,-0.085051886765571,0.00574353009576003,-0.000833519930720848,-0.0175333929713743,-0.032597043135992,-0.0242557480758702,-0.000509131024633808,0.00163509190068614,-0.0147587575839347,0.00749151678830139,0.00795711156509516,-0.0153904555961947,-0.0122957920660111,0.010138750981671,-0.00999211917956866,0.00571398225590612,-0.00339287364297279,-0.0139166977963343,0.002407491940925,0.000298070701343211,0.00411732694422406,-0.000160826831624234,-0.00235545730973283,0.00475132166607091,0.00587223204310333,-0.00641499764671103,0.00129895387534441,-0.00162629680372118,0.00345579338773145,-0.00602415180465104,0.000943862917734514,0.00331909393418878,-0.00580758468979636,-0.00134877694937599,0.000114749320256229,0.00140088475853909,0.00140606156023348,0.000821379625442029,0.000585602301899254,5.46186830889107e-05,-0.00171582835693522,-0.000158452544634207,-0.00257533820589867,0.00157631261062707,-0.00030788140193392,0.00128879680823806,0.00044602682153877,-0.000436842705746725,-0.000379906431992837,0.000394391336881915,-0.000448315860998391,-0.00030802331178107,-0.000764667044326258,-0.000715919244246553,0.000211913803465447,-9.58945189104248e-05,7.75990082678657e-06,-0.000829754545773982,-0.000153625371605675,-0.000338893332355456,2.35788327022468e-16,-1.04843166022855e-17,-3.83043645630698e-18
"virens",-0.10681776492305,-0.0944429800140637,-0.0601515138037692,0.00906452150858537,-0.0705887693307758,-0.0317619475558286,-0.0583953008097975,-0.000549851856560305,-0.0167588932072382,-0.02399878947615,0.0239519448405415,0.010502207743646,-0.00186558729552584,0.00881763988684982,0.011426768115785,-0.0106088801120695,-0.0129639929389519,-0.00255335883653868,-0.00100228573990016,-0.00737133629649144,-0.000370696469625005,0.0174279512456996,-0.00376022787867671,-0.0069387061766418,-0.0120117591911411,-0.00304975000903882,-0.00599368970533295,-0.000223482112787876,0.00300033522795628,0.00152538437422821,-0.00371636619521537,0.0029570276395851,0.000409034058919986,0.00710775601930118,-0.00363209126674613,0.00315708229636028,-0.00164329593924534,0.00208828046699748,0.00133385966948388,0.000766363069144304,0.00217287133385071,0.00525078577331897,-0.00111205837786778,0.00352978582623742,-0.00199347212730197,-0.000265541124657964,-0.00107717745460196,0.00223737312347597,0.000859388810041984,-1.03784996171117e-05,-0.00124244763591939,-6.05758387619649e-05,-0.00116608651167048,-0.000902786866929724,-0.00013729724341731,0.000477349290107016,0.00113559000103722,0.00101690044644775,-0.000431087571376133,-0.000234606976158012,-0.000419248942546377,-1.80098610850894e-16,1.15190910609253e-16,7.63891187928259e-18
"pollachius",-0.167067122728596,0.0276138632323594,0.01615380760953,-0.000149639963535388,0.0135093478903981,0.0116662644915623,-0.0126515427722883,-0.0155128346123308,-0.0144085642405321,0.00961257607131458,-0.0132078860335517,0.00324913017712525,0.00264295181175352,0.00354736639879066,0.00154874526034691,-0.00581798697275838,-0.00479226803435809,-0.00414080073968103,0.000904204145416419,0.001523563753026,-0.00232477760200333,-0.00144219478542388,0.00225219564189756,0.0045889127894671,-0.000671102939223897,0.00068521959328651,0.000962782423868908,-0.00135109920142833,0.00105518122324088,0.00137209212717195,0.00161198875324074,-0.00095468352342125,-0.00163562567142212,-0.000507654058861159,-0.000502188994014573,-0.000425041183404231,-0.000277077980666498,0.000615646364069676,6.19508274987285e-05,-0.000455062648381955,-1.32103509264758e-05,-0.000218876817603086,-0.000876779063322093,0.000614912691385375,-0.00152615415593923,0.000438965006309102,0.000434797205110695,-0.000263771886578969,0.000212326835106857,4.26382123386643e-05,-0.000332419992870889,0.000181258872850164,0.000246591620050518,0.000418884448320395,0.000104440574703102,-0.000303577341874267,0.000262245572314295,-2.56217660216611e-05,0.000179641234265711,-0.000379509844835781,0.000286731718582522,-1.60857316889418e-16,1.57155845215078e-17,2.22340605184528e-18
"merlangus",-0.182491133503524,-0.0251459532788636,-0.0320063969778226,-0.00936701463600113,0.0011493993603136,0.00869152632110779,-0.0143935487283119,0.0134984993917859,-0.0166584429560969,-0.0133848281175141,0.00738839038648479,0.00231458636941903,-0.00852408946475331,-0.00846599428612309,-0.00623978006816135,-0.00320799758769554,0.00467256230689118,-0.0015553390172295,-0.00568498318234177,0.00538485212306437,0.00112743337490494,-0.000306798936099567,-0.00100316180017078,-0.00309363232214662,0.0049294243170535,0.00349816510397721,-0.00163427294061213,0.00103499372761774,0.00209987963058343,0.00385015167357569,-0.000347309902627692,0.000251503150878757,0.00140277784096945,-5.9875784085703e-05,-0.00159388692252202,-0.00041151269480034,0.00106304360711684,0.000983491196857077,4.57027336768227e-05,-0.000162865183057878,0.000361406069867257,-0.00140270015424347,0.000497609090708324,-0.000844036015131962,0.000509811617543052,0.00065244189716092,0.000462201391222656,0.00138536636972998,-0.000907698914226319,0.000603234971304369,-0.00084378709900135,-0.000117408573451943,0.0008682609686619,-3.97490512452023e-05,5.33188666405608e-05,-0.000326808275423589,-0.00104264347548397,-0.000556888763584856,-4.60755151606131e-05,-2.02911984534316e-05,-1.85506103137612e-05,-1.11738539321846e-16,4.10347331336936e-17,-1.6177528844099e-18
"glacialis",-0.179310457696533,-0.00425912125571147,0.00385417408473841,-0.0124249963890173,-0.00175924838103267,0.0071697299068239,-0.00889295179187805,0.00717753347882195,0.00795239513461517,0.00283790988121748,-0.00393429035890324,-0.00359467171489889,-0.00741728886802534,-0.00760370143125744,-0.00211154132537307,0.00696696863808461,-0.000582279644464447,0.000134055780699642,9.48485716352345e-05,0.000778588064731662,-0.00388323165066418,-0.000329534384515356,-0.0033154672367676,0.00219006168672819,0.000425563576499587,-0.000988414263061324,0.00212042980017374,0.00341013891531373,0.00367032641918932,0.00130337164985316,0.00117191683142462,0.000262721777393957,-0.000158109280842708,0.000939798772041484,0.000425996346459801,0.000845944775563397,-0.000775192915558846,-0.000380419518827329,-7.83532870988408e-05,0.000687491045370376,0.000170301120698822,-0.000770690438462862,-0.00113242837306689,-0.00100831921172084,0.00101188808362919,0.000305179733426198,0.00112291802057147,-0.000213323947526977,-0.000689730096199241,0.000143976821222332,-0.000193327608013552,0.000235277311160194,0.000699561909352987,0.000197721149027982,-0.000284305815180606,0.000438610796242329,-0.000410399994022161,-0.000370405389633784,4.38225599131416e-05,9.98547300737489e-05,-1.98231769661025e-05,2.29780120461478e-17,1.76287571022092e-17,-2.77123146340702e-18
"scabrus",-0.0607360021088511,-0.0269896453788328,-0.0549296225487646,-0.0107040260102328,-0.00162519134104342,0.0188072194639736,-0.00803101035097036,0.00914185871040374,-0.0072046036462371,-0.00033659334404494,0.0032322543754184,-0.0188214301852038,-0.000233684799001958,-0.00595321388565136,-0.000343984933586592,0.00685240359288946,-0.00199543569118289,0.00320931569497852,0.00123429913081298,0.00585037012588719,-0.0035519017763163,-0.000269427670167917,0.00368387388740585,-0.00368597042744155,-0.000655965808927425,-0.00118721838206607,-0.00317235767623353,0.00154240948506181,0.00192989213497399,0.000372708670066174,0.000566757348879484,0.00260208941274739,-0.00193912370972881,0.00406097440614854,0.00155877642395166,-0.00198274059462189,-0.00232008902956531,-0.00153542705907058,0.00120605220994752,-0.00107284064882163,-0.001654561843493,-0.00122631754500176,-0.000190896369070139,-0.00078655318673146,0.00137190034576101,0.000597745169139547,-0.000254791979716843,0.000534137289487263,-0.00113433996536826,0.000691620860970632,-0.000291527273775642,0.000606851106302109,7.38916529376572e-05,0.000499827530220989,0.000163195405637756,-0.000530404103313052,0.000258898403567933,-0.00156925602633362,0.000373437756492087,-0.000159729181912367,0.00027107826902245,-3.35607413175428e-17,-2.55606389626588e-17,-4.82931017393241e-18
"longipes",-0.1472502737441,-0.0249241618666193,-0.0285561371256646,-0.0170166573032533,-0.0362445768491629,0.00671564640153319,-0.0321516430525946,0.0162026387308561,0.00218885850228415,-0.0124128709001799,-0.00757508653127669,0.00132260508318641,-0.0137982560785879,-0.00681112250265724,0.00675164552695597,-0.00182517725283443,0.00403043449787029,-0.000487665954262138,-0.00456807996611668,-0.000638235149828474,0.00632379039417962,0.00158316842099789,-0.00025575702465737,0.00685177452522063,-0.00185218104223977,-0.00153712718322259,5.25019115952856e-05,-0.00492678785549119,0.00483483136374757,-0.00159812282288961,-0.000687944183146891,-0.00188084641306262,-0.000736060315429779,-0.00566394829823084,0.00137464170905017,-0.000524380023523851,0.00078761833946104,0.000847058460169203,-0.000696067752227547,-4.36168302454688e-05,-0.00145897394912397,-0.00137212177000577,7.86501636439363e-05,-0.00165732830959265,0.00191306398597159,0.00212241557393636,-0.00101888460854245,-3.15505922151099e-05,-0.000462006805359766,-0.000145392984499861,-0.00155685072188569,-0.000444008885023129,0.000426399403960485,0.000465366934184512,0.000398409948597928,-0.000138000331671788,-0.000532055383019719,-0.000133784215775909,-6.00000179455231e-05,-0.000210337524099439,0.00016383654808252,-1.31492946931463e-16,1.74918938563825e-17,2.39780047407519e-18
"moro",-0.205165640664686,-0.031269986294432,0.000831448024477391,-0.00820611832286259,0.0249808317906705,0.000751265329358698,0.00110263064030788,0.00946597470934531,-0.00405040076194111,-0.00295092868814141,0.00212496140737427,0.00476358831923058,0.00126811121079264,-0.00717531091744817,-0.00657143934021465,-0.00268939533202453,-0.00197082782365125,-0.00349809110141339,0.00568578698356764,-0.00239727019090619,-0.000549409623839703,-0.00393802482276102,-0.00382800852720512,-0.000654037554760151,0.00172470070831574,-0.00323809171424153,0.00330772513593311,-0.00287009421442028,0.000494563024624283,0.00123824091260871,-0.0019010391296805,-0.000408838224813941,0.00157075279269152,0.00041794249750547,-0.000854179224951539,0.00109360756524586,0.000201186620199072,0.00124913839794168,-0.000375641632474316,-0.00126647834412075,-0.00177485753924262,-6.36681575447236e-06,0.00043940659181531,0.000898502931890469,-0.000375535621392166,-0.000715652362988895,-0.000234281532785502,-0.000302486166035399,0.00080935041511333,-0.000610505129822673,0.000178253365130229,0.000262748496528209,0.000293423216443703,-0.000176800544931038,0.000414744912507408,0.000356336255428113,-0.0005478363963552,0.000589621766677571,-7.81535094844636e-05,0.000121087329288092,-0.000343237072603544,5.3104057025598e-17,2.56929043669617e-17,5.20139001366449e-18
"novaezelandiae",-0.0469121938305984,-0.0578878496764917,-0.0431184619599484,-0.0565287293245828,-0.065942625456945,-0.01519625146323,0.0251219248064334,-0.0124185240859466,0.0423514442735626,-0.0127937107089717,0.0161299850926733,-0.0298295187538686,0.0112127973819204,-0.0120323149671632,0.0150079575142513,0.00922206187228304,-0.00324304975737447,0.00172493910004706,0.00839685466249845,0.000199797920918583,0.000418599069861028,-0.00452785891707622,0.00354022583618047,-0.00350088545211182,0.00269541768470735,-0.00434664882643198,-0.00503557477313568,8.90404473205353e-05,-0.0034404938788334,0.00281544491908028,0.00157121760234695,-0.000715615555858417,0.00101395762377302,0.00306248821595435,-0.00222169432397888,-0.00275201587103897,0.00180037113110338,0.0025351043890771,0.00106429050842045,-0.000441762684982039,-0.00160567893020775,-0.000406259153912496,-0.000988676432579148,0.000652906121533633,0.00231574059775994,-0.000528757552066703,-0.000287560318115485,0.00139876964547794,0.00111280040980591,0.000280841848259608,-0.000889991879557235,0.000792796148277945,-0.000185152888483521,-0.000326110713218245,-0.00043126591551516,-0.000392640220203477,0.000457065356903947,-0.000424714815345256,1.82902068560244e-05,0.000228480072510789,-0.00017148337285428,-6.35956486212609e-18,-1.31401463912343e-17,2.58786517521516e-18
"atlanticus",-0.112825261171953,-0.0232732307434057,-0.0149931955626058,0.00852148768909513,0.00187087623449281,0.00479572510716277,-0.0116863313799727,0.00338436157264016,0.00256841233372463,0.00698615078707641,-0.00827880413879513,-0.000824502673710635,-0.00293305087471512,-0.0116101119195953,-0.00625142407724009,0.00531276862203432,0.00155563606608765,-0.000766306762575666,-0.00225047654076697,0.00598740152205471,-0.00252187570251654,-0.00152282087706889,-8.89653112114432e-05,-0.000868039896383474,-0.00215806105146225,-0.00217982909537683,0.00169320043096196,0.00357304176841699,0.00216215742048003,-0.0012715711476451,0.0016773325977506,0.00115814138160567,0.00113081673188411,0.00163031222893462,0.00127475739201355,0.000954279750588948,-0.000645514056845849,0.000938441465273997,-0.00127350279177679,-0.000577984014774884,0.00204257950104892,-0.00125405299190254,0.000167572090751164,0.000605974426535286,-0.00040040687579802,-0.000409066261928296,-0.000872824510557911,0.000599556845571933,0.0010567138810507,0.00128754222931535,0.000742714288798145,-0.000458053860553095,0.000944172826960311,0.000174589017660998,-0.000640668727427543,0.000691677949247375,-0.00063087547521899,0.000952155506950108,-0.000320202189803855,0.000114309373572115,0.000248760287050745,2.34636281302669e-16,-1.54788598529733e-17,-5.06928898230671e-18
"mcclellandi",-0.192771883291475,-0.0442290415344053,0.0721461639189466,-0.0140344391253155,0.00570388729671935,-0.0249725486469006,0.0326434038407212,0.0092443749110698,-0.00154773961075533,-0.0056299966793334,0.0271122057974488,-0.00537670931325111,-0.00304413188703253,0.0030255979706346,-0.000879210178523829,0.00561969078134251,0.00453403957135194,0.00102885171643536,-0.004718309155986,-0.00177361231960263,0.00478509604966007,0.0013415548689431,-0.000355150754927681,-0.00505678263916649,-0.000906706905723559,-0.00201227495095261,0.00666508608033863,0.000242402902456347,-0.00146270334536409,-0.00172828357932916,-0.000136719973007798,0.00418449423013746,0.000871855883427897,-0.00170701513121186,0.00197385567979705,0.000693904278208025,-0.00111841934620866,6.2089846521336e-05,6.23946057930642e-06,-0.000937703358066087,0.00342686494499832,-0.000313490773706276,0.000834274745539489,0.000790671787092248,0.00102782600311026,-0.00203268278111277,-0.00107724245849647,0.0014112370462676,0.00195297817236809,0.0004519678431551,0.0012034099591481,0.000185974581718089,-0.00082532766337818,-0.000620930015630164,0.00056839575473816,0.00053338322408586,-0.000421939898653629,0.000299410003720947,-0.000342565669377862,-0.000286237618965985,-0.000106861389768522,-5.00514552514455e-17,4.04943605888685e-17,1.09003022041237e-17
"italicus",-0.187713279407638,-0.0257999539691872,0.00449507859377419,-0.0089154339947844,0.0192191408636637,0.00636683948922598,0.00746474279989909,0.00597012930686865,0.00479157240611791,0.00845104330178834,-0.00499686152035764,0.00199696678372758,-0.00565275355666703,-0.00440646019663369,-0.00834046300033419,-0.00147257963864488,-0.00577754012676744,-0.00149444890370365,-3.87357883855521e-05,-0.00329524380235917,-0.000484941474561716,-0.00130423597886336,-0.00264954300670192,0.00202014635043474,-0.00282341802628694,-0.00206654462428545,0.00171411582986495,-0.00228571842488913,0.00130817482630469,0.00066619241915137,-0.0003037173046633,-0.00247171033578602,0.00233395859261974,0.00084337733941849,-0.001972874182421,0.000930974050270122,-0.000989300597295806,0.00091517616742491,0.000246163452668403,-0.000513800810322317,-0.000907909458556184,-0.00224285796951349,0.000325954744842441,-0.000598157369041336,0.000569929837396529,-0.00138480022633289,-6.55751331153637e-05,-0.000951196550921704,0.000414284331183573,-2.56792673145067e-05,0.000735294426721967,0.0003286258123266,0.000632119729603013,0.000370646816488181,-0.000565223600828944,-0.000175144219820684,-0.000551172603806879,0.000603792220832124,0.00014284730615368,-4.09237628134807e-06,-8.1248621164228e-05,3.54304684375309e-18,-2.88201092500241e-17,-3.04976668359925e-19
"sclerorhynchus",-0.0554483143653347,-0.0203252639544372,-0.00208165827029276,-0.0107197592179675,0.0136289518867146,0.00458071476807791,0.0349677894201016,-0.00551012608653402,0.00175808717839958,0.0163664984470669,0.016344117543543,-0.0122848048371223,0.0030512906783097,0.00475058716529292,-0.00436211033591842,0.00214010241391361,-0.00244216380878645,0.00115461477006919,-0.00750265734085456,0.00105994943807541,0.00221216241902656,0.00666338503216866,0.00438414728880785,-0.00404305087787952,-0.0016918716223584,0.00289906865664185,-0.00183827920787432,-0.00299953074490008,-0.00269588868364449,-0.00127604192512198,-0.00322733086792552,0.00131703326432741,0.00223546745042702,0.0025380821479097,1.97726596986853e-05,-0.00200719688047395,-0.000324316319902908,-0.00185166369388092,-0.000455923890653111,-9.25012705409849e-05,-2.10561206670907e-05,-0.00152524920282225,0.00176948911764435,-0.00170841777161539,0.00148047384505009,-0.00115397108461445,-0.000899044689137769,-0.000651902093505787,0.000291646558773208,6.56222318042872e-05,-8.30399915325562e-06,-0.000101479434891622,-7.46911910890612e-05,6.63678308178849e-05,1.73448538475855e-05,-0.00018511541691439,0.000380444468308008,6.10617278236175e-05,-0.000191237600419225,4.76958737715495e-05,6.37424997568777e-05,1.98259539388457e-16,-3.20269171273054e-17,-8.37672405533404e-19
"aequalis",-0.199806445204064,-0.0382373683623469,-0.0280034517943165,-0.0177594711042155,0.011674760961971,0.0145907274584333,-0.00215162705135353,0.0146640923692033,-0.000333228929803278,-0.00616463139722566,0.00570573308301785,-0.00349173794574523,0.00358124053714994,-0.00606419899119923,-0.0121747148088246,0.00380165490170491,-0.00297671747165198,-0.00284526867234337,0.0052837186057466,0.000514842565764086,-0.00355977180416063,-0.00175986979094187,-0.000156985047319451,-0.00135852366000423,-4.08444413518748e-05,-0.00493728425368766,0.00305315550736992,-0.00181700049424488,0.00287441058107865,0.00103712034730722,-0.000905382706272934,-0.00126681039856712,-0.000354952234168107,-0.000117572387687363,-0.000835380182475428,-0.000375243266845762,0.000858474360106292,0.00114427011234844,-0.00146934520031273,4.27637119145883e-05,-0.00163471962138899,0.000570646542504712,0.000570018705069971,0.000334350703205475,0.000195136371503113,0.00111222093303907,6.37094236710442e-05,-0.00123343571891903,-0.00193502941973979,-0.000202897425130224,-0.000643527106560026,-0.000842690249679775,0.00055226238465724,0.000284713146908949,-0.000172730133499996,0.000251163525317024,-0.000455418351121273,-0.000243029656817214,-0.000164488015772258,0.000380969091228703,-0.000129023342081935,1.4686951442719e-16,-5.73422229776644e-17,3.0506248215245e-18
"pectoralis",-0.115589301282976,0.0111443678279877,0.0202065872725327,-0.0151416901677317,-0.00414343769554076,0.0118871123195851,-0.0139730890665424,-0.00670562368028832,0.0109201108351815,0.011256205941111,-0.0144234214874621,-0.00989138602158406,-0.00320136530615722,-0.00683787696066301,0.00466353576141755,0.00341604384839919,-0.00618257750356308,0.00205689685403562,0.00497961825497552,-0.00245010093385921,-0.00697736779230959,0.00109949976492679,-0.00230648583229649,0.0046497708499345,-0.00331498073955969,-9.90833999200034e-05,-0.00327961270117431,-0.000626717367710059,0.00405141987963272,0.000974912626413768,0.000129768709776568,-0.000521089964740381,-0.000635346611023226,-0.000708432174686682,0.000255960310571071,0.00171144289780776,0.00190749312206165,0.00160439843467396,-0.000141865202256177,1.65197522111326e-06,-0.000606022646366214,-0.000879968159844195,-0.000198342343790409,-2.60535428512146e-06,0.000244769618796325,-5.51224878752456e-05,-0.00015776355498969,0.00030046842367664,0.00152577072512522,-0.000234617374773606,-4.84458887123828e-06,-0.000237834375617624,-0.000230837710517759,0.000337339605528846,-3.77213964424189e-05,0.000220149924923306,-0.00037596338074947,0.000173416013201338,-0.000314232728765371,2.76288350171986e-05,1.2008842751075e-05,-4.07068423019084e-16,8.55361494946414e-17,-1.2217357232085e-18
"cristatus",-0.0978983980217963,-0.0294171428898797,-0.0451306254481371,-0.0152830207919072,-0.0310867745629158,0.0188865482164544,-0.0362254095725019,0.0112401840404779,-0.0118482524132156,-0.0102387165900119,-0.00340304348930065,-0.00439251283268162,-0.00589729354828859,-0.0105133178530638,0.00313193226172584,-0.00432143932184721,-0.000190166873215978,-0.0016075909093543,-0.00396589393985046,-0.00036261599030484,0.000868602762641823,0.00318838030973374,0.00229998227593734,0.00104703349116625,0.00140920895428959,-0.00142705493577583,-0.00293031309466491,-0.00448826541826144,0.00471575959126121,-0.000464497036351497,-0.00215898139376998,0.00119063464896523,-7.40142091558583e-05,-0.00340053656994818,0.00161585749392783,-0.000910811993091134,0.00156643035430462,-0.000101208593084529,-0.000287922195137723,-0.000619105934330535,-0.000930059196749943,-0.000671827032791693,0.00133514136987394,-0.00115387582139294,-0.000447870472661991,-0.000285967005372189,-0.00101660316154867,-0.000232225703688327,4.48816553782338e-05,-0.000161476906411165,5.14171821884986e-05,0.000218952412657946,-8.01751165387863e-05,-0.000151743199794728,0.000193017656342646,-0.000102111544148892,-0.000162883621213572,-8.27929160850188e-05,-0.000199565866298778,5.84865545856146e-05,-2.68945450869673e-05,8.86414070621113e-17,-4.85197752577032e-18,-4.33783098771353e-19
"dubius",0.132987723053908,0.0215346614006066,0.0307738792435915,-0.0351462513443851,-0.0589297961194079,0.0235771242872468,-0.000953672481551403,-0.00972848349304325,0.0313656511343541,0.000944492228295238,0.00168079234339816,-0.00302776654224184,0.00440078598481131,-0.00407676322128649,0.0110878833347601,-7.23264546349482e-05,-0.00529900556377145,-0.00629790687431162,0.00712005799923694,0.00277239149393887,0.000492277685582515,-0.00652136986080539,0.00722598299205167,-0.00362108028259659,0.0023478923682634,-0.00570738155973809,-0.00160002639985439,0.00359122991582763,-0.00562196284700406,0.000741285233306187,0.00194540111693615,2.01758937885439e-06,-0.00260211605658872,0.000964800436607683,-0.00233308268212138,-0.000887596913087295,0.00147530328994902,0.0010966347530964,-0.00145455871372823,0.000484738072578155,0.000301121317348759,-9.94374951122947e-06,-0.00120396908082305,0.00242080051519976,0.00101448956020086,-0.00128869056481296,0.000376432281478753,-0.000701319962819137,0.00084602255655133,0.000867161427255434,-0.000274105308135028,0.000439184133109581,-0.000734124587342126,-0.000573484476079282,-0.000750127420616522,-0.00042501522639965,-0.000360436911556113,-0.000376985075192785,3.67664949175983e-05,-8.40757832608961e-05,5.60126736884598e-05,6.67387108824133e-17,9.01850290136043e-18,2.47053345409138e-19
"emmelas",-0.181430995427683,0.0400081772182724,-0.0157063102497423,-0.00401323180070328,0.0176221984922205,0.0100501390189694,0.0120680672775704,0.0101551291457811,0.00990956071093243,0.0153512462554084,0.00898867795562358,-0.00976237466116554,-0.00351152878834571,0.00230560070539785,-0.00255289303305349,0.00287313443832056,-0.00646717579135991,-0.00200516148631445,0.00440316711383394,0.000165927047815266,-0.0039329247753651,0.00379101105400739,0.00355618637898452,0.00250274229446436,-0.00217145054986506,-0.000613635748496368,-0.00113031912917592,-0.00161018416472595,0.00122143349197833,0.00202297269824618,-0.00234299448432822,0.000155278897367695,-0.000184990044699478,-0.00086662746050952,-0.00185033801589134,0.000856842875751446,-0.000220360076542863,0.000230400810738072,-0.000854572404451043,-0.000740614671799657,0.000291661454612416,-0.000981254131250947,0.000626264417596581,-0.000924702880370867,0.000438069296685671,-0.00027493907489622,0.00110983497279668,7.84188520371145e-05,-9.3710140345588e-05,0.00036629263361366,-0.000708240252378653,0.0010362861926612,0.000443131946140006,-6.91746786162862e-05,-0.000235673583161863,-0.000515077814051175,-8.13509034948685e-05,-0.000436582123781279,-3.69737793339771e-05,9.37835202019113e-05,-4.23112644701827e-08,-1.7133164267354e-16,4.39734901714733e-17,-1.43736398998563e-18
"capensis",0.0306516753893356,0.0139074731758982,0.00554022477561884,-0.00537409981938782,-0.00819393740933814,0.0302277761623404,-0.0151889932363385,0.00290622329171744,-0.00254348157300939,0.010767812312779,-0.00433847436703937,-0.00340472521877099,0.000346300056177901,-0.00128267517566395,-0.00534203697939757,0.00740863366590473,-0.00170411890528955,0.000140573980858481,-0.00237689000724224,0.00351717902290226,0.00289180321722066,-0.000898340339688683,0.00401822437182792,0.000221819715560092,-0.00372560500451011,0.0054559596723006,-0.000969822214409671,-0.000606691662614511,-0.000865629572882309,-0.000329975027900792,-0.00102738893662308,0.000173900722128218,5.40689481117134e-05,0.000506128255886166,-0.00228073790655821,-0.000133460854034843,-0.000535599561969305,-0.00153118978880586,0.000915656365623906,0.000332265538925909,-0.000215745325853125,-0.000490985454677185,-6.07879854430929e-06,-0.000841483682638603,0.000381747847642612,0.000128264011008927,0.000268894845163158,-0.00070863815099161,1.70044960395527e-05,2.41897307105764e-05,0.000781062667262577,0.00065596588565122,-1.12944638885094e-05,-0.00014656582300012,0.000291608117687614,-0.00020975006216241,-7.66700297978509e-05,0.000110311507100308,0.000445979820412952,-0.000197042634246429,0.000171538647023929,-1.23778343776125e-16,2.59932226917075e-17,-3.09469432010523e-18
"tigerinus",0.11355711285291,0.0179177851132595,-0.0468290819412203,-0.0363462850178796,-0.0483481510042749,0.0392708088965146,0.0159987558935167,0.00255301261207538,-0.00711743525866802,-0.000679521966733317,-0.0014689898918218,-0.00771501523127493,-0.00259541344308727,0.000881747177890531,0.00394339652169147,-0.00431085845345239,0.00565770685334899,0.00234076776136232,-0.00468517572425588,-0.00111320240499053,0.00471178386593687,-0.00137243572395636,-0.00307215479617745,0.000907763124225116,0.00319898588051259,0.000203653538073315,0.00201764309956558,0.000335701620448612,0.000863182155352333,-0.000522696385643559,0.0038731818317069,-0.00157402686898104,-0.00108361872407107,0.000976813896058245,0.0020301237492295,-0.000943681788212712,0.00161134676752347,0.00158567495717341,-0.000504180045169638,0.000264675277612509,0.000749899570126456,-3.61881586057537e-05,0.00038326744465381,0.000180417747868275,0.000410746788773235,0.000221379471281626,-0.00117814996098663,0.000152867797595723,0.000571281346096255,0.000160985945389158,0.00025164115653644,-0.000358843222281297,-5.54992532766489e-05,4.93693126197971e-05,0.000210120513773229,-0.000392672032570948,-0.00014919446484149,0.000124379671152941,-0.000169443428340844,-7.6336324627542e-05,4.93880549510518e-05,1.45664740107834e-16,-5.57795054892116e-17,-4.74290059970978e-18
"blacodes",0.128945273990479,0.0665379692316708,-0.0323754236719547,-0.0323095705008508,-0.00205409385398681,-0.00845196029488009,0.0162190413814857,-0.0177777877488022,0.00840894425077424,0.0114568590071674,0.0114276199575163,-0.00415639014528835,0.00290970217237043,-0.0074435276381019,0.00105665416577106,0.00129915443269185,0.00449751852826429,0.000232409942187815,0.000594192510557757,-0.00126307719459413,-0.00601275221209552,-0.00290124962775318,-0.00872328372933435,0.00268807741619011,-0.00484709184348301,0.00281568480777463,0.0022137051118373,0.00407744258944249,0.00395203364386409,0.000907497320621252,0.000821907980681932,0.00319796465249417,-0.00250243764367661,-0.00160527132329099,0.0014561938075181,0.00140217674710564,-0.000635778498107516,0.00111706567650351,0.000833385746931769,-0.000627790510775008,0.00166804292069664,0.000415537422686247,-0.0004630265103704,-0.000955464487054386,0.00121951750290348,0.000159757075006545,-0.00135608722149525,0.00172548345395123,0.000355040958763567,-0.000545081621344026,-0.000379449858881972,-0.00046764762534303,0.000805073855085075,0.00117085275458383,-6.77049889935253e-05,0.000816008598926104,-0.000499094196170372,-0.00026166420864195,-0.000200799595863192,-0.000110174487866104,-0.000344505066899752,2.81679606274804e-17,6.42557841795652e-17,-4.1904606883411e-18
"vassali",0.152909328857325,0.0554211106043235,-0.0218807302122538,-0.0282698799210452,-0.0132099993948413,0.012249237497856,0.0225501083020601,-0.0199033508656932,-0.00315468216580271,0.00387594431730651,-0.000431411594636333,-0.00829724624423981,-0.00618940503186825,0.000599882585006052,0.00355285061818847,0.00328850459783685,0.000690715853208526,0.00613719257745633,0.000846049585867504,0.00340273626397501,0.000624397496915382,0.00040169595025543,-0.00389086326192565,-0.00454561381342075,-0.00143595234102446,-0.000209476935958628,-0.000547983096129579,0.00295899280077064,0.000796345519464243,0.000391270974808478,0.00130259661018396,0.000925991805085698,0.000587425911242345,-0.000204807562882458,-0.000786745740429712,-0.000375308235028726,-0.00079853745841549,0.00282061027952305,-0.000489302798736203,0.000530367227907401,0.00170412289627331,4.60842726948398e-05,-0.000885054123101792,9.97925388952807e-05,0.00158254434020641,0.000498971206925217,0.00030191303059409,0.000100163377144379,0.000545698896013559,-0.000332252081100857,0.000610776645444731,9.42835210619407e-05,-0.000529743350403444,-2.89879491891516e-05,0.000239292219652548,-0.000154748386945697,-0.000143520673328534,0.000312134861921081,0.000902956399624382,-0.000178039679715252,-0.00027463312141105,3.24377616873532e-16,-1.44299597828957e-16,-6.9751379385441e-18
"tau",0.276217728250578,-0.0834975629840815,-0.0156614622074822,0.0026523723439888,-0.00394794540966197,0.047273540911154,-0.00831747369199377,-0.0352738210917308,-0.00846717496475518,-0.00454596329486966,-0.0183246509646492,0.0205753708238335,0.0127599620101757,0.0191821040928341,-0.011427072858927,-0.00395622488182126,0.00232418175023476,-0.00511909258354996,-0.00693759665624589,0.000727171927862594,-0.00656478072710048,0.00078617826096906,-0.00947624285766311,-0.000713542027860383,-0.0020691522862993,0.00903554827807279,0.00508883848869885,-0.00422430804350541,0.00866163373207345,0.00195940874999572,0.00375040031429328,0.00564802629933755,0.000789623930148439,0.00718787494746313,0.00355898000368076,-0.00309764427195388,0.0036491569285989,0.000538503712231849,-0.00246899184235777,-0.00284450881474006,0.00193637029461418,-0.00373257858821681,0.00232516547598145,0.000998852029895482,0.00147903261322927,0.0011054911036293,0.00193436449543047,-0.00086681914805403,-0.000375049650114427,1.08605851950017e-06,0.000929207201815477,-0.00103000441207392,-0.000882682249954899,0.000182095982725394,0.000193711680249671,-0.000258834844574294,-3.58886352767643e-05,-0.000638089067665973,-0.000174677695662533,-0.00040342464058826,0.000713273460695674,-7.88342895950621e-17,4.05521078452755e-17,-3.10700604486229e-18
"notatus",0.228571831943497,0.0985969372550269,-0.070347771285223,-0.19698553707582,-0.0437551512671861,-0.126875410460832,0.0288636253058857,-0.00414853168222757,0.0249985705611863,-0.0577824229274218,-0.0405188999956396,0.0122536568816892,-0.00175155629259529,-0.00339468747695553,-0.0128992953084431,0.0084378314006478,0.00228438865496723,-0.0418080150280661,-0.012614208372359,-0.00076264139716213,-0.0216206965161487,0.0123193901189371,0.0076087017771694,0.00460643804164623,0.00437697666107517,0.0133594366189909,0.00311441990023612,-0.00280860011174133,-0.00589464423102152,0.000863069999131428,0.00532198663386544,0.000722505035499199,-0.00239751025611978,0.00414821892177541,0.00339235032119784,0.00228204528195236,0.0020498224715116,0.00228271348559088,0.00238444169912937,0.00222010560483264,-0.000825660397313349,-0.00147198811556856,0.00224717703421156,0.00024110941348062,-0.000411529231623702,-0.000179563995789291,-7.20403317912264e-05,1.69172645991676e-05,-0.00148253420338465,0.00102239858437355,0.000237613561579857,-0.00180147853492665,0.000209502080740939,-0.000478353207516403,0.000525132501557713,-0.000659507792965327,0.000497859463684383,0.000644748949229373,7.46321103657559e-05,0.000178235921597956,0.000462685339930231,4.72112699219879e-17,-5.02140046498575e-17,2.20807135841497e-18
"japonicus",0.223695232951537,-0.121980083194446,-0.00507526950039019,0.0340905694103303,-0.00962556696773524,0.0152938978452244,-0.00577144778023637,-0.00428101211409643,0.0130441940133729,0.00535799915772146,-0.00891413160804236,0.00167717899245301,0.0114403086663112,0.00692175716045034,-0.00895480255476869,0.0043295180266177,0.00222366586152459,0.00758511712925809,-0.00817919818003357,-0.00247584262691845,-0.00650538255022049,0.00250286929350752,-0.00393938258933569,0.000190798581850358,0.00792446896522896,0.00797854582225489,-0.000512329562256261,-0.000713242097741057,0.000194387466928313,-8.02209674939113e-05,0.00130730987108887,0.00255535114579361,-0.00118797576100641,0.00531842717185165,-0.00143999740038166,0.00505082176332078,-0.00524312544668248,-0.000608606413498132,0.0012702229326869,-0.00204470978741531,-0.00100293443852201,0.000327471859423178,-0.000145108858216201,-0.000817476714428008,-0.00118122507779259,0.00061693675624901,0.000212433564747934,0.000349730897262338,-0.000274324023188548,-8.44777501074409e-05,-0.00142317272874518,0.000125074509781326,0.000745849083357133,0.000343401191848005,5.44548724772498e-06,-0.000436741708230783,4.90052460125261e-05,-6.80116759968709e-05,-0.00026255876209431,0.000462340868326899,-1.82002223849363e-05,-2.38476655946784e-18,-2.59345155094583e-17,-7.91037532518679e-18
"onitis",0.252426918182327,-0.0873043836829982,0.000451579686146754,0.0366056348778135,0.0078940055654077,-0.000416518387199812,0.0002262395911227,-0.0181773990960999,-0.00233478128375887,0.0102321009095662,-0.0100137285726319,0.00182431090601002,-0.00716538219952045,0.0128209348200002,0.000297968669807942,-0.00242929522555181,0.00184877975748592,0.00498766081123732,-0.00707572621773254,0.00364481318432794,0.0013352191125638,-0.00173552929207553,-0.00423463361316888,0.00284966252333582,0.00126654897544564,0.00437905774971382,0.00263035592300742,-0.000979135590407336,-0.00123000155379818,0.00160010237633947,0.00088125655467817,9.80234673181516e-05,0.00107638489168588,0.00506335504339508,-0.0016753188095155,-0.000340222715649263,-0.000990161425649357,-0.000629626713105537,0.0014699461530384,0.000248687107177615,-0.000825679322452231,0.000383016891610647,-0.000847956479970705,-0.000183376550889686,-0.00125102942555437,-9.65855873731421e-05,0.000241887843504723,0.000160561673300812,8.40627038980238e-05,-0.000844072203721506,0.000392109959259697,0.000559061581186791,-3.26498455473297e-05,-0.000202777914386173,0.000616584905688155,-0.000563269685613017,0.00047158962978868,2.49052942050647e-05,-9.4643945355314e-05,5.69480137961197e-05,-0.000360430635202583,-8.44842420363092e-17,-9.09104216821173e-17,-4.52569893285293e-18
"rupestris",0.0770911616075616,-0.0649291008117674,-0.000997907686097587,-0.000269164050065054,-0.0107068290220226,0.0242427954690626,-0.0197381089455438,0.0114715948600344,-0.012493502706624,-0.00212008209928687,-0.0068493024348669,0.00672875002778558,0.00579187161437672,-0.000998552216966919,0.000143172481612253,-0.00149271438375756,0.000355855986384646,-0.000684453096270135,-0.00147859717814123,0.0022183772134785,-0.00357430740110059,-0.00182533893769806,0.00225906647881104,-0.00151087880797057,-0.00026191122171045,0.000191604992733723,-0.00140402570524679,-0.00202093478976586,-0.0005501170561409,-0.00095969696234923,-0.00247495360069434,0.000179599846868625,0.000900945786867385,-0.00201021088664083,0.000739791107002139,6.38768522028269e-05,0.00104826428863404,0.000415741460711423,-0.000814103618199528,-0.00044702452917223,-0.000999121223342915,0.000859702562994122,-0.000401101336806333,-3.9882186942405e-05,-0.000430743891487134,0.00051487169220634,-0.00099998633882363,-0.000680966941169704,-6.12211354262575e-06,0.000128842545135001,0.00026687529457793,0.000343408759596678,8.41913844641755e-05,0.00027455965579362,-2.37482901716916e-05,-0.000433473323495491,1.78048022719403e-05,0.000377172971262205,-0.000170975641352522,-0.000262089680016772,0.000218068772593339,-2.19174020297515e-17,3.27321540844055e-17,-2.22630551510697e-18
"melops",0.235052320919103,-0.0231862543195322,0.0777235420842884,0.00695747333759805,-0.013876360487771,0.0132530254330605,-0.0132870690938641,-0.0142044081359197,0.0397214355297882,0.00492890082551253,-0.000724547777633637,-0.00464248198473848,-0.012766194744728,0.011963491536659,0.00475541174059465,0.00659040641318064,-0.00486761955617391,0.00702978612804781,0.00288848001979804,0.00787243296324877,-0.00714814271309975,-0.00269598054519199,0.00843537442666439,0.0037940918737086,-0.00911118478265109,-0.00250434997775087,-0.0011850033498382,-0.00211213876555259,0.00370101652826403,-0.00181228451442512,-0.000381101250107534,-0.0023574547185987,0.00549851194069444,0.00332404936726056,2.37632864331386e-05,-0.000932240816904147,0.00512310731805758,-0.00272697255108039,4.66333618612761e-05,-0.00396723245083656,0.00169623506081452,0.00323613263349406,0.00226517053283984,-0.00129808787844434,-0.000833936069477337,0.00248940359467792,0.003850447883551,-0.00149799820983915,0.00031914827962263,0.000461709836032159,0.00202304356354732,-0.00220806192344593,0.00364262635135363,0.000596425158813659,0.00099354928290559,0.000774493856113829,0.00055153060885637,-0.000520900644902736,-0.00110346581453652,0.000473231400601908,-0.00054769757507041,-4.01146076872653e-17,-5.785782463244e-18,-1.55346438053205e-18
"arborifera",0.263908225207133,0.140675672042011,0.185071463896849,-0.0102953023281492,0.0113986707236144,0.0264428463418653,-0.0324403462377585,0.0274214963904454,0.0203772739930884,0.00163574672825082,0.0277442059410143,0.00339682638118531,0.0103725373824548,-0.00600383116214678,-0.00885048832393857,-0.00232350909054081,0.00911744103443392,-7.82763225332334e-05,0.00501371838609121,-0.00632789719026743,0.000378494013744376,0.00452109291622912,-0.00198656023127456,-0.00188877286186527,-0.00162054970539422,0.00451838397752461,-0.00634090774054851,0.00369585138657565,-0.00231894693816673,-0.00460651056021309,0.00333523732186848,0.00106117992066022,0.00267858324461563,-0.000921794068951136,0.00455806058988227,0.00118610845550973,-0.000697143038105527,-0.00318964876421653,-0.00197446248747143,0.0062796008426028,-3.68944316344884e-05,-0.0021650169126043,-0.00318279170812621,-0.00250968367869717,-0.00288218249263826,0.0030203926217813,0.00285421807856105,-0.00043820201737017,0.00209561435018751,-1.5831268642066e-05,-0.00293269141514623,-0.000888680126746474,-0.00265164434732693,0.00053310533377,0.00175306393151613,-0.00253596529661052,0.0010763060682341,-0.000737064444471284,-0.00102776527959417,0.000282428614252868,-0.000521298243645596,3.4456979308237e-17,-6.65391591218803e-17,-2.63642917676286e-18
"diaphana",-0.12116694230831,-0.00290394395503088,-0.0202492032166108,-0.0265248876941558,0.00139529248077086,0.0326479787272408,0.0112656870338553,-0.00543915511975156,-0.000892960754235919,0.0134322551512598,0.00398650373715996,-0.0119799325334275,0.016919733625381,-0.000338837391617848,-0.0200848163116107,0.0110776879915948,-0.000595240047368236,-0.00809666926506619,-0.00478295627464966,-0.0104308026083908,-0.00111601821708842,0.00555071779141241,-0.00039564981161695,-0.001314306069675,0.00156233208322656,0.00814280356112125,0.00146209862279924,-0.00340500620204028,-0.00374972119925869,-0.00118465373041376,-0.00481405908815872,0.00428843584850619,0.00190506421999127,0.000506408317801468,-4.61605891114261e-06,0.00151765686992196,-0.00193610267523671,-0.00396325709649373,0.000515606647826818,0.00193148958366529,-0.000875268552478465,0.00238624223427864,0.00119852221181318,-0.00129260300979485,5.71523116255147e-05,-0.00227941675449028,-1.94832742889381e-05,-0.000565384370457366,0.00236031887483672,0.000881663544772605,-0.000519819441157364,0.000696876054755773,0.000436209024982677,0.000794887771497787,0.000343149537910031,0.00106399916836268,-0.000956147764894913,-0.000897677001742161,-0.00049583395015292,-2.30944689024971e-05,7.67132202725562e-05,-1.46155577272407e-16,-2.6165295873301e-17,-5.95328366001787e-20
"capriscus",0.305993869796566,0.0543310938982485,-0.0362991016818659,-0.00279338726283182,0.0514272025685413,-0.0255485125905901,-0.0229443221306051,0.0219737878094032,-0.0177485182284235,0.00234672829909067,-0.00023046344585151,-0.0297452877234927,-0.00597257073348005,0.00742883750888112,0.00323244445579767,0.00587026487368869,0.000733814038208849,0.00833782746300752,-0.00187649853142243,0.00161729850101565,0.000581523775097885,0.00310168521105083,0.00276489119444788,-0.00248629247983854,0.00126046850530156,-0.0040082441481409,0.00185820272269897,0.001326584664131,-0.00989963222668491,-0.000648984743243376,-0.0054333424451413,0.000406798848897347,-0.000237562399310948,0.0019162125356035,0.00165622694009457,0.0028250548646543,0.000240912789220947,-0.000519334954724323,0.000319289787012227,-0.00211013524860764,0.0010252830292483,-0.00225986261011837,0.00227216982443657,0.00078678099669203,0.000275061680294577,0.000493616105195636,0.000549991894704907,0.000351204382305699,4.32381661488912e-05,0.000521460983493488,0.000100594730629894,-7.16997167846032e-05,-0.00051566565712126,0.000363564468906452,-0.000602516500168933,-0.00096943166923599,0.00072656477258148,0.00038439018592167,-0.000222288152321851,-0.00020284332047486,0.000578904053809833,-3.95385376331729e-17,-8.82565001231792e-17,-5.83565167698846e-18
"schoepfii",0.099464245257212,0.068361481181262,0.000438310853902971,-0.0396001369776527,0.00838858005817357,0.0591891164363273,-0.0384216840332045,-0.0589064957630539,0.00611776854597292,0.013091912377513,0.00559617567862634,0.0227262443411196,0.00305899022649214,-0.00930487732204325,-0.0152687938150363,-0.00156378663793575,-0.0139390662953502,-0.00903315620441533,-0.0109661668319534,-0.00101022762222925,0.000162856990767284,0.00497411439765001,-0.00501127441203718,-0.00970348342119131,0.00875587834407518,0.00152556186803411,-0.0033753017512512,0.00231900896460461,0.0016811840730743,-0.0072342182156331,-0.000368756487082446,-0.000774342593096629,-0.00687908855866305,0.00384621088874587,-0.000144595255300306,0.00503877516989163,0.00578682775719141,0.000283186531134881,-0.00238470082704927,-0.00602507576680872,-0.00284236741431035,-0.00190602723707983,-0.00109854137723391,0.000484785966488788,0.0024177091908539,-0.00203672566925778,5.1960406313627e-05,0.00122470296332511,-0.00130203643190566,-0.00105863319086947,-2.57917252447248e-05,-0.00121443460781515,0.000359429047637512,0.00018118386927838,-0.000138306285175408,-0.000362528897111856,0.000318846638053516,-0.000457003256669413,-0.000491907116885853,-0.000737305607918788,-0.00020310794435093,-3.82710552431289e-17,-4.30543637279747e-17,-8.31691823368557e-18
"holocanthus",0.285517485804311,-0.110371348904314,0.0215631333840658,0.0688831566883826,0.00814882535440425,-0.0239955645883901,0.091072663268702,0.00717003378272168,0.00476529577330032,0.0275718415666494,-0.0160314914048945,0.0145126729655119,-0.0201597821212929,0.0141682942678185,0.00524531383929288,-0.000199190959052637,-0.00234028788316121,0.00426991438773449,-0.00323601296054341,0.00753258005998989,0.00324235029092928,0.00411617456860016,0.00900081955293596,-0.00593712257899492,0.0042590125809319,-0.00295256598963735,0.00389126322865633,0.00145452632167388,0.00422858022006598,0.00152478568145813,0.00165978680210198,0.000582591934796449,-0.00314965941171137,0.000883890282910787,-0.00304908072384695,-0.000847643530405968,0.000646328236678383,0.00212950296892432,0.00124217622891049,-1.72177588556994e-05,-0.000184953346590266,0.00286935985191165,0.000114866267567155,-0.00341090165008099,-0.000433937986708578,-0.000193367730313532,-0.00265089089549491,-0.000685099636170785,0.000629630133394643,0.00187528570286425,-0.000654286954275317,0.000670779001933003,0.000401422991466702,1.66898092282116e-05,0.000547408563319067,0.00144633926256773,-0.000576606846403167,-0.000745587677699693,0.000243927448515132,-0.000302927521995283,0.000516294590273647,6.04773167021457e-17,-2.36250483352e-17,-7.26092609068776e-18
"hystrix",0.228444817159819,-0.114833934948596,0.00349685321103371,0.0511649710738851,0.0101632833306915,0.0248590589284059,0.0933408764923627,0.0195435317819339,-0.0210567362669151,0.0134494563101773,-0.0266650171339524,0.0188464219135006,-0.0118897526557853,0.00885701611445396,0.0145376932388259,-0.0175972592214401,0.000705293026467704,-0.00803840379592959,0.00472686562886055,0.0015658984662372,0.00187496353853049,0.00423058225739979,0.00542274519358633,-0.0138258045155679,0.00208938353762577,0.00330876610283034,0.00462336675593691,-0.00127955724950635,0.00242447666137011,0.00135711092745324,0.0003972569228265,-0.00283319643372855,-1.08093060702021e-05,-0.00198305832386943,-0.0032534532183239,0.00167968767695898,0.00272070538976068,0.000915435899932164,0.00205509168125461,0.000898094374008967,-0.0046912335191733,-0.00089128688809391,-0.000180746633175251,-0.00185056051704248,-0.00507271628362138,0.00204020278926008,0.00108884525393717,-0.00118885709672828,-0.00108078058452868,0.000906046826393645,-0.00144904183120053,-0.000162830858857973,-0.00183846499670062,-0.000645138927728812,-0.00141684699121809,0.000816246721415209,-4.69449949594186e-05,0.000604923540532574,-0.00055987673654978,3.94404757720571e-05,-0.00103535898524183,-1.15378746018868e-16,3.91155025889188e-17,-3.64994395016944e-18
"cutcutia",0.17614029732728,0.0778881714543447,0.0302252819516934,0.00917562941302432,-0.0243793727183821,0.0459553292144643,0.0439760561058945,0.0671535588595085,-0.0471498757177145,0.00791558062310565,0.0123335311494745,0.00074787063561279,0.00390663018723886,0.00237377702690769,0.00133178143664796,-0.000959914237971163,0.00985559157027641,-0.0137284623742265,0.0101059403799522,0.00674835723096177,2.62068356765588e-06,0.00171871161434483,-0.0112167292164201,0.000396471317224761,-0.00505547949176093,0.000396318974994242,0.000549796786532599,-0.00696594813727101,-0.0121460917852358,0.00534872924842275,0.00470579453240344,0.00328953251616604,0.00528622200185712,-2.39091934420317e-05,0.000901671864113875,-0.00693429346073561,-0.000877088236910103,0.00112055945117761,0.00514774592372761,-0.003736613205547,-0.00244265661748661,-0.00223487946535884,-0.00857833366073936,-0.00134965676014109,-0.00333043126883881,-0.00119673876196465,-0.00221044636376824,-0.00143305963500285,0.00153694826725798,-0.00210952825271299,-0.000224349628531132,-0.00144240756275093,0.00431518835120756,0.000795934710758229,-5.78175188595573e-05,0.000985599576167673,0.000736501850641362,-0.000382940856809466,-7.46476273018304e-05,0.000157926799050143,0.000158474616005166,-1.33116347709071e-17,3.65979330980322e-17,-3.90012294097557e-18
"palembangensis",0.0105290855746932,0.125505542512866,0.0158125331201905,0.0433978938568038,-0.019449709212308,0.0246135271318476,-0.0250961393568668,-0.00951884717314519,-0.0628491714764383,0.0244462942247448,0.00940803668430505,-0.0183469533228754,0.0243474862404684,-0.00637669676798876,-0.00627212761961928,0.0123846614430517,-0.00365917894436777,-0.00356157944538464,0.00353756259917483,0.0100475769904799,-0.00623590903690592,-0.00218612074606622,0.00906844249379429,-5.07985083129804e-05,0.00408610320019686,0.00412271786030039,0.00934492488558901,-0.00127072552825505,0.00667700816523443,-0.00323856111602288,0.00480984235172859,-0.00123159195188083,-0.00371588701754657,-0.000860990071151556,-0.00368126742907879,0.000986983015940918,0.00601020064609097,-0.00464392389005636,0.00906834941850279,0.00161404008489225,0.00312059838027447,0.000187267227774702,-0.00120195970319747,-0.000457188253259401,0.00200629245636645,0.00139745803038393,0.000243504732634252,0.00148807166024212,-0.000749120767483326,-0.00115541146199375,-0.000643896244652808,0.000628157127628927,-0.00217528291745362,-0.000829826090098615,-0.00102608795059166,0.00196345478956628,0.00103678292385569,9.6114252815161e-05,-0.000240605014305258,0.000506759597336014,-0.000541632627220271,1.07675606381969e-16,6.26767511810617e-17,-4.21789605368057e-18
"cochinchinensis",0.261460260792789,0.0239109394568677,-0.0221042240520551,0.0659933483174225,0.00875699013110526,-0.00243518874538513,-0.038109819170373,0.00205536389672917,-0.0270645703210991,0.0142580578114959,0.00968421618643101,0.0143122186488442,0.0260694802511203,0.0116727439642376,0.00534288124713393,0.0266859199678697,0.0116646827607123,-0.0139247234061291,0.00981188445230014,0.0137344279806052,-0.000211495501643413,-0.00587843765946316,-0.00305735822242821,0.00545608587499038,0.00707815529498398,0.00445531881260062,0.00532603256473889,0.00400191868760009,0.00363333631094431,-0.00399605842920426,-0.00301545981400048,0.0054737536437414,-0.00344249751803038,-0.00455271563047605,-0.000524376271463613,-0.00286532130282898,0.00343878814862813,0.00205340574150006,0.00345217489653079,-0.00269052231395659,0.00339260924076197,0.00248404639891693,0.00216353664995904,-0.00109139320850712,0.00148517300411996,-0.00413094559967811,0.00130378195898382,-0.00164959509752871,7.68587834048388e-05,0.00246422612063513,-0.00230874894903033,-0.000188010314685399,0.000125966167039,-0.000975527204782683,-0.000717312396242855,-0.000571893912089415,0.000528650946269061,0.000151934315815818,0.000111677473777811,-0.000129236992178933,-0.000235031204858094,1.23704155229756e-16,-9.73135974832935e-17,-5.8675745841392e-18
"turgidus",0.256529061725014,0.0879772316690916,0.0927242350143338,-0.0221163669227402,-0.0434200763706823,0.0494718322230856,0.0394664030338052,0.0455709895039603,-0.00814256185621971,0.0237008796356933,0.00410557879361145,0.0167321752200192,-0.017753967389328,0.00428771840852931,0.000868557377532284,-0.0107640227047342,0.00376512210558833,-0.0198782280712425,0.00704862551369856,0.00300733897098757,-0.00314562709928432,-0.00177571261023472,-0.0156693252818794,-0.00334737093576534,-0.00625722841888932,0.000116398108609311,-0.00420839625286963,0.00428766469281003,-0.00654160921835434,-0.00575127809032582,-0.00393889865268583,0.000650321689801011,-0.00470039356178871,-0.00258572917354525,0.00269528891191223,0.00343838233021848,-0.00164483382019208,0.00159438659284758,-0.00415793288582852,-0.00648486285599269,0.000746600507966128,-0.00714517541768237,-0.00244707713533394,0.00500775745724708,0.00153166815660763,-7.23920568456198e-05,-1.91773092239657e-05,-0.00150888050738156,-0.000654588865582223,0.000336248982526864,0.00224049884337179,0.000156587294466239,-0.00178597089038336,-0.00355357536272529,0.000700164791972627,0.000823912691535134,-0.000284161939442327,-0.00182784971294313,-0.000421323787351712,0.000752111582992995,0.000169312011906289,-2.6322253743609e-17,3.62205959161336e-17,-2.22931428327746e-18
"nigroris",-0.19973652291334,-0.0267816310641544,-0.0138228673297074,-0.0062388802748972,-0.025378447844289,0.00963822341341554,0.0128876118342088,0.0473636033079464,0.026929481470792,-0.00973141898956749,0.00031089497832373,0.0231769297669301,-0.0030467372800279,-0.00577286705241058,0.00200176679399017,0.00406891246191506,0.00352683678968153,-0.00345995463842187,0.0089168150734289,0.0062260239448159,-0.00505021873467923,-0.00506196617346325,-0.00699933217753571,-0.00282200821347924,0.00240361019254186,0.00156284452481961,-0.00304356849138166,0.000104418776983156,-0.000708492764035532,-0.00453292749174166,-0.00216093461230056,0.000693130718228104,0.00263169561727027,-0.000184604289106005,0.000515333166999512,-0.000470710800399245,-0.00117011081173178,-0.00133117008096807,0.0020798664530722,-0.00101426266285902,-0.00172427168024634,0.000232046752110956,0.00138893901198281,-0.000139343087044982,0.000308534011354204,-0.0007639877009158,-0.00160817370633921,0.000302195694353728,-0.000535690017730754,0.000676188633652839,0.00036852994150394,0.000530125186673914,0.000134331229424429,-0.000131378506722014,0.000255472911799067,0.000112539582614199,0.000268391570013493,0.00144260270648,0.000507194402766242,0.000191373484881252,-2.86746944202014e-05,1.40468567784548e-16,9.34315547895525e-17,9.17070531614223e-19
"xanthurus",-0.0225498749497594,-0.0536099730819063,-0.0357343466799685,-0.00204828697475246,-0.0141895392157523,0.00791392480826802,-0.0137698257748257,0.0249830336411241,0.018949282235206,-0.00296869000617157,-0.00213014456642203,0.0082257077390861,-0.00123921514078925,-0.0113834744592506,-0.00327614577500047,0.000663436223152804,-9.10975178456484e-05,-0.000176642137338219,-0.000123305443365923,0.00268883389265486,0.00195713404720443,-0.00451053822024691,0.0054332656625649,-0.00396402829298955,-0.00164576352519518,0.00172422756900961,0.000952675608579847,0.000500944682295595,0.000600233861071013,-0.00158222227951776,-0.000306881842974971,0.00533591916374659,-0.00176084168976245,-0.00309013565123851,0.00252396542903955,0.0004823681733693,0.00160349817549835,-0.00405377885116904,0.000629254065937874,-0.000600252753982508,0.000856574868804248,0.00148568428216001,0.00202276786788655,0.00153039227688563,-0.000871458712675944,0.00107201734665076,-0.00258778265388145,0.000296017098008297,0.000789178245920816,-0.000773976193852694,0.000154506173349354,-0.000289500366780827,-0.000489610558179265,0.000432901711550663,0.000685637465877527,0.000681930766687705,0.000164012527918669,0.000274311862980111,-0.000158027291842052,0.00018458573711171,3.754882082572e-05,-1.37799715654933e-16,4.68630929267916e-17,6.71148171439803e-18
"regius",-0.0408549915268917,-0.0320641982089962,-0.0619809776538644,-0.0154757011943612,-0.0152453122551412,0.0169355442752817,-0.000624608507933903,0.00988187489244393,0.0182353903438807,0.00797395369633555,0.000514711839911634,-0.00716925186428106,0.00137972441399146,-0.00623434635394059,-0.000247685907115263,0.010209348387681,0.00187181505878847,-0.00289278962925326,0.000607391031499331,0.00309133754489686,0.00116023590291179,0.00138243105035107,-0.00193603554588093,0.00304540538115959,0.00607342937699187,-0.000778123700240897,-0.00224124414291753,-0.00138962335492756,-0.00166215704156247,-0.000771754098738901,0.00198713316469252,0.00142649810628494,-0.000493856751465756,0.000272773078107455,0.000264424500904712,-0.00176535935997332,-0.0023222687880405,-0.00162919880098239,-0.000524483060688643,0.000784193257480777,0.00233128183711412,3.84517002636907e-05,-0.000992571563413254,0.000295460826703663,-0.000321878402523848,0.000390324375757778,0.000616794769058599,3.16215709399986e-06,-0.00107177398937398,0.000907995991933788,0.000388957380990758,0.00100978829530147,-0.000346288671694945,-0.000455169418549609,0.000504798612314452,-6.51057462749093e-06,0.00035218265968493,-0.000363976273582362,0.00024618700242526,0.000170022313747436,-0.000196991382811639,1.22760830670382e-16,-5.70545584750971e-17,-1.86327746370833e-18
"miiuy",0.0225467869245052,-0.0540464616525626,-0.0806506279375109,-0.000656273089366343,-0.00195830565791312,0.0149164830459375,-0.0140361748956624,0.00202832789021824,0.00876841184423018,0.00816456756433673,-0.00100446806853625,-0.00292565489263548,0.01125964615353,-0.00650947579289521,-0.00540710639506489,0.00721263205013425,-0.00186631702866838,-0.00275111703787368,0.00327486849440427,0.00163209990731891,0.00346153199066896,-0.000145646431041595,0.00231651784784605,-0.00277624783434038,0.00175099381120233,-0.000772689566140278,-0.000635522998333782,-0.00308295369267183,-0.0021526491938272,-0.00153553445449412,-0.000188314167027287,0.00364303527696567,0.000168732425067005,-0.000990220035752401,0.000299663609142416,-0.000899882657252332,-2.94692075006403e-05,-0.00068969710049776,-0.000963936355289904,-0.00013226193085893,0.00097750932708905,0.000389275300159672,9.15554377073825e-05,0.00173428429961591,-0.00113907457759049,-0.000220857348517638,-0.000455421552453387,-0.000176920742698385,0.000449985418246516,0.000592343146416451,0.000210187714888279,0.000303810117346317,-0.000364348267095219,-0.000123889828936118,3.63863433884453e-05,0.000213222753217107,-0.000372893764136992,9.89726138651786e-05,-0.000272637934071101,0.000102632439685381,-0.000243733001806819,-6.03608751886565e-17,-6.35523768183774e-18,5.02204655684032e-19
"microps",-0.244877308766432,0.0849700761986123,-0.0698229437873688,-0.0298734363741581,-0.0593813737503008,0.00783111690550941,0.0131151775812631,-0.013529005634478,0.0500270336291541,-0.0092739503694307,-0.0127918224276009,-0.00051415109959501,0.00816864264841539,0.00507651927301288,0.0142347356780355,-0.00331206545791342,0.00359423462632101,-0.00295436863202064,0.00326354623766337,-0.00307519430674701,0.00404549458079794,-0.00674792688537981,0.00704738006212269,0.000247568895716023,0.00172048493055945,-0.000430278425369842,0.00353629232364811,0.00278896365096164,-0.00359677651078242,0.000644868208104574,0.00581744751619203,-0.0021782956914773,-0.000729082499511315,0.00261238662911451,0.000184368836993628,-0.00190569633871449,-0.00165370052074203,0.00159650359141311,0.000605138066195157,-0.000307871074326353,-0.00072741728223596,-0.00130763359685766,-0.000850431638619992,0.00101301698140419,0.00322072686247334,0.000919662538323464,-0.000173926584432721,-0.000635371704562783,0.00290466680741575,0.00021807930375445,-0.000556933408653359,4.3076368875964e-05,-0.000421379385257564,0.00118435211934146,-3.38950574384867e-05,0.00111582504676913,-4.65630068155466e-05,-0.000898925676980378,-0.000372508812298848,-0.000157146182770402,0.000210720996067573,-1.17668711597352e-16,6.84664157885032e-17,9.84187918193437e-19
"rhomboides",-0.189084648462592,-0.00664844491976857,-0.039041774125231,-0.00914753079507765,-0.00399130901751377,0.0152196766999243,0.000966714364854303,0.0123216160495553,0.0180216275349453,0.00435666955798047,-0.0121173725064672,-0.00518407230386006,-0.0134878799086598,-0.0084715275433705,-0.000788117382144444,0.000145481914553908,-0.00673399172448207,0.00251972985519575,2.47620018086629e-05,-0.000732382147797069,-0.0027073632367139,0.00148968471597356,0.000575902989956024,0.000707360174747327,-0.000299759113143063,0.00071517049314463,-0.000441756961114974,0.00092079410737274,0.0040539840657415,0.00351625007188302,0.000384109971334641,0.00180889439454699,-0.00173651842002134,0.000556345659006416,-0.000400866145066549,-0.00257987635756457,0.000482228254913372,-0.0010336282864198,-0.0023486566238339,-0.000144916949855706,0.00232289178624862,-0.00206010461855346,0.000686577888739342,0.000281361500741626,-0.000348931581662525,-0.000614868885561683,0.000409552209993123,-0.0010899614104503,-0.00018948980706547,-0.000280756551477224,-0.00196627270176913,9.69327703274997e-05,0.00031497908101117,8.35347427668557e-05,-0.000280631518858371,0.00017437976693458,0.000723622667134398,-0.00021062814594066,-0.000119487300688525,0.00015906567300934,-0.000381345431299337,-9.58699478707991e-17,-1.41434576456147e-17,1.18876164109056e-18
"australis",-0.301663008174491,0.0162006192454356,-0.0524537508855044,0.0109670395178881,0.0151457607933778,0.00558711064736444,-0.00621129625941209,-0.000970196189583174,0.0162990107150151,-0.00149883678475424,-0.0183060346568102,-0.0119216217071065,0.00858657025172276,-0.00651037608877521,-0.00911281403887166,0.010085199943665,-0.000972915982631723,0.00469397064454316,0.00512409924556123,0.00107900362415129,0.000202331993943956,0.000855050833302382,0.00344112376086148,0.00279754713922706,-0.00698823181065803,-0.00283353471877176,0.000777198832409933,0.00314615721654329,0.000516272088015867,-0.000826127685519812,-0.00115515357626736,-0.00431899387252142,-0.00224408584886692,0.0010017207076403,-0.00307090731150646,-0.00361272278494636,-0.000339029762139332,0.00269279088127375,-0.00165018070920065,0.000864200926496745,0.000359567992194695,-0.00147231356252413,-0.000408661717682089,-0.000191522366830136,0.000274359853037387,-0.00060331119441077,0.00085901809040104,-0.000309882188239449,0.000317263292293428,-0.000260668539949927,0.00127415184552441,-0.000703483944556041,-0.000176010177327052,-0.00118351195399987,0.000176715744904981,0.000315459598096183,0.000596829940497652,0.000144264198612879,0.000156493318560801,0.000157290999140642,-0.000188071830747724,3.96626484514922e-18,-3.71370064427928e-17,-3.28298065703911e-18
"aculeatus",0.216725600662234,0.0163518004940062,-0.0857583484868021,-0.0181501444659608,0.0132280847099311,-0.0195132056238542,-0.00362526071582356,-0.0237745795943665,-0.0479165541678066,-0.00756334263504503,-0.00159691664333238,0.00119303499063531,0.00530227364868031,-0.00146985340997308,-0.0117148374156758,0.00834561778083136,0.0046252336432793,0.00564792692321601,-0.00704441590466463,-0.00969492909749898,-0.000190051515282251,0.00847356383408596,-0.00409671338625144,-0.00493905161274019,-0.0055991369631632,-0.00859636806538087,0.00467150671107788,0.00151225927130072,0.00517566942243585,-0.00023341978859929,-0.00105667068193782,-0.0011217385147288,-0.00143665955734385,-0.00098721930147255,0.000488775293582052,-0.00173797243473622,-0.00287980210148699,-0.00119049641095817,-0.001237592178577,-0.000184489090234285,-0.000179843259070782,0.000628608371178309,-0.00167142640555609,-0.000239498053734551,-0.00129015984171605,0.000330129255864489,-0.000938220445244348,-0.000643777864161629,0.00195251372580861,0.000296301632352856,-7.60122767805907e-05,0.000102331392872654,-0.000249688042583737,0.000709285929736169,-0.000123866431675465,0.000524851463524494,0.00017631136706062,-0.000468905729766095,3.82964823438425e-05,-7.3767344888577e-05,-0.000160091559890311,7.90914162720573e-17,1.05328439850448e-17,-4.37049675412361e-18
"chrysurus",-0.179350603347495,0.024245282107644,-0.0481752998285338,-0.00875657802754429,-0.0120772169608608,0.0232614551320877,-0.0202713228852962,0.0157397931501168,-0.0127949247159838,-0.00341760232333462,-0.00670497148856377,-0.00923983696379571,-0.00468868023750329,-0.00542382334833737,0.00350148870750271,-0.0010915579246892,-0.0035424887912466,-0.00110019742197148,0.00366390708103104,0.00631349823104156,-0.00662103010763905,-0.00785891555812908,-0.000985523209698101,-0.00324012426787064,0.00163270128325628,-0.000557876343820586,-0.0055111693159934,-0.00167177253257005,0.00148122291706602,0.00505596707856489,-0.00303889937198753,0.00493942400084557,-0.00411669237670851,0.000976030873474877,-0.003752729744889,-5.00089578449074e-05,0.00216525202378579,0.000625687336721927,-0.000245803739866256,-0.000445244422796815,-0.00173758368833218,-0.00106812688534228,0.00123317864392196,0.00206403356127701,-0.0019611785059979,-0.00106390954657759,-0.000443008137273744,0.00177812618388075,-0.00129923015027563,-0.000864338498132817,7.39476706801688e-06,-0.00060133739639866,0.00152166585447986,0.000511114493317901,0.000905468800489134,-0.000357959850211989,3.47063952290891e-05,9.90485785651054e-05,-8.73680416132763e-05,-0.00117899531682738,-0.000669278167132537,1.51393513699223e-16,-3.3634477669503e-17,-4.0266666272971e-18
"peru",-0.152343170178527,-0.0277818476924469,-0.0982356351267736,0.0134329046145685,0.0234107257079973,0.0167049532530494,0.00424444420411269,0.00944764004282282,0.0192599998946732,0.00701628974249095,-0.0112552574892225,0.00172013925286681,0.00694758102183744,-0.0061780826567134,-0.016432344849916,-0.00553427019452287,-0.00512564251636376,-0.00118534480888661,-0.000158406341040782,-0.00209121756434378,0.00542465683765294,0.00237259753389878,0.0111771811896041,-0.00355337991730812,-0.00818735956284546,0.0053049341025703,-0.00234503674195914,-0.000707478233514027,-0.00308804391527726,-0.00143778526801838,0.00057172616264704,-0.00103772431742293,-0.000539022279639328,-0.00372980333139272,-0.00203009630594506,-0.00191311355439435,0.00297668386044248,-0.00214435793398235,0.00138138592296914,0.00117636223587799,4.02285875040893e-05,-0.00143141776761943,0.00132165529067125,0.00188065981585242,-0.000954627957353894,0.000201321640187818,-0.000101914301527863,0.000280584801789422,0.00142681660533772,-0.00136753235314731,0.00108687749505171,-0.00104665381474267,-0.00135720589877646,0.000982210540706655,-3.15697873123289e-05,-0.000150655307041256,0.000380593421821849,-0.000655103071346175,0.000385731722342343,0.000264295717752626,4.14113040623565e-05,-6.67549652613951e-17,8.12822961529804e-18,5.66122600682845e-19
"russellii",-0.29375360422749,0.0419893101068258,0.0119503833948132,0.00420320189262579,-0.0136266379024461,0.00143524388639093,0.00702187336954813,0.0221174921969258,0.0126335779812354,0.00537961259500333,-0.0096098376438588,0.00814690129217296,-0.0261343141609738,0.0102303786141302,0.00487973007647207,-0.00127542619635031,-0.00347987046821171,0.00591733247830418,-0.00100215454062606,-0.0121967855761817,-0.00126714294965584,0.000720667494878324,-0.0107820996230834,0.00293444325945569,-0.00338428561182603,0.00288253468740231,-0.000210844723110621,0.00541988551929728,0.00224827328605305,0.00321451507780073,0.00224609011790102,0.000279395604632849,0.00257292021055575,-0.00082192125575442,0.000267484789140951,0.00345164988467619,-0.000285606871040646,0.000174821697397202,-0.000311784235436534,0.00228763361568994,0.00246569742931508,-0.000406438253448728,-0.000839005582555465,0.000391293992633324,0.00179947909736826,-0.000927546321494887,0.00237729753732752,0.000214947129102884,-0.000334634684742833,7.63991083143283e-05,-6.26881020518739e-05,0.000708603036025846,-0.000356857603509472,0.000866471375844422,-0.00030149809125099,0.00012996307250428,0.000402874189454917,-0.000419083381679916,-0.000842978542456952,-0.000410544657596021,-0.00026459847036428,-4.33394400508944e-17,2.11102029218006e-17,-5.57792538538052e-18
"japonicus",0.328599537393908,-0.0913928908118928,0.088187850985075,0.0868650542480578,-0.159581161293335,-0.00619180070333776,0.0228586203519526,-0.0367206849715401,-0.0354042219742911,0.0197349365419231,-0.0128651144307128,0.0313299080608632,-0.00852539713799788,-0.0207563586581325,-7.68664251998998e-05,0.0125166854054229,0.0289589873973771,-0.00115456679890937,0.0515704290203918,0.00491070483706295,0.00874894737221128,0.022180626195278,0.00873340227915943,-0.00275410736297362,0.00795226757826252,0.00332744772193246,0.00387809735054759,-0.00376383415243132,0.00264542828039368,0.012336684896109,-0.00389847768407919,-0.00492889920319783,-0.00343394713649627,0.000750541542443498,0.0021216656664555,-0.000223731905352364,-0.00547325509969915,-0.00320383313638872,-0.00196813135372243,0.0040535217462517,0.00247691617061206,-0.00125773173408931,0.00348134164439261,0.0016686431787438,0.0027478630192786,-0.00172355556750671,0.00101663557623522,0.00274647331138525,-0.000875089553090411,-0.00300068117874069,0.00177393894431483,-0.0010137634488761,0.000916770405615644,0.00111685487401517,7.06874140946306e-05,-0.00038066062107392,0.000301434093914953,0.000170854958463032,-0.000912861250324722,7.91983317372123e-05,0.000426743924316161,-2.40061498310756e-17,-4.30709266117841e-17,-3.25394072016566e-18
"tobianus",-0.0414264513455214,-0.0816081713501543,0.017970879947974,0.000621520680809853,0.0202931668093349,0.0129886797999086,0.0244900183273501,0.026985930670584,-0.0095993132973701,-0.000992080357768137,0.0114258205803946,0.00212470408722869,0.00598324678540932,-0.00344484252473993,-0.00564310578662851,-0.00197332718889053,-0.00103272617809545,-0.000463842939090275,0.00105395100942535,-0.00285874223376325,-0.00803269914492453,0.00140117947204844,-0.00166231630149013,-0.00190789426617939,0.00757180254945001,-0.00540290053521485,-0.00332322491002787,-0.000666288330252339,-0.000467485058844889,0.00218939262258974,0.000110657833802751,-0.0013215537393837,-0.000260411032887779,-0.00107695465905217,0.00149035023143526,1.95790539300019e-05,0.00151545716117333,0.000670133420667783,0.000742704725207048,-0.00164539628847475,-0.0007002914451895,0.00088985610864607,0.000870328301524937,-0.00046080226305849,0.000693267930873983,0.00058825544041027,-0.0003548610906226,0.00048697970905008,-0.00045010240337232,0.000921903911819276,0.000399571891503625,-0.000449732766504831,-0.000705260507029155,0.00138361164247476,-0.000383308034414274,-0.000716982585862163,0.00052068258378326,-0.000647568427274716,-8.01079296175785e-05,0.000189563220124289,0.000338425403955634,-7.45578021856992e-17,-1.34392558963513e-17,-2.11246726798667e-19
"hexapterus",-0.166367061135271,-0.0401429364923713,0.0169865249447541,-0.0105645325513267,0.010407197235982,-0.00724459411408412,-0.0147527426653789,0.00218088517251862,-0.0148953322836694,-0.0091430648882418,0.00272117385221884,0.00871483591710063,0.00210898675168686,-0.00852533634608966,-0.000675054445994819,-0.00791714042832244,0.00169707740974053,-0.00441594346013256,-0.000892810951145477,0.000635245850418812,0.000537987739374602,-0.00530679948962113,0.00043205733281429,0.00109654043583847,0.00192880935001959,0.000257910918729399,5.12513834766501e-05,-2.2098866147522e-05,-0.00136473051407733,0.00190918283648066,-0.000379105554230848,-0.00194442692920198,0.00139794709395696,-0.00032631865729318,-0.000975910491407699,-0.00017579405515171,0.00171318076803937,-0.000139128473676818,-2.74672197188423e-05,-8.63231417081571e-05,-0.000171168892183882,9.25313664638454e-05,-0.000854538618560208,0.000773417642354492,-0.000122559229547787,0.000362087956018047,0.000418957532134362,-0.000191856224163944,-0.000171362453172163,-0.000161333989620914,-0.000193301846901127,-2.64365568976686e-05,0.000440120474981022,0.000201324398444684,-0.000417791602854951,-0.000307389210375414,-0.000275203101245331,-0.000236949216376265,-0.000135372559722279,-7.56625219629884e-05,-6.57482924917736e-05,2.70775346629723e-17,4.10708778562403e-18,4.77250690816945e-18
"gilli",-0.12713276773975,0.00375702655727154,0.0221545160218459,-0.0126270356279879,-0.00465851448710199,0.0173468178300921,-0.0155288557582266,0.00990436793612027,-0.00656413107027385,0.00432231498150617,-0.00206889953219338,0.00220406231639086,-0.00335478941586446,-0.008065372655903,-0.00745584313409649,0.00374545409442482,-0.00217895264968083,-0.00196728973847249,-0.000103679629257124,-0.000787486171675639,0.00102736457270623,-0.00164352849438458,-0.00308721523570346,0.00149445291397361,-0.000424933914807231,0.000103164086984927,0.00239204321975607,-0.000703497142348706,0.00137340536757392,0.00183867925814557,0.000125830346347742,-0.000323688157468291,-0.000302213386138713,-0.00129319658843352,-0.00180675461491219,0.00144353850686184,0.000774731710923964,9.8118150818352e-05,0.000630295653581076,-9.26055601997716e-05,0.000515729680251422,-0.000614522229076271,-0.000391592443578531,-0.000430787402642842,0.00116329812929262,0.000667295854602911,-0.000479993018711483,0.000265932146850754,0.000648980976543139,5.622380282351e-05,-0.000639451558393784,0.000177361508705612,0.000520834062965066,0.000192679980627435,5.98879566470451e-05,-0.000158666805825468,-0.000540024362716701,8.41776998283151e-05,8.79593020980816e-05,-8.39925437375478e-05,5.12615690425588e-05,-3.41352843418836e-17,-2.57503298161648e-17,-1.03901964955772e-18
"japonicum",-0.0613292857440551,-0.0526848557277799,-0.00360337465873348,-0.0286985099111754,-0.0463566352532079,0.0139675669087905,-0.00944152363521742,0.0144735195091844,0.0159452225750094,-0.00686965124918289,-0.0018521523128698,-0.0150450031389227,-0.00953175006322519,-0.0103983022448713,0.00480159957645303,0.00961358958356245,0.00151252997644302,0.0033699221429504,-0.0040625439051052,-2.29151357815431e-05,-0.00134597411434584,-0.000492690230612415,0.0016861400998866,-0.00194248700846659,0.00143220921038432,-0.00265059476164773,0.0018348031786408,1.80811070921637e-05,0.00286129827800518,-0.00262779759073282,0.00202508004614776,0.00392959461681369,-0.00191408250866858,-0.00145586598441139,0.00277800605794326,-0.00235825382144153,-0.00143255194692367,-0.0008661805940838,-0.000335649805912384,-0.000669396522982646,0.000568007413836361,-4.60798660070683e-05,0.000271361362093002,0.000634414608390454,0.000211681210741616,-0.000546048296242842,-0.00149622560292219,-0.000463118504549468,-0.00173957493434816,0.000739104275731236,-0.000327253618953692,9.89170084311487e-05,-0.000100988848797517,0.000494990435636396,-0.00016212531731779,0.000266920743870234,-0.00032912149677071,0.000207304550785838,-8.26755344846102e-05,-0.000105858811424016,0.000232086864496517,-4.06150826282766e-17,2.38674385939554e-17,4.48925499362361e-18
"nigricans",-0.00619999241692492,-0.0412444252287952,0.00608201811707557,-0.0132026510944482,-0.00259463973878985,0.0126486212094039,0.009747849919621,0.00306026670297918,0.00718137385543127,0.0137173330165487,0.00241555467045155,-0.0103521341404628,0.00556484146294045,0.000522185576725705,0.00291050520713011,0.0088797122922387,-0.00455920963168082,-0.000287352645584769,0.00333535259558113,0.00227841718917655,-0.00785831387438444,0.00196363926253413,0.00192069893787537,-0.000805766273700623,-0.00112573751712276,-0.00163346629321607,-0.00424505110601457,-0.000646950512222976,-2.91223873862859e-06,-0.00243946048442826,-0.00214006975463384,0.00076640535529735,-0.000104415196737564,-0.000657685887378595,0.00202196685419161,-0.000511974849325078,0.000697790855905932,-0.00045111241961879,-0.000292851681105722,0.000596142762068048,-0.00165024431612332,5.72069843930055e-05,3.69014838643932e-05,-0.000945045789956614,0.000299022960108786,-0.000126465333624721,0.00016484524828168,-0.00106738728772267,-0.000230299965079387,-8.23347476386862e-05,0.000594842214539326,0.000417700970789424,-0.000302557169460562,7.80878653269456e-05,9.80417921418426e-05,-0.000208228491155314,0.000236570832643717,0.000199832579092837,-0.000226131572309327,-9.37225266815524e-05,5.96824861497544e-05,-6.78995751182769e-19,6.2934756076358e-18,-3.10482887433743e-18
"cyanellus",0.160241279567773,0.00804816749315251,-0.0385437631835557,-0.031196049394865,0.00496337710195576,-0.0337653362041836,0.027008550687073,-0.029594675130861,-0.00802001237639844,0.00100187217758131,0.00739706974792447,-0.001590300783352,0.00814901928828335,-0.00678181106982479,0.00225457821843024,-0.00380367139829986,0.00221727203921869,0.00429008099838082,-0.00267966027100852,-0.00374337053891134,0.000131432320860175,-0.00261339966674772,-0.00713918754830894,0.00113083836581135,-0.00708945278364319,0.00174496022817649,-0.00266045948331884,0.00124709584401852,0.000471426793408938,0.000847284887589432,-0.00410004072619246,0.000822257851710246,-0.00158306074838388,-0.00541050162096546,-0.000542977272391261,9.12247416674578e-05,-0.00216323416668697,0.00086999936653827,0.00216447463292185,-0.00044082735752515,-0.000828293622062885,-0.00143233133129706,0.00109913729127819,-0.00200292273503458,-3.17936647004153e-05,-0.000288925922753512,-0.00385178195308498,0.000312163004577743,-0.00211002609093918,-0.000752366432950135,-8.33679257839345e-05,0.000716319772494256,-0.000746817721592896,0.000577663652743226,0.000246950307053727,0.000639874061913532,0.000146720705113905,-0.00064706389763192,-0.000795546314776848,-0.000502374005860387,0.000623433527483721,-1.23808350249495e-16,9.50092458915508e-18,2.09109055983799e-18
"macrochirus",0.0848926426330533,0.00371530176045761,-0.0462133563731416,0.00361895260422058,0.0129660476803073,-0.00262652369809129,0.00576704442710869,-0.0222863146867494,-0.00169164600001463,0.0160329885419791,0.0124443577432543,0.00733487897924415,0.0188037744370581,-0.000249842169754445,-0.00145376210399259,-1.01907363308287e-06,0.00177832131833665,-0.00787680605118348,0.000551842997099037,0.00152660815171837,0.00931327055723411,-0.00022235021445833,-0.00277340493499962,-0.000500623107891906,0.00231062819740629,0.000402685671016907,0.00153012037734172,-0.00114595238175202,-0.00431844730167073,-0.00163703644302636,-0.00257028461909849,0.00320624357015308,0.00207753710877828,0.000259215485907456,0.00126534411806042,0.000616429307589063,-0.00055727281140491,-9.23037068140169e-05,-0.000735348285550442,-0.000724630901114714,0.000470447547211301,-0.000580963889830497,0.000432900604902205,-0.000728730512473557,-0.000755646034794319,-0.000623845263130314,-0.000390836319936505,-0.00200650029459132,0.000607481286646359,0.000242110039891073,-0.000587390774358209,2.02967854208156e-05,0.000590622148474679,-0.000581620942752409,6.90933985942804e-05,0.0003719261899516,-0.000331114072462874,0.000589845968202024,9.47175212116906e-05,-2.96680839593737e-05,0.000440500204375593,-9.99703030061434e-17,6.54679617447372e-18,5.33313451822503e-18
"megalotis",0.0956224924508974,0.0100878528755747,-0.0510423287297964,-0.0382247587732005,-0.00805131975232198,0.00553145795028811,0.0307085095863087,-0.0279945602813236,-0.00815480612680047,0.00616639213760632,-0.00387371537268101,-0.000769012755533892,0.0109800762124908,0.00234340090175191,0.00442615789539794,-0.000633367566186399,0.00345417201780366,-0.00388469021557359,0.00337236927272608,0.0022303277834063,-0.00293833307300489,-0.00511528397331891,-0.00911865779611284,0.0014159359725211,-0.00286099572584463,0.0016895108327319,0.000824397992091434,0.00383060618469278,0.00224090228254738,0.00193509933951847,0.00046828805312681,-0.00137239097108404,0.00106704040357389,-0.00134737282421804,0.00213021836271105,0.00129783305152855,0.00225624129916401,0.00187044275576907,0.000761977482379332,0.000694588139178108,-0.000951479276651887,0.00169741165650097,-4.99250025597651e-05,6.89802293640625e-05,-0.00277119171084618,0.000183369786576493,-0.00117295826147278,0.00128642273512431,0.0010812882620727,-0.000170689977955545,0.0014594515613228,-0.00014765585229603,0.00027381098292673,-1.27872770165741e-06,0.000846116432692023,-4.06182842906835e-06,0.000456031951331487,-0.000188196585860418,0.000424941251441475,-0.000146194814917003,8.05611470441989e-05,1.0854763132587e-16,-1.81035459818131e-17,-3.39051664043063e-18
"gibbosus",0.163431822717877,-0.0155771320698408,-0.0542389983527658,-0.0145732565571251,0.00138654025238058,0.0121716549283671,0.0362005549634315,-0.0108349052549813,-0.00852815687467914,0.00374232478147974,-0.000835463297917173,-0.0271735129712673,0.00157442028327822,0.00269871339012282,0.00431905309141476,-0.00605656451086002,-3.24460448028665e-05,0.0144082922684955,-0.00165494289345789,-0.00565621585913458,0.00375334604383079,-0.00232206308424092,0.000530840194529181,-0.00538965874063636,-0.00110368734996378,0.000836957694757028,0.0013824844220157,0.00227265963692417,-0.00451528339350277,-4.64836866799834e-05,-0.00208473760111657,-0.000114513920394435,0.00363979184596471,0.00180283637696675,0.00116473005269075,0.00031457365464567,-0.00105576117051777,0.00239284089025063,-0.000294273735508916,0.000113295866934419,-0.000614697486049725,-0.000176189406648249,-0.00033615084790145,3.11758006434906e-06,0.000229653384146744,-0.000934386972667969,0.000623562447647155,0.000280488805422042,3.67366869824485e-05,-0.0011837174795243,-0.000155664305855551,-0.000531696719315808,-0.000163910290184536,-0.000188306741430503,0.000643563777408938,0.000628585774963659,0.000475305896050113,0.000607715934279829,-5.44635043271123e-05,-0.000375453082169892,0.000435444132932932,-1.68637873939352e-17,-2.90414833120201e-17,-8.76214325951076e-19
"dolomieu",0.180603671249054,-0.00462956860742439,-0.0371083344208899,-0.00609836834104083,0.0118479638908778,-0.0243330166559995,0.0205977883959282,-0.0218104918278905,-0.00921314892273548,0.00841090732010967,0.0086553132376441,0.00334015969318713,0.00645875202767417,-0.00184976039218422,0.00561377427599142,-0.00639540146444379,0.00123390095949059,0.00358047700756226,-0.000199844360939995,-0.00226037041377253,0.005500496681858,-0.00164028083982767,-0.00557987057941716,0.00260379122350031,-0.000946231295426865,-0.00111553834652512,0.00120968014913338,0.00395397306935026,0.00131557730302958,-0.000251237000175037,0.000451918075737069,0.000536081262877496,0.000210897507539885,-0.000339789588071608,0.00281525431704917,0.0016276655559801,-0.000406294565047924,-0.00164009545957401,0.00105871547313775,-0.000937413077130355,0.000185601651948971,0.000633319527260236,0.000115267614366416,-0.000190408009910663,-0.0021374209887164,0.000107879231090607,-0.000122196626114104,0.000537433238049736,-0.00156351575313733,-4.57643080075099e-05,0.000514265275053897,-5.09481379943677e-05,5.40573335672477e-06,-5.45577706802253e-07,-2.70673509387664e-05,-0.000258102914361335,0.000748655678343917,0.000687413813574366,0.000268214210835402,0.000228192014013885,0.000119108098325263,4.35565838387163e-17,-1.87887527632128e-17,3.21082848300898e-18
"salmoides",0.0890195709215208,0.0191916718218949,-0.0628103786898307,-0.044685424637654,-0.0132007047733743,-0.00272590914480366,0.0349533007378629,-0.0192325407418946,-0.00433173907214367,0.000873418937815927,0.00155918427773678,-0.00200867617907928,0.0114588982950691,-0.00430548288014489,0.00499501384894496,-0.00906375626744138,0.000974250913778274,-0.000738357680902659,0.00221877616100061,-0.0010668926129559,-0.00103090418588748,-0.00678408471522878,-0.000992401677052174,0.00241147517279376,-0.00458364176657124,0.00413443349158851,-0.00295195819669059,0.00564828276068417,0.00116216889699556,0.00216894700196346,-0.00204668114489893,-0.00417449106596861,0.000790310063044309,-0.00266066063954931,0.000284651831872133,0.00130267073639017,0.00141780947129677,0.00116910235623647,0.0012810181606771,0.000250539737859109,-0.000693087089150256,0.000241416478084068,0.000610759819435841,-0.00138559827606371,0.000342269169445678,0.000117544795423786,-0.000843405221414418,-0.000110540397943361,0.000823329656673447,-0.000308566508115003,-0.000181550820164794,-0.000369078948653377,0.000552358188531581,0.00062665519269502,0.000259260223923906,0.000252084153883049,0.000492333794839136,2.68431607698172e-05,0.00031858239837485,-0.000143458972153368,-4.8850629827674e-05,1.02763028514615e-16,-2.77363344427741e-17,-2.48630116846513e-18
"vipera",-0.00492345830049594,0.0559419740038023,-0.0907637393858265,-0.0355172182446033,0.0227678183492823,-0.0176294052689004,0.0302078527292161,-0.0156725369209901,-0.0289224540554357,-0.000774043332501145,0.0073496727204632,0.00831955498708828,0.00612228468329378,-0.00279488993552392,-0.00691897946596678,-0.00612322381867418,0.00262772094423602,-0.000418048579802544,0.00276764432866509,0.00222193904119604,-0.0031891669009017,0.000799384940383758,0.00337192287675979,-0.00400284776004204,-0.0059533308633723,0.00148771979014673,-0.00294138126043153,0.000511733109618075,0.00638406793141373,-0.00210703173347261,-0.000198997078152795,-0.00214529698726274,-0.00069869497604042,-0.00248405326138111,4.73534604528462e-05,0.000250072159901656,-0.000371067291729361,0.00157842399258334,-0.00207873788698268,-0.00166631969657779,-0.000230630012982715,-0.000664194013709396,0.000218257898547902,0.000571862351924378,0.00188521105226012,0.00247198556187194,-0.000505631165844272,-0.00169317785184463,7.28165364060609e-05,-0.00123564002643221,-0.00043736630395457,-0.000251190667180078,0.000132375187763842,0.000171723661211946,0.00020531574618492,-7.09047652336935e-05,0.000276844982802196,-9.96319679610884e-05,0.000932093380863174,-0.00010213970453532,-6.74815533857302e-05,-1.35193681710797e-16,-2.58000558135623e-17,3.35360634665834e-18
"nigrum",-0.0248610470937255,-0.0206017953798539,0.0215235966734234,-0.00260077984859511,0.00588515790848881,0.0025919599208782,-0.0207646149076207,0.00209132946898665,-0.0101679303143932,0.00175616266387201,-0.0018308985591338,0.00364369518444701,0.000443376042552122,-0.00812490884373577,-8.44133469506557e-05,0.00131879804952622,0.00248896891839643,-0.000757626065155779,-0.000492880011672231,0.00531034040534495,-0.00210217125767394,-0.00295401876513903,-0.00358367777396113,0.000857081002338284,0.00132594827294776,0.000923954161536122,0.000929917563864433,0.00232357064135047,-0.000629926043792201,0.000525608127024483,0.000133133548858084,0.00116764983691346,0.000938351993062856,0.0014013357467176,0.000346725310666111,0.00149471281427881,0.000343113453799795,-0.00082736149111991,0.000105394207172578,0.00059082695173914,0.000696823718805385,0.0011393195503366,-0.00124901073172919,0.000236609999021115,-0.000773339434516867,0.000740201160036997,0.000127968973507215,0.000170109152293595,-0.000317316449463986,-7.74445870854933e-06,0.000134524945232578,-0.000193419327730388,0.000397507079472293,-0.000336717405143581,-0.000461641471646746,-0.000174296390069447,-0.000402848001858553,8.50590368313383e-05,1.5664729214507e-05,2.13529341592146e-05,0.000112912653466439,-7.15432047424809e-17,5.17362711822779e-17,1.58549201299615e-19
"radiosum",0.091198531447209,0.0837166103493923,0.00634081142091978,0.0078704523760407,-0.0131371911605644,0.0329915754242119,-0.0438495744592324,0.00929794796976208,0.00390960104901581,-0.00630587324356685,-0.00105408624493616,-0.0030318663746827,-0.0047291653684439,-0.00138222031890364,0.000984685954190976,0.0115514808956522,0.000576499589030294,0.00375836571326747,-0.00610630114578857,0.0054258586692754,0.00313598194901624,-0.00157842759910239,0.00597552504921248,-0.000515257945855364,-0.000201755561039349,0.0027456420693312,-0.000738936916968317,-0.000328252073140404,0.00119752764820041,0.00622542343354543,-0.00186028387337525,0.00112807669327391,0.000954921235289514,0.00345474729900775,-0.0017732904220811,-0.00216856065681636,-0.00251078473646272,-0.00183165170776422,-3.63812485191159e-06,-0.000608631089539229,-0.00075098195874204,-0.00356112253450941,-0.0018345006163023,0.000316953766987177,-0.000558475752670611,0.00143665961980635,-0.00368217994677618,0.00242446885259387,-0.00125275130551871,-0.000269291413573993,-0.0011783205298697,-0.000734687450419838,-0.00235250876287027,0.000206295973891494,-0.00196445297678356,0.00113234022939454,-0.00108863856661029,0.000607302894593524,0.000651683744552933,0.000705185721374804,0.000872574795793049,7.13415902099342e-17,-1.71633107261312e-17,-4.55451314063734e-18
"crossopterum",0.286105115260258,0.00394239590526363,0.0146414684692965,0.0825103756602178,0.1401329072769,0.0594199508701896,0.0243177481426347,0.0355990596280553,0.0176057084324471,-0.0619669201307838,0.028451973446202,0.0220950530340245,0.0167861470054642,0.0133424774864423,0.0204013878795337,0.0295745950209133,-0.0156314547975893,0.0015504179636784,-0.00584814094397733,0.00474923107164747,0.00905082195311119,-0.00985435428009883,0.00781892041618961,0.0073048660156702,0.00410905859112589,0.00928826671619958,-0.0034873779748053,-0.00803365106614188,0.0130892509042979,0.0134256538247952,0.00313876528512747,-6.67524990527822e-05,0.00220377585063574,-0.00256260335525741,0.00590077541247079,0.00192812890677274,-0.00357517919716511,0.00340467986204927,-0.00224961588341076,0.0012561246753598,0.000433232495477329,-0.000591851310836195,-0.00254924257343212,0.00185165737805094,-2.43737953729926e-05,-0.00393440866816917,-0.0022234213292926,-0.00262248651065541,-7.91955464877408e-05,-0.00215314583338191,0.00103456582375309,-0.00242583703302343,-0.00103684626170009,0.000743868352860302,-0.00163163989508109,-0.00147860498475182,0.00126984444885272,-0.000297943045029091,-0.000614016586024177,-0.000451445373384858,0.000205835592243506,-1.26293494122046e-17,7.14596500969387e-18,1.60948939912085e-18
"flabellare",0.0349647068520687,-0.0418650163665284,-0.0123908162476274,-0.00387309306788345,0.00060699117751353,0.011679985359304,-0.016171778477058,0.000542172861300579,0.00143444985506734,0.00798104586405097,-0.00744693160145246,-0.00802039715404965,0.00147447989545502,-0.00633715709798214,0.0021282636696739,0.0053332726552179,-0.00420584762716833,0.00270319723980933,0.00408506426191637,0.00182957958483944,-0.00478983124213167,-0.000760391625522988,0.000754948353416345,-0.00069589837685659,-0.000933213539595084,-0.0015652216479383,-0.00333043578257019,-0.000162926266249953,0.000761014813887912,-0.00130003161211828,-0.000432777235812609,0.000745242115687548,-0.000679773321883707,-0.000656633078398055,0.00125700364844617,0.000450059546104216,0.00106785610406337,0.000280623401064936,0.000223597805354291,-0.000459125290918714,-0.000768535919600849,-0.000196121425694952,8.7879934059338e-05,0.000290517906706122,-5.8247348124102e-05,4.27159225679124e-05,-0.000575064603923345,-0.000518141644756704,0.000638503229125401,0.000175159269702953,-0.000229557171505073,-8.00176126432023e-05,-0.000289516711052492,0.000643854198752571,-6.74198423033055e-05,-5.14111893537806e-05,-0.00013274569793234,0.000116097638952002,-0.000277436908056878,2.00716906463361e-05,-1.37877244594411e-06,-9.08101657734583e-17,1.12799118292977e-16,-2.85676605829836e-18
"coriiceps",0.423012342432171,0.0424010045221856,0.0388332372917089,0.0240187963386537,0.0179843797287248,-0.0426140366074068,-0.0133234858186674,-0.0104836683723649,0.0260072363238778,0.0280247695528532,0.0240638508950998,-0.014235268256694,0.00158383780067376,0.0196903794649415,0.00214382567018024,0.0192775525287041,0.00645270801926328,0.000639326298721818,-0.00299961948657349,0.00480846948045583,0.000575961482834294,-0.00407035452176764,-0.0106725242679631,0.00596094113283838,0.00506757879180698,0.00355418196772488,-0.00523145288925984,-0.00511424917806395,0.00569572330094992,-0.00250162872899612,-0.00589881843980183,-0.00559994988759279,-0.00229698948683959,0.00125823354737654,0.0005941965210704,-0.0031940110637442,0.0028019371019389,-0.00441313668267777,0.000122429713429286,-0.00125627566018148,-0.00663990159445936,0.00372908652884453,0.000329738091568734,0.00370704416945658,0.00138174352225074,0.00159936009182266,-9.13462972935678e-05,0.00041670844837182,-0.00119066157589999,-0.00207367697422438,-0.00164217477575654,0.00153959108940723,-0.000208923421266516,-0.00163872351953818,0.00122001467609939,-0.000450100387399534,0.000657017965194919,0.000844113996286407,0.000349637344549492,-0.000178983882317999,2.69058323931018e-05,6.82521592600154e-17,-3.85480549451177e-17,9.992186838104e-20
"bispinis",0.470348874655262,0.0458194358374852,-0.0593966857210027,-0.00324994130713227,0.0663334505307081,-0.0424353383199998,-0.0991512541458137,0.0437377262349129,0.0184892218982864,0.0313227155277853,0.0215155049742809,-0.0164913135860534,-0.00273524840745419,0.00267565720753225,0.0131712235535181,-0.00749740462490814,0.0100726720841119,0.00320843927758987,0.000710931779128174,0.00157548643125851,-0.00891618228726409,0.00108193167273317,-0.00159031954608733,0.00458390860415158,-0.00650236184827185,-1.38613993494317e-05,0.00204259384383984,-0.00307175137669283,-0.00173394411469209,0.00115001895634364,0.00206437345925232,0.00497185199812879,-0.00646732458509889,-0.00268201753938396,-0.0051746456872001,-0.00144008200426493,0.000363393889699834,-0.000677730166058813,-0.00210648454506385,-0.00123971637397436,-0.00176324083716852,0.000623185731855242,-0.0027384400053365,-0.000835069166877536,0.00296317400160509,-0.00221514955899143,0.00273926769170645,0.00272230586525726,-0.000118739872759101,-0.000627855344141667,0.000263595314272846,-0.000836683284094275,0.00061360039269604,0.00256123853502477,0.00068659293078727,-0.000821992850935496,0.000778720232784845,0.001234097566647,-0.000364731938676114,0.000697611648838667,9.15889885770744e-05,4.09137649064539e-17,-3.67231251336684e-18,-1.12035274557245e-17
"clathratus",0.153422266854141,-0.0569941226369769,0.032612877469975,-0.00689813546879049,-0.0310017062442412,0.0370775764399176,-0.0219296972959297,0.00303388358639533,0.00986740378353888,-0.0066298930038326,-0.0135976209999941,-0.00021280021628787,0.00441545212028067,0.00279444214185386,0.000103835167289951,0.00614964354035801,0.00218443735493987,0.00211907384223907,0.00513873270960287,0.00300464976484331,-0.00322747622767222,-0.00270893376722923,-0.00131559737776989,0.00048120771566188,0.00160578894507728,0.000991214172567881,-0.00183876112250584,-0.0024599321651974,-0.000698520030071693,-0.00208396671240244,-0.000118325053501893,0.00272364509674273,0.000267179114487864,-0.00255678162541747,7.07663464234908e-05,0.0019706790115724,-0.00163038671852405,0.000323906302714541,-0.00104330203553395,-0.00194369471784459,-0.000921675725920842,0.0010576360997736,-0.00108722524144705,0.00103995125269933,-0.000619025870756181,0.00154328193608295,-0.000204105293714731,-0.000129638295245962,-0.000478173417068573,0.000765310276894265,-0.000884618984781389,0.000432944359268421,0.000775447349133251,4.38225931666766e-05,0.00115096681432038,0.000411054191152499,0.000692765558161724,-0.000488786522605421,-0.000206761921747863,0.000440522898746869,8.86301345264071e-05,-1.47257450200572e-16,-1.39523675492268e-16,8.4268582917006e-19
"indicus",0.0520241882338539,0.0492607077702696,0.0177528610534593,-0.0189121200013476,0.0300825181076561,-0.0273614048996498,-0.000795527414748968,0.00136049403141201,-0.0216001776456166,-0.004904070387808,-0.00242513497002848,-0.0039053157524417,-0.00934836397469558,-0.00290523137816601,0.00435649469066284,0.000327712399755741,-0.00143151770327302,0.00315416150324418,0.00355044280951362,0.00722738819379874,0.00952771226693717,0.00105684662543209,0.00297814088681765,0.0010786450268973,0.000517358311220547,-0.00162914094811893,-0.000690846246608456,-0.00106790538641296,-0.00420406749655576,-0.00162281355473969,0.00244230820585521,0.00313452039679724,0.00214957513734887,0.00170004693909533,0.000249063378492124,0.00325874546430663,-5.87172260634837e-06,-0.000124140995190094,0.00183912510933876,0.000781945224223925,0.000912796160447436,0.00137444617807972,-0.000534584538974169,-0.000666476745958014,-0.00155379753226858,-0.000854430235185565,0.000393580951963989,9.20706126224164e-05,-0.000278990368636819,0.00042608293938854,0.000216230850387066,0.000239955969129595,-9.00750488915213e-05,0.000947840281936956,0.00033447061321606,-7.86034096945102e-05,0.000500358129110328,0.000268154546627389,0.00030603598511115,0.000202025800053279,0.000112318591427141,-1.04184293062246e-16,2.16664695600299e-17,5.45974894578767e-18
"scrofa",0.161475897185685,-0.049011344960606,0.0711942825135021,0.00522522218394077,0.00912913654312343,-0.0168501921588068,-0.0183101403596821,0.00243197224574503,-0.00149843034722198,-0.013171059462405,-0.0128360533584823,0.00507766354089975,-0.00669203538914467,0.000113901837331219,0.00225138185873114,0.00243823614080265,-0.000533327543761462,0.0067764398824582,0.00450523737913728,0.00368208986855218,0.00461063364046693,-0.00803256591326531,-0.00153314085066842,0.000251149535886437,-0.00179098656171426,-0.00485399650209584,0.00223807962521249,0.00106265676206942,-0.000894487280500557,0.001217101179885,-0.00033535709768702,0.00109299551310312,0.000141541786661979,0.00176759200500788,-0.00033985179079237,0.00320027926592699,0.00205220002027383,0.000359419085855858,0.00259639931901619,-0.000317751554745526,-0.00174752356370092,0.00040914152567377,0.000523606200781772,-9.86699362616772e-05,-0.00062710299805842,8.39918327196788e-05,-0.00121854611792553,0.000267317956549758,0.00166481490760902,0.000207979050425539,0.000101959567281219,0.000390733177188427,-8.47661078889684e-05,0.000521295023188738,1.2439374216568e-05,-3.0292082511487e-05,-8.91066452734788e-05,9.68500259705539e-06,-0.00063443717240452,0.000205665411261158,-0.000220902966850156,7.42833285984671e-17,-4.35213221691034e-18,-1.13072315972099e-18
"lucerna",-0.222110066744515,0.0335196270651158,0.0640611865049881,-0.00584795166203419,-0.00931380431638718,-0.0120192772219275,0.013837481473812,-0.00902958601291378,0.0110381339214206,0.00850320929675415,0.00140391279435951,-0.00466889142523228,-0.00332837052465953,0.000251048332429838,0.0136303607033834,0.00172628994530398,-0.00300986087275947,-0.0044797802378125,0.00163738881476153,-0.000245028381647122,-0.0038534888626955,0.00552334245381033,0.00473507595121303,-0.00138386792269529,-0.00519433246015486,0.000218567277248497,-0.00229308091851953,-0.00278516585631622,0.00177890624090696,0.00256942964442393,-0.00515646024866494,0.00204355219232356,0.000286953170731395,-0.00275763190938449,0.000937324003096136,-0.00110433500964283,0.00084508171798901,0.00115203894439922,-0.00179645394293385,-0.00205356676595252,-0.00215378107733661,-0.00126360276239229,0.000753384525439051,-0.00266962390979544,0.00146613524219737,0.00105659044954616,-0.000390417531915127,-0.00181075721543455,0.000965686902481529,-0.000135298454500289,-0.000210908951418598,0.00032794209855053,0.000196415567316485,-0.000347110785107194,0.000658148814742672,-0.000370743865108226,0.000408575295225729,1.56051461233388e-05,-6.54532546440378e-05,-0.000165760558792616,0.000288061022963196,-1.24668719187556e-17,5.73167475035959e-17,2.4740121103963e-18
"lastoviza",-0.201837914327239,-0.00404455334905827,0.0624018536433606,-0.0180295942450674,0.00426038248128097,-0.014645863375654,0.00414125888135469,-0.00640469223209371,0.00185750288208485,0.0025971556174452,0.0063396689399816,-0.00505610887261325,0.00240442327386369,-0.00386030841381142,0.00462629700677993,0.00071306527648821,-0.00115007661851886,-0.00304911119308134,0.000854757969645879,-0.00138686038518478,-0.000688910785321941,0.0012569547988263,0.00291778406743296,0.00267332114942838,-0.00394901138448247,-0.00144889519085163,0.00189601639318042,-0.00201996380528334,0.00107931927483498,0.000102325431382248,-0.000819896702400531,-0.00137166772868153,-0.000807594306424064,-0.00142113742260721,-0.000679818509669788,-0.000102376231369056,0.00191429948265875,-0.000264568918334246,-0.000431748702160756,-0.000672453397039844,-0.000485865406163875,-0.000999182420186175,0.000639027693597639,-0.000721674303758405,0.000371648873081203,-0.000255355612221503,-0.000864431447298356,-0.00049283831923163,0.00141680776403229,-0.00052581626765957,-8.93445808847506e-05,0.000324200426547232,-0.000199211891108553,0.000217793862756669,0.000599641748867457,-0.000109807685095428,-7.64845456122415e-06,0.000214129800946058,0.000249666939617726,-3.63926666062107e-05,0.000274900298670701,2.78412551297374e-16,-6.6713161337572e-18,5.82026301319118e-18
"microptera",-0.225236376986416,-0.00283049463947773,0.0664744142874964,-0.00305595103007952,-0.00928515172247425,0.0240219578285271,0.0539434634270536,0.0131707021699249,0.00645498800361719,-0.0208614020753897,0.0231715229435643,-0.0113989761227367,0.0325041599744635,0.0223578897192458,-0.00777213524209482,0.00708762734562012,0.00134646206797187,0.0067953217945828,-0.00287930173974237,-0.00721471827770374,0.000594855109449734,0.0127478047819227,0.0157206680566661,0.000596065314421927,0.00192065969369192,0.0044870034376541,-0.00546891531613264,0.00278463031637685,0.00382710343703456,0.000766434671249564,0.00486333908537988,0.000930517781176173,-0.00723185790956887,-0.00506201936439406,-0.00103461858628186,0.0058483696928489,-0.00796849351331308,0.00640708164891347,0.00396445723582463,-0.00456030911512151,-0.00465099951228753,-0.00107317449715887,-0.000848056920227266,-0.000335150765807897,-0.00109538442012347,0.00130739436640162,0.00217017736460366,0.00414474217599526,-0.000661784714284555,0.000732515861409355,0.00129829292630375,0.000115857732553761,0.000277939220471323,-0.00142622433411209,-0.00101755563018256,0.000195429157379957,-0.000196824870596061,-8.31894211602083e-05,-9.98182327660975e-06,0.000505728135470196,-0.000746910859792234,8.8213208228516e-17,2.86975868993318e-17,-5.79589366550349e-18
"papilio",-0.0773779039091968,0.0193372683174489,0.053349282493156,-0.00777551451115355,0.00646526608528152,0.00197608675477303,-0.0106145110138375,-0.0176617672275945,0.000326109915198235,0.0134158465835167,-0.00441558347523882,-0.00685002080511466,-0.0019710579730986,-0.00120317469675882,0.00339821840701788,0.00672147296350752,-0.00275441537732313,-0.000216349096698996,-0.000173777706364547,0.000498346120863712,0.000405040617671131,0.00497826747014016,0.00197360500141889,0.00283621400047083,-0.00328002498995702,-0.00065372072202451,0.00176357119787653,0.000783012475866986,0.00250925953053479,-0.00103769675773898,-0.000119330602089806,-0.00218642054243105,-0.00208405543473302,-0.000361052242257822,0.00014986809668374,0.00207357388313864,0.000431034306901832,-0.000526125135290486,0.000367746125653853,-0.000714958122948322,-0.00227244924260502,-0.00066229565522571,-0.000512831651666132,-0.00111131333654318,0.000260708926318688,-0.000427935570355729,0.00117412666183101,-0.000460262195319568,0.000917896703994941,0.000189638732223953,0.000526468093388803,-0.000525612145698451,-4.78781823012473e-05,0.000487395377420219,0.000691089185132695,1.99490821906225e-06,-0.000253868755298719,4.0344076174823e-05,0.000349643795416757,0.000155881361687362,0.00036168876564306,2.0752255700889e-17,2.23798721515925e-17,-7.33251872190263e-19
"wheatlandi",0.281517876019105,-0.024720997918566,0.0582129071059698,0.0236395183272826,0.00666094624060626,0.013294293358019,0.0238945479087229,-0.0107806341340758,0.00720239452285895,0.00832542625078322,-0.00531391450867375,0.0201760978753902,-0.00944626618165133,0.0103227824943053,0.00563485514097339,-0.0127914300573925,-0.00380561922066231,-0.00925804874886489,0.00237202399092945,0.00280644236289244,0.00170507873405137,-0.00619967362127026,-0.000984437772737261,-0.00184781229317468,-0.000431069079282173,-0.00258316481510032,0.00136249365460561,-0.00158507924988698,-0.00106452946780653,0.00388515758450312,-0.00319465056220409,0.00398683526334446,1.71388922307182e-05,7.24644093549375e-05,0.000876838661110666,-0.00159114639771921,-3.27178062226256e-05,-0.000439726717777341,0.000951798070038891,-0.000341489736233182,-0.000653896236124751,-0.000252674220821817,0.00234512248713613,-9.94741005721534e-05,-0.000267036160879375,0.00057149146425498,0.000183162475217121,1.78297053770381e-05,-0.000165762897231758,0.000530866247623117,-0.000771852531868336,-8.22482873253578e-05,-0.00163150781486634,0.00146879579911849,-1.72878328991033e-05,6.09384566958309e-05,-0.000204780070555494,0.000475927516045139,0.000599226874814526,-0.0002224601786135,-1.25009210812702e-06,6.68577281611668e-17,-1.97817443437439e-17,3.16995709735927e-18
"aculeatus",0.192177534646769,0.04595209683617,0.111150528307042,0.000171712836178851,-0.0105609512607733,0.0336675212935791,-0.0156383845810275,0.00119361100623984,0.0145467536109917,0.00187303521646672,0.00538476921142557,0.00466159742161623,-0.00168296731457775,0.00596458369032959,-0.00507063119479148,0.0119482011185725,-0.00281141006925139,-0.000158166909677512,-0.000437956623955357,0.00334404245489039,-0.00180884966215228,-0.000408888950225064,-0.000132257874227249,-0.00505806525719911,-0.00274566029490934,-0.00327790353711038,-0.00143515068357588,0.00270049533223116,-0.000916857264028786,0.000584185668067012,-0.0034841605751694,0.00141778216011869,0.00124498446095969,0.00183647759396005,0.00137769278986824,-0.000415407553047475,-0.000976952193474417,-0.000444311010647475,0.000769516334409295,0.00136340889473508,-0.00151196358915564,-0.00246823603244201,0.000419248433124291,-0.00107540073342976,-6.75941921953432e-05,-0.000228462029120771,0.000807334563838515,-0.000478974579370528,0.00134822498059214,-0.000871957145954795,-0.000754575681565556,-0.000844959588109375,6.38336364317131e-05,-0.000787612231401124,-0.000121923055771858,0.000659543349263055,-0.000656523798700863,0.000243353159463896,0.000711754932562351,0.000250209565565338,0.000397654799881967,1.20351540911413e-17,8.31440933150056e-18,-2.65225376187815e-18
"spinachia",0.278935837678535,-0.0614438225854037,0.0114906361959097,0.0245357645120462,-0.00984411961685623,0.0162751749368367,-0.0248088183930703,-0.0254078845362798,0.0300434552905297,0.0134423703229643,-0.0142290690990925,-0.00378706673971502,-0.007950374061869,0.00175295881315184,-0.00522268245967164,0.00380302511581075,-0.0099167988315593,0.00595291803286712,0.000947064144944974,0.00454096793019142,0.00647656121685659,-0.00372183950291888,0.00559393809191547,0.00457097962590083,-0.0052884850459093,-0.000479481214629254,-0.00664391248357554,-0.00454772802923531,0.00129333901966864,-0.00452170157395346,0.000829364314935697,-0.00321787131711304,0.00339610590008067,0.00313704453061699,-0.00439021195917241,0.00518363882106814,-0.00251671883562505,-0.00470456901079231,0.000162337771384332,-0.00362035035373764,0.000269689709560186,-0.00289061587144665,-0.000890618404535455,0.00080716766496135,0.0010200899966054,-0.00391814962960228,-0.00333862146523755,0.00125082297190122,-0.000670894092951088,6.64546399950048e-05,-0.000253747169281642,-0.0017090296638597,-0.000100686779758271,-0.00151064738455679,-6.35239134830645e-05,0.00039247950888079,-0.000658664453230788,-0.000557438543020646,0.000440684448278855,0.000309833222074819,-0.000312992026585789,9.72553784395659e-17,-8.49488672205657e-17,-3.51908898825721e-18
"pungitius",-0.0247939988223292,-0.0192577983195971,0.0789218490516002,-0.0191459568030557,-0.0187367338715424,0.0374573488098808,0.00815937432510392,-0.00552359582685738,-0.0124643822725654,0.00389941629140516,-0.00197052500032419,-0.0131755208250913,0.018090577024613,0.00532697879609296,-0.00440680749800457,0.0114057918752875,-0.00172751046493203,0.00405343408307774,-0.00288291090406452,-0.00226871934921736,-0.00281444649201545,0.0056532710605544,0.00575146045807586,-0.00102498578761374,-0.00417737513415165,0.00228125918237163,-0.000614657685059224,0.000707295924225385,0.000223729770375409,-0.00365700205584006,0.000357867620560624,-0.000500934846181826,-0.00117337660789031,-0.00282429734014044,-0.000887487202468802,0.00183175075199358,0.000115738966717565,-0.000216737100247737,-7.99085773606873e-05,0.0011654761541133,-0.000350931033041665,-0.00101557730274384,-0.000776280748760385,-0.00117531663095786,0.000269718443700511,0.000857393259776085,8.88955554784198e-05,-0.000354210164098544,-3.22205023291015e-05,-0.000271505748057504,0.00115843015939225,0.000244349562246055,-0.000319771325200226,-0.000430718260844989,0.000222511961300283,0.000541809086373995,-0.000508740138038782,0.000311781041337884,0.000184383414035592,2.59244432249226e-05,0.000325781339367513,-5.33897979460719e-17,-1.10904876491241e-17,-9.18359236471434e-19
"atropurpureus",-0.0142182203063993,0.00550183206552929,-0.0422626575488774,-0.0243188537850051,-0.0113016743118516,0.0413670903587283,0.00406108631519143,-0.003200974093071,-0.0159526605352848,0.0138718543697975,-0.00195523812402942,0.00117263812405433,0.00811253021940614,-0.00151850995433946,-0.00976899408147245,-0.00872216159144174,-0.00296993986811358,-0.00770060512964388,-0.00502999091198768,-0.0044585262740945,-0.00191884969195508,-0.000170270372572484,-0.00129002984896617,0.000773403194430441,0.00430424644740512,0.00483991229364007,0.000759229152458821,-0.00231027903235636,-0.000980447669031948,0.00113517136143084,0.000643717711518526,0.00101308480497759,0.00109130254316863,0.00312634223758832,0.00145498377556203,-0.000351731738592459,0.00161052027790454,-0.002395004392608,-0.000724699180336698,0.000927947556861758,-0.000341921146855957,0.00113917030556923,0.000846111899697664,0.000310343429920135,-0.0017243409149152,-0.00118700879091317,-0.000677172773360849,5.50896903690054e-05,0.000786910172319453,-0.000324388101007716,4.65590961742077e-06,5.80364139686231e-05,0.00066941223041164,0.000386388025011931,-0.000316632627584097,-1.76693537692391e-05,-0.000218152475338444,3.76565483110031e-05,-0.000192591915072094,6.64589066340176e-05,4.21951534019148e-05,5.47929175342049e-17,-3.26868049291226e-17,-2.07499904065031e-18
"mucosus",-0.0330323741333685,0.0614331054783937,0.0892143464751673,-0.00640373298975244,-0.0190059067015856,0.0256478861067076,-0.00261844561857751,-0.00143455931575993,-0.0250919871412243,0.00835873604086083,-0.00118920796107025,-0.00832130224789788,-0.0032746948862981,0.00107654926880649,-0.000567369587954549,0.00115345798789838,-0.00263867603045218,0.000744212319202853,-0.0016586210234136,-0.00215778422283185,0.00154041855830322,0.0037369141650131,-0.00296098715573647,-0.000502366074336187,-0.00278624254072404,0.00260796742692197,0.00264067150570758,-6.70308167495761e-05,-0.00172923857790625,-0.000683505687380917,0.00123246436524544,0.000120103990302189,-0.000538132328173565,0.000946931682253641,-0.00156644398216281,0.000450623613633744,-0.000138583706451063,-0.00113224098096757,0.00137569491567034,0.000350754349340248,-0.000303870169485418,0.000219827869853883,-0.000576476099422536,-4.85606687188906e-05,0.000293566429931498,0.000102190840049681,0.000389761984509428,-0.000962514130055647,8.87120990574712e-05,0.000371868146481655,0.000281087051608455,-0.0007396856463471,-0.000223788752819707,4.49970150057935e-05,-0.000766277500499096,-0.000434736290492651,-0.000200920667876607,0.000350687791879713,0.000552793321161373,1.8552605616792e-05,0.000204946757627064,7.27892016584236e-17,7.82156231340707e-17,9.06089807457974e-20
"subbifurcata",0.0682038215238054,0.0645711309781766,-0.0423594465006565,-0.00704876411493305,0.0136943971757387,0.000415654833926317,0.00584496812122133,-0.00241749784399746,0.0192707050024011,0.0207597563812884,0.0162831478660692,-0.00600961477823248,-0.0036460624830704,-0.00538509268358903,0.00568330648014825,-0.00153819326099395,0.000113274565020422,-0.00278684226245283,0.00237035642756907,0.00391706898228617,-0.00110062764531999,-0.00204387625142729,0.000460043539050703,0.0036247747695529,-0.00111797386621775,0.00274144415409172,0.000395420962687587,0.00204137097385577,-0.00204880266089594,0.00329201758691268,-0.000653376380367113,0.00073983298073086,0.000493201059668123,0.00390167312548606,-0.000375427020758251,0.00125264946191058,0.00239823257214906,0.000228246437039315,-8.78430758174345e-06,-0.000578061927549349,0.000271842218685642,0.0014301488771015,-0.0006412504303669,-2.13902546397853e-05,-0.00116138104656257,-0.000249062255437037,0.000499337594990391,0.00175372821685264,0.000732966080789943,-0.000578840585919974,0.000567121348948627,0.00129546677180453,0.000203201231343185,0.000191063016490521,-0.000892458348472677,-0.000530758282993434,-0.000664712613153685,-0.000111790215409761,-0.000481308596142969,0.000146724564025718,0.000104871894265229,-2.67079415653778e-17,-4.92484533805241e-17,-5.78180070458781e-18
"hangiongensis",0.227239153100932,0.0708377477851712,-0.0143974195704293,-0.0313490956452209,-0.00184947591080681,-0.0022059953073661,0.030477780165868,-0.00690314900631374,0.0118339352752722,-0.0115582872455995,0.00186229165968802,0.0137224491138614,0.00440273228875617,-0.00481121149048277,0.00485222869284023,0.00283019085399882,0.00567670374488185,-0.0035662917850738,0.00640349618901345,-0.00163905464888837,-0.00995019815568187,-0.00150576673170003,-0.00353388668839755,0.00322270510713096,0.000206900239430004,0.00543625290492888,-0.00209418261782742,0.00243716178234365,0.00351486398305639,0.00105463668422642,-0.00463414776295865,-0.00530614243147346,-0.00468146852674045,-0.00258919807569094,-0.00227175330563141,-0.00208647109680185,-0.00167630025578891,0.000422987830625787,0.00121288194806997,-0.00373622462284533,-0.00262030130029569,0.000885125587368448,4.06696827684184e-05,0.000580450587769267,-0.000523255826247828,-0.00209735048846143,0.00244508370786928,-0.00116570121351731,0.00121819105041254,0.002559432315726,0.0006507978611622,-0.000980094502262794,-0.000967927463223829,0.00269838828586855,0.000664325772209795,0.000320115729443895,-0.000462246959410602,0.00047267746396119,-0.000197945998345389,-0.000151692323698651,-0.000887644524455346,5.10446996209515e-17,-6.06937803251676e-17,-4.04539245900357e-18
"gobio",0.215353020404581,0.0377112538289588,0.0850428247551267,0.0872681490864791,0.0513680765384799,-0.0256924482782171,0.0191905520503152,0.0326608700990822,9.09146730106857e-05,-0.029359822512171,-0.0150886601407386,0.0180295024312697,0.0105193354788372,-0.0238181090803894,0.00411471780158157,0.0100797324737593,0.00196775406065359,0.00315115179965791,0.0191418052929378,-0.0197996439023162,0.00406360734954543,0.00386129802220213,0.00115894128117624,0.00941959434978384,0.0126137267501845,0.00312469225486483,0.00481312605518425,0.00746493081263524,-0.00228105649565083,-0.0189940120373829,-0.00396181239286734,0.0073052879595321,0.00413594893889374,0.00521750471953638,-0.0119233589948743,-0.00950960398054453,0.00414270652002009,0.00251651817386265,-0.00228812014737439,-0.00477784234895581,-0.00182179471057692,-0.00157985140616485,0.000375284092174265,-0.00491369094799589,-0.00176755779013454,0.00138938255490675,-2.80617022953794e-05,0.00224831855507813,-0.000226566961630006,-0.00186723004971004,0.00103883541342735,-7.96055365040258e-05,-0.00163574574189942,0.000327355142233179,-0.00102582664325988,-0.000226778134822352,-0.000100141364445576,-0.00108894904807822,-0.00027919906143972,-0.000977798855367051,-0.000159310936145198,-1.05078728952193e-17,-8.34171445745533e-18,2.10511508285833e-18
"bairdii",0.167341108752585,0.116514431374102,-0.00932557915506941,-0.0164417312212328,0.0125470924434558,-0.0126371246912968,0.0145031055835204,-0.0195387413898381,0.00791702410082125,-0.0129028188977634,-0.00109269237205676,-0.0052000434725145,0.0076219948885478,-0.00655695469160213,0.0124422294171108,-0.00945977861565203,0.00347138807447137,0.00611541353026354,0.00780457375688322,0.00300199290245769,-0.00787602221352397,-0.000706569383084084,-0.0136026501809787,0.0124715128976354,-0.00136721113306875,-0.000518663545611854,-0.00874598107980373,0.00187303598050186,-0.00175160917199333,4.15277421346102e-05,-0.00480656539927583,-0.00569596262521079,-0.00896663828754953,0.00192329804021906,-0.00545366018228798,0.00187921736812086,0.000235771402856563,-0.00146220954788109,-0.00280677486265672,0.0063974625144963,0.00223440733424382,0.000761487182187759,0.0018378518829325,-0.00310109967860055,-0.00121340266490186,-0.00108583662983211,-0.00372612893011641,-0.00302955881748192,-0.00300736678970084,-0.000819664341951811,-1.5997578404976e-05,0.0012446520133111,-0.00174385044357479,-5.5741646050021e-06,-0.000929638025498404,-0.000593091365630664,4.70961177709513e-05,-0.000687015598068002,-0.000112069142925549,0.000463998488841032,0.000561894484923821,-1.57291541858551e-17,6.90880417954092e-18,1.15130411018195e-18
"bison",0.107930333707529,0.0853847017687155,0.0585135948066281,0.209139119862084,-0.0839613903507971,-0.0168512450309158,0.0083359627707985,0.00850695143794058,0.0206408262921154,0.0191370591337401,-0.0187393328057544,-0.0310791446454406,0.0150112269853478,0.012952753998726,0.00436903706926636,4.12583667048215e-05,0.0186350474354257,-0.0324245341524878,-0.0284782604125845,-0.00523301920847529,-0.00488150875324473,0.00610180721882291,-0.00203969389546808,0.00179665556464384,0.0046040631441788,-0.0162856525910485,-0.00713560979632767,0.00813651841592085,0.00374600715981311,0.00336557338392807,0.00585222716967076,0.00657538487948011,0.0104046723563183,-0.00508061446361049,-0.0116392224022349,0.0068550381235197,0.0006981332885477,-7.94812562623883e-05,-0.00136116820954964,0.00240379394074833,-0.00138181262401385,0.00091669828281406,0.00292932330200229,0.00163001070176484,0.0021213458632491,8.85512023943523e-05,-0.00256455770105913,-0.000265002468511278,0.000105075071166942,-0.0026472444457149,0.000841910944993905,-0.00196207135553881,0.000676399241059549,0.000565504810890736,0.000134244439480401,-0.00131164469279518,0.000204288991955482,0.000325016704602652,0.000105277025928274,0.000132579861604068,-0.000360418654718606,-1.13053643430157e-16,-1.40061008036778e-17,-3.79246205932588e-18
"quadricornis",0.185858106497392,-0.00676306523805251,-0.00445778040843151,-0.0128995674681769,-0.0175330475377428,0.00970354269730616,0.0293587327377097,-0.0156244490222397,0.00877775071523061,0.00734420156878869,0.00157869324960753,-0.00453998791262416,0.01546676253138,-0.00419869690257371,-6.52905198221827e-05,-0.00650254229062903,-0.00227590075222123,0.00459904311613788,-0.000518700514758443,-0.00409269883660677,0.00673586605879463,-0.00248386628735876,0.00404858006549738,0.000598947219270194,-0.00258587388390525,0.00511441951053627,-0.000761607700663324,0.00663368463119066,-0.0021289367851497,0.00299823068097045,-0.000155449596187739,0.000700714993281613,-0.00123586759600286,-0.00205232673887313,0.00135339514817597,0.0015413347749109,0.00382972523954413,-0.00168094182715803,0.000655564706300328,0.00133478217359295,0.00234226724301872,0.000500185173996535,-0.00124240167665075,-0.00123130978953374,-0.000176094188769624,0.000591094930910153,0.00108562848369738,0.000438932654178953,-0.000155422388373285,-0.00127799346096703,-0.00147517788759999,-0.000855527604671334,0.000396453363140083,-0.00082807728355925,-0.000520657515702633,-0.000323775646106078,0.000978156081817941,-0.00020017018324173,0.000263185604336882,0.000180990077439946,0.000297513014002699,9.7206399800415e-17,2.55599215387358e-17,-9.5697526233941e-19
"scorpius",-0.0319247324602298,0.00912828561508717,0.100348196473555,-0.00540109045585868,0.00661901564145362,-0.0388328287864885,-0.0472431479042217,-0.00386764441476448,0.0120458732844481,0.0130719459815299,-0.00564789047377537,-0.000252725571884227,0.00540495650164475,-0.0257050656649526,-0.00136879225700626,-0.0100747358375917,0.00978911161151809,-0.00283434011011189,0.00656182326372039,-0.0058787287062864,0.00575516128414337,-0.0113207111775647,0.00316703828322452,0.00394401075348649,-0.00713486966359448,-0.00117596729547795,7.43373436798452e-05,-0.00297465711412004,0.00178759958768946,0.000481736988134195,0.00210278743959904,0.00354690739741188,-0.00558177640376404,0.00198555478276602,0.00146326887996398,0.00345332195956764,-0.00102179201723152,-4.69450867426494e-05,0.00427353297540495,0.0010716387250287,-0.00179082018638158,0.00278539920006539,-0.00345256098748626,-0.00233039708744726,-0.000183756318928028,-0.00263901124113399,-0.000373308659218044,0.00222855851973668,-0.000368065388138902,0.00353137195020292,0.0013710613876332,-0.00212964764506051,-0.000148117191381589,-0.00018906932742543,0.00135144461426211,-0.000133162312142353,0.000390221871971775,-0.000252507304037185,0.000744624662844206,-0.000332394821103738,-8.95925264163172e-05,-1.4951802470421e-16,3.00870918302933e-17,4.66432115862668e-18
"snyderi",0.154726937827179,0.156479467263634,0.0290494854395714,0.259731221848406,-0.17925158576022,-0.115386168910305,0.0457737855444494,0.019421194217669,0.0285259616206302,-0.0303251754508301,0.00414577028975162,-0.0179862957802654,0.0314593796549297,-0.0195402423671413,-0.0382833872405907,-0.0289764186843681,-0.0349637022366018,0.0237630336255718,-0.00784398165410343,0.029631236390743,0.000505057138553981,0.00991638326167374,-0.00657077171750634,0.00910323257860906,0.00355559145218741,0.00333381563317674,0.0088049159019946,0.000971156948204579,0.00328753154284247,-0.0010441460723876,-0.00576037922154421,0.00111591091182331,0.00182926608655933,-0.00258128619336108,0.00404121280480252,-0.00233375813444547,0.000744969779749214,0.001655896067383,-0.00124393209643028,0.000391161374145375,-0.000955580280721091,-0.00134401802992862,-0.00268135855084182,0.00230658848935377,-0.000726007602154426,-0.000929430630015248,0.000164767963906849,-0.000480198701598383,0.000264682373879156,0.00168802557058013,0.000411899692308325,0.000337091179758045,4.78822503845877e-05,0.000886419661796008,0.000898250012587615,-0.000547053196222563,-0.000294394887673319,-0.000113659959525067,-0.000252108368391678,-2.8408477436127e-05,7.38032719844805e-05,9.49346182454175e-17,-5.04807982062057e-17,-2.28374366557144e-18
"multistriatus",0.0362882424163458,0.037595060751866,0.0853054884615839,-0.0055473599502086,-0.00493401830606778,0.0279445438204277,-0.0267565248746647,-0.0175420278054994,-0.0124444491151467,-0.00143507663316391,-0.0100817584032693,-0.00534524929959599,-0.00354202287869467,0.00181220212241718,-0.00284390796793284,-0.00146434368889825,-0.00237563350211814,0.00226394072349119,-0.00168101042636982,-0.00149688637348002,0.00128924247596494,0.00150331085043698,-0.00356379445679289,-0.00259738013685049,-0.00124058256039952,0.000346033301209391,0.00349796430835731,-0.00111613932242304,-0.00289291557360658,0.000824788741460775,-0.000930995556193179,0.00150107936609114,-0.000122017396596793,0.000777596360047043,-0.0022944861940473,-0.000925692533245664,-0.000863230802761644,0.000248178308390472,0.00163215780074804,0.000367050861243893,-0.000408310286852546,0.000230703847378082,0.000510758951955185,0.000235519421909605,0.000369833835425461,-0.000405831806651615,0.000756972424690342,-0.00091569468079183,0.000286340536473971,0.000408816656982074,0.00026823746903583,-0.000464625917969002,-0.000653628489575222,0.000416292347717618,-0.000177748346276468,-5.86327244406226e-05,-0.000483400999326117,0.000243818529230752,0.000400857810350328,1.47789222419112e-05,0.000119662492030923,-2.8652886062833e-16,3.60384525578237e-17,3.45201701853091e-18
"serpens",-0.284433916045097,0.0140749814177636,0.056686751611993,-0.0146371551807304,-0.00513206136974802,-0.00695595789865425,0.00922001151486708,0.00338547272560362,-0.0194795767197743,-0.00862791791134077,0.0153100121784938,-0.000996027358656889,-0.00263088493764851,-0.00441472797264705,-0.000798012473543789,-0.00674385054019289,0.000739882323229888,-0.002860337380442,-0.00412652953417449,-0.00206404698444199,0.0052589613361553,0.000972772100049564,-0.000485965891841712,-0.000163044988205339,0.00208354756613847,0.00489397718999657,0.0013509219694761,-0.00335183891455058,-0.00198036956417494,0.00260504296611369,0.000810665048886041,-0.000267221767098579,0.00107952707941811,0.000108721354750977,-0.00496078249944036,4.83658688874011e-05,-0.000335719083987813,-0.000123201609406779,-0.000644156818585007,-0.00100424964752347,0.00254702211667261,-0.000664184014704214,0.00069784924809144,0.00124794593749183,0.000542137013737736,0.000345747485918194,-0.00017163544593022,-0.000615015026269783,0.000138021801364729,0.000204905722886748,-0.000689868305810649,-0.000137907388473241,-0.000101432843422695,4.81516889038038e-05,0.000233070491211967,0.000255444311636666,-0.000334134326371327,0.000177134410727961,0.000453975036860054,-9.97866627379504e-05,8.60497828611495e-06,-3.78469818283566e-17,6.26759633683023e-17,1.34532385458076e-17
"carbo",-0.0653379971248349,0.0483293270402214,0.0734891620066332,-0.00551932207452053,0.00323835260390857,0.00090363025243463,-0.0146621341752506,-0.019624671293293,-0.0163001531497941,0.00156159165169963,-0.00775025186569608,-0.0131126221904352,-0.00280503453638317,-0.00312978467867313,0.00884281417142464,-0.00605754583592813,-0.00184295049390141,0.00362556781534778,-0.00171444482410633,-0.00234700905223015,0.000559469421143437,0.00362281928061805,-0.00206533962240748,0.000339543679126671,9.63122695777488e-05,0.000653038806358402,0.00240482188436445,-0.00233531206819398,-0.00121882971553009,0.000884174803611924,0.00033055897498195,0.00247897533817042,-0.000147014015565743,0.000883079968513893,-0.00108421704900923,0.000595421081977928,-0.000893989235038345,7.11389169525604e-05,-0.000103077885213606,-0.000928293258871347,0.000676704713789413,0.00136417323696667,0.000313149039548063,0.00115613399112216,-0.000282165427244434,-0.00049314537755728,0.000188939717885021,-0.00148145249797795,0.000227625657873471,0.000714410365840728,0.000851010899227964,-0.000607974453175541,-0.000813642100712795,0.000678294506778484,-0.000301122468133635,-0.000351934852988816,-9.42348785680879e-05,6.09971949159479e-05,5.65597984064941e-05,0.000156329911376194,-0.000123176426743376,3.48847861042658e-18,3.06460001243498e-17,5.57403300083174e-18
"sarda",-0.0199755965413701,-0.0643353773558545,-0.0239527747741011,0.008782633138678,0.0237849543225482,-0.00176991887169439,-0.010633236198437,-0.000625999594901795,-0.0054110947698227,0.00931718323653816,-0.00104503254217101,0.00249999075303641,0.00310582967258202,-0.00347764472867281,-0.00241609029459114,0.00107625706832269,-0.00203568461197257,-0.00222731447434681,-0.00219883664433541,0.00148861639321768,-0.00270582916551706,0.00129992557337451,0.00153109865667277,-0.000730996888321773,-0.000198177517965759,-0.00143157105006424,0.000426185824267426,-0.000207346147224853,-0.000954030602035215,0.00104496074789999,-0.00111628956979737,-0.00103960117716914,0.000201813540551781,-0.000858328017413288,0.000223868487492055,-0.00144993170978868,0.00064669612648731,-0.000281913317910552,-0.000717534025786233,-0.000341814107904762,0.00026931346033723,-0.000892744209218017,-0.000541826036290055,-5.84818061646249e-05,0.000149938705402464,0.000264387382970411,-0.000259931449108837,-0.0003933876987586,0.000233516722910752,-1.94103771561687e-05,4.04424452667027e-05,-0.000160727293048439,-0.000202966476511247,0.000302464365236851,0.000161665815859108,-0.000148426426398771,-5.96180925832818e-05,4.76992291773607e-05,-0.000189066695462904,-3.41322285488002e-05,-9.21471042909438e-05,-4.81061693030952e-17,-1.75993688973781e-17,-1.41339598723071e-18
"albacares",-0.277788264802176,0.010643290832039,0.0355437962204108,0.00117810788741398,0.00611109178295766,-0.0375593000182552,-0.0114713102267027,-0.0211765811497762,-0.00992381831957941,-0.0157690791329284,0.00558723623648362,0.0094414743673427,0.00447475859963474,0.00165780251348802,0.0145135373725523,-0.0120839189889651,0.00392045451938011,-0.00508537437542305,-0.00252223017536596,0.00719984929699743,-1.50008544437508e-06,-0.00348761898846435,0.00946414541399299,-0.00226074938559988,-0.000213585361355128,0.00193824100514484,0.000604334206174924,0.00195488802266545,-0.00268816257671285,0.002117813266492,-0.000215206070485491,-0.00136686400612473,-5.94706309170753e-05,0.00217354429243599,-0.00239505342536106,-0.00210466655533695,-0.000417753741541297,0.000593895593905647,-0.000941214618964769,-0.00157934957980082,-0.000667760676300969,-0.000684609669403115,-0.000950739439872565,0.00146083410125066,-0.000486589108795898,0.00120120290284684,0.000517705190401903,-0.00147618391999396,0.000159844386799681,-5.96321718883205e-05,-0.000890064229957041,0.000129790723004209,0.000363285838487355,0.000152736297279629,-0.000234016984770215,0.00012075258593191,0.000261906156099867,-0.000188854443351028,0.000230752195278976,-0.000352289981787714,0.000362873781734012,5.81764849648556e-17,3.40826078846484e-17,1.11762839792482e-17
"affinis",-0.173857480813744,-0.0743520486676182,0.0147192934126077,0.042068557231145,-0.0242544689762671,-0.0876037828389488,-0.0074386649129508,-0.0353962541673525,0.00285156071911402,0.0159675446268107,0.0253211304160384,-0.0175695839088587,-0.0212320796771507,0.00873427910161642,0.00481704830921048,0.0211373285106231,0.00551591571682754,0.00454952689936618,-0.011054822549301,0.0102317512168728,-0.00493206624429804,-0.00187009921550452,-0.00688995865875243,-0.00230716683815477,0.01041128434859,0.0117084102742836,-0.00107250433358849,-0.00423957442435265,-0.00660059953019962,0.00223869403968704,0.00288053329117479,-0.00407939727954064,0.00121625735512583,-0.00600531031014411,-0.00176557177926791,-0.00191373719610294,0.001828259100475,0.00101673099726362,-0.00346422513581318,0.00242605146987824,-0.0042083399828385,-0.00393632525726906,-0.00168793138907809,-0.00112809438976947,-0.00168973642174868,-0.00103976417663737,0.00220749626699877,0.00149668700854217,0.00046800453577213,0.00135814010368848,0.00197367620372025,0.000340562857404368,-0.000553393450732558,-0.000368618696223483,-0.00192875483583653,0.00175037424540895,-0.000457550982411668,8.10479464215682e-05,0.000191409401031599,-0.000144608087542592,0.0003714653986266,-2.5512920040693e-16,5.9480492852096e-17,-1.68589331258288e-18
"pelamis",-0.222235856629626,-0.081848509060488,0.0185544832991234,0.0166727403914981,-0.000358583282566867,-0.0677113612098141,-0.00331968813808393,-0.0332508791068223,-0.00241790502606013,0.000873070999468038,0.014030220772564,-0.0135240522993134,-0.0111255010962721,0.00243891403322195,0.008194773980506,0.0154084390846318,0.0103041752341879,-4.61841414337455e-05,-0.00479817496202775,0.00691320481231721,-7.03120973605006e-05,-0.00429084147366342,-0.00458009731786643,-0.000122114363537446,0.0102197057496056,0.00341881175398673,-0.00254766879820131,-0.00163799596433775,-0.00286357188441898,0.000953092993811116,0.000291190306126811,-0.00191369268763324,0.0010318991840776,-0.00377302973947397,-0.000619537664738709,-0.0021646044835322,0.00633130811131743,0.00181966393226109,-0.000794389641048126,0.0030166742320897,-0.00411019362126916,0.00190243762359024,-0.0024854474417248,0.00469034755046683,0.000631927131336515,-0.000935047228195343,0.000202130503045765,-0.000331883900274385,0.00117988011430993,0.000174498183780419,-0.00145555256192239,0.0014721219072658,-0.000579188215469934,0.000322722455145063,-0.000101051425303858,0.00237505938936142,0.00112006367625345,-0.000269045323921079,-6.43183845906069e-05,7.86953792015752e-05,-8.15102895674768e-05,-9.41464506217181e-17,-4.91598345678394e-17,1.09477192598592e-17
"scombrus",-0.0519555343508207,-0.0177541468022298,-0.0742517354235234,0.0286275609910507,0.0203900796681194,-0.00850986526264897,-0.0206170649330288,0.00750602736812286,0.00916436498603349,0.0057970219960124,-0.00417102234230859,0.00609040164704418,-0.0130007178929805,-0.00485078244615316,-0.00301728850880306,0.000906138946744444,0.00935826262452524,-0.00168118172226055,-0.00869902159695151,0.00979624940462305,0.00699578606662341,0.00193343131182383,2.88877597995163e-05,0.00110086639706562,-0.00118799290686852,0.00466645415017254,-0.000629896965679991,-0.000598343656873994,-0.00484712908005286,-0.000532322959673873,-0.00204148801071273,-0.00170487608166578,0.000536068334175944,-0.000516747742749056,-0.00114733571909754,0.000242312100469366,-0.00358130051930745,0.000559749975417174,-0.000622648248204431,9.80774869207254e-05,0.000694007048153284,-0.00113175184737812,-7.63869769767465e-05,-0.00136683464626618,-0.000351478060896385,0.000854232247740781,0.000519679737644401,0.000188359354828137,-0.000161453772807174,0.000767208373738685,0.000539900145938767,-0.000188368993708486,-0.000285343627087671,0.000400144825102342,0.000132178121878482,-0.000442985507249141,9.5909671643015e-05,0.000394044769697696,0.000197293591546761,-0.000207713781165221,0.000127042582740042,-8.30091038861389e-18,-1.24617443964694e-17,-5.13048149123959e-18
"australasicus",-0.0965583140615395,-0.106817608911068,-0.127183750863894,0.0702469841935444,-0.103057173144779,-0.0998126550843957,-0.0751302570893208,-0.0221308916700056,-0.0117339877510902,0.0097322077402555,0.0358279054828836,0.00881331823103729,-0.0030957195728204,0.0305086691721722,0.00488555979672809,0.013098521171748,-0.0240272792022924,0.00542558404519607,0.018338721182978,-0.0169791492878104,0.00576293686283964,-0.00577552402926808,-0.0107742215511317,-0.00434966894691029,-0.00772395312670925,0.00635788365896761,-0.000155229971937404,-0.000196938150338689,-0.00719364457828356,-0.00482948690416886,0.0160386103551804,0.00126990374072407,-0.000314091470528023,-0.00554242302082057,-0.00135664788566918,-0.00159825520119031,-0.00127169576825721,-0.00323581221400628,-0.00399440175895658,-0.0013894509486759,-0.00341758445089715,-0.000164699674268889,0.00480848889140238,-0.00186934636931783,-0.00154900960049454,0.000777052421379988,-0.00189826452260451,-0.00149493704483822,-0.000405239059017523,0.000220286473096212,0.00109168468464823,-0.00188959609795931,0.000543624433107054,0.000122290427739671,-0.00147490415555373,-0.00105997314248981,-0.000851392534811334,-0.000676878915819811,-1.30271468812847e-05,0.000391143582178153,-0.000100008253145156,5.51363411320261e-17,8.03764576159663e-18,3.79139619142055e-19
"japonicus",-0.0832337010121545,-0.0497524591500379,-0.0971973051852243,0.0546883226349945,-0.0573744685245717,-0.00769493312691302,-0.0245582220104745,0.0485563463660297,-0.0145272694974412,-0.00672769077768348,0.0189866473288287,0.0466445967410519,0.0263736730862546,0.0198700827443473,0.0168192444795148,-0.00978171517588868,-0.0044358547550981,-0.0115055510954165,0.0072813808267077,-0.00889173810052431,-0.00539708771929837,0.0140643760343045,-0.00423938549473853,0.00197231022526243,-0.00449103455529309,-0.00455560056106978,-0.00525817304698897,-0.000638098581201712,0.000632870678833634,-0.0044350657295734,-0.00270983898489915,-0.00532572652531086,0.00440687326834344,0.00708487154988516,-0.00109529797560935,0.000503826722893621,-0.00137019384989671,-0.00363718484975172,0.00218739041389313,0.000224109370861406,-0.00228073479523952,0.00189323071206603,-0.00419143304220738,0.00119272263788962,0.00412782041393545,0.000667432592629372,0.000385396538377241,-0.00176450283915424,0.000386565851087743,0.00178599207162882,-0.000142247188923824,0.000543404880535823,-0.000966371298673884,0.0015128451710346,-0.000185608145876094,0.00151646165738655,-0.000216867068391906,0.000243280709316467,0.0012073184167019,-0.000218090497648774,0.000878800044865861,5.10853563323115e-17,-1.52692648831605e-17,2.25657728592369e-20
"gronovii",0.0422018922854071,-0.0465446937977432,-0.00255398200793788,0.0156929374454595,0.021042589060222,-0.0059271677109911,-0.00921541797410271,-0.010921710518912,0.00417740912671034,0.0193379233144421,-0.00841706385174848,0.00274641270813606,-0.00375053752048982,0.00186131092819492,0.00024146123449223,0.00468209633180245,-0.000471384521363059,-0.0015010798913157,-0.00340343182096968,0.00489636672781843,0.00183769252267543,-0.000142020745800088,0.000368562583678853,0.00407021941271114,-0.0032782832194188,0.00167701427321085,7.64417384285026e-05,-0.00253979770788241,-0.00174462228239783,-0.00104761065578089,-0.000682941227712233,-0.00272546580362573,-0.000119626564900804,0.000554433860026565,-0.000614153863473865,4.30986818117024e-05,-0.00209683264161721,-0.00086663414362508,0.000361222111078565,0.000233603125313051,-0.000366146415197902,-0.00178481881878185,-0.00135631234163498,-0.000988283961817011,0.000168867717456654,0.000627759665229826,0.000412029781992157,-0.00108086459900605,-0.000187063902133666,-5.86018592222981e-05,0.00016452421168318,0.000271510122766482,-0.000347314224480563,0.000560969206415727,0.000739808900503151,-0.000626959381915759,-0.000117825631691172,0.000409119321328071,-3.53795599400531e-05,-0.000244540866258735,-0.000203356367421506,1.55412183500381e-16,1.39418966022892e-17,-4.90339981138887e-18
"commersonii",0.156747436896376,0.111010614593188,0.0350570815172704,-0.0674491324680629,0.0202269767478731,0.0480730107860018,-0.0153922793635494,-0.0555275574132282,0.00644904333386882,-0.00967321502438858,0.00739297479335264,0.0392778725142055,-0.0237102589435693,-0.00180062217113065,-0.0113430992142478,0.00637277427324667,-0.0218361735759464,0.00394377262125189,-0.00404535265755953,0.0112587343402253,0.0140487882270396,0.00953962624232173,-0.000382314871382263,-0.0187266329927537,0.0113181327162503,-0.00831390373310009,-0.00916356544365523,0.00264758060883008,-0.00353141979987225,-0.0108323856079321,0.00338762269706272,-0.00289910119834674,0.000133166035853597,-0.00367926111135145,-0.00373228741893453,0.00199451007079793,-0.000349131627302575,0.00182753996908281,-0.00126859411432668,0.000370010444379882,0.0014102323045323,0.00185946795579132,-0.00238993048613666,0.000281347242721226,-0.000420604942228401,-0.00359724818712162,-5.60913463681332e-05,0.000913143957540156,-0.00217225382448757,-0.00128020790691147,0.000283744965978591,0.000956862586060552,0.00141624116804185,0.00266985418078379,0.000576021709352078,0.000340923786560781,0.0010621436067471,-0.00120765166787774,-0.000283177610604991,0.000452412300899071,0.000713787442940524,5.23060269502083e-17,-5.9083693416238e-18,-2.2721290407687e-18
"altivelis",0.150801665159223,-0.032674658080424,0.0195748219680493,0.0128086199284753,0.00157971812275241,0.00282857865346887,-0.00191707577580012,0.0434867288836202,0.00935567329109979,0.00656285593123221,0.00752876951500796,-0.00442993211026799,-0.0139016708497837,-0.0147899906176756,0.000981584155350582,-0.00666332137228567,0.00517500911355201,0.0110351401599909,-0.00110081917980728,-0.00465201720371104,-0.0103854373728427,-0.00254992977480538,0.00420145173006247,0.00244634403570054,0.00532055616461054,0.000983887389416392,-0.00186678237350205,0.00439380278376006,0.000665287144921052,-0.00331036384286907,-2.86444003391589e-05,-0.00138698555593831,0.000896912396935928,0.000429908996951736,0.00346764627359757,0.00297187206450359,0.00235735278251907,-0.000858502983417864,-0.00234858408134448,-0.00410774063539345,0.00294693410701187,0.00389488573530716,0.000573543446259747,-0.00150202233363824,0.00125738121383143,-0.00121921453061477,-0.00163211164982302,0.000752218952817643,-3.91186565528915e-05,0.000594532247752297,0.000178901510195324,-0.000440457218919264,0.000955155703425614,0.000332098577810705,-0.00121745132827855,0.00107364978325402,8.26121210479005e-05,0.000467164948749645,-3.04495941134327e-05,1.97923925893764e-05,0.000669031922449409,3.48577483991154e-17,-2.44148809887549e-17,-3.01412957361313e-18
"sagitta",0.140708968974284,0.0170034512879598,0.0414276173579323,-0.0136120858020607,-0.0281651530618925,0.0296434962712848,-0.024299057804942,-0.00908685955148303,0.027381619928507,0.00499020374989454,-0.00840275916243731,-0.00253217278131261,-0.0071049690105714,-0.000240506141025428,0.00195129691411762,0.00183496076235697,-0.00604633038061752,0.00127361435195444,0.007268917601836,0.00349849452403217,-0.000686671210527685,-4.41127644464813e-06,0.00237712396067741,0.00120028026610644,-0.000682447121478632,-0.00119827548918009,-0.00312549245647812,-0.00113814707574693,-0.000609392408858532,-0.00202511909633362,0.00194340193273526,0.00128958492631385,-0.00145452479307512,-0.000843825667596155,-0.000730891677945356,0.000263609162768296,-0.00147805026596061,0.00105482725648919,0.0018029132621402,-0.000318188218637384,0.000153007481823763,0.000720879162510129,0.00140879603547059,0.00167625510770934,0.00151758505882401,0.000858317452151954,0.000124415159519173,-0.00111305778185332,0.00160561244868314,0.00101298499800163,-0.00135609104965467,-0.00103088932834057,8.44289839031043e-05,0.000836060407316095,-0.000719978744820164,4.74792430893301e-05,-0.00025073652514044,0.000151349664854293,0.000432683399362567,0.000686668570991672,-0.000186123407880319,1.21440194983107e-16,-5.26047200416934e-17,-1.6620001816513e-18
"chinensis",0.421338863874473,-0.0227947418507297,-0.0293459356119499,-0.0147484136000055,0.00567121888158956,-0.034744222948531,0.0801251994067366,0.0063492788183695,0.0052836795076493,-0.00455566822531487,-0.0241248251655068,0.00613665949154716,-0.0137908591144962,0.00470375484729494,-0.00648290111177495,0.00757424552444933,-0.000916097073499646,0.00828499154100136,0.00527144736701201,-0.00318918371696447,-0.0097470575776984,0.00139921479235569,0.00795742553256111,0.000301742617922045,-0.00232796984825576,0.00175934380451798,-0.000993823647549696,-0.00386200846363191,0.00362236305527591,-0.000410333955798765,0.00302373407291387,0.00180122539708556,0.00591175701635629,-0.000966533767613862,-0.00546064007646218,0.00123435133640899,-0.00113723507965783,-0.00132365592528572,-0.00188278746733822,0.00149961921028643,0.00181081181365311,0.00168377825581916,-0.00355253552332454,-0.00122227653826451,0.00151310255903267,-0.00137190240397468,0.000179607971858697,-0.000355040981776971,0.000596683553748261,-0.000340765778062782,-0.00120519071540496,0.00145741040304154,0.000612228961745426,-0.00042537953309667,-0.000375685789617404,0.00104990842722932,-0.00160290910300482,-0.000684784272752864,-8.27347294528297e-05,0.000441121555450357,-0.000566503484997731,2.07060232061067e-17,-7.43651824632813e-18,-7.44426003399724e-18
"gracilis",-0.258962082706417,0.00620354219053129,-0.0295425307836102,-0.0102136717898903,-0.00796556647470156,0.0241944823647062,0.0120652035627099,0.0206165789466979,0.0166451471271097,-0.000456731418009283,-0.00307394552222314,0.00944911221736631,0.00311927205044138,0.00694153813375528,-0.0110361174134741,0.0110923394452873,-0.00105788925205323,-0.00157238969974828,0.0030291905190852,0.00856872168795996,0.000639662614663938,0.00454898327177498,-0.00568241613106643,0.00136353479702127,-0.00202228790556999,3.74948573475372e-06,0.00265807501240615,-0.00227739687271276,0.00205558969464351,-0.00257526038474724,0.000851736685203364,-0.000769262624583449,-0.00384140012559198,0.00100069269142697,-0.00390851396782711,-0.00142271269830432,0.000584344308238898,0.000810271759406258,-0.000569973849820475,0.00209934301147749,0.00309645806315404,0.000757871322591183,0.00201527364041091,-0.000763866719785447,0.000151873161655477,0.000977114503281402,-0.000622793643126141,-0.000609099996897097,-0.000405467787982682,0.000899036862775836,-0.00273774872804372,-0.000553678479990239,0.000281923437994106,-0.000235801060150368,-0.000832913633027751,-0.000402220636411245,0.00174058091716057,-6.73260307243825e-05,0.000377693311031124,-8.3566933309871e-06,-6.75068657400507e-05,-2.04679540872096e-16,4.56730823444065e-17,3.26868054782408e-18
"obscura",0.0649674860544738,0.0426731699571047,0.0470802699899574,-0.012182480578756,0.0184232146074872,-0.0361552249413849,0.0211566904876287,-0.0165063692735763,0.00171325553758763,0.0030666757037521,0.0102245326823434,-0.00878139721551024,-0.0159930334813928,0.0053037550761403,0.0143265928916749,0.00215373460704078,-0.0026616305114792,0.00452885059179354,-0.000971403090102698,0.006677514675355,-6.246602186786e-05,0.00567913407116445,0.00253478033695554,0.00136157092130891,-0.00397597385756331,-0.00439460168572356,-0.00396873206460346,-0.00125597754029545,0.000142461591360522,-0.000553260261050647,0.00275950853344303,0.00224790231733187,0.00116149151007008,-0.00151795057512725,0.00217091343217146,-0.00178759447833925,0.000334121173816399,0.000445388765816549,0.00265232886704883,-0.0020380153707775,0.00187520278824315,0.000693352187194387,0.0009934598944828,0.000588531916650863,-0.000937982446001361,0.000537450711001799,0.000689529530620326,0.00303720876929474,0.00104435901664844,-0.000336985964575814,0.00201200100554708,-0.00191646998883762,-0.00119392123035585,5.02640336244842e-05,0.00155294837063521,0.00115060721248243,-0.000100039390948871,0.000168375195851243,6.87225780292224e-07,-0.000310415169761483,0.000127856678681598,-2.62221054166558e-17,4.60655352353099e-17,4.59751222007214e-18
"bynoensis",0.167446233633488,0.033254408711425,-0.0228838232538502,-0.0079155833153007,-0.0179407621551819,0.0212392260516533,-0.0151095126063183,0.0133218077423261,0.00209783519663595,0.00342743853821905,0.005045524546139,-0.0183535616564678,-0.00157156007176616,-0.00161841695582304,0.00753395996991998,0.00239162931786527,0.00453777263453208,0.00432534069336958,0.000507575347150177,0.00433928915845345,-0.00442328795149857,-0.00158268125750519,0.0023034879221993,-0.00130862268619217,0.000778494787508749,0.00109390347505026,-0.000803033966624433,0.00120102827478275,-0.00290368216258968,-0.00131479343968219,0.000162827881839375,0.00194583992149683,-0.00105235948410673,0.00280367199226641,0.000762705278947801,-0.000156804372687718,0.00044257378012419,-0.00119537278434172,-0.000803234675902809,-0.000919723558629828,0.000254437521758075,0.00147229284806813,5.11949799638833e-05,0.00115597836689929,-0.000152556116584269,7.97008814692644e-05,-0.000596457413801296,0.00056110163176035,3.39682025668533e-05,-0.000208929787325235,0.000262646903149788,0.000166365355018491,-5.90644334279808e-05,0.000386957233050866,-0.000538586453917507,-0.000571977575745845,-0.000416800447809104,0.000313786567741077,0.00027102732325394,0.000209135035553639,0.000171988656489562,-9.17504519647144e-17,-4.54597449938117e-19,-2.66013905661492e-18
"brunneus",0.206845155258424,0.0635282101039053,-0.025654614336823,0.0628015964606987,0.0719820771281621,0.0458618730154965,-0.00273877273751764,-0.0105291592687305,-0.0141805363450009,0.00464344233407084,0.000631386801481807,-0.00973106600004058,-0.00959931833202698,-0.0276188384098292,0.0553828552034405,0.000712220201042965,-0.0281903825161778,-0.0172264495887222,-0.000620664485361626,-0.00876055585528351,-0.00563068365985998,-0.00439001152706544,-0.000389106980849528,-0.0084488184647333,0.00748930520467859,0.0113947745893067,0.0168811230943637,-0.00124717658851339,0.0086019893979043,-0.0143037252744607,-0.00672602091564807,-0.00448221246958644,0.00729228760029869,-0.001339418381652,-0.00195362169589577,-0.000202346433511601,-0.00628370039654555,0.000642661253455945,-0.00085012870145179,0.00752921822958303,-0.000591856041289615,-0.00188710540531076,0.000638912359355007,0.00285735199338232,0.00105887862028207,0.00169251358526047,-0.00197958653838108,0.00310361703030322,0.000611717911166638,0.00241917439427487,0.00113056185492947,-0.000899464162027813,0.00190265199978459,-0.000300094874932098,0.00123418331707347,-0.000405326455499068,0.00066784438792911,2.2050486954278e-05,3.20929675125882e-06,0.000913611066509527,1.77753721054447e-06,1.5156304801579e-18,-2.23759852524343e-17,-9.79077779454867e-20
"ios",0.205002532140192,0.0637043361895572,-0.000114635293409592,-0.0253442084385761,0.0145310680495825,-0.0154875552718784,0.0157193565864553,-0.0142093822635121,3.54131573555647e-05,0.00224722622734137,0.010693618058504,0.00810790194542016,-0.00938260840192733,-0.0082442856170896,-0.00401504180125072,-0.00610830699438768,0.00286449987848633,0.00848727088659014,0.00150944825621715,-0.0056075395162718,-0.00408534455982009,0.00108075039414107,0.00124746889732077,0.0013406184138564,-0.00406312106241856,0.00331513250706013,-0.00282230975927772,-0.00542261906254306,-0.000313964908839444,-0.00203731779221626,-0.00272252180633012,-0.00148438968367738,0.00403183013272411,-0.0031243960161576,0.000103990730420107,-0.000360340025979513,-0.00160040763119616,0.00156729377690273,0.00128438306814419,-0.0026581870866114,0.00202963126156937,0.000510031329044768,0.00141307911558594,0.000564683960767015,0.000935700626118196,0.0037219841443076,-0.000431933363757804,-0.000632968616659192,0.0010701458678107,-0.00122343892119861,0.000279267108759594,0.00230245573476593,-0.00076745664766562,-0.000312499518573072,-0.000470232613287221,-0.00121815724838621,-0.00162413229937791,0.00151626464739779,-0.0012115890386656,0.000647759339879113,4.99506470388151e-06,-1.18663687729832e-16,2.52530500371159e-17,-9.99522811263879e-19
"callidus",0.122908566837614,0.124028136996076,-0.0261540049660328,-0.05873933381327,-0.0468979532724727,0.0200531477691498,0.0273605852084734,-0.00125023559645853,-0.0136599627486815,-0.018944196178827,0.00755706790491256,-0.0162941560927469,-0.00958111323497288,-0.00412298748301533,0.0019422429754344,0.0062403921920048,0.00449145067643115,0.00675468947779541,-0.00654986011523611,-0.00315048165294653,-0.00592123674034112,0.00235537658119666,-0.000739238855750787,-0.00884194122396461,-0.000826786880683204,-0.00371646905376544,0.00137094880297354,-0.00130675403585847,-0.00247836669336945,0.00560307192518125,-0.000235794288862348,-0.00167892994983355,0.00294277614898195,-0.00165347452171086,-0.00292946704442941,-0.00927275891174475,-0.00058286336272377,0.00166245220705445,0.00161783196730661,-0.00379326275427534,0.00206130620685058,0.00187418428669147,0.000872271586062169,-0.000465938648245424,0.00100715492836898,0.0024284422248014,0.000944058305333443,-0.000385675131650664,0.000189430626512136,0.0010537927319096,0.00148037989309299,-0.000688445936521014,0.000687229997504719,0.000547302092052159,0.000133325413694736,-0.000388612706468861,0.00133414844245666,-0.000417824494025505,-0.000339676147901429,-0.00022142919846738,-6.39031099947286e-05,1.20759006016038e-16,-2.36001982965436e-17,-4.97633579678017e-18
"prasina",0.047082375901336,0.0197898683589401,0.140840319896651,0.0308009229034759,-0.0289295551376479,0.0260079950896483,0.00158597964616907,0.0297002388495085,-0.0316305571822485,0.00250615256913028,0.0170476729830032,0.0220097304749803,0.0152639392638208,-0.00844893563391786,-0.0158347621237616,-0.00184580192214062,0.000973522781303389,-0.00577396368410234,-0.0131212579058184,-0.00534195845915936,0.0083963602815236,-0.0158007984176354,0.0163067086685251,-0.00702660220358358,-0.00914468629199064,0.0013838843383034,-0.00529409194050521,0.0101292387406989,-0.00559609228550662,0.00315492118777277,0.00143119924484103,0.00410726391035129,-0.00624483895111061,0.00193141166388653,0.00337167060375138,-0.00316050562159898,0.000386147632849595,-0.00138474960900061,-0.0118648683888959,0.0064054349844139,-0.00444235791172,-4.6993190243029e-07,0.000880420865888062,-0.000788366784102149,0.00133343804113218,0.000664837663619575,-0.00144991217092054,0.00270368165438561,-0.000463877093185445,0.00201568266328704,0.000769559951513274,0.00122719839314962,0.000209188287537042,0.00151739394760416,-0.000109677637767308,0.00139290238548964,0.00114056170230151,0.00122329173399916,-3.09258003374256e-05,-3.65161961465902e-05,-0.000872268160389411,-3.00325708666824e-17,2.09862936526714e-17,2.92952701636444e-19
"flavescens",0.119291151102388,0.0521135976303427,-0.0124891345568828,-0.0462916886813912,0.00523272988061191,-0.0213607494951722,0.0375579112978768,-0.0103368814837105,-0.0205493396455725,-0.00788006425293329,0.00645394582011448,-0.00356343989589017,0.00171511631945096,0.00158501639533266,0.00444704920211255,0.00710690679231066,0.00256037854082787,0.00370844426742189,0.00220312721013988,0.00811167358625578,-0.00336092401696425,0.00102735025547234,0.00578714952679455,-0.00572931742297589,-0.00604586306923388,0.00109153675495119,-0.00529020590903695,0.0011246910925992,-0.000310476308118163,-0.00188498318761988,0.000304158969363581,0.000979042301337625,0.00121491047792074,-0.00158455667896805,-0.00282176780077796,0.0002703879110072,0.00103801903811247,0.00175221475281675,-0.00127840976161818,0.000517767521540712,0.000728512418363882,-0.00105442490714375,-0.000971991931162672,5.34318846800437e-05,0.00183075341929804,0.000395061517464813,0.00109886469716942,0.00020819536222569,0.0020683611878326,-0.000452844075577704,0.000568489441645079,0.000157497633425393,-0.000433872660412779,-0.000981896418475105,5.7508006163967e-05,-0.00114083411988762,-0.000360286204867853,0.000323765347993425,0.00049400869154626,-0.000560286328420678,0.00013509698305843,3.90829484687504e-17,2.701484866539e-17,-3.7580751786335e-18
"minutus",0.270442946072625,0.0340677615972362,-0.0171752517250245,-0.00492076867960891,-0.00893150065616639,0.0235408569910216,-0.0125900733947578,-0.0152302763030703,0.0359851977191234,-0.00549792418538706,0.0123830512515701,0.00339686916498262,0.0124438422839628,-0.00290544636291785,0.00165816335204748,-0.00352891173644813,-0.00873574526734552,-0.00731619550712104,0.00382604836243121,-0.00623909692587485,0.000547345819740298,-0.00522468148934009,-0.00265484234988748,-0.00832335420808918,0.00397510260970806,-0.0103376565002368,0.00639370107457638,0.00297319264784822,-0.00701063260952736,0.00700293767059923,-5.83839541802882e-05,0.00182314810959585,0.00399256975251864,0.000214351699207449,-0.000631091988884013,-0.00170551519054191,-0.00165477591639013,0.000985188801153144,0.00322813752268838,-2.17694077946161e-05,-0.001382967462495,0.00078765735705196,-0.000195173270790767,-0.000191045879759621,-0.00128822789556554,0.000593479524439938,0.00186156627318738,0.0014944819580232,-0.00139122724547813,-0.00133654357628249,-0.000468439349807351,7.10246741084271e-05,-0.000578985796932001,-0.000426274895241762,-0.000646048507612525,0.000236970677501687,-0.000413589892115236,-0.000413846665628278,0.0013056118856375,-0.000192999295797861,0.000798124260595284,8.05864963644691e-17,-1.38125937514883e-16,1.90553248841114e-18
"microps",0.399782814301185,0.0411111320991664,0.0293516919463824,0.0253381154232739,0.0404509012717644,0.0130575927928243,-0.0532518151778517,0.0139462268006009,0.00951092641053429,-0.00997906879768646,0.0320447479577818,0.0229198981336575,0.00548910142975861,0.00159163609666894,0.00221325214571718,0.0101670698349118,-0.00275484095048505,-0.0021905479695265,-0.0136653687173824,0.000295749653302081,0.00328520134501857,-0.00517446136151098,0.0012827545115145,0.00213905710996482,0.00479484338267802,-0.00346915521109738,-0.00358075634795211,0.000362377036993973,0.00173463604280037,0.00379304829902968,-0.00309006038654209,0.000606411199311286,0.00295266012565985,0.00230120438653328,0.00469043063037177,-0.00317809744546095,-0.0004818799285385,0.00229548294846165,0.00113331870406494,0.00304337363208428,0.00135695890199054,2.74267879790609e-05,0.00247823543113448,-0.000715913451058384,-0.00165209943053743,0.00155407966875399,0.00254805426204979,-0.00113216965866753,0.00209498944355753,-0.00148515082474828,0.000993635540466655,0.00170770608506208,0.000361203265220448,-0.000408384052476178,0.000709404534453502,0.000556320287825165,-0.00173376605283876,-0.00214015726297876,0.000332477286389257,0.000708628854951619,2.37467898199148e-05,3.13939762454672e-17,2.4078234545852e-17,-2.92423539779305e-18
"punctatissima",0.390271905107585,0.069600508170172,0.0297648236900805,-0.0394485599422248,0.0386767600573341,-0.0707183875835392,-0.0197832979754611,-0.0045919203811534,-0.000287950272406194,-0.0302002128929839,-0.00202105187066442,0.00138043012025942,-0.0021161929153712,0.00417115363622474,-0.00547995435484887,0.00199040980400915,-0.00571062741507923,0.000142757528472744,0.000710462880308623,-0.00546753738875192,0.00470701113405655,0.00313418578897632,0.00641864339174269,-0.000770384797216769,-0.0018198022441369,-0.000500484008731043,-0.00261692116782501,-0.00502967224088803,-0.00495921481469177,-0.00316447740332717,-0.00219593519084539,0.00467159500197853,0.00556602599541275,0.000345616659121301,0.00380345972527822,0.00321480412769879,0.00178294781771092,-0.00033744801807063,0.00163420063355416,-0.00105217077032675,0.00164703847925333,-0.0025987064073245,0.00202059674924416,-0.00127674246281955,0.000597817593302068,-0.000631239727514074,-0.000604491386252878,0.00135387060233062,-0.0011366181102146,-0.000797958480821344,-0.00168055334282219,0.000200784458189129,2.02990043226549e-05,0.000750141267051978,0.000251680324039837,0.00132470364117202,-0.000237014606785616,0.00106268830378546,-0.000305322034328412,0.000234003292452556,4.32318016498305e-05,-5.67655269274361e-17,-1.51066043714633e-16,6.96788555968982e-18
"phalaena",0.286212492741178,0.0888840172432241,0.00284368404293136,-0.00914394667090274,-0.0304239669025377,0.0400405542508617,-0.0493098737055398,0.00770639980103672,0.0249409217308426,-0.0237347734456399,0.0230581817360838,-0.00301279564185607,-0.00665541636592458,0.00764801931009193,0.0008089375272753,-0.00219690638302155,0.00925251261583628,-0.00266917159978105,0.00118314103084507,0.00172077416604258,0.009589433080712,0.000157849220238627,0.00991593108913501,0.00983681051863789,0.00219450570039299,-0.00160406641749456,0.00967712614452453,-0.00154578202051507,0.00159594695721458,-0.00568219189464944,0.00364379722872329,-0.00487737527333517,0.000867975470675195,-0.000771116274834892,-0.00119753728459791,0.00247322128652839,0.000393661691338791,-0.0041510402181815,-0.00719304012759353,-0.00382081085831185,0.00221204213140995,0.00227379111143636,-0.00283166805724224,0.000517551303063937,-0.00159437391136297,0.000687203658276696,0.00132916516365912,-0.00139107162963181,-0.00359181899665158,-0.000277857715391273,-0.000831665901472739,-0.00172406182777765,-0.000269520354637137,-0.000987362655169865,8.12818496174078e-05,0.00232422263397753,-0.000719325871797679,0.000912793935244957,-0.000392077543196209,-0.0015127760422862,-0.00068416697237825,-1.44691939468161e-16,1.49679143787751e-17,1.2352659518553e-17
"muralis",0.0686265225881321,0.0494735160184383,-0.0588994518058015,-0.0355154778299003,-0.0707119284247364,0.0361723714413833,-0.0189048021553605,-0.0017915508185891,0.0090389330132222,0.000239102984450218,0.00134160612144513,0.00802673957381836,-0.0156805053496879,0.0014243008737084,0.00818400787607134,-0.00811666772861699,-0.00323495775860755,-0.0101600447813124,-0.0121447649345837,-0.00241733509620129,0.0142955000123776,0.00584658282768136,-0.00497185853718826,0.00667145283022818,0.00440202470909364,-0.00968131689538069,0.0057987033159392,-0.000606441005620336,0.00445179884107328,0.00176306493948143,-0.000105122514173338,-0.00173449308864271,-0.00487687067549439,-0.0026780693423977,0.00113551607467398,6.66677271440282e-05,0.00160834420440614,0.000792023458394949,0.000877528016832444,0.00216988854943989,-0.0021598653223506,-0.00129971595916955,0.000250707702801634,-0.00295656900334946,0.00031974377858187,-0.001382708278847,0.000586308735279442,0.00114674695394713,0.000515335108731372,-0.00051330515463345,0.000452034451037281,-0.000537610221494305,-0.000553948090430521,-0.00114560744452054,-0.000368503845727388,-0.000534472289389414,2.87946429957921e-05,-0.000455707149637444,2.37016849974898e-05,-9.74854098698552e-05,-9.03663153883758e-05,-4.17695481167126e-17,-1.24395338343487e-17,-5.5070644643344e-18
"longipinnis",0.0386334524545928,0.0498572474716415,-0.0845079240521057,-0.023730508779797,-0.0574781546053508,0.00704553962768421,-0.00984090833111542,0.0220990511925519,0.0265286313462167,-0.00412803806821739,0.00945819444135394,-0.00494506320558781,-0.00918058120145562,-0.00687705426896218,0.0135610168572813,-0.000918876199326611,0.00654611434216935,-0.00382984361830993,-0.00147206696555303,0.00211359637565501,0.0109454809918642,-0.00266479648872406,0.00542584984054123,0.00504198778684746,0.000621913632376341,-0.00564569565471662,0.00910912228840521,-0.0016144121622292,0.000706110355362083,0.000158194400711459,0.000666768047409777,-0.00102958931238421,-0.00133124574793436,6.7766579541921e-05,0.0010378405773869,-0.000829320870963674,0.000330446648250526,1.46406496198254e-05,-0.000894375835795866,-0.0014490364965642,-0.000623040312330221,-0.000182704200683065,0.000403170245974826,-0.0016130808471767,-0.000348317604131257,-0.000500180757176987,0.000402294383477156,-0.0012809570234982,-0.000281245228055253,-0.000392404548735619,0.000893069730199609,0.00122477324322031,4.2414681177535e-05,-0.000710434388321719,0.000260049706791675,-0.000713509266841363,-0.000256884904468732,0.000650081944204521,-0.000262079953684442,-4.37492620402692e-05,0.000473341932320005,1.28704040525928e-16,-3.73360225360308e-17,1.19231387399294e-18
"melanostomus",0.159262389619807,0.00681375491839102,0.0577288882565112,0.0541666093701159,-0.0282200763649153,-0.0236830701886037,-0.0460677461101237,0.00490918406046099,-0.0222256618816384,0.00398888977243356,0.0248168130953388,0.0187933430731679,-0.0108762348167371,0.0114396929862475,-0.0111031655414825,-0.0134539371707789,-0.0189614491999934,0.00180016853823545,0.00157982189154199,0.0080200042872681,-0.0194715143256743,-0.0188959264565009,0.00382653065534292,-0.00707650891646918,0.00905297138757629,-0.00431881350857235,0.00662660794193426,0.000133274281421842,-0.00231301533163023,-0.000300840326418446,0.00559916915566137,-0.00364997933633379,-0.00498611773174719,0.00134042942590872,0.00253971275696903,0.000221049662900739,-0.00723939999061241,0.00266040787658616,0.00549623962531135,0.000148010622115746,0.00265836789447394,-0.000490606887414944,-0.000233231981676603,-0.0023762895597019,0.00205898790511812,0.000728101839677489,-0.00120461992355176,0.00095202621058777,0.00215447127602857,-0.00285180987749751,-0.000106542047010888,0.000509143483475561,-0.000501307435484625,-0.00147829450188255,-6.73117568411553e-06,-0.000141055516687723,0.000717705333354709,0.000653861077582051,0.000116371819281593,-0.000327510061658703,-0.000336290523732266,-1.26766069522664e-16,-8.2603964924203e-17,-6.32952108891926e-18
"bonelli",0.248484687690944,0.0936672419850134,-0.0512703231157287,-0.040195692044077,-0.00898871191395341,-0.00253807458946976,0.00343273919593659,-0.00713991498447452,0.00722684943609881,-0.00156810527044655,0.0104302322424172,0.00335827616593191,-0.0148725307018905,-0.0131490232293617,-0.00255203054365772,0.0113356494504639,0.00633191762142148,0.00353679753667657,-0.00409211549852723,-0.00334842291746175,-0.00484947626735664,0.00474724793742914,-0.000197781642317051,0.00111090103270537,0.00427565681466154,-0.00368858338500232,0.00280991562737008,0.00300497107077591,0.00232818429768084,-0.00110773572616119,0.00305143644067592,-0.00442869144816165,0.000298731612639252,-0.00339991966667051,0.000465124582615663,-0.000133014072257178,-0.000989788808832488,-0.00118618220128197,-0.00179810169258677,-0.00253208323462342,0.00267740579223652,0.00232733969861029,-0.00179082778680243,0.000802667390952017,-0.00233291388641139,0.00120201210950515,7.49091957305186e-05,-0.00016980855839686,0.00113152703802289,0.000784886402972337,0.000543706932760629,0.00131115544258876,-0.000451587744129568,0.000104803306165989,-0.000763240451010557,-0.00108275548993169,-0.000616639248505468,0.000860383226311582,-3.42429845668534e-05,7.88758949243385e-05,-0.000434791510581225,9.2517694533606e-17,-3.58681768062618e-17,-6.23194051738499e-18
"ophiocephalus",0.384462822358467,0.0105456226716243,-0.0427508281064947,-0.0666889143191388,-0.0322308479169125,-0.0398301253415497,0.0375818407832075,-0.0195634275983226,0.0180838795570487,-0.0196684779483329,-0.0128962943519463,0.0126133185477294,-0.00191913926124665,-0.00741846164795888,-0.0148064938632178,0.0176282349109612,0.00242900405849905,-0.00215649867780171,-0.0125346698769461,-0.0161866808219908,-0.0120829878740732,-0.00356729468223469,8.0777172276998e-05,0.00146677103396789,-0.000885090705432636,-0.00301118351021327,0.00400243844751962,-0.00062928329060744,0.0017587220170687,0.00283459125408242,0.000562246489462537,-0.00254946598408235,-0.00276466971728493,-0.00141342880239926,-0.00478443251486875,-0.00395089059903556,-0.00477170173513547,-0.00711550322986523,0.000769938583692902,0.000232270542923956,-0.000897750618301979,0.00117937644207635,-0.00250807710346051,0.00270631382358614,-0.00229114327481827,-0.00181275094849184,-0.00177312626092829,0.000382981054960967,0.00279287274256543,-0.000188973812737948,-0.000358347374618649,0.00118201710118727,-0.000733922043661504,-0.000801277853585102,-0.000260636871968203,-0.000228164334837268,0.000202435614274305,-0.000860999046004759,-0.000868636548436011,-0.000743272252950023,-0.000137340596525266,1.61937634754652e-16,-7.96075917733454e-17,-3.69427264195638e-18
"fluviatilis",0.180290198882948,0.0641410671657782,-0.0241048725867735,-0.0271937737581535,0.0250308991386945,-0.0273146443759635,0.0201571636880814,0.00591629511225281,-0.0175443446915759,-0.00865185304277661,-0.00105082112035017,0.00760741038966165,-0.00931711147315193,-0.00341962281714901,-0.00105580965885767,-0.00243304697222753,0.00146151686027041,0.00424196961190551,0.00221523227268163,0.00224523901917746,0.00470787978974516,-0.000737802968174631,0.000312514879269764,0.00322151157893854,-0.00241258829599021,-0.00243166969056736,-0.00188725947632262,-0.00207130935628081,-0.00215937385653737,-0.00255904357015907,0.00153449635848288,0.00124609181479928,0.000641116871031643,-0.00247803706268314,-0.00115391071986526,0.00230602943835879,-0.00242311941010973,-0.000328825349147535,0.00318572851082983,-0.000888581021528752,-8.91371698393166e-05,0.00227451164896424,-6.24027208199391e-05,0.000274713502822821,-0.00142946522863156,0.00044889178302272,-0.000207008094008395,0.000341659026851334,0.000488138725818665,0.000346807476859458,0.000371331715909806,-0.000222974788213648,-0.000179144766447512,0.000907415531810309,-0.000598870483262056,-0.000488432999646495,0.000576505777192124,0.000114587772355086,-4.71831926931577e-05,0.000155152097285652,0.000169987678410536,-1.59457872236802e-16,-8.18935543766702e-17,2.65980573846379e-18
"badis",0.0997003775061308,-0.168786398882863,0.109034945681788,-0.0171972327090551,-0.019285389562665,0.0270166388549815,-0.0340018453643242,-0.04076725771012,0.00260518766379344,-0.0201008164588556,-0.0241041755984791,0.0195659152192236,0.00465173896503622,0.0138702587055721,-0.00523484130087728,-0.00974737931808663,-0.00336777737536321,-0.00514497629097533,-0.00733241512989541,-0.000456280810013233,-0.00382771484663336,-0.006284306583955,0.00559191052656808,0.00688782963624821,-0.00517805341768233,-0.00106973167203358,0.00531498432603078,-0.000359519938074362,-0.00418704709994708,0.00375847361714574,-0.00394073903663952,-0.00173649951419451,-0.00250539278075432,-0.00815904033214182,-0.00523686979225111,-0.00106264999691703,0.00273748410991432,0.000560617937311974,-0.00338497753699432,-0.00252160244435764,0.00301990583648219,0.00168494273777331,-0.00135696838382688,0.0012668777584103,-0.000340426053188806,0.000664551864183449,0.000173137383641468,0.00159599509514014,-0.000177027250499145,0.000169471221389452,0.000567708669666054,0.00224099539162568,0.00151556089340728,-0.000325525671505838,-0.000543624336587456,-0.00084383645058336,0.00131109250152245,-0.00110860410861385,-0.000687098299478285,0.00162079344365605,0.000421108460616261,-4.3845075418761e-17,1.10682297720936e-16,4.10514330270803e-18
"platypterus",-0.318726642385227,0.0262316054622692,-0.0250755390766474,-0.0206128368689511,-0.0618784166486565,0.000204502553588542,-0.00938311734073187,0.0225683506460279,0.0315367397905578,-0.0259719439877185,5.82348330208667e-05,0.00380646377466092,-0.0124159978087853,-0.00752081526294177,0.0072689062288721,0.000357711142666419,0.00128656331801,0.00347760628617313,0.00522821796638566,0.00649929633207731,-0.00235301168322336,-0.00805817603223892,0.00515902462013724,-0.00961659944126022,-0.00113759342262647,0.00706289512003238,-0.00462928211054833,0.000157803637427029,0.0007514378045223,-0.000511967853049381,-7.26520445139085e-07,0.00172822552509793,-6.54194177389755e-05,0.00310342119636088,-0.00190940088540588,0.000416743021643127,-0.000677855423061394,-0.00116191081285798,0.000884349175828896,-0.00145151378260942,-0.00266628357730092,1.05711033020082e-05,0.00277905860780313,0.000791437613444608,-0.00123513361966088,1.5963446769867e-05,-0.000722222171412656,-0.00116599228416494,0.000308513360473906,-0.0013540060292092,0.00126699098643406,0.00131413563886849,-0.000866845913942083,-0.000122516344584674,0.00113906052096187,-8.07189846100094e-05,0.000787999366168323,0.000472921700938519,5.58061262199196e-05,2.98201172982183e-05,-0.000152539646730912,-1.13799877717613e-16,9.36467896138809e-17,6.84269713463672e-18
"hippurus",-0.171495583752622,0.0544305852119614,-0.062361130089867,0.0247608743373468,-0.0210418431813541,0.0173799469334391,-0.0543851443954127,0.00283882668878722,-0.0200675563870531,0.0020916781547336,-0.00999683412594536,0.00799161241928807,-0.00147180019400466,-0.000417432476734654,-0.000218264073409168,-0.00885107685707013,-0.00298316364072151,-0.00429492488672895,-0.0023015854271017,-0.00254077557398525,-0.00154020004459783,0.000987540389054075,0.0067309116245277,0.00439827206627011,0.00224232001876921,0.000782231465765723,-0.00504029895897995,-0.00386910991415914,0.0044004654177007,0.00321726631684664,-0.00315916220840087,-0.00244196205080392,-0.000143511340379526,-0.00260335592503979,-0.00125974537779421,-9.89490753235662e-05,0.00193009845260492,0.000372527940029775,0.000327787741137527,-0.000886469041450595,-0.00241558606904956,-0.000335822008186199,-0.000610983863004249,-0.00116239132942697,-0.00144906625278721,-9.68079674036757e-05,0.000308335147322658,0.000597981678553868,-0.00118004005951326,-0.00025525899548464,-0.000538942618656647,0.000939291774425532,0.00102334938870029,-0.000723991016033047,-0.000302645513686594,-0.000453542587340263,-0.000385514589579591,-1.36991973786494e-05,-0.000146641207898932,-9.23431515557684e-05,0.000242137621801396,-1.09085550389759e-16,2.9344812142936e-17,-6.66687322305518e-18
"saurus",-0.0522232838224299,-0.0143417465852736,-0.0732342457671008,0.0167439438508048,0.0153259262443213,0.00187877200708703,-0.0264111749353859,-0.00139131320650207,0.00319337541541261,0.00705027850870765,-0.0163755391953218,-0.00331683161021133,-0.0035343596672645,-0.010096677883192,0.00665021296265366,0.000828222980420699,-0.000273902317855561,0.00240886334264771,0.00264647412505395,0.00637902145721872,-0.00313915679207038,3.05715776357993e-05,-0.000757500173110847,0.0029409376324148,0.000908887078055868,-0.000362120500535549,-0.00994602278211932,0.00184940549323329,0.00157687296112814,0.00131329292754337,-0.000651268995673251,0.0009715613665674,-9.0671565871493e-05,0.000994792854312361,0.00145110263417283,1.81063835681855e-05,0.00180657951045005,-0.000262249827620014,-0.000370370558855202,-0.000285440200301847,0.00125642051804436,-0.00254706654342022,0.00029691195265669,7.82974991557512e-05,-0.00333518139656888,0.000608648018826344,-0.00022261495880512,0.00181270369697823,0.00130435956346422,-3.21124034857963e-05,-0.000101047858217843,-0.000193612439047084,-0.000411126513524327,-0.000114310921939461,5.24651720670532e-05,0.000349012119074892,0.000468309509124474,7.68902386213947e-05,-0.000331572770988724,6.54400955938874e-05,0.000264464688357961,-4.65569613274966e-18,-1.77681701137579e-17,-6.86098541446833e-18
"bipinnulata",-0.182714977132726,-0.0782199440657248,-0.0209456902577345,0.0220492332023707,-0.0202473777355182,-0.0632582629553109,-0.0473822433117104,-0.0183532425269635,-0.0187467486392214,-0.0105620084186945,0.0230877558285626,0.0023859731328645,0.00228929303692703,0.00490781866768328,0.00916134387844341,0.00599691503409502,-0.00582553489930593,-0.00198070298230941,0.0066014282858537,0.0038500548457566,-0.0107039095766656,-0.00379170748718948,-0.000896000567768082,-0.00585752510909037,-0.00357528625392998,0.000496360176794019,0.0024810072770766,0.00782800588985338,0.000790309702770277,0.00175282329128586,0.00612108297693702,0.00108909571507881,-0.000740162482273546,-0.00153714379335065,-0.000180146700845871,0.000201510961324898,-0.000362119951952,0.000885308336993737,-0.00298265778031855,-0.00197058992554828,0.00379836407303412,-0.0026394455770057,0.00286324226530305,-0.00336048178853008,-0.00184841061795264,0.000309208395115572,-0.000771857529469115,0.000145154602295083,0.000552116643889841,-0.0010836647783455,-0.000617484829259125,-0.000344817078024911,0.0003276617624452,-0.00068613139004169,0.00188668039807747,-0.000774850973786468,-0.00139746799636781,4.03407526168786e-06,-0.000324201304321153,-0.000377921998527497,0.000308817373635935,5.61374171226748e-17,-5.99263883239782e-17,2.44340720525986e-18
"ductor",-0.206053384295045,0.0212428807421567,-0.054191314109257,0.0473417673539946,0.0481979283805373,-0.0209693968697308,-0.00771835448229903,-0.0169263972577133,0.00890798270944883,0.013892452217628,-0.00924839926617324,0.00438939955185385,-0.000585418754136562,0.00636813273411286,-0.00494604042125432,0.00680688606422405,0.0131855437889794,-0.0019801121456831,-9.89667973111775e-06,0.00378359936404428,0.00487178636996288,0.00147325737748883,-0.0050364931802076,0.00078137265025702,0.00458103560520236,0.000228133373674322,-0.00196373155415502,-0.000292304403222815,-0.00762564349230003,-0.002305119820856,-0.00242665691507876,0.000603114277179609,-0.00116428100520121,-0.00141216213253501,0.00154005167250222,0.00231847644487163,-0.00186693000503383,0.00365682583814223,-0.0016646442997617,0.00109984181961315,0.00283848281784598,0.00388094018684819,-0.000267092654277459,0.000161591084990656,-0.000372467731366955,0.000923298286473066,-0.000942417864065414,9.4848651336043e-05,0.00236455013138955,0.000612491976278197,0.000723868002036775,-0.00185310672521866,-0.000905385074168711,-0.000209587017169336,-0.000539253988175364,0.000302856540685501,0.000400699850873156,-0.000801060007763557,8.61456109552154e-05,0.000183303440101825,-0.000174299424675923,-1.70558867061364e-17,1.9813893081915e-17,-3.40492115396268e-18
"zonata",-0.119789222203593,0.0453038119161486,-0.112798101678844,0.00072803319355586,-0.0138727376768162,0.0181559926228243,-0.00875025355176339,0.0125000258855517,0.0244802572173353,0.00272838128934143,0.000779068547584238,0.00454978998179672,-0.00364197184282279,-0.000224016247150099,-0.00173280233234523,-0.00263024940924143,0.00216129565539357,-0.00515095186049042,0.00275080084366148,0.00508241805188831,0.00595075883181783,-0.00142978266261314,0.00604146706858335,5.83905796329666e-05,0.0043826749061861,-0.00302085480934111,0.00444349541226369,-0.00132938911997313,-0.000991369487736079,-0.00054284758372217,0.00264975860025346,0.00204704446853617,-0.0024804793559431,-0.000582597253166492,0.000102379293179812,-0.000973345431196317,-0.00177674462720659,0.00121427877129758,-0.00016384345299399,-0.000930309318924552,0.00191951876828416,0.000746800287073383,0.000834773978180276,0.000886936771726776,-0.00221207209696714,-5.04327856720529e-05,0.00015534014545733,-3.26915752186754e-05,0.000348762817991498,-0.000303262705428342,-0.000504902189003359,0.00123069036077534,-0.000105994548673936,-0.000535200287569627,0.000510189091523617,-0.000179786675094012,0.000653272482241622,-1.74652198028848e-05,-0.000327845540770165,3.36445569466022e-05,3.59977485529441e-05,1.52989782502725e-17,-2.19796919959862e-17,9.50214614321434e-19
"dentex",-0.317736007802611,0.078971264971834,-0.0157011900007481,0.038476493567096,0.0247377247013933,-0.00694239671552259,-0.00882275062038972,-0.0048423773676532,-0.0160643685675999,0.00205662013684166,-0.00292180069102402,0.00879333597783374,0.00584844687195613,0.00841657136498863,-0.00532441196903113,-0.00846260080980295,0.000436634805381819,0.00288530419614309,0.0001116492837582,-0.00151916133934384,-0.000807272562411477,-0.0057463191832606,0.00764407285437998,-0.00252401126673397,0.00427386111858173,0.00111057773287347,0.00322015208634806,-0.000991182119419597,-0.0011513452508777,0.00111676186683653,0.000855471601744496,-0.00263406553109845,-0.000498264949909238,0.000132912827516191,-0.0013580937206577,-0.000524230775098598,0.0012257889786106,-0.000472584399294646,0.00108486522626015,-0.00158191011922149,-0.000896171282391666,0.000418112021757711,0.00043189466776385,0.00168605129591278,0.00130856059684672,-0.000446456894382263,-0.000205912075872856,-0.000515051987965573,5.45800546398481e-05,-0.000241818753948576,-6.78006378961726e-06,0.000590187395666031,4.89747426961867e-05,0.000739211351140451,0.000583821848263482,0.000151529264209794,-0.000187523322619426,-5.84026411066462e-05,-0.000444729155725997,2.37754152622927e-05,-5.94976678995659e-05,-4.56050098130641e-17,4.00092238078908e-17,1.56914523173657e-18
"punctatus",-0.189864972738256,-0.00800253267037844,-0.0264233684741964,-0.0123998657336099,-0.00793292762510949,0.0107771444212487,-0.00191429174506716,0.0191451535416889,0.0171467364906243,-0.00194189356685705,0.000389141552233989,-0.000869262397381841,-0.0114386515045142,-0.00583554529740725,-0.00472677115975901,0.00630528399477099,-0.000104321990752125,0.000101097755076903,0.000846620600362825,0.00446063517358643,-0.00315069100543894,-0.000971383534609187,-0.00180349731834507,-0.0023111281239938,-0.000539228895759528,0.00186400938575679,0.000660190890086372,0.00167485532337829,0.00199463896375574,0.000981544040253398,-0.00076279735626181,0.00119753122173733,0.000140267367827393,0.00112028551703221,-0.00136197563825663,0.000781741870384452,-0.000875685436861915,8.43427726266132e-05,-0.000580234291654947,0.000582279886434337,-0.000224257093366862,0.000248264866577134,0.000533232310658588,-0.000166060497688969,-0.000196234803761385,0.000340659208140719,0.000408585208176275,-0.000290144314110849,-0.00101519232871318,-0.000287666536747143,0.000132239558639826,0.000318234286650035,0.000240216884201092,-0.000249157917708818,0.000213543292271064,0.000180735212152161,-0.000138830411740478,-3.82139695762981e-05,0.000108344155324883,4.57916305782246e-05,-4.59112107911269e-05,-2.62548200597487e-16,8.96268201829458e-17,1.5134570659501e-18
"novaezelandiae",-0.330880684706322,0.0656511493629476,-0.024391627709222,0.0192282936358416,-0.00968780289158753,0.00122526489974644,-0.0193586726420222,0.00776279274469842,0.00877532939519632,-0.0120423029260301,-0.0127464097685016,0.00649516315394573,-0.00753348610304738,0.00244233913198399,0.000819687674609981,0.00282835822390038,0.00786259605157705,0.00525579592873909,-0.00250574707153532,0.00349574773471172,-0.00296295908425755,-0.00347827411688665,-0.00164946156842369,-0.00369205831346149,0.00382078914229306,0.00377858249031973,0.00166919181192745,0.00494998225819123,0.000119751314469546,0.000169035892495975,0.000300456933713419,0.00119823034194731,5.71666201186107e-05,0.00146836699177809,2.55351759703374e-05,0.000909087637113906,-0.00288451465693733,0.000453397254645753,0.000287428100597288,0.000216334214072585,-0.000615495451669675,0.00193446120977449,0.000137503961300325,-0.000340700495862206,-0.000139010313511064,0.000471583952878552,0.000654284684945052,-0.00126792267786161,-0.00239061518977509,-0.000320658737232412,0.00104850945474114,-0.000382419240992015,6.15822620427404e-05,-0.000213348448167955,-6.01657236007254e-05,0.000444378618748578,0.000388231324331966,4.1588357246159e-05,-0.000131032048592618,0.000124892010171736,8.41816165932686e-05,-4.02633549492709e-18,-1.45050188623566e-17,-1.46111445681851e-18
"declivis",-0.289887829331182,0.0397013365772161,-0.0180198051177596,0.0120246516301826,0.0209395218791944,-0.00280532332514695,-0.00430458255151175,0.00848944940635726,0.0037337863040929,-0.00411606527666276,-0.00492431886380497,0.00341692570117535,-0.00680106912812994,0.0013884046192552,-0.00479550248335857,0.00189694771291199,0.00458501377258596,0.00378561735155284,0.00220135483636068,0.00123058421265036,0.00259071407962499,-0.0024501823328338,-0.00572405000117616,-8.53493123887282e-05,0.00119269372124057,0.00105969736095199,0.00266354042083229,0.00285290399270129,-0.000290689481998314,0.000300182026436701,-0.00042887480498767,0.0015276517450291,0.000282840555966509,0.00175600604778528,-0.00083693207783845,0.003174463296754,-0.00113969002370069,0.00121106526434423,0.000251726358749865,0.000862467711620266,-0.000624888534113267,0.00274321408233996,0.000252270689393964,0.000708375601452158,0.000109594951209883,0.000712929915477797,0.000796838504106465,-0.000128029771624765,-0.000337209816211517,-0.00034635078328216,0.000255160496817666,-0.000849801411227404,0.000177252382562309,-5.34612971836969e-05,-0.000312936180160837,0.000439939842552208,3.62498711367207e-05,-0.000471430503210118,-1.69156897664434e-05,9.87496140070177e-05,4.20898556911984e-05,1.01378752900926e-16,6.5290291623279e-18,9.3747304090512e-20
"lathami",-0.223073427991816,0.0276463893477485,-0.0721890420054194,0.0575554701767075,0.0432571293752141,-0.0172405368928388,-0.031834365918409,-0.0201388553236776,-0.00137746355737084,0.00336028496094087,-0.0192540839740371,0.00752958540319405,0.00605215726822875,0.000223453752055257,-0.0051612195813595,0.000255958285325399,0.0102238470909807,-0.00172020308048714,-0.00016373185884248,0.0057751254261397,0.00199525648287096,-0.00258868602089861,0.00368541368956259,-0.00289132368026839,0.00102689881900238,-0.00187029165593182,-0.00135713019726182,0.00274377443441085,-0.00581258812178114,0.000535707663514649,-0.00370256039420893,-0.000820940679880938,-0.000995086079065493,0.000420531149577232,0.000474494759863659,0.000664165897674596,-0.0026618924438082,0.00434045105412215,-0.00167390338817177,-0.00026595786795946,0.0027374476561279,0.0020567389738147,-0.00159145409283005,-0.0001806154273869,0.00093839577410774,0.00159642297817145,-0.000463335187826689,0.000237798892957894,0.00138852298069514,0.000705615404687413,-4.39551548860797e-05,-0.00164484287075424,0.000140503165780343,-0.000234140449623288,0.000101991649909193,-0.000183245969174599,-0.000597781723649303,-0.000491492071209042,-6.78212184092551e-05,-0.000242305442624105,-5.84427628836785e-05,-7.45135608135064e-17,8.08020037621907e-17,-6.9323388689395e-18
"picturatus",-0.318749154969907,0.00212690709382643,-0.0464187273610421,0.00539563602448032,-0.000367667011595485,-0.00521783490839601,-0.0104576051283802,0.00983733264366287,0.0220164248165395,-0.0185086605943801,-0.00818640982273777,0.00118114178586561,-0.00877479283087981,-0.00388598175527008,-0.00459406668650404,0.00542233523301975,0.00791818884801434,0.00559322965311778,-0.00113890987227794,0.0052862467053418,0.00192627603418603,-0.000666601349463214,-0.00218116475816421,-0.00506672082374478,-0.000737852179685363,0.000487415018723927,0.00227214030997046,0.00311057360695089,0.000544918021680474,-0.00239561313776929,0.000227063426482811,0.000323869767337316,-0.00109196841221293,0.00303750144305925,0.00175514158413344,7.5122120333995e-05,-0.00406750641459959,-0.00031214124863746,0.000669903962405745,0.000137334837858441,-0.00286690751923248,0.00110809360401633,0.0010859604532405,-0.00145272937832646,0.00164121259379138,0.00142710581790769,-0.000116727943126203,-0.0010688008989763,-0.000895854014908013,9.37858109934848e-06,0.00134466041875187,-0.00108695895064894,-0.000346372256988584,0.000765937207729168,6.90274723899908e-05,0.000243075871116021,0.000713315869751587,-0.000596859665264021,0.000362793759361811,0.000535056677650357,-0.000258220490442393,-6.88084689145568e-18,-3.81618943136492e-17,9.87230629072438e-20
"ciliaris",-0.32049873192971,0.0825228784250026,0.000223529810496646,0.0365370964539549,0.0201707503475976,0.00190049764110696,-0.00743851495755699,-0.0107610435372013,-0.00213050490957288,0.00679507942094008,-0.0237599226109466,0.00463229603214889,0.00799704830276395,0.0135559029315218,0.0021491860368061,-0.000881907110800924,0.00230006715553421,0.00481272167266389,0.00163543769923784,-0.0058725012156353,-0.00278045691647605,-0.00277404687627499,0.000551668924160838,0.00264612043698622,-2.21319517903981e-05,-0.0011166632415473,0.00108179810880246,-0.000593139842849803,-0.000609843747066964,-0.000527868563483928,-0.000486387887903809,-0.00084539864226036,0.000386616617819344,-0.000899911062722316,0.00171307157991876,-0.000143382162876255,-0.000884879969231292,0.000369236451429207,-0.000257273728296326,-0.000453948151121724,0.000520512589858175,0.000716037556278638,-0.000816425860400503,-0.000167389627441639,0.00140179981232909,-0.000802575356733672,-0.00047868732099975,-0.000665462018023224,0.000166408748551923,-0.000531361744193977,0.000469810929840698,0.000125170130066092,-5.87840029437773e-05,-0.000160025416977562,9.4101815683561e-05,-0.000120093187423014,0.00069653866092617,-0.000329381932043455,-0.000218426647380294,-4.82127809021342e-05,-0.000140506092747965,7.03039722920503e-17,6.37996789337259e-17,-3.80659067426783e-18
"peruviana",-0.311145854584126,0.101853687336486,-0.00254794021748412,0.0250040931716976,-0.00241274474869593,0.0123207422688662,-0.00109675896333537,0.00494354699876184,-0.000387554100562495,0.0080467668971365,-0.0167815082222896,0.00674156319798729,-0.00494264237794573,0.0138648643543825,0.00350551825977419,0.00141367835863909,-0.00446843921485176,0.00848784195752523,0.0028744067674724,-0.00296326430641337,-0.00728657559207535,-0.00305661981240937,-0.00366619482011227,-0.000605402783256104,0.000924588966048751,0.00100104136940542,-0.00350533404915279,0.0031425091951349,0.00327452283854564,0.00248610117402025,-0.000485309997984128,0.000870345524932934,0.00240470087631148,0.00216917135654397,0.00107893478657907,0.000917475826513639,0.00152831844471313,-0.000939681299354673,0.000169507621760574,0.000691410743470686,-0.000366174635190312,-0.00207528162000144,0.000116605023049891,-0.00106709763913391,-0.000728584933779469,-0.00151385585908918,0.000481768620518797,0.0012510102470373,0.000776809594361692,-0.00108518779311295,-0.000307072354846331,0.00146555023776402,0.00066695813649752,-0.00100485293003978,-0.000178312944008576,0.000345600467610212,0.000644592899852344,0.000493389827548885,-0.000582827686087133,-0.000186290000267398,-2.05865372673444e-05,-1.50100864410041e-17,-7.39821253236778e-18,-9.78456837487124e-18
"amblyrhynchus",-0.306909146920795,0.0601454595422751,-0.0344924355327554,0.061933293041762,-0.00921451350885043,-0.0104565277023332,-0.0203923346150017,0.00718111313409453,0.0239818263548445,-0.0101429395428404,-0.0384355523244331,0.000704459188615365,-0.0043834472650695,-0.0158116399792428,0.0092990374492942,0.00501196552273568,0.00671630301853669,0.009353786476833,0.000282039486299802,-0.00858448259245087,0.00464127571383636,-0.00104479043801603,0.00170869093758624,-0.0148544541338739,-0.00384320907099632,0.00886349508814148,0.002048503833405,0.00804490927030698,-0.00252025968189899,0.00195016106707497,-0.00131126168418728,0.00782109248211714,0.000252694934113903,-0.00828356242506428,0.00480573572575733,0.000720115439272797,0.00349067446512738,-0.00591654201169619,0.00650948619727004,-6.92443281522686e-06,-0.00105884447208418,0.000415443287905823,-0.00271660838037775,0.00145095766135342,-8.88739015388986e-05,-0.00127556120050927,0.00164694324166627,-0.00463734381217477,-0.0021624620207102,-0.00146172824279529,-0.000732509914597442,-0.000432269400648198,-7.6835394676727e-05,-0.000177001177279449,-0.000614647452060205,-0.000321250205828179,-0.000898738085730495,-0.000120529960352245,0.000511533707945141,0.000570360153411885,5.34634144637178e-05,-3.88220710391004e-17,7.59320075483695e-18,1.32986613205813e-18
"orqueta",-0.358767120421531,0.104092201067641,0.00698008031338556,0.0338766234459732,0.0176810308510113,-0.00486403762964619,0.0148453309635623,-0.0113940539392025,-0.00274869077400904,0.00700985548149321,-0.0133605908197591,0.00312916634232883,0.00385605555817973,0.0227378748981333,0.00948757855683726,0.000435291695536733,0.0038185124264636,0.00671751356897044,-0.00215067496853567,-0.00256772368745695,-0.00240527265482599,0.00256118474505813,0.00253675388089475,-0.00099203255474233,0.0021194727564873,-0.00355998732112736,0.000693770935150045,0.000911248823192216,0.0011793678159451,-0.00108515157690539,-0.000785645257558292,0.00172135389941743,0.000763740284191644,0.000943106018987326,0.00332111085633573,-0.00177089559375887,0.00016334345625759,-0.00109942142271794,-0.000536748435558728,0.000227436822984411,0.00111508622336254,-0.000967079939980753,0.000665256071150149,-0.000340577168959555,-0.00103044173437672,-0.00191130611775516,-0.000701353568306552,4.94178675642719e-05,0.000449901313344754,-0.000391595686462444,-5.33769470332921e-05,0.000946724895981948,-0.000115239906883927,-0.000651955236211082,0.000790638826009783,0.000338031690285998,0.000667405876972842,0.0003460581565638,-0.000635356751864248,-9.94112566557422e-05,9.14197717865214e-05,-2.1384481437137e-17,3.81201697975437e-17,-4.41566593714829e-19
"bartholomaei",-0.241732876276519,0.118925967686197,-0.0559014313313649,0.0450369626456517,-0.0045133497133259,0.0191790716031281,-0.0277725378389762,0.00275736127645069,-0.00783834072775003,0.00576641351581747,-0.0247077405415566,-0.000175877551091638,-0.00523398680632613,0.00449091153205239,0.00237825262489181,0.0058816365596068,0.00508049948313107,0.00824727151171331,-0.000220244722354849,0.00238139173785972,-0.0016726265686166,-0.0041277883274721,-0.000607361124649204,-0.000479983052323462,0.00432901966675837,0.0028123969745502,-0.00577270724442069,0.00127188901368917,0.00101659619170157,0.00148193839501806,-0.000867203193284165,0.000437176834010467,0.000451596645616624,0.0023474120293435,0.000563829012232114,0.00164339334325914,-0.00207888207202859,-3.55766421449006e-05,0.00104342994135079,-0.000739974714273137,0.00120470002294084,-0.000590161098592095,-6.71491175035904e-05,-0.00143008204117221,0.000216589366518503,0.000102810708026569,-0.000645242720674134,0.00106911148629219,-0.000127227370210875,0.000802179728405586,9.54054447932076e-05,0.000678093150460942,0.00052143523757269,-0.000120484475240841,0.000806746683931591,2.52006630630085e-05,-0.000876950213688366,0.000417979233850088,0.000150799324334178,-0.000288215738516171,0.000287334523524223,-5.24564689789631e-17,5.48864736423687e-17,-1.26256898875615e-17
"caballus",-0.371974396521127,0.089222752423331,0.00303788633128308,0.0330179795003492,0.0116306647625735,0.00238554268590123,0.00333912858023304,-0.00430082730512691,-0.0159025478111654,0.00556614755160128,-0.00869801016227572,0.00997064957791811,0.00615920413672995,0.0160988358197056,-0.00288287533411015,-0.00520382995442082,-0.00090360118756915,0.00422557747707063,0.00159540757996867,-0.00607891686978882,-0.00251703675549462,-0.00372313338267656,0.0024209306106468,-0.00147919598823215,0.00500018339078344,0.000367964720843306,0.00108602968870012,-0.00216822542370941,-0.000138299873430746,0.000389875483647015,0.00158704212446611,-0.00150344261216649,0.000822695943516362,0.000348478319826927,0.000585026523484136,-0.00090509861353353,0.000954604893271027,-0.00117861483099517,-0.000609290617148597,-0.000884381470160905,-0.00129758455238937,0.000581886830622204,0.000490065781581356,0.00088932189580938,0.000239919357405449,-0.000199282026618103,-0.00118815672517294,-0.000834658040144476,1.37059599230985e-05,-0.00123109437378941,8.00637558426678e-06,0.000320803875862228,0.000226825146331155,-4.38388640075563e-05,0.000696260358410664,0.000367096336690971,0.00033604626685657,7.89362064882011e-05,-0.000185502626748317,0.000204143384448864,-0.000143337015394398,-1.4663808170896e-16,5.21604039881809e-17,3.22176119496619e-18
"barracuda",-0.0990663092126763,-0.011899436717866,-0.148008665263226,-0.0104018059235581,-0.0313762282668235,0.0125318127648677,-0.00425986338257046,0.0105139060488014,0.0214191906393442,-0.0025686047508352,-0.00117220295240143,0.00695533532140482,-0.00243147847289919,0.00284955612069762,-0.000230044110331437,-0.00727906675374794,0.00762533489756306,-0.00616116243841658,-0.00624611029011108,-0.00151731959369559,0.0138759478152248,0.00760780271116743,0.000102035225313428,0.00391231134424651,0.000616691280846403,-0.0036609918440652,0.00554580178986669,-0.00368798872712686,0.00330801804831653,-0.00516859913806224,0.000295646119204576,0.00158855650990369,-0.00110395975366795,-0.00142379018885181,0.00622166341790127,-0.000609643240628133,0.000662873322704774,-0.00128278665652048,-0.000177747259703893,0.00207265708314603,-0.00196520836171718,-0.000493021833636348,0.00163514723351764,-0.00271728325526796,0.000125167367428153,-0.000921529754407753,-0.000482034615906571,0.00143366727682489,0.00299341043227752,-0.00111832692911346,-7.13331783827676e-05,-3.81097672696647e-05,-0.000121995882528553,-0.000394059471123149,0.000135647194999802,0.00046945369041282,0.00046209057044856,-0.000499047463567505,2.73562248064517e-05,0.000235227076572077,-0.000243418219657329,2.29787001103348e-17,2.39324494353532e-17,-1.72834415481424e-18
"erumei",0.0382078650609082,-0.0669387621296006,-0.0170724938409281,0.0078930816161157,-0.0234849567504509,-0.00533758501389994,-0.0489957570180893,-0.00103676626466431,-0.0252572210358794,-0.0122726128532607,0.0086943599498075,-0.00481337163299503,0.00290097539147199,-0.00134369378999611,0.00440143421602082,0.000645652915842259,-2.60030262951833e-06,0.00442322215324984,-0.00527927456376946,-0.00333975640501462,-0.00246285266718249,0.00774200060857841,0.0020428680819293,-0.00511268309452483,-0.00509526705013279,-0.000542155922325545,-0.00495611549703476,0.00324749536062584,0.00136880671002257,-0.000263955231274775,-0.00582878128452926,-0.00141628141993345,0.00158400016906177,0.00356998370179657,0.000339964034577127,0.00134391209344537,0.000924044491229874,0.000789535517423829,0.00120176309409079,0.00100435191471443,-0.00349432046521906,0.00178449023026148,-0.0021429406500651,-0.00095330187275173,0.00130274335226327,-0.000160630036557905,0.00153500695387779,-0.0010627844627014,-0.000282745608231496,-0.000207623621573961,0.000752336614004859,0.000373625452340442,-0.000247061044956455,-0.000411882700480743,-0.000973035908918353,0.000459381723206511,0.000730249553406864,-0.000197663637000854,-0.000367362390171072,-2.62878212735998e-05,0.000107829845874902,-6.23571334195993e-17,2.39977898514982e-17,-5.16274374058167e-18
"linguatula",0.116599438414378,0.0295259914488757,-0.080709491878769,-0.0198835305300832,0.0149380379183303,-1.11527211375969e-05,0.00621698236964389,0.0077284795481346,-0.0436710611012967,-0.0063054456754671,0.0117796520734508,0.0021783500385257,5.20555001579907e-05,-0.00460661219684994,-0.00996768548656091,-0.00261358541432459,0.00737036046566758,0.00477183374183826,-0.0101673534703611,-0.00475783605012758,0.00146251665166899,0.0011768660720224,-0.00165437725373299,-0.00412486216552596,-0.00373288607514554,-0.00434692565783696,0.00567713628235968,0.00161523989210204,0.00552705214073708,0.00342026827127795,-0.00329542169388032,-0.00209759283709659,-0.00113326634051725,0.000983416779381706,0.00117020152278052,-0.00087481604656486,0.00131492155025594,-0.00199454340707619,0.000586998905221248,-0.00191476273395047,-0.00221517458264296,-0.000902031925468279,-0.000222152932785309,0.00158054112454243,-0.00024065269382633,0.000256023723923339,-0.0011171904040155,0.00174524037671293,0.000415602872084743,0.000493416115834692,0.0012594665227958,-0.000469965682992211,8.47378573996881e-05,-0.000503045352227417,-0.000856291584419897,-0.000687360186692881,-0.000508409045835607,-0.000535826915425413,-0.000523756313444626,1.03822650859563e-05,-3.77400709865492e-05,4.16869754542922e-17,-5.5400513423739e-17,-6.76036954121696e-18
"rhombus",0.0822977818604806,-0.0433334702783104,-0.0146937551819758,-0.0188315821031003,-0.0710889625778337,0.0338224291491793,-0.00686627583501741,0.0331977837565634,-0.00447310318873939,-0.0157432965475854,0.00364190885908395,-0.0137585584326317,-0.0134092839414995,0.00199983843445686,0.00851157041322703,-0.00567294010050421,0.00733986079884621,0.00638327894081653,-0.0055721278241347,-0.00692967864423078,0.00257154014586335,0.00496847878412016,0.000657058212288269,0.00433174385812673,0.00468651678077057,-0.000552707575137776,-0.00383498490027846,-0.00267077221360205,0.00124024487309836,-0.0059859397613189,0.000198478023002008,-0.000452798150698752,-0.000808824391025662,-0.00311122669240007,0.0035196692449784,0.00163875300004905,-4.63962945677736e-06,0.00109067847277229,-0.000900271021618328,0.00164779061331156,-0.000526243983348535,0.00271651421966719,0.000722810492110131,-0.000811335878073604,-0.00100018205624547,-0.00136370255790695,0.000782595982435065,0.000214598304498286,-0.000768394104597393,-0.000369760020701884,0.000430994365298908,0.000831875364393911,-0.000717865019681909,-0.000663466989343796,-0.000161085058435898,-0.000402486033814319,0.000213212363962374,0.00012937914482517,0.000338237778548164,-8.18286845179691e-05,0.000350496595440536,1.88877338194974e-16,-8.6300192858354e-17,-5.49336501546325e-19
"regius",0.089272743265638,-0.045173916672814,0.075343278793805,-0.00134886934452393,-0.0231207962155128,0.0756191677467862,-0.039929288839573,-0.0186633176348112,-0.0112382905669364,-0.0594782743566733,-0.0156987032644576,-0.00997179019652802,-0.00487827057814493,0.0360567718932228,-0.0071782932664944,-0.00943019707367181,0.00602454555194578,0.00654252057045116,0.0075367884777335,0.000291920790444247,-0.00553783048148241,-0.000641816617659695,-0.00895335180189939,0.00137224155240426,-0.00806629289858951,0.00279267625144076,-0.00247518978177797,-0.0074151100793936,-0.00154770301702199,-0.00173493667260261,-0.00285301725105862,-0.00107961128489861,0.00704252399615625,-0.00311192897952539,0.000901539156616101,-0.00701588201980052,0.00192524039104722,0.000229361949630785,0.00138389739984422,0.00140601155037993,0.00155671110475951,0.00148424218518874,0.00212412987463539,0.000819280857705398,-0.000707243219802737,-0.00357451082533772,0.000839227732733962,0.00459974913609848,-0.00118900148069632,0.000657232492257989,0.000295831185746226,-0.0012638986959445,-0.00203345412227373,-0.00058471155302125,0.00113675877041567,0.000273748313262312,-0.000695901205173638,-0.000246189513705236,0.000707873735322381,0.000145020295453122,-0.000544588784566888,-1.7298115566865e-17,-8.46135681424253e-18,3.38505466687025e-18
"liolepis",-0.217076443256707,-0.00724413344005419,0.00595472485058498,0.00927689458131198,0.0328664640451545,-0.0125742359551308,0.0273513542024716,0.0117385247974491,0.0206808240504046,0.0104208758716845,-0.0027781572405778,0.0169805067520131,-0.00312571216800292,0.0115828452510572,0.0054644152259298,-0.00441225057612287,-0.0010671316486892,-0.00444663217248023,0.00412639060818317,0.000483603347632748,-0.00524228622459053,-0.000659862153847912,0.000596376782489639,0.0010108870237621,-0.00210801991562747,-0.00564001354620283,0.00307874968278878,0.000796200915567786,-0.000789655749642932,-0.00166488298795863,-0.000726984469017312,-0.00144431538337461,0.000481492524473979,-0.00242199124121175,0.00376031679839559,-0.00157962909382869,0.00052077191037076,-0.00169771293476405,8.42924712351742e-05,0.000669063795122973,-0.00147194156165334,-0.00165899879910308,-0.000210459619948923,-0.000235611826959935,-0.000757329488486242,-4.36850138897095e-05,0.000314997465763266,0.00146803525134865,-0.000588338945318469,-8.79735753051586e-05,-0.00101784775359014,0.000459660356114826,0.000120557838455301,0.000525174894463235,-0.000160267332877533,-0.000374746488640235,0.000125429500539948,0.000402412675954468,-0.000309557980959914,-0.00012284373034049,-2.01883112930549e-05,1.42967826905951e-16,-4.25882398273353e-17,-5.13207407496899e-19
"fragilis",-0.178503570850648,-0.0589173187379707,-0.0126256344377573,-0.0114560930482666,0.0180029898837127,0.00129042498385767,-0.00145786890614098,0.00864505734068159,-0.00480609174469461,-0.00945647474572347,0.0055409618708205,-0.00465535488858791,-0.00289127605285837,-0.00737471011215607,-0.0105361442113802,0.00452642425728187,0.00224964330205811,0.00197358146573635,-0.00197158402251506,0.000701300732352935,0.00335053315466275,-0.000479850641960699,-0.00528172961297649,-0.00238857543495601,0.000878813837944166,-0.000278120226856349,0.00384748396500379,-0.00128204153023636,0.000701888476658748,0.000542726837286161,-0.00150994553179968,0.00114828731953111,0.00108655539194926,0.000167154203486189,-0.000452798786214729,0.000365199391206912,-0.000469071615118009,0.00122795059295235,-0.000344427311285592,-2.03332910544483e-05,0.000969671435414836,-0.000281713928998412,0.0010133703105464,-0.000892741662156744,0.00138147107800246,-0.000673652622359317,-0.000561929251172106,0.000516055978641266,0.00133451669902789,-0.000332500185262646,-0.000795889785787238,-5.93204517469946e-05,7.59802795189951e-05,3.49341643708521e-05,0.000593422223108776,0.000106254680243398,-0.000142255768958522,-0.000112542008109795,0.000236443173868616,-0.000110008297260055,-0.000193855610728849,-3.03867140550737e-16,5.59816039055956e-17,5.88301828600577e-18
"dentatus",-0.0622443479423095,-0.00401375378748424,0.0417465566348363,-0.0034195253408897,0.00742283449697084,0.0110393938580261,0.00452415474846776,0.00791724087392832,-0.00763252468478261,0.00883500680025585,0.00524630798488981,0.0115165429569106,0.00116471142231717,0.00230038559613765,-0.00632095634505499,-0.00199680673020992,0.00363284366684372,-0.00351860017142947,-0.00222625347925182,0.00339641124437363,0.00299694745200223,-0.000836266548093346,0.000263939666715537,0.00473162364608695,-0.00238422585780216,0.00566632960253789,0.00242164649835858,-0.00246397927188409,-0.00136884200744369,-0.00112518519678363,0.00131268665890472,-0.00279277001431833,0.000708098343991344,0.000801294248330338,-0.00251209480330869,0.00179396041356897,0.00128355824251383,-0.00169245786421149,-0.00251790745743604,0.00103540694535997,0.00154264350584633,0.000837250284709353,-0.000654169196399169,0.00163505526306399,-0.00119337721210859,0.000464727291791138,-0.000772366630796535,0.000132328327641531,-0.000343072685661951,-0.000258792194671994,-0.000697647384555223,-0.000236669329035374,0.000500284980804739,-0.00030841332202469,0.000135123248119904,-0.000322032749709716,-0.00128863191076167,0.000765553515743376,0.000758095752800074,7.24910665101215e-05,0.000139078541641327,2.52000756413738e-16,-9.53578002537099e-17,4.29769425948977e-18
"olivaceus",0.17849914382998,-0.049055465855696,-0.0293144217003686,-0.0306858256145916,-0.0635735393329974,0.0358553338304755,0.0295708602635742,0.00576248282030349,0.0168282326637894,-0.0124869206771241,-0.00410965398790833,-0.0167281198081779,-0.00426155887689744,0.0044730204141308,0.00611157459768707,-0.00445362767420872,0.00748488872855436,0.00844062664902371,0.000533079286593204,-0.00568530610795321,0.00130965176389625,-0.00401304289185729,-0.00296885345485317,0.000911519647873331,0.0085796118617924,-0.00126481342292688,0.00118843843341707,0.000955617303601878,-0.000235713674464945,-0.00300322094129962,0.00411445086470521,-0.00140258875552253,-0.00212931327431041,0.00336156289215865,0.00106269423654962,0.00138848603067233,0.000445193788844085,0.00296244276190066,-0.000572866310926786,0.00065561837366095,-0.000570879913407891,0.000575212481953564,0.00106169350451392,-0.000312691558407184,-0.000244651830936478,-0.00020827478612352,-0.000502186999256397,-0.000336851614087882,0.00113302828858899,-0.000387210182452994,-0.000989176062171924,0.00144865664451373,0.000311231685060693,0.000102501190136688,0.000777679235158972,-0.000119062201149862,0.000277378804542052,-7.36025389905362e-05,-0.000225329604342267,0.000298393045771271,-1.3271531254828e-05,-6.6839016508234e-17,4.54795791468025e-17,-7.01306420155882e-19
"arctifrons",-0.289364806343724,0.00235575421787701,0.00307317665569239,-0.00744691361391091,-0.00571510516429887,-4.11410902577982e-05,-0.00740155938681671,0.0207930792461211,-0.0109394691518365,-0.0142773462114556,0.00707888796332608,0.00696045112185914,-0.0102048743943415,-0.000350914909790107,-0.00415534525881884,-0.00635671481388665,0.00571775975110703,-0.00120523161976064,-0.00365403374622877,-0.00228929374019484,0.00296145488523037,-0.0028169871122628,-0.00330842628013676,0.00308462810345531,0.00200095056918782,0.0042576932782051,0.00253979543792719,-0.000403958251600706,-0.000873638910001144,0.000957400568790282,0.00150114631269348,-0.00335443352939725,0.00101563963821074,-0.00339060708597817,-0.00167458367209049,0.000800962976509633,3.97551543286893e-06,0.00112769636124956,0.000212125164544598,0.000525245741437927,0.00250345507218855,-0.000128503393872459,0.000337389676899439,-0.000416742431497041,0.00300959049548012,0.000122581088443502,0.000379622002432143,0.00061603759607273,0.000687953840897531,-0.000376867556629395,-0.00121922968305926,-8.82431778918875e-05,0.00013655524875308,0.000247631347932987,0.000688927996677747,7.3638789174423e-05,-0.000416461107248409,-0.000564286963158095,0.000340133201143271,-0.000278237130960301,-0.000145481259506846,1.06886471087284e-16,-2.70145768839026e-18,3.10179540571705e-18
"microstomus",-0.146881561472643,-0.0470234431495494,0.0282811585828047,-0.00724316710067603,0.0122833431798059,-0.00160711254794489,0.0421143985303678,0.00982920435114646,0.00950589876858352,0.0178319718269077,0.00801467434754249,-0.00646361173738538,-0.0142171716760036,0.00232341480860115,-0.00197831074347829,-0.00440313217016195,-0.00781113605572611,-0.00322527216799044,-0.00496432734957244,-0.00481222260182848,-0.00498939454949378,0.00506968904266913,0.0058062943017655,-0.00227825100537295,-0.00331575080185478,-0.00365754780789444,0.00392175182889694,-0.000414895532249191,0.0015509427398968,0.0018595416719681,-0.0024144615753159,0.00136288306992494,-0.000825961852708774,-0.0011468907509591,0.00276226652269126,-0.00331928011459156,0.00143062965817286,-0.00120423794191539,-0.00231619970082096,0.000445781632944598,0.000611773808794438,0.000917889623409418,0.000692737066928454,7.98108275431045e-05,-0.000494683136454113,-0.00189352916912585,-0.000366894272988159,0.000931614134444254,-0.000771828034944318,-8.10289079505286e-05,0.000261620638058631,-0.000114189355890785,9.22005386609229e-05,-0.000552566300363847,-0.000249493200611869,-0.000280063477700212,3.14217987106794e-06,0.000302627358573407,9.20061472924599e-05,-0.000232589251188642,0.000155490762765655,7.98606982554435e-17,-8.31720589772655e-17,3.20884826564655e-18
"nadeshnyi",-0.334867117551229,-0.00747129189276695,0.011737304090882,-0.00871696178900427,0.0309550954921163,-0.0126674710700509,0.0305763570582489,0.00953947301194968,0.0143980403650455,-0.00271342624840396,0.0180759899979923,-0.00208603183771794,-0.00527275786696227,0.0106474558757538,-0.00655698646180271,-0.000771732101163847,0.00230877311276141,-0.00177950854419261,0.000894490842411579,-0.00333862308903209,1.25692574007403e-06,0.00652825339013496,-0.00145308736846103,0.00495655411246125,-0.00186659752760322,-0.00261374199730181,0.00606785749979301,-0.00131184529090219,0.00232217040452016,-0.00158749528607176,0.000475786847926918,-0.00141468271417234,9.87155185163314e-05,-0.00146437325970737,0.00150887448706834,0.000181259632870533,-0.00141176642336558,0.000730894226750956,-0.000893409986865943,0.000751865025864044,-0.00025769710058977,0.000814377901206922,0.000479913381856657,-0.000296488203637735,0.000674154726422747,5.29095416567471e-05,0.00166848169386805,0.00145182047249642,-0.00110153779111431,-1.28737421489548e-05,-0.00136419272670496,-0.000175018161471912,0.000554948745622188,0.000313691975042359,-8.69819450307642e-05,0.000212603912581012,-0.000435906289530301,-0.000646664915696861,0.000617646877840034,0.000392039893427631,0.000215210396300662,6.62022937052952e-17,2.47456307307604e-17,8.08791565016355e-18
"coenosus",-0.202109834357513,-0.00912844007346656,0.0428966443234676,-0.0211834115072788,0.0103852912515008,0.00679591131222401,0.00810362793236436,-0.00665734360133958,-0.0103281512794986,0.00657369964580142,0.0018622899201028,-0.00553213278391332,0.000740324998130503,-0.00227332083310914,7.11816754588517e-05,-0.00275815970124611,-0.00561874191762026,-0.00337372601366402,-0.000170754426360457,-0.00440749855170083,-0.00345820732922495,0.00290223052795076,-0.000759047875313785,0.00442184276155883,0.00256438103358572,-0.00296888661143161,-0.000766535231508961,-0.000451662057048846,0.00230386783506047,0.000707546502243248,0.00137451022514602,-0.00033640111756451,-0.000793465903662755,-0.000786511416357177,0.00113152221992875,-0.000396808785210157,-3.05300983954921e-05,-0.00119818781086643,-0.00013938463584876,0.000310892953025503,0.000679247811452285,-0.00090824573859824,6.57355604331085e-05,-0.000491710156394581,-0.000730058438398586,-0.000962201681089027,0.000795960783205804,-0.000677313752055799,-0.000232670912041388,-0.000164656339020928,0.000432839732454073,0.000286174035567705,-0.000307049608057788,0.000401838430306127,4.64399872535374e-05,0.000273790917660817,0.000211166001448769,0.00010917006913516,0.000180135742084013,0.000123252602161697,-7.99127964159699e-05,-8.67461267779459e-17,9.43675685657321e-17,6.15779431447526e-18
"exilis",-0.265776529797181,0.0473520927449553,-0.0278682717662867,0.00510608818948927,0.0162318420635024,0.0183324805502287,0.0198572770465504,0.00233721902255447,0.0107398326956878,0.0147902559083937,-0.00328042189543305,-0.00425387400314531,-0.00376549279607628,0.00747360415462083,-0.00697238991404584,-0.00209915403809605,-0.0100213534262556,-0.00198133117617782,0.000151061057874145,-0.00496644848022953,-0.000714007476866553,0.00684167790417347,0.00357061620062125,-0.00279834539761472,-0.00356218946581768,0.00356752371578083,0.00281493421285473,-0.00361004968974438,0.00243587631753532,0.00476131733681007,-0.00169706361801582,0.00370784393911336,0.000241812973036072,-0.00256729200136636,-0.00390828774164328,0.00295635215803968,-0.00116189618817838,0.000725107109898821,-0.00171441112254763,0.000701555736774339,0.000492903386147869,-0.00034408645649477,0.000803477085776042,-2.64141507201192e-05,-0.000801589155154329,0.00140326483096438,0.00160293842989346,0.000672586356187044,-0.00112553518015777,-0.000292166039471314,-0.00117836119649109,0.000389295050384547,-0.000579735688904201,0.00116754863071191,0.000302547599841155,0.000293080738854518,-0.000117216010407638,-0.000650850831204377,0.000192946562227918,-0.000425835318425911,0.000398554128724526,2.01573858622349e-16,-1.56534480281459e-17,-6.94107559504313e-19
"grigorjewi",-0.109398554854419,-0.0177971080980214,0.0399274583511553,-0.0163375620182941,0.00187571653841668,0.0102299394509558,0.00521986591696605,0.0116653878493963,-0.0186037540687035,8.33787679382179e-05,0.00428902983503903,-0.010167239557862,-0.0100165393469516,-0.00640893452247511,-0.000594446172362015,-0.0023138237660442,0.000572317432792153,0.00457221875244301,-0.00335733488161702,-0.00426979538710477,-0.00128112932593555,-0.00035236997708178,-0.0056410875477184,0.00281098127928595,0.00402998387591603,0.00117010378970964,-0.00201736862321041,0.00147112400288247,-0.000678010586051482,0.000138470581214845,0.00213485400239303,-0.00162841012412793,0.00112945972223856,0.00118468568085285,0.000715465273486973,0.000947792298954703,-8.47342863549727e-05,-0.000499394206596498,0.000468261805512685,0.000900398951722131,0.0019704959422325,0.000776732172113259,-0.000258626997827283,0.000361812879416856,0.00130814452650915,-0.000616685603141887,0.00078608645261997,-0.000307490786181917,-0.000266483094237836,-9.09831604479743e-05,0.000614155515411923,-0.000874327856864294,-0.000563718306693868,0.000546001625771216,-0.000229963221784905,0.000313538218000632,-0.00031213344423376,-2.38159431863447e-05,9.77834627763215e-05,2.3982638345244e-05,-0.000181971074692085,7.38755160395072e-17,4.95277859676524e-17,1.57647683435031e-18
"hippoglossus",0.0321390826663131,-0.01682977494561,-0.111178472154935,0.00944285632608487,-0.00233454627842925,0.00979865949816212,-0.0252117706451261,0.00421543699378384,0.00194081530245893,0.00873531197978647,-0.00936845651062049,3.79908400140158e-05,0.00360177773841258,-0.00420229354461707,0.00703719932442609,-0.00850260913810063,-0.00218501928109635,-0.00160278264971415,0.00387053616283153,-2.31545872363744e-05,0.00671301237297183,-0.000507815215383411,0.00789231008077102,0.00697200954708976,-0.00370244184604603,-0.00191708120020162,-0.00382683754608077,-0.00114284088723413,0.000108859004932796,-0.00208563102976807,0.000974494670609494,-0.00201312390865073,-8.48162817538552e-05,0.000464618710491982,0.00234690152255483,-0.00163505793627345,0.000482187502428851,-0.00152729088668013,0.000479507410942953,-0.00030102470401622,-0.000264496611600434,-0.00187974625764984,-0.00203869311837079,0.000943447004063969,0.000454958815060702,4.00037095898861e-06,0.00154970658122324,0.000941496338463354,0.000843755813779734,0.000530149745851146,-0.000798186312426277,0.000739108863759237,0.000345543356693336,8.4436181228013e-05,-0.000500910755229177,-0.000457041737924663,-0.000224509744678107,-0.000490178860100943,-6.91083092381223e-05,-9.0858595120676e-05,-6.9219611300615e-05,1.90879769336026e-16,-9.40287301039654e-17,-7.25058059479503e-18
"zachirus",-0.387195400023824,0.0871299725721712,0.00238355279263224,0.0554220581874274,0.0158362090841215,-0.0126860354598589,-0.00852683206317853,-0.0295665313366435,0.00197129706053104,-0.0041284806339677,-0.0254658353459593,0.00965114270379006,0.019904417077714,0.0275997780260626,0.00989765454742342,-0.00554661520010303,0.0145885814593347,0.00599153524374436,-0.00531885846522875,-0.00792357689950375,-0.0102238408803959,0.0014290462964754,0.0104265485781328,-0.00382009356928829,0.00605496448312755,-0.00522944998574473,-0.00205201393794449,0.00256815018495178,-0.00631857055055943,-0.00563729882169528,-0.00149115091465088,-0.00475675206407165,0.000340620532815653,-0.000484016281690875,0.00802914764718434,-0.00786637554484668,0.000418732003573266,-0.00216106484636881,0.000379099332061503,0.000935959606203799,-0.000801119919839191,0.00239042792125907,-0.00157491968236351,-0.000135881690825934,0.00107742489442021,-0.0018128279413655,-0.00194566684871921,0.00130320643192431,-0.00258087757580209,0.00067210098390279,0.000602463197459146,-0.000662016681179309,0.000455440848458946,-0.000272157454793305,3.7493075668435e-05,-0.001644558128678,-0.00155817410752894,-9.37871019000108e-05,-0.000514389342007878,0.000598312567675632,-0.000459282047843463,-1.63370972482399e-16,6.67743197013048e-17,-6.16116892849746e-18
"cynoglossus",-0.117165015200781,-0.0163236436208116,0.00579255266360745,-0.0108540223151124,0.000151770476410729,0.022252797320638,0.0297503010307076,0.0187647532656199,0.0193403828653763,0.0102922649149308,-0.000744958213148207,0.00713741914647178,0.0163828693791917,0.00160926562792787,0.00181085522973421,-0.000536729749852286,-0.0106030545588892,-0.00266967700033024,0.00201828478556121,-0.00347594539660333,-0.00499281817508464,0.00384448660145738,-0.0061373146121453,0.0106775019334483,0.00754105918992995,-0.00848582665697615,-0.0111897951217119,-0.00385857545632626,3.66751814808449e-05,0.0036612354286854,0.0018832382408808,0.00403577964361732,2.4250779677673e-05,-0.00132807393281556,-0.00200202150026622,-0.00311012512025403,0.000422815187386601,-0.00190767926408919,0.00105822661817335,0.00268865164576697,0.00649229186122239,-0.00226408223093809,0.000732091553091084,0.000751747170948208,-0.00155371075446768,0.00466606036946848,0.00026759558228858,-0.0001355012746947,-0.0011340795890548,0.000720462959665674,0.00222026747413171,-3.6331736237927e-05,-0.000663938449713964,0.000275794808747964,-0.000402745781883921,0.00181092000860116,0.000871121051667963,0.000868318137153436,-0.00121413714920121,0.000198455881850767,-1.60397102446712e-05,1.32684214621682e-16,-6.33687949017382e-17,1.00646164368287e-18
"kitt",-0.162690912324659,0.091099180661285,0.00392414247770323,0.0161219628520691,0.0042937334348839,0.00284790767489349,0.00197149144925542,-0.0162503463026337,-0.0436082758427724,0.015357081115428,0.00968774478263478,-0.0181006265099357,0.0116365795651463,-0.00150891366043869,0.0076668647967332,-0.000550388697713618,0.00188062104683419,-0.00465708059224735,0.00350776965651557,0.00210869097371499,-0.00270881737781494,0.00107839071000845,0.00818485736309551,-0.000914892053772477,0.00811132024837938,-0.00192557935513254,-0.00190833936694393,-0.00185064276652303,0.00204632384636333,0.00121642836243969,-0.00216375075300301,0.00535641329281218,-0.00153154949730066,0.000508275387507054,0.00133610684605988,0.000679439416067566,0.00186070771730231,-0.000626718515433221,-0.000564055391248058,-0.00129364462753414,0.0020170453783989,0.00428527892932726,-0.000609330696407611,0.000871541776205438,-0.000639715102831017,0.000335732685060322,-0.000901877963815065,-0.000756522229457165,-0.00119268524519346,-0.000684584582841628,0.000208111414402019,-4.84685243381106e-05,-0.000102444747769714,-0.00163217955898278,0.00115782417756856,-0.000860834730991964,-0.00125375632013033,-0.000705227016239674,0.000198030815389113,0.000140314790250439,-5.85855610871865e-05,5.65723211731309e-17,-4.49052086296507e-17,3.90561747479448e-18
"platessoides",0.272738903915327,0.0214468562350128,-0.00476632419798536,-0.00615915106080625,-0.00816251422899356,0.0180419044478054,0.00392067665833233,-0.0382792152485054,0.00685396492798973,-0.0111920483449536,-0.00062343896330965,0.000509346191369584,0.0106919454113377,0.0105887525639038,0.00252429588195562,-0.0075370060764769,-0.00631567239178791,0.00107906613385459,0.00745956186165234,0.000841211952522825,0.00620660006254049,-0.0051290558310338,-0.00599776785301415,0.00035190721826561,-0.00091679966277843,-0.00301496787641968,0.000610817533686991,0.00348318289906753,-0.00098074591434379,5.45886444959897e-05,-0.00189909632995998,0.00296965328812805,-0.00264847036723135,-0.000439685929225138,-0.00154589216018293,-0.00329841185646896,-0.0015519232312337,0.00435368095893024,0.00111560745585624,0.00219095097304981,0.0016824394878175,-0.00254514364145836,0.00246738072236855,-0.000165797947621542,0.000605668618812787,-0.00207369497171863,0.00154402334276923,-0.00153585658557922,-0.000739273997753706,0.00158420359814369,-0.0019337497659406,-0.000470829112769976,-0.000127181962292793,0.000373964020640647,-0.00164363815374986,-0.00058744253977706,-0.001214504786817,0.00148357744236521,0.00033585366434772,0.000646401545115057,-0.000917282637602206,-8.17760023832447e-17,-5.75265195895717e-18,7.57888710949904e-19
"elassodon",-0.177678256297008,0.0263073353121865,-0.0120694010422138,0.0113647284763433,-0.000916534801184299,0.00604945851588544,-0.00139827132787848,0.0230594745654245,-0.00173789379398612,0.00578334555556059,0.0142086428971197,0.015802373789663,-0.0159599799813684,0.00906516400388688,-0.0121321285655873,-0.00210649160695974,0.00338746740090121,-0.00242762052454057,-0.00820087859103057,-0.00529840433833845,0.00890119265885988,0.00453238650984212,-0.00408844812666499,7.97654194352999e-05,-0.00141841744106179,0.0102119823072345,0.00284330620554271,0.000918425124776201,-0.00559561943571067,0.000570574097980985,-0.00123980248096293,-0.00296252955577148,0.000384195602253097,0.000316244486482614,-0.00500117378895906,-0.000149707625508354,-0.00210468795796048,0.00111409853831401,0.00176372125581631,-1.33874800390281e-05,0.00356025834345746,0.00165647526863342,0.000953400001244849,0.000303801244946763,0.00211257572987088,-0.00375235986791147,0.00123797466928688,-0.000833309299884323,0.00141014587677432,0.000951536648215628,0.000761424849161325,0.00167510026808268,0.000207185481248598,-0.00120619565557677,0.000630915168130577,-0.00086266032809989,0.00082278081980079,0.000555981231372997,-0.000145777075692515,-0.000295224982436541,-0.000688397782096329,-6.56355703024496e-17,6.60773717504589e-17,-2.52608459699475e-18
"americanus",0.18752656487656,-0.0730988887993268,0.107732590967053,0.0270532046376442,-0.00478661248663919,-0.00953494068744347,0.0150833629908037,-0.00336536623597021,0.0101063708605488,0.00689778267223388,-0.00129537228526187,0.00830123653304321,-0.00274483865935884,0.0182235012751342,0.00638108484340833,0.00870958556990624,0.00350066218636887,-0.000926138475875715,-0.00103015998107654,0.00573532545495505,-0.00527629285631564,-0.00097798855953904,-0.00131974021674292,0.000801723738491073,-4.94852434396648e-05,-0.00467140170322906,0.00475249443374353,-0.000823165526112612,0.00146561632012279,0.000640076465865011,-0.00138080194643917,0.00218308194207869,-0.0018086784064035,0.000830036153200602,0.000758772983940509,0.000850490519406332,-0.000447403124280675,-9.7116505469861e-05,-0.00133254792083009,-0.000774173834980426,-0.00298175313637064,-0.000389907620556185,-0.000240858259938482,-0.00124733763699857,-0.000944111160161078,0.000163501423724247,-0.000588477846093818,-0.00111583273847454,-0.000342396111577533,0.000823873537696514,0.000373362312519487,0.00123867914896126,-0.000294492084212904,0.000466120219611475,0.000537113366828961,-0.000672462132647783,-0.000227787573129331,0.000271336164596444,-0.000112560168680961,-2.38231706485704e-05,0.000280471805387249,-1.17919270910175e-16,4.97681956939537e-17,4.40344582044095e-19
"vetulus",-0.106251988333877,-0.0130156841669392,0.0462918885464606,-0.0100406969393158,0.00770367242116793,0.00411820509288085,0.0173470055396708,0.0109724164546006,0.000102624650107365,0.0108153341257112,0.0160988264153597,-0.00124113645693053,-0.000927009602573936,0.00159871106657895,-0.00738272562525335,0.0113345748469329,-0.00119205272443104,-0.00203758885892326,-0.00467972919220806,0.00132792376649586,0.00269248844933842,0.00532748940446068,-0.00404341409126925,-0.000433744079505942,-0.000596948441321099,-0.0040499816324075,0.00289537903547054,0.000259660916034775,0.000341302990953906,0.000366721281272005,-0.00156873177414736,0.00272186310164536,-0.000869557179023053,-0.000432544019601591,3.58521037294502e-05,-0.000160202361661115,-0.000641751087171981,-0.00108391260309658,0.00149098007127401,0.00114455882966783,0.000935370651066979,-0.0013774747401442,-0.000627304265646508,-0.00178017115058024,0.00230783366699471,0.000843809359507413,8.18279751268358e-05,0.000289307282568463,-3.75333433832952e-05,0.000761940072643823,3.78350086399028e-05,0.000230750441954709,0.000365618570014953,-0.000312531262797517,-0.000713522294798978,-0.00013364459617589,2.46875351345785e-05,-0.000213172707908156,-0.000431738403257498,5.18587893861362e-05,-0.00030186786120809,-8.90839772281316e-17,4.96655693809874e-17,-1.89716376928401e-18
"mochigarei",-0.00647530935793761,-0.12815456405615,-0.00325623868750714,-0.00293509281669455,0.0121068936528371,0.00226520225410928,0.0294411007318563,-0.0176577497917448,0.00229817598784675,0.0196011812863854,-0.00483080778501473,-0.00659602554818959,0.00542709212720369,0.00849682743896288,-0.00634439062770301,0.00163966546910597,-0.00782546313354319,-0.000239190096911042,-0.0103986337989517,-0.00198917167732382,-0.00285162691655924,0.00463905125213285,0.00245947566319335,0.00196263302145775,0.000807971612513134,-0.000204047466810588,-6.90038521040979e-05,-0.00392281280190746,-0.00257030423299317,-0.00509112955472328,0.00101974933090923,-0.00104392306126691,-0.000777862887392853,0.00101970824262135,0.00145626612431906,-0.0029774693793353,-0.00438585787542673,-0.00122382108179177,0.00107045595611887,0.000909743374956768,0.00170241173588093,0.000222888027509098,-0.000945052029129336,-0.00112560364514147,-0.00045163488633141,-0.000535929069308915,-0.000939534832794795,-0.00123055481434246,-0.0013453781781893,-0.000886387129461662,0.000229228751434345,-0.000420180525645045,-0.000436407920924543,0.000536930523173599,0.000549400024266261,-0.000709990293981163,0.000671366682465933,0.000506953195152754,-0.000230986374864525,-0.000469657998319539,-0.000382431544326987,4.49961807118097e-17,2.71794620937604e-17,9.07880434595985e-19
"proboscidea",0.282005690291688,0.019750016528037,-0.0263649440946899,-0.0309216420765381,0.0403274427446307,-0.0213734651138268,0.0220855547901798,0.0113960806832406,-0.0380294862180427,-0.0292155162636144,0.0111721743656653,0.000599583570166547,0.00330271496081286,0.00175743471924687,0.00398574406038172,-0.00246916506364396,-0.00232452798814664,0.00714839604769069,-0.0052592316207196,-0.00217505412532762,0.000399239327693094,5.81332997823117e-05,0.000879840561855504,0.00660888845480485,-0.00224628324970858,-0.00483377005265742,-0.00684429121591053,0.00177548974785422,-0.00290394982611978,-0.00962486978071586,-0.00230742379916019,0.00392920120205794,-0.0119628668238703,0.00101611610977968,-0.00263500548520848,-0.00323072561431133,-0.00388069342386245,-0.000124374464264851,0.00194840047036896,0.00850688962845277,-0.00177746346198279,-0.00275725070903197,0.00182697565020915,0.00433548673131446,-0.000209225868669653,-0.000677140178697095,0.0022523483340216,-0.0019131060981621,0.000319518362701168,-0.00242322526036318,-0.000274239292207335,-0.00105110390378183,0.00445535943890609,-0.000280040033590091,4.60667182357106e-05,0.0011099297267424,-0.00216561664178435,0.000671864942803924,-0.00132703036014497,-0.000321192536362779,-1.59784716159368e-05,-2.05828059832135e-17,-1.1969057364058e-17,4.14970417247352e-18
"flesus",0.0795422436228463,-0.0671801968743568,0.0257243476314312,-0.0421383046322959,-0.0342255455710884,-0.00066244706659542,0.0442574157167121,-0.0290126143775811,0.0153252347131474,0.00161746433984958,-0.00163889737896091,-0.00657015157988613,0.0164924503430401,0.000932263913500427,0.00638015541087094,-0.00984611126278498,-0.00408122358927174,0.00387549121885955,0.00451323568987204,-0.00615668934479326,0.00554466313599333,-0.00821354335114289,-0.00189982330886359,0.00319488346754967,-0.000620802996885499,-0.000661724805401989,-0.00103017418423845,-0.000916542474895014,-0.0023848087801758,-0.00300690664098935,0.00104822634540501,-0.000778945941503536,0.00223254626513911,0.000931535175767637,0.0009766728883898,0.00227264375952562,0.00275004722999676,0.00353475066985337,0.000669341608888686,0.00103458229474945,-0.00063349773760598,0.000917302482435117,-0.00127117553179223,0.000488826133735535,0.00244100219817226,0.000492320446935043,0.000558249019645098,0.000532997016721923,-0.00119735633814378,-0.000211835939942044,-0.00127979281639439,-0.000732552885019845,0.00100253451764231,-0.000668026421178484,-0.00121561495360981,-0.000879756369548253,-0.000217993779704742,0.000512914935331654,-0.00114492176322823,-0.000303086084436923,0.000174901989750243,3.09520563594487e-17,-3.70930965741107e-17,1.95172364155443e-18
"platessa",0.123052564816093,-0.0296107736422769,-0.0131052142401462,-0.0208606987797627,-0.0331446631273849,0.0396381236718073,0.00874107913815076,0.00732104487737825,-0.000100804970995631,-0.00385428709418767,-0.00533585292124983,-0.0199164967137228,3.48272413073229e-05,0.00631155208441396,0.00372955976487589,0.00143533163552252,0.00370851299895473,0.00791287193820226,-0.000933823933157799,-0.000727247968170234,0.000881128776452455,-0.00239462319800715,0.000403105059146749,-1.02387058491553e-06,0.00282251005095034,0.000999236752105235,0.00173922588071685,-0.00158702785538179,-0.00372826425040538,-0.00371815634237649,0.00238164579109665,0.0021082348461469,0.00109369589554403,0.00115216446879248,0.00100663100937534,-0.000588221981703792,-0.00223106430551254,0.00100701391192052,-0.00198391472338317,0.000928721158489825,0.00252680704592614,0.00158788884945431,-0.000849325403376854,0.00151003361759926,-0.000409010512456784,0.000386032166717728,8.00404219915869e-05,-0.000176784587766621,-0.000425760434280577,0.000192576076171668,-0.000747303130542597,0.000577585229569002,0.000111575098118262,-0.000253260179831734,0.000251465681078062,-3.86003250240622e-05,0.000324370431658527,-0.000109060685011832,8.06710673673301e-05,-0.000291899304278442,0.000365111608646985,-4.78459827528106e-17,7.95135401115454e-17,2.04254558018929e-18
"mazatlanus",0.0537833175426465,0.128937906949974,-0.069702810196373,-0.0321773099110999,-0.0140912842895243,0.0233991622921508,0.0182817970209722,0.0339547873003147,-0.0532831927286825,0.00780947084475427,0.0144500134968473,-0.00531375622844725,-0.0177053252744366,0.00501381100526458,-0.00420535200307429,-0.00132408863599662,-0.00757347342774553,0.00345140105511295,0.00146799877309058,0.00487902766761406,0.00494625532701577,0.000575914236324714,0.00443273021865165,-0.00261837331925169,0.00751534497028482,-0.00487778798360499,-0.00369876847650362,0.00211390045387164,-0.0010430684057365,0.00395812657870171,0.00379335285237174,-0.00894805193543584,0.00100908494267914,-0.00137263361384774,-0.00362980632944286,0.000725978568859068,0.00171956717079887,-0.00316218549378149,0.00024064714989894,0.000651070120444155,-0.00311348088321914,0.000469266045232533,0.00191145432358935,-0.0013102703195232,-0.00326309619476207,-4.13400072954599e-05,-5.92396880233034e-05,-0.00211273314640101,-0.000306779276879515,0.00309260513462132,-0.000773969986762742,-0.00265599246685094,-0.000270356118388105,-0.000844829608598342,0.00102811782188415,-0.000587135707254119,0.000149491764697918,6.92751808907345e-05,-0.000709319364891287,0.000290813623745736,0.000106240125543489,-5.55969754019448e-18,2.03928126301471e-17,-7.35070500660541e-18
"zebra",-0.228291169654357,0.100297742831949,-0.0522850160402574,-0.0116570161345052,0.0388920178426527,-0.0252668237794917,0.0405062529548691,-0.0216728358194918,-0.0179399568049166,0.00303390502674604,-0.0174606814045454,0.00357525175505908,-0.00736025215716907,0.0100286929242005,-0.000603096165368551,0.0107346908116824,0.00703714785690386,0.0088396719454562,0.00523225905198334,0.00473941333756834,0.00735757453401487,0.00737122692949022,-0.00349372896177738,-0.00679842804451415,0.000353674556398596,-0.00444530150729118,-0.00921218380027272,-0.000409552017337963,0.00887390367577427,-0.00247382785021527,0.00115118356195015,0.00391410966009714,0.000983577898628539,-0.00135429886188882,0.000550648055241706,-0.000409163989421215,0.00100983391801935,0.00436658342998492,-0.00206125270499011,0.00124369652848496,-0.000763926078484482,0.000239345484926392,-0.000611827862294949,0.000996617416450291,-0.00141203257172206,-0.000216490738581073,-0.000338230802919835,0.000977427060098716,-0.000638477113889466,0.000880626636338862,-0.000646493440867965,0.000216930258502725,0.00073635401595693,-0.000257108659373781,0.000299702177813587,-0.00062690727609238,-0.000422655777850016,-1.28496387435862e-05,0.00120893055424842,-0.00019983032506004,-8.06794453916465e-05,1.67678622335236e-16,4.86685246375713e-17,-4.25794903376174e-18
"microlepis",-0.308584913006382,0.0445479524999647,0.0376265267103849,0.0279597410629635,0.0172008012360835,-0.0208024627560728,-0.0301881360319018,-0.041673133556376,0.00874922007531214,-0.00246689776162122,-0.0364981431470558,0.0036512863910133,0.0148070680980834,-0.00774183993221743,0.0105243545146771,0.00358200188392231,0.0044539711095411,0.00277951220810418,-0.000153590999561279,-0.00707839669745111,0.00786816710306772,-0.00115316454486795,-0.00327584075993639,0.00521508444109674,0.000962474803857085,-0.00488589706030184,-0.00241344723537711,-0.00630512576616468,0.000657472229702092,0.00647846630370649,-0.00468842369225187,0.00132180680763592,-0.000620741284741533,0.00506287302599908,0.000375974175156243,0.00227640795172108,-0.00507805739446774,0.00176566909389928,-0.00438140203974349,-0.00305344419110242,0.00015542515688902,-0.00197598348347027,-0.00172387689476919,-0.00215578818405693,-0.00106767685812824,-4.94360860404663e-05,-0.000680434387990664,-0.0023296589465311,0.00238568844443507,0.000904717256160768,0.000750065274620235,0.000350487962306619,0.000339844889379916,-0.00105268554504524,-0.00109828137984111,0.000608094662125247,0.000373329336429255,0.000803574915429599,-6.86092841818051e-05,0.000306105348264234,-0.000736086230336871,-5.52329768971759e-18,-4.37193582628844e-17,1.3235238173414e-18
"cuneata",-0.167270308499001,-0.0330505958961552,0.0470581095147344,-0.0195550232034908,-0.00334004753039092,0.00236688482326524,0.0120730448551332,0.0065402098224705,0.00468860109583288,0.00457448835028143,-0.00482877438548624,0.000242691997110153,-0.0109052908079846,0.00163054494712573,0.00147115639339757,0.00322929179388047,-0.000431332669375901,-0.00132262817551752,-0.000126915467428427,0.000398658156189382,-0.00270426286606328,-0.0050323910196341,-0.00354575349425973,0.00204793881394136,-0.00603744153884658,0.000544589397520281,0.00728608122860387,0.00318795243121379,0.00214404853174024,-0.00219711105735483,0.000508785582991625,0.00135088789702098,0.00140556473753915,-0.000405172835396456,0.00305246002352706,0.0019007213774707,0.000294863106867261,-0.0005189306438505,-0.00138850593736149,0.00303269489689628,2.7728029436301e-05,0.00257846035936338,-0.00181040655581564,0.000431115477457548,-0.00023404812293737,-0.00034200167315884,0.00167161963909842,-5.09497719640199e-05,-0.00108677401261292,-0.000365029044861511,0.000862145725036966,0.000428243061582371,0.000532354560298541,-6.59456331686039e-05,-0.000180179578003043,-0.000424012526221604,-0.000280578059237768,-0.000396744416614444,-5.97963682809168e-05,-0.000657013383038211,0.000239107894328205,3.0310478417538e-17,3.24904955052136e-18,2.26621400147911e-18
"nasuta",-0.183619131627405,-0.0169814813286776,0.0783337688514073,-0.0284458122917997,-0.00403374743093172,0.00509249845212376,-0.00743784575890375,-0.0156798467545496,-0.013375325600406,-0.00144753146782887,-0.00559723384608767,-0.00716347764503527,0.00453376664568719,-0.00902502496392638,0.000749898146864619,0.00167742024009139,-0.00378471123092711,0.000813108900698072,-0.000585815541217556,-0.00519821828786448,0.00279469724676578,0.000963284136202468,-0.00409330927817091,0.00261253909858872,-0.000772445197450968,-0.00250655444753941,0.00309179536145699,-0.00137272744086346,0.00113284118218629,-0.000377220424303679,0.00138895570880837,0.000323670119813684,-0.000856283519430354,-7.07318539454801e-05,-0.000645381749479011,0.000686659549923841,0.000800401713299937,-0.000459612375091746,0.001449909750523,-7.23879398716861e-05,-0.000185337667461676,-0.000208137363362839,-0.000618735822654411,9.37902036239859e-05,0.000492644054727227,-0.000276357808497385,-0.000158421789459052,-0.00052915455088006,0.000827267990570908,0.000298101121466595,0.000368862603771587,8.67594119002964e-05,-0.000190281040574463,0.000582276201787642,-0.000447551022541445,-0.000142218673486284,1.73788056416841e-05,-2.53932081506279e-05,-3.25677476049688e-05,3.32372882106101e-05,2.33991832020031e-05,-9.88993283693822e-17,3.74790579337634e-17,6.73142969468344e-18
"lascaris",0.0186682039774921,-0.0246659131783817,0.0625854942624026,-0.0179716762313762,-0.0258555453061624,0.042570667797218,-0.0187618432882475,-0.000342069942572156,-0.0160467377501831,-0.00608569994259076,-0.0150008385022626,-0.00433917577445142,0.000668649288463449,0.00249930965128331,-0.00327235264628034,0.00262379617250492,-0.000401900900180969,0.00203648780060809,0.000949475527910133,0.00119204528498286,-0.00176709978288803,-0.00199577016471966,-0.00420943475317026,0.000891658170893557,-0.00306360418566219,0.00119660755267473,0.000178501107788838,-0.00200599139975187,-0.00156696781837476,-0.00255094873717182,-7.1171491295156e-05,2.3979302221186e-05,-0.00168647697467029,-0.00257357106465404,-0.000938382437818331,0.000672312872525449,0.000516103378086433,0.00226066187278554,0.00120432977128895,0.000364335277933572,7.15018553664896e-05,0.000346494526904342,-0.000195200682972141,-0.000745550455412319,-0.000161726456853775,0.000904309020650915,-0.00166219812421268,-0.00038733463659381,0.00164216944486975,4.15192136991262e-05,-0.00047148207704946,0.000523560007241025,0.000128844430746365,0.000304443763004136,6.94647054667172e-05,-0.000899154888383634,0.000206774988068029,0.000591193132494308,-6.56347753880033e-05,-0.000383616702872853,-3.52435807787558e-06,4.87727437332719e-17,-2.52549655203404e-17,-3.79490671162748e-18
"impar",0.00538431424478761,-0.0223574077393034,0.0400006211134896,-0.0169071679841782,-0.0401701358122583,0.0456944150499913,-0.0138031883763226,0.0211843901461605,-0.0220101703593609,-0.0138888861574619,-4.08817925886816e-05,-0.0114909712657376,0.00225844113094949,-0.00099584751405671,-0.00216926992149718,0.00283151595966245,0.00609562313294879,0.00364344895064185,0.00136429439889173,-0.00213170887014989,-0.00371375988329799,0.00355534456570095,-0.00211068473111708,0.00261707484520248,0.00388251811833026,0.000822727756678522,-0.00402449425998337,5.90214371590298e-05,0.00122159937431938,-0.00655983589976801,0.00142917008053228,-0.00173757300027434,-0.00302180680828939,-0.00350906398877137,0.0023475032978576,0.00276410452057593,-0.000479458178412312,0.00130748035441535,0.000378648401426651,0.000619908059337836,-0.000677780014929248,-0.000933200701841013,0.000890661878831661,-0.00249177878480976,-4.89844353875747e-05,0.000855585184466088,-0.000627976011591916,-0.00222289543131986,0.00190704420614501,-0.00144281025612635,-0.000734388748927358,0.000100043167400135,-4.69581585214732e-06,6.63192484213635e-05,0.000991745457963151,0.000989573985222582,-0.000229292734737928,0.0010575941522555,0.000487359589527888,0.000376226567213648,-6.25620600857373e-05,6.38844573990651e-17,6.58394013032067e-18,4.95753225473533e-19
"plebeia",0.0732876403770978,-0.04826173903773,0.0171553073413829,0.0178827818245388,0.0141947470798334,-0.00653456655486341,0.0220763519908391,0.00709817929633328,0.0158204475292636,0.028126446602878,-0.00327055553172545,-0.00118339458019689,-0.0140159330664391,-0.000949061963348138,-0.0010418528655381,-0.0016067058474106,-0.0078603958804982,0.00183182951095161,-0.00594296446816793,0.000766066329181228,-0.00157716721956677,0.000512271904981673,0.00545431523530888,-0.000660604556937739,-0.00442365133275375,-0.00252602056490658,0.00160602321316494,-0.00103842890880285,-0.00085821313078851,5.03642374354276e-05,-0.00260396365593432,0.000759135210077375,0.000807052887096881,0.0010666755723689,8.61504123767893e-05,-0.00162148451198833,-0.000328416946381834,-0.00214875996727233,0.00109639677219078,-5.18028123008326e-05,0.00161009127874294,0.000263645850431814,-0.000502890356320151,-0.000558085681952595,0.00107874394145793,-0.000486602674261429,-0.001448124687468,-9.48829351114513e-05,-0.00110781410948269,-0.000579993177813359,0.000368703225345351,-0.00117414522021602,0.000269303517283706,-0.000772932567680686,-0.00106739506395861,-0.00087328256577601,-0.000370424568690524,0.00033888579783858,6.43438608685918e-07,-7.9442043600807e-05,-8.98580971890543e-05,7.71537150105304e-17,5.69063890871799e-17,-3.99240674931423e-18
"papillosum",0.143579017282133,-0.0610875014018052,-0.00699169597111915,0.0103723211496031,0.00466356825021696,0.0151842389070584,-0.00524120936968466,-0.0114164398596342,0.00565479247165444,0.0180862253721596,-0.00718606042398953,0.00205408807787309,0.00514564112377013,0.00483613243678964,-0.00221816463944491,0.00466796773628719,-0.00402031217586838,0.000578441452145874,-0.00295011021230502,0.00160412514703448,0.000328565656681281,0.000989764753701016,0.00229140802959063,0.000136595388805438,-0.000239496035789391,0.0027560912182073,-0.00131075277180858,-0.00128152411129779,-0.00130923351284363,-0.00106664948396246,-0.000718496452865134,0.00193959715965701,0.000241242711229635,0.000356425008053676,0.000423802634057009,-4.12472974341869e-05,-0.000876602626146745,-0.00161749010169167,0.000296677861640376,-1.62621345467193e-05,-0.000817509770315698,-0.000691421114579375,-0.000209105648324589,-0.000305465478313677,-0.000554668080877371,-0.000338556903508406,-0.000193720769885017,-0.000582083481547509,0.000703047218787773,-0.000210586752154256,1.36259302438969e-05,0.000800197416051002,-0.000157742479844633,0.000170107280665984,0.000419638738984623,0.000287146790192102,0.000328854711519833,0.000262519415921438,-0.000121544409192841,-4.40238077576106e-05,5.42624190771242e-06,2.13432799776233e-16,-5.49662772897013e-17,-5.43745058965337e-18
"ovale",-0.0767785403701471,-0.08103724858021,0.015484535525978,-0.0116280118104149,0.0123916692821367,0.0188602514004983,0.0192826356331013,0.0252805804868602,-0.00313115529602006,-0.00219396844943296,0.00911308505031471,-0.00203632910254064,0.00359284254400473,-0.00468956404728641,-0.0126170936263842,0.00232817815731244,-0.00332025682890067,0.00215821529957934,6.46513942469656e-05,-0.00440872194046252,-0.00464482697898034,0.00111609409428411,-0.00296466888502612,-0.00127649184643784,0.00469748982312043,-0.00393388992230521,-0.00273617822776617,-0.00234222750145353,0.000212858640807835,0.0020504650284319,-0.000842523906186491,-0.00130755167918269,-0.000146254250788542,-0.00111190870400198,6.87176449359659e-05,6.15160631600308e-05,0.000629155612464096,0.00132896673256924,0.0014269244285032,-0.00142749986052436,-0.000322292969537707,0.000795756471583783,0.000706732085607687,-0.000292835661802429,0.000770379181915325,-0.000142525382563997,-0.00119859001856911,0.0020103088639859,-0.00038533475283032,0.000676047755206748,-0.000484500956332552,-0.000591738491046043,-4.98497403427821e-05,0.000766184107807644,-0.000377668473269133,-0.000728900043794785,0.000160207791363918,3.43789295333921e-05,5.15455988151035e-05,0.000141116132264079,0.000107364880677839,4.39123309179072e-17,7.94109294879351e-17,-1.84883331721938e-18
"micrurum",-0.187066836711449,-0.0179038641822483,-0.0323565317696408,-0.0173797524006696,0.018234035702692,0.0207453116422273,0.00764243205326411,-0.00242609539768869,0.00413005412754961,0.00692026645204048,0.000417327394861467,-0.00450832199901753,0.0128274488152096,0.00364184372214891,-0.0145194559840295,0.00491229875409345,-0.00568866414819548,-0.00533993363123107,0.00607212113607556,0.00125561037225346,-0.000965691051034057,0.00119465147563157,0.00252766653619266,-0.00228677176468848,-0.00376860393629749,-0.00106885682923254,0.00432338004864662,-0.00490689474233362,-0.0012631680632372,-0.00346277072593345,-0.00223718072033125,0.000910699814195974,-0.00083456553682287,-0.00278166500835012,-0.00164169586160784,0.000987719445515592,-0.00174797494567477,0.00276880846448233,-0.002126146195118,0.00131685497252594,0.000493060938383894,0.00260754950218638,0.000655261932105202,0.000806770324360931,0.000369272596647072,0.00097262733609817,0.000169472323241718,-0.0026933650902801,-0.000604885299171023,-0.000682750422543764,-2.68924536468164e-05,-0.000802568626070868,-0.000434313943754422,-2.47118831279507e-05,0.000598534801137958,0.000589276861099549,0.000111389801876992,1.99831565880348e-06,-6.86525573470218e-05,-0.000228629883707275,-0.000168177956241641,-3.1309652835962e-17,7.42061741110018e-17,6.82202028270397e-18
"panamensis",-0.0904986161581488,-0.0119127416918345,0.0302626699983386,-0.0187075325980451,0.00475723609738754,0.0237144408209782,0.0068276986163842,-0.00618288515661484,-0.0171163577417582,0.0107826715201243,-0.00629327955377337,-0.011254054981888,-0.00348342588128685,0.00158873907990452,-0.000172692139224293,-0.00123037885579797,-0.00555510814104362,0.00177963713378394,-0.00269886714561215,-0.0011862189013911,-0.00370968217063523,0.00209778606852551,-0.000962699790290938,0.00167343396681166,-0.00115245392838439,0.000860444190934314,2.43199338144038e-05,-0.00114055680207211,0.000630806652333293,-0.000921890150848052,0.00115481643430489,-0.000422799785649357,0.00020745672840367,0.000255515210938087,0.000735123837776503,-0.000632814125552068,2.01296597834899e-05,0.000279106393445438,-0.000751176797142737,0.00117490955119856,0.000965724829330263,0.000628916661090859,-0.000280595926786182,2.04797912791769e-06,7.79130404122954e-05,-0.000188555130419718,0.000193866299532932,-0.000670946083876596,-9.44960194770957e-05,3.69260954326161e-05,0.000568176462983112,-0.000170599825465053,-0.000204680976548988,0.000519200545659696,5.06270551971996e-05,-0.000386380307289646,1.66304996842524e-05,-0.000102150433871656,0.000176491266431983,-0.000361117631638167,0.000129339102119799,2.42318273736086e-17,-5.18710977123954e-17,-4.06886541037412e-19
"sanctilaurentii",-0.0954022791670967,-0.0581961387947107,-0.0538113275638873,-0.0011229253363269,0.0313658744295159,0.0106703396529939,0.00590983759668501,0.028632877687204,0.00552932863462069,0.00115411317246692,0.00874680295128288,-0.00890662704173461,-0.000377661279752941,-0.00307271325030532,-0.00994589767333465,0.000989657996740316,0.00441333942137156,0.00184560798589207,0.000976428149619261,-0.00351769519193972,-0.00136105300913035,-0.0019946679640196,-0.00138024436468185,0.00101298378648117,-0.00222761430230041,0.00247778744677452,0.00443788352248313,-0.00769618243445371,-0.00513557584455687,-0.000302541644942638,-0.00414022005240878,-0.000459560020675921,0.00179521349387468,-0.00319049072637829,-0.000680395088086563,-0.00137170543854586,-0.00193891052379295,0.00224471175220482,-0.00163992066262311,-3.43976802856552e-05,0.000793316845557036,0.00171124374164126,0.000231535290096062,0.0010216185138808,0.00179692600098109,0.000347938197127946,-0.000359101475110244,-0.000321910714980497,-0.00223426622246614,-0.001089749297933,-0.000745045722524553,0.000477145252225174,-0.000621909103320732,0.000931884329127225,-9.36132806406784e-05,-0.000563959494311867,-0.000347167930790522,5.16919486777536e-05,-0.000267201022833068,0.000106372092222203,0.000255567532726168,-1.26925683178483e-16,2.13629634097647e-17,5.45113226414055e-18
"capensis",-0.121016644824134,-0.0573110533514246,0.0138176653730609,-0.016007318813615,0.0141254499081387,0.0111656673592155,0.0196726844186041,0.0218291930775092,-0.00502735281324081,-0.00230471897981804,0.00936526726868168,0.00196078981858545,0.00301239564311255,-0.000187460745055845,-0.00968284481119713,0.00926692512326031,-0.00182598312084355,0.00177426986784058,0.00144648638772468,0.00548905140122632,-0.00061872950223588,-0.00223244559775521,-0.00266482249622954,-0.00615059433012094,0.000906012338731748,-0.00410259800324505,0.00206199333217332,0.00347339896641815,-0.000192701234887756,-0.000569509473858867,-0.00307190822439526,-0.000719462173844761,0.00244791761561179,0.00118033268972139,0.00151517431071143,0.00179189421389593,0.000826580386686508,-0.00212778436395189,0.000528813896568222,0.000879982577357211,-0.0013076194733041,0.00106013689015848,0.00194872649587539,0.000149479711037561,0.000277098859421958,0.000405704344159133,8.51724583405159e-05,-0.00138287259066742,0.000509677132956898,0.00122498722036551,0.00096729609199103,-0.00143342927280974,-0.000934347020657711,-0.00165216747517029,-0.000165025760862092,-0.000479365739833678,0.000275318335219838,0.000149244736269437,-0.000367269364148447,0.000365740851715909,0.000194584154998463,-5.74171507789982e-17,7.1979796266548e-17,1.39542957144247e-18
"asaedae",-0.167826768683541,-0.0546874511777513,0.0495281188830744,-0.0256138074694093,0.00588708174551506,0.0115919253609402,0.0259787818230322,0.0118662653021383,-0.0104552225357254,-0.0018891202570552,0.0133986036800835,-0.00827655569723622,0.00661922898276161,-0.00150633664649287,-0.0031263197739977,0.00594401609398245,-0.00183360953444254,-0.00138796739834576,0.00358729128045539,-0.000985914591336494,-0.00612147466792203,0.00320409118313659,-0.0051821910165709,0.00203614705390596,0.00119856678156359,-0.00613669768042836,-0.0015546781846538,-0.00276867755427947,0.00220944892558028,-0.00133534722189156,0.000392497986118087,-0.00328273466898609,-0.000575894630652117,0.00186758526800016,0.00248678090926694,-0.0015487265552729,0.00328004193760928,0.000116271889179451,0.000244030188184456,-0.000283714488221948,-0.00143057268458112,5.82313887475503e-05,0.000883474451521246,-0.000810493975757111,-0.000514443260393686,-0.00167098744956275,-0.00116014990738543,0.000571503193112411,0.00112833498365981,-7.40483040822754e-05,-0.000624952610941202,-0.000462202374120358,6.05008633338112e-05,-0.000117452892101669,-0.000344828246219198,-0.000876763018328152,0.000139983921601238,-3.3364234537217e-05,0.000413538582430233,0.000298916061883855,0.000100090364438234,-1.67242581275273e-16,5.18365186175857e-17,5.40354115757015e-18
"rubicundus",0.190621996286875,-0.0263345057703915,-0.014411361136125,-0.00211736737321435,0.0167456811340318,-0.031994018632689,0.00614919553014016,0.01163254650711,-0.0244102992421441,-0.0162018397535059,-0.00879466497061585,0.0245695480082559,-0.00241415686369003,-0.0046445411711144,0.00154333871407567,0.00631792132084152,0.00510007103459763,0.00782364154348165,-0.00542485131262268,0.0091910747329456,0.00716644392310526,-0.00213977665904356,-0.00324607373253073,0.00119438669961467,-0.000340172318572038,-0.00348313067547048,-0.000399906016230762,0.000633928105511838,0.00333444150443402,0.0012304644914542,0.00431903313370493,0.002644080954586,-0.00104371039307803,0.00467953263117084,-0.00313273802068232,0.00029470877081069,0.00195879647442609,-0.00407518792024155,-1.70865212954886e-05,0.00208032067238954,-6.40690541664888e-05,0.00179364870368638,-0.00123108489213283,0.000934845184333316,0.00129538114404235,0.0016370620757473,0.000266057106670664,-0.00132271424416991,0.000631490268902259,0.000262564136386584,0.00235848046737232,0.00166495265501951,-0.00048985570175264,0.000229815777289915,0.000654615492157107,-0.00166179116537322,-0.000536137301979323,-0.000542778521475347,0.000833983962295598,-0.000260967088114596,1.06584281595696e-06,4.49353907407216e-17,-2.56429668676522e-17,-1.34327116437261e-18
"aruanus",0.018196466429287,0.0430885307878461,0.189424708627496,-0.0961518886130913,-0.0216851282763277,-0.0688850474541057,0.0138966219808113,0.0306554692191415,0.0127848031827946,0.000339346155872821,-0.0138840925296487,-0.0256921475637875,0.00622700561828651,0.0111252973306159,0.00867043870666609,-0.0065800735779419,0.00170909933282032,-0.0151040277668701,0.00861861674297371,0.0127835149213088,0.0102625631505456,0.00689176405383902,-0.00477398258651381,-0.00894358792734194,-0.00515119940692905,0.00605322434217868,-0.00537477413391344,-5.02293617555534e-06,0.00400241934813544,-0.00622819791790424,-0.00094347425478866,-0.00466715254264087,0.00136358872203704,0.00151104329348768,0.00687647879646903,-0.000405919950240568,0.00110893267346343,0.00106587468871144,0.000791908981857839,0.000126136705865151,0.00174522447647884,0.00109251697992276,0.00092242851059458,0.000326412362054999,-0.000794406021221775,0.000733763127428402,-0.00401969197592839,-0.000218246135255455,-0.000440708955746254,-0.00109321914507547,0.000929586524288547,0.00170182960802763,0.00196153783699097,0.000573480058206505,-0.00271503520127688,1.43725816264348e-05,-0.000239685754945008,-0.00117902217816143,0.000622108753638184,-0.000749017782697038,-0.00139361564039508,9.65035531043759e-17,1.94057531795041e-17,6.10582898866338e-18
"marginatus",0.229898831445231,-0.0209419897332553,-0.00778425074913811,-0.0105734969179199,0.0416361535265897,-0.0365714381194102,-0.0317655447630381,0.0345392486786658,-0.00528852026673671,0.00548751873126595,-0.0148254007561418,-0.0241030782320201,-0.000753891877675264,0.00233897551685608,-0.00158876868788111,-0.00208166927387941,-0.00716568372217708,0.00119250108527774,-0.00149225597320108,-0.000641706946602816,0.00242779863388328,-8.27071658335447e-05,0.0066663669401313,8.30273054627416e-05,1.16569782797972e-05,-0.00343768154321717,0.00407490639692149,0.00396721352790889,-0.00420421162782506,0.00228070927352244,-0.00390823750141712,-0.00601978718420758,-0.000627575840904773,-0.0017809901566955,0.00187034440142385,0.00189660050152311,-9.86089449843768e-05,0.000527497263835218,0.00102741800803304,-0.00250970209956688,0.00365707332841789,-0.00311188438051851,0.00173951753369531,0.00106386700969497,0.000570848889698856,0.00110251493918086,-0.00155516473087517,-0.0010133647026166,-0.00241015319820156,0.000350452823205891,0.00102369837383183,-2.43459762193827e-05,-1.52772743793487e-05,5.91302260004955e-05,-0.000614000654172174,6.36193421919046e-05,0.000240400287882799,-0.000663248624482935,2.19338635174319e-05,-0.000397060311891838,-0.00038194604167496,-1.40480167148639e-17,-2.06865126533875e-17,-3.05192973242279e-18
"dispilus",0.0637145317174732,-0.00787421126470898,-0.0561234438641388,-0.0168197956700542,0.0143064023986347,-0.00546162741445617,0.0333001084519975,-0.0165812034789466,-0.00923835508809299,0.0128465700360136,0.00894774665372993,-0.00650782088618147,0.00373197883007722,-0.00314955611540824,-0.00084912787979583,-0.00237146641239256,0.00507339541326957,0.00386383989182419,-0.0049565159802483,0.000482141790667585,0.00887628836095129,0.00142780154311922,-0.00569855400269565,0.0014358268113958,0.00210498651269238,0.00556230135332422,-0.0064105152173047,-0.00178484864634464,-0.00132836454160252,-0.000189302371397301,-0.00180200690355483,-0.00085644271373446,0.00184558817729469,-0.000451873538728147,0.00190761812703412,0.000817835940911548,0.000220189136678936,-0.000347707094966667,0.000526322068771051,-0.000273198748824149,-0.000379585101162681,-0.000659973914011164,0.000480984892964824,-0.000134812965385584,0.00139548618252243,0.00192942565805154,-0.00121994904449263,0.000938713669990714,-0.00107270244658538,0.000530033746092108,-0.00123804778763863,-0.00116100487678635,-2.89734649161357e-05,0.000745050642419454,0.000812218276698921,0.000316279007144912,0.000193819917853534,0.000356775066780991,-0.000150884517232521,0.000115694225353381,-2.84907941072152e-05,8.2528294664819e-17,8.07026333653086e-17,-5.39629678725309e-19
"chromis",0.157647439242339,-0.0572562953713588,-0.0376900008757462,-0.00964480888021733,0.0349467920429197,-0.0721844712004995,0.0476031685847878,0.00263104901521155,-0.0146658752461631,-0.00683746571064631,-0.00534523974340705,0.0190891056552171,-0.00627078198843934,-0.0103876754261896,-0.00277060498571741,-0.00116954708222509,0.004135110194943,0.00787938137772479,-0.00526058381275387,-0.0046219836898018,0.00310532321851918,0.00125482689485661,0.00118112654727231,0.00176723520129708,0.00019737649838058,0.000435507527368119,-0.00441532366180588,-0.000587986874716868,0.00373886717882125,-0.00648141913188814,0.00601644461398666,0.00327665121360756,-0.000878428440907668,-0.000470821645688597,0.0012448888362162,-0.000161639665618003,-0.00180611552265511,-0.00529186255589922,0.00300297083653089,-0.00241199113216852,0.000197358213668923,-0.00182654945650631,-0.00129163928975601,0.00284708886741806,0.00152208844005456,0.000506177750814311,0.00149237308888698,-2.00857428128546e-05,-3.1166117154169e-05,0.000231511678939825,0.000157660705026052,-0.000381132188641773,-0.000285861607265068,-0.000709493860635876,-0.00122932323677023,-0.00163123336795462,0.000546107047408843,-0.000246480079609264,-0.000266019888055099,0.00010915219170201,-5.70704956859225e-05,-1.40509635914343e-16,-5.8631143871039e-17,3.85487881067939e-18
"biaculeatus",0.366306260193262,0.0160912531273202,0.0561375492973929,-0.0714834706287155,0.0653484690964221,-0.0646999173234278,-0.0780739656463414,0.041297612869028,0.0133242005195267,0.00163629139262666,-0.0260728582693491,-0.02207019625247,0.0247584513194311,0.0142198222594614,-0.00841852191459455,-0.0134565813880104,0.00147765748056272,-0.00757675598374541,0.00789745291995649,-0.00195194398339337,0.00651528557534527,-0.000857014459562211,-0.00775849107671132,-0.0144362182034217,0.00585772994053219,-0.00328795339336833,0.000916912294539614,-0.000836649603388739,0.00770758584916708,0.00184739470930636,0.00241514401196832,-0.00394471040313231,-0.00186128583786328,-0.00202832497202099,-0.00153188933263302,-0.0038713643111246,-0.000830617537116208,0.000835474700948366,-0.00267778133168596,-0.000862621362688903,-1.32961711721625e-05,-0.00107697024001784,0.000670592940155036,0.00124171152004415,0.00139392865546147,0.000528878027256435,0.00234299844662609,0.000505369587391272,0.000520027419010089,-0.00105500873524822,0.00038548052205935,0.000606592331572992,-0.000268591197902264,0.000750278444850567,-0.000438183964273519,-0.000287673438863021,0.000122719907566104,0.000475568546527876,0.000878265305721079,-0.000150843267903631,0.000305526623519577,-2.03354733686834e-17,1.15668436931558e-17,-1.19080423267148e-19
"ocellaris",0.417613080235307,-0.0284107475114237,-0.0574964034497081,0.0191192662641314,0.0483982232204161,-0.00137414352783288,0.0300184593562925,0.0415901455630036,-0.0277721858093319,-0.014274622772131,-0.00101848920207268,-0.0191044418904324,-0.00283479022510928,0.0269018515114682,0.0138753672841992,-0.00889145465458492,0.0111628124736143,0.0138055303375825,0.0047443042839155,0.00239548556124427,-0.00466586711379193,-0.00242666521354649,0.00139205859631743,0.00251842189055124,2.66649248638877e-05,-0.000774412924743335,0.00614391989937688,0.00227946780043928,-0.00375210108418738,0.00251509852801701,-0.0038830534606944,0.00290806043138316,-0.00243058274307055,-5.77388849784394e-05,-0.00392460578709512,0.0066551226626326,-0.0013563934798552,-0.00184050813006424,-0.00213256222396369,-0.000643129757287452,-0.001984742093181,-0.00383350356944359,0.00349089537793451,0.00286720489315095,-0.000558005015318387,-0.000674443215386774,0.00168799109022433,0.000431021602966145,-0.000611812974966199,0.000645783770868175,-0.00026132378382834,0.000165809503069399,0.000483582666370837,0.000305372936670038,0.000290156383200648,-0.000299812501254627,0.00117800706682075,-0.000897665042998076,0.000881946568725291,0.00017717114886063,-0.000236121961173672,1.20088857371066e-16,-5.03730327866085e-17,-1.69288215414461e-18
"percula",0.431302380985701,0.0281845853044238,-0.0205690791918993,-0.0179522328339377,0.0371432095151627,-0.0416519319483704,0.00927563338204334,0.0180909307868458,-0.0149902540084709,-0.0159151680862974,-0.0187510942845625,0.00296697418263603,-0.00827040682441825,0.00693123738619834,-0.00940588052544598,0.00577140138306233,-0.00354071022906137,0.00103554814140189,0.00129805035296328,-0.004393527078126,-0.000867520657318706,0.00130264394512395,0.00467095658412006,0.00284481365273395,-0.000134880527986232,-0.00437669959346199,0.003450767608407,0.00132629594247845,-0.00277392802612316,-0.000618225466654125,0.00114628028101948,0.006685882780742,-0.000187039814861913,0.000878212656387357,0.00077179314450937,0.0015372569209116,0.00432560931233768,-0.000613076220692,-0.00252067588730255,0.00102532742740162,0.0006312291345406,-0.000539660461417542,0.000991230910601978,0.00151404359862161,0.00129944084563503,-0.00166403534613199,0.000978860395293064,0.00114315133747386,0.0019040608342838,0.000439299523867968,9.23153233893724e-05,0.00081514287812898,0.000615639022209071,-0.00135110710718474,-0.000605545425031425,0.000377125594292064,0.00069834425601789,0.00107811113170582,0.000819585538146475,0.000311850577320858,0.000726260510572543,1.41047626126162e-16,-2.58174417888022e-17,-2.89633114323736e-18
"melanopus",0.246944174553088,-0.0110647714145039,-0.0221010665381857,-0.0090387924828609,0.001683318711581,-0.00190470670924073,0.0125646971383569,-0.0364518732273252,9.42447618263149e-05,0.00656469215320772,-0.00218252466738891,0.00375624118561785,0.00611541077178148,0.00238925097861003,-0.00156773222632039,-0.00595470999410086,-0.000188241627681941,0.00172182939100764,-0.0026227543283035,-0.00681544279384422,0.00478760022004403,-0.00184290124854553,-0.00734075830042705,2.41238540332897e-05,6.09904798846905e-05,0.00207964518371613,0.000999374909326613,0.00139862130637709,0.00141772752725313,0.000856096398946485,-0.00233991580210669,8.55585632883322e-05,-0.000448287323955899,-0.00124744201254316,0.00219384852747654,0.00265956946332549,-0.00085531979196199,-0.00088747505211865,0.00137088568141805,-0.00235819814101495,-0.00286477951533398,-0.000897859185661918,0.000145026780304107,0.00110103803157022,-0.00024831311146362,0.00130318402925782,-0.000362861908914777,0.00127415884349894,-0.00136705039195102,-6.01879093630694e-06,-0.000957810193738011,-0.00123754224412759,-0.000249706798105617,-0.000352211850552264,0.00131043354696795,0.00110125420727922,6.46968540691971e-07,-0.000118123626195276,-0.000760085696442138,7.4480867582978e-05,-3.27466509152808e-05,5.68881101207195e-17,-4.185283259898e-17,-4.0307457829639e-19
"clarkii",0.277563878984804,-0.0209716236469278,0.0931711112370236,-0.107705793572404,0.0640657183095481,-0.0857613691987358,-0.044382347725928,0.0486162923481781,0.0280736409236091,0.0248890921499895,-0.0316345129915677,-0.0259963379567355,0.0238941032422393,0.00657350403051428,-0.0113705010283784,-0.0281271797326917,0.00331575868657466,-0.00376864293724532,0.00467678991767394,0.00336259930885877,0.0129088815885435,-0.00452991452171676,-0.0033869360888877,-0.018991703247753,0.00446918957255415,0.00528128380724215,-0.00544110218841495,-0.000814504467603021,0.0152036882181167,0.0017372873691295,0.00496131513594215,-0.00296818904142886,0.00179529174401197,-0.00129302450494133,-0.00456099228537114,-0.00556805662222763,-0.00582378833501674,-0.00156688248988971,-0.00128471768645992,0.00125387283605728,0.000644733642822379,0.00334968131769226,-0.00053672532480872,-0.001580955476995,-0.000175982261300786,-0.00164874239602735,0.00096396431379158,-0.000225713159559808,0.00113639903426842,0.000844524825353032,-0.000309488828775899,-0.000720787397200162,-0.000172656216929345,-0.0018552625032355,0.000249680856147286,0.000678619838738661,-0.000573383320442448,0.000158455144730167,-0.00183093107603317,0.000195253069568101,0.00124196270046361,-1.21940409487542e-17,-7.04361064050955e-17,-1.18839443315353e-18
"sebae",0.284222057043024,0.0402214095288419,-0.025033498620532,-0.0248001500908155,0.0503121534245558,-0.0183109464724675,-0.0298820968365925,-0.00493577471324728,0.0142823674027289,0.0349977075262924,0.0322799734455377,0.0222959239560725,-0.00310333173830162,-0.0150943400174175,0.000977016517757973,-0.0250942933503669,0.0163569591328886,0.0117687967384241,-0.00115965989442801,-0.000613308699344809,-0.0124221847510765,0.00643787389007421,0.0033172634819334,0.00310170525400132,-0.00697601931836117,0.00259372906095255,0.00225335905384228,-0.00644676144101563,0.00402707860020192,0.00179009215805838,0.0083774303362761,0.00795002934832805,0.000917387558675175,0.00240816626969188,-0.00321127369434029,-0.00592794611754545,0.00194482390594153,0.00631063765111693,-0.00109024641600965,0.00299358943990351,-0.000811524109020889,-0.00167007132454919,-0.00161157987436298,-0.000896148227458276,0.00120935323535837,-0.00334893515223512,-0.00380117952757981,-0.00185598565714898,-0.00376033704600482,0.000733777093383957,0.0010731164337964,0.00066976280478234,-0.000507404039627632,-0.00111754079445822,0.00123804649196629,0.000891474146306344,0.000459629403399055,-0.000915952875305033,0.000198036050673906,0.000788921492804501,-0.000739793446280719,4.28070399909598e-17,-8.20247797127644e-17,-2.07142474019773e-19
"strumosus",0.215930799500929,0.00766348752103103,0.103624510495382,-0.039253339470304,0.0408350326361159,0.0139561467065717,-0.0882725026593551,-0.011125768443785,0.0386035348519073,0.0201710241908301,0.0121621214549671,0.0122192016070047,0.0116141123362284,-0.0168709140533285,-0.00765045952255196,-0.00764314610451381,0.0117209520839177,0.0241407618240391,0.0115006819445339,-0.00789424072279963,-0.0117856627147128,0.0102587772755296,0.00581712462446111,0.00388041317732586,0.00373657851575925,-0.00534570192230473,0.00406768829382213,-0.000709931457867258,-0.00717406676149939,0.00413100598868339,0.0021774688474407,-0.00148638441467628,0.00679513257165849,-0.00431250080692598,-1.84040369749557e-05,0.00352013072281335,-0.00098764759111322,0.000844724245711834,0.00413217114037552,0.00514138920325161,-0.00429236709183066,-0.00303945215857262,0.00469360525223717,0.00367858870334031,-0.000788643282016622,0.000275408306769168,-0.00223851491984038,-0.00182802578818833,0.000439811773727548,0.0027107058970509,-0.00102065342896202,-0.000267678947142876,0.00114111327092853,-0.00205082047930124,-0.000336714595365859,6.30379482283074e-05,0.000874549379366796,-0.00165527422714493,-1.26187677893462e-05,-0.00184651277367774,0.000204424281927835,4.78535834525304e-17,4.35275127253986e-17,-1.64696143460041e-18
"capito",0.13773087640058,0.156733373314542,-0.00753505567230894,-0.0248553888624087,-0.0140930426566472,-0.0588166350915775,0.0158318035897132,-0.00860362957894116,-0.0352335866038998,-0.000280358938519212,-0.0232770363054435,0.00290653389286504,-0.0204873862225794,-0.00445788769896449,-0.00484359503083558,-0.00901097350001665,-0.0238229215813637,4.0069053717138e-05,0.0124309152456737,-0.00737716419118378,-0.00790723171186405,-0.00932294223288408,-0.0022566934328988,0.00472264355375923,0.0105825739700961,0.000476389480251098,-0.00569321989577921,-0.0164879469430174,-0.00541054240796011,0.00553223840995366,-0.00389525560093193,0.00716128677309158,-0.00136547521781201,-0.00166119159159228,0.00438102253353834,0.00169807690680323,-0.00218997980942607,-0.00347381392657691,-0.00688903903773106,0.00111947960862715,-0.00318769855984538,0.00531084127523357,-0.00136468978619302,-0.00346476850857791,0.00320901643239336,0.00315897699645358,0.00140495081369709,0.000913737201762439,0.000856693244850109,-8.57592225015036e-05,0.000263859598925755,-0.00137534816631706,0.000283127853392621,-0.00199458010500364,-0.00105582023131872,0.0002595160055538,0.000667750666284126,-0.000669411467876761,0.00122148450500179,-0.00018985702192276,-0.000308197251278177,9.27437497866544e-17,-1.94743842183846e-17,-4.28229344068763e-18
"decemdigitatus",0.370561123638993,0.0612869175274072,0.0693402659657946,-0.032702671547685,-0.00613874230384016,-0.0135357081807002,0.0248628709576487,-0.0162213389397934,0.0269669732673547,-0.0219727436362055,0.0180257348006347,0.0253924358276667,0.0112593233825805,-0.00275383861006463,-0.000725369382780493,0.00765175221428751,-0.000498818567675138,0.0029409792846631,-0.000209783445101421,0.000868273713959306,-0.00176416681978759,-0.00537519856985102,0.00184138397129169,-0.000170153426613803,-0.00117451021566867,0.000443654405365391,-0.00765675908481543,0.00359719039121075,0.00143424339520081,0.00205842848769369,-0.00741283153542623,-0.00335010301726479,0.00414367896616518,-0.00366765364848701,-0.00347515868405845,0.00186165746312931,-0.000169645044546121,-0.00395723276465098,-0.0013869679584803,-0.00328514065374274,0.00185235058551314,0.000383253677783239,0.00217828471457565,-0.00179351831527788,2.59842146059017e-05,-0.00119267117396814,4.89338416374506e-05,-0.00065440334627848,0.00170538898501663,0.000900791836794532,-0.00100978452420684,-0.000744785494423922,0.00137568874241386,-0.000238453695235506,0.000905548724143247,0.00103541929079303,0.000446219499505986,0.000371122825060073,0.000562249635875954,-0.000268412070415448,-1.13400339327106e-05,1.66286733520231e-18,-4.03614966223513e-17,5.15079519770773e-18
"sanguinolentus",0.201154963824385,0.00882214202174532,-0.0442448116050415,0.0169281184386674,-0.0229161294063065,0.00318221048431237,-0.0595876187030691,0.00450221067893346,0.00356740219189957,-0.000500461105523454,-0.00107668567988016,0.00694156882738067,-0.0159440804735975,-0.00103008252362176,0.0090635074837864,-0.00643512723871125,-0.00105363472282744,-0.00353537911057199,-0.00587031294233903,0.00614259768369991,0.00672855090731599,0.00623234250843471,0.00455580792064022,0.00854836433974252,-0.0056551024902902,-0.00233142726058223,-0.00224431170949251,-0.00198470115777402,0.0039029213831137,-0.00144309873744742,-0.00219786662556446,-0.00262472813724912,-0.000482056226869906,-8.14337186812897e-06,-9.37232227459658e-05,-0.00136508794463633,0.000651761111637034,0.00102578260148552,0.00223778750694623,-0.00136908505882331,-0.00211408928368619,-0.00051095018130077,0.000631151190148209,-0.00104012578104587,0.0010615524340289,-0.000177295435785443,0.000877164500423557,-0.000386999829813865,0.00261498941654529,0.000392139998108557,0.000694345628083485,-0.000571579963166961,0.000338848093124942,-0.000450452630803416,-0.00123653812797837,-2.69918802933799e-05,4.47872955574024e-05,-0.000262765932432719,0.000241479049309532,0.000233197829362426,-0.000245239411467498,-6.70210530752779e-17,-1.06958868366507e-16,-7.0121838231459e-18
"schomburgkii",0.178747442724285,-0.0815379281362787,0.0387471432016289,0.0247416428433362,0.011025929141073,-0.0188137409413288,0.0331213409007485,-0.00314467280480328,-0.00892555671584154,-0.00225469476472169,0.000424869752006995,0.00533540729047301,-0.00959459988607305,0.00389208057281096,0.00362897794851747,-0.0153321682318638,0.0080939957456171,0.00538077331683258,-0.0031594163304933,-0.00164762367884406,-0.00301209082115363,-0.00326731777413964,-0.000543345714038756,0.00276057125823495,0.00566665059992287,0.00347165518147433,0.0014308981130917,0.00668736602661428,0.00213592011236001,-0.00101058234449817,0.00094905360274723,-0.000715427527133779,-0.00306477412123993,0.00291649876437669,0.000707596770256744,0.00315460687110953,0.000325456312210714,-1.27570655991959e-05,-0.000784318352690174,-0.000856786435542457,0.000555237794734114,0.000762518084259183,0.00128932248519934,-0.000380686669525071,-0.00103672104532621,0.000141132990588553,-0.000421067288470014,-0.00104791287075657,0.00110781932342298,0.000528610399137778,-0.00103560006475696,0.000297741804340392,0.001114510318638,0.000368554930089022,-0.000285653002830523,0.000361186383906769,-3.23886279310255e-05,-0.00063909011120566,0.000243159408329029,0.000605198230726395,-2.94844556136738e-05,1.27211170284819e-16,-4.61881287969681e-17,1.39810121916893e-18
"maculatus",-0.0967877933748507,-0.0458986663224641,-0.0532790435100411,-0.022621257797999,0.00573905402647246,0.0181108174097246,0.00525462127820193,0.000230727994577713,0.0122744201964723,0.0088045788240537,-0.000830445224859271,-0.00548308541510389,0.0189181592108207,-0.00472296241709091,-0.00583461419254408,0.00567016873360534,-0.00552899467515862,-0.009556665694363,0.00818283092142058,-0.00369411207520005,-0.00423368873906117,-0.00154770450348687,0.00319450843730122,0.00181407802085009,0.00121339403379175,-0.00332804495430444,-0.00187216293008411,-0.00220112623336582,-0.00221089016680444,-0.000967455040204084,-0.00149999230211403,-0.000887756598316814,0.00252837639715656,-0.00402272544509081,-0.000865649307488003,-0.000204638292548916,-0.00333992227698695,0.000541547805138567,9.07942970991552e-05,0.000646099726823427,-0.00101877801503056,-0.000120380862119474,-0.00214111239657901,0.0002079844616997,-0.00108018639606769,-0.000695233553969625,0.00155307033360008,-0.000414182387781427,-0.00190917347924292,-0.000385042221030248,0.00240314826618718,0.00157569055445302,-0.000225190856812333,-0.000973981320297329,0.000980051063734894,0.000539983115307091,-0.000735031305832306,0.0007049896016222,0.0008308798396627,-4.65367577257827e-05,-0.000205161596919323,-6.64438789122041e-17,1.54923946092845e-17,2.23365298396653e-18
"vittata",0.120357296114639,-0.000525598682720761,-0.0261650796290034,-0.0362948136600284,-0.0376389370070778,0.0429641780128364,0.0217102618323165,-0.0151874527953139,-0.0178452798718719,-0.0142787957081167,-0.00190263216685948,-0.0169657759171377,0.0272723425335551,0.00641169579933021,-0.000155357047888983,-0.00292548974566648,0.00443474822032758,0.00760604680722198,-0.00199381195394029,0.000657071742875449,0.00433363694145936,-0.00672946478009694,0.00626415251256061,0.00193531183755002,-0.00875448596297479,0.0119468342914839,0.000756607643906539,0.00276227485850804,0.000903959844287464,0.00038577350633909,0.00117954618237374,-0.00277446922283619,0.00353582098940383,0.00212998599117533,-0.00238163499045259,0.000502727401636125,0.00403819450623719,0.000260533839070581,-0.00099862564021635,0.0024896384078628,0.00156400949831285,0.000746996217821579,0.00049579048663154,-0.00185073073054961,0.00137692040463118,0.00155149798878761,-0.000316226228271749,0.000978590106116822,0.000606533321759765,-0.000814259850036778,0.000667982360054922,-8.76822259901302e-05,0.00071238372469135,-0.000684673884000878,-0.00028560354074358,0.000102982120490679,0.000924977097773388,-0.0011421681530672,0.000358498157510184,3.694287962385e-05,0.00023913409016978,1.10336876181128e-17,-4.87513362829526e-17,-2.6175238489977e-18
"aequifasciatus",0.059406627813061,-0.0163312614164742,-0.00065489362404285,-0.030849319518977,-0.0338168592766476,0.0258758597167344,0.0303469773138913,-0.00636466648694448,0.0138482039116459,0.00621564407521069,0.00650781696957356,-0.0134448004000198,0.00931558578428309,-0.000517100427644574,0.00340932728597135,-0.00110042208250404,-0.00106168095169514,-0.00642699394754978,0.00525917746950472,-0.00026977757719277,-0.00746223483472558,-0.00368852477221279,0.00209533757744891,-0.00425769964295732,0.000992019130581237,-0.00103835717100397,0.0013331771737498,0.00074041954987327,-0.00498269998361104,0.00121009985059284,-0.000935053641813097,-0.00252611180712133,0.00430202096874902,0.00318183440307564,0.00199443459567197,0.00501230752633528,-0.00215093248818427,-0.00207278369756937,-0.00301895209601463,0.00084848869273528,0.00192925614070195,-0.000786130798653492,-0.00356202461946225,-0.00205430137076578,-0.002857913491097,-0.00387625435993774,0.00189904629106476,0.00079001493896149,-0.000364716242770333,-0.000822932209578752,-0.000740574857059981,2.70933217477743e-05,-0.00109286973755565,0.00114070810173107,0.000341400541997595,-0.00151454663259194,-0.000734470378042132,-9.78309654070013e-05,0.000275621669536342,-4.22795245035905e-05,-0.000486089924281566,1.7256833722766e-17,5.13666221966565e-17,-1.163988305794e-18
"octofasciata",0.260870089783153,-0.0204839613655089,0.0112861791050822,0.00483908599802231,0.0107581131135116,0.00887528814366388,0.0293764950011095,0.00924135674494876,-0.0118522050283679,-0.00163255535909185,-0.0171883297315788,0.0127896289875415,-0.0165544959182754,0.00259305748446392,-0.00217318585711892,-0.000757927886592605,-0.000460879228187985,0.00498699738331603,0.0036708059768775,0.000489595927453947,-0.00379418553249027,-0.00236919179520491,-0.000319704558300965,-0.00745263968585386,-0.00269964340602369,-0.0060878303977133,0.00116172205068443,0.000101860223073821,0.00249732489452355,0.00164559125580419,0.000532163297356856,0.00169224578246611,-0.000903051455580741,-0.00417132231187579,4.85612229462363e-05,0.000134595369385841,0.00232803357934362,0.00033118033380654,-0.00306667654830695,-7.79208569642773e-05,0.00033198443436942,0.000335361383813784,-0.00106861091499366,0.00222984868900499,0.000443951142703809,0.00160768819475629,-0.00111661363262218,0.000947064099473063,0.000430611446859748,0.000168651901548265,-0.000982774299283352,-0.000188884401966529,-0.0013263180842181,0.000700543640040622,-3.94959311339113e-05,-0.000350375870055075,-0.000430312437489225,-0.000110443956106239,0.000250001644340764,-0.000258772577192848,-0.00025942200781082,-6.52980050657377e-17,-7.73730250115763e-18,-3.01642508544359e-18
"multispinosus",0.113620003990526,-0.0543126872817771,-0.0471011620951839,0.152422975479118,0.13302577995405,0.0699191505456812,0.00224569097495779,-0.0772154695554573,0.0194728782265333,-0.0618551772138988,0.0309132063789652,-0.0567660839917697,-0.0518197148574455,0.0169853718217492,-0.0372911792135986,-0.0229626344591466,0.00434423813533749,-0.0290499428677122,0.0303482059737251,-0.00255737244498048,0.00186645348388108,0.00272421536433985,0.00213481473953644,0.00598309450287914,0.00367733529407493,0.00206248089536058,-0.00511549169075929,0.0119915632709731,0.00369428481521281,0.00129687004367066,0.00216013774035777,0.00312437862862269,-4.01728580564228e-05,7.04822926047153e-06,0.00121303927900657,-0.0019546644708556,-0.000585744977541012,-0.00378547709868651,0.00214310966026308,0.00101799525530171,-0.00223025673456927,-0.000362943459206021,-0.00329274760742179,-0.000938267357795235,0.0021348960956259,0.00157640491536777,-0.00237613254774616,-0.00176739602155064,0.000854044221720351,0.0016612946230746,0.00131577909421876,0.00153250996383479,0.00060045212382079,-0.000314000014731589,-3.2044377118185e-05,-0.000156644556122454,0.000397647950273112,0.000784488750498095,-0.000392173080818669,-0.000276181068664359,0.000322909686564786,1.94589511736831e-17,2.55418331690799e-17,-2.17459761427793e-18
"maculicauda",0.0519257018373672,-0.0117880461606988,0.0392064033055428,-0.010462890488063,-0.0115235315393767,0.0364111756612707,-0.0385749058294553,-0.0194393367483953,-0.00780860215180719,-0.000426610659738455,-0.0155925605649307,-0.00168203754012933,0.00217569915726488,-0.00163458618725511,-0.00457940318463201,0.00609900554398697,-0.0050606063521585,0.00013657779341193,-0.00116849335078947,0.00280749277884994,0.000321005162037433,-0.00103063875516408,-0.000381843326060436,-0.00419266223640163,-0.0022111954863061,-0.000102140967933653,0.000397205663414227,-0.000250800014787025,-0.000970575194623831,0.000114375209523323,-0.00270665555867165,0.00259928832474783,-0.00228405468303534,-0.000982722745900045,-0.00228724289169922,-0.000246961608918592,-0.000359491951989267,0.00137541938217358,0.00185092865378775,0.000185224805297671,-0.00186501715912936,-0.00119547219097915,0.000572821431288244,-0.000891410985166459,-8.45713950225775e-05,-2.51953448889819e-05,-0.000264863915838709,-0.0013922273441785,0.00068596153091134,-4.62600426519864e-05,6.51437878048498e-05,0.000796171086842651,-0.000752048963896936,0.000617792196830484,3.99381516553499e-05,-1.65129403150184e-05,-0.000523168172774612,0.000473049206458815,1.38115601536324e-05,-0.000286461127858368,0.000106202300152572,-2.76781235531128e-17,-3.46024760270443e-17,-3.66098539335568e-18
"bimaculatus",0.198064156728896,-0.0629513150818786,0.0569569436993292,0.0298202964698502,0.00209457918165823,9.69684174459581e-05,0.0370739085526172,-0.000359841256934128,0.0190005517544519,0.0269297724421341,0.00382332653956849,0.014860066946637,-0.0195589311683274,0.00204489963455275,-0.00127059278908401,-0.0106064566581028,-0.0102709032133164,-0.00668657205840192,-0.0130790997648513,-0.00378542723868666,0.0102998071039497,-0.00826479728145049,0.00386147876240075,0.0056894065968403,0.00580584655835329,-0.000808825058974884,-0.00965386880196822,-0.00307212755559577,-0.00365938372951802,0.00233743348856351,-0.00262150276449405,0.00125595118336327,-0.00405662624855859,0.00142680564194201,-0.000482064405057338,-0.00489179246987457,0.000185643195342535,0.000462862581589259,0.00774261506614121,0.00217513490657885,0.00119201511286795,0.00294666201822837,0.00451004806569944,-0.000200129576914716,0.000985022599273017,0.000157371736509765,0.00228856440579904,-0.000723322187746167,-0.00124775362869432,-0.000794676355295394,0.0012422851826571,-0.000773810384324218,-0.000645920685618847,-2.42014401913347e-06,0.00039066680087873,0.00047346211675667,-0.000579191056329502,-0.000572268874651644,0.000595179299460469,-0.000451895964209078,-0.000308724300270539,2.93146128854338e-17,3.44386550396818e-17,2.92028748901807e-18
"zillii",-0.120532478925576,-0.0559048748389813,-0.0328113448227048,0.00491825606923959,0.0308418062970906,-0.00323862801633626,-0.010350348380408,0.00721654364134322,-0.00616521148377242,-0.00183520598325875,0.00869399656370083,0.00323691164499979,0.00870788221709302,-0.00505827886834653,-0.0103820849195421,0.00366658838040908,0.000395251034240941,-0.00349453757207737,0.0040197523658534,0.00264166340738524,-0.0021230744622833,-0.00108246216449374,-0.000109911033912326,-0.00382596367809212,0.000476151513190275,-0.00385394028126012,0.0029179788711653,-0.000827355571923191,-0.000164342047733478,0.00101098343339807,-0.00215749204582526,0.000109456735336554,-0.000105793822232127,-0.00103484235985298,-0.000425749006779151,0.000694719384445058,0.00208409644494025,0.00139008619803756,-0.000687049837041259,-0.00051248840263595,1.48564567848199e-05,0.000698461648296631,0.000904494894977189,0.000342331960550099,-0.000671284353374076,-0.000159777799289307,-0.000665192869771451,0.000104998882453564,0.000726486573978029,-0.00024978435524311,-0.000167294354551256,-0.000379328275362076,-5.604498165004e-05,1.25281805391423e-05,0.000243638785501304,-0.000127911270051741,-0.000461259884528194,3.83407411538109e-05,-0.00037481532080161,0.00022309459339497,-0.00019107259858487,9.87267954188261e-17,-1.91994204283752e-17,9.46786703470541e-19
"mariae",-0.199742481619507,0.00305204303847804,0.002968718309574,0.0108798451896909,0.0160709718469327,-0.00148554894291139,0.0168629343353466,0.0110064960486681,0.0412604185005642,0.00624723426844005,-0.0145436112522664,0.0277482524628785,-0.00230126076744645,0.0205039970879012,0.00117622435584236,0.00521401836338709,-0.000232086399093884,-0.00175012449560222,0.00389430696471676,0.00888003113324713,-0.00454976274283324,-0.00213092649613266,-0.00318881859012004,0.00196678092811909,-0.00778913036514675,-0.00438087259729081,0.00359278158100943,0.00405455898896568,-0.000165147924347278,-0.00371340609620643,0.000273948785704576,-0.000967702569171739,-0.000868435881966053,-0.00189752115685558,0.00207480492942524,-0.00108268174292324,0.000986688536284173,-0.000465057371598933,0.0013156881366588,0.00348540946090681,-0.000834309521144651,-0.000193487518341796,-0.000844004655136711,-0.000101578991494611,-0.000100390528085641,0.00181649129296458,0.000129931202722294,0.00244172362646147,-0.000277926492761971,-0.000254618365305946,7.16532662949196e-05,-0.000333162964430334,-6.49625837419175e-05,-0.00010545886971447,-0.000365810205109303,3.798960908385e-05,0.000265732347004803,3.98584181782177e-05,-0.00012164370706614,-0.000532855520383758,0.000386825670856997,-2.19256695332095e-16,1.54495185329955e-17,-3.74001692503168e-18
"acus_acus",-0.0244815843784763,-0.104098272213852,-0.0129884507592409,0.0115306437838221,-0.0150403396808914,-0.0267511040596951,-0.0391863440232151,-0.00765192618050075,-0.0161718840068885,-0.00588646670003317,0.00987870263515645,0.00364338456676673,0.00251306887129872,0.00115149393551606,0.00678186233582288,-0.000105842840774424,-0.00505101860139421,-0.00110275966639741,-0.00314830231671069,-0.00276820311586723,-0.00760833303733024,0.00519543762668,0.00148854795142742,-0.00407933492800747,-0.00682781454392931,-0.000946440062881606,-0.00112708534942444,0.00628319870467869,0.000636816593235573,0.00181746455814907,-0.00201806334868264,-0.00193996443174516,0.0015141868555319,0.00297681381914469,-0.00055321061926396,-0.00028178067133502,-0.000581853896643553,0.000884995932164121,-0.000716478121468285,0.000419422065375923,-0.000245638699725597,0.00145591977166905,-0.00249834801762982,-0.000113394312904999,0.00159878855508117,0.000154282253834678,0.00101735422213042,-0.0016429204181825,-0.00150979413214526,-3.17320725202155e-05,-0.000618070833171281,-1.46332444535501e-05,0.000111235864848587,-0.000126818703470986,-0.000370818886495432,0.000161095150393499,0.000447686189066789,-0.000105243998613275,-0.000342764362596726,-0.000225191696844694,9.07549039727875e-05,3.26437885715822e-17,-3.51146899365821e-17,-1.18782465980681e-18
"notata_notata",-0.0246805627586774,-0.0846003165621729,-0.0717663167572353,0.00807416414065647,-0.0326790397374031,-0.0139815644235188,-0.0511985929976377,0.00621224008339652,-0.0208018681321758,-0.0138257048481379,0.0076517641268622,0.0061561944851583,0.00591109582210574,-0.00354782734303555,0.0100757582062002,-0.00447213722640236,-0.00699805297727402,-0.00153615683360275,0.0047476382354222,0.00292663794640244,-0.0048605851228781,0.00157046458018441,0.00317182582136032,-0.00284162968780316,-0.00457449339440883,-0.00298376896659136,-0.0054723151370145,0.00476090575036768,0.00499572110333266,-0.002236330765871,-0.000625856913377407,0.00386567571005394,0.00143203905542852,-0.000985551440447364,0.00285425408372733,0.00153396995457424,-0.00139321230668559,-0.000818138649916149,0.00163487555012559,-5.27655604325836e-06,0.00323449939251196,0.000409629932295016,-0.000636704192676968,-0.00120509131820583,5.37096139128889e-05,-0.000721016824974072,0.00100783983006359,-0.000282956194899594,-0.00060596361304724,-5.81367789096193e-05,-0.0001147080269324,0.00133339049872761,-8.7580566944817e-05,-0.00111364079001698,0.000340660736406914,0.0002142153196229,0.000982504078086692,-0.000234072900412427,-0.000206402961370416,-0.00027757635261977,-0.000178043072829857,-2.92874829397046e-17,1.71461996077992e-17,-2.75051157058314e-19
"balao",-0.0132807808003102,-0.0568205473349471,-0.0993776568303618,-0.00115844420430598,0.00808054208930446,0.0104506917036772,-0.000278846644453697,-0.00057495894566635,0.0111547665937866,0.0114786721187307,0.00023171397764938,-0.0133636221955536,0.0102954528443714,-0.00818207713622135,-0.00678949067802957,0.00819648808738881,-0.00219407203217991,-0.000916955556179012,0.00577188397178643,-0.000541444585066577,0.00643485525602707,0.00124159504537573,0.00100558372478756,-0.000335886680105514,0.00271967708091891,-0.00197761071525772,-0.0039691610741193,-0.0045871050629939,-0.00294415845706882,-0.000760846871972474,-0.000585424245396994,0.00206946338442006,0.000255290356618066,7.05515141117744e-05,9.59823154219123e-05,-0.00154832762027768,6.0787085264555e-05,-0.0002335783174692,-0.00112925186216061,0.000259194955527005,-0.000532012100949277,0.000698424886359121,-0.000862452000172745,0.00233835481707138,0.000175514789166671,0.000928659711335833,-4.97670521039502e-05,0.000770377711872824,7.6542732959979e-06,0.000737959108730757,-0.000656709466543281,-0.000177205425549727,-0.000289852074563043,-0.000116676930558523,0.000157679120574735,0.00028700943734416,-0.000272538580962463,-0.00031930066954734,1.23192936918375e-05,0.000279038873488904,-0.000311293158603841,4.01462789263059e-17,1.88677960226028e-18,-4.38624965818599e-19
"brasiliensis",-0.168918373044034,0.0746690112993913,-0.0443726727027875,-0.0318602628172445,-0.0631523212437484,0.0417321627077468,0.0243840163013995,0.0209854589274771,-0.0127228340637439,0.0120207187896112,0.00854281712334037,-0.0128687043901281,-0.00920401183989089,0.00464401234031929,0.00104429596649268,-0.00441265749087631,-0.0104825899257723,0.00112752303838611,0.00260113463731398,-0.00701325998350545,0.00280114305512472,-0.00246212159432054,-0.000261609542598143,0.00164128059518787,0.000816460540544347,0.0064843333750059,-0.00396619261765835,-0.00265851665748939,0.000289713658681765,0.0036171142665521,0.00648593695880932,-0.00257328543098523,0.0014830323406927,0.00381850707479065,-0.0042110048098424,-0.00118132949289166,0.00136502677612859,-0.00116063337054309,-0.000833586704053764,0.000437246078295679,0.00148784892449062,-0.00138691397822864,0.00139186708341017,0.000780454569780508,0.000886105355342261,-0.0012858857593986,0.000113486060976093,-0.000536095181274978,0.000175409573095658,0.000162906308789272,0.000342275246851913,0.000810951101782225,0.000135947159974143,1.48795357423343e-05,0.000379450197183582,-0.000349121797827961,-0.000128087675096424,9.14768332855248e-05,0.000284803373243694,-0.000217969708581655,-9.08314357895925e-05,-1.89318362134861e-17,3.9374352784782e-17,-1.47611137216201e-18
"comatus",-0.257272806503945,-0.0168798516525538,-0.000544834393956376,-0.0088424574926568,0.0205780031796786,-0.00281585763189126,0.00572563975809173,0.0068060301925159,0.00787517662275569,-0.00624261482347397,0.00655436908102221,-0.00162349350553677,-0.000521713075971625,-0.00381879525987516,-0.0114748105702668,0.00557502471036875,-0.000518149203552563,0.000537824788047952,0.00433869092342259,0.00211594942645667,0.000191269141432539,-0.000667680699753072,-0.00300541866943022,-0.00367822060038841,-0.00322999081951551,-0.00169436668271993,0.00584168324320842,0.00012362383476664,0.00189996998517471,0.000263692027686154,-0.00223295990584567,-0.000109600572920567,-0.000559918116927003,0.00380745071340247,-0.00189585619217146,0.00262470071625324,0.000805505671476115,0.00139320336990695,-0.000398780582710142,0.000994216928567744,-0.00317677038478477,0.00232923011374132,0.000925931114134249,0.000308034126577732,-0.00170632598190421,-0.000305539422585737,0.00125235776515302,-0.000407425213531462,-0.000290008166926291,-0.00120212171238198,0.00170377920610822,-0.000509672038750408,-0.000239865495461919,-0.000561499850100056,4.95631870634378e-05,0.000115499051754773,-0.000260413511327619,0.000178167420475461,-8.36007738838553e-05,0.000160731102857692,-4.76338281494737e-05,-2.3948601425866e-19,-4.30008559001601e-17,4.50653163960871e-18
"xenica",0.13967345816738,0.0526022487154323,0.00333098148494806,-0.0229177003133257,-0.0214535420744817,0.0111078026812546,0.0249517905017962,-0.0204423898878888,0.0131213533052582,0.00962991990547785,0.000788118023499043,-0.00503261009348611,-0.0116130106295354,-0.00333881824469429,0.00578894186923908,0.00125263053276378,-0.0020298131338445,0.00333442637142756,-0.00373894090706972,-0.00124913970309988,-0.00578965506220451,0.00316901086420389,-0.00398255809052972,-0.00817867376469275,0.000428900061692328,-0.00198771674758456,0.00432631783178796,0.00477635669578434,0.00126005597021584,0.00440868701578952,-0.00383312428174409,0.000478972363805948,8.91449725574511e-05,0.00354043690225694,0.0026579031754078,-0.00407420022345443,0.00178033499440268,-0.000325851834889867,-0.00184031265502781,-0.000392328607565526,-9.84179748222426e-06,0.000640564834088201,0.00109674428526019,-0.000426472004103927,-7.53512221720395e-05,-0.000703558965963801,0.00107404937197166,-0.00202849371406497,-9.48801648525786e-06,0.000473828957263599,-0.00106469090707122,-0.000880021076958499,0.000246000747325192,-4.32880601051324e-05,-0.000898200569975097,-4.46603694277089e-05,0.000545430794061314,0.000495207074151568,-0.00079661687048314,0.000245130977633939,-0.000342467949244459,-3.04998030971207e-18,5.60994060288219e-18,-3.77875515555183e-18
"floridae",0.221971814375184,0.0138681380932072,0.0259777448563445,0.173662924745081,0.146636948844965,0.0825102093315703,0.0302624049202743,0.0049035151229475,0.0233377074597611,-0.0459856616643013,-0.0247786187253374,-0.00290258199547167,0.024235277383805,-0.0382638436205754,0.0290716021549729,-0.00186613862432497,-0.0100139833288696,0.00059150064874034,-0.00700423281543597,0.00982086956925164,-0.00211793689954991,0.0234355265352924,-0.0153912460983023,-0.0100164000281614,-0.00994588877558738,0.00116749629224473,0.000962605654465695,-0.00448127382844736,-0.0136893198436876,0.00777274714659036,0.0137582473328098,-0.00543675114520485,-0.0075359074937835,-0.00160163449985386,0.00155040061095163,-0.000415687178314854,0.00179682104492046,-0.00427855063689148,-0.00174083397746796,-0.00251332039543845,-0.000899131995335222,0.00439936991075452,0.00361801796546894,-0.00193868237721687,0.0024327822875652,-0.000130194306307097,0.000632369144188888,0.00167063473524773,0.000122060418254011,-0.00017662480414923,-0.00083564684284954,0.00163692943015501,0.000639943914916285,-0.0020159600149818,0.000520623743523039,0.000804266583360251,-0.000722625753607811,0.000348370864107331,-7.10282897289459e-05,-0.000271960011342562,-0.000239865805051469,-5.48303932707499e-18,-3.86006209292402e-17,-3.76815148340003e-18
"gobio",0.230618743921302,0.0682847041585187,0.0336400305732312,0.143595978907586,-0.0163093273226266,-0.0134757815402599,0.0202260156327415,-0.0137859327885357,-0.0611510464793198,0.0179382516388848,-0.021863042777848,-0.00863258262551485,-0.0113031150353599,-0.0370214768682158,-0.0142181437428734,0.0134331781897629,0.00777857414490322,-0.0203318108005178,-0.00682153462652332,0.000821577827310274,0.000280050399156066,-0.0156248202056591,0.00195872981603895,0.00845192541163881,-0.0168057091332205,-0.00465616424905282,-0.00689725280170616,-0.000433443393068269,0.00150718741790587,-0.00558873412358919,0.00846158044570115,-0.00521514539165418,0.00873072706099618,0.00241932333867622,0.00571889146450207,-0.00194092161512635,-0.00774434105293458,0.00492115321741924,-0.00055863429443948,-0.00305440306829785,-0.00354261658052646,0.0020510228482625,0.00641370420342153,0.00141480340028489,-0.000430637963028703,-0.00186251883530984,0.00344305027891802,0.000366165911356008,-0.00225907876582203,0.000168342200471896,-0.00244896069689589,0.00215076476726178,-0.00112660808157424,0.00022385496837435,-0.000701057683655534,0.000508900742885471,0.000684331744580713,-0.000646716509247218,-0.000723810394265679,-4.20690556467308e-05,0.000430930405197361,1.02205149932832e-16,1.47970079309989e-18,1.58768653059589e-18
"gobio",0.224863702632551,0.025697285742101,0.0915348700530317,0.0653869555853044,-0.0153561535107163,-0.0412136387112535,-0.0328811332881957,0.0431168973178416,0.00264590007969805,0.0173766644404048,-0.00571099652685841,-7.06186005911552e-05,-0.0169510544631105,0.00257149821641414,-0.00341009892748808,0.0309722866417822,-0.0190950411864755,-0.00318412247144903,0.00535246977502253,-0.0349791018155139,0.0148953768765976,0.00901763185565695,0.000714324164295255,0.00551902096793872,-0.00248685206387215,0.0090684095344807,-0.00277133981014445,0.0118059478461163,-0.000414967927362809,0.0103493316959097,-0.00199667143234821,-0.00341353227333082,-0.00464904390673738,0.00269903073016642,0.00310144881823214,-0.00426047205678064,0.00427615386423246,0.00673828052214252,0.00129289041745566,-0.00117924936454917,0.00233329357889375,0.00258775463898691,-0.00178423864105569,0.00257857727591718,-0.0014988438283421,0.00139143701806468,-0.00218196585967214,9.41353841613944e-05,-0.00119179916762061,0.00118161624431194,-0.000771541783234857,0.000111058078495445,0.000705917384819972,-0.000969918335885563,0.00212068652644275,-0.000328694068826957,-0.000435609139434147,0.000238197171755301,0.0002651330446845,0.000358636609109961,0.000253649368167154,-6.42786829475055e-17,-8.84624745449345e-17,-7.70846496512294e-18
"gobio",0.223364894355411,0.0528823928315817,-0.0296399827679716,0.247155313503905,-0.0358040187358462,-0.0324698996385165,0.0213435783131647,-0.00792501644930095,0.0382249220270384,-0.0190964648427916,0.0245402057240516,-0.0106344447836804,-0.00468961740727688,-0.00523217367699661,-0.00655312415779101,0.0029381054327423,0.0227491056685626,-0.00408206207337494,-0.00342796824630387,-0.0246668356655335,-0.00498202266234648,-0.0148570886277543,-7.67880539073937e-05,-0.024463640738745,-0.00725176815848483,-0.00372050119844684,-0.00402202215171906,-0.0222496463067193,0.00381744019824037,-0.0062428157816349,-0.00248432516189647,-0.00568945726063943,-0.00836599061889516,0.00291232628016485,-3.44256055701451e-05,0.00501359869146794,0.00600993206833143,0.00189258144977397,0.00238630195964369,0.00257433697725905,0.00711640593446345,-0.00397508509722895,-0.00187029514684837,-0.000939051911080631,-0.00276964766446927,0.000770817158289585,0.00154574397189144,-0.000596846596195663,-0.000500171873212799,0.00157014615031301,0.000567343478822566,3.12805028568386e-05,0.00119590263412611,0.000491080754188068,-0.000521042238419123,9.66547968666276e-05,0.000217222699713191,-0.000285139321337445,0.00055852607275339,-0.00024932972453187,0.000496327105330667,8.66166824147412e-17,-4.85458603456066e-17,-5.57211732123489e-20
"ornata",-0.11761502015899,-0.0138572477184118,0.0944730069160039,-0.0249474305787114,-0.00780213635258689,0.0080799691358863,-0.00406627934935198,-0.0201422684726401,-0.0146640457580568,0.00130638242498889,-0.00645818527111624,-0.00861551891890792,0.00320443655514161,-0.00109826094236274,0.00450301599846545,0.000687122579177839,-0.00282823224943541,0.000285684905859069,-0.00183815436595487,-0.00198947153888341,-9.65214582376089e-05,0.00196442306966353,-0.000583740542998184,0.00139502042279976,-0.00321020064739313,-0.00221454203551046,0.00426897818195649,-0.00101358860919055,-0.000237968551502981,-0.00206326240972888,0.000865103716798718,-0.00031308181921598,-0.00185674532101088,-0.000788611101394109,-1.40353641378311e-05,-9.5079194206504e-05,0.000604689847407662,0.00022165709025878,0.000263660508555884,0.000136173874809449,-0.000606257300655593,0.000290388035430322,-0.000794524213870971,7.65960746921612e-05,-0.000162846794612106,-0.000137841970707495,-0.00025279209607655,-0.000920664107838024,0.000489453835181328,0.000209114548843919,0.000289477927036323,-8.23623598340565e-05,-0.000268223630927943,0.000622487200641442,-0.000256402820499224,-0.000545480716691226,3.20899980431752e-05,0.000249993637312635,7.47997804766112e-05,-0.000174278014409815,0.000268343505675471,1.26853433034024e-16,-4.66814400234326e-17,4.65852868265726e-18
"ornata",-0.115482732384717,-0.0288811768821179,0.0632610417123624,-0.0135972657184288,0.00863738481388203,-0.0144431881281788,-0.00451350873365906,-0.015501709391637,-0.00473442737086403,0.00289833349231186,0.000718707423220673,0.000878370865145758,0.00148643675843734,-0.00475774428291502,0.00433913712386484,-0.000875949281830655,0.000438457739735728,-0.000539424419499519,-0.00337641729506536,0.000805189353357568,0.00244470638062251,0.000823423840948501,0.0020383538956057,0.00369398356398623,-0.000202334033745272,-0.000894726527906735,0.000734704330325547,0.0015445504614712,0.000321975058764741,-0.000524772543708613,0.00295882457540527,-0.00125688173358701,-0.00166524815129871,-5.32286582580196e-05,4.65029069003714e-05,4.01136195949541e-05,0.00140231592836282,-0.00158152313475586,0.00118500839190244,-4.01904860000784e-05,0.000652928798885842,-0.000820329159591781,-0.000335368777259366,0.00067433004777611,-0.000310683018092523,0.000350741111123349,-0.000344510107140825,0.000615538040082018,0.00106852204356722,0.000298506686690993,0.000224528790575056,-0.000143515143769261,-0.000315577690473437,0.000581500264391999,-1.60252862838257e-05,1.63794449004056e-06,-6.87936768318149e-05,-0.000167592039221422,0.000227681975345067,9.1729626111724e-05,0.00034215248528313,1.2613842891681e-16,1.02766287592758e-17,4.93122584930992e-18
"ornata",-0.124477848935202,-0.0458712047401593,0.053607583200535,-0.0141169051883854,0.0113825263372612,-0.00575769145385679,0.00648637896704262,-1.8710751077911e-05,-0.00410816002408153,0.0023858551668532,0.00553629271134289,0.0102325924148474,0.00969566707638688,-0.000671822802029182,-0.00105034843349446,0.00169422635077871,0.00189471973172459,-0.00454937111670604,-0.00206655459196018,0.00240065826534688,0.00129716027582885,-0.00207280087387165,0.00142735303483087,0.00377280781904312,2.09071141877587e-05,-0.000643397088085913,8.01029762515703e-05,0.000866459182808357,-0.00155219233542304,-0.00101078461919893,0.00148533798448106,-0.00123812786383005,0.000156355247473712,-0.00193581780091625,0.000965266059598031,-0.000787650598442047,-0.000500399644755172,-0.00156246984898537,0.00142114723434661,-0.000398512727765561,0.000764319648091236,-0.00123138124078012,-0.00199574673020503,0.000287776529577793,0.000237275795448995,0.000426476890148189,-0.00011417859174071,0.00106954341576701,-0.000815106441910446,0.00113677770918886,-0.000470995805121521,0.000485935959872579,0.000944701382568773,-3.71632228847457e-05,-0.000362732867867576,-0.000774147651236979,-0.000457154614809105,8.70700518497612e-05,0.000153582544154808,-0.000127380084133793,0.000206621981638393,8.51892297058327e-18,-2.8582160177512e-17,2.83053658952917e-18
"dolomieu",0.116401229478784,-0.0248744609971007,0.0467725867293961,0.00299272841347044,-0.023930254447199,0.031149287962766,-0.0139162205883992,0.0110638067960138,-0.0136091741148427,-0.000818489572496379,-0.0020707038891408,0.0118382654403567,-0.00543306231823461,0.00361308019928961,-0.00254178906004007,-0.00597406739697963,0.00531462901800777,-0.0023749514063121,-0.010843733054747,0.00193882263877023,0.000832353996121972,0.00122654658792689,0.0014675692286835,0.000830379436176714,0.00512482055834884,0.00246380464577485,-0.000644260353266004,-0.000133563927524843,-0.00357006799741759,0.00101541917796021,-0.000593969857427262,-0.000947430094865348,-0.000354659013149834,-0.00132591005266289,-0.00114506517064184,9.57942209585732e-05,-0.00146691998723424,-0.000173481740833044,-0.00106598958780196,-0.000201702389323082,0.000546819718947059,0.000122058849662177,-0.000601458405183646,-0.000950624171546717,-0.00030211346040466,0.00065042621438237,-0.000797777949217717,-0.0003798446737567,-0.000293633812783346,0.000486328004807997,-0.000262636110847217,7.69532303379294e-06,0.000473060232820921,1.63450818196493e-05,-0.000263904627470028,-0.000432987326465505,-0.000209044245441911,0.000317870292958796,0.000369748548569667,2.99935029157374e-05,0.000327843092794516,-5.1636154130455e-17,-1.30973490902022e-17,-2.06756590119306e-18
"dolomieu",0.1789336976885,-0.0338871050392351,-0.0666586331062558,-0.00667182049036237,-0.00578527191159141,0.00255479161004157,0.0202313980369949,-0.023436425652719,0.00713074206862863,0.0177576769849853,-0.00439966838723553,-0.00274877981158201,0.00780988965649896,0.000133605088673305,0.00439576621522903,-0.0010692507352585,-0.00381707843102202,0.00158271424702226,0.00217564208491405,-0.000738572573048892,0.0065103053076957,-0.00327832302844859,-0.00340996836978757,0.000650705731770456,-0.000619278917093164,0.000113539388090446,0.000441487693458772,0.00187456990063471,-0.000462701026639363,0.000340032845958997,0.00189415107620024,-2.26666287215158e-05,0.000566861267571216,0.0019352431623721,0.00103934709800846,-0.000160439400604639,0.00160571488469986,0.000989243938245459,0.000125741832656903,0.000469243674322298,-0.00063504971562345,-0.00169072779639066,-0.00100927206873007,0.000371692408564955,0.000876925909281829,0.000355379724568969,0.00127101526997759,-0.000297152156516069,7.15342889888018e-05,-0.000370993509503869,0.00030051135517962,-0.000181520547729292,-0.000225667549233228,-0.00041765959699791,-7.13699880071458e-05,-6.54952126940738e-05,0.000215496910156015,0.000377256927370185,-0.000398685568673066,-0.000171659414489448,-0.000180175630226078,-1.24756750725907e-17,-2.38129514615757e-17,-4.71344896820969e-18
"dolomieu",0.220781043686813,0.0163530126157118,-0.0962686525826315,-0.0258365438604943,0.0104332472668355,-0.0391363602892196,0.0371196818202983,-0.0159243390608447,-0.00146730301106982,0.00392714447600425,0.00156202745545265,0.0123472757783054,0.00669141602763135,-0.00746151229796423,0.00277259308846826,0.00168267747742714,-0.00160504648753882,0.00057983340413977,0.00561511518612186,-0.00173770361722187,0.0058825765631701,-0.00547901089116075,-0.00478097741715099,0.0024828546722573,-0.00579468796896951,-0.00330731613330669,0.00150801377111241,0.00513068343085472,0.0023392708939751,0.00319245102402305,-0.000906960512787751,-0.000866445553765619,0.00187070731065421,-0.00769324532175927,-0.00184996685042607,0.000248170662142454,-0.00141314337813598,-0.000651449499519215,0.00111863794372822,7.19391208098649e-05,0.000799492885119468,0.000233215264335193,-0.00153332252758254,-0.00151803204695394,-0.00144242310558028,0.0001045180153452,0.0002593955405862,0.000866933935841643,-0.00159748639944151,-0.000231827519978512,0.000644436357646647,0.00106744740668021,0.000391271955446736,-0.000144497598612688,0.000508631402650518,-8.05101256985477e-05,0.00096202583990002,0.000749457752935681,0.00136874306319848,-0.000161842324299516,-0.000122697966046819,-1.43611469032606e-16,-6.9512934708329e-17,2.3811286079304e-18
"macrochirus",0.0650627352216566,0.00751079568497641,-0.0835126299278928,-0.00813320675910945,0.0148524707222064,-0.00992367197203853,0.00803936371200154,-0.0204204206240035,0.00294863872656445,0.0102532970851731,0.0128795918330886,0.00482280493461844,0.0172595474603662,-0.00426691287887531,-0.00399586193236161,-0.00871177302885023,-0.000920269764654107,-0.00644640656863967,0.00115285406136349,-0.00139269628648012,0.0137714954831953,-0.00301335673508932,0.000315785336645381,0.00266198481904643,-0.00261221904110023,4.43720940609519e-05,0.00373366522680966,-0.000268602249367971,-0.003798777185093,0.00238227524369641,-0.00318157828091073,0.000605577269817274,0.00207975832772434,-0.000537716415042556,-0.000661574333256563,0.00100288321040413,0.000226947983686384,5.96892273387409e-05,0.000272966886798181,-0.000237813126014804,0.000724981875979835,0.000788828147056376,0.000279691346258025,-0.00114891828154153,-0.000820499157452638,0.000172849828185651,0.000504634761863652,0.000493516457052956,-0.000658283300170138,-9.8746496119238e-05,-0.000280788964619427,0.000160084865079613,0.000713366503945828,-0.000642090602005409,1.01689050574745e-05,-0.000394854719649328,0.000479326148220893,0.000329182947749938,-3.124718593983e-05,2.7597275566351e-05,0.000191334519491901,-8.7608965430961e-17,7.11088758622763e-17,4.3623418249954e-18
"macrochirus",0.0561793256471433,0.0108988477620789,-0.0491559975601183,-0.0208962604644967,0.014699642351334,-0.00379692797151298,0.0591664470852611,0.00978437289192023,0.00459022351224432,0.00996508134080799,0.0185938805040406,0.00565184469046112,0.00598158905568502,0.0015474605573261,-0.00283130279440307,0.000998128685608335,0.00543753341802278,0.00608488390364772,-0.00139447962752095,0.00212314693650103,0.00723195740683832,-0.00424260838233158,-0.00135901351969829,-0.00344542242729962,-0.00181187742251733,0.00407578605022294,-0.00145373938840315,0.0032970337465093,-0.000831755951409573,-0.00173528155485307,-0.00154450386486792,0.000328256072366206,0.00356061232582061,-0.000450850390590609,0.00185094155527827,0.0008279463724544,0.000712982566418363,-0.0013622243453312,0.000338110051390775,-0.000337557425748829,0.000682981867279174,-0.000972098066639077,0.000777102450733494,-0.0005565854775355,0.0037536270954376,0.000440717500912348,-0.00011130050732985,-0.000445370357406657,-0.00119715600441801,8.96243660461335e-05,0.00104346731105031,-1.8860760307529e-05,0.000128673055500184,-0.000489481930205605,-0.000216579421326561,-0.000197469359925663,0.000375698950109461,0.000283452611182886,-0.000229953545103503,6.65091901958939e-05,-0.000247010978225249,-7.95607553438849e-17,-6.73632820506614e-17,-1.31395102115495e-18
"macrochirus",-0.00558847223335947,-0.00394424600788002,-0.0639045501599787,0.00100628483729219,0.0285318330971043,-0.00500262925609026,0.0106243589805195,-0.0236661683653588,-0.0164236488931839,0.0163449675640566,0.0108643847205723,-0.00335917062692294,0.007996090846287,0.00122473925148999,0.000457675671619165,-0.00503703644210479,0.00132259822243564,-0.0045755761395205,-0.00234195309254392,0.00296730885475213,0.00477544880141473,0.00465487166906149,-0.000205653646306717,-0.00158279356659909,0.00188662909074799,-5.76442596654862e-05,-0.000160882882182013,-0.000756728760160639,-0.000469805852912183,0.000605708091417688,-1.57005616144069e-05,0.00250379677092358,-4.47738655823244e-05,0.00365567497999408,0.00249170912462458,-0.000610942232288908,0.00096596729190557,-0.000193927239069611,-0.0018215191463895,-0.000672231101799857,0.00114655000850095,-0.000685100500137796,0.000753883654891756,0.000773380462470649,-0.00176258458083334,-2.46435141200222e-05,5.33109661265974e-05,0.00024358902797463,0.000486053217860992,0.000685070369810374,-0.000432764818305949,-0.000395564971988637,6.49236307562669e-06,-0.000171750916990169,5.11942388008256e-05,-0.00032982249501274,-0.000226151254114323,-0.000149142916380664,-0.000354427622366604,6.73967268627967e-05,9.95414158624622e-05,-1.81923441451717e-16,2.74936055770585e-17,2.6725005856526e-18
"clarkii",0.347824908715103,-0.0132291241901875,-0.0469381697738187,-0.00120367707878657,0.0318551869951007,-0.0354530371402962,-0.0734338128601737,0.0209267953651591,0.00392432610462188,0.0186606048797009,-0.00900719261342255,-0.0279126764751541,0.00940230157130948,0.0132309756741163,-0.00109979675596326,-0.00267597765562881,-0.00506118642530787,-0.0101328427655138,-0.00332603090398083,-0.00266575733643276,-0.000132524776838995,0.00630826909988921,-0.00176918538471316,0.00159604538633146,0.00495822103826572,0.00456977940454086,0.00243346247930129,0.00320570172771004,-0.00377004204482111,0.00142601486567814,-0.00372102026599042,-0.00384737838396629,-0.00184070497433313,0.000875490088670609,0.00375815947592218,0.00215128775668392,-0.00251468955487007,-0.00308116491308303,0.000211483688078756,-0.00137484462331384,0.00218301028123106,-0.000345274009856776,0.00253690126733461,1.35806494900816e-06,-0.00256568747631486,-3.65049909558295e-05,-0.0008935573684963,0.00031564568616949,-0.000252956221422706,-0.000726260115666824,0.00135061956733093,0.00225428989220627,0.000652081485430755,0.00232445137147845,-0.000778076487382736,0.00100013649619561,0.000355371012019306,-0.00119203623984627,0.000926171564200977,-0.000289882280247457,-0.00105790394840618,-1.18582622014412e-16,-5.08229090618839e-17,-5.1155890422076e-18
"clarkii",0.285806203795961,0.0516395721653542,0.000312376557486169,-0.0269912137613327,0.0311025545440317,0.0361560496400877,-0.0505645533952356,-0.0364757813008641,0.0207598682374516,0.0239494889093144,0.0230883861271224,0.0325935806332207,-0.00165433440424395,-0.0130652038006114,-0.0126150135354452,-0.00921786333951492,0.00760727597972158,0.010352746020962,0.000394897561974246,-0.00250429690007384,-0.0065108843168637,0.013036270740872,0.00398678606702795,-0.00261242195601027,0.00580838413467995,0.00308004202237281,0.000749382302216715,-0.000464119078017284,0.00449057971090659,0.000641101466404423,0.00653230564366213,-0.000660961780299685,0.00778561527083761,0.000868376966468643,0.00456730813106455,6.74991434521119e-05,0.00243457234013116,0.00360163389786891,-0.000958927323539998,0.000422193916537675,-0.000514075131643753,-0.000305166321217206,0.00102410162640083,0.00215603784705489,-0.000879756883211503,0.0019657902163752,0.000332089308095958,-0.00098889103059924,0.000583840049431816,-0.000397919850592174,0.000656284875870387,0.00104438745707195,0.00103388664645092,0.000118362469302466,-0.00128379876912646,-0.000574572569567198,-6.13460815373314e-05,0.00154375049991884,0.00180507403536784,0.000274102622742601,-0.000571011159126599,-8.22615243539293e-17,-2.63783130135462e-17,-3.23944278042993e-18
"clarkii",0.299355145425007,-0.0700258002797305,0.00124171204973003,-0.0198216073999401,0.0307009030929271,-0.0686522062262444,-0.0201744599788046,0.0159329770037182,-0.0184096663534932,-0.0140501712556695,-0.0385318231491323,-0.00304835805840515,-0.00585871788373111,0.00911360273037357,-0.00856152538554606,0.0175511045879894,-0.0097396250188915,0.00194573237707319,0.00557126560124545,0.000543986137305465,0.00821608479969149,0.00206395672828101,0.00179753088149229,0.00129826291287095,0.00348205541393826,-0.0074799483706602,0.00561873536092194,-0.00471922157795619,-0.00336131495157363,0.000651923229983505,0.00495304213027131,-0.00346414265364921,0.00371685626537055,0.00354802865806855,0.00159884044789689,0.00551580501829984,0.00541796634418134,0.00468116069791011,0.0011911956011517,0.00211415678345699,-0.00146708805219211,-0.00401419174384796,-0.00253614089170779,-0.00221277584243222,0.00240426250533897,0.000329099811947631,-0.000292940172267962,-0.00139121680101792,-0.00271120121406415,-0.000252009423938288,4.55928952438883e-05,0.0010646502545205,-0.000220251297051566,9.94313166252176e-05,0.00221414438080906,0.000399153399527334,0.000681679868632906,0.000584661963436623,-0.000660947326818437,0.000257759963633241,-0.000445106802032708,4.72707601604509e-17,1.1370838517129e-17,-6.74619805140426e-18
"affinis",-0.261884119537816,-0.0190623693768429,0.083992460776423,-0.0281057625240745,-0.00341831590751154,-0.025657323394015,0.0116917942063719,-0.0270763765352359,-0.0091460687073642,-0.0103147960877324,0.00897919828168335,-0.0114971952772793,0.000148414435599973,-0.00404487074492751,0.0165787219377152,-0.00231752365843576,0.00193724714633343,-0.000733779869150869,-0.00490828584903584,0.0018810376844096,0.0011042723988364,0.004628233534279,0.00272375153468772,0.00071057617226432,0.00196034439989042,0.000470784511123698,-0.000419571355070683,0.000667076634613577,0.00162266887412468,-0.00152527182328324,0.00172944283190662,0.00167409069030896,-0.000700200003920069,0.000733378973095779,0.00124480005415071,-0.0012331342252964,-0.000865643680974255,-0.0010760128451602,-0.000920356604078585,-0.000596122178061121,0.00121999354350226,-0.00119302078079862,0.000616691928415618,0.00029988614856226,-0.000942647998871904,-0.00102774974395918,0.00070279860547684,-0.00147083560461501,-0.000328814909740011,0.000208463734748246,0.000254159597046292,-5.79537762177046e-05,-0.00103758486508824,0.000425804339328609,0.000545248354537635,0.000725048754231248,-0.000161604834143143,0.000213954293494563,0.000483713393098875,-8.26691533315662e-05,0.000278000074804029,3.48924361108364e-17,1.494386031222e-17,1.65076959224875e-17
"affinis",-0.316925528732615,-0.0188910755237657,0.046829792179873,-0.0230895914197526,0.0182902912040266,-0.0199849160444182,0.0171763096006388,-0.00152616083996473,-0.00758181621237613,-0.0174184285451967,0.0218357414215884,-0.00617064256714845,0.001362315877454,-0.00548999520189024,0.00141118775356212,-0.00734682573084887,0.000733243104143098,-0.00304126200442645,0.00431946982332599,-0.0014791119601855,0.00261032969922804,-0.000714998945700866,0.00128442665169232,0.00286317235758778,0.00346849090590748,-0.00161763142980473,-0.00199705929429346,-0.00167436462023188,0.00256480438426382,0.00121907802269388,0.0017817274119704,0.00053153146001293,0.000247085502297559,0.00139911733607141,-0.000244040797414788,-0.000839995181937711,0.000567536808143591,-0.0021870625467907,0.000749825034920655,-0.00191320681326245,0.000619240509016905,-0.00181429724799179,0.00206199687382917,0.000520907546927218,-0.000500823467259838,-0.000864613238058778,0.000693648157248075,0.000298456082445962,-6.21789114029744e-05,0.000296426127197694,-0.00076431437909219,0.000705966581951051,-1.76184168940049e-05,0.000214661167645233,0.000297071445228845,0.00011945986211778,0.000192523591098726,-0.000767570446349227,0.000591860934172999,0.000628663121443673,-0.000150503979373663,5.20261991647137e-17,1.28699188611569e-17,1.6078149568203e-17
"affinis",-0.340279967581979,0.00326139106177056,0.0806023336245277,-0.0246526791362352,-0.000444045245627087,-0.0304457879496639,0.00538467722741224,-0.0116895958405533,0.00191324656075784,-0.0161596620807679,0.00704365535616383,-0.00524896670163242,0.0035868493544279,-0.0104462850184703,0.00958460955998134,-0.00566076106521094,-0.00209667987735061,0.000498279513594222,0.0033267535380681,-0.00519297832768259,0.00648689423678383,-0.000758584431723548,0.000171989574656793,0.00295923784388607,-0.000469764733468562,-0.0027303836853356,0.00106376071967611,-0.00306757260513945,0.00339580899933372,0.0013486803793456,0.0003897430772089,0.00294076259760816,-0.000167229844805781,0.000981696453537005,-0.00121613077910309,0.000767718914271868,0.000378609308653286,-0.0018571383067342,0.000534117973167682,-0.00254550677739391,-0.000335872988619484,-0.00167120847629969,0.00148348746356616,0.000892258239062207,-0.00108088479444567,-0.000937611526649914,-0.000286651935353526,-0.000125492776307449,0.000454587802640729,0.000351986548926751,-0.000637109296084957,0.00083461989587992,2.37404203250549e-05,0.000232387249626157,-6.34927363159602e-05,9.68605269853331e-05,0.000312308598805374,5.27345634048932e-05,0.000243390896292817,0.000298538388191117,0.00013297092079656,-6.84101172532416e-17,1.18792064889248e-17,1.89788669457474e-17
"sarda",0.00529675070262453,-0.0875212319479866,-0.0864950802589872,0.0319026070635786,-0.00727902309355437,-0.0232009339760907,-0.0384107056999013,-0.00221679142545414,-0.012675975625277,0.000686230398158488,0.00742763659148112,0.0127422410878656,0.00363493297627755,0.000257990353508105,0.0106097996918858,-0.00247051742408514,-0.000325740036996943,-0.0082083336518803,-0.000811474813860921,0.00438814512982364,-0.00708980335938316,0.0052422977774299,-0.00184395876035068,-0.00501944344438853,0.00262497038837806,0.00213819692288321,-0.00272389740810288,0.00491098477612065,-0.000635218847963031,0.00104815801006865,-0.00162830910046626,0.00501450346202273,0.00224998657342595,-0.0014957016586479,0.00140718977679663,0.000350450871652333,-0.000895992892532155,0.000487874077048071,-0.00119982162508938,0.000186924255327274,0.00300954741307681,0.0005417403871426,-0.00041503921522755,-0.000812972424566202,-0.000493386316039131,-6.60458392994605e-05,0.000722920846597518,-0.00030675823061087,2.21212422505374e-05,0.000615854329729556,-0.00123298133226681,-7.5622053761627e-05,-9.5920676007749e-05,-0.00025923923525853,-0.000246749244089582,0.000726246226915753,-9.72079196294969e-05,-0.000225227064319257,-0.00047068323005818,-0.000245955473615514,-0.000107882548413435,2.51967453693383e-16,-7.46032694737219e-17,-5.2649972205846e-18
"sarda",-0.0992867435969522,-0.0734363502867954,-0.0145608182204815,0.0249652800176195,0.0357911753539104,-0.036368466444807,0.00243643954665596,-0.0123839692843499,0.00705736438092039,0.0113168581980581,-0.00414914973338843,-0.00580030945964374,-0.0119583704702131,-0.00937657945629131,0.00267226618898226,-0.000700086937568954,0.000280237835449548,0.00201738570571505,-0.00618239861968399,-0.00110413656288164,0.00180814692381685,0.00235078041719126,0.000136487410296298,-0.00056180553149471,-0.000930983243664587,0.000636806958682334,0.00193044215787663,0.00190644582163521,-0.00212709172823464,0.00246092582484312,0.000485047959553358,-0.00161826278645342,8.94125807051291e-05,0.00028009720785731,0.000808515129475094,-0.00196427834855785,0.000984557575022947,-0.00156496194313988,-0.00074587502576032,0.000214665712296113,-0.00039040011872981,-0.00262446676371253,-0.00177484056459859,0.000980701801539252,0.00011888066739015,0.000302942316336242,0.000561034338450353,-0.000650463103805769,0.00145292839866072,-0.00189337813307095,-0.000154524439188411,-0.000922158283302751,-0.00111050199194655,0.00045804239378137,0.000533297520318983,0.000528958022236423,9.53167957407327e-05,-9.95967997732037e-05,-0.000162800176282876,0.000209582915152735,-0.000515091045997219,2.40572834554876e-16,-2.56653867499695e-17,8.10598746519721e-19
"sarda",-0.045827528907139,-0.0718134618278231,0.0744096192223685,-0.0067009591128283,0.00704241171417627,-0.0106208330252487,0.0208402244427287,0.0113444990313363,-0.00491227245037809,5.39317513092073e-05,0.0107013965873632,-0.00124461408204254,0.00392759465000322,-0.00135824867825472,0.000585705244865491,0.00272039863572242,0.00375419533771134,0.00431986711439329,-0.00270600946395827,-0.00245557230318406,-0.00225713055007663,-0.00117059165128537,-1.76383514760641e-05,0.00159539072774602,0.00238771509801074,-0.00409294438662234,0.000618667417819023,0.00115076504572648,-0.000557561853487405,-0.00273232032063847,0.00111035599935994,-0.00247448314708653,-0.000433092229830575,0.000315218679916334,0.00313450450265059,0.0012114071190608,0.000973412551311628,-0.0004915126203606,-0.000463722479206358,-3.9458107004221e-05,0.000215609395935892,0.000959620685305947,-0.000330731281632331,6.35527204164238e-05,0.00131758807616171,-0.000339193561768493,-0.000892367742329645,-0.000442962234634171,0.000319106394878945,-0.000375632745928421,0.000323392708728807,-0.000918207753109586,-0.000579032336864115,0.000397997148034985,-0.000141347956117518,0.000305811106543809,-0.000353321920537363,0.000454685609084956,-1.43134867501206e-05,3.31094463152238e-05,0.000213465098737818,4.00968277178927e-17,-2.82040767664323e-17,5.71775876194192e-18
"atlanticus",-0.132183307991357,-0.0226471596210513,0.00263400788272341,-0.00767481987792726,0.0114128894698882,0.00549505286926781,-0.0160189787245579,0.00218203351006694,-0.0152756525573113,-0.00250352750002,-0.00695085078358328,0.00133295906243823,-0.000852064866213124,-0.00739040537795955,0.00287489684647084,-0.00564562129738227,0.000296600235806255,-0.000691341264759209,0.00061966288807609,0.00145322705738094,-0.00522368489350394,-0.00368367024862973,-0.00278930293401196,0.00547560904219482,0.00507972054682256,-0.000116991419457232,-0.00452244540452771,0.00338859218517679,0.00070092677817964,0.00133398451235143,0.00245565105147375,-0.00192297382046246,0.000379059167783947,-0.000951989405386175,0.000980962628649427,0.000689261948777463,0.000727400071556096,0.000486460509190893,0.000582316838235639,0.000898256487978056,0.00185432132420561,-0.000525112215651096,-0.00152648116744721,0.000663444392224855,-0.000996567931058235,0.000605470234788662,0.00125409124829374,0.00120189473870442,-0.000817389916780299,-6.40248045653369e-06,-0.000265117743420973,-0.000731663872805341,0.000101926055919417,0.000177887642969446,-0.000291635280593903,0.000531644367486374,-0.000563736852003371,-2.52021876593112e-05,-7.93141548925325e-05,-0.000153342535739825,0.00013473734371725,-1.73851660883347e-16,7.65554641326439e-17,6.91950588065632e-19
"atlanticus",-0.0606323125510584,-0.0469405207706916,-0.0102649638780445,0.0066930576838282,0.0317283663485637,-0.0136047117281811,-0.00570145595923063,-0.00322584732058972,-0.00466095640978932,0.00998658288146978,0.00109622018420617,-0.00509176938892872,-0.00015540644039121,-0.00355386933831274,0.0044311300399589,0.000803115756241394,-0.000644742810875213,-0.000374180152671609,0.0012530323771801,-0.000607679128194701,-0.00451977128941644,0.00135028526395319,0.00122908274964261,0.0052824473570553,0.00201167451679565,-0.00358273801785965,-0.0016299449744811,0.00246543484955459,0.000646094462610061,-4.66331824705804e-05,0.0017341584692011,-0.00332699113282479,-0.000959112152278152,-0.0023640696415275,0.00234799878169821,-0.000677927928316713,0.00028655488573427,-3.76070912219054e-05,-0.000647182268351413,-0.000344111543266922,0.00123425841352724,-0.001966150784363,-0.000999807578819161,-0.000299789461595972,0.000372339803414508,-7.14769419973112e-05,0.00125732167163533,-0.000222780868947813,-0.000262032104098477,-1.743961685596e-05,-0.000147292885151512,-0.000333877654868358,-0.00066126621079743,0.000501470799300576,0.00040958714146679,0.000384724211113149,-0.000455175104627805,4.91499628771704e-05,1.23656685054803e-05,3.66091496821251e-05,1.09559185578525e-05,-3.9929911781489e-17,5.7638133760437e-17,3.69766489999105e-19
"atlanticus",-0.0820599382913957,-0.070704969573946,-0.00780527612906858,-0.00162858698243826,0.0202522979635585,-0.00797679400863034,-0.018413369618676,-0.00958398560948774,-0.0142639691575657,-0.000258172126465305,-0.00133130328516202,-0.00387783940757046,0.00408855805800808,-0.00575016437831864,0.000471466097309927,0.00148530368384732,0.00119570470137733,-0.00151295802129073,-0.00169671580191837,0.000366681513317714,-0.00285333619753419,-0.000366769197317115,-0.00069114691025521,0.00158645009172751,0.00129818907991632,-0.00123213570843561,9.5982201158435e-05,0.00106754917409275,-0.00083501194319385,0.000289313776704256,0.000105173792368394,-0.00256741523485345,0.000232767575147417,-0.000980170641722722,0.000927720180968432,-0.000462339765295422,0.000196471412601576,0.000749003749975022,-0.00127606171222182,0.000667970897539753,0.000874333244142214,-0.000365580543704382,-0.0012550549192357,-0.000366427773225248,0.000547261467752332,0.00029822870072793,0.000736470672697121,-0.000868538984521318,0.000164448870648131,-0.000349471065202129,-1.3464771166285e-05,-0.000417458948794527,-0.00051702749674361,0.000417873892907069,0.000485540596154633,0.00029028672419954,-0.000368473442722797,-0.000291283057284918,4.12448139138394e-05,-0.000177873542941384,-6.68963207708564e-05,-2.55747511959342e-16,4.09923956085889e-17,3.6367981646342e-18
"ciliaris",-0.353858226227575,0.0711607139860873,0.00267172448614481,0.0243144605494933,0.0259124434041802,-0.00653797824097031,0.00534914434601955,-0.00493096866880303,-0.000665428290177873,0.00113297132152443,-0.00760064420365167,0.00578024448112805,0.00720461092742142,0.0129951604691204,-0.00178456339322956,-0.00232525201139511,0.0051606339021756,0.00414775343308266,0.00181199903124323,-0.00281169173141235,0.00115801899471916,-0.00127340251492295,-0.00130035674824599,0.0013670034559854,-0.00107607172483778,2.22070440795692e-05,0.0023059562520456,-0.00114136807096466,-0.00170602691017894,-0.00317234446897327,0.000420838934677531,-0.00174856458190249,-0.000470723169266139,0.00233553060005117,0.00201196484073933,0.000279715258545572,-0.000107692437534206,-0.000818448798418699,0.00139939952267479,-0.000487179485675154,-0.000580562783780547,0.00038068358106443,0.000893552035692202,0.000527897781979674,0.000667059334972167,-6.66736278265109e-05,-0.000673759165711305,0.000811655860689001,0.00116294312875198,4.70502734998328e-06,-2.73613065179579e-05,-0.000521553899909511,0.000160941641363144,3.22597905294695e-05,-9.10753368944157e-05,-5.74289146757118e-05,0.00016081173053566,-5.80059887674419e-05,-0.000249286270948816,0.00015291343614468,0.000119000183546753,-3.01538454759487e-17,-1.24516137029373e-17,1.13282867186374e-18
"ciliaris",-0.326564402874156,0.104730503591748,0.00647215483103527,0.0377091057278605,0.0141719853643793,-0.00205251260530156,-0.00707753754476912,-0.00366226730846351,-0.00984610745662965,0.00457293914829465,-0.0113602531910828,0.0112987673255061,0.000465018956173303,0.0116470467841933,0.00055914578202167,-0.00579939402496692,-0.00164378785385349,0.00717901851928842,-0.00179884701512701,-0.0084374124747646,0.00251175185072548,-0.00211729078123438,0.000685765128387313,0.00111540429863718,0.00324527732785324,0.00218190629882884,-0.00196841462399274,-0.000733365998227296,-0.00118913499375393,0.00287710611652524,0.00182400278850726,-0.00284794068098641,0.000896689073708224,0.00185478125147601,-0.00191334910736547,-0.00180582464223248,0.000761586423350166,-0.00235314958276022,0.000947946594006359,-0.0015513847887761,-0.000251419161958781,-0.00259218939212649,0.000831932111125456,0.000623785955598738,-0.000188523640094692,-0.000853078902296135,-0.000400702571969097,0.00128471321081029,-0.000247091736150156,0.000805210561186775,-0.000534306185710182,0.000932910634982692,0.00058544618158325,0.000612264399803724,0.000170963084837315,-0.000341039715613609,-0.000567044771914626,0.000566502773322066,-0.000225193067622746,-5.96092227207092e-07,0.000141174594974267,-2.70407490339424e-17,1.08780253812047e-16,-2.694793120106e-18
"ciliaris",-0.288889403261022,0.108088764566442,0.0250808757824679,0.0232977426376916,0.0135744734106386,-0.00332490027212271,0.00617101742757509,-0.00412643737671927,0.00391469662856696,0.011671448049098,-0.00756963338845503,0.00375739340098886,-0.00493038704051483,0.0157009629896825,0.00726963246192295,-0.002626901398022,-0.00345482323977287,0.00411990216432697,-0.00195618595952755,-0.00444582370066255,-6.40062368789123e-05,0.00373611890866976,0.00107822867731722,0.0041015682543254,-0.00104407947689937,0.000486796193589769,0.00120221160230149,0.00062400177321613,0.00134854165487976,0.000803819274248072,0.000535231218745056,8.04670495568939e-05,-0.000552237074324673,-4.37988096670823e-05,0.000368510979112361,0.00035450087475878,-0.00159652903002878,-0.00116005917881804,0.000385327514446103,-0.00077134301889617,0.000219085112220086,-0.00135601154520768,0.00043349335962802,-0.000679327608856817,0.000105792939201398,-0.000776432934828949,0.000823076855894379,-4.40036842582674e-05,0.000170638671095573,0.000227720114400878,8.04418166244715e-05,0.00060020544045314,-0.000196703437960618,0.000247097071405951,-0.000157648987590786,0.000199719332029919,0.000745968346114261,3.27450224360741e-05,-9.34943287261867e-05,-0.000183985269027109,0.000304927154020946,1.54268147838046e-16,5.1620342764795e-17,-2.37638696973224e-18
"peru",-0.229070617950168,-0.0155312322287118,-0.0561899453996918,0.0240257474710116,0.0398556861421546,0.00415965595020213,0.00603839280675185,0.0140498838833963,0.00658340313664283,-0.000447654261433581,-0.010218298886704,0.0101809232857808,0.0130032623879663,0.000725369947865509,-0.0120973243753147,0.00269923498142698,0.00475331908702406,0.00421106793834754,-0.00034302209812583,0.0104706085006342,-0.00156248887993051,0.00110890265276788,-0.00395355517817975,0.00564651290064955,-0.00179958320991889,-0.00126170719384904,-0.0053275840949431,0.00287361396113511,-0.0035869682282514,-0.00316582706861184,0.000983287100344756,-0.00647027764081488,0.00142830968532117,0.00432796861626114,-0.00281673727904967,-0.00249455667751786,0.000332240553804324,0.000331057877683743,-0.00208901741793398,0.00224545781667571,0.00251306605992948,-0.00181125427295215,0.00101265067340981,0.000110676176327467,-0.00184631070476078,0.000216509141667189,-0.000421973392514549,0.000866473855763937,0.000100243721220624,0.00020730927224332,0.000746603574097713,-0.00156690031738959,0.000203611966089586,-0.00117575349388226,-0.000851884632344086,0.000530058121909229,0.000980158235208858,0.000876588291321574,0.000285400376071779,0.000336795299156867,0.000355053326530662,7.22322827371311e-17,-4.08198445238773e-17,-2.90089593979605e-18
"peru",-0.244782281830361,-0.00316795017979688,-0.063273534114124,-0.00162787862335554,0.00158720233317177,0.0141148995730647,-0.0167764703179784,0.0139490774734742,0.017114435936701,-0.00931189305974504,-0.0124892713588265,0.0131435765671419,0.00102318175395614,-0.00317109304885757,-0.00953530078919641,-0.00154096774340664,-0.00116543950330782,0.000238434001858135,0.00729116979552853,0.00218478489159385,-0.00195305276032528,-0.00612737861917942,0.00206493082370704,-0.0037019270030594,-0.000776534825662323,0.00244621013886987,-0.00507419172672928,0.000494445149377313,-0.000344232732629439,-0.00159857111989884,-0.00124491771943232,-0.00153462961997053,0.000399356235118538,-0.0015271619651133,-0.000131546150325871,-0.000558850330773671,0.000915947751778103,0.000111543232157729,0.002035145488005,-6.71849277414148e-05,-0.00270550840382659,0.000210019476255749,0.00155760522769267,-1.44490816672959e-05,-0.000684867368763208,-0.000372811597561731,-0.000121985212261237,0.000481986072861121,-0.000684674170917563,-0.000260185034216992,0.000233715455087567,0.000615939871360871,0.000484665346848986,1.67389982673832e-05,0.000342786198257155,-0.000711980381295198,0.000279283276370002,0.000176623912746827,-0.000100300901711498,0.000216183912243036,-0.000255751358108086,2.16733138667335e-16,-1.7625887644386e-17,-5.86334525334187e-18
"peru",-0.170059899669335,0.015128003028716,-0.0350814533607031,0.0104839630276532,0.0262432134892738,0.00696426312386705,0.0115329596775422,0.0153927434648359,0.0251332169355796,0.0131909847326014,-0.00475826017468358,0.0149155856609195,-0.0102751504334309,0.00672339591180594,-0.00504905531824119,0.00213992511703037,-0.00073150892226377,0.000595571403914172,0.000778912418316356,0.00344338900814975,-0.00166886656351739,0.00168094799891502,-0.00435263635013142,0.00205659618117212,-6.05051367077199e-05,0.000779714563747948,-0.00270226921518061,0.00282649268687256,-7.13164763241713e-05,-2.14797671793244e-05,0.00060799571906682,-0.000748336040560645,0.000594378598768701,0.00033164689954861,0.000254432048383194,0.000455201549138618,9.46508351072764e-05,-0.000876899714607449,0.00100736430916488,0.00160522365242615,0.00135865702262827,-0.00195857669624991,-0.000370663211139753,-0.000276843020968949,-5.3613009832286e-05,0.000633813224129176,0.000504786994987237,0.0030571724694328,0.000597401339184972,0.000169610043987519,-0.00119411363740054,0.000652903752090097,0.000365278684230711,6.4627609752381e-05,-0.000122663771732504,2.72433421392026e-05,8.73520126010548e-06,-0.000187031296757029,5.7861270863204e-05,-9.38603234472734e-05,5.72692219693848e-05,-1.05125820278216e-16,8.80886317713441e-18,-7.48921010545892e-18
